ue_id,gnb,timestamp,tti,event,rnti,pdsch_nof_prb,pdsch_tbs,pdsch_mcs,pdsch_rv,pusch_rb_start,pusch_rb_len,pusch_tbs,pusch_mod,pusch_snr,pusch_proc_us,pucch_snr,pucch_cqi,pucch_f,phr_val,bsr_val
50,gnb1,2026-08-19T09:47:14.096991,342,PDSCH,0x2,3,11,2,0,,,,,,,,,,,
50,gnb1,2026-08-19T09:47:14.124993,344,BSR,0x46,,,,,,,,,,,,,,,0
50,gnb1,2026-08-19T09:47:14.249788,352,PUSCH,0x46,,,,,2,2,7,2,118.0,164,,,,,
50,gnb1,2026-08-19T09:47:14.278232,354,PDSCH,0x46,3,32,2,0,,,,,,,,,,,
50,gnb1,2026-08-19T09:47:14.384399,361,PUCCH_CQI,0x46,,,,,,,,,,,-inf,0,2,,
50,gnb1,2026-08-19T09:47:14.668659,380,BSR,0x46,,,,,,,,,,,,,,,0
50,gnb1,2026-08-19T09:47:14.794122,388,PHR,,,,,,,,,,,,,,,,
50,gnb1,2026-08-19T09:47:14.794123,388,PUSCH,0x46,,,,,2,44,157,2,109.0,706,,,,,
50,gnb1,2026-08-19T09:47:14.812484,389,PDSCH,0x46,3,7,2,0,,,,,,,,,,,
50,gnb1,2026-08-19T09:47:14.838238,391,PDSCH,0x46,6,51,2,0,,,,,,,,,,,
50,gnb1,2026-08-19T09:47:14.972811,400,BSR,0x46,,,,,,,,,,,,,,,0
50,gnb1,2026-08-19T09:47:14.988465,401,PUCCH_CQI,0x46,,,,,,,,,,,111.8,15,2,,
50,gnb1,2026-08-19T09:47:15.092323,408,PUSCH,0x46,,,,,2,8,517,4,111.4,292,,,,,
50,gnb1,2026-08-19T09:47:15.106890,409,PDSCH,0x46,3,7,2,0,,,,,,,,,,,
50,gnb1,2026-08-19T09:47:15.123220,410,PDSCH,0x46,3,41,2,0,,,,,,,,,,,
50,gnb1,2026-08-19T09:47:15.269000,420,BSR,0x46,,,,,,,,,,,,,,,0
50,gnb1,2026-08-19T09:47:15.403332,428,PUSCH,0x46,,,,,2,8,517,4,111.4,198,,,,,
50,gnb1,2026-08-19T09:47:15.418228,429,PDSCH,0x46,3,7,2,0,,,,,,,,,,,
50,gnb1,2026-08-19T09:47:15.435752,430,PDSCH,0x46,3,26,2,0,,,,,,,,,,,
50,gnb1,2026-08-19T09:47:15.589594,440,BSR,0x46,,,,,,,,,,,,,,,0
50,gnb1,2026-08-19T09:47:15.602849,441,PUCCH_CQI,0x46,,,,,,,,,,,111.8,15,2,,
50,gnb1,2026-08-19T09:47:15.710277,448,PUSCH,0x46,,,,,2,8,517,4,111.4,219,,,,,
50,gnb1,2026-08-19T09:47:15.710372,448,PHR,,,,,,,,,,,,,,,,
50,gnb1,2026-08-19T09:47:15.718758,449,PDSCH,0x46,3,7,2,0,,,,,,,,,,,
50,gnb1,2026-08-19T09:47:15.735659,450,PDSCH,0x46,3,18,2,0,,,,,,,,,,,
50,gnb1,2026-08-19T09:47:15.886359,460,BSR,0x46,,,,,,,,,,,,,,,0
50,gnb1,2026-08-19T09:47:16.012404,468,PUSCH,0x46,,,,,2,8,517,4,111.4,250,,,,,
50,gnb1,2026-08-19T09:47:16.028393,469,PDSCH,0x46,3,22,2,0,,,,,,,,,,,
50,gnb1,2026-08-19T09:47:16.190141,480,BSR,0x46,,,,,,,,,,,,,,,0
50,gnb1,2026-08-19T09:47:16.203584,481,PUCCH_CQI,0x46,,,,,,,,,,,111.8,15,2,,
50,gnb1,2026-08-19T09:47:16.308016,488,PUSCH,0x46,,,,,2,8,517,4,111.4,240,,,,,
50,gnb1,2026-08-19T09:47:16.324968,489,PDSCH,0x46,3,7,2,0,,,,,,,,,,,
50,gnb1,2026-08-19T09:47:16.344198,490,PDSCH,0x46,3,113,4,0,,,,,,,,,,,
50,gnb1,2026-08-19T09:47:16.497022,500,BSR,0x46,,,,,,,,,,,,,,,0
50,gnb1,2026-08-19T09:47:16.617570,508,PUSCH,0x46,,,,,2,8,517,4,111.4,184,,,,,
50,gnb1,2026-08-19T09:47:16.617607,508,PHR,,,,,,,,,,,,,,,,
50,gnb1,2026-08-19T09:47:16.630091,509,PDSCH,0x46,3,18,2,0,,,,,,,,,,,
50,gnb1,2026-08-19T09:47:16.802481,521,PUCCH_CQI,0x46,,,,,,,,,,,111.8,15,2,,
50,gnb1,2026-08-19T09:47:16.846004,524,PDSCH,0x46,3,73,4,0,,,,,,,,,,,
50,gnb1,2026-08-19T09:47:17.108550,540,BSR,0x46,,,,,,,,,,,,,,,0
50,gnb1,2026-08-19T09:47:17.244336,548,PUSCH,0x46,,,,,2,8,517,4,111.4,301,,,,,
50,gnb1,2026-08-19T09:47:17.438308,561,PUCCH_CQI,0x46,,,,,,,,,,,111.8,15,2,,
50,gnb1,2026-08-19T09:47:18.053003,601,PUCCH_CQI,0x46,,,,,,,,,,,111.8,15,2,,
50,gnb1,2026-08-19T09:47:18.658438,641,PUCCH_CQI,0x46,,,,,,,,,,,111.8,15,2,,
50,gnb1,2026-08-19T09:47:19.268855,681,PUCCH_CQI,0x46,,,,,,,,,,,111.8,15,2,,
50,gnb1,2026-08-19T09:47:19.892982,721,PUCCH_CQI,0x46,,,,,,,,,,,111.8,15,2,,
50,gnb1,2026-08-19T09:47:20.511153,761,PUCCH_CQI,0x46,,,,,,,,,,,111.8,15,2,,
50,gnb1,2026-08-19T09:47:21.102880,801,PUCCH_CQI,0x46,,,,,,,,,,,111.8,15,2,,
50,gnb1,2026-08-19T09:47:21.728006,841,PUCCH_CQI,0x46,,,,,,,,,,,111.8,15,2,,
50,gnb1,2026-08-19T09:47:22.352527,881,PUCCH_CQI,0x46,,,,,,,,,,,111.8,15,2,,
50,gnb1,2026-08-19T09:47:22.969038,921,PUCCH_CQI,0x46,,,,,,,,,,,111.8,15,2,,
50,gnb1,2026-08-19T09:47:23.614389,961,PUCCH_CQI,0x46,,,,,,,,,,,111.8,15,2,,
50,gnb1,2026-08-19T09:47:24.239021,1001,PUCCH_CQI,0x46,,,,,,,,,,,111.8,15,2,,
50,gnb1,2026-08-19T09:47:24.869582,1041,PUCCH_CQI,0x46,,,,,,,,,,,111.8,15,2,,
50,gnb1,2026-08-19T09:47:25.481425,1081,PUCCH_CQI,0x46,,,,,,,,,,,111.8,15,2,,
50,gnb1,2026-08-19T09:47:26.089814,1121,PUCCH_CQI,0x46,,,,,,,,,,,111.8,15,2,,
50,gnb1,2026-08-19T09:47:26.724829,1161,PUCCH_CQI,0x46,,,,,,,,,,,111.8,15,2,,
50,gnb1,2026-08-19T09:47:27.349106,1201,PUCCH_CQI,0x46,,,,,,,,,,,111.8,15,2,,
50,gnb1,2026-08-19T09:47:27.990169,1241,PUCCH_CQI,0x46,,,,,,,,,,,111.8,15,2,,
50,gnb1,2026-08-19T09:47:28.622244,1281,PUCCH_CQI,0x46,,,,,,,,,,,111.8,15,2,,
50,gnb1,2026-08-19T09:47:29.258552,1321,PUCCH_CQI,0x46,,,,,,,,,,,111.8,15,2,,
50,gnb1,2026-08-19T09:47:29.880952,1361,PUCCH_CQI,0x46,,,,,,,,,,,111.8,15,2,,
50,gnb1,2026-08-19T09:47:30.511440,1401,PUCCH_CQI,0x46,,,,,,,,,,,111.8,15,2,,
50,gnb1,2026-08-19T09:47:31.126965,1441,PUCCH_CQI,0x46,,,,,,,,,,,111.8,15,2,,
50,gnb1,2026-08-19T09:47:31.749907,1481,PUCCH_CQI,0x46,,,,,,,,,,,111.8,15,2,,
50,gnb1,2026-08-19T09:47:32.356649,1521,PUCCH_CQI,0x46,,,,,,,,,,,111.8,15,2,,
50,gnb1,2026-08-19T09:47:32.988029,1561,PUCCH_CQI,0x46,,,,,,,,,,,111.8,15,2,,
50,gnb1,2026-08-19T09:47:33.596519,1601,PUCCH_CQI,0x46,,,,,,,,,,,111.8,15,2,,
50,gnb1,2026-08-19T09:47:34.205455,1641,PUCCH_CQI,0x46,,,,,,,,,,,111.8,15,2,,
50,gnb1,2026-08-19T09:47:34.815856,1681,PUCCH_CQI,0x46,,,,,,,,,,,111.8,15,2,,
50,gnb1,2026-08-19T09:47:35.431986,1721,PUCCH_CQI,0x46,,,,,,,,,,,111.8,15,2,,
50,gnb1,2026-08-19T09:47:36.026886,1761,PUCCH_CQI,0x46,,,,,,,,,,,111.8,15,2,,
50,gnb1,2026-08-19T09:47:36.648940,1801,PUCCH_CQI,0x46,,,,,,,,,,,111.8,15,2,,
50,gnb1,2026-08-19T09:47:37.247652,1841,PUCCH_CQI,0x46,,,,,,,,,,,111.8,15,2,,
50,gnb1,2026-08-19T09:47:37.845606,1881,PUCCH_CQI,0x46,,,,,,,,,,,111.8,15,2,,
50,gnb1,2026-08-19T09:47:38.463299,1921,PUCCH_CQI,0x46,,,,,,,,,,,111.8,15,2,,
50,gnb1,2026-08-19T09:47:39.055785,1961,PUCCH_CQI,0x46,,,,,,,,,,,111.8,15,2,,
50,gnb1,2026-08-19T09:47:39.668630,2001,PUCCH_CQI,0x46,,,,,,,,,,,111.8,15,2,,
50,gnb1,2026-08-19T09:47:40.249922,2041,PUCCH_CQI,0x46,,,,,,,,,,,111.8,15,2,,
50,gnb1,2026-08-19T09:47:40.857464,2081,PUCCH_CQI,0x46,,,,,,,,,,,111.8,15,2,,
50,gnb1,2026-08-19T09:47:41.469254,2121,PUCCH_CQI,0x46,,,,,,,,,,,111.8,15,2,,
50,gnb1,2026-08-19T09:47:42.107734,2161,PUCCH_CQI,0x46,,,,,,,,,,,111.8,15,2,,
50,gnb1,2026-08-19T09:47:42.726172,2201,PUCCH_CQI,0x46,,,,,,,,,,,111.8,15,2,,
50,gnb1,2026-08-19T09:47:43.325458,2241,PUCCH_CQI,0x46,,,,,,,,,,,111.8,15,2,,
50,gnb1,2026-08-19T09:47:43.916833,2281,PUCCH_CQI,0x46,,,,,,,,,,,111.8,15,2,,
50,gnb1,2026-08-19T09:47:44.546416,2321,PUCCH_CQI,0x46,,,,,,,,,,,111.8,15,2,,
50,gnb1,2026-08-19T09:47:45.155307,2361,PUCCH_CQI,0x46,,,,,,,,,,,111.8,15,2,,
50,gnb1,2026-08-19T09:47:45.779914,2401,PUCCH_CQI,0x46,,,,,,,,,,,111.8,15,2,,
50,gnb1,2026-08-19T09:47:46.416980,2441,PUCCH_CQI,0x46,,,,,,,,,,,111.8,15,2,,
50,gnb1,2026-08-19T09:47:47.047883,2481,PUCCH_CQI,0x46,,,,,,,,,,,111.8,15,2,,
50,gnb1,2026-08-19T09:47:47.653722,2521,PUCCH_CQI,0x46,,,,,,,,,,,111.8,15,2,,
50,gnb1,2026-08-19T09:47:48.282132,2561,PUCCH_CQI,0x46,,,,,,,,,,,111.8,15,2,,
50,gnb1,2026-08-19T09:47:48.884615,2601,PUCCH_CQI,0x46,,,,,,,,,,,111.8,15,2,,
50,gnb1,2026-08-19T09:47:49.468586,2641,PUCCH_CQI,0x46,,,,,,,,,,,111.8,15,2,,
50,gnb1,2026-08-19T09:47:50.056882,2681,PUCCH_CQI,0x46,,,,,,,,,,,111.8,15,2,,
50,gnb1,2026-08-19T09:47:50.671481,2721,PUCCH_CQI,0x46,,,,,,,,,,,111.8,15,2,,
50,gnb1,2026-08-19T09:47:51.291731,2761,PUCCH_CQI,0x46,,,,,,,,,,,111.8,15,2,,
50,gnb1,2026-08-19T09:47:51.903009,2801,PUCCH_CQI,0x46,,,,,,,,,,,111.8,15,2,,
50,gnb1,2026-08-19T09:47:52.540034,2841,PUCCH_CQI,0x46,,,,,,,,,,,111.8,15,2,,
50,gnb1,2026-08-19T09:47:53.157573,2881,PUCCH_CQI,0x46,,,,,,,,,,,111.8,15,2,,
50,gnb1,2026-08-19T09:47:53.797837,2921,PUCCH_CQI,0x46,,,,,,,,,,,111.8,15,2,,
50,gnb1,2026-08-19T09:47:54.409594,2961,PUCCH_CQI,0x46,,,,,,,,,,,111.8,15,2,,
50,gnb1,2026-08-19T09:47:55.044218,3001,PUCCH_CQI,0x46,,,,,,,,,,,111.8,15,2,,
50,gnb1,2026-08-19T09:47:55.650707,3041,PUCCH_CQI,0x46,,,,,,,,,,,111.8,15,2,,
50,gnb1,2026-08-19T09:47:56.252670,3081,PUCCH_CQI,0x46,,,,,,,,,,,111.8,15,2,,
50,gnb1,2026-08-19T09:47:56.892444,3121,PUCCH_CQI,0x46,,,,,,,,,,,111.8,15,2,,
50,gnb1,2026-08-19T09:47:57.490256,3161,PUCCH_CQI,0x46,,,,,,,,,,,111.8,15,2,,
50,gnb1,2026-08-19T09:47:58.129745,3201,PUCCH_CQI,0x46,,,,,,,,,,,111.8,15,2,,
50,gnb1,2026-08-19T09:47:58.757735,3241,PUCCH_CQI,0x46,,,,,,,,,,,111.8,15,2,,
50,gnb1,2026-08-19T09:47:59.348167,3281,PUCCH_CQI,0x46,,,,,,,,,,,111.8,15,2,,
50,gnb1,2026-08-19T09:47:59.975597,3321,PUCCH_CQI,0x46,,,,,,,,,,,111.8,15,2,,
50,gnb1,2026-08-19T09:48:00.258194,3340,BSR,0x46,,,,,,,,,,,,,,,0
50,gnb1,2026-08-19T09:48:00.376963,3348,PUSCH,0x46,,,,,2,8,517,4,111.4,476,,,,,
50,gnb1,2026-08-19T09:48:00.377080,3348,PHR,,,,,,,,,,,,,,,,
50,gnb1,2026-08-19T09:48:00.386251,3349,PDSCH,0x46,3,85,4,0,,,,,,,,,,,
50,gnb1,2026-08-19T09:48:00.558300,3360,BSR,0x46,,,,,,,,,,,,,,,0
50,gnb1,2026-08-19T09:48:00.578413,3361,PUCCH_CQI,0x46,,,,,,,,,,,111.8,15,2,,
50,gnb1,2026-08-19T09:48:00.680697,3368,PUSCH,0x46,,,,,2,8,517,4,111.4,255,,,,,
50,gnb1,2026-08-19T09:48:00.695683,3369,PDSCH,0x46,3,121,6,0,,,,,,,,,,,
50,gnb1,2026-08-19T09:48:00.854042,3380,BSR,0x46,,,,,,,,,,,,,,,0
50,gnb1,2026-08-19T09:48:00.966627,3388,PUSCH,0x46,,,,,2,8,517,4,111.4,301,,,,,
50,gnb1,2026-08-19T09:48:01.013789,3391,PDSCH,0x46,3,63,4,0,,,,,,,,,,,
50,gnb1,2026-08-19T09:48:01.145284,3399,PDSCH,0x46,3,7,2,0,,,,,,,,,,,
50,gnb1,2026-08-19T09:48:01.164496,3400,BSR,0x46,,,,,,,,,,,,,,,0
50,gnb1,2026-08-19T09:48:01.180910,3401,PUCCH_CQI,0x46,,,,,,,,,,,111.8,15,2,,
50,gnb1,2026-08-19T09:48:01.290447,3408,PUSCH,0x46,,,,,2,8,517,4,111.4,160,,,,,
50,gnb1,2026-08-19T09:48:01.290453,3408,PHR,,,,,,,,,,,,,,,,
50,gnb1,2026-08-19T09:48:01.308138,3409,PDSCH,0x46,3,121,6,0,,,,,,,,,,,
50,gnb1,2026-08-19T09:48:01.473498,3420,BSR,0x46,,,,,,,,,,,,,,,0
50,gnb1,2026-08-19T09:48:01.592432,3428,PUSCH,0x46,,,,,2,8,517,4,111.4,188,,,,,
50,gnb1,2026-08-19T09:48:01.608213,3429,PDSCH,0x46,3,73,4,0,,,,,,,,,,,
50,gnb1,2026-08-19T09:48:01.775147,3440,BSR,0x46,,,,,,,,,,,,,,,0
50,gnb1,2026-08-19T09:48:01.791549,3441,PUCCH_CQI,0x46,,,,,,,,,,,111.8,15,2,,
50,gnb1,2026-08-19T09:48:01.887253,3448,PUSCH,0x46,,,,,2,8,517,4,111.4,215,,,,,
50,gnb1,2026-08-19T09:48:01.899722,3449,PDSCH,0x46,50,4587,6,0,,,,,,,,,,,
50,gnb1,2026-08-19T09:48:01.912626,3450,PDSCH,0x46,50,4587,6,0,,,,,,,,,,,
50,gnb1,2026-08-19T09:48:01.930937,3451,PDSCH,0x46,50,4587,6,0,,,,,,,,,,,
50,gnb1,2026-08-19T09:48:01.943379,3452,PDSCH,0x46,6,437,6,0,,,,,,,,,,,
50,gnb1,2026-08-19T09:48:02.072144,3460,BSR,0x46,,,,,,,,,,,,,,,0
50,gnb1,2026-08-19T09:48:02.196999,3468,PUSCH,0x46,,,,,2,8,517,4,111.4,291,,,,,
50,gnb1,2026-08-19T09:48:02.197083,3468,PHR,,,,,,,,,,,,,,,,
50,gnb1,2026-08-19T09:48:02.209266,3469,BSR,0x46,,,,,,,,,,,,,,,0
50,gnb1,2026-08-19T09:48:02.210005,3469,PDSCH,0x46,50,4587,6,0,,,,,,,,,,,
50,gnb1,2026-08-19T09:48:02.224261,3470,PDSCH,0x46,50,4587,6,0,,,,,,,,,,,
50,gnb1,2026-08-19T09:48:02.238910,3471,PDSCH,0x46,50,4587,6,0,,,,,,,,,,,
50,gnb1,2026-08-19T09:48:02.257155,3472,PDSCH,0x46,50,4587,6,0,,,,,,,,,,,
50,gnb1,2026-08-19T09:48:02.271287,3473,PDSCH,0x46,50,4587,6,0,,,,,,,,,,,
50,gnb1,2026-08-19T09:48:02.338694,3477,PUSCH,0x46,,,,,2,1,113,4,117.9,245,,,,,
50,gnb1,2026-08-19T09:48:02.338743,3477,BSR,0x46,,,,,,,,,,,,,,,0
50,gnb1,2026-08-19T09:48:02.358750,3478,PDSCH,0x46,50,4587,6,0,,,,,,,,,,,
50,gnb1,2026-08-19T09:48:02.370221,3479,PDSCH,0x46,15,1063,6,0,,,,,,,,,,,
50,gnb1,2026-08-19T09:48:02.387156,3480,BSR,0x46,,,,,,,,,,,,,,,0
50,gnb1,2026-08-19T09:48:02.402976,3481,PUCCH_CQI,0x46,,,,,,,,,,,111.8,15,2a,,
50,gnb1,2026-08-19T09:48:02.462070,3485,PUSCH,0x46,,,,,2,1,113,4,117.9,56,,,,,
50,gnb1,2026-08-19T09:48:02.475710,3486,BSR,0x46,,,,,,,,,,,,,,,0
50,gnb1,2026-08-19T09:48:02.500795,3488,PUSCH,0x46,,,,,2,7,437,4,114.2,235,,,,,
50,gnb1,2026-08-19T09:48:02.500853,3488,BSR,0x46,,,,,,,,,,,,,,,0
50,gnb1,2026-08-19T09:48:02.521251,3489,BSR,0x46,,,,,,,,,,,,,,,0
50,gnb1,2026-08-19T09:48:02.521839,3489,PDSCH,0x46,50,4587,6,0,,,,,,,,,,,
50,gnb1,2026-08-19T09:48:02.538294,3490,PDSCH,0x46,50,4587,6,0,,,,,,,,,,,
50,gnb1,2026-08-19T09:48:02.549721,3491,PDSCH,0x46,50,4587,6,0,,,,,,,,,,,
50,gnb1,2026-08-19T09:48:02.570275,3492,PDSCH,0x46,50,4587,6,0,,,,,,,,,,,
50,gnb1,2026-08-19T09:48:02.583883,3493,PDSCH,0x46,50,4587,6,0,,,,,,,,,,,
50,gnb1,2026-08-19T09:48:02.598709,3494,PUSCH,0x46,,,,,2,4,293,4,117.9,227,,,,,
50,gnb1,2026-08-19T09:48:02.598797,3494,BSR,0x46,,,,,,,,,,,,,,,0
50,gnb1,2026-08-19T09:48:02.599220,3494,PDSCH,0x46,30,2385,6,0,,,,,,,,,,,
50,gnb1,2026-08-19T09:48:02.610611,3495,BSR,0x46,,,,,,,,,,,,,,,0
50,gnb1,2026-08-19T09:48:02.611250,3495,PDSCH,0x46,50,4587,6,0,,,,,,,,,,,
50,gnb1,2026-08-19T09:48:02.627462,3496,PUSCH,0x46,,,,,2,7,437,4,114.2,184,,,,,
50,gnb1,2026-08-19T09:48:02.627570,3496,BSR,0x46,,,,,,,,,,,,,,,0
50,gnb1,2026-08-19T09:48:02.628172,3496,PDSCH,0x46,50,4587,6,0,,,,,,,,,,,
50,gnb1,2026-08-19T09:48:02.644267,3497,PUSCH,0x46,,,,,2,3,249,4,117.9,209,,,,,
50,gnb1,2026-08-19T09:48:02.644827,3497,PDSCH,0x46,50,4587,6,0,,,,,,,,,,,
50,gnb1,2026-08-19T09:48:02.659740,3498,PDSCH,0x46,50,4587,6,0,,,,,,,,,,,
50,gnb1,2026-08-19T09:48:02.681965,3499,PDSCH,0x46,50,4587,6,0,,,,,,,,,,,
50,gnb1,2026-08-19T09:48:02.700917,3500,PDSCH,0x46,50,4587,6,0,,,,,,,,,,,
50,gnb1,2026-08-19T09:48:02.734157,3502,PUSCH,0x46,,,,,2,4,293,4,117.9,159,,,,,
50,gnb1,2026-08-19T09:48:02.734770,3502,PDSCH,0x46,45,3422,6,0,,,,,,,,,,,
50,gnb1,2026-08-19T09:48:02.748951,3503,PUSCH,0x46,,,,,2,3,249,4,117.9,106,,,,,
50,gnb1,2026-08-19T09:48:02.749507,3503,PDSCH,0x46,50,4587,6,0,,,,,,,,,,,
50,gnb1,2026-08-19T09:48:02.765500,3504,PUSCH,0x46,,,,,2,7,437,4,114.3,189,,,,,
50,gnb1,2026-08-19T09:48:02.765593,3504,BSR,0x46,,,,,,,,,,,,,,,0
50,gnb1,2026-08-19T09:48:02.766180,3504,PDSCH,0x46,50,4587,6,0,,,,,,,,,,,
50,gnb1,2026-08-19T09:48:02.780878,3505,BSR,0x46,,,,,,,,,,,,,,,0
50,gnb1,2026-08-19T09:48:02.781433,3505,PDSCH,0x46,50,4587,6,0,,,,,,,,,,,
50,gnb1,2026-08-19T09:48:02.794914,3506,PDSCH,0x46,50,4587,6,0,,,,,,,,,,,
50,gnb1,2026-08-19T09:48:02.809473,3507,PDSCH,0x46,50,4587,6,0,,,,,,,,,,,
50,gnb1,2026-08-19T09:48:02.825290,3508,PDSCH,0x46,50,4587,6,0,,,,,,,,,,,
50,gnb1,2026-08-19T09:48:02.838696,3509,PDSCH,0x46,50,4587,6,0,,,,,,,,,,,
50,gnb1,2026-08-19T09:48:02.852248,3510,PDSCH,0x46,50,4587,6,0,,,,,,,,,,,
50,gnb1,2026-08-19T09:48:02.866550,3511,PDSCH,0x46,50,4587,6,0,,,,,,,,,,,
50,gnb1,2026-08-19T09:48:02.886014,3512,PUSCH,0x46,,,,,2,8,573,4,111.4,297,,,,,
50,gnb1,2026-08-19T09:48:02.886137,3512,BSR,0x46,,,,,,,,,,,,,,,0
50,gnb1,2026-08-19T09:48:02.886892,3512,PDSCH,0x46,50,4587,6,0,,,,,,,,,,,
50,gnb1,2026-08-19T09:48:02.902280,3513,PUSCH,0x46,,,,,2,3,233,4,117.9,127,,,,,
50,gnb1,2026-08-19T09:48:02.902342,3513,BSR,0x46,,,,,,,,,,,,,,,0
50,gnb1,2026-08-19T09:48:02.902885,3513,PDSCH,0x46,50,4587,6,0,,,,,,,,,,,
50,gnb1,2026-08-19T09:48:02.915744,3514,BSR,0x46,,,,,,,,,,,,,,,0
50,gnb1,2026-08-19T09:48:02.916399,3514,PDSCH,0x46,50,4587,6,0,,,,,,,,,,,
50,gnb1,2026-08-19T09:48:02.933039,3515,PDSCH,0x46,50,4587,6,0,,,,,,,,,,,
50,gnb1,2026-08-19T09:48:02.950393,3516,PDSCH,0x46,50,4587,6,0,,,,,,,,,,,
50,gnb1,2026-08-19T09:48:02.967235,3517,PDSCH,0x46,50,4587,6,0,,,,,,,,,,,
50,gnb1,2026-08-19T09:48:02.979975,3518,PDSCH,0x46,50,4587,6,0,,,,,,,,,,,
50,gnb1,2026-08-19T09:48:02.993426,3519,PDSCH,0x46,50,4587,6,0,,,,,,,,,,,
50,gnb1,2026-08-19T09:48:03.009913,3520,PUSCH,0x46,,,,,2,8,573,4,111.4,233,,,,,
50,gnb1,2026-08-19T09:48:03.009998,3520,BSR,0x46,,,,,,,,,,,,,,,0
50,gnb1,2026-08-19T09:48:03.010009,3520,PHR,,,,,,,,,,,,,,,,
50,gnb1,2026-08-19T09:48:03.010517,3520,PDSCH,0x46,50,4587,6,0,,,,,,,,,,,
50,gnb1,2026-08-19T09:48:03.027010,3521,PUSCH,0x46,,,,,10,7,501,4,104.5,328,,,,,
50,gnb1,2026-08-19T09:48:03.027089,3521,BSR,0x46,,,,,,,,,,,,,,,0
50,gnb1,2026-08-19T09:48:03.027719,3521,PDSCH,0x46,47,4395,6,0,,,,,,,,,,,
50,gnb1,2026-08-19T09:48:03.039778,3522,PUSCH,0x46,,,,,2,3,233,4,117.9,158,,,,,
50,gnb1,2026-08-19T09:48:03.040354,3522,PDSCH,0x46,50,4587,6,0,,,,,,,,,,,
50,gnb1,2026-08-19T09:48:03.058597,3523,BSR,0x46,,,,,,,,,,,,,,,0
50,gnb1,2026-08-19T09:48:03.059160,3523,PDSCH,0x46,50,4587,6,0,,,,,,,,,,,
50,gnb1,2026-08-19T09:48:03.074895,3524,PDSCH,0x46,50,4587,6,0,,,,,,,,,,,
50,gnb1,2026-08-19T09:48:03.090018,3525,PDSCH,0x46,47,4395,6,0,,,,,,,,,,,
50,gnb1,2026-08-19T09:48:03.109073,3526,PDSCH,0x46,50,4587,6,0,,,,,,,,,,,
50,gnb1,2026-08-19T09:48:03.124389,3527,PDSCH,0x46,50,4587,6,0,,,,,,,,,,,
50,gnb1,2026-08-19T09:48:03.138670,3528,PUSCH,0x46,,,,,2,8,573,4,111.4,280,,,,,
50,gnb1,2026-08-19T09:48:03.138755,3528,BSR,0x46,,,,,,,,,,,,,,,0
50,gnb1,2026-08-19T09:48:03.139401,3528,PDSCH,0x46,50,4587,6,0,,,,,,,,,,,
50,gnb1,2026-08-19T09:48:03.153285,3529,PUSCH,0x46,,,,,2,14,807,4,107.4,456,,,,,
50,gnb1,2026-08-19T09:48:03.153347,3529,BSR,0x46,,,,,,,,,,,,,,,0
50,gnb1,2026-08-19T09:48:03.153969,3529,PDSCH,0x46,50,4587,6,0,,,,,,,,,,,
50,gnb1,2026-08-19T09:48:03.169500,3530,PDSCH,0x46,50,4587,6,0,,,,,,,,,,,
50,gnb1,2026-08-19T09:48:03.185569,3531,PUSCH,0x46,,,,,2,0,13,2,117.7,113,,,,,
50,gnb1,2026-08-19T09:48:03.186135,3531,PDSCH,0x46,50,4587,6,0,,,,,,,,,,,
50,gnb1,2026-08-19T09:48:03.197837,3532,BSR,0x46,,,,,,,,,,,,,,,0
50,gnb1,2026-08-19T09:48:03.198548,3532,PDSCH,0x46,50,4587,6,0,,,,,,,,,,,
50,gnb1,2026-08-19T09:48:03.211712,3533,PDSCH,0x46,50,4587,6,0,,,,,,,,,,,
50,gnb1,2026-08-19T09:48:03.227282,3534,PDSCH,0x46,50,4587,6,0,,,,,,,,,,,
50,gnb1,2026-08-19T09:48:03.262306,3536,PUSCH,0x46,,,,,2,8,573,4,111.4,273,,,,,
50,gnb1,2026-08-19T09:48:03.262425,3536,BSR,0x46,,,,,,,,,,,,,,,0
50,gnb1,2026-08-19T09:48:03.262988,3536,PDSCH,0x46,33,2577,6,0,,,,,,,,,,,
50,gnb1,2026-08-19T09:48:03.277272,3537,PUSCH,0x46,,,,,2,24,1572,4,106.6,645,,,,,
50,gnb1,2026-08-19T09:48:03.277365,3537,BSR,0x46,,,,,,,,,,,,,,,0
50,gnb1,2026-08-19T09:48:03.277999,3537,PDSCH,0x46,50,4587,6,0,,,,,,,,,,,
50,gnb1,2026-08-19T09:48:03.291056,3538,BSR,0x46,,,,,,,,,,,,,,,0
50,gnb1,2026-08-19T09:48:03.291743,3538,PDSCH,0x46,50,4587,6,0,,,,,,,,,,,
50,gnb1,2026-08-19T09:48:03.309261,3539,PDSCH,0x46,50,4587,6,0,,,,,,,,,,,
50,gnb1,2026-08-19T09:48:03.319193,3540,PUSCH,0x46,,,,,2,3,249,4,117.9,233,,,,,
50,gnb1,2026-08-19T09:48:03.319302,3540,BSR,0x46,,,,,,,,,,,,,,,0
50,gnb1,2026-08-19T09:48:03.319827,3540,PDSCH,0x46,50,4587,6,0,,,,,,,,,,,
50,gnb1,2026-08-19T09:48:03.336045,3541,BSR,0x46,,,,,,,,,,,,,,,0
50,gnb1,2026-08-19T09:48:03.336544,3541,PDSCH,0x46,47,4395,6,0,,,,,,,,,,,
50,gnb1,2026-08-19T09:48:03.352818,3542,PDSCH,0x46,50,4587,6,0,,,,,,,,,,,
50,gnb1,2026-08-19T09:48:03.368709,3543,PDSCH,0x46,50,4587,6,0,,,,,,,,,,,
50,gnb1,2026-08-19T09:48:03.379961,3544,PUSCH,0x46,,,,,2,8,573,4,111.4,275,,,,,
50,gnb1,2026-08-19T09:48:03.380085,3544,BSR,0x46,,,,,,,,,,,,,,,0
50,gnb1,2026-08-19T09:48:03.380926,3544,PDSCH,0x46,50,4587,6,0,,,,,,,,,,,
50,gnb1,2026-08-19T09:48:03.394703,3545,PUSCH,0x46,,,,,2,29,1908,4,107.3,813,,,,,
50,gnb1,2026-08-19T09:48:03.394778,3545,BSR,0x46,,,,,,,,,,,,,,,0
50,gnb1,2026-08-19T09:48:03.395404,3545,PDSCH,0x46,50,4587,6,0,,,,,,,,,,,
50,gnb1,2026-08-19T09:48:03.413133,3546,PUSCH,0x46,,,,,2,2,173,4,117.9,195,,,,,
50,gnb1,2026-08-19T09:48:03.413759,3546,PDSCH,0x46,50,4587,6,0,,,,,,,,,,,
50,gnb1,2026-08-19T09:48:03.426784,3547,PDSCH,0x46,50,4587,6,0,,,,,,,,,,,
50,gnb1,2026-08-19T09:48:03.441497,3548,PUSCH,0x46,,,,,2,4,249,4,117.9,150,,,,,
50,gnb1,2026-08-19T09:48:03.442125,3548,PDSCH,0x46,50,4587,6,0,,,,,,,,,,,
50,gnb1,2026-08-19T09:48:03.457803,3549,PUSCH,0x46,,,,,2,4,269,4,118.0,187,,,,,
50,gnb1,2026-08-19T09:48:03.458388,3549,PDSCH,0x46,50,4587,6,0,,,,,,,,,,,
50,gnb1,2026-08-19T09:48:03.472172,3550,PDSCH,0x46,50,4587,6,0,,,,,,,,,,,
50,gnb1,2026-08-19T09:48:03.494373,3551,PDSCH,0x46,50,4587,6,0,,,,,,,,,,,
50,gnb1,2026-08-19T09:48:03.514690,3552,PUSCH,0x46,,,,,2,8,573,4,111.4,202,,,,,
50,gnb1,2026-08-19T09:48:03.515339,3552,PDSCH,0x46,50,4587,6,0,,,,,,,,,,,
50,gnb1,2026-08-19T09:48:03.534186,3553,PUSCH,0x46,,,,,2,35,2292,4,108.1,831,,,,,
50,gnb1,2026-08-19T09:48:03.534804,3553,PDSCH,0x46,50,4587,6,0,,,,,,,,,,,
50,gnb1,2026-08-19T09:48:03.549764,3554,PDSCH,0x46,50,4587,6,0,,,,,,,,,,,
50,gnb1,2026-08-19T09:48:03.569164,3555,PDSCH,0x46,50,4587,6,0,,,,,,,,,,,
50,gnb1,2026-08-19T09:48:03.585824,3556,PDSCH,0x46,50,4587,6,0,,,,,,,,,,,
50,gnb1,2026-08-19T09:48:03.602094,3557,PDSCH,0x46,50,4587,6,0,,,,,,,,,,,
50,gnb1,2026-08-19T09:48:03.618044,3558,PDSCH,0x46,50,4587,6,0,,,,,,,,,,,
50,gnb1,2026-08-19T09:48:03.630605,3559,PDSCH,0x46,50,4587,6,0,,,,,,,,,,,
50,gnb1,2026-08-19T09:48:03.646873,3560,BSR,0x46,,,,,,,,,,,,,,,0
50,gnb1,2026-08-19T09:48:03.647462,3560,PDSCH,0x46,50,4587,6,0,,,,,,,,,,,
50,gnb1,2026-08-19T09:48:03.662776,3561,PUCCH_CQI,0x46,,,,,,,,,,,111.8,15,2a,,
50,gnb1,2026-08-19T09:48:03.663518,3561,PDSCH,0x46,47,4395,6,0,,,,,,,,,,,
50,gnb1,2026-08-19T09:48:03.680398,3562,PDSCH,0x46,50,4587,6,0,,,,,,,,,,,
50,gnb1,2026-08-19T09:48:03.695328,3563,PDSCH,0x46,50,4587,6,0,,,,,,,,,,,
50,gnb1,2026-08-19T09:48:03.713954,3564,PDSCH,0x46,50,4587,6,0,,,,,,,,,,,
50,gnb1,2026-08-19T09:48:03.728502,3565,PDSCH,0x46,50,4587,6,0,,,,,,,,,,,
50,gnb1,2026-08-19T09:48:03.738896,3566,PDSCH,0x46,50,4587,6,0,,,,,,,,,,,
50,gnb1,2026-08-19T09:48:03.754765,3567,PDSCH,0x46,50,4587,6,0,,,,,,,,,,,
50,gnb1,2026-08-19T09:48:03.772432,3568,PUSCH,0x46,,,,,2,8,517,4,111.4,393,,,,,
50,gnb1,2026-08-19T09:48:03.773099,3568,PDSCH,0x46,50,4587,6,0,,,,,,,,,,,
50,gnb1,2026-08-19T09:48:03.789933,3569,BSR,0x46,,,,,,,,,,,,,,,0
50,gnb1,2026-08-19T09:48:03.790499,3569,PDSCH,0x46,50,4587,6,0,,,,,,,,,,,
50,gnb1,2026-08-19T09:48:03.805036,3570,PDSCH,0x46,50,4587,6,0,,,,,,,,,,,
50,gnb1,2026-08-19T09:48:03.820723,3571,PDSCH,0x46,50,4587,6,0,,,,,,,,,,,
50,gnb1,2026-08-19T09:48:03.838659,3572,PDSCH,0x46,50,4587,6,0,,,,,,,,,,,
50,gnb1,2026-08-19T09:48:03.851042,3573,PDSCH,0x46,50,4587,6,0,,,,,,,,,,,
50,gnb1,2026-08-19T09:48:03.866355,3574,PDSCH,0x46,50,4587,6,0,,,,,,,,,,,
50,gnb1,2026-08-19T09:48:03.884608,3575,PDSCH,0x46,50,4587,6,0,,,,,,,,,,,
50,gnb1,2026-08-19T09:48:03.901937,3576,PDSCH,0x46,50,4587,6,0,,,,,,,,,,,
50,gnb1,2026-08-19T09:48:03.918804,3577,PUSCH,0x46,,,,,2,24,1572,4,106.6,764,,,,,
50,gnb1,2026-08-19T09:48:03.918849,3577,PHR,,,,,,,,,,,,,,,,
50,gnb1,2026-08-19T09:48:03.918929,3577,BSR,0x46,,,,,,,,,,,,,,,0
50,gnb1,2026-08-19T09:48:03.919665,3577,PDSCH,0x46,50,4587,6,0,,,,,,,,,,,
50,gnb1,2026-08-19T09:48:03.933449,3578,BSR,0x46,,,,,,,,,,,,,,,0
50,gnb1,2026-08-19T09:48:03.933949,3578,PDSCH,0x46,50,4587,6,0,,,,,,,,,,,
50,gnb1,2026-08-19T09:48:03.955340,3579,PDSCH,0x46,50,4587,6,0,,,,,,,,,,,
50,gnb1,2026-08-19T09:48:03.973064,3580,PDSCH,0x46,50,4587,6,0,,,,,,,,,,,
50,gnb1,2026-08-19T09:48:03.989059,3581,PDSCH,0x46,47,4395,6,0,,,,,,,,,,,
50,gnb1,2026-08-19T09:48:04.005664,3582,PDSCH,0x46,50,4587,6,0,,,,,,,,,,,
50,gnb1,2026-08-19T09:48:04.020969,3583,PDSCH,0x46,50,4587,6,0,,,,,,,,,,,
50,gnb1,2026-08-19T09:48:04.032974,3584,PDSCH,0x46,50,4587,6,0,,,,,,,,,,,
50,gnb1,2026-08-19T09:48:04.048015,3585,PUSCH,0x46,,,,,2,24,1572,4,106.5,558,,,,,
50,gnb1,2026-08-19T09:48:04.048091,3585,BSR,0x46,,,,,,,,,,,,,,,0
50,gnb1,2026-08-19T09:48:04.048708,3585,PDSCH,0x46,50,4587,6,0,,,,,,,,,,,
50,gnb1,2026-08-19T09:48:04.064953,3586,PUSCH,0x46,,,,,2,3,249,4,117.9,164,,,,,
50,gnb1,2026-08-19T09:48:04.065054,3586,BSR,0x46,,,,,,,,,,,,,,,0
50,gnb1,2026-08-19T09:48:04.065713,3586,PDSCH,0x46,50,4587,6,0,,,,,,,,,,,
50,gnb1,2026-08-19T09:48:04.079388,3587,BSR,0x46,,,,,,,,,,,,,,,0
50,gnb1,2026-08-19T09:48:04.079943,3587,PDSCH,0x46,50,4587,6,0,,,,,,,,,,,
50,gnb1,2026-08-19T09:48:04.091317,3588,PDSCH,0x46,50,4587,6,0,,,,,,,,,,,
50,gnb1,2026-08-19T09:48:04.104456,3589,PDSCH,0x46,18,1383,6,0,,,,,,,,,,,
50,gnb1,2026-08-19T09:48:04.167317,3593,PUSCH,0x46,,,,,2,24,1572,4,106.5,622,,,,,
50,gnb1,2026-08-19T09:48:04.167399,3593,BSR,0x46,,,,,,,,,,,,,,,0
50,gnb1,2026-08-19T09:48:04.185573,3594,PUSCH,0x46,,,,,2,23,1383,4,106.4,671,,,,,
50,gnb1,2026-08-19T09:48:04.185698,3594,BSR,0x46,,,,,,,,,,,,,,,0
50,gnb1,2026-08-19T09:48:04.186386,3594,PDSCH,0x46,50,4587,6,0,,,,,,,,,,,
50,gnb1,2026-08-19T09:48:04.203318,3595,PUSCH,0x46,,,,,2,7,469,4,114.2,226,,,,,
50,gnb1,2026-08-19T09:48:04.203430,3595,BSR,0x46,,,,,,,,,,,,,,,0
50,gnb1,2026-08-19T09:48:04.204067,3595,PDSCH,0x46,50,4587,6,0,,,,,,,,,,,
50,gnb1,2026-08-19T09:48:04.217842,3596,BSR,0x46,,,,,,,,,,,,,,,0
50,gnb1,2026-08-19T09:48:04.218441,3596,PDSCH,0x46,50,4587,6,0,,,,,,,,,,,
50,gnb1,2026-08-19T09:48:04.236180,3597,PDSCH,0x46,50,4587,6,0,,,,,,,,,,,
50,gnb1,2026-08-19T09:48:04.252418,3598,PDSCH,0x46,50,4587,6,0,,,,,,,,,,,
50,gnb1,2026-08-19T09:48:04.265083,3599,PDSCH,0x46,50,4587,6,0,,,,,,,,,,,
50,gnb1,2026-08-19T09:48:04.280638,3600,PDSCH,0x46,50,4587,6,0,,,,,,,,,,,
50,gnb1,2026-08-19T09:48:04.297851,3601,PUSCH,0x46,,,,,10,24,1572,4,106.7,531,,,,,
50,gnb1,2026-08-19T09:48:04.297935,3601,BSR,0x46,,,,,,,,,,,,,,,0
50,gnb1,2026-08-19T09:48:04.298445,3601,PDSCH,0x46,47,4395,6,0,,,,,,,,,,,
50,gnb1,2026-08-19T09:48:04.316930,3602,PUSCH,0x46,,,,,2,26,1692,4,106.9,583,,,,,
50,gnb1,2026-08-19T09:48:04.317549,3602,PDSCH,0x46,50,4587,6,0,,,,,,,,,,,
50,gnb1,2026-08-19T09:48:04.336188,3603,PUSCH,0x46,,,,,2,11,693,4,108.5,298,,,,,
50,gnb1,2026-08-19T09:48:04.336841,3603,PDSCH,0x46,50,4587,6,0,,,,,,,,,,,
50,gnb1,2026-08-19T09:48:04.351891,3604,PUSCH,0x46,,,,,2,3,233,4,117.9,128,,,,,
50,gnb1,2026-08-19T09:48:04.352474,3604,PDSCH,0x46,50,4587,6,0,,,,,,,,,,,
50,gnb1,2026-08-19T09:48:04.368228,3605,PDSCH,0x46,50,4587,6,0,,,,,,,,,,,
50,gnb1,2026-08-19T09:48:04.381548,3606,PDSCH,0x46,50,4587,6,0,,,,,,,,,,,
50,gnb1,2026-08-19T09:48:04.396361,3607,PDSCH,0x46,50,4587,6,0,,,,,,,,,,,
50,gnb1,2026-08-19T09:48:04.410776,3608,PDSCH,0x46,50,4587,6,0,,,,,,,,,,,
50,gnb1,2026-08-19T09:48:04.427949,3609,PUSCH,0x46,,,,,2,24,1572,4,106.6,482,,,,,
50,gnb1,2026-08-19T09:48:04.428576,3609,PDSCH,0x46,50,4587,6,0,,,,,,,,,,,
50,gnb1,2026-08-19T09:48:04.445217,3610,PDSCH,0x46,50,4587,6,0,,,,,,,,,,,
50,gnb1,2026-08-19T09:48:04.457203,3611,PDSCH,0x46,50,4587,6,0,,,,,,,,,,,
50,gnb1,2026-08-19T09:48:04.473551,3612,PDSCH,0x46,50,4587,6,0,,,,,,,,,,,
50,gnb1,2026-08-19T09:48:04.486422,3613,PDSCH,0x46,50,4587,6,0,,,,,,,,,,,
50,gnb1,2026-08-19T09:48:04.503978,3614,PDSCH,0x46,50,4587,6,0,,,,,,,,,,,
50,gnb1,2026-08-19T09:48:04.522060,3615,PDSCH,0x46,50,4587,6,0,,,,,,,,,,,
50,gnb1,2026-08-19T09:48:04.541462,3616,PDSCH,0x46,50,4587,6,0,,,,,,,,,,,
50,gnb1,2026-08-19T09:48:04.559075,3617,PDSCH,0x46,50,4587,6,0,,,,,,,,,,,
50,gnb1,2026-08-19T09:48:04.577016,3618,PDSCH,0x46,50,4587,6,0,,,,,,,,,,,
50,gnb1,2026-08-19T09:48:04.597664,3619,PDSCH,0x46,50,4587,6,0,,,,,,,,,,,
50,gnb1,2026-08-19T09:48:04.618332,3620,BSR,0x46,,,,,,,,,,,,,,,0
50,gnb1,2026-08-19T09:48:04.619036,3620,PDSCH,0x46,50,4587,6,0,,,,,,,,,,,
50,gnb1,2026-08-19T09:48:04.636999,3621,PDSCH,0x46,47,4395,6,0,,,,,,,,,,,
50,gnb1,2026-08-19T09:48:04.657992,3622,PDSCH,0x46,50,4587,6,0,,,,,,,,,,,
50,gnb1,2026-08-19T09:48:04.674491,3623,PDSCH,0x46,50,4587,6,0,,,,,,,,,,,
50,gnb1,2026-08-19T09:48:04.690612,3624,PDSCH,0x46,50,4587,6,0,,,,,,,,,,,
50,gnb1,2026-08-19T09:48:04.707690,3625,PDSCH,0x46,50,4587,6,0,,,,,,,,,,,
50,gnb1,2026-08-19T09:48:04.720209,3626,PDSCH,0x46,50,4587,6,0,,,,,,,,,,,
50,gnb1,2026-08-19T09:48:04.738070,3627,PDSCH,0x46,50,4587,6,0,,,,,,,,,,,
50,gnb1,2026-08-19T09:48:04.755311,3628,PUSCH,0x46,,,,,2,8,517,4,111.4,345,,,,,
50,gnb1,2026-08-19T09:48:04.755375,3628,PHR,,,,,,,,,,,,,,,,
50,gnb1,2026-08-19T09:48:04.755951,3628,PDSCH,0x46,50,4587,6,0,,,,,,,,,,,
50,gnb1,2026-08-19T09:48:04.773156,3629,BSR,0x46,,,,,,,,,,,,,,,0
50,gnb1,2026-08-19T09:48:04.773763,3629,PDSCH,0x46,50,4587,6,0,,,,,,,,,,,
50,gnb1,2026-08-19T09:48:04.795149,3630,PDSCH,0x46,50,4587,6,0,,,,,,,,,,,
50,gnb1,2026-08-19T09:48:04.810752,3631,PDSCH,0x46,50,4587,6,0,,,,,,,,,,,
50,gnb1,2026-08-19T09:48:04.827028,3632,PDSCH,0x46,50,4587,6,0,,,,,,,,,,,
50,gnb1,2026-08-19T09:48:04.842590,3633,PDSCH,0x46,50,4587,6,0,,,,,,,,,,,
50,gnb1,2026-08-19T09:48:04.861705,3634,PDSCH,0x46,50,4587,6,0,,,,,,,,,,,
50,gnb1,2026-08-19T09:48:04.878601,3635,PDSCH,0x46,50,4587,6,0,,,,,,,,,,,
50,gnb1,2026-08-19T09:48:04.895606,3636,PDSCH,0x46,50,4587,6,0,,,,,,,,,,,
50,gnb1,2026-08-19T09:48:04.907635,3637,PUSCH,0x46,,,,,2,23,1383,4,106.4,569,,,,,
50,gnb1,2026-08-19T09:48:04.907721,3637,BSR,0x46,,,,,,,,,,,,,,,0
50,gnb1,2026-08-19T09:48:04.908268,3637,PDSCH,0x46,36,2769,6,0,,,,,,,,,,,
50,gnb1,2026-08-19T09:48:04.923610,3638,BSR,0x46,,,,,,,,,,,,,,,0
50,gnb1,2026-08-19T09:48:04.982072,3641,PUCCH_CQI,0x46,,,,,,,,,,,111.8,15,2a,,
50,gnb1,2026-08-19T09:48:05.053805,3645,PUSCH,0x46,,,,,2,23,1383,4,106.4,486,,,,,
50,gnb1,2026-08-19T09:48:05.053857,3645,BSR,0x46,,,,,,,,,,,,,,,0
50,gnb1,2026-08-19T09:48:05.067337,3646,PUSCH,0x46,,,,,2,14,749,4,107.4,393,,,,,
50,gnb1,2026-08-19T09:48:05.067427,3646,BSR,0x46,,,,,,,,,,,,,,,0
50,gnb1,2026-08-19T09:48:05.068069,3646,PDSCH,0x46,50,4587,6,0,,,,,,,,,,,
50,gnb1,2026-08-19T09:48:05.083252,3647,BSR,0x46,,,,,,,,,,,,,,,0
50,gnb1,2026-08-19T09:48:05.083745,3647,PDSCH,0x46,50,4587,6,0,,,,,,,,,,,
50,gnb1,2026-08-19T09:48:05.100729,3648,PDSCH,0x46,50,4587,6,0,,,,,,,,,,,
50,gnb1,2026-08-19T09:48:05.119311,3649,PDSCH,0x46,50,4587,6,0,,,,,,,,,,,
50,gnb1,2026-08-19T09:48:05.137046,3650,PDSCH,0x46,50,4587,6,0,,,,,,,,,,,
50,gnb1,2026-08-19T09:48:05.158724,3651,PDSCH,0x46,50,4587,6,0,,,,,,,,,,,
50,gnb1,2026-08-19T09:48:05.180087,3652,PDSCH,0x46,50,4587,6,0,,,,,,,,,,,
50,gnb1,2026-08-19T09:48:05.202754,3653,PUSCH,0x46,,,,,2,23,1383,4,106.4,605,,,,,
50,gnb1,2026-08-19T09:48:05.202848,3653,BSR,0x46,,,,,,,,,,,,,,,0
50,gnb1,2026-08-19T09:48:05.203433,3653,PDSCH,0x46,50,4587,6,0,,,,,,,,,,,
50,gnb1,2026-08-19T09:48:05.222831,3654,PUSCH,0x46,,,,,2,15,1063,4,107.2,431,,,,,
50,gnb1,2026-08-19T09:48:05.223478,3654,PDSCH,0x46,50,4587,6,0,,,,,,,,,,,
50,gnb1,2026-08-19T09:48:05.241628,3655,PUSCH,0x46,,,,,2,3,217,4,117.9,164,,,,,
50,gnb1,2026-08-19T09:48:05.242310,3655,PDSCH,0x46,50,4587,6,0,,,,,,,,,,,
50,gnb1,2026-08-19T09:48:05.264898,3656,PDSCH,0x46,50,4587,6,0,,,,,,,,,,,
50,gnb1,2026-08-19T09:48:05.287937,3657,PDSCH,0x46,50,4587,6,0,,,,,,,,,,,
50,gnb1,2026-08-19T09:48:05.311581,3658,PDSCH,0x46,50,4587,6,0,,,,,,,,,,,
50,gnb1,2026-08-19T09:48:05.334393,3659,PDSCH,0x46,50,4587,6,0,,,,,,,,,,,
50,gnb1,2026-08-19T09:48:05.350416,3660,PDSCH,0x46,50,4587,6,0,,,,,,,,,,,
50,gnb1,2026-08-19T09:48:05.367659,3661,PUSCH,0x46,,,,,10,23,1383,4,106.6,746,,,,,
50,gnb1,2026-08-19T09:48:05.367764,3661,BSR,0x46,,,,,,,,,,,,,,,0
50,gnb1,2026-08-19T09:48:05.368288,3661,PDSCH,0x46,47,4395,6,0,,,,,,,,,,,
50,gnb1,2026-08-19T09:48:05.386775,3662,PDSCH,0x46,50,4587,6,0,,,,,,,,,,,
50,gnb1,2026-08-19T09:48:05.403875,3663,PDSCH,0x46,50,4587,6,0,,,,,,,,,,,
50,gnb1,2026-08-19T09:48:05.418237,3664,PDSCH,0x46,50,4587,6,0,,,,,,,,,,,
50,gnb1,2026-08-19T09:48:05.437491,3665,PDSCH,0x46,50,4587,6,0,,,,,,,,,,,
50,gnb1,2026-08-19T09:48:05.453196,3666,PDSCH,0x46,50,4587,6,0,,,,,,,,,,,
50,gnb1,2026-08-19T09:48:05.472841,3667,PDSCH,0x46,50,4587,6,0,,,,,,,,,,,
50,gnb1,2026-08-19T09:48:05.492842,3668,PDSCH,0x46,50,4587,6,0,,,,,,,,,,,
50,gnb1,2026-08-19T09:48:05.515828,3669,PUSCH,0x46,,,,,2,8,517,4,111.4,204,,,,,
50,gnb1,2026-08-19T09:48:05.516472,3669,PDSCH,0x46,50,4587,6,0,,,,,,,,,,,
50,gnb1,2026-08-19T09:48:05.536690,3670,BSR,0x46,,,,,,,,,,,,,,,0
50,gnb1,2026-08-19T09:48:05.537378,3670,PDSCH,0x46,50,4587,6,0,,,,,,,,,,,
50,gnb1,2026-08-19T09:48:05.559889,3671,PDSCH,0x46,50,4587,6,0,,,,,,,,,,,
50,gnb1,2026-08-19T09:48:05.583326,3672,PDSCH,0x46,50,4587,6,0,,,,,,,,,,,
50,gnb1,2026-08-19T09:48:05.602372,3673,PDSCH,0x46,50,4587,6,0,,,,,,,,,,,
50,gnb1,2026-08-19T09:48:05.624342,3674,PDSCH,0x46,50,4587,6,0,,,,,,,,,,,
50,gnb1,2026-08-19T09:48:05.648236,3675,PDSCH,0x46,50,4587,6,0,,,,,,,,,,,
50,gnb1,2026-08-19T09:48:05.670934,3676,PDSCH,0x46,50,4587,6,0,,,,,,,,,,,
50,gnb1,2026-08-19T09:48:05.694596,3677,PDSCH,0x46,50,4587,6,0,,,,,,,,,,,
50,gnb1,2026-08-19T09:48:05.715621,3678,PUSCH,0x46,,,,,2,3,249,4,117.9,182,,,,,
50,gnb1,2026-08-19T09:48:05.715671,3678,PHR,,,,,,,,,,,,,,,,
50,gnb1,2026-08-19T09:48:05.715719,3678,BSR,0x46,,,,,,,,,,,,,,,0
50,gnb1,2026-08-19T09:48:05.716321,3678,PDSCH,0x46,50,4587,6,0,,,,,,,,,,,
50,gnb1,2026-08-19T09:48:05.738472,3679,BSR,0x46,,,,,,,,,,,,,,,0
50,gnb1,2026-08-19T09:48:05.738940,3679,PDSCH,0x46,50,4587,6,0,,,,,,,,,,,
50,gnb1,2026-08-19T09:48:05.759588,3680,PDSCH,0x46,50,4587,6,0,,,,,,,,,,,
50,gnb1,2026-08-19T09:48:05.781048,3681,PUCCH_CQI,0x46,,,,,,,,,,,111.8,15,2a,,
50,gnb1,2026-08-19T09:48:05.781515,3681,PDSCH,0x46,47,4395,6,0,,,,,,,,,,,
50,gnb1,2026-08-19T09:48:05.804398,3682,PDSCH,0x46,50,4587,6,0,,,,,,,,,,,
50,gnb1,2026-08-19T09:48:05.826026,3683,PDSCH,0x46,50,4587,6,0,,,,,,,,,,,
50,gnb1,2026-08-19T09:48:05.843837,3684,PDSCH,0x46,50,4587,6,0,,,,,,,,,,,
50,gnb1,2026-08-19T09:48:05.861580,3685,PDSCH,0x46,47,4395,6,0,,,,,,,,,,,
50,gnb1,2026-08-19T09:48:05.884860,3686,PUSCH,0x46,,,,,2,3,249,4,117.9,189,,,,,
50,gnb1,2026-08-19T09:48:05.884927,3686,BSR,0x46,,,,,,,,,,,,,,,0
50,gnb1,2026-08-19T09:48:05.885657,3686,PDSCH,0x46,50,4587,6,0,,,,,,,,,,,
50,gnb1,2026-08-19T09:48:05.906167,3687,PUSCH,0x46,,,,,2,4,249,4,117.9,178,,,,,
50,gnb1,2026-08-19T09:48:05.906278,3687,BSR,0x46,,,,,,,,,,,,,,,0
50,gnb1,2026-08-19T09:48:05.906844,3687,PDSCH,0x46,50,4587,6,0,,,,,,,,,,,
50,gnb1,2026-08-19T09:48:05.924290,3688,BSR,0x46,,,,,,,,,,,,,,,0
50,gnb1,2026-08-19T09:48:05.924858,3688,PDSCH,0x46,50,4587,6,0,,,,,,,,,,,
50,gnb1,2026-08-19T09:48:05.947825,3689,PDSCH,0x46,50,4587,6,0,,,,,,,,,,,
50,gnb1,2026-08-19T09:48:05.969806,3690,PDSCH,0x46,50,4587,6,0,,,,,,,,,,,
50,gnb1,2026-08-19T09:48:05.992714,3691,PDSCH,0x46,50,4587,6,0,,,,,,,,,,,
50,gnb1,2026-08-19T09:48:06.013317,3692,PDSCH,0x46,50,4587,6,0,,,,,,,,,,,
50,gnb1,2026-08-19T09:48:06.036945,3693,PDSCH,0x46,50,4587,6,0,,,,,,,,,,,
50,gnb1,2026-08-19T09:48:06.061146,3694,PUSCH,0x46,,,,,2,4,249,4,117.9,139,,,,,
50,gnb1,2026-08-19T09:48:06.061273,3694,BSR,0x46,,,,,,,,,,,,,,,0
50,gnb1,2026-08-19T09:48:06.061847,3694,PDSCH,0x46,50,4587,6,0,,,,,,,,,,,
50,gnb1,2026-08-19T09:48:06.080553,3695,PUSCH,0x46,,,,,2,8,517,4,111.4,177,,,,,
50,gnb1,2026-08-19T09:48:06.080645,3695,BSR,0x46,,,,,,,,,,,,,,,0
50,gnb1,2026-08-19T09:48:06.081121,3695,PDSCH,0x46,47,4395,6,0,,,,,,,,,,,
50,gnb1,2026-08-19T09:48:06.103630,3696,PUSCH,0x46,,,,,2,14,807,4,107.4,431,,,,,
50,gnb1,2026-08-19T09:48:06.103909,3696,BSR,0x46,,,,,,,,,,,,,,,0
50,gnb1,2026-08-19T09:48:06.104443,3696,PDSCH,0x46,50,4587,6,0,,,,,,,,,,,
50,gnb1,2026-08-19T09:48:06.127739,3697,BSR,0x46,,,,,,,,,,,,,,,0
50,gnb1,2026-08-19T09:48:06.128307,3697,PDSCH,0x46,50,4587,6,0,,,,,,,,,,,
50,gnb1,2026-08-19T09:48:06.151573,3698,PDSCH,0x46,50,4587,6,0,,,,,,,,,,,
50,gnb1,2026-08-19T09:48:06.170325,3699,PDSCH,0x46,50,4587,6,0,,,,,,,,,,,
50,gnb1,2026-08-19T09:48:06.186338,3700,PDSCH,0x46,50,4587,6,0,,,,,,,,,,,
50,gnb1,2026-08-19T09:48:06.206728,3701,PDSCH,0x46,47,4395,6,0,,,,,,,,,,,
50,gnb1,2026-08-19T09:48:06.232092,3702,PUSCH,0x46,,,,,2,3,233,4,117.9,168,,,,,
50,gnb1,2026-08-19T09:48:06.232187,3702,BSR,0x46,,,,,,,,,,,,,,,0
50,gnb1,2026-08-19T09:48:06.232845,3702,PDSCH,0x46,50,4587,6,0,,,,,,,,,,,
50,gnb1,2026-08-19T09:48:06.258538,3703,PUSCH,0x46,,,,,2,14,807,4,107.4,327,,,,,
50,gnb1,2026-08-19T09:48:06.258616,3703,BSR,0x46,,,,,,,,,,,,,,,0
50,gnb1,2026-08-19T09:48:06.259258,3703,PDSCH,0x46,50,4587,6,0,,,,,,,,,,,
50,gnb1,2026-08-19T09:48:06.283185,3704,PUSCH,0x46,,,,,2,15,1063,4,107.2,397,,,,,
50,gnb1,2026-08-19T09:48:06.283276,3704,BSR,0x46,,,,,,,,,,,,,,,69
50,gnb1,2026-08-19T09:48:06.283892,3704,PDSCH,0x46,50,4587,6,0,,,,,,,,,,,
50,gnb1,2026-08-19T09:48:06.304910,3705,PUSCH,0x46,,,,,2,3,233,4,118.0,140,,,,,
50,gnb1,2026-08-19T09:48:06.305594,3705,PDSCH,0x46,50,4587,6,0,,,,,,,,,,,
50,gnb1,2026-08-19T09:48:06.324930,3706,PDSCH,0x46,50,4587,6,0,,,,,,,,,,,
50,gnb1,2026-08-19T09:48:06.346231,3707,PDSCH,0x46,50,4587,6,0,,,,,,,,,,,
50,gnb1,2026-08-19T09:48:06.364749,3708,PDSCH,0x46,50,4587,6,0,,,,,,,,,,,
50,gnb1,2026-08-19T09:48:06.383696,3709,PDSCH,0x46,50,4587,6,0,,,,,,,,,,,
50,gnb1,2026-08-19T09:48:06.400577,3710,PUSCH,0x46,,,,,2,3,233,4,117.9,129,,,,,
50,gnb1,2026-08-19T09:48:06.401162,3710,PDSCH,0x46,50,4587,6,0,,,,,,,,,,,
50,gnb1,2026-08-19T09:48:06.418751,3711,PUSCH,0x46,,,,,10,15,1063,4,104.8,334,,,,,
50,gnb1,2026-08-19T09:48:06.419367,3711,PDSCH,0x46,50,4587,6,0,,,,,,,,,,,
50,gnb1,2026-08-19T09:48:06.437550,3712,PUSCH,0x46,,,,,2,19,1239,4,106.5,444,,,,,
50,gnb1,2026-08-19T09:48:06.438225,3712,PDSCH,0x46,50,4587,6,0,,,,,,,,,,,
50,gnb1,2026-08-19T09:48:06.460220,3713,PDSCH,0x46,50,4587,6,0,,,,,,,,,,,
50,gnb1,2026-08-19T09:48:06.481677,3714,PDSCH,0x46,50,4587,6,0,,,,,,,,,,,
50,gnb1,2026-08-19T09:48:06.503951,3715,PDSCH,0x46,50,4587,6,0,,,,,,,,,,,
50,gnb1,2026-08-19T09:48:06.521555,3716,PDSCH,0x46,50,4587,6,0,,,,,,,,,,,
50,gnb1,2026-08-19T09:48:06.542572,3717,PDSCH,0x46,50,4587,6,0,,,,,,,,,,,
50,gnb1,2026-08-19T09:48:06.562871,3718,PDSCH,0x46,50,4587,6,0,,,,,,,,,,,
50,gnb1,2026-08-19T09:48:06.585181,3719,PDSCH,0x46,50,4587,6,0,,,,,,,,,,,
50,gnb1,2026-08-19T09:48:06.607562,3720,BSR,0x46,,,,,,,,,,,,,,,0
50,gnb1,2026-08-19T09:48:06.608069,3720,PDSCH,0x46,50,4587,6,0,,,,,,,,,,,
50,gnb1,2026-08-19T09:48:06.629775,3721,PUCCH_CQI,0x46,,,,,,,,,,,111.8,15,2a,,
50,gnb1,2026-08-19T09:48:06.630377,3721,PDSCH,0x46,47,4395,6,0,,,,,,,,,,,
50,gnb1,2026-08-19T09:48:06.649333,3722,PDSCH,0x46,50,4587,6,0,,,,,,,,,,,
50,gnb1,2026-08-19T09:48:06.669555,3723,PDSCH,0x46,50,4587,6,0,,,,,,,,,,,
50,gnb1,2026-08-19T09:48:06.688861,3724,PDSCH,0x46,50,4587,6,0,,,,,,,,,,,
50,gnb1,2026-08-19T09:48:06.712755,3725,PDSCH,0x46,50,4587,6,0,,,,,,,,,,,
50,gnb1,2026-08-19T09:48:06.735487,3726,PDSCH,0x46,50,4587,6,0,,,,,,,,,,,
50,gnb1,2026-08-19T09:48:06.754504,3727,PDSCH,0x46,50,4587,6,0,,,,,,,,,,,
50,gnb1,2026-08-19T09:48:06.775431,3728,PUSCH,0x46,,,,,2,8,517,4,111.4,191,,,,,
50,gnb1,2026-08-19T09:48:06.775473,3728,PHR,,,,,,,,,,,,,,,,
50,gnb1,2026-08-19T09:48:06.775960,3728,PDSCH,0x46,50,4587,6,0,,,,,,,,,,,
50,gnb1,2026-08-19T09:48:06.797344,3729,BSR,0x46,,,,,,,,,,,,,,,0
50,gnb1,2026-08-19T09:48:06.798000,3729,PDSCH,0x46,50,4587,6,0,,,,,,,,,,,
50,gnb1,2026-08-19T09:48:06.816504,3730,PDSCH,0x46,50,4587,6,0,,,,,,,,,,,
50,gnb1,2026-08-19T09:48:06.840698,3731,PDSCH,0x46,50,4587,6,0,,,,,,,,,,,
50,gnb1,2026-08-19T09:48:06.860663,3732,PDSCH,0x46,50,4587,6,0,,,,,,,,,,,
50,gnb1,2026-08-19T09:48:06.884663,3733,PDSCH,0x46,50,4587,6,0,,,,,,,,,,,
50,gnb1,2026-08-19T09:48:06.909287,3734,PDSCH,0x46,50,4587,6,0,,,,,,,,,,,
50,gnb1,2026-08-19T09:48:06.931731,3735,PDSCH,0x46,50,4587,6,0,,,,,,,,,,,
50,gnb1,2026-08-19T09:48:06.948899,3736,PDSCH,0x46,50,4587,6,0,,,,,,,,,,,
50,gnb1,2026-08-19T09:48:06.972293,3737,PUSCH,0x46,,,,,2,17,1143,4,106.8,475,,,,,
50,gnb1,2026-08-19T09:48:06.972401,3737,BSR,0x46,,,,,,,,,,,,,,,0
50,gnb1,2026-08-19T09:48:06.972922,3737,PDSCH,0x46,50,4587,6,0,,,,,,,,,,,
50,gnb1,2026-08-19T09:48:06.997479,3738,BSR,0x46,,,,,,,,,,,,,,,0
50,gnb1,2026-08-19T09:48:06.998214,3738,PDSCH,0x46,50,4587,6,0,,,,,,,,,,,
50,gnb1,2026-08-19T09:48:07.018453,3739,PDSCH,0x46,50,4587,6,0,,,,,,,,,,,
50,gnb1,2026-08-19T09:48:07.035878,3740,PDSCH,0x46,50,4587,6,0,,,,,,,,,,,
50,gnb1,2026-08-19T09:48:07.055359,3741,PDSCH,0x46,47,4395,6,0,,,,,,,,,,,
50,gnb1,2026-08-19T09:48:07.072561,3742,PDSCH,0x46,50,4587,6,0,,,,,,,,,,,
50,gnb1,2026-08-19T09:48:07.090302,3743,PDSCH,0x46,50,4587,6,0,,,,,,,,,,,
50,gnb1,2026-08-19T09:48:07.108827,3744,PDSCH,0x46,50,4587,6,0,,,,,,,,,,,
50,gnb1,2026-08-19T09:48:07.131198,3745,PUSCH,0x46,,,,,2,17,1143,4,106.8,401,,,,,
50,gnb1,2026-08-19T09:48:07.131262,3745,BSR,0x46,,,,,,,,,,,,,,,0
50,gnb1,2026-08-19T09:48:07.156420,3746,PUSCH,0x46,,,,,2,14,999,4,107.4,377,,,,,
50,gnb1,2026-08-19T09:48:07.156509,3746,BSR,0x46,,,,,,,,,,,,,,,6
50,gnb1,2026-08-19T09:48:07.157045,3746,PDSCH,0x46,50,4587,6,0,,,,,,,,,,,
50,gnb1,2026-08-19T09:48:07.183499,3747,BSR,0x46,,,,,,,,,,,,,,,0
50,gnb1,2026-08-19T09:48:07.184264,3747,PDSCH,0x46,50,4587,6,0,,,,,,,,,,,
50,gnb1,2026-08-19T09:48:07.209743,3748,PDSCH,0x46,50,4587,6,0,,,,,,,,,,,
50,gnb1,2026-08-19T09:48:07.236719,3749,PDSCH,0x46,50,4587,6,0,,,,,,,,,,,
50,gnb1,2026-08-19T09:48:07.257724,3750,PDSCH,0x46,50,4587,6,0,,,,,,,,,,,
50,gnb1,2026-08-19T09:48:07.276411,3751,PDSCH,0x46,50,4587,6,0,,,,,,,,,,,
50,gnb1,2026-08-19T09:48:07.293401,3752,PDSCH,0x46,50,4587,6,0,,,,,,,,,,,
50,gnb1,2026-08-19T09:48:07.311578,3753,PUSCH,0x46,,,,,2,17,1143,4,106.8,668,,,,,
50,gnb1,2026-08-19T09:48:07.311695,3753,BSR,0x46,,,,,,,,,,,,,,,0
50,gnb1,2026-08-19T09:48:07.312388,3753,PDSCH,0x46,50,4587,6,0,,,,,,,,,,,
50,gnb1,2026-08-19T09:48:07.338969,3754,PUSCH,0x46,,,,,2,19,1239,4,106.5,493,,,,,
50,gnb1,2026-08-19T09:48:07.339563,3754,PDSCH,0x46,50,4587,6,0,,,,,,,,,,,
50,gnb1,2026-08-19T09:48:07.369266,3755,PUSCH,0x46,,,,,2,4,269,4,117.9,262,,,,,
50,gnb1,2026-08-19T09:48:07.370049,3755,PDSCH,0x46,50,4587,6,0,,,,,,,,,,,
50,gnb1,2026-08-19T09:48:07.397321,3756,PDSCH,0x46,50,4587,6,0,,,,,,,,,,,
50,gnb1,2026-08-19T09:48:07.426558,3757,PDSCH,0x46,50,4587,6,0,,,,,,,,,,,
50,gnb1,2026-08-19T09:48:07.453479,3758,PDSCH,0x46,50,4587,6,0,,,,,,,,,,,
50,gnb1,2026-08-19T09:48:07.484160,3759,PDSCH,0x46,50,4587,6,0,,,,,,,,,,,
50,gnb1,2026-08-19T09:48:07.511968,3760,PDSCH,0x46,50,4587,6,0,,,,,,,,,,,
50,gnb1,2026-08-19T09:48:07.539994,3761,PUSCH,0x46,,,,,10,17,1143,4,105.3,451,,,,,
50,gnb1,2026-08-19T09:48:07.540166,3761,BSR,0x46,,,,,,,,,,,,,,,0
50,gnb1,2026-08-19T09:48:07.540856,3761,PDSCH,0x46,47,4395,6,0,,,,,,,,,,,
50,gnb1,2026-08-19T09:48:07.570044,3762,PDSCH,0x46,50,4587,6,0,,,,,,,,,,,
50,gnb1,2026-08-19T09:48:07.598900,3763,PDSCH,0x46,50,4587,6,0,,,,,,,,,,,
50,gnb1,2026-08-19T09:48:07.628334,3764,PDSCH,0x46,50,4587,6,0,,,,,,,,,,,
50,gnb1,2026-08-19T09:48:07.658112,3765,PDSCH,0x46,50,4587,6,0,,,,,,,,,,,
50,gnb1,2026-08-19T09:48:07.688918,3766,PDSCH,0x46,50,4587,6,0,,,,,,,,,,,
50,gnb1,2026-08-19T09:48:07.716817,3767,PDSCH,0x46,50,4587,6,0,,,,,,,,,,,
50,gnb1,2026-08-19T09:48:07.745277,3768,PDSCH,0x46,50,4587,6,0,,,,,,,,,,,
50,gnb1,2026-08-19T09:48:07.773821,3769,PUSCH,0x46,,,,,2,8,517,4,111.4,221,,,,,
50,gnb1,2026-08-19T09:48:07.774342,3769,PDSCH,0x46,50,4587,6,0,,,,,,,,,,,
50,gnb1,2026-08-19T09:48:07.802227,3770,BSR,0x46,,,,,,,,,,,,,,,0
50,gnb1,2026-08-19T09:48:07.802707,3770,PDSCH,0x46,50,4587,6,0,,,,,,,,,,,
50,gnb1,2026-08-19T09:48:07.832375,3771,PDSCH,0x46,50,4587,6,0,,,,,,,,,,,
50,gnb1,2026-08-19T09:48:07.860679,3772,PDSCH,0x46,50,4587,6,0,,,,,,,,,,,
50,gnb1,2026-08-19T09:48:07.889317,3773,PDSCH,0x46,50,4587,6,0,,,,,,,,,,,
50,gnb1,2026-08-19T09:48:07.916975,3774,PDSCH,0x46,50,4587,6,0,,,,,,,,,,,
50,gnb1,2026-08-19T09:48:07.945165,3775,PDSCH,0x46,50,4587,6,0,,,,,,,,,,,
50,gnb1,2026-08-19T09:48:07.972036,3776,PDSCH,0x46,50,4587,6,0,,,,,,,,,,,
50,gnb1,2026-08-19T09:48:07.998912,3777,PDSCH,0x46,50,4587,6,0,,,,,,,,,,,
50,gnb1,2026-08-19T09:48:08.027234,3778,PUSCH,0x46,,,,,2,5,349,4,118.0,278,,,,,
50,gnb1,2026-08-19T09:48:08.027312,3778,PHR,,,,,,,,,,,,,,,,
50,gnb1,2026-08-19T09:48:08.027315,3778,BSR,0x46,,,,,,,,,,,,,,,0
50,gnb1,2026-08-19T09:48:08.027789,3778,PDSCH,0x46,50,4587,6,0,,,,,,,,,,,
50,gnb1,2026-08-19T09:48:08.055385,3779,BSR,0x46,,,,,,,,,,,,,,,0
50,gnb1,2026-08-19T09:48:08.055877,3779,PDSCH,0x46,50,4587,6,0,,,,,,,,,,,
50,gnb1,2026-08-19T09:48:08.084550,3780,PDSCH,0x46,50,4587,6,0,,,,,,,,,,,
50,gnb1,2026-08-19T09:48:08.111989,3781,PDSCH,0x46,47,4395,6,0,,,,,,,,,,,
50,gnb1,2026-08-19T09:48:08.138478,3782,PDSCH,0x46,50,4587,6,0,,,,,,,,,,,
50,gnb1,2026-08-19T09:48:08.165278,3783,PDSCH,0x46,50,4587,6,0,,,,,,,,,,,
50,gnb1,2026-08-19T09:48:08.194410,3784,PDSCH,0x46,50,4587,6,0,,,,,,,,,,,
50,gnb1,2026-08-19T09:48:08.213271,3785,PDSCH,0x46,50,4587,6,0,,,,,,,,,,,
50,gnb1,2026-08-19T09:48:08.231099,3786,PUSCH,0x46,,,,,2,5,349,4,117.9,139,,,,,
50,gnb1,2026-08-19T09:48:08.231203,3786,BSR,0x46,,,,,,,,,,,,,,,0
50,gnb1,2026-08-19T09:48:08.231711,3786,PDSCH,0x46,50,4587,6,0,,,,,,,,,,,
50,gnb1,2026-08-19T09:48:08.250673,3787,PUSCH,0x46,,,,,2,3,233,4,117.9,147,,,,,
50,gnb1,2026-08-19T09:48:08.250768,3787,BSR,0x46,,,,,,,,,,,,,,,0
50,gnb1,2026-08-19T09:48:08.251359,3787,PDSCH,0x46,50,4587,6,0,,,,,,,,,,,
50,gnb1,2026-08-19T09:48:08.269031,3788,BSR,0x46,,,,,,,,,,,,,,,0
50,gnb1,2026-08-19T09:48:08.269472,3788,PDSCH,0x46,50,4587,6,0,,,,,,,,,,,
50,gnb1,2026-08-19T09:48:08.400380,3794,PUSCH,0x46,,,,,2,5,349,4,117.9,149,,,,,
50,gnb1,2026-08-19T09:48:08.400442,3794,BSR,0x46,,,,,,,,,,,,,,,0
50,gnb1,2026-08-19T09:48:08.425890,3795,PUSCH,0x46,,,,,2,14,999,4,107.4,327,,,,,
50,gnb1,2026-08-19T09:48:08.425986,3795,BSR,0x46,,,,,,,,,,,,,,,8
50,gnb1,2026-08-19T09:48:08.426543,3795,PDSCH,0x46,50,4587,6,0,,,,,,,,,,,
50,gnb1,2026-08-19T09:48:08.453229,3796,PUSCH,0x46,,,,,2,3,217,4,117.9,135,,,,,
50,gnb1,2026-08-19T09:48:08.453310,3796,BSR,0x46,,,,,,,,,,,,,,,0
50,gnb1,2026-08-19T09:48:08.453815,3796,PDSCH,0x46,50,4587,6,0,,,,,,,,,,,
50,gnb1,2026-08-19T09:48:08.484198,3797,BSR,0x46,,,,,,,,,,,,,,,0
50,gnb1,2026-08-19T09:48:08.484847,3797,PDSCH,0x46,50,4587,6,0,,,,,,,,,,,
50,gnb1,2026-08-19T09:48:08.512702,3798,PDSCH,0x46,50,4587,6,0,,,,,,,,,,,
50,gnb1,2026-08-19T09:48:08.541697,3799,PDSCH,0x46,50,4587,6,0,,,,,,,,,,,
50,gnb1,2026-08-19T09:48:08.568538,3800,PDSCH,0x46,50,4587,6,0,,,,,,,,,,,
50,gnb1,2026-08-19T09:48:08.595987,3801,PUCCH_CQI,0x46,,,,,,,,,,,111.8,15,2,,
50,gnb1,2026-08-19T09:48:08.596489,3801,PDSCH,0x46,47,4395,6,0,,,,,,,,,,,
50,gnb1,2026-08-19T09:48:08.623560,3802,PUSCH,0x46,,,,,2,5,349,4,118.0,142,,,,,
50,gnb1,2026-08-19T09:48:08.623639,3802,BSR,0x46,,,,,,,,,,,,,,,0
50,gnb1,2026-08-19T09:48:08.624066,3802,PDSCH,0x46,50,4587,6,0,,,,,,,,,,,
50,gnb1,2026-08-19T09:48:08.653968,3803,PUSCH,0x46,,,,,2,19,1239,4,106.5,404,,,,,
50,gnb1,2026-08-19T09:48:08.654047,3803,BSR,0x46,,,,,,,,,,,,,,,0
50,gnb1,2026-08-19T09:48:08.654567,3803,PDSCH,0x46,50,4587,6,0,,,,,,,,,,,
50,gnb1,2026-08-19T09:48:08.680873,3804,PUSCH,0x46,,,,,2,7,501,4,114.3,261,,,,,
50,gnb1,2026-08-19T09:48:08.681347,3804,PDSCH,0x46,50,4587,6,0,,,,,,,,,,,
50,gnb1,2026-08-19T09:48:08.706107,3805,PUSCH,0x46,,,,,2,3,249,4,117.9,147,,,,,
50,gnb1,2026-08-19T09:48:08.706721,3805,PDSCH,0x46,50,4587,6,0,,,,,,,,,,,
50,gnb1,2026-08-19T09:48:08.733408,3806,PDSCH,0x46,50,4587,6,0,,,,,,,,,,,
50,gnb1,2026-08-19T09:48:08.762556,3807,PDSCH,0x46,50,4587,6,0,,,,,,,,,,,
50,gnb1,2026-08-19T09:48:08.791272,3808,PDSCH,0x46,50,4587,6,0,,,,,,,,,,,
50,gnb1,2026-08-19T09:48:08.819577,3809,PDSCH,0x46,50,4587,6,0,,,,,,,,,,,
50,gnb1,2026-08-19T09:48:08.846267,3810,PUSCH,0x46,,,,,2,5,349,4,118.0,189,,,,,
50,gnb1,2026-08-19T09:48:08.846959,3810,PDSCH,0x46,50,4587,6,0,,,,,,,,,,,
50,gnb1,2026-08-19T09:48:08.873421,3811,PUSCH,0x46,,,,,10,23,1527,4,106.6,592,,,,,
50,gnb1,2026-08-19T09:48:08.873536,3811,BSR,0x46,,,,,,,,,,,,,,,0
50,gnb1,2026-08-19T09:48:08.874294,3811,PDSCH,0x46,50,4587,6,0,,,,,,,,,,,
50,gnb1,2026-08-19T09:48:08.901500,3812,PDSCH,0x46,50,4587,6,0,,,,,,,,,,,
50,gnb1,2026-08-19T09:48:08.928809,3813,PDSCH,0x46,50,4587,6,0,,,,,,,,,,,
50,gnb1,2026-08-19T09:48:08.958380,3814,PDSCH,0x46,50,4587,6,0,,,,,,,,,,,
50,gnb1,2026-08-19T09:48:08.984774,3815,PDSCH,0x46,50,4587,6,0,,,,,,,,,,,
50,gnb1,2026-08-19T09:48:09.011498,3816,PDSCH,0x46,50,4587,6,0,,,,,,,,,,,
50,gnb1,2026-08-19T09:48:09.038707,3817,PDSCH,0x46,50,4587,6,0,,,,,,,,,,,
50,gnb1,2026-08-19T09:48:09.065829,3818,PDSCH,0x46,50,4587,6,0,,,,,,,,,,,
50,gnb1,2026-08-19T09:48:09.093939,3819,PUSCH,0x46,,,,,2,7,469,4,114.2,255,,,,,
50,gnb1,2026-08-19T09:48:09.094496,3819,PDSCH,0x46,50,4587,6,0,,,,,,,,,,,
50,gnb1,2026-08-19T09:48:09.123280,3820,BSR,0x46,,,,,,,,,,,,,,,0
50,gnb1,2026-08-19T09:48:09.123829,3820,PDSCH,0x46,50,4587,6,0,,,,,,,,,,,
50,gnb1,2026-08-19T09:48:09.153350,3821,PDSCH,0x46,47,4395,6,0,,,,,,,,,,,
50,gnb1,2026-08-19T09:48:09.182224,3822,PDSCH,0x46,50,4587,6,0,,,,,,,,,,,
50,gnb1,2026-08-19T09:48:09.208922,3823,PDSCH,0x46,50,4587,6,0,,,,,,,,,,,
50,gnb1,2026-08-19T09:48:09.236719,3824,PDSCH,0x46,12,871,6,0,,,,,,,,,,,
50,gnb1,2026-08-19T09:48:09.352156,3828,PUSCH,0x46,,,,,2,11,749,4,108.5,277,,,,,
50,gnb1,2026-08-19T09:48:09.352210,3828,BSR,0x46,,,,,,,,,,,,,,,0
50,gnb1,2026-08-19T09:48:09.378977,3829,BSR,0x46,,,,,,,,,,,,,,,0
50,gnb1,2026-08-19T09:48:09.379477,3829,PDSCH,0x46,50,4587,6,0,,,,,,,,,,,
50,gnb1,2026-08-19T09:48:09.406231,3830,PDSCH,0x46,50,4587,6,0,,,,,,,,,,,
50,gnb1,2026-08-19T09:48:09.432517,3831,PDSCH,0x46,50,4587,6,0,,,,,,,,,,,
50,gnb1,2026-08-19T09:48:09.459699,3832,PDSCH,0x46,50,4587,6,0,,,,,,,,,,,
50,gnb1,2026-08-19T09:48:09.572440,3836,PUSCH,0x46,,,,,2,11,749,4,108.5,234,,,,,
50,gnb1,2026-08-19T09:48:09.572454,3836,PHR,,,,,,,,,,,,,,,,
50,gnb1,2026-08-19T09:48:09.572508,3836,BSR,0x46,,,,,,,,,,,,,,,0
50,gnb1,2026-08-19T09:48:09.599636,3837,PUSCH,0x46,,,,,2,3,233,4,117.9,113,,,,,
50,gnb1,2026-08-19T09:48:09.599739,3837,BSR,0x46,,,,,,,,,,,,,,,0
50,gnb1,2026-08-19T09:48:09.600289,3837,PDSCH,0x46,50,4587,6,0,,,,,,,,,,,
50,gnb1,2026-08-19T09:48:09.625403,3838,BSR,0x46,,,,,,,,,,,,,,,0
50,gnb1,2026-08-19T09:48:09.625872,3838,PDSCH,0x46,50,4587,6,0,,,,,,,,,,,
50,gnb1,2026-08-19T09:48:09.649223,3839,PDSCH,0x46,50,4587,6,0,,,,,,,,,,,
50,gnb1,2026-08-19T09:48:09.673541,3840,PDSCH,0x46,50,4587,6,0,,,,,,,,,,,
50,gnb1,2026-08-19T09:48:09.697864,3841,PUCCH_CQI,0x46,,,,,,,,,,,111.8,15,2,,
50,gnb1,2026-08-19T09:48:09.698416,3841,PDSCH,0x46,47,4395,6,0,,,,,,,,,,,
50,gnb1,2026-08-19T09:48:09.724075,3842,PDSCH,0x46,50,4587,6,0,,,,,,,,,,,
50,gnb1,2026-08-19T09:48:09.750095,3843,PDSCH,0x46,50,4587,6,0,,,,,,,,,,,
50,gnb1,2026-08-19T09:48:09.776700,3844,PUSCH,0x46,,,,,2,11,749,4,108.5,304,,,,,
50,gnb1,2026-08-19T09:48:09.776846,3844,BSR,0x46,,,,,,,,,,,,,,,0
50,gnb1,2026-08-19T09:48:09.777244,3844,PDSCH,0x46,24,1836,6,0,,,,,,,,,,,
50,gnb1,2026-08-19T09:48:09.802902,3845,PUSCH,0x46,,,,,2,7,501,4,114.2,167,,,,,
50,gnb1,2026-08-19T09:48:09.802959,3845,BSR,0x46,,,,,,,,,,,,,,,0
50,gnb1,2026-08-19T09:48:09.829255,3846,PUSCH,0x46,,,,,2,3,233,4,117.9,160,,,,,
50,gnb1,2026-08-19T09:48:09.829386,3846,BSR,0x46,,,,,,,,,,,,,,,0
50,gnb1,2026-08-19T09:48:09.829952,3846,PDSCH,0x46,50,4587,6,0,,,,,,,,,,,
50,gnb1,2026-08-19T09:48:09.854296,3847,BSR,0x46,,,,,,,,,,,,,,,0
50,gnb1,2026-08-19T09:48:09.854791,3847,PDSCH,0x46,50,4587,6,0,,,,,,,,,,,
50,gnb1,2026-08-19T09:48:09.881644,3848,PDSCH,0x46,50,4587,6,0,,,,,,,,,,,
50,gnb1,2026-08-19T09:48:09.907793,3849,PDSCH,0x46,50,4587,6,0,,,,,,,,,,,
50,gnb1,2026-08-19T09:48:09.932728,3850,PDSCH,0x46,18,1383,6,0,,,,,,,,,,,
50,gnb1,2026-08-19T09:48:09.983067,3852,PUSCH,0x46,,,,,2,11,749,4,108.5,354,,,,,
50,gnb1,2026-08-19T09:48:09.983122,3852,BSR,0x46,,,,,,,,,,,,,,,0
50,gnb1,2026-08-19T09:48:10.008717,3853,PUSCH,0x46,,,,,2,14,871,4,107.4,373,,,,,
50,gnb1,2026-08-19T09:48:10.008801,3853,BSR,0x46,,,,,,,,,,,,,,,0
50,gnb1,2026-08-19T09:48:10.009338,3853,PDSCH,0x46,50,4587,6,0,,,,,,,,,,,
50,gnb1,2026-08-19T09:48:10.035141,3854,PUSCH,0x46,,,,,2,7,469,4,114.3,248,,,,,
50,gnb1,2026-08-19T09:48:10.035765,3854,PDSCH,0x46,50,4587,6,0,,,,,,,,,,,
50,gnb1,2026-08-19T09:48:10.060361,3855,PUSCH,0x46,,,,,2,3,249,4,118.0,161,,,,,
50,gnb1,2026-08-19T09:48:10.061012,3855,PDSCH,0x46,47,4395,6,0,,,,,,,,,,,
50,gnb1,2026-08-19T09:48:10.087645,3856,PDSCH,0x46,50,4587,6,0,,,,,,,,,,,
50,gnb1,2026-08-19T09:48:10.109491,3857,PDSCH,0x46,50,4587,6,0,,,,,,,,,,,
50,gnb1,2026-08-19T09:48:10.131606,3858,PDSCH,0x46,50,4587,6,0,,,,,,,,,,,
50,gnb1,2026-08-19T09:48:10.151146,3859,PDSCH,0x46,50,4587,6,0,,,,,,,,,,,
50,gnb1,2026-08-19T09:48:10.166937,3860,PUSCH,0x46,,,,,2,11,749,4,108.5,308,,,,,
50,gnb1,2026-08-19T09:48:10.167717,3860,PDSCH,0x46,50,4587,6,0,,,,,,,,,,,
50,gnb1,2026-08-19T09:48:10.185813,3861,PUSCH,0x46,,,,,10,17,1143,4,105.3,423,,,,,
50,gnb1,2026-08-19T09:48:10.186483,3861,PDSCH,0x46,47,4395,6,0,,,,,,,,,,,
50,gnb1,2026-08-19T09:48:10.204632,3862,PDSCH,0x46,50,4587,6,0,,,,,,,,,,,
50,gnb1,2026-08-19T09:48:10.221545,3863,PDSCH,0x46,50,4587,6,0,,,,,,,,,,,
50,gnb1,2026-08-19T09:48:10.239278,3864,PDSCH,0x46,50,4587,6,0,,,,,,,,,,,
50,gnb1,2026-08-19T09:48:10.259989,3865,PDSCH,0x46,50,4587,6,0,,,,,,,,,,,
50,gnb1,2026-08-19T09:48:10.280937,3866,PDSCH,0x46,50,4587,6,0,,,,,,,,,,,
50,gnb1,2026-08-19T09:48:10.302107,3867,PDSCH,0x46,50,4587,6,0,,,,,,,,,,,
50,gnb1,2026-08-19T09:48:10.323238,3868,PDSCH,0x46,50,4587,6,0,,,,,,,,,,,
50,gnb1,2026-08-19T09:48:10.344346,3869,PDSCH,0x46,50,4587,6,0,,,,,,,,,,,
50,gnb1,2026-08-19T09:48:10.362167,3870,PDSCH,0x46,50,3963,6,0,,,,,,,,,,,
50,gnb1,2026-08-19T09:48:10.564426,3880,BSR,0x46,,,,,,,,,,,,,,,0
50,gnb1,2026-08-19T09:48:10.581062,3881,PUCCH_CQI,0x46,,,,,,,,,,,111.8,15,2,,
50,gnb1,2026-08-19T09:48:10.712064,3888,PUSCH,0x46,,,,,2,8,517,4,111.4,197,,,,,
50,gnb1,2026-08-19T09:48:10.712118,3888,PHR,,,,,,,,,,,,,,,,
50,gnb1,2026-08-19T09:48:10.729581,3889,BSR,0x46,,,,,,,,,,,,,,,55
50,gnb1,2026-08-19T09:48:10.730234,3889,PDSCH,0x46,50,4587,6,0,,,,,,,,,,,
50,gnb1,2026-08-19T09:48:10.747193,3890,BSR,0x46,,,,,,,,,,,,,,,0
50,gnb1,2026-08-19T09:48:10.747674,3890,PDSCH,0x46,50,4587,6,0,,,,,,,,,,,
50,gnb1,2026-08-19T09:48:10.763317,3891,PDSCH,0x46,50,4587,6,0,,,,,,,,,,,
50,gnb1,2026-08-19T09:48:10.781320,3892,PDSCH,0x46,50,4587,6,0,,,,,,,,,,,
50,gnb1,2026-08-19T09:48:10.882189,3897,PUSCH,0x46,,,,,2,44,2865,4,109.0,1121,,,,,
50,gnb1,2026-08-19T09:48:10.882257,3897,BSR,0x46,,,,,,,,,,,,,,,0
50,gnb1,2026-08-19T09:48:10.921363,3898,PUSCH,0x46,,,,,2,0,55,4,117.8,154,,,,,
50,gnb1,2026-08-19T09:48:10.921948,3898,PDSCH,0x46,50,4587,6,0,,,,,,,,,,,
50,gnb1,2026-08-19T09:48:10.953427,3899,PDSCH,0x46,50,4587,6,0,,,,,,,,,,,
50,gnb1,2026-08-19T09:48:10.982003,3900,PDSCH,0x46,50,4587,6,0,,,,,,,,,,,
50,gnb1,2026-08-19T09:48:11.014691,3901,PDSCH,0x46,47,4395,6,0,,,,,,,,,,,
50,gnb1,2026-08-19T09:48:11.044793,3902,PDSCH,0x46,50,4587,6,0,,,,,,,,,,,
50,gnb1,2026-08-19T09:48:11.076324,3903,PDSCH,0x46,50,4587,6,0,,,,,,,,,,,
50,gnb1,2026-08-19T09:48:11.106813,3904,PDSCH,0x46,50,4587,6,0,,,,,,,,,,,
50,gnb1,2026-08-19T09:48:11.136901,3905,PUSCH,0x46,,,,,2,44,2865,4,109.0,984,,,,,
50,gnb1,2026-08-19T09:48:11.137015,3905,BSR,0x46,,,,,,,,,,,,,,,0
50,gnb1,2026-08-19T09:48:11.137515,3905,PDSCH,0x46,50,4587,6,0,,,,,,,,,,,
50,gnb1,2026-08-19T09:48:11.167950,3906,PDSCH,0x46,50,4587,6,0,,,,,,,,,,,
50,gnb1,2026-08-19T09:48:11.200394,3907,PDSCH,0x46,50,4587,6,0,,,,,,,,,,,
50,gnb1,2026-08-19T09:48:11.229751,3908,PDSCH,0x46,50,4587,6,0,,,,,,,,,,,
50,gnb1,2026-08-19T09:48:11.258195,3909,PDSCH,0x46,50,4587,6,0,,,,,,,,,,,
50,gnb1,2026-08-19T09:48:11.286264,3910,PDSCH,0x46,50,4587,6,0,,,,,,,,,,,
50,gnb1,2026-08-19T09:48:11.315888,3911,PDSCH,0x46,50,4587,6,0,,,,,,,,,,,
50,gnb1,2026-08-19T09:48:11.342685,3912,PDSCH,0x46,50,4587,6,0,,,,,,,,,,,
50,gnb1,2026-08-19T09:48:11.369663,3913,PUSCH,0x46,,,,,2,2,133,4,118.0,204,,,,,
50,gnb1,2026-08-19T09:48:11.370214,3913,PDSCH,0x46,50,4587,6,0,,,,,,,,,,,
50,gnb1,2026-08-19T09:48:11.395755,3914,BSR,0x46,,,,,,,,,,,,,,,0
50,gnb1,2026-08-19T09:48:11.396208,3914,PDSCH,0x46,50,4587,6,0,,,,,,,,,,,
50,gnb1,2026-08-19T09:48:11.604093,3921,PUCCH_CQI,0x46,,,,,,,,,,,111.8,15,2a,,
50,gnb1,2026-08-19T09:48:11.632866,3922,PUSCH,0x46,,,,,2,8,573,4,111.4,226,,,,,
50,gnb1,2026-08-19T09:48:11.632924,3922,BSR,0x46,,,,,,,,,,,,,,,0
50,gnb1,2026-08-19T09:48:11.660154,3923,BSR,0x46,,,,,,,,,,,,,,,0
50,gnb1,2026-08-19T09:48:11.660710,3923,PDSCH,0x46,50,4587,6,0,,,,,,,,,,,
50,gnb1,2026-08-19T09:48:11.690381,3924,PDSCH,0x46,50,4587,6,0,,,,,,,,,,,
50,gnb1,2026-08-19T09:48:11.718882,3925,PDSCH,0x46,50,4587,6,0,,,,,,,,,,,
50,gnb1,2026-08-19T09:48:11.747237,3926,PDSCH,0x46,9,325,4,0,,,,,,,,,,,
50,gnb1,2026-08-19T09:48:11.850237,3930,PUSCH,0x46,,,,,2,8,573,4,111.4,201,,,,,
50,gnb1,2026-08-19T09:48:11.850292,3930,BSR,0x46,,,,,,,,,,,,,,,0
50,gnb1,2026-08-19T09:48:11.879450,3931,PUSCH,0x46,,,,,10,3,217,4,104.5,126,,,,,
50,gnb1,2026-08-19T09:48:11.879524,3931,BSR,0x46,,,,,,,,,,,,,,,0
50,gnb1,2026-08-19T09:48:11.880074,3931,PDSCH,0x46,50,4587,6,0,,,,,,,,,,,
50,gnb1,2026-08-19T09:48:11.909340,3932,PDSCH,0x46,50,4587,6,0,,,,,,,,,,,
50,gnb1,2026-08-19T09:48:11.938992,3933,PDSCH,0x46,50,4587,6,0,,,,,,,,,,,
50,gnb1,2026-08-19T09:48:11.969059,3934,PDSCH,0x46,50,4587,6,0,,,,,,,,,,,
50,gnb1,2026-08-19T09:48:12.001328,3935,PDSCH,0x46,50,4587,6,0,,,,,,,,,,,
50,gnb1,2026-08-19T09:48:12.029354,3936,PDSCH,0x46,50,4587,6,0,,,,,,,,,,,
50,gnb1,2026-08-19T09:48:12.060319,3937,PDSCH,0x46,27,2052,6,0,,,,,,,,,,,
50,gnb1,2026-08-19T09:48:12.090496,3938,PUSCH,0x46,,,,,2,8,573,4,111.4,190,,,,,
50,gnb1,2026-08-19T09:48:12.090596,3938,PHR,,,,,,,,,,,,,,,,
50,gnb1,2026-08-19T09:48:12.120806,3939,PUSCH,0x46,,,,,2,7,469,4,114.2,200,,,,,
50,gnb1,2026-08-19T09:48:12.121469,3939,PDSCH,0x46,50,4587,6,0,,,,,,,,,,,
50,gnb1,2026-08-19T09:48:12.150061,3940,BSR,0x46,,,,,,,,,,,,,,,0
50,gnb1,2026-08-19T09:48:12.150529,3940,PDSCH,0x46,50,4587,6,0,,,,,,,,,,,
50,gnb1,2026-08-19T09:48:12.215215,3942,PDSCH,0x46,27,2124,6,0,,,,,,,,,,,
50,gnb1,2026-08-19T09:48:12.396455,3948,PUSCH,0x46,,,,,2,8,517,4,111.4,181,,,,,
50,gnb1,2026-08-19T09:48:12.428237,3949,BSR,0x46,,,,,,,,,,,,,,,0
50,gnb1,2026-08-19T09:48:12.457315,3950,PDSCH,0x46,3,7,2,0,,,,,,,,,,,
50,gnb1,2026-08-19T09:48:12.655504,3957,PUSCH,0x46,,,,,2,14,871,4,107.4,326,,,,,
50,gnb1,2026-08-19T09:48:12.655570,3957,BSR,0x46,,,,,,,,,,,,,,,0
50,gnb1,2026-08-19T09:48:12.684089,3958,BSR,0x46,,,,,,,,,,,,,,,0
50,gnb1,2026-08-19T09:48:12.766874,3961,PUCCH_CQI,0x46,,,,,,,,,,,111.8,15,2,,
50,gnb1,2026-08-19T09:48:12.845033,3965,PUSCH,0x46,,,,,2,14,871,4,107.4,362,,,,,
50,gnb1,2026-08-19T09:48:12.845157,3965,BSR,0x46,,,,,,,,,,,,,,,0
50,gnb1,2026-08-19T09:48:12.862185,3966,PUSCH,0x46,,,,,2,1,105,4,118.0,148,,,,,
50,gnb1,2026-08-19T09:48:12.862264,3966,BSR,0x46,,,,,,,,,,,,,,,0
50,gnb1,2026-08-19T09:48:12.862822,3966,PDSCH,0x46,50,4587,6,0,,,,,,,,,,,
50,gnb1,2026-08-19T09:48:12.880874,3967,PDSCH,0x46,50,4587,6,0,,,,,,,,,,,
50,gnb1,2026-08-19T09:48:12.910399,3968,PDSCH,0x46,50,4587,6,0,,,,,,,,,,,
50,gnb1,2026-08-19T09:48:12.940417,3969,PDSCH,0x46,50,4587,6,0,,,,,,,,,,,
50,gnb1,2026-08-19T09:48:12.968965,3970,PDSCH,0x46,50,4587,6,0,,,,,,,,,,,
50,gnb1,2026-08-19T09:48:13.003134,3971,PDSCH,0x46,50,4587,6,0,,,,,,,,,,,
50,gnb1,2026-08-19T09:48:13.036200,3972,PDSCH,0x46,9,597,6,0,,,,,,,,,,,
50,gnb1,2026-08-19T09:48:13.064910,3973,PUSCH,0x46,,,,,2,14,871,4,107.4,347,,,,,
50,gnb1,2026-08-19T09:48:13.094409,3974,PUSCH,0x46,,,,,2,5,373,4,117.9,176,,,,,
50,gnb1,2026-08-19T09:48:13.273146,3980,BSR,0x46,,,,,,,,,,,,,,,0
50,gnb1,2026-08-19T09:48:13.496502,3988,PUSCH,0x46,,,,,2,8,517,4,111.4,255,,,,,
50,gnb1,2026-08-19T09:48:13.496521,3988,PHR,,,,,,,,,,,,,,,,
50,gnb1,2026-08-19T09:48:13.523637,3989,BSR,0x46,,,,,,,,,,,,,,,0
50,gnb1,2026-08-19T09:48:13.524111,3989,PDSCH,0x46,50,4587,6,0,,,,,,,,,,,
50,gnb1,2026-08-19T09:48:13.553951,3990,PDSCH,0x46,50,4587,6,0,,,,,,,,,,,
50,gnb1,2026-08-19T09:48:13.582685,3991,PDSCH,0x46,27,2124,6,0,,,,,,,,,,,
50,gnb1,2026-08-19T09:48:13.743800,3997,PUSCH,0x46,,,,,2,11,749,4,108.5,353,,,,,
50,gnb1,2026-08-19T09:48:13.743873,3997,BSR,0x46,,,,,,,,,,,,,,,0
50,gnb1,2026-08-19T09:48:13.771444,3998,PDSCH,0x46,50,4587,6,0,,,,,,,,,,,
50,gnb1,2026-08-19T09:48:13.801774,3999,PDSCH,0x46,50,4587,6,0,,,,,,,,,,,
50,gnb1,2026-08-19T09:48:13.834104,4000,PDSCH,0x46,50,4587,6,0,,,,,,,,,,,
50,gnb1,2026-08-19T09:48:13.874017,4001,PUCCH_CQI,0x46,,,,,,,,,,,111.8,15,2,,
50,gnb1,2026-08-19T09:48:13.914010,4002,PDSCH,0x46,24,1836,6,0,,,,,,,,,,,
50,gnb1,2026-08-19T09:48:14.024968,4005,PUSCH,0x46,,,,,2,11,749,4,108.5,247,,,,,
50,gnb1,2026-08-19T09:48:14.025033,4005,BSR,0x46,,,,,,,,,,,,,,,0
50,gnb1,2026-08-19T09:48:14.064628,4006,PDSCH,0x46,50,4587,6,0,,,,,,,,,,,
50,gnb1,2026-08-19T09:48:14.098592,4007,PDSCH,0x46,50,3963,6,0,,,,,,,,,,,
50,gnb1,2026-08-19T09:48:14.286744,4013,PUSCH,0x46,,,,,2,8,517,4,111.4,195,,,,,
50,gnb1,2026-08-19T09:48:14.316593,4014,BSR,0x46,,,,,,,,,,,,,,,0
50,gnb1,2026-08-19T09:48:14.558602,4022,PUSCH,0x46,,,,,2,14,871,4,107.4,322,,,,,
50,gnb1,2026-08-19T09:48:14.558666,4022,BSR,0x46,,,,,,,,,,,,,,,0
50,gnb1,2026-08-19T09:48:14.586789,4023,BSR,0x46,,,,,,,,,,,,,,,0
50,gnb1,2026-08-19T09:48:14.587264,4023,PDSCH,0x46,50,4587,6,0,,,,,,,,,,,
50,gnb1,2026-08-19T09:48:14.616221,4024,PDSCH,0x46,50,4587,6,0,,,,,,,,,,,
50,gnb1,2026-08-19T09:48:14.644112,4025,PDSCH,0x46,50,4587,6,0,,,,,,,,,,,
50,gnb1,2026-08-19T09:48:14.673091,4026,PDSCH,0x46,50,4587,6,0,,,,,,,,,,,
50,gnb1,2026-08-19T09:48:14.700650,4027,PDSCH,0x46,36,2769,6,0,,,,,,,,,,,
50,gnb1,2026-08-19T09:48:14.783462,4030,PUSCH,0x46,,,,,2,14,871,4,107.4,377,,,,,
50,gnb1,2026-08-19T09:48:14.783572,4030,BSR,0x46,,,,,,,,,,,,,,,0
50,gnb1,2026-08-19T09:48:14.811637,4031,PUSCH,0x46,,,,,10,3,217,4,104.5,142,,,,,
50,gnb1,2026-08-19T09:48:14.812307,4031,PDSCH,0x46,50,4587,6,0,,,,,,,,,,,
50,gnb1,2026-08-19T09:48:15.001940,4038,PUSCH,0x46,,,,,2,14,871,4,107.4,291,,,,,
50,gnb1,2026-08-19T09:48:15.002025,4038,PHR,,,,,,,,,,,,,,,,
50,gnb1,2026-08-19T09:48:15.029470,4039,PDSCH,0x46,50,4587,6,0,,,,,,,,,,,
50,gnb1,2026-08-19T09:48:15.054283,4040,BSR,0x46,,,,,,,,,,,,,,,0
50,gnb1,2026-08-19T09:48:15.054824,4040,PDSCH,0x46,50,4587,6,0,,,,,,,,,,,
50,gnb1,2026-08-19T09:48:15.079851,4041,PUCCH_CQI,0x46,,,,,,,,,,,111.8,15,2,,
50,gnb1,2026-08-19T09:48:15.080540,4041,PDSCH,0x46,47,4395,6,0,,,,,,,,,,,
50,gnb1,2026-08-19T09:48:15.104776,4042,PDSCH,0x46,50,4587,6,0,,,,,,,,,,,
50,gnb1,2026-08-19T09:48:15.129834,4043,PDSCH,0x46,3,121,6,0,,,,,,,,,,,
50,gnb1,2026-08-19T09:48:15.255325,4048,PUSCH,0x46,,,,,2,8,517,4,111.4,253,,,,,
50,gnb1,2026-08-19T09:48:15.277626,4049,PDSCH,0x46,50,4587,6,0,,,,,,,,,,,
50,gnb1,2026-08-19T09:48:15.298232,4050,PDSCH,0x46,3,7,2,0,,,,,,,,,,,
50,gnb1,2026-08-19T09:48:15.497712,4060,BSR,0x46,,,,,,,,,,,,,,,0
50,gnb1,2026-08-19T09:48:15.655738,4068,PUSCH,0x46,,,,,2,8,517,4,111.4,189,,,,,
50,gnb1,2026-08-19T09:48:15.679323,4069,BSR,0x46,,,,,,,,,,,,,,,0
50,gnb1,2026-08-19T09:48:15.842393,4077,PUSCH,0x46,,,,,2,9,621,4,110.0,251,,,,,
50,gnb1,2026-08-19T09:48:15.842460,4077,BSR,0x46,,,,,,,,,,,,,,,0
50,gnb1,2026-08-19T09:48:15.869848,4078,PDSCH,0x46,50,4587,6,0,,,,,,,,,,,
50,gnb1,2026-08-19T09:48:15.894473,4079,PDSCH,0x46,50,4587,6,0,,,,,,,,,,,
50,gnb1,2026-08-19T09:48:15.913468,4080,PDSCH,0x46,50,4587,6,0,,,,,,,,,,,
50,gnb1,2026-08-19T09:48:15.931612,4081,PUCCH_CQI,0x46,,,,,,,,,,,111.8,15,2,,
50,gnb1,2026-08-19T09:48:15.948858,4082,PDSCH,0x46,6,325,6,0,,,,,,,,,,,
50,gnb1,2026-08-19T09:48:16.014617,4085,PUSCH,0x46,,,,,2,9,621,4,110.0,211,,,,,
50,gnb1,2026-08-19T09:48:16.328228,4100,BSR,0x46,,,,,,,,,,,,,,,0
50,gnb1,2026-08-19T09:48:16.328381,4100,PDSCH,0x46,3,7,2,0,,,,,,,,,,,
50,gnb1,2026-08-19T09:48:16.485725,4108,PUSCH,0x46,,,,,2,8,517,4,111.4,216,,,,,
50,gnb1,2026-08-19T09:48:16.485769,4108,PHR,,,,,,,,,,,,,,,,
50,gnb1,2026-08-19T09:48:16.505442,4109,BSR,0x46,,,,,,,,,,,,,,,0
50,gnb1,2026-08-19T09:48:16.505942,4109,PDSCH,0x46,50,4587,6,0,,,,,,,,,,,
50,gnb1,2026-08-19T09:48:16.527306,4110,PDSCH,0x46,50,4587,6,0,,,,,,,,,,,
50,gnb1,2026-08-19T09:48:16.545037,4111,PDSCH,0x46,12,693,6,0,,,,,,,,,,,
50,gnb1,2026-08-19T09:48:16.666108,4117,PUSCH,0x46,,,,,2,1,87,4,117.9,169,,,,,
50,gnb1,2026-08-19T09:48:16.666166,4117,BSR,0x46,,,,,,,,,,,,,,,0
50,gnb1,2026-08-19T09:48:16.685997,4118,BSR,0x46,,,,,,,,,,,,,,,0
50,gnb1,2026-08-19T09:48:16.746453,4121,PUCCH_CQI,0x46,,,,,,,,,,,111.8,15,2,,
50,gnb1,2026-08-19T09:48:16.838016,4125,PUSCH,0x46,,,,,2,1,87,4,117.8,83,,,,,
50,gnb1,2026-08-19T09:48:16.838076,4125,BSR,0x46,,,,,,,,,,,,,,,0
50,gnb1,2026-08-19T09:48:16.859745,4126,PUSCH,0x46,,,,,2,0,9,2,117.7,102,,,,,
50,gnb1,2026-08-19T09:48:16.859810,4126,BSR,0x46,,,,,,,,,,,,,,,0
50,gnb1,2026-08-19T09:48:16.879611,4127,BSR,0x46,,,,,,,,,,,,,,,0
50,gnb1,2026-08-19T09:48:16.879973,4127,PDSCH,0x46,18,1431,6,0,,,,,,,,,,,
50,gnb1,2026-08-19T09:48:16.993437,4133,PUSCH,0x46,,,,,2,1,87,4,118.0,83,,,,,
50,gnb1,2026-08-19T09:48:16.993536,4133,BSR,0x46,,,,,,,,,,,,,,,0
50,gnb1,2026-08-19T09:48:17.012989,4134,PUSCH,0x46,,,,,2,7,437,4,114.3,165,,,,,
50,gnb1,2026-08-19T09:48:17.013066,4134,BSR,0x46,,,,,,,,,,,,,,,0
50,gnb1,2026-08-19T09:48:17.013360,4134,PDSCH,0x46,18,1431,6,0,,,,,,,,,,,
50,gnb1,2026-08-19T09:48:17.034505,4135,PUSCH,0x46,,,,,2,4,269,4,117.9,142,,,,,
50,gnb1,2026-08-19T09:48:17.035158,4135,PDSCH,0x46,50,4587,6,0,,,,,,,,,,,
50,gnb1,2026-08-19T09:48:17.054678,4136,PDSCH,0x46,33,2481,6,0,,,,,,,,,,,
50,gnb1,2026-08-19T09:48:17.161153,4141,PUSCH,0x46,,,,,2,1,75,4,118.0,96,,,,,
50,gnb1,2026-08-19T09:48:17.179029,4142,PUSCH,0x46,,,,,2,11,693,4,108.5,291,,,,,
50,gnb1,2026-08-19T09:48:17.179099,4142,BSR,0x46,,,,,,,,,,,,,,,0
50,gnb1,2026-08-19T09:48:17.197873,4143,PDSCH,0x46,18,1431,6,0,,,,,,,,,,,
50,gnb1,2026-08-19T09:48:17.352636,4150,PUSCH,0x46,,,,,2,0,15,2,117.8,97,,,,,
50,gnb1,2026-08-19T09:48:17.352859,4150,PDSCH,0x46,3,7,2,0,,,,,,,,,,,
50,gnb1,2026-08-19T09:48:17.371407,4151,BSR,0x46,,,,,,,,,,,,,,,0
50,gnb1,2026-08-19T09:48:17.536182,4159,PUSCH,0x46,,,,,2,7,469,4,114.2,192,,,,,
50,gnb1,2026-08-19T09:48:17.536201,4159,PHR,,,,,,,,,,,,,,,,
50,gnb1,2026-08-19T09:48:17.536233,4159,BSR,0x46,,,,,,,,,,,,,,,0
50,gnb1,2026-08-19T09:48:17.557026,4160,BSR,0x46,,,,,,,,,,,,,,,0
50,gnb1,2026-08-19T09:48:17.557495,4160,PDSCH,0x46,50,4587,6,0,,,,,,,,,,,
50,gnb1,2026-08-19T09:48:17.582908,4161,PUCCH_CQI,0x46,,,,,,,,,,,111.8,15,2,,
50,gnb1,2026-08-19T09:48:17.603888,4162,PDSCH,0x46,33,2481,6,0,,,,,,,,,,,
50,gnb1,2026-08-19T09:48:17.706432,4167,PUSCH,0x46,,,,,2,7,469,4,114.2,175,,,,,
50,gnb1,2026-08-19T09:48:17.706486,4167,BSR,0x46,,,,,,,,,,,,,,,0
50,gnb1,2026-08-19T09:48:17.729168,4168,PUSCH,0x46,,,,,2,3,233,4,117.9,137,,,,,
50,gnb1,2026-08-19T09:48:17.729526,4168,PDSCH,0x46,21,1527,6,0,,,,,,,,,,,
50,gnb1,2026-08-19T09:48:17.863291,4175,PUSCH,0x46,,,,,2,7,469,4,114.2,217,,,,,
50,gnb1,2026-08-19T09:48:17.884524,4176,PDSCH,0x46,50,4587,6,0,,,,,,,,,,,
50,gnb1,2026-08-19T09:48:17.960708,4180,BSR,0x46,,,,,,,,,,,,,,,0
50,gnb1,2026-08-19T09:48:18.136336,4188,PUSCH,0x46,,,,,2,8,517,4,111.4,247,,,,,
50,gnb1,2026-08-19T09:48:18.162299,4189,PDSCH,0x46,50,4587,6,0,,,,,,,,,,,
50,gnb1,2026-08-19T09:48:18.179639,4190,PDSCH,0x46,15,1063,6,0,,,,,,,,,,,
50,gnb1,2026-08-19T09:48:18.370621,4200,BSR,0x46,,,,,,,,,,,,,,,0
50,gnb1,2026-08-19T09:48:18.370807,4200,PDSCH,0x46,3,7,2,0,,,,,,,,,,,
50,gnb1,2026-08-19T09:48:18.388884,4201,PUCCH_CQI,0x46,,,,,,,,,,,111.8,15,2,,
50,gnb1,2026-08-19T09:48:18.526846,4208,PUSCH,0x46,,,,,2,8,517,4,111.4,204,,,,,
50,gnb1,2026-08-19T09:48:18.548133,4209,PDSCH,0x46,50,4587,6,0,,,,,,,,,,,
50,gnb1,2026-08-19T09:48:18.571146,4210,PDSCH,0x46,15,1063,6,0,,,,,,,,,,,
50,gnb1,2026-08-19T09:48:18.781741,4220,BSR,0x46,,,,,,,,,,,,,,,0
50,gnb1,2026-08-19T09:48:18.947157,4228,PUSCH,0x46,,,,,2,8,517,4,111.4,319,,,,,
50,gnb1,2026-08-19T09:48:18.947224,4228,PHR,,,,,,,,,,,,,,,,
50,gnb1,2026-08-19T09:48:18.967860,4229,PDSCH,0x46,50,4587,6,0,,,,,,,,,,,
50,gnb1,2026-08-19T09:48:18.993302,4230,PDSCH,0x46,33,2481,6,0,,,,,,,,,,,
50,gnb1,2026-08-19T09:48:19.192713,4240,BSR,0x46,,,,,,,,,,,,,,,0
50,gnb1,2026-08-19T09:48:19.215432,4241,PUCCH_CQI,0x46,,,,,,,,,,,111.8,15,2,,
50,gnb1,2026-08-19T09:48:19.355295,4248,PUSCH,0x46,,,,,2,8,517,4,111.4,220,,,,,
50,gnb1,2026-08-19T09:48:19.377311,4249,PDSCH,0x46,50,4587,6,0,,,,,,,,,,,
50,gnb1,2026-08-19T09:48:19.395376,4250,PDSCH,0x46,33,2481,6,0,,,,,,,,,,,
50,gnb1,2026-08-19T09:48:19.602993,4260,BSR,0x46,,,,,,,,,,,,,,,0
50,gnb1,2026-08-19T09:48:19.779108,4268,PUSCH,0x46,,,,,2,8,517,4,111.4,201,,,,,
50,gnb1,2026-08-19T09:48:19.797858,4269,PDSCH,0x46,50,4587,6,0,,,,,,,,,,,
50,gnb1,2026-08-19T09:48:19.816535,4270,PDSCH,0x46,33,2481,6,0,,,,,,,,,,,
50,gnb1,2026-08-19T09:48:20.026855,4280,BSR,0x46,,,,,,,,,,,,,,,0
50,gnb1,2026-08-19T09:48:20.046394,4281,PUCCH_CQI,0x46,,,,,,,,,,,111.8,15,2,,
50,gnb1,2026-08-19T09:48:20.187109,4288,PUSCH,0x46,,,,,2,8,517,4,111.4,189,,,,,
50,gnb1,2026-08-19T09:48:20.187127,4288,PHR,,,,,,,,,,,,,,,,
50,gnb1,2026-08-19T09:48:20.208225,4289,PDSCH,0x46,50,4587,6,0,,,,,,,,,,,
50,gnb1,2026-08-19T09:48:20.223973,4290,PDSCH,0x46,15,1063,6,0,,,,,,,,,,,
50,gnb1,2026-08-19T09:48:20.418666,4300,BSR,0x46,,,,,,,,,,,,,,,0
50,gnb1,2026-08-19T09:48:20.418827,4300,PDSCH,0x46,3,7,2,0,,,,,,,,,,,
50,gnb1,2026-08-19T09:48:20.580706,4308,PUSCH,0x46,,,,,2,8,517,4,111.4,164,,,,,
50,gnb1,2026-08-19T09:48:20.600500,4309,PDSCH,0x46,50,4587,6,0,,,,,,,,,,,
50,gnb1,2026-08-19T09:48:20.617991,4310,PDSCH,0x46,15,1063,6,0,,,,,,,,,,,
50,gnb1,2026-08-19T09:48:20.638529,4311,PDSCH,0x46,18,1431,6,0,,,,,,,,,,,
50,gnb1,2026-08-19T09:48:20.823295,4320,BSR,0x46,,,,,,,,,,,,,,,0
50,gnb1,2026-08-19T09:48:20.838499,4321,PUCCH_CQI,0x46,,,,,,,,,,,111.8,15,2,,
50,gnb1,2026-08-19T09:48:20.985735,4328,PUSCH,0x46,,,,,2,8,517,4,111.4,193,,,,,
50,gnb1,2026-08-19T09:48:21.002588,4329,PDSCH,0x46,50,4587,6,0,,,,,,,,,,,
50,gnb1,2026-08-19T09:48:21.020276,4330,PDSCH,0x46,15,1063,6,0,,,,,,,,,,,
50,gnb1,2026-08-19T09:48:21.209943,4340,BSR,0x46,,,,,,,,,,,,,,,0
50,gnb1,2026-08-19T09:48:21.373658,4348,PUSCH,0x46,,,,,2,8,517,4,111.4,180,,,,,
50,gnb1,2026-08-19T09:48:21.373752,4348,PHR,,,,,,,,,,,,,,,,
50,gnb1,2026-08-19T09:48:21.396262,4349,PDSCH,0x46,50,4587,6,0,,,,,,,,,,,
50,gnb1,2026-08-19T09:48:21.417860,4350,PDSCH,0x46,15,1063,6,0,,,,,,,,,,,
50,gnb1,2026-08-19T09:48:21.635444,4360,BSR,0x46,,,,,,,,,,,,,,,0
50,gnb1,2026-08-19T09:48:21.658580,4361,PUCCH_CQI,0x46,,,,,,,,,,,111.8,15,2,,
50,gnb1,2026-08-19T09:48:21.789334,4368,PUSCH,0x46,,,,,2,8,517,4,111.4,229,,,,,
50,gnb1,2026-08-19T09:48:21.805055,4369,PDSCH,0x46,50,4587,6,0,,,,,,,,,,,
50,gnb1,2026-08-19T09:48:21.831039,4370,PDSCH,0x46,50,4587,6,0,,,,,,,,,,,
50,gnb1,2026-08-19T09:48:21.853665,4371,PDSCH,0x46,12,693,6,0,,,,,,,,,,,
50,gnb1,2026-08-19T09:48:22.055556,4380,BSR,0x46,,,,,,,,,,,,,,,0
50,gnb1,2026-08-19T09:48:22.219203,4388,PUSCH,0x46,,,,,2,8,517,4,111.4,190,,,,,
50,gnb1,2026-08-19T09:48:22.240010,4389,PDSCH,0x46,50,4587,6,0,,,,,,,,,,,
50,gnb1,2026-08-19T09:48:22.263061,4390,PDSCH,0x46,50,4587,6,0,,,,,,,,,,,
50,gnb1,2026-08-19T09:48:22.284583,4391,PDSCH,0x46,12,693,6,0,,,,,,,,,,,
50,gnb1,2026-08-19T09:48:22.473815,4400,BSR,0x46,,,,,,,,,,,,,,,0
50,gnb1,2026-08-19T09:48:22.473963,4400,PDSCH,0x46,3,7,2,0,,,,,,,,,,,
50,gnb1,2026-08-19T09:48:22.493441,4401,PUCCH_CQI,0x46,,,,,,,,,,,111.8,15,2,,
50,gnb1,2026-08-19T09:48:22.649319,4408,PUSCH,0x46,,,,,2,8,517,4,111.4,193,,,,,
50,gnb1,2026-08-19T09:48:22.649435,4408,PHR,,,,,,,,,,,,,,,,
50,gnb1,2026-08-19T09:48:22.670786,4409,PDSCH,0x46,50,4587,6,0,,,,,,,,,,,
50,gnb1,2026-08-19T09:48:22.691509,4410,PDSCH,0x46,50,4587,6,0,,,,,,,,,,,
50,gnb1,2026-08-19T09:48:22.709932,4411,PDSCH,0x46,12,693,6,0,,,,,,,,,,,
50,gnb1,2026-08-19T09:48:22.893167,4420,BSR,0x46,,,,,,,,,,,,,,,0
50,gnb1,2026-08-19T09:48:23.058720,4428,PUSCH,0x46,,,,,2,8,517,4,111.4,191,,,,,
50,gnb1,2026-08-19T09:48:23.088023,4429,PDSCH,0x46,50,4587,6,0,,,,,,,,,,,
50,gnb1,2026-08-19T09:48:23.116623,4430,PDSCH,0x46,50,4587,6,0,,,,,,,,,,,
50,gnb1,2026-08-19T09:48:23.145058,4431,PDSCH,0x46,12,693,6,0,,,,,,,,,,,
50,gnb1,2026-08-19T09:48:23.406096,4440,BSR,0x46,,,,,,,,,,,,,,,0
50,gnb1,2026-08-19T09:48:23.432904,4441,PUCCH_CQI,0x46,,,,,,,,,,,111.8,15,2,,
50,gnb1,2026-08-19T09:48:23.633974,4448,PUSCH,0x46,,,,,2,8,517,4,111.4,228,,,,,
50,gnb1,2026-08-19T09:48:23.662169,4449,PDSCH,0x46,50,4587,6,0,,,,,,,,,,,
50,gnb1,2026-08-19T09:48:23.688402,4450,PDSCH,0x46,50,3963,6,0,,,,,,,,,,,
50,gnb1,2026-08-19T09:48:23.954726,4460,BSR,0x46,,,,,,,,,,,,,,,0
50,gnb1,2026-08-19T09:48:24.112438,4468,PUSCH,0x46,,,,,2,8,517,4,111.4,267,,,,,
50,gnb1,2026-08-19T09:48:24.112504,4468,PHR,,,,,,,,,,,,,,,,
50,gnb1,2026-08-19T09:48:24.134240,4469,PDSCH,0x46,50,4587,6,0,,,,,,,,,,,
50,gnb1,2026-08-19T09:48:24.152195,4470,PDSCH,0x46,50,3963,6,0,,,,,,,,,,,
50,gnb1,2026-08-19T09:48:24.370567,4480,BSR,0x46,,,,,,,,,,,,,,,0
50,gnb1,2026-08-19T09:48:24.391107,4481,PUCCH_CQI,0x46,,,,,,,,,,,111.8,15,2,,
50,gnb1,2026-08-19T09:48:24.511176,4487,PDSCH,0x46,18,1431,6,0,,,,,,,,,,,
50,gnb1,2026-08-19T09:48:24.528128,4488,PUSCH,0x46,,,,,2,8,517,4,111.4,192,,,,,
50,gnb1,2026-08-19T09:48:24.546481,4489,PDSCH,0x46,50,4587,6,0,,,,,,,,,,,
50,gnb1,2026-08-19T09:48:24.765799,4500,BSR,0x46,,,,,,,,,,,,,,,0
50,gnb1,2026-08-19T09:48:24.765967,4500,PDSCH,0x46,3,7,2,0,,,,,,,,,,,
50,gnb1,2026-08-19T09:48:24.920948,4508,PUSCH,0x46,,,,,2,8,517,4,111.4,200,,,,,
50,gnb1,2026-08-19T09:48:24.939701,4509,PDSCH,0x46,50,4587,6,0,,,,,,,,,,,
50,gnb1,2026-08-19T09:48:24.961091,4510,PDSCH,0x46,15,1063,6,0,,,,,,,,,,,
50,gnb1,2026-08-19T09:48:25.174857,4520,BSR,0x46,,,,,,,,,,,,,,,0
50,gnb1,2026-08-19T09:48:25.195685,4521,PUCCH_CQI,0x46,,,,,,,,,,,111.8,15,2,,
50,gnb1,2026-08-19T09:48:25.338024,4528,PUSCH,0x46,,,,,2,8,517,4,111.4,204,,,,,
50,gnb1,2026-08-19T09:48:25.338129,4528,PHR,,,,,,,,,,,,,,,,
50,gnb1,2026-08-19T09:48:25.369424,4529,PDSCH,0x46,50,4587,6,0,,,,,,,,,,,
50,gnb1,2026-08-19T09:48:25.398963,4530,PDSCH,0x46,50,3963,6,0,,,,,,,,,,,
50,gnb1,2026-08-19T09:48:25.698477,4540,BSR,0x46,,,,,,,,,,,,,,,0
50,gnb1,2026-08-19T09:48:25.926684,4548,PUSCH,0x46,,,,,2,8,517,4,111.4,177,,,,,
50,gnb1,2026-08-19T09:48:25.953929,4549,PDSCH,0x46,50,4587,6,0,,,,,,,,,,,
50,gnb1,2026-08-19T09:48:25.978958,4550,PDSCH,0x46,50,4587,6,0,,,,,,,,,,,
50,gnb1,2026-08-19T09:48:26.089509,4554,PDSCH,0x46,18,1431,6,0,,,,,,,,,,,
50,gnb1,2026-08-19T09:48:26.238929,4560,BSR,0x46,,,,,,,,,,,,,,,0
50,gnb1,2026-08-19T09:48:26.257114,4561,PUCCH_CQI,0x46,,,,,,,,,,,111.8,15,2,,
50,gnb1,2026-08-19T09:48:26.405374,4568,PUSCH,0x46,,,,,2,8,517,4,111.4,319,,,,,
50,gnb1,2026-08-19T09:48:26.427560,4569,PDSCH,0x46,50,4587,6,0,,,,,,,,,,,
50,gnb1,2026-08-19T09:48:26.445514,4570,PDSCH,0x46,18,1431,6,0,,,,,,,,,,,
50,gnb1,2026-08-19T09:48:26.654892,4580,BSR,0x46,,,,,,,,,,,,,,,0
50,gnb1,2026-08-19T09:48:26.805586,4588,PUSCH,0x46,,,,,2,8,517,4,111.4,195,,,,,
50,gnb1,2026-08-19T09:48:26.805666,4588,PHR,,,,,,,,,,,,,,,,
50,gnb1,2026-08-19T09:48:26.830581,4589,PDSCH,0x46,21,1527,6,0,,,,,,,,,,,
50,gnb1,2026-08-19T09:48:27.072853,4600,BSR,0x46,,,,,,,,,,,,,,,0
50,gnb1,2026-08-19T09:48:27.073091,4600,PDSCH,0x46,3,7,2,0,,,,,,,,,,,
50,gnb1,2026-08-19T09:48:27.098101,4601,PUCCH_CQI,0x46,,,,,,,,,,,111.8,15,2,,
50,gnb1,2026-08-19T09:48:27.258110,4608,PUSCH,0x46,,,,,2,8,517,4,111.4,228,,,,,
50,gnb1,2026-08-19T09:48:27.927935,4640,BSR,0x46,,,,,,,,,,,,,,,0
50,gnb1,2026-08-19T09:48:27.950197,4641,PUCCH_CQI,0x46,,,,,,,,,,,111.8,15,2,,
50,gnb1,2026-08-19T09:48:28.106515,4648,PUSCH,0x46,,,,,2,8,517,4,111.4,227,,,,,
50,gnb1,2026-08-19T09:48:28.106569,4648,PHR,,,,,,,,,,,,,,,,
50,gnb1,2026-08-19T09:48:28.142244,4650,PDSCH,0x46,3,7,2,0,,,,,,,,,,,
50,gnb1,2026-08-19T09:48:28.768340,4680,BSR,0x46,,,,,,,,,,,,,,,0
50,gnb1,2026-08-19T09:48:28.790195,4681,PUCCH_CQI,0x46,,,,,,,,,,,111.8,15,2,,
50,gnb1,2026-08-19T09:48:28.924467,4688,PUSCH,0x46,,,,,2,8,517,4,111.4,191,,,,,
50,gnb1,2026-08-19T09:48:29.182432,4700,BSR,0x46,,,,,,,,,,,,,,,0
50,gnb1,2026-08-19T09:48:29.182623,4700,PDSCH,0x46,3,7,2,0,,,,,,,,,,,
50,gnb1,2026-08-19T09:48:29.348940,4708,PUSCH,0x46,,,,,2,8,517,4,111.4,213,,,,,
50,gnb1,2026-08-19T09:48:29.349045,4708,PHR,,,,,,,,,,,,,,,,
50,gnb1,2026-08-19T09:48:29.585516,4720,BSR,0x46,,,,,,,,,,,,,,,0
50,gnb1,2026-08-19T09:48:29.603852,4721,PUCCH_CQI,0x46,,,,,,,,,,,111.8,15,2,,
50,gnb1,2026-08-19T09:48:29.738143,4728,PUSCH,0x46,,,,,2,8,517,4,111.4,220,,,,,
50,gnb1,2026-08-19T09:48:30.183989,4750,PDSCH,0x46,3,7,2,0,,,,,,,,,,,
50,gnb1,2026-08-19T09:48:30.374105,4760,BSR,0x46,,,,,,,,,,,,,,,0
50,gnb1,2026-08-19T09:48:30.396081,4761,PUCCH_CQI,0x46,,,,,,,,,,,111.8,15,2,,
50,gnb1,2026-08-19T09:48:30.532860,4768,PUSCH,0x46,,,,,2,8,517,4,111.4,201,,,,,
50,gnb1,2026-08-19T09:48:30.533005,4768,PHR,,,,,,,,,,,,,,,,
50,gnb1,2026-08-19T09:48:30.777469,4780,BSR,0x46,,,,,,,,,,,,,,,0
50,gnb1,2026-08-19T09:48:30.946468,4788,PUSCH,0x46,,,,,2,8,517,4,111.4,229,,,,,
50,gnb1,2026-08-19T09:48:31.213935,4800,BSR,0x46,,,,,,,,,,,,,,,0
50,gnb1,2026-08-19T09:48:31.214137,4800,PDSCH,0x46,3,7,2,0,,,,,,,,,,,
50,gnb1,2026-08-19T09:48:31.238051,4801,PUCCH_CQI,0x46,,,,,,,,,,,111.8,15,2,,
50,gnb1,2026-08-19T09:48:31.384104,4808,PUSCH,0x46,,,,,2,8,517,4,111.4,306,,,,,
50,gnb1,2026-08-19T09:48:31.637227,4820,BSR,0x46,,,,,,,,,,,,,,,0
50,gnb1,2026-08-19T09:48:31.815333,4828,PUSCH,0x46,,,,,2,8,517,4,111.4,217,,,,,
50,gnb1,2026-08-19T09:48:31.815344,4828,PHR,,,,,,,,,,,,,,,,
50,gnb1,2026-08-19T09:48:32.084222,4841,PUCCH_CQI,0x46,,,,,,,,,,,111.8,15,2,,
50,gnb1,2026-08-19T09:48:32.264300,4850,PDSCH,0x46,3,7,2,0,,,,,,,,,,,
50,gnb1,2026-08-19T09:48:32.473090,4860,BSR,0x46,,,,,,,,,,,,,,,0
50,gnb1,2026-08-19T09:48:32.646889,4868,PUSCH,0x46,,,,,2,8,517,4,111.4,268,,,,,
50,gnb1,2026-08-19T09:48:32.878581,4880,BSR,0x46,,,,,,,,,,,,,,,0
50,gnb1,2026-08-19T09:48:32.902735,4881,PUCCH_CQI,0x46,,,,,,,,,,,111.8,15,2,,
50,gnb1,2026-08-19T09:48:33.051258,4888,PUSCH,0x46,,,,,2,8,517,4,111.4,191,,,,,
50,gnb1,2026-08-19T09:48:33.051341,4888,PHR,,,,,,,,,,,,,,,,
50,gnb1,2026-08-19T09:48:33.299718,4900,BSR,0x46,,,,,,,,,,,,,,,0
50,gnb1,2026-08-19T09:48:33.299885,4900,PDSCH,0x46,3,7,2,0,,,,,,,,,,,
50,gnb1,2026-08-19T09:48:33.462066,4908,PUSCH,0x46,,,,,2,8,517,4,111.4,230,,,,,
50,gnb1,2026-08-19T09:48:33.749851,4921,PUCCH_CQI,0x46,,,,,,,,,,,111.8,15,2,,
50,gnb1,2026-08-19T09:48:34.364876,4950,PDSCH,0x46,3,7,2,0,,,,,,,,,,,
50,gnb1,2026-08-19T09:48:34.599904,4961,PUCCH_CQI,0x46,,,,,,,,,,,111.8,15,2,,
50,gnb1,2026-08-19T09:48:35.437582,5001,PUCCH_CQI,0x46,,,,,,,,,,,111.8,15,2,,
50,gnb1,2026-08-19T09:48:36.247691,5041,PUCCH_CQI,0x46,,,,,,,,,,,111.8,15,2,,
50,gnb1,2026-08-19T09:48:37.042158,5081,PUCCH_CQI,0x46,,,,,,,,,,,111.8,15,2,,
50,gnb1,2026-08-19T09:48:37.842914,5121,PUCCH_CQI,0x46,,,,,,,,,,,111.8,15,2,,
50,gnb1,2026-08-19T09:48:38.646122,5161,PUCCH_CQI,0x46,,,,,,,,,,,111.8,15,2,,
50,gnb1,2026-08-19T09:48:39.433661,5200,BSR,0x46,,,,,,,,,,,,,,,0
50,gnb1,2026-08-19T09:48:39.458507,5201,PUCCH_CQI,0x46,,,,,,,,,,,111.8,15,2,,
50,gnb1,2026-08-19T09:48:39.621175,5208,PUSCH,0x46,,,,,2,8,517,4,111.4,327,,,,,
50,gnb1,2026-08-19T09:48:39.621244,5208,PHR,,,,,,,,,,,,,,,,
50,gnb1,2026-08-19T09:48:39.645561,5209,PDSCH,0x46,3,7,2,0,,,,,,,,,,,
50,gnb1,2026-08-19T09:48:39.690818,5211,PDSCH,0x46,3,18,2,0,,,,,,,,,,,
50,gnb1,2026-08-19T09:48:39.893630,5220,BSR,0x46,,,,,,,,,,,,,,,0
51,gnb1,2026-08-19T09:54:39.128780,342,PDSCH,0x2,3,11,2,0,,,,,,,,,,,
51,gnb1,2026-08-19T09:54:39.156203,344,BSR,0x46,,,,,,,,,,,,,,,0
51,gnb1,2026-08-19T09:54:39.377361,352,PUSCH,0x46,,,,,2,2,7,2,118.0,230,,,,,
51,gnb1,2026-08-19T09:54:39.432549,354,PDSCH,0x46,3,32,2,0,,,,,,,,,,,
51,gnb1,2026-08-19T09:54:39.597748,361,PUCCH_CQI,0x46,,,,,,,,,,,-inf,0,2,,
51,gnb1,2026-08-19T09:54:40.068804,380,BSR,0x46,,,,,,,,,,,,,,,0
51,gnb1,2026-08-19T09:54:40.265041,388,PUSCH,0x46,,,,,2,44,157,2,109.0,738,,,,,
51,gnb1,2026-08-19T09:54:40.265077,388,PHR,,,,,,,,,,,,,,,,
51,gnb1,2026-08-19T09:54:40.289015,390,PDSCH,0x46,6,63,2,0,,,,,,,,,,,
51,gnb1,2026-08-19T09:54:40.559481,400,BSR,0x46,,,,,,,,,,,,,,,0
51,gnb1,2026-08-19T09:54:40.583786,401,PUCCH_CQI,0x46,,,,,,,,,,,111.8,15,2,,
51,gnb1,2026-08-19T09:54:40.760457,408,PUSCH,0x46,,,,,2,8,517,4,111.4,531,,,,,
51,gnb1,2026-08-19T09:54:40.784021,409,PDSCH,0x46,3,7,2,0,,,,,,,,,,,
51,gnb1,2026-08-19T09:54:40.813164,410,PDSCH,0x46,3,41,2,0,,,,,,,,,,,
51,gnb1,2026-08-19T09:54:41.058048,420,BSR,0x46,,,,,,,,,,,,,,,0
51,gnb1,2026-08-19T09:54:41.254626,428,PUSCH,0x46,,,,,2,8,517,4,111.4,236,,,,,
51,gnb1,2026-08-19T09:54:41.279580,429,PDSCH,0x46,3,7,2,0,,,,,,,,,,,
51,gnb1,2026-08-19T09:54:41.307377,430,PDSCH,0x46,3,26,2,0,,,,,,,,,,,
51,gnb1,2026-08-19T09:54:41.564913,440,BSR,0x46,,,,,,,,,,,,,,,0
51,gnb1,2026-08-19T09:54:41.587441,441,PUCCH_CQI,0x46,,,,,,,,,,,111.8,15,2,,
51,gnb1,2026-08-19T09:54:41.764476,448,PUSCH,0x46,,,,,2,8,517,4,111.4,229,,,,,
51,gnb1,2026-08-19T09:54:41.764512,448,PHR,,,,,,,,,,,,,,,,
51,gnb1,2026-08-19T09:54:41.793072,449,PDSCH,0x46,3,7,2,0,,,,,,,,,,,
51,gnb1,2026-08-19T09:54:41.819660,450,PDSCH,0x46,3,18,2,0,,,,,,,,,,,
51,gnb1,2026-08-19T09:54:42.066961,460,BSR,0x46,,,,,,,,,,,,,,,0
51,gnb1,2026-08-19T09:54:42.280151,468,PUSCH,0x46,,,,,2,8,517,4,111.4,242,,,,,
51,gnb1,2026-08-19T09:54:42.309878,469,PDSCH,0x46,3,22,2,0,,,,,,,,,,,
51,gnb1,2026-08-19T09:54:42.571570,480,BSR,0x46,,,,,,,,,,,,,,,0
51,gnb1,2026-08-19T09:54:42.599982,481,PUCCH_CQI,0x46,,,,,,,,,,,111.8,15,2,,
51,gnb1,2026-08-19T09:54:42.776493,488,PUSCH,0x46,,,,,2,8,517,4,111.4,157,,,,,
51,gnb1,2026-08-19T09:54:42.805355,489,PDSCH,0x46,3,7,2,0,,,,,,,,,,,
51,gnb1,2026-08-19T09:54:42.826126,490,PDSCH,0x46,3,113,4,0,,,,,,,,,,,
51,gnb1,2026-08-19T09:54:43.082645,500,BSR,0x46,,,,,,,,,,,,,,,0
51,gnb1,2026-08-19T09:54:43.289330,508,PUSCH,0x46,,,,,2,8,517,4,111.4,242,,,,,
51,gnb1,2026-08-19T09:54:43.289455,508,PHR,,,,,,,,,,,,,,,,
51,gnb1,2026-08-19T09:54:43.313732,509,PDSCH,0x46,3,18,2,0,,,,,,,,,,,
51,gnb1,2026-08-19T09:54:43.537853,518,PDSCH,0x46,3,73,4,0,,,,,,,,,,,
51,gnb1,2026-08-19T09:54:43.611974,521,PUCCH_CQI,0x46,,,,,,,,,,,111.8,15,2,,
51,gnb1,2026-08-19T09:54:44.068526,540,BSR,0x46,,,,,,,,,,,,,,,0
51,gnb1,2026-08-19T09:54:44.278135,548,PUSCH,0x46,,,,,2,8,517,4,111.4,483,,,,,
51,gnb1,2026-08-19T09:54:44.585072,561,PUCCH_CQI,0x46,,,,,,,,,,,111.8,15,2,,
51,gnb1,2026-08-19T09:54:45.552296,601,PUCCH_CQI,0x46,,,,,,,,,,,111.8,15,2,,
51,gnb1,2026-08-19T09:54:46.569188,641,PUCCH_CQI,0x46,,,,,,,,,,,111.8,15,2,,
51,gnb1,2026-08-19T09:54:47.587811,681,PUCCH_CQI,0x46,,,,,,,,,,,111.8,15,2,,
51,gnb1,2026-08-19T09:54:48.594551,721,PUCCH_CQI,0x46,,,,,,,,,,,111.8,15,2,,
51,gnb1,2026-08-19T09:54:49.593260,761,PUCCH_CQI,0x46,,,,,,,,,,,111.8,15,2,,
51,gnb1,2026-08-19T09:54:50.604602,801,PUCCH_CQI,0x46,,,,,,,,,,,111.8,15,2,,
51,gnb1,2026-08-19T09:54:51.609243,841,PUCCH_CQI,0x46,,,,,,,,,,,111.8,15,2,,
51,gnb1,2026-08-19T09:54:52.617847,881,PUCCH_CQI,0x46,,,,,,,,,,,111.8,15,2,,
51,gnb1,2026-08-19T09:54:53.611280,921,PUCCH_CQI,0x46,,,,,,,,,,,111.8,15,2,,
51,gnb1,2026-08-19T09:54:54.606244,961,PUCCH_CQI,0x46,,,,,,,,,,,111.8,15,2,,
51,gnb1,2026-08-19T09:54:55.610699,1001,PUCCH_CQI,0x46,,,,,,,,,,,111.8,15,2,,
51,gnb1,2026-08-19T09:54:56.637740,1041,PUCCH_CQI,0x46,,,,,,,,,,,111.8,15,2,,
51,gnb1,2026-08-19T09:54:57.665195,1081,PUCCH_CQI,0x46,,,,,,,,,,,111.8,15,2,,
51,gnb1,2026-08-19T09:54:58.667301,1121,PUCCH_CQI,0x46,,,,,,,,,,,111.8,15,2,,
51,gnb1,2026-08-19T09:54:59.650255,1161,PUCCH_CQI,0x46,,,,,,,,,,,111.8,15,2,,
51,gnb1,2026-08-19T09:55:00.678603,1201,PUCCH_CQI,0x46,,,,,,,,,,,111.8,15,2,,
51,gnb1,2026-08-19T09:55:01.686447,1241,PUCCH_CQI,0x46,,,,,,,,,,,111.8,15,2,,
51,gnb1,2026-08-19T09:55:02.691930,1281,PUCCH_CQI,0x46,,,,,,,,,,,111.8,15,2,,
51,gnb1,2026-08-19T09:55:03.696833,1321,PUCCH_CQI,0x46,,,,,,,,,,,111.8,15,2,,
51,gnb1,2026-08-19T09:55:04.708763,1361,PUCCH_CQI,0x46,,,,,,,,,,,111.8,15,2,,
51,gnb1,2026-08-19T09:55:05.724326,1401,PUCCH_CQI,0x46,,,,,,,,,,,111.8,15,2,,
51,gnb1,2026-08-19T09:55:06.747533,1441,PUCCH_CQI,0x46,,,,,,,,,,,111.8,15,2,,
51,gnb1,2026-08-19T09:55:07.785624,1481,PUCCH_CQI,0x46,,,,,,,,,,,111.8,15,2,,
51,gnb1,2026-08-19T09:55:08.848492,1521,PUCCH_CQI,0x46,,,,,,,,,,,111.8,15,2,,
51,gnb1,2026-08-19T09:55:09.872050,1561,PUCCH_CQI,0x46,,,,,,,,,,,111.8,15,2,,
51,gnb1,2026-08-19T09:55:10.898547,1601,PUCCH_CQI,0x46,,,,,,,,,,,111.8,15,2,,
51,gnb1,2026-08-19T09:55:11.903381,1641,PUCCH_CQI,0x46,,,,,,,,,,,111.8,15,2,,
51,gnb1,2026-08-19T09:55:12.923998,1681,PUCCH_CQI,0x46,,,,,,,,,,,111.8,15,2,,
51,gnb1,2026-08-19T09:55:13.949638,1721,PUCCH_CQI,0x46,,,,,,,,,,,111.8,15,2,,
51,gnb1,2026-08-19T09:55:14.977827,1761,PUCCH_CQI,0x46,,,,,,,,,,,111.8,15,2,,
51,gnb1,2026-08-19T09:55:16.009930,1801,PUCCH_CQI,0x46,,,,,,,,,,,111.8,15,2,,
51,gnb1,2026-08-19T09:55:17.023550,1841,PUCCH_CQI,0x46,,,,,,,,,,,111.8,15,2,,
51,gnb1,2026-08-19T09:55:18.026991,1881,PUCCH_CQI,0x46,,,,,,,,,,,111.8,15,2,,
51,gnb1,2026-08-19T09:55:19.054931,1921,PUCCH_CQI,0x46,,,,,,,,,,,111.8,15,2,,
51,gnb1,2026-08-19T09:55:20.038442,1961,PUCCH_CQI,0x46,,,,,,,,,,,111.8,15,2,,
51,gnb1,2026-08-19T09:55:21.025665,2001,PUCCH_CQI,0x46,,,,,,,,,,,111.8,15,2,,
51,gnb1,2026-08-19T09:55:22.029768,2041,PUCCH_CQI,0x46,,,,,,,,,,,111.8,15,2,,
51,gnb1,2026-08-19T09:55:23.038384,2081,PUCCH_CQI,0x46,,,,,,,,,,,111.8,15,2,,
51,gnb1,2026-08-19T09:55:24.041007,2121,PUCCH_CQI,0x46,,,,,,,,,,,111.8,15,2,,
51,gnb1,2026-08-19T09:55:25.022986,2161,PUCCH_CQI,0x46,,,,,,,,,,,111.8,15,2,,
51,gnb1,2026-08-19T09:55:26.023956,2201,PUCCH_CQI,0x46,,,,,,,,,,,111.8,15,2,,
51,gnb1,2026-08-19T09:55:27.035519,2241,PUCCH_CQI,0x46,,,,,,,,,,,111.8,15,2,,
51,gnb1,2026-08-19T09:55:27.516995,2260,BSR,0x46,,,,,,,,,,,,,,,0
51,gnb1,2026-08-19T09:55:27.731092,2268,PUSCH,0x46,,,,,2,8,517,4,111.4,378,,,,,
51,gnb1,2026-08-19T09:55:27.731117,2268,PHR,,,,,,,,,,,,,,,,
51,gnb1,2026-08-19T09:55:27.754895,2269,PDSCH,0x46,3,85,4,0,,,,,,,,,,,
51,gnb1,2026-08-19T09:55:28.049983,2280,BSR,0x46,,,,,,,,,,,,,,,0
51,gnb1,2026-08-19T09:55:28.070603,2281,PUCCH_CQI,0x46,,,,,,,,,,,111.8,15,2,,
51,gnb1,2026-08-19T09:55:28.254505,2288,PUSCH,0x46,,,,,2,8,517,4,111.4,210,,,,,
51,gnb1,2026-08-19T09:55:28.282024,2289,PDSCH,0x46,3,121,6,0,,,,,,,,,,,
51,gnb1,2026-08-19T09:55:28.552595,2300,BSR,0x46,,,,,,,,,,,,,,,0
51,gnb1,2026-08-19T09:55:28.753109,2308,PUSCH,0x46,,,,,2,8,517,4,111.4,219,,,,,
51,gnb1,2026-08-19T09:55:28.805558,2310,PDSCH,0x46,3,63,4,0,,,,,,,,,,,
51,gnb1,2026-08-19T09:55:29.026753,2319,PDSCH,0x46,3,7,2,0,,,,,,,,,,,
51,gnb1,2026-08-19T09:55:29.058627,2320,BSR,0x46,,,,,,,,,,,,,,,0
51,gnb1,2026-08-19T09:55:29.085344,2321,PUCCH_CQI,0x46,,,,,,,,,,,111.8,15,2,,
51,gnb1,2026-08-19T09:55:29.262407,2328,PUSCH,0x46,,,,,2,8,517,4,111.4,231,,,,,
51,gnb1,2026-08-19T09:55:29.262411,2328,PHR,,,,,,,,,,,,,,,,
51,gnb1,2026-08-19T09:55:29.291442,2329,PDSCH,0x46,3,121,6,0,,,,,,,,,,,
51,gnb1,2026-08-19T09:55:29.557483,2340,BSR,0x46,,,,,,,,,,,,,,,0
51,gnb1,2026-08-19T09:55:29.755547,2348,PUSCH,0x46,,,,,2,8,517,4,111.4,200,,,,,
51,gnb1,2026-08-19T09:55:29.779305,2349,PDSCH,0x46,3,73,4,0,,,,,,,,,,,
51,gnb1,2026-08-19T09:55:30.077605,2360,BSR,0x46,,,,,,,,,,,,,,,0
51,gnb1,2026-08-19T09:55:30.102325,2361,PUCCH_CQI,0x46,,,,,,,,,,,111.8,15,2,,
51,gnb1,2026-08-19T09:55:30.279013,2368,PUSCH,0x46,,,,,2,8,517,4,111.4,223,,,,,
51,gnb1,2026-08-19T09:55:30.302176,2369,PDSCH,0x46,50,4587,6,0,,,,,,,,,,,
51,gnb1,2026-08-19T09:55:30.303201,2370,PDSCH,0x46,50,4587,6,0,,,,,,,,,,,
51,gnb1,2026-08-19T09:55:30.348399,2371,PDSCH,0x46,50,4587,6,0,,,,,,,,,,,
51,gnb1,2026-08-19T09:55:30.348652,2372,PDSCH,0x46,6,437,6,0,,,,,,,,,,,
51,gnb1,2026-08-19T09:55:30.571522,2380,BSR,0x46,,,,,,,,,,,,,,,0
51,gnb1,2026-08-19T09:55:30.795233,2388,PUSCH,0x46,,,,,2,8,517,4,111.4,396,,,,,
51,gnb1,2026-08-19T09:55:30.795344,2388,PHR,,,,,,,,,,,,,,,,
51,gnb1,2026-08-19T09:55:30.822198,2389,BSR,0x46,,,,,,,,,,,,,,,0
51,gnb1,2026-08-19T09:55:30.822779,2389,PDSCH,0x46,50,4587,6,0,,,,,,,,,,,
51,gnb1,2026-08-19T09:55:30.823593,2390,PDSCH,0x46,50,4587,6,0,,,,,,,,,,,
51,gnb1,2026-08-19T09:55:30.865337,2391,PDSCH,0x46,50,4587,6,0,,,,,,,,,,,
51,gnb1,2026-08-19T09:55:30.888435,2392,PDSCH,0x46,50,4587,6,0,,,,,,,,,,,
51,gnb1,2026-08-19T09:55:30.889337,2393,PDSCH,0x46,50,4587,6,0,,,,,,,,,,,
51,gnb1,2026-08-19T09:55:31.011578,2397,PUSCH,0x46,,,,,2,1,113,4,117.9,136,,,,,
51,gnb1,2026-08-19T09:55:31.011642,2397,BSR,0x46,,,,,,,,,,,,,,,0
51,gnb1,2026-08-19T09:55:31.042967,2398,PDSCH,0x46,50,4587,6,0,,,,,,,,,,,
51,gnb1,2026-08-19T09:55:31.043739,2399,PDSCH,0x46,15,1063,6,0,,,,,,,,,,,
51,gnb1,2026-08-19T09:55:31.099082,2400,BSR,0x46,,,,,,,,,,,,,,,0
51,gnb1,2026-08-19T09:55:31.120641,2401,PUCCH_CQI,0x46,,,,,,,,,,,111.8,15,2a,,
51,gnb1,2026-08-19T09:55:31.220155,2405,PUSCH,0x46,,,,,2,1,113,4,117.8,66,,,,,
51,gnb1,2026-08-19T09:55:31.245866,2406,BSR,0x46,,,,,,,,,,,,,,,0
51,gnb1,2026-08-19T09:55:31.298008,2408,PUSCH,0x46,,,,,2,7,437,4,114.2,310,,,,,
51,gnb1,2026-08-19T09:55:31.298082,2408,BSR,0x46,,,,,,,,,,,,,,,0
51,gnb1,2026-08-19T09:55:31.324162,2409,BSR,0x46,,,,,,,,,,,,,,,0
51,gnb1,2026-08-19T09:55:31.324558,2409,PDSCH,0x46,50,4587,6,0,,,,,,,,,,,
51,gnb1,2026-08-19T09:55:31.351004,2410,PDSCH,0x46,50,4587,6,0,,,,,,,,,,,
51,gnb1,2026-08-19T09:55:31.368032,2411,PDSCH,0x46,50,4587,6,0,,,,,,,,,,,
51,gnb1,2026-08-19T09:55:31.397690,2412,PDSCH,0x46,42,3182,6,0,,,,,,,,,,,
51,gnb1,2026-08-19T09:55:31.452995,2414,PUSCH,0x46,,,,,2,4,293,4,117.9,225,,,,,
51,gnb1,2026-08-19T09:55:31.453068,2414,BSR,0x46,,,,,,,,,,,,,,,0
51,gnb1,2026-08-19T09:55:31.472569,2415,BSR,0x46,,,,,,,,,,,,,,,0
51,gnb1,2026-08-19T09:55:31.473160,2415,PDSCH,0x46,47,4395,6,0,,,,,,,,,,,
51,gnb1,2026-08-19T09:55:31.505139,2416,PUSCH,0x46,,,,,2,7,437,4,114.2,172,,,,,
51,gnb1,2026-08-19T09:55:31.505236,2416,BSR,0x46,,,,,,,,,,,,,,,0
51,gnb1,2026-08-19T09:55:31.505777,2416,PDSCH,0x46,50,4587,6,0,,,,,,,,,,,
51,gnb1,2026-08-19T09:55:31.506149,2417,PUSCH,0x46,,,,,2,3,249,4,117.9,164,,,,,
51,gnb1,2026-08-19T09:55:31.506802,2417,PDSCH,0x46,50,4587,6,0,,,,,,,,,,,
51,gnb1,2026-08-19T09:55:31.526273,2418,PDSCH,0x46,50,4587,6,0,,,,,,,,,,,
51,gnb1,2026-08-19T09:55:31.572924,2419,PDSCH,0x46,50,4587,6,0,,,,,,,,,,,
51,gnb1,2026-08-19T09:55:31.573817,2420,PDSCH,0x46,50,4587,6,0,,,,,,,,,,,
51,gnb1,2026-08-19T09:55:31.598886,2421,PDSCH,0x46,47,4395,6,0,,,,,,,,,,,
51,gnb1,2026-08-19T09:55:31.655267,2422,PUSCH,0x46,,,,,2,4,293,4,117.9,170,,,,,
51,gnb1,2026-08-19T09:55:31.656028,2422,PDSCH,0x46,50,4587,6,0,,,,,,,,,,,
51,gnb1,2026-08-19T09:55:31.656344,2423,PUSCH,0x46,,,,,2,3,249,4,117.9,145,,,,,
51,gnb1,2026-08-19T09:55:31.656975,2423,PDSCH,0x46,39,3062,6,0,,,,,,,,,,,
51,gnb1,2026-08-19T09:55:31.687454,2424,PUSCH,0x46,,,,,2,7,437,4,114.3,327,,,,,
51,gnb1,2026-08-19T09:55:31.687550,2424,BSR,0x46,,,,,,,,,,,,,,,0
51,gnb1,2026-08-19T09:55:31.687938,2424,PDSCH,0x46,50,4587,6,0,,,,,,,,,,,
51,gnb1,2026-08-19T09:55:31.738937,2425,PDSCH,0x46,50,4587,6,0,,,,,,,,,,,
51,gnb1,2026-08-19T09:55:31.740089,2426,PDSCH,0x46,50,4587,6,0,,,,,,,,,,,
51,gnb1,2026-08-19T09:55:31.791772,2427,PDSCH,0x46,50,4587,6,0,,,,,,,,,,,
51,gnb1,2026-08-19T09:55:31.814130,2428,PDSCH,0x46,50,4587,6,0,,,,,,,,,,,
51,gnb1,2026-08-19T09:55:31.815159,2429,PDSCH,0x46,50,4587,6,0,,,,,,,,,,,
51,gnb1,2026-08-19T09:55:31.860121,2430,PDSCH,0x46,50,4587,6,0,,,,,,,,,,,
51,gnb1,2026-08-19T09:55:31.861343,2431,PDSCH,0x46,50,4587,6,0,,,,,,,,,,,
51,gnb1,2026-08-19T09:55:31.903633,2432,PUSCH,0x46,,,,,2,8,517,4,111.4,209,,,,,
51,gnb1,2026-08-19T09:55:31.904367,2432,PDSCH,0x46,50,4587,6,0,,,,,,,,,,,
51,gnb1,2026-08-19T09:55:31.904715,2433,BSR,0x46,,,,,,,,,,,,,,,37
51,gnb1,2026-08-19T09:55:31.905090,2433,PDSCH,0x46,12,903,6,0,,,,,,,,,,,
51,gnb1,2026-08-19T09:55:31.935928,2434,BSR,0x46,,,,,,,,,,,,,,,0
51,gnb1,2026-08-19T09:55:31.936367,2434,PDSCH,0x46,50,4587,6,0,,,,,,,,,,,
51,gnb1,2026-08-19T09:55:31.991044,2435,PDSCH,0x46,50,4587,6,0,,,,,,,,,,,
51,gnb1,2026-08-19T09:55:31.991960,2436,PDSCH,0x46,50,4587,6,0,,,,,,,,,,,
51,gnb1,2026-08-19T09:55:32.017439,2437,PDSCH,0x46,50,4587,6,0,,,,,,,,,,,
51,gnb1,2026-08-19T09:55:32.063595,2438,PDSCH,0x46,50,4587,6,0,,,,,,,,,,,
51,gnb1,2026-08-19T09:55:32.064451,2439,PDSCH,0x46,30,2385,6,0,,,,,,,,,,,
51,gnb1,2026-08-19T09:55:32.130423,2441,PUSCH,0x46,,,,,10,14,935,4,104.5,549,,,,,
51,gnb1,2026-08-19T09:55:32.130455,2441,PHR,,,,,,,,,,,,,,,,
51,gnb1,2026-08-19T09:55:32.130494,2441,BSR,0x46,,,,,,,,,,,,,,,0
51,gnb1,2026-08-19T09:55:32.130763,2442,PUSCH,0x46,,,,,2,0,41,4,117.9,163,,,,,
51,gnb1,2026-08-19T09:55:32.130810,2442,BSR,0x46,,,,,,,,,,,,,,,0
51,gnb1,2026-08-19T09:55:32.152359,2443,BSR,0x46,,,,,,,,,,,,,,,0
51,gnb1,2026-08-19T09:55:32.153056,2443,PDSCH,0x46,50,4587,6,0,,,,,,,,,,,
51,gnb1,2026-08-19T09:55:32.193397,2444,PDSCH,0x46,50,4587,6,0,,,,,,,,,,,
51,gnb1,2026-08-19T09:55:32.194248,2445,PDSCH,0x46,50,4587,6,0,,,,,,,,,,,
51,gnb1,2026-08-19T09:55:32.222419,2446,PDSCH,0x46,50,4587,6,0,,,,,,,,,,,
51,gnb1,2026-08-19T09:55:32.273879,2447,PDSCH,0x46,50,4587,6,0,,,,,,,,,,,
51,gnb1,2026-08-19T09:55:32.274597,2448,PDSCH,0x46,50,4587,6,0,,,,,,,,,,,
51,gnb1,2026-08-19T09:55:32.295818,2449,PUSCH,0x46,,,,,2,14,935,4,107.4,459,,,,,
51,gnb1,2026-08-19T09:55:32.295972,2449,BSR,0x46,,,,,,,,,,,,,,,0
51,gnb1,2026-08-19T09:55:32.296560,2449,PDSCH,0x46,50,4587,6,0,,,,,,,,,,,
51,gnb1,2026-08-19T09:55:32.344065,2450,PUSCH,0x46,,,,,2,0,41,4,117.8,195,,,,,
51,gnb1,2026-08-19T09:55:32.344193,2450,BSR,0x46,,,,,,,,,,,,,,,0
51,gnb1,2026-08-19T09:55:32.344783,2450,PDSCH,0x46,50,4587,6,0,,,,,,,,,,,
51,gnb1,2026-08-19T09:55:32.345187,2451,PUSCH,0x46,,,,,10,8,517,4,104.5,222,,,,,
51,gnb1,2026-08-19T09:55:32.345243,2451,BSR,0x46,,,,,,,,,,,,,,,0
51,gnb1,2026-08-19T09:55:32.345761,2451,PDSCH,0x46,50,4587,6,0,,,,,,,,,,,
51,gnb1,2026-08-19T09:55:32.364400,2452,BSR,0x46,,,,,,,,,,,,,,,0
51,gnb1,2026-08-19T09:55:32.364990,2452,PDSCH,0x46,50,4587,6,0,,,,,,,,,,,
51,gnb1,2026-08-19T09:55:32.414858,2453,PDSCH,0x46,50,4587,6,0,,,,,,,,,,,
51,gnb1,2026-08-19T09:55:32.415932,2454,PDSCH,0x46,50,4587,6,0,,,,,,,,,,,
51,gnb1,2026-08-19T09:55:32.438942,2455,PDSCH,0x46,50,4587,6,0,,,,,,,,,,,
51,gnb1,2026-08-19T09:55:32.490820,2456,PDSCH,0x46,50,4587,6,0,,,,,,,,,,,
51,gnb1,2026-08-19T09:55:32.491615,2457,PUSCH,0x46,,,,,2,14,935,4,107.4,455,,,,,
51,gnb1,2026-08-19T09:55:32.491691,2457,BSR,0x46,,,,,,,,,,,,,,,0
51,gnb1,2026-08-19T09:55:32.492224,2457,PDSCH,0x46,50,4587,6,0,,,,,,,,,,,
51,gnb1,2026-08-19T09:55:32.513091,2458,PUSCH,0x46,,,,,2,4,293,4,118.0,225,,,,,
51,gnb1,2026-08-19T09:55:32.513178,2458,BSR,0x46,,,,,,,,,,,,,,,0
51,gnb1,2026-08-19T09:55:32.513847,2458,PDSCH,0x46,50,4587,6,0,,,,,,,,,,,
51,gnb1,2026-08-19T09:55:32.557133,2459,PUSCH,0x46,,,,,2,14,807,4,107.4,360,,,,,
51,gnb1,2026-08-19T09:55:32.557219,2459,BSR,0x46,,,,,,,,,,,,,,,0
51,gnb1,2026-08-19T09:55:32.557805,2459,PDSCH,0x46,50,4587,6,0,,,,,,,,,,,
51,gnb1,2026-08-19T09:55:32.557936,2460,PUSCH,0x46,,,,,2,3,217,4,117.9,156,,,,,
51,gnb1,2026-08-19T09:55:32.558002,2460,BSR,0x46,,,,,,,,,,,,,,,0
51,gnb1,2026-08-19T09:55:32.558589,2460,PDSCH,0x46,50,4587,6,0,,,,,,,,,,,
51,gnb1,2026-08-19T09:55:32.575384,2461,BSR,0x46,,,,,,,,,,,,,,,0
51,gnb1,2026-08-19T09:55:32.575900,2461,PDSCH,0x46,47,4395,6,0,,,,,,,,,,,
51,gnb1,2026-08-19T09:55:32.624097,2462,PDSCH,0x46,50,4587,6,0,,,,,,,,,,,
51,gnb1,2026-08-19T09:55:32.624953,2463,PDSCH,0x46,50,4587,6,0,,,,,,,,,,,
51,gnb1,2026-08-19T09:55:32.641594,2464,PDSCH,0x46,50,4587,6,0,,,,,,,,,,,
51,gnb1,2026-08-19T09:55:32.687620,2465,PUSCH,0x46,,,,,2,14,935,4,107.4,319,,,,,
51,gnb1,2026-08-19T09:55:32.687715,2465,BSR,0x46,,,,,,,,,,,,,,,0
51,gnb1,2026-08-19T09:55:32.688183,2465,PDSCH,0x46,50,4587,6,0,,,,,,,,,,,
51,gnb1,2026-08-19T09:55:32.688584,2466,PUSCH,0x46,,,,,2,8,573,4,111.4,237,,,,,
51,gnb1,2026-08-19T09:55:32.688649,2466,BSR,0x46,,,,,,,,,,,,,,,0
51,gnb1,2026-08-19T09:55:32.689185,2466,PDSCH,0x46,50,4587,6,0,,,,,,,,,,,
51,gnb1,2026-08-19T09:55:32.711377,2467,PUSCH,0x46,,,,,2,15,1063,4,107.2,471,,,,,
51,gnb1,2026-08-19T09:55:32.711465,2467,BSR,0x46,,,,,,,,,,,,,,,24
51,gnb1,2026-08-19T09:55:32.712005,2467,PDSCH,0x46,50,4587,6,0,,,,,,,,,,,
51,gnb1,2026-08-19T09:55:32.757199,2468,PUSCH,0x46,,,,,2,7,437,4,114.2,156,,,,,
51,gnb1,2026-08-19T09:55:32.757309,2468,BSR,0x46,,,,,,,,,,,,,,,0
51,gnb1,2026-08-19T09:55:32.757823,2468,PDSCH,0x46,50,4587,6,0,,,,,,,,,,,
51,gnb1,2026-08-19T09:55:32.758196,2469,PUSCH,0x46,,,,,2,4,269,4,118.0,159,,,,,
51,gnb1,2026-08-19T09:55:32.758661,2469,PDSCH,0x46,50,4587,6,0,,,,,,,,,,,
51,gnb1,2026-08-19T09:55:32.774490,2470,PDSCH,0x46,50,4587,6,0,,,,,,,,,,,
51,gnb1,2026-08-19T09:55:32.826340,2471,PDSCH,0x46,50,4587,6,0,,,,,,,,,,,
51,gnb1,2026-08-19T09:55:32.827157,2472,PDSCH,0x46,50,4587,6,0,,,,,,,,,,,
51,gnb1,2026-08-19T09:55:32.855204,2473,PUSCH,0x46,,,,,2,14,935,4,107.4,297,,,,,
51,gnb1,2026-08-19T09:55:32.855803,2473,PDSCH,0x46,50,4587,6,0,,,,,,,,,,,
51,gnb1,2026-08-19T09:55:32.894608,2474,PUSCH,0x46,,,,,2,14,871,4,107.4,334,,,,,
51,gnb1,2026-08-19T09:55:32.895147,2474,PDSCH,0x46,50,4587,6,0,,,,,,,,,,,
51,gnb1,2026-08-19T09:55:32.895829,2475,PUSCH,0x46,,,,,2,19,1239,4,106.5,449,,,,,
51,gnb1,2026-08-19T09:55:32.896372,2475,PDSCH,0x46,50,4587,6,0,,,,,,,,,,,
51,gnb1,2026-08-19T09:55:32.915025,2476,PUSCH,0x46,,,,,2,11,749,4,108.5,328,,,,,
51,gnb1,2026-08-19T09:55:32.915617,2476,PDSCH,0x46,50,4587,6,0,,,,,,,,,,,
51,gnb1,2026-08-19T09:55:32.966790,2477,PDSCH,0x46,50,4587,6,0,,,,,,,,,,,
51,gnb1,2026-08-19T09:55:32.967750,2478,PDSCH,0x46,50,4587,6,0,,,,,,,,,,,
51,gnb1,2026-08-19T09:55:32.994648,2479,PDSCH,0x46,50,4587,6,0,,,,,,,,,,,
51,gnb1,2026-08-19T09:55:33.052699,2480,BSR,0x46,,,,,,,,,,,,,,,0
51,gnb1,2026-08-19T09:55:33.053141,2480,PDSCH,0x46,50,4587,6,0,,,,,,,,,,,
51,gnb1,2026-08-19T09:55:33.076787,2481,PUCCH_CQI,0x46,,,,,,,,,,,111.8,15,2a,,
51,gnb1,2026-08-19T09:55:33.077707,2481,PDSCH,0x46,47,4395,6,0,,,,,,,,,,,
51,gnb1,2026-08-19T09:55:33.078622,2482,PDSCH,0x46,50,4587,6,0,,,,,,,,,,,
51,gnb1,2026-08-19T09:55:33.104471,2483,PDSCH,0x46,50,4587,6,0,,,,,,,,,,,
51,gnb1,2026-08-19T09:55:33.141430,2484,PDSCH,0x46,50,4587,6,0,,,,,,,,,,,
51,gnb1,2026-08-19T09:55:33.162725,2485,PDSCH,0x46,50,4587,6,0,,,,,,,,,,,
51,gnb1,2026-08-19T09:55:33.193440,2486,PDSCH,0x46,50,4587,6,0,,,,,,,,,,,
51,gnb1,2026-08-19T09:55:33.194450,2487,PDSCH,0x46,50,4587,6,0,,,,,,,,,,,
51,gnb1,2026-08-19T09:55:33.252450,2488,PUSCH,0x46,,,,,2,8,517,4,111.4,251,,,,,
51,gnb1,2026-08-19T09:55:33.253086,2488,PDSCH,0x46,50,4587,6,0,,,,,,,,,,,
51,gnb1,2026-08-19T09:55:33.253496,2489,BSR,0x46,,,,,,,,,,,,,,,0
51,gnb1,2026-08-19T09:55:33.253997,2489,PDSCH,0x46,50,4587,6,0,,,,,,,,,,,
51,gnb1,2026-08-19T09:55:33.299039,2490,PDSCH,0x46,50,4587,6,0,,,,,,,,,,,
51,gnb1,2026-08-19T09:55:33.300202,2491,PDSCH,0x46,50,4587,6,0,,,,,,,,,,,
51,gnb1,2026-08-19T09:55:33.355403,2492,PDSCH,0x46,50,4587,6,0,,,,,,,,,,,
51,gnb1,2026-08-19T09:55:33.356395,2493,PDSCH,0x46,50,4587,6,0,,,,,,,,,,,
51,gnb1,2026-08-19T09:55:33.409679,2494,PDSCH,0x46,50,4587,6,0,,,,,,,,,,,
51,gnb1,2026-08-19T09:55:33.410321,2495,PDSCH,0x46,50,4587,6,0,,,,,,,,,,,
51,gnb1,2026-08-19T09:55:33.431358,2496,PDSCH,0x46,50,4587,6,0,,,,,,,,,,,
51,gnb1,2026-08-19T09:55:33.483281,2497,PUSCH,0x46,,,,,2,24,1572,4,106.6,576,,,,,
51,gnb1,2026-08-19T09:55:33.483369,2497,BSR,0x46,,,,,,,,,,,,,,,0
51,gnb1,2026-08-19T09:55:33.483388,2497,PHR,,,,,,,,,,,,,,,,
51,gnb1,2026-08-19T09:55:33.483903,2497,PDSCH,0x46,50,4587,6,0,,,,,,,,,,,
51,gnb1,2026-08-19T09:55:33.484443,2498,PDSCH,0x46,50,4587,6,0,,,,,,,,,,,
51,gnb1,2026-08-19T09:55:33.503141,2499,BSR,0x46,,,,,,,,,,,,,,,0
51,gnb1,2026-08-19T09:55:33.503721,2499,PDSCH,0x46,50,4587,6,0,,,,,,,,,,,
51,gnb1,2026-08-19T09:55:33.548619,2500,PDSCH,0x46,50,4587,6,0,,,,,,,,,,,
51,gnb1,2026-08-19T09:55:33.549665,2501,PDSCH,0x46,47,4395,6,0,,,,,,,,,,,
51,gnb1,2026-08-19T09:55:33.601938,2502,PDSCH,0x46,50,4587,6,0,,,,,,,,,,,
51,gnb1,2026-08-19T09:55:33.602893,2503,PDSCH,0x46,50,4587,6,0,,,,,,,,,,,
51,gnb1,2026-08-19T09:55:33.624698,2504,PDSCH,0x46,50,4587,6,0,,,,,,,,,,,
51,gnb1,2026-08-19T09:55:33.668852,2505,PUSCH,0x46,,,,,2,24,1572,4,106.5,751,,,,,
51,gnb1,2026-08-19T09:55:33.668941,2505,BSR,0x46,,,,,,,,,,,,,,,0
51,gnb1,2026-08-19T09:55:33.669455,2505,PDSCH,0x46,50,4587,6,0,,,,,,,,,,,
51,gnb1,2026-08-19T09:55:33.669810,2506,PDSCH,0x46,50,4587,6,0,,,,,,,,,,,
51,gnb1,2026-08-19T09:55:33.698529,2507,PUSCH,0x46,,,,,2,3,249,4,117.9,134,,,,,
51,gnb1,2026-08-19T09:55:33.698609,2507,BSR,0x46,,,,,,,,,,,,,,,0
51,gnb1,2026-08-19T09:55:33.698981,2507,PDSCH,0x46,50,4587,6,0,,,,,,,,,,,
51,gnb1,2026-08-19T09:55:33.750093,2508,BSR,0x46,,,,,,,,,,,,,,,0
51,gnb1,2026-08-19T09:55:33.750590,2508,PDSCH,0x46,50,4587,6,0,,,,,,,,,,,
51,gnb1,2026-08-19T09:55:33.751605,2509,PDSCH,0x46,50,4587,6,0,,,,,,,,,,,
51,gnb1,2026-08-19T09:55:33.799902,2510,PDSCH,0x46,50,4587,6,0,,,,,,,,,,,
51,gnb1,2026-08-19T09:55:33.820974,2511,PDSCH,0x46,50,4587,6,0,,,,,,,,,,,
51,gnb1,2026-08-19T09:55:33.849742,2512,PDSCH,0x46,50,4587,6,0,,,,,,,,,,,
51,gnb1,2026-08-19T09:55:33.872854,2513,PUSCH,0x46,,,,,2,24,1572,4,106.5,571,,,,,
51,gnb1,2026-08-19T09:55:33.872941,2513,BSR,0x46,,,,,,,,,,,,,,,0
51,gnb1,2026-08-19T09:55:33.873484,2513,PDSCH,0x46,50,4587,6,0,,,,,,,,,,,
51,gnb1,2026-08-19T09:55:33.873687,2514,PDSCH,0x46,50,4587,6,0,,,,,,,,,,,
51,gnb1,2026-08-19T09:55:33.903574,2515,PUSCH,0x46,,,,,2,7,501,4,114.2,339,,,,,
51,gnb1,2026-08-19T09:55:33.904130,2515,PDSCH,0x46,50,4587,6,0,,,,,,,,,,,
51,gnb1,2026-08-19T09:55:33.937305,2516,PUSCH,0x46,,,,,2,4,269,4,117.9,118,,,,,
51,gnb1,2026-08-19T09:55:33.937848,2516,PDSCH,0x46,50,4587,6,0,,,,,,,,,,,
51,gnb1,2026-08-19T09:55:33.938569,2517,PDSCH,0x46,50,4587,6,0,,,,,,,,,,,
51,gnb1,2026-08-19T09:55:33.988661,2518,PDSCH,0x46,50,4587,6,0,,,,,,,,,,,
51,gnb1,2026-08-19T09:55:33.989699,2519,PDSCH,0x46,50,4587,6,0,,,,,,,,,,,
51,gnb1,2026-08-19T09:55:34.019099,2520,PDSCH,0x46,50,4587,6,0,,,,,,,,,,,
51,gnb1,2026-08-19T09:55:34.075125,2521,PUSCH,0x46,,,,,10,24,1572,4,106.7,575,,,,,
51,gnb1,2026-08-19T09:55:34.075275,2521,BSR,0x46,,,,,,,,,,,,,,,0
51,gnb1,2026-08-19T09:55:34.075919,2521,PDSCH,0x46,47,4395,6,0,,,,,,,,,,,
51,gnb1,2026-08-19T09:55:34.076295,2522,PDSCH,0x46,50,4587,6,0,,,,,,,,,,,
51,gnb1,2026-08-19T09:55:34.097620,2523,PDSCH,0x46,50,4587,6,0,,,,,,,,,,,
51,gnb1,2026-08-19T09:55:34.143741,2524,PDSCH,0x46,50,4587,6,0,,,,,,,,,,,
51,gnb1,2026-08-19T09:55:34.177537,2525,PDSCH,0x46,50,4587,6,0,,,,,,,,,,,
51,gnb1,2026-08-19T09:55:34.178377,2526,PDSCH,0x46,50,4587,6,0,,,,,,,,,,,
51,gnb1,2026-08-19T09:55:34.226981,2527,PDSCH,0x46,50,4587,6,0,,,,,,,,,,,
51,gnb1,2026-08-19T09:55:34.241663,2528,PDSCH,0x46,50,4587,6,0,,,,,,,,,,,
51,gnb1,2026-08-19T09:55:34.260042,2529,PUSCH,0x46,,,,,2,8,517,4,111.4,173,,,,,
51,gnb1,2026-08-19T09:55:34.260474,2529,PDSCH,0x46,50,4587,6,0,,,,,,,,,,,
51,gnb1,2026-08-19T09:55:34.290968,2530,BSR,0x46,,,,,,,,,,,,,,,0
51,gnb1,2026-08-19T09:55:34.291632,2530,PDSCH,0x46,50,4587,6,0,,,,,,,,,,,
51,gnb1,2026-08-19T09:55:34.292337,2531,PDSCH,0x46,50,4587,6,0,,,,,,,,,,,
51,gnb1,2026-08-19T09:55:34.309157,2532,PDSCH,0x46,50,4587,6,0,,,,,,,,,,,
51,gnb1,2026-08-19T09:55:34.360384,2533,PDSCH,0x46,50,4587,6,0,,,,,,,,,,,
51,gnb1,2026-08-19T09:55:34.361079,2534,PDSCH,0x46,50,4587,6,0,,,,,,,,,,,
51,gnb1,2026-08-19T09:55:34.385654,2535,PDSCH,0x46,50,4587,6,0,,,,,,,,,,,
51,gnb1,2026-08-19T09:55:34.428862,2536,PDSCH,0x46,50,4587,6,0,,,,,,,,,,,
51,gnb1,2026-08-19T09:55:34.429742,2537,PDSCH,0x46,50,4587,6,0,,,,,,,,,,,
51,gnb1,2026-08-19T09:55:34.480938,2538,PUSCH,0x46,,,,,2,3,249,4,117.9,150,,,,,
51,gnb1,2026-08-19T09:55:34.481010,2538,BSR,0x46,,,,,,,,,,,,,,,0
51,gnb1,2026-08-19T09:55:34.481534,2538,PDSCH,0x46,50,4587,6,0,,,,,,,,,,,
51,gnb1,2026-08-19T09:55:34.482156,2539,BSR,0x46,,,,,,,,,,,,,,,0
51,gnb1,2026-08-19T09:55:34.482622,2539,PDSCH,0x46,50,4587,6,0,,,,,,,,,,,
51,gnb1,2026-08-19T09:55:34.508247,2540,PDSCH,0x46,50,4587,6,0,,,,,,,,,,,
51,gnb1,2026-08-19T09:55:34.558068,2541,PDSCH,0x46,47,4395,6,0,,,,,,,,,,,
51,gnb1,2026-08-19T09:55:34.559199,2542,PDSCH,0x46,50,4587,6,0,,,,,,,,,,,
51,gnb1,2026-08-19T09:55:34.610188,2543,PDSCH,0x46,50,4587,6,0,,,,,,,,,,,
51,gnb1,2026-08-19T09:55:34.611556,2544,PDSCH,0x46,50,4587,6,0,,,,,,,,,,,
51,gnb1,2026-08-19T09:55:34.655248,2545,PDSCH,0x46,50,4587,6,0,,,,,,,,,,,
51,gnb1,2026-08-19T09:55:34.655694,2546,PUSCH,0x46,,,,,2,3,249,4,117.9,124,,,,,
51,gnb1,2026-08-19T09:55:34.655760,2546,BSR,0x46,,,,,,,,,,,,,,,0
51,gnb1,2026-08-19T09:55:34.656265,2546,PDSCH,0x46,50,4587,6,0,,,,,,,,,,,
51,gnb1,2026-08-19T09:55:34.674170,2547,PUSCH,0x46,,,,,2,4,249,4,117.9,162,,,,,
51,gnb1,2026-08-19T09:55:34.674187,2547,PHR,,,,,,,,,,,,,,,,
51,gnb1,2026-08-19T09:55:34.674258,2547,BSR,0x46,,,,,,,,,,,,,,,0
51,gnb1,2026-08-19T09:55:34.674717,2547,PDSCH,0x46,50,4587,6,0,,,,,,,,,,,
51,gnb1,2026-08-19T09:55:34.723399,2548,BSR,0x46,,,,,,,,,,,,,,,0
51,gnb1,2026-08-19T09:55:34.723997,2548,PDSCH,0x46,50,4587,6,0,,,,,,,,,,,
51,gnb1,2026-08-19T09:55:34.724729,2549,PDSCH,0x46,50,4587,6,0,,,,,,,,,,,
51,gnb1,2026-08-19T09:55:34.757219,2550,PDSCH,0x46,50,4587,6,0,,,,,,,,,,,
51,gnb1,2026-08-19T09:55:34.802669,2551,PDSCH,0x46,50,4587,6,0,,,,,,,,,,,
51,gnb1,2026-08-19T09:55:34.825405,2552,PDSCH,0x46,50,4587,6,0,,,,,,,,,,,
51,gnb1,2026-08-19T09:55:34.826602,2553,PDSCH,0x46,50,4587,6,0,,,,,,,,,,,
51,gnb1,2026-08-19T09:55:34.878056,2554,PUSCH,0x46,,,,,2,4,249,4,117.9,144,,,,,
51,gnb1,2026-08-19T09:55:34.878131,2554,BSR,0x46,,,,,,,,,,,,,,,0
51,gnb1,2026-08-19T09:55:34.878765,2554,PDSCH,0x46,50,4587,6,0,,,,,,,,,,,
51,gnb1,2026-08-19T09:55:34.879228,2555,PUSCH,0x46,,,,,2,8,517,4,111.4,183,,,,,
51,gnb1,2026-08-19T09:55:34.879297,2555,BSR,0x46,,,,,,,,,,,,,,,0
51,gnb1,2026-08-19T09:55:34.879851,2555,PDSCH,0x46,50,4587,6,0,,,,,,,,,,,
51,gnb1,2026-08-19T09:55:34.895939,2556,PUSCH,0x46,,,,,2,3,249,4,117.9,136,,,,,
51,gnb1,2026-08-19T09:55:34.896016,2556,BSR,0x46,,,,,,,,,,,,,,,0
51,gnb1,2026-08-19T09:55:34.896520,2556,PDSCH,0x46,50,4587,6,0,,,,,,,,,,,
51,gnb1,2026-08-19T09:55:34.942115,2557,BSR,0x46,,,,,,,,,,,,,,,0
51,gnb1,2026-08-19T09:55:34.942563,2557,PDSCH,0x46,50,4587,6,0,,,,,,,,,,,
51,gnb1,2026-08-19T09:55:34.966179,2558,PDSCH,0x46,50,4587,6,0,,,,,,,,,,,
51,gnb1,2026-08-19T09:55:34.967032,2559,PDSCH,0x46,50,4587,6,0,,,,,,,,,,,
51,gnb1,2026-08-19T09:55:34.982096,2560,PDSCH,0x46,50,4587,6,0,,,,,,,,,,,
51,gnb1,2026-08-19T09:55:35.030962,2561,PUCCH_CQI,0x46,,,,,,,,,,,111.8,15,2a,,
51,gnb1,2026-08-19T09:55:35.031574,2561,PDSCH,0x46,47,4395,6,0,,,,,,,,,,,
51,gnb1,2026-08-19T09:55:35.032105,2562,PUSCH,0x46,,,,,2,3,249,4,117.9,116,,,,,
51,gnb1,2026-08-19T09:55:35.032171,2562,BSR,0x46,,,,,,,,,,,,,,,0
51,gnb1,2026-08-19T09:55:35.032695,2562,PDSCH,0x46,50,4587,6,0,,,,,,,,,,,
51,gnb1,2026-08-19T09:55:35.076456,2563,PUSCH,0x46,,,,,2,17,1143,4,106.8,322,,,,,
51,gnb1,2026-08-19T09:55:35.076526,2563,BSR,0x46,,,,,,,,,,,,,,,0
51,gnb1,2026-08-19T09:55:35.076898,2563,PDSCH,0x46,50,4587,6,0,,,,,,,,,,,
51,gnb1,2026-08-19T09:55:35.077438,2564,PUSCH,0x46,,,,,2,7,437,4,114.3,222,,,,,
51,gnb1,2026-08-19T09:55:35.077526,2564,BSR,0x46,,,,,,,,,,,,,,,0
51,gnb1,2026-08-19T09:55:35.078030,2564,PDSCH,0x46,50,4587,6,0,,,,,,,,,,,
51,gnb1,2026-08-19T09:55:35.096471,2565,PUSCH,0x46,,,,,2,3,249,4,117.9,141,,,,,
51,gnb1,2026-08-19T09:55:35.097043,2565,PDSCH,0x46,47,4395,6,0,,,,,,,,,,,
51,gnb1,2026-08-19T09:55:35.146745,2566,PDSCH,0x46,50,4587,6,0,,,,,,,,,,,
51,gnb1,2026-08-19T09:55:35.147755,2567,PDSCH,0x46,50,4587,6,0,,,,,,,,,,,
51,gnb1,2026-08-19T09:55:35.170313,2568,PDSCH,0x46,50,4587,6,0,,,,,,,,,,,
51,gnb1,2026-08-19T09:55:35.217188,2569,PDSCH,0x46,50,4587,6,0,,,,,,,,,,,
51,gnb1,2026-08-19T09:55:35.217637,2570,PUSCH,0x46,,,,,2,3,249,4,117.9,117,,,,,
51,gnb1,2026-08-19T09:55:35.218111,2570,PDSCH,0x46,50,4587,6,0,,,,,,,,,,,
51,gnb1,2026-08-19T09:55:35.241534,2571,PUSCH,0x46,,,,,10,23,1527,4,106.6,611,,,,,
51,gnb1,2026-08-19T09:55:35.242150,2571,PDSCH,0x46,50,4587,6,0,,,,,,,,,,,
51,gnb1,2026-08-19T09:55:35.290974,2572,PUSCH,0x46,,,,,2,8,573,4,111.4,221,,,,,
51,gnb1,2026-08-19T09:55:35.291566,2572,PDSCH,0x46,50,4587,6,0,,,,,,,,,,,
51,gnb1,2026-08-19T09:55:35.292390,2573,PDSCH,0x46,50,4587,6,0,,,,,,,,,,,
51,gnb1,2026-08-19T09:55:35.313690,2574,PDSCH,0x46,50,4587,6,0,,,,,,,,,,,
51,gnb1,2026-08-19T09:55:35.332917,2575,PDSCH,0x46,47,4395,6,0,,,,,,,,,,,
51,gnb1,2026-08-19T09:55:35.380135,2576,PDSCH,0x46,50,4587,6,0,,,,,,,,,,,
51,gnb1,2026-08-19T09:55:35.415991,2577,PDSCH,0x46,50,4587,6,0,,,,,,,,,,,
51,gnb1,2026-08-19T09:55:35.437863,2578,PDSCH,0x46,50,4587,6,0,,,,,,,,,,,
51,gnb1,2026-08-19T09:55:35.463286,2579,PDSCH,0x46,50,4587,6,0,,,,,,,,,,,
51,gnb1,2026-08-19T09:55:35.463802,2580,BSR,0x46,,,,,,,,,,,,,,,0
51,gnb1,2026-08-19T09:55:35.464309,2580,PDSCH,0x46,50,4587,6,0,,,,,,,,,,,
51,gnb1,2026-08-19T09:55:35.483800,2581,PDSCH,0x46,47,4395,6,0,,,,,,,,,,,
51,gnb1,2026-08-19T09:55:35.522685,2582,PDSCH,0x46,50,4587,6,0,,,,,,,,,,,
51,gnb1,2026-08-19T09:55:35.551665,2583,PDSCH,0x46,50,4587,6,0,,,,,,,,,,,
51,gnb1,2026-08-19T09:55:35.573490,2584,PDSCH,0x46,50,4587,6,0,,,,,,,,,,,
51,gnb1,2026-08-19T09:55:35.590315,2585,PDSCH,0x46,50,4587,6,0,,,,,,,,,,,
51,gnb1,2026-08-19T09:55:35.591115,2586,PDSCH,0x46,50,4587,6,0,,,,,,,,,,,
51,gnb1,2026-08-19T09:55:35.645869,2587,PDSCH,0x46,50,4587,6,0,,,,,,,,,,,
51,gnb1,2026-08-19T09:55:35.646393,2588,PUSCH,0x46,,,,,2,8,517,4,111.4,235,,,,,
51,gnb1,2026-08-19T09:55:35.647018,2588,PDSCH,0x46,50,4587,6,0,,,,,,,,,,,
51,gnb1,2026-08-19T09:55:35.674242,2589,BSR,0x46,,,,,,,,,,,,,,,0
51,gnb1,2026-08-19T09:55:35.674772,2589,PDSCH,0x46,50,4587,6,0,,,,,,,,,,,
51,gnb1,2026-08-19T09:55:35.726322,2590,PDSCH,0x46,50,4587,6,0,,,,,,,,,,,
51,gnb1,2026-08-19T09:55:35.727283,2591,PDSCH,0x46,50,4587,6,0,,,,,,,,,,,
51,gnb1,2026-08-19T09:55:35.750423,2592,PDSCH,0x46,50,4587,6,0,,,,,,,,,,,
51,gnb1,2026-08-19T09:55:35.790966,2593,PDSCH,0x46,50,4587,6,0,,,,,,,,,,,
51,gnb1,2026-08-19T09:55:35.814298,2594,PDSCH,0x46,50,4587,6,0,,,,,,,,,,,
51,gnb1,2026-08-19T09:55:35.831208,2595,PDSCH,0x46,50,4587,6,0,,,,,,,,,,,
51,gnb1,2026-08-19T09:55:35.832287,2596,PDSCH,0x46,50,4587,6,0,,,,,,,,,,,
51,gnb1,2026-08-19T09:55:35.852658,2597,PUSCH,0x46,,,,,2,17,1143,4,106.8,349,,,,,
51,gnb1,2026-08-19T09:55:35.852729,2597,BSR,0x46,,,,,,,,,,,,,,,0
51,gnb1,2026-08-19T09:55:35.852757,2597,PHR,,,,,,,,,,,,,,,,
51,gnb1,2026-08-19T09:55:35.853226,2597,PDSCH,0x46,50,4587,6,0,,,,,,,,,,,
51,gnb1,2026-08-19T09:55:35.901335,2598,BSR,0x46,,,,,,,,,,,,,,,0
51,gnb1,2026-08-19T09:55:35.901840,2598,PDSCH,0x46,50,4587,6,0,,,,,,,,,,,
51,gnb1,2026-08-19T09:55:35.902808,2599,PDSCH,0x46,50,4587,6,0,,,,,,,,,,,
51,gnb1,2026-08-19T09:55:35.947000,2600,PDSCH,0x46,50,4587,6,0,,,,,,,,,,,
51,gnb1,2026-08-19T09:55:35.972159,2601,PUCCH_CQI,0x46,,,,,,,,,,,111.8,15,2a,,
51,gnb1,2026-08-19T09:55:35.972904,2601,PDSCH,0x46,47,4395,6,0,,,,,,,,,,,
51,gnb1,2026-08-19T09:55:35.974014,2602,PDSCH,0x46,50,4587,6,0,,,,,,,,,,,
51,gnb1,2026-08-19T09:55:36.004545,2603,PDSCH,0x46,50,4587,6,0,,,,,,,,,,,
51,gnb1,2026-08-19T09:55:36.059269,2604,PDSCH,0x46,50,4587,6,0,,,,,,,,,,,
51,gnb1,2026-08-19T09:55:36.059925,2605,PUSCH,0x46,,,,,2,17,1143,4,106.8,395,,,,,
51,gnb1,2026-08-19T09:55:36.060031,2605,BSR,0x46,,,,,,,,,,,,,,,0
51,gnb1,2026-08-19T09:55:36.060529,2605,PDSCH,0x46,50,4587,6,0,,,,,,,,,,,
51,gnb1,2026-08-19T09:55:36.079503,2606,PUSCH,0x46,,,,,2,4,269,4,117.9,120,,,,,
51,gnb1,2026-08-19T09:55:36.079572,2606,BSR,0x46,,,,,,,,,,,,,,,0
51,gnb1,2026-08-19T09:55:36.080005,2606,PDSCH,0x46,50,4587,6,0,,,,,,,,,,,
51,gnb1,2026-08-19T09:55:36.125150,2607,BSR,0x46,,,,,,,,,,,,,,,0
51,gnb1,2026-08-19T09:55:36.125690,2607,PDSCH,0x46,50,4587,6,0,,,,,,,,,,,
51,gnb1,2026-08-19T09:55:36.126711,2608,PDSCH,0x46,50,4587,6,0,,,,,,,,,,,
51,gnb1,2026-08-19T09:55:36.144137,2609,PDSCH,0x46,50,4587,6,0,,,,,,,,,,,
51,gnb1,2026-08-19T09:55:36.173604,2610,PDSCH,0x46,50,4587,6,0,,,,,,,,,,,
51,gnb1,2026-08-19T09:55:36.218180,2611,PDSCH,0x46,50,4587,6,0,,,,,,,,,,,
51,gnb1,2026-08-19T09:55:36.219113,2612,PDSCH,0x46,50,4587,6,0,,,,,,,,,,,
51,gnb1,2026-08-19T09:55:36.235137,2613,PUSCH,0x46,,,,,2,17,1143,4,106.8,382,,,,,
51,gnb1,2026-08-19T09:55:36.235236,2613,BSR,0x46,,,,,,,,,,,,,,,0
51,gnb1,2026-08-19T09:55:36.235795,2613,PDSCH,0x46,50,4587,6,0,,,,,,,,,,,
51,gnb1,2026-08-19T09:55:36.284034,2614,PUSCH,0x46,,,,,2,8,517,4,111.4,339,,,,,
51,gnb1,2026-08-19T09:55:36.284746,2614,PDSCH,0x46,50,4587,6,0,,,,,,,,,,,
51,gnb1,2026-08-19T09:55:36.284873,2615,PUSCH,0x46,,,,,2,3,249,4,117.9,124,,,,,
51,gnb1,2026-08-19T09:55:36.285383,2615,PDSCH,0x46,50,4587,6,0,,,,,,,,,,,
51,gnb1,2026-08-19T09:55:36.307727,2616,PDSCH,0x46,50,4587,6,0,,,,,,,,,,,
51,gnb1,2026-08-19T09:55:36.348793,2617,PDSCH,0x46,50,4587,6,0,,,,,,,,,,,
51,gnb1,2026-08-19T09:55:36.349607,2618,PDSCH,0x46,50,4587,6,0,,,,,,,,,,,
51,gnb1,2026-08-19T09:55:36.369678,2619,PDSCH,0x46,50,4587,6,0,,,,,,,,,,,
51,gnb1,2026-08-19T09:55:36.416758,2620,PDSCH,0x46,50,4587,6,0,,,,,,,,,,,
51,gnb1,2026-08-19T09:55:36.417775,2621,PUSCH,0x46,,,,,10,17,1143,4,105.3,570,,,,,
51,gnb1,2026-08-19T09:55:36.417854,2621,BSR,0x46,,,,,,,,,,,,,,,0
51,gnb1,2026-08-19T09:55:36.418395,2621,PDSCH,0x46,47,4395,6,0,,,,,,,,,,,
51,gnb1,2026-08-19T09:55:36.438902,2622,PDSCH,0x46,50,4587,6,0,,,,,,,,,,,
51,gnb1,2026-08-19T09:55:36.476158,2623,PDSCH,0x46,50,4587,6,0,,,,,,,,,,,
51,gnb1,2026-08-19T09:55:36.476857,2624,PDSCH,0x46,50,4587,6,0,,,,,,,,,,,
51,gnb1,2026-08-19T09:55:36.510586,2625,PDSCH,0x46,50,4587,6,0,,,,,,,,,,,
51,gnb1,2026-08-19T09:55:36.554563,2626,PDSCH,0x46,50,4587,6,0,,,,,,,,,,,
51,gnb1,2026-08-19T09:55:36.555354,2627,PDSCH,0x46,50,4587,6,0,,,,,,,,,,,
51,gnb1,2026-08-19T09:55:36.572749,2628,PDSCH,0x46,50,4587,6,0,,,,,,,,,,,
51,gnb1,2026-08-19T09:55:36.619956,2629,PUSCH,0x46,,,,,2,8,517,4,111.4,297,,,,,
51,gnb1,2026-08-19T09:55:36.620706,2629,PDSCH,0x46,50,4587,6,0,,,,,,,,,,,
51,gnb1,2026-08-19T09:55:36.620780,2630,BSR,0x46,,,,,,,,,,,,,,,0
51,gnb1,2026-08-19T09:55:36.621156,2630,PDSCH,0x46,50,4587,6,0,,,,,,,,,,,
51,gnb1,2026-08-19T09:55:36.650017,2631,PDSCH,0x46,50,4587,6,0,,,,,,,,,,,
51,gnb1,2026-08-19T09:55:36.696545,2632,PDSCH,0x46,50,4587,6,0,,,,,,,,,,,
51,gnb1,2026-08-19T09:55:36.697472,2633,PDSCH,0x46,50,4587,6,0,,,,,,,,,,,
51,gnb1,2026-08-19T09:55:36.736487,2634,PDSCH,0x46,50,4587,6,0,,,,,,,,,,,
51,gnb1,2026-08-19T09:55:36.737309,2635,PDSCH,0x46,50,4587,6,0,,,,,,,,,,,
51,gnb1,2026-08-19T09:55:36.768547,2636,PDSCH,0x46,50,4587,6,0,,,,,,,,,,,
51,gnb1,2026-08-19T09:55:36.822045,2637,PDSCH,0x46,50,4587,6,0,,,,,,,,,,,
51,gnb1,2026-08-19T09:55:36.822390,2638,PUSCH,0x46,,,,,2,4,293,4,118.0,167,,,,,
51,gnb1,2026-08-19T09:55:36.822439,2638,BSR,0x46,,,,,,,,,,,,,,,0
51,gnb1,2026-08-19T09:55:36.822995,2638,PDSCH,0x46,50,4587,6,0,,,,,,,,,,,
51,gnb1,2026-08-19T09:55:36.853048,2639,BSR,0x46,,,,,,,,,,,,,,,0
51,gnb1,2026-08-19T09:55:36.853508,2639,PDSCH,0x46,50,4587,6,0,,,,,,,,,,,
51,gnb1,2026-08-19T09:55:36.908193,2640,PDSCH,0x46,50,4587,6,0,,,,,,,,,,,
51,gnb1,2026-08-19T09:55:36.908584,2641,PUCCH_CQI,0x46,,,,,,,,,,,111.8,15,2a,,
51,gnb1,2026-08-19T09:55:36.909105,2641,PDSCH,0x46,47,4395,6,0,,,,,,,,,,,
51,gnb1,2026-08-19T09:55:36.934684,2642,PDSCH,0x46,50,4587,6,0,,,,,,,,,,,
51,gnb1,2026-08-19T09:55:36.985292,2643,PDSCH,0x46,50,4587,6,0,,,,,,,,,,,
51,gnb1,2026-08-19T09:55:36.986166,2644,PDSCH,0x46,50,4587,6,0,,,,,,,,,,,
51,gnb1,2026-08-19T09:55:37.019561,2645,PDSCH,0x46,50,4587,6,0,,,,,,,,,,,
51,gnb1,2026-08-19T09:55:37.090030,2646,PUSCH,0x46,,,,,2,4,293,4,117.9,137,,,,,
51,gnb1,2026-08-19T09:55:37.090141,2646,BSR,0x46,,,,,,,,,,,,,,,0
51,gnb1,2026-08-19T09:55:37.090806,2646,PDSCH,0x46,50,4587,6,0,,,,,,,,,,,
51,gnb1,2026-08-19T09:55:37.091018,2647,PUSCH,0x46,,,,,2,3,249,4,117.9,111,,,,,
51,gnb1,2026-08-19T09:55:37.091069,2647,PHR,,,,,,,,,,,,,,,,
51,gnb1,2026-08-19T09:55:37.091076,2647,BSR,0x46,,,,,,,,,,,,,,,0
51,gnb1,2026-08-19T09:55:37.091540,2647,PDSCH,0x46,50,4587,6,0,,,,,,,,,,,
51,gnb1,2026-08-19T09:55:37.112733,2648,BSR,0x46,,,,,,,,,,,,,,,0
51,gnb1,2026-08-19T09:55:37.113244,2648,PDSCH,0x46,50,4587,6,0,,,,,,,,,,,
51,gnb1,2026-08-19T09:55:37.159400,2649,PDSCH,0x46,50,4587,6,0,,,,,,,,,,,
51,gnb1,2026-08-19T09:55:37.160360,2650,PDSCH,0x46,50,4587,6,0,,,,,,,,,,,
51,gnb1,2026-08-19T09:55:37.179783,2651,PDSCH,0x46,50,4587,6,0,,,,,,,,,,,
51,gnb1,2026-08-19T09:55:37.241800,2652,PDSCH,0x46,50,4587,6,0,,,,,,,,,,,
51,gnb1,2026-08-19T09:55:37.242797,2653,PDSCH,0x46,50,4587,6,0,,,,,,,,,,,
51,gnb1,2026-08-19T09:55:37.298437,2654,PUSCH,0x46,,,,,2,4,293,4,117.9,109,,,,,
51,gnb1,2026-08-19T09:55:37.298514,2654,BSR,0x46,,,,,,,,,,,,,,,0
51,gnb1,2026-08-19T09:55:37.299075,2654,PDSCH,0x46,50,4587,6,0,,,,,,,,,,,
51,gnb1,2026-08-19T09:55:37.299540,2655,PUSCH,0x46,,,,,2,8,517,4,111.4,157,,,,,
51,gnb1,2026-08-19T09:55:37.299590,2655,BSR,0x46,,,,,,,,,,,,,,,41
51,gnb1,2026-08-19T09:55:37.300046,2655,PDSCH,0x46,50,4587,6,0,,,,,,,,,,,
51,gnb1,2026-08-19T09:55:37.317553,2656,PUSCH,0x46,,,,,2,3,249,4,117.9,158,,,,,
51,gnb1,2026-08-19T09:55:37.317626,2656,BSR,0x46,,,,,,,,,,,,,,,0
51,gnb1,2026-08-19T09:55:37.318217,2656,PDSCH,0x46,50,4587,6,0,,,,,,,,,,,
51,gnb1,2026-08-19T09:55:37.374690,2657,BSR,0x46,,,,,,,,,,,,,,,0
51,gnb1,2026-08-19T09:55:37.375186,2657,PDSCH,0x46,50,4587,6,0,,,,,,,,,,,
51,gnb1,2026-08-19T09:55:37.376092,2658,PDSCH,0x46,50,4587,6,0,,,,,,,,,,,
51,gnb1,2026-08-19T09:55:37.424302,2659,PDSCH,0x46,50,4587,6,0,,,,,,,,,,,
51,gnb1,2026-08-19T09:55:37.425290,2660,PDSCH,0x46,50,4587,6,0,,,,,,,,,,,
51,gnb1,2026-08-19T09:55:37.449136,2661,PDSCH,0x46,47,4395,6,0,,,,,,,,,,,
51,gnb1,2026-08-19T09:55:37.507739,2662,PUSCH,0x46,,,,,2,4,293,4,117.9,123,,,,,
51,gnb1,2026-08-19T09:55:37.507835,2662,BSR,0x46,,,,,,,,,,,,,,,0
51,gnb1,2026-08-19T09:55:37.508389,2662,PDSCH,0x46,50,4587,6,0,,,,,,,,,,,
51,gnb1,2026-08-19T09:55:37.509074,2663,PUSCH,0x46,,,,,2,19,1239,4,106.5,428,,,,,
51,gnb1,2026-08-19T09:55:37.509178,2663,BSR,0x46,,,,,,,,,,,,,,,0
51,gnb1,2026-08-19T09:55:37.509662,2663,PDSCH,0x46,50,4587,6,0,,,,,,,,,,,
51,gnb1,2026-08-19T09:55:37.538650,2664,PUSCH,0x46,,,,,2,8,573,4,111.4,231,,,,,
51,gnb1,2026-08-19T09:55:37.538744,2664,BSR,0x46,,,,,,,,,,,,,,,0
51,gnb1,2026-08-19T09:55:37.539322,2664,PDSCH,0x46,50,4587,6,0,,,,,,,,,,,
51,gnb1,2026-08-19T09:55:37.606444,2665,PUSCH,0x46,,,,,2,3,233,4,117.9,188,,,,,
51,gnb1,2026-08-19T09:55:37.607212,2665,PDSCH,0x46,50,4587,6,0,,,,,,,,,,,
51,gnb1,2026-08-19T09:55:37.607955,2666,PDSCH,0x46,50,4587,6,0,,,,,,,,,,,
51,gnb1,2026-08-19T09:55:37.636692,2667,PDSCH,0x46,50,4587,6,0,,,,,,,,,,,
51,gnb1,2026-08-19T09:55:37.686447,2668,PDSCH,0x46,50,4587,6,0,,,,,,,,,,,
51,gnb1,2026-08-19T09:55:37.687422,2669,PDSCH,0x46,50,4587,6,0,,,,,,,,,,,
51,gnb1,2026-08-19T09:55:37.716013,2670,PUSCH,0x46,,,,,2,4,293,4,117.9,127,,,,,
51,gnb1,2026-08-19T09:55:37.716667,2670,PDSCH,0x46,50,4587,6,0,,,,,,,,,,,
51,gnb1,2026-08-19T09:55:37.787649,2671,PUSCH,0x46,,,,,10,23,1527,4,106.6,607,,,,,
51,gnb1,2026-08-19T09:55:37.788252,2671,PDSCH,0x46,50,4587,6,0,,,,,,,,,,,
51,gnb1,2026-08-19T09:55:37.788332,2672,PUSCH,0x46,,,,,2,14,807,4,107.4,365,,,,,
51,gnb1,2026-08-19T09:55:37.789034,2672,PDSCH,0x46,50,4587,6,0,,,,,,,,,,,
51,gnb1,2026-08-19T09:55:37.821615,2673,PDSCH,0x46,50,4587,6,0,,,,,,,,,,,
51,gnb1,2026-08-19T09:55:37.893243,2674,PDSCH,0x46,50,4587,6,0,,,,,,,,,,,
51,gnb1,2026-08-19T09:55:37.894080,2675,PDSCH,0x46,50,4587,6,0,,,,,,,,,,,
51,gnb1,2026-08-19T09:55:37.929752,2676,PDSCH,0x46,50,4587,6,0,,,,,,,,,,,
51,gnb1,2026-08-19T09:55:37.993372,2677,PDSCH,0x46,50,4587,6,0,,,,,,,,,,,
51,gnb1,2026-08-19T09:55:37.994051,2678,PDSCH,0x46,50,4587,6,0,,,,,,,,,,,
51,gnb1,2026-08-19T09:55:38.013849,2679,PDSCH,0x46,50,4587,6,0,,,,,,,,,,,
51,gnb1,2026-08-19T09:55:38.068718,2680,BSR,0x46,,,,,,,,,,,,,,,0
51,gnb1,2026-08-19T09:55:38.069258,2680,PDSCH,0x46,50,4587,6,0,,,,,,,,,,,
51,gnb1,2026-08-19T09:55:38.069583,2681,PUCCH_CQI,0x46,,,,,,,,,,,111.8,15,2a,,
51,gnb1,2026-08-19T09:55:38.070143,2681,PDSCH,0x46,47,4395,6,0,,,,,,,,,,,
51,gnb1,2026-08-19T09:55:38.094247,2682,PDSCH,0x46,50,4587,6,0,,,,,,,,,,,
51,gnb1,2026-08-19T09:55:38.146437,2683,PDSCH,0x46,50,4587,6,0,,,,,,,,,,,
51,gnb1,2026-08-19T09:55:38.147436,2684,PDSCH,0x46,50,4587,6,0,,,,,,,,,,,
51,gnb1,2026-08-19T09:55:38.168030,2685,PDSCH,0x46,50,4587,6,0,,,,,,,,,,,
51,gnb1,2026-08-19T09:55:38.233666,2686,PDSCH,0x46,50,4587,6,0,,,,,,,,,,,
51,gnb1,2026-08-19T09:55:38.234440,2687,PDSCH,0x46,50,4587,6,0,,,,,,,,,,,
51,gnb1,2026-08-19T09:55:38.256343,2688,PUSCH,0x46,,,,,2,8,517,4,111.4,228,,,,,
51,gnb1,2026-08-19T09:55:38.256870,2688,PDSCH,0x46,50,4587,6,0,,,,,,,,,,,
51,gnb1,2026-08-19T09:55:38.311863,2689,BSR,0x46,,,,,,,,,,,,,,,0
51,gnb1,2026-08-19T09:55:38.312484,2689,PDSCH,0x46,50,4587,6,0,,,,,,,,,,,
51,gnb1,2026-08-19T09:55:38.313335,2690,PDSCH,0x46,50,4587,6,0,,,,,,,,,,,
51,gnb1,2026-08-19T09:55:38.355473,2691,PDSCH,0x46,50,4587,6,0,,,,,,,,,,,
51,gnb1,2026-08-19T09:55:38.356282,2692,PDSCH,0x46,50,4587,6,0,,,,,,,,,,,
51,gnb1,2026-08-19T09:55:38.385345,2693,PDSCH,0x46,50,4587,6,0,,,,,,,,,,,
51,gnb1,2026-08-19T09:55:38.430456,2694,PDSCH,0x46,50,4587,6,0,,,,,,,,,,,
51,gnb1,2026-08-19T09:55:38.431557,2695,PDSCH,0x46,50,4587,6,0,,,,,,,,,,,
51,gnb1,2026-08-19T09:55:38.480170,2696,PDSCH,0x46,39,2961,6,0,,,,,,,,,,,
51,gnb1,2026-08-19T09:55:38.480782,2697,PUSCH,0x46,,,,,2,17,1143,4,106.8,349,,,,,
51,gnb1,2026-08-19T09:55:38.480828,2697,BSR,0x46,,,,,,,,,,,,,,,0
51,gnb1,2026-08-19T09:55:38.480872,2697,PHR,,,,,,,,,,,,,,,,
51,gnb1,2026-08-19T09:55:38.510752,2698,BSR,0x46,,,,,,,,,,,,,,,0
51,gnb1,2026-08-19T09:55:38.511242,2698,PDSCH,0x46,50,4587,6,0,,,,,,,,,,,
51,gnb1,2026-08-19T09:55:38.556936,2699,PDSCH,0x46,50,4587,6,0,,,,,,,,,,,
51,gnb1,2026-08-19T09:55:38.580874,2700,PDSCH,0x46,50,4587,6,0,,,,,,,,,,,
51,gnb1,2026-08-19T09:55:38.581840,2701,PDSCH,0x46,47,4395,6,0,,,,,,,,,,,
51,gnb1,2026-08-19T09:55:38.627596,2702,PDSCH,0x46,50,4587,6,0,,,,,,,,,,,
51,gnb1,2026-08-19T09:55:38.654295,2703,PDSCH,0x46,50,4587,6,0,,,,,,,,,,,
51,gnb1,2026-08-19T09:55:38.655218,2704,PDSCH,0x46,50,4587,6,0,,,,,,,,,,,
51,gnb1,2026-08-19T09:55:38.707854,2705,PUSCH,0x46,,,,,2,17,1143,4,106.8,394,,,,,
51,gnb1,2026-08-19T09:55:38.707935,2705,BSR,0x46,,,,,,,,,,,,,,,0
51,gnb1,2026-08-19T09:55:38.708491,2705,PDSCH,0x46,50,4587,6,0,,,,,,,,,,,
51,gnb1,2026-08-19T09:55:38.708627,2706,PUSCH,0x46,,,,,2,4,269,4,117.9,153,,,,,
51,gnb1,2026-08-19T09:55:38.708725,2706,BSR,0x46,,,,,,,,,,,,,,,0
51,gnb1,2026-08-19T09:55:38.709423,2706,PDSCH,0x46,50,4587,6,0,,,,,,,,,,,
51,gnb1,2026-08-19T09:55:38.727553,2707,BSR,0x46,,,,,,,,,,,,,,,0
51,gnb1,2026-08-19T09:55:38.727998,2707,PDSCH,0x46,50,4587,6,0,,,,,,,,,,,
51,gnb1,2026-08-19T09:55:38.781318,2708,PDSCH,0x46,50,4587,6,0,,,,,,,,,,,
51,gnb1,2026-08-19T09:55:38.782478,2709,PDSCH,0x46,50,4587,6,0,,,,,,,,,,,
51,gnb1,2026-08-19T09:55:38.844392,2710,PDSCH,0x46,6,325,6,0,,,,,,,,,,,
51,gnb1,2026-08-19T09:55:38.930626,2713,PUSCH,0x46,,,,,2,17,1143,4,106.8,413,,,,,
51,gnb1,2026-08-19T09:55:38.930705,2713,BSR,0x46,,,,,,,,,,,,,,,0
51,gnb1,2026-08-19T09:55:38.932138,2714,PUSCH,0x46,,,,,2,29,1908,4,107.3,771,,,,,
51,gnb1,2026-08-19T09:55:38.932186,2714,BSR,0x46,,,,,,,,,,,,,,,0
51,gnb1,2026-08-19T09:55:38.981681,2715,PUSCH,0x46,,,,,2,2,133,4,117.9,185,,,,,
51,gnb1,2026-08-19T09:55:38.981826,2715,BSR,0x46,,,,,,,,,,,,,,,0
51,gnb1,2026-08-19T09:55:38.982503,2715,PDSCH,0x46,50,4587,6,0,,,,,,,,,,,
51,gnb1,2026-08-19T09:55:38.982764,2716,BSR,0x46,,,,,,,,,,,,,,,0
51,gnb1,2026-08-19T09:55:38.983308,2716,PDSCH,0x46,50,4587,6,0,,,,,,,,,,,
51,gnb1,2026-08-19T09:55:39.009783,2717,PDSCH,0x46,50,4587,6,0,,,,,,,,,,,
51,gnb1,2026-08-19T09:55:39.058216,2718,PDSCH,0x46,50,4587,6,0,,,,,,,,,,,
51,gnb1,2026-08-19T09:55:39.058999,2719,PDSCH,0x46,50,4587,6,0,,,,,,,,,,,
51,gnb1,2026-08-19T09:55:39.092707,2720,PDSCH,0x46,50,4587,6,0,,,,,,,,,,,
51,gnb1,2026-08-19T09:55:39.161772,2721,PUSCH,0x46,,,,,10,17,1143,4,105.3,391,,,,,
51,gnb1,2026-08-19T09:55:39.161848,2721,BSR,0x46,,,,,,,,,,,,,,,0
51,gnb1,2026-08-19T09:55:39.162334,2721,PDSCH,0x46,47,4395,6,0,,,,,,,,,,,
51,gnb1,2026-08-19T09:55:39.163375,2722,PUSCH,0x46,,,,,2,35,2292,4,108.1,889,,,,,
51,gnb1,2026-08-19T09:55:39.163490,2722,BSR,0x46,,,,,,,,,,,,,,,0
51,gnb1,2026-08-19T09:55:39.164193,2722,PDSCH,0x46,50,4587,6,0,,,,,,,,,,,
51,gnb1,2026-08-19T09:55:39.194353,2723,PUSCH,0x46,,,,,2,4,269,4,117.9,146,,,,,
51,gnb1,2026-08-19T09:55:39.194859,2723,PDSCH,0x46,50,4587,6,0,,,,,,,,,,,
51,gnb1,2026-08-19T09:55:39.259916,2724,PUSCH,0x46,,,,,2,3,249,4,117.9,117,,,,,
51,gnb1,2026-08-19T09:55:39.260463,2724,PDSCH,0x46,50,4587,6,0,,,,,,,,,,,
51,gnb1,2026-08-19T09:55:39.287142,2725,PDSCH,0x46,47,4395,6,0,,,,,,,,,,,
51,gnb1,2026-08-19T09:55:39.288041,2726,PDSCH,0x46,50,4587,6,0,,,,,,,,,,,
51,gnb1,2026-08-19T09:55:39.316333,2727,PDSCH,0x46,50,4587,6,0,,,,,,,,,,,
51,gnb1,2026-08-19T09:55:39.381397,2728,PDSCH,0x46,50,4587,6,0,,,,,,,,,,,
51,gnb1,2026-08-19T09:55:39.382059,2729,PUSCH,0x46,,,,,2,17,1143,4,106.8,383,,,,,
51,gnb1,2026-08-19T09:55:39.382656,2729,PDSCH,0x46,50,4587,6,0,,,,,,,,,,,
51,gnb1,2026-08-19T09:55:39.410248,2730,PUSCH,0x46,,,,,2,39,2673,4,108.5,1067,,,,,
51,gnb1,2026-08-19T09:55:39.410869,2730,PDSCH,0x46,50,4587,6,0,,,,,,,,,,,
51,gnb1,2026-08-19T09:55:39.467487,2731,PDSCH,0x46,50,4587,6,0,,,,,,,,,,,
51,gnb1,2026-08-19T09:55:39.468325,2732,PDSCH,0x46,50,4587,6,0,,,,,,,,,,,
51,gnb1,2026-08-19T09:55:39.499579,2733,PDSCH,0x46,50,4587,6,0,,,,,,,,,,,
51,gnb1,2026-08-19T09:55:39.568583,2734,PDSCH,0x46,50,4587,6,0,,,,,,,,,,,
51,gnb1,2026-08-19T09:55:39.569328,2735,PDSCH,0x46,47,4395,6,0,,,,,,,,,,,
51,gnb1,2026-08-19T09:55:39.601641,2736,PDSCH,0x46,50,4587,6,0,,,,,,,,,,,
51,gnb1,2026-08-19T09:55:39.663827,2737,PDSCH,0x46,50,4587,6,0,,,,,,,,,,,
51,gnb1,2026-08-19T09:55:39.664749,2738,PDSCH,0x46,50,4587,6,0,,,,,,,,,,,
51,gnb1,2026-08-19T09:55:39.690574,2739,PDSCH,0x46,50,4587,6,0,,,,,,,,,,,
51,gnb1,2026-08-19T09:55:39.743205,2740,BSR,0x46,,,,,,,,,,,,,,,0
51,gnb1,2026-08-19T09:55:39.743765,2740,PDSCH,0x46,50,4587,6,0,,,,,,,,,,,
51,gnb1,2026-08-19T09:55:39.744594,2741,PDSCH,0x46,47,4395,6,0,,,,,,,,,,,
51,gnb1,2026-08-19T09:55:39.772034,2742,PDSCH,0x46,50,4587,6,0,,,,,,,,,,,
51,gnb1,2026-08-19T09:55:39.829808,2743,PDSCH,0x46,50,4587,6,0,,,,,,,,,,,
51,gnb1,2026-08-19T09:55:39.830695,2744,PDSCH,0x46,50,4587,6,0,,,,,,,,,,,
51,gnb1,2026-08-19T09:55:39.961661,2748,PUSCH,0x46,,,,,2,8,517,4,111.4,207,,,,,
51,gnb1,2026-08-19T09:55:39.961715,2748,PHR,,,,,,,,,,,,,,,,
51,gnb1,2026-08-19T09:55:39.990397,2749,BSR,0x46,,,,,,,,,,,,,,,0
51,gnb1,2026-08-19T09:55:39.990956,2749,PDSCH,0x46,50,4587,6,0,,,,,,,,,,,
51,gnb1,2026-08-19T09:55:39.992159,2750,PDSCH,0x46,50,4587,6,0,,,,,,,,,,,
51,gnb1,2026-08-19T09:55:40.015248,2751,PDSCH,0x46,45,3542,6,0,,,,,,,,,,,
51,gnb1,2026-08-19T09:55:40.197316,2757,PUSCH,0x46,,,,,2,24,1572,4,106.6,581,,,,,
51,gnb1,2026-08-19T09:55:40.197407,2757,BSR,0x46,,,,,,,,,,,,,,,0
51,gnb1,2026-08-19T09:55:40.197839,2758,BSR,0x46,,,,,,,,,,,,,,,0
51,gnb1,2026-08-19T09:55:40.303521,2761,PUCCH_CQI,0x46,,,,,,,,,,,111.8,15,2,,
51,gnb1,2026-08-19T09:55:40.415276,2765,PUSCH,0x46,,,,,2,24,1572,4,106.5,493,,,,,
51,gnb1,2026-08-19T09:55:40.415341,2765,BSR,0x46,,,,,,,,,,,,,,,0
51,gnb1,2026-08-19T09:55:40.416165,2766,PUSCH,0x46,,,,,2,14,935,4,107.4,301,,,,,
51,gnb1,2026-08-19T09:55:40.416207,2766,BSR,0x46,,,,,,,,,,,,,,,0
51,gnb1,2026-08-19T09:55:40.453999,2767,BSR,0x46,,,,,,,,,,,,,,,0
51,gnb1,2026-08-19T09:55:40.454568,2767,PDSCH,0x46,50,4587,6,0,,,,,,,,,,,
51,gnb1,2026-08-19T09:55:40.455366,2768,PDSCH,0x46,50,4587,6,0,,,,,,,,,,,
51,gnb1,2026-08-19T09:55:40.510788,2769,PDSCH,0x46,50,4587,6,0,,,,,,,,,,,
51,gnb1,2026-08-19T09:55:40.540057,2770,PDSCH,0x46,50,4587,6,0,,,,,,,,,,,
51,gnb1,2026-08-19T09:55:40.571719,2771,PDSCH,0x46,50,4587,6,0,,,,,,,,,,,
51,gnb1,2026-08-19T09:55:40.596171,2772,PDSCH,0x46,48,3822,6,0,,,,,,,,,,,
51,gnb1,2026-08-19T09:55:40.621884,2773,PUSCH,0x46,,,,,2,24,1572,4,106.5,437,,,,,
51,gnb1,2026-08-19T09:55:40.621968,2773,BSR,0x46,,,,,,,,,,,,,,,0
51,gnb1,2026-08-19T09:55:40.622121,2773,PDSCH,0x46,3,7,2,0,,,,,,,,,,,
51,gnb1,2026-08-19T09:55:40.623016,2774,PUSCH,0x46,,,,,2,23,1383,4,106.4,446,,,,,
51,gnb1,2026-08-19T09:55:40.623066,2774,BSR,0x46,,,,,,,,,,,,,,,0
51,gnb1,2026-08-19T09:55:40.623242,2774,PDSCH,0x46,3,7,2,0,,,,,,,,,,,
51,gnb1,2026-08-19T09:55:40.641204,2775,PUSCH,0x46,,,,,2,3,233,4,118.0,120,,,,,
51,gnb1,2026-08-19T09:55:40.641784,2775,PDSCH,0x46,50,4587,6,0,,,,,,,,,,,
51,gnb1,2026-08-19T09:55:40.694584,2776,PDSCH,0x46,50,4587,6,0,,,,,,,,,,,
51,gnb1,2026-08-19T09:55:40.695514,2777,PDSCH,0x46,50,4587,6,0,,,,,,,,,,,
51,gnb1,2026-08-19T09:55:40.741068,2778,PDSCH,0x46,50,4587,6,0,,,,,,,,,,,
51,gnb1,2026-08-19T09:55:40.774532,2779,PDSCH,0x46,50,4587,6,0,,,,,,,,,,,
51,gnb1,2026-08-19T09:55:40.775591,2780,PDSCH,0x46,50,4587,6,0,,,,,,,,,,,
51,gnb1,2026-08-19T09:55:40.838990,2781,PUSCH,0x46,,,,,10,24,1572,4,106.7,500,,,,,
51,gnb1,2026-08-19T09:55:40.839700,2781,PDSCH,0x46,47,4395,6,0,,,,,,,,,,,
51,gnb1,2026-08-19T09:55:40.840112,2782,PUSCH,0x46,,,,,2,26,1692,4,106.9,585,,,,,
51,gnb1,2026-08-19T09:55:40.840208,2782,BSR,0x46,,,,,,,,,,,,,,,0
51,gnb1,2026-08-19T09:55:40.840789,2782,PDSCH,0x46,50,4587,6,0,,,,,,,,,,,
51,gnb1,2026-08-19T09:55:40.860554,2783,PDSCH,0x46,50,4587,6,0,,,,,,,,,,,
51,gnb1,2026-08-19T09:55:40.907419,2784,PDSCH,0x46,50,4587,6,0,,,,,,,,,,,
51,gnb1,2026-08-19T09:55:40.908629,2785,PDSCH,0x46,50,4587,6,0,,,,,,,,,,,
51,gnb1,2026-08-19T09:55:40.977073,2786,PDSCH,0x46,50,4587,6,0,,,,,,,,,,,
51,gnb1,2026-08-19T09:55:41.004129,2787,PDSCH,0x46,50,4587,6,0,,,,,,,,,,,
51,gnb1,2026-08-19T09:55:41.005033,2788,PDSCH,0x46,50,4587,6,0,,,,,,,,,,,
51,gnb1,2026-08-19T09:55:41.043463,2789,PDSCH,0x46,50,4587,6,0,,,,,,,,,,,
51,gnb1,2026-08-19T09:55:41.044136,2790,PUSCH,0x46,,,,,2,8,517,4,111.4,216,,,,,
51,gnb1,2026-08-19T09:55:41.044721,2790,PDSCH,0x46,50,4587,6,0,,,,,,,,,,,
51,gnb1,2026-08-19T09:55:41.107399,2791,PDSCH,0x46,50,4587,6,0,,,,,,,,,,,
51,gnb1,2026-08-19T09:55:41.108334,2792,PDSCH,0x46,50,4587,6,0,,,,,,,,,,,
51,gnb1,2026-08-19T09:55:41.151399,2793,PDSCH,0x46,50,4587,6,0,,,,,,,,,,,
51,gnb1,2026-08-19T09:55:41.182938,2794,PDSCH,0x46,50,4587,6,0,,,,,,,,,,,
51,gnb1,2026-08-19T09:55:41.183934,2795,PDSCH,0x46,50,4587,6,0,,,,,,,,,,,
51,gnb1,2026-08-19T09:55:41.214667,2796,PDSCH,0x46,50,4587,6,0,,,,,,,,,,,
51,gnb1,2026-08-19T09:55:41.259194,2797,PDSCH,0x46,50,4587,6,0,,,,,,,,,,,
51,gnb1,2026-08-19T09:55:41.259851,2798,PDSCH,0x46,3,85,4,0,,,,,,,,,,,
51,gnb1,2026-08-19T09:55:41.330887,2800,BSR,0x46,,,,,,,,,,,,,,,0
51,gnb1,2026-08-19T09:55:41.363970,2801,PUCCH_CQI,0x46,,,,,,,,,,,111.8,15,2a,,
51,gnb1,2026-08-19T09:55:41.548665,2808,PUSCH,0x46,,,,,2,8,517,4,111.4,197,,,,,
51,gnb1,2026-08-19T09:55:41.548737,2808,PHR,,,,,,,,,,,,,,,,
51,gnb1,2026-08-19T09:55:41.581130,2809,BSR,0x46,,,,,,,,,,,,,,,0
51,gnb1,2026-08-19T09:55:41.581655,2809,PDSCH,0x46,50,4587,6,0,,,,,,,,,,,
51,gnb1,2026-08-19T09:55:41.616448,2810,PDSCH,0x46,50,4587,6,0,,,,,,,,,,,
51,gnb1,2026-08-19T09:55:41.641755,2811,PDSCH,0x46,50,4587,6,0,,,,,,,,,,,
51,gnb1,2026-08-19T09:55:41.659845,2812,PDSCH,0x46,24,1836,6,0,,,,,,,,,,,
51,gnb1,2026-08-19T09:55:41.779093,2817,PUSCH,0x46,,,,,2,24,1572,4,106.6,428,,,,,
51,gnb1,2026-08-19T09:55:41.779147,2817,BSR,0x46,,,,,,,,,,,,,,,0
51,gnb1,2026-08-19T09:55:41.952852,2824,PDSCH,0x46,3,7,2,0,,,,,,,,,,,
51,gnb1,2026-08-19T09:55:41.984941,2825,PUSCH,0x46,,,,,2,24,1572,4,106.6,423,,,,,
51,gnb1,2026-08-19T09:55:41.985001,2825,BSR,0x46,,,,,,,,,,,,,,,0
51,gnb1,2026-08-19T09:55:42.003385,2826,BSR,0x46,,,,,,,,,,,,,,,0
51,gnb1,2026-08-19T09:55:42.177149,2833,PUSCH,0x46,,,,,2,24,1572,4,106.5,574,,,,,
51,gnb1,2026-08-19T09:55:42.177219,2833,BSR,0x46,,,,,,,,,,,,,,,0
51,gnb1,2026-08-19T09:55:42.177789,2834,PUSCH,0x46,,,,,2,8,573,4,111.4,204,,,,,
51,gnb1,2026-08-19T09:55:42.177833,2834,BSR,0x46,,,,,,,,,,,,,,,0
51,gnb1,2026-08-19T09:55:42.201178,2835,PDSCH,0x46,50,4587,6,0,,,,,,,,,,,
51,gnb1,2026-08-19T09:55:42.261572,2836,PDSCH,0x46,50,4587,6,0,,,,,,,,,,,
51,gnb1,2026-08-19T09:55:42.291504,2837,PDSCH,0x46,50,4587,6,0,,,,,,,,,,,
51,gnb1,2026-08-19T09:55:42.310799,2838,PDSCH,0x46,50,4587,6,0,,,,,,,,,,,
51,gnb1,2026-08-19T09:55:42.333863,2839,PDSCH,0x46,50,4587,6,0,,,,,,,,,,,
51,gnb1,2026-08-19T09:55:42.356647,2840,PDSCH,0x46,50,4587,6,0,,,,,,,,,,,
51,gnb1,2026-08-19T09:55:42.381939,2841,PUSCH,0x46,,,,,10,24,1572,4,106.7,392,,,,,
51,gnb1,2026-08-19T09:55:42.382456,2841,PDSCH,0x46,47,4395,6,0,,,,,,,,,,,
51,gnb1,2026-08-19T09:55:42.382969,2842,PUSCH,0x46,,,,,2,14,871,4,107.4,353,,,,,
51,gnb1,2026-08-19T09:55:42.383527,2842,PDSCH,0x46,50,4587,6,0,,,,,,,,,,,
51,gnb1,2026-08-19T09:55:42.407509,2843,PDSCH,0x46,50,4587,6,0,,,,,,,,,,,
51,gnb1,2026-08-19T09:55:42.461153,2844,PDSCH,0x46,50,4587,6,0,,,,,,,,,,,
51,gnb1,2026-08-19T09:55:42.483109,2845,PDSCH,0x46,50,4587,6,0,,,,,,,,,,,
51,gnb1,2026-08-19T09:55:42.516641,2846,PDSCH,0x46,50,4587,6,0,,,,,,,,,,,
51,gnb1,2026-08-19T09:55:42.880642,2860,BSR,0x46,,,,,,,,,,,,,,,0
51,gnb1,2026-08-19T09:55:43.099909,2868,PUSCH,0x46,,,,,2,8,517,4,111.4,235,,,,,
51,gnb1,2026-08-19T09:55:43.100000,2868,PHR,,,,,,,,,,,,,,,,
51,gnb1,2026-08-19T09:55:43.131614,2869,BSR,0x46,,,,,,,,,,,,,,,0
51,gnb1,2026-08-19T09:55:43.132152,2869,PDSCH,0x46,50,4587,6,0,,,,,,,,,,,
51,gnb1,2026-08-19T09:55:43.154458,2870,PDSCH,0x46,50,4587,6,0,,,,,,,,,,,
51,gnb1,2026-08-19T09:55:43.174747,2871,PDSCH,0x46,27,2124,6,0,,,,,,,,,,,
51,gnb1,2026-08-19T09:55:43.256988,2874,PDSCH,0x46,3,7,2,0,,,,,,,,,,,
51,gnb1,2026-08-19T09:55:43.329077,2877,PUSCH,0x46,,,,,2,14,999,4,107.4,357,,,,,
51,gnb1,2026-08-19T09:55:43.329148,2877,BSR,0x46,,,,,,,,,,,,,,,0
51,gnb1,2026-08-19T09:55:43.354443,2878,PDSCH,0x46,50,4587,6,0,,,,,,,,,,,
51,gnb1,2026-08-19T09:55:43.355405,2879,PDSCH,0x46,50,4587,6,0,,,,,,,,,,,
51,gnb1,2026-08-19T09:55:43.377051,2880,PDSCH,0x46,50,4587,6,0,,,,,,,,,,,
51,gnb1,2026-08-19T09:55:43.431205,2881,PUCCH_CQI,0x46,,,,,,,,,,,111.8,15,2,,
51,gnb1,2026-08-19T09:55:43.431779,2881,PDSCH,0x46,47,4395,6,0,,,,,,,,,,,
51,gnb1,2026-08-19T09:55:43.432820,2882,PDSCH,0x46,50,4587,6,0,,,,,,,,,,,
51,gnb1,2026-08-19T09:55:43.486674,2883,PDSCH,0x46,50,4587,6,0,,,,,,,,,,,
51,gnb1,2026-08-19T09:55:43.516027,2884,PDSCH,0x46,12,807,6,0,,,,,,,,,,,
51,gnb1,2026-08-19T09:55:43.547817,2885,PUSCH,0x46,,,,,2,14,999,4,107.4,417,,,,,
51,gnb1,2026-08-19T09:55:43.547893,2885,BSR,0x46,,,,,,,,,,,,,,,0
51,gnb1,2026-08-19T09:55:43.568578,2887,PDSCH,0x46,50,4587,6,0,,,,,,,,,,,
51,gnb1,2026-08-19T09:55:43.616142,2888,PDSCH,0x46,50,4587,6,0,,,,,,,,,,,
51,gnb1,2026-08-19T09:55:43.616716,2889,PDSCH,0x46,9,693,6,0,,,,,,,,,,,
51,gnb1,2026-08-19T09:55:43.755411,2893,PUSCH,0x46,,,,,2,8,517,4,111.4,231,,,,,
51,gnb1,2026-08-19T09:55:43.783430,2894,BSR,0x46,,,,,,,,,,,,,,,0
51,gnb1,2026-08-19T09:55:43.784006,2894,PDSCH,0x46,50,4587,6,0,,,,,,,,,,,
51,gnb1,2026-08-19T09:55:43.785122,2895,PDSCH,0x46,47,4395,6,0,,,,,,,,,,,
51,gnb1,2026-08-19T09:55:43.806469,2896,PDSCH,0x46,50,4587,6,0,,,,,,,,,,,
51,gnb1,2026-08-19T09:55:43.833827,2897,PDSCH,0x46,9,517,6,0,,,,,,,,,,,
51,gnb1,2026-08-19T09:55:44.021891,2902,PUSCH,0x46,,,,,2,7,389,4,114.2,189,,,,,
51,gnb1,2026-08-19T09:55:44.021944,2902,BSR,0x46,,,,,,,,,,,,,,,0
51,gnb1,2026-08-19T09:55:44.054537,2903,BSR,0x46,,,,,,,,,,,,,,,0
51,gnb1,2026-08-19T09:55:44.055096,2903,PDSCH,0x46,50,4587,6,0,,,,,,,,,,,
51,gnb1,2026-08-19T09:55:44.055834,2904,PDSCH,0x46,50,4587,6,0,,,,,,,,,,,
51,gnb1,2026-08-19T09:55:44.089044,2905,PDSCH,0x46,50,4587,6,0,,,,,,,,,,,
51,gnb1,2026-08-19T09:55:44.143748,2906,PDSCH,0x46,50,4587,6,0,,,,,,,,,,,
51,gnb1,2026-08-19T09:55:44.256662,2910,PUSCH,0x46,,,,,2,7,389,4,114.2,268,,,,,
51,gnb1,2026-08-19T09:55:44.256721,2910,BSR,0x46,,,,,,,,,,,,,,,0
51,gnb1,2026-08-19T09:55:44.285763,2911,PUSCH,0x46,,,,,10,4,249,4,104.5,126,,,,,
51,gnb1,2026-08-19T09:55:44.285854,2911,BSR,0x46,,,,,,,,,,,,,,,0
51,gnb1,2026-08-19T09:55:44.286332,2911,PDSCH,0x46,50,4587,6,0,,,,,,,,,,,
51,gnb1,2026-08-19T09:55:44.286997,2912,BSR,0x46,,,,,,,,,,,,,,,0
51,gnb1,2026-08-19T09:55:44.287440,2912,PDSCH,0x46,50,4587,6,0,,,,,,,,,,,
51,gnb1,2026-08-19T09:55:44.305862,2913,PDSCH,0x46,50,4587,6,0,,,,,,,,,,,
51,gnb1,2026-08-19T09:55:44.363286,2914,PDSCH,0x46,50,4587,6,0,,,,,,,,,,,
51,gnb1,2026-08-19T09:55:44.363888,2915,PDSCH,0x46,18,1383,6,0,,,,,,,,,,,
51,gnb1,2026-08-19T09:55:44.471302,2918,PUSCH,0x46,,,,,2,7,389,4,114.2,237,,,,,
51,gnb1,2026-08-19T09:55:44.471368,2918,BSR,0x46,,,,,,,,,,,,,,,0
51,gnb1,2026-08-19T09:55:44.471371,2918,PHR,,,,,,,,,,,,,,,,
51,gnb1,2026-08-19T09:55:44.507784,2919,PUSCH,0x46,,,,,2,8,517,4,111.4,248,,,,,
51,gnb1,2026-08-19T09:55:44.508378,2919,PDSCH,0x46,50,4587,6,0,,,,,,,,,,,
51,gnb1,2026-08-19T09:55:44.508678,2920,PUSCH,0x46,,,,,2,3,249,4,117.9,112,,,,,
51,gnb1,2026-08-19T09:55:44.509162,2920,PDSCH,0x46,50,4587,6,0,,,,,,,,,,,
51,gnb1,2026-08-19T09:55:44.534129,2921,PUCCH_CQI,0x46,,,,,,,,,,,111.8,15,2a,,
51,gnb1,2026-08-19T09:55:44.534637,2921,PDSCH,0x46,47,4395,6,0,,,,,,,,,,,
51,gnb1,2026-08-19T09:55:44.583305,2922,PDSCH,0x46,50,4587,6,0,,,,,,,,,,,
51,gnb1,2026-08-19T09:55:44.609688,2923,PDSCH,0x46,50,4587,6,0,,,,,,,,,,,
51,gnb1,2026-08-19T09:55:44.639898,2924,PDSCH,0x46,50,4587,6,0,,,,,,,,,,,
51,gnb1,2026-08-19T09:55:44.667479,2925,PDSCH,0x46,30,2292,6,0,,,,,,,,,,,
51,gnb1,2026-08-19T09:55:44.687846,2926,PUSCH,0x46,,,,,2,7,389,4,114.2,206,,,,,
51,gnb1,2026-08-19T09:55:44.713761,2927,BSR,0x46,,,,,,,,,,,,,,,0
51,gnb1,2026-08-19T09:55:44.714278,2927,PDSCH,0x46,50,4587,6,0,,,,,,,,,,,
51,gnb1,2026-08-19T09:55:44.715370,2928,PDSCH,0x46,50,3963,6,0,,,,,,,,,,,
51,gnb1,2026-08-19T09:55:44.902143,2935,PUSCH,0x46,,,,,2,3,249,4,117.9,124,,,,,
51,gnb1,2026-08-19T09:55:44.902204,2935,BSR,0x46,,,,,,,,,,,,,,,0
51,gnb1,2026-08-19T09:55:44.924900,2936,BSR,0x46,,,,,,,,,,,,,,,0
51,gnb1,2026-08-19T09:55:45.093910,2943,PUSCH,0x46,,,,,2,3,249,4,117.9,144,,,,,
51,gnb1,2026-08-19T09:55:45.094000,2943,BSR,0x46,,,,,,,,,,,,,,,0
51,gnb1,2026-08-19T09:55:45.117600,2944,PUSCH,0x46,,,,,2,14,935,4,107.4,407,,,,,
51,gnb1,2026-08-19T09:55:45.117686,2944,BSR,0x46,,,,,,,,,,,,,,,0
51,gnb1,2026-08-19T09:55:45.118219,2945,BSR,0x46,,,,,,,,,,,,,,,0
51,gnb1,2026-08-19T09:55:45.170565,2946,PDSCH,0x46,50,4587,6,0,,,,,,,,,,,
51,gnb1,2026-08-19T09:55:45.194198,2947,PDSCH,0x46,50,4587,6,0,,,,,,,,,,,
51,gnb1,2026-08-19T09:55:45.217483,2948,PDSCH,0x46,50,4587,6,0,,,,,,,,,,,
51,gnb1,2026-08-19T09:55:45.241491,2949,PDSCH,0x46,50,4587,6,0,,,,,,,,,,,
51,gnb1,2026-08-19T09:55:45.242111,2950,PDSCH,0x46,50,4587,6,0,,,,,,,,,,,
51,gnb1,2026-08-19T09:55:45.273856,2951,PUSCH,0x46,,,,,10,3,217,4,104.5,146,,,,,
51,gnb1,2026-08-19T09:55:45.273980,2951,BSR,0x46,,,,,,,,,,,,,,,0
51,gnb1,2026-08-19T09:55:45.274471,2951,PDSCH,0x46,50,4587,6,0,,,,,,,,,,,
51,gnb1,2026-08-19T09:55:45.322170,2952,PUSCH,0x46,,,,,2,17,1143,4,106.8,404,,,,,
51,gnb1,2026-08-19T09:55:45.322249,2952,BSR,0x46,,,,,,,,,,,,,,,0
51,gnb1,2026-08-19T09:55:45.322921,2952,PDSCH,0x46,50,4587,6,0,,,,,,,,,,,
51,gnb1,2026-08-19T09:55:45.322956,2953,PUSCH,0x46,,,,,2,3,233,4,117.9,143,,,,,
51,gnb1,2026-08-19T09:55:45.323463,2953,PDSCH,0x46,50,4587,6,0,,,,,,,,,,,
51,gnb1,2026-08-19T09:55:45.359631,2954,PDSCH,0x46,50,4587,6,0,,,,,,,,,,,
51,gnb1,2026-08-19T09:55:45.410160,2955,PDSCH,0x46,50,4587,6,0,,,,,,,,,,,
51,gnb1,2026-08-19T09:55:45.410787,2956,PDSCH,0x46,12,549,6,0,,,,,,,,,,,
51,gnb1,2026-08-19T09:55:45.505004,2959,PUSCH,0x46,,,,,2,3,217,4,117.9,135,,,,,
51,gnb1,2026-08-19T09:55:45.530695,2960,PUSCH,0x46,,,,,2,23,1527,4,106.4,457,,,,,
51,gnb1,2026-08-19T09:55:45.530768,2960,BSR,0x46,,,,,,,,,,,,,,,0
51,gnb1,2026-08-19T09:55:45.531331,2960,PDSCH,0x46,50,4587,6,0,,,,,,,,,,,
51,gnb1,2026-08-19T09:55:45.531465,2961,PUCCH_CQI,0x46,,,,,,,,,,,111.8,15,2a,,
51,gnb1,2026-08-19T09:55:45.532061,2961,PDSCH,0x46,47,4395,6,0,,,,,,,,,,,
51,gnb1,2026-08-19T09:55:45.548031,2962,PDSCH,0x46,50,4587,6,0,,,,,,,,,,,
51,gnb1,2026-08-19T09:55:45.597516,2963,PDSCH,0x46,50,4587,6,0,,,,,,,,,,,
51,gnb1,2026-08-19T09:55:45.598346,2964,PDSCH,0x46,50,4587,6,0,,,,,,,,,,,
51,gnb1,2026-08-19T09:55:45.621640,2965,PDSCH,0x46,24,1836,6,0,,,,,,,,,,,
51,gnb1,2026-08-19T09:55:45.714859,2968,PUSCH,0x46,,,,,2,3,249,4,117.9,111,,,,,
51,gnb1,2026-08-19T09:55:45.714926,2968,PHR,,,,,,,,,,,,,,,,
51,gnb1,2026-08-19T09:55:45.738742,2969,BSR,0x46,,,,,,,,,,,,,,,0
51,gnb1,2026-08-19T09:55:45.739237,2969,PDSCH,0x46,50,4587,6,0,,,,,,,,,,,
51,gnb1,2026-08-19T09:55:45.740317,2970,PDSCH,0x46,50,4587,6,0,,,,,,,,,,,
51,gnb1,2026-08-19T09:55:45.805110,2971,PDSCH,0x46,12,693,6,0,,,,,,,,,,,
51,gnb1,2026-08-19T09:55:45.868864,2974,PDSCH,0x46,3,7,2,0,,,,,,,,,,,
51,gnb1,2026-08-19T09:55:45.947102,2977,PUSCH,0x46,,,,,2,2,161,4,117.9,152,,,,,
51,gnb1,2026-08-19T09:55:45.947188,2977,BSR,0x46,,,,,,,,,,,,,,,0
51,gnb1,2026-08-19T09:55:45.973235,2978,BSR,0x46,,,,,,,,,,,,,,,0
51,gnb1,2026-08-19T09:55:45.973820,2978,PDSCH,0x46,50,4587,6,0,,,,,,,,,,,
51,gnb1,2026-08-19T09:55:45.974654,2979,PDSCH,0x46,50,3963,6,0,,,,,,,,,,,
51,gnb1,2026-08-19T09:55:46.167721,2985,PUSCH,0x46,,,,,2,2,161,4,117.9,136,,,,,
51,gnb1,2026-08-19T09:55:46.167782,2985,BSR,0x46,,,,,,,,,,,,,,,0
51,gnb1,2026-08-19T09:55:46.200958,2986,PUSCH,0x46,,,,,2,4,249,4,117.9,145,,,,,
51,gnb1,2026-08-19T09:55:46.201056,2986,BSR,0x46,,,,,,,,,,,,,,,0
51,gnb1,2026-08-19T09:55:46.201556,2986,PDSCH,0x46,50,4587,6,0,,,,,,,,,,,
51,gnb1,2026-08-19T09:55:46.202063,2987,BSR,0x46,,,,,,,,,,,,,,,0
51,gnb1,2026-08-19T09:55:46.202471,2987,PDSCH,0x46,50,3963,6,0,,,,,,,,,,,
51,gnb1,2026-08-19T09:55:46.233735,2988,PDSCH,0x46,50,4587,6,0,,,,,,,,,,,
51,gnb1,2026-08-19T09:55:46.291511,2989,PDSCH,0x46,15,1143,6,0,,,,,,,,,,,
51,gnb1,2026-08-19T09:55:46.405510,2993,PUSCH,0x46,,,,,2,2,161,4,117.9,193,,,,,
51,gnb1,2026-08-19T09:55:46.405632,2993,BSR,0x46,,,,,,,,,,,,,,,0
51,gnb1,2026-08-19T09:55:46.435124,2994,PUSCH,0x46,,,,,2,8,517,4,111.4,407,,,,,
51,gnb1,2026-08-19T09:55:46.435216,2994,BSR,0x46,,,,,,,,,,,,,,,0
51,gnb1,2026-08-19T09:55:46.435816,2995,PUSCH,0x46,,,,,2,3,249,4,117.9,152,,,,,
51,gnb1,2026-08-19T09:55:46.435881,2995,BSR,0x46,,,,,,,,,,,,,,,0
51,gnb1,2026-08-19T09:55:46.460888,2996,PDSCH,0x46,50,4587,6,0,,,,,,,,,,,
51,gnb1,2026-08-19T09:55:46.516775,2997,PDSCH,0x46,50,4587,6,0,,,,,,,,,,,
51,gnb1,2026-08-19T09:55:46.517495,2998,PDSCH,0x46,50,4587,6,0,,,,,,,,,,,
51,gnb1,2026-08-19T09:55:46.548959,2999,PDSCH,0x46,42,3182,6,0,,,,,,,,,,,
51,gnb1,2026-08-19T09:55:46.629753,3001,PUSCH,0x46,,,,,10,2,161,4,104.4,134,,,,,
51,gnb1,2026-08-19T09:55:46.658150,3002,PUSCH,0x46,,,,,2,4,309,4,117.9,230,,,,,
51,gnb1,2026-08-19T09:55:46.658794,3002,PDSCH,0x46,50,4587,6,0,,,,,,,,,,,
51,gnb1,2026-08-19T09:55:46.659124,3003,PUSCH,0x46,,,,,2,7,501,4,114.2,189,,,,,
51,gnb1,2026-08-19T09:55:46.659218,3003,BSR,0x46,,,,,,,,,,,,,,,0
51,gnb1,2026-08-19T09:55:46.681447,3004,PDSCH,0x46,50,4587,6,0,,,,,,,,,,,
51,gnb1,2026-08-19T09:55:46.738723,3005,PDSCH,0x46,15,1063,6,0,,,,,,,,,,,
51,gnb1,2026-08-19T09:55:46.903654,3011,PUSCH,0x46,,,,,10,8,517,4,104.5,253,,,,,
51,gnb1,2026-08-19T09:55:46.929095,3012,BSR,0x46,,,,,,,,,,,,,,,0
51,gnb1,2026-08-19T09:55:46.929575,3012,PDSCH,0x46,50,4587,6,0,,,,,,,,,,,
51,gnb1,2026-08-19T09:55:46.930623,3013,PDSCH,0x46,50,4587,6,0,,,,,,,,,,,
51,gnb1,2026-08-19T09:55:46.946076,3014,PDSCH,0x46,50,4587,6,0,,,,,,,,,,,
51,gnb1,2026-08-19T09:55:47.000304,3015,PDSCH,0x46,6,325,6,0,,,,,,,,,,,
51,gnb1,2026-08-19T09:55:47.145396,3020,PUSCH,0x46,,,,,2,4,293,4,117.9,158,,,,,
51,gnb1,2026-08-19T09:55:47.145456,3020,BSR,0x46,,,,,,,,,,,,,,,0
51,gnb1,2026-08-19T09:55:47.145467,3020,PHR,,,,,,,,,,,,,,,,
51,gnb1,2026-08-19T09:55:47.171779,3021,BSR,0x46,,,,,,,,,,,,,,,0
51,gnb1,2026-08-19T09:55:47.172426,3021,PDSCH,0x46,47,4395,6,0,,,,,,,,,,,
51,gnb1,2026-08-19T09:55:47.173275,3022,PDSCH,0x46,50,4587,6,0,,,,,,,,,,,
51,gnb1,2026-08-19T09:55:47.270326,3024,PDSCH,0x46,3,7,2,0,,,,,,,,,,,
51,gnb1,2026-08-19T09:55:47.387618,3028,PUSCH,0x46,,,,,2,4,293,4,118.0,227,,,,,
51,gnb1,2026-08-19T09:55:47.387696,3028,BSR,0x46,,,,,,,,,,,,,,,0
51,gnb1,2026-08-19T09:55:47.388439,3029,PUSCH,0x46,,,,,2,3,249,4,117.9,143,,,,,
51,gnb1,2026-08-19T09:55:47.388483,3029,BSR,0x46,,,,,,,,,,,,,,,0
51,gnb1,2026-08-19T09:55:47.425222,3030,PDSCH,0x46,50,4587,6,0,,,,,,,,,,,
51,gnb1,2026-08-19T09:55:47.477388,3031,PDSCH,0x46,50,4587,6,0,,,,,,,,,,,
51,gnb1,2026-08-19T09:55:47.478604,3032,PDSCH,0x46,50,4587,6,0,,,,,,,,,,,
51,gnb1,2026-08-19T09:55:47.538330,3033,PDSCH,0x46,50,4587,6,0,,,,,,,,,,,
51,gnb1,2026-08-19T09:55:47.560711,3034,PDSCH,0x46,18,1383,6,0,,,,,,,,,,,
51,gnb1,2026-08-19T09:55:47.619309,3036,PUSCH,0x46,,,,,2,4,293,4,117.9,170,,,,,
51,gnb1,2026-08-19T09:55:47.650604,3037,PUSCH,0x46,,,,,2,8,517,4,111.4,254,,,,,
51,gnb1,2026-08-19T09:55:47.650686,3037,BSR,0x46,,,,,,,,,,,,,,,0
51,gnb1,2026-08-19T09:55:47.651108,3037,PDSCH,0x46,36,2865,6,0,,,,,,,,,,,
51,gnb1,2026-08-19T09:55:47.670557,3039,PDSCH,0x46,18,1431,6,0,,,,,,,,,,,
51,gnb1,2026-08-19T09:55:47.724388,3040,BSR,0x46,,,,,,,,,,,,,,,0
51,gnb1,2026-08-19T09:55:47.748430,3041,PUCCH_CQI,0x46,,,,,,,,,,,111.8,15,2a,,
51,gnb1,2026-08-19T09:55:47.871622,3045,PUSCH,0x46,,,,,2,2,161,4,117.9,143,,,,,
51,gnb1,2026-08-19T09:55:47.950705,3048,PUSCH,0x46,,,,,2,5,373,4,118.0,196,,,,,
51,gnb1,2026-08-19T09:55:47.950754,3048,BSR,0x46,,,,,,,,,,,,,,,0
51,gnb1,2026-08-19T09:55:47.978476,3049,BSR,0x46,,,,,,,,,,,,,,,0
51,gnb1,2026-08-19T09:55:48.159241,3056,PUSCH,0x46,,,,,2,5,349,4,117.9,183,,,,,
51,gnb1,2026-08-19T09:55:48.159303,3056,BSR,0x46,,,,,,,,,,,,,,,0
51,gnb1,2026-08-19T09:55:48.190530,3057,PUSCH,0x46,,,,,2,0,32,4,117.8,127,,,,,
51,gnb1,2026-08-19T09:55:48.190639,3057,BSR,0x46,,,,,,,,,,,,,,,0
51,gnb1,2026-08-19T09:55:48.191202,3057,PDSCH,0x46,50,4587,6,0,,,,,,,,,,,
51,gnb1,2026-08-19T09:55:48.191400,3058,BSR,0x46,,,,,,,,,,,,,,,0
51,gnb1,2026-08-19T09:55:48.191835,3058,PDSCH,0x46,50,4587,6,0,,,,,,,,,,,
51,gnb1,2026-08-19T09:55:48.222364,3059,PDSCH,0x46,50,4587,6,0,,,,,,,,,,,
51,gnb1,2026-08-19T09:55:48.278669,3060,PDSCH,0x46,50,4587,6,0,,,,,,,,,,,
51,gnb1,2026-08-19T09:55:48.279517,3061,PDSCH,0x46,47,4395,6,0,,,,,,,,,,,
51,gnb1,2026-08-19T09:55:48.375505,3064,PUSCH,0x46,,,,,2,5,349,4,117.9,141,,,,,
51,gnb1,2026-08-19T09:55:48.375558,3064,BSR,0x46,,,,,,,,,,,,,,,0
51,gnb1,2026-08-19T09:55:48.393689,3065,PUSCH,0x46,,,,,2,4,293,4,117.9,174,,,,,
51,gnb1,2026-08-19T09:55:48.394168,3065,PDSCH,0x46,36,2865,6,0,,,,,,,,,,,
51,gnb1,2026-08-19T09:55:48.394692,3066,PUSCH,0x46,,,,,2,4,269,4,117.9,150,,,,,
51,gnb1,2026-08-19T09:55:48.440997,3067,PDSCH,0x46,36,2865,6,0,,,,,,,,,,,
51,gnb1,2026-08-19T09:55:48.587328,3072,PUSCH,0x46,,,,,2,5,349,4,118.0,193,,,,,
51,gnb1,2026-08-19T09:55:48.587460,3072,PHR,,,,,,,,,,,,,,,,
51,gnb1,2026-08-19T09:55:48.610155,3073,BSR,0x46,,,,,,,,,,,,,,,0
51,gnb1,2026-08-19T09:55:48.610701,3073,PDSCH,0x46,50,4587,6,0,,,,,,,,,,,
51,gnb1,2026-08-19T09:55:48.611547,3074,PDSCH,0x46,50,4587,6,0,,,,,,,,,,,
51,gnb1,2026-08-19T09:55:48.655197,3075,PDSCH,0x46,50,4587,6,0,,,,,,,,,,,
51,gnb1,2026-08-19T09:55:48.655815,3076,PDSCH,0x46,9,325,4,0,,,,,,,,,,,
51,gnb1,2026-08-19T09:55:48.832937,3081,PUSCH,0x46,,,,,10,2,185,4,104.4,134,,,,,
51,gnb1,2026-08-19T09:55:48.832995,3081,BSR,0x46,,,,,,,,,,,,,,,0
51,gnb1,2026-08-19T09:55:48.851993,3082,BSR,0x46,,,,,,,,,,,,,,,0
51,gnb1,2026-08-19T09:55:48.852477,3082,PDSCH,0x46,50,4587,6,0,,,,,,,,,,,
51,gnb1,2026-08-19T09:55:48.904249,3084,PDSCH,0x46,3,63,4,0,,,,,,,,,,,
51,gnb1,2026-08-19T09:55:49.029323,3089,PUSCH,0x46,,,,,2,2,185,4,117.9,135,,,,,
51,gnb1,2026-08-19T09:55:49.029387,3089,BSR,0x46,,,,,,,,,,,,,,,0
51,gnb1,2026-08-19T09:55:49.049424,3090,PUSCH,0x46,,,,,2,4,249,4,117.9,136,,,,,
51,gnb1,2026-08-19T09:55:49.049512,3090,BSR,0x46,,,,,,,,,,,,,,,0
51,gnb1,2026-08-19T09:55:49.049990,3090,PDSCH,0x46,50,4587,6,0,,,,,,,,,,,
51,gnb1,2026-08-19T09:55:49.050781,3091,PDSCH,0x46,50,4587,6,0,,,,,,,,,,,
51,gnb1,2026-08-19T09:55:49.104035,3092,PDSCH,0x46,50,4587,6,0,,,,,,,,,,,
51,gnb1,2026-08-19T09:55:49.104686,3093,PDSCH,0x46,24,1836,6,0,,,,,,,,,,,
51,gnb1,2026-08-19T09:55:49.192468,3095,PDSCH,0x46,18,1431,6,0,,,,,,,,,,,
51,gnb1,2026-08-19T09:55:49.265112,3097,PUSCH,0x46,,,,,2,3,193,4,117.9,133,,,,,
51,gnb1,2026-08-19T09:55:49.299981,3098,PUSCH,0x46,,,,,2,7,501,4,114.2,213,,,,,
51,gnb1,2026-08-19T09:55:49.300071,3098,BSR,0x46,,,,,,,,,,,,,,,0
51,gnb1,2026-08-19T09:55:49.300343,3098,PDSCH,0x46,18,1431,6,0,,,,,,,,,,,
51,gnb1,2026-08-19T09:55:49.511342,3106,PUSCH,0x46,,,,,2,7,389,4,114.2,253,,,,,
51,gnb1,2026-08-19T09:55:49.511423,3106,BSR,0x46,,,,,,,,,,,,,,,0
51,gnb1,2026-08-19T09:55:49.531872,3107,BSR,0x46,,,,,,,,,,,,,,,0
51,gnb1,2026-08-19T09:55:49.741466,3114,PUSCH,0x46,,,,,2,7,389,4,114.3,154,,,,,
51,gnb1,2026-08-19T09:55:49.741522,3114,BSR,0x46,,,,,,,,,,,,,,,0
51,gnb1,2026-08-19T09:55:49.777270,3115,PUSCH,0x46,,,,,2,8,597,4,111.4,249,,,,,
51,gnb1,2026-08-19T09:55:49.777407,3115,BSR,0x46,,,,,,,,,,,,,,,0
51,gnb1,2026-08-19T09:55:49.777800,3115,PDSCH,0x46,21,1527,6,0,,,,,,,,,,,
51,gnb1,2026-08-19T09:55:49.811907,3117,PDSCH,0x46,50,4587,6,0,,,,,,,,,,,
51,gnb1,2026-08-19T09:55:49.884399,3118,PDSCH,0x46,50,4587,6,0,,,,,,,,,,,
51,gnb1,2026-08-19T09:55:49.918386,3119,PDSCH,0x46,50,4587,6,0,,,,,,,,,,,
51,gnb1,2026-08-19T09:55:49.947093,3120,PDSCH,0x46,24,1836,6,0,,,,,,,,,,,
51,gnb1,2026-08-19T09:55:49.968717,3121,PUCCH_CQI,0x46,,,,,,,,,,,111.8,15,2,,
51,gnb1,2026-08-19T09:55:49.990055,3122,PUSCH,0x46,,,,,2,7,389,4,114.2,219,,,,,
51,gnb1,2026-08-19T09:55:49.990112,3122,PHR,,,,,,,,,,,,,,,,
51,gnb1,2026-08-19T09:55:50.020431,3123,PUSCH,0x46,,,,,2,14,871,4,107.4,426,,,,,
51,gnb1,2026-08-19T09:55:50.042436,3124,PDSCH,0x46,3,7,2,0,,,,,,,,,,,
51,gnb1,2026-08-19T09:55:50.444105,3140,BSR,0x46,,,,,,,,,,,,,,,0
51,gnb1,2026-08-19T09:55:50.637265,3148,PUSCH,0x46,,,,,2,8,517,4,111.4,161,,,,,
51,gnb1,2026-08-19T09:55:50.657779,3149,BSR,0x46,,,,,,,,,,,,,,,0
51,gnb1,2026-08-19T09:55:50.658222,3149,PDSCH,0x46,50,4587,6,0,,,,,,,,,,,
51,gnb1,2026-08-19T09:55:50.684422,3150,PDSCH,0x46,50,4587,6,0,,,,,,,,,,,
51,gnb1,2026-08-19T09:55:50.863459,3157,PUSCH,0x46,,,,,2,7,389,4,114.2,175,,,,,
51,gnb1,2026-08-19T09:55:50.863503,3157,BSR,0x46,,,,,,,,,,,,,,,0
51,gnb1,2026-08-19T09:55:50.885886,3158,PDSCH,0x46,50,4587,6,0,,,,,,,,,,,
51,gnb1,2026-08-19T09:55:50.912130,3159,PDSCH,0x46,50,3963,6,0,,,,,,,,,,,
51,gnb1,2026-08-19T09:55:50.930057,3160,BSR,0x46,,,,,,,,,,,,,,,0
51,gnb1,2026-08-19T09:55:50.957946,3161,PUCCH_CQI,0x46,,,,,,,,,,,111.8,15,2,,
51,gnb1,2026-08-19T09:55:51.097514,3165,PUSCH,0x46,,,,,2,7,389,4,114.2,266,,,,,
51,gnb1,2026-08-19T09:55:51.129024,3166,PDSCH,0x46,3,63,4,0,,,,,,,,,,,
51,gnb1,2026-08-19T09:55:51.185032,3168,PUSCH,0x46,,,,,2,2,133,4,118.0,149,,,,,
51,gnb1,2026-08-19T09:55:51.185097,3168,BSR,0x46,,,,,,,,,,,,,,,0
51,gnb1,2026-08-19T09:55:51.206874,3169,BSR,0x46,,,,,,,,,,,,,,,0
51,gnb1,2026-08-19T09:55:51.351845,3174,PDSCH,0x46,3,7,2,0,,,,,,,,,,,
51,gnb1,2026-08-19T09:55:51.401769,3176,PUSCH,0x46,,,,,2,0,41,4,117.7,139,,,,,
51,gnb1,2026-08-19T09:55:51.401825,3176,PHR,,,,,,,,,,,,,,,,
51,gnb1,2026-08-19T09:55:51.401826,3176,BSR,0x46,,,,,,,,,,,,,,,0
51,gnb1,2026-08-19T09:55:51.427699,3177,PUSCH,0x46,,,,,2,4,269,4,117.9,136,,,,,
51,gnb1,2026-08-19T09:55:51.427752,3177,BSR,0x46,,,,,,,,,,,,,,,0
51,gnb1,2026-08-19T09:55:51.584658,3184,PUSCH,0x46,,,,,2,0,28,4,117.8,100,,,,,
51,gnb1,2026-08-19T09:55:51.607429,3185,PUSCH,0x46,,,,,2,8,573,4,111.4,248,,,,,
51,gnb1,2026-08-19T09:55:52.067552,3201,PUCCH_CQI,0x46,,,,,,,,,,,111.8,15,2,,
51,gnb1,2026-08-19T09:55:52.556908,3220,BSR,0x46,,,,,,,,,,,,,,,0
51,gnb1,2026-08-19T09:55:52.655082,3224,PDSCH,0x46,3,7,2,0,,,,,,,,,,,
51,gnb1,2026-08-19T09:55:52.753885,3228,PUSCH,0x46,,,,,2,8,517,4,111.4,337,,,,,
51,gnb1,2026-08-19T09:55:52.753924,3228,PHR,,,,,,,,,,,,,,,,
51,gnb1,2026-08-19T09:55:53.067534,3240,BSR,0x46,,,,,,,,,,,,,,,0
51,gnb1,2026-08-19T09:55:53.092305,3241,PUCCH_CQI,0x46,,,,,,,,,,,111.8,15,2,,
51,gnb1,2026-08-19T09:55:53.278463,3248,PUSCH,0x46,,,,,2,8,517,4,111.4,193,,,,,
51,gnb1,2026-08-19T09:55:53.589469,3260,BSR,0x46,,,,,,,,,,,,,,,0
51,gnb1,2026-08-19T09:55:53.810746,3268,PUSCH,0x46,,,,,2,8,517,4,111.4,273,,,,,
51,gnb1,2026-08-19T09:55:53.959047,3274,PDSCH,0x46,3,7,2,0,,,,,,,,,,,
51,gnb1,2026-08-19T09:55:54.113426,3280,BSR,0x46,,,,,,,,,,,,,,,0
51,gnb1,2026-08-19T09:55:54.139625,3281,PUCCH_CQI,0x46,,,,,,,,,,,111.8,15,2,,
51,gnb1,2026-08-19T09:55:54.315738,3288,PUSCH,0x46,,,,,2,8,517,4,111.4,232,,,,,
51,gnb1,2026-08-19T09:55:54.315826,3288,PHR,,,,,,,,,,,,,,,,
51,gnb1,2026-08-19T09:55:54.638508,3300,BSR,0x46,,,,,,,,,,,,,,,0
51,gnb1,2026-08-19T09:55:54.838969,3308,PUSCH,0x46,,,,,2,8,517,4,111.4,245,,,,,
51,gnb1,2026-08-19T09:55:55.132399,3320,BSR,0x46,,,,,,,,,,,,,,,0
51,gnb1,2026-08-19T09:55:55.166469,3321,PUCCH_CQI,0x46,,,,,,,,,,,111.8,15,2,,
51,gnb1,2026-08-19T09:55:55.241102,3324,PDSCH,0x46,3,7,2,0,,,,,,,,,,,
51,gnb1,2026-08-19T09:55:55.342917,3328,PUSCH,0x46,,,,,2,8,517,4,111.4,318,,,,,
51,gnb1,2026-08-19T09:55:55.641213,3340,BSR,0x46,,,,,,,,,,,,,,,0
51,gnb1,2026-08-19T09:55:55.827124,3348,PUSCH,0x46,,,,,2,8,517,4,111.4,237,,,,,
51,gnb1,2026-08-19T09:55:55.827180,3348,PHR,,,,,,,,,,,,,,,,
51,gnb1,2026-08-19T09:55:56.118050,3360,BSR,0x46,,,,,,,,,,,,,,,0
51,gnb1,2026-08-19T09:55:56.139922,3361,PUCCH_CQI,0x46,,,,,,,,,,,111.8,15,2,,
51,gnb1,2026-08-19T09:55:56.309307,3368,PUSCH,0x46,,,,,2,8,517,4,111.4,239,,,,,
51,gnb1,2026-08-19T09:55:56.449824,3374,PDSCH,0x46,3,7,2,0,,,,,,,,,,,
51,gnb1,2026-08-19T09:55:56.618247,3380,BSR,0x46,,,,,,,,,,,,,,,0
51,gnb1,2026-08-19T09:55:56.805097,3388,PUSCH,0x46,,,,,2,8,517,4,111.4,189,,,,,
51,gnb1,2026-08-19T09:55:57.113118,3400,BSR,0x46,,,,,,,,,,,,,,,0
51,gnb1,2026-08-19T09:55:57.133600,3401,PUCCH_CQI,0x46,,,,,,,,,,,111.8,15,2,,
51,gnb1,2026-08-19T09:55:57.301578,3408,PUSCH,0x46,,,,,2,8,517,4,111.4,182,,,,,
51,gnb1,2026-08-19T09:55:57.301637,3408,PHR,,,,,,,,,,,,,,,,
51,gnb1,2026-08-19T09:55:57.601530,3420,BSR,0x46,,,,,,,,,,,,,,,0
51,gnb1,2026-08-19T09:55:57.711546,3424,PDSCH,0x46,3,7,2,0,,,,,,,,,,,
51,gnb1,2026-08-19T09:55:57.805422,3428,PUSCH,0x46,,,,,2,8,517,4,111.4,212,,,,,
51,gnb1,2026-08-19T09:55:58.142296,3441,PUCCH_CQI,0x46,,,,,,,,,,,111.8,15,2,,
51,gnb1,2026-08-19T09:55:58.939725,3474,PDSCH,0x46,3,7,2,0,,,,,,,,,,,
51,gnb1,2026-08-19T09:55:59.108195,3481,PUCCH_CQI,0x46,,,,,,,,,,,111.8,15,2,,
51,gnb1,2026-08-19T09:56:00.076873,3521,PUCCH_CQI,0x46,,,,,,,,,,,111.8,15,2,,
51,gnb1,2026-08-19T09:56:01.109280,3561,PUCCH_CQI,0x46,,,,,,,,,,,111.8,15,2,,
51,gnb1,2026-08-19T09:56:02.147849,3601,PUCCH_CQI,0x46,,,,,,,,,,,111.8,15,2,,
51,gnb1,2026-08-19T09:56:03.238026,3641,PUCCH_CQI,0x46,,,,,,,,,,,111.8,15,2,,
51,gnb1,2026-08-19T09:56:03.762614,3660,BSR,0x46,,,,,,,,,,,,,,,0
51,gnb1,2026-08-19T09:56:03.964063,3668,PUSCH,0x46,,,,,2,8,517,4,111.4,218,,,,,
51,gnb1,2026-08-19T09:56:03.964178,3668,PHR,,,,,,,,,,,,,,,,
51,gnb1,2026-08-19T09:56:03.998457,3669,PDSCH,0x46,3,7,2,0,,,,,,,,,,,
52,gnb1,2026-08-19T10:02:05.841304,342,PDSCH,0x2,3,11,2,0,,,,,,,,,,,
52,gnb1,2026-08-19T10:02:05.871297,344,BSR,0x46,,,,,,,,,,,,,,,0
52,gnb1,2026-08-19T10:02:06.067645,352,PUSCH,0x46,,,,,2,2,7,2,118.0,227,,,,,
52,gnb1,2026-08-19T10:02:06.105147,354,PDSCH,0x46,3,32,2,0,,,,,,,,,,,
52,gnb1,2026-08-19T10:02:06.253051,361,PUCCH_CQI,0x46,,,,,,,,,,,-inf,0,2,,
52,gnb1,2026-08-19T10:02:06.671802,380,BSR,0x46,,,,,,,,,,,,,,,0
52,gnb1,2026-08-19T10:02:06.860073,388,PUSCH,0x46,,,,,2,44,157,2,109.0,735,,,,,
52,gnb1,2026-08-19T10:02:06.860208,388,PHR,,,,,,,,,,,,,,,,
52,gnb1,2026-08-19T10:02:06.877502,390,PDSCH,0x46,6,63,2,0,,,,,,,,,,,
52,gnb1,2026-08-19T10:02:07.126794,400,BSR,0x46,,,,,,,,,,,,,,,0
52,gnb1,2026-08-19T10:02:07.151692,401,PUCCH_CQI,0x46,,,,,,,,,,,111.8,15,2,,
52,gnb1,2026-08-19T10:02:07.312268,408,PUSCH,0x46,,,,,2,8,517,4,111.4,529,,,,,
52,gnb1,2026-08-19T10:02:07.332985,409,PDSCH,0x46,3,7,2,0,,,,,,,,,,,
52,gnb1,2026-08-19T10:02:07.354731,410,PDSCH,0x46,3,41,2,0,,,,,,,,,,,
52,gnb1,2026-08-19T10:02:07.562215,420,BSR,0x46,,,,,,,,,,,,,,,0
52,gnb1,2026-08-19T10:02:07.731303,428,PUSCH,0x46,,,,,2,8,517,4,111.4,247,,,,,
52,gnb1,2026-08-19T10:02:07.749767,429,PDSCH,0x46,3,7,2,0,,,,,,,,,,,
52,gnb1,2026-08-19T10:02:07.764421,430,PDSCH,0x46,3,26,2,0,,,,,,,,,,,
52,gnb1,2026-08-19T10:02:08.005601,440,BSR,0x46,,,,,,,,,,,,,,,0
52,gnb1,2026-08-19T10:02:08.020243,441,PUCCH_CQI,0x46,,,,,,,,,,,111.8,15,2,,
52,gnb1,2026-08-19T10:02:08.191091,448,PUSCH,0x46,,,,,2,8,517,4,111.4,238,,,,,
52,gnb1,2026-08-19T10:02:08.191225,448,PHR,,,,,,,,,,,,,,,,
52,gnb1,2026-08-19T10:02:08.218641,449,PDSCH,0x46,3,7,2,0,,,,,,,,,,,
52,gnb1,2026-08-19T10:02:08.237622,450,PDSCH,0x46,3,18,2,0,,,,,,,,,,,
52,gnb1,2026-08-19T10:02:08.505356,460,BSR,0x46,,,,,,,,,,,,,,,0
52,gnb1,2026-08-19T10:02:08.698120,468,PUSCH,0x46,,,,,2,8,517,4,111.4,231,,,,,
52,gnb1,2026-08-19T10:02:08.722900,469,PDSCH,0x46,3,7,2,0,,,,,,,,,,,
52,gnb1,2026-08-19T10:02:08.736888,470,PDSCH,0x46,3,18,2,0,,,,,,,,,,,
52,gnb1,2026-08-19T10:02:08.984424,480,BSR,0x46,,,,,,,,,,,,,,,0
52,gnb1,2026-08-19T10:02:09.008303,481,PUCCH_CQI,0x46,,,,,,,,,,,111.8,15,2,,
52,gnb1,2026-08-19T10:02:09.163532,488,PUSCH,0x46,,,,,2,8,517,4,111.4,239,,,,,
52,gnb1,2026-08-19T10:02:09.193517,489,PDSCH,0x46,3,7,2,0,,,,,,,,,,,
52,gnb1,2026-08-19T10:02:09.216973,490,PDSCH,0x46,3,113,4,0,,,,,,,,,,,
52,gnb1,2026-08-19T10:02:09.471588,500,BSR,0x46,,,,,,,,,,,,,,,0
52,gnb1,2026-08-19T10:02:09.648250,508,PUSCH,0x46,,,,,2,8,517,4,111.4,252,,,,,
52,gnb1,2026-08-19T10:02:09.648286,508,PHR,,,,,,,,,,,,,,,,
52,gnb1,2026-08-19T10:02:09.671429,509,PDSCH,0x46,3,18,2,0,,,,,,,,,,,
52,gnb1,2026-08-19T10:02:09.891682,519,PDSCH,0x46,3,73,4,0,,,,,,,,,,,
52,gnb1,2026-08-19T10:02:09.938761,521,PUCCH_CQI,0x46,,,,,,,,,,,111.8,15,2,,
52,gnb1,2026-08-19T10:02:10.374535,540,BSR,0x46,,,,,,,,,,,,,,,0
52,gnb1,2026-08-19T10:02:10.532053,548,PUSCH,0x46,,,,,2,8,517,4,111.4,303,,,,,
52,gnb1,2026-08-19T10:02:10.814765,561,PUCCH_CQI,0x46,,,,,,,,,,,111.8,15,2,,
52,gnb1,2026-08-19T10:02:11.684599,601,PUCCH_CQI,0x46,,,,,,,,,,,111.8,15,2,,
52,gnb1,2026-08-19T10:02:12.647214,641,PUCCH_CQI,0x46,,,,,,,,,,,111.8,15,2,,
52,gnb1,2026-08-19T10:02:13.521890,681,PUCCH_CQI,0x46,,,,,,,,,,,111.8,15,2,,
52,gnb1,2026-08-19T10:02:14.413568,721,PUCCH_CQI,0x46,,,,,,,,,,,111.8,15,2,,
52,gnb1,2026-08-19T10:02:15.355916,761,PUCCH_CQI,0x46,,,,,,,,,,,111.8,15,2,,
52,gnb1,2026-08-19T10:02:16.288805,801,PUCCH_CQI,0x46,,,,,,,,,,,111.8,15,2,,
52,gnb1,2026-08-19T10:02:17.190414,841,PUCCH_CQI,0x46,,,,,,,,,,,111.8,15,2,,
52,gnb1,2026-08-19T10:02:18.093120,881,PUCCH_CQI,0x46,,,,,,,,,,,111.8,15,2,,
52,gnb1,2026-08-19T10:02:19.039158,921,PUCCH_CQI,0x46,,,,,,,,,,,111.8,15,2,,
52,gnb1,2026-08-19T10:02:19.888050,961,PUCCH_CQI,0x46,,,,,,,,,,,111.8,15,2,,
52,gnb1,2026-08-19T10:02:20.810985,1001,PUCCH_CQI,0x46,,,,,,,,,,,111.8,15,2,,
52,gnb1,2026-08-19T10:02:21.760026,1041,PUCCH_CQI,0x46,,,,,,,,,,,111.8,15,2,,
52,gnb1,2026-08-19T10:02:22.664004,1081,PUCCH_CQI,0x46,,,,,,,,,,,111.8,15,2,,
52,gnb1,2026-08-19T10:02:23.628004,1121,PUCCH_CQI,0x46,,,,,,,,,,,111.8,15,2,,
52,gnb1,2026-08-19T10:02:24.559927,1161,PUCCH_CQI,0x46,,,,,,,,,,,111.8,15,2,,
52,gnb1,2026-08-19T10:02:25.524093,1201,PUCCH_CQI,0x46,,,,,,,,,,,111.8,15,2,,
52,gnb1,2026-08-19T10:02:26.432705,1241,PUCCH_CQI,0x46,,,,,,,,,,,111.8,15,2,,
52,gnb1,2026-08-19T10:02:27.364068,1281,PUCCH_CQI,0x46,,,,,,,,,,,111.8,15,2,,
52,gnb1,2026-08-19T10:02:28.327369,1321,PUCCH_CQI,0x46,,,,,,,,,,,111.8,15,2,,
52,gnb1,2026-08-19T10:02:29.250448,1361,PUCCH_CQI,0x46,,,,,,,,,,,111.8,15,2,,
52,gnb1,2026-08-19T10:02:30.216216,1401,PUCCH_CQI,0x46,,,,,,,,,,,111.8,15,2,,
52,gnb1,2026-08-19T10:02:31.132822,1441,PUCCH_CQI,0x46,,,,,,,,,,,111.8,15,2,,
52,gnb1,2026-08-19T10:02:32.124381,1481,PUCCH_CQI,0x46,,,,,,,,,,,111.8,15,2,,
52,gnb1,2026-08-19T10:02:33.011885,1521,PUCCH_CQI,0x46,,,,,,,,,,,111.8,15,2,,
52,gnb1,2026-08-19T10:02:33.943483,1561,PUCCH_CQI,0x46,,,,,,,,,,,111.8,15,2,,
52,gnb1,2026-08-19T10:02:34.923715,1601,PUCCH_CQI,0x46,,,,,,,,,,,111.8,15,2,,
52,gnb1,2026-08-19T10:02:35.779093,1641,PUCCH_CQI,0x46,,,,,,,,,,,111.8,15,2,,
52,gnb1,2026-08-19T10:02:36.607292,1681,PUCCH_CQI,0x46,,,,,,,,,,,111.8,15,2,,
52,gnb1,2026-08-19T10:02:37.565701,1721,PUCCH_CQI,0x46,,,,,,,,,,,111.8,15,2,,
52,gnb1,2026-08-19T10:02:38.467922,1761,PUCCH_CQI,0x46,,,,,,,,,,,111.8,15,2,,
52,gnb1,2026-08-19T10:02:39.379526,1801,PUCCH_CQI,0x46,,,,,,,,,,,111.8,15,2,,
52,gnb1,2026-08-19T10:02:40.271675,1841,PUCCH_CQI,0x46,,,,,,,,,,,111.8,15,2,,
52,gnb1,2026-08-19T10:02:41.150486,1881,PUCCH_CQI,0x46,,,,,,,,,,,111.8,15,2,,
52,gnb1,2026-08-19T10:02:42.093592,1921,PUCCH_CQI,0x46,,,,,,,,,,,111.8,15,2,,
52,gnb1,2026-08-19T10:02:43.018090,1961,PUCCH_CQI,0x46,,,,,,,,,,,111.8,15,2,,
52,gnb1,2026-08-19T10:02:43.877067,2001,PUCCH_CQI,0x46,,,,,,,,,,,111.8,15,2,,
52,gnb1,2026-08-19T10:02:44.773658,2041,PUCCH_CQI,0x46,,,,,,,,,,,111.8,15,2,,
52,gnb1,2026-08-19T10:02:45.669543,2081,PUCCH_CQI,0x46,,,,,,,,,,,111.8,15,2,,
52,gnb1,2026-08-19T10:02:46.641006,2121,PUCCH_CQI,0x46,,,,,,,,,,,111.8,15,2,,
52,gnb1,2026-08-19T10:02:47.524649,2161,PUCCH_CQI,0x46,,,,,,,,,,,111.8,15,2,,
52,gnb1,2026-08-19T10:02:48.485391,2201,PUCCH_CQI,0x46,,,,,,,,,,,111.8,15,2,,
52,gnb1,2026-08-19T10:02:49.366295,2241,PUCCH_CQI,0x46,,,,,,,,,,,111.8,15,2,,
52,gnb1,2026-08-19T10:02:50.269492,2281,PUCCH_CQI,0x46,,,,,,,,,,,111.8,15,2,,
52,gnb1,2026-08-19T10:02:51.136753,2321,PUCCH_CQI,0x46,,,,,,,,,,,111.8,15,2,,
52,gnb1,2026-08-19T10:02:52.023670,2361,PUCCH_CQI,0x46,,,,,,,,,,,111.8,15,2,,
52,gnb1,2026-08-19T10:02:52.924042,2401,PUCCH_CQI,0x46,,,,,,,,,,,111.8,15,2,,
52,gnb1,2026-08-19T10:02:53.810992,2441,PUCCH_CQI,0x46,,,,,,,,,,,111.8,15,2,,
52,gnb1,2026-08-19T10:02:54.232953,2460,BSR,0x46,,,,,,,,,,,,,,,0
52,gnb1,2026-08-19T10:02:54.422583,2468,PUSCH,0x46,,,,,2,8,517,4,111.4,471,,,,,
52,gnb1,2026-08-19T10:02:54.422654,2468,PHR,,,,,,,,,,,,,,,,
52,gnb1,2026-08-19T10:02:54.458043,2469,PDSCH,0x46,3,85,4,0,,,,,,,,,,,
52,gnb1,2026-08-19T10:02:54.684457,2480,BSR,0x46,,,,,,,,,,,,,,,0
52,gnb1,2026-08-19T10:02:54.711828,2481,PUCCH_CQI,0x46,,,,,,,,,,,111.8,15,2,,
52,gnb1,2026-08-19T10:02:54.864468,2488,PUSCH,0x46,,,,,2,8,517,4,111.4,233,,,,,
52,gnb1,2026-08-19T10:02:54.892173,2489,PDSCH,0x46,3,121,6,0,,,,,,,,,,,
52,gnb1,2026-08-19T10:02:55.135758,2500,BSR,0x46,,,,,,,,,,,,,,,0
52,gnb1,2026-08-19T10:02:55.321813,2508,PUSCH,0x46,,,,,2,8,517,4,111.4,196,,,,,
52,gnb1,2026-08-19T10:02:55.370048,2510,PDSCH,0x46,3,63,4,0,,,,,,,,,,,
52,gnb1,2026-08-19T10:02:55.543627,2519,PDSCH,0x46,3,7,2,0,,,,,,,,,,,
52,gnb1,2026-08-19T10:02:55.568174,2520,BSR,0x46,,,,,,,,,,,,,,,0
52,gnb1,2026-08-19T10:02:55.587035,2521,PUCCH_CQI,0x46,,,,,,,,,,,111.8,15,2,,
52,gnb1,2026-08-19T10:02:55.730388,2528,PUSCH,0x46,,,,,2,8,517,4,111.4,206,,,,,
52,gnb1,2026-08-19T10:02:55.730480,2528,PHR,,,,,,,,,,,,,,,,
52,gnb1,2026-08-19T10:02:55.746225,2529,PDSCH,0x46,3,121,6,0,,,,,,,,,,,
52,gnb1,2026-08-19T10:02:56.028622,2540,BSR,0x46,,,,,,,,,,,,,,,0
52,gnb1,2026-08-19T10:02:56.236920,2548,PUSCH,0x46,,,,,2,8,517,4,111.4,300,,,,,
52,gnb1,2026-08-19T10:02:56.249826,2549,PDSCH,0x46,3,73,4,0,,,,,,,,,,,
52,gnb1,2026-08-19T10:02:56.488046,2560,BSR,0x46,,,,,,,,,,,,,,,0
52,gnb1,2026-08-19T10:02:56.510492,2561,PUCCH_CQI,0x46,,,,,,,,,,,111.8,15,2,,
52,gnb1,2026-08-19T10:02:56.679832,2568,PUSCH,0x46,,,,,2,8,517,4,111.4,561,,,,,
52,gnb1,2026-08-19T10:02:56.706429,2569,PDSCH,0x46,50,4587,6,0,,,,,,,,,,,
52,gnb1,2026-08-19T10:02:56.706975,2570,PDSCH,0x46,50,4587,6,0,,,,,,,,,,,
52,gnb1,2026-08-19T10:02:56.729778,2571,PDSCH,0x46,50,4587,6,0,,,,,,,,,,,
52,gnb1,2026-08-19T10:02:56.767531,2572,PDSCH,0x46,6,437,6,0,,,,,,,,,,,
52,gnb1,2026-08-19T10:02:56.962923,2580,BSR,0x46,,,,,,,,,,,,,,,0
52,gnb1,2026-08-19T10:02:57.187661,2588,PUSCH,0x46,,,,,2,8,517,4,111.4,324,,,,,
52,gnb1,2026-08-19T10:02:57.187710,2588,PHR,,,,,,,,,,,,,,,,
52,gnb1,2026-08-19T10:02:57.213411,2589,BSR,0x46,,,,,,,,,,,,,,,0
52,gnb1,2026-08-19T10:02:57.214114,2589,PDSCH,0x46,50,4587,6,0,,,,,,,,,,,
52,gnb1,2026-08-19T10:02:57.215064,2590,PDSCH,0x46,50,4587,6,0,,,,,,,,,,,
52,gnb1,2026-08-19T10:02:57.230606,2591,PDSCH,0x46,50,4587,6,0,,,,,,,,,,,
52,gnb1,2026-08-19T10:02:57.266479,2592,PDSCH,0x46,50,4587,6,0,,,,,,,,,,,
52,gnb1,2026-08-19T10:02:57.286891,2593,PDSCH,0x46,50,4587,6,0,,,,,,,,,,,
52,gnb1,2026-08-19T10:02:57.376928,2597,PUSCH,0x46,,,,,2,1,113,4,117.9,130,,,,,
52,gnb1,2026-08-19T10:02:57.376986,2597,BSR,0x46,,,,,,,,,,,,,,,0
52,gnb1,2026-08-19T10:02:57.392477,2598,PDSCH,0x46,50,4587,6,0,,,,,,,,,,,
52,gnb1,2026-08-19T10:02:57.393270,2599,PDSCH,0x46,15,1063,6,0,,,,,,,,,,,
52,gnb1,2026-08-19T10:02:57.407740,2600,BSR,0x46,,,,,,,,,,,,,,,0
52,gnb1,2026-08-19T10:02:57.457215,2601,PUCCH_CQI,0x46,,,,,,,,,,,111.8,15,2a,,
52,gnb1,2026-08-19T10:02:57.543489,2605,PUSCH,0x46,,,,,2,1,113,4,117.8,226,,,,,
52,gnb1,2026-08-19T10:02:57.562084,2606,BSR,0x46,,,,,,,,,,,,,,,0
52,gnb1,2026-08-19T10:02:57.612451,2608,PUSCH,0x46,,,,,2,7,437,4,114.2,302,,,,,
52,gnb1,2026-08-19T10:02:57.612518,2608,BSR,0x46,,,,,,,,,,,,,,,0
52,gnb1,2026-08-19T10:02:57.632648,2609,BSR,0x46,,,,,,,,,,,,,,,0
52,gnb1,2026-08-19T10:02:57.633313,2609,PDSCH,0x46,50,4587,6,0,,,,,,,,,,,
52,gnb1,2026-08-19T10:02:57.634240,2610,PDSCH,0x46,50,4587,6,0,,,,,,,,,,,
52,gnb1,2026-08-19T10:02:57.663104,2611,PDSCH,0x46,50,4587,6,0,,,,,,,,,,,
52,gnb1,2026-08-19T10:02:57.698088,2612,PDSCH,0x46,42,3182,6,0,,,,,,,,,,,
52,gnb1,2026-08-19T10:02:57.744688,2614,PUSCH,0x46,,,,,2,4,293,4,117.9,271,,,,,
52,gnb1,2026-08-19T10:02:57.744773,2614,BSR,0x46,,,,,,,,,,,,,,,0
52,gnb1,2026-08-19T10:02:57.771411,2615,BSR,0x46,,,,,,,,,,,,,,,0
52,gnb1,2026-08-19T10:02:57.772003,2615,PDSCH,0x46,50,4587,6,0,,,,,,,,,,,
52,gnb1,2026-08-19T10:02:57.795312,2616,PUSCH,0x46,,,,,2,7,437,4,114.2,270,,,,,
52,gnb1,2026-08-19T10:02:57.795416,2616,BSR,0x46,,,,,,,,,,,,,,,0
52,gnb1,2026-08-19T10:02:57.796178,2616,PDSCH,0x46,50,4587,6,0,,,,,,,,,,,
52,gnb1,2026-08-19T10:02:57.796302,2617,PUSCH,0x46,,,,,2,3,249,4,117.9,188,,,,,
52,gnb1,2026-08-19T10:02:57.796878,2617,PDSCH,0x46,50,4587,6,0,,,,,,,,,,,
52,gnb1,2026-08-19T10:02:57.827789,2618,PDSCH,0x46,50,4587,6,0,,,,,,,,,,,
52,gnb1,2026-08-19T10:02:57.870449,2619,PDSCH,0x46,50,4587,6,0,,,,,,,,,,,
52,gnb1,2026-08-19T10:02:57.871367,2620,PDSCH,0x46,50,4587,6,0,,,,,,,,,,,
52,gnb1,2026-08-19T10:02:57.893211,2621,PDSCH,0x46,47,4395,6,0,,,,,,,,,,,
52,gnb1,2026-08-19T10:02:57.946155,2622,PUSCH,0x46,,,,,2,4,293,4,117.9,134,,,,,
52,gnb1,2026-08-19T10:02:57.946832,2622,PDSCH,0x46,50,4587,6,0,,,,,,,,,,,
52,gnb1,2026-08-19T10:02:57.947324,2623,PUSCH,0x46,,,,,2,3,249,4,117.9,151,,,,,
52,gnb1,2026-08-19T10:02:57.947929,2623,PDSCH,0x46,36,2865,6,0,,,,,,,,,,,
52,gnb1,2026-08-19T10:02:57.970586,2624,PUSCH,0x46,,,,,2,7,437,4,114.3,370,,,,,
52,gnb1,2026-08-19T10:02:57.970661,2624,BSR,0x46,,,,,,,,,,,,,,,0
52,gnb1,2026-08-19T10:02:57.971155,2624,PDSCH,0x46,50,4587,6,0,,,,,,,,,,,
52,gnb1,2026-08-19T10:02:58.008548,2625,PDSCH,0x46,50,4587,6,0,,,,,,,,,,,
52,gnb1,2026-08-19T10:02:58.010606,2626,PDSCH,0x46,50,4587,6,0,,,,,,,,,,,
52,gnb1,2026-08-19T10:02:58.063193,2627,PDSCH,0x46,50,4587,6,0,,,,,,,,,,,
52,gnb1,2026-08-19T10:02:58.064282,2628,PDSCH,0x46,50,4587,6,0,,,,,,,,,,,
52,gnb1,2026-08-19T10:02:58.087533,2629,PDSCH,0x46,50,4587,6,0,,,,,,,,,,,
52,gnb1,2026-08-19T10:02:58.120476,2630,PDSCH,0x46,50,4587,6,0,,,,,,,,,,,
52,gnb1,2026-08-19T10:02:58.121634,2631,PDSCH,0x46,50,4587,6,0,,,,,,,,,,,
52,gnb1,2026-08-19T10:02:58.170610,2632,PUSCH,0x46,,,,,2,8,573,4,111.4,269,,,,,
52,gnb1,2026-08-19T10:02:58.171101,2632,PDSCH,0x46,50,4587,6,0,,,,,,,,,,,
52,gnb1,2026-08-19T10:02:58.171574,2633,BSR,0x46,,,,,,,,,,,,,,,0
52,gnb1,2026-08-19T10:02:58.171924,2633,PDSCH,0x46,12,903,6,0,,,,,,,,,,,
52,gnb1,2026-08-19T10:02:58.193251,2634,PDSCH,0x46,50,4587,6,0,,,,,,,,,,,
52,gnb1,2026-08-19T10:02:58.239049,2635,PDSCH,0x46,50,4587,6,0,,,,,,,,,,,
52,gnb1,2026-08-19T10:02:58.255723,2636,PDSCH,0x46,50,4587,6,0,,,,,,,,,,,
52,gnb1,2026-08-19T10:02:58.256434,2637,PDSCH,0x46,50,4587,6,0,,,,,,,,,,,
52,gnb1,2026-08-19T10:02:58.278990,2638,PDSCH,0x46,50,4587,6,0,,,,,,,,,,,
52,gnb1,2026-08-19T10:02:58.331862,2639,PDSCH,0x46,50,4587,6,0,,,,,,,,,,,
52,gnb1,2026-08-19T10:02:58.332684,2640,PDSCH,0x46,9,597,6,0,,,,,,,,,,,
52,gnb1,2026-08-19T10:02:58.369603,2641,PUSCH,0x46,,,,,10,14,871,4,104.5,396,,,,,
52,gnb1,2026-08-19T10:02:58.369666,2641,BSR,0x46,,,,,,,,,,,,,,,0
52,gnb1,2026-08-19T10:02:58.369693,2641,PHR,,,,,,,,,,,,,,,,
52,gnb1,2026-08-19T10:02:58.370350,2642,BSR,0x46,,,,,,,,,,,,,,,0
52,gnb1,2026-08-19T10:02:58.397363,2643,PDSCH,0x46,50,4587,6,0,,,,,,,,,,,
52,gnb1,2026-08-19T10:02:58.450869,2644,PDSCH,0x46,50,4587,6,0,,,,,,,,,,,
52,gnb1,2026-08-19T10:02:58.451796,2645,PDSCH,0x46,50,4587,6,0,,,,,,,,,,,
52,gnb1,2026-08-19T10:02:58.476176,2646,PDSCH,0x46,50,4587,6,0,,,,,,,,,,,
52,gnb1,2026-08-19T10:02:58.525355,2647,PDSCH,0x46,50,4587,6,0,,,,,,,,,,,
52,gnb1,2026-08-19T10:02:58.526265,2648,PDSCH,0x46,50,4587,6,0,,,,,,,,,,,
52,gnb1,2026-08-19T10:02:58.545376,2649,PUSCH,0x46,,,,,2,14,871,4,107.4,339,,,,,
52,gnb1,2026-08-19T10:02:58.545467,2649,BSR,0x46,,,,,,,,,,,,,,,0
52,gnb1,2026-08-19T10:02:58.545951,2649,PDSCH,0x46,50,4587,6,0,,,,,,,,,,,
52,gnb1,2026-08-19T10:02:58.593864,2650,PUSCH,0x46,,,,,2,3,217,4,117.9,148,,,,,
52,gnb1,2026-08-19T10:02:58.593995,2650,BSR,0x46,,,,,,,,,,,,,,,0
52,gnb1,2026-08-19T10:02:58.594502,2650,PDSCH,0x46,50,4587,6,0,,,,,,,,,,,
52,gnb1,2026-08-19T10:02:58.594996,2651,BSR,0x46,,,,,,,,,,,,,,,0
52,gnb1,2026-08-19T10:02:58.595683,2651,PDSCH,0x46,50,4587,6,0,,,,,,,,,,,
52,gnb1,2026-08-19T10:02:58.619356,2652,PDSCH,0x46,50,4587,6,0,,,,,,,,,,,
52,gnb1,2026-08-19T10:02:58.671156,2653,PDSCH,0x46,50,4587,6,0,,,,,,,,,,,
52,gnb1,2026-08-19T10:02:58.672002,2654,PDSCH,0x46,50,4587,6,0,,,,,,,,,,,
52,gnb1,2026-08-19T10:02:58.693498,2655,PDSCH,0x46,50,4587,6,0,,,,,,,,,,,
52,gnb1,2026-08-19T10:02:58.738659,2656,PDSCH,0x46,50,4587,6,0,,,,,,,,,,,
52,gnb1,2026-08-19T10:02:58.739614,2657,PUSCH,0x46,,,,,2,14,871,4,107.4,510,,,,,
52,gnb1,2026-08-19T10:02:58.739677,2657,BSR,0x46,,,,,,,,,,,,,,,0
52,gnb1,2026-08-19T10:02:58.740223,2657,PDSCH,0x46,50,4587,6,0,,,,,,,,,,,
52,gnb1,2026-08-19T10:02:58.782411,2658,PUSCH,0x46,,,,,2,7,501,4,114.2,211,,,,,
52,gnb1,2026-08-19T10:02:58.782494,2658,BSR,0x46,,,,,,,,,,,,,,,0
52,gnb1,2026-08-19T10:02:58.783047,2658,PDSCH,0x46,50,4587,6,0,,,,,,,,,,,
52,gnb1,2026-08-19T10:02:58.783442,2659,PUSCH,0x46,,,,,2,3,233,4,117.9,142,,,,,
52,gnb1,2026-08-19T10:02:58.783516,2659,BSR,0x46,,,,,,,,,,,,,,,0
52,gnb1,2026-08-19T10:02:58.784046,2659,PDSCH,0x46,50,4587,6,0,,,,,,,,,,,
52,gnb1,2026-08-19T10:02:58.805794,2660,BSR,0x46,,,,,,,,,,,,,,,0
52,gnb1,2026-08-19T10:02:58.806242,2660,PDSCH,0x46,50,4587,6,0,,,,,,,,,,,
52,gnb1,2026-08-19T10:02:58.852558,2661,PDSCH,0x46,47,4395,6,0,,,,,,,,,,,
52,gnb1,2026-08-19T10:02:58.853517,2662,PDSCH,0x46,50,4587,6,0,,,,,,,,,,,
52,gnb1,2026-08-19T10:02:58.890044,2663,PDSCH,0x46,50,4587,6,0,,,,,,,,,,,
52,gnb1,2026-08-19T10:02:58.909678,2664,PDSCH,0x46,50,4587,6,0,,,,,,,,,,,
52,gnb1,2026-08-19T10:02:58.910577,2665,PUSCH,0x46,,,,,2,14,871,4,107.4,368,,,,,
52,gnb1,2026-08-19T10:02:58.910653,2665,BSR,0x46,,,,,,,,,,,,,,,0
52,gnb1,2026-08-19T10:02:58.910936,2665,PDSCH,0x46,6,469,6,0,,,,,,,,,,,
52,gnb1,2026-08-19T10:02:58.927972,2666,PUSCH,0x46,,,,,2,29,1908,4,107.3,720,,,,,
52,gnb1,2026-08-19T10:02:58.928061,2666,BSR,0x46,,,,,,,,,,,,,,,0
52,gnb1,2026-08-19T10:02:58.928622,2666,PDSCH,0x46,50,4587,6,0,,,,,,,,,,,
52,gnb1,2026-08-19T10:02:58.950923,2667,PUSCH,0x46,,,,,2,7,437,4,114.2,180,,,,,
52,gnb1,2026-08-19T10:02:58.951010,2667,BSR,0x46,,,,,,,,,,,,,,,0
52,gnb1,2026-08-19T10:02:58.951524,2667,PDSCH,0x46,50,4587,6,0,,,,,,,,,,,
52,gnb1,2026-08-19T10:02:58.997185,2668,PUSCH,0x46,,,,,2,3,217,4,117.9,130,,,,,
52,gnb1,2026-08-19T10:02:58.997266,2668,BSR,0x46,,,,,,,,,,,,,,,0
52,gnb1,2026-08-19T10:02:58.997711,2668,PDSCH,0x46,50,4587,6,0,,,,,,,,,,,
52,gnb1,2026-08-19T10:02:58.998263,2669,BSR,0x46,,,,,,,,,,,,,,,0
52,gnb1,2026-08-19T10:02:58.998842,2669,PDSCH,0x46,50,4587,6,0,,,,,,,,,,,
52,gnb1,2026-08-19T10:02:59.047821,2670,PDSCH,0x46,50,4587,6,0,,,,,,,,,,,
52,gnb1,2026-08-19T10:02:59.073925,2671,PDSCH,0x46,50,4587,6,0,,,,,,,,,,,
52,gnb1,2026-08-19T10:02:59.100107,2672,PDSCH,0x46,50,4587,6,0,,,,,,,,,,,
52,gnb1,2026-08-19T10:02:59.126580,2673,PUSCH,0x46,,,,,2,14,871,4,107.4,350,,,,,
52,gnb1,2026-08-19T10:02:59.126703,2673,BSR,0x46,,,,,,,,,,,,,,,0
52,gnb1,2026-08-19T10:02:59.127225,2673,PDSCH,0x46,50,4587,6,0,,,,,,,,,,,
52,gnb1,2026-08-19T10:02:59.128192,2674,PUSCH,0x46,,,,,2,35,2292,4,108.1,881,,,,,
52,gnb1,2026-08-19T10:02:59.128243,2674,BSR,0x46,,,,,,,,,,,,,,,0
52,gnb1,2026-08-19T10:02:59.128731,2674,PDSCH,0x46,50,4587,6,0,,,,,,,,,,,
52,gnb1,2026-08-19T10:02:59.143821,2675,PUSCH,0x46,,,,,2,8,573,4,111.4,231,,,,,
52,gnb1,2026-08-19T10:02:59.144341,2675,PDSCH,0x46,50,4587,6,0,,,,,,,,,,,
52,gnb1,2026-08-19T10:02:59.189312,2676,PUSCH,0x46,,,,,2,7,469,4,114.3,241,,,,,
52,gnb1,2026-08-19T10:02:59.189905,2676,PDSCH,0x46,50,4587,6,0,,,,,,,,,,,
52,gnb1,2026-08-19T10:02:59.190259,2677,PUSCH,0x46,,,,,2,4,269,4,117.9,131,,,,,
52,gnb1,2026-08-19T10:02:59.190728,2677,PDSCH,0x46,50,4587,6,0,,,,,,,,,,,
52,gnb1,2026-08-19T10:02:59.213345,2678,PDSCH,0x46,50,4587,6,0,,,,,,,,,,,
52,gnb1,2026-08-19T10:02:59.263432,2679,PDSCH,0x46,50,4587,6,0,,,,,,,,,,,
52,gnb1,2026-08-19T10:02:59.264292,2680,PDSCH,0x46,50,4587,6,0,,,,,,,,,,,
52,gnb1,2026-08-19T10:02:59.289675,2681,PUSCH,0x46,,,,,10,14,871,4,104.5,309,,,,,
52,gnb1,2026-08-19T10:02:59.290184,2681,PDSCH,0x46,47,4395,6,0,,,,,,,,,,,
52,gnb1,2026-08-19T10:02:59.332266,2682,PUSCH,0x46,,,,,2,39,2673,4,108.5,868,,,,,
52,gnb1,2026-08-19T10:02:59.332359,2682,BSR,0x46,,,,,,,,,,,,,,,0
52,gnb1,2026-08-19T10:02:59.332890,2682,PDSCH,0x46,50,4587,6,0,,,,,,,,,,,
52,gnb1,2026-08-19T10:02:59.333026,2683,PDSCH,0x46,50,4587,6,0,,,,,,,,,,,
52,gnb1,2026-08-19T10:02:59.345785,2684,PDSCH,0x46,50,4587,6,0,,,,,,,,,,,
52,gnb1,2026-08-19T10:02:59.386364,2685,PDSCH,0x46,50,4587,6,0,,,,,,,,,,,
52,gnb1,2026-08-19T10:02:59.409556,2686,PDSCH,0x46,50,4587,6,0,,,,,,,,,,,
52,gnb1,2026-08-19T10:02:59.410499,2687,PDSCH,0x46,50,4587,6,0,,,,,,,,,,,
52,gnb1,2026-08-19T10:02:59.455466,2688,PDSCH,0x46,50,4587,6,0,,,,,,,,,,,
52,gnb1,2026-08-19T10:02:59.479384,2689,PDSCH,0x46,50,4587,6,0,,,,,,,,,,,
52,gnb1,2026-08-19T10:02:59.506257,2690,PUSCH,0x46,,,,,2,8,517,4,111.4,252,,,,,
52,gnb1,2026-08-19T10:02:59.506827,2690,PDSCH,0x46,50,4587,6,0,,,,,,,,,,,
52,gnb1,2026-08-19T10:02:59.507341,2691,BSR,0x46,,,,,,,,,,,,,,,0
52,gnb1,2026-08-19T10:02:59.507811,2691,PDSCH,0x46,50,4587,6,0,,,,,,,,,,,
52,gnb1,2026-08-19T10:02:59.523765,2692,PDSCH,0x46,50,4587,6,0,,,,,,,,,,,
52,gnb1,2026-08-19T10:02:59.562989,2693,PDSCH,0x46,50,4587,6,0,,,,,,,,,,,
52,gnb1,2026-08-19T10:02:59.563972,2694,PDSCH,0x46,50,4587,6,0,,,,,,,,,,,
52,gnb1,2026-08-19T10:02:59.615769,2695,PDSCH,0x46,50,4587,6,0,,,,,,,,,,,
52,gnb1,2026-08-19T10:02:59.644476,2696,PDSCH,0x46,50,4587,6,0,,,,,,,,,,,
52,gnb1,2026-08-19T10:02:59.662814,2697,PDSCH,0x46,50,4587,6,0,,,,,,,,,,,
52,gnb1,2026-08-19T10:02:59.687596,2698,PDSCH,0x46,50,4587,6,0,,,,,,,,,,,
52,gnb1,2026-08-19T10:02:59.709093,2699,PHR,,,,,,,,,,,,,,,,
52,gnb1,2026-08-19T10:02:59.709094,2699,PUSCH,0x46,,,,,2,14,999,4,107.4,323,,,,,
52,gnb1,2026-08-19T10:02:59.709190,2699,BSR,0x46,,,,,,,,,,,,,,,0
52,gnb1,2026-08-19T10:02:59.709697,2699,PDSCH,0x46,50,4587,6,0,,,,,,,,,,,
52,gnb1,2026-08-19T10:02:59.709959,2700,BSR,0x46,,,,,,,,,,,,,,,0
52,gnb1,2026-08-19T10:02:59.710367,2700,PDSCH,0x46,50,4587,6,0,,,,,,,,,,,
52,gnb1,2026-08-19T10:02:59.732226,2701,PDSCH,0x46,47,4395,6,0,,,,,,,,,,,
52,gnb1,2026-08-19T10:02:59.786080,2702,PDSCH,0x46,50,4587,6,0,,,,,,,,,,,
52,gnb1,2026-08-19T10:02:59.805195,2703,PDSCH,0x46,50,4587,6,0,,,,,,,,,,,
52,gnb1,2026-08-19T10:02:59.831699,2704,PDSCH,0x46,50,4587,6,0,,,,,,,,,,,
52,gnb1,2026-08-19T10:02:59.832634,2705,PDSCH,0x46,50,4587,6,0,,,,,,,,,,,
52,gnb1,2026-08-19T10:02:59.869654,2706,PDSCH,0x46,50,4587,6,0,,,,,,,,,,,
52,gnb1,2026-08-19T10:02:59.891852,2707,PUSCH,0x46,,,,,2,14,999,4,107.4,322,,,,,
52,gnb1,2026-08-19T10:02:59.891931,2707,BSR,0x46,,,,,,,,,,,,,,,0
52,gnb1,2026-08-19T10:02:59.892507,2707,PDSCH,0x46,50,4587,6,0,,,,,,,,,,,
52,gnb1,2026-08-19T10:02:59.892803,2708,PUSCH,0x46,,,,,2,3,233,4,117.9,152,,,,,
52,gnb1,2026-08-19T10:02:59.892933,2708,BSR,0x46,,,,,,,,,,,,,,,0
52,gnb1,2026-08-19T10:02:59.893415,2708,PDSCH,0x46,50,4587,6,0,,,,,,,,,,,
52,gnb1,2026-08-19T10:02:59.913731,2709,BSR,0x46,,,,,,,,,,,,,,,0
52,gnb1,2026-08-19T10:02:59.914321,2709,PDSCH,0x46,50,4587,6,0,,,,,,,,,,,
52,gnb1,2026-08-19T10:02:59.951646,2710,PDSCH,0x46,50,4587,6,0,,,,,,,,,,,
52,gnb1,2026-08-19T10:02:59.952766,2711,PDSCH,0x46,50,4587,6,0,,,,,,,,,,,
52,gnb1,2026-08-19T10:03:00.001647,2712,PDSCH,0x46,39,3062,6,0,,,,,,,,,,,
52,gnb1,2026-08-19T10:03:00.075267,2715,PUSCH,0x46,,,,,2,14,999,4,107.4,420,,,,,
52,gnb1,2026-08-19T10:03:00.075336,2715,BSR,0x46,,,,,,,,,,,,,,,0
52,gnb1,2026-08-19T10:03:00.076276,2716,PUSCH,0x46,,,,,2,17,1143,4,106.8,440,,,,,
52,gnb1,2026-08-19T10:03:00.076436,2716,BSR,0x46,,,,,,,,,,,,,,,0
52,gnb1,2026-08-19T10:03:00.099840,2717,PUSCH,0x46,,,,,2,4,249,4,117.9,157,,,,,
52,gnb1,2026-08-19T10:03:00.099941,2717,BSR,0x46,,,,,,,,,,,,,,,0
52,gnb1,2026-08-19T10:03:00.100405,2717,PDSCH,0x46,50,4587,6,0,,,,,,,,,,,
52,gnb1,2026-08-19T10:03:00.150695,2718,BSR,0x46,,,,,,,,,,,,,,,0
52,gnb1,2026-08-19T10:03:00.151218,2718,PDSCH,0x46,50,4587,6,0,,,,,,,,,,,
52,gnb1,2026-08-19T10:03:00.152166,2719,PDSCH,0x46,50,4587,6,0,,,,,,,,,,,
52,gnb1,2026-08-19T10:03:00.172824,2720,PDSCH,0x46,50,4587,6,0,,,,,,,,,,,
52,gnb1,2026-08-19T10:03:00.227359,2721,PUCCH_CQI,0x46,,,,,,,,,,,111.8,15,2,,
52,gnb1,2026-08-19T10:03:00.227880,2721,PDSCH,0x46,47,4395,6,0,,,,,,,,,,,
52,gnb1,2026-08-19T10:03:00.228815,2722,PDSCH,0x46,50,4587,6,0,,,,,,,,,,,
52,gnb1,2026-08-19T10:03:00.275376,2723,PUSCH,0x46,,,,,2,15,999,4,107.2,375,,,,,
52,gnb1,2026-08-19T10:03:00.275460,2723,BSR,0x46,,,,,,,,,,,,,,,0
52,gnb1,2026-08-19T10:03:00.275935,2723,PDSCH,0x46,50,4587,6,0,,,,,,,,,,,
52,gnb1,2026-08-19T10:03:00.276659,2724,PUSCH,0x46,,,,,2,23,1527,4,106.4,605,,,,,
52,gnb1,2026-08-19T10:03:00.277216,2724,PDSCH,0x46,50,4587,6,0,,,,,,,,,,,
52,gnb1,2026-08-19T10:03:00.301995,2725,PUSCH,0x46,,,,,2,7,389,4,114.2,191,,,,,
52,gnb1,2026-08-19T10:03:00.302580,2725,PDSCH,0x46,47,4395,6,0,,,,,,,,,,,
52,gnb1,2026-08-19T10:03:00.353263,2726,PUSCH,0x46,,,,,2,3,249,4,118.0,104,,,,,
52,gnb1,2026-08-19T10:03:00.353771,2726,PDSCH,0x46,50,4587,6,0,,,,,,,,,,,
52,gnb1,2026-08-19T10:03:00.371839,2727,PDSCH,0x46,50,4587,6,0,,,,,,,,,,,
52,gnb1,2026-08-19T10:03:00.395745,2728,PDSCH,0x46,50,4587,6,0,,,,,,,,,,,
52,gnb1,2026-08-19T10:03:00.419811,2729,PDSCH,0x46,50,4587,6,0,,,,,,,,,,,
52,gnb1,2026-08-19T10:03:00.420709,2730,PDSCH,0x46,50,4587,6,0,,,,,,,,,,,
52,gnb1,2026-08-19T10:03:00.463354,2731,PUSCH,0x46,,,,,10,14,999,4,104.5,335,,,,,
52,gnb1,2026-08-19T10:03:00.463904,2731,PDSCH,0x46,50,4587,6,0,,,,,,,,,,,
52,gnb1,2026-08-19T10:03:00.464615,2732,PDSCH,0x46,50,4587,6,0,,,,,,,,,,,
52,gnb1,2026-08-19T10:03:00.488300,2733,PDSCH,0x46,50,4587,6,0,,,,,,,,,,,
52,gnb1,2026-08-19T10:03:00.541874,2734,PDSCH,0x46,50,4587,6,0,,,,,,,,,,,
52,gnb1,2026-08-19T10:03:00.542737,2735,PDSCH,0x46,47,4395,6,0,,,,,,,,,,,
52,gnb1,2026-08-19T10:03:00.569063,2736,PDSCH,0x46,50,4587,6,0,,,,,,,,,,,
52,gnb1,2026-08-19T10:03:00.616373,2737,PDSCH,0x46,50,4587,6,0,,,,,,,,,,,
52,gnb1,2026-08-19T10:03:00.634240,2738,PDSCH,0x46,50,4587,6,0,,,,,,,,,,,
52,gnb1,2026-08-19T10:03:00.635255,2739,PDSCH,0x46,50,4587,6,0,,,,,,,,,,,
52,gnb1,2026-08-19T10:03:00.650823,2740,BSR,0x46,,,,,,,,,,,,,,,0
52,gnb1,2026-08-19T10:03:00.651307,2740,PDSCH,0x46,50,4587,6,0,,,,,,,,,,,
52,gnb1,2026-08-19T10:03:00.697923,2741,PDSCH,0x46,47,4395,6,0,,,,,,,,,,,
52,gnb1,2026-08-19T10:03:00.698934,2742,PDSCH,0x46,50,4587,6,0,,,,,,,,,,,
52,gnb1,2026-08-19T10:03:00.722760,2743,PDSCH,0x46,50,4587,6,0,,,,,,,,,,,
52,gnb1,2026-08-19T10:03:00.773634,2744,PDSCH,0x46,50,4587,6,0,,,,,,,,,,,
52,gnb1,2026-08-19T10:03:00.799655,2745,PDSCH,0x46,50,4587,6,0,,,,,,,,,,,
52,gnb1,2026-08-19T10:03:00.800495,2746,PDSCH,0x46,50,4587,6,0,,,,,,,,,,,
52,gnb1,2026-08-19T10:03:00.816773,2747,PDSCH,0x46,50,4587,6,0,,,,,,,,,,,
52,gnb1,2026-08-19T10:03:00.854583,2748,PUSCH,0x46,,,,,2,8,517,4,111.4,214,,,,,
52,gnb1,2026-08-19T10:03:00.855196,2748,PDSCH,0x46,50,4587,6,0,,,,,,,,,,,
52,gnb1,2026-08-19T10:03:00.855565,2749,BSR,0x46,,,,,,,,,,,,,,,0
52,gnb1,2026-08-19T10:03:00.856061,2749,PDSCH,0x46,50,4587,6,0,,,,,,,,,,,
52,gnb1,2026-08-19T10:03:00.883353,2750,PDSCH,0x46,50,4587,6,0,,,,,,,,,,,
52,gnb1,2026-08-19T10:03:00.929476,2751,PDSCH,0x46,50,4587,6,0,,,,,,,,,,,
52,gnb1,2026-08-19T10:03:00.930638,2752,PDSCH,0x46,50,4587,6,0,,,,,,,,,,,
52,gnb1,2026-08-19T10:03:00.972495,2753,PDSCH,0x46,50,4587,6,0,,,,,,,,,,,
52,gnb1,2026-08-19T10:03:00.989821,2754,PDSCH,0x46,50,4587,6,0,,,,,,,,,,,
52,gnb1,2026-08-19T10:03:01.018901,2755,PDSCH,0x46,50,4587,6,0,,,,,,,,,,,
52,gnb1,2026-08-19T10:03:01.039235,2756,PDSCH,0x46,50,4587,6,0,,,,,,,,,,,
52,gnb1,2026-08-19T10:03:01.039991,2757,PUSCH,0x46,,,,,2,17,1143,4,106.8,430,,,,,
52,gnb1,2026-08-19T10:03:01.040046,2757,PHR,,,,,,,,,,,,,,,,
52,gnb1,2026-08-19T10:03:01.040062,2757,BSR,0x46,,,,,,,,,,,,,,,0
52,gnb1,2026-08-19T10:03:01.040705,2757,PDSCH,0x46,50,4587,6,0,,,,,,,,,,,
52,gnb1,2026-08-19T10:03:01.067265,2758,BSR,0x46,,,,,,,,,,,,,,,0
52,gnb1,2026-08-19T10:03:01.067800,2758,PDSCH,0x46,50,4587,6,0,,,,,,,,,,,
52,gnb1,2026-08-19T10:03:01.115853,2759,PDSCH,0x46,45,3542,6,0,,,,,,,,,,,
52,gnb1,2026-08-19T10:03:01.131918,2761,PUCCH_CQI,0x46,,,,,,,,,,,111.8,15,2a,,
52,gnb1,2026-08-19T10:03:01.258364,2765,PUSCH,0x46,,,,,2,17,1143,4,106.8,422,,,,,
52,gnb1,2026-08-19T10:03:01.258433,2765,BSR,0x46,,,,,,,,,,,,,,,0
52,gnb1,2026-08-19T10:03:01.259390,2766,PUSCH,0x46,,,,,2,14,999,4,107.4,396,,,,,
52,gnb1,2026-08-19T10:03:01.259429,2766,BSR,0x46,,,,,,,,,,,,,,,0
52,gnb1,2026-08-19T10:03:01.313897,2767,BSR,0x46,,,,,,,,,,,,,,,0
52,gnb1,2026-08-19T10:03:01.314485,2767,PDSCH,0x46,50,4587,6,0,,,,,,,,,,,
52,gnb1,2026-08-19T10:03:01.315294,2768,PDSCH,0x46,50,4587,6,0,,,,,,,,,,,
52,gnb1,2026-08-19T10:03:01.337573,2769,PDSCH,0x46,50,4587,6,0,,,,,,,,,,,
52,gnb1,2026-08-19T10:03:01.392535,2770,PDSCH,0x46,50,4587,6,0,,,,,,,,,,,
52,gnb1,2026-08-19T10:03:01.423066,2771,PDSCH,0x46,50,4587,6,0,,,,,,,,,,,
52,gnb1,2026-08-19T10:03:01.440827,2772,PDSCH,0x46,50,4587,6,0,,,,,,,,,,,
52,gnb1,2026-08-19T10:03:01.467156,2773,PUSCH,0x46,,,,,2,17,1143,4,106.8,537,,,,,
52,gnb1,2026-08-19T10:03:01.467283,2773,BSR,0x46,,,,,,,,,,,,,,,0
52,gnb1,2026-08-19T10:03:01.467842,2773,PDSCH,0x46,50,4587,6,0,,,,,,,,,,,
52,gnb1,2026-08-19T10:03:01.468329,2774,PUSCH,0x46,,,,,2,29,1908,4,107.3,614,,,,,
52,gnb1,2026-08-19T10:03:01.468385,2774,BSR,0x46,,,,,,,,,,,,,,,0
52,gnb1,2026-08-19T10:03:01.468925,2774,PDSCH,0x46,50,4587,6,0,,,,,,,,,,,
52,gnb1,2026-08-19T10:03:01.485297,2775,PUSCH,0x46,,,,,2,2,133,4,117.9,125,,,,,
52,gnb1,2026-08-19T10:03:01.485836,2775,PDSCH,0x46,50,4587,6,0,,,,,,,,,,,
52,gnb1,2026-08-19T10:03:01.529400,2776,PDSCH,0x46,50,4587,6,0,,,,,,,,,,,
52,gnb1,2026-08-19T10:03:01.551864,2777,PDSCH,0x46,50,4587,6,0,,,,,,,,,,,
52,gnb1,2026-08-19T10:03:01.570324,2778,PDSCH,0x46,50,4587,6,0,,,,,,,,,,,
52,gnb1,2026-08-19T10:03:01.571196,2779,PDSCH,0x46,50,4587,6,0,,,,,,,,,,,
52,gnb1,2026-08-19T10:03:01.594936,2780,PDSCH,0x46,50,4587,6,0,,,,,,,,,,,
52,gnb1,2026-08-19T10:03:01.652837,2781,PUSCH,0x46,,,,,10,17,1143,4,105.3,331,,,,,
52,gnb1,2026-08-19T10:03:01.653385,2781,PDSCH,0x46,47,4395,6,0,,,,,,,,,,,
52,gnb1,2026-08-19T10:03:01.654362,2782,PUSCH,0x46,,,,,2,35,2292,4,108.1,778,,,,,
52,gnb1,2026-08-19T10:03:01.654451,2782,BSR,0x46,,,,,,,,,,,,,,,0
52,gnb1,2026-08-19T10:03:01.654883,2782,PDSCH,0x46,50,4587,6,0,,,,,,,,,,,
52,gnb1,2026-08-19T10:03:01.683688,2783,PDSCH,0x46,50,4587,6,0,,,,,,,,,,,
52,gnb1,2026-08-19T10:03:01.728537,2784,PDSCH,0x46,50,4587,6,0,,,,,,,,,,,
52,gnb1,2026-08-19T10:03:01.729688,2785,PDSCH,0x46,50,4587,6,0,,,,,,,,,,,
52,gnb1,2026-08-19T10:03:01.776488,2786,PDSCH,0x46,50,4587,6,0,,,,,,,,,,,
52,gnb1,2026-08-19T10:03:01.795249,2787,PDSCH,0x46,50,4587,6,0,,,,,,,,,,,
52,gnb1,2026-08-19T10:03:01.796349,2788,PDSCH,0x46,50,4587,6,0,,,,,,,,,,,
52,gnb1,2026-08-19T10:03:01.819911,2789,PDSCH,0x46,50,4587,6,0,,,,,,,,,,,
52,gnb1,2026-08-19T10:03:01.860709,2790,PUSCH,0x46,,,,,2,8,517,4,111.4,199,,,,,
52,gnb1,2026-08-19T10:03:01.861286,2790,PDSCH,0x46,50,4587,6,0,,,,,,,,,,,
52,gnb1,2026-08-19T10:03:01.861873,2791,BSR,0x46,,,,,,,,,,,,,,,0
52,gnb1,2026-08-19T10:03:01.862437,2791,PDSCH,0x46,50,4587,6,0,,,,,,,,,,,
52,gnb1,2026-08-19T10:03:01.901431,2792,PDSCH,0x46,50,4587,6,0,,,,,,,,,,,
52,gnb1,2026-08-19T10:03:01.926729,2793,PDSCH,0x46,50,4587,6,0,,,,,,,,,,,
52,gnb1,2026-08-19T10:03:01.948583,2794,PDSCH,0x46,50,4587,6,0,,,,,,,,,,,
52,gnb1,2026-08-19T10:03:01.949352,2795,PDSCH,0x46,50,4587,6,0,,,,,,,,,,,
52,gnb1,2026-08-19T10:03:01.980881,2796,PDSCH,0x46,50,4587,6,0,,,,,,,,,,,
52,gnb1,2026-08-19T10:03:02.026130,2797,PDSCH,0x46,50,4587,6,0,,,,,,,,,,,
52,gnb1,2026-08-19T10:03:02.027109,2798,PDSCH,0x46,50,4587,6,0,,,,,,,,,,,
52,gnb1,2026-08-19T10:03:02.045057,2799,PUSCH,0x46,,,,,2,3,249,4,117.9,157,,,,,
52,gnb1,2026-08-19T10:03:02.045149,2799,BSR,0x46,,,,,,,,,,,,,,,0
52,gnb1,2026-08-19T10:03:02.045756,2799,PDSCH,0x46,50,4587,6,0,,,,,,,,,,,
52,gnb1,2026-08-19T10:03:02.096563,2800,BSR,0x46,,,,,,,,,,,,,,,0
52,gnb1,2026-08-19T10:03:02.097311,2800,PDSCH,0x46,50,4587,6,0,,,,,,,,,,,
52,gnb1,2026-08-19T10:03:02.097476,2801,PUCCH_CQI,0x46,,,,,,,,,,,111.8,15,2a,,
52,gnb1,2026-08-19T10:03:02.098011,2801,PDSCH,0x46,47,4395,6,0,,,,,,,,,,,
52,gnb1,2026-08-19T10:03:02.117285,2802,PDSCH,0x46,50,4587,6,0,,,,,,,,,,,
52,gnb1,2026-08-19T10:03:02.172693,2803,PDSCH,0x46,50,4587,6,0,,,,,,,,,,,
52,gnb1,2026-08-19T10:03:02.173448,2804,PDSCH,0x46,50,4587,6,0,,,,,,,,,,,
52,gnb1,2026-08-19T10:03:02.191904,2805,PDSCH,0x46,50,4587,6,0,,,,,,,,,,,
52,gnb1,2026-08-19T10:03:02.242567,2806,PDSCH,0x46,50,4587,6,0,,,,,,,,,,,
52,gnb1,2026-08-19T10:03:02.243034,2807,PUSCH,0x46,,,,,2,3,249,4,117.9,128,,,,,
52,gnb1,2026-08-19T10:03:02.243098,2807,BSR,0x46,,,,,,,,,,,,,,,0
52,gnb1,2026-08-19T10:03:02.243114,2807,PHR,,,,,,,,,,,,,,,,
52,gnb1,2026-08-19T10:03:02.243583,2807,PDSCH,0x46,50,4587,6,0,,,,,,,,,,,
52,gnb1,2026-08-19T10:03:02.271048,2808,PUSCH,0x46,,,,,2,4,249,4,118.0,159,,,,,
52,gnb1,2026-08-19T10:03:02.271206,2808,BSR,0x46,,,,,,,,,,,,,,,0
52,gnb1,2026-08-19T10:03:02.271817,2808,PDSCH,0x46,50,4587,6,0,,,,,,,,,,,
52,gnb1,2026-08-19T10:03:02.314004,2809,BSR,0x46,,,,,,,,,,,,,,,0
52,gnb1,2026-08-19T10:03:02.314570,2809,PDSCH,0x46,50,4587,6,0,,,,,,,,,,,
52,gnb1,2026-08-19T10:03:02.315643,2810,PDSCH,0x46,50,4587,6,0,,,,,,,,,,,
52,gnb1,2026-08-19T10:03:02.333630,2811,PDSCH,0x46,50,4587,6,0,,,,,,,,,,,
52,gnb1,2026-08-19T10:03:02.373503,2812,PDSCH,0x46,50,4587,6,0,,,,,,,,,,,
52,gnb1,2026-08-19T10:03:02.374462,2813,PDSCH,0x46,50,4587,6,0,,,,,,,,,,,
52,gnb1,2026-08-19T10:03:02.392116,2814,PDSCH,0x46,50,4587,6,0,,,,,,,,,,,
52,gnb1,2026-08-19T10:03:02.436744,2815,PUSCH,0x46,,,,,2,4,249,4,118.0,144,,,,,
52,gnb1,2026-08-19T10:03:02.436828,2815,BSR,0x46,,,,,,,,,,,,,,,0
52,gnb1,2026-08-19T10:03:02.437361,2815,PDSCH,0x46,50,4587,6,0,,,,,,,,,,,
52,gnb1,2026-08-19T10:03:02.438085,2816,PUSCH,0x46,,,,,2,8,517,4,111.4,214,,,,,
52,gnb1,2026-08-19T10:03:02.438159,2816,BSR,0x46,,,,,,,,,,,,,,,85
52,gnb1,2026-08-19T10:03:02.438751,2816,PDSCH,0x46,50,4587,6,0,,,,,,,,,,,
52,gnb1,2026-08-19T10:03:02.462323,2817,PUSCH,0x46,,,,,2,3,249,4,117.9,133,,,,,
52,gnb1,2026-08-19T10:03:02.462416,2817,BSR,0x46,,,,,,,,,,,,,,,0
52,gnb1,2026-08-19T10:03:02.462974,2817,PDSCH,0x46,50,4587,6,0,,,,,,,,,,,
52,gnb1,2026-08-19T10:03:02.506599,2818,BSR,0x46,,,,,,,,,,,,,,,0
52,gnb1,2026-08-19T10:03:02.507120,2818,PDSCH,0x46,50,4587,6,0,,,,,,,,,,,
52,gnb1,2026-08-19T10:03:02.508276,2819,PDSCH,0x46,50,4587,6,0,,,,,,,,,,,
52,gnb1,2026-08-19T10:03:02.527682,2820,PDSCH,0x46,50,4587,6,0,,,,,,,,,,,
52,gnb1,2026-08-19T10:03:02.569580,2821,PDSCH,0x46,47,4395,6,0,,,,,,,,,,,
52,gnb1,2026-08-19T10:03:02.570712,2822,PDSCH,0x46,50,4587,6,0,,,,,,,,,,,
52,gnb1,2026-08-19T10:03:02.606091,2823,PUSCH,0x46,,,,,2,3,249,4,117.9,128,,,,,
52,gnb1,2026-08-19T10:03:02.606181,2823,BSR,0x46,,,,,,,,,,,,,,,0
52,gnb1,2026-08-19T10:03:02.606745,2823,PDSCH,0x46,50,4587,6,0,,,,,,,,,,,
52,gnb1,2026-08-19T10:03:02.607617,2824,PUSCH,0x46,,,,,2,19,1239,4,106.5,512,,,,,
52,gnb1,2026-08-19T10:03:02.607705,2824,BSR,0x46,,,,,,,,,,,,,,,0
52,gnb1,2026-08-19T10:03:02.608288,2824,PDSCH,0x46,50,4587,6,0,,,,,,,,,,,
52,gnb1,2026-08-19T10:03:02.625609,2825,PUSCH,0x46,,,,,2,8,597,4,111.4,312,,,,,
52,gnb1,2026-08-19T10:03:02.625704,2825,BSR,0x46,,,,,,,,,,,,,,,0
52,gnb1,2026-08-19T10:03:02.626349,2825,PDSCH,0x46,50,4587,6,0,,,,,,,,,,,
52,gnb1,2026-08-19T10:03:02.666410,2826,PUSCH,0x46,,,,,2,4,249,4,117.9,110,,,,,
52,gnb1,2026-08-19T10:03:02.667005,2826,PDSCH,0x46,50,4587,6,0,,,,,,,,,,,
52,gnb1,2026-08-19T10:03:02.667945,2827,PDSCH,0x46,50,4587,6,0,,,,,,,,,,,
52,gnb1,2026-08-19T10:03:02.682141,2828,PDSCH,0x46,50,4587,6,0,,,,,,,,,,,
52,gnb1,2026-08-19T10:03:02.722447,2829,PDSCH,0x46,50,4587,6,0,,,,,,,,,,,
52,gnb1,2026-08-19T10:03:02.723365,2830,PDSCH,0x46,50,4587,6,0,,,,,,,,,,,
52,gnb1,2026-08-19T10:03:02.742879,2831,PUSCH,0x46,,,,,10,4,249,4,104.5,179,,,,,
52,gnb1,2026-08-19T10:03:02.743625,2831,PDSCH,0x46,50,4587,6,0,,,,,,,,,,,
52,gnb1,2026-08-19T10:03:02.796874,2832,PUSCH,0x46,,,,,2,23,1527,4,106.4,480,,,,,
52,gnb1,2026-08-19T10:03:02.797440,2832,PDSCH,0x46,50,4587,6,0,,,,,,,,,,,
52,gnb1,2026-08-19T10:03:02.797881,2833,PUSCH,0x46,,,,,2,14,871,4,107.4,397,,,,,
52,gnb1,2026-08-19T10:03:02.798394,2833,PDSCH,0x46,50,4587,6,0,,,,,,,,,,,
52,gnb1,2026-08-19T10:03:02.821179,2834,PDSCH,0x46,50,4587,6,0,,,,,,,,,,,
52,gnb1,2026-08-19T10:03:02.863904,2835,PDSCH,0x46,50,4587,6,0,,,,,,,,,,,
52,gnb1,2026-08-19T10:03:02.864882,2836,PDSCH,0x46,50,4587,6,0,,,,,,,,,,,
52,gnb1,2026-08-19T10:03:02.881137,2837,PDSCH,0x46,50,4587,6,0,,,,,,,,,,,
52,gnb1,2026-08-19T10:03:02.920074,2838,PDSCH,0x46,50,4587,6,0,,,,,,,,,,,
52,gnb1,2026-08-19T10:03:02.920955,2839,PDSCH,0x46,50,4587,6,0,,,,,,,,,,,
52,gnb1,2026-08-19T10:03:02.937631,2840,BSR,0x46,,,,,,,,,,,,,,,0
52,gnb1,2026-08-19T10:03:02.938189,2840,PDSCH,0x46,50,4587,6,0,,,,,,,,,,,
52,gnb1,2026-08-19T10:03:02.963490,2841,PUCCH_CQI,0x46,,,,,,,,,,,111.8,15,2a,,
52,gnb1,2026-08-19T10:03:02.964241,2841,PDSCH,0x46,47,4395,6,0,,,,,,,,,,,
52,gnb1,2026-08-19T10:03:03.003960,2842,PDSCH,0x46,50,4587,6,0,,,,,,,,,,,
52,gnb1,2026-08-19T10:03:03.004998,2843,PDSCH,0x46,50,4587,6,0,,,,,,,,,,,
52,gnb1,2026-08-19T10:03:03.021417,2844,PDSCH,0x46,50,4587,6,0,,,,,,,,,,,
52,gnb1,2026-08-19T10:03:03.063445,2845,PDSCH,0x46,50,4587,6,0,,,,,,,,,,,
52,gnb1,2026-08-19T10:03:03.064241,2846,PDSCH,0x46,50,4587,6,0,,,,,,,,,,,
52,gnb1,2026-08-19T10:03:03.085842,2847,PDSCH,0x46,45,3422,6,0,,,,,,,,,,,
52,gnb1,2026-08-19T10:03:03.124496,2848,PUSCH,0x46,,,,,2,8,517,4,111.4,214,,,,,
52,gnb1,2026-08-19T10:03:03.142151,2849,BSR,0x46,,,,,,,,,,,,,,,0
52,gnb1,2026-08-19T10:03:03.142582,2849,PDSCH,0x46,50,4587,6,0,,,,,,,,,,,
52,gnb1,2026-08-19T10:03:03.164348,2850,PDSCH,0x46,50,4587,6,0,,,,,,,,,,,
52,gnb1,2026-08-19T10:03:03.165274,2851,PDSCH,0x46,50,4587,6,0,,,,,,,,,,,
52,gnb1,2026-08-19T10:03:03.188576,2852,PDSCH,0x46,50,4587,6,0,,,,,,,,,,,
52,gnb1,2026-08-19T10:03:03.210015,2853,PDSCH,0x46,18,1383,6,0,,,,,,,,,,,
52,gnb1,2026-08-19T10:03:03.327081,2857,PUSCH,0x46,,,,,2,11,749,4,108.5,343,,,,,
52,gnb1,2026-08-19T10:03:03.327145,2857,PHR,,,,,,,,,,,,,,,,
52,gnb1,2026-08-19T10:03:03.327155,2857,BSR,0x46,,,,,,,,,,,,,,,0
52,gnb1,2026-08-19T10:03:03.346217,2858,BSR,0x46,,,,,,,,,,,,,,,0
52,gnb1,2026-08-19T10:03:03.346683,2858,PDSCH,0x46,50,4587,6,0,,,,,,,,,,,
52,gnb1,2026-08-19T10:03:03.347527,2859,PDSCH,0x46,50,4587,6,0,,,,,,,,,,,
52,gnb1,2026-08-19T10:03:03.389108,2860,PDSCH,0x46,50,4587,6,0,,,,,,,,,,,
52,gnb1,2026-08-19T10:03:03.405567,2861,PDSCH,0x46,47,4395,6,0,,,,,,,,,,,
52,gnb1,2026-08-19T10:03:03.406328,2862,PDSCH,0x46,50,4587,6,0,,,,,,,,,,,
52,gnb1,2026-08-19T10:03:03.430394,2863,PDSCH,0x46,50,4587,6,0,,,,,,,,,,,
52,gnb1,2026-08-19T10:03:03.470065,2864,PDSCH,0x46,50,4587,6,0,,,,,,,,,,,
52,gnb1,2026-08-19T10:03:03.489523,2865,PUSCH,0x46,,,,,2,11,749,4,108.5,311,,,,,
52,gnb1,2026-08-19T10:03:03.489622,2865,BSR,0x46,,,,,,,,,,,,,,,0
52,gnb1,2026-08-19T10:03:03.490224,2865,PDSCH,0x46,50,4587,6,0,,,,,,,,,,,
52,gnb1,2026-08-19T10:03:03.490347,2866,PUSCH,0x46,,,,,2,3,233,4,118.0,110,,,,,
52,gnb1,2026-08-19T10:03:03.490412,2866,BSR,0x46,,,,,,,,,,,,,,,0
52,gnb1,2026-08-19T10:03:03.491026,2866,PDSCH,0x46,50,4587,6,0,,,,,,,,,,,
52,gnb1,2026-08-19T10:03:03.514050,2867,BSR,0x46,,,,,,,,,,,,,,,0
52,gnb1,2026-08-19T10:03:03.514591,2867,PDSCH,0x46,50,4587,6,0,,,,,,,,,,,
52,gnb1,2026-08-19T10:03:03.564687,2868,PDSCH,0x46,50,4587,6,0,,,,,,,,,,,
52,gnb1,2026-08-19T10:03:03.586837,2869,PDSCH,0x46,50,4587,6,0,,,,,,,,,,,
52,gnb1,2026-08-19T10:03:03.604913,2870,PDSCH,0x46,36,2769,6,0,,,,,,,,,,,
52,gnb1,2026-08-19T10:03:03.669320,2873,PUSCH,0x46,,,,,2,11,749,4,108.5,318,,,,,
52,gnb1,2026-08-19T10:03:03.669406,2873,BSR,0x46,,,,,,,,,,,,,,,0
52,gnb1,2026-08-19T10:03:03.689967,2874,PUSCH,0x46,,,,,2,23,1383,4,106.4,466,,,,,
52,gnb1,2026-08-19T10:03:03.690040,2874,BSR,0x46,,,,,,,,,,,,,,,0
52,gnb1,2026-08-19T10:03:03.690491,2874,PDSCH,0x46,50,4587,6,0,,,,,,,,,,,
52,gnb1,2026-08-19T10:03:03.690691,2875,PUSCH,0x46,,,,,2,4,269,4,118.0,169,,,,,
52,gnb1,2026-08-19T10:03:03.690756,2875,BSR,0x46,,,,,,,,,,,,,,,0
52,gnb1,2026-08-19T10:03:03.691255,2875,PDSCH,0x46,50,4587,6,0,,,,,,,,,,,
52,gnb1,2026-08-19T10:03:03.710905,2876,BSR,0x46,,,,,,,,,,,,,,,0
52,gnb1,2026-08-19T10:03:03.711350,2876,PDSCH,0x46,50,4587,6,0,,,,,,,,,,,
52,gnb1,2026-08-19T10:03:03.746569,2877,PDSCH,0x46,50,4587,6,0,,,,,,,,,,,
52,gnb1,2026-08-19T10:03:03.747710,2878,PDSCH,0x46,50,4587,6,0,,,,,,,,,,,
52,gnb1,2026-08-19T10:03:03.783522,2879,PDSCH,0x46,50,4587,6,0,,,,,,,,,,,
52,gnb1,2026-08-19T10:03:03.806670,2880,PDSCH,0x46,50,4587,6,0,,,,,,,,,,,
52,gnb1,2026-08-19T10:03:03.807266,2881,PUSCH,0x46,,,,,10,11,749,4,104.6,272,,,,,
52,gnb1,2026-08-19T10:03:03.807327,2881,BSR,0x46,,,,,,,,,,,,,,,0
52,gnb1,2026-08-19T10:03:03.807874,2881,PDSCH,0x46,47,4395,6,0,,,,,,,,,,,
52,gnb1,2026-08-19T10:03:03.828417,2882,PUSCH,0x46,,,,,2,26,1692,4,106.9,572,,,,,
52,gnb1,2026-08-19T10:03:03.828520,2882,BSR,0x46,,,,,,,,,,,,,,,0
52,gnb1,2026-08-19T10:03:03.829151,2882,PDSCH,0x46,50,4587,6,0,,,,,,,,,,,
52,gnb1,2026-08-19T10:03:03.873260,2883,PUSCH,0x46,,,,,2,7,469,4,114.2,172,,,,,
52,gnb1,2026-08-19T10:03:03.873760,2883,PDSCH,0x46,50,4587,6,0,,,,,,,,,,,
52,gnb1,2026-08-19T10:03:03.874382,2884,PUSCH,0x46,,,,,2,4,249,4,117.9,145,,,,,
52,gnb1,2026-08-19T10:03:03.874924,2884,PDSCH,0x46,50,4587,6,0,,,,,,,,,,,
52,gnb1,2026-08-19T10:03:03.911684,2885,PDSCH,0x46,47,4395,6,0,,,,,,,,,,,
52,gnb1,2026-08-19T10:03:03.936961,2886,PDSCH,0x46,50,4587,6,0,,,,,,,,,,,
52,gnb1,2026-08-19T10:03:03.938293,2887,PDSCH,0x46,50,4587,6,0,,,,,,,,,,,
52,gnb1,2026-08-19T10:03:03.982866,2888,PDSCH,0x46,50,4587,6,0,,,,,,,,,,,
52,gnb1,2026-08-19T10:03:04.004883,2889,PUSCH,0x46,,,,,2,14,749,4,107.4,401,,,,,
52,gnb1,2026-08-19T10:03:04.005416,2889,PDSCH,0x46,50,4587,6,0,,,,,,,,,,,
52,gnb1,2026-08-19T10:03:04.006123,2890,PUSCH,0x46,,,,,2,31,1980,4,107.6,597,,,,,
52,gnb1,2026-08-19T10:03:04.006588,2890,PDSCH,0x46,50,4587,6,0,,,,,,,,,,,
52,gnb1,2026-08-19T10:03:04.030047,2891,PDSCH,0x46,50,4587,6,0,,,,,,,,,,,
52,gnb1,2026-08-19T10:03:04.074674,2892,PDSCH,0x46,50,4587,6,0,,,,,,,,,,,
52,gnb1,2026-08-19T10:03:04.075761,2893,PDSCH,0x46,50,4587,6,0,,,,,,,,,,,
52,gnb1,2026-08-19T10:03:04.114650,2894,PDSCH,0x46,50,4587,6,0,,,,,,,,,,,
52,gnb1,2026-08-19T10:03:04.132834,2895,PDSCH,0x46,47,4395,6,0,,,,,,,,,,,
52,gnb1,2026-08-19T10:03:04.133796,2896,PDSCH,0x46,50,4587,6,0,,,,,,,,,,,
52,gnb1,2026-08-19T10:03:04.154769,2897,PDSCH,0x46,50,4587,6,0,,,,,,,,,,,
52,gnb1,2026-08-19T10:03:04.193790,2898,PDSCH,0x46,50,4587,6,0,,,,,,,,,,,
52,gnb1,2026-08-19T10:03:04.194772,2899,PDSCH,0x46,50,3963,6,0,,,,,,,,,,,
52,gnb1,2026-08-19T10:03:04.213793,2900,BSR,0x46,,,,,,,,,,,,,,,0
52,gnb1,2026-08-19T10:03:04.396376,2908,PUSCH,0x46,,,,,2,8,517,4,111.4,228,,,,,
52,gnb1,2026-08-19T10:03:04.396445,2908,PHR,,,,,,,,,,,,,,,,
52,gnb1,2026-08-19T10:03:04.414065,2909,BSR,0x46,,,,,,,,,,,,,,,0
52,gnb1,2026-08-19T10:03:04.414702,2909,PDSCH,0x46,50,4587,6,0,,,,,,,,,,,
52,gnb1,2026-08-19T10:03:04.431256,2910,PDSCH,0x46,50,4587,6,0,,,,,,,,,,,
52,gnb1,2026-08-19T10:03:04.459524,2911,PDSCH,0x46,50,4587,6,0,,,,,,,,,,,
52,gnb1,2026-08-19T10:03:04.479220,2912,PDSCH,0x46,50,4587,6,0,,,,,,,,,,,
52,gnb1,2026-08-19T10:03:04.502311,2913,PDSCH,0x46,50,4587,6,0,,,,,,,,,,,
52,gnb1,2026-08-19T10:03:04.594981,2917,PUSCH,0x46,,,,,2,23,1383,4,106.4,465,,,,,
52,gnb1,2026-08-19T10:03:04.595041,2917,BSR,0x46,,,,,,,,,,,,,,,0
52,gnb1,2026-08-19T10:03:04.639038,2919,PDSCH,0x46,3,7,2,0,,,,,,,,,,,
52,gnb1,2026-08-19T10:03:04.689756,2921,PUCCH_CQI,0x46,,,,,,,,,,,111.8,15,2a,,
52,gnb1,2026-08-19T10:03:04.787348,2925,PUSCH,0x46,,,,,2,23,1383,4,106.4,457,,,,,
52,gnb1,2026-08-19T10:03:04.787412,2925,BSR,0x46,,,,,,,,,,,,,,,0
52,gnb1,2026-08-19T10:03:04.809090,2926,BSR,0x46,,,,,,,,,,,,,,,0
52,gnb1,2026-08-19T10:03:04.963282,2933,PUSCH,0x46,,,,,2,23,1383,4,106.4,592,,,,,
52,gnb1,2026-08-19T10:03:04.963357,2933,BSR,0x46,,,,,,,,,,,,,,,0
52,gnb1,2026-08-19T10:03:04.983506,2934,PUSCH,0x46,,,,,2,14,749,4,107.4,323,,,,,
52,gnb1,2026-08-19T10:03:04.983620,2934,BSR,0x46,,,,,,,,,,,,,,,0
52,gnb1,2026-08-19T10:03:04.984179,2934,PDSCH,0x46,50,4587,6,0,,,,,,,,,,,
52,gnb1,2026-08-19T10:03:05.006645,2935,PDSCH,0x46,50,4587,6,0,,,,,,,,,,,
52,gnb1,2026-08-19T10:03:05.033179,2936,PDSCH,0x46,50,4587,6,0,,,,,,,,,,,
52,gnb1,2026-08-19T10:03:05.060415,2937,PDSCH,0x46,50,4587,6,0,,,,,,,,,,,
52,gnb1,2026-08-19T10:03:05.078844,2938,PDSCH,0x46,50,4587,6,0,,,,,,,,,,,
52,gnb1,2026-08-19T10:03:05.101983,2939,PDSCH,0x46,50,4587,6,0,,,,,,,,,,,
52,gnb1,2026-08-19T10:03:05.121457,2940,PDSCH,0x46,50,4587,6,0,,,,,,,,,,,
52,gnb1,2026-08-19T10:03:05.148467,2941,PUSCH,0x46,,,,,10,23,1383,4,106.6,450,,,,,
52,gnb1,2026-08-19T10:03:05.149052,2941,PDSCH,0x46,47,4395,6,0,,,,,,,,,,,
52,gnb1,2026-08-19T10:03:05.165187,2942,PUSCH,0x46,,,,,2,15,1063,4,107.2,398,,,,,
52,gnb1,2026-08-19T10:03:05.165792,2942,PDSCH,0x46,50,4587,6,0,,,,,,,,,,,
52,gnb1,2026-08-19T10:03:05.192846,2943,PDSCH,0x46,50,4587,6,0,,,,,,,,,,,
52,gnb1,2026-08-19T10:03:05.217618,2944,PDSCH,0x46,50,4587,6,0,,,,,,,,,,,
52,gnb1,2026-08-19T10:03:05.236979,2945,PDSCH,0x46,50,4587,6,0,,,,,,,,,,,
52,gnb1,2026-08-19T10:03:05.254909,2946,PDSCH,0x46,50,4587,6,0,,,,,,,,,,,
52,gnb1,2026-08-19T10:03:05.273727,2947,PDSCH,0x46,50,4587,6,0,,,,,,,,,,,
52,gnb1,2026-08-19T10:03:05.294437,2948,PDSCH,0x46,50,4587,6,0,,,,,,,,,,,
52,gnb1,2026-08-19T10:03:05.312228,2949,PDSCH,0x46,50,4587,6,0,,,,,,,,,,,
52,gnb1,2026-08-19T10:03:05.332881,2950,PDSCH,0x46,50,4587,6,0,,,,,,,,,,,
52,gnb1,2026-08-19T10:03:05.349578,2951,PDSCH,0x46,12,935,6,0,,,,,,,,,,,
52,gnb1,2026-08-19T10:03:05.548263,2960,BSR,0x46,,,,,,,,,,,,,,,0
52,gnb1,2026-08-19T10:03:05.567422,2961,PUCCH_CQI,0x46,,,,,,,,,,,111.8,15,2,,
52,gnb1,2026-08-19T10:03:05.719544,2968,PUSCH,0x46,,,,,2,8,517,4,111.4,195,,,,,
52,gnb1,2026-08-19T10:03:05.719619,2968,PHR,,,,,,,,,,,,,,,,
52,gnb1,2026-08-19T10:03:05.739696,2969,BSR,0x46,,,,,,,,,,,,,,,0
52,gnb1,2026-08-19T10:03:05.740383,2969,PDSCH,0x46,50,4587,6,0,,,,,,,,,,,
52,gnb1,2026-08-19T10:03:05.758594,2970,PDSCH,0x46,50,4587,6,0,,,,,,,,,,,
52,gnb1,2026-08-19T10:03:05.788137,2971,PDSCH,0x46,50,4587,6,0,,,,,,,,,,,
52,gnb1,2026-08-19T10:03:05.809142,2972,PDSCH,0x46,50,4587,6,0,,,,,,,,,,,
52,gnb1,2026-08-19T10:03:05.831316,2973,PDSCH,0x46,50,4587,6,0,,,,,,,,,,,
52,gnb1,2026-08-19T10:03:05.929630,2977,PUSCH,0x46,,,,,2,23,1383,4,106.4,484,,,,,
52,gnb1,2026-08-19T10:03:05.929691,2977,BSR,0x46,,,,,,,,,,,,,,,0
52,gnb1,2026-08-19T10:03:05.958076,2978,PDSCH,0x46,50,4587,6,0,,,,,,,,,,,
52,gnb1,2026-08-19T10:03:05.981359,2979,PDSCH,0x46,50,4587,6,0,,,,,,,,,,,
52,gnb1,2026-08-19T10:03:06.004187,2980,PDSCH,0x46,50,4587,6,0,,,,,,,,,,,
52,gnb1,2026-08-19T10:03:06.022080,2981,PDSCH,0x46,47,4395,6,0,,,,,,,,,,,
52,gnb1,2026-08-19T10:03:06.045296,2982,PDSCH,0x46,50,4587,6,0,,,,,,,,,,,
52,gnb1,2026-08-19T10:03:06.068157,2983,PDSCH,0x46,50,4587,6,0,,,,,,,,,,,
52,gnb1,2026-08-19T10:03:06.094374,2984,PDSCH,0x46,50,4587,6,0,,,,,,,,,,,
52,gnb1,2026-08-19T10:03:06.111825,2985,PUSCH,0x46,,,,,2,23,1383,4,106.4,490,,,,,
52,gnb1,2026-08-19T10:03:06.111949,2985,BSR,0x46,,,,,,,,,,,,,,,0
52,gnb1,2026-08-19T10:03:06.112450,2985,PDSCH,0x46,50,4587,6,0,,,,,,,,,,,
52,gnb1,2026-08-19T10:03:06.131397,2986,PDSCH,0x46,50,4587,6,0,,,,,,,,,,,
52,gnb1,2026-08-19T10:03:06.150958,2987,PDSCH,0x46,50,4587,6,0,,,,,,,,,,,
52,gnb1,2026-08-19T10:03:06.168658,2988,PDSCH,0x46,50,4587,6,0,,,,,,,,,,,
52,gnb1,2026-08-19T10:03:06.192627,2989,PDSCH,0x46,50,4587,6,0,,,,,,,,,,,
52,gnb1,2026-08-19T10:03:06.215290,2990,PDSCH,0x46,50,4587,6,0,,,,,,,,,,,
52,gnb1,2026-08-19T10:03:06.233085,2991,PDSCH,0x46,50,4587,6,0,,,,,,,,,,,
52,gnb1,2026-08-19T10:03:06.254760,2992,PDSCH,0x46,50,4587,6,0,,,,,,,,,,,
52,gnb1,2026-08-19T10:03:06.278174,2993,PUSCH,0x46,,,,,2,8,517,4,111.4,215,,,,,
52,gnb1,2026-08-19T10:03:06.278841,2993,PDSCH,0x46,50,4587,6,0,,,,,,,,,,,
52,gnb1,2026-08-19T10:03:06.300806,2994,BSR,0x46,,,,,,,,,,,,,,,0
52,gnb1,2026-08-19T10:03:06.301391,2994,PDSCH,0x46,50,4587,6,0,,,,,,,,,,,
52,gnb1,2026-08-19T10:03:06.321176,2995,PDSCH,0x46,50,4587,6,0,,,,,,,,,,,
52,gnb1,2026-08-19T10:03:06.342400,2996,PDSCH,0x46,50,4587,6,0,,,,,,,,,,,
52,gnb1,2026-08-19T10:03:06.368955,2997,PDSCH,0x46,50,4587,6,0,,,,,,,,,,,
52,gnb1,2026-08-19T10:03:06.392138,2998,PDSCH,0x46,50,4587,6,0,,,,,,,,,,,
52,gnb1,2026-08-19T10:03:06.415774,2999,PDSCH,0x46,50,4587,6,0,,,,,,,,,,,
52,gnb1,2026-08-19T10:03:06.437695,3000,PDSCH,0x46,50,4587,6,0,,,,,,,,,,,
52,gnb1,2026-08-19T10:03:06.458508,3001,PUCCH_CQI,0x46,,,,,,,,,,,111.8,15,2a,,
52,gnb1,2026-08-19T10:03:06.459193,3001,PDSCH,0x46,47,4395,6,0,,,,,,,,,,,
52,gnb1,2026-08-19T10:03:06.483212,3002,PUSCH,0x46,,,,,2,2,185,4,118.0,152,,,,,
52,gnb1,2026-08-19T10:03:06.483272,3002,BSR,0x46,,,,,,,,,,,,,,,0
52,gnb1,2026-08-19T10:03:06.507632,3003,BSR,0x46,,,,,,,,,,,,,,,0
52,gnb1,2026-08-19T10:03:06.508224,3003,PDSCH,0x46,50,4587,6,0,,,,,,,,,,,
52,gnb1,2026-08-19T10:03:06.668601,3010,PUSCH,0x46,,,,,2,2,185,4,118.0,96,,,,,
52,gnb1,2026-08-19T10:03:06.668668,3010,BSR,0x46,,,,,,,,,,,,,,,0
52,gnb1,2026-08-19T10:03:06.693570,3011,PUSCH,0x46,,,,,10,4,249,4,104.5,117,,,,,
52,gnb1,2026-08-19T10:03:06.693664,3011,BSR,0x46,,,,,,,,,,,,,,,0
52,gnb1,2026-08-19T10:03:06.694216,3011,PDSCH,0x46,50,4587,6,0,,,,,,,,,,,
52,gnb1,2026-08-19T10:03:06.708538,3012,BSR,0x46,,,,,,,,,,,,,,,0
52,gnb1,2026-08-19T10:03:06.709102,3012,PDSCH,0x46,50,4587,6,0,,,,,,,,,,,
52,gnb1,2026-08-19T10:03:06.730081,3013,PDSCH,0x46,50,4587,6,0,,,,,,,,,,,
52,gnb1,2026-08-19T10:03:06.751278,3014,PDSCH,0x46,50,4587,6,0,,,,,,,,,,,
52,gnb1,2026-08-19T10:03:06.772665,3015,PDSCH,0x46,18,1383,6,0,,,,,,,,,,,
52,gnb1,2026-08-19T10:03:06.827972,3018,PUSCH,0x46,,,,,2,3,193,4,117.9,128,,,,,
52,gnb1,2026-08-19T10:03:06.828034,3018,BSR,0x46,,,,,,,,,,,,,,,0
52,gnb1,2026-08-19T10:03:06.828164,3018,PHR,,,,,,,,,,,,,,,,
52,gnb1,2026-08-19T10:03:06.864340,3019,PUSCH,0x46,,,,,2,7,501,4,114.2,214,,,,,
52,gnb1,2026-08-19T10:03:06.864449,3019,BSR,0x46,,,,,,,,,,,,,,,0
52,gnb1,2026-08-19T10:03:06.865050,3019,PDSCH,0x46,50,4587,6,0,,,,,,,,,,,
52,gnb1,2026-08-19T10:03:06.885197,3020,PUSCH,0x46,,,,,2,4,269,4,117.9,188,,,,,
52,gnb1,2026-08-19T10:03:06.885281,3020,BSR,0x46,,,,,,,,,,,,,,,0
52,gnb1,2026-08-19T10:03:06.885858,3020,PDSCH,0x46,50,4587,6,0,,,,,,,,,,,
52,gnb1,2026-08-19T10:03:06.909608,3021,BSR,0x46,,,,,,,,,,,,,,,0
52,gnb1,2026-08-19T10:03:06.910233,3021,PDSCH,0x46,47,4395,6,0,,,,,,,,,,,
52,gnb1,2026-08-19T10:03:06.932988,3022,PDSCH,0x46,50,4587,6,0,,,,,,,,,,,
52,gnb1,2026-08-19T10:03:06.960534,3023,PDSCH,0x46,50,4587,6,0,,,,,,,,,,,
52,gnb1,2026-08-19T10:03:06.980688,3024,PDSCH,0x46,50,4587,6,0,,,,,,,,,,,
52,gnb1,2026-08-19T10:03:07.005133,3025,PDSCH,0x46,50,4587,6,0,,,,,,,,,,,
52,gnb1,2026-08-19T10:03:07.025601,3026,PUSCH,0x46,,,,,2,2,185,4,117.9,87,,,,,
52,gnb1,2026-08-19T10:03:07.025699,3026,BSR,0x46,,,,,,,,,,,,,,,0
52,gnb1,2026-08-19T10:03:07.026214,3026,PDSCH,0x46,50,3963,6,0,,,,,,,,,,,
52,gnb1,2026-08-19T10:03:07.047913,3027,PUSCH,0x46,,,,,2,8,573,4,111.4,212,,,,,
52,gnb1,2026-08-19T10:03:07.047994,3027,BSR,0x46,,,,,,,,,,,,,,,0
52,gnb1,2026-08-19T10:03:07.048582,3027,PDSCH,0x46,50,4587,6,0,,,,,,,,,,,
52,gnb1,2026-08-19T10:03:07.074378,3028,PUSCH,0x46,,,,,2,7,501,4,114.2,194,,,,,
52,gnb1,2026-08-19T10:03:07.074998,3028,PDSCH,0x46,50,4587,6,0,,,,,,,,,,,
52,gnb1,2026-08-19T10:03:07.096618,3029,PUSCH,0x46,,,,,2,3,233,4,117.9,140,,,,,
52,gnb1,2026-08-19T10:03:07.097163,3029,PDSCH,0x46,50,4587,6,0,,,,,,,,,,,
52,gnb1,2026-08-19T10:03:07.120072,3030,PDSCH,0x46,50,4587,6,0,,,,,,,,,,,
52,gnb1,2026-08-19T10:03:07.136498,3031,PDSCH,0x46,50,4587,6,0,,,,,,,,,,,
52,gnb1,2026-08-19T10:03:07.155760,3032,PDSCH,0x46,15,999,6,0,,,,,,,,,,,
52,gnb1,2026-08-19T10:03:07.197054,3034,PUSCH,0x46,,,,,2,2,185,4,118.0,117,,,,,
52,gnb1,2026-08-19T10:03:07.215355,3035,PUSCH,0x46,,,,,2,14,871,4,107.4,388,,,,,
52,gnb1,2026-08-19T10:03:07.215429,3035,BSR,0x46,,,,,,,,,,,,,,,0
52,gnb1,2026-08-19T10:03:07.215964,3035,PDSCH,0x46,50,4587,6,0,,,,,,,,,,,
52,gnb1,2026-08-19T10:03:07.235162,3036,PDSCH,0x46,50,4587,6,0,,,,,,,,,,,
52,gnb1,2026-08-19T10:03:07.257867,3037,PDSCH,0x46,50,4587,6,0,,,,,,,,,,,
52,gnb1,2026-08-19T10:03:07.281623,3038,PDSCH,0x46,50,4587,6,0,,,,,,,,,,,
52,gnb1,2026-08-19T10:03:07.298606,3039,PDSCH,0x46,50,4587,6,0,,,,,,,,,,,
52,gnb1,2026-08-19T10:03:07.322602,3040,PDSCH,0x46,50,4587,6,0,,,,,,,,,,,
52,gnb1,2026-08-19T10:03:07.340904,3041,PUCCH_CQI,0x46,,,,,,,,,,,111.8,15,2,,
52,gnb1,2026-08-19T10:03:07.341410,3041,PDSCH,0x46,47,4395,6,0,,,,,,,,,,,
52,gnb1,2026-08-19T10:03:07.359935,3042,PDSCH,0x46,6,437,6,0,,,,,,,,,,,
52,gnb1,2026-08-19T10:03:07.381288,3043,PUSCH,0x46,,,,,2,9,621,4,110.0,271,,,,,
52,gnb1,2026-08-19T10:03:07.381353,3043,BSR,0x46,,,,,,,,,,,,,,,0
52,gnb1,2026-08-19T10:03:07.409737,3044,PDSCH,0x46,50,4587,6,0,,,,,,,,,,,
52,gnb1,2026-08-19T10:03:07.430259,3045,PDSCH,0x46,47,4395,6,0,,,,,,,,,,,
52,gnb1,2026-08-19T10:03:07.450360,3046,PDSCH,0x46,50,4587,6,0,,,,,,,,,,,
52,gnb1,2026-08-19T10:03:07.472871,3047,PDSCH,0x46,50,4587,6,0,,,,,,,,,,,
52,gnb1,2026-08-19T10:03:07.501533,3048,PDSCH,0x46,50,4587,6,0,,,,,,,,,,,
52,gnb1,2026-08-19T10:03:07.520884,3049,PDSCH,0x46,33,2577,6,0,,,,,,,,,,,
52,gnb1,2026-08-19T10:03:07.573258,3051,PUSCH,0x46,,,,,10,8,517,4,104.5,189,,,,,
52,gnb1,2026-08-19T10:03:07.573319,3051,BSR,0x46,,,,,,,,,,,,,,,0
52,gnb1,2026-08-19T10:03:07.596293,3052,BSR,0x46,,,,,,,,,,,,,,,0
52,gnb1,2026-08-19T10:03:07.596790,3052,PDSCH,0x46,50,4587,6,0,,,,,,,,,,,
52,gnb1,2026-08-19T10:03:07.625703,3053,PDSCH,0x46,50,3963,6,0,,,,,,,,,,,
52,gnb1,2026-08-19T10:03:07.746806,3059,PUSCH,0x46,,,,,2,7,469,4,114.2,187,,,,,
52,gnb1,2026-08-19T10:03:07.746857,3059,BSR,0x46,,,,,,,,,,,,,,,0
52,gnb1,2026-08-19T10:03:07.769905,3060,PUSCH,0x46,,,,,2,3,233,4,117.9,125,,,,,
52,gnb1,2026-08-19T10:03:07.769990,3060,BSR,0x46,,,,,,,,,,,,,,,0
52,gnb1,2026-08-19T10:03:07.770559,3060,PDSCH,0x46,50,4587,6,0,,,,,,,,,,,
52,gnb1,2026-08-19T10:03:07.787061,3061,BSR,0x46,,,,,,,,,,,,,,,0
52,gnb1,2026-08-19T10:03:07.787507,3061,PDSCH,0x46,47,4395,6,0,,,,,,,,,,,
52,gnb1,2026-08-19T10:03:07.805416,3062,PDSCH,0x46,50,4587,6,0,,,,,,,,,,,
52,gnb1,2026-08-19T10:03:07.831694,3063,PDSCH,0x46,50,4587,6,0,,,,,,,,,,,
52,gnb1,2026-08-19T10:03:07.856520,3064,PDSCH,0x46,3,121,6,0,,,,,,,,,,,
52,gnb1,2026-08-19T10:03:07.921200,3067,PUSCH,0x46,,,,,2,7,469,4,114.2,205,,,,,
52,gnb1,2026-08-19T10:03:07.921272,3067,BSR,0x46,,,,,,,,,,,,,,,0
52,gnb1,2026-08-19T10:03:07.937191,3068,PUSCH,0x46,,,,,2,7,501,4,114.2,184,,,,,
52,gnb1,2026-08-19T10:03:07.937232,3068,PHR,,,,,,,,,,,,,,,,
52,gnb1,2026-08-19T10:03:07.937691,3068,PDSCH,0x46,50,4587,6,0,,,,,,,,,,,
52,gnb1,2026-08-19T10:03:07.960641,3069,PUSCH,0x46,,,,,2,3,249,4,117.9,131,,,,,
52,gnb1,2026-08-19T10:03:07.960708,3069,BSR,0x46,,,,,,,,,,,,,,,0
52,gnb1,2026-08-19T10:03:07.961259,3069,PDSCH,0x46,50,4587,6,0,,,,,,,,,,,
52,gnb1,2026-08-19T10:03:07.981499,3070,PDSCH,0x46,50,4587,6,0,,,,,,,,,,,
52,gnb1,2026-08-19T10:03:08.005527,3071,PDSCH,0x46,50,4587,6,0,,,,,,,,,,,
52,gnb1,2026-08-19T10:03:08.026285,3072,PDSCH,0x46,50,4587,6,0,,,,,,,,,,,
52,gnb1,2026-08-19T10:03:08.055356,3073,PDSCH,0x46,50,4587,6,0,,,,,,,,,,,
52,gnb1,2026-08-19T10:03:08.072465,3074,PDSCH,0x46,27,2052,6,0,,,,,,,,,,,
52,gnb1,2026-08-19T10:03:08.089913,3075,PUSCH,0x46,,,,,2,7,469,4,114.2,208,,,,,
52,gnb1,2026-08-19T10:03:08.112175,3076,PDSCH,0x46,50,4587,6,0,,,,,,,,,,,
52,gnb1,2026-08-19T10:03:08.130437,3077,PUSCH,0x46,,,,,2,7,437,4,114.2,191,,,,,
52,gnb1,2026-08-19T10:03:08.131064,3077,PDSCH,0x46,50,4587,6,0,,,,,,,,,,,
52,gnb1,2026-08-19T10:03:08.154129,3078,PDSCH,0x46,50,4587,6,0,,,,,,,,,,,
52,gnb1,2026-08-19T10:03:08.178298,3079,PDSCH,0x46,50,4587,6,0,,,,,,,,,,,
52,gnb1,2026-08-19T10:03:08.198617,3080,BSR,0x46,,,,,,,,,,,,,,,0
52,gnb1,2026-08-19T10:03:08.198999,3080,PDSCH,0x46,36,2769,6,0,,,,,,,,,,,
52,gnb1,2026-08-19T10:03:08.219567,3081,PUCCH_CQI,0x46,,,,,,,,,,,111.8,15,2a,,
52,gnb1,2026-08-19T10:03:08.365526,3088,PUSCH,0x46,,,,,2,8,517,4,111.4,194,,,,,
52,gnb1,2026-08-19T10:03:08.385403,3089,BSR,0x46,,,,,,,,,,,,,,,0
52,gnb1,2026-08-19T10:03:08.564813,3097,PUSCH,0x46,,,,,2,14,999,4,107.4,313,,,,,
52,gnb1,2026-08-19T10:03:08.564882,3097,BSR,0x46,,,,,,,,,,,,,,,0
52,gnb1,2026-08-19T10:03:08.583872,3098,BSR,0x46,,,,,,,,,,,,,,,0
52,gnb1,2026-08-19T10:03:08.737087,3105,PUSCH,0x46,,,,,2,14,999,4,107.4,404,,,,,
52,gnb1,2026-08-19T10:03:08.737190,3105,BSR,0x46,,,,,,,,,,,,,,,0
52,gnb1,2026-08-19T10:03:08.758143,3106,PUSCH,0x46,,,,,2,2,145,4,117.9,119,,,,,
52,gnb1,2026-08-19T10:03:08.758228,3106,BSR,0x46,,,,,,,,,,,,,,,0
52,gnb1,2026-08-19T10:03:08.758705,3106,PDSCH,0x46,50,4587,6,0,,,,,,,,,,,
52,gnb1,2026-08-19T10:03:08.778690,3107,PDSCH,0x46,50,4587,6,0,,,,,,,,,,,
52,gnb1,2026-08-19T10:03:08.806033,3108,PDSCH,0x46,50,4587,6,0,,,,,,,,,,,
52,gnb1,2026-08-19T10:03:08.826960,3109,PDSCH,0x46,50,4587,6,0,,,,,,,,,,,
52,gnb1,2026-08-19T10:03:08.857432,3110,PDSCH,0x46,50,4587,6,0,,,,,,,,,,,
52,gnb1,2026-08-19T10:03:08.877399,3111,PDSCH,0x46,50,4587,6,0,,,,,,,,,,,
52,gnb1,2026-08-19T10:03:08.898525,3112,PDSCH,0x46,50,4587,6,0,,,,,,,,,,,
52,gnb1,2026-08-19T10:03:08.920433,3113,PUSCH,0x46,,,,,2,14,999,4,107.4,302,,,,,
52,gnb1,2026-08-19T10:03:08.920992,3113,PDSCH,0x46,50,4587,6,0,,,,,,,,,,,
52,gnb1,2026-08-19T10:03:08.941691,3114,PUSCH,0x46,,,,,2,7,437,4,114.3,185,,,,,
52,gnb1,2026-08-19T10:03:08.942190,3114,PDSCH,0x46,50,4587,6,0,,,,,,,,,,,
52,gnb1,2026-08-19T10:03:09.071371,3120,BSR,0x46,,,,,,,,,,,,,,,0
52,gnb1,2026-08-19T10:03:09.090397,3121,PUCCH_CQI,0x46,,,,,,,,,,,111.8,15,2a,,
52,gnb1,2026-08-19T10:03:09.108933,3122,PDSCH,0x46,3,7,2,0,,,,,,,,,,,
52,gnb1,2026-08-19T10:03:09.240385,3128,PUSCH,0x46,,,,,2,8,517,4,111.4,275,,,,,
52,gnb1,2026-08-19T10:03:09.240435,3128,PHR,,,,,,,,,,,,,,,,
52,gnb1,2026-08-19T10:03:09.262566,3129,BSR,0x46,,,,,,,,,,,,,,,0
52,gnb1,2026-08-19T10:03:09.262995,3129,PDSCH,0x46,50,4587,6,0,,,,,,,,,,,
52,gnb1,2026-08-19T10:03:09.280556,3130,PDSCH,0x46,50,4587,6,0,,,,,,,,,,,
52,gnb1,2026-08-19T10:03:09.302908,3131,PDSCH,0x46,50,4587,6,0,,,,,,,,,,,
52,gnb1,2026-08-19T10:03:09.320560,3132,PDSCH,0x46,24,1836,6,0,,,,,,,,,,,
52,gnb1,2026-08-19T10:03:09.429061,3137,PUSCH,0x46,,,,,2,7,469,4,114.2,160,,,,,
52,gnb1,2026-08-19T10:03:09.429125,3137,BSR,0x46,,,,,,,,,,,,,,,0
52,gnb1,2026-08-19T10:03:09.448537,3138,PDSCH,0x46,50,4587,6,0,,,,,,,,,,,
52,gnb1,2026-08-19T10:03:09.470123,3139,PDSCH,0x46,50,4587,6,0,,,,,,,,,,,
52,gnb1,2026-08-19T10:03:09.487666,3140,BSR,0x46,,,,,,,,,,,,,,,0
52,gnb1,2026-08-19T10:03:09.488152,3140,PDSCH,0x46,50,4587,6,0,,,,,,,,,,,
52,gnb1,2026-08-19T10:03:09.526760,3142,PDSCH,0x46,6,325,6,0,,,,,,,,,,,
52,gnb1,2026-08-19T10:03:09.583739,3145,PUSCH,0x46,,,,,2,7,469,4,114.2,182,,,,,
52,gnb1,2026-08-19T10:03:09.603025,3146,PDSCH,0x46,50,4587,6,0,,,,,,,,,,,
52,gnb1,2026-08-19T10:03:09.623737,3147,PDSCH,0x46,50,4587,6,0,,,,,,,,,,,
52,gnb1,2026-08-19T10:03:09.650053,3148,PUSCH,0x46,,,,,2,0,47,4,117.8,190,,,,,
52,gnb1,2026-08-19T10:03:09.650586,3148,PDSCH,0x46,45,3542,6,0,,,,,,,,,,,
52,gnb1,2026-08-19T10:03:09.673497,3149,BSR,0x46,,,,,,,,,,,,,,,0
52,gnb1,2026-08-19T10:03:09.850455,3157,PUSCH,0x46,,,,,2,8,573,4,111.4,196,,,,,
52,gnb1,2026-08-19T10:03:09.850555,3157,BSR,0x46,,,,,,,,,,,,,,,0
52,gnb1,2026-08-19T10:03:09.874651,3158,BSR,0x46,,,,,,,,,,,,,,,0
52,gnb1,2026-08-19T10:03:09.875144,3158,PDSCH,0x46,50,4587,6,0,,,,,,,,,,,
52,gnb1,2026-08-19T10:03:09.893543,3159,PDSCH,0x46,50,4587,6,0,,,,,,,,,,,
52,gnb1,2026-08-19T10:03:09.916414,3160,PDSCH,0x46,45,3542,6,0,,,,,,,,,,,
52,gnb1,2026-08-19T10:03:09.936126,3161,PUCCH_CQI,0x46,,,,,,,,,,,111.8,15,2,,
52,gnb1,2026-08-19T10:03:10.020034,3165,PUSCH,0x46,,,,,2,8,573,4,111.4,242,,,,,
52,gnb1,2026-08-19T10:03:10.020089,3165,BSR,0x46,,,,,,,,,,,,,,,0
52,gnb1,2026-08-19T10:03:10.042330,3166,PUSCH,0x46,,,,,2,3,217,4,117.9,189,,,,,
52,gnb1,2026-08-19T10:03:10.042463,3166,BSR,0x46,,,,,,,,,,,,,,,0
52,gnb1,2026-08-19T10:03:10.043070,3166,PDSCH,0x46,50,4587,6,0,,,,,,,,,,,
52,gnb1,2026-08-19T10:03:10.061180,3167,PDSCH,0x46,50,4587,6,0,,,,,,,,,,,
52,gnb1,2026-08-19T10:03:10.085366,3168,PDSCH,0x46,50,4587,6,0,,,,,,,,,,,
52,gnb1,2026-08-19T10:03:10.103710,3169,PDSCH,0x46,6,325,6,0,,,,,,,,,,,
52,gnb1,2026-08-19T10:03:10.168658,3172,PDSCH,0x46,3,7,2,0,,,,,,,,,,,
52,gnb1,2026-08-19T10:03:10.189892,3173,PUSCH,0x46,,,,,2,8,573,4,111.4,305,,,,,
52,gnb1,2026-08-19T10:03:10.214990,3174,PUSCH,0x46,,,,,2,7,469,4,114.3,191,,,,,
52,gnb1,2026-08-19T10:03:10.215571,3174,PDSCH,0x46,50,4587,6,0,,,,,,,,,,,
52,gnb1,2026-08-19T10:03:10.233641,3175,PDSCH,0x46,15,1063,6,0,,,,,,,,,,,
52,gnb1,2026-08-19T10:03:10.343498,3180,BSR,0x46,,,,,,,,,,,,,,,0
52,gnb1,2026-08-19T10:03:10.508303,3188,PHR,,,,,,,,,,,,,,,,
52,gnb1,2026-08-19T10:03:10.508307,3188,PUSCH,0x46,,,,,2,8,517,4,111.4,189,,,,,
52,gnb1,2026-08-19T10:03:10.526345,3189,BSR,0x46,,,,,,,,,,,,,,,0
52,gnb1,2026-08-19T10:03:10.527002,3189,PDSCH,0x46,50,4587,6,0,,,,,,,,,,,
52,gnb1,2026-08-19T10:03:10.552818,3190,PDSCH,0x46,50,4587,6,0,,,,,,,,,,,
52,gnb1,2026-08-19T10:03:10.577308,3191,PDSCH,0x46,50,4587,6,0,,,,,,,,,,,
52,gnb1,2026-08-19T10:03:10.601993,3192,PDSCH,0x46,50,4587,6,0,,,,,,,,,,,
52,gnb1,2026-08-19T10:03:10.622296,3193,PDSCH,0x46,18,1383,6,0,,,,,,,,,,,
52,gnb1,2026-08-19T10:03:10.711895,3197,PUSCH,0x46,,,,,2,2,133,4,117.9,115,,,,,
52,gnb1,2026-08-19T10:03:10.711957,3197,BSR,0x46,,,,,,,,,,,,,,,0
52,gnb1,2026-08-19T10:03:10.800149,3201,PUCCH_CQI,0x46,,,,,,,,,,,111.8,15,2a,,
52,gnb1,2026-08-19T10:03:10.894200,3205,PUSCH,0x46,,,,,2,2,133,4,118.0,98,,,,,
52,gnb1,2026-08-19T10:03:10.894287,3205,BSR,0x46,,,,,,,,,,,,,,,0
52,gnb1,2026-08-19T10:03:10.913189,3206,BSR,0x46,,,,,,,,,,,,,,,0
52,gnb1,2026-08-19T10:03:11.069764,3213,PUSCH,0x46,,,,,2,2,133,4,117.9,97,,,,,
52,gnb1,2026-08-19T10:03:11.069830,3213,BSR,0x46,,,,,,,,,,,,,,,0
52,gnb1,2026-08-19T10:03:11.090211,3214,PUSCH,0x46,,,,,2,8,597,4,111.4,210,,,,,
52,gnb1,2026-08-19T10:03:11.090290,3214,BSR,0x46,,,,,,,,,,,,,,,0
52,gnb1,2026-08-19T10:03:11.090761,3214,PDSCH,0x46,50,4587,6,0,,,,,,,,,,,
52,gnb1,2026-08-19T10:03:11.113335,3215,PDSCH,0x46,47,4395,6,0,,,,,,,,,,,
52,gnb1,2026-08-19T10:03:11.134939,3216,PDSCH,0x46,50,4587,6,0,,,,,,,,,,,
52,gnb1,2026-08-19T10:03:11.162197,3217,PDSCH,0x46,50,4587,6,0,,,,,,,,,,,
52,gnb1,2026-08-19T10:03:11.184278,3218,PDSCH,0x46,50,4587,6,0,,,,,,,,,,,
52,gnb1,2026-08-19T10:03:11.211989,3219,PDSCH,0x46,21,1527,6,0,,,,,,,,,,,
52,gnb1,2026-08-19T10:03:11.253433,3221,PUSCH,0x46,,,,,2,1,125,4,118.0,133,,,,,
52,gnb1,2026-08-19T10:03:11.276739,3222,PUSCH,0x46,,,,,2,14,871,4,107.4,291,,,,,
52,gnb1,2026-08-19T10:03:11.276942,3222,PDSCH,0x46,3,7,2,0,,,,,,,,,,,
52,gnb1,2026-08-19T10:03:11.649608,3240,BSR,0x46,,,,,,,,,,,,,,,0
52,gnb1,2026-08-19T10:03:11.672861,3241,PUCCH_CQI,0x46,,,,,,,,,,,111.8,15,2,,
52,gnb1,2026-08-19T10:03:11.822279,3248,PUSCH,0x46,,,,,2,8,517,4,111.4,191,,,,,
52,gnb1,2026-08-19T10:03:11.822344,3248,PHR,,,,,,,,,,,,,,,,
52,gnb1,2026-08-19T10:03:11.843584,3249,PDSCH,0x46,50,4587,6,0,,,,,,,,,,,
52,gnb1,2026-08-19T10:03:11.862912,3250,PDSCH,0x46,50,4587,6,0,,,,,,,,,,,
52,gnb1,2026-08-19T10:03:11.887777,3251,PDSCH,0x46,50,4587,6,0,,,,,,,,,,,
52,gnb1,2026-08-19T10:03:11.908754,3252,PDSCH,0x46,50,4587,6,0,,,,,,,,,,,
52,gnb1,2026-08-19T10:03:11.929597,3253,PDSCH,0x46,50,4587,6,0,,,,,,,,,,,
52,gnb1,2026-08-19T10:03:11.953380,3254,PDSCH,0x46,50,4587,6,0,,,,,,,,,,,
52,gnb1,2026-08-19T10:03:11.982677,3255,PDSCH,0x46,45,3422,6,0,,,,,,,,,,,
52,gnb1,2026-08-19T10:03:12.102034,3260,BSR,0x46,,,,,,,,,,,,,,,0
52,gnb1,2026-08-19T10:03:12.278672,3268,PUSCH,0x46,,,,,2,8,517,4,111.4,194,,,,,
52,gnb1,2026-08-19T10:03:12.297254,3269,BSR,0x46,,,,,,,,,,,,,,,0
52,gnb1,2026-08-19T10:03:12.362876,3272,PDSCH,0x46,3,7,2,0,,,,,,,,,,,
52,gnb1,2026-08-19T10:03:12.474278,3277,PUSCH,0x46,,,,,2,11,749,4,108.5,238,,,,,
52,gnb1,2026-08-19T10:03:12.474351,3277,BSR,0x46,,,,,,,,,,,,,,,0
52,gnb1,2026-08-19T10:03:12.498560,3278,PDSCH,0x46,50,4587,6,0,,,,,,,,,,,
52,gnb1,2026-08-19T10:03:12.518057,3279,PDSCH,0x46,50,4587,6,0,,,,,,,,,,,
52,gnb1,2026-08-19T10:03:12.542228,3280,PDSCH,0x46,50,4587,6,0,,,,,,,,,,,
52,gnb1,2026-08-19T10:03:12.563669,3281,PUCCH_CQI,0x46,,,,,,,,,,,111.8,15,2,,
52,gnb1,2026-08-19T10:03:12.564219,3281,PDSCH,0x46,47,4395,6,0,,,,,,,,,,,
52,gnb1,2026-08-19T10:03:12.588599,3282,PDSCH,0x46,50,4587,6,0,,,,,,,,,,,
52,gnb1,2026-08-19T10:03:12.608188,3283,PDSCH,0x46,15,1191,6,0,,,,,,,,,,,
52,gnb1,2026-08-19T10:03:12.660815,3285,PUSCH,0x46,,,,,2,11,749,4,108.5,300,,,,,
52,gnb1,2026-08-19T10:03:13.028900,3300,BSR,0x46,,,,,,,,,,,,,,,0
52,gnb1,2026-08-19T10:03:13.208908,3308,PUSCH,0x46,,,,,2,8,517,4,111.4,224,,,,,
52,gnb1,2026-08-19T10:03:13.208989,3308,PHR,,,,,,,,,,,,,,,,
52,gnb1,2026-08-19T10:03:13.231845,3309,BSR,0x46,,,,,,,,,,,,,,,0
52,gnb1,2026-08-19T10:03:13.232583,3309,PDSCH,0x46,50,4587,6,0,,,,,,,,,,,
52,gnb1,2026-08-19T10:03:13.253466,3310,PDSCH,0x46,50,4587,6,0,,,,,,,,,,,
52,gnb1,2026-08-19T10:03:13.275442,3311,PDSCH,0x46,50,4587,6,0,,,,,,,,,,,
52,gnb1,2026-08-19T10:03:13.308790,3312,PDSCH,0x46,50,4587,6,0,,,,,,,,,,,
52,gnb1,2026-08-19T10:03:13.329870,3313,PDSCH,0x46,18,1383,6,0,,,,,,,,,,,
52,gnb1,2026-08-19T10:03:13.412724,3317,PUSCH,0x46,,,,,2,1,97,4,117.9,160,,,,,
52,gnb1,2026-08-19T10:03:13.412811,3317,BSR,0x46,,,,,,,,,,,,,,,0
52,gnb1,2026-08-19T10:03:13.434085,3318,PDSCH,0x46,36,2865,6,0,,,,,,,,,,,
52,gnb1,2026-08-19T10:03:13.470956,3320,BSR,0x46,,,,,,,,,,,,,,,0
52,gnb1,2026-08-19T10:03:13.490882,3321,PUCCH_CQI,0x46,,,,,,,,,,,111.8,15,2a,,
52,gnb1,2026-08-19T10:03:13.529590,3323,PDSCH,0x46,3,7,2,0,,,,,,,,,,,
52,gnb1,2026-08-19T10:03:13.571312,3325,PUSCH,0x46,,,,,2,1,97,4,117.8,101,,,,,
52,gnb1,2026-08-19T10:03:13.601253,3326,PDSCH,0x46,50,4587,6,0,,,,,,,,,,,
52,gnb1,2026-08-19T10:03:13.628349,3327,PDSCH,0x46,15,1063,6,0,,,,,,,,,,,
52,gnb1,2026-08-19T10:03:13.655635,3328,PUSCH,0x46,,,,,2,7,437,4,114.2,278,,,,,
52,gnb1,2026-08-19T10:03:13.655715,3328,BSR,0x46,,,,,,,,,,,,,,,0
52,gnb1,2026-08-19T10:03:13.682187,3329,PDSCH,0x46,50,4587,6,0,,,,,,,,,,,
52,gnb1,2026-08-19T10:03:13.703424,3330,PDSCH,0x46,50,4587,6,0,,,,,,,,,,,
52,gnb1,2026-08-19T10:03:13.724441,3331,PDSCH,0x46,45,3542,6,0,,,,,,,,,,,
52,gnb1,2026-08-19T10:03:13.829342,3336,PUSCH,0x46,,,,,2,2,161,4,117.9,166,,,,,
52,gnb1,2026-08-19T10:03:13.855013,3337,BSR,0x46,,,,,,,,,,,,,,,0
52,gnb1,2026-08-19T10:03:13.855407,3337,PDSCH,0x46,36,2865,6,0,,,,,,,,,,,
52,gnb1,2026-08-19T10:03:14.027017,3345,PUSCH,0x46,,,,,2,3,217,4,118.0,130,,,,,
52,gnb1,2026-08-19T10:03:14.027097,3345,BSR,0x46,,,,,,,,,,,,,,,0
52,gnb1,2026-08-19T10:03:14.050817,3346,BSR,0x46,,,,,,,,,,,,,,,0
52,gnb1,2026-08-19T10:03:14.051400,3346,PDSCH,0x46,39,2961,6,0,,,,,,,,,,,
52,gnb1,2026-08-19T10:03:14.204520,3353,PUSCH,0x46,,,,,2,3,217,4,117.9,95,,,,,
52,gnb1,2026-08-19T10:03:14.204648,3353,BSR,0x46,,,,,,,,,,,,,,,0
52,gnb1,2026-08-19T10:03:14.226551,3354,PUSCH,0x46,,,,,2,3,249,4,117.9,149,,,,,
52,gnb1,2026-08-19T10:03:14.226639,3354,BSR,0x46,,,,,,,,,,,,,,,0
52,gnb1,2026-08-19T10:03:14.227117,3354,PDSCH,0x46,50,4587,6,0,,,,,,,,,,,
52,gnb1,2026-08-19T10:03:14.245657,3355,PDSCH,0x46,50,4587,6,0,,,,,,,,,,,
52,gnb1,2026-08-19T10:03:14.266064,3356,PDSCH,0x46,50,4587,6,0,,,,,,,,,,,
52,gnb1,2026-08-19T10:03:14.285108,3357,PDSCH,0x46,6,325,6,0,,,,,,,,,,,
52,gnb1,2026-08-19T10:03:14.376917,3361,PUSCH,0x46,,,,,10,3,217,4,104.5,113,,,,,
52,gnb1,2026-08-19T10:03:14.377017,3361,PHR,,,,,,,,,,,,,,,,
52,gnb1,2026-08-19T10:03:14.401780,3362,PUSCH,0x46,,,,,2,8,517,4,111.4,253,,,,,
52,gnb1,2026-08-19T10:03:14.401831,3362,BSR,0x46,,,,,,,,,,,,,,,0
52,gnb1,2026-08-19T10:03:14.568548,3370,PUSCH,0x46,,,,,2,8,517,4,111.4,183,,,,,
52,gnb1,2026-08-19T10:03:14.587964,3371,PDSCH,0x46,50,4587,6,0,,,,,,,,,,,
52,gnb1,2026-08-19T10:03:14.606578,3372,PDSCH,0x46,50,4587,6,0,,,,,,,,,,,
52,gnb1,2026-08-19T10:03:14.627672,3373,PDSCH,0x46,50,4587,6,0,,,,,,,,,,,
52,gnb1,2026-08-19T10:03:14.645015,3374,PDSCH,0x46,6,325,6,0,,,,,,,,,,,
52,gnb1,2026-08-19T10:03:14.793484,3380,BSR,0x46,,,,,,,,,,,,,,,0
52,gnb1,2026-08-19T10:03:14.971004,3388,PUSCH,0x46,,,,,2,8,517,4,111.4,261,,,,,
52,gnb1,2026-08-19T10:03:15.003351,3389,PDSCH,0x46,50,4587,6,0,,,,,,,,,,,
52,gnb1,2026-08-19T10:03:15.025662,3390,PDSCH,0x46,50,4587,6,0,,,,,,,,,,,
52,gnb1,2026-08-19T10:03:15.044333,3391,PDSCH,0x46,50,4587,6,0,,,,,,,,,,,
52,gnb1,2026-08-19T10:03:15.064642,3392,PDSCH,0x46,42,3182,6,0,,,,,,,,,,,
52,gnb1,2026-08-19T10:03:15.243644,3400,BSR,0x46,,,,,,,,,,,,,,,0
52,gnb1,2026-08-19T10:03:15.262331,3401,PUCCH_CQI,0x46,,,,,,,,,,,111.8,15,2,,
52,gnb1,2026-08-19T10:03:15.407957,3408,PUSCH,0x46,,,,,2,8,517,4,111.4,211,,,,,
52,gnb1,2026-08-19T10:03:15.431450,3409,PDSCH,0x46,50,4587,6,0,,,,,,,,,,,
52,gnb1,2026-08-19T10:03:15.456078,3410,PDSCH,0x46,50,4587,6,0,,,,,,,,,,,
52,gnb1,2026-08-19T10:03:15.479054,3411,PDSCH,0x46,45,3542,6,0,,,,,,,,,,,
52,gnb1,2026-08-19T10:03:15.687098,3420,BSR,0x46,,,,,,,,,,,,,,,0
52,gnb1,2026-08-19T10:03:15.752807,3423,PDSCH,0x46,3,7,2,0,,,,,,,,,,,
52,gnb1,2026-08-19T10:03:15.865727,3428,PUSCH,0x46,,,,,2,8,517,4,111.4,179,,,,,
52,gnb1,2026-08-19T10:03:15.865819,3428,PHR,,,,,,,,,,,,,,,,
52,gnb1,2026-08-19T10:03:15.889662,3429,PDSCH,0x46,50,4587,6,0,,,,,,,,,,,
52,gnb1,2026-08-19T10:03:15.911640,3430,PDSCH,0x46,50,4587,6,0,,,,,,,,,,,
52,gnb1,2026-08-19T10:03:15.930079,3431,PDSCH,0x46,45,3542,6,0,,,,,,,,,,,
52,gnb1,2026-08-19T10:03:16.121651,3440,BSR,0x46,,,,,,,,,,,,,,,0
52,gnb1,2026-08-19T10:03:16.141669,3441,PUCCH_CQI,0x46,,,,,,,,,,,111.8,15,2,,
52,gnb1,2026-08-19T10:03:16.302428,3448,PUSCH,0x46,,,,,2,8,517,4,111.4,202,,,,,
52,gnb1,2026-08-19T10:03:16.322526,3449,PDSCH,0x46,50,4587,6,0,,,,,,,,,,,
52,gnb1,2026-08-19T10:03:16.341652,3450,PDSCH,0x46,50,4587,6,0,,,,,,,,,,,
52,gnb1,2026-08-19T10:03:16.364437,3451,PDSCH,0x46,27,2124,6,0,,,,,,,,,,,
52,gnb1,2026-08-19T10:03:16.567456,3460,BSR,0x46,,,,,,,,,,,,,,,0
52,gnb1,2026-08-19T10:03:16.759625,3468,PUSCH,0x46,,,,,2,8,517,4,111.4,424,,,,,
52,gnb1,2026-08-19T10:03:16.777541,3469,PDSCH,0x46,50,4587,6,0,,,,,,,,,,,
52,gnb1,2026-08-19T10:03:16.802623,3470,PDSCH,0x46,50,4587,6,0,,,,,,,,,,,
52,gnb1,2026-08-19T10:03:16.820845,3471,PDSCH,0x46,45,3542,6,0,,,,,,,,,,,
52,gnb1,2026-08-19T10:03:16.869776,3473,PDSCH,0x46,3,7,2,0,,,,,,,,,,,
52,gnb1,2026-08-19T10:03:17.018700,3480,BSR,0x46,,,,,,,,,,,,,,,0
52,gnb1,2026-08-19T10:03:17.039656,3481,PUCCH_CQI,0x46,,,,,,,,,,,111.8,15,2a,,
52,gnb1,2026-08-19T10:03:17.186857,3488,PUSCH,0x46,,,,,2,8,517,4,111.4,150,,,,,
52,gnb1,2026-08-19T10:03:17.186945,3488,PHR,,,,,,,,,,,,,,,,
52,gnb1,2026-08-19T10:03:17.211953,3489,PDSCH,0x46,50,4587,6,0,,,,,,,,,,,
52,gnb1,2026-08-19T10:03:17.228309,3490,PDSCH,0x46,50,4587,6,0,,,,,,,,,,,
52,gnb1,2026-08-19T10:03:17.253019,3491,PDSCH,0x46,50,4587,6,0,,,,,,,,,,,
52,gnb1,2026-08-19T10:03:17.272375,3492,PDSCH,0x46,42,3182,6,0,,,,,,,,,,,
52,gnb1,2026-08-19T10:03:17.442237,3500,BSR,0x46,,,,,,,,,,,,,,,0
52,gnb1,2026-08-19T10:03:17.618981,3508,PUSCH,0x46,,,,,2,8,517,4,111.4,185,,,,,
52,gnb1,2026-08-19T10:03:17.645218,3509,PDSCH,0x46,50,4587,6,0,,,,,,,,,,,
52,gnb1,2026-08-19T10:03:17.666093,3510,PDSCH,0x46,50,4587,6,0,,,,,,,,,,,
52,gnb1,2026-08-19T10:03:17.682667,3511,PDSCH,0x46,50,4587,6,0,,,,,,,,,,,
52,gnb1,2026-08-19T10:03:17.704182,3512,PDSCH,0x46,42,3182,6,0,,,,,,,,,,,
52,gnb1,2026-08-19T10:03:17.866356,3520,BSR,0x46,,,,,,,,,,,,,,,0
52,gnb1,2026-08-19T10:03:17.889479,3521,PUCCH_CQI,0x46,,,,,,,,,,,111.8,15,2,,
52,gnb1,2026-08-19T10:03:17.943549,3523,PDSCH,0x46,3,7,2,0,,,,,,,,,,,
52,gnb1,2026-08-19T10:03:18.058131,3528,PUSCH,0x46,,,,,2,8,517,4,111.4,218,,,,,
52,gnb1,2026-08-19T10:03:18.088980,3529,PDSCH,0x46,50,4587,6,0,,,,,,,,,,,
52,gnb1,2026-08-19T10:03:18.111302,3530,PDSCH,0x46,50,4587,6,0,,,,,,,,,,,
52,gnb1,2026-08-19T10:03:18.131627,3531,PDSCH,0x46,50,4587,6,0,,,,,,,,,,,
52,gnb1,2026-08-19T10:03:18.152863,3532,PDSCH,0x46,42,3302,6,0,,,,,,,,,,,
52,gnb1,2026-08-19T10:03:18.342624,3540,BSR,0x46,,,,,,,,,,,,,,,0
52,gnb1,2026-08-19T10:03:18.524142,3548,PUSCH,0x46,,,,,2,8,517,4,111.4,212,,,,,
52,gnb1,2026-08-19T10:03:18.524228,3548,PHR,,,,,,,,,,,,,,,,
52,gnb1,2026-08-19T10:03:18.549151,3549,PDSCH,0x46,50,4587,6,0,,,,,,,,,,,
52,gnb1,2026-08-19T10:03:18.567837,3550,PDSCH,0x46,50,4587,6,0,,,,,,,,,,,
52,gnb1,2026-08-19T10:03:18.590656,3551,PDSCH,0x46,50,4587,6,0,,,,,,,,,,,
52,gnb1,2026-08-19T10:03:18.609169,3552,PDSCH,0x46,45,3542,6,0,,,,,,,,,,,
52,gnb1,2026-08-19T10:03:18.792047,3560,BSR,0x46,,,,,,,,,,,,,,,0
52,gnb1,2026-08-19T10:03:18.817081,3561,PUCCH_CQI,0x46,,,,,,,,,,,111.8,15,2,,
52,gnb1,2026-08-19T10:03:18.979374,3568,PUSCH,0x46,,,,,2,8,517,4,111.4,328,,,,,
52,gnb1,2026-08-19T10:03:19.004878,3569,PDSCH,0x46,3,63,4,0,,,,,,,,,,,
52,gnb1,2026-08-19T10:03:19.103429,3573,PDSCH,0x46,3,7,2,0,,,,,,,,,,,
52,gnb1,2026-08-19T10:03:19.268063,3580,BSR,0x46,,,,,,,,,,,,,,,0
52,gnb1,2026-08-19T10:03:19.452077,3588,PUSCH,0x46,,,,,2,8,517,4,111.4,198,,,,,
52,gnb1,2026-08-19T10:03:19.714097,3600,BSR,0x46,,,,,,,,,,,,,,,0
52,gnb1,2026-08-19T10:03:19.737537,3601,PUCCH_CQI,0x46,,,,,,,,,,,111.8,15,2,,
52,gnb1,2026-08-19T10:03:19.895103,3608,PUSCH,0x46,,,,,2,8,517,4,111.4,204,,,,,
52,gnb1,2026-08-19T10:03:19.895134,3608,PHR,,,,,,,,,,,,,,,,
52,gnb1,2026-08-19T10:03:20.235146,3623,PDSCH,0x46,3,7,2,0,,,,,,,,,,,
52,gnb1,2026-08-19T10:03:20.633171,3641,PUCCH_CQI,0x46,,,,,,,,,,,111.8,15,2,,
52,gnb1,2026-08-19T10:03:21.035237,3660,BSR,0x46,,,,,,,,,,,,,,,0
52,gnb1,2026-08-19T10:03:21.211243,3668,PUSCH,0x46,,,,,2,8,517,4,111.4,218,,,,,
52,gnb1,2026-08-19T10:03:21.211280,3668,PHR,,,,,,,,,,,,,,,,
52,gnb1,2026-08-19T10:03:21.322029,3673,PDSCH,0x46,3,7,2,0,,,,,,,,,,,
52,gnb1,2026-08-19T10:03:21.501348,3681,PUCCH_CQI,0x46,,,,,,,,,,,111.8,15,2a,,
52,gnb1,2026-08-19T10:03:21.912654,3700,BSR,0x46,,,,,,,,,,,,,,,0
52,gnb1,2026-08-19T10:03:22.093317,3708,PUSCH,0x46,,,,,2,8,517,4,111.4,159,,,,,
52,gnb1,2026-08-19T10:03:22.358934,3720,BSR,0x46,,,,,,,,,,,,,,,0
52,gnb1,2026-08-19T10:03:22.381779,3721,PUCCH_CQI,0x46,,,,,,,,,,,111.8,15,2,,
52,gnb1,2026-08-19T10:03:22.434507,3723,PDSCH,0x46,3,7,2,0,,,,,,,,,,,
52,gnb1,2026-08-19T10:03:22.556774,3728,PUSCH,0x46,,,,,2,8,517,4,111.4,229,,,,,
52,gnb1,2026-08-19T10:03:22.556881,3728,PHR,,,,,,,,,,,,,,,,
52,gnb1,2026-08-19T10:03:22.838498,3740,BSR,0x46,,,,,,,,,,,,,,,0
52,gnb1,2026-08-19T10:03:23.017035,3748,PUSCH,0x46,,,,,2,8,517,4,111.4,214,,,,,
52,gnb1,2026-08-19T10:03:23.283464,3760,BSR,0x46,,,,,,,,,,,,,,,0
52,gnb1,2026-08-19T10:03:23.313387,3761,PUCCH_CQI,0x46,,,,,,,,,,,111.8,15,2,,
52,gnb1,2026-08-19T10:03:23.461744,3768,PUSCH,0x46,,,,,2,8,517,4,111.4,262,,,,,
52,gnb1,2026-08-19T10:03:23.575062,3773,PDSCH,0x46,3,7,2,0,,,,,,,,,,,
52,gnb1,2026-08-19T10:03:24.194707,3800,BSR,0x46,,,,,,,,,,,,,,,0
52,gnb1,2026-08-19T10:03:24.216904,3801,PUCCH_CQI,0x46,,,,,,,,,,,111.8,15,2,,
52,gnb1,2026-08-19T10:03:24.368821,3808,PUSCH,0x46,,,,,2,8,517,4,111.4,192,,,,,
52,gnb1,2026-08-19T10:03:24.368847,3808,PHR,,,,,,,,,,,,,,,,
52,gnb1,2026-08-19T10:03:24.712034,3823,PDSCH,0x46,3,7,2,0,,,,,,,,,,,
52,gnb1,2026-08-19T10:03:25.104722,3840,BSR,0x46,,,,,,,,,,,,,,,0
52,gnb1,2026-08-19T10:03:25.125712,3841,PUCCH_CQI,0x46,,,,,,,,,,,111.8,15,2,,
52,gnb1,2026-08-19T10:03:25.294138,3848,PUSCH,0x46,,,,,2,8,517,4,111.4,213,,,,,
52,gnb1,2026-08-19T10:03:25.861560,3873,PDSCH,0x46,3,7,2,0,,,,,,,,,,,
52,gnb1,2026-08-19T10:03:26.065761,3881,PUCCH_CQI,0x46,,,,,,,,,,,111.8,15,2a,,
52,gnb1,2026-08-19T10:03:26.983507,3921,PUCCH_CQI,0x46,,,,,,,,,,,111.8,15,2,,
52,gnb1,2026-08-19T10:03:27.878014,3961,PUCCH_CQI,0x46,,,,,,,,,,,111.8,15,2,,
52,gnb1,2026-08-19T10:03:28.760042,4001,PUCCH_CQI,0x46,,,,,,,,,,,111.8,15,2,,
52,gnb1,2026-08-19T10:03:29.673219,4041,PUCCH_CQI,0x46,,,,,,,,,,,111.8,15,2,,
52,gnb1,2026-08-19T10:03:30.586873,4081,PUCCH_CQI,0x46,,,,,,,,,,,111.8,15,2,,
52,gnb1,2026-08-19T10:03:31.494164,4121,PUCCH_CQI,0x46,,,,,,,,,,,111.8,15,2,,
52,gnb1,2026-08-19T10:03:31.931716,4140,BSR,0x46,,,,,,,,,,,,,,,0
52,gnb1,2026-08-19T10:03:32.098887,4148,PUSCH,0x46,,,,,2,8,517,4,111.4,247,,,,,
52,gnb1,2026-08-19T10:03:32.098924,4148,PHR,,,,,,,,,,,,,,,,
52,gnb1,2026-08-19T10:03:32.121539,4149,PDSCH,0x46,3,7,2,0,,,,,,,,,,,
53,gnb1,2026-08-19T10:09:09.010353,342,PDSCH,0x2,3,11,2,0,,,,,,,,,,,
53,gnb1,2026-08-19T10:09:09.027297,344,BSR,0x46,,,,,,,,,,,,,,,0
53,gnb1,2026-08-19T10:09:09.249411,352,PUSCH,0x46,,,,,2,2,7,2,118.0,198,,,,,
53,gnb1,2026-08-19T10:09:09.290922,354,PDSCH,0x46,3,32,2,0,,,,,,,,,,,
53,gnb1,2026-08-19T10:09:09.439388,361,PUCCH_CQI,0x46,,,,,,,,,,,-inf,0,2,,
53,gnb1,2026-08-19T10:09:09.839534,380,BSR,0x46,,,,,,,,,,,,,,,0
53,gnb1,2026-08-19T10:09:10.033179,388,PUSCH,0x46,,,,,2,44,157,2,109.0,745,,,,,
53,gnb1,2026-08-19T10:09:10.033258,388,PHR,,,,,,,,,,,,,,,,
53,gnb1,2026-08-19T10:09:10.058934,390,PDSCH,0x46,6,63,2,0,,,,,,,,,,,
53,gnb1,2026-08-19T10:09:10.297481,400,BSR,0x46,,,,,,,,,,,,,,,0
53,gnb1,2026-08-19T10:09:10.315612,401,PUCCH_CQI,0x46,,,,,,,,,,,111.8,15,2,,
53,gnb1,2026-08-19T10:09:10.441439,408,PUSCH,0x46,,,,,2,8,517,4,111.4,534,,,,,
53,gnb1,2026-08-19T10:09:10.461294,409,PDSCH,0x46,3,7,2,0,,,,,,,,,,,
53,gnb1,2026-08-19T10:09:10.477074,410,PDSCH,0x46,3,41,2,0,,,,,,,,,,,
53,gnb1,2026-08-19T10:09:10.691343,420,BSR,0x46,,,,,,,,,,,,,,,0
53,gnb1,2026-08-19T10:09:10.848408,428,PUSCH,0x46,,,,,2,8,517,4,111.4,223,,,,,
53,gnb1,2026-08-19T10:09:10.866925,429,PDSCH,0x46,3,7,2,0,,,,,,,,,,,
53,gnb1,2026-08-19T10:09:10.888977,430,PDSCH,0x46,3,26,2,0,,,,,,,,,,,
53,gnb1,2026-08-19T10:09:11.098561,440,BSR,0x46,,,,,,,,,,,,,,,0
53,gnb1,2026-08-19T10:09:11.116420,441,PUCCH_CQI,0x46,,,,,,,,,,,111.8,15,2,,
53,gnb1,2026-08-19T10:09:11.292958,448,PUSCH,0x46,,,,,2,8,517,4,111.4,249,,,,,
53,gnb1,2026-08-19T10:09:11.293056,448,PHR,,,,,,,,,,,,,,,,
53,gnb1,2026-08-19T10:09:11.315940,449,PDSCH,0x46,3,7,2,0,,,,,,,,,,,
53,gnb1,2026-08-19T10:09:11.332925,450,PDSCH,0x46,3,18,2,0,,,,,,,,,,,
53,gnb1,2026-08-19T10:09:11.562142,460,BSR,0x46,,,,,,,,,,,,,,,0
53,gnb1,2026-08-19T10:09:11.748038,468,PUSCH,0x46,,,,,2,8,517,4,111.4,235,,,,,
53,gnb1,2026-08-19T10:09:11.769078,469,PDSCH,0x46,3,22,2,0,,,,,,,,,,,
53,gnb1,2026-08-19T10:09:12.004046,480,BSR,0x46,,,,,,,,,,,,,,,0
53,gnb1,2026-08-19T10:09:12.016282,481,PUCCH_CQI,0x46,,,,,,,,,,,111.8,15,2,,
53,gnb1,2026-08-19T10:09:12.178766,488,PUSCH,0x46,,,,,2,8,517,4,111.4,228,,,,,
53,gnb1,2026-08-19T10:09:12.203410,489,PDSCH,0x46,3,7,2,0,,,,,,,,,,,
53,gnb1,2026-08-19T10:09:12.235160,490,PDSCH,0x46,3,113,4,0,,,,,,,,,,,
53,gnb1,2026-08-19T10:09:12.440848,500,BSR,0x46,,,,,,,,,,,,,,,0
53,gnb1,2026-08-19T10:09:12.621442,508,PUSCH,0x46,,,,,2,8,517,4,111.4,464,,,,,
53,gnb1,2026-08-19T10:09:12.621510,508,PHR,,,,,,,,,,,,,,,,
53,gnb1,2026-08-19T10:09:12.640927,509,PDSCH,0x46,3,18,2,0,,,,,,,,,,,
53,gnb1,2026-08-19T10:09:12.874849,520,PDSCH,0x46,3,73,4,0,,,,,,,,,,,
53,gnb1,2026-08-19T10:09:12.893501,521,PUCCH_CQI,0x46,,,,,,,,,,,111.8,15,2,,
53,gnb1,2026-08-19T10:09:13.292313,540,BSR,0x46,,,,,,,,,,,,,,,0
53,gnb1,2026-08-19T10:09:13.469549,548,PUSCH,0x46,,,,,2,8,517,4,111.4,233,,,,,
53,gnb1,2026-08-19T10:09:13.723274,561,PUCCH_CQI,0x46,,,,,,,,,,,111.8,15,2,,
53,gnb1,2026-08-19T10:09:14.549579,601,PUCCH_CQI,0x46,,,,,,,,,,,111.8,15,2,,
53,gnb1,2026-08-19T10:09:15.385144,641,PUCCH_CQI,0x46,,,,,,,,,,,111.8,15,2,,
53,gnb1,2026-08-19T10:09:16.276379,681,PUCCH_CQI,0x46,,,,,,,,,,,111.8,15,2,,
53,gnb1,2026-08-19T10:09:17.084190,721,PUCCH_CQI,0x46,,,,,,,,,,,111.8,15,2,,
53,gnb1,2026-08-19T10:09:17.995691,761,PUCCH_CQI,0x46,,,,,,,,,,,111.8,15,2,,
53,gnb1,2026-08-19T10:09:18.845022,801,PUCCH_CQI,0x46,,,,,,,,,,,111.8,15,2,,
53,gnb1,2026-08-19T10:09:19.660412,841,PUCCH_CQI,0x46,,,,,,,,,,,111.8,15,2,,
53,gnb1,2026-08-19T10:09:20.543811,881,PUCCH_CQI,0x46,,,,,,,,,,,111.8,15,2,,
53,gnb1,2026-08-19T10:09:21.408493,921,PUCCH_CQI,0x46,,,,,,,,,,,111.8,15,2,,
53,gnb1,2026-08-19T10:09:22.223419,961,PUCCH_CQI,0x46,,,,,,,,,,,111.8,15,2,,
53,gnb1,2026-08-19T10:09:23.052782,1001,PUCCH_CQI,0x46,,,,,,,,,,,111.8,15,2,,
53,gnb1,2026-08-19T10:09:23.900965,1041,PUCCH_CQI,0x46,,,,,,,,,,,111.8,15,2,,
53,gnb1,2026-08-19T10:09:24.687150,1081,PUCCH_CQI,0x46,,,,,,,,,,,111.8,15,2,,
53,gnb1,2026-08-19T10:09:25.566616,1121,PUCCH_CQI,0x46,,,,,,,,,,,111.8,15,2,,
53,gnb1,2026-08-19T10:09:26.396336,1161,PUCCH_CQI,0x46,,,,,,,,,,,111.8,15,2,,
53,gnb1,2026-08-19T10:09:27.291572,1201,PUCCH_CQI,0x46,,,,,,,,,,,111.8,15,2,,
53,gnb1,2026-08-19T10:09:28.133955,1241,PUCCH_CQI,0x46,,,,,,,,,,,111.8,15,2,,
53,gnb1,2026-08-19T10:09:29.002461,1281,PUCCH_CQI,0x46,,,,,,,,,,,111.8,15,2,,
53,gnb1,2026-08-19T10:09:29.849364,1321,PUCCH_CQI,0x46,,,,,,,,,,,111.8,15,2,,
53,gnb1,2026-08-19T10:09:30.688450,1361,PUCCH_CQI,0x46,,,,,,,,,,,111.8,15,2,,
53,gnb1,2026-08-19T10:09:31.603560,1401,PUCCH_CQI,0x46,,,,,,,,,,,111.8,15,2,,
53,gnb1,2026-08-19T10:09:32.424600,1441,PUCCH_CQI,0x46,,,,,,,,,,,111.8,15,2,,
53,gnb1,2026-08-19T10:09:33.237661,1481,PUCCH_CQI,0x46,,,,,,,,,,,111.8,15,2,,
53,gnb1,2026-08-19T10:09:34.090010,1521,PUCCH_CQI,0x46,,,,,,,,,,,111.8,15,2,,
53,gnb1,2026-08-19T10:09:34.922092,1561,PUCCH_CQI,0x46,,,,,,,,,,,111.8,15,2,,
53,gnb1,2026-08-19T10:09:35.799398,1601,PUCCH_CQI,0x46,,,,,,,,,,,111.8,15,2,,
53,gnb1,2026-08-19T10:09:36.637067,1641,PUCCH_CQI,0x46,,,,,,,,,,,111.8,15,2,,
53,gnb1,2026-08-19T10:09:37.496326,1681,PUCCH_CQI,0x46,,,,,,,,,,,111.8,15,2,,
53,gnb1,2026-08-19T10:09:38.351382,1721,PUCCH_CQI,0x46,,,,,,,,,,,111.8,15,2,,
53,gnb1,2026-08-19T10:09:39.228942,1761,PUCCH_CQI,0x46,,,,,,,,,,,111.8,15,2,,
53,gnb1,2026-08-19T10:09:40.079558,1801,PUCCH_CQI,0x46,,,,,,,,,,,111.8,15,2,,
53,gnb1,2026-08-19T10:09:40.884876,1841,PUCCH_CQI,0x46,,,,,,,,,,,111.8,15,2,,
53,gnb1,2026-08-19T10:09:41.705035,1881,PUCCH_CQI,0x46,,,,,,,,,,,111.8,15,2,,
53,gnb1,2026-08-19T10:09:42.533097,1921,PUCCH_CQI,0x46,,,,,,,,,,,111.8,15,2,,
53,gnb1,2026-08-19T10:09:43.383566,1961,PUCCH_CQI,0x46,,,,,,,,,,,111.8,15,2,,
53,gnb1,2026-08-19T10:09:44.249087,2001,PUCCH_CQI,0x46,,,,,,,,,,,111.8,15,2,,
53,gnb1,2026-08-19T10:09:45.110679,2041,PUCCH_CQI,0x46,,,,,,,,,,,111.8,15,2,,
53,gnb1,2026-08-19T10:09:45.951886,2081,PUCCH_CQI,0x46,,,,,,,,,,,111.8,15,2,,
53,gnb1,2026-08-19T10:09:46.781485,2121,PUCCH_CQI,0x46,,,,,,,,,,,111.8,15,2,,
53,gnb1,2026-08-19T10:09:47.677801,2161,PUCCH_CQI,0x46,,,,,,,,,,,111.8,15,2,,
53,gnb1,2026-08-19T10:09:48.548961,2201,PUCCH_CQI,0x46,,,,,,,,,,,111.8,15,2,,
53,gnb1,2026-08-19T10:09:49.371744,2241,PUCCH_CQI,0x46,,,,,,,,,,,111.8,15,2,,
53,gnb1,2026-08-19T10:09:50.274084,2281,PUCCH_CQI,0x46,,,,,,,,,,,111.8,15,2,,
53,gnb1,2026-08-19T10:09:51.150111,2321,PUCCH_CQI,0x46,,,,,,,,,,,111.8,15,2,,
53,gnb1,2026-08-19T10:09:52.057812,2361,PUCCH_CQI,0x46,,,,,,,,,,,111.8,15,2,,
53,gnb1,2026-08-19T10:09:52.923911,2401,PUCCH_CQI,0x46,,,,,,,,,,,111.8,15,2,,
53,gnb1,2026-08-19T10:09:53.780493,2441,PUCCH_CQI,0x46,,,,,,,,,,,111.8,15,2,,
53,gnb1,2026-08-19T10:09:54.633859,2481,PUCCH_CQI,0x46,,,,,,,,,,,111.8,15,2,,
53,gnb1,2026-08-19T10:09:55.497280,2521,PUCCH_CQI,0x46,,,,,,,,,,,111.8,15,2,,
53,gnb1,2026-08-19T10:09:56.411450,2561,PUCCH_CQI,0x46,,,,,,,,,,,111.8,15,2,,
53,gnb1,2026-08-19T10:09:57.256162,2601,PUCCH_CQI,0x46,,,,,,,,,,,111.8,15,2,,
53,gnb1,2026-08-19T10:09:58.112856,2640,BSR,0x46,,,,,,,,,,,,,,,0
53,gnb1,2026-08-19T10:09:58.140634,2641,PUCCH_CQI,0x46,,,,,,,,,,,111.8,15,2,,
53,gnb1,2026-08-19T10:09:58.280743,2648,PUSCH,0x46,,,,,2,8,517,4,111.4,380,,,,,
53,gnb1,2026-08-19T10:09:58.280835,2648,PHR,,,,,,,,,,,,,,,,
53,gnb1,2026-08-19T10:09:58.301222,2649,PDSCH,0x46,3,85,4,0,,,,,,,,,,,
53,gnb1,2026-08-19T10:09:58.504590,2660,BSR,0x46,,,,,,,,,,,,,,,0
53,gnb1,2026-08-19T10:09:58.672610,2668,PUSCH,0x46,,,,,2,8,517,4,111.4,185,,,,,
53,gnb1,2026-08-19T10:09:58.690616,2669,PDSCH,0x46,3,121,6,0,,,,,,,,,,,
53,gnb1,2026-08-19T10:09:58.916694,2680,BSR,0x46,,,,,,,,,,,,,,,0
53,gnb1,2026-08-19T10:09:58.942564,2681,PUCCH_CQI,0x46,,,,,,,,,,,111.8,15,2,,
53,gnb1,2026-08-19T10:09:59.077868,2688,PUSCH,0x46,,,,,2,8,517,4,111.4,244,,,,,
53,gnb1,2026-08-19T10:09:59.143270,2691,PDSCH,0x46,3,63,4,0,,,,,,,,,,,
53,gnb1,2026-08-19T10:09:59.298280,2699,PDSCH,0x46,3,7,2,0,,,,,,,,,,,
53,gnb1,2026-08-19T10:09:59.319039,2700,BSR,0x46,,,,,,,,,,,,,,,0
53,gnb1,2026-08-19T10:09:59.503837,2708,PUSCH,0x46,,,,,2,8,517,4,111.4,185,,,,,
53,gnb1,2026-08-19T10:09:59.503849,2708,PHR,,,,,,,,,,,,,,,,
53,gnb1,2026-08-19T10:09:59.522268,2709,PDSCH,0x46,3,121,6,0,,,,,,,,,,,
53,gnb1,2026-08-19T10:09:59.760347,2720,BSR,0x46,,,,,,,,,,,,,,,0
53,gnb1,2026-08-19T10:09:59.782747,2721,PUCCH_CQI,0x46,,,,,,,,,,,111.8,15,2,,
53,gnb1,2026-08-19T10:09:59.927568,2728,PUSCH,0x46,,,,,2,8,517,4,111.4,196,,,,,
53,gnb1,2026-08-19T10:09:59.940471,2729,PDSCH,0x46,3,73,4,0,,,,,,,,,,,
53,gnb1,2026-08-19T10:10:00.162133,2740,BSR,0x46,,,,,,,,,,,,,,,0
53,gnb1,2026-08-19T10:10:00.331003,2748,PUSCH,0x46,,,,,2,8,517,4,111.4,218,,,,,
53,gnb1,2026-08-19T10:10:00.361693,2749,PDSCH,0x46,50,4587,6,0,,,,,,,,,,,
53,gnb1,2026-08-19T10:10:00.362757,2750,PDSCH,0x46,50,4587,6,0,,,,,,,,,,,
53,gnb1,2026-08-19T10:10:00.379229,2751,PDSCH,0x46,50,4587,6,0,,,,,,,,,,,
53,gnb1,2026-08-19T10:10:00.422762,2752,PDSCH,0x46,6,437,6,0,,,,,,,,,,,
53,gnb1,2026-08-19T10:10:00.612563,2760,BSR,0x46,,,,,,,,,,,,,,,0
53,gnb1,2026-08-19T10:10:00.633336,2761,PUCCH_CQI,0x46,,,,,,,,,,,111.8,15,2,,
53,gnb1,2026-08-19T10:10:00.786783,2768,PUSCH,0x46,,,,,2,8,517,4,111.4,430,,,,,
53,gnb1,2026-08-19T10:10:00.786844,2768,PHR,,,,,,,,,,,,,,,,
53,gnb1,2026-08-19T10:10:00.805596,2769,BSR,0x46,,,,,,,,,,,,,,,0
53,gnb1,2026-08-19T10:10:00.806120,2769,PDSCH,0x46,50,4587,6,0,,,,,,,,,,,
53,gnb1,2026-08-19T10:10:00.828314,2770,PDSCH,0x46,50,4587,6,0,,,,,,,,,,,
53,gnb1,2026-08-19T10:10:00.829233,2771,PDSCH,0x46,50,4587,6,0,,,,,,,,,,,
53,gnb1,2026-08-19T10:10:00.863351,2772,PDSCH,0x46,50,4587,6,0,,,,,,,,,,,
53,gnb1,2026-08-19T10:10:00.885790,2773,PDSCH,0x46,50,4587,6,0,,,,,,,,,,,
53,gnb1,2026-08-19T10:10:00.969415,2777,PUSCH,0x46,,,,,2,1,113,4,117.9,116,,,,,
53,gnb1,2026-08-19T10:10:00.969478,2777,BSR,0x46,,,,,,,,,,,,,,,0
53,gnb1,2026-08-19T10:10:00.989841,2778,PDSCH,0x46,50,4587,6,0,,,,,,,,,,,
53,gnb1,2026-08-19T10:10:00.990399,2779,PDSCH,0x46,15,1063,6,0,,,,,,,,,,,
53,gnb1,2026-08-19T10:10:01.006960,2780,BSR,0x46,,,,,,,,,,,,,,,0
53,gnb1,2026-08-19T10:10:01.148020,2785,PUSCH,0x46,,,,,2,1,113,4,117.8,143,,,,,
53,gnb1,2026-08-19T10:10:01.164857,2786,BSR,0x46,,,,,,,,,,,,,,,0
53,gnb1,2026-08-19T10:10:01.215279,2788,PUSCH,0x46,,,,,2,7,437,4,114.2,238,,,,,
53,gnb1,2026-08-19T10:10:01.215351,2788,BSR,0x46,,,,,,,,,,,,,,,0
53,gnb1,2026-08-19T10:10:01.228201,2789,BSR,0x46,,,,,,,,,,,,,,,0
53,gnb1,2026-08-19T10:10:01.228706,2789,PDSCH,0x46,50,4587,6,0,,,,,,,,,,,
53,gnb1,2026-08-19T10:10:01.247758,2790,PDSCH,0x46,50,4587,6,0,,,,,,,,,,,
53,gnb1,2026-08-19T10:10:01.271919,2791,PDSCH,0x46,50,4587,6,0,,,,,,,,,,,
53,gnb1,2026-08-19T10:10:01.291704,2792,PDSCH,0x46,42,3182,6,0,,,,,,,,,,,
53,gnb1,2026-08-19T10:10:01.334530,2794,PUSCH,0x46,,,,,2,4,293,4,117.9,188,,,,,
53,gnb1,2026-08-19T10:10:01.334596,2794,BSR,0x46,,,,,,,,,,,,,,,0
53,gnb1,2026-08-19T10:10:01.351931,2795,BSR,0x46,,,,,,,,,,,,,,,0
53,gnb1,2026-08-19T10:10:01.352462,2795,PDSCH,0x46,50,4587,6,0,,,,,,,,,,,
53,gnb1,2026-08-19T10:10:01.375485,2796,PUSCH,0x46,,,,,2,7,437,4,114.2,180,,,,,
53,gnb1,2026-08-19T10:10:01.375571,2796,BSR,0x46,,,,,,,,,,,,,,,0
53,gnb1,2026-08-19T10:10:01.376051,2796,PDSCH,0x46,50,4587,6,0,,,,,,,,,,,
53,gnb1,2026-08-19T10:10:01.376616,2797,PUSCH,0x46,,,,,2,3,249,4,117.9,183,,,,,
53,gnb1,2026-08-19T10:10:01.377149,2797,PDSCH,0x46,50,4587,6,0,,,,,,,,,,,
53,gnb1,2026-08-19T10:10:01.398320,2798,PDSCH,0x46,50,4587,6,0,,,,,,,,,,,
53,gnb1,2026-08-19T10:10:01.441536,2799,PDSCH,0x46,50,4587,6,0,,,,,,,,,,,
53,gnb1,2026-08-19T10:10:01.463649,2800,PDSCH,0x46,50,4587,6,0,,,,,,,,,,,
53,gnb1,2026-08-19T10:10:01.464125,2801,PUCCH_CQI,0x46,,,,,,,,,,,111.8,15,2,,
53,gnb1,2026-08-19T10:10:01.464746,2801,PDSCH,0x46,47,4395,6,0,,,,,,,,,,,
53,gnb1,2026-08-19T10:10:01.498948,2802,PUSCH,0x46,,,,,2,4,293,4,117.9,262,,,,,
53,gnb1,2026-08-19T10:10:01.499576,2802,PDSCH,0x46,50,4587,6,0,,,,,,,,,,,
53,gnb1,2026-08-19T10:10:01.499936,2803,PUSCH,0x46,,,,,2,3,249,4,117.9,136,,,,,
53,gnb1,2026-08-19T10:10:01.500386,2803,PDSCH,0x46,36,2865,6,0,,,,,,,,,,,
53,gnb1,2026-08-19T10:10:01.525573,2804,PUSCH,0x46,,,,,2,7,437,4,114.3,208,,,,,
53,gnb1,2026-08-19T10:10:01.525662,2804,BSR,0x46,,,,,,,,,,,,,,,0
53,gnb1,2026-08-19T10:10:01.526141,2804,PDSCH,0x46,50,4587,6,0,,,,,,,,,,,
53,gnb1,2026-08-19T10:10:01.572668,2805,PDSCH,0x46,50,4587,6,0,,,,,,,,,,,
53,gnb1,2026-08-19T10:10:01.592739,2806,PDSCH,0x46,50,4587,6,0,,,,,,,,,,,
53,gnb1,2026-08-19T10:10:01.593796,2807,PDSCH,0x46,50,4587,6,0,,,,,,,,,,,
53,gnb1,2026-08-19T10:10:01.635485,2808,PDSCH,0x46,50,4587,6,0,,,,,,,,,,,
53,gnb1,2026-08-19T10:10:01.661910,2809,PDSCH,0x46,50,4587,6,0,,,,,,,,,,,
53,gnb1,2026-08-19T10:10:01.663015,2810,PDSCH,0x46,50,4587,6,0,,,,,,,,,,,
53,gnb1,2026-08-19T10:10:01.704694,2811,PDSCH,0x46,50,4587,6,0,,,,,,,,,,,
53,gnb1,2026-08-19T10:10:01.723438,2812,PUSCH,0x46,,,,,2,8,597,4,111.4,265,,,,,
53,gnb1,2026-08-19T10:10:01.723971,2812,PDSCH,0x46,50,4587,6,0,,,,,,,,,,,
53,gnb1,2026-08-19T10:10:01.724564,2813,BSR,0x46,,,,,,,,,,,,,,,0
53,gnb1,2026-08-19T10:10:01.724936,2813,PDSCH,0x46,12,903,6,0,,,,,,,,,,,
53,gnb1,2026-08-19T10:10:01.747378,2814,PDSCH,0x46,50,4587,6,0,,,,,,,,,,,
53,gnb1,2026-08-19T10:10:01.783218,2815,PDSCH,0x46,50,4587,6,0,,,,,,,,,,,
53,gnb1,2026-08-19T10:10:01.811907,2816,PDSCH,0x46,50,4587,6,0,,,,,,,,,,,
53,gnb1,2026-08-19T10:10:01.812548,2817,PDSCH,0x46,50,4587,6,0,,,,,,,,,,,
53,gnb1,2026-08-19T10:10:01.833607,2818,PDSCH,0x46,50,4587,6,0,,,,,,,,,,,
53,gnb1,2026-08-19T10:10:01.874245,2819,PDSCH,0x46,50,4587,6,0,,,,,,,,,,,
53,gnb1,2026-08-19T10:10:01.897373,2820,PDSCH,0x46,9,597,6,0,,,,,,,,,,,
53,gnb1,2026-08-19T10:10:01.919413,2821,PUSCH,0x46,,,,,10,14,871,4,104.5,433,,,,,
53,gnb1,2026-08-19T10:10:01.919444,2821,PHR,,,,,,,,,,,,,,,,
53,gnb1,2026-08-19T10:10:01.919482,2821,BSR,0x46,,,,,,,,,,,,,,,0
53,gnb1,2026-08-19T10:10:01.920333,2822,BSR,0x46,,,,,,,,,,,,,,,0
53,gnb1,2026-08-19T10:10:01.955224,2823,PDSCH,0x46,50,4587,6,0,,,,,,,,,,,
53,gnb1,2026-08-19T10:10:01.956201,2824,PDSCH,0x46,50,4587,6,0,,,,,,,,,,,
53,gnb1,2026-08-19T10:10:01.969462,2825,PDSCH,0x46,50,4587,6,0,,,,,,,,,,,
53,gnb1,2026-08-19T10:10:02.009681,2826,PDSCH,0x46,50,4587,6,0,,,,,,,,,,,
53,gnb1,2026-08-19T10:10:02.010752,2827,PDSCH,0x46,50,4587,6,0,,,,,,,,,,,
53,gnb1,2026-08-19T10:10:02.043231,2828,PDSCH,0x46,50,4587,6,0,,,,,,,,,,,
53,gnb1,2026-08-19T10:10:02.068583,2829,PUSCH,0x46,,,,,2,14,871,4,107.4,396,,,,,
53,gnb1,2026-08-19T10:10:02.068660,2829,BSR,0x46,,,,,,,,,,,,,,,0
53,gnb1,2026-08-19T10:10:02.069217,2829,PDSCH,0x46,50,4587,6,0,,,,,,,,,,,
53,gnb1,2026-08-19T10:10:02.069310,2830,PUSCH,0x46,,,,,2,3,217,4,117.9,121,,,,,
53,gnb1,2026-08-19T10:10:02.069372,2830,BSR,0x46,,,,,,,,,,,,,,,0
53,gnb1,2026-08-19T10:10:02.069893,2830,PDSCH,0x46,50,4587,6,0,,,,,,,,,,,
53,gnb1,2026-08-19T10:10:02.087791,2831,BSR,0x46,,,,,,,,,,,,,,,0
53,gnb1,2026-08-19T10:10:02.088488,2831,PDSCH,0x46,50,4587,6,0,,,,,,,,,,,
53,gnb1,2026-08-19T10:10:02.137043,2832,PDSCH,0x46,50,4587,6,0,,,,,,,,,,,
53,gnb1,2026-08-19T10:10:02.137983,2833,PDSCH,0x46,50,4587,6,0,,,,,,,,,,,
53,gnb1,2026-08-19T10:10:02.161717,2834,PDSCH,0x46,50,4587,6,0,,,,,,,,,,,
53,gnb1,2026-08-19T10:10:02.202080,2835,PDSCH,0x46,50,4587,6,0,,,,,,,,,,,
53,gnb1,2026-08-19T10:10:02.202972,2836,PDSCH,0x46,50,4587,6,0,,,,,,,,,,,
53,gnb1,2026-08-19T10:10:02.221066,2837,PUSCH,0x46,,,,,2,14,871,4,107.4,382,,,,,
53,gnb1,2026-08-19T10:10:02.221149,2837,BSR,0x46,,,,,,,,,,,,,,,0
53,gnb1,2026-08-19T10:10:02.221744,2837,PDSCH,0x46,50,4587,6,0,,,,,,,,,,,
53,gnb1,2026-08-19T10:10:02.261266,2838,PUSCH,0x46,,,,,2,7,501,4,114.2,219,,,,,
53,gnb1,2026-08-19T10:10:02.261347,2838,BSR,0x46,,,,,,,,,,,,,,,0
53,gnb1,2026-08-19T10:10:02.261965,2838,PDSCH,0x46,50,4587,6,0,,,,,,,,,,,
53,gnb1,2026-08-19T10:10:02.262247,2839,PUSCH,0x46,,,,,2,3,233,4,117.9,131,,,,,
53,gnb1,2026-08-19T10:10:02.262329,2839,BSR,0x46,,,,,,,,,,,,,,,0
53,gnb1,2026-08-19T10:10:02.262875,2839,PDSCH,0x46,50,4587,6,0,,,,,,,,,,,
53,gnb1,2026-08-19T10:10:02.281982,2840,BSR,0x46,,,,,,,,,,,,,,,0
53,gnb1,2026-08-19T10:10:02.282472,2840,PDSCH,0x46,50,4587,6,0,,,,,,,,,,,
53,gnb1,2026-08-19T10:10:02.318108,2841,PUCCH_CQI,0x46,,,,,,,,,,,111.8,15,2a,,
53,gnb1,2026-08-19T10:10:02.318616,2841,PDSCH,0x46,47,4395,6,0,,,,,,,,,,,
53,gnb1,2026-08-19T10:10:02.343387,2842,PDSCH,0x46,50,4587,6,0,,,,,,,,,,,
53,gnb1,2026-08-19T10:10:02.344179,2843,PDSCH,0x46,50,4587,6,0,,,,,,,,,,,
53,gnb1,2026-08-19T10:10:02.360682,2844,PDSCH,0x46,50,4587,6,0,,,,,,,,,,,
53,gnb1,2026-08-19T10:10:02.396653,2845,PUSCH,0x46,,,,,2,14,871,4,107.4,318,,,,,
53,gnb1,2026-08-19T10:10:02.396802,2845,BSR,0x46,,,,,,,,,,,,,,,0
53,gnb1,2026-08-19T10:10:02.397083,2845,PDSCH,0x46,6,469,6,0,,,,,,,,,,,
53,gnb1,2026-08-19T10:10:02.398037,2846,PUSCH,0x46,,,,,2,29,1908,4,107.3,664,,,,,
53,gnb1,2026-08-19T10:10:02.398075,2846,BSR,0x46,,,,,,,,,,,,,,,0
53,gnb1,2026-08-19T10:10:02.419581,2847,PUSCH,0x46,,,,,2,7,437,4,114.2,141,,,,,
53,gnb1,2026-08-19T10:10:02.419646,2847,BSR,0x46,,,,,,,,,,,,,,,0
53,gnb1,2026-08-19T10:10:02.420047,2847,PDSCH,0x46,50,4587,6,0,,,,,,,,,,,
53,gnb1,2026-08-19T10:10:02.464666,2848,PUSCH,0x46,,,,,2,3,217,4,117.9,93,,,,,
53,gnb1,2026-08-19T10:10:02.465111,2848,PDSCH,0x46,50,4587,6,0,,,,,,,,,,,
53,gnb1,2026-08-19T10:10:02.485473,2849,PDSCH,0x46,50,4587,6,0,,,,,,,,,,,
53,gnb1,2026-08-19T10:10:02.512796,2850,PDSCH,0x46,50,4587,6,0,,,,,,,,,,,
53,gnb1,2026-08-19T10:10:02.535610,2851,PDSCH,0x46,50,4587,6,0,,,,,,,,,,,
53,gnb1,2026-08-19T10:10:02.550698,2852,PDSCH,0x46,50,4587,6,0,,,,,,,,,,,
53,gnb1,2026-08-19T10:10:02.575592,2853,PUSCH,0x46,,,,,2,14,871,4,107.4,277,,,,,
53,gnb1,2026-08-19T10:10:02.576041,2853,PDSCH,0x46,50,4587,6,0,,,,,,,,,,,
53,gnb1,2026-08-19T10:10:02.577048,2854,PUSCH,0x46,,,,,2,35,2292,4,108.1,718,,,,,
53,gnb1,2026-08-19T10:10:02.577452,2854,PDSCH,0x46,50,4587,6,0,,,,,,,,,,,
53,gnb1,2026-08-19T10:10:02.597249,2855,PUSCH,0x46,,,,,2,8,573,4,111.4,286,,,,,
53,gnb1,2026-08-19T10:10:02.597833,2855,PDSCH,0x46,50,4587,6,0,,,,,,,,,,,
53,gnb1,2026-08-19T10:10:02.643804,2856,PDSCH,0x46,50,4587,6,0,,,,,,,,,,,
53,gnb1,2026-08-19T10:10:02.666315,2857,PDSCH,0x46,50,4587,6,0,,,,,,,,,,,
53,gnb1,2026-08-19T10:10:02.693889,2858,PDSCH,0x46,50,4587,6,0,,,,,,,,,,,
53,gnb1,2026-08-19T10:10:02.715270,2859,PDSCH,0x46,50,4587,6,0,,,,,,,,,,,
53,gnb1,2026-08-19T10:10:02.731436,2860,BSR,0x46,,,,,,,,,,,,,,,0
53,gnb1,2026-08-19T10:10:02.731871,2860,PDSCH,0x46,50,4587,6,0,,,,,,,,,,,
53,gnb1,2026-08-19T10:10:02.759712,2861,PDSCH,0x46,47,4395,6,0,,,,,,,,,,,
53,gnb1,2026-08-19T10:10:02.780009,2862,PDSCH,0x46,50,4587,6,0,,,,,,,,,,,
53,gnb1,2026-08-19T10:10:02.781053,2863,PDSCH,0x46,50,4587,6,0,,,,,,,,,,,
53,gnb1,2026-08-19T10:10:02.823538,2864,PDSCH,0x46,50,4587,6,0,,,,,,,,,,,
53,gnb1,2026-08-19T10:10:02.824685,2865,PDSCH,0x46,50,4587,6,0,,,,,,,,,,,
53,gnb1,2026-08-19T10:10:02.838942,2866,PDSCH,0x46,50,4587,6,0,,,,,,,,,,,
53,gnb1,2026-08-19T10:10:02.882330,2867,PDSCH,0x46,50,4587,6,0,,,,,,,,,,,
53,gnb1,2026-08-19T10:10:02.897250,2868,PUSCH,0x46,,,,,2,8,517,4,111.4,197,,,,,
53,gnb1,2026-08-19T10:10:02.897881,2868,PDSCH,0x46,50,4587,6,0,,,,,,,,,,,
53,gnb1,2026-08-19T10:10:02.898402,2869,BSR,0x46,,,,,,,,,,,,,,,0
53,gnb1,2026-08-19T10:10:02.898757,2869,PDSCH,0x46,50,4587,6,0,,,,,,,,,,,
53,gnb1,2026-08-19T10:10:02.915887,2870,PDSCH,0x46,50,4587,6,0,,,,,,,,,,,
53,gnb1,2026-08-19T10:10:02.955060,2871,PDSCH,0x46,50,4587,6,0,,,,,,,,,,,
53,gnb1,2026-08-19T10:10:02.971767,2872,PDSCH,0x46,50,4587,6,0,,,,,,,,,,,
53,gnb1,2026-08-19T10:10:02.972791,2873,PDSCH,0x46,50,4587,6,0,,,,,,,,,,,
53,gnb1,2026-08-19T10:10:03.020381,2874,PDSCH,0x46,50,4587,6,0,,,,,,,,,,,
53,gnb1,2026-08-19T10:10:03.050661,2875,PDSCH,0x46,50,4587,6,0,,,,,,,,,,,
53,gnb1,2026-08-19T10:10:03.051720,2876,PDSCH,0x46,50,4587,6,0,,,,,,,,,,,
53,gnb1,2026-08-19T10:10:03.082515,2877,PUSCH,0x46,,,,,2,23,1383,4,106.4,523,,,,,
53,gnb1,2026-08-19T10:10:03.082566,2877,PHR,,,,,,,,,,,,,,,,
53,gnb1,2026-08-19T10:10:03.082603,2877,BSR,0x46,,,,,,,,,,,,,,,0
53,gnb1,2026-08-19T10:10:03.083043,2877,PDSCH,0x46,50,4587,6,0,,,,,,,,,,,
53,gnb1,2026-08-19T10:10:03.083661,2878,PDSCH,0x46,50,4587,6,0,,,,,,,,,,,
53,gnb1,2026-08-19T10:10:03.107551,2879,BSR,0x46,,,,,,,,,,,,,,,0
53,gnb1,2026-08-19T10:10:03.108043,2879,PDSCH,0x46,50,4587,6,0,,,,,,,,,,,
53,gnb1,2026-08-19T10:10:03.140735,2880,PDSCH,0x46,50,4587,6,0,,,,,,,,,,,
53,gnb1,2026-08-19T10:10:03.166272,2881,PUCCH_CQI,0x46,,,,,,,,,,,111.8,15,2a,,
53,gnb1,2026-08-19T10:10:03.166873,2881,PDSCH,0x46,47,4395,6,0,,,,,,,,,,,
53,gnb1,2026-08-19T10:10:03.167787,2882,PDSCH,0x46,50,4587,6,0,,,,,,,,,,,
53,gnb1,2026-08-19T10:10:03.190751,2883,PDSCH,0x46,50,4587,6,0,,,,,,,,,,,
53,gnb1,2026-08-19T10:10:03.242727,2884,PDSCH,0x46,50,4587,6,0,,,,,,,,,,,
53,gnb1,2026-08-19T10:10:03.243670,2885,PUSCH,0x46,,,,,2,23,1383,4,106.4,534,,,,,
53,gnb1,2026-08-19T10:10:03.243741,2885,BSR,0x46,,,,,,,,,,,,,,,0
53,gnb1,2026-08-19T10:10:03.244247,2885,PDSCH,0x46,47,4395,6,0,,,,,,,,,,,
53,gnb1,2026-08-19T10:10:03.261000,2886,BSR,0x46,,,,,,,,,,,,,,,0
53,gnb1,2026-08-19T10:10:03.261443,2886,PDSCH,0x46,50,4587,6,0,,,,,,,,,,,
53,gnb1,2026-08-19T10:10:03.314341,2887,PUSCH,0x46,,,,,2,3,217,4,117.9,130,,,,,
53,gnb1,2026-08-19T10:10:03.314428,2887,BSR,0x46,,,,,,,,,,,,,,,0
53,gnb1,2026-08-19T10:10:03.314886,2887,PDSCH,0x46,50,4587,6,0,,,,,,,,,,,
53,gnb1,2026-08-19T10:10:03.315387,2888,BSR,0x46,,,,,,,,,,,,,,,0
53,gnb1,2026-08-19T10:10:03.315774,2888,PDSCH,0x46,50,4587,6,0,,,,,,,,,,,
53,gnb1,2026-08-19T10:10:03.349905,2889,PDSCH,0x46,50,4587,6,0,,,,,,,,,,,
53,gnb1,2026-08-19T10:10:03.395910,2890,PDSCH,0x46,50,4587,6,0,,,,,,,,,,,
53,gnb1,2026-08-19T10:10:03.415595,2891,PDSCH,0x46,50,4587,6,0,,,,,,,,,,,
53,gnb1,2026-08-19T10:10:03.440669,2892,PDSCH,0x46,50,4587,6,0,,,,,,,,,,,
53,gnb1,2026-08-19T10:10:03.470497,2893,PUSCH,0x46,,,,,2,23,1383,4,106.4,494,,,,,
53,gnb1,2026-08-19T10:10:03.470571,2893,BSR,0x46,,,,,,,,,,,,,,,0
53,gnb1,2026-08-19T10:10:03.471020,2893,PDSCH,0x46,50,4587,6,0,,,,,,,,,,,
53,gnb1,2026-08-19T10:10:03.471227,2894,PUSCH,0x46,,,,,2,3,249,4,117.9,130,,,,,
53,gnb1,2026-08-19T10:10:03.471281,2894,BSR,0x46,,,,,,,,,,,,,,,0
53,gnb1,2026-08-19T10:10:03.471733,2894,PDSCH,0x46,50,4587,6,0,,,,,,,,,,,
53,gnb1,2026-08-19T10:10:03.496999,2895,PUSCH,0x46,,,,,2,3,217,4,117.9,127,,,,,
53,gnb1,2026-08-19T10:10:03.497090,2895,BSR,0x46,,,,,,,,,,,,,,,0
53,gnb1,2026-08-19T10:10:03.497531,2895,PDSCH,0x46,47,4395,6,0,,,,,,,,,,,
53,gnb1,2026-08-19T10:10:03.548820,2896,PUSCH,0x46,,,,,2,4,293,4,117.9,158,,,,,
53,gnb1,2026-08-19T10:10:03.548904,2896,BSR,0x46,,,,,,,,,,,,,,,0
53,gnb1,2026-08-19T10:10:03.549441,2896,PDSCH,0x46,50,4587,6,0,,,,,,,,,,,
53,gnb1,2026-08-19T10:10:03.549995,2897,BSR,0x46,,,,,,,,,,,,,,,0
53,gnb1,2026-08-19T10:10:03.550567,2897,PDSCH,0x46,50,4587,6,0,,,,,,,,,,,
53,gnb1,2026-08-19T10:10:03.582505,2898,PDSCH,0x46,50,4587,6,0,,,,,,,,,,,
53,gnb1,2026-08-19T10:10:03.634643,2899,PDSCH,0x46,50,4587,6,0,,,,,,,,,,,
53,gnb1,2026-08-19T10:10:03.660891,2900,PDSCH,0x46,50,4587,6,0,,,,,,,,,,,
53,gnb1,2026-08-19T10:10:03.661832,2901,PUSCH,0x46,,,,,10,23,1383,4,106.6,545,,,,,
53,gnb1,2026-08-19T10:10:03.661933,2901,BSR,0x46,,,,,,,,,,,,,,,0
53,gnb1,2026-08-19T10:10:03.662440,2901,PDSCH,0x46,47,4395,6,0,,,,,,,,,,,
53,gnb1,2026-08-19T10:10:03.694685,2902,PUSCH,0x46,,,,,2,3,249,4,117.9,147,,,,,
53,gnb1,2026-08-19T10:10:03.694768,2902,BSR,0x46,,,,,,,,,,,,,,,0
53,gnb1,2026-08-19T10:10:03.695266,2902,PDSCH,0x46,50,4587,6,0,,,,,,,,,,,
53,gnb1,2026-08-19T10:10:03.695998,2903,PUSCH,0x46,,,,,2,11,749,4,108.5,338,,,,,
53,gnb1,2026-08-19T10:10:03.696056,2903,BSR,0x46,,,,,,,,,,,,,,,0
53,gnb1,2026-08-19T10:10:03.696635,2903,PDSCH,0x46,50,4587,6,0,,,,,,,,,,,
53,gnb1,2026-08-19T10:10:03.744612,2904,PUSCH,0x46,,,,,2,8,573,4,111.4,222,,,,,
53,gnb1,2026-08-19T10:10:03.745191,2904,PDSCH,0x46,50,4587,6,0,,,,,,,,,,,
53,gnb1,2026-08-19T10:10:03.745578,2905,PUSCH,0x46,,,,,2,3,217,4,118.0,97,,,,,
53,gnb1,2026-08-19T10:10:03.746080,2905,PDSCH,0x46,50,4587,6,0,,,,,,,,,,,
53,gnb1,2026-08-19T10:10:03.768261,2906,PDSCH,0x46,50,4587,6,0,,,,,,,,,,,
53,gnb1,2026-08-19T10:10:03.814718,2907,PDSCH,0x46,50,4587,6,0,,,,,,,,,,,
53,gnb1,2026-08-19T10:10:03.815932,2908,PDSCH,0x46,50,4587,6,0,,,,,,,,,,,
53,gnb1,2026-08-19T10:10:03.843812,2909,PUSCH,0x46,,,,,2,23,1383,4,106.4,374,,,,,
53,gnb1,2026-08-19T10:10:03.844312,2909,PDSCH,0x46,50,4587,6,0,,,,,,,,,,,
53,gnb1,2026-08-19T10:10:03.894014,2910,PUSCH,0x46,,,,,2,7,501,4,114.2,228,,,,,
53,gnb1,2026-08-19T10:10:03.894556,2910,PDSCH,0x46,50,4587,6,0,,,,,,,,,,,
53,gnb1,2026-08-19T10:10:03.895143,2911,PUSCH,0x46,,,,,10,14,999,4,104.5,259,,,,,
53,gnb1,2026-08-19T10:10:03.895609,2911,PDSCH,0x46,50,4587,6,0,,,,,,,,,,,
53,gnb1,2026-08-19T10:10:03.919379,2912,PDSCH,0x46,50,4587,6,0,,,,,,,,,,,
53,gnb1,2026-08-19T10:10:03.959779,2913,PDSCH,0x46,50,4587,6,0,,,,,,,,,,,
53,gnb1,2026-08-19T10:10:03.960773,2914,PDSCH,0x46,50,4587,6,0,,,,,,,,,,,
53,gnb1,2026-08-19T10:10:04.011222,2915,PDSCH,0x46,50,4587,6,0,,,,,,,,,,,
53,gnb1,2026-08-19T10:10:04.035801,2916,PDSCH,0x46,50,4587,6,0,,,,,,,,,,,
53,gnb1,2026-08-19T10:10:04.061991,2917,PDSCH,0x46,50,4587,6,0,,,,,,,,,,,
53,gnb1,2026-08-19T10:10:04.062787,2918,PDSCH,0x46,50,4587,6,0,,,,,,,,,,,
53,gnb1,2026-08-19T10:10:04.084980,2919,PDSCH,0x46,50,4587,6,0,,,,,,,,,,,
53,gnb1,2026-08-19T10:10:04.131225,2920,BSR,0x46,,,,,,,,,,,,,,,0
53,gnb1,2026-08-19T10:10:04.131837,2920,PDSCH,0x46,50,4587,6,0,,,,,,,,,,,
53,gnb1,2026-08-19T10:10:04.132061,2921,PUCCH_CQI,0x46,,,,,,,,,,,111.8,15,2a,,
53,gnb1,2026-08-19T10:10:04.132553,2921,PDSCH,0x46,47,4395,6,0,,,,,,,,,,,
53,gnb1,2026-08-19T10:10:04.155885,2922,PDSCH,0x46,50,4587,6,0,,,,,,,,,,,
53,gnb1,2026-08-19T10:10:04.196442,2923,PDSCH,0x46,50,4587,6,0,,,,,,,,,,,
53,gnb1,2026-08-19T10:10:04.197231,2924,PDSCH,0x46,50,4587,6,0,,,,,,,,,,,
53,gnb1,2026-08-19T10:10:04.219052,2925,PDSCH,0x46,50,4587,6,0,,,,,,,,,,,
53,gnb1,2026-08-19T10:10:04.257196,2926,PDSCH,0x46,50,4587,6,0,,,,,,,,,,,
53,gnb1,2026-08-19T10:10:04.257915,2927,PDSCH,0x46,50,4587,6,0,,,,,,,,,,,
53,gnb1,2026-08-19T10:10:04.286717,2928,PUSCH,0x46,,,,,2,8,517,4,111.4,196,,,,,
53,gnb1,2026-08-19T10:10:04.286722,2928,PHR,,,,,,,,,,,,,,,,
53,gnb1,2026-08-19T10:10:04.287241,2928,PDSCH,0x46,50,4587,6,0,,,,,,,,,,,
53,gnb1,2026-08-19T10:10:04.325905,2929,BSR,0x46,,,,,,,,,,,,,,,0
53,gnb1,2026-08-19T10:10:04.326526,2929,PDSCH,0x46,50,4587,6,0,,,,,,,,,,,
53,gnb1,2026-08-19T10:10:04.327391,2930,PDSCH,0x46,50,4587,6,0,,,,,,,,,,,
53,gnb1,2026-08-19T10:10:04.347242,2931,PDSCH,0x46,50,4587,6,0,,,,,,,,,,,
53,gnb1,2026-08-19T10:10:04.363145,2932,PDSCH,0x46,50,4587,6,0,,,,,,,,,,,
53,gnb1,2026-08-19T10:10:04.415696,2933,PDSCH,0x46,50,4587,6,0,,,,,,,,,,,
53,gnb1,2026-08-19T10:10:04.416537,2934,PDSCH,0x46,50,4587,6,0,,,,,,,,,,,
53,gnb1,2026-08-19T10:10:04.446468,2935,PDSCH,0x46,50,4587,6,0,,,,,,,,,,,
53,gnb1,2026-08-19T10:10:04.499640,2936,PDSCH,0x46,50,4587,6,0,,,,,,,,,,,
53,gnb1,2026-08-19T10:10:04.500781,2937,PUSCH,0x46,,,,,2,17,1143,4,106.8,647,,,,,
53,gnb1,2026-08-19T10:10:04.500880,2937,BSR,0x46,,,,,,,,,,,,,,,0
53,gnb1,2026-08-19T10:10:04.501367,2937,PDSCH,0x46,50,4587,6,0,,,,,,,,,,,
53,gnb1,2026-08-19T10:10:04.541105,2938,BSR,0x46,,,,,,,,,,,,,,,0
53,gnb1,2026-08-19T10:10:04.541587,2938,PDSCH,0x46,50,4587,6,0,,,,,,,,,,,
53,gnb1,2026-08-19T10:10:04.542529,2939,PDSCH,0x46,50,4587,6,0,,,,,,,,,,,
53,gnb1,2026-08-19T10:10:04.589272,2940,PDSCH,0x46,24,1836,6,0,,,,,,,,,,,
53,gnb1,2026-08-19T10:10:04.692126,2945,PUSCH,0x46,,,,,2,17,1143,4,106.8,415,,,,,
53,gnb1,2026-08-19T10:10:04.692187,2945,BSR,0x46,,,,,,,,,,,,,,,0
53,gnb1,2026-08-19T10:10:04.693141,2946,PUSCH,0x46,,,,,2,11,693,4,108.5,277,,,,,
53,gnb1,2026-08-19T10:10:04.693215,2946,BSR,0x46,,,,,,,,,,,,,,,0
53,gnb1,2026-08-19T10:10:04.735260,2947,BSR,0x46,,,,,,,,,,,,,,,0
53,gnb1,2026-08-19T10:10:04.735830,2947,PDSCH,0x46,50,4587,6,0,,,,,,,,,,,
53,gnb1,2026-08-19T10:10:04.736714,2948,PDSCH,0x46,50,4587,6,0,,,,,,,,,,,
53,gnb1,2026-08-19T10:10:04.754858,2949,PDSCH,0x46,50,4587,6,0,,,,,,,,,,,
53,gnb1,2026-08-19T10:10:04.805087,2950,PDSCH,0x46,50,4587,6,0,,,,,,,,,,,
53,gnb1,2026-08-19T10:10:04.825624,2951,PDSCH,0x46,50,4587,6,0,,,,,,,,,,,
53,gnb1,2026-08-19T10:10:04.847032,2952,PDSCH,0x46,50,4587,6,0,,,,,,,,,,,
53,gnb1,2026-08-19T10:10:04.865221,2953,PUSCH,0x46,,,,,2,17,1143,4,106.8,411,,,,,
53,gnb1,2026-08-19T10:10:04.865314,2953,BSR,0x46,,,,,,,,,,,,,,,0
53,gnb1,2026-08-19T10:10:04.865819,2953,PDSCH,0x46,50,4587,6,0,,,,,,,,,,,
53,gnb1,2026-08-19T10:10:04.866187,2954,PUSCH,0x46,,,,,2,14,935,4,107.4,351,,,,,
53,gnb1,2026-08-19T10:10:04.866601,2954,PDSCH,0x46,50,4587,6,0,,,,,,,,,,,
53,gnb1,2026-08-19T10:10:04.896816,2955,PUSCH,0x46,,,,,2,4,269,4,118.0,219,,,,,
53,gnb1,2026-08-19T10:10:04.897429,2955,PDSCH,0x46,50,4587,6,0,,,,,,,,,,,
53,gnb1,2026-08-19T10:10:04.943644,2956,PDSCH,0x46,50,4587,6,0,,,,,,,,,,,
53,gnb1,2026-08-19T10:10:04.944652,2957,PDSCH,0x46,50,4587,6,0,,,,,,,,,,,
53,gnb1,2026-08-19T10:10:05.000480,2958,PDSCH,0x46,50,4587,6,0,,,,,,,,,,,
53,gnb1,2026-08-19T10:10:05.001552,2959,PDSCH,0x46,50,4587,6,0,,,,,,,,,,,
53,gnb1,2026-08-19T10:10:05.038533,2960,PDSCH,0x46,50,4587,6,0,,,,,,,,,,,
53,gnb1,2026-08-19T10:10:05.063381,2961,PUSCH,0x46,,,,,10,17,1143,4,105.3,462,,,,,
53,gnb1,2026-08-19T10:10:05.063488,2961,BSR,0x46,,,,,,,,,,,,,,,0
53,gnb1,2026-08-19T10:10:05.064022,2961,PDSCH,0x46,47,4395,6,0,,,,,,,,,,,
53,gnb1,2026-08-19T10:10:05.064575,2962,PDSCH,0x46,50,4587,6,0,,,,,,,,,,,
53,gnb1,2026-08-19T10:10:05.081766,2963,PDSCH,0x46,50,4587,6,0,,,,,,,,,,,
53,gnb1,2026-08-19T10:10:05.129220,2964,PDSCH,0x46,50,4587,6,0,,,,,,,,,,,
53,gnb1,2026-08-19T10:10:05.130079,2965,PDSCH,0x46,50,4587,6,0,,,,,,,,,,,
53,gnb1,2026-08-19T10:10:05.148437,2966,PDSCH,0x46,50,4587,6,0,,,,,,,,,,,
53,gnb1,2026-08-19T10:10:05.189499,2967,PDSCH,0x46,50,4587,6,0,,,,,,,,,,,
53,gnb1,2026-08-19T10:10:05.190273,2968,PDSCH,0x46,50,4587,6,0,,,,,,,,,,,
53,gnb1,2026-08-19T10:10:05.214323,2969,PUSCH,0x46,,,,,2,8,517,4,111.4,213,,,,,
53,gnb1,2026-08-19T10:10:05.214828,2969,PDSCH,0x46,50,4587,6,0,,,,,,,,,,,
53,gnb1,2026-08-19T10:10:05.253723,2970,BSR,0x46,,,,,,,,,,,,,,,0
53,gnb1,2026-08-19T10:10:05.254221,2970,PDSCH,0x46,50,4587,6,0,,,,,,,,,,,
53,gnb1,2026-08-19T10:10:05.255318,2971,PDSCH,0x46,50,4587,6,0,,,,,,,,,,,
53,gnb1,2026-08-19T10:10:05.304582,2972,PDSCH,0x46,50,4587,6,0,,,,,,,,,,,
53,gnb1,2026-08-19T10:10:05.305572,2973,PDSCH,0x46,50,4587,6,0,,,,,,,,,,,
53,gnb1,2026-08-19T10:10:05.351983,2974,PDSCH,0x46,50,4587,6,0,,,,,,,,,,,
53,gnb1,2026-08-19T10:10:05.371121,2975,PDSCH,0x46,50,4587,6,0,,,,,,,,,,,
53,gnb1,2026-08-19T10:10:05.372104,2976,PDSCH,0x46,50,4587,6,0,,,,,,,,,,,
53,gnb1,2026-08-19T10:10:05.418502,2977,PDSCH,0x46,50,4587,6,0,,,,,,,,,,,
53,gnb1,2026-08-19T10:10:05.444231,2978,PUSCH,0x46,,,,,2,2,185,4,118.0,165,,,,,
53,gnb1,2026-08-19T10:10:05.444276,2978,PHR,,,,,,,,,,,,,,,,
53,gnb1,2026-08-19T10:10:05.444312,2978,BSR,0x46,,,,,,,,,,,,,,,0
53,gnb1,2026-08-19T10:10:05.444807,2978,PDSCH,0x46,50,4587,6,0,,,,,,,,,,,
53,gnb1,2026-08-19T10:10:05.445347,2979,BSR,0x46,,,,,,,,,,,,,,,0
53,gnb1,2026-08-19T10:10:05.445777,2979,PDSCH,0x46,50,4587,6,0,,,,,,,,,,,
53,gnb1,2026-08-19T10:10:05.490158,2980,PDSCH,0x46,50,4587,6,0,,,,,,,,,,,
53,gnb1,2026-08-19T10:10:05.514055,2981,PDSCH,0x46,47,4395,6,0,,,,,,,,,,,
53,gnb1,2026-08-19T10:10:05.533593,2982,PDSCH,0x46,50,4587,6,0,,,,,,,,,,,
53,gnb1,2026-08-19T10:10:05.562250,2983,PDSCH,0x46,50,4587,6,0,,,,,,,,,,,
53,gnb1,2026-08-19T10:10:05.563216,2984,PDSCH,0x46,50,4587,6,0,,,,,,,,,,,
53,gnb1,2026-08-19T10:10:05.606582,2985,PDSCH,0x46,50,4587,6,0,,,,,,,,,,,
53,gnb1,2026-08-19T10:10:05.631320,2986,PUSCH,0x46,,,,,2,2,185,4,117.9,141,,,,,
53,gnb1,2026-08-19T10:10:05.631428,2986,BSR,0x46,,,,,,,,,,,,,,,0
53,gnb1,2026-08-19T10:10:05.632001,2986,PDSCH,0x46,50,4587,6,0,,,,,,,,,,,
53,gnb1,2026-08-19T10:10:05.632320,2987,PUSCH,0x46,,,,,2,4,249,4,117.9,113,,,,,
53,gnb1,2026-08-19T10:10:05.632377,2987,BSR,0x46,,,,,,,,,,,,,,,0
53,gnb1,2026-08-19T10:10:05.632757,2987,PDSCH,0x46,50,4587,6,0,,,,,,,,,,,
53,gnb1,2026-08-19T10:10:05.648636,2988,BSR,0x46,,,,,,,,,,,,,,,0
53,gnb1,2026-08-19T10:10:05.649197,2988,PDSCH,0x46,50,4587,6,0,,,,,,,,,,,
53,gnb1,2026-08-19T10:10:05.695438,2989,PDSCH,0x46,50,4587,6,0,,,,,,,,,,,
53,gnb1,2026-08-19T10:10:05.696312,2990,PDSCH,0x46,50,4587,6,0,,,,,,,,,,,
53,gnb1,2026-08-19T10:10:05.712601,2991,PDSCH,0x46,50,4587,6,0,,,,,,,,,,,
53,gnb1,2026-08-19T10:10:05.756949,2992,PDSCH,0x46,50,4587,6,0,,,,,,,,,,,
53,gnb1,2026-08-19T10:10:05.757817,2993,PDSCH,0x46,50,4587,6,0,,,,,,,,,,,
53,gnb1,2026-08-19T10:10:05.785996,2994,PUSCH,0x46,,,,,2,3,193,4,117.9,121,,,,,
53,gnb1,2026-08-19T10:10:05.786084,2994,BSR,0x46,,,,,,,,,,,,,,,0
53,gnb1,2026-08-19T10:10:05.786729,2994,PDSCH,0x46,50,4587,6,0,,,,,,,,,,,
53,gnb1,2026-08-19T10:10:05.822618,2995,PUSCH,0x46,,,,,2,7,501,4,114.2,207,,,,,
53,gnb1,2026-08-19T10:10:05.822698,2995,BSR,0x46,,,,,,,,,,,,,,,0
53,gnb1,2026-08-19T10:10:05.823426,2995,PDSCH,0x46,50,4587,6,0,,,,,,,,,,,
53,gnb1,2026-08-19T10:10:05.823793,2996,PUSCH,0x46,,,,,2,14,871,4,107.4,275,,,,,
53,gnb1,2026-08-19T10:10:05.823858,2996,BSR,0x46,,,,,,,,,,,,,,,0
53,gnb1,2026-08-19T10:10:05.824089,2996,PDSCH,0x46,9,485,6,0,,,,,,,,,,,
53,gnb1,2026-08-19T10:10:05.850110,2997,BSR,0x46,,,,,,,,,,,,,,,0
53,gnb1,2026-08-19T10:10:05.850624,2997,PDSCH,0x46,50,4587,6,0,,,,,,,,,,,
53,gnb1,2026-08-19T10:10:05.893430,2998,PDSCH,0x46,50,4587,6,0,,,,,,,,,,,
53,gnb1,2026-08-19T10:10:05.913489,2999,PDSCH,0x46,50,4587,6,0,,,,,,,,,,,
53,gnb1,2026-08-19T10:10:05.929588,3000,PDSCH,0x46,50,4587,6,0,,,,,,,,,,,
53,gnb1,2026-08-19T10:10:05.930095,3001,PUCCH_CQI,0x46,,,,,,,,,,,111.8,15,2a,,
53,gnb1,2026-08-19T10:10:05.930759,3001,PDSCH,0x46,47,4395,6,0,,,,,,,,,,,
53,gnb1,2026-08-19T10:10:05.976151,3002,PUSCH,0x46,,,,,2,3,193,4,117.9,101,,,,,
53,gnb1,2026-08-19T10:10:05.976227,3002,BSR,0x46,,,,,,,,,,,,,,,0
53,gnb1,2026-08-19T10:10:05.976671,3002,PDSCH,0x46,50,4587,6,0,,,,,,,,,,,
53,gnb1,2026-08-19T10:10:06.002920,3003,PUSCH,0x46,,,,,2,17,1143,4,106.8,404,,,,,
53,gnb1,2026-08-19T10:10:06.003033,3003,BSR,0x46,,,,,,,,,,,,,,,0
53,gnb1,2026-08-19T10:10:06.003818,3003,PDSCH,0x46,50,4587,6,0,,,,,,,,,,,
53,gnb1,2026-08-19T10:10:06.004062,3004,PUSCH,0x46,,,,,2,17,1191,4,106.8,439,,,,,
53,gnb1,2026-08-19T10:10:06.004164,3004,BSR,0x46,,,,,,,,,,,,,,,71
53,gnb1,2026-08-19T10:10:06.004769,3004,PDSCH,0x46,50,4587,6,0,,,,,,,,,,,
53,gnb1,2026-08-19T10:10:06.024096,3005,PUSCH,0x46,,,,,2,3,233,4,118.0,131,,,,,
53,gnb1,2026-08-19T10:10:06.024679,3005,PDSCH,0x46,50,4587,6,0,,,,,,,,,,,
53,gnb1,2026-08-19T10:10:06.052833,3006,PDSCH,0x46,50,4587,6,0,,,,,,,,,,,
53,gnb1,2026-08-19T10:10:06.099083,3007,PDSCH,0x46,50,4587,6,0,,,,,,,,,,,
53,gnb1,2026-08-19T10:10:06.100197,3008,PDSCH,0x46,50,4587,6,0,,,,,,,,,,,
53,gnb1,2026-08-19T10:10:06.125897,3009,PDSCH,0x46,50,4587,6,0,,,,,,,,,,,
53,gnb1,2026-08-19T10:10:06.176459,3010,PUSCH,0x46,,,,,2,3,193,4,117.9,135,,,,,
53,gnb1,2026-08-19T10:10:06.177136,3010,PDSCH,0x46,50,4587,6,0,,,,,,,,,,,
53,gnb1,2026-08-19T10:10:06.178278,3011,PUSCH,0x46,,,,,10,23,1527,4,106.6,675,,,,,
53,gnb1,2026-08-19T10:10:06.178863,3011,PDSCH,0x46,50,4587,6,0,,,,,,,,,,,
53,gnb1,2026-08-19T10:10:06.201743,3012,PUSCH,0x46,,,,,2,19,1239,4,106.5,441,,,,,
53,gnb1,2026-08-19T10:10:06.202257,3012,PDSCH,0x46,50,4587,6,0,,,,,,,,,,,
53,gnb1,2026-08-19T10:10:06.252890,3013,PDSCH,0x46,50,4587,6,0,,,,,,,,,,,
53,gnb1,2026-08-19T10:10:06.253878,3014,PDSCH,0x46,50,4587,6,0,,,,,,,,,,,
53,gnb1,2026-08-19T10:10:06.271265,3015,PDSCH,0x46,50,4587,6,0,,,,,,,,,,,
53,gnb1,2026-08-19T10:10:06.317343,3016,PDSCH,0x46,50,4587,6,0,,,,,,,,,,,
53,gnb1,2026-08-19T10:10:06.343470,3017,PDSCH,0x46,50,4587,6,0,,,,,,,,,,,
53,gnb1,2026-08-19T10:10:06.344358,3018,PDSCH,0x46,50,4587,6,0,,,,,,,,,,,
53,gnb1,2026-08-19T10:10:06.360159,3019,PDSCH,0x46,50,4587,6,0,,,,,,,,,,,
53,gnb1,2026-08-19T10:10:06.399098,3020,BSR,0x46,,,,,,,,,,,,,,,0
53,gnb1,2026-08-19T10:10:06.399651,3020,PDSCH,0x46,50,4587,6,0,,,,,,,,,,,
53,gnb1,2026-08-19T10:10:06.400571,3021,PDSCH,0x46,47,4395,6,0,,,,,,,,,,,
53,gnb1,2026-08-19T10:10:06.420368,3022,PDSCH,0x46,50,4587,6,0,,,,,,,,,,,
53,gnb1,2026-08-19T10:10:06.462871,3023,PDSCH,0x46,50,4587,6,0,,,,,,,,,,,
53,gnb1,2026-08-19T10:10:06.463750,3024,PDSCH,0x46,50,4587,6,0,,,,,,,,,,,
53,gnb1,2026-08-19T10:10:06.483537,3025,PDSCH,0x46,50,4587,6,0,,,,,,,,,,,
53,gnb1,2026-08-19T10:10:06.538367,3026,PDSCH,0x46,50,4587,6,0,,,,,,,,,,,
53,gnb1,2026-08-19T10:10:06.539415,3027,PDSCH,0x46,50,4587,6,0,,,,,,,,,,,
53,gnb1,2026-08-19T10:10:06.567491,3028,PUSCH,0x46,,,,,2,8,517,4,111.4,192,,,,,
53,gnb1,2026-08-19T10:10:06.567583,3028,PHR,,,,,,,,,,,,,,,,
53,gnb1,2026-08-19T10:10:06.568074,3028,PDSCH,0x46,50,4587,6,0,,,,,,,,,,,
53,gnb1,2026-08-19T10:10:06.620716,3029,BSR,0x46,,,,,,,,,,,,,,,0
53,gnb1,2026-08-19T10:10:06.621404,3029,PDSCH,0x46,50,4587,6,0,,,,,,,,,,,
53,gnb1,2026-08-19T10:10:06.622205,3030,PDSCH,0x46,50,4587,6,0,,,,,,,,,,,
53,gnb1,2026-08-19T10:10:06.643838,3031,PDSCH,0x46,50,4587,6,0,,,,,,,,,,,
53,gnb1,2026-08-19T10:10:06.691320,3032,PDSCH,0x46,50,4587,6,0,,,,,,,,,,,
53,gnb1,2026-08-19T10:10:06.692512,3033,PDSCH,0x46,50,4587,6,0,,,,,,,,,,,
53,gnb1,2026-08-19T10:10:06.726430,3034,PDSCH,0x46,50,4587,6,0,,,,,,,,,,,
53,gnb1,2026-08-19T10:10:06.727164,3035,PDSCH,0x46,50,4587,6,0,,,,,,,,,,,
53,gnb1,2026-08-19T10:10:06.745825,3036,PDSCH,0x46,50,4587,6,0,,,,,,,,,,,
53,gnb1,2026-08-19T10:10:06.799057,3037,PUSCH,0x46,,,,,2,14,999,4,107.4,389,,,,,
53,gnb1,2026-08-19T10:10:06.799178,3037,BSR,0x46,,,,,,,,,,,,,,,0
53,gnb1,2026-08-19T10:10:06.799845,3037,PDSCH,0x46,50,4587,6,0,,,,,,,,,,,
53,gnb1,2026-08-19T10:10:06.799929,3038,BSR,0x46,,,,,,,,,,,,,,,0
53,gnb1,2026-08-19T10:10:06.800345,3038,PDSCH,0x46,50,4587,6,0,,,,,,,,,,,
53,gnb1,2026-08-19T10:10:06.826232,3039,PDSCH,0x46,50,4587,6,0,,,,,,,,,,,
53,gnb1,2026-08-19T10:10:06.845078,3040,PDSCH,0x46,50,4587,6,0,,,,,,,,,,,
53,gnb1,2026-08-19T10:10:06.894889,3041,PUCCH_CQI,0x46,,,,,,,,,,,111.8,15,2a,,
53,gnb1,2026-08-19T10:10:06.895508,3041,PDSCH,0x46,47,4395,6,0,,,,,,,,,,,
53,gnb1,2026-08-19T10:10:06.896554,3042,PDSCH,0x46,50,4587,6,0,,,,,,,,,,,
53,gnb1,2026-08-19T10:10:06.915509,3043,PDSCH,0x46,50,4587,6,0,,,,,,,,,,,
53,gnb1,2026-08-19T10:10:06.960318,3044,PDSCH,0x46,50,4587,6,0,,,,,,,,,,,
53,gnb1,2026-08-19T10:10:06.961112,3045,PUSCH,0x46,,,,,2,14,999,4,107.4,346,,,,,
53,gnb1,2026-08-19T10:10:06.961229,3045,BSR,0x46,,,,,,,,,,,,,,,0
53,gnb1,2026-08-19T10:10:06.961769,3045,PDSCH,0x46,47,4395,6,0,,,,,,,,,,,
53,gnb1,2026-08-19T10:10:07.008869,3046,PUSCH,0x46,,,,,2,3,233,4,117.9,134,,,,,
53,gnb1,2026-08-19T10:10:07.008951,3046,BSR,0x46,,,,,,,,,,,,,,,0
53,gnb1,2026-08-19T10:10:07.009422,3046,PDSCH,0x46,50,4587,6,0,,,,,,,,,,,
53,gnb1,2026-08-19T10:10:07.009970,3047,BSR,0x46,,,,,,,,,,,,,,,0
53,gnb1,2026-08-19T10:10:07.010449,3047,PDSCH,0x46,50,4587,6,0,,,,,,,,,,,
53,gnb1,2026-08-19T10:10:07.056268,3048,PDSCH,0x46,50,4587,6,0,,,,,,,,,,,
53,gnb1,2026-08-19T10:10:07.057128,3049,PDSCH,0x46,50,4587,6,0,,,,,,,,,,,
53,gnb1,2026-08-19T10:10:07.077006,3050,PDSCH,0x46,50,4587,6,0,,,,,,,,,,,
53,gnb1,2026-08-19T10:10:07.122531,3051,PDSCH,0x46,50,4587,6,0,,,,,,,,,,,
53,gnb1,2026-08-19T10:10:07.123625,3052,PDSCH,0x46,50,4587,6,0,,,,,,,,,,,
53,gnb1,2026-08-19T10:10:07.162469,3053,PUSCH,0x46,,,,,2,14,999,4,107.4,386,,,,,
53,gnb1,2026-08-19T10:10:07.162570,3053,BSR,0x46,,,,,,,,,,,,,,,0
53,gnb1,2026-08-19T10:10:07.163243,3053,PDSCH,0x46,50,4587,6,0,,,,,,,,,,,
53,gnb1,2026-08-19T10:10:07.163278,3054,PUSCH,0x46,,,,,2,8,573,4,111.4,249,,,,,
53,gnb1,2026-08-19T10:10:07.163392,3054,BSR,0x46,,,,,,,,,,,,,,,0
53,gnb1,2026-08-19T10:10:07.163883,3054,PDSCH,0x46,50,4587,6,0,,,,,,,,,,,
53,gnb1,2026-08-19T10:10:07.186110,3055,PUSCH,0x46,,,,,2,3,249,4,117.9,142,,,,,
53,gnb1,2026-08-19T10:10:07.186257,3055,BSR,0x46,,,,,,,,,,,,,,,0
53,gnb1,2026-08-19T10:10:07.186750,3055,PDSCH,0x46,47,4395,6,0,,,,,,,,,,,
53,gnb1,2026-08-19T10:10:07.230433,3056,BSR,0x46,,,,,,,,,,,,,,,0
53,gnb1,2026-08-19T10:10:07.231024,3056,PDSCH,0x46,50,4587,6,0,,,,,,,,,,,
53,gnb1,2026-08-19T10:10:07.231962,3057,PDSCH,0x46,50,4587,6,0,,,,,,,,,,,
53,gnb1,2026-08-19T10:10:07.254774,3058,PDSCH,0x46,50,4587,6,0,,,,,,,,,,,
53,gnb1,2026-08-19T10:10:07.300058,3059,PDSCH,0x46,50,4587,6,0,,,,,,,,,,,
53,gnb1,2026-08-19T10:10:07.301096,3060,PDSCH,0x46,50,4587,6,0,,,,,,,,,,,
53,gnb1,2026-08-19T10:10:07.321280,3061,PUSCH,0x46,,,,,10,14,999,4,104.5,323,,,,,
53,gnb1,2026-08-19T10:10:07.321374,3061,BSR,0x46,,,,,,,,,,,,,,,0
53,gnb1,2026-08-19T10:10:07.321868,3061,PDSCH,0x46,47,4395,6,0,,,,,,,,,,,
53,gnb1,2026-08-19T10:10:07.363775,3062,PUSCH,0x46,,,,,2,14,871,4,107.4,293,,,,,
53,gnb1,2026-08-19T10:10:07.364299,3062,PDSCH,0x46,50,4587,6,0,,,,,,,,,,,
53,gnb1,2026-08-19T10:10:07.364677,3063,PUSCH,0x46,,,,,2,7,469,4,114.2,178,,,,,
53,gnb1,2026-08-19T10:10:07.365167,3063,PDSCH,0x46,50,4587,6,0,,,,,,,,,,,
53,gnb1,2026-08-19T10:10:07.393028,3064,PUSCH,0x46,,,,,2,3,249,4,117.9,119,,,,,
53,gnb1,2026-08-19T10:10:07.393604,3064,PDSCH,0x46,50,4587,6,0,,,,,,,,,,,
53,gnb1,2026-08-19T10:10:07.439102,3065,PDSCH,0x46,50,4587,6,0,,,,,,,,,,,
53,gnb1,2026-08-19T10:10:07.440209,3066,PDSCH,0x46,50,4587,6,0,,,,,,,,,,,
53,gnb1,2026-08-19T10:10:07.480232,3067,PDSCH,0x46,50,4587,6,0,,,,,,,,,,,
53,gnb1,2026-08-19T10:10:07.497865,3068,PDSCH,0x46,50,4587,6,0,,,,,,,,,,,
53,gnb1,2026-08-19T10:10:07.520041,3069,PUSCH,0x46,,,,,2,14,999,4,107.4,320,,,,,
53,gnb1,2026-08-19T10:10:07.520573,3069,PDSCH,0x46,50,4587,6,0,,,,,,,,,,,
53,gnb1,2026-08-19T10:10:07.521379,3070,PDSCH,0x46,50,4587,6,0,,,,,,,,,,,
53,gnb1,2026-08-19T10:10:07.540528,3071,PDSCH,0x46,50,4587,6,0,,,,,,,,,,,
53,gnb1,2026-08-19T10:10:07.577796,3072,PDSCH,0x46,50,4587,6,0,,,,,,,,,,,
53,gnb1,2026-08-19T10:10:07.578882,3073,PDSCH,0x46,50,4587,6,0,,,,,,,,,,,
53,gnb1,2026-08-19T10:10:07.619958,3074,PDSCH,0x46,50,4587,6,0,,,,,,,,,,,
53,gnb1,2026-08-19T10:10:07.620922,3075,PDSCH,0x46,50,4587,6,0,,,,,,,,,,,
53,gnb1,2026-08-19T10:10:07.668167,3076,PDSCH,0x46,50,4587,6,0,,,,,,,,,,,
53,gnb1,2026-08-19T10:10:07.683811,3077,PDSCH,0x46,50,4587,6,0,,,,,,,,,,,
53,gnb1,2026-08-19T10:10:07.684686,3078,PDSCH,0x46,50,4587,6,0,,,,,,,,,,,
53,gnb1,2026-08-19T10:10:07.743956,3079,PDSCH,0x46,50,4587,6,0,,,,,,,,,,,
53,gnb1,2026-08-19T10:10:07.744545,3080,BSR,0x46,,,,,,,,,,,,,,,0
53,gnb1,2026-08-19T10:10:07.745037,3080,PDSCH,0x46,50,4587,6,0,,,,,,,,,,,
53,gnb1,2026-08-19T10:10:07.761302,3081,PUCCH_CQI,0x46,,,,,,,,,,,111.8,15,2a,,
53,gnb1,2026-08-19T10:10:07.761804,3081,PDSCH,0x46,47,4395,6,0,,,,,,,,,,,
53,gnb1,2026-08-19T10:10:07.804406,3082,PDSCH,0x46,50,4587,6,0,,,,,,,,,,,
53,gnb1,2026-08-19T10:10:07.805482,3083,PDSCH,0x46,50,4587,6,0,,,,,,,,,,,
53,gnb1,2026-08-19T10:10:07.843623,3084,PDSCH,0x46,50,4587,6,0,,,,,,,,,,,
53,gnb1,2026-08-19T10:10:07.861869,3085,PDSCH,0x46,50,4587,6,0,,,,,,,,,,,
53,gnb1,2026-08-19T10:10:07.880459,3086,PDSCH,0x46,27,2052,6,0,,,,,,,,,,,
53,gnb1,2026-08-19T10:10:07.923559,3088,PUSCH,0x46,,,,,2,8,517,4,111.4,188,,,,,
53,gnb1,2026-08-19T10:10:07.923671,3088,PHR,,,,,,,,,,,,,,,,
53,gnb1,2026-08-19T10:10:07.957329,3089,BSR,0x46,,,,,,,,,,,,,,,0
53,gnb1,2026-08-19T10:10:07.957875,3089,PDSCH,0x46,50,4587,6,0,,,,,,,,,,,
53,gnb1,2026-08-19T10:10:07.958984,3090,PDSCH,0x46,50,4587,6,0,,,,,,,,,,,
53,gnb1,2026-08-19T10:10:07.999912,3091,PDSCH,0x46,27,2124,6,0,,,,,,,,,,,
53,gnb1,2026-08-19T10:10:08.135624,3097,PUSCH,0x46,,,,,2,29,1908,4,107.3,609,,,,,
53,gnb1,2026-08-19T10:10:08.135670,3097,BSR,0x46,,,,,,,,,,,,,,,0
53,gnb1,2026-08-19T10:10:08.136145,3098,BSR,0x46,,,,,,,,,,,,,,,0
53,gnb1,2026-08-19T10:10:08.160649,3099,PDSCH,0x46,3,7,2,0,,,,,,,,,,,
53,gnb1,2026-08-19T10:10:08.308427,3105,PUSCH,0x46,,,,,2,29,1908,4,107.3,668,,,,,
53,gnb1,2026-08-19T10:10:08.308537,3105,BSR,0x46,,,,,,,,,,,,,,,0
53,gnb1,2026-08-19T10:10:08.309153,3106,PUSCH,0x46,,,,,2,15,1063,4,107.1,390,,,,,
53,gnb1,2026-08-19T10:10:08.309200,3106,BSR,0x46,,,,,,,,,,,,,,,0
53,gnb1,2026-08-19T10:10:08.325983,3107,BSR,0x46,,,,,,,,,,,,,,,0
53,gnb1,2026-08-19T10:10:08.326501,3107,PDSCH,0x46,50,4587,6,0,,,,,,,,,,,
53,gnb1,2026-08-19T10:10:08.343563,3108,PDSCH,0x46,50,4587,6,0,,,,,,,,,,,
53,gnb1,2026-08-19T10:10:08.392786,3109,PDSCH,0x46,50,4587,6,0,,,,,,,,,,,
53,gnb1,2026-08-19T10:10:08.412312,3110,PDSCH,0x46,50,4587,6,0,,,,,,,,,,,
53,gnb1,2026-08-19T10:10:08.431207,3111,PDSCH,0x46,50,4587,6,0,,,,,,,,,,,
53,gnb1,2026-08-19T10:10:08.455058,3112,PDSCH,0x46,50,4587,6,0,,,,,,,,,,,
53,gnb1,2026-08-19T10:10:08.472000,3113,PUSCH,0x46,,,,,2,29,1908,4,107.3,700,,,,,
53,gnb1,2026-08-19T10:10:08.472088,3113,BSR,0x46,,,,,,,,,,,,,,,0
53,gnb1,2026-08-19T10:10:08.472520,3113,PDSCH,0x46,50,4587,6,0,,,,,,,,,,,
53,gnb1,2026-08-19T10:10:08.472787,3114,PUSCH,0x46,,,,,2,23,1527,4,106.4,486,,,,,
53,gnb1,2026-08-19T10:10:08.472838,3114,BSR,0x46,,,,,,,,,,,,,,,0
53,gnb1,2026-08-19T10:10:08.473118,3114,PDSCH,0x46,21,1620,6,0,,,,,,,,,,,
53,gnb1,2026-08-19T10:10:08.498876,3115,PUSCH,0x46,,,,,2,3,249,4,118.0,139,,,,,
53,gnb1,2026-08-19T10:10:08.499496,3115,PDSCH,0x46,50,4587,6,0,,,,,,,,,,,
53,gnb1,2026-08-19T10:10:08.541359,3116,PDSCH,0x46,50,4587,6,0,,,,,,,,,,,
53,gnb1,2026-08-19T10:10:08.542393,3117,PDSCH,0x46,50,4587,6,0,,,,,,,,,,,
53,gnb1,2026-08-19T10:10:08.560015,3118,PDSCH,0x46,50,4587,6,0,,,,,,,,,,,
53,gnb1,2026-08-19T10:10:08.600220,3119,PDSCH,0x46,50,4587,6,0,,,,,,,,,,,
53,gnb1,2026-08-19T10:10:08.619320,3120,PDSCH,0x46,50,4587,6,0,,,,,,,,,,,
53,gnb1,2026-08-19T10:10:08.620416,3121,PUSCH,0x46,,,,,10,29,1908,4,107.5,583,,,,,
53,gnb1,2026-08-19T10:10:08.620901,3121,PDSCH,0x46,47,4395,6,0,,,,,,,,,,,
53,gnb1,2026-08-19T10:10:08.640541,3122,PUSCH,0x46,,,,,2,29,1908,4,107.4,730,,,,,
53,gnb1,2026-08-19T10:10:08.640632,3122,BSR,0x46,,,,,,,,,,,,,,,0
53,gnb1,2026-08-19T10:10:08.641047,3122,PDSCH,0x46,50,4587,6,0,,,,,,,,,,,
53,gnb1,2026-08-19T10:10:08.675085,3123,PDSCH,0x46,50,4587,6,0,,,,,,,,,,,
53,gnb1,2026-08-19T10:10:08.675861,3124,PDSCH,0x46,50,4587,6,0,,,,,,,,,,,
53,gnb1,2026-08-19T10:10:08.691415,3125,PDSCH,0x46,50,4587,6,0,,,,,,,,,,,
53,gnb1,2026-08-19T10:10:08.729860,3126,PDSCH,0x46,50,4587,6,0,,,,,,,,,,,
53,gnb1,2026-08-19T10:10:08.748892,3127,PDSCH,0x46,50,4587,6,0,,,,,,,,,,,
53,gnb1,2026-08-19T10:10:08.749939,3128,PDSCH,0x46,50,4587,6,0,,,,,,,,,,,
53,gnb1,2026-08-19T10:10:08.765373,3129,PDSCH,0x46,50,4587,6,0,,,,,,,,,,,
53,gnb1,2026-08-19T10:10:08.800756,3130,PUSCH,0x46,,,,,2,8,517,4,111.4,207,,,,,
53,gnb1,2026-08-19T10:10:08.801474,3130,PDSCH,0x46,50,4587,6,0,,,,,,,,,,,
53,gnb1,2026-08-19T10:10:08.801857,3131,BSR,0x46,,,,,,,,,,,,,,,0
53,gnb1,2026-08-19T10:10:08.802255,3131,PDSCH,0x46,50,4587,6,0,,,,,,,,,,,
53,gnb1,2026-08-19T10:10:08.826164,3132,PDSCH,0x46,50,4587,6,0,,,,,,,,,,,
53,gnb1,2026-08-19T10:10:08.868873,3133,PDSCH,0x46,50,4587,6,0,,,,,,,,,,,
53,gnb1,2026-08-19T10:10:08.894337,3134,PDSCH,0x46,50,4587,6,0,,,,,,,,,,,
53,gnb1,2026-08-19T10:10:08.894923,3135,PDSCH,0x46,50,4587,6,0,,,,,,,,,,,
53,gnb1,2026-08-19T10:10:08.920701,3136,PDSCH,0x46,50,4587,6,0,,,,,,,,,,,
53,gnb1,2026-08-19T10:10:08.967491,3137,PDSCH,0x46,50,4587,6,0,,,,,,,,,,,
53,gnb1,2026-08-19T10:10:08.988965,3138,PDSCH,0x46,39,2961,6,0,,,,,,,,,,,
53,gnb1,2026-08-19T10:10:08.989591,3139,PUSCH,0x46,,,,,2,7,389,4,114.2,208,,,,,
53,gnb1,2026-08-19T10:10:08.989597,3139,PHR,,,,,,,,,,,,,,,,
53,gnb1,2026-08-19T10:10:08.989637,3139,BSR,0x46,,,,,,,,,,,,,,,0
53,gnb1,2026-08-19T10:10:09.036594,3140,BSR,0x46,,,,,,,,,,,,,,,0
53,gnb1,2026-08-19T10:10:09.037181,3140,PDSCH,0x46,50,4587,6,0,,,,,,,,,,,
53,gnb1,2026-08-19T10:10:09.038020,3141,PDSCH,0x46,47,4395,6,0,,,,,,,,,,,
53,gnb1,2026-08-19T10:10:09.064379,3142,PDSCH,0x46,50,4587,6,0,,,,,,,,,,,
53,gnb1,2026-08-19T10:10:09.109243,3143,PDSCH,0x46,24,1908,6,0,,,,,,,,,,,
53,gnb1,2026-08-19T10:10:09.197795,3147,PUSCH,0x46,,,,,2,7,389,4,114.2,179,,,,,
53,gnb1,2026-08-19T10:10:09.197846,3147,BSR,0x46,,,,,,,,,,,,,,,0
53,gnb1,2026-08-19T10:10:09.215480,3148,PUSCH,0x46,,,,,2,4,249,4,118.0,153,,,,,
53,gnb1,2026-08-19T10:10:09.215564,3148,BSR,0x46,,,,,,,,,,,,,,,0
53,gnb1,2026-08-19T10:10:09.216013,3148,PDSCH,0x46,50,4587,6,0,,,,,,,,,,,
53,gnb1,2026-08-19T10:10:09.216529,3149,BSR,0x46,,,,,,,,,,,,,,,0
53,gnb1,2026-08-19T10:10:09.217041,3149,PDSCH,0x46,50,4587,6,0,,,,,,,,,,,
53,gnb1,2026-08-19T10:10:09.246346,3150,PDSCH,0x46,50,4587,6,0,,,,,,,,,,,
53,gnb1,2026-08-19T10:10:09.286444,3151,PDSCH,0x46,50,4587,6,0,,,,,,,,,,,
53,gnb1,2026-08-19T10:10:09.312983,3152,PDSCH,0x46,50,4587,6,0,,,,,,,,,,,
53,gnb1,2026-08-19T10:10:09.338908,3153,PDSCH,0x46,48,3822,6,0,,,,,,,,,,,
53,gnb1,2026-08-19T10:10:09.383419,3155,PUSCH,0x46,,,,,2,7,389,4,114.2,175,,,,,
53,gnb1,2026-08-19T10:10:09.383484,3155,BSR,0x46,,,,,,,,,,,,,,,0
53,gnb1,2026-08-19T10:10:09.402801,3156,PUSCH,0x46,,,,,2,8,517,4,111.4,205,,,,,
53,gnb1,2026-08-19T10:10:09.402891,3156,BSR,0x46,,,,,,,,,,,,,,,0
53,gnb1,2026-08-19T10:10:09.433863,3157,PUSCH,0x46,,,,,2,3,249,4,117.9,109,,,,,
53,gnb1,2026-08-19T10:10:09.433950,3157,BSR,0x46,,,,,,,,,,,,,,,0
53,gnb1,2026-08-19T10:10:09.434427,3157,PDSCH,0x46,50,4587,6,0,,,,,,,,,,,
53,gnb1,2026-08-19T10:10:09.434912,3158,BSR,0x46,,,,,,,,,,,,,,,0
53,gnb1,2026-08-19T10:10:09.435455,3158,PDSCH,0x46,50,4587,6,0,,,,,,,,,,,
53,gnb1,2026-08-19T10:10:09.460006,3159,PDSCH,0x46,50,4587,6,0,,,,,,,,,,,
53,gnb1,2026-08-19T10:10:09.484448,3160,PDSCH,0x46,50,4587,6,0,,,,,,,,,,,
53,gnb1,2026-08-19T10:10:09.536303,3161,PUCCH_CQI,0x46,,,,,,,,,,,111.8,15,2a,,
53,gnb1,2026-08-19T10:10:09.578429,3163,PUSCH,0x46,,,,,2,7,389,4,114.2,198,,,,,
53,gnb1,2026-08-19T10:10:09.578502,3163,BSR,0x46,,,,,,,,,,,,,,,0
53,gnb1,2026-08-19T10:10:09.601841,3164,PUSCH,0x46,,,,,2,23,1527,4,106.4,431,,,,,
53,gnb1,2026-08-19T10:10:09.601919,3164,BSR,0x46,,,,,,,,,,,,,,,0
53,gnb1,2026-08-19T10:10:09.602547,3164,PDSCH,0x46,50,4587,6,0,,,,,,,,,,,
53,gnb1,2026-08-19T10:10:09.602772,3165,PUSCH,0x46,,,,,2,7,501,4,114.2,277,,,,,
53,gnb1,2026-08-19T10:10:09.603320,3165,PDSCH,0x46,50,4587,6,0,,,,,,,,,,,
53,gnb1,2026-08-19T10:10:09.619411,3166,PUSCH,0x46,,,,,2,3,233,4,117.9,112,,,,,
53,gnb1,2026-08-19T10:10:09.620019,3166,PDSCH,0x46,50,4587,6,0,,,,,,,,,,,
53,gnb1,2026-08-19T10:10:09.656982,3167,PDSCH,0x46,50,4587,6,0,,,,,,,,,,,
53,gnb1,2026-08-19T10:10:09.658100,3168,PDSCH,0x46,50,4587,6,0,,,,,,,,,,,
53,gnb1,2026-08-19T10:10:09.699693,3169,PDSCH,0x46,50,4587,6,0,,,,,,,,,,,
53,gnb1,2026-08-19T10:10:09.717908,3170,PDSCH,0x46,50,4587,6,0,,,,,,,,,,,
53,gnb1,2026-08-19T10:10:09.742047,3171,PUSCH,0x46,,,,,10,7,389,4,104.5,193,,,,,
53,gnb1,2026-08-19T10:10:09.742661,3171,PDSCH,0x46,50,4587,6,0,,,,,,,,,,,
53,gnb1,2026-08-19T10:10:09.743015,3172,PUSCH,0x46,,,,,2,7,437,4,114.2,138,,,,,
53,gnb1,2026-08-19T10:10:09.743074,3172,BSR,0x46,,,,,,,,,,,,,,,0
53,gnb1,2026-08-19T10:10:09.743522,3172,PDSCH,0x46,50,4587,6,0,,,,,,,,,,,
53,gnb1,2026-08-19T10:10:09.765883,3173,PDSCH,0x46,50,4587,6,0,,,,,,,,,,,
53,gnb1,2026-08-19T10:10:09.810880,3174,PDSCH,0x46,50,4587,6,0,,,,,,,,,,,
53,gnb1,2026-08-19T10:10:09.811793,3175,PDSCH,0x46,50,4587,6,0,,,,,,,,,,,
53,gnb1,2026-08-19T10:10:09.837815,3176,PDSCH,0x46,50,4587,6,0,,,,,,,,,,,
53,gnb1,2026-08-19T10:10:09.876855,3177,PDSCH,0x46,50,4587,6,0,,,,,,,,,,,
53,gnb1,2026-08-19T10:10:09.877618,3178,PDSCH,0x46,50,4587,6,0,,,,,,,,,,,
53,gnb1,2026-08-19T10:10:09.894939,3179,PDSCH,0x46,21,1527,6,0,,,,,,,,,,,
53,gnb1,2026-08-19T10:10:09.937941,3180,PUSCH,0x46,,,,,2,0,41,4,117.8,175,,,,,
53,gnb1,2026-08-19T10:10:09.958090,3181,BSR,0x46,,,,,,,,,,,,,,,0
53,gnb1,2026-08-19T10:10:10.140573,3189,PUSCH,0x46,,,,,2,14,871,4,107.4,274,,,,,
53,gnb1,2026-08-19T10:10:10.140634,3189,BSR,0x46,,,,,,,,,,,,,,,0
53,gnb1,2026-08-19T10:10:10.140668,3189,PHR,,,,,,,,,,,,,,,,
53,gnb1,2026-08-19T10:10:10.156556,3190,BSR,0x46,,,,,,,,,,,,,,,0
53,gnb1,2026-08-19T10:10:10.156987,3190,PDSCH,0x46,50,4587,6,0,,,,,,,,,,,
53,gnb1,2026-08-19T10:10:10.180908,3191,PDSCH,0x46,50,4587,6,0,,,,,,,,,,,
53,gnb1,2026-08-19T10:10:10.199279,3192,PDSCH,0x46,50,4587,6,0,,,,,,,,,,,
53,gnb1,2026-08-19T10:10:10.221208,3193,PDSCH,0x46,50,4587,6,0,,,,,,,,,,,
53,gnb1,2026-08-19T10:10:10.243436,3194,PDSCH,0x46,50,4587,6,0,,,,,,,,,,,
53,gnb1,2026-08-19T10:10:10.265827,3195,PDSCH,0x46,50,4587,6,0,,,,,,,,,,,
53,gnb1,2026-08-19T10:10:10.290827,3196,PDSCH,0x46,45,3422,6,0,,,,,,,,,,,
53,gnb1,2026-08-19T10:10:10.307066,3197,PUSCH,0x46,,,,,2,14,871,4,107.4,275,,,,,
53,gnb1,2026-08-19T10:10:10.307118,3197,BSR,0x46,,,,,,,,,,,,,,,0
53,gnb1,2026-08-19T10:10:10.332471,3198,PUSCH,0x46,,,,,2,3,217,4,117.9,105,,,,,
53,gnb1,2026-08-19T10:10:10.333033,3198,PDSCH,0x46,50,4587,6,0,,,,,,,,,,,
53,gnb1,2026-08-19T10:10:10.334008,3199,PDSCH,0x46,50,4587,6,0,,,,,,,,,,,
53,gnb1,2026-08-19T10:10:10.372974,3200,PDSCH,0x46,50,4587,6,0,,,,,,,,,,,
53,gnb1,2026-08-19T10:10:10.373529,3201,PUCCH_CQI,0x46,,,,,,,,,,,111.8,15,2a,,
53,gnb1,2026-08-19T10:10:10.374021,3201,PDSCH,0x46,47,4395,6,0,,,,,,,,,,,
53,gnb1,2026-08-19T10:10:10.412136,3202,PDSCH,0x46,50,4587,6,0,,,,,,,,,,,
53,gnb1,2026-08-19T10:10:10.451986,3205,PUSCH,0x46,,,,,2,14,871,4,107.4,258,,,,,
53,gnb1,2026-08-19T10:10:10.452055,3205,BSR,0x46,,,,,,,,,,,,,,,0
53,gnb1,2026-08-19T10:10:10.492539,3206,PDSCH,0x46,50,4587,6,0,,,,,,,,,,,
53,gnb1,2026-08-19T10:10:10.493330,3207,PDSCH,0x46,50,4587,6,0,,,,,,,,,,,
53,gnb1,2026-08-19T10:10:10.508640,3208,PDSCH,0x46,50,4587,6,0,,,,,,,,,,,
53,gnb1,2026-08-19T10:10:10.554708,3209,PDSCH,0x46,50,4587,6,0,,,,,,,,,,,
53,gnb1,2026-08-19T10:10:10.555594,3210,PDSCH,0x46,50,4587,6,0,,,,,,,,,,,
53,gnb1,2026-08-19T10:10:10.572234,3211,PDSCH,0x46,15,999,6,0,,,,,,,,,,,
53,gnb1,2026-08-19T10:10:10.639476,3213,PUSCH,0x46,,,,,2,8,517,4,111.4,181,,,,,
53,gnb1,2026-08-19T10:10:10.655808,3214,BSR,0x46,,,,,,,,,,,,,,,0
53,gnb1,2026-08-19T10:10:10.656301,3214,PDSCH,0x46,50,4587,6,0,,,,,,,,,,,
53,gnb1,2026-08-19T10:10:10.657314,3215,PDSCH,0x46,47,4395,6,0,,,,,,,,,,,
53,gnb1,2026-08-19T10:10:10.708176,3216,PDSCH,0x46,50,4587,6,0,,,,,,,,,,,
53,gnb1,2026-08-19T10:10:10.708983,3217,PDSCH,0x46,42,3302,6,0,,,,,,,,,,,
53,gnb1,2026-08-19T10:10:10.853252,3222,PUSCH,0x46,,,,,2,7,389,4,114.2,165,,,,,
53,gnb1,2026-08-19T10:10:10.853304,3222,BSR,0x46,,,,,,,,,,,,,,,0
53,gnb1,2026-08-19T10:10:10.875877,3223,BSR,0x46,,,,,,,,,,,,,,,0
53,gnb1,2026-08-19T10:10:10.876351,3223,PDSCH,0x46,50,4587,6,0,,,,,,,,,,,
53,gnb1,2026-08-19T10:10:10.877345,3224,PDSCH,0x46,50,3963,6,0,,,,,,,,,,,
53,gnb1,2026-08-19T10:10:11.032514,3230,PUSCH,0x46,,,,,2,7,389,4,114.2,207,,,,,
53,gnb1,2026-08-19T10:10:11.032575,3230,BSR,0x46,,,,,,,,,,,,,,,0
53,gnb1,2026-08-19T10:10:11.055460,3231,PUSCH,0x46,,,,,10,4,249,4,104.5,119,,,,,
53,gnb1,2026-08-19T10:10:11.055534,3231,BSR,0x46,,,,,,,,,,,,,,,0
53,gnb1,2026-08-19T10:10:11.055988,3231,PDSCH,0x46,50,4587,6,0,,,,,,,,,,,
53,gnb1,2026-08-19T10:10:11.078242,3232,BSR,0x46,,,,,,,,,,,,,,,0
53,gnb1,2026-08-19T10:10:11.078726,3232,PDSCH,0x46,50,4587,6,0,,,,,,,,,,,
53,gnb1,2026-08-19T10:10:11.079662,3233,PDSCH,0x46,50,4587,6,0,,,,,,,,,,,
53,gnb1,2026-08-19T10:10:11.116993,3234,PDSCH,0x46,50,4587,6,0,,,,,,,,,,,
53,gnb1,2026-08-19T10:10:11.139704,3235,PDSCH,0x46,50,4587,6,0,,,,,,,,,,,
53,gnb1,2026-08-19T10:10:11.204638,3238,PUSCH,0x46,,,,,2,7,389,4,114.2,196,,,,,
53,gnb1,2026-08-19T10:10:11.204730,3238,BSR,0x46,,,,,,,,,,,,,,,0
53,gnb1,2026-08-19T10:10:11.228547,3239,PUSCH,0x46,,,,,2,8,517,4,111.4,196,,,,,
53,gnb1,2026-08-19T10:10:11.228549,3239,PHR,,,,,,,,,,,,,,,,
53,gnb1,2026-08-19T10:10:11.229023,3239,PDSCH,0x46,50,4587,6,0,,,,,,,,,,,
53,gnb1,2026-08-19T10:10:11.229612,3240,PUSCH,0x46,,,,,2,3,249,4,117.9,161,,,,,
53,gnb1,2026-08-19T10:10:11.230374,3240,PDSCH,0x46,50,4587,6,0,,,,,,,,,,,
53,gnb1,2026-08-19T10:10:11.273266,3241,PUCCH_CQI,0x46,,,,,,,,,,,111.8,15,2a,,
53,gnb1,2026-08-19T10:10:11.273793,3241,PDSCH,0x46,47,4395,6,0,,,,,,,,,,,
53,gnb1,2026-08-19T10:10:11.274787,3242,PDSCH,0x46,50,4587,6,0,,,,,,,,,,,
53,gnb1,2026-08-19T10:10:11.306734,3243,PDSCH,0x46,21,1527,6,0,,,,,,,,,,,
53,gnb1,2026-08-19T10:10:11.370768,3246,PUSCH,0x46,,,,,2,7,389,4,114.2,159,,,,,
53,gnb1,2026-08-19T10:10:11.395370,3247,BSR,0x46,,,,,,,,,,,,,,,0
53,gnb1,2026-08-19T10:10:11.395816,3247,PDSCH,0x46,50,4587,6,0,,,,,,,,,,,
53,gnb1,2026-08-19T10:10:11.414755,3248,PDSCH,0x46,50,4587,6,0,,,,,,,,,,,
53,gnb1,2026-08-19T10:10:11.437983,3249,PDSCH,0x46,45,3542,6,0,,,,,,,,,,,
53,gnb1,2026-08-19T10:10:11.572282,3255,PUSCH,0x46,,,,,2,3,217,4,117.9,101,,,,,
53,gnb1,2026-08-19T10:10:11.572344,3255,BSR,0x46,,,,,,,,,,,,,,,0
53,gnb1,2026-08-19T10:10:11.593879,3256,BSR,0x46,,,,,,,,,,,,,,,0
53,gnb1,2026-08-19T10:10:11.736378,3263,PUSCH,0x46,,,,,2,3,217,4,117.9,132,,,,,
53,gnb1,2026-08-19T10:10:11.736489,3263,BSR,0x46,,,,,,,,,,,,,,,0
53,gnb1,2026-08-19T10:10:11.762249,3264,PUSCH,0x46,,,,,2,7,501,4,114.3,218,,,,,
53,gnb1,2026-08-19T10:10:11.762338,3264,BSR,0x46,,,,,,,,,,,,,,,0
53,gnb1,2026-08-19T10:10:11.762908,3264,PDSCH,0x46,50,4587,6,0,,,,,,,,,,,
53,gnb1,2026-08-19T10:10:11.763048,3265,BSR,0x46,,,,,,,,,,,,,,,0
53,gnb1,2026-08-19T10:10:11.763408,3265,PDSCH,0x46,33,2481,6,0,,,,,,,,,,,
53,gnb1,2026-08-19T10:10:11.785175,3266,PDSCH,0x46,50,4587,6,0,,,,,,,,,,,
53,gnb1,2026-08-19T10:10:11.835786,3267,PDSCH,0x46,50,4587,6,0,,,,,,,,,,,
53,gnb1,2026-08-19T10:10:11.865210,3268,PDSCH,0x46,50,4587,6,0,,,,,,,,,,,
53,gnb1,2026-08-19T10:10:11.883979,3269,PDSCH,0x46,50,4587,6,0,,,,,,,,,,,
53,gnb1,2026-08-19T10:10:11.914523,3270,PDSCH,0x46,50,4587,6,0,,,,,,,,,,,
53,gnb1,2026-08-19T10:10:11.936037,3271,PUSCH,0x46,,,,,10,3,217,4,104.5,98,,,,,
53,gnb1,2026-08-19T10:10:11.936119,3271,BSR,0x46,,,,,,,,,,,,,,,0
53,gnb1,2026-08-19T10:10:11.936352,3271,PDSCH,0x46,15,999,6,0,,,,,,,,,,,
53,gnb1,2026-08-19T10:10:11.968759,3272,PUSCH,0x46,,,,,2,14,807,4,107.4,312,,,,,
53,gnb1,2026-08-19T10:10:11.968850,3272,BSR,0x46,,,,,,,,,,,,,,,0
53,gnb1,2026-08-19T10:10:11.969373,3272,PDSCH,0x46,50,4587,6,0,,,,,,,,,,,
53,gnb1,2026-08-19T10:10:11.969592,3273,PUSCH,0x46,,,,,2,3,217,4,117.9,116,,,,,
53,gnb1,2026-08-19T10:10:11.988378,3274,PDSCH,0x46,50,4587,6,0,,,,,,,,,,,
53,gnb1,2026-08-19T10:10:12.015159,3275,PDSCH,0x46,50,3963,6,0,,,,,,,,,,,
53,gnb1,2026-08-19T10:10:12.119959,3279,PUSCH,0x46,,,,,2,3,217,4,118.0,136,,,,,
53,gnb1,2026-08-19T10:10:12.141952,3280,PUSCH,0x46,,,,,2,15,1063,4,107.2,317,,,,,
53,gnb1,2026-08-19T10:10:12.142028,3280,BSR,0x46,,,,,,,,,,,,,,,0
53,gnb1,2026-08-19T10:10:12.142537,3280,PDSCH,0x46,50,4587,6,0,,,,,,,,,,,
53,gnb1,2026-08-19T10:10:12.142931,3281,PUCCH_CQI,0x46,,,,,,,,,,,111.8,15,2,,
53,gnb1,2026-08-19T10:10:12.159917,3282,PDSCH,0x46,50,4587,6,0,,,,,,,,,,,
53,gnb1,2026-08-19T10:10:12.206405,3283,PDSCH,0x46,50,4587,6,0,,,,,,,,,,,
53,gnb1,2026-08-19T10:10:12.207270,3284,PDSCH,0x46,50,4587,6,0,,,,,,,,,,,
53,gnb1,2026-08-19T10:10:12.230164,3285,PDSCH,0x46,50,4587,6,0,,,,,,,,,,,
53,gnb1,2026-08-19T10:10:12.268802,3286,PDSCH,0x46,50,4587,6,0,,,,,,,,,,,
53,gnb1,2026-08-19T10:10:12.298465,3287,PDSCH,0x46,27,2052,6,0,,,,,,,,,,,
53,gnb1,2026-08-19T10:10:12.317751,3288,PUSCH,0x46,,,,,2,8,573,4,111.4,192,,,,,
53,gnb1,2026-08-19T10:10:12.342373,3289,PDSCH,0x46,50,4587,6,0,,,,,,,,,,,
53,gnb1,2026-08-19T10:10:12.359974,3290,PDSCH,0x46,50,4587,6,0,,,,,,,,,,,
53,gnb1,2026-08-19T10:10:12.384412,3291,PDSCH,0x46,27,2124,6,0,,,,,,,,,,,
53,gnb1,2026-08-19T10:10:12.559893,3299,PDSCH,0x46,3,7,2,0,,,,,,,,,,,
53,gnb1,2026-08-19T10:10:12.584338,3300,BSR,0x46,,,,,,,,,,,,,,,0
53,gnb1,2026-08-19T10:10:12.748007,3308,PUSCH,0x46,,,,,2,8,517,4,111.4,229,,,,,
53,gnb1,2026-08-19T10:10:12.748026,3308,PHR,,,,,,,,,,,,,,,,
53,gnb1,2026-08-19T10:10:12.772478,3309,BSR,0x46,,,,,,,,,,,,,,,0
53,gnb1,2026-08-19T10:10:12.949875,3317,PUSCH,0x46,,,,,2,14,999,4,107.4,475,,,,,
53,gnb1,2026-08-19T10:10:12.949939,3317,BSR,0x46,,,,,,,,,,,,,,,0
53,gnb1,2026-08-19T10:10:12.968590,3319,PDSCH,0x46,50,4587,6,0,,,,,,,,,,,
53,gnb1,2026-08-19T10:10:13.005474,3320,PDSCH,0x46,50,4587,6,0,,,,,,,,,,,
53,gnb1,2026-08-19T10:10:13.030660,3321,PUCCH_CQI,0x46,,,,,,,,,,,111.8,15,2,,
53,gnb1,2026-08-19T10:10:13.031333,3321,PDSCH,0x46,47,4395,6,0,,,,,,,,,,,
53,gnb1,2026-08-19T10:10:13.032193,3322,PDSCH,0x46,50,4587,6,0,,,,,,,,,,,
53,gnb1,2026-08-19T10:10:13.050667,3323,PDSCH,0x46,50,4587,6,0,,,,,,,,,,,
53,gnb1,2026-08-19T10:10:13.103395,3324,PDSCH,0x46,50,4587,6,0,,,,,,,,,,,
53,gnb1,2026-08-19T10:10:13.123271,3325,PUSCH,0x46,,,,,2,14,999,4,107.4,498,,,,,
53,gnb1,2026-08-19T10:10:13.123647,3325,PDSCH,0x46,12,807,6,0,,,,,,,,,,,
53,gnb1,2026-08-19T10:10:13.465789,3340,BSR,0x46,,,,,,,,,,,,,,,0
53,gnb1,2026-08-19T10:10:13.641316,3348,PUSCH,0x46,,,,,2,8,517,4,111.4,253,,,,,
53,gnb1,2026-08-19T10:10:13.659387,3349,BSR,0x46,,,,,,,,,,,,,,,0
53,gnb1,2026-08-19T10:10:13.659849,3349,PDSCH,0x46,50,4587,6,0,,,,,,,,,,,
53,gnb1,2026-08-19T10:10:13.689766,3350,PDSCH,0x46,50,4587,6,0,,,,,,,,,,,
53,gnb1,2026-08-19T10:10:13.690585,3351,PDSCH,0x46,45,3542,6,0,,,,,,,,,,,
53,gnb1,2026-08-19T10:10:13.854117,3357,PUSCH,0x46,,,,,2,2,161,4,117.9,133,,,,,
53,gnb1,2026-08-19T10:10:13.854190,3357,BSR,0x46,,,,,,,,,,,,,,,0
53,gnb1,2026-08-19T10:10:13.885166,3358,PDSCH,0x46,50,4587,6,0,,,,,,,,,,,
53,gnb1,2026-08-19T10:10:13.885883,3359,PDSCH,0x46,15,1063,6,0,,,,,,,,,,,
53,gnb1,2026-08-19T10:10:13.905069,3360,BSR,0x46,,,,,,,,,,,,,,,0
53,gnb1,2026-08-19T10:10:13.945500,3361,PUCCH_CQI,0x46,,,,,,,,,,,111.8,15,2,,
53,gnb1,2026-08-19T10:10:14.042692,3365,PUSCH,0x46,,,,,2,2,161,4,117.9,166,,,,,
53,gnb1,2026-08-19T10:10:14.042775,3365,PHR,,,,,,,,,,,,,,,,
53,gnb1,2026-08-19T10:10:14.063413,3366,BSR,0x46,,,,,,,,,,,,,,,0
53,gnb1,2026-08-19T10:10:14.108259,3368,PUSCH,0x46,,,,,2,5,373,4,118.0,228,,,,,
53,gnb1,2026-08-19T10:10:14.108327,3368,BSR,0x46,,,,,,,,,,,,,,,0
53,gnb1,2026-08-19T10:10:14.125455,3369,BSR,0x46,,,,,,,,,,,,,,,0
53,gnb1,2026-08-19T10:10:14.125929,3369,PDSCH,0x46,50,4587,6,0,,,,,,,,,,,
53,gnb1,2026-08-19T10:10:14.143825,3370,PDSCH,0x46,50,4587,6,0,,,,,,,,,,,
53,gnb1,2026-08-19T10:10:14.158924,3371,PDSCH,0x46,27,2124,6,0,,,,,,,,,,,
53,gnb1,2026-08-19T10:10:14.225889,3374,PUSCH,0x46,,,,,2,0,9,2,117.8,113,,,,,
53,gnb1,2026-08-19T10:10:14.240967,3375,BSR,0x46,,,,,,,,,,,,,,,0
53,gnb1,2026-08-19T10:10:14.265205,3376,PUSCH,0x46,,,,,2,7,389,4,114.2,159,,,,,
53,gnb1,2026-08-19T10:10:14.265265,3376,BSR,0x46,,,,,,,,,,,,,,,0
53,gnb1,2026-08-19T10:10:14.281292,3377,PUSCH,0x46,,,,,2,3,249,4,117.9,109,,,,,
53,gnb1,2026-08-19T10:10:14.281758,3377,PDSCH,0x46,50,4587,6,0,,,,,,,,,,,
53,gnb1,2026-08-19T10:10:14.301856,3378,PDSCH,0x46,50,4587,6,0,,,,,,,,,,,
53,gnb1,2026-08-19T10:10:14.323150,3379,PDSCH,0x46,45,3542,6,0,,,,,,,,,,,
53,gnb1,2026-08-19T10:10:14.444057,3383,PUSCH,0x46,,,,,2,4,269,4,117.9,140,,,,,
53,gnb1,2026-08-19T10:10:14.444115,3383,BSR,0x46,,,,,,,,,,,,,,,0
53,gnb1,2026-08-19T10:10:14.472137,3384,PUSCH,0x46,,,,,2,7,389,4,114.3,192,,,,,
53,gnb1,2026-08-19T10:10:14.472219,3384,BSR,0x46,,,,,,,,,,,,,,,0
53,gnb1,2026-08-19T10:10:14.472659,3384,PDSCH,0x46,50,4587,6,0,,,,,,,,,,,
53,gnb1,2026-08-19T10:10:14.501444,3385,BSR,0x46,,,,,,,,,,,,,,,0
53,gnb1,2026-08-19T10:10:14.501905,3385,PDSCH,0x46,50,4587,6,0,,,,,,,,,,,
53,gnb1,2026-08-19T10:10:14.532996,3386,PDSCH,0x46,18,1143,6,0,,,,,,,,,,,
53,gnb1,2026-08-19T10:10:14.677729,3391,PUSCH,0x46,,,,,10,2,133,4,104.4,98,,,,,
53,gnb1,2026-08-19T10:10:14.677779,3391,BSR,0x46,,,,,,,,,,,,,,,0
53,gnb1,2026-08-19T10:10:14.706253,3392,PUSCH,0x46,,,,,2,5,325,4,118.0,178,,,,,
53,gnb1,2026-08-19T10:10:14.706351,3392,BSR,0x46,,,,,,,,,,,,,,,0
53,gnb1,2026-08-19T10:10:14.706744,3392,PDSCH,0x46,36,2865,6,0,,,,,,,,,,,
53,gnb1,2026-08-19T10:10:14.735861,3393,PUSCH,0x46,,,,,2,3,249,4,117.9,112,,,,,
53,gnb1,2026-08-19T10:10:14.735935,3393,BSR,0x46,,,,,,,,,,,,,,,0
53,gnb1,2026-08-19T10:10:14.736385,3393,PDSCH,0x46,50,4587,6,0,,,,,,,,,,,
53,gnb1,2026-08-19T10:10:14.764869,3394,PDSCH,0x46,50,4587,6,0,,,,,,,,,,,
53,gnb1,2026-08-19T10:10:14.909193,3399,PUSCH,0x46,,,,,2,2,133,4,117.9,106,,,,,
53,gnb1,2026-08-19T10:10:14.909403,3399,PDSCH,0x46,3,7,2,0,,,,,,,,,,,
53,gnb1,2026-08-19T10:10:14.937524,3400,PUSCH,0x46,,,,,2,8,597,4,111.4,272,,,,,
53,gnb1,2026-08-19T10:10:14.938274,3400,PDSCH,0x46,50,4587,6,0,,,,,,,,,,,
53,gnb1,2026-08-19T10:10:14.964535,3401,PUSCH,0x46,,,,,10,7,501,4,104.5,228,,,,,
53,gnb1,2026-08-19T10:10:14.965307,3401,PDSCH,0x46,47,4395,6,0,,,,,,,,,,,
53,gnb1,2026-08-19T10:10:14.994727,3402,PDSCH,0x46,50,4587,6,0,,,,,,,,,,,
53,gnb1,2026-08-19T10:10:15.022703,3403,PDSCH,0x46,30,2292,6,0,,,,,,,,,,,
53,gnb1,2026-08-19T10:10:15.482544,3420,BSR,0x46,,,,,,,,,,,,,,,0
53,gnb1,2026-08-19T10:10:15.656068,3428,PUSCH,0x46,,,,,2,8,517,4,111.4,234,,,,,
53,gnb1,2026-08-19T10:10:15.656125,3428,PHR,,,,,,,,,,,,,,,,
53,gnb1,2026-08-19T10:10:15.682555,3429,BSR,0x46,,,,,,,,,,,,,,,0
53,gnb1,2026-08-19T10:10:15.868989,3437,PUSCH,0x46,,,,,2,11,749,4,108.5,267,,,,,
53,gnb1,2026-08-19T10:10:15.869065,3437,BSR,0x46,,,,,,,,,,,,,,,0
53,gnb1,2026-08-19T10:10:15.889900,3438,PDSCH,0x46,50,4587,6,0,,,,,,,,,,,
53,gnb1,2026-08-19T10:10:15.918684,3439,PDSCH,0x46,50,4587,6,0,,,,,,,,,,,
53,gnb1,2026-08-19T10:10:15.943067,3440,PDSCH,0x46,50,4587,6,0,,,,,,,,,,,
53,gnb1,2026-08-19T10:10:15.963160,3441,PUCCH_CQI,0x46,,,,,,,,,,,111.8,15,2,,
53,gnb1,2026-08-19T10:10:15.983945,3442,PDSCH,0x46,42,3182,6,0,,,,,,,,,,,
53,gnb1,2026-08-19T10:10:16.070056,3445,PUSCH,0x46,,,,,2,11,749,4,108.5,244,,,,,
53,gnb1,2026-08-19T10:10:16.237221,3451,PDSCH,0x46,3,7,2,0,,,,,,,,,,,
53,gnb1,2026-08-19T10:10:16.472562,3460,BSR,0x46,,,,,,,,,,,,,,,0
53,gnb1,2026-08-19T10:10:16.670542,3468,PUSCH,0x46,,,,,2,8,517,4,111.4,224,,,,,
53,gnb1,2026-08-19T10:10:16.696312,3469,PDSCH,0x46,50,4587,6,0,,,,,,,,,,,
53,gnb1,2026-08-19T10:10:16.717840,3470,PDSCH,0x46,50,4587,6,0,,,,,,,,,,,
53,gnb1,2026-08-19T10:10:16.738231,3471,PDSCH,0x46,45,3542,6,0,,,,,,,,,,,
53,gnb1,2026-08-19T10:10:16.914411,3480,BSR,0x46,,,,,,,,,,,,,,,0
53,gnb1,2026-08-19T10:10:16.939021,3481,PUCCH_CQI,0x46,,,,,,,,,,,111.8,15,2,,
53,gnb1,2026-08-19T10:10:17.070362,3488,PUSCH,0x46,,,,,2,8,517,4,111.4,222,,,,,
53,gnb1,2026-08-19T10:10:17.070373,3488,PHR,,,,,,,,,,,,,,,,
53,gnb1,2026-08-19T10:10:17.091863,3489,PDSCH,0x46,50,4587,6,0,,,,,,,,,,,
53,gnb1,2026-08-19T10:10:17.110533,3490,PDSCH,0x46,50,4587,6,0,,,,,,,,,,,
53,gnb1,2026-08-19T10:10:17.127161,3491,PDSCH,0x46,12,693,6,0,,,,,,,,,,,
53,gnb1,2026-08-19T10:10:17.321749,3500,BSR,0x46,,,,,,,,,,,,,,,0
53,gnb1,2026-08-19T10:10:17.365119,3502,PDSCH,0x46,3,7,2,0,,,,,,,,,,,
53,gnb1,2026-08-19T10:10:17.490736,3508,PUSCH,0x46,,,,,2,8,517,4,111.4,281,,,,,
53,gnb1,2026-08-19T10:10:17.509085,3509,PDSCH,0x46,50,4587,6,0,,,,,,,,,,,
53,gnb1,2026-08-19T10:10:17.532555,3510,PDSCH,0x46,50,4587,6,0,,,,,,,,,,,
53,gnb1,2026-08-19T10:10:17.554816,3511,PDSCH,0x46,27,2124,6,0,,,,,,,,,,,
53,gnb1,2026-08-19T10:10:17.788482,3520,BSR,0x46,,,,,,,,,,,,,,,0
53,gnb1,2026-08-19T10:10:17.815806,3521,PUCCH_CQI,0x46,,,,,,,,,,,111.8,15,2,,
53,gnb1,2026-08-19T10:10:18.008356,3528,PUSCH,0x46,,,,,2,8,517,4,111.4,195,,,,,
53,gnb1,2026-08-19T10:10:18.038898,3529,PDSCH,0x46,50,4587,6,0,,,,,,,,,,,
53,gnb1,2026-08-19T10:10:18.067112,3530,PDSCH,0x46,50,3963,6,0,,,,,,,,,,,
53,gnb1,2026-08-19T10:10:18.349707,3540,BSR,0x46,,,,,,,,,,,,,,,0
53,gnb1,2026-08-19T10:10:18.569371,3548,PUSCH,0x46,,,,,2,8,517,4,111.4,187,,,,,
53,gnb1,2026-08-19T10:10:18.569465,3548,PHR,,,,,,,,,,,,,,,,
53,gnb1,2026-08-19T10:10:18.595512,3549,PDSCH,0x46,50,4587,6,0,,,,,,,,,,,
53,gnb1,2026-08-19T10:10:18.623250,3550,PDSCH,0x46,50,3963,6,0,,,,,,,,,,,
53,gnb1,2026-08-19T10:10:18.675874,3552,PDSCH,0x46,3,7,2,0,,,,,,,,,,,
53,gnb1,2026-08-19T10:10:18.881632,3560,BSR,0x46,,,,,,,,,,,,,,,0
53,gnb1,2026-08-19T10:10:18.906213,3561,PUCCH_CQI,0x46,,,,,,,,,,,111.8,15,2,,
53,gnb1,2026-08-19T10:10:19.084129,3568,PUSCH,0x46,,,,,2,8,517,4,111.4,332,,,,,
53,gnb1,2026-08-19T10:10:19.102645,3569,PDSCH,0x46,50,4587,6,0,,,,,,,,,,,
53,gnb1,2026-08-19T10:10:19.126237,3570,PDSCH,0x46,50,4587,6,0,,,,,,,,,,,
53,gnb1,2026-08-19T10:10:19.145833,3571,PDSCH,0x46,12,693,6,0,,,,,,,,,,,
53,gnb1,2026-08-19T10:10:19.349986,3580,BSR,0x46,,,,,,,,,,,,,,,0
53,gnb1,2026-08-19T10:10:19.505449,3588,PUSCH,0x46,,,,,2,8,517,4,111.4,208,,,,,
53,gnb1,2026-08-19T10:10:19.521803,3589,PDSCH,0x46,50,4587,6,0,,,,,,,,,,,
53,gnb1,2026-08-19T10:10:19.540045,3590,PDSCH,0x46,50,3963,6,0,,,,,,,,,,,
53,gnb1,2026-08-19T10:10:19.744372,3600,BSR,0x46,,,,,,,,,,,,,,,0
53,gnb1,2026-08-19T10:10:19.762569,3601,PUCCH_CQI,0x46,,,,,,,,,,,111.8,15,2,,
53,gnb1,2026-08-19T10:10:19.781499,3602,PDSCH,0x46,3,7,2,0,,,,,,,,,,,
53,gnb1,2026-08-19T10:10:19.904432,3608,PUSCH,0x46,,,,,2,8,517,4,111.4,189,,,,,
53,gnb1,2026-08-19T10:10:19.904525,3608,PHR,,,,,,,,,,,,,,,,
53,gnb1,2026-08-19T10:10:19.923428,3609,PDSCH,0x46,50,4587,6,0,,,,,,,,,,,
53,gnb1,2026-08-19T10:10:19.943418,3610,PDSCH,0x46,33,2481,6,0,,,,,,,,,,,
53,gnb1,2026-08-19T10:10:20.139063,3620,BSR,0x46,,,,,,,,,,,,,,,0
53,gnb1,2026-08-19T10:10:20.310046,3628,PUSCH,0x46,,,,,2,8,517,4,111.4,195,,,,,
53,gnb1,2026-08-19T10:10:20.328458,3629,PDSCH,0x46,50,4587,6,0,,,,,,,,,,,
53,gnb1,2026-08-19T10:10:20.347374,3630,PDSCH,0x46,15,1063,6,0,,,,,,,,,,,
53,gnb1,2026-08-19T10:10:20.544113,3640,BSR,0x46,,,,,,,,,,,,,,,0
53,gnb1,2026-08-19T10:10:20.562911,3641,PUCCH_CQI,0x46,,,,,,,,,,,111.8,15,2,,
53,gnb1,2026-08-19T10:10:20.700256,3648,PUSCH,0x46,,,,,2,8,517,4,111.4,200,,,,,
53,gnb1,2026-08-19T10:10:20.721674,3649,PDSCH,0x46,50,4587,6,0,,,,,,,,,,,
53,gnb1,2026-08-19T10:10:20.739856,3650,PDSCH,0x46,33,2577,6,0,,,,,,,,,,,
53,gnb1,2026-08-19T10:10:20.786909,3652,PDSCH,0x46,3,7,2,0,,,,,,,,,,,
53,gnb1,2026-08-19T10:10:20.952676,3660,BSR,0x46,,,,,,,,,,,,,,,0
53,gnb1,2026-08-19T10:10:21.114426,3668,PUSCH,0x46,,,,,2,8,517,4,111.4,180,,,,,
53,gnb1,2026-08-19T10:10:21.114541,3668,PHR,,,,,,,,,,,,,,,,
53,gnb1,2026-08-19T10:10:21.142361,3669,PDSCH,0x46,50,4587,6,0,,,,,,,,,,,
53,gnb1,2026-08-19T10:10:21.168938,3670,PDSCH,0x46,50,4587,6,0,,,,,,,,,,,
53,gnb1,2026-08-19T10:10:21.200074,3671,PDSCH,0x46,27,2124,6,0,,,,,,,,,,,
53,gnb1,2026-08-19T10:10:21.459051,3680,BSR,0x46,,,,,,,,,,,,,,,0
53,gnb1,2026-08-19T10:10:21.487220,3681,PUCCH_CQI,0x46,,,,,,,,,,,111.8,15,2,,
53,gnb1,2026-08-19T10:10:21.683575,3688,PUSCH,0x46,,,,,2,8,517,4,111.4,196,,,,,
53,gnb1,2026-08-19T10:10:21.711124,3689,PDSCH,0x46,50,4587,6,0,,,,,,,,,,,
53,gnb1,2026-08-19T10:10:21.739800,3690,PDSCH,0x46,50,4587,6,0,,,,,,,,,,,
53,gnb1,2026-08-19T10:10:21.765861,3691,PDSCH,0x46,27,2124,6,0,,,,,,,,,,,
53,gnb1,2026-08-19T10:10:22.005942,3700,BSR,0x46,,,,,,,,,,,,,,,0
53,gnb1,2026-08-19T10:10:22.053193,3702,PDSCH,0x46,3,7,2,0,,,,,,,,,,,
53,gnb1,2026-08-19T10:10:22.187324,3708,PUSCH,0x46,,,,,2,8,517,4,111.4,221,,,,,
53,gnb1,2026-08-19T10:10:22.213373,3709,PDSCH,0x46,50,4587,6,0,,,,,,,,,,,
53,gnb1,2026-08-19T10:10:22.232183,3710,PDSCH,0x46,50,4587,6,0,,,,,,,,,,,
53,gnb1,2026-08-19T10:10:22.249078,3711,PDSCH,0x46,27,2124,6,0,,,,,,,,,,,
53,gnb1,2026-08-19T10:10:22.462714,3720,BSR,0x46,,,,,,,,,,,,,,,0
53,gnb1,2026-08-19T10:10:22.487120,3721,PUCCH_CQI,0x46,,,,,,,,,,,111.8,15,2,,
53,gnb1,2026-08-19T10:10:22.622671,3728,PUSCH,0x46,,,,,2,8,517,4,111.4,194,,,,,
53,gnb1,2026-08-19T10:10:22.622691,3728,PHR,,,,,,,,,,,,,,,,
53,gnb1,2026-08-19T10:10:22.644004,3729,PDSCH,0x46,50,4587,6,0,,,,,,,,,,,
53,gnb1,2026-08-19T10:10:22.664862,3730,PDSCH,0x46,50,3963,6,0,,,,,,,,,,,
53,gnb1,2026-08-19T10:10:22.883624,3740,BSR,0x46,,,,,,,,,,,,,,,0
53,gnb1,2026-08-19T10:10:23.101521,3748,PUSCH,0x46,,,,,2,8,517,4,111.4,196,,,,,
53,gnb1,2026-08-19T10:10:23.130726,3749,PDSCH,0x46,50,4587,6,0,,,,,,,,,,,
53,gnb1,2026-08-19T10:10:23.158937,3750,PDSCH,0x46,50,3963,6,0,,,,,,,,,,,
53,gnb1,2026-08-19T10:10:23.215332,3752,PDSCH,0x46,3,7,2,0,,,,,,,,,,,
53,gnb1,2026-08-19T10:10:23.429956,3760,BSR,0x46,,,,,,,,,,,,,,,0
53,gnb1,2026-08-19T10:10:23.430374,3760,PDSCH,0x46,18,1431,6,0,,,,,,,,,,,
53,gnb1,2026-08-19T10:10:23.455589,3761,PUCCH_CQI,0x46,,,,,,,,,,,111.8,15,2,,
53,gnb1,2026-08-19T10:10:23.638766,3768,PUSCH,0x46,,,,,2,8,517,4,111.4,234,,,,,
53,gnb1,2026-08-19T10:10:23.663704,3769,PDSCH,0x46,50,4587,6,0,,,,,,,,,,,
53,gnb1,2026-08-19T10:10:23.688049,3770,PDSCH,0x46,15,1063,6,0,,,,,,,,,,,
53,gnb1,2026-08-19T10:10:23.908133,3780,BSR,0x46,,,,,,,,,,,,,,,0
53,gnb1,2026-08-19T10:10:24.083059,3788,PUSCH,0x46,,,,,2,8,517,4,111.4,188,,,,,
53,gnb1,2026-08-19T10:10:24.083066,3788,PHR,,,,,,,,,,,,,,,,
53,gnb1,2026-08-19T10:10:24.101588,3789,PDSCH,0x46,50,4587,6,0,,,,,,,,,,,
53,gnb1,2026-08-19T10:10:24.121880,3790,PDSCH,0x46,33,2481,6,0,,,,,,,,,,,
53,gnb1,2026-08-19T10:10:24.345995,3800,BSR,0x46,,,,,,,,,,,,,,,0
53,gnb1,2026-08-19T10:10:24.371125,3801,PUCCH_CQI,0x46,,,,,,,,,,,111.8,15,2,,
53,gnb1,2026-08-19T10:10:24.391843,3802,PDSCH,0x46,3,7,2,0,,,,,,,,,,,
53,gnb1,2026-08-19T10:10:24.524074,3808,PUSCH,0x46,,,,,2,8,517,4,111.4,181,,,,,
53,gnb1,2026-08-19T10:10:24.544721,3809,PDSCH,0x46,50,4587,6,0,,,,,,,,,,,
53,gnb1,2026-08-19T10:10:24.563270,3810,PDSCH,0x46,50,4587,6,0,,,,,,,,,,,
53,gnb1,2026-08-19T10:10:24.584337,3811,PDSCH,0x46,12,693,6,0,,,,,,,,,,,
53,gnb1,2026-08-19T10:10:24.781208,3820,BSR,0x46,,,,,,,,,,,,,,,0
53,gnb1,2026-08-19T10:10:24.950976,3828,PUSCH,0x46,,,,,2,8,517,4,111.4,201,,,,,
53,gnb1,2026-08-19T10:10:24.974949,3829,PDSCH,0x46,50,4587,6,0,,,,,,,,,,,
53,gnb1,2026-08-19T10:10:24.990411,3830,PDSCH,0x46,50,3963,6,0,,,,,,,,,,,
53,gnb1,2026-08-19T10:10:25.211537,3840,BSR,0x46,,,,,,,,,,,,,,,0
53,gnb1,2026-08-19T10:10:25.232843,3841,PUCCH_CQI,0x46,,,,,,,,,,,111.8,15,2,,
53,gnb1,2026-08-19T10:10:25.332968,3846,PDSCH,0x46,21,1431,6,0,,,,,,,,,,,
53,gnb1,2026-08-19T10:10:25.376832,3848,PUSCH,0x46,,,,,2,8,517,4,111.4,185,,,,,
53,gnb1,2026-08-19T10:10:25.376938,3848,PHR,,,,,,,,,,,,,,,,
53,gnb1,2026-08-19T10:10:25.407125,3849,PDSCH,0x46,50,4587,6,0,,,,,,,,,,,
53,gnb1,2026-08-19T10:10:25.471063,3852,PDSCH,0x46,3,7,2,0,,,,,,,,,,,
53,gnb1,2026-08-19T10:10:25.644372,3860,BSR,0x46,,,,,,,,,,,,,,,0
53,gnb1,2026-08-19T10:10:25.824649,3868,PUSCH,0x46,,,,,2,8,517,4,111.4,198,,,,,
53,gnb1,2026-08-19T10:10:25.846935,3869,PDSCH,0x46,50,4587,6,0,,,,,,,,,,,
53,gnb1,2026-08-19T10:10:25.872027,3870,PDSCH,0x46,33,2481,6,0,,,,,,,,,,,
53,gnb1,2026-08-19T10:10:26.090216,3880,BSR,0x46,,,,,,,,,,,,,,,0
53,gnb1,2026-08-19T10:10:26.115427,3881,PUCCH_CQI,0x46,,,,,,,,,,,111.8,15,2,,
53,gnb1,2026-08-19T10:10:26.261869,3888,PUSCH,0x46,,,,,2,8,517,4,111.4,192,,,,,
53,gnb1,2026-08-19T10:10:26.287051,3889,PDSCH,0x46,50,4587,6,0,,,,,,,,,,,
53,gnb1,2026-08-19T10:10:26.305843,3890,PDSCH,0x46,50,3963,6,0,,,,,,,,,,,
53,gnb1,2026-08-19T10:10:26.524835,3900,BSR,0x46,,,,,,,,,,,,,,,0
53,gnb1,2026-08-19T10:10:26.565109,3902,PDSCH,0x46,3,7,2,0,,,,,,,,,,,
53,gnb1,2026-08-19T10:10:26.699949,3908,PUSCH,0x46,,,,,2,8,517,4,111.4,204,,,,,
53,gnb1,2026-08-19T10:10:26.700017,3908,PHR,,,,,,,,,,,,,,,,
53,gnb1,2026-08-19T10:10:26.720878,3909,PDSCH,0x46,50,4587,6,0,,,,,,,,,,,
53,gnb1,2026-08-19T10:10:26.745306,3910,PDSCH,0x46,50,4587,6,0,,,,,,,,,,,
53,gnb1,2026-08-19T10:10:26.757426,3911,PDSCH,0x46,27,2124,6,0,,,,,,,,,,,
53,gnb1,2026-08-19T10:10:26.973410,3920,BSR,0x46,,,,,,,,,,,,,,,0
53,gnb1,2026-08-19T10:10:26.993960,3921,PUCCH_CQI,0x46,,,,,,,,,,,111.8,15,2,,
53,gnb1,2026-08-19T10:10:27.155236,3928,PUSCH,0x46,,,,,2,8,517,4,111.4,219,,,,,
53,gnb1,2026-08-19T10:10:27.170854,3929,PDSCH,0x46,50,4587,6,0,,,,,,,,,,,
53,gnb1,2026-08-19T10:10:27.202970,3930,PDSCH,0x46,50,4587,6,0,,,,,,,,,,,
53,gnb1,2026-08-19T10:10:27.220355,3931,PDSCH,0x46,27,2124,6,0,,,,,,,,,,,
53,gnb1,2026-08-19T10:10:27.431016,3940,BSR,0x46,,,,,,,,,,,,,,,0
53,gnb1,2026-08-19T10:10:27.621172,3948,PUSCH,0x46,,,,,2,8,517,4,111.4,213,,,,,
53,gnb1,2026-08-19T10:10:27.640918,3949,PDSCH,0x46,50,4587,6,0,,,,,,,,,,,
53,gnb1,2026-08-19T10:10:27.661600,3950,PDSCH,0x46,50,4587,6,0,,,,,,,,,,,
53,gnb1,2026-08-19T10:10:27.679941,3951,PDSCH,0x46,12,749,6,0,,,,,,,,,,,
53,gnb1,2026-08-19T10:10:27.699238,3952,PDSCH,0x46,3,7,2,0,,,,,,,,,,,
53,gnb1,2026-08-19T10:10:27.876300,3960,BSR,0x46,,,,,,,,,,,,,,,0
53,gnb1,2026-08-19T10:10:27.898514,3961,PUCCH_CQI,0x46,,,,,,,,,,,111.8,15,2,,
53,gnb1,2026-08-19T10:10:28.046110,3968,PUSCH,0x46,,,,,2,8,517,4,111.4,228,,,,,
53,gnb1,2026-08-19T10:10:28.046130,3968,PHR,,,,,,,,,,,,,,,,
53,gnb1,2026-08-19T10:10:28.069340,3969,PDSCH,0x46,50,4587,6,0,,,,,,,,,,,
53,gnb1,2026-08-19T10:10:28.093402,3970,PDSCH,0x46,50,4587,6,0,,,,,,,,,,,
53,gnb1,2026-08-19T10:10:28.114763,3971,PDSCH,0x46,12,807,6,0,,,,,,,,,,,
53,gnb1,2026-08-19T10:10:28.317980,3980,BSR,0x46,,,,,,,,,,,,,,,0
53,gnb1,2026-08-19T10:10:28.318201,3980,PDSCH,0x46,18,1431,6,0,,,,,,,,,,,
53,gnb1,2026-08-19T10:10:28.503209,3988,PUSCH,0x46,,,,,2,8,517,4,111.4,163,,,,,
53,gnb1,2026-08-19T10:10:28.523712,3989,PDSCH,0x46,50,4587,6,0,,,,,,,,,,,
53,gnb1,2026-08-19T10:10:28.542517,3990,PDSCH,0x46,18,1431,6,0,,,,,,,,,,,
53,gnb1,2026-08-19T10:10:28.755516,4000,BSR,0x46,,,,,,,,,,,,,,,0
53,gnb1,2026-08-19T10:10:28.777845,4001,PUCCH_CQI,0x46,,,,,,,,,,,111.8,15,2,,
53,gnb1,2026-08-19T10:10:28.801471,4002,PDSCH,0x46,3,7,2,0,,,,,,,,,,,
53,gnb1,2026-08-19T10:10:28.931463,4008,PUSCH,0x46,,,,,2,8,517,4,111.4,174,,,,,
53,gnb1,2026-08-19T10:10:28.952960,4009,PDSCH,0x46,39,2961,6,0,,,,,,,,,,,
53,gnb1,2026-08-19T10:10:29.208356,4020,BSR,0x46,,,,,,,,,,,,,,,0
53,gnb1,2026-08-19T10:10:29.375410,4028,PUSCH,0x46,,,,,2,8,517,4,111.4,165,,,,,
53,gnb1,2026-08-19T10:10:29.375500,4028,PHR,,,,,,,,,,,,,,,,
53,gnb1,2026-08-19T10:10:29.664936,4041,PUCCH_CQI,0x46,,,,,,,,,,,111.8,15,2,,
53,gnb1,2026-08-19T10:10:29.886435,4052,PDSCH,0x46,3,7,2,0,,,,,,,,,,,
53,gnb1,2026-08-19T10:10:30.544904,4081,PUCCH_CQI,0x46,,,,,,,,,,,111.8,15,2,,
53,gnb1,2026-08-19T10:10:31.451088,4121,PUCCH_CQI,0x46,,,,,,,,,,,111.8,15,2,,
53,gnb1,2026-08-19T10:10:31.890922,4140,BSR,0x46,,,,,,,,,,,,,,,0
53,gnb1,2026-08-19T10:10:32.100257,4148,PUSCH,0x46,,,,,2,8,517,4,111.4,263,,,,,
53,gnb1,2026-08-19T10:10:32.100356,4148,PHR,,,,,,,,,,,,,,,,
53,gnb1,2026-08-19T10:10:32.126808,4149,PDSCH,0x46,3,7,2,0,,,,,,,,,,,
53,gnb1,2026-08-19T10:10:32.405252,4161,PUCCH_CQI,0x46,,,,,,,,,,,111.8,15,2,,
53,gnb1,2026-08-19T10:10:32.852645,4180,BSR,0x46,,,,,,,,,,,,,,,0
53,gnb1,2026-08-19T10:10:33.041850,4188,PUSCH,0x46,,,,,2,8,517,4,111.4,234,,,,,
53,gnb1,2026-08-19T10:10:33.311151,4199,PDSCH,0x46,3,7,2,0,,,,,,,,,,,
53,gnb1,2026-08-19T10:10:33.362519,4201,PUCCH_CQI,0x46,,,,,,,,,,,111.8,15,2,,
53,gnb1,2026-08-19T10:10:33.813179,4220,BSR,0x46,,,,,,,,,,,,,,,0
53,gnb1,2026-08-19T10:10:34.009608,4228,PUSCH,0x46,,,,,2,8,517,4,111.4,183,,,,,
53,gnb1,2026-08-19T10:10:34.009643,4228,PHR,,,,,,,,,,,,,,,,
53,gnb1,2026-08-19T10:10:34.302403,4240,BSR,0x46,,,,,,,,,,,,,,,0
53,gnb1,2026-08-19T10:10:34.322265,4241,PUCCH_CQI,0x46,,,,,,,,,,,111.8,15,2,,
53,gnb1,2026-08-19T10:10:34.514263,4248,PUSCH,0x46,,,,,2,8,517,4,111.4,212,,,,,
53,gnb1,2026-08-19T10:10:34.541678,4249,PDSCH,0x46,3,7,2,0,,,,,,,,,,,
53,gnb1,2026-08-19T10:10:34.775397,4260,BSR,0x46,,,,,,,,,,,,,,,0
53,gnb1,2026-08-19T10:10:34.959528,4268,PUSCH,0x46,,,,,2,8,517,4,111.4,333,,,,,
53,gnb1,2026-08-19T10:10:35.243634,4280,BSR,0x46,,,,,,,,,,,,,,,0
53,gnb1,2026-08-19T10:10:35.262409,4281,PUCCH_CQI,0x46,,,,,,,,,,,111.8,15,2,,
53,gnb1,2026-08-19T10:10:35.424374,4288,PUSCH,0x46,,,,,2,8,517,4,111.4,191,,,,,
53,gnb1,2026-08-19T10:10:35.424488,4288,PHR,,,,,,,,,,,,,,,,
53,gnb1,2026-08-19T10:10:35.661675,4299,PDSCH,0x46,3,7,2,0,,,,,,,,,,,
53,gnb1,2026-08-19T10:10:35.684164,4300,BSR,0x46,,,,,,,,,,,,,,,0
53,gnb1,2026-08-19T10:10:35.873778,4308,PUSCH,0x46,,,,,2,8,517,4,111.4,182,,,,,
53,gnb1,2026-08-19T10:10:36.154665,4320,BSR,0x46,,,,,,,,,,,,,,,0
53,gnb1,2026-08-19T10:10:36.179848,4321,PUCCH_CQI,0x46,,,,,,,,,,,111.8,15,2,,
53,gnb1,2026-08-19T10:10:36.332879,4328,PUSCH,0x46,,,,,2,8,517,4,111.4,201,,,,,
53,gnb1,2026-08-19T10:10:36.806485,4349,PDSCH,0x46,3,7,2,0,,,,,,,,,,,
53,gnb1,2026-08-19T10:10:37.081513,4361,PUCCH_CQI,0x46,,,,,,,,,,,111.8,15,2,,
53,gnb1,2026-08-19T10:10:38.087107,4401,PUCCH_CQI,0x46,,,,,,,,,,,111.8,15,2,,
53,gnb1,2026-08-19T10:10:39.132838,4441,PUCCH_CQI,0x46,,,,,,,,,,,111.8,15,2,,
53,gnb1,2026-08-19T10:10:40.142720,4481,PUCCH_CQI,0x46,,,,,,,,,,,111.8,15,2,,
53,gnb1,2026-08-19T10:10:41.166220,4521,PUCCH_CQI,0x46,,,,,,,,,,,111.8,15,2,,
53,gnb1,2026-08-19T10:10:42.221731,4561,PUCCH_CQI,0x46,,,,,,,,,,,111.8,15,2,,
53,gnb1,2026-08-19T10:10:42.709354,4580,BSR,0x46,,,,,,,,,,,,,,,0
53,gnb1,2026-08-19T10:10:42.921482,4588,PUSCH,0x46,,,,,2,8,517,4,111.4,371,,,,,
53,gnb1,2026-08-19T10:10:42.921534,4588,PHR,,,,,,,,,,,,,,,,
53,gnb1,2026-08-19T10:10:42.922122,4589,PDSCH,0x46,3,7,2,0,,,,,,,,,,,
54,gnb1,2026-08-19T10:16:18.016532,342,PDSCH,0x2,3,11,2,0,,,,,,,,,,,
54,gnb1,2026-08-19T10:16:18.057221,344,BSR,0x46,,,,,,,,,,,,,,,0
54,gnb1,2026-08-19T10:16:18.204069,352,PUSCH,0x46,,,,,2,2,7,2,118.0,185,,,,,
54,gnb1,2026-08-19T10:16:18.234365,354,PDSCH,0x46,3,32,2,0,,,,,,,,,,,
54,gnb1,2026-08-19T10:16:18.369332,361,PUCCH_CQI,0x46,,,,,,,,,,,-inf,0,2,,
54,gnb1,2026-08-19T10:16:18.699864,380,BSR,0x46,,,,,,,,,,,,,,,0
54,gnb1,2026-08-19T10:16:18.843937,388,PUSCH,0x46,,,,,2,44,157,2,109.0,564,,,,,
54,gnb1,2026-08-19T10:16:18.843952,388,PHR,,,,,,,,,,,,,,,,
54,gnb1,2026-08-19T10:16:18.858485,389,PDSCH,0x46,3,7,2,0,,,,,,,,,,,
54,gnb1,2026-08-19T10:16:18.873607,390,PDSCH,0x46,6,51,2,0,,,,,,,,,,,
54,gnb1,2026-08-19T10:16:19.045459,400,BSR,0x46,,,,,,,,,,,,,,,0
54,gnb1,2026-08-19T10:16:19.063659,401,PUCCH_CQI,0x46,,,,,,,,,,,111.8,15,2,,
54,gnb1,2026-08-19T10:16:19.182877,408,PUSCH,0x46,,,,,2,8,517,4,111.4,387,,,,,
54,gnb1,2026-08-19T10:16:19.204610,409,PDSCH,0x46,3,7,2,0,,,,,,,,,,,
54,gnb1,2026-08-19T10:16:19.221393,410,PDSCH,0x46,3,41,2,0,,,,,,,,,,,
54,gnb1,2026-08-19T10:16:19.405326,420,BSR,0x46,,,,,,,,,,,,,,,0
54,gnb1,2026-08-19T10:16:19.541529,428,PUSCH,0x46,,,,,2,8,517,4,111.4,180,,,,,
54,gnb1,2026-08-19T10:16:19.563738,429,PDSCH,0x46,3,7,2,0,,,,,,,,,,,
54,gnb1,2026-08-19T10:16:19.577537,430,PDSCH,0x46,3,26,2,0,,,,,,,,,,,
54,gnb1,2026-08-19T10:16:19.738414,440,BSR,0x46,,,,,,,,,,,,,,,0
54,gnb1,2026-08-19T10:16:19.765639,441,PUCCH_CQI,0x46,,,,,,,,,,,111.8,15,2,,
54,gnb1,2026-08-19T10:16:19.891783,448,PUSCH,0x46,,,,,2,8,517,4,111.4,230,,,,,
54,gnb1,2026-08-19T10:16:19.891899,448,PHR,,,,,,,,,,,,,,,,
54,gnb1,2026-08-19T10:16:19.908583,449,PDSCH,0x46,3,7,2,0,,,,,,,,,,,
54,gnb1,2026-08-19T10:16:19.924555,450,PDSCH,0x46,3,18,2,0,,,,,,,,,,,
54,gnb1,2026-08-19T10:16:20.103664,460,BSR,0x46,,,,,,,,,,,,,,,0
54,gnb1,2026-08-19T10:16:20.237350,468,PUSCH,0x46,,,,,2,8,517,4,111.4,252,,,,,
54,gnb1,2026-08-19T10:16:20.257569,469,PDSCH,0x46,3,7,2,0,,,,,,,,,,,
54,gnb1,2026-08-19T10:16:20.273162,470,PDSCH,0x46,3,18,2,0,,,,,,,,,,,
54,gnb1,2026-08-19T10:16:20.448263,480,BSR,0x46,,,,,,,,,,,,,,,0
54,gnb1,2026-08-19T10:16:20.464714,481,PUCCH_CQI,0x46,,,,,,,,,,,111.8,15,2,,
54,gnb1,2026-08-19T10:16:20.596944,488,PUSCH,0x46,,,,,2,8,517,4,111.4,205,,,,,
54,gnb1,2026-08-19T10:16:20.610020,489,PDSCH,0x46,3,7,2,0,,,,,,,,,,,
54,gnb1,2026-08-19T10:16:20.635826,490,PDSCH,0x46,3,113,4,0,,,,,,,,,,,
54,gnb1,2026-08-19T10:16:20.809546,500,BSR,0x46,,,,,,,,,,,,,,,0
54,gnb1,2026-08-19T10:16:20.962371,508,PUSCH,0x46,,,,,2,8,517,4,111.4,195,,,,,
54,gnb1,2026-08-19T10:16:20.962420,508,PHR,,,,,,,,,,,,,,,,
54,gnb1,2026-08-19T10:16:20.980207,509,PDSCH,0x46,3,18,2,0,,,,,,,,,,,
54,gnb1,2026-08-19T10:16:21.206561,521,PUCCH_CQI,0x46,,,,,,,,,,,111.8,15,2,,
54,gnb1,2026-08-19T10:16:21.224130,522,PDSCH,0x46,3,73,4,0,,,,,,,,,,,
54,gnb1,2026-08-19T10:16:21.582131,540,BSR,0x46,,,,,,,,,,,,,,,0
54,gnb1,2026-08-19T10:16:21.724308,548,PUSCH,0x46,,,,,2,8,517,4,111.4,338,,,,,
54,gnb1,2026-08-19T10:16:21.936795,561,PUCCH_CQI,0x46,,,,,,,,,,,111.8,15,2,,
54,gnb1,2026-08-19T10:16:22.655243,601,PUCCH_CQI,0x46,,,,,,,,,,,111.8,15,2,,
54,gnb1,2026-08-19T10:16:23.348047,641,PUCCH_CQI,0x46,,,,,,,,,,,111.8,15,2,,
54,gnb1,2026-08-19T10:16:24.117661,681,PUCCH_CQI,0x46,,,,,,,,,,,111.8,15,2,,
54,gnb1,2026-08-19T10:16:24.852811,721,PUCCH_CQI,0x46,,,,,,,,,,,111.8,15,2,,
54,gnb1,2026-08-19T10:16:25.624315,761,PUCCH_CQI,0x46,,,,,,,,,,,111.8,15,2,,
54,gnb1,2026-08-19T10:16:26.363482,801,PUCCH_CQI,0x46,,,,,,,,,,,111.8,15,2,,
54,gnb1,2026-08-19T10:16:27.140904,841,PUCCH_CQI,0x46,,,,,,,,,,,111.8,15,2,,
54,gnb1,2026-08-19T10:16:27.905056,881,PUCCH_CQI,0x46,,,,,,,,,,,111.8,15,2,,
54,gnb1,2026-08-19T10:16:28.612567,921,PUCCH_CQI,0x46,,,,,,,,,,,111.8,15,2,,
54,gnb1,2026-08-19T10:16:29.373047,961,PUCCH_CQI,0x46,,,,,,,,,,,111.8,15,2,,
54,gnb1,2026-08-19T10:16:30.114320,1001,PUCCH_CQI,0x46,,,,,,,,,,,111.8,15,2,,
54,gnb1,2026-08-19T10:16:30.825083,1041,PUCCH_CQI,0x46,,,,,,,,,,,111.8,15,2,,
54,gnb1,2026-08-19T10:16:31.514230,1081,PUCCH_CQI,0x46,,,,,,,,,,,111.8,15,2,,
54,gnb1,2026-08-19T10:16:32.239162,1121,PUCCH_CQI,0x46,,,,,,,,,,,111.8,15,2,,
54,gnb1,2026-08-19T10:16:32.992003,1161,PUCCH_CQI,0x46,,,,,,,,,,,111.8,15,2,,
54,gnb1,2026-08-19T10:16:33.676639,1201,PUCCH_CQI,0x46,,,,,,,,,,,111.8,15,2,,
54,gnb1,2026-08-19T10:16:34.396468,1241,PUCCH_CQI,0x46,,,,,,,,,,,111.8,15,2,,
54,gnb1,2026-08-19T10:16:35.079589,1281,PUCCH_CQI,0x46,,,,,,,,,,,111.8,15,2,,
54,gnb1,2026-08-19T10:16:35.822675,1321,PUCCH_CQI,0x46,,,,,,,,,,,111.8,15,2,,
54,gnb1,2026-08-19T10:16:36.524555,1361,PUCCH_CQI,0x46,,,,,,,,,,,111.8,15,2,,
54,gnb1,2026-08-19T10:16:37.243994,1401,PUCCH_CQI,0x46,,,,,,,,,,,111.8,15,2,,
54,gnb1,2026-08-19T10:16:37.982558,1441,PUCCH_CQI,0x46,,,,,,,,,,,111.8,15,2,,
54,gnb1,2026-08-19T10:16:38.742060,1481,PUCCH_CQI,0x46,,,,,,,,,,,111.8,15,2,,
54,gnb1,2026-08-19T10:16:39.517237,1521,PUCCH_CQI,0x46,,,,,,,,,,,111.8,15,2,,
54,gnb1,2026-08-19T10:16:40.293909,1561,PUCCH_CQI,0x46,,,,,,,,,,,111.8,15,2,,
54,gnb1,2026-08-19T10:16:41.038783,1601,PUCCH_CQI,0x46,,,,,,,,,,,111.8,15,2,,
54,gnb1,2026-08-19T10:16:41.754400,1641,PUCCH_CQI,0x46,,,,,,,,,,,111.8,15,2,,
54,gnb1,2026-08-19T10:16:42.464528,1681,PUCCH_CQI,0x46,,,,,,,,,,,111.8,15,2,,
54,gnb1,2026-08-19T10:16:43.182973,1721,PUCCH_CQI,0x46,,,,,,,,,,,111.8,15,2,,
54,gnb1,2026-08-19T10:16:43.930547,1761,PUCCH_CQI,0x46,,,,,,,,,,,111.8,15,2,,
54,gnb1,2026-08-19T10:16:44.669471,1801,PUCCH_CQI,0x46,,,,,,,,,,,111.8,15,2,,
54,gnb1,2026-08-19T10:16:45.386176,1841,PUCCH_CQI,0x46,,,,,,,,,,,111.8,15,2,,
54,gnb1,2026-08-19T10:16:46.110330,1881,PUCCH_CQI,0x46,,,,,,,,,,,111.8,15,2,,
54,gnb1,2026-08-19T10:16:46.890712,1921,PUCCH_CQI,0x46,,,,,,,,,,,111.8,15,2,,
54,gnb1,2026-08-19T10:16:47.641834,1961,PUCCH_CQI,0x46,,,,,,,,,,,111.8,15,2,,
54,gnb1,2026-08-19T10:16:48.387277,2001,PUCCH_CQI,0x46,,,,,,,,,,,111.8,15,2,,
54,gnb1,2026-08-19T10:16:49.121249,2041,PUCCH_CQI,0x46,,,,,,,,,,,111.8,15,2,,
54,gnb1,2026-08-19T10:16:49.830785,2081,PUCCH_CQI,0x46,,,,,,,,,,,111.8,15,2,,
54,gnb1,2026-08-19T10:16:50.524684,2121,PUCCH_CQI,0x46,,,,,,,,,,,111.8,15,2,,
54,gnb1,2026-08-19T10:16:51.236287,2161,PUCCH_CQI,0x46,,,,,,,,,,,111.8,15,2,,
54,gnb1,2026-08-19T10:16:51.969615,2201,PUCCH_CQI,0x46,,,,,,,,,,,111.8,15,2,,
54,gnb1,2026-08-19T10:16:52.707127,2241,PUCCH_CQI,0x46,,,,,,,,,,,111.8,15,2,,
54,gnb1,2026-08-19T10:16:53.419035,2281,PUCCH_CQI,0x46,,,,,,,,,,,111.8,15,2,,
54,gnb1,2026-08-19T10:16:54.124140,2321,PUCCH_CQI,0x46,,,,,,,,,,,111.8,15,2,,
54,gnb1,2026-08-19T10:16:54.878249,2361,PUCCH_CQI,0x46,,,,,,,,,,,111.8,15,2,,
54,gnb1,2026-08-19T10:16:55.589094,2401,PUCCH_CQI,0x46,,,,,,,,,,,111.8,15,2,,
54,gnb1,2026-08-19T10:16:56.333170,2441,PUCCH_CQI,0x46,,,,,,,,,,,111.8,15,2,,
54,gnb1,2026-08-19T10:16:57.037824,2481,PUCCH_CQI,0x46,,,,,,,,,,,111.8,15,2,,
54,gnb1,2026-08-19T10:16:57.758383,2521,PUCCH_CQI,0x46,,,,,,,,,,,111.8,15,2,,
54,gnb1,2026-08-19T10:16:58.515965,2561,PUCCH_CQI,0x46,,,,,,,,,,,111.8,15,2,,
54,gnb1,2026-08-19T10:16:59.317405,2601,PUCCH_CQI,0x46,,,,,,,,,,,111.8,15,2,,
54,gnb1,2026-08-19T10:17:00.055867,2641,PUCCH_CQI,0x46,,,,,,,,,,,111.8,15,2,,
54,gnb1,2026-08-19T10:17:00.752032,2681,PUCCH_CQI,0x46,,,,,,,,,,,111.8,15,2,,
54,gnb1,2026-08-19T10:17:01.479275,2721,PUCCH_CQI,0x46,,,,,,,,,,,111.8,15,2,,
54,gnb1,2026-08-19T10:17:02.252849,2761,PUCCH_CQI,0x46,,,,,,,,,,,111.8,15,2,,
54,gnb1,2026-08-19T10:17:02.983617,2801,PUCCH_CQI,0x46,,,,,,,,,,,111.8,15,2,,
54,gnb1,2026-08-19T10:17:03.326778,2820,BSR,0x46,,,,,,,,,,,,,,,0
54,gnb1,2026-08-19T10:17:03.472667,2828,PUSCH,0x46,,,,,2,8,517,4,111.4,341,,,,,
54,gnb1,2026-08-19T10:17:03.472733,2828,PHR,,,,,,,,,,,,,,,,
54,gnb1,2026-08-19T10:17:03.496376,2829,PDSCH,0x46,3,85,4,0,,,,,,,,,,,
54,gnb1,2026-08-19T10:17:03.701759,2840,BSR,0x46,,,,,,,,,,,,,,,0
54,gnb1,2026-08-19T10:17:03.716984,2841,PUCCH_CQI,0x46,,,,,,,,,,,111.8,15,2,,
54,gnb1,2026-08-19T10:17:03.850467,2848,PUSCH,0x46,,,,,2,8,517,4,111.4,220,,,,,
54,gnb1,2026-08-19T10:17:03.882672,2849,PDSCH,0x46,3,121,6,0,,,,,,,,,,,
54,gnb1,2026-08-19T10:17:04.097621,2860,BSR,0x46,,,,,,,,,,,,,,,0
54,gnb1,2026-08-19T10:17:04.265552,2868,PUSCH,0x46,,,,,2,8,517,4,111.4,201,,,,,
54,gnb1,2026-08-19T10:17:04.329421,2871,PDSCH,0x46,3,63,4,0,,,,,,,,,,,
54,gnb1,2026-08-19T10:17:04.460576,2879,PDSCH,0x46,3,7,2,0,,,,,,,,,,,
54,gnb1,2026-08-19T10:17:04.486134,2880,BSR,0x46,,,,,,,,,,,,,,,0
54,gnb1,2026-08-19T10:17:04.498219,2881,PUCCH_CQI,0x46,,,,,,,,,,,111.8,15,2,,
54,gnb1,2026-08-19T10:17:04.642603,2888,PUSCH,0x46,,,,,2,8,517,4,111.4,188,,,,,
54,gnb1,2026-08-19T10:17:04.642665,2888,PHR,,,,,,,,,,,,,,,,
54,gnb1,2026-08-19T10:17:04.670298,2889,PDSCH,0x46,3,121,6,0,,,,,,,,,,,
54,gnb1,2026-08-19T10:17:04.862243,2900,BSR,0x46,,,,,,,,,,,,,,,0
54,gnb1,2026-08-19T10:17:04.983571,2908,PUSCH,0x46,,,,,2,8,517,4,111.4,202,,,,,
54,gnb1,2026-08-19T10:17:04.997382,2909,PDSCH,0x46,3,73,4,0,,,,,,,,,,,
54,gnb1,2026-08-19T10:17:05.186217,2920,BSR,0x46,,,,,,,,,,,,,,,0
54,gnb1,2026-08-19T10:17:05.201412,2921,PUCCH_CQI,0x46,,,,,,,,,,,111.8,15,2,,
54,gnb1,2026-08-19T10:17:05.322600,2928,PUSCH,0x46,,,,,2,8,517,4,111.4,220,,,,,
54,gnb1,2026-08-19T10:17:05.345964,2929,PDSCH,0x46,50,4587,6,0,,,,,,,,,,,
54,gnb1,2026-08-19T10:17:05.366305,2930,PDSCH,0x46,50,4587,6,0,,,,,,,,,,,
54,gnb1,2026-08-19T10:17:05.389525,2931,PDSCH,0x46,50,4587,6,0,,,,,,,,,,,
54,gnb1,2026-08-19T10:17:05.405016,2932,PDSCH,0x46,6,437,6,0,,,,,,,,,,,
54,gnb1,2026-08-19T10:17:05.545048,2940,BSR,0x46,,,,,,,,,,,,,,,0
54,gnb1,2026-08-19T10:17:05.689620,2948,PUSCH,0x46,,,,,2,8,517,4,111.4,243,,,,,
54,gnb1,2026-08-19T10:17:05.689684,2948,PHR,,,,,,,,,,,,,,,,
54,gnb1,2026-08-19T10:17:05.721136,2949,BSR,0x46,,,,,,,,,,,,,,,0
54,gnb1,2026-08-19T10:17:05.721701,2949,PDSCH,0x46,50,4587,6,0,,,,,,,,,,,
54,gnb1,2026-08-19T10:17:05.740066,2950,PDSCH,0x46,50,4587,6,0,,,,,,,,,,,
54,gnb1,2026-08-19T10:17:05.753707,2951,PDSCH,0x46,50,4587,6,0,,,,,,,,,,,
54,gnb1,2026-08-19T10:17:05.773213,2952,PDSCH,0x46,50,4587,6,0,,,,,,,,,,,
54,gnb1,2026-08-19T10:17:05.790640,2953,PDSCH,0x46,50,4587,6,0,,,,,,,,,,,
54,gnb1,2026-08-19T10:17:05.852710,2957,PUSCH,0x46,,,,,2,1,113,4,117.9,249,,,,,
54,gnb1,2026-08-19T10:17:05.852761,2957,BSR,0x46,,,,,,,,,,,,,,,0
54,gnb1,2026-08-19T10:17:05.867680,2958,PDSCH,0x46,50,4587,6,0,,,,,,,,,,,
54,gnb1,2026-08-19T10:17:05.886840,2959,PDSCH,0x46,15,1063,6,0,,,,,,,,,,,
54,gnb1,2026-08-19T10:17:05.903531,2960,BSR,0x46,,,,,,,,,,,,,,,0
54,gnb1,2026-08-19T10:17:05.927251,2961,PUCCH_CQI,0x46,,,,,,,,,,,111.8,15,2a,,
54,gnb1,2026-08-19T10:17:05.988937,2965,PUSCH,0x46,,,,,2,1,113,4,117.8,43,,,,,
54,gnb1,2026-08-19T10:17:06.005414,2966,BSR,0x46,,,,,,,,,,,,,,,0
54,gnb1,2026-08-19T10:17:06.045761,2968,PUSCH,0x46,,,,,2,7,437,4,114.2,230,,,,,
54,gnb1,2026-08-19T10:17:06.045878,2968,BSR,0x46,,,,,,,,,,,,,,,0
54,gnb1,2026-08-19T10:17:06.061418,2969,BSR,0x46,,,,,,,,,,,,,,,0
54,gnb1,2026-08-19T10:17:06.062040,2969,PDSCH,0x46,50,4587,6,0,,,,,,,,,,,
54,gnb1,2026-08-19T10:17:06.082685,2970,PDSCH,0x46,50,4587,6,0,,,,,,,,,,,
54,gnb1,2026-08-19T10:17:06.098983,2971,PDSCH,0x46,50,4587,6,0,,,,,,,,,,,
54,gnb1,2026-08-19T10:17:06.115696,2972,PDSCH,0x46,42,3182,6,0,,,,,,,,,,,
54,gnb1,2026-08-19T10:17:06.146441,2974,PUSCH,0x46,,,,,2,4,293,4,117.9,219,,,,,
54,gnb1,2026-08-19T10:17:06.146612,2974,BSR,0x46,,,,,,,,,,,,,,,0
54,gnb1,2026-08-19T10:17:06.163296,2975,PDSCH,0x46,50,4587,6,0,,,,,,,,,,,
54,gnb1,2026-08-19T10:17:06.178088,2976,PUSCH,0x46,,,,,2,7,437,4,114.2,180,,,,,
54,gnb1,2026-08-19T10:17:06.178195,2976,BSR,0x46,,,,,,,,,,,,,,,0
54,gnb1,2026-08-19T10:17:06.178927,2976,PDSCH,0x46,50,4587,6,0,,,,,,,,,,,
54,gnb1,2026-08-19T10:17:06.194080,2977,PUSCH,0x46,,,,,2,3,249,4,117.9,198,,,,,
54,gnb1,2026-08-19T10:17:06.194576,2977,PDSCH,0x46,50,4587,6,0,,,,,,,,,,,
54,gnb1,2026-08-19T10:17:06.211109,2978,PDSCH,0x46,50,4587,6,0,,,,,,,,,,,
54,gnb1,2026-08-19T10:17:06.235060,2979,PDSCH,0x46,50,4587,6,0,,,,,,,,,,,
54,gnb1,2026-08-19T10:17:06.253834,2980,PDSCH,0x46,50,4587,6,0,,,,,,,,,,,
54,gnb1,2026-08-19T10:17:06.275067,2981,PDSCH,0x46,47,4395,6,0,,,,,,,,,,,
54,gnb1,2026-08-19T10:17:06.297750,2982,PUSCH,0x46,,,,,2,4,293,4,117.9,133,,,,,
54,gnb1,2026-08-19T10:17:06.297853,2982,BSR,0x46,,,,,,,,,,,,,,,0
54,gnb1,2026-08-19T10:17:06.298544,2982,PDSCH,0x46,50,4587,6,0,,,,,,,,,,,
54,gnb1,2026-08-19T10:17:06.316303,2983,PDSCH,0x46,50,4587,6,0,,,,,,,,,,,
54,gnb1,2026-08-19T10:17:06.328561,2984,PUSCH,0x46,,,,,2,7,437,4,114.3,145,,,,,
54,gnb1,2026-08-19T10:17:06.328635,2984,BSR,0x46,,,,,,,,,,,,,,,0
54,gnb1,2026-08-19T10:17:06.329116,2984,PDSCH,0x46,50,4587,6,0,,,,,,,,,,,
54,gnb1,2026-08-19T10:17:06.343633,2985,BSR,0x46,,,,,,,,,,,,,,,0
54,gnb1,2026-08-19T10:17:06.344175,2985,PDSCH,0x46,50,4587,6,0,,,,,,,,,,,
54,gnb1,2026-08-19T10:17:06.363596,2986,PDSCH,0x46,50,4587,6,0,,,,,,,,,,,
54,gnb1,2026-08-19T10:17:06.381572,2987,PDSCH,0x46,50,4587,6,0,,,,,,,,,,,
54,gnb1,2026-08-19T10:17:06.395863,2988,PDSCH,0x46,50,4587,6,0,,,,,,,,,,,
54,gnb1,2026-08-19T10:17:06.412766,2989,PDSCH,0x46,50,4587,6,0,,,,,,,,,,,
54,gnb1,2026-08-19T10:17:06.427336,2990,PUSCH,0x46,,,,,2,1,75,4,117.9,279,,,,,
54,gnb1,2026-08-19T10:17:06.427421,2990,BSR,0x46,,,,,,,,,,,,,,,0
54,gnb1,2026-08-19T10:17:06.427840,2990,PDSCH,0x46,50,4587,6,0,,,,,,,,,,,
54,gnb1,2026-08-19T10:17:06.442603,2991,BSR,0x46,,,,,,,,,,,,,,,0
54,gnb1,2026-08-19T10:17:06.443114,2991,PDSCH,0x46,50,4587,6,0,,,,,,,,,,,
54,gnb1,2026-08-19T10:17:06.459322,2992,PUSCH,0x46,,,,,2,4,269,4,117.9,219,,,,,
54,gnb1,2026-08-19T10:17:06.459448,2992,BSR,0x46,,,,,,,,,,,,,,,0
54,gnb1,2026-08-19T10:17:06.459931,2992,PDSCH,0x46,48,3822,6,0,,,,,,,,,,,
54,gnb1,2026-08-19T10:17:06.478928,2993,PUSCH,0x46,,,,,2,3,249,4,117.9,114,,,,,
54,gnb1,2026-08-19T10:17:06.478995,2993,BSR,0x46,,,,,,,,,,,,,,,0
54,gnb1,2026-08-19T10:17:06.479521,2993,PDSCH,0x46,50,4587,6,0,,,,,,,,,,,
54,gnb1,2026-08-19T10:17:06.496761,2994,BSR,0x46,,,,,,,,,,,,,,,0
54,gnb1,2026-08-19T10:17:06.497281,2994,PDSCH,0x46,50,4587,6,0,,,,,,,,,,,
54,gnb1,2026-08-19T10:17:06.522393,2995,PDSCH,0x46,50,4587,6,0,,,,,,,,,,,
54,gnb1,2026-08-19T10:17:06.534836,2996,PDSCH,0x46,50,4587,6,0,,,,,,,,,,,
54,gnb1,2026-08-19T10:17:06.552331,2997,PDSCH,0x46,50,4587,6,0,,,,,,,,,,,
54,gnb1,2026-08-19T10:17:06.577675,2998,PUSCH,0x46,,,,,2,1,69,4,117.9,132,,,,,
54,gnb1,2026-08-19T10:17:06.577734,2998,PHR,,,,,,,,,,,,,,,,
54,gnb1,2026-08-19T10:17:06.577759,2998,BSR,0x46,,,,,,,,,,,,,,,0
54,gnb1,2026-08-19T10:17:06.578199,2998,PDSCH,0x46,30,2385,6,0,,,,,,,,,,,
54,gnb1,2026-08-19T10:17:06.590939,2999,PUSCH,0x46,,,,,2,4,269,4,118.0,197,,,,,
54,gnb1,2026-08-19T10:17:06.591012,2999,BSR,0x46,,,,,,,,,,,,,,,0
54,gnb1,2026-08-19T10:17:06.591515,2999,PDSCH,0x46,36,2865,6,0,,,,,,,,,,,
54,gnb1,2026-08-19T10:17:06.613879,3000,PUSCH,0x46,,,,,2,4,269,4,117.9,136,,,,,
54,gnb1,2026-08-19T10:17:06.613980,3000,BSR,0x46,,,,,,,,,,,,,,,0
54,gnb1,2026-08-19T10:17:06.614435,3000,PDSCH,0x46,50,4587,6,0,,,,,,,,,,,
54,gnb1,2026-08-19T10:17:06.639036,3001,PUSCH,0x46,,,,,10,7,501,4,104.5,330,,,,,
54,gnb1,2026-08-19T10:17:06.639109,3001,BSR,0x46,,,,,,,,,,,,,,,0
54,gnb1,2026-08-19T10:17:06.639719,3001,PDSCH,0x46,47,4395,6,0,,,,,,,,,,,
54,gnb1,2026-08-19T10:17:06.655411,3002,PUSCH,0x46,,,,,2,3,249,4,117.9,134,,,,,
54,gnb1,2026-08-19T10:17:06.655503,3002,BSR,0x46,,,,,,,,,,,,,,,0
54,gnb1,2026-08-19T10:17:06.656176,3002,PDSCH,0x46,50,4587,6,0,,,,,,,,,,,
54,gnb1,2026-08-19T10:17:06.671522,3003,PDSCH,0x46,50,4587,6,0,,,,,,,,,,,
54,gnb1,2026-08-19T10:17:06.684164,3004,PDSCH,0x46,50,4587,6,0,,,,,,,,,,,
54,gnb1,2026-08-19T10:17:06.699931,3005,PDSCH,0x46,50,4587,6,0,,,,,,,,,,,
54,gnb1,2026-08-19T10:17:06.715614,3006,PUSCH,0x46,,,,,2,1,69,4,118.0,80,,,,,
54,gnb1,2026-08-19T10:17:06.716186,3006,PDSCH,0x46,50,4587,6,0,,,,,,,,,,,
54,gnb1,2026-08-19T10:17:06.738607,3007,PUSCH,0x46,,,,,2,8,573,4,111.4,326,,,,,
54,gnb1,2026-08-19T10:17:06.738678,3007,BSR,0x46,,,,,,,,,,,,,,,0
54,gnb1,2026-08-19T10:17:06.739331,3007,PDSCH,0x46,50,4587,6,0,,,,,,,,,,,
54,gnb1,2026-08-19T10:17:06.755064,3008,PUSCH,0x46,,,,,2,7,501,4,114.2,249,,,,,
54,gnb1,2026-08-19T10:17:06.755219,3008,BSR,0x46,,,,,,,,,,,,,,,0
54,gnb1,2026-08-19T10:17:06.755682,3008,PDSCH,0x46,50,4587,6,0,,,,,,,,,,,
54,gnb1,2026-08-19T10:17:06.767830,3009,PUSCH,0x46,,,,,2,11,749,4,108.5,373,,,,,
54,gnb1,2026-08-19T10:17:06.767952,3009,BSR,0x46,,,,,,,,,,,,,,,0
54,gnb1,2026-08-19T10:17:06.768669,3009,PDSCH,0x46,50,4587,6,0,,,,,,,,,,,
54,gnb1,2026-08-19T10:17:06.785260,3010,PUSCH,0x46,,,,,2,7,501,4,114.2,258,,,,,
54,gnb1,2026-08-19T10:17:06.785341,3010,BSR,0x46,,,,,,,,,,,,,,,0
54,gnb1,2026-08-19T10:17:06.785797,3010,PDSCH,0x46,50,4587,6,0,,,,,,,,,,,
54,gnb1,2026-08-19T10:17:06.800389,3011,BSR,0x46,,,,,,,,,,,,,,,0
54,gnb1,2026-08-19T10:17:06.800932,3011,PDSCH,0x46,50,4587,6,0,,,,,,,,,,,
54,gnb1,2026-08-19T10:17:06.818251,3012,PDSCH,0x46,50,4587,6,0,,,,,,,,,,,
54,gnb1,2026-08-19T10:17:06.836486,3013,PDSCH,0x46,50,4587,6,0,,,,,,,,,,,
54,gnb1,2026-08-19T10:17:06.851644,3014,PDSCH,0x46,50,4587,6,0,,,,,,,,,,,
54,gnb1,2026-08-19T10:17:06.872778,3015,PUSCH,0x46,,,,,2,1,69,4,117.8,103,,,,,
54,gnb1,2026-08-19T10:17:06.872836,3015,BSR,0x46,,,,,,,,,,,,,,,0
54,gnb1,2026-08-19T10:17:06.873352,3015,PDSCH,0x46,50,4587,6,0,,,,,,,,,,,
54,gnb1,2026-08-19T10:17:06.887204,3016,PUSCH,0x46,,,,,2,14,807,4,107.4,386,,,,,
54,gnb1,2026-08-19T10:17:06.887842,3016,PDSCH,0x46,50,4587,6,0,,,,,,,,,,,
54,gnb1,2026-08-19T10:17:06.902914,3017,PUSCH,0x46,,,,,2,14,999,4,107.4,405,,,,,
54,gnb1,2026-08-19T10:17:06.902975,3017,BSR,0x46,,,,,,,,,,,,,,,0
54,gnb1,2026-08-19T10:17:06.903511,3017,PDSCH,0x46,50,4587,6,0,,,,,,,,,,,
54,gnb1,2026-08-19T10:17:06.916639,3018,PUSCH,0x46,,,,,2,11,749,4,108.5,289,,,,,
54,gnb1,2026-08-19T10:17:06.916721,3018,BSR,0x46,,,,,,,,,,,,,,,0
54,gnb1,2026-08-19T10:17:06.917208,3018,PDSCH,0x46,50,4587,6,0,,,,,,,,,,,
54,gnb1,2026-08-19T10:17:06.933859,3019,PUSCH,0x46,,,,,2,3,217,4,117.9,135,,,,,
54,gnb1,2026-08-19T10:17:06.934415,3019,PDSCH,0x46,50,4587,6,0,,,,,,,,,,,
54,gnb1,2026-08-19T10:17:06.955573,3020,PDSCH,0x46,50,4587,6,0,,,,,,,,,,,
54,gnb1,2026-08-19T10:17:06.969061,3021,PDSCH,0x46,47,4395,6,0,,,,,,,,,,,
54,gnb1,2026-08-19T10:17:06.998276,3022,PDSCH,0x46,50,4587,6,0,,,,,,,,,,,
54,gnb1,2026-08-19T10:17:07.010566,3023,PUSCH,0x46,,,,,2,1,69,4,118.0,62,,,,,
54,gnb1,2026-08-19T10:17:07.011139,3023,PDSCH,0x46,50,4587,6,0,,,,,,,,,,,
54,gnb1,2026-08-19T10:17:07.026087,3024,PDSCH,0x46,50,4587,6,0,,,,,,,,,,,
54,gnb1,2026-08-19T10:17:07.040387,3025,PUSCH,0x46,,,,,2,1,105,4,117.8,84,,,,,
54,gnb1,2026-08-19T10:17:07.040906,3025,PDSCH,0x46,50,4587,6,0,,,,,,,,,,,
54,gnb1,2026-08-19T10:17:07.059875,3026,PUSCH,0x46,,,,,2,15,1063,4,107.2,377,,,,,
54,gnb1,2026-08-19T10:17:07.060082,3026,BSR,0x46,,,,,,,,,,,,,,,0
54,gnb1,2026-08-19T10:17:07.060750,3026,PDSCH,0x46,50,4587,6,0,,,,,,,,,,,
54,gnb1,2026-08-19T10:17:07.074402,3027,PDSCH,0x46,50,4587,6,0,,,,,,,,,,,
54,gnb1,2026-08-19T10:17:07.091481,3028,PDSCH,0x46,50,4587,6,0,,,,,,,,,,,
54,gnb1,2026-08-19T10:17:07.110722,3029,PDSCH,0x46,50,4587,6,0,,,,,,,,,,,
54,gnb1,2026-08-19T10:17:07.125231,3030,PDSCH,0x46,50,4587,6,0,,,,,,,,,,,
54,gnb1,2026-08-19T10:17:07.140084,3031,PDSCH,0x46,50,4587,6,0,,,,,,,,,,,
54,gnb1,2026-08-19T10:17:07.153565,3032,PDSCH,0x46,50,4587,6,0,,,,,,,,,,,
54,gnb1,2026-08-19T10:17:07.169944,3033,PDSCH,0x46,50,4587,6,0,,,,,,,,,,,
54,gnb1,2026-08-19T10:17:07.191138,3034,PUSCH,0x46,,,,,2,11,645,4,108.5,252,,,,,
54,gnb1,2026-08-19T10:17:07.191739,3034,PDSCH,0x46,50,4587,6,0,,,,,,,,,,,
54,gnb1,2026-08-19T10:17:07.212141,3035,BSR,0x46,,,,,,,,,,,,,,,0
54,gnb1,2026-08-19T10:17:07.212635,3035,PDSCH,0x46,50,4587,6,0,,,,,,,,,,,
54,gnb1,2026-08-19T10:17:07.225202,3036,PDSCH,0x46,50,4587,6,0,,,,,,,,,,,
54,gnb1,2026-08-19T10:17:07.243000,3037,PDSCH,0x46,50,4587,6,0,,,,,,,,,,,
54,gnb1,2026-08-19T10:17:07.261176,3038,PDSCH,0x46,50,4587,6,0,,,,,,,,,,,
54,gnb1,2026-08-19T10:17:07.275774,3039,PDSCH,0x46,50,4587,6,0,,,,,,,,,,,
54,gnb1,2026-08-19T10:17:07.290513,3040,PDSCH,0x46,50,4587,6,0,,,,,,,,,,,
54,gnb1,2026-08-19T10:17:07.308025,3041,PUCCH_CQI,0x46,,,,,,,,,,,111.8,15,2a,,
54,gnb1,2026-08-19T10:17:07.308575,3041,PDSCH,0x46,47,4395,6,0,,,,,,,,,,,
54,gnb1,2026-08-19T10:17:07.326835,3042,PDSCH,0x46,50,4587,6,0,,,,,,,,,,,
54,gnb1,2026-08-19T10:17:07.340288,3043,PUSCH,0x46,,,,,2,0,32,4,117.8,170,,,,,
54,gnb1,2026-08-19T10:17:07.340346,3043,BSR,0x46,,,,,,,,,,,,,,,0
54,gnb1,2026-08-19T10:17:07.340952,3043,PDSCH,0x46,50,4587,6,0,,,,,,,,,,,
54,gnb1,2026-08-19T10:17:07.366734,3044,BSR,0x46,,,,,,,,,,,,,,,0
54,gnb1,2026-08-19T10:17:07.367194,3044,PDSCH,0x46,50,4587,6,0,,,,,,,,,,,
54,gnb1,2026-08-19T10:17:07.381105,3045,PDSCH,0x46,47,4395,6,0,,,,,,,,,,,
54,gnb1,2026-08-19T10:17:07.393123,3046,PDSCH,0x46,50,4587,6,0,,,,,,,,,,,
54,gnb1,2026-08-19T10:17:07.412469,3047,PDSCH,0x46,50,4587,6,0,,,,,,,,,,,
54,gnb1,2026-08-19T10:17:07.430271,3048,PDSCH,0x46,50,4587,6,0,,,,,,,,,,,
54,gnb1,2026-08-19T10:17:07.441729,3049,PDSCH,0x46,50,4587,6,0,,,,,,,,,,,
54,gnb1,2026-08-19T10:17:07.458967,3050,PDSCH,0x46,50,4587,6,0,,,,,,,,,,,
54,gnb1,2026-08-19T10:17:07.473653,3051,PUSCH,0x46,,,,,2,0,32,4,117.7,99,,,,,
54,gnb1,2026-08-19T10:17:07.473715,3051,BSR,0x46,,,,,,,,,,,,,,,0
54,gnb1,2026-08-19T10:17:07.473771,3051,PHR,,,,,,,,,,,,,,,,
54,gnb1,2026-08-19T10:17:07.474248,3051,PDSCH,0x46,50,4587,6,0,,,,,,,,,,,
54,gnb1,2026-08-19T10:17:07.486658,3052,PUSCH,0x46,,,,,2,4,269,4,117.9,122,,,,,
54,gnb1,2026-08-19T10:17:07.486737,3052,BSR,0x46,,,,,,,,,,,,,,,0
54,gnb1,2026-08-19T10:17:07.487152,3052,PDSCH,0x46,50,4587,6,0,,,,,,,,,,,
54,gnb1,2026-08-19T10:17:07.505853,3053,BSR,0x46,,,,,,,,,,,,,,,0
54,gnb1,2026-08-19T10:17:07.506355,3053,PDSCH,0x46,50,4587,6,0,,,,,,,,,,,
54,gnb1,2026-08-19T10:17:07.525080,3054,PDSCH,0x46,50,4587,6,0,,,,,,,,,,,
54,gnb1,2026-08-19T10:17:07.539465,3055,PDSCH,0x46,47,4395,6,0,,,,,,,,,,,
54,gnb1,2026-08-19T10:17:07.554466,3056,PDSCH,0x46,36,2769,6,0,,,,,,,,,,,
54,gnb1,2026-08-19T10:17:07.610907,3059,PUSCH,0x46,,,,,2,0,18,2,117.9,97,,,,,
54,gnb1,2026-08-19T10:17:07.610971,3059,BSR,0x46,,,,,,,,,,,,,,,0
54,gnb1,2026-08-19T10:17:07.635474,3060,PUSCH,0x46,,,,,2,8,573,4,111.4,227,,,,,
54,gnb1,2026-08-19T10:17:07.635510,3060,BSR,0x46,,,,,,,,,,,,,,,1581
54,gnb1,2026-08-19T10:17:07.656088,3061,PUSCH,0x46,,,,,10,3,217,4,104.5,136,,,,,
54,gnb1,2026-08-19T10:17:07.656182,3061,BSR,0x46,,,,,,,,,,,,,,,0
54,gnb1,2026-08-19T10:17:07.656735,3061,PDSCH,0x46,47,4395,6,0,,,,,,,,,,,
54,gnb1,2026-08-19T10:17:07.680819,3062,BSR,0x46,,,,,,,,,,,,,,,0
54,gnb1,2026-08-19T10:17:07.681380,3062,PDSCH,0x46,50,4587,6,0,,,,,,,,,,,
54,gnb1,2026-08-19T10:17:07.698295,3063,PDSCH,0x46,50,4587,6,0,,,,,,,,,,,
54,gnb1,2026-08-19T10:17:07.714216,3064,PDSCH,0x46,50,4587,6,0,,,,,,,,,,,
54,gnb1,2026-08-19T10:17:07.730006,3065,PDSCH,0x46,21,1527,6,0,,,,,,,,,,,
54,gnb1,2026-08-19T10:17:07.763894,3067,PUSCH,0x46,,,,,2,0,9,2,117.8,65,,,,,
54,gnb1,2026-08-19T10:17:07.763953,3067,BSR,0x46,,,,,,,,,,,,,,,0
54,gnb1,2026-08-19T10:17:07.787130,3068,PUSCH,0x46,,,,,2,44,2865,4,109.0,1221,,,,,
54,gnb1,2026-08-19T10:17:07.787191,3068,BSR,0x46,,,,,,,,,,,,,,,0
54,gnb1,2026-08-19T10:17:07.810339,3069,PUSCH,0x46,,,,,2,31,2124,4,107.6,632,,,,,
54,gnb1,2026-08-19T10:17:07.810456,3069,BSR,0x46,,,,,,,,,,,,,,,0
54,gnb1,2026-08-19T10:17:07.810987,3069,PDSCH,0x46,50,4587,6,0,,,,,,,,,,,
54,gnb1,2026-08-19T10:17:07.824987,3070,PUSCH,0x46,,,,,2,3,193,4,117.9,120,,,,,
54,gnb1,2026-08-19T10:17:07.825545,3070,PDSCH,0x46,50,4587,6,0,,,,,,,,,,,
54,gnb1,2026-08-19T10:17:07.839262,3071,PDSCH,0x46,50,4587,6,0,,,,,,,,,,,
54,gnb1,2026-08-19T10:17:07.859413,3072,PDSCH,0x46,50,4587,6,0,,,,,,,,,,,
54,gnb1,2026-08-19T10:17:07.873557,3073,PDSCH,0x46,50,4587,6,0,,,,,,,,,,,
54,gnb1,2026-08-19T10:17:07.891823,3074,PDSCH,0x46,50,4587,6,0,,,,,,,,,,,
54,gnb1,2026-08-19T10:17:07.910195,3075,PUSCH,0x46,,,,,2,0,2,2,117.7,58,,,,,
54,gnb1,2026-08-19T10:17:07.910703,3075,PDSCH,0x46,50,4587,6,0,,,,,,,,,,,
54,gnb1,2026-08-19T10:17:07.926362,3076,PUSCH,0x46,,,,,2,39,2481,4,108.5,864,,,,,
54,gnb1,2026-08-19T10:17:07.926977,3076,PDSCH,0x46,50,4587,6,0,,,,,,,,,,,
54,gnb1,2026-08-19T10:17:07.945352,3077,PUSCH,0x46,,,,,2,35,2292,4,108.1,778,,,,,
54,gnb1,2026-08-19T10:17:07.945794,3077,PDSCH,0x46,50,4587,6,0,,,,,,,,,,,
54,gnb1,2026-08-19T10:17:07.961042,3078,PDSCH,0x46,50,4587,6,0,,,,,,,,,,,
54,gnb1,2026-08-19T10:17:07.977002,3079,PDSCH,0x46,50,4587,6,0,,,,,,,,,,,
54,gnb1,2026-08-19T10:17:07.993315,3080,BSR,0x46,,,,,,,,,,,,,,,0
54,gnb1,2026-08-19T10:17:07.993588,3080,PDSCH,0x46,50,4587,6,0,,,,,,,,,,,
54,gnb1,2026-08-19T10:17:08.010900,3081,PUCCH_CQI,0x46,,,,,,,,,,,111.8,15,2a,,
54,gnb1,2026-08-19T10:17:08.011419,3081,PDSCH,0x46,47,4395,6,0,,,,,,,,,,,
54,gnb1,2026-08-19T10:17:08.032226,3082,PDSCH,0x46,50,4587,6,0,,,,,,,,,,,
54,gnb1,2026-08-19T10:17:08.047295,3083,PDSCH,0x46,50,4587,6,0,,,,,,,,,,,
54,gnb1,2026-08-19T10:17:08.061873,3084,PDSCH,0x46,50,4587,6,0,,,,,,,,,,,
54,gnb1,2026-08-19T10:17:08.081900,3085,PDSCH,0x46,50,4587,6,0,,,,,,,,,,,
54,gnb1,2026-08-19T10:17:08.096924,3086,PDSCH,0x46,50,4587,6,0,,,,,,,,,,,
54,gnb1,2026-08-19T10:17:08.114732,3087,PDSCH,0x46,50,4587,6,0,,,,,,,,,,,
54,gnb1,2026-08-19T10:17:08.133440,3088,PUSCH,0x46,,,,,2,8,517,4,111.4,240,,,,,
54,gnb1,2026-08-19T10:17:08.134021,3088,PDSCH,0x46,50,4587,6,0,,,,,,,,,,,
54,gnb1,2026-08-19T10:17:08.149581,3089,BSR,0x46,,,,,,,,,,,,,,,0
54,gnb1,2026-08-19T10:17:08.150103,3089,PDSCH,0x46,50,4587,6,0,,,,,,,,,,,
54,gnb1,2026-08-19T10:17:08.164432,3090,PDSCH,0x46,50,4587,6,0,,,,,,,,,,,
54,gnb1,2026-08-19T10:17:08.181905,3091,PDSCH,0x46,50,4587,6,0,,,,,,,,,,,
54,gnb1,2026-08-19T10:17:08.199695,3092,PDSCH,0x46,50,4587,6,0,,,,,,,,,,,
54,gnb1,2026-08-19T10:17:08.217758,3093,PDSCH,0x46,50,4587,6,0,,,,,,,,,,,
54,gnb1,2026-08-19T10:17:08.236686,3094,PDSCH,0x46,50,4587,6,0,,,,,,,,,,,
54,gnb1,2026-08-19T10:17:08.252039,3095,PDSCH,0x46,50,4587,6,0,,,,,,,,,,,
54,gnb1,2026-08-19T10:17:08.265981,3096,PDSCH,0x46,50,4587,6,0,,,,,,,,,,,
54,gnb1,2026-08-19T10:17:08.283916,3097,PUSCH,0x46,,,,,2,14,871,4,107.4,267,,,,,
54,gnb1,2026-08-19T10:17:08.284078,3097,BSR,0x46,,,,,,,,,,,,,,,0
54,gnb1,2026-08-19T10:17:08.284551,3097,PDSCH,0x46,50,4587,6,0,,,,,,,,,,,
54,gnb1,2026-08-19T10:17:08.298445,3098,BSR,0x46,,,,,,,,,,,,,,,0
54,gnb1,2026-08-19T10:17:08.299004,3098,PDSCH,0x46,50,4587,6,0,,,,,,,,,,,
54,gnb1,2026-08-19T10:17:08.317130,3099,PDSCH,0x46,50,4587,6,0,,,,,,,,,,,
54,gnb1,2026-08-19T10:17:08.333045,3100,PDSCH,0x46,50,4587,6,0,,,,,,,,,,,
54,gnb1,2026-08-19T10:17:08.350951,3101,PDSCH,0x46,47,4395,6,0,,,,,,,,,,,
54,gnb1,2026-08-19T10:17:08.376042,3102,PDSCH,0x46,50,4587,6,0,,,,,,,,,,,
54,gnb1,2026-08-19T10:17:08.391554,3103,PDSCH,0x46,50,4587,6,0,,,,,,,,,,,
54,gnb1,2026-08-19T10:17:08.407692,3104,PDSCH,0x46,50,4587,6,0,,,,,,,,,,,
54,gnb1,2026-08-19T10:17:08.428614,3105,PUSCH,0x46,,,,,2,14,871,4,107.4,342,,,,,
54,gnb1,2026-08-19T10:17:08.428691,3105,BSR,0x46,,,,,,,,,,,,,,,0
54,gnb1,2026-08-19T10:17:08.428699,3105,PHR,,,,,,,,,,,,,,,,
54,gnb1,2026-08-19T10:17:08.429234,3105,PDSCH,0x46,50,4587,6,0,,,,,,,,,,,
54,gnb1,2026-08-19T10:17:08.446013,3106,PUSCH,0x46,,,,,2,3,217,4,118.0,133,,,,,
54,gnb1,2026-08-19T10:17:08.446083,3106,BSR,0x46,,,,,,,,,,,,,,,0
54,gnb1,2026-08-19T10:17:08.446750,3106,PDSCH,0x46,50,4587,6,0,,,,,,,,,,,
54,gnb1,2026-08-19T10:17:08.464860,3107,BSR,0x46,,,,,,,,,,,,,,,0
54,gnb1,2026-08-19T10:17:08.465372,3107,PDSCH,0x46,50,4587,6,0,,,,,,,,,,,
54,gnb1,2026-08-19T10:17:08.488759,3108,PDSCH,0x46,50,4587,6,0,,,,,,,,,,,
54,gnb1,2026-08-19T10:17:08.504318,3109,PDSCH,0x46,50,4587,6,0,,,,,,,,,,,
54,gnb1,2026-08-19T10:17:08.533090,3110,PDSCH,0x46,50,4587,6,0,,,,,,,,,,,
54,gnb1,2026-08-19T10:17:08.545483,3111,PDSCH,0x46,50,4587,6,0,,,,,,,,,,,
54,gnb1,2026-08-19T10:17:08.561451,3112,PDSCH,0x46,50,4587,6,0,,,,,,,,,,,
54,gnb1,2026-08-19T10:17:08.574669,3113,PUSCH,0x46,,,,,2,14,871,4,107.4,367,,,,,
54,gnb1,2026-08-19T10:17:08.574758,3113,BSR,0x46,,,,,,,,,,,,,,,0
54,gnb1,2026-08-19T10:17:08.575415,3113,PDSCH,0x46,50,4587,6,0,,,,,,,,,,,
54,gnb1,2026-08-19T10:17:08.596652,3114,PUSCH,0x46,,,,,2,7,501,4,114.3,208,,,,,
54,gnb1,2026-08-19T10:17:08.597238,3114,PDSCH,0x46,50,4587,6,0,,,,,,,,,,,
54,gnb1,2026-08-19T10:17:08.610671,3115,PUSCH,0x46,,,,,2,3,233,4,117.9,135,,,,,
54,gnb1,2026-08-19T10:17:08.611248,3115,PDSCH,0x46,50,4587,6,0,,,,,,,,,,,
54,gnb1,2026-08-19T10:17:08.629244,3116,PDSCH,0x46,50,4587,6,0,,,,,,,,,,,
54,gnb1,2026-08-19T10:17:08.652807,3117,PDSCH,0x46,50,4587,6,0,,,,,,,,,,,
54,gnb1,2026-08-19T10:17:08.667732,3118,PDSCH,0x46,50,4587,6,0,,,,,,,,,,,
54,gnb1,2026-08-19T10:17:08.688432,3119,PDSCH,0x46,50,4587,6,0,,,,,,,,,,,
54,gnb1,2026-08-19T10:17:08.711137,3120,PDSCH,0x46,50,4587,6,0,,,,,,,,,,,
54,gnb1,2026-08-19T10:17:08.725358,3121,PUSCH,0x46,,,,,10,14,871,4,104.5,255,,,,,
54,gnb1,2026-08-19T10:17:08.725474,3121,BSR,0x46,,,,,,,,,,,,,,,0
54,gnb1,2026-08-19T10:17:08.725999,3121,PDSCH,0x46,47,4395,6,0,,,,,,,,,,,
54,gnb1,2026-08-19T10:17:08.742147,3122,BSR,0x46,,,,,,,,,,,,,,,0
54,gnb1,2026-08-19T10:17:08.742673,3122,PDSCH,0x46,50,4587,6,0,,,,,,,,,,,
54,gnb1,2026-08-19T10:17:08.758977,3123,PDSCH,0x46,50,4587,6,0,,,,,,,,,,,
54,gnb1,2026-08-19T10:17:08.774333,3124,PDSCH,0x46,50,4587,6,0,,,,,,,,,,,
54,gnb1,2026-08-19T10:17:08.791486,3125,PDSCH,0x46,50,4587,6,0,,,,,,,,,,,
54,gnb1,2026-08-19T10:17:08.814922,3126,PDSCH,0x46,50,4587,6,0,,,,,,,,,,,
54,gnb1,2026-08-19T10:17:08.834818,3127,PDSCH,0x46,50,4587,6,0,,,,,,,,,,,
54,gnb1,2026-08-19T10:17:08.856068,3128,PDSCH,0x46,50,4587,6,0,,,,,,,,,,,
54,gnb1,2026-08-19T10:17:08.875039,3129,PUSCH,0x46,,,,,2,8,517,4,111.4,184,,,,,
54,gnb1,2026-08-19T10:17:08.875126,3129,BSR,0x46,,,,,,,,,,,,,,,0
54,gnb1,2026-08-19T10:17:08.875744,3129,PDSCH,0x46,50,4587,6,0,,,,,,,,,,,
54,gnb1,2026-08-19T10:17:08.894816,3130,PUSCH,0x46,,,,,2,1,97,4,117.9,116,,,,,
54,gnb1,2026-08-19T10:17:08.894887,3130,BSR,0x46,,,,,,,,,,,,,,,0
54,gnb1,2026-08-19T10:17:08.895453,3130,PDSCH,0x46,50,4587,6,0,,,,,,,,,,,
54,gnb1,2026-08-19T10:17:08.913302,3131,PDSCH,0x46,50,4587,6,0,,,,,,,,,,,
54,gnb1,2026-08-19T10:17:08.929492,3132,PDSCH,0x46,50,4587,6,0,,,,,,,,,,,
54,gnb1,2026-08-19T10:17:08.950471,3133,PDSCH,0x46,50,4587,6,0,,,,,,,,,,,
54,gnb1,2026-08-19T10:17:08.967738,3134,PDSCH,0x46,50,4587,6,0,,,,,,,,,,,
54,gnb1,2026-08-19T10:17:08.986462,3135,PDSCH,0x46,50,4587,6,0,,,,,,,,,,,
54,gnb1,2026-08-19T10:17:09.007576,3136,PDSCH,0x46,50,4587,6,0,,,,,,,,,,,
54,gnb1,2026-08-19T10:17:09.027817,3137,PUSCH,0x46,,,,,2,8,517,4,111.4,212,,,,,
54,gnb1,2026-08-19T10:17:09.027902,3137,BSR,0x46,,,,,,,,,,,,,,,0
54,gnb1,2026-08-19T10:17:09.028412,3137,PDSCH,0x46,50,4587,6,0,,,,,,,,,,,
54,gnb1,2026-08-19T10:17:09.052203,3138,PUSCH,0x46,,,,,2,15,1063,4,107.2,444,,,,,
54,gnb1,2026-08-19T10:17:09.052270,3138,BSR,0x46,,,,,,,,,,,,,,,73
54,gnb1,2026-08-19T10:17:09.052801,3138,PDSCH,0x46,50,4587,6,0,,,,,,,,,,,
54,gnb1,2026-08-19T10:17:09.070225,3139,BSR,0x46,,,,,,,,,,,,,,,0
54,gnb1,2026-08-19T10:17:09.070723,3139,PDSCH,0x46,50,4587,6,0,,,,,,,,,,,
54,gnb1,2026-08-19T10:17:09.092618,3140,PDSCH,0x46,50,4587,6,0,,,,,,,,,,,
54,gnb1,2026-08-19T10:17:09.110332,3141,PDSCH,0x46,47,4395,6,0,,,,,,,,,,,
54,gnb1,2026-08-19T10:17:09.126999,3142,PDSCH,0x46,50,4587,6,0,,,,,,,,,,,
54,gnb1,2026-08-19T10:17:09.145876,3143,PDSCH,0x46,50,4587,6,0,,,,,,,,,,,
54,gnb1,2026-08-19T10:17:09.164492,3144,PDSCH,0x46,50,4587,6,0,,,,,,,,,,,
54,gnb1,2026-08-19T10:17:09.184112,3145,PUSCH,0x46,,,,,2,7,501,4,114.2,188,,,,,
54,gnb1,2026-08-19T10:17:09.184253,3145,BSR,0x46,,,,,,,,,,,,,,,0
54,gnb1,2026-08-19T10:17:09.184739,3145,PDSCH,0x46,50,4587,6,0,,,,,,,,,,,
54,gnb1,2026-08-19T10:17:09.202790,3146,PUSCH,0x46,,,,,2,19,1239,4,106.5,451,,,,,
54,gnb1,2026-08-19T10:17:09.202852,3146,BSR,0x46,,,,,,,,,,,,,,,0
54,gnb1,2026-08-19T10:17:09.203416,3146,PDSCH,0x46,50,4587,6,0,,,,,,,,,,,
54,gnb1,2026-08-19T10:17:09.220982,3147,PUSCH,0x46,,,,,2,5,349,4,118.0,184,,,,,
54,gnb1,2026-08-19T10:17:09.221517,3147,PDSCH,0x46,50,4587,6,0,,,,,,,,,,,
54,gnb1,2026-08-19T10:17:09.236373,3148,PDSCH,0x46,50,4587,6,0,,,,,,,,,,,
54,gnb1,2026-08-19T10:17:09.256769,3149,PDSCH,0x46,50,4587,6,0,,,,,,,,,,,
54,gnb1,2026-08-19T10:17:09.277593,3150,PDSCH,0x46,50,4587,6,0,,,,,,,,,,,
54,gnb1,2026-08-19T10:17:09.297971,3151,PDSCH,0x46,50,4587,6,0,,,,,,,,,,,
54,gnb1,2026-08-19T10:17:09.319033,3152,PDSCH,0x46,50,4587,6,0,,,,,,,,,,,
54,gnb1,2026-08-19T10:17:09.335639,3153,PUSCH,0x46,,,,,2,7,501,4,114.2,226,,,,,
54,gnb1,2026-08-19T10:17:09.336264,3153,PDSCH,0x46,50,4587,6,0,,,,,,,,,,,
54,gnb1,2026-08-19T10:17:09.351240,3154,PUSCH,0x46,,,,,2,23,1527,4,106.4,665,,,,,
54,gnb1,2026-08-19T10:17:09.351299,3154,BSR,0x46,,,,,,,,,,,,,,,0
54,gnb1,2026-08-19T10:17:09.351789,3154,PDSCH,0x46,50,4587,6,0,,,,,,,,,,,
54,gnb1,2026-08-19T10:17:09.373160,3155,PDSCH,0x46,50,4587,6,0,,,,,,,,,,,
54,gnb1,2026-08-19T10:17:09.390841,3156,PDSCH,0x46,50,4587,6,0,,,,,,,,,,,
54,gnb1,2026-08-19T10:17:09.408567,3157,PDSCH,0x46,50,4587,6,0,,,,,,,,,,,
54,gnb1,2026-08-19T10:17:09.426785,3158,PDSCH,0x46,50,4587,6,0,,,,,,,,,,,
54,gnb1,2026-08-19T10:17:09.444290,3159,PDSCH,0x46,50,4587,6,0,,,,,,,,,,,
54,gnb1,2026-08-19T10:17:09.456537,3160,BSR,0x46,,,,,,,,,,,,,,,0
54,gnb1,2026-08-19T10:17:09.457058,3160,PDSCH,0x46,50,4587,6,0,,,,,,,,,,,
54,gnb1,2026-08-19T10:17:09.483778,3161,PUCCH_CQI,0x46,,,,,,,,,,,111.8,15,2a,,
54,gnb1,2026-08-19T10:17:09.484774,3161,PDSCH,0x46,47,4395,6,0,,,,,,,,,,,
54,gnb1,2026-08-19T10:17:09.491049,3162,PUSCH,0x46,,,,,2,4,269,4,117.9,117,,,,,
54,gnb1,2026-08-19T10:17:09.491135,3162,PHR,,,,,,,,,,,,,,,,
54,gnb1,2026-08-19T10:17:09.491604,3162,PDSCH,0x46,50,4587,6,0,,,,,,,,,,,
54,gnb1,2026-08-19T10:17:09.515943,3163,BSR,0x46,,,,,,,,,,,,,,,0
54,gnb1,2026-08-19T10:17:09.516408,3163,PDSCH,0x46,50,4587,6,0,,,,,,,,,,,
54,gnb1,2026-08-19T10:17:09.536320,3164,PDSCH,0x46,50,4587,6,0,,,,,,,,,,,
54,gnb1,2026-08-19T10:17:09.556232,3165,PDSCH,0x46,50,4587,6,0,,,,,,,,,,,
54,gnb1,2026-08-19T10:17:09.572321,3166,PDSCH,0x46,50,4587,6,0,,,,,,,,,,,
54,gnb1,2026-08-19T10:17:09.588732,3167,PDSCH,0x46,50,4587,6,0,,,,,,,,,,,
54,gnb1,2026-08-19T10:17:09.614240,3168,PUSCH,0x46,,,,,2,3,249,4,117.9,236,,,,,
54,gnb1,2026-08-19T10:17:09.614320,3168,BSR,0x46,,,,,,,,,,,,,,,0
54,gnb1,2026-08-19T10:17:09.614772,3168,PDSCH,0x46,50,4587,6,0,,,,,,,,,,,
54,gnb1,2026-08-19T10:17:09.630500,3169,BSR,0x46,,,,,,,,,,,,,,,0
54,gnb1,2026-08-19T10:17:09.630994,3169,PDSCH,0x46,50,4587,6,0,,,,,,,,,,,
54,gnb1,2026-08-19T10:17:09.650838,3170,PDSCH,0x46,50,4587,6,0,,,,,,,,,,,
54,gnb1,2026-08-19T10:17:09.668573,3171,PUSCH,0x46,,,,,10,4,293,4,104.5,152,,,,,
54,gnb1,2026-08-19T10:17:09.668645,3171,BSR,0x46,,,,,,,,,,,,,,,0
54,gnb1,2026-08-19T10:17:09.669195,3171,PDSCH,0x46,50,4587,6,0,,,,,,,,,,,
54,gnb1,2026-08-19T10:17:09.684301,3172,BSR,0x46,,,,,,,,,,,,,,,0
54,gnb1,2026-08-19T10:17:09.684796,3172,PDSCH,0x46,50,4587,6,0,,,,,,,,,,,
54,gnb1,2026-08-19T10:17:09.706332,3173,PDSCH,0x46,50,4587,6,0,,,,,,,,,,,
54,gnb1,2026-08-19T10:17:09.728024,3174,PDSCH,0x46,50,4587,6,0,,,,,,,,,,,
54,gnb1,2026-08-19T10:17:09.743598,3175,PDSCH,0x46,50,4587,6,0,,,,,,,,,,,
54,gnb1,2026-08-19T10:17:09.764824,3176,PUSCH,0x46,,,,,2,3,233,4,118.0,120,,,,,
54,gnb1,2026-08-19T10:17:09.764927,3176,BSR,0x46,,,,,,,,,,,,,,,0
54,gnb1,2026-08-19T10:17:09.765531,3176,PDSCH,0x46,50,4587,6,0,,,,,,,,,,,
54,gnb1,2026-08-19T10:17:09.784157,3177,PUSCH,0x46,,,,,2,4,269,4,117.9,121,,,,,
54,gnb1,2026-08-19T10:17:09.784213,3177,BSR,0x46,,,,,,,,,,,,,,,0
54,gnb1,2026-08-19T10:17:09.784843,3177,PDSCH,0x46,50,4587,6,0,,,,,,,,,,,
54,gnb1,2026-08-19T10:17:09.799147,3178,BSR,0x46,,,,,,,,,,,,,,,0
54,gnb1,2026-08-19T10:17:09.799721,3178,PDSCH,0x46,50,4587,6,0,,,,,,,,,,,
54,gnb1,2026-08-19T10:17:09.819830,3179,PUSCH,0x46,,,,,2,4,293,4,118.0,99,,,,,
54,gnb1,2026-08-19T10:17:09.819882,3179,BSR,0x46,,,,,,,,,,,,,,,0
54,gnb1,2026-08-19T10:17:09.820330,3179,PDSCH,0x46,50,4587,6,0,,,,,,,,,,,
54,gnb1,2026-08-19T10:17:09.838781,3180,PUSCH,0x46,,,,,2,3,249,4,117.9,109,,,,,
54,gnb1,2026-08-19T10:17:09.838861,3180,BSR,0x46,,,,,,,,,,,,,,,0
54,gnb1,2026-08-19T10:17:09.839384,3180,PDSCH,0x46,50,4587,6,0,,,,,,,,,,,
54,gnb1,2026-08-19T10:17:09.857987,3181,BSR,0x46,,,,,,,,,,,,,,,0
54,gnb1,2026-08-19T10:17:09.858583,3181,PDSCH,0x46,47,4395,6,0,,,,,,,,,,,
54,gnb1,2026-08-19T10:17:09.881949,3182,PDSCH,0x46,50,4587,6,0,,,,,,,,,,,
54,gnb1,2026-08-19T10:17:09.898810,3183,PDSCH,0x46,50,4587,6,0,,,,,,,,,,,
54,gnb1,2026-08-19T10:17:09.916310,3184,PUSCH,0x46,,,,,2,3,233,4,117.9,119,,,,,
54,gnb1,2026-08-19T10:17:09.916433,3184,BSR,0x46,,,,,,,,,,,,,,,0
54,gnb1,2026-08-19T10:17:09.917084,3184,PDSCH,0x46,50,4587,6,0,,,,,,,,,,,
54,gnb1,2026-08-19T10:17:09.935492,3185,PUSCH,0x46,,,,,2,8,517,4,111.4,220,,,,,
54,gnb1,2026-08-19T10:17:09.936097,3185,PDSCH,0x46,50,4587,6,0,,,,,,,,,,,
54,gnb1,2026-08-19T10:17:09.957510,3186,PUSCH,0x46,,,,,2,4,269,4,117.9,113,,,,,
54,gnb1,2026-08-19T10:17:09.957648,3186,BSR,0x46,,,,,,,,,,,,,,,0
54,gnb1,2026-08-19T10:17:09.958126,3186,PDSCH,0x46,50,4587,6,0,,,,,,,,,,,
54,gnb1,2026-08-19T10:17:09.972099,3187,PUSCH,0x46,,,,,2,4,293,4,117.9,114,,,,,
54,gnb1,2026-08-19T10:17:09.972159,3187,BSR,0x46,,,,,,,,,,,,,,,0
54,gnb1,2026-08-19T10:17:09.972639,3187,PDSCH,0x46,50,4587,6,0,,,,,,,,,,,
54,gnb1,2026-08-19T10:17:09.993848,3188,PUSCH,0x46,,,,,2,7,501,4,114.2,210,,,,,
54,gnb1,2026-08-19T10:17:09.993943,3188,BSR,0x46,,,,,,,,,,,,,,,0
54,gnb1,2026-08-19T10:17:09.994617,3188,PDSCH,0x46,50,4587,6,0,,,,,,,,,,,
54,gnb1,2026-08-19T10:17:10.014308,3189,PUSCH,0x46,,,,,2,3,249,4,117.9,111,,,,,
54,gnb1,2026-08-19T10:17:10.014433,3189,BSR,0x46,,,,,,,,,,,,,,,0
54,gnb1,2026-08-19T10:17:10.014979,3189,PDSCH,0x46,50,4587,6,0,,,,,,,,,,,
54,gnb1,2026-08-19T10:17:10.036065,3190,BSR,0x46,,,,,,,,,,,,,,,0
54,gnb1,2026-08-19T10:17:10.036561,3190,PDSCH,0x46,50,4587,6,0,,,,,,,,,,,
54,gnb1,2026-08-19T10:17:10.052907,3191,PDSCH,0x46,50,4587,6,0,,,,,,,,,,,
54,gnb1,2026-08-19T10:17:10.071031,3192,PUSCH,0x46,,,,,2,3,233,4,117.9,138,,,,,
54,gnb1,2026-08-19T10:17:10.071120,3192,BSR,0x46,,,,,,,,,,,,,,,0
54,gnb1,2026-08-19T10:17:10.071686,3192,PDSCH,0x46,50,4587,6,0,,,,,,,,,,,
54,gnb1,2026-08-19T10:17:10.086620,3193,BSR,0x46,,,,,,,,,,,,,,,0
54,gnb1,2026-08-19T10:17:10.087107,3193,PDSCH,0x46,50,4587,6,0,,,,,,,,,,,
54,gnb1,2026-08-19T10:17:10.109735,3194,PUSCH,0x46,,,,,2,0,55,4,117.8,163,,,,,
54,gnb1,2026-08-19T10:17:10.109834,3194,BSR,0x46,,,,,,,,,,,,,,,0
54,gnb1,2026-08-19T10:17:10.110319,3194,PDSCH,0x46,50,4587,6,0,,,,,,,,,,,
54,gnb1,2026-08-19T10:17:10.128249,3195,PUSCH,0x46,,,,,2,4,293,4,117.9,118,,,,,
54,gnb1,2026-08-19T10:17:10.128311,3195,BSR,0x46,,,,,,,,,,,,,,,0
54,gnb1,2026-08-19T10:17:10.128803,3195,PDSCH,0x46,50,4587,6,0,,,,,,,,,,,
54,gnb1,2026-08-19T10:17:10.144405,3196,PUSCH,0x46,,,,,2,14,807,4,107.4,259,,,,,
54,gnb1,2026-08-19T10:17:10.144492,3196,BSR,0x46,,,,,,,,,,,,,,,0
54,gnb1,2026-08-19T10:17:10.145020,3196,PDSCH,0x46,50,4587,6,0,,,,,,,,,,,
54,gnb1,2026-08-19T10:17:10.160948,3197,PUSCH,0x46,,,,,2,7,469,4,114.2,223,,,,,
54,gnb1,2026-08-19T10:17:10.161483,3197,PDSCH,0x46,50,4587,6,0,,,,,,,,,,,
54,gnb1,2026-08-19T10:17:10.186555,3198,PUSCH,0x46,,,,,2,3,249,4,117.9,155,,,,,
54,gnb1,2026-08-19T10:17:10.187117,3198,PDSCH,0x46,50,4587,6,0,,,,,,,,,,,
54,gnb1,2026-08-19T10:17:10.205973,3199,PDSCH,0x46,50,4587,6,0,,,,,,,,,,,
54,gnb1,2026-08-19T10:17:10.227588,3200,PUSCH,0x46,,,,,2,3,233,4,117.9,130,,,,,
54,gnb1,2026-08-19T10:17:10.228238,3200,PDSCH,0x46,50,4587,6,0,,,,,,,,,,,
54,gnb1,2026-08-19T10:17:10.252293,3201,PUSCH,0x46,,,,,10,4,249,4,104.5,124,,,,,
54,gnb1,2026-08-19T10:17:10.252818,3201,PDSCH,0x46,47,4395,6,0,,,,,,,,,,,
54,gnb1,2026-08-19T10:17:10.270904,3202,PUSCH,0x46,,,,,2,0,55,4,117.9,190,,,,,
54,gnb1,2026-08-19T10:17:10.271451,3202,PDSCH,0x46,50,4587,6,0,,,,,,,,,,,
54,gnb1,2026-08-19T10:17:10.290690,3203,PUSCH,0x46,,,,,2,8,573,4,111.4,211,,,,,
54,gnb1,2026-08-19T10:17:10.291318,3203,PDSCH,0x46,50,4587,6,0,,,,,,,,,,,
54,gnb1,2026-08-19T10:17:10.312801,3204,PUSCH,0x46,,,,,2,15,1063,4,107.2,363,,,,,
54,gnb1,2026-08-19T10:17:10.313516,3204,PDSCH,0x46,50,4587,6,0,,,,,,,,,,,
54,gnb1,2026-08-19T10:17:10.329032,3205,PDSCH,0x46,47,4395,6,0,,,,,,,,,,,
54,gnb1,2026-08-19T10:17:10.352875,3206,PDSCH,0x46,50,4587,6,0,,,,,,,,,,,
54,gnb1,2026-08-19T10:17:10.372631,3207,PDSCH,0x46,50,4587,6,0,,,,,,,,,,,
54,gnb1,2026-08-19T10:17:10.393557,3208,PDSCH,0x46,50,4587,6,0,,,,,,,,,,,
54,gnb1,2026-08-19T10:17:10.410662,3209,PDSCH,0x46,50,4587,6,0,,,,,,,,,,,
54,gnb1,2026-08-19T10:17:10.430711,3210,PDSCH,0x46,50,4587,6,0,,,,,,,,,,,
54,gnb1,2026-08-19T10:17:10.453058,3211,PDSCH,0x46,50,4587,6,0,,,,,,,,,,,
54,gnb1,2026-08-19T10:17:10.473052,3212,PDSCH,0x46,50,4587,6,0,,,,,,,,,,,
54,gnb1,2026-08-19T10:17:10.496812,3213,PDSCH,0x46,50,4587,6,0,,,,,,,,,,,
54,gnb1,2026-08-19T10:17:10.512685,3214,PDSCH,0x46,50,4587,6,0,,,,,,,,,,,
54,gnb1,2026-08-19T10:17:10.531000,3215,PDSCH,0x46,47,4395,6,0,,,,,,,,,,,
54,gnb1,2026-08-19T10:17:10.551280,3216,PDSCH,0x46,50,4587,6,0,,,,,,,,,,,
54,gnb1,2026-08-19T10:17:10.571252,3217,PDSCH,0x46,50,4587,6,0,,,,,,,,,,,
54,gnb1,2026-08-19T10:17:10.594909,3218,PDSCH,0x46,50,4587,6,0,,,,,,,,,,,
54,gnb1,2026-08-19T10:17:10.613190,3219,PDSCH,0x46,50,4587,6,0,,,,,,,,,,,
54,gnb1,2026-08-19T10:17:10.629161,3220,BSR,0x46,,,,,,,,,,,,,,,0
54,gnb1,2026-08-19T10:17:10.629691,3220,PDSCH,0x46,50,4587,6,0,,,,,,,,,,,
54,gnb1,2026-08-19T10:17:10.647001,3221,PDSCH,0x46,47,4395,6,0,,,,,,,,,,,
54,gnb1,2026-08-19T10:17:10.665883,3222,PDSCH,0x46,50,4587,6,0,,,,,,,,,,,
54,gnb1,2026-08-19T10:17:10.687858,3223,PDSCH,0x46,50,4587,6,0,,,,,,,,,,,
54,gnb1,2026-08-19T10:17:10.707795,3224,PDSCH,0x46,50,4587,6,0,,,,,,,,,,,
54,gnb1,2026-08-19T10:17:10.727453,3225,PDSCH,0x46,50,4587,6,0,,,,,,,,,,,
54,gnb1,2026-08-19T10:17:10.746919,3226,PDSCH,0x46,50,4587,6,0,,,,,,,,,,,
54,gnb1,2026-08-19T10:17:10.764834,3227,PDSCH,0x46,50,4587,6,0,,,,,,,,,,,
54,gnb1,2026-08-19T10:17:10.783820,3228,PUSCH,0x46,,,,,2,8,517,4,111.4,176,,,,,
54,gnb1,2026-08-19T10:17:10.783915,3228,PHR,,,,,,,,,,,,,,,,
54,gnb1,2026-08-19T10:17:10.784336,3228,PDSCH,0x46,50,4587,6,0,,,,,,,,,,,
54,gnb1,2026-08-19T10:17:10.813077,3229,BSR,0x46,,,,,,,,,,,,,,,0
54,gnb1,2026-08-19T10:17:10.813660,3229,PDSCH,0x46,50,4587,6,0,,,,,,,,,,,
54,gnb1,2026-08-19T10:17:10.837793,3230,PDSCH,0x46,50,4587,6,0,,,,,,,,,,,
54,gnb1,2026-08-19T10:17:10.858407,3231,PDSCH,0x46,50,4587,6,0,,,,,,,,,,,
54,gnb1,2026-08-19T10:17:10.882557,3232,PDSCH,0x46,50,4587,6,0,,,,,,,,,,,
54,gnb1,2026-08-19T10:17:10.905737,3233,PDSCH,0x46,50,4587,6,0,,,,,,,,,,,
54,gnb1,2026-08-19T10:17:10.928531,3234,PDSCH,0x46,50,4587,6,0,,,,,,,,,,,
54,gnb1,2026-08-19T10:17:10.953729,3235,PDSCH,0x46,50,4587,6,0,,,,,,,,,,,
54,gnb1,2026-08-19T10:17:10.973369,3236,PDSCH,0x46,50,4587,6,0,,,,,,,,,,,
54,gnb1,2026-08-19T10:17:10.995874,3237,PUSCH,0x46,,,,,2,29,1908,4,107.3,788,,,,,
54,gnb1,2026-08-19T10:17:10.995946,3237,BSR,0x46,,,,,,,,,,,,,,,0
54,gnb1,2026-08-19T10:17:10.996346,3237,PDSCH,0x46,27,2124,6,0,,,,,,,,,,,
54,gnb1,2026-08-19T10:17:11.014370,3238,BSR,0x46,,,,,,,,,,,,,,,0
54,gnb1,2026-08-19T10:17:11.076821,3241,PUCCH_CQI,0x46,,,,,,,,,,,111.8,15,2a,,
54,gnb1,2026-08-19T10:17:11.161251,3245,PUSCH,0x46,,,,,2,29,1908,4,107.3,587,,,,,
54,gnb1,2026-08-19T10:17:11.161319,3245,BSR,0x46,,,,,,,,,,,,,,,0
54,gnb1,2026-08-19T10:17:11.178061,3246,PUSCH,0x46,,,,,2,15,1063,4,107.2,355,,,,,
54,gnb1,2026-08-19T10:17:11.178117,3246,BSR,0x46,,,,,,,,,,,,,,,0
54,gnb1,2026-08-19T10:17:11.197249,3247,BSR,0x46,,,,,,,,,,,,,,,0
54,gnb1,2026-08-19T10:17:11.197807,3247,PDSCH,0x46,50,4587,6,0,,,,,,,,,,,
54,gnb1,2026-08-19T10:17:11.225209,3248,PDSCH,0x46,50,4587,6,0,,,,,,,,,,,
54,gnb1,2026-08-19T10:17:11.245659,3249,PDSCH,0x46,50,4587,6,0,,,,,,,,,,,
54,gnb1,2026-08-19T10:17:11.263775,3250,PDSCH,0x46,50,4587,6,0,,,,,,,,,,,
54,gnb1,2026-08-19T10:17:11.280928,3251,PDSCH,0x46,50,4587,6,0,,,,,,,,,,,
54,gnb1,2026-08-19T10:17:11.305164,3252,PDSCH,0x46,50,4587,6,0,,,,,,,,,,,
54,gnb1,2026-08-19T10:17:11.321474,3253,PUSCH,0x46,,,,,2,29,1908,4,107.3,634,,,,,
54,gnb1,2026-08-19T10:17:11.321538,3253,BSR,0x46,,,,,,,,,,,,,,,0
54,gnb1,2026-08-19T10:17:11.322043,3253,PDSCH,0x46,50,4587,6,0,,,,,,,,,,,
54,gnb1,2026-08-19T10:17:11.350938,3254,PUSCH,0x46,,,,,2,23,1527,4,106.4,596,,,,,
54,gnb1,2026-08-19T10:17:11.351024,3254,BSR,0x46,,,,,,,,,,,,,,,0
54,gnb1,2026-08-19T10:17:11.351622,3254,PDSCH,0x46,50,4587,6,0,,,,,,,,,,,
54,gnb1,2026-08-19T10:17:11.372535,3255,PUSCH,0x46,,,,,2,3,249,4,118.0,116,,,,,
54,gnb1,2026-08-19T10:17:11.373133,3255,PDSCH,0x46,50,4587,6,0,,,,,,,,,,,
54,gnb1,2026-08-19T10:17:11.393065,3256,PDSCH,0x46,50,4587,6,0,,,,,,,,,,,
54,gnb1,2026-08-19T10:17:11.410552,3257,PDSCH,0x46,50,4587,6,0,,,,,,,,,,,
54,gnb1,2026-08-19T10:17:11.433552,3258,PDSCH,0x46,50,4587,6,0,,,,,,,,,,,
54,gnb1,2026-08-19T10:17:11.450004,3259,PDSCH,0x46,50,4587,6,0,,,,,,,,,,,
54,gnb1,2026-08-19T10:17:11.469150,3260,PDSCH,0x46,50,4587,6,0,,,,,,,,,,,
54,gnb1,2026-08-19T10:17:11.487242,3261,PUSCH,0x46,,,,,10,29,1908,4,107.5,650,,,,,
54,gnb1,2026-08-19T10:17:11.487794,3261,PDSCH,0x46,47,4395,6,0,,,,,,,,,,,
54,gnb1,2026-08-19T10:17:11.505890,3262,PUSCH,0x46,,,,,2,29,1908,4,107.3,570,,,,,
54,gnb1,2026-08-19T10:17:11.506014,3262,BSR,0x46,,,,,,,,,,,,,,,0
54,gnb1,2026-08-19T10:17:11.506449,3262,PDSCH,0x46,50,4587,6,0,,,,,,,,,,,
54,gnb1,2026-08-19T10:17:11.522301,3263,PDSCH,0x46,50,4587,6,0,,,,,,,,,,,
54,gnb1,2026-08-19T10:17:11.541629,3264,PDSCH,0x46,50,4587,6,0,,,,,,,,,,,
54,gnb1,2026-08-19T10:17:11.562814,3265,PDSCH,0x46,50,4587,6,0,,,,,,,,,,,
54,gnb1,2026-08-19T10:17:11.583995,3266,PDSCH,0x46,50,4587,6,0,,,,,,,,,,,
54,gnb1,2026-08-19T10:17:11.601990,3267,PDSCH,0x46,50,4587,6,0,,,,,,,,,,,
54,gnb1,2026-08-19T10:17:11.621824,3268,PDSCH,0x46,50,4587,6,0,,,,,,,,,,,
54,gnb1,2026-08-19T10:17:11.640440,3269,PDSCH,0x46,50,4587,6,0,,,,,,,,,,,
54,gnb1,2026-08-19T10:17:11.661937,3270,PUSCH,0x46,,,,,2,8,517,4,111.4,223,,,,,
54,gnb1,2026-08-19T10:17:11.662491,3270,PDSCH,0x46,50,4587,6,0,,,,,,,,,,,
54,gnb1,2026-08-19T10:17:11.684021,3271,BSR,0x46,,,,,,,,,,,,,,,0
54,gnb1,2026-08-19T10:17:11.684531,3271,PDSCH,0x46,50,4587,6,0,,,,,,,,,,,
54,gnb1,2026-08-19T10:17:11.709083,3272,PDSCH,0x46,50,4587,6,0,,,,,,,,,,,
54,gnb1,2026-08-19T10:17:11.727832,3273,PDSCH,0x46,50,4587,6,0,,,,,,,,,,,
54,gnb1,2026-08-19T10:17:11.748659,3274,PDSCH,0x46,50,4587,6,0,,,,,,,,,,,
54,gnb1,2026-08-19T10:17:11.767500,3275,PDSCH,0x46,50,4587,6,0,,,,,,,,,,,
54,gnb1,2026-08-19T10:17:11.787767,3276,PDSCH,0x46,50,4587,6,0,,,,,,,,,,,
54,gnb1,2026-08-19T10:17:11.804625,3277,PDSCH,0x46,50,4587,6,0,,,,,,,,,,,
54,gnb1,2026-08-19T10:17:11.833279,3278,PDSCH,0x46,50,4587,6,0,,,,,,,,,,,
54,gnb1,2026-08-19T10:17:11.858417,3279,PUSCH,0x46,,,,,2,4,293,4,118.0,143,,,,,
54,gnb1,2026-08-19T10:17:11.858448,3279,PHR,,,,,,,,,,,,,,,,
54,gnb1,2026-08-19T10:17:11.858489,3279,BSR,0x46,,,,,,,,,,,,,,,0
54,gnb1,2026-08-19T10:17:11.858965,3279,PDSCH,0x46,50,4587,6,0,,,,,,,,,,,
54,gnb1,2026-08-19T10:17:11.859576,3280,BSR,0x46,,,,,,,,,,,,,,,0
54,gnb1,2026-08-19T10:17:11.860024,3280,PDSCH,0x46,50,4587,6,0,,,,,,,,,,,
54,gnb1,2026-08-19T10:17:11.905466,3281,PUCCH_CQI,0x46,,,,,,,,,,,111.8,15,2a,,
54,gnb1,2026-08-19T10:17:11.906174,3281,PDSCH,0x46,47,4395,6,0,,,,,,,,,,,
54,gnb1,2026-08-19T10:17:11.907105,3282,PDSCH,0x46,50,4587,6,0,,,,,,,,,,,
54,gnb1,2026-08-19T10:17:11.934836,3283,PDSCH,0x46,50,4587,6,0,,,,,,,,,,,
54,gnb1,2026-08-19T10:17:11.985186,3284,PDSCH,0x46,45,3542,6,0,,,,,,,,,,,
54,gnb1,2026-08-19T10:17:12.040100,3287,PUSCH,0x46,,,,,2,4,293,4,117.9,136,,,,,
54,gnb1,2026-08-19T10:17:12.040149,3287,BSR,0x46,,,,,,,,,,,,,,,0
54,gnb1,2026-08-19T10:17:12.058065,3288,PUSCH,0x46,,,,,2,3,249,4,117.9,112,,,,,
54,gnb1,2026-08-19T10:17:12.058156,3288,BSR,0x46,,,,,,,,,,,,,,,0
54,gnb1,2026-08-19T10:17:12.058686,3288,PDSCH,0x46,50,4587,6,0,,,,,,,,,,,
54,gnb1,2026-08-19T10:17:12.059255,3289,BSR,0x46,,,,,,,,,,,,,,,0
54,gnb1,2026-08-19T10:17:12.059684,3289,PDSCH,0x46,33,2481,6,0,,,,,,,,,,,
54,gnb1,2026-08-19T10:17:12.078989,3290,PDSCH,0x46,50,4587,6,0,,,,,,,,,,,
54,gnb1,2026-08-19T10:17:12.117251,3291,PDSCH,0x46,33,2481,6,0,,,,,,,,,,,
54,gnb1,2026-08-19T10:17:12.205461,3295,PUSCH,0x46,,,,,2,4,293,4,118.0,120,,,,,
54,gnb1,2026-08-19T10:17:12.205519,3295,BSR,0x46,,,,,,,,,,,,,,,0
54,gnb1,2026-08-19T10:17:12.225633,3296,PUSCH,0x46,,,,,2,8,517,4,111.4,223,,,,,
54,gnb1,2026-08-19T10:17:12.225675,3296,BSR,0x46,,,,,,,,,,,,,,,0
54,gnb1,2026-08-19T10:17:12.257346,3297,PUSCH,0x46,,,,,2,3,249,4,117.9,113,,,,,
54,gnb1,2026-08-19T10:17:12.257443,3297,BSR,0x46,,,,,,,,,,,,,,,0
54,gnb1,2026-08-19T10:17:12.257932,3297,PDSCH,0x46,50,4587,6,0,,,,,,,,,,,
54,gnb1,2026-08-19T10:17:12.287182,3298,BSR,0x46,,,,,,,,,,,,,,,0
54,gnb1,2026-08-19T10:17:12.287721,3298,PDSCH,0x46,50,4587,6,0,,,,,,,,,,,
54,gnb1,2026-08-19T10:17:12.316635,3299,PDSCH,0x46,50,4587,6,0,,,,,,,,,,,
54,gnb1,2026-08-19T10:17:12.348975,3300,PDSCH,0x46,50,4587,6,0,,,,,,,,,,,
54,gnb1,2026-08-19T10:17:12.378331,3301,PDSCH,0x46,47,4395,6,0,,,,,,,,,,,
54,gnb1,2026-08-19T10:17:12.410044,3302,PDSCH,0x46,50,4587,6,0,,,,,,,,,,,
54,gnb1,2026-08-19T10:17:12.443004,3303,PUSCH,0x46,,,,,2,4,293,4,117.9,150,,,,,
54,gnb1,2026-08-19T10:17:12.443092,3303,BSR,0x46,,,,,,,,,,,,,,,0
54,gnb1,2026-08-19T10:17:12.443372,3303,PDSCH,0x46,12,807,6,0,,,,,,,,,,,
54,gnb1,2026-08-19T10:17:12.471371,3304,PUSCH,0x46,,,,,2,31,1980,4,107.6,703,,,,,
54,gnb1,2026-08-19T10:17:12.471436,3304,BSR,0x46,,,,,,,,,,,,,,,0
54,gnb1,2026-08-19T10:17:12.471961,3304,PDSCH,0x46,50,4587,6,0,,,,,,,,,,,
54,gnb1,2026-08-19T10:17:12.504575,3305,PUSCH,0x46,,,,,2,7,501,4,114.2,189,,,,,
54,gnb1,2026-08-19T10:17:12.505217,3305,PDSCH,0x46,50,4587,6,0,,,,,,,,,,,
54,gnb1,2026-08-19T10:17:12.546611,3306,PUSCH,0x46,,,,,2,3,233,4,118.0,134,,,,,
54,gnb1,2026-08-19T10:17:12.547231,3306,PDSCH,0x46,50,4587,6,0,,,,,,,,,,,
54,gnb1,2026-08-19T10:17:12.584564,3307,PDSCH,0x46,50,4587,6,0,,,,,,,,,,,
54,gnb1,2026-08-19T10:17:12.624367,3308,PDSCH,0x46,50,4587,6,0,,,,,,,,,,,
54,gnb1,2026-08-19T10:17:12.657726,3309,PDSCH,0x46,50,4587,6,0,,,,,,,,,,,
54,gnb1,2026-08-19T10:17:12.691987,3310,PDSCH,0x46,50,4587,6,0,,,,,,,,,,,
54,gnb1,2026-08-19T10:17:12.720796,3311,PUSCH,0x46,,,,,10,4,293,4,104.5,178,,,,,
54,gnb1,2026-08-19T10:17:12.721428,3311,PDSCH,0x46,50,4587,6,0,,,,,,,,,,,
54,gnb1,2026-08-19T10:17:12.751868,3312,PUSCH,0x46,,,,,2,35,2292,4,108.1,853,,,,,
54,gnb1,2026-08-19T10:17:12.751926,3312,BSR,0x46,,,,,,,,,,,,,,,0
54,gnb1,2026-08-19T10:17:12.752446,3312,PDSCH,0x46,50,4587,6,0,,,,,,,,,,,
54,gnb1,2026-08-19T10:17:12.782851,3313,PDSCH,0x46,50,4587,6,0,,,,,,,,,,,
54,gnb1,2026-08-19T10:17:12.813395,3314,PDSCH,0x46,50,4587,6,0,,,,,,,,,,,
54,gnb1,2026-08-19T10:17:12.841404,3315,PDSCH,0x46,50,4587,6,0,,,,,,,,,,,
54,gnb1,2026-08-19T10:17:12.868547,3316,PDSCH,0x46,50,4587,6,0,,,,,,,,,,,
54,gnb1,2026-08-19T10:17:12.897056,3317,PDSCH,0x46,50,4587,6,0,,,,,,,,,,,
54,gnb1,2026-08-19T10:17:12.922380,3318,PDSCH,0x46,50,4587,6,0,,,,,,,,,,,
54,gnb1,2026-08-19T10:17:12.948403,3319,PDSCH,0x46,50,4587,6,0,,,,,,,,,,,
54,gnb1,2026-08-19T10:17:12.982266,3320,PUSCH,0x46,,,,,2,3,249,4,117.9,113,,,,,
54,gnb1,2026-08-19T10:17:12.982809,3320,PDSCH,0x46,50,4587,6,0,,,,,,,,,,,
54,gnb1,2026-08-19T10:17:13.014271,3321,PUCCH_CQI,0x46,,,,,,,,,,,111.8,15,2a,,
54,gnb1,2026-08-19T10:17:13.014343,3321,BSR,0x46,,,,,,,,,,,,,,,0
54,gnb1,2026-08-19T10:17:13.014807,3321,PDSCH,0x46,47,4395,6,0,,,,,,,,,,,
54,gnb1,2026-08-19T10:17:13.043304,3322,PDSCH,0x46,50,4587,6,0,,,,,,,,,,,
54,gnb1,2026-08-19T10:17:13.070054,3323,PDSCH,0x46,21,1620,6,0,,,,,,,,,,,
54,gnb1,2026-08-19T10:17:13.232404,3329,PUSCH,0x46,,,,,2,9,621,4,110.0,270,,,,,
54,gnb1,2026-08-19T10:17:13.232459,3329,BSR,0x46,,,,,,,,,,,,,,,0
54,gnb1,2026-08-19T10:17:13.232512,3329,PHR,,,,,,,,,,,,,,,,
54,gnb1,2026-08-19T10:17:13.259954,3330,BSR,0x46,,,,,,,,,,,,,,,0
54,gnb1,2026-08-19T10:17:13.260452,3330,PDSCH,0x46,50,4587,6,0,,,,,,,,,,,
54,gnb1,2026-08-19T10:17:13.287857,3331,PDSCH,0x46,50,4587,6,0,,,,,,,,,,,
54,gnb1,2026-08-19T10:17:13.313988,3332,PDSCH,0x46,50,4587,6,0,,,,,,,,,,,
54,gnb1,2026-08-19T10:17:13.338600,3333,PDSCH,0x46,50,4587,6,0,,,,,,,,,,,
54,gnb1,2026-08-19T10:17:13.366158,3334,PDSCH,0x46,50,4587,6,0,,,,,,,,,,,
54,gnb1,2026-08-19T10:17:13.391459,3335,PDSCH,0x46,50,4587,6,0,,,,,,,,,,,
54,gnb1,2026-08-19T10:17:13.418502,3336,PDSCH,0x46,45,3422,6,0,,,,,,,,,,,
54,gnb1,2026-08-19T10:17:13.443668,3337,PUSCH,0x46,,,,,2,9,621,4,110.0,217,,,,,
54,gnb1,2026-08-19T10:17:13.443740,3337,BSR,0x46,,,,,,,,,,,,,,,0
54,gnb1,2026-08-19T10:17:13.470937,3338,PUSCH,0x46,,,,,2,3,249,4,117.9,138,,,,,
54,gnb1,2026-08-19T10:17:13.471003,3338,BSR,0x46,,,,,,,,,,,,,,,0
54,gnb1,2026-08-19T10:17:13.471559,3338,PDSCH,0x46,50,4587,6,0,,,,,,,,,,,
54,gnb1,2026-08-19T10:17:13.509438,3339,BSR,0x46,,,,,,,,,,,,,,,0
54,gnb1,2026-08-19T10:17:13.509911,3339,PDSCH,0x46,50,4587,6,0,,,,,,,,,,,
54,gnb1,2026-08-19T10:17:13.547464,3340,PDSCH,0x46,50,4587,6,0,,,,,,,,,,,
54,gnb1,2026-08-19T10:17:13.587049,3341,PDSCH,0x46,47,4395,6,0,,,,,,,,,,,
54,gnb1,2026-08-19T10:17:13.629062,3342,PDSCH,0x46,50,4587,6,0,,,,,,,,,,,
54,gnb1,2026-08-19T10:17:13.668264,3343,PDSCH,0x46,50,4587,6,0,,,,,,,,,,,
54,gnb1,2026-08-19T10:17:13.707244,3344,PDSCH,0x46,50,4587,6,0,,,,,,,,,,,
54,gnb1,2026-08-19T10:17:13.743515,3345,PUSCH,0x46,,,,,2,9,621,4,110.0,301,,,,,
54,gnb1,2026-08-19T10:17:13.743611,3345,BSR,0x46,,,,,,,,,,,,,,,0
54,gnb1,2026-08-19T10:17:13.744232,3345,PDSCH,0x46,50,4587,6,0,,,,,,,,,,,
54,gnb1,2026-08-19T10:17:13.773337,3346,PUSCH,0x46,,,,,2,8,517,4,111.4,244,,,,,
54,gnb1,2026-08-19T10:17:13.773426,3346,BSR,0x46,,,,,,,,,,,,,,,0
54,gnb1,2026-08-19T10:17:13.774027,3346,PDSCH,0x46,50,4587,6,0,,,,,,,,,,,
54,gnb1,2026-08-19T10:17:13.803393,3347,PUSCH,0x46,,,,,2,3,249,4,117.9,138,,,,,
54,gnb1,2026-08-19T10:17:13.803484,3347,BSR,0x46,,,,,,,,,,,,,,,0
54,gnb1,2026-08-19T10:17:13.803957,3347,PDSCH,0x46,50,4587,6,0,,,,,,,,,,,
54,gnb1,2026-08-19T10:17:13.829110,3348,BSR,0x46,,,,,,,,,,,,,,,0
54,gnb1,2026-08-19T10:17:13.829648,3348,PDSCH,0x46,50,4587,6,0,,,,,,,,,,,
54,gnb1,2026-08-19T10:17:13.863343,3349,PDSCH,0x46,50,4587,6,0,,,,,,,,,,,
54,gnb1,2026-08-19T10:17:13.895783,3350,PDSCH,0x46,50,4587,6,0,,,,,,,,,,,
54,gnb1,2026-08-19T10:17:13.927661,3351,PDSCH,0x46,50,4587,6,0,,,,,,,,,,,
54,gnb1,2026-08-19T10:17:13.957069,3352,PDSCH,0x46,15,999,6,0,,,,,,,,,,,
54,gnb1,2026-08-19T10:17:13.987919,3353,PUSCH,0x46,,,,,2,9,621,4,110.0,250,,,,,
54,gnb1,2026-08-19T10:17:13.987988,3353,BSR,0x46,,,,,,,,,,,,,,,0
54,gnb1,2026-08-19T10:17:14.019801,3354,PUSCH,0x46,,,,,2,1,105,4,118.0,68,,,,,
54,gnb1,2026-08-19T10:17:14.019854,3354,BSR,0x46,,,,,,,,,,,,,,,0
54,gnb1,2026-08-19T10:17:14.020327,3354,PDSCH,0x46,50,4587,6,0,,,,,,,,,,,
54,gnb1,2026-08-19T10:17:14.047721,3355,PUSCH,0x46,,,,,2,8,517,4,111.4,195,,,,,
54,gnb1,2026-08-19T10:17:14.047815,3355,BSR,0x46,,,,,,,,,,,,,,,0
54,gnb1,2026-08-19T10:17:14.048332,3355,PDSCH,0x46,50,4587,6,0,,,,,,,,,,,
54,gnb1,2026-08-19T10:17:14.074978,3356,PUSCH,0x46,,,,,2,3,249,4,117.9,115,,,,,
54,gnb1,2026-08-19T10:17:14.075585,3356,PDSCH,0x46,50,4587,6,0,,,,,,,,,,,
54,gnb1,2026-08-19T10:17:14.107822,3357,PDSCH,0x46,50,4587,6,0,,,,,,,,,,,
54,gnb1,2026-08-19T10:17:14.135666,3358,PDSCH,0x46,50,4587,6,0,,,,,,,,,,,
54,gnb1,2026-08-19T10:17:14.163509,3359,PDSCH,0x46,50,4587,6,0,,,,,,,,,,,
54,gnb1,2026-08-19T10:17:14.191340,3360,PDSCH,0x46,50,4587,6,0,,,,,,,,,,,
54,gnb1,2026-08-19T10:17:14.217115,3361,PUSCH,0x46,,,,,10,9,621,4,104.6,224,,,,,
54,gnb1,2026-08-19T10:17:14.217718,3361,PDSCH,0x46,47,4395,6,0,,,,,,,,,,,
54,gnb1,2026-08-19T10:17:14.242398,3362,PUSCH,0x46,,,,,2,5,373,4,118.0,218,,,,,
54,gnb1,2026-08-19T10:17:14.242967,3362,PDSCH,0x46,50,4587,6,0,,,,,,,,,,,
54,gnb1,2026-08-19T10:17:14.269480,3363,PUSCH,0x46,,,,,2,14,807,4,107.4,287,,,,,
54,gnb1,2026-08-19T10:17:14.269555,3363,BSR,0x46,,,,,,,,,,,,,,,0
54,gnb1,2026-08-19T10:17:14.270096,3363,PDSCH,0x46,50,4587,6,0,,,,,,,,,,,
54,gnb1,2026-08-19T10:17:14.295050,3364,PDSCH,0x46,50,4587,6,0,,,,,,,,,,,
54,gnb1,2026-08-19T10:17:14.318998,3365,PDSCH,0x46,47,4395,6,0,,,,,,,,,,,
54,gnb1,2026-08-19T10:17:14.352095,3366,PDSCH,0x46,50,4587,6,0,,,,,,,,,,,
54,gnb1,2026-08-19T10:17:14.377443,3367,PDSCH,0x46,15,1191,6,0,,,,,,,,,,,
54,gnb1,2026-08-19T10:17:14.475796,3371,PUSCH,0x46,,,,,10,8,517,4,104.5,193,,,,,
54,gnb1,2026-08-19T10:17:14.500620,3372,BSR,0x46,,,,,,,,,,,,,,,0
54,gnb1,2026-08-19T10:17:14.500899,3372,PDSCH,0x46,50,4587,6,0,,,,,,,,,,,
54,gnb1,2026-08-19T10:17:14.525936,3373,PDSCH,0x46,50,4587,6,0,,,,,,,,,,,
54,gnb1,2026-08-19T10:17:14.551351,3374,PDSCH,0x46,50,4587,6,0,,,,,,,,,,,
54,gnb1,2026-08-19T10:17:14.603388,3376,PDSCH,0x46,27,1836,6,0,,,,,,,,,,,
54,gnb1,2026-08-19T10:17:14.703698,3380,PUSCH,0x46,,,,,2,7,469,4,114.2,225,,,,,
54,gnb1,2026-08-19T10:17:14.703736,3380,BSR,0x46,,,,,,,,,,,,,,,0
54,gnb1,2026-08-19T10:17:14.703785,3380,PHR,,,,,,,,,,,,,,,,
54,gnb1,2026-08-19T10:17:14.727856,3381,BSR,0x46,,,,,,,,,,,,,,,0
54,gnb1,2026-08-19T10:17:14.728328,3381,PDSCH,0x46,47,4395,6,0,,,,,,,,,,,
54,gnb1,2026-08-19T10:17:14.756522,3382,PDSCH,0x46,50,4587,6,0,,,,,,,,,,,
54,gnb1,2026-08-19T10:17:14.781103,3383,PDSCH,0x46,50,4587,6,0,,,,,,,,,,,
54,gnb1,2026-08-19T10:17:14.802906,3384,PDSCH,0x46,50,4587,6,0,,,,,,,,,,,
54,gnb1,2026-08-19T10:17:14.826272,3385,PDSCH,0x46,3,121,6,0,,,,,,,,,,,
54,gnb1,2026-08-19T10:17:14.898280,3388,PUSCH,0x46,,,,,2,7,469,4,114.2,132,,,,,
54,gnb1,2026-08-19T10:17:14.898306,3388,BSR,0x46,,,,,,,,,,,,,,,0
54,gnb1,2026-08-19T10:17:14.924769,3389,PUSCH,0x46,,,,,2,3,233,4,117.9,198,,,,,
54,gnb1,2026-08-19T10:17:14.924845,3389,BSR,0x46,,,,,,,,,,,,,,,0
54,gnb1,2026-08-19T10:17:14.925237,3389,PDSCH,0x46,50,4587,6,0,,,,,,,,,,,
54,gnb1,2026-08-19T10:17:14.949702,3390,BSR,0x46,,,,,,,,,,,,,,,0
54,gnb1,2026-08-19T10:17:14.949969,3390,PDSCH,0x46,50,4587,6,0,,,,,,,,,,,
54,gnb1,2026-08-19T10:17:14.976780,3391,PDSCH,0x46,50,4587,6,0,,,,,,,,,,,
54,gnb1,2026-08-19T10:17:15.001028,3392,PDSCH,0x46,50,4587,6,0,,,,,,,,,,,
54,gnb1,2026-08-19T10:17:15.021803,3393,PDSCH,0x46,50,4587,6,0,,,,,,,,,,,
54,gnb1,2026-08-19T10:17:15.047984,3394,PDSCH,0x46,50,4587,6,0,,,,,,,,,,,
54,gnb1,2026-08-19T10:17:15.071227,3395,PDSCH,0x46,50,4587,6,0,,,,,,,,,,,
54,gnb1,2026-08-19T10:17:15.093339,3396,PUSCH,0x46,,,,,2,7,469,4,114.2,204,,,,,
54,gnb1,2026-08-19T10:17:15.093408,3396,BSR,0x46,,,,,,,,,,,,,,,0
54,gnb1,2026-08-19T10:17:15.093695,3396,PDSCH,0x46,6,217,4,0,,,,,,,,,,,
54,gnb1,2026-08-19T10:17:15.117375,3397,PUSCH,0x46,,,,,2,7,501,4,114.2,261,,,,,
54,gnb1,2026-08-19T10:17:15.117435,3397,BSR,0x46,,,,,,,,,,,,,,,0
54,gnb1,2026-08-19T10:17:15.137292,3398,PUSCH,0x46,,,,,2,3,249,4,117.9,105,,,,,
54,gnb1,2026-08-19T10:17:15.137356,3398,BSR,0x46,,,,,,,,,,,,,,,0
54,gnb1,2026-08-19T10:17:15.137848,3398,PDSCH,0x46,50,4587,6,0,,,,,,,,,,,
54,gnb1,2026-08-19T10:17:15.160236,3399,BSR,0x46,,,,,,,,,,,,,,,0
54,gnb1,2026-08-19T10:17:15.160707,3399,PDSCH,0x46,50,4587,6,0,,,,,,,,,,,
54,gnb1,2026-08-19T10:17:15.181807,3400,PDSCH,0x46,50,4587,6,0,,,,,,,,,,,
54,gnb1,2026-08-19T10:17:15.199960,3401,PUCCH_CQI,0x46,,,,,,,,,,,111.8,15,2a,,
54,gnb1,2026-08-19T10:17:15.200489,3401,PDSCH,0x46,47,4395,6,0,,,,,,,,,,,
54,gnb1,2026-08-19T10:17:15.218237,3402,PDSCH,0x46,50,4587,6,0,,,,,,,,,,,
54,gnb1,2026-08-19T10:17:15.236713,3403,PDSCH,0x46,15,1191,6,0,,,,,,,,,,,
54,gnb1,2026-08-19T10:17:15.257278,3404,PUSCH,0x46,,,,,2,7,469,4,114.3,173,,,,,
54,gnb1,2026-08-19T10:17:15.257327,3404,BSR,0x46,,,,,,,,,,,,,,,0
54,gnb1,2026-08-19T10:17:15.279591,3405,PUSCH,0x46,,,,,2,1,113,4,117.8,89,,,,,
54,gnb1,2026-08-19T10:17:15.279661,3405,BSR,0x46,,,,,,,,,,,,,,,0
54,gnb1,2026-08-19T10:17:15.280059,3405,PDSCH,0x46,50,4587,6,0,,,,,,,,,,,
54,gnb1,2026-08-19T10:17:15.299269,3406,PUSCH,0x46,,,,,2,8,517,4,111.4,225,,,,,
54,gnb1,2026-08-19T10:17:15.299328,3406,BSR,0x46,,,,,,,,,,,,,,,0
54,gnb1,2026-08-19T10:17:15.299816,3406,PDSCH,0x46,50,4587,6,0,,,,,,,,,,,
54,gnb1,2026-08-19T10:17:15.316888,3407,PUSCH,0x46,,,,,2,3,249,4,117.9,138,,,,,
54,gnb1,2026-08-19T10:17:15.317391,3407,PDSCH,0x46,50,4587,6,0,,,,,,,,,,,
54,gnb1,2026-08-19T10:17:15.334898,3408,PDSCH,0x46,50,4587,6,0,,,,,,,,,,,
54,gnb1,2026-08-19T10:17:15.352500,3409,PDSCH,0x46,50,4587,6,0,,,,,,,,,,,
54,gnb1,2026-08-19T10:17:15.376337,3410,PDSCH,0x46,50,4587,6,0,,,,,,,,,,,
54,gnb1,2026-08-19T10:17:15.394164,3411,PDSCH,0x46,50,4587,6,0,,,,,,,,,,,
54,gnb1,2026-08-19T10:17:15.416528,3412,PUSCH,0x46,,,,,2,7,469,4,114.2,87,,,,,
54,gnb1,2026-08-19T10:17:15.416789,3412,PDSCH,0x46,50,4587,6,0,,,,,,,,,,,
54,gnb1,2026-08-19T10:17:15.439374,3413,PUSCH,0x46,,,,,2,5,373,4,117.9,184,,,,,
54,gnb1,2026-08-19T10:17:15.439829,3413,PDSCH,0x46,50,4587,6,0,,,,,,,,,,,
54,gnb1,2026-08-19T10:17:15.457788,3414,PUSCH,0x46,,,,,2,14,807,4,107.4,190,,,,,
54,gnb1,2026-08-19T10:17:15.458076,3414,PDSCH,0x46,50,4587,6,0,,,,,,,,,,,
54,gnb1,2026-08-19T10:17:15.488194,3415,PDSCH,0x46,50,4587,6,0,,,,,,,,,,,
54,gnb1,2026-08-19T10:17:15.515592,3416,PDSCH,0x46,50,4587,6,0,,,,,,,,,,,
54,gnb1,2026-08-19T10:17:15.544639,3417,PDSCH,0x46,50,4587,6,0,,,,,,,,,,,
54,gnb1,2026-08-19T10:17:15.634802,3420,BSR,0x46,,,,,,,,,,,,,,,0
54,gnb1,2026-08-19T10:17:15.853449,3428,PUSCH,0x46,,,,,2,8,517,4,111.4,139,,,,,
54,gnb1,2026-08-19T10:17:15.882394,3429,BSR,0x46,,,,,,,,,,,,,,,0
54,gnb1,2026-08-19T10:17:15.882974,3429,PDSCH,0x46,50,4587,6,0,,,,,,,,,,,
54,gnb1,2026-08-19T10:17:15.913628,3430,PDSCH,0x46,50,4587,6,0,,,,,,,,,,,
54,gnb1,2026-08-19T10:17:15.942863,3431,PDSCH,0x46,50,4587,6,0,,,,,,,,,,,
54,gnb1,2026-08-19T10:17:15.970189,3432,PDSCH,0x46,50,4587,6,0,,,,,,,,,,,
54,gnb1,2026-08-19T10:17:15.999025,3433,PDSCH,0x46,18,1383,6,0,,,,,,,,,,,
54,gnb1,2026-08-19T10:17:16.150332,3437,PUSCH,0x46,,,,,2,14,999,4,107.4,370,,,,,
54,gnb1,2026-08-19T10:17:16.150392,3437,BSR,0x46,,,,,,,,,,,,,,,0
54,gnb1,2026-08-19T10:17:16.150441,3437,PHR,,,,,,,,,,,,,,,,
54,gnb1,2026-08-19T10:17:16.188863,3438,PDSCH,0x46,50,4587,6,0,,,,,,,,,,,
54,gnb1,2026-08-19T10:17:16.230713,3439,PDSCH,0x46,50,4587,6,0,,,,,,,,,,,
54,gnb1,2026-08-19T10:17:16.272659,3440,PDSCH,0x46,50,4587,6,0,,,,,,,,,,,
54,gnb1,2026-08-19T10:17:16.314265,3441,PUCCH_CQI,0x46,,,,,,,,,,,111.8,15,2a,,
54,gnb1,2026-08-19T10:17:16.314897,3441,PDSCH,0x46,47,4395,6,0,,,,,,,,,,,
54,gnb1,2026-08-19T10:17:16.354508,3442,PDSCH,0x46,50,4587,6,0,,,,,,,,,,,
54,gnb1,2026-08-19T10:17:16.395620,3443,PDSCH,0x46,50,4587,6,0,,,,,,,,,,,
54,gnb1,2026-08-19T10:17:16.434549,3444,PDSCH,0x46,50,4587,6,0,,,,,,,,,,,
54,gnb1,2026-08-19T10:17:16.470838,3445,PUSCH,0x46,,,,,2,14,999,4,107.4,327,,,,,
54,gnb1,2026-08-19T10:17:16.470948,3445,BSR,0x46,,,,,,,,,,,,,,,0
54,gnb1,2026-08-19T10:17:16.471153,3445,PDSCH,0x46,6,437,6,0,,,,,,,,,,,
54,gnb1,2026-08-19T10:17:16.510242,3446,PDSCH,0x46,50,4587,6,0,,,,,,,,,,,
54,gnb1,2026-08-19T10:17:16.559313,3447,PDSCH,0x46,50,4587,6,0,,,,,,,,,,,
54,gnb1,2026-08-19T10:17:16.601848,3448,PDSCH,0x46,45,3542,6,0,,,,,,,,,,,
54,gnb1,2026-08-19T10:17:16.798073,3453,PUSCH,0x46,,,,,2,8,517,4,111.4,222,,,,,
54,gnb1,2026-08-19T10:17:16.837360,3454,BSR,0x46,,,,,,,,,,,,,,,0
54,gnb1,2026-08-19T10:17:17.108561,3462,PUSCH,0x46,,,,,2,11,749,4,108.5,398,,,,,
54,gnb1,2026-08-19T10:17:17.108622,3462,BSR,0x46,,,,,,,,,,,,,,,0
54,gnb1,2026-08-19T10:17:17.148886,3463,BSR,0x46,,,,,,,,,,,,,,,0
54,gnb1,2026-08-19T10:17:17.149446,3463,PDSCH,0x46,50,4587,6,0,,,,,,,,,,,
54,gnb1,2026-08-19T10:17:17.187559,3464,PDSCH,0x46,50,4587,6,0,,,,,,,,,,,
54,gnb1,2026-08-19T10:17:17.227579,3465,PDSCH,0x46,50,4587,6,0,,,,,,,,,,,
54,gnb1,2026-08-19T10:17:17.265353,3466,PDSCH,0x46,50,4587,6,0,,,,,,,,,,,
54,gnb1,2026-08-19T10:17:17.314395,3467,PDSCH,0x46,18,1383,6,0,,,,,,,,,,,
54,gnb1,2026-08-19T10:17:17.439319,3470,PUSCH,0x46,,,,,2,11,749,4,108.5,303,,,,,
54,gnb1,2026-08-19T10:17:17.439367,3470,BSR,0x46,,,,,,,,,,,,,,,0
54,gnb1,2026-08-19T10:17:17.483134,3471,PUSCH,0x46,,,,,10,3,233,4,104.5,184,,,,,
54,gnb1,2026-08-19T10:17:17.483270,3471,BSR,0x46,,,,,,,,,,,,,,,0
54,gnb1,2026-08-19T10:17:17.483792,3471,PDSCH,0x46,50,4587,6,0,,,,,,,,,,,
54,gnb1,2026-08-19T10:17:17.542963,3472,PDSCH,0x46,50,4587,6,0,,,,,,,,,,,
54,gnb1,2026-08-19T10:17:17.594418,3473,PDSCH,0x46,50,4587,6,0,,,,,,,,,,,
54,gnb1,2026-08-19T10:17:17.642034,3474,PDSCH,0x46,50,4587,6,0,,,,,,,,,,,
54,gnb1,2026-08-19T10:17:17.802070,3478,PUSCH,0x46,,,,,2,11,749,4,108.5,320,,,,,
54,gnb1,2026-08-19T10:17:17.840325,3479,PUSCH,0x46,,,,,2,7,501,4,114.2,168,,,,,
54,gnb1,2026-08-19T10:17:17.840405,3479,BSR,0x46,,,,,,,,,,,,,,,0
54,gnb1,2026-08-19T10:17:17.840902,3479,PDSCH,0x46,50,4587,6,0,,,,,,,,,,,
54,gnb1,2026-08-19T10:17:17.886281,3480,BSR,0x46,,,,,,,,,,,,,,,0
54,gnb1,2026-08-19T10:17:17.886590,3480,PDSCH,0x46,50,4587,6,0,,,,,,,,,,,
54,gnb1,2026-08-19T10:17:17.929535,3481,PUCCH_CQI,0x46,,,,,,,,,,,111.8,15,2a,,
54,gnb1,2026-08-19T10:17:17.930022,3481,PDSCH,0x46,47,4395,6,0,,,,,,,,,,,
54,gnb1,2026-08-19T10:17:17.969855,3482,PDSCH,0x46,42,3302,6,0,,,,,,,,,,,
54,gnb1,2026-08-19T10:17:18.127407,3487,PUSCH,0x46,,,,,2,1,97,4,118.0,96,,,,,
54,gnb1,2026-08-19T10:17:18.153110,3488,PUSCH,0x46,,,,,2,7,437,4,114.2,225,,,,,
54,gnb1,2026-08-19T10:17:18.153161,3488,PHR,,,,,,,,,,,,,,,,
54,gnb1,2026-08-19T10:17:18.182935,3489,PDSCH,0x46,50,4587,6,0,,,,,,,,,,,
54,gnb1,2026-08-19T10:17:18.220475,3490,PDSCH,0x46,50,4587,6,0,,,,,,,,,,,
54,gnb1,2026-08-19T10:17:18.247560,3491,PDSCH,0x46,45,3542,6,0,,,,,,,,,,,
54,gnb1,2026-08-19T10:17:18.496939,3500,BSR,0x46,,,,,,,,,,,,,,,0
54,gnb1,2026-08-19T10:17:18.724850,3508,PUSCH,0x46,,,,,2,8,517,4,111.4,248,,,,,
54,gnb1,2026-08-19T10:17:18.751412,3509,BSR,0x46,,,,,,,,,,,,,,,0
54,gnb1,2026-08-19T10:17:18.960181,3517,PUSCH,0x46,,,,,2,23,1383,4,106.4,525,,,,,
54,gnb1,2026-08-19T10:17:18.960230,3517,BSR,0x46,,,,,,,,,,,,,,,0
54,gnb1,2026-08-19T10:17:18.988287,3518,PDSCH,0x46,50,4587,6,0,,,,,,,,,,,
54,gnb1,2026-08-19T10:17:19.014797,3519,PDSCH,0x46,50,4587,6,0,,,,,,,,,,,
54,gnb1,2026-08-19T10:17:19.042589,3520,PDSCH,0x46,50,4587,6,0,,,,,,,,,,,
54,gnb1,2026-08-19T10:17:19.066982,3521,PUCCH_CQI,0x46,,,,,,,,,,,111.8,15,2,,
54,gnb1,2026-08-19T10:17:19.067664,3521,PDSCH,0x46,47,4395,6,0,,,,,,,,,,,
54,gnb1,2026-08-19T10:17:19.094187,3522,PDSCH,0x46,39,2961,6,0,,,,,,,,,,,
54,gnb1,2026-08-19T10:17:19.170339,3525,PUSCH,0x46,,,,,2,23,1383,4,106.4,488,,,,,
54,gnb1,2026-08-19T10:17:19.308570,3531,PDSCH,0x46,3,7,2,0,,,,,,,,,,,
54,gnb1,2026-08-19T10:17:19.494573,3540,BSR,0x46,,,,,,,,,,,,,,,0
54,gnb1,2026-08-19T10:17:19.686907,3548,PUSCH,0x46,,,,,2,8,517,4,111.4,254,,,,,
54,gnb1,2026-08-19T10:17:19.686996,3548,PHR,,,,,,,,,,,,,,,,
54,gnb1,2026-08-19T10:17:19.714927,3549,BSR,0x46,,,,,,,,,,,,,,,0
54,gnb1,2026-08-19T10:17:19.715469,3549,PDSCH,0x46,50,4587,6,0,,,,,,,,,,,
54,gnb1,2026-08-19T10:17:19.746067,3550,PDSCH,0x46,50,3963,6,0,,,,,,,,,,,
54,gnb1,2026-08-19T10:17:19.946930,3557,PUSCH,0x46,,,,,2,7,469,4,114.2,183,,,,,
54,gnb1,2026-08-19T10:17:19.946986,3557,BSR,0x46,,,,,,,,,,,,,,,0
54,gnb1,2026-08-19T10:17:20.054767,3561,PUCCH_CQI,0x46,,,,,,,,,,,111.8,15,2,,
54,gnb1,2026-08-19T10:17:20.160183,3565,PUSCH,0x46,,,,,2,7,469,4,114.2,185,,,,,
54,gnb1,2026-08-19T10:17:20.160241,3565,BSR,0x46,,,,,,,,,,,,,,,0
54,gnb1,2026-08-19T10:17:20.188345,3566,BSR,0x46,,,,,,,,,,,,,,,0
54,gnb1,2026-08-19T10:17:20.380923,3573,PUSCH,0x46,,,,,2,7,469,4,114.2,181,,,,,
54,gnb1,2026-08-19T10:17:20.380982,3573,BSR,0x46,,,,,,,,,,,,,,,0
54,gnb1,2026-08-19T10:17:20.408433,3574,PUSCH,0x46,,,,,2,8,517,4,111.4,243,,,,,
54,gnb1,2026-08-19T10:17:20.408509,3574,BSR,0x46,,,,,,,,,,,,,,,0
54,gnb1,2026-08-19T10:17:20.409183,3574,PDSCH,0x46,50,4587,6,0,,,,,,,,,,,
54,gnb1,2026-08-19T10:17:20.437131,3575,PDSCH,0x46,50,4587,6,0,,,,,,,,,,,
54,gnb1,2026-08-19T10:17:20.477888,3576,PDSCH,0x46,50,4587,6,0,,,,,,,,,,,
54,gnb1,2026-08-19T10:17:20.515576,3577,PDSCH,0x46,50,4587,6,0,,,,,,,,,,,
54,gnb1,2026-08-19T10:17:20.553289,3578,PDSCH,0x46,50,4587,6,0,,,,,,,,,,,
54,gnb1,2026-08-19T10:17:20.588190,3579,PDSCH,0x46,15,999,6,0,,,,,,,,,,,
54,gnb1,2026-08-19T10:17:20.654232,3581,PUSCH,0x46,,,,,10,7,469,4,104.5,186,,,,,
54,gnb1,2026-08-19T10:17:20.683833,3582,PUSCH,0x46,,,,,2,14,807,4,107.4,344,,,,,
54,gnb1,2026-08-19T10:17:20.684067,3582,PDSCH,0x46,3,7,2,0,,,,,,,,,,,
54,gnb1,2026-08-19T10:17:21.241875,3600,BSR,0x46,,,,,,,,,,,,,,,0
54,gnb1,2026-08-19T10:17:21.271649,3601,PUCCH_CQI,0x46,,,,,,,,,,,111.8,15,2,,
54,gnb1,2026-08-19T10:17:21.470847,3608,PUSCH,0x46,,,,,2,8,517,4,111.4,250,,,,,
54,gnb1,2026-08-19T10:17:21.470956,3608,PHR,,,,,,,,,,,,,,,,
54,gnb1,2026-08-19T10:17:21.502427,3609,BSR,0x46,,,,,,,,,,,,,,,0
54,gnb1,2026-08-19T10:17:21.502871,3609,PDSCH,0x46,50,4587,6,0,,,,,,,,,,,
54,gnb1,2026-08-19T10:17:21.529466,3610,PDSCH,0x46,50,3963,6,0,,,,,,,,,,,
54,gnb1,2026-08-19T10:17:21.716103,3617,PUSCH,0x46,,,,,2,7,389,4,114.2,187,,,,,
54,gnb1,2026-08-19T10:17:21.716164,3617,BSR,0x46,,,,,,,,,,,,,,,0
54,gnb1,2026-08-19T10:17:21.741438,3618,PDSCH,0x46,50,4587,6,0,,,,,,,,,,,
54,gnb1,2026-08-19T10:17:21.767807,3619,PDSCH,0x46,33,2481,6,0,,,,,,,,,,,
54,gnb1,2026-08-19T10:17:21.793666,3620,BSR,0x46,,,,,,,,,,,,,,,0
54,gnb1,2026-08-19T10:17:21.920386,3625,PUSCH,0x46,,,,,2,7,389,4,114.2,169,,,,,
54,gnb1,2026-08-19T10:17:21.946212,3626,PDSCH,0x46,50,4587,6,0,,,,,,,,,,,
54,gnb1,2026-08-19T10:17:21.964689,3627,PDSCH,0x46,15,1063,6,0,,,,,,,,,,,
54,gnb1,2026-08-19T10:17:21.986208,3628,PUSCH,0x46,,,,,2,2,133,4,118.0,169,,,,,
54,gnb1,2026-08-19T10:17:22.005852,3629,BSR,0x46,,,,,,,,,,,,,,,0
54,gnb1,2026-08-19T10:17:22.006470,3629,PDSCH,0x46,50,4587,6,0,,,,,,,,,,,
54,gnb1,2026-08-19T10:17:22.063271,3632,PDSCH,0x46,3,7,2,0,,,,,,,,,,,
54,gnb1,2026-08-19T10:17:22.184936,3637,PUSCH,0x46,,,,,2,3,249,4,117.9,172,,,,,
54,gnb1,2026-08-19T10:17:22.185002,3637,BSR,0x46,,,,,,,,,,,,,,,0
54,gnb1,2026-08-19T10:17:22.203961,3638,BSR,0x46,,,,,,,,,,,,,,,0
54,gnb1,2026-08-19T10:17:22.204507,3638,PDSCH,0x46,50,4587,6,0,,,,,,,,,,,
54,gnb1,2026-08-19T10:17:22.221065,3639,PDSCH,0x46,15,1063,6,0,,,,,,,,,,,
54,gnb1,2026-08-19T10:17:22.260458,3641,PUCCH_CQI,0x46,,,,,,,,,,,111.8,15,2,,
54,gnb1,2026-08-19T10:17:22.344070,3645,PUSCH,0x46,,,,,2,3,249,4,118.0,123,,,,,
54,gnb1,2026-08-19T10:17:22.344158,3645,BSR,0x46,,,,,,,,,,,,,,,0
54,gnb1,2026-08-19T10:17:22.370361,3646,PUSCH,0x46,,,,,2,4,249,4,117.9,170,,,,,
54,gnb1,2026-08-19T10:17:22.370437,3646,BSR,0x46,,,,,,,,,,,,,,,0
54,gnb1,2026-08-19T10:17:22.370989,3646,PDSCH,0x46,50,4587,6,0,,,,,,,,,,,
54,gnb1,2026-08-19T10:17:22.399571,3647,PDSCH,0x46,50,4587,6,0,,,,,,,,,,,
54,gnb1,2026-08-19T10:17:22.572870,3653,PUSCH,0x46,,,,,2,4,249,4,117.9,156,,,,,
54,gnb1,2026-08-19T10:17:22.599939,3654,PUSCH,0x46,,,,,2,8,517,4,111.4,234,,,,,
54,gnb1,2026-08-19T10:17:22.599999,3654,BSR,0x46,,,,,,,,,,,,,,,0
54,gnb1,2026-08-19T10:17:22.600532,3654,PDSCH,0x46,50,4587,6,0,,,,,,,,,,,
54,gnb1,2026-08-19T10:17:22.628468,3655,PDSCH,0x46,18,1431,6,0,,,,,,,,,,,
54,gnb1,2026-08-19T10:17:22.768453,3660,BSR,0x46,,,,,,,,,,,,,,,0
54,gnb1,2026-08-19T10:17:22.819405,3662,PUSCH,0x46,,,,,2,1,61,4,117.9,122,,,,,
54,gnb1,2026-08-19T10:17:22.819475,3662,PHR,,,,,,,,,,,,,,,,
54,gnb1,2026-08-19T10:17:22.976834,3668,PUSCH,0x46,,,,,2,7,469,4,114.2,183,,,,,
54,gnb1,2026-08-19T10:17:22.976877,3668,BSR,0x46,,,,,,,,,,,,,,,0
54,gnb1,2026-08-19T10:17:23.003493,3669,PDSCH,0x46,50,4587,6,0,,,,,,,,,,,
54,gnb1,2026-08-19T10:17:23.029148,3670,PDSCH,0x46,50,4587,6,0,,,,,,,,,,,
54,gnb1,2026-08-19T10:17:23.056111,3671,PDSCH,0x46,27,2124,6,0,,,,,,,,,,,
54,gnb1,2026-08-19T10:17:23.188159,3676,PUSCH,0x46,,,,,2,7,389,4,114.2,219,,,,,
54,gnb1,2026-08-19T10:17:23.264522,3680,BSR,0x46,,,,,,,,,,,,,,,0
54,gnb1,2026-08-19T10:17:23.287697,3681,PUCCH_CQI,0x46,,,,,,,,,,,111.8,15,2,,
54,gnb1,2026-08-19T10:17:23.303359,3682,PDSCH,0x46,3,7,2,0,,,,,,,,,,,
54,gnb1,2026-08-19T10:17:23.441347,3688,PUSCH,0x46,,,,,2,8,517,4,111.4,219,,,,,
54,gnb1,2026-08-19T10:17:23.456659,3689,PDSCH,0x46,50,4587,6,0,,,,,,,,,,,
54,gnb1,2026-08-19T10:17:23.481154,3690,PDSCH,0x46,50,4587,6,0,,,,,,,,,,,
54,gnb1,2026-08-19T10:17:23.504916,3691,PDSCH,0x46,45,3542,6,0,,,,,,,,,,,
54,gnb1,2026-08-19T10:17:23.721866,3700,BSR,0x46,,,,,,,,,,,,,,,0
54,gnb1,2026-08-19T10:17:23.899872,3708,PUSCH,0x46,,,,,2,8,517,4,111.4,251,,,,,
54,gnb1,2026-08-19T10:17:23.925132,3709,PDSCH,0x46,50,4587,6,0,,,,,,,,,,,
54,gnb1,2026-08-19T10:17:23.944128,3710,PDSCH,0x46,50,3963,6,0,,,,,,,,,,,
54,gnb1,2026-08-19T10:17:24.164226,3720,BSR,0x46,,,,,,,,,,,,,,,0
54,gnb1,2026-08-19T10:17:24.192363,3721,PUCCH_CQI,0x46,,,,,,,,,,,111.8,15,2,,
54,gnb1,2026-08-19T10:17:24.363508,3728,PUSCH,0x46,,,,,2,8,517,4,111.4,233,,,,,
54,gnb1,2026-08-19T10:17:24.363527,3728,PHR,,,,,,,,,,,,,,,,
54,gnb1,2026-08-19T10:17:24.384277,3729,PDSCH,0x46,50,4587,6,0,,,,,,,,,,,
54,gnb1,2026-08-19T10:17:24.401112,3730,PDSCH,0x46,50,4587,6,0,,,,,,,,,,,
54,gnb1,2026-08-19T10:17:24.442611,3732,PDSCH,0x46,3,7,2,0,,,,,,,,,,,
54,gnb1,2026-08-19T10:17:24.606390,3740,BSR,0x46,,,,,,,,,,,,,,,0
54,gnb1,2026-08-19T10:17:24.769518,3748,PUSCH,0x46,,,,,2,8,517,4,111.4,222,,,,,
54,gnb1,2026-08-19T10:17:24.788948,3749,PDSCH,0x46,50,4587,6,0,,,,,,,,,,,
54,gnb1,2026-08-19T10:17:24.797858,3750,PDSCH,0x46,33,2481,6,0,,,,,,,,,,,
54,gnb1,2026-08-19T10:17:25.026646,3760,BSR,0x46,,,,,,,,,,,,,,,0
54,gnb1,2026-08-19T10:17:25.055060,3761,PUCCH_CQI,0x46,,,,,,,,,,,111.8,15,2,,
54,gnb1,2026-08-19T10:17:25.194650,3768,PUSCH,0x46,,,,,2,8,517,4,111.4,253,,,,,
54,gnb1,2026-08-19T10:17:25.215052,3769,PDSCH,0x46,50,4587,6,0,,,,,,,,,,,
54,gnb1,2026-08-19T10:17:25.235521,3770,PDSCH,0x46,33,2481,6,0,,,,,,,,,,,
54,gnb1,2026-08-19T10:17:25.432026,3780,BSR,0x46,,,,,,,,,,,,,,,0
54,gnb1,2026-08-19T10:17:25.476058,3782,PDSCH,0x46,3,7,2,0,,,,,,,,,,,
54,gnb1,2026-08-19T10:17:25.589737,3788,PUSCH,0x46,,,,,2,8,517,4,111.4,220,,,,,
54,gnb1,2026-08-19T10:17:25.589787,3788,PHR,,,,,,,,,,,,,,,,
54,gnb1,2026-08-19T10:17:25.615157,3789,PDSCH,0x46,50,4587,6,0,,,,,,,,,,,
54,gnb1,2026-08-19T10:17:25.644926,3790,PDSCH,0x46,15,1063,6,0,,,,,,,,,,,
54,gnb1,2026-08-19T10:17:25.939943,3800,BSR,0x46,,,,,,,,,,,,,,,0
54,gnb1,2026-08-19T10:17:25.969509,3801,PUCCH_CQI,0x46,,,,,,,,,,,111.8,15,2,,
54,gnb1,2026-08-19T10:17:26.164071,3808,PUSCH,0x46,,,,,2,8,517,4,111.4,256,,,,,
54,gnb1,2026-08-19T10:17:26.197021,3809,PDSCH,0x46,50,4587,6,0,,,,,,,,,,,
54,gnb1,2026-08-19T10:17:26.222743,3810,PDSCH,0x46,15,1063,6,0,,,,,,,,,,,
54,gnb1,2026-08-19T10:17:26.479828,3820,BSR,0x46,,,,,,,,,,,,,,,0
54,gnb1,2026-08-19T10:17:26.575372,3824,PDSCH,0x46,18,1431,6,0,,,,,,,,,,,
54,gnb1,2026-08-19T10:17:26.656902,3828,PUSCH,0x46,,,,,2,8,517,4,111.4,230,,,,,
54,gnb1,2026-08-19T10:17:26.678681,3829,PDSCH,0x46,50,4587,6,0,,,,,,,,,,,
54,gnb1,2026-08-19T10:17:26.741789,3832,PDSCH,0x46,3,7,2,0,,,,,,,,,,,
54,gnb1,2026-08-19T10:17:26.916443,3840,BSR,0x46,,,,,,,,,,,,,,,0
54,gnb1,2026-08-19T10:17:26.935719,3841,PUCCH_CQI,0x46,,,,,,,,,,,111.8,15,2,,
54,gnb1,2026-08-19T10:17:27.087478,3848,PUSCH,0x46,,,,,2,8,517,4,111.4,238,,,,,
54,gnb1,2026-08-19T10:17:27.087553,3848,PHR,,,,,,,,,,,,,,,,
54,gnb1,2026-08-19T10:17:27.112936,3849,PDSCH,0x46,50,4587,6,0,,,,,,,,,,,
54,gnb1,2026-08-19T10:17:27.128979,3850,PDSCH,0x46,15,1063,6,0,,,,,,,,,,,
54,gnb1,2026-08-19T10:17:27.324163,3860,BSR,0x46,,,,,,,,,,,,,,,0
54,gnb1,2026-08-19T10:17:27.498080,3868,PUSCH,0x46,,,,,2,8,517,4,111.4,205,,,,,
54,gnb1,2026-08-19T10:17:27.520272,3869,PDSCH,0x46,50,4587,6,0,,,,,,,,,,,
54,gnb1,2026-08-19T10:17:27.537829,3870,PDSCH,0x46,50,4587,6,0,,,,,,,,,,,
54,gnb1,2026-08-19T10:17:27.555434,3871,PDSCH,0x46,12,693,6,0,,,,,,,,,,,
54,gnb1,2026-08-19T10:17:27.721015,3880,BSR,0x46,,,,,,,,,,,,,,,0
54,gnb1,2026-08-19T10:17:27.740017,3881,PUCCH_CQI,0x46,,,,,,,,,,,111.8,15,2,,
54,gnb1,2026-08-19T10:17:27.759179,3882,PDSCH,0x46,3,7,2,0,,,,,,,,,,,
54,gnb1,2026-08-19T10:17:27.885215,3888,PUSCH,0x46,,,,,2,8,517,4,111.4,253,,,,,
54,gnb1,2026-08-19T10:17:27.902211,3889,PDSCH,0x46,50,4587,6,0,,,,,,,,,,,
54,gnb1,2026-08-19T10:17:27.931528,3890,PDSCH,0x46,50,4587,6,0,,,,,,,,,,,
54,gnb1,2026-08-19T10:17:27.952574,3891,PDSCH,0x46,12,693,6,0,,,,,,,,,,,
54,gnb1,2026-08-19T10:17:28.129631,3900,BSR,0x46,,,,,,,,,,,,,,,0
54,gnb1,2026-08-19T10:17:28.298929,3908,PUSCH,0x46,,,,,2,8,517,4,111.4,204,,,,,
54,gnb1,2026-08-19T10:17:28.298960,3908,PHR,,,,,,,,,,,,,,,,
54,gnb1,2026-08-19T10:17:28.315997,3909,PDSCH,0x46,50,4587,6,0,,,,,,,,,,,
54,gnb1,2026-08-19T10:17:28.342905,3910,PDSCH,0x46,50,3963,6,0,,,,,,,,,,,
54,gnb1,2026-08-19T10:17:28.570077,3920,BSR,0x46,,,,,,,,,,,,,,,0
54,gnb1,2026-08-19T10:17:28.595897,3921,PUCCH_CQI,0x46,,,,,,,,,,,111.8,15,2,,
54,gnb1,2026-08-19T10:17:28.753325,3928,PUSCH,0x46,,,,,2,8,517,4,111.4,160,,,,,
54,gnb1,2026-08-19T10:17:28.772492,3929,PDSCH,0x46,50,4587,6,0,,,,,,,,,,,
54,gnb1,2026-08-19T10:17:28.787504,3930,PDSCH,0x46,33,2481,6,0,,,,,,,,,,,
54,gnb1,2026-08-19T10:17:28.834686,3932,PDSCH,0x46,3,7,2,0,,,,,,,,,,,
54,gnb1,2026-08-19T10:17:28.986737,3940,BSR,0x46,,,,,,,,,,,,,,,0
54,gnb1,2026-08-19T10:17:29.149542,3948,PUSCH,0x46,,,,,2,8,517,4,111.4,203,,,,,
54,gnb1,2026-08-19T10:17:29.175000,3949,PDSCH,0x46,50,4587,6,0,,,,,,,,,,,
54,gnb1,2026-08-19T10:17:29.191724,3950,PDSCH,0x46,15,1063,6,0,,,,,,,,,,,
54,gnb1,2026-08-19T10:17:29.402612,3960,BSR,0x46,,,,,,,,,,,,,,,0
54,gnb1,2026-08-19T10:17:29.422411,3961,PUCCH_CQI,0x46,,,,,,,,,,,111.8,15,2,,
54,gnb1,2026-08-19T10:17:29.566135,3968,PUSCH,0x46,,,,,2,8,517,4,111.4,246,,,,,
54,gnb1,2026-08-19T10:17:29.566154,3968,PHR,,,,,,,,,,,,,,,,
54,gnb1,2026-08-19T10:17:29.583848,3969,PDSCH,0x46,50,4587,6,0,,,,,,,,,,,
54,gnb1,2026-08-19T10:17:29.824838,3980,BSR,0x46,,,,,,,,,,,,,,,0
54,gnb1,2026-08-19T10:17:29.866963,3982,PDSCH,0x46,3,7,2,0,,,,,,,,,,,
54,gnb1,2026-08-19T10:17:29.993134,3988,PUSCH,0x46,,,,,2,8,517,4,111.4,221,,,,,
54,gnb1,2026-08-19T10:17:30.008924,3989,PDSCH,0x46,50,4587,6,0,,,,,,,,,,,
54,gnb1,2026-08-19T10:17:30.030205,3990,PDSCH,0x46,15,1063,6,0,,,,,,,,,,,
54,gnb1,2026-08-19T10:17:30.249890,4000,BSR,0x46,,,,,,,,,,,,,,,0
54,gnb1,2026-08-19T10:17:30.250163,4000,PDSCH,0x46,18,1431,6,0,,,,,,,,,,,
54,gnb1,2026-08-19T10:17:30.274448,4001,PUCCH_CQI,0x46,,,,,,,,,,,111.8,15,2,,
54,gnb1,2026-08-19T10:17:30.408633,4008,PUSCH,0x46,,,,,2,8,517,4,111.4,235,,,,,
54,gnb1,2026-08-19T10:17:30.426608,4009,PDSCH,0x46,50,4587,6,0,,,,,,,,,,,
54,gnb1,2026-08-19T10:17:30.670584,4020,BSR,0x46,,,,,,,,,,,,,,,0
54,gnb1,2026-08-19T10:17:30.835956,4028,PUSCH,0x46,,,,,2,8,517,4,111.4,222,,,,,
54,gnb1,2026-08-19T10:17:30.835987,4028,PHR,,,,,,,,,,,,,,,,
54,gnb1,2026-08-19T10:17:30.865326,4029,PDSCH,0x46,50,4587,6,0,,,,,,,,,,,
54,gnb1,2026-08-19T10:17:30.886233,4030,PDSCH,0x46,15,1063,6,0,,,,,,,,,,,
54,gnb1,2026-08-19T10:17:30.924958,4032,PDSCH,0x46,3,7,2,0,,,,,,,,,,,
54,gnb1,2026-08-19T10:17:31.072993,4040,BSR,0x46,,,,,,,,,,,,,,,0
54,gnb1,2026-08-19T10:17:31.093543,4041,PUCCH_CQI,0x46,,,,,,,,,,,111.8,15,2,,
54,gnb1,2026-08-19T10:17:31.244408,4048,PUSCH,0x46,,,,,2,8,517,4,111.4,220,,,,,
54,gnb1,2026-08-19T10:17:31.259703,4049,PDSCH,0x46,50,4587,6,0,,,,,,,,,,,
54,gnb1,2026-08-19T10:17:31.285869,4050,PDSCH,0x46,33,2577,6,0,,,,,,,,,,,
54,gnb1,2026-08-19T10:17:31.478794,4060,BSR,0x46,,,,,,,,,,,,,,,0
54,gnb1,2026-08-19T10:17:31.661725,4068,PUSCH,0x46,,,,,2,8,517,4,111.4,209,,,,,
54,gnb1,2026-08-19T10:17:31.688515,4069,PDSCH,0x46,50,4587,6,0,,,,,,,,,,,
54,gnb1,2026-08-19T10:17:31.689251,4070,PDSCH,0x46,33,2577,6,0,,,,,,,,,,,
54,gnb1,2026-08-19T10:17:31.907266,4080,BSR,0x46,,,,,,,,,,,,,,,0
54,gnb1,2026-08-19T10:17:31.924246,4081,PUCCH_CQI,0x46,,,,,,,,,,,111.8,15,2,,
54,gnb1,2026-08-19T10:17:31.942229,4082,PDSCH,0x46,3,7,2,0,,,,,,,,,,,
54,gnb1,2026-08-19T10:17:32.063118,4088,PUSCH,0x46,,,,,2,8,517,4,111.4,230,,,,,
54,gnb1,2026-08-19T10:17:32.063232,4088,PHR,,,,,,,,,,,,,,,,
54,gnb1,2026-08-19T10:17:32.078050,4089,PDSCH,0x46,50,4587,6,0,,,,,,,,,,,
54,gnb1,2026-08-19T10:17:32.103052,4090,PDSCH,0x46,36,2865,6,0,,,,,,,,,,,
54,gnb1,2026-08-19T10:17:32.335640,4100,BSR,0x46,,,,,,,,,,,,,,,0
54,gnb1,2026-08-19T10:17:32.508874,4108,PUSCH,0x46,,,,,2,8,517,4,111.4,218,,,,,
54,gnb1,2026-08-19T10:17:32.538621,4109,PDSCH,0x46,3,63,4,0,,,,,,,,,,,
54,gnb1,2026-08-19T10:17:32.763815,4120,BSR,0x46,,,,,,,,,,,,,,,0
54,gnb1,2026-08-19T10:17:32.790650,4121,PUCCH_CQI,0x46,,,,,,,,,,,111.8,15,2,,
54,gnb1,2026-08-19T10:17:32.938720,4128,PUSCH,0x46,,,,,2,8,517,4,111.4,213,,,,,
54,gnb1,2026-08-19T10:17:33.014008,4132,PDSCH,0x46,3,7,2,0,,,,,,,,,,,
54,gnb1,2026-08-19T10:17:33.195228,4140,BSR,0x46,,,,,,,,,,,,,,,0
54,gnb1,2026-08-19T10:17:33.361960,4148,PUSCH,0x46,,,,,2,8,517,4,111.4,213,,,,,
54,gnb1,2026-08-19T10:17:33.362038,4148,PHR,,,,,,,,,,,,,,,,
54,gnb1,2026-08-19T10:17:33.624498,4161,PUCCH_CQI,0x46,,,,,,,,,,,111.8,15,2,,
54,gnb1,2026-08-19T10:17:34.473725,4200,BSR,0x46,,,,,,,,,,,,,,,0
54,gnb1,2026-08-19T10:17:34.500898,4201,PUCCH_CQI,0x46,,,,,,,,,,,111.8,15,2,,
54,gnb1,2026-08-19T10:17:34.644846,4208,PUSCH,0x46,,,,,2,8,517,4,111.4,420,,,,,
54,gnb1,2026-08-19T10:17:34.644966,4208,PHR,,,,,,,,,,,,,,,,
54,gnb1,2026-08-19T10:17:34.659184,4209,PDSCH,0x46,3,7,2,0,,,,,,,,,,,
54,gnb1,2026-08-19T10:17:34.895825,4220,BSR,0x46,,,,,,,,,,,,,,,0
54,gnb1,2026-08-19T10:17:35.057149,4228,PUSCH,0x46,,,,,2,8,517,4,111.4,154,,,,,
54,gnb1,2026-08-19T10:17:35.297452,4240,BSR,0x46,,,,,,,,,,,,,,,0
54,gnb1,2026-08-19T10:17:35.321423,4241,PUCCH_CQI,0x46,,,,,,,,,,,111.8,15,2,,
54,gnb1,2026-08-19T10:17:35.466086,4248,PUSCH,0x46,,,,,2,8,517,4,111.4,124,,,,,
54,gnb1,2026-08-19T10:17:35.682322,4259,PDSCH,0x46,3,7,2,0,,,,,,,,,,,
54,gnb1,2026-08-19T10:17:35.702856,4260,BSR,0x46,,,,,,,,,,,,,,,0
54,gnb1,2026-08-19T10:17:35.876523,4268,PUSCH,0x46,,,,,2,8,517,4,111.4,193,,,,,
54,gnb1,2026-08-19T10:17:35.876536,4268,PHR,,,,,,,,,,,,,,,,
54,gnb1,2026-08-19T10:17:36.144672,4281,PUCCH_CQI,0x46,,,,,,,,,,,111.8,15,2,,
54,gnb1,2026-08-19T10:17:36.545406,4300,BSR,0x46,,,,,,,,,,,,,,,0
54,gnb1,2026-08-19T10:17:36.720913,4308,PUSCH,0x46,,,,,2,8,517,4,111.4,239,,,,,
54,gnb1,2026-08-19T10:17:36.746500,4309,PDSCH,0x46,3,7,2,0,,,,,,,,,,,
54,gnb1,2026-08-19T10:17:36.982859,4321,PUCCH_CQI,0x46,,,,,,,,,,,111.8,15,2,,
54,gnb1,2026-08-19T10:17:37.351977,4340,BSR,0x46,,,,,,,,,,,,,,,0
54,gnb1,2026-08-19T10:17:37.516283,4348,PUSCH,0x46,,,,,2,8,517,4,111.4,325,,,,,
54,gnb1,2026-08-19T10:17:37.516320,4348,PHR,,,,,,,,,,,,,,,,
54,gnb1,2026-08-19T10:17:37.738639,4359,PDSCH,0x46,3,7,2,0,,,,,,,,,,,
54,gnb1,2026-08-19T10:17:37.761913,4360,BSR,0x46,,,,,,,,,,,,,,,0
54,gnb1,2026-08-19T10:17:37.784117,4361,PUCCH_CQI,0x46,,,,,,,,,,,111.8,15,2,,
54,gnb1,2026-08-19T10:17:37.927656,4368,PUSCH,0x46,,,,,2,8,517,4,111.4,192,,,,,
54,gnb1,2026-08-19T10:17:38.664814,4400,BSR,0x46,,,,,,,,,,,,,,,0
54,gnb1,2026-08-19T10:17:38.681880,4401,PUCCH_CQI,0x46,,,,,,,,,,,111.8,15,2,,
54,gnb1,2026-08-19T10:17:38.835026,4408,PUSCH,0x46,,,,,2,8,517,4,111.4,265,,,,,
54,gnb1,2026-08-19T10:17:38.835114,4408,PHR,,,,,,,,,,,,,,,,
54,gnb1,2026-08-19T10:17:38.859088,4409,PDSCH,0x46,3,7,2,0,,,,,,,,,,,
54,gnb1,2026-08-19T10:17:39.523429,4441,PUCCH_CQI,0x46,,,,,,,,,,,111.8,15,2,,
54,gnb1,2026-08-19T10:17:40.379782,4481,PUCCH_CQI,0x46,,,,,,,,,,,111.8,15,2,,
54,gnb1,2026-08-19T10:17:41.216456,4521,PUCCH_CQI,0x46,,,,,,,,,,,111.8,15,2,,
54,gnb1,2026-08-19T10:17:42.060473,4561,PUCCH_CQI,0x46,,,,,,,,,,,111.8,15,2,,
54,gnb1,2026-08-19T10:17:42.938071,4601,PUCCH_CQI,0x46,,,,,,,,,,,111.8,15,2,,
54,gnb1,2026-08-19T10:17:43.851267,4641,PUCCH_CQI,0x46,,,,,,,,,,,111.8,15,2,,
54,gnb1,2026-08-19T10:17:44.743983,4681,PUCCH_CQI,0x46,,,,,,,,,,,111.8,15,2,,
54,gnb1,2026-08-19T10:17:45.170814,4700,BSR,0x46,,,,,,,,,,,,,,,0
54,gnb1,2026-08-19T10:17:45.350793,4708,PUSCH,0x46,,,,,2,8,517,4,111.4,294,,,,,
54,gnb1,2026-08-19T10:17:45.350851,4708,PHR,,,,,,,,,,,,,,,,
54,gnb1,2026-08-19T10:17:45.386222,4709,PDSCH,0x46,3,7,2,0,,,,,,,,,,,
54,gnb1,2026-08-19T10:17:45.436599,4711,PDSCH,0x46,3,18,2,0,,,,,,,,,,,
55,gnb1,2026-08-19T10:23:19.803876,342,PDSCH,0x2,3,11,2,0,,,,,,,,,,,
55,gnb1,2026-08-19T10:23:19.838229,344,BSR,0x46,,,,,,,,,,,,,,,0
55,gnb1,2026-08-19T10:23:19.978118,352,PUSCH,0x46,,,,,2,2,7,2,118.0,179,,,,,
55,gnb1,2026-08-19T10:23:20.013038,354,PDSCH,0x46,3,32,2,0,,,,,,,,,,,
55,gnb1,2026-08-19T10:23:20.133458,361,PUCCH_CQI,0x46,,,,,,,,,,,-inf,0,2,,
55,gnb1,2026-08-19T10:23:20.483311,380,BSR,0x46,,,,,,,,,,,,,,,0
55,gnb1,2026-08-19T10:23:20.625370,388,PUSCH,0x46,,,,,2,44,157,2,109.0,725,,,,,
55,gnb1,2026-08-19T10:23:20.625455,388,PHR,,,,,,,,,,,,,,,,
55,gnb1,2026-08-19T10:23:20.645826,389,PDSCH,0x46,3,7,2,0,,,,,,,,,,,
55,gnb1,2026-08-19T10:23:20.663711,390,PDSCH,0x46,6,51,2,0,,,,,,,,,,,
55,gnb1,2026-08-19T10:23:20.815463,400,BSR,0x46,,,,,,,,,,,,,,,0
55,gnb1,2026-08-19T10:23:20.835489,401,PUCCH_CQI,0x46,,,,,,,,,,,111.8,15,2,,
55,gnb1,2026-08-19T10:23:20.972648,408,PUSCH,0x46,,,,,2,8,517,4,111.4,252,,,,,
55,gnb1,2026-08-19T10:23:20.982190,409,PDSCH,0x46,3,7,2,0,,,,,,,,,,,
55,gnb1,2026-08-19T10:23:21.006757,410,PDSCH,0x46,3,41,2,0,,,,,,,,,,,
55,gnb1,2026-08-19T10:23:21.200359,420,BSR,0x46,,,,,,,,,,,,,,,0
55,gnb1,2026-08-19T10:23:21.330362,428,PUSCH,0x46,,,,,2,8,517,4,111.4,207,,,,,
55,gnb1,2026-08-19T10:23:21.355044,429,PDSCH,0x46,3,7,2,0,,,,,,,,,,,
55,gnb1,2026-08-19T10:23:21.379432,430,PDSCH,0x46,3,26,2,0,,,,,,,,,,,
55,gnb1,2026-08-19T10:23:21.562003,440,BSR,0x46,,,,,,,,,,,,,,,0
55,gnb1,2026-08-19T10:23:21.581429,441,PUCCH_CQI,0x46,,,,,,,,,,,111.8,15,2,,
55,gnb1,2026-08-19T10:23:21.702899,448,PUSCH,0x46,,,,,2,8,517,4,111.4,211,,,,,
55,gnb1,2026-08-19T10:23:21.702944,448,PHR,,,,,,,,,,,,,,,,
55,gnb1,2026-08-19T10:23:21.723111,449,PDSCH,0x46,3,7,2,0,,,,,,,,,,,
55,gnb1,2026-08-19T10:23:21.739103,450,PDSCH,0x46,3,18,2,0,,,,,,,,,,,
55,gnb1,2026-08-19T10:23:21.933213,460,BSR,0x46,,,,,,,,,,,,,,,0
55,gnb1,2026-08-19T10:23:22.090418,468,PUSCH,0x46,,,,,2,8,517,4,111.4,161,,,,,
55,gnb1,2026-08-19T10:23:22.116214,469,PDSCH,0x46,3,22,2,0,,,,,,,,,,,
55,gnb1,2026-08-19T10:23:22.314227,480,BSR,0x46,,,,,,,,,,,,,,,0
55,gnb1,2026-08-19T10:23:22.336223,481,PUCCH_CQI,0x46,,,,,,,,,,,111.8,15,2,,
55,gnb1,2026-08-19T10:23:22.482825,488,PUSCH,0x46,,,,,2,8,517,4,111.4,223,,,,,
55,gnb1,2026-08-19T10:23:22.507560,489,PDSCH,0x46,3,7,2,0,,,,,,,,,,,
55,gnb1,2026-08-19T10:23:22.515635,490,PDSCH,0x46,3,113,4,0,,,,,,,,,,,
55,gnb1,2026-08-19T10:23:22.710826,500,BSR,0x46,,,,,,,,,,,,,,,0
55,gnb1,2026-08-19T10:23:22.863158,508,PUSCH,0x46,,,,,2,8,517,4,111.4,218,,,,,
55,gnb1,2026-08-19T10:23:22.863245,508,PHR,,,,,,,,,,,,,,,,
55,gnb1,2026-08-19T10:23:22.885036,509,PDSCH,0x46,3,18,2,0,,,,,,,,,,,
55,gnb1,2026-08-19T10:23:23.100454,520,PDSCH,0x46,3,73,4,0,,,,,,,,,,,
55,gnb1,2026-08-19T10:23:23.117599,521,PUCCH_CQI,0x46,,,,,,,,,,,111.8,15,2,,
55,gnb1,2026-08-19T10:23:23.498871,540,BSR,0x46,,,,,,,,,,,,,,,0
55,gnb1,2026-08-19T10:23:23.660847,548,PUSCH,0x46,,,,,2,8,517,4,111.4,184,,,,,
55,gnb1,2026-08-19T10:23:23.917613,561,PUCCH_CQI,0x46,,,,,,,,,,,111.8,15,2,,
55,gnb1,2026-08-19T10:23:24.673690,601,PUCCH_CQI,0x46,,,,,,,,,,,111.8,15,2,,
55,gnb1,2026-08-19T10:23:25.447986,641,PUCCH_CQI,0x46,,,,,,,,,,,111.8,15,2,,
55,gnb1,2026-08-19T10:23:26.204303,681,PUCCH_CQI,0x46,,,,,,,,,,,111.8,15,2,,
55,gnb1,2026-08-19T10:23:26.957551,721,PUCCH_CQI,0x46,,,,,,,,,,,111.8,15,2,,
55,gnb1,2026-08-19T10:23:27.761119,761,PUCCH_CQI,0x46,,,,,,,,,,,111.8,15,2,,
55,gnb1,2026-08-19T10:23:28.526001,801,PUCCH_CQI,0x46,,,,,,,,,,,111.8,15,2,,
55,gnb1,2026-08-19T10:23:29.327678,841,PUCCH_CQI,0x46,,,,,,,,,,,111.8,15,2,,
55,gnb1,2026-08-19T10:23:30.141442,881,PUCCH_CQI,0x46,,,,,,,,,,,111.8,15,2,,
55,gnb1,2026-08-19T10:23:30.922303,921,PUCCH_CQI,0x46,,,,,,,,,,,111.8,15,2,,
55,gnb1,2026-08-19T10:23:31.703038,961,PUCCH_CQI,0x46,,,,,,,,,,,111.8,15,2,,
55,gnb1,2026-08-19T10:23:32.494284,1001,PUCCH_CQI,0x46,,,,,,,,,,,111.8,15,2,,
55,gnb1,2026-08-19T10:23:33.276186,1041,PUCCH_CQI,0x46,,,,,,,,,,,111.8,15,2,,
55,gnb1,2026-08-19T10:23:34.080834,1081,PUCCH_CQI,0x46,,,,,,,,,,,111.8,15,2,,
55,gnb1,2026-08-19T10:23:34.857658,1121,PUCCH_CQI,0x46,,,,,,,,,,,111.8,15,2,,
55,gnb1,2026-08-19T10:23:35.618946,1161,PUCCH_CQI,0x46,,,,,,,,,,,111.8,15,2,,
55,gnb1,2026-08-19T10:23:36.431326,1201,PUCCH_CQI,0x46,,,,,,,,,,,111.8,15,2,,
55,gnb1,2026-08-19T10:23:37.245046,1241,PUCCH_CQI,0x46,,,,,,,,,,,111.8,15,2,,
55,gnb1,2026-08-19T10:23:38.030306,1281,PUCCH_CQI,0x46,,,,,,,,,,,111.8,15,2,,
55,gnb1,2026-08-19T10:23:38.855057,1321,PUCCH_CQI,0x46,,,,,,,,,,,111.8,15,2,,
55,gnb1,2026-08-19T10:23:39.640309,1361,PUCCH_CQI,0x46,,,,,,,,,,,111.8,15,2,,
55,gnb1,2026-08-19T10:23:40.425372,1401,PUCCH_CQI,0x46,,,,,,,,,,,111.8,15,2,,
55,gnb1,2026-08-19T10:23:41.219027,1441,PUCCH_CQI,0x46,,,,,,,,,,,111.8,15,2,,
55,gnb1,2026-08-19T10:23:41.973792,1481,PUCCH_CQI,0x46,,,,,,,,,,,111.8,15,2,,
55,gnb1,2026-08-19T10:23:42.796977,1521,PUCCH_CQI,0x46,,,,,,,,,,,111.8,15,2,,
55,gnb1,2026-08-19T10:23:43.577068,1561,PUCCH_CQI,0x46,,,,,,,,,,,111.8,15,2,,
55,gnb1,2026-08-19T10:23:44.362878,1601,PUCCH_CQI,0x46,,,,,,,,,,,111.8,15,2,,
55,gnb1,2026-08-19T10:23:45.116010,1641,PUCCH_CQI,0x46,,,,,,,,,,,111.8,15,2,,
55,gnb1,2026-08-19T10:23:45.881859,1681,PUCCH_CQI,0x46,,,,,,,,,,,111.8,15,2,,
55,gnb1,2026-08-19T10:23:46.694809,1721,PUCCH_CQI,0x46,,,,,,,,,,,111.8,15,2,,
55,gnb1,2026-08-19T10:23:47.492856,1761,PUCCH_CQI,0x46,,,,,,,,,,,111.8,15,2,,
55,gnb1,2026-08-19T10:23:48.274855,1801,PUCCH_CQI,0x46,,,,,,,,,,,111.8,15,2,,
55,gnb1,2026-08-19T10:23:49.059604,1841,PUCCH_CQI,0x46,,,,,,,,,,,111.8,15,2,,
55,gnb1,2026-08-19T10:23:49.846802,1881,PUCCH_CQI,0x46,,,,,,,,,,,111.8,15,2,,
55,gnb1,2026-08-19T10:23:50.635246,1921,PUCCH_CQI,0x46,,,,,,,,,,,111.8,15,2,,
55,gnb1,2026-08-19T10:23:51.446847,1961,PUCCH_CQI,0x46,,,,,,,,,,,111.8,15,2,,
55,gnb1,2026-08-19T10:23:52.252652,2001,PUCCH_CQI,0x46,,,,,,,,,,,111.8,15,2,,
55,gnb1,2026-08-19T10:23:53.013654,2041,PUCCH_CQI,0x46,,,,,,,,,,,111.8,15,2,,
55,gnb1,2026-08-19T10:23:53.780005,2081,PUCCH_CQI,0x46,,,,,,,,,,,111.8,15,2,,
55,gnb1,2026-08-19T10:23:54.568137,2121,PUCCH_CQI,0x46,,,,,,,,,,,111.8,15,2,,
55,gnb1,2026-08-19T10:23:55.343075,2161,PUCCH_CQI,0x46,,,,,,,,,,,111.8,15,2,,
55,gnb1,2026-08-19T10:23:56.126801,2201,PUCCH_CQI,0x46,,,,,,,,,,,111.8,15,2,,
55,gnb1,2026-08-19T10:23:56.925437,2241,PUCCH_CQI,0x46,,,,,,,,,,,111.8,15,2,,
55,gnb1,2026-08-19T10:23:57.689695,2281,PUCCH_CQI,0x46,,,,,,,,,,,111.8,15,2,,
55,gnb1,2026-08-19T10:23:58.488898,2321,PUCCH_CQI,0x46,,,,,,,,,,,111.8,15,2,,
55,gnb1,2026-08-19T10:23:59.236215,2361,PUCCH_CQI,0x46,,,,,,,,,,,111.8,15,2,,
55,gnb1,2026-08-19T10:23:59.969588,2401,PUCCH_CQI,0x46,,,,,,,,,,,111.8,15,2,,
55,gnb1,2026-08-19T10:24:00.747987,2441,PUCCH_CQI,0x46,,,,,,,,,,,111.8,15,2,,
55,gnb1,2026-08-19T10:24:01.514725,2481,PUCCH_CQI,0x46,,,,,,,,,,,111.8,15,2,,
55,gnb1,2026-08-19T10:24:02.306326,2521,PUCCH_CQI,0x46,,,,,,,,,,,111.8,15,2,,
55,gnb1,2026-08-19T10:24:03.068967,2561,PUCCH_CQI,0x46,,,,,,,,,,,111.8,15,2,,
55,gnb1,2026-08-19T10:24:03.834587,2601,PUCCH_CQI,0x46,,,,,,,,,,,111.8,15,2,,
55,gnb1,2026-08-19T10:24:04.568829,2640,BSR,0x46,,,,,,,,,,,,,,,0
55,gnb1,2026-08-19T10:24:04.579712,2641,PUCCH_CQI,0x46,,,,,,,,,,,111.8,15,2,,
55,gnb1,2026-08-19T10:24:04.725367,2648,PUSCH,0x46,,,,,2,8,517,4,111.4,395,,,,,
55,gnb1,2026-08-19T10:24:04.725386,2648,PHR,,,,,,,,,,,,,,,,
55,gnb1,2026-08-19T10:24:04.736169,2649,PDSCH,0x46,3,85,4,0,,,,,,,,,,,
55,gnb1,2026-08-19T10:24:04.949974,2660,BSR,0x46,,,,,,,,,,,,,,,0
55,gnb1,2026-08-19T10:24:05.112147,2668,PUSCH,0x46,,,,,2,8,517,4,111.4,207,,,,,
55,gnb1,2026-08-19T10:24:05.124600,2669,PDSCH,0x46,3,121,6,0,,,,,,,,,,,
55,gnb1,2026-08-19T10:24:05.340059,2680,BSR,0x46,,,,,,,,,,,,,,,0
55,gnb1,2026-08-19T10:24:05.355893,2681,PUCCH_CQI,0x46,,,,,,,,,,,111.8,15,2,,
55,gnb1,2026-08-19T10:24:05.497425,2688,PUSCH,0x46,,,,,2,8,517,4,111.4,219,,,,,
55,gnb1,2026-08-19T10:24:05.551150,2691,PDSCH,0x46,3,63,4,0,,,,,,,,,,,
55,gnb1,2026-08-19T10:24:05.718373,2699,PDSCH,0x46,3,7,2,0,,,,,,,,,,,
55,gnb1,2026-08-19T10:24:05.731949,2700,BSR,0x46,,,,,,,,,,,,,,,0
55,gnb1,2026-08-19T10:24:05.890000,2708,PUSCH,0x46,,,,,2,8,517,4,111.4,224,,,,,
55,gnb1,2026-08-19T10:24:05.890108,2708,PHR,,,,,,,,,,,,,,,,
55,gnb1,2026-08-19T10:24:05.914041,2709,PDSCH,0x46,3,121,6,0,,,,,,,,,,,
55,gnb1,2026-08-19T10:24:06.128644,2720,BSR,0x46,,,,,,,,,,,,,,,0
55,gnb1,2026-08-19T10:24:06.153389,2721,PUCCH_CQI,0x46,,,,,,,,,,,111.8,15,2,,
55,gnb1,2026-08-19T10:24:06.276248,2728,PUSCH,0x46,,,,,2,8,517,4,111.4,254,,,,,
55,gnb1,2026-08-19T10:24:06.303201,2729,PDSCH,0x46,3,73,4,0,,,,,,,,,,,
55,gnb1,2026-08-19T10:24:06.519076,2740,BSR,0x46,,,,,,,,,,,,,,,0
55,gnb1,2026-08-19T10:24:06.670079,2748,PUSCH,0x46,,,,,2,8,517,4,111.4,194,,,,,
55,gnb1,2026-08-19T10:24:06.687874,2749,PDSCH,0x46,50,4587,6,0,,,,,,,,,,,
55,gnb1,2026-08-19T10:24:06.711920,2750,PDSCH,0x46,50,4587,6,0,,,,,,,,,,,
55,gnb1,2026-08-19T10:24:06.734198,2751,PDSCH,0x46,50,4587,6,0,,,,,,,,,,,
55,gnb1,2026-08-19T10:24:06.758699,2752,PDSCH,0x46,6,437,6,0,,,,,,,,,,,
55,gnb1,2026-08-19T10:24:06.916410,2760,BSR,0x46,,,,,,,,,,,,,,,0
55,gnb1,2026-08-19T10:24:06.937710,2761,PUCCH_CQI,0x46,,,,,,,,,,,111.8,15,2,,
55,gnb1,2026-08-19T10:24:07.069711,2768,PUSCH,0x46,,,,,2,8,517,4,111.4,186,,,,,
55,gnb1,2026-08-19T10:24:07.069739,2768,PHR,,,,,,,,,,,,,,,,
55,gnb1,2026-08-19T10:24:07.091448,2769,BSR,0x46,,,,,,,,,,,,,,,0
55,gnb1,2026-08-19T10:24:07.092024,2769,PDSCH,0x46,50,4587,6,0,,,,,,,,,,,
55,gnb1,2026-08-19T10:24:07.119419,2770,PDSCH,0x46,50,4587,6,0,,,,,,,,,,,
55,gnb1,2026-08-19T10:24:07.142766,2771,PDSCH,0x46,50,4587,6,0,,,,,,,,,,,
55,gnb1,2026-08-19T10:24:07.159079,2772,PDSCH,0x46,50,4587,6,0,,,,,,,,,,,
55,gnb1,2026-08-19T10:24:07.183114,2773,PDSCH,0x46,50,4587,6,0,,,,,,,,,,,
55,gnb1,2026-08-19T10:24:07.267213,2777,PUSCH,0x46,,,,,2,1,113,4,118.0,267,,,,,
55,gnb1,2026-08-19T10:24:07.267291,2777,BSR,0x46,,,,,,,,,,,,,,,0
55,gnb1,2026-08-19T10:24:07.435080,2785,PUSCH,0x46,,,,,2,1,113,4,117.9,75,,,,,
55,gnb1,2026-08-19T10:24:07.435123,2785,BSR,0x46,,,,,,,,,,,,,,,0
55,gnb1,2026-08-19T10:24:07.457692,2786,BSR,0x46,,,,,,,,,,,,,,,0
55,gnb1,2026-08-19T10:24:07.592778,2793,PUSCH,0x46,,,,,2,1,113,4,118.0,74,,,,,
55,gnb1,2026-08-19T10:24:07.592825,2793,BSR,0x46,,,,,,,,,,,,,,,0
55,gnb1,2026-08-19T10:24:07.616092,2794,PUSCH,0x46,,,,,2,11,749,4,108.5,403,,,,,
55,gnb1,2026-08-19T10:24:07.616169,2794,BSR,0x46,,,,,,,,,,,,,,,0
55,gnb1,2026-08-19T10:24:07.616716,2794,PDSCH,0x46,50,4587,6,0,,,,,,,,,,,
55,gnb1,2026-08-19T10:24:07.631086,2795,PDSCH,0x46,50,4587,6,0,,,,,,,,,,,
55,gnb1,2026-08-19T10:24:07.654306,2796,PDSCH,0x46,50,4587,6,0,,,,,,,,,,,
55,gnb1,2026-08-19T10:24:07.681252,2797,PDSCH,0x46,50,4587,6,0,,,,,,,,,,,
55,gnb1,2026-08-19T10:24:07.706405,2798,PDSCH,0x46,50,4587,6,0,,,,,,,,,,,
55,gnb1,2026-08-19T10:24:07.726022,2799,PDSCH,0x46,50,4587,6,0,,,,,,,,,,,
55,gnb1,2026-08-19T10:24:07.747157,2800,PDSCH,0x46,50,4587,6,0,,,,,,,,,,,
55,gnb1,2026-08-19T10:24:07.769959,2801,PUSCH,0x46,,,,,2,1,87,4,117.9,116,,,,,
55,gnb1,2026-08-19T10:24:07.770655,2801,PDSCH,0x46,47,4395,6,0,,,,,,,,,,,
55,gnb1,2026-08-19T10:24:07.779684,2802,PUSCH,0x46,,,,,2,15,1063,4,107.2,446,,,,,
55,gnb1,2026-08-19T10:24:07.780321,2802,PDSCH,0x46,50,4587,6,0,,,,,,,,,,,
55,gnb1,2026-08-19T10:24:07.807096,2803,PDSCH,0x46,15,1143,6,0,,,,,,,,,,,
55,gnb1,2026-08-19T10:24:08.164342,2820,BSR,0x46,,,,,,,,,,,,,,,0
55,gnb1,2026-08-19T10:24:08.313184,2828,PUSCH,0x46,,,,,2,8,517,4,111.4,170,,,,,
55,gnb1,2026-08-19T10:24:08.313195,2828,PHR,,,,,,,,,,,,,,,,
55,gnb1,2026-08-19T10:24:08.337633,2829,BSR,0x46,,,,,,,,,,,,,,,0
55,gnb1,2026-08-19T10:24:08.338277,2829,PDSCH,0x46,50,4587,6,0,,,,,,,,,,,
55,gnb1,2026-08-19T10:24:08.362632,2830,PDSCH,0x46,50,4587,6,0,,,,,,,,,,,
55,gnb1,2026-08-19T10:24:08.376250,2831,PDSCH,0x46,50,4587,6,0,,,,,,,,,,,
55,gnb1,2026-08-19T10:24:08.390824,2832,PDSCH,0x46,6,325,6,0,,,,,,,,,,,
55,gnb1,2026-08-19T10:24:08.498672,2837,PUSCH,0x46,,,,,2,17,1143,4,106.8,751,,,,,
55,gnb1,2026-08-19T10:24:08.498723,2837,BSR,0x46,,,,,,,,,,,,,,,0
55,gnb1,2026-08-19T10:24:08.589677,2841,PUCCH_CQI,0x46,,,,,,,,,,,111.8,15,2,,
55,gnb1,2026-08-19T10:24:08.674589,2845,PUSCH,0x46,,,,,2,17,1143,4,106.8,397,,,,,
55,gnb1,2026-08-19T10:24:08.674640,2845,BSR,0x46,,,,,,,,,,,,,,,0
55,gnb1,2026-08-19T10:24:08.699461,2846,BSR,0x46,,,,,,,,,,,,,,,0
55,gnb1,2026-08-19T10:24:08.838008,2853,PUSCH,0x46,,,,,2,17,1143,4,106.8,383,,,,,
55,gnb1,2026-08-19T10:24:08.838050,2853,BSR,0x46,,,,,,,,,,,,,,,0
55,gnb1,2026-08-19T10:24:08.862358,2854,PUSCH,0x46,,,,,2,11,693,4,108.5,269,,,,,
55,gnb1,2026-08-19T10:24:08.862490,2854,BSR,0x46,,,,,,,,,,,,,,,0
55,gnb1,2026-08-19T10:24:08.863074,2854,PDSCH,0x46,50,4587,6,0,,,,,,,,,,,
55,gnb1,2026-08-19T10:24:08.880663,2855,PDSCH,0x46,50,4587,6,0,,,,,,,,,,,
55,gnb1,2026-08-19T10:24:08.901719,2856,PDSCH,0x46,50,4587,6,0,,,,,,,,,,,
55,gnb1,2026-08-19T10:24:08.924741,2857,PDSCH,0x46,50,4587,6,0,,,,,,,,,,,
55,gnb1,2026-08-19T10:24:08.938166,2858,PDSCH,0x46,50,4587,6,0,,,,,,,,,,,
55,gnb1,2026-08-19T10:24:08.962236,2859,PDSCH,0x46,50,4587,6,0,,,,,,,,,,,
55,gnb1,2026-08-19T10:24:08.985376,2860,PDSCH,0x46,50,4587,6,0,,,,,,,,,,,
55,gnb1,2026-08-19T10:24:09.002715,2861,PUSCH,0x46,,,,,10,17,1143,4,105.3,404,,,,,
55,gnb1,2026-08-19T10:24:09.003301,2861,PDSCH,0x46,47,4395,6,0,,,,,,,,,,,
55,gnb1,2026-08-19T10:24:09.023406,2862,PUSCH,0x46,,,,,2,14,935,4,107.4,442,,,,,
55,gnb1,2026-08-19T10:24:09.024012,2862,PDSCH,0x46,50,4587,6,0,,,,,,,,,,,
55,gnb1,2026-08-19T10:24:09.048431,2863,PDSCH,0x46,50,4587,6,0,,,,,,,,,,,
55,gnb1,2026-08-19T10:24:09.073670,2864,PDSCH,0x46,50,3963,6,0,,,,,,,,,,,
55,gnb1,2026-08-19T10:24:09.377820,2880,BSR,0x46,,,,,,,,,,,,,,,0
55,gnb1,2026-08-19T10:24:09.398325,2881,PUCCH_CQI,0x46,,,,,,,,,,,111.8,15,2,,
55,gnb1,2026-08-19T10:24:09.536773,2888,PUSCH,0x46,,,,,2,8,517,4,111.4,199,,,,,
55,gnb1,2026-08-19T10:24:09.536823,2888,PHR,,,,,,,,,,,,,,,,
55,gnb1,2026-08-19T10:24:09.555643,2889,BSR,0x46,,,,,,,,,,,,,,,0
55,gnb1,2026-08-19T10:24:09.556260,2889,PDSCH,0x46,50,4587,6,0,,,,,,,,,,,
55,gnb1,2026-08-19T10:24:09.577443,2890,PDSCH,0x46,50,4587,6,0,,,,,,,,,,,
55,gnb1,2026-08-19T10:24:09.599648,2891,PDSCH,0x46,45,3542,6,0,,,,,,,,,,,
55,gnb1,2026-08-19T10:24:09.722168,2897,PUSCH,0x46,,,,,2,23,1383,4,106.4,608,,,,,
55,gnb1,2026-08-19T10:24:09.722212,2897,BSR,0x46,,,,,,,,,,,,,,,0
55,gnb1,2026-08-19T10:24:09.880785,2905,PUSCH,0x46,,,,,2,23,1383,4,106.4,492,,,,,
55,gnb1,2026-08-19T10:24:09.880835,2905,BSR,0x46,,,,,,,,,,,,,,,0
55,gnb1,2026-08-19T10:24:09.898607,2906,BSR,0x46,,,,,,,,,,,,,,,0
55,gnb1,2026-08-19T10:24:10.038598,2913,PUSCH,0x46,,,,,2,23,1383,4,106.4,581,,,,,
55,gnb1,2026-08-19T10:24:10.038639,2913,BSR,0x46,,,,,,,,,,,,,,,0
55,gnb1,2026-08-19T10:24:10.059227,2914,PUSCH,0x46,,,,,2,7,469,4,114.3,220,,,,,
55,gnb1,2026-08-19T10:24:10.059352,2914,BSR,0x46,,,,,,,,,,,,,,,0
55,gnb1,2026-08-19T10:24:10.059838,2914,PDSCH,0x46,50,4587,6,0,,,,,,,,,,,
55,gnb1,2026-08-19T10:24:10.077652,2915,PDSCH,0x46,50,4587,6,0,,,,,,,,,,,
55,gnb1,2026-08-19T10:24:10.101925,2916,PDSCH,0x46,50,4587,6,0,,,,,,,,,,,
55,gnb1,2026-08-19T10:24:10.119229,2917,PDSCH,0x46,50,4587,6,0,,,,,,,,,,,
55,gnb1,2026-08-19T10:24:10.135511,2918,PDSCH,0x46,50,4587,6,0,,,,,,,,,,,
55,gnb1,2026-08-19T10:24:10.160966,2919,PDSCH,0x46,50,4587,6,0,,,,,,,,,,,
55,gnb1,2026-08-19T10:24:10.182867,2920,PDSCH,0x46,50,4587,6,0,,,,,,,,,,,
55,gnb1,2026-08-19T10:24:10.197027,2921,PUSCH,0x46,,,,,10,23,1383,4,106.6,470,,,,,
55,gnb1,2026-08-19T10:24:10.197562,2921,PDSCH,0x46,47,4395,6,0,,,,,,,,,,,
55,gnb1,2026-08-19T10:24:10.217366,2922,PUSCH,0x46,,,,,2,11,749,4,108.5,289,,,,,
55,gnb1,2026-08-19T10:24:10.217956,2922,PDSCH,0x46,50,4587,6,0,,,,,,,,,,,
55,gnb1,2026-08-19T10:24:10.243470,2923,PDSCH,0x46,50,4587,6,0,,,,,,,,,,,
55,gnb1,2026-08-19T10:24:10.264948,2924,PDSCH,0x46,50,4587,6,0,,,,,,,,,,,
55,gnb1,2026-08-19T10:24:10.277019,2925,PDSCH,0x46,50,4587,6,0,,,,,,,,,,,
55,gnb1,2026-08-19T10:24:10.301979,2926,PDSCH,0x46,42,3182,6,0,,,,,,,,,,,
55,gnb1,2026-08-19T10:24:10.579021,2940,BSR,0x46,,,,,,,,,,,,,,,0
55,gnb1,2026-08-19T10:24:10.739921,2948,PUSCH,0x46,,,,,2,8,517,4,111.4,211,,,,,
55,gnb1,2026-08-19T10:24:10.739966,2948,PHR,,,,,,,,,,,,,,,,
55,gnb1,2026-08-19T10:24:10.763660,2949,BSR,0x46,,,,,,,,,,,,,,,0
55,gnb1,2026-08-19T10:24:10.764262,2949,PDSCH,0x46,50,4587,6,0,,,,,,,,,,,
55,gnb1,2026-08-19T10:24:10.780153,2950,PDSCH,0x46,50,4587,6,0,,,,,,,,,,,
55,gnb1,2026-08-19T10:24:10.809246,2951,PDSCH,0x46,50,4587,6,0,,,,,,,,,,,
55,gnb1,2026-08-19T10:24:10.830000,2952,PDSCH,0x46,42,3182,6,0,,,,,,,,,,,
55,gnb1,2026-08-19T10:24:10.936401,2957,PUSCH,0x46,,,,,2,23,1383,4,106.4,586,,,,,
55,gnb1,2026-08-19T10:24:10.936451,2957,BSR,0x46,,,,,,,,,,,,,,,0
55,gnb1,2026-08-19T10:24:10.954516,2958,PDSCH,0x46,50,4587,6,0,,,,,,,,,,,
55,gnb1,2026-08-19T10:24:10.976797,2959,PDSCH,0x46,50,4587,6,0,,,,,,,,,,,
55,gnb1,2026-08-19T10:24:10.994951,2960,PDSCH,0x46,50,4587,6,0,,,,,,,,,,,
55,gnb1,2026-08-19T10:24:11.011603,2961,PUCCH_CQI,0x46,,,,,,,,,,,111.8,15,2,,
55,gnb1,2026-08-19T10:24:11.012217,2961,PDSCH,0x46,47,4395,6,0,,,,,,,,,,,
55,gnb1,2026-08-19T10:24:11.039245,2962,PDSCH,0x46,50,4587,6,0,,,,,,,,,,,
55,gnb1,2026-08-19T10:24:11.063958,2963,PDSCH,0x46,50,4587,6,0,,,,,,,,,,,
55,gnb1,2026-08-19T10:24:11.094895,2964,PDSCH,0x46,50,4587,6,0,,,,,,,,,,,
55,gnb1,2026-08-19T10:24:11.120465,2965,PUSCH,0x46,,,,,2,23,1383,4,106.4,490,,,,,
55,gnb1,2026-08-19T10:24:11.120529,2965,BSR,0x46,,,,,,,,,,,,,,,0
55,gnb1,2026-08-19T10:24:11.121028,2965,PDSCH,0x46,50,4587,6,0,,,,,,,,,,,
55,gnb1,2026-08-19T10:24:11.148229,2966,PDSCH,0x46,50,4587,6,0,,,,,,,,,,,
55,gnb1,2026-08-19T10:24:11.170587,2967,PDSCH,0x46,50,4587,6,0,,,,,,,,,,,
55,gnb1,2026-08-19T10:24:11.186213,2968,PDSCH,0x46,50,4587,6,0,,,,,,,,,,,
55,gnb1,2026-08-19T10:24:11.205487,2969,PDSCH,0x46,50,4587,6,0,,,,,,,,,,,
55,gnb1,2026-08-19T10:24:11.226975,2970,PDSCH,0x46,50,4587,6,0,,,,,,,,,,,
55,gnb1,2026-08-19T10:24:11.249371,2971,PDSCH,0x46,50,4587,6,0,,,,,,,,,,,
55,gnb1,2026-08-19T10:24:11.265345,2972,PDSCH,0x46,45,3542,6,0,,,,,,,,,,,
55,gnb1,2026-08-19T10:24:11.287084,2973,PUSCH,0x46,,,,,2,8,517,4,111.4,266,,,,,
55,gnb1,2026-08-19T10:24:11.308546,2974,BSR,0x46,,,,,,,,,,,,,,,0
55,gnb1,2026-08-19T10:24:11.308994,2974,PDSCH,0x46,50,4587,6,0,,,,,,,,,,,
55,gnb1,2026-08-19T10:24:11.338338,2975,PDSCH,0x46,50,4587,6,0,,,,,,,,,,,
55,gnb1,2026-08-19T10:24:11.358772,2976,PDSCH,0x46,50,4587,6,0,,,,,,,,,,,
55,gnb1,2026-08-19T10:24:11.372692,2977,PDSCH,0x46,50,4587,6,0,,,,,,,,,,,
55,gnb1,2026-08-19T10:24:11.390682,2978,PDSCH,0x46,50,4587,6,0,,,,,,,,,,,
55,gnb1,2026-08-19T10:24:11.412825,2979,PDSCH,0x46,50,4587,6,0,,,,,,,,,,,
55,gnb1,2026-08-19T10:24:11.428708,2980,PDSCH,0x46,9,597,6,0,,,,,,,,,,,
55,gnb1,2026-08-19T10:24:11.468884,2982,PUSCH,0x46,,,,,2,1,113,4,117.9,122,,,,,
55,gnb1,2026-08-19T10:24:11.468954,2982,BSR,0x46,,,,,,,,,,,,,,,0
55,gnb1,2026-08-19T10:24:11.486069,2983,BSR,0x46,,,,,,,,,,,,,,,0
55,gnb1,2026-08-19T10:24:11.486668,2983,PDSCH,0x46,50,4587,6,0,,,,,,,,,,,
55,gnb1,2026-08-19T10:24:11.506205,2984,PDSCH,0x46,15,1063,6,0,,,,,,,,,,,
55,gnb1,2026-08-19T10:24:11.630667,2990,PUSCH,0x46,,,,,2,1,113,4,118.0,89,,,,,
55,gnb1,2026-08-19T10:24:11.630728,2990,BSR,0x46,,,,,,,,,,,,,,,0
55,gnb1,2026-08-19T10:24:11.654768,2991,PUSCH,0x46,,,,,10,4,269,4,104.5,221,,,,,
55,gnb1,2026-08-19T10:24:11.654836,2991,BSR,0x46,,,,,,,,,,,,,,,0
55,gnb1,2026-08-19T10:24:11.655359,2991,PDSCH,0x46,50,4587,6,0,,,,,,,,,,,
55,gnb1,2026-08-19T10:24:11.670930,2992,BSR,0x46,,,,,,,,,,,,,,,0
55,gnb1,2026-08-19T10:24:11.671488,2992,PDSCH,0x46,50,4587,6,0,,,,,,,,,,,
55,gnb1,2026-08-19T10:24:11.696260,2993,PDSCH,0x46,50,4587,6,0,,,,,,,,,,,
55,gnb1,2026-08-19T10:24:11.715923,2994,PDSCH,0x46,50,4587,6,0,,,,,,,,,,,
55,gnb1,2026-08-19T10:24:11.737856,2995,PDSCH,0x46,50,4587,6,0,,,,,,,,,,,
55,gnb1,2026-08-19T10:24:11.759692,2996,PDSCH,0x46,48,3822,6,0,,,,,,,,,,,
55,gnb1,2026-08-19T10:24:11.797079,2998,PUSCH,0x46,,,,,2,1,105,4,117.9,94,,,,,
55,gnb1,2026-08-19T10:24:11.797136,2998,BSR,0x46,,,,,,,,,,,,,,,0
55,gnb1,2026-08-19T10:24:11.797157,2998,PHR,,,,,,,,,,,,,,,,
55,gnb1,2026-08-19T10:24:11.818381,2999,PUSCH,0x46,,,,,2,8,573,4,111.4,247,,,,,
55,gnb1,2026-08-19T10:24:11.818464,2999,BSR,0x46,,,,,,,,,,,,,,,0
55,gnb1,2026-08-19T10:24:11.818920,2999,PDSCH,0x46,36,2865,6,0,,,,,,,,,,,
55,gnb1,2026-08-19T10:24:11.844247,3000,PUSCH,0x46,,,,,2,3,217,4,117.9,185,,,,,
55,gnb1,2026-08-19T10:24:11.844347,3000,BSR,0x46,,,,,,,,,,,,,,,0
55,gnb1,2026-08-19T10:24:11.844816,3000,PDSCH,0x46,50,4587,6,0,,,,,,,,,,,
55,gnb1,2026-08-19T10:24:11.869213,3001,PUCCH_CQI,0x46,,,,,,,,,,,111.8,15,2a,,
55,gnb1,2026-08-19T10:24:11.869294,3001,BSR,0x46,,,,,,,,,,,,,,,0
55,gnb1,2026-08-19T10:24:11.869901,3001,PDSCH,0x46,47,4395,6,0,,,,,,,,,,,
55,gnb1,2026-08-19T10:24:11.896216,3002,PDSCH,0x46,50,4587,6,0,,,,,,,,,,,
55,gnb1,2026-08-19T10:24:11.915309,3003,PDSCH,0x46,50,4587,6,0,,,,,,,,,,,
55,gnb1,2026-08-19T10:24:11.943786,3004,PDSCH,0x46,50,4587,6,0,,,,,,,,,,,
55,gnb1,2026-08-19T10:24:11.961782,3005,PDSCH,0x46,50,4587,6,0,,,,,,,,,,,
55,gnb1,2026-08-19T10:24:11.978578,3006,PUSCH,0x46,,,,,2,1,97,4,118.0,155,,,,,
55,gnb1,2026-08-19T10:24:11.978686,3006,BSR,0x46,,,,,,,,,,,,,,,0
55,gnb1,2026-08-19T10:24:11.979107,3006,PDSCH,0x46,50,4587,6,0,,,,,,,,,,,
55,gnb1,2026-08-19T10:24:12.002572,3007,PUSCH,0x46,,,,,2,11,693,4,108.5,312,,,,,
55,gnb1,2026-08-19T10:24:12.002645,3007,BSR,0x46,,,,,,,,,,,,,,,0
55,gnb1,2026-08-19T10:24:12.003219,3007,PDSCH,0x46,50,4587,6,0,,,,,,,,,,,
55,gnb1,2026-08-19T10:24:12.020782,3008,PUSCH,0x46,,,,,2,7,469,4,114.2,240,,,,,
55,gnb1,2026-08-19T10:24:12.021326,3008,PDSCH,0x46,50,4587,6,0,,,,,,,,,,,
55,gnb1,2026-08-19T10:24:12.042650,3009,PUSCH,0x46,,,,,2,3,233,4,117.9,169,,,,,
55,gnb1,2026-08-19T10:24:12.043333,3009,PDSCH,0x46,50,4587,6,0,,,,,,,,,,,
55,gnb1,2026-08-19T10:24:12.060171,3010,PDSCH,0x46,50,4587,6,0,,,,,,,,,,,
55,gnb1,2026-08-19T10:24:12.079556,3011,PDSCH,0x46,42,3182,6,0,,,,,,,,,,,
55,gnb1,2026-08-19T10:24:12.162165,3014,PUSCH,0x46,,,,,2,1,97,4,118.0,128,,,,,
55,gnb1,2026-08-19T10:24:12.180137,3015,PUSCH,0x46,,,,,2,14,999,4,107.4,447,,,,,
55,gnb1,2026-08-19T10:24:12.180209,3015,BSR,0x46,,,,,,,,,,,,,,,0
55,gnb1,2026-08-19T10:24:12.180823,3015,PDSCH,0x46,50,4587,6,0,,,,,,,,,,,
55,gnb1,2026-08-19T10:24:12.201820,3016,BSR,0x46,,,,,,,,,,,,,,,0
55,gnb1,2026-08-19T10:24:12.202604,3016,PDSCH,0x46,50,4587,6,0,,,,,,,,,,,
55,gnb1,2026-08-19T10:24:12.220837,3017,PDSCH,0x46,50,4587,6,0,,,,,,,,,,,
55,gnb1,2026-08-19T10:24:12.239340,3018,PDSCH,0x46,50,4587,6,0,,,,,,,,,,,
55,gnb1,2026-08-19T10:24:12.265492,3019,PDSCH,0x46,50,4587,6,0,,,,,,,,,,,
55,gnb1,2026-08-19T10:24:12.285874,3020,PDSCH,0x46,50,4587,6,0,,,,,,,,,,,
55,gnb1,2026-08-19T10:24:12.314360,3021,PDSCH,0x46,47,4395,6,0,,,,,,,,,,,
55,gnb1,2026-08-19T10:24:12.334584,3022,PDSCH,0x46,50,4587,6,0,,,,,,,,,,,
55,gnb1,2026-08-19T10:24:12.358534,3023,PUSCH,0x46,,,,,2,14,999,4,107.4,375,,,,,
55,gnb1,2026-08-19T10:24:12.358600,3023,BSR,0x46,,,,,,,,,,,,,,,0
55,gnb1,2026-08-19T10:24:12.359190,3023,PDSCH,0x46,50,4587,6,0,,,,,,,,,,,
55,gnb1,2026-08-19T10:24:12.386002,3024,PUSCH,0x46,,,,,2,3,233,4,117.9,142,,,,,
55,gnb1,2026-08-19T10:24:12.386553,3024,PDSCH,0x46,50,4587,6,0,,,,,,,,,,,
55,gnb1,2026-08-19T10:24:12.408113,3025,PDSCH,0x46,50,4587,6,0,,,,,,,,,,,
55,gnb1,2026-08-19T10:24:12.428538,3026,PDSCH,0x46,50,4587,6,0,,,,,,,,,,,
55,gnb1,2026-08-19T10:24:12.446196,3027,PDSCH,0x46,50,4587,6,0,,,,,,,,,,,
55,gnb1,2026-08-19T10:24:12.473129,3028,PDSCH,0x46,50,4587,6,0,,,,,,,,,,,
55,gnb1,2026-08-19T10:24:12.493012,3029,PDSCH,0x46,50,4587,6,0,,,,,,,,,,,
55,gnb1,2026-08-19T10:24:12.517352,3030,PDSCH,0x46,50,4587,6,0,,,,,,,,,,,
55,gnb1,2026-08-19T10:24:12.543293,3031,PUSCH,0x46,,,,,10,14,999,4,104.5,344,,,,,
55,gnb1,2026-08-19T10:24:12.543839,3031,PDSCH,0x46,50,4587,6,0,,,,,,,,,,,
55,gnb1,2026-08-19T10:24:12.563890,3032,PDSCH,0x46,50,4587,6,0,,,,,,,,,,,
55,gnb1,2026-08-19T10:24:12.587863,3033,PDSCH,0x46,50,4587,6,0,,,,,,,,,,,
55,gnb1,2026-08-19T10:24:12.607837,3034,PDSCH,0x46,50,4587,6,0,,,,,,,,,,,
55,gnb1,2026-08-19T10:24:12.626637,3035,PDSCH,0x46,50,4587,6,0,,,,,,,,,,,
55,gnb1,2026-08-19T10:24:12.651788,3036,PDSCH,0x46,50,4587,6,0,,,,,,,,,,,
55,gnb1,2026-08-19T10:24:12.681677,3037,PDSCH,0x46,50,4587,6,0,,,,,,,,,,,
55,gnb1,2026-08-19T10:24:12.707449,3038,PDSCH,0x46,50,4587,6,0,,,,,,,,,,,
55,gnb1,2026-08-19T10:24:12.732462,3039,PDSCH,0x46,50,4587,6,0,,,,,,,,,,,
55,gnb1,2026-08-19T10:24:12.760406,3040,BSR,0x46,,,,,,,,,,,,,,,0
55,gnb1,2026-08-19T10:24:12.760939,3040,PDSCH,0x46,50,4587,6,0,,,,,,,,,,,
55,gnb1,2026-08-19T10:24:12.780003,3041,PUCCH_CQI,0x46,,,,,,,,,,,111.8,15,2a,,
55,gnb1,2026-08-19T10:24:12.780536,3041,PDSCH,0x46,47,4395,6,0,,,,,,,,,,,
55,gnb1,2026-08-19T10:24:12.808294,3042,PDSCH,0x46,50,4587,6,0,,,,,,,,,,,
55,gnb1,2026-08-19T10:24:12.834371,3043,PDSCH,0x46,50,4587,6,0,,,,,,,,,,,
55,gnb1,2026-08-19T10:24:12.862981,3044,PDSCH,0x46,50,4587,6,0,,,,,,,,,,,
55,gnb1,2026-08-19T10:24:12.887417,3045,PDSCH,0x46,47,4395,6,0,,,,,,,,,,,
55,gnb1,2026-08-19T10:24:12.916310,3046,PDSCH,0x46,45,3542,6,0,,,,,,,,,,,
55,gnb1,2026-08-19T10:24:12.965427,3048,PUSCH,0x46,,,,,2,8,517,4,111.4,245,,,,,
55,gnb1,2026-08-19T10:24:12.965445,3048,PHR,,,,,,,,,,,,,,,,
55,gnb1,2026-08-19T10:24:12.992547,3049,BSR,0x46,,,,,,,,,,,,,,,0
55,gnb1,2026-08-19T10:24:12.993119,3049,PDSCH,0x46,50,4587,6,0,,,,,,,,,,,
55,gnb1,2026-08-19T10:24:13.017935,3050,PDSCH,0x46,50,4587,6,0,,,,,,,,,,,
55,gnb1,2026-08-19T10:24:13.041183,3051,PDSCH,0x46,50,4587,6,0,,,,,,,,,,,
55,gnb1,2026-08-19T10:24:13.056397,3052,PDSCH,0x46,50,4587,6,0,,,,,,,,,,,
55,gnb1,2026-08-19T10:24:13.085239,3053,PDSCH,0x46,50,4587,6,0,,,,,,,,,,,
55,gnb1,2026-08-19T10:24:13.111287,3054,PDSCH,0x46,30,2385,6,0,,,,,,,,,,,
55,gnb1,2026-08-19T10:24:13.172366,3057,PUSCH,0x46,,,,,2,23,1383,4,106.4,583,,,,,
55,gnb1,2026-08-19T10:24:13.172413,3057,BSR,0x46,,,,,,,,,,,,,,,0
55,gnb1,2026-08-19T10:24:13.189715,3058,BSR,0x46,,,,,,,,,,,,,,,0
55,gnb1,2026-08-19T10:24:13.190330,3058,PDSCH,0x46,50,4587,6,0,,,,,,,,,,,
55,gnb1,2026-08-19T10:24:13.218801,3059,PDSCH,0x46,50,4587,6,0,,,,,,,,,,,
55,gnb1,2026-08-19T10:24:13.240229,3060,PDSCH,0x46,50,4587,6,0,,,,,,,,,,,
55,gnb1,2026-08-19T10:24:13.266307,3061,PDSCH,0x46,47,4395,6,0,,,,,,,,,,,
55,gnb1,2026-08-19T10:24:13.290359,3062,PDSCH,0x46,50,4587,6,0,,,,,,,,,,,
55,gnb1,2026-08-19T10:24:13.317089,3063,PDSCH,0x46,50,4587,6,0,,,,,,,,,,,
55,gnb1,2026-08-19T10:24:13.331651,3064,PDSCH,0x46,50,4587,6,0,,,,,,,,,,,
55,gnb1,2026-08-19T10:24:13.351638,3065,PUSCH,0x46,,,,,2,23,1383,4,106.4,486,,,,,
55,gnb1,2026-08-19T10:24:13.351707,3065,BSR,0x46,,,,,,,,,,,,,,,0
55,gnb1,2026-08-19T10:24:13.352258,3065,PDSCH,0x46,50,4587,6,0,,,,,,,,,,,
55,gnb1,2026-08-19T10:24:13.378324,3066,PUSCH,0x46,,,,,2,3,217,4,117.9,118,,,,,
55,gnb1,2026-08-19T10:24:13.378858,3066,PDSCH,0x46,50,4587,6,0,,,,,,,,,,,
55,gnb1,2026-08-19T10:24:13.406338,3067,PDSCH,0x46,50,4587,6,0,,,,,,,,,,,
55,gnb1,2026-08-19T10:24:13.440054,3068,PDSCH,0x46,50,4587,6,0,,,,,,,,,,,
55,gnb1,2026-08-19T10:24:13.464759,3069,PDSCH,0x46,50,4587,6,0,,,,,,,,,,,
55,gnb1,2026-08-19T10:24:13.491417,3070,PDSCH,0x46,50,4587,6,0,,,,,,,,,,,
55,gnb1,2026-08-19T10:24:13.514465,3071,PDSCH,0x46,50,4587,6,0,,,,,,,,,,,
55,gnb1,2026-08-19T10:24:13.540896,3072,PDSCH,0x46,50,4587,6,0,,,,,,,,,,,
55,gnb1,2026-08-19T10:24:13.568828,3073,PUSCH,0x46,,,,,2,23,1383,4,106.4,486,,,,,
55,gnb1,2026-08-19T10:24:13.569367,3073,PDSCH,0x46,50,4587,6,0,,,,,,,,,,,
55,gnb1,2026-08-19T10:24:13.597166,3074,PDSCH,0x46,50,4587,6,0,,,,,,,,,,,
55,gnb1,2026-08-19T10:24:13.626351,3075,PDSCH,0x46,50,4587,6,0,,,,,,,,,,,
55,gnb1,2026-08-19T10:24:13.650368,3076,PDSCH,0x46,50,4587,6,0,,,,,,,,,,,
55,gnb1,2026-08-19T10:24:13.663730,3077,PDSCH,0x46,50,4587,6,0,,,,,,,,,,,
55,gnb1,2026-08-19T10:24:13.685535,3078,PDSCH,0x46,50,4587,6,0,,,,,,,,,,,
55,gnb1,2026-08-19T10:24:13.712412,3079,PDSCH,0x46,50,4587,6,0,,,,,,,,,,,
55,gnb1,2026-08-19T10:24:13.741265,3080,BSR,0x46,,,,,,,,,,,,,,,0
55,gnb1,2026-08-19T10:24:13.741861,3080,PDSCH,0x46,50,4587,6,0,,,,,,,,,,,
55,gnb1,2026-08-19T10:24:13.766823,3081,PUCCH_CQI,0x46,,,,,,,,,,,111.8,15,2a,,
55,gnb1,2026-08-19T10:24:13.767406,3081,PDSCH,0x46,47,4395,6,0,,,,,,,,,,,
55,gnb1,2026-08-19T10:24:13.783049,3082,PDSCH,0x46,50,4587,6,0,,,,,,,,,,,
55,gnb1,2026-08-19T10:24:13.805826,3083,PDSCH,0x46,50,4587,6,0,,,,,,,,,,,
55,gnb1,2026-08-19T10:24:13.832534,3084,PDSCH,0x46,50,4587,6,0,,,,,,,,,,,
55,gnb1,2026-08-19T10:24:13.863045,3085,PDSCH,0x46,50,4587,6,0,,,,,,,,,,,
55,gnb1,2026-08-19T10:24:13.891997,3086,PDSCH,0x46,50,4587,6,0,,,,,,,,,,,
55,gnb1,2026-08-19T10:24:13.918380,3087,PDSCH,0x46,50,4587,6,0,,,,,,,,,,,
55,gnb1,2026-08-19T10:24:13.939877,3088,PUSCH,0x46,,,,,2,8,517,4,111.4,224,,,,,
55,gnb1,2026-08-19T10:24:13.940695,3088,PDSCH,0x46,50,4587,6,0,,,,,,,,,,,
55,gnb1,2026-08-19T10:24:13.966713,3089,BSR,0x46,,,,,,,,,,,,,,,0
55,gnb1,2026-08-19T10:24:13.967308,3089,PDSCH,0x46,50,4587,6,0,,,,,,,,,,,
55,gnb1,2026-08-19T10:24:13.996657,3090,PDSCH,0x46,50,4587,6,0,,,,,,,,,,,
55,gnb1,2026-08-19T10:24:14.023628,3091,PDSCH,0x46,50,4587,6,0,,,,,,,,,,,
55,gnb1,2026-08-19T10:24:14.050932,3092,PDSCH,0x46,50,4587,6,0,,,,,,,,,,,
55,gnb1,2026-08-19T10:24:14.080274,3093,PDSCH,0x46,50,4587,6,0,,,,,,,,,,,
55,gnb1,2026-08-19T10:24:14.103154,3094,PDSCH,0x46,50,4587,6,0,,,,,,,,,,,
55,gnb1,2026-08-19T10:24:14.131524,3095,PDSCH,0x46,50,4587,6,0,,,,,,,,,,,
55,gnb1,2026-08-19T10:24:14.153017,3096,PDSCH,0x46,50,4587,6,0,,,,,,,,,,,
55,gnb1,2026-08-19T10:24:14.175056,3097,PUSCH,0x46,,,,,2,14,871,4,107.4,407,,,,,
55,gnb1,2026-08-19T10:24:14.175133,3097,BSR,0x46,,,,,,,,,,,,,,,0
55,gnb1,2026-08-19T10:24:14.175681,3097,PDSCH,0x46,50,4587,6,0,,,,,,,,,,,
55,gnb1,2026-08-19T10:24:14.191899,3098,BSR,0x46,,,,,,,,,,,,,,,0
55,gnb1,2026-08-19T10:24:14.192551,3098,PDSCH,0x46,50,4587,6,0,,,,,,,,,,,
55,gnb1,2026-08-19T10:24:14.217178,3099,PDSCH,0x46,50,4587,6,0,,,,,,,,,,,
55,gnb1,2026-08-19T10:24:14.239653,3100,PDSCH,0x46,50,4587,6,0,,,,,,,,,,,
55,gnb1,2026-08-19T10:24:14.255922,3101,PDSCH,0x46,47,4395,6,0,,,,,,,,,,,
55,gnb1,2026-08-19T10:24:14.277026,3102,PDSCH,0x46,50,4587,6,0,,,,,,,,,,,
55,gnb1,2026-08-19T10:24:14.297693,3103,PDSCH,0x46,50,4587,6,0,,,,,,,,,,,
55,gnb1,2026-08-19T10:24:14.321759,3104,PDSCH,0x46,50,4587,6,0,,,,,,,,,,,
55,gnb1,2026-08-19T10:24:14.347804,3105,PUSCH,0x46,,,,,2,14,871,4,107.4,338,,,,,
55,gnb1,2026-08-19T10:24:14.347827,3105,PHR,,,,,,,,,,,,,,,,
55,gnb1,2026-08-19T10:24:14.347878,3105,BSR,0x46,,,,,,,,,,,,,,,0
55,gnb1,2026-08-19T10:24:14.348428,3105,PDSCH,0x46,50,4587,6,0,,,,,,,,,,,
55,gnb1,2026-08-19T10:24:14.369152,3106,PUSCH,0x46,,,,,2,3,217,4,117.9,110,,,,,
55,gnb1,2026-08-19T10:24:14.369238,3106,BSR,0x46,,,,,,,,,,,,,,,0
55,gnb1,2026-08-19T10:24:14.369758,3106,PDSCH,0x46,50,4587,6,0,,,,,,,,,,,
55,gnb1,2026-08-19T10:24:14.391547,3107,BSR,0x46,,,,,,,,,,,,,,,0
55,gnb1,2026-08-19T10:24:14.392117,3107,PDSCH,0x46,50,4587,6,0,,,,,,,,,,,
55,gnb1,2026-08-19T10:24:14.409119,3108,PDSCH,0x46,50,4587,6,0,,,,,,,,,,,
55,gnb1,2026-08-19T10:24:14.435669,3109,PDSCH,0x46,50,4587,6,0,,,,,,,,,,,
55,gnb1,2026-08-19T10:24:14.462902,3110,PDSCH,0x46,50,4587,6,0,,,,,,,,,,,
55,gnb1,2026-08-19T10:24:14.489314,3111,PDSCH,0x46,50,4587,6,0,,,,,,,,,,,
55,gnb1,2026-08-19T10:24:14.513595,3112,PDSCH,0x46,50,4587,6,0,,,,,,,,,,,
55,gnb1,2026-08-19T10:24:14.533802,3113,PUSCH,0x46,,,,,2,14,871,4,107.4,335,,,,,
55,gnb1,2026-08-19T10:24:14.533873,3113,BSR,0x46,,,,,,,,,,,,,,,0
55,gnb1,2026-08-19T10:24:14.534417,3113,PDSCH,0x46,50,4587,6,0,,,,,,,,,,,
55,gnb1,2026-08-19T10:24:14.563134,3114,PUSCH,0x46,,,,,2,7,501,4,114.3,233,,,,,
55,gnb1,2026-08-19T10:24:14.563733,3114,PDSCH,0x46,50,4587,6,0,,,,,,,,,,,
55,gnb1,2026-08-19T10:24:14.585724,3115,PUSCH,0x46,,,,,2,3,233,4,118.0,120,,,,,
55,gnb1,2026-08-19T10:24:14.586407,3115,PDSCH,0x46,50,4587,6,0,,,,,,,,,,,
55,gnb1,2026-08-19T10:24:14.612151,3116,PDSCH,0x46,50,4587,6,0,,,,,,,,,,,
55,gnb1,2026-08-19T10:24:14.628588,3117,PDSCH,0x46,50,4587,6,0,,,,,,,,,,,
55,gnb1,2026-08-19T10:24:14.651571,3118,PDSCH,0x46,50,4587,6,0,,,,,,,,,,,
55,gnb1,2026-08-19T10:24:14.678290,3119,PDSCH,0x46,50,4587,6,0,,,,,,,,,,,
55,gnb1,2026-08-19T10:24:14.697333,3120,PDSCH,0x46,50,4587,6,0,,,,,,,,,,,
55,gnb1,2026-08-19T10:24:14.718276,3121,PUSCH,0x46,,,,,10,14,871,4,104.5,327,,,,,
55,gnb1,2026-08-19T10:24:14.718358,3121,BSR,0x46,,,,,,,,,,,,,,,0
55,gnb1,2026-08-19T10:24:14.718903,3121,PDSCH,0x46,47,4395,6,0,,,,,,,,,,,
55,gnb1,2026-08-19T10:24:14.744949,3122,PDSCH,0x46,50,4587,6,0,,,,,,,,,,,
55,gnb1,2026-08-19T10:24:14.765008,3123,PDSCH,0x46,50,4587,6,0,,,,,,,,,,,
55,gnb1,2026-08-19T10:24:14.785549,3124,PDSCH,0x46,50,4587,6,0,,,,,,,,,,,
55,gnb1,2026-08-19T10:24:14.811990,3125,PDSCH,0x46,50,4587,6,0,,,,,,,,,,,
55,gnb1,2026-08-19T10:24:14.830768,3126,PDSCH,0x46,50,4587,6,0,,,,,,,,,,,
55,gnb1,2026-08-19T10:24:14.862368,3127,PDSCH,0x46,50,4587,6,0,,,,,,,,,,,
55,gnb1,2026-08-19T10:24:14.886383,3128,PDSCH,0x46,50,4587,6,0,,,,,,,,,,,
55,gnb1,2026-08-19T10:24:14.917029,3129,PUSCH,0x46,,,,,2,8,517,4,111.4,225,,,,,
55,gnb1,2026-08-19T10:24:14.917100,3129,BSR,0x46,,,,,,,,,,,,,,,0
55,gnb1,2026-08-19T10:24:14.917658,3129,PDSCH,0x46,50,4587,6,0,,,,,,,,,,,
55,gnb1,2026-08-19T10:24:14.944039,3130,BSR,0x46,,,,,,,,,,,,,,,0
55,gnb1,2026-08-19T10:24:14.944674,3130,PDSCH,0x46,50,4587,6,0,,,,,,,,,,,
55,gnb1,2026-08-19T10:24:14.972849,3131,PDSCH,0x46,50,4587,6,0,,,,,,,,,,,
55,gnb1,2026-08-19T10:24:14.998959,3132,PDSCH,0x46,50,4587,6,0,,,,,,,,,,,
55,gnb1,2026-08-19T10:24:15.024200,3133,PDSCH,0x46,50,4587,6,0,,,,,,,,,,,
55,gnb1,2026-08-19T10:24:15.044100,3134,PDSCH,0x46,50,4587,6,0,,,,,,,,,,,
55,gnb1,2026-08-19T10:24:15.072333,3135,PDSCH,0x46,50,4587,6,0,,,,,,,,,,,
55,gnb1,2026-08-19T10:24:15.094287,3136,PDSCH,0x46,50,4587,6,0,,,,,,,,,,,
55,gnb1,2026-08-19T10:24:15.117970,3137,PUSCH,0x46,,,,,2,4,293,4,117.8,151,,,,,
55,gnb1,2026-08-19T10:24:15.118035,3137,BSR,0x46,,,,,,,,,,,,,,,0
55,gnb1,2026-08-19T10:24:15.118525,3137,PDSCH,0x46,50,4587,6,0,,,,,,,,,,,
55,gnb1,2026-08-19T10:24:15.135908,3138,PUSCH,0x46,,,,,2,3,249,4,117.9,180,,,,,
55,gnb1,2026-08-19T10:24:15.136031,3138,BSR,0x46,,,,,,,,,,,,,,,0
55,gnb1,2026-08-19T10:24:15.136705,3138,PDSCH,0x46,50,4587,6,0,,,,,,,,,,,
55,gnb1,2026-08-19T10:24:15.157425,3139,PDSCH,0x46,50,4587,6,0,,,,,,,,,,,
55,gnb1,2026-08-19T10:24:15.186087,3140,PDSCH,0x46,50,4587,6,0,,,,,,,,,,,
55,gnb1,2026-08-19T10:24:15.210799,3141,PDSCH,0x46,47,4395,6,0,,,,,,,,,,,
55,gnb1,2026-08-19T10:24:15.242823,3142,PDSCH,0x46,50,4587,6,0,,,,,,,,,,,
55,gnb1,2026-08-19T10:24:15.265542,3143,PDSCH,0x46,50,4587,6,0,,,,,,,,,,,
55,gnb1,2026-08-19T10:24:15.286476,3144,PDSCH,0x46,50,4587,6,0,,,,,,,,,,,
55,gnb1,2026-08-19T10:24:15.308114,3145,PUSCH,0x46,,,,,2,4,293,4,117.9,131,,,,,
55,gnb1,2026-08-19T10:24:15.308171,3145,BSR,0x46,,,,,,,,,,,,,,,0
55,gnb1,2026-08-19T10:24:15.308641,3145,PDSCH,0x46,50,4587,6,0,,,,,,,,,,,
55,gnb1,2026-08-19T10:24:15.329811,3146,PUSCH,0x46,,,,,2,44,2865,4,109.0,1241,,,,,
55,gnb1,2026-08-19T10:24:15.329897,3146,BSR,0x46,,,,,,,,,,,,,,,1752
55,gnb1,2026-08-19T10:24:15.330493,3146,PDSCH,0x46,50,4587,6,0,,,,,,,,,,,
55,gnb1,2026-08-19T10:24:15.350905,3147,BSR,0x46,,,,,,,,,,,,,,,0
55,gnb1,2026-08-19T10:24:15.351522,3147,PDSCH,0x46,50,4587,6,0,,,,,,,,,,,
55,gnb1,2026-08-19T10:24:15.374311,3148,PDSCH,0x46,50,4587,6,0,,,,,,,,,,,
55,gnb1,2026-08-19T10:24:15.394455,3149,PDSCH,0x46,50,4587,6,0,,,,,,,,,,,
55,gnb1,2026-08-19T10:24:15.413204,3150,PDSCH,0x46,50,4587,6,0,,,,,,,,,,,
55,gnb1,2026-08-19T10:24:15.431988,3151,PDSCH,0x46,50,4587,6,0,,,,,,,,,,,
55,gnb1,2026-08-19T10:24:15.456687,3152,PDSCH,0x46,50,4587,6,0,,,,,,,,,,,
55,gnb1,2026-08-19T10:24:15.480374,3153,PUSCH,0x46,,,,,2,0,55,4,117.8,121,,,,,
55,gnb1,2026-08-19T10:24:15.480442,3153,BSR,0x46,,,,,,,,,,,,,,,0
55,gnb1,2026-08-19T10:24:15.480930,3153,PDSCH,0x46,50,4587,6,0,,,,,,,,,,,
55,gnb1,2026-08-19T10:24:15.505934,3154,PUSCH,0x46,,,,,2,44,2865,4,109.0,1012,,,,,
55,gnb1,2026-08-19T10:24:15.506050,3154,BSR,0x46,,,,,,,,,,,,,,,805
55,gnb1,2026-08-19T10:24:15.506632,3154,PDSCH,0x46,50,4587,6,0,,,,,,,,,,,
55,gnb1,2026-08-19T10:24:15.527110,3155,PUSCH,0x46,,,,,2,29,1764,4,107.3,822,,,,,
55,gnb1,2026-08-19T10:24:15.527151,3155,PHR,,,,,,,,,,,,,,,,
55,gnb1,2026-08-19T10:24:15.527201,3155,BSR,0x46,,,,,,,,,,,,,,,0
55,gnb1,2026-08-19T10:24:15.527836,3155,PDSCH,0x46,50,4587,6,0,,,,,,,,,,,
55,gnb1,2026-08-19T10:24:15.553730,3156,PDSCH,0x46,50,4587,6,0,,,,,,,,,,,
55,gnb1,2026-08-19T10:24:15.571409,3157,PDSCH,0x46,50,4587,6,0,,,,,,,,,,,
55,gnb1,2026-08-19T10:24:15.596376,3158,PDSCH,0x46,50,4587,6,0,,,,,,,,,,,
55,gnb1,2026-08-19T10:24:15.615966,3159,PDSCH,0x46,50,4587,6,0,,,,,,,,,,,
55,gnb1,2026-08-19T10:24:15.639846,3160,PDSCH,0x46,50,4587,6,0,,,,,,,,,,,
55,gnb1,2026-08-19T10:24:15.663630,3161,PUSCH,0x46,,,,,2,0,47,4,117.7,171,,,,,
55,gnb1,2026-08-19T10:24:15.664191,3161,PDSCH,0x46,47,4395,6,0,,,,,,,,,,,
55,gnb1,2026-08-19T10:24:15.685866,3162,PUSCH,0x46,,,,,2,44,2865,4,109.0,833,,,,,
55,gnb1,2026-08-19T10:24:15.685961,3162,BSR,0x46,,,,,,,,,,,,,,,199
55,gnb1,2026-08-19T10:24:15.686521,3162,PDSCH,0x46,50,4587,6,0,,,,,,,,,,,
55,gnb1,2026-08-19T10:24:15.708470,3163,PUSCH,0x46,,,,,2,39,2673,4,108.6,1091,,,,,
55,gnb1,2026-08-19T10:24:15.708524,3163,BSR,0x46,,,,,,,,,,,,,,,743
55,gnb1,2026-08-19T10:24:15.709072,3163,PDSCH,0x46,50,4587,6,0,,,,,,,,,,,
55,gnb1,2026-08-19T10:24:15.740539,3164,BSR,0x46,,,,,,,,,,,,,,,0
55,gnb1,2026-08-19T10:24:15.741195,3164,PDSCH,0x46,50,4587,6,0,,,,,,,,,,,
55,gnb1,2026-08-19T10:24:15.763938,3165,PDSCH,0x46,50,4587,6,0,,,,,,,,,,,
55,gnb1,2026-08-19T10:24:15.783457,3166,PDSCH,0x46,50,4587,6,0,,,,,,,,,,,
55,gnb1,2026-08-19T10:24:15.805976,3167,PDSCH,0x46,50,4587,6,0,,,,,,,,,,,
55,gnb1,2026-08-19T10:24:15.824334,3168,PDSCH,0x46,50,4587,6,0,,,,,,,,,,,
55,gnb1,2026-08-19T10:24:15.848004,3169,PDSCH,0x46,50,4587,6,0,,,,,,,,,,,
55,gnb1,2026-08-19T10:24:15.870932,3170,PUSCH,0x46,,,,,2,44,2865,4,109.0,766,,,,,
55,gnb1,2026-08-19T10:24:15.871018,3170,BSR,0x46,,,,,,,,,,,,,,,0
55,gnb1,2026-08-19T10:24:15.871613,3170,PDSCH,0x46,50,4587,6,0,,,,,,,,,,,
55,gnb1,2026-08-19T10:24:15.896195,3171,PUSCH,0x46,,,,,10,35,2385,4,108.3,856,,,,,
55,gnb1,2026-08-19T10:24:15.896720,3171,PDSCH,0x46,50,4587,6,0,,,,,,,,,,,
55,gnb1,2026-08-19T10:24:15.922058,3172,PUSCH,0x46,,,,,2,15,999,4,107.2,343,,,,,
55,gnb1,2026-08-19T10:24:15.922707,3172,PDSCH,0x46,50,4587,6,0,,,,,,,,,,,
55,gnb1,2026-08-19T10:24:15.938385,3173,PDSCH,0x46,50,4587,6,0,,,,,,,,,,,
55,gnb1,2026-08-19T10:24:15.958934,3174,PDSCH,0x46,50,4587,6,0,,,,,,,,,,,
55,gnb1,2026-08-19T10:24:15.981656,3175,PDSCH,0x46,50,4587,6,0,,,,,,,,,,,
55,gnb1,2026-08-19T10:24:16.003614,3176,PDSCH,0x46,50,4587,6,0,,,,,,,,,,,
55,gnb1,2026-08-19T10:24:16.026593,3177,PDSCH,0x46,50,4587,6,0,,,,,,,,,,,
55,gnb1,2026-08-19T10:24:16.046742,3178,PUSCH,0x46,,,,,2,44,2865,4,109.0,759,,,,,
55,gnb1,2026-08-19T10:24:16.047332,3178,PDSCH,0x46,50,4587,6,0,,,,,,,,,,,
55,gnb1,2026-08-19T10:24:16.067428,3179,PDSCH,0x46,50,4587,6,0,,,,,,,,,,,
55,gnb1,2026-08-19T10:24:16.090867,3180,BSR,0x46,,,,,,,,,,,,,,,0
55,gnb1,2026-08-19T10:24:16.091424,3180,PDSCH,0x46,50,4587,6,0,,,,,,,,,,,
55,gnb1,2026-08-19T10:24:16.108789,3181,PDSCH,0x46,47,4395,6,0,,,,,,,,,,,
55,gnb1,2026-08-19T10:24:16.128450,3182,PDSCH,0x46,50,4587,6,0,,,,,,,,,,,
55,gnb1,2026-08-19T10:24:16.150817,3183,PDSCH,0x46,50,4587,6,0,,,,,,,,,,,
55,gnb1,2026-08-19T10:24:16.173171,3184,PDSCH,0x46,50,4587,6,0,,,,,,,,,,,
55,gnb1,2026-08-19T10:24:16.193946,3185,PDSCH,0x46,50,4587,6,0,,,,,,,,,,,
55,gnb1,2026-08-19T10:24:16.211700,3186,PDSCH,0x46,50,4587,6,0,,,,,,,,,,,
55,gnb1,2026-08-19T10:24:16.231757,3187,PDSCH,0x46,50,4587,6,0,,,,,,,,,,,
55,gnb1,2026-08-19T10:24:16.248780,3188,PUSCH,0x46,,,,,2,8,517,4,111.4,244,,,,,
55,gnb1,2026-08-19T10:24:16.249484,3188,PDSCH,0x46,50,4587,6,0,,,,,,,,,,,
55,gnb1,2026-08-19T10:24:16.265527,3189,BSR,0x46,,,,,,,,,,,,,,,0
55,gnb1,2026-08-19T10:24:16.266021,3189,PDSCH,0x46,50,4587,6,0,,,,,,,,,,,
55,gnb1,2026-08-19T10:24:16.286129,3190,PDSCH,0x46,50,4587,6,0,,,,,,,,,,,
55,gnb1,2026-08-19T10:24:16.306605,3191,PDSCH,0x46,50,4587,6,0,,,,,,,,,,,
55,gnb1,2026-08-19T10:24:16.326832,3192,PDSCH,0x46,50,4587,6,0,,,,,,,,,,,
55,gnb1,2026-08-19T10:24:16.349157,3193,PDSCH,0x46,50,4587,6,0,,,,,,,,,,,
55,gnb1,2026-08-19T10:24:16.367486,3194,PDSCH,0x46,50,4587,6,0,,,,,,,,,,,
55,gnb1,2026-08-19T10:24:16.389020,3195,PDSCH,0x46,50,4587,6,0,,,,,,,,,,,
55,gnb1,2026-08-19T10:24:16.407734,3196,PDSCH,0x46,50,4587,6,0,,,,,,,,,,,
55,gnb1,2026-08-19T10:24:16.428726,3197,PUSCH,0x46,,,,,2,4,293,4,117.9,173,,,,,
55,gnb1,2026-08-19T10:24:16.428792,3197,BSR,0x46,,,,,,,,,,,,,,,0
55,gnb1,2026-08-19T10:24:16.429382,3197,PDSCH,0x46,50,4587,6,0,,,,,,,,,,,
55,gnb1,2026-08-19T10:24:16.449357,3198,BSR,0x46,,,,,,,,,,,,,,,0
55,gnb1,2026-08-19T10:24:16.449804,3198,PDSCH,0x46,50,4587,6,0,,,,,,,,,,,
55,gnb1,2026-08-19T10:24:16.471846,3199,PDSCH,0x46,50,4587,6,0,,,,,,,,,,,
55,gnb1,2026-08-19T10:24:16.491072,3200,PDSCH,0x46,50,4587,6,0,,,,,,,,,,,
55,gnb1,2026-08-19T10:24:16.513335,3201,PUCCH_CQI,0x46,,,,,,,,,,,111.8,15,2a,,
55,gnb1,2026-08-19T10:24:16.513918,3201,PDSCH,0x46,47,4395,6,0,,,,,,,,,,,
55,gnb1,2026-08-19T10:24:16.533242,3202,PDSCH,0x46,50,4587,6,0,,,,,,,,,,,
55,gnb1,2026-08-19T10:24:16.554133,3203,PDSCH,0x46,50,4587,6,0,,,,,,,,,,,
55,gnb1,2026-08-19T10:24:16.581406,3204,PDSCH,0x46,50,4587,6,0,,,,,,,,,,,
55,gnb1,2026-08-19T10:24:16.604787,3205,PUSCH,0x46,,,,,2,4,293,4,118.0,143,,,,,
55,gnb1,2026-08-19T10:24:16.604809,3205,PHR,,,,,,,,,,,,,,,,
55,gnb1,2026-08-19T10:24:16.604852,3205,BSR,0x46,,,,,,,,,,,,,,,0
55,gnb1,2026-08-19T10:24:16.605389,3205,PDSCH,0x46,47,4395,6,0,,,,,,,,,,,
55,gnb1,2026-08-19T10:24:16.624437,3206,PUSCH,0x46,,,,,2,3,249,4,118.0,125,,,,,
55,gnb1,2026-08-19T10:24:16.624519,3206,BSR,0x46,,,,,,,,,,,,,,,0
55,gnb1,2026-08-19T10:24:16.625096,3206,PDSCH,0x46,50,4587,6,0,,,,,,,,,,,
55,gnb1,2026-08-19T10:24:16.645719,3207,PDSCH,0x46,50,4587,6,0,,,,,,,,,,,
55,gnb1,2026-08-19T10:24:16.669575,3208,PDSCH,0x46,50,4587,6,0,,,,,,,,,,,
55,gnb1,2026-08-19T10:24:16.685128,3209,PDSCH,0x46,50,4587,6,0,,,,,,,,,,,
55,gnb1,2026-08-19T10:24:16.716611,3210,PDSCH,0x46,50,4587,6,0,,,,,,,,,,,
55,gnb1,2026-08-19T10:24:16.729176,3211,PDSCH,0x46,50,4587,6,0,,,,,,,,,,,
55,gnb1,2026-08-19T10:24:16.779489,3212,PDSCH,0x46,50,4587,6,0,,,,,,,,,,,
55,gnb1,2026-08-19T10:24:16.780213,3213,PUSCH,0x46,,,,,2,4,293,4,117.9,153,,,,,
55,gnb1,2026-08-19T10:24:16.780283,3213,BSR,0x46,,,,,,,,,,,,,,,0
55,gnb1,2026-08-19T10:24:16.780745,3213,PDSCH,0x46,50,4587,6,0,,,,,,,,,,,
55,gnb1,2026-08-19T10:24:16.821703,3214,PUSCH,0x46,,,,,2,24,1572,4,106.5,716,,,,,
55,gnb1,2026-08-19T10:24:16.821773,3214,BSR,0x46,,,,,,,,,,,,,,,0
55,gnb1,2026-08-19T10:24:16.822385,3214,PDSCH,0x46,50,4587,6,0,,,,,,,,,,,
55,gnb1,2026-08-19T10:24:16.822818,3215,PDSCH,0x46,47,4395,6,0,,,,,,,,,,,
55,gnb1,2026-08-19T10:24:16.843272,3216,BSR,0x46,,,,,,,,,,,,,,,0
55,gnb1,2026-08-19T10:24:16.843761,3216,PDSCH,0x46,50,4587,6,0,,,,,,,,,,,
55,gnb1,2026-08-19T10:24:16.893377,3217,PDSCH,0x46,50,4587,6,0,,,,,,,,,,,
55,gnb1,2026-08-19T10:24:16.920954,3218,PDSCH,0x46,50,4587,6,0,,,,,,,,,,,
55,gnb1,2026-08-19T10:24:16.941731,3219,PDSCH,0x46,50,4587,6,0,,,,,,,,,,,
55,gnb1,2026-08-19T10:24:16.963183,3220,PDSCH,0x46,50,4587,6,0,,,,,,,,,,,
55,gnb1,2026-08-19T10:24:16.978980,3221,PUSCH,0x46,,,,,10,4,269,4,104.5,155,,,,,
55,gnb1,2026-08-19T10:24:16.979058,3221,BSR,0x46,,,,,,,,,,,,,,,0
55,gnb1,2026-08-19T10:24:16.979678,3221,PDSCH,0x46,47,4395,6,0,,,,,,,,,,,
55,gnb1,2026-08-19T10:24:16.985263,3222,PUSCH,0x46,,,,,2,29,1908,4,107.4,612,,,,,
55,gnb1,2026-08-19T10:24:16.985337,3222,BSR,0x46,,,,,,,,,,,,,,,0
55,gnb1,2026-08-19T10:24:16.985873,3222,PDSCH,0x46,50,4587,6,0,,,,,,,,,,,
55,gnb1,2026-08-19T10:24:17.236036,3223,PDSCH,0x46,50,4587,6,0,,,,,,,,,,,
55,gnb1,2026-08-19T10:24:17.236411,3224,PUSCH,0x46,,,,,2,2,161,4,118.0,221,,,,,
55,gnb1,2026-08-19T10:24:17.237305,3224,PDSCH,0x46,50,4587,6,0,,,,,,,,,,,
55,gnb1,2026-08-19T10:24:17.256875,3225,PDSCH,0x46,50,4587,6,0,,,,,,,,,,,
55,gnb1,2026-08-19T10:24:17.301747,3226,PDSCH,0x46,50,4587,6,0,,,,,,,,,,,
55,gnb1,2026-08-19T10:24:17.302909,3227,PDSCH,0x46,50,4587,6,0,,,,,,,,,,,
55,gnb1,2026-08-19T10:24:17.326796,3228,PDSCH,0x46,50,4587,6,0,,,,,,,,,,,
55,gnb1,2026-08-19T10:24:17.377533,3229,PUSCH,0x46,,,,,2,4,269,4,118.0,297,,,,,
55,gnb1,2026-08-19T10:24:17.378293,3229,PDSCH,0x46,50,4587,6,0,,,,,,,,,,,
55,gnb1,2026-08-19T10:24:17.379513,3230,PUSCH,0x46,,,,,2,35,2292,4,108.1,1019,,,,,
55,gnb1,2026-08-19T10:24:17.379591,3230,BSR,0x46,,,,,,,,,,,,,,,0
55,gnb1,2026-08-19T10:24:17.380141,3230,PDSCH,0x46,50,4587,6,0,,,,,,,,,,,
55,gnb1,2026-08-19T10:24:17.394280,3231,PDSCH,0x46,50,4587,6,0,,,,,,,,,,,
55,gnb1,2026-08-19T10:24:17.449003,3232,PDSCH,0x46,50,4587,6,0,,,,,,,,,,,
55,gnb1,2026-08-19T10:24:17.450068,3233,PDSCH,0x46,50,4587,6,0,,,,,,,,,,,
55,gnb1,2026-08-19T10:24:17.468180,3234,PDSCH,0x46,50,4587,6,0,,,,,,,,,,,
55,gnb1,2026-08-19T10:24:17.518849,3235,PDSCH,0x46,50,4587,6,0,,,,,,,,,,,
55,gnb1,2026-08-19T10:24:17.519969,3236,PDSCH,0x46,50,4587,6,0,,,,,,,,,,,
55,gnb1,2026-08-19T10:24:17.539297,3237,PDSCH,0x46,50,4587,6,0,,,,,,,,,,,
55,gnb1,2026-08-19T10:24:17.582470,3238,PUSCH,0x46,,,,,2,4,293,4,118.0,174,,,,,
55,gnb1,2026-08-19T10:24:17.583134,3238,PDSCH,0x46,50,4587,6,0,,,,,,,,,,,
55,gnb1,2026-08-19T10:24:17.583681,3239,BSR,0x46,,,,,,,,,,,,,,,0
55,gnb1,2026-08-19T10:24:17.584292,3239,PDSCH,0x46,50,4587,6,0,,,,,,,,,,,
55,gnb1,2026-08-19T10:24:17.605335,3240,PDSCH,0x46,50,4587,6,0,,,,,,,,,,,
55,gnb1,2026-08-19T10:24:17.645627,3241,PUCCH_CQI,0x46,,,,,,,,,,,111.8,15,2a,,
55,gnb1,2026-08-19T10:24:17.646270,3241,PDSCH,0x46,47,4395,6,0,,,,,,,,,,,
55,gnb1,2026-08-19T10:24:17.647349,3242,PDSCH,0x46,50,4587,6,0,,,,,,,,,,,
55,gnb1,2026-08-19T10:24:17.666896,3243,PDSCH,0x46,50,4587,6,0,,,,,,,,,,,
55,gnb1,2026-08-19T10:24:17.712881,3244,PDSCH,0x46,50,4587,6,0,,,,,,,,,,,
55,gnb1,2026-08-19T10:24:17.714214,3245,PDSCH,0x46,50,4587,6,0,,,,,,,,,,,
55,gnb1,2026-08-19T10:24:17.736082,3246,PDSCH,0x46,50,4587,6,0,,,,,,,,,,,
55,gnb1,2026-08-19T10:24:17.778670,3247,PUSCH,0x46,,,,,2,9,621,4,110.0,344,,,,,
55,gnb1,2026-08-19T10:24:17.778770,3247,BSR,0x46,,,,,,,,,,,,,,,0
55,gnb1,2026-08-19T10:24:17.779342,3247,PDSCH,0x46,50,4587,6,0,,,,,,,,,,,
55,gnb1,2026-08-19T10:24:17.794994,3248,BSR,0x46,,,,,,,,,,,,,,,0
55,gnb1,2026-08-19T10:24:17.795620,3248,PDSCH,0x46,50,4587,6,0,,,,,,,,,,,
55,gnb1,2026-08-19T10:24:17.822321,3249,PDSCH,0x46,50,4587,6,0,,,,,,,,,,,
55,gnb1,2026-08-19T10:24:17.850185,3250,PDSCH,0x46,50,4587,6,0,,,,,,,,,,,
55,gnb1,2026-08-19T10:24:17.875606,3251,PDSCH,0x46,50,4587,6,0,,,,,,,,,,,
55,gnb1,2026-08-19T10:24:17.904012,3252,PDSCH,0x46,50,4587,6,0,,,,,,,,,,,
55,gnb1,2026-08-19T10:24:17.932898,3253,PDSCH,0x46,50,4587,6,0,,,,,,,,,,,
55,gnb1,2026-08-19T10:24:17.960217,3254,PDSCH,0x46,50,4587,6,0,,,,,,,,,,,
55,gnb1,2026-08-19T10:24:17.985056,3255,PUSCH,0x46,,,,,2,9,621,4,110.0,352,,,,,
55,gnb1,2026-08-19T10:24:17.985125,3255,BSR,0x46,,,,,,,,,,,,,,,0
55,gnb1,2026-08-19T10:24:17.985715,3255,PDSCH,0x46,50,4587,6,0,,,,,,,,,,,
55,gnb1,2026-08-19T10:24:18.011873,3256,PUSCH,0x46,,,,,2,3,249,4,117.9,175,,,,,
55,gnb1,2026-08-19T10:24:18.011884,3256,PHR,,,,,,,,,,,,,,,,
55,gnb1,2026-08-19T10:24:18.012069,3256,BSR,0x46,,,,,,,,,,,,,,,0
55,gnb1,2026-08-19T10:24:18.012758,3256,PDSCH,0x46,50,4587,6,0,,,,,,,,,,,
55,gnb1,2026-08-19T10:24:18.039085,3257,BSR,0x46,,,,,,,,,,,,,,,0
55,gnb1,2026-08-19T10:24:18.039684,3257,PDSCH,0x46,50,4587,6,0,,,,,,,,,,,
55,gnb1,2026-08-19T10:24:18.065714,3258,PDSCH,0x46,50,4587,6,0,,,,,,,,,,,
55,gnb1,2026-08-19T10:24:18.092902,3259,PDSCH,0x46,50,4587,6,0,,,,,,,,,,,
55,gnb1,2026-08-19T10:24:18.111765,3260,PDSCH,0x46,50,4587,6,0,,,,,,,,,,,
55,gnb1,2026-08-19T10:24:18.137989,3261,PDSCH,0x46,47,4395,6,0,,,,,,,,,,,
55,gnb1,2026-08-19T10:24:18.154685,3262,PDSCH,0x46,50,4587,6,0,,,,,,,,,,,
55,gnb1,2026-08-19T10:24:18.181627,3263,PUSCH,0x46,,,,,2,9,621,4,110.0,259,,,,,
55,gnb1,2026-08-19T10:24:18.181691,3263,BSR,0x46,,,,,,,,,,,,,,,0
55,gnb1,2026-08-19T10:24:18.182228,3263,PDSCH,0x46,50,4587,6,0,,,,,,,,,,,
55,gnb1,2026-08-19T10:24:18.196167,3264,PUSCH,0x46,,,,,2,8,517,4,111.4,288,,,,,
55,gnb1,2026-08-19T10:24:18.196239,3264,BSR,0x46,,,,,,,,,,,,,,,0
55,gnb1,2026-08-19T10:24:18.196919,3264,PDSCH,0x46,50,4587,6,0,,,,,,,,,,,
55,gnb1,2026-08-19T10:24:18.216476,3265,PUSCH,0x46,,,,,2,3,249,4,118.0,144,,,,,
55,gnb1,2026-08-19T10:24:18.216544,3265,BSR,0x46,,,,,,,,,,,,,,,0
55,gnb1,2026-08-19T10:24:18.217069,3265,PDSCH,0x46,50,4587,6,0,,,,,,,,,,,
55,gnb1,2026-08-19T10:24:18.235777,3266,BSR,0x46,,,,,,,,,,,,,,,0
55,gnb1,2026-08-19T10:24:18.236501,3266,PDSCH,0x46,50,4587,6,0,,,,,,,,,,,
55,gnb1,2026-08-19T10:24:18.257155,3267,PDSCH,0x46,50,4587,6,0,,,,,,,,,,,
55,gnb1,2026-08-19T10:24:18.276575,3268,PDSCH,0x46,50,4587,6,0,,,,,,,,,,,
55,gnb1,2026-08-19T10:24:18.293449,3269,PDSCH,0x46,50,4587,6,0,,,,,,,,,,,
55,gnb1,2026-08-19T10:24:18.311308,3270,PDSCH,0x46,50,4587,6,0,,,,,,,,,,,
55,gnb1,2026-08-19T10:24:18.331707,3271,PUSCH,0x46,,,,,10,9,621,4,104.6,219,,,,,
55,gnb1,2026-08-19T10:24:18.331761,3271,BSR,0x46,,,,,,,,,,,,,,,0
55,gnb1,2026-08-19T10:24:18.332255,3271,PDSCH,0x46,50,4587,6,0,,,,,,,,,,,
55,gnb1,2026-08-19T10:24:18.357303,3272,PUSCH,0x46,,,,,2,11,693,4,108.5,354,,,,,
55,gnb1,2026-08-19T10:24:18.357381,3272,BSR,0x46,,,,,,,,,,,,,,,0
55,gnb1,2026-08-19T10:24:18.358017,3272,PDSCH,0x46,50,4587,6,0,,,,,,,,,,,
55,gnb1,2026-08-19T10:24:18.386930,3273,PUSCH,0x46,,,,,2,8,517,4,111.4,117,,,,,
55,gnb1,2026-08-19T10:24:18.386968,3273,BSR,0x46,,,,,,,,,,,,,,,0
55,gnb1,2026-08-19T10:24:18.387242,3273,PDSCH,0x46,50,4587,6,0,,,,,,,,,,,
55,gnb1,2026-08-19T10:24:18.416501,3274,PUSCH,0x46,,,,,2,3,249,4,117.9,123,,,,,
55,gnb1,2026-08-19T10:24:18.416597,3274,BSR,0x46,,,,,,,,,,,,,,,0
55,gnb1,2026-08-19T10:24:18.417002,3274,PDSCH,0x46,50,4587,6,0,,,,,,,,,,,
55,gnb1,2026-08-19T10:24:18.442085,3275,PDSCH,0x46,50,4587,6,0,,,,,,,,,,,
55,gnb1,2026-08-19T10:24:18.470827,3276,PDSCH,0x46,50,4587,6,0,,,,,,,,,,,
55,gnb1,2026-08-19T10:24:18.499247,3277,PDSCH,0x46,50,4587,6,0,,,,,,,,,,,
55,gnb1,2026-08-19T10:24:18.528769,3278,PDSCH,0x46,50,4587,6,0,,,,,,,,,,,
55,gnb1,2026-08-19T10:24:18.555449,3279,PUSCH,0x46,,,,,2,9,621,4,110.0,272,,,,,
55,gnb1,2026-08-19T10:24:18.556022,3279,PDSCH,0x46,50,4587,6,0,,,,,,,,,,,
55,gnb1,2026-08-19T10:24:18.583213,3280,PUSCH,0x46,,,,,2,14,999,4,107.4,363,,,,,
55,gnb1,2026-08-19T10:24:18.583767,3280,PDSCH,0x46,50,4587,6,0,,,,,,,,,,,
55,gnb1,2026-08-19T10:24:18.611745,3281,PUSCH,0x46,,,,,10,11,749,4,104.6,377,,,,,
55,gnb1,2026-08-19T10:24:18.612354,3281,PDSCH,0x46,47,4395,6,0,,,,,,,,,,,
55,gnb1,2026-08-19T10:24:18.638534,3282,PUSCH,0x46,,,,,2,7,469,4,114.2,202,,,,,
55,gnb1,2026-08-19T10:24:18.639052,3282,PDSCH,0x46,50,4587,6,0,,,,,,,,,,,
55,gnb1,2026-08-19T10:24:18.664870,3283,PDSCH,0x46,50,4587,6,0,,,,,,,,,,,
55,gnb1,2026-08-19T10:24:18.693049,3284,PDSCH,0x46,50,4587,6,0,,,,,,,,,,,
55,gnb1,2026-08-19T10:24:18.720778,3285,PDSCH,0x46,50,4587,6,0,,,,,,,,,,,
55,gnb1,2026-08-19T10:24:18.746310,3286,PDSCH,0x46,50,4587,6,0,,,,,,,,,,,
55,gnb1,2026-08-19T10:24:18.774846,3287,PDSCH,0x46,50,4587,6,0,,,,,,,,,,,
55,gnb1,2026-08-19T10:24:18.800185,3288,PDSCH,0x46,50,4587,6,0,,,,,,,,,,,
55,gnb1,2026-08-19T10:24:18.828155,3289,PDSCH,0x46,50,4587,6,0,,,,,,,,,,,
55,gnb1,2026-08-19T10:24:18.855362,3290,PDSCH,0x46,50,4587,6,0,,,,,,,,,,,
55,gnb1,2026-08-19T10:24:18.882705,3291,PDSCH,0x46,50,4587,6,0,,,,,,,,,,,
55,gnb1,2026-08-19T10:24:18.911189,3292,PDSCH,0x46,50,4587,6,0,,,,,,,,,,,
55,gnb1,2026-08-19T10:24:18.939787,3293,PDSCH,0x46,50,4587,6,0,,,,,,,,,,,
55,gnb1,2026-08-19T10:24:18.965980,3294,PDSCH,0x46,50,4587,6,0,,,,,,,,,,,
55,gnb1,2026-08-19T10:24:18.992680,3295,PDSCH,0x46,50,4587,6,0,,,,,,,,,,,
55,gnb1,2026-08-19T10:24:19.018613,3296,PDSCH,0x46,50,4587,6,0,,,,,,,,,,,
55,gnb1,2026-08-19T10:24:19.045468,3297,PDSCH,0x46,50,4587,6,0,,,,,,,,,,,
55,gnb1,2026-08-19T10:24:19.069800,3298,PDSCH,0x46,50,4587,6,0,,,,,,,,,,,
55,gnb1,2026-08-19T10:24:19.097209,3299,PDSCH,0x46,50,4587,6,0,,,,,,,,,,,
55,gnb1,2026-08-19T10:24:19.122709,3300,BSR,0x46,,,,,,,,,,,,,,,0
55,gnb1,2026-08-19T10:24:19.123216,3300,PDSCH,0x46,50,4587,6,0,,,,,,,,,,,
55,gnb1,2026-08-19T10:24:19.150032,3301,PDSCH,0x46,47,4395,6,0,,,,,,,,,,,
55,gnb1,2026-08-19T10:24:19.175896,3302,PDSCH,0x46,50,4587,6,0,,,,,,,,,,,
55,gnb1,2026-08-19T10:24:19.201067,3303,PDSCH,0x46,50,4587,6,0,,,,,,,,,,,
55,gnb1,2026-08-19T10:24:19.227679,3304,PDSCH,0x46,50,4587,6,0,,,,,,,,,,,
55,gnb1,2026-08-19T10:24:19.253235,3305,PDSCH,0x46,50,4587,6,0,,,,,,,,,,,
55,gnb1,2026-08-19T10:24:19.272749,3306,PDSCH,0x46,50,4587,6,0,,,,,,,,,,,
55,gnb1,2026-08-19T10:24:19.296391,3307,PDSCH,0x46,50,4587,6,0,,,,,,,,,,,
55,gnb1,2026-08-19T10:24:19.311827,3308,PUSCH,0x46,,,,,2,8,517,4,111.4,188,,,,,
55,gnb1,2026-08-19T10:24:19.311887,3308,PHR,,,,,,,,,,,,,,,,
55,gnb1,2026-08-19T10:24:19.312373,3308,PDSCH,0x46,50,4587,6,0,,,,,,,,,,,
55,gnb1,2026-08-19T10:24:19.343331,3309,BSR,0x46,,,,,,,,,,,,,,,55
55,gnb1,2026-08-19T10:24:19.344055,3309,PDSCH,0x46,50,4587,6,0,,,,,,,,,,,
55,gnb1,2026-08-19T10:24:19.372565,3310,BSR,0x46,,,,,,,,,,,,,,,0
55,gnb1,2026-08-19T10:24:19.373024,3310,PDSCH,0x46,50,4587,6,0,,,,,,,,,,,
55,gnb1,2026-08-19T10:24:19.406270,3311,PDSCH,0x46,50,4587,6,0,,,,,,,,,,,
55,gnb1,2026-08-19T10:24:19.437006,3312,PDSCH,0x46,50,4587,6,0,,,,,,,,,,,
55,gnb1,2026-08-19T10:24:19.464263,3313,PDSCH,0x46,50,4587,6,0,,,,,,,,,,,
55,gnb1,2026-08-19T10:24:19.494755,3314,PDSCH,0x46,50,4587,6,0,,,,,,,,,,,
55,gnb1,2026-08-19T10:24:19.523061,3315,PDSCH,0x46,50,4587,6,0,,,,,,,,,,,
55,gnb1,2026-08-19T10:24:19.583636,3317,PUSCH,0x46,,,,,2,44,2865,4,109.0,1176,,,,,
55,gnb1,2026-08-19T10:24:19.583681,3317,BSR,0x46,,,,,,,,,,,,,,,0
55,gnb1,2026-08-19T10:24:19.622152,3318,PUSCH,0x46,,,,,2,0,55,4,117.8,94,,,,,
55,gnb1,2026-08-19T10:24:19.622274,3318,BSR,0x46,,,,,,,,,,,,,,,0
55,gnb1,2026-08-19T10:24:19.622930,3318,PDSCH,0x46,50,4587,6,0,,,,,,,,,,,
55,gnb1,2026-08-19T10:24:19.653230,3319,PDSCH,0x46,50,4587,6,0,,,,,,,,,,,
55,gnb1,2026-08-19T10:24:19.687567,3320,PDSCH,0x46,50,4587,6,0,,,,,,,,,,,
55,gnb1,2026-08-19T10:24:19.718954,3321,PUCCH_CQI,0x46,,,,,,,,,,,111.8,15,2a,,
55,gnb1,2026-08-19T10:24:19.719546,3321,PDSCH,0x46,47,4395,6,0,,,,,,,,,,,
55,gnb1,2026-08-19T10:24:19.752921,3322,PDSCH,0x46,50,4587,6,0,,,,,,,,,,,
55,gnb1,2026-08-19T10:24:19.782591,3323,PDSCH,0x46,50,4587,6,0,,,,,,,,,,,
55,gnb1,2026-08-19T10:24:19.814995,3324,PDSCH,0x46,50,4587,6,0,,,,,,,,,,,
55,gnb1,2026-08-19T10:24:19.845120,3325,PUSCH,0x46,,,,,2,44,2865,4,109.0,964,,,,,
55,gnb1,2026-08-19T10:24:19.845178,3325,BSR,0x46,,,,,,,,,,,,,,,0
55,gnb1,2026-08-19T10:24:19.845672,3325,PDSCH,0x46,50,4587,6,0,,,,,,,,,,,
55,gnb1,2026-08-19T10:24:19.887375,3326,PUSCH,0x46,,,,,2,5,325,4,117.9,210,,,,,
55,gnb1,2026-08-19T10:24:19.888045,3326,PDSCH,0x46,50,4587,6,0,,,,,,,,,,,
55,gnb1,2026-08-19T10:24:19.927717,3327,PDSCH,0x46,50,4587,6,0,,,,,,,,,,,
55,gnb1,2026-08-19T10:24:19.968766,3328,PDSCH,0x46,50,4587,6,0,,,,,,,,,,,
55,gnb1,2026-08-19T10:24:20.008292,3329,PDSCH,0x46,50,4587,6,0,,,,,,,,,,,
55,gnb1,2026-08-19T10:24:20.048948,3330,PDSCH,0x46,50,4587,6,0,,,,,,,,,,,
55,gnb1,2026-08-19T10:24:20.087661,3331,PDSCH,0x46,50,4587,6,0,,,,,,,,,,,
55,gnb1,2026-08-19T10:24:20.117531,3332,PDSCH,0x46,50,4587,6,0,,,,,,,,,,,
55,gnb1,2026-08-19T10:24:20.148685,3333,PUSCH,0x46,,,,,2,15,1063,4,107.2,479,,,,,
55,gnb1,2026-08-19T10:24:20.149290,3333,PDSCH,0x46,50,4587,6,0,,,,,,,,,,,
55,gnb1,2026-08-19T10:24:20.189901,3334,BSR,0x46,,,,,,,,,,,,,,,0
55,gnb1,2026-08-19T10:24:20.190386,3334,PDSCH,0x46,50,4587,6,0,,,,,,,,,,,
55,gnb1,2026-08-19T10:24:20.233633,3335,PDSCH,0x46,50,4587,6,0,,,,,,,,,,,
55,gnb1,2026-08-19T10:24:20.274934,3336,PDSCH,0x46,50,4587,6,0,,,,,,,,,,,
55,gnb1,2026-08-19T10:24:20.318564,3337,PDSCH,0x46,50,4587,6,0,,,,,,,,,,,
55,gnb1,2026-08-19T10:24:20.359734,3338,PDSCH,0x46,50,4587,6,0,,,,,,,,,,,
55,gnb1,2026-08-19T10:24:20.401744,3339,PDSCH,0x46,50,4587,6,0,,,,,,,,,,,
55,gnb1,2026-08-19T10:24:20.438688,3340,PDSCH,0x46,50,4587,6,0,,,,,,,,,,,
55,gnb1,2026-08-19T10:24:20.479145,3341,PDSCH,0x46,47,4395,6,0,,,,,,,,,,,
55,gnb1,2026-08-19T10:24:20.508765,3342,PUSCH,0x46,,,,,2,2,133,4,118.0,168,,,,,
55,gnb1,2026-08-19T10:24:20.508864,3342,BSR,0x46,,,,,,,,,,,,,,,0
55,gnb1,2026-08-19T10:24:20.509451,3342,PDSCH,0x46,50,4587,6,0,,,,,,,,,,,
55,gnb1,2026-08-19T10:24:20.544574,3343,BSR,0x46,,,,,,,,,,,,,,,0
55,gnb1,2026-08-19T10:24:20.545157,3343,PDSCH,0x46,50,4587,6,0,,,,,,,,,,,
55,gnb1,2026-08-19T10:24:20.578493,3344,PDSCH,0x46,50,4587,6,0,,,,,,,,,,,
55,gnb1,2026-08-19T10:24:20.615152,3345,PDSCH,0x46,50,4587,6,0,,,,,,,,,,,
55,gnb1,2026-08-19T10:24:20.645664,3346,PDSCH,0x46,50,4587,6,0,,,,,,,,,,,
55,gnb1,2026-08-19T10:24:20.678393,3347,PDSCH,0x46,50,4587,6,0,,,,,,,,,,,
55,gnb1,2026-08-19T10:24:20.709172,3348,PDSCH,0x46,50,4587,6,0,,,,,,,,,,,
55,gnb1,2026-08-19T10:24:20.738052,3349,PDSCH,0x46,50,4587,6,0,,,,,,,,,,,
55,gnb1,2026-08-19T10:24:20.769312,3350,PUSCH,0x46,,,,,2,2,133,4,118.0,104,,,,,
55,gnb1,2026-08-19T10:24:20.769459,3350,BSR,0x46,,,,,,,,,,,,,,,0
55,gnb1,2026-08-19T10:24:20.769890,3350,PDSCH,0x46,50,4587,6,0,,,,,,,,,,,
55,gnb1,2026-08-19T10:24:20.803846,3351,PUSCH,0x46,,,,,10,4,269,4,104.5,353,,,,,
55,gnb1,2026-08-19T10:24:20.803903,3351,BSR,0x46,,,,,,,,,,,,,,,0
55,gnb1,2026-08-19T10:24:20.804489,3351,PDSCH,0x46,50,4587,6,0,,,,,,,,,,,
55,gnb1,2026-08-19T10:24:20.834044,3352,BSR,0x46,,,,,,,,,,,,,,,0
55,gnb1,2026-08-19T10:24:20.834536,3352,PDSCH,0x46,50,4587,6,0,,,,,,,,,,,
55,gnb1,2026-08-19T10:24:20.865467,3353,PDSCH,0x46,50,4587,6,0,,,,,,,,,,,
55,gnb1,2026-08-19T10:24:20.898089,3354,PDSCH,0x46,50,4587,6,0,,,,,,,,,,,
55,gnb1,2026-08-19T10:24:20.929273,3355,PDSCH,0x46,27,2124,6,0,,,,,,,,,,,
55,gnb1,2026-08-19T10:24:21.019882,3358,PUSCH,0x46,,,,,2,1,125,4,117.9,135,,,,,
55,gnb1,2026-08-19T10:24:21.019942,3358,BSR,0x46,,,,,,,,,,,,,,,0
55,gnb1,2026-08-19T10:24:21.020039,3358,PHR,,,,,,,,,,,,,,,,
55,gnb1,2026-08-19T10:24:21.059205,3359,PUSCH,0x46,,,,,2,8,517,4,111.4,319,,,,,
55,gnb1,2026-08-19T10:24:21.059269,3359,BSR,0x46,,,,,,,,,,,,,,,0
55,gnb1,2026-08-19T10:24:21.059871,3359,PDSCH,0x46,50,4587,6,0,,,,,,,,,,,
55,gnb1,2026-08-19T10:24:21.102507,3360,PUSCH,0x46,,,,,2,4,269,4,117.9,192,,,,,
55,gnb1,2026-08-19T10:24:21.102592,3360,BSR,0x46,,,,,,,,,,,,,,,0
55,gnb1,2026-08-19T10:24:21.103111,3360,PDSCH,0x46,50,4587,6,0,,,,,,,,,,,
55,gnb1,2026-08-19T10:24:21.144991,3361,PUCCH_CQI,0x46,,,,,,,,,,,111.8,15,2a,,
55,gnb1,2026-08-19T10:24:21.145097,3361,BSR,0x46,,,,,,,,,,,,,,,0
55,gnb1,2026-08-19T10:24:21.145647,3361,PDSCH,0x46,47,4395,6,0,,,,,,,,,,,
55,gnb1,2026-08-19T10:24:21.187534,3362,PDSCH,0x46,50,4587,6,0,,,,,,,,,,,
55,gnb1,2026-08-19T10:24:21.231458,3363,PDSCH,0x46,50,4587,6,0,,,,,,,,,,,
55,gnb1,2026-08-19T10:24:21.271790,3364,PDSCH,0x46,50,3963,6,0,,,,,,,,,,,
55,gnb1,2026-08-19T10:24:21.354667,3366,PUSCH,0x46,,,,,2,1,113,4,118.0,128,,,,,
55,gnb1,2026-08-19T10:24:21.354723,3366,BSR,0x46,,,,,,,,,,,,,,,0
55,gnb1,2026-08-19T10:24:21.394636,3367,PUSCH,0x46,,,,,2,31,2124,4,107.6,991,,,,,
55,gnb1,2026-08-19T10:24:21.394701,3367,BSR,0x46,,,,,,,,,,,,,,,0
55,gnb1,2026-08-19T10:24:21.395326,3367,PDSCH,0x46,50,4587,6,0,,,,,,,,,,,
55,gnb1,2026-08-19T10:24:21.435357,3368,PUSCH,0x46,,,,,2,8,517,4,111.4,253,,,,,
55,gnb1,2026-08-19T10:24:21.435940,3368,PDSCH,0x46,50,4587,6,0,,,,,,,,,,,
55,gnb1,2026-08-19T10:24:21.487841,3369,PUSCH,0x46,,,,,2,4,269,4,118.0,139,,,,,
55,gnb1,2026-08-19T10:24:21.488423,3369,PDSCH,0x46,50,4587,6,0,,,,,,,,,,,
55,gnb1,2026-08-19T10:24:21.532760,3370,PDSCH,0x46,50,4587,6,0,,,,,,,,,,,
55,gnb1,2026-08-19T10:24:21.575623,3371,PDSCH,0x46,50,4587,6,0,,,,,,,,,,,
55,gnb1,2026-08-19T10:24:21.621529,3372,PDSCH,0x46,50,4587,6,0,,,,,,,,,,,
55,gnb1,2026-08-19T10:24:21.664338,3373,PDSCH,0x46,27,2052,6,0,,,,,,,,,,,
55,gnb1,2026-08-19T10:24:21.704147,3374,PUSCH,0x46,,,,,2,1,97,4,118.0,162,,,,,
55,gnb1,2026-08-19T10:24:21.745894,3375,PUSCH,0x46,,,,,2,39,2481,4,108.5,1042,,,,,
55,gnb1,2026-08-19T10:24:21.745943,3375,BSR,0x46,,,,,,,,,,,,,,,0
55,gnb1,2026-08-19T10:24:21.783583,3376,PDSCH,0x46,21,1431,6,0,,,,,,,,,,,
55,gnb1,2026-08-19T10:24:21.931577,3380,BSR,0x46,,,,,,,,,,,,,,,0
55,gnb1,2026-08-19T10:24:22.033090,3383,PUSCH,0x46,,,,,2,7,469,4,114.2,268,,,,,
55,gnb1,2026-08-19T10:24:22.061909,3384,BSR,0x46,,,,,,,,,,,,,,,0
55,gnb1,2026-08-19T10:24:22.062325,3384,PDSCH,0x46,36,2865,6,0,,,,,,,,,,,
55,gnb1,2026-08-19T10:24:22.184824,3388,PUSCH,0x46,,,,,2,0,47,4,117.8,169,,,,,
55,gnb1,2026-08-19T10:24:22.184889,3388,BSR,0x46,,,,,,,,,,,,,,,0
55,gnb1,2026-08-19T10:24:22.218721,3389,BSR,0x46,,,,,,,,,,,,,,,0
55,gnb1,2026-08-19T10:24:22.218987,3389,PDSCH,0x46,18,1431,6,0,,,,,,,,,,,
55,gnb1,2026-08-19T10:24:22.313374,3392,PUSCH,0x46,,,,,2,5,349,4,118.0,241,,,,,
55,gnb1,2026-08-19T10:24:22.313426,3392,BSR,0x46,,,,,,,,,,,,,,,0
55,gnb1,2026-08-19T10:24:22.345216,3393,BSR,0x46,,,,,,,,,,,,,,,0
55,gnb1,2026-08-19T10:24:22.345643,3393,PDSCH,0x46,36,2865,6,0,,,,,,,,,,,
55,gnb1,2026-08-19T10:24:22.437202,3396,PUSCH,0x46,,,,,2,0,32,4,117.7,183,,,,,
55,gnb1,2026-08-19T10:24:22.437274,3396,BSR,0x46,,,,,,,,,,,,,,,0
55,gnb1,2026-08-19T10:24:22.466086,3397,PUSCH,0x46,,,,,2,4,269,4,117.9,168,,,,,
55,gnb1,2026-08-19T10:24:22.466136,3397,BSR,0x46,,,,,,,,,,,,,,,0
55,gnb1,2026-08-19T10:24:22.495596,3398,PDSCH,0x46,36,2865,6,0,,,,,,,,,,,
55,gnb1,2026-08-19T10:24:22.555411,3400,PUSCH,0x46,,,,,2,5,349,4,118.0,135,,,,,
55,gnb1,2026-08-19T10:24:22.585053,3401,PUSCH,0x46,,,,,10,3,249,4,104.5,163,,,,,
55,gnb1,2026-08-19T10:24:22.678330,3404,PUSCH,0x46,,,,,2,0,26,4,117.8,122,,,,,
55,gnb1,2026-08-19T10:24:22.707460,3405,PUSCH,0x46,,,,,2,8,573,4,111.4,302,,,,,
55,gnb1,2026-08-19T10:24:22.707506,3405,BSR,0x46,,,,,,,,,,,,,,,0
55,gnb1,2026-08-19T10:24:22.929890,3413,PUSCH,0x46,,,,,2,1,75,4,118.0,161,,,,,
55,gnb1,2026-08-19T10:24:22.929995,3413,PHR,,,,,,,,,,,,,,,,
55,gnb1,2026-08-19T10:24:22.956999,3414,BSR,0x46,,,,,,,,,,,,,,,0
55,gnb1,2026-08-19T10:24:23.183357,3422,PUSCH,0x46,,,,,2,3,217,4,117.9,208,,,,,
55,gnb1,2026-08-19T10:24:23.183434,3422,BSR,0x46,,,,,,,,,,,,,,,0
55,gnb1,2026-08-19T10:24:23.217312,3423,PDSCH,0x46,50,4587,6,0,,,,,,,,,,,
55,gnb1,2026-08-19T10:24:23.249091,3424,PDSCH,0x46,50,4587,6,0,,,,,,,,,,,
55,gnb1,2026-08-19T10:24:23.280900,3425,PDSCH,0x46,50,4587,6,0,,,,,,,,,,,
55,gnb1,2026-08-19T10:24:23.311566,3426,PDSCH,0x46,50,4587,6,0,,,,,,,,,,,
55,gnb1,2026-08-19T10:24:23.347779,3427,PDSCH,0x46,50,4587,6,0,,,,,,,,,,,
55,gnb1,2026-08-19T10:24:23.378706,3428,PDSCH,0x46,50,4587,6,0,,,,,,,,,,,
55,gnb1,2026-08-19T10:24:23.405870,3429,PDSCH,0x46,50,4587,6,0,,,,,,,,,,,
55,gnb1,2026-08-19T10:24:23.436174,3430,PUSCH,0x46,,,,,2,3,217,4,117.9,108,,,,,
55,gnb1,2026-08-19T10:24:23.436770,3430,PDSCH,0x46,50,4587,6,0,,,,,,,,,,,
55,gnb1,2026-08-19T10:24:23.468452,3431,PDSCH,0x46,50,4587,6,0,,,,,,,,,,,
55,gnb1,2026-08-19T10:24:23.499439,3432,PDSCH,0x46,50,4587,6,0,,,,,,,,,,,
55,gnb1,2026-08-19T10:24:23.528151,3433,PDSCH,0x46,50,4587,6,0,,,,,,,,,,,
55,gnb1,2026-08-19T10:24:23.560261,3434,PDSCH,0x46,50,4587,6,0,,,,,,,,,,,
55,gnb1,2026-08-19T10:24:23.591350,3435,PDSCH,0x46,50,4587,6,0,,,,,,,,,,,
55,gnb1,2026-08-19T10:24:23.620296,3436,PDSCH,0x46,50,4587,6,0,,,,,,,,,,,
55,gnb1,2026-08-19T10:24:23.651337,3437,PDSCH,0x46,50,4587,6,0,,,,,,,,,,,
55,gnb1,2026-08-19T10:24:23.681973,3438,PDSCH,0x46,50,4587,6,0,,,,,,,,,,,
55,gnb1,2026-08-19T10:24:23.712255,3439,PDSCH,0x46,50,4587,6,0,,,,,,,,,,,
55,gnb1,2026-08-19T10:24:23.740466,3440,BSR,0x46,,,,,,,,,,,,,,,0
55,gnb1,2026-08-19T10:24:23.741302,3440,PDSCH,0x46,50,4587,6,0,,,,,,,,,,,
55,gnb1,2026-08-19T10:24:23.768450,3441,PUCCH_CQI,0x46,,,,,,,,,,,111.8,15,2a,,
55,gnb1,2026-08-19T10:24:23.768997,3441,PDSCH,0x46,47,4395,6,0,,,,,,,,,,,
55,gnb1,2026-08-19T10:24:23.800775,3442,PDSCH,0x46,50,4587,6,0,,,,,,,,,,,
55,gnb1,2026-08-19T10:24:23.829540,3443,PDSCH,0x46,50,4587,6,0,,,,,,,,,,,
55,gnb1,2026-08-19T10:24:23.858003,3444,PDSCH,0x46,50,4587,6,0,,,,,,,,,,,
55,gnb1,2026-08-19T10:24:23.888588,3445,PDSCH,0x46,50,4587,6,0,,,,,,,,,,,
55,gnb1,2026-08-19T10:24:23.918740,3446,PDSCH,0x46,50,4587,6,0,,,,,,,,,,,
55,gnb1,2026-08-19T10:24:23.951273,3447,PDSCH,0x46,50,4587,6,0,,,,,,,,,,,
55,gnb1,2026-08-19T10:24:23.985470,3448,PUSCH,0x46,,,,,2,8,517,4,111.4,275,,,,,
55,gnb1,2026-08-19T10:24:23.986143,3448,PDSCH,0x46,50,4587,6,0,,,,,,,,,,,
55,gnb1,2026-08-19T10:24:24.018547,3449,BSR,0x46,,,,,,,,,,,,,,,553
55,gnb1,2026-08-19T10:24:24.019290,3449,PDSCH,0x46,50,4587,6,0,,,,,,,,,,,
55,gnb1,2026-08-19T10:24:24.048905,3450,BSR,0x46,,,,,,,,,,,,,,,0
55,gnb1,2026-08-19T10:24:24.049493,3450,PDSCH,0x46,50,4587,6,0,,,,,,,,,,,
55,gnb1,2026-08-19T10:24:24.078317,3451,PDSCH,0x46,50,4587,6,0,,,,,,,,,,,
55,gnb1,2026-08-19T10:24:24.106174,3452,PDSCH,0x46,50,4587,6,0,,,,,,,,,,,
55,gnb1,2026-08-19T10:24:24.135960,3453,PDSCH,0x46,50,4587,6,0,,,,,,,,,,,
55,gnb1,2026-08-19T10:24:24.163791,3454,PDSCH,0x46,50,4587,6,0,,,,,,,,,,,
55,gnb1,2026-08-19T10:24:24.189988,3455,PDSCH,0x46,3,63,4,0,,,,,,,,,,,
55,gnb1,2026-08-19T10:24:24.253459,3457,PUSCH,0x46,,,,,2,44,2865,4,109.0,1123,,,,,
55,gnb1,2026-08-19T10:24:24.253505,3457,BSR,0x46,,,,,,,,,,,,,,,0
55,gnb1,2026-08-19T10:24:24.281353,3458,PUSCH,0x46,,,,,2,8,573,4,111.4,260,,,,,
55,gnb1,2026-08-19T10:24:24.281477,3458,BSR,0x46,,,,,,,,,,,,,,,0
55,gnb1,2026-08-19T10:24:24.282101,3458,PDSCH,0x46,50,4587,6,0,,,,,,,,,,,
55,gnb1,2026-08-19T10:24:24.313158,3459,BSR,0x46,,,,,,,,,,,,,,,0
55,gnb1,2026-08-19T10:24:24.313752,3459,PDSCH,0x46,50,4587,6,0,,,,,,,,,,,
55,gnb1,2026-08-19T10:24:24.339976,3460,PDSCH,0x46,50,4587,6,0,,,,,,,,,,,
55,gnb1,2026-08-19T10:24:24.373712,3461,PDSCH,0x46,47,4395,6,0,,,,,,,,,,,
55,gnb1,2026-08-19T10:24:24.402343,3462,PDSCH,0x46,50,4587,6,0,,,,,,,,,,,
55,gnb1,2026-08-19T10:24:24.434803,3463,PDSCH,0x46,50,4587,6,0,,,,,,,,,,,
55,gnb1,2026-08-19T10:24:24.462240,3464,PDSCH,0x46,50,4587,6,0,,,,,,,,,,,
55,gnb1,2026-08-19T10:24:24.494908,3465,PUSCH,0x46,,,,,2,44,2865,4,109.0,1023,,,,,
55,gnb1,2026-08-19T10:24:24.495043,3465,BSR,0x46,,,,,,,,,,,,,,,0
55,gnb1,2026-08-19T10:24:24.495074,3465,PHR,,,,,,,,,,,,,,,,
55,gnb1,2026-08-19T10:24:24.495553,3465,PDSCH,0x46,50,4587,6,0,,,,,,,,,,,
55,gnb1,2026-08-19T10:24:24.525659,3466,PUSCH,0x46,,,,,2,14,871,4,107.4,358,,,,,
55,gnb1,2026-08-19T10:24:24.525747,3466,BSR,0x46,,,,,,,,,,,,,,,0
55,gnb1,2026-08-19T10:24:24.526343,3466,PDSCH,0x46,50,4587,6,0,,,,,,,,,,,
55,gnb1,2026-08-19T10:24:24.557854,3467,PUSCH,0x46,,,,,2,3,217,4,117.9,146,,,,,
55,gnb1,2026-08-19T10:24:24.557926,3467,BSR,0x46,,,,,,,,,,,,,,,0
55,gnb1,2026-08-19T10:24:24.558533,3467,PDSCH,0x46,50,4587,6,0,,,,,,,,,,,
55,gnb1,2026-08-19T10:24:24.591793,3468,PDSCH,0x46,50,4587,6,0,,,,,,,,,,,
55,gnb1,2026-08-19T10:24:24.627961,3469,PDSCH,0x46,50,4587,6,0,,,,,,,,,,,
55,gnb1,2026-08-19T10:24:24.666063,3470,PDSCH,0x46,50,4587,6,0,,,,,,,,,,,
55,gnb1,2026-08-19T10:24:24.700535,3471,PDSCH,0x46,50,4587,6,0,,,,,,,,,,,
55,gnb1,2026-08-19T10:24:24.737290,3472,PDSCH,0x46,50,4587,6,0,,,,,,,,,,,
55,gnb1,2026-08-19T10:24:24.771663,3473,PUSCH,0x46,,,,,2,44,2865,4,109.0,978,,,,,
55,gnb1,2026-08-19T10:24:24.772250,3473,PDSCH,0x46,50,4587,6,0,,,,,,,,,,,
55,gnb1,2026-08-19T10:24:24.808079,3474,PUSCH,0x46,,,,,2,17,1143,4,106.8,464,,,,,
55,gnb1,2026-08-19T10:24:24.808649,3474,PDSCH,0x46,50,4587,6,0,,,,,,,,,,,
55,gnb1,2026-08-19T10:24:24.847999,3475,PUSCH,0x46,,,,,2,7,437,4,114.2,186,,,,,
55,gnb1,2026-08-19T10:24:24.848613,3475,PDSCH,0x46,50,4587,6,0,,,,,,,,,,,
55,gnb1,2026-08-19T10:24:24.885967,3476,PDSCH,0x46,50,4587,6,0,,,,,,,,,,,
55,gnb1,2026-08-19T10:24:24.923263,3477,PDSCH,0x46,50,4587,6,0,,,,,,,,,,,
55,gnb1,2026-08-19T10:24:24.958514,3478,PDSCH,0x46,50,4587,6,0,,,,,,,,,,,
55,gnb1,2026-08-19T10:24:24.995126,3479,PDSCH,0x46,50,4587,6,0,,,,,,,,,,,
55,gnb1,2026-08-19T10:24:25.030054,3480,BSR,0x46,,,,,,,,,,,,,,,0
55,gnb1,2026-08-19T10:24:25.030561,3480,PDSCH,0x46,50,4587,6,0,,,,,,,,,,,
55,gnb1,2026-08-19T10:24:25.060582,3481,PUCCH_CQI,0x46,,,,,,,,,,,111.8,15,2a,,
55,gnb1,2026-08-19T10:24:25.061225,3481,PDSCH,0x46,47,4395,6,0,,,,,,,,,,,
55,gnb1,2026-08-19T10:24:25.092272,3482,PDSCH,0x46,50,4587,6,0,,,,,,,,,,,
55,gnb1,2026-08-19T10:24:25.119682,3483,PDSCH,0x46,50,4587,6,0,,,,,,,,,,,
55,gnb1,2026-08-19T10:24:25.149668,3484,PDSCH,0x46,50,4587,6,0,,,,,,,,,,,
55,gnb1,2026-08-19T10:24:25.179467,3485,PDSCH,0x46,50,4587,6,0,,,,,,,,,,,
55,gnb1,2026-08-19T10:24:25.205824,3486,PDSCH,0x46,50,4587,6,0,,,,,,,,,,,
55,gnb1,2026-08-19T10:24:25.236883,3487,PDSCH,0x46,50,4587,6,0,,,,,,,,,,,
55,gnb1,2026-08-19T10:24:25.265596,3488,PUSCH,0x46,,,,,2,8,517,4,111.4,217,,,,,
55,gnb1,2026-08-19T10:24:25.266164,3488,PDSCH,0x46,50,4587,6,0,,,,,,,,,,,
55,gnb1,2026-08-19T10:24:25.296831,3489,BSR,0x46,,,,,,,,,,,,,,,1135
55,gnb1,2026-08-19T10:24:25.297526,3489,PDSCH,0x46,50,4587,6,0,,,,,,,,,,,
55,gnb1,2026-08-19T10:24:25.323497,3490,BSR,0x46,,,,,,,,,,,,,,,0
55,gnb1,2026-08-19T10:24:25.324123,3490,PDSCH,0x46,50,4587,6,0,,,,,,,,,,,
55,gnb1,2026-08-19T10:24:25.353869,3491,PDSCH,0x46,50,4587,6,0,,,,,,,,,,,
55,gnb1,2026-08-19T10:24:25.382747,3492,PDSCH,0x46,50,4587,6,0,,,,,,,,,,,
55,gnb1,2026-08-19T10:24:25.413638,3493,PDSCH,0x46,50,4587,6,0,,,,,,,,,,,
55,gnb1,2026-08-19T10:24:25.441893,3494,PDSCH,0x46,50,4587,6,0,,,,,,,,,,,
55,gnb1,2026-08-19T10:24:25.470101,3495,PDSCH,0x46,30,2292,6,0,,,,,,,,,,,
55,gnb1,2026-08-19T10:24:25.526728,3497,PUSCH,0x46,,,,,2,44,2865,4,109.0,1047,,,,,
55,gnb1,2026-08-19T10:24:25.526772,3497,BSR,0x46,,,,,,,,,,,,,,,0
55,gnb1,2026-08-19T10:24:25.553799,3498,PUSCH,0x46,,,,,2,17,1143,4,106.8,460,,,,,
55,gnb1,2026-08-19T10:24:25.553863,3498,BSR,0x46,,,,,,,,,,,,,,,686
55,gnb1,2026-08-19T10:24:25.580787,3499,BSR,0x46,,,,,,,,,,,,,,,0
55,gnb1,2026-08-19T10:24:25.581430,3499,PDSCH,0x46,50,4587,6,0,,,,,,,,,,,
55,gnb1,2026-08-19T10:24:25.609392,3500,PDSCH,0x46,50,4587,6,0,,,,,,,,,,,
55,gnb1,2026-08-19T10:24:25.638273,3501,PDSCH,0x46,47,4395,6,0,,,,,,,,,,,
55,gnb1,2026-08-19T10:24:25.668140,3502,PDSCH,0x46,45,3422,6,0,,,,,,,,,,,
55,gnb1,2026-08-19T10:24:25.760694,3505,PUSCH,0x46,,,,,2,44,2865,4,109.0,938,,,,,
55,gnb1,2026-08-19T10:24:25.760746,3505,BSR,0x46,,,,,,,,,,,,,,,0
55,gnb1,2026-08-19T10:24:25.791960,3506,PUSCH,0x46,,,,,2,44,2865,4,109.0,970,,,,,
55,gnb1,2026-08-19T10:24:25.792035,3506,BSR,0x46,,,,,,,,,,,,,,,199
55,gnb1,2026-08-19T10:24:25.792578,3506,PDSCH,0x46,50,4587,6,0,,,,,,,,,,,
55,gnb1,2026-08-19T10:24:25.822340,3507,PUSCH,0x46,,,,,2,14,999,4,107.4,418,,,,,
55,gnb1,2026-08-19T10:24:25.822412,3507,BSR,0x46,,,,,,,,,,,,,,,0
55,gnb1,2026-08-19T10:24:25.823107,3507,PDSCH,0x46,50,4587,6,0,,,,,,,,,,,
55,gnb1,2026-08-19T10:24:25.849344,3508,PDSCH,0x46,50,4587,6,0,,,,,,,,,,,
55,gnb1,2026-08-19T10:24:25.881538,3509,PDSCH,0x46,50,4587,6,0,,,,,,,,,,,
55,gnb1,2026-08-19T10:24:25.912051,3510,PDSCH,0x46,50,4587,6,0,,,,,,,,,,,
55,gnb1,2026-08-19T10:24:25.939005,3511,PDSCH,0x46,50,4587,6,0,,,,,,,,,,,
55,gnb1,2026-08-19T10:24:25.966019,3512,PDSCH,0x46,50,4587,6,0,,,,,,,,,,,
55,gnb1,2026-08-19T10:24:25.993536,3513,PUSCH,0x46,,,,,2,44,2865,4,109.0,951,,,,,
55,gnb1,2026-08-19T10:24:25.994098,3513,PDSCH,0x46,50,4587,6,0,,,,,,,,,,,
55,gnb1,2026-08-19T10:24:26.022425,3514,PUSCH,0x46,,,,,2,44,2865,4,109.0,761,,,,,
55,gnb1,2026-08-19T10:24:26.022962,3514,PDSCH,0x46,50,4587,6,0,,,,,,,,,,,
55,gnb1,2026-08-19T10:24:26.048963,3515,PUSCH,0x46,,,,,2,23,1527,4,106.4,584,,,,,
55,gnb1,2026-08-19T10:24:26.048979,3515,PHR,,,,,,,,,,,,,,,,
55,gnb1,2026-08-19T10:24:26.049712,3515,PDSCH,0x46,50,4587,6,0,,,,,,,,,,,
55,gnb1,2026-08-19T10:24:26.076407,3516,PDSCH,0x46,50,4587,6,0,,,,,,,,,,,
55,gnb1,2026-08-19T10:24:26.104975,3517,PDSCH,0x46,50,4587,6,0,,,,,,,,,,,
55,gnb1,2026-08-19T10:24:26.136592,3518,PDSCH,0x46,50,4587,6,0,,,,,,,,,,,
55,gnb1,2026-08-19T10:24:26.163114,3519,PDSCH,0x46,50,4587,6,0,,,,,,,,,,,
55,gnb1,2026-08-19T10:24:26.188032,3520,BSR,0x46,,,,,,,,,,,,,,,0
55,gnb1,2026-08-19T10:24:26.188544,3520,PDSCH,0x46,50,4587,6,0,,,,,,,,,,,
55,gnb1,2026-08-19T10:24:26.212456,3521,PUCCH_CQI,0x46,,,,,,,,,,,111.8,15,2a,,
55,gnb1,2026-08-19T10:24:26.213037,3521,PDSCH,0x46,47,4395,6,0,,,,,,,,,,,
55,gnb1,2026-08-19T10:24:26.240653,3522,PDSCH,0x46,50,4587,6,0,,,,,,,,,,,
55,gnb1,2026-08-19T10:24:26.269057,3523,PDSCH,0x46,50,4587,6,0,,,,,,,,,,,
55,gnb1,2026-08-19T10:24:26.301107,3524,PDSCH,0x46,50,4587,6,0,,,,,,,,,,,
55,gnb1,2026-08-19T10:24:26.329908,3525,PDSCH,0x46,47,4395,6,0,,,,,,,,,,,
55,gnb1,2026-08-19T10:24:26.355649,3526,PDSCH,0x46,50,4587,6,0,,,,,,,,,,,
55,gnb1,2026-08-19T10:24:26.382289,3527,PDSCH,0x46,50,4587,6,0,,,,,,,,,,,
55,gnb1,2026-08-19T10:24:26.407520,3528,PUSCH,0x46,,,,,2,8,517,4,111.4,271,,,,,
55,gnb1,2026-08-19T10:24:26.408253,3528,PDSCH,0x46,50,4587,6,0,,,,,,,,,,,
55,gnb1,2026-08-19T10:24:26.433865,3529,BSR,0x46,,,,,,,,,,,,,,,55
55,gnb1,2026-08-19T10:24:26.434411,3529,PDSCH,0x46,50,4587,6,0,,,,,,,,,,,
55,gnb1,2026-08-19T10:24:26.464761,3530,BSR,0x46,,,,,,,,,,,,,,,0
55,gnb1,2026-08-19T10:24:26.465205,3530,PDSCH,0x46,50,4587,6,0,,,,,,,,,,,
55,gnb1,2026-08-19T10:24:26.490759,3531,PDSCH,0x46,50,4587,6,0,,,,,,,,,,,
55,gnb1,2026-08-19T10:24:26.516116,3532,PDSCH,0x46,50,4587,6,0,,,,,,,,,,,
55,gnb1,2026-08-19T10:24:26.531714,3533,PDSCH,0x46,50,4587,6,0,,,,,,,,,,,
55,gnb1,2026-08-19T10:24:26.563994,3534,PDSCH,0x46,50,4587,6,0,,,,,,,,,,,
55,gnb1,2026-08-19T10:24:26.593424,3535,PDSCH,0x46,47,4395,6,0,,,,,,,,,,,
55,gnb1,2026-08-19T10:24:26.621568,3536,PDSCH,0x46,50,4587,6,0,,,,,,,,,,,
55,gnb1,2026-08-19T10:24:26.643239,3537,PUSCH,0x46,,,,,2,44,2865,4,109.0,1074,,,,,
55,gnb1,2026-08-19T10:24:26.643372,3537,BSR,0x46,,,,,,,,,,,,,,,0
55,gnb1,2026-08-19T10:24:26.643812,3537,PDSCH,0x46,24,1836,6,0,,,,,,,,,,,
55,gnb1,2026-08-19T10:24:26.668884,3538,PUSCH,0x46,,,,,2,0,55,4,117.8,85,,,,,
55,gnb1,2026-08-19T10:24:26.668965,3538,BSR,0x46,,,,,,,,,,,,,,,0
55,gnb1,2026-08-19T10:24:26.669574,3538,PDSCH,0x46,50,4587,6,0,,,,,,,,,,,
55,gnb1,2026-08-19T10:24:26.696981,3539,BSR,0x46,,,,,,,,,,,,,,,0
55,gnb1,2026-08-19T10:24:26.697689,3539,PDSCH,0x46,50,4587,6,0,,,,,,,,,,,
55,gnb1,2026-08-19T10:24:26.724569,3540,PDSCH,0x46,50,4587,6,0,,,,,,,,,,,
55,gnb1,2026-08-19T10:24:26.748685,3541,PDSCH,0x46,47,4395,6,0,,,,,,,,,,,
55,gnb1,2026-08-19T10:24:26.771521,3542,PDSCH,0x46,50,4587,6,0,,,,,,,,,,,
55,gnb1,2026-08-19T10:24:26.795180,3543,PDSCH,0x46,50,4587,6,0,,,,,,,,,,,
55,gnb1,2026-08-19T10:24:26.822872,3544,PDSCH,0x46,50,4587,6,0,,,,,,,,,,,
55,gnb1,2026-08-19T10:24:26.847745,3545,PUSCH,0x46,,,,,2,44,2865,4,109.0,793,,,,,
55,gnb1,2026-08-19T10:24:26.847840,3545,BSR,0x46,,,,,,,,,,,,,,,0
55,gnb1,2026-08-19T10:24:26.848293,3545,PDSCH,0x46,42,3302,6,0,,,,,,,,,,,
55,gnb1,2026-08-19T10:24:26.870587,3546,PUSCH,0x46,,,,,2,5,325,4,117.9,168,,,,,
55,gnb1,2026-08-19T10:24:26.870666,3546,BSR,0x46,,,,,,,,,,,,,,,0
55,gnb1,2026-08-19T10:24:26.871270,3546,PDSCH,0x46,50,4587,6,0,,,,,,,,,,,
55,gnb1,2026-08-19T10:24:26.896794,3547,PUSCH,0x46,,,,,2,3,249,4,117.9,112,,,,,
55,gnb1,2026-08-19T10:24:26.896877,3547,BSR,0x46,,,,,,,,,,,,,,,0
55,gnb1,2026-08-19T10:24:26.897346,3547,PDSCH,0x46,50,4587,6,0,,,,,,,,,,,
55,gnb1,2026-08-19T10:24:26.917984,3548,PDSCH,0x46,50,4587,6,0,,,,,,,,,,,
55,gnb1,2026-08-19T10:24:26.937914,3549,PDSCH,0x46,50,4587,6,0,,,,,,,,,,,
55,gnb1,2026-08-19T10:24:26.955673,3550,PDSCH,0x46,50,4587,6,0,,,,,,,,,,,
55,gnb1,2026-08-19T10:24:26.983592,3551,PDSCH,0x46,50,4587,6,0,,,,,,,,,,,
55,gnb1,2026-08-19T10:24:27.005726,3552,PDSCH,0x46,50,4587,6,0,,,,,,,,,,,
55,gnb1,2026-08-19T10:24:27.023040,3553,PUSCH,0x46,,,,,2,44,2865,4,109.0,955,,,,,
55,gnb1,2026-08-19T10:24:27.023876,3553,PDSCH,0x46,50,4587,6,0,,,,,,,,,,,
55,gnb1,2026-08-19T10:24:27.049784,3554,PUSCH,0x46,,,,,2,8,597,4,111.4,300,,,,,
55,gnb1,2026-08-19T10:24:27.050483,3554,PDSCH,0x46,50,4587,6,0,,,,,,,,,,,
55,gnb1,2026-08-19T10:24:27.077762,3555,PUSCH,0x46,,,,,2,7,501,4,114.2,185,,,,,
55,gnb1,2026-08-19T10:24:27.078408,3555,PDSCH,0x46,50,4587,6,0,,,,,,,,,,,
55,gnb1,2026-08-19T10:24:27.108775,3556,PDSCH,0x46,50,4587,6,0,,,,,,,,,,,
55,gnb1,2026-08-19T10:24:27.138180,3557,PDSCH,0x46,50,4587,6,0,,,,,,,,,,,
55,gnb1,2026-08-19T10:24:27.165180,3558,PDSCH,0x46,50,4587,6,0,,,,,,,,,,,
55,gnb1,2026-08-19T10:24:27.195271,3559,PDSCH,0x46,50,4587,6,0,,,,,,,,,,,
55,gnb1,2026-08-19T10:24:27.226160,3560,BSR,0x46,,,,,,,,,,,,,,,0
55,gnb1,2026-08-19T10:24:27.226720,3560,PDSCH,0x46,50,4587,6,0,,,,,,,,,,,
55,gnb1,2026-08-19T10:24:27.254911,3561,PUCCH_CQI,0x46,,,,,,,,,,,111.8,15,2a,,
55,gnb1,2026-08-19T10:24:27.255680,3561,PDSCH,0x46,47,4395,6,0,,,,,,,,,,,
55,gnb1,2026-08-19T10:24:27.284603,3562,PDSCH,0x46,50,4587,6,0,,,,,,,,,,,
55,gnb1,2026-08-19T10:24:27.314293,3563,PDSCH,0x46,50,4587,6,0,,,,,,,,,,,
55,gnb1,2026-08-19T10:24:27.339367,3564,PDSCH,0x46,50,4587,6,0,,,,,,,,,,,
55,gnb1,2026-08-19T10:24:27.366972,3565,PDSCH,0x46,50,4587,6,0,,,,,,,,,,,
55,gnb1,2026-08-19T10:24:27.394104,3566,PDSCH,0x46,50,4587,6,0,,,,,,,,,,,
55,gnb1,2026-08-19T10:24:27.422242,3567,PDSCH,0x46,15,1191,6,0,,,,,,,,,,,
55,gnb1,2026-08-19T10:24:27.451255,3568,PUSCH,0x46,,,,,2,8,517,4,111.4,224,,,,,
55,gnb1,2026-08-19T10:24:27.451321,3568,PHR,,,,,,,,,,,,,,,,
55,gnb1,2026-08-19T10:24:27.477195,3569,BSR,0x46,,,,,,,,,,,,,,,0
55,gnb1,2026-08-19T10:24:27.477774,3569,PDSCH,0x46,50,4587,6,0,,,,,,,,,,,
55,gnb1,2026-08-19T10:24:27.507804,3570,PDSCH,0x46,50,4587,6,0,,,,,,,,,,,
55,gnb1,2026-08-19T10:24:27.540985,3571,PDSCH,0x46,45,3542,6,0,,,,,,,,,,,
55,gnb1,2026-08-19T10:24:27.686383,3576,PDSCH,0x46,3,7,2,0,,,,,,,,,,,
55,gnb1,2026-08-19T10:24:27.717902,3577,PUSCH,0x46,,,,,2,24,1572,4,106.6,584,,,,,
55,gnb1,2026-08-19T10:24:27.717966,3577,BSR,0x46,,,,,,,,,,,,,,,0
55,gnb1,2026-08-19T10:24:27.749807,3578,BSR,0x46,,,,,,,,,,,,,,,0
55,gnb1,2026-08-19T10:24:27.750297,3578,PDSCH,0x46,50,4587,6,0,,,,,,,,,,,
55,gnb1,2026-08-19T10:24:27.780231,3579,PDSCH,0x46,50,4587,6,0,,,,,,,,,,,
55,gnb1,2026-08-19T10:24:27.809959,3580,PDSCH,0x46,50,4587,6,0,,,,,,,,,,,
55,gnb1,2026-08-19T10:24:27.842404,3581,PDSCH,0x46,47,4395,6,0,,,,,,,,,,,
55,gnb1,2026-08-19T10:24:27.872146,3582,PDSCH,0x46,21,1620,6,0,,,,,,,,,,,
55,gnb1,2026-08-19T10:24:27.958117,3585,PUSCH,0x46,,,,,2,24,1572,4,106.6,455,,,,,
55,gnb1,2026-08-19T10:24:27.958178,3585,BSR,0x46,,,,,,,,,,,,,,,0
55,gnb1,2026-08-19T10:24:27.986221,3586,PUSCH,0x46,,,,,2,3,249,4,117.9,118,,,,,
55,gnb1,2026-08-19T10:24:28.189559,3593,PUSCH,0x46,,,,,2,24,1572,4,106.5,633,,,,,
55,gnb1,2026-08-19T10:24:28.377953,3600,BSR,0x46,,,,,,,,,,,,,,,0
55,gnb1,2026-08-19T10:24:28.404807,3601,PUCCH_CQI,0x46,,,,,,,,,,,111.8,15,2,,
55,gnb1,2026-08-19T10:24:28.607000,3608,PUSCH,0x46,,,,,2,8,517,4,111.4,200,,,,,
55,gnb1,2026-08-19T10:24:28.914747,3620,BSR,0x46,,,,,,,,,,,,,,,0
55,gnb1,2026-08-19T10:24:29.045314,3626,PDSCH,0x46,3,7,2,0,,,,,,,,,,,
55,gnb1,2026-08-19T10:24:29.091692,3628,PUSCH,0x46,,,,,2,8,517,4,111.4,184,,,,,
55,gnb1,2026-08-19T10:24:29.091710,3628,PHR,,,,,,,,,,,,,,,,
55,gnb1,2026-08-19T10:24:29.403621,3640,BSR,0x46,,,,,,,,,,,,,,,0
55,gnb1,2026-08-19T10:24:29.424691,3641,PUCCH_CQI,0x46,,,,,,,,,,,111.8,15,2,,
55,gnb1,2026-08-19T10:24:29.607236,3648,PUSCH,0x46,,,,,2,8,517,4,111.4,284,,,,,
55,gnb1,2026-08-19T10:24:29.904476,3660,BSR,0x46,,,,,,,,,,,,,,,0
55,gnb1,2026-08-19T10:24:30.111761,3668,PUSCH,0x46,,,,,2,8,517,4,111.4,223,,,,,
55,gnb1,2026-08-19T10:24:30.318538,3676,PDSCH,0x46,3,7,2,0,,,,,,,,,,,
55,gnb1,2026-08-19T10:24:30.430826,3680,BSR,0x46,,,,,,,,,,,,,,,0
55,gnb1,2026-08-19T10:24:30.457006,3681,PUCCH_CQI,0x46,,,,,,,,,,,111.8,15,2,,
55,gnb1,2026-08-19T10:24:30.628882,3688,PUSCH,0x46,,,,,2,8,517,4,111.4,222,,,,,
55,gnb1,2026-08-19T10:24:30.628997,3688,PHR,,,,,,,,,,,,,,,,
55,gnb1,2026-08-19T10:24:30.947240,3700,BSR,0x46,,,,,,,,,,,,,,,0
55,gnb1,2026-08-19T10:24:31.160777,3708,PUSCH,0x46,,,,,2,8,517,4,111.4,195,,,,,
55,gnb1,2026-08-19T10:24:31.463230,3720,BSR,0x46,,,,,,,,,,,,,,,0
55,gnb1,2026-08-19T10:24:31.486667,3721,PUCCH_CQI,0x46,,,,,,,,,,,111.8,15,2,,
55,gnb1,2026-08-19T10:24:31.635735,3726,PDSCH,0x46,3,7,2,0,,,,,,,,,,,
55,gnb1,2026-08-19T10:24:31.697366,3728,PUSCH,0x46,,,,,2,8,517,4,111.4,252,,,,,
55,gnb1,2026-08-19T10:24:31.996065,3740,BSR,0x46,,,,,,,,,,,,,,,0
55,gnb1,2026-08-19T10:24:32.190702,3748,PUSCH,0x46,,,,,2,8,517,4,111.4,362,,,,,
55,gnb1,2026-08-19T10:24:32.190720,3748,PHR,,,,,,,,,,,,,,,,
55,gnb1,2026-08-19T10:24:32.534367,3760,BSR,0x46,,,,,,,,,,,,,,,0
55,gnb1,2026-08-19T10:24:32.550087,3761,PUCCH_CQI,0x46,,,,,,,,,,,111.8,15,2,,
55,gnb1,2026-08-19T10:24:32.735796,3768,PUSCH,0x46,,,,,2,8,517,4,111.4,199,,,,,
55,gnb1,2026-08-19T10:24:32.936771,3776,PDSCH,0x46,3,7,2,0,,,,,,,,,,,
55,gnb1,2026-08-19T10:24:33.026021,3780,BSR,0x46,,,,,,,,,,,,,,,0
55,gnb1,2026-08-19T10:24:33.235903,3788,PUSCH,0x46,,,,,2,8,517,4,111.4,191,,,,,
55,gnb1,2026-08-19T10:24:33.561497,3800,BSR,0x46,,,,,,,,,,,,,,,0
55,gnb1,2026-08-19T10:24:33.593893,3801,PUCCH_CQI,0x46,,,,,,,,,,,111.8,15,2,,
55,gnb1,2026-08-19T10:24:33.767846,3808,PUSCH,0x46,,,,,2,8,517,4,111.4,208,,,,,
55,gnb1,2026-08-19T10:24:33.767949,3808,PHR,,,,,,,,,,,,,,,,
55,gnb1,2026-08-19T10:24:34.107839,3820,BSR,0x46,,,,,,,,,,,,,,,0
55,gnb1,2026-08-19T10:24:34.264882,3826,PDSCH,0x46,3,7,2,0,,,,,,,,,,,
55,gnb1,2026-08-19T10:24:34.307028,3828,PUSCH,0x46,,,,,2,8,517,4,111.4,274,,,,,
55,gnb1,2026-08-19T10:24:34.640617,3841,PUCCH_CQI,0x46,,,,,,,,,,,111.8,15,2,,
55,gnb1,2026-08-19T10:24:35.566961,3876,PDSCH,0x46,3,7,2,0,,,,,,,,,,,
55,gnb1,2026-08-19T10:24:35.692497,3881,PUCCH_CQI,0x46,,,,,,,,,,,111.8,15,2,,
55,gnb1,2026-08-19T10:24:36.712590,3921,PUCCH_CQI,0x46,,,,,,,,,,,111.8,15,2,,
55,gnb1,2026-08-19T10:24:37.803107,3961,PUCCH_CQI,0x46,,,,,,,,,,,111.8,15,2,,
55,gnb1,2026-08-19T10:24:38.815544,4001,PUCCH_CQI,0x46,,,,,,,,,,,111.8,15,2,,
55,gnb1,2026-08-19T10:24:39.840581,4041,PUCCH_CQI,0x46,,,,,,,,,,,111.8,15,2,,
55,gnb1,2026-08-19T10:24:40.320687,4060,BSR,0x46,,,,,,,,,,,,,,,0
55,gnb1,2026-08-19T10:24:40.514512,4068,PUSCH,0x46,,,,,2,8,517,4,111.4,438,,,,,
55,gnb1,2026-08-19T10:24:40.514578,4068,PHR,,,,,,,,,,,,,,,,
55,gnb1,2026-08-19T10:24:40.538786,4069,PDSCH,0x46,3,7,2,0,,,,,,,,,,,
55,gnb1,2026-08-19T10:24:40.569086,4070,PDSCH,0x46,3,18,2,0,,,,,,,,,,,
56,gnb1,2026-08-19T10:30:23.995561,342,PDSCH,0x2,3,11,2,0,,,,,,,,,,,
56,gnb1,2026-08-19T10:30:24.021427,344,BSR,0x46,,,,,,,,,,,,,,,0
56,gnb1,2026-08-19T10:30:24.252978,352,PUSCH,0x46,,,,,2,2,7,2,118.0,215,,,,,
56,gnb1,2026-08-19T10:30:24.302695,354,PDSCH,0x46,3,32,2,0,,,,,,,,,,,
56,gnb1,2026-08-19T10:30:24.490495,361,PUCCH_CQI,0x46,,,,,,,,,,,-inf,0,2,,
56,gnb1,2026-08-19T10:30:24.965763,380,BSR,0x46,,,,,,,,,,,,,,,0
56,gnb1,2026-08-19T10:30:25.160968,388,PUSCH,0x46,,,,,2,44,157,2,109.0,823,,,,,
56,gnb1,2026-08-19T10:30:25.161029,388,PHR,,,,,,,,,,,,,,,,
56,gnb1,2026-08-19T10:30:25.183597,390,PDSCH,0x46,3,7,2,0,,,,,,,,,,,
56,gnb1,2026-08-19T10:30:25.238218,391,PDSCH,0x46,6,51,2,0,,,,,,,,,,,
56,gnb1,2026-08-19T10:30:25.473212,400,BSR,0x46,,,,,,,,,,,,,,,0
56,gnb1,2026-08-19T10:30:25.499603,401,PUCCH_CQI,0x46,,,,,,,,,,,111.8,15,2,,
56,gnb1,2026-08-19T10:30:25.662666,408,PUSCH,0x46,,,,,2,8,517,4,111.4,497,,,,,
56,gnb1,2026-08-19T10:30:25.689907,409,PDSCH,0x46,3,7,2,0,,,,,,,,,,,
56,gnb1,2026-08-19T10:30:25.712811,410,PDSCH,0x46,3,41,2,0,,,,,,,,,,,
56,gnb1,2026-08-19T10:30:25.954521,420,BSR,0x46,,,,,,,,,,,,,,,0
56,gnb1,2026-08-19T10:30:26.185530,428,PUSCH,0x46,,,,,2,8,517,4,111.4,242,,,,,
56,gnb1,2026-08-19T10:30:26.218608,429,PDSCH,0x46,3,7,2,0,,,,,,,,,,,
56,gnb1,2026-08-19T10:30:26.248050,430,PDSCH,0x46,3,26,2,0,,,,,,,,,,,
56,gnb1,2026-08-19T10:30:26.492547,440,BSR,0x46,,,,,,,,,,,,,,,0
56,gnb1,2026-08-19T10:30:26.507591,441,PUCCH_CQI,0x46,,,,,,,,,,,111.8,15,2,,
56,gnb1,2026-08-19T10:30:26.693574,448,PUSCH,0x46,,,,,2,8,517,4,111.4,237,,,,,
56,gnb1,2026-08-19T10:30:26.693685,448,PHR,,,,,,,,,,,,,,,,
56,gnb1,2026-08-19T10:30:26.724686,449,PDSCH,0x46,3,7,2,0,,,,,,,,,,,
56,gnb1,2026-08-19T10:30:26.754558,450,PDSCH,0x46,3,18,2,0,,,,,,,,,,,
56,gnb1,2026-08-19T10:30:27.029787,460,BSR,0x46,,,,,,,,,,,,,,,0
56,gnb1,2026-08-19T10:30:27.228843,468,PUSCH,0x46,,,,,2,8,517,4,111.4,236,,,,,
56,gnb1,2026-08-19T10:30:27.259751,469,PDSCH,0x46,3,7,2,0,,,,,,,,,,,
56,gnb1,2026-08-19T10:30:27.283944,470,PDSCH,0x46,3,18,2,0,,,,,,,,,,,
56,gnb1,2026-08-19T10:30:27.546954,480,BSR,0x46,,,,,,,,,,,,,,,0
56,gnb1,2026-08-19T10:30:27.572349,481,PUCCH_CQI,0x46,,,,,,,,,,,111.8,15,2,,
56,gnb1,2026-08-19T10:30:27.775433,488,PUSCH,0x46,,,,,2,8,517,4,111.4,258,,,,,
56,gnb1,2026-08-19T10:30:27.801801,489,PDSCH,0x46,3,7,2,0,,,,,,,,,,,
56,gnb1,2026-08-19T10:30:27.829129,490,PDSCH,0x46,3,113,4,0,,,,,,,,,,,
56,gnb1,2026-08-19T10:30:28.097545,500,BSR,0x46,,,,,,,,,,,,,,,0
56,gnb1,2026-08-19T10:30:28.298489,508,PUSCH,0x46,,,,,2,8,517,4,111.4,215,,,,,
56,gnb1,2026-08-19T10:30:28.298579,508,PHR,,,,,,,,,,,,,,,,
56,gnb1,2026-08-19T10:30:28.330747,509,PDSCH,0x46,3,18,2,0,,,,,,,,,,,
56,gnb1,2026-08-19T10:30:28.556766,517,PDSCH,0x46,3,73,4,0,,,,,,,,,,,
56,gnb1,2026-08-19T10:30:28.651314,521,PUCCH_CQI,0x46,,,,,,,,,,,111.8,15,2,,
56,gnb1,2026-08-19T10:30:29.112804,540,BSR,0x46,,,,,,,,,,,,,,,0
56,gnb1,2026-08-19T10:30:29.320224,548,PUSCH,0x46,,,,,2,8,517,4,111.4,244,,,,,
56,gnb1,2026-08-19T10:30:29.652789,561,PUCCH_CQI,0x46,,,,,,,,,,,111.8,15,2,,
56,gnb1,2026-08-19T10:30:30.709743,601,PUCCH_CQI,0x46,,,,,,,,,,,111.8,15,2,,
56,gnb1,2026-08-19T10:30:31.756860,641,PUCCH_CQI,0x46,,,,,,,,,,,111.8,15,2,,
56,gnb1,2026-08-19T10:30:32.823256,681,PUCCH_CQI,0x46,,,,,,,,,,,111.8,15,2,,
56,gnb1,2026-08-19T10:30:33.871518,721,PUCCH_CQI,0x46,,,,,,,,,,,111.8,15,2,,
56,gnb1,2026-08-19T10:30:34.919809,761,PUCCH_CQI,0x46,,,,,,,,,,,111.8,15,2,,
56,gnb1,2026-08-19T10:30:36.023470,801,PUCCH_CQI,0x46,,,,,,,,,,,111.8,15,2,,
56,gnb1,2026-08-19T10:30:37.044211,841,PUCCH_CQI,0x46,,,,,,,,,,,111.8,15,2,,
56,gnb1,2026-08-19T10:30:38.156699,881,PUCCH_CQI,0x46,,,,,,,,,,,111.8,15,2,,
56,gnb1,2026-08-19T10:30:39.247718,921,PUCCH_CQI,0x46,,,,,,,,,,,111.8,15,2,,
56,gnb1,2026-08-19T10:30:40.328923,961,PUCCH_CQI,0x46,,,,,,,,,,,111.8,15,2,,
56,gnb1,2026-08-19T10:30:41.453508,1001,PUCCH_CQI,0x46,,,,,,,,,,,111.8,15,2,,
56,gnb1,2026-08-19T10:30:42.552525,1041,PUCCH_CQI,0x46,,,,,,,,,,,111.8,15,2,,
56,gnb1,2026-08-19T10:30:43.598721,1081,PUCCH_CQI,0x46,,,,,,,,,,,111.8,15,2,,
56,gnb1,2026-08-19T10:30:44.658210,1121,PUCCH_CQI,0x46,,,,,,,,,,,111.8,15,2,,
56,gnb1,2026-08-19T10:30:45.684475,1161,PUCCH_CQI,0x46,,,,,,,,,,,111.8,15,2,,
56,gnb1,2026-08-19T10:30:46.786424,1201,PUCCH_CQI,0x46,,,,,,,,,,,111.8,15,2,,
56,gnb1,2026-08-19T10:30:47.922314,1241,PUCCH_CQI,0x46,,,,,,,,,,,111.8,15,2,,
56,gnb1,2026-08-19T10:30:48.961277,1281,PUCCH_CQI,0x46,,,,,,,,,,,111.8,15,2,,
56,gnb1,2026-08-19T10:30:50.087820,1321,PUCCH_CQI,0x46,,,,,,,,,,,111.8,15,2,,
56,gnb1,2026-08-19T10:30:51.161779,1361,PUCCH_CQI,0x46,,,,,,,,,,,111.8,15,2,,
56,gnb1,2026-08-19T10:30:52.197948,1401,PUCCH_CQI,0x46,,,,,,,,,,,111.8,15,2,,
56,gnb1,2026-08-19T10:30:53.291560,1441,PUCCH_CQI,0x46,,,,,,,,,,,111.8,15,2,,
56,gnb1,2026-08-19T10:30:54.389878,1481,PUCCH_CQI,0x46,,,,,,,,,,,111.8,15,2,,
56,gnb1,2026-08-19T10:30:55.499591,1521,PUCCH_CQI,0x46,,,,,,,,,,,111.8,15,2,,
56,gnb1,2026-08-19T10:30:56.577979,1561,PUCCH_CQI,0x46,,,,,,,,,,,111.8,15,2,,
56,gnb1,2026-08-19T10:30:57.688617,1601,PUCCH_CQI,0x46,,,,,,,,,,,111.8,15,2,,
56,gnb1,2026-08-19T10:30:58.824774,1641,PUCCH_CQI,0x46,,,,,,,,,,,111.8,15,2,,
56,gnb1,2026-08-19T10:30:59.966449,1681,PUCCH_CQI,0x46,,,,,,,,,,,111.8,15,2,,
56,gnb1,2026-08-19T10:31:01.063505,1721,PUCCH_CQI,0x46,,,,,,,,,,,111.8,15,2,,
56,gnb1,2026-08-19T10:31:02.188387,1761,PUCCH_CQI,0x46,,,,,,,,,,,111.8,15,2,,
56,gnb1,2026-08-19T10:31:03.312089,1801,PUCCH_CQI,0x46,,,,,,,,,,,111.8,15,2,,
56,gnb1,2026-08-19T10:31:04.450022,1841,PUCCH_CQI,0x46,,,,,,,,,,,111.8,15,2,,
56,gnb1,2026-08-19T10:31:05.562986,1881,PUCCH_CQI,0x46,,,,,,,,,,,111.8,15,2,,
56,gnb1,2026-08-19T10:31:06.598548,1921,PUCCH_CQI,0x46,,,,,,,,,,,111.8,15,2,,
56,gnb1,2026-08-19T10:31:07.743787,1961,PUCCH_CQI,0x46,,,,,,,,,,,111.8,15,2,,
56,gnb1,2026-08-19T10:31:08.903398,2001,PUCCH_CQI,0x46,,,,,,,,,,,111.8,15,2,,
56,gnb1,2026-08-19T10:31:10.038901,2041,PUCCH_CQI,0x46,,,,,,,,,,,111.8,15,2,,
56,gnb1,2026-08-19T10:31:11.187048,2081,PUCCH_CQI,0x46,,,,,,,,,,,111.8,15,2,,
56,gnb1,2026-08-19T10:31:11.730181,2100,BSR,0x46,,,,,,,,,,,,,,,0
56,gnb1,2026-08-19T10:31:11.952246,2108,PUSCH,0x46,,,,,2,8,517,4,111.4,479,,,,,
56,gnb1,2026-08-19T10:31:11.952429,2108,PHR,,,,,,,,,,,,,,,,
56,gnb1,2026-08-19T10:31:11.971865,2109,PDSCH,0x46,3,85,4,0,,,,,,,,,,,
56,gnb1,2026-08-19T10:31:12.277857,2120,BSR,0x46,,,,,,,,,,,,,,,0
56,gnb1,2026-08-19T10:31:12.297144,2121,PUCCH_CQI,0x46,,,,,,,,,,,111.8,15,2,,
56,gnb1,2026-08-19T10:31:12.483561,2128,PUSCH,0x46,,,,,2,8,517,4,111.4,186,,,,,
56,gnb1,2026-08-19T10:31:12.500527,2129,PDSCH,0x46,3,121,6,0,,,,,,,,,,,
56,gnb1,2026-08-19T10:31:12.821364,2140,BSR,0x46,,,,,,,,,,,,,,,0
56,gnb1,2026-08-19T10:31:13.053435,2148,PUSCH,0x46,,,,,2,8,517,4,111.4,232,,,,,
56,gnb1,2026-08-19T10:31:13.121826,2150,PDSCH,0x46,3,63,4,0,,,,,,,,,,,
56,gnb1,2026-08-19T10:31:13.362128,2159,PDSCH,0x46,3,7,2,0,,,,,,,,,,,
56,gnb1,2026-08-19T10:31:13.394894,2160,BSR,0x46,,,,,,,,,,,,,,,0
56,gnb1,2026-08-19T10:31:13.423583,2161,PUCCH_CQI,0x46,,,,,,,,,,,111.8,15,2,,
56,gnb1,2026-08-19T10:31:13.631593,2168,PUSCH,0x46,,,,,2,8,517,4,111.4,271,,,,,
56,gnb1,2026-08-19T10:31:13.631604,2168,PHR,,,,,,,,,,,,,,,,
56,gnb1,2026-08-19T10:31:13.657365,2169,PDSCH,0x46,3,121,6,0,,,,,,,,,,,
56,gnb1,2026-08-19T10:31:13.953130,2180,BSR,0x46,,,,,,,,,,,,,,,0
56,gnb1,2026-08-19T10:31:14.172235,2188,PUSCH,0x46,,,,,2,8,517,4,111.4,209,,,,,
56,gnb1,2026-08-19T10:31:14.202572,2189,PDSCH,0x46,3,73,4,0,,,,,,,,,,,
56,gnb1,2026-08-19T10:31:14.521577,2200,BSR,0x46,,,,,,,,,,,,,,,0
56,gnb1,2026-08-19T10:31:14.541132,2201,PUCCH_CQI,0x46,,,,,,,,,,,111.8,15,2,,
56,gnb1,2026-08-19T10:31:14.732616,2208,PUSCH,0x46,,,,,2,8,517,4,111.4,248,,,,,
56,gnb1,2026-08-19T10:31:14.768422,2209,PDSCH,0x46,50,4587,6,0,,,,,,,,,,,
56,gnb1,2026-08-19T10:31:14.769552,2210,PDSCH,0x46,50,4587,6,0,,,,,,,,,,,
56,gnb1,2026-08-19T10:31:14.793214,2211,PDSCH,0x46,50,4587,6,0,,,,,,,,,,,
56,gnb1,2026-08-19T10:31:14.854917,2212,PDSCH,0x46,6,437,6,0,,,,,,,,,,,
56,gnb1,2026-08-19T10:31:15.094799,2220,BSR,0x46,,,,,,,,,,,,,,,0
56,gnb1,2026-08-19T10:31:15.320305,2228,PUSCH,0x46,,,,,2,8,517,4,111.4,444,,,,,
56,gnb1,2026-08-19T10:31:15.320361,2228,PHR,,,,,,,,,,,,,,,,
56,gnb1,2026-08-19T10:31:15.354939,2229,BSR,0x46,,,,,,,,,,,,,,,0
56,gnb1,2026-08-19T10:31:15.355648,2229,PDSCH,0x46,50,4587,6,0,,,,,,,,,,,
56,gnb1,2026-08-19T10:31:15.356522,2230,PDSCH,0x46,50,4587,6,0,,,,,,,,,,,
56,gnb1,2026-08-19T10:31:15.382229,2231,PDSCH,0x46,50,4587,6,0,,,,,,,,,,,
56,gnb1,2026-08-19T10:31:15.444009,2232,PDSCH,0x46,50,4587,6,0,,,,,,,,,,,
56,gnb1,2026-08-19T10:31:15.444898,2233,PDSCH,0x46,50,4587,6,0,,,,,,,,,,,
56,gnb1,2026-08-19T10:31:15.595219,2237,PUSCH,0x46,,,,,2,1,113,4,117.9,159,,,,,
56,gnb1,2026-08-19T10:31:15.595295,2237,BSR,0x46,,,,,,,,,,,,,,,0
56,gnb1,2026-08-19T10:31:15.626435,2238,PDSCH,0x46,50,4587,6,0,,,,,,,,,,,
56,gnb1,2026-08-19T10:31:15.627475,2239,PDSCH,0x46,15,1063,6,0,,,,,,,,,,,
56,gnb1,2026-08-19T10:31:15.681007,2240,BSR,0x46,,,,,,,,,,,,,,,0
56,gnb1,2026-08-19T10:31:15.711663,2241,PUCCH_CQI,0x46,,,,,,,,,,,111.8,15,2a,,
56,gnb1,2026-08-19T10:31:15.823837,2245,PUSCH,0x46,,,,,2,1,113,4,117.8,101,,,,,
56,gnb1,2026-08-19T10:31:15.856335,2246,BSR,0x46,,,,,,,,,,,,,,,0
56,gnb1,2026-08-19T10:31:15.910582,2248,PUSCH,0x46,,,,,2,7,437,4,114.2,226,,,,,
56,gnb1,2026-08-19T10:31:15.910678,2248,BSR,0x46,,,,,,,,,,,,,,,0
56,gnb1,2026-08-19T10:31:15.938715,2249,BSR,0x46,,,,,,,,,,,,,,,0
56,gnb1,2026-08-19T10:31:15.939393,2249,PDSCH,0x46,50,4587,6,0,,,,,,,,,,,
56,gnb1,2026-08-19T10:31:15.940305,2250,PDSCH,0x46,50,4587,6,0,,,,,,,,,,,
56,gnb1,2026-08-19T10:31:15.967356,2251,PDSCH,0x46,50,4587,6,0,,,,,,,,,,,
56,gnb1,2026-08-19T10:31:16.024378,2252,PDSCH,0x46,42,3182,6,0,,,,,,,,,,,
56,gnb1,2026-08-19T10:31:16.074717,2254,PUSCH,0x46,,,,,2,4,293,4,117.9,204,,,,,
56,gnb1,2026-08-19T10:31:16.074813,2254,BSR,0x46,,,,,,,,,,,,,,,0
56,gnb1,2026-08-19T10:31:16.101453,2255,BSR,0x46,,,,,,,,,,,,,,,0
56,gnb1,2026-08-19T10:31:16.102375,2255,PDSCH,0x46,47,4395,6,0,,,,,,,,,,,
56,gnb1,2026-08-19T10:31:16.102813,2256,PUSCH,0x46,,,,,2,7,437,4,114.2,221,,,,,
56,gnb1,2026-08-19T10:31:16.102893,2256,BSR,0x46,,,,,,,,,,,,,,,0
56,gnb1,2026-08-19T10:31:16.103452,2256,PDSCH,0x46,50,4587,6,0,,,,,,,,,,,
56,gnb1,2026-08-19T10:31:16.132347,2257,PUSCH,0x46,,,,,2,3,249,4,117.9,237,,,,,
56,gnb1,2026-08-19T10:31:16.132883,2257,PDSCH,0x46,50,4587,6,0,,,,,,,,,,,
56,gnb1,2026-08-19T10:31:16.194020,2258,PDSCH,0x46,50,4587,6,0,,,,,,,,,,,
56,gnb1,2026-08-19T10:31:16.195075,2259,PDSCH,0x46,50,4587,6,0,,,,,,,,,,,
56,gnb1,2026-08-19T10:31:16.250035,2260,PDSCH,0x46,50,4587,6,0,,,,,,,,,,,
56,gnb1,2026-08-19T10:31:16.250790,2261,PDSCH,0x46,47,4395,6,0,,,,,,,,,,,
56,gnb1,2026-08-19T10:31:16.280851,2262,PUSCH,0x46,,,,,2,4,293,4,117.9,239,,,,,
56,gnb1,2026-08-19T10:31:16.281491,2262,PDSCH,0x46,50,4587,6,0,,,,,,,,,,,
56,gnb1,2026-08-19T10:31:16.329013,2263,PUSCH,0x46,,,,,2,3,249,4,117.9,157,,,,,
56,gnb1,2026-08-19T10:31:16.329736,2263,PDSCH,0x46,50,4587,6,0,,,,,,,,,,,
56,gnb1,2026-08-19T10:31:16.330028,2264,PUSCH,0x46,,,,,2,7,437,4,114.3,151,,,,,
56,gnb1,2026-08-19T10:31:16.330092,2264,BSR,0x46,,,,,,,,,,,,,,,0
56,gnb1,2026-08-19T10:31:16.330564,2264,PDSCH,0x46,50,4587,6,0,,,,,,,,,,,
56,gnb1,2026-08-19T10:31:16.353306,2265,PDSCH,0x46,50,4587,6,0,,,,,,,,,,,
56,gnb1,2026-08-19T10:31:16.403919,2266,PDSCH,0x46,50,4587,6,0,,,,,,,,,,,
56,gnb1,2026-08-19T10:31:16.404747,2267,PDSCH,0x46,50,4587,6,0,,,,,,,,,,,
56,gnb1,2026-08-19T10:31:16.439895,2268,PDSCH,0x46,50,4587,6,0,,,,,,,,,,,
56,gnb1,2026-08-19T10:31:16.502405,2269,PDSCH,0x46,50,4587,6,0,,,,,,,,,,,
56,gnb1,2026-08-19T10:31:16.503397,2270,PDSCH,0x46,50,4587,6,0,,,,,,,,,,,
56,gnb1,2026-08-19T10:31:16.562730,2271,PDSCH,0x46,50,4587,6,0,,,,,,,,,,,
56,gnb1,2026-08-19T10:31:16.590017,2272,PUSCH,0x46,,,,,2,8,597,4,111.4,275,,,,,
56,gnb1,2026-08-19T10:31:16.590738,2272,PDSCH,0x46,50,3963,6,0,,,,,,,,,,,
56,gnb1,2026-08-19T10:31:16.590898,2273,BSR,0x46,,,,,,,,,,,,,,,37
56,gnb1,2026-08-19T10:31:16.615110,2274,BSR,0x46,,,,,,,,,,,,,,,0
56,gnb1,2026-08-19T10:31:16.615750,2274,PDSCH,0x46,50,4587,6,0,,,,,,,,,,,
56,gnb1,2026-08-19T10:31:16.675096,2275,PDSCH,0x46,50,4587,6,0,,,,,,,,,,,
56,gnb1,2026-08-19T10:31:16.676114,2276,PDSCH,0x46,50,4587,6,0,,,,,,,,,,,
56,gnb1,2026-08-19T10:31:16.725411,2277,PDSCH,0x46,50,4587,6,0,,,,,,,,,,,
56,gnb1,2026-08-19T10:31:16.726307,2278,PDSCH,0x46,50,4587,6,0,,,,,,,,,,,
56,gnb1,2026-08-19T10:31:16.752604,2279,PDSCH,0x46,50,4587,6,0,,,,,,,,,,,
56,gnb1,2026-08-19T10:31:16.809524,2280,PDSCH,0x46,9,597,6,0,,,,,,,,,,,
56,gnb1,2026-08-19T10:31:16.826359,2281,PUSCH,0x46,,,,,10,14,935,4,104.5,449,,,,,
56,gnb1,2026-08-19T10:31:16.826411,2281,PHR,,,,,,,,,,,,,,,,
56,gnb1,2026-08-19T10:31:16.826440,2281,BSR,0x46,,,,,,,,,,,,,,,0
56,gnb1,2026-08-19T10:31:16.827115,2282,PUSCH,0x46,,,,,2,0,41,4,117.9,158,,,,,
56,gnb1,2026-08-19T10:31:16.827161,2282,BSR,0x46,,,,,,,,,,,,,,,0
56,gnb1,2026-08-19T10:31:16.870899,2283,BSR,0x46,,,,,,,,,,,,,,,0
56,gnb1,2026-08-19T10:31:16.871476,2283,PDSCH,0x46,50,4587,6,0,,,,,,,,,,,
56,gnb1,2026-08-19T10:31:16.872504,2284,PDSCH,0x46,50,4587,6,0,,,,,,,,,,,
56,gnb1,2026-08-19T10:31:16.903915,2285,PDSCH,0x46,50,4587,6,0,,,,,,,,,,,
56,gnb1,2026-08-19T10:31:16.957760,2286,PDSCH,0x46,50,4587,6,0,,,,,,,,,,,
56,gnb1,2026-08-19T10:31:16.993371,2287,PDSCH,0x46,50,4587,6,0,,,,,,,,,,,
56,gnb1,2026-08-19T10:31:16.994433,2288,PDSCH,0x46,50,4587,6,0,,,,,,,,,,,
56,gnb1,2026-08-19T10:31:17.014855,2289,PUSCH,0x46,,,,,2,14,935,4,107.4,553,,,,,
56,gnb1,2026-08-19T10:31:17.014958,2289,BSR,0x46,,,,,,,,,,,,,,,0
56,gnb1,2026-08-19T10:31:17.015709,2289,PDSCH,0x46,50,4587,6,0,,,,,,,,,,,
56,gnb1,2026-08-19T10:31:17.065925,2290,PUSCH,0x46,,,,,2,4,293,4,117.9,166,,,,,
56,gnb1,2026-08-19T10:31:17.066019,2290,BSR,0x46,,,,,,,,,,,,,,,0
56,gnb1,2026-08-19T10:31:17.066685,2290,PDSCH,0x46,50,4587,6,0,,,,,,,,,,,
56,gnb1,2026-08-19T10:31:17.066994,2291,PUSCH,0x46,,,,,10,4,269,4,104.5,151,,,,,
56,gnb1,2026-08-19T10:31:17.067056,2291,BSR,0x46,,,,,,,,,,,,,,,0
56,gnb1,2026-08-19T10:31:17.067566,2291,PDSCH,0x46,50,4587,6,0,,,,,,,,,,,
56,gnb1,2026-08-19T10:31:17.098006,2292,BSR,0x46,,,,,,,,,,,,,,,0
56,gnb1,2026-08-19T10:31:17.098596,2292,PDSCH,0x46,50,4587,6,0,,,,,,,,,,,
56,gnb1,2026-08-19T10:31:17.146621,2293,PDSCH,0x46,50,4587,6,0,,,,,,,,,,,
56,gnb1,2026-08-19T10:31:17.147482,2294,PDSCH,0x46,50,4587,6,0,,,,,,,,,,,
56,gnb1,2026-08-19T10:31:17.196579,2295,PDSCH,0x46,50,4587,6,0,,,,,,,,,,,
56,gnb1,2026-08-19T10:31:17.197668,2296,PDSCH,0x46,50,4587,6,0,,,,,,,,,,,
56,gnb1,2026-08-19T10:31:17.245779,2297,PUSCH,0x46,,,,,2,14,935,4,107.4,366,,,,,
56,gnb1,2026-08-19T10:31:17.245861,2297,BSR,0x46,,,,,,,,,,,,,,,0
56,gnb1,2026-08-19T10:31:17.246373,2297,PDSCH,0x46,50,4587,6,0,,,,,,,,,,,
56,gnb1,2026-08-19T10:31:17.246729,2298,PUSCH,0x46,,,,,2,8,573,4,111.4,251,,,,,
56,gnb1,2026-08-19T10:31:17.246828,2298,BSR,0x46,,,,,,,,,,,,,,,0
56,gnb1,2026-08-19T10:31:17.247387,2298,PDSCH,0x46,50,4587,6,0,,,,,,,,,,,
56,gnb1,2026-08-19T10:31:17.281939,2299,PUSCH,0x46,,,,,2,7,501,4,114.2,271,,,,,
56,gnb1,2026-08-19T10:31:17.282013,2299,BSR,0x46,,,,,,,,,,,,,,,0
56,gnb1,2026-08-19T10:31:17.282475,2299,PDSCH,0x46,50,4587,6,0,,,,,,,,,,,
56,gnb1,2026-08-19T10:31:17.329820,2300,PUSCH,0x46,,,,,2,3,249,4,117.9,161,,,,,
56,gnb1,2026-08-19T10:31:17.329907,2300,BSR,0x46,,,,,,,,,,,,,,,0
56,gnb1,2026-08-19T10:31:17.330575,2300,PDSCH,0x46,50,4587,6,0,,,,,,,,,,,
56,gnb1,2026-08-19T10:31:17.331548,2301,PDSCH,0x46,47,4395,6,0,,,,,,,,,,,
56,gnb1,2026-08-19T10:31:17.352003,2302,PDSCH,0x46,50,4587,6,0,,,,,,,,,,,
56,gnb1,2026-08-19T10:31:17.409640,2303,PDSCH,0x46,50,4587,6,0,,,,,,,,,,,
56,gnb1,2026-08-19T10:31:17.427004,2305,PUSCH,0x46,,,,,2,14,935,4,107.4,347,,,,,
56,gnb1,2026-08-19T10:31:17.427140,2305,BSR,0x46,,,,,,,,,,,,,,,0
56,gnb1,2026-08-19T10:31:17.474768,2306,PUSCH,0x46,,,,,2,14,871,4,107.4,346,,,,,
56,gnb1,2026-08-19T10:31:17.474873,2306,BSR,0x46,,,,,,,,,,,,,,,0
56,gnb1,2026-08-19T10:31:17.475552,2306,PDSCH,0x46,50,4587,6,0,,,,,,,,,,,
56,gnb1,2026-08-19T10:31:17.475738,2307,PUSCH,0x46,,,,,2,7,469,4,114.2,255,,,,,
56,gnb1,2026-08-19T10:31:17.475797,2307,BSR,0x46,,,,,,,,,,,,,,,0
56,gnb1,2026-08-19T10:31:17.476232,2307,PDSCH,0x46,50,4587,6,0,,,,,,,,,,,
56,gnb1,2026-08-19T10:31:17.502199,2308,PUSCH,0x46,,,,,2,11,645,4,108.5,349,,,,,
56,gnb1,2026-08-19T10:31:17.502344,2308,BSR,0x46,,,,,,,,,,,,,,,0
56,gnb1,2026-08-19T10:31:17.502885,2308,PDSCH,0x46,50,4587,6,0,,,,,,,,,,,
56,gnb1,2026-08-19T10:31:17.554281,2309,BSR,0x46,,,,,,,,,,,,,,,0
56,gnb1,2026-08-19T10:31:17.554763,2309,PDSCH,0x46,50,4587,6,0,,,,,,,,,,,
56,gnb1,2026-08-19T10:31:17.555919,2310,PDSCH,0x46,50,4587,6,0,,,,,,,,,,,
56,gnb1,2026-08-19T10:31:17.596271,2311,PDSCH,0x46,50,4587,6,0,,,,,,,,,,,
56,gnb1,2026-08-19T10:31:17.597133,2312,PDSCH,0x46,50,4587,6,0,,,,,,,,,,,
56,gnb1,2026-08-19T10:31:17.622835,2313,PUSCH,0x46,,,,,2,14,935,4,107.4,325,,,,,
56,gnb1,2026-08-19T10:31:17.622937,2313,BSR,0x46,,,,,,,,,,,,,,,0
56,gnb1,2026-08-19T10:31:17.623554,2313,PDSCH,0x46,50,4587,6,0,,,,,,,,,,,
56,gnb1,2026-08-19T10:31:17.683449,2314,PUSCH,0x46,,,,,2,17,1143,4,106.8,658,,,,,
56,gnb1,2026-08-19T10:31:17.683536,2314,BSR,0x46,,,,,,,,,,,,,,,0
56,gnb1,2026-08-19T10:31:17.684138,2315,PUSCH,0x46,,,,,2,11,749,4,108.5,344,,,,,
56,gnb1,2026-08-19T10:31:17.684214,2314,PDSCH,0x46,50,4587,6,0,,,,,,,,,,,
56,gnb1,2026-08-19T10:31:17.684700,2315,PDSCH,0x46,50,4587,6,0,,,,,,,,,,,
56,gnb1,2026-08-19T10:31:17.702393,2316,PUSCH,0x46,,,,,2,14,871,4,107.4,309,,,,,
56,gnb1,2026-08-19T10:31:17.703021,2316,PDSCH,0x46,50,4587,6,0,,,,,,,,,,,
56,gnb1,2026-08-19T10:31:17.751862,2317,PUSCH,0x46,,,,,2,4,249,4,117.9,200,,,,,
56,gnb1,2026-08-19T10:31:17.752613,2317,PDSCH,0x46,50,4587,6,0,,,,,,,,,,,
56,gnb1,2026-08-19T10:31:17.753288,2318,PDSCH,0x46,50,4587,6,0,,,,,,,,,,,
56,gnb1,2026-08-19T10:31:17.777796,2319,PDSCH,0x46,50,4587,6,0,,,,,,,,,,,
56,gnb1,2026-08-19T10:31:17.831033,2320,PDSCH,0x46,50,4587,6,0,,,,,,,,,,,
56,gnb1,2026-08-19T10:31:17.831860,2321,PUSCH,0x46,,,,,10,14,935,4,104.5,350,,,,,
56,gnb1,2026-08-19T10:31:17.832582,2321,PDSCH,0x46,47,4395,6,0,,,,,,,,,,,
56,gnb1,2026-08-19T10:31:17.871611,2322,PUSCH,0x46,,,,,2,23,1527,4,106.4,627,,,,,
56,gnb1,2026-08-19T10:31:17.871681,2322,BSR,0x46,,,,,,,,,,,,,,,0
56,gnb1,2026-08-19T10:31:17.872182,2322,PDSCH,0x46,50,4587,6,0,,,,,,,,,,,
56,gnb1,2026-08-19T10:31:17.872955,2323,PDSCH,0x46,50,4587,6,0,,,,,,,,,,,
56,gnb1,2026-08-19T10:31:17.892627,2324,PDSCH,0x46,50,4587,6,0,,,,,,,,,,,
56,gnb1,2026-08-19T10:31:17.948341,2325,PDSCH,0x46,50,4587,6,0,,,,,,,,,,,
56,gnb1,2026-08-19T10:31:17.979799,2326,PDSCH,0x46,50,4587,6,0,,,,,,,,,,,
56,gnb1,2026-08-19T10:31:17.980622,2327,PDSCH,0x46,50,4587,6,0,,,,,,,,,,,
56,gnb1,2026-08-19T10:31:18.007666,2328,PDSCH,0x46,50,4587,6,0,,,,,,,,,,,
56,gnb1,2026-08-19T10:31:18.055730,2329,PDSCH,0x46,50,4587,6,0,,,,,,,,,,,
56,gnb1,2026-08-19T10:31:18.081309,2330,PUSCH,0x46,,,,,2,8,517,4,111.4,190,,,,,
56,gnb1,2026-08-19T10:31:18.081826,2330,PDSCH,0x46,50,4587,6,0,,,,,,,,,,,
56,gnb1,2026-08-19T10:31:18.082387,2331,BSR,0x46,,,,,,,,,,,,,,,0
56,gnb1,2026-08-19T10:31:18.082915,2331,PDSCH,0x46,50,4587,6,0,,,,,,,,,,,
56,gnb1,2026-08-19T10:31:18.108682,2332,PDSCH,0x46,50,4587,6,0,,,,,,,,,,,
56,gnb1,2026-08-19T10:31:18.159130,2333,PDSCH,0x46,50,4587,6,0,,,,,,,,,,,
56,gnb1,2026-08-19T10:31:18.160290,2334,PDSCH,0x46,50,4587,6,0,,,,,,,,,,,
56,gnb1,2026-08-19T10:31:18.212744,2335,PDSCH,0x46,50,4587,6,0,,,,,,,,,,,
56,gnb1,2026-08-19T10:31:18.213904,2336,PDSCH,0x46,50,4587,6,0,,,,,,,,,,,
56,gnb1,2026-08-19T10:31:18.251239,2337,PDSCH,0x46,50,4587,6,0,,,,,,,,,,,
56,gnb1,2026-08-19T10:31:18.252292,2338,PDSCH,0x46,50,4587,6,0,,,,,,,,,,,
56,gnb1,2026-08-19T10:31:18.273082,2339,PUSCH,0x46,,,,,2,14,999,4,107.4,320,,,,,
56,gnb1,2026-08-19T10:31:18.273139,2339,PHR,,,,,,,,,,,,,,,,
56,gnb1,2026-08-19T10:31:18.273231,2339,BSR,0x46,,,,,,,,,,,,,,,0
56,gnb1,2026-08-19T10:31:18.273737,2339,PDSCH,0x46,50,4587,6,0,,,,,,,,,,,
56,gnb1,2026-08-19T10:31:18.324313,2340,BSR,0x46,,,,,,,,,,,,,,,0
56,gnb1,2026-08-19T10:31:18.324852,2340,PDSCH,0x46,50,4587,6,0,,,,,,,,,,,
56,gnb1,2026-08-19T10:31:18.325793,2341,PDSCH,0x46,47,4395,6,0,,,,,,,,,,,
56,gnb1,2026-08-19T10:31:18.355599,2342,PDSCH,0x46,50,4587,6,0,,,,,,,,,,,
56,gnb1,2026-08-19T10:31:18.403769,2343,PDSCH,0x46,50,4587,6,0,,,,,,,,,,,
56,gnb1,2026-08-19T10:31:18.404977,2344,PDSCH,0x46,50,4587,6,0,,,,,,,,,,,
56,gnb1,2026-08-19T10:31:18.456051,2345,PDSCH,0x46,50,4587,6,0,,,,,,,,,,,
56,gnb1,2026-08-19T10:31:18.457279,2346,PDSCH,0x46,50,4587,6,0,,,,,,,,,,,
56,gnb1,2026-08-19T10:31:18.503177,2347,PUSCH,0x46,,,,,2,14,999,4,107.4,316,,,,,
56,gnb1,2026-08-19T10:31:18.503257,2347,BSR,0x46,,,,,,,,,,,,,,,0
56,gnb1,2026-08-19T10:31:18.503814,2347,PDSCH,0x46,50,4587,6,0,,,,,,,,,,,
56,gnb1,2026-08-19T10:31:18.504172,2348,PUSCH,0x46,,,,,2,3,233,4,117.9,180,,,,,
56,gnb1,2026-08-19T10:31:18.504253,2348,BSR,0x46,,,,,,,,,,,,,,,0
56,gnb1,2026-08-19T10:31:18.504810,2348,PDSCH,0x46,50,4587,6,0,,,,,,,,,,,
56,gnb1,2026-08-19T10:31:18.517752,2349,BSR,0x46,,,,,,,,,,,,,,,0
56,gnb1,2026-08-19T10:31:18.518207,2349,PDSCH,0x46,50,4587,6,0,,,,,,,,,,,
56,gnb1,2026-08-19T10:31:18.570706,2350,PDSCH,0x46,50,4587,6,0,,,,,,,,,,,
56,gnb1,2026-08-19T10:31:18.571800,2351,PDSCH,0x46,50,4587,6,0,,,,,,,,,,,
56,gnb1,2026-08-19T10:31:18.593349,2352,PDSCH,0x46,50,4587,6,0,,,,,,,,,,,
56,gnb1,2026-08-19T10:31:18.635294,2353,PDSCH,0x46,50,4587,6,0,,,,,,,,,,,
56,gnb1,2026-08-19T10:31:18.652753,2354,PDSCH,0x46,50,4587,6,0,,,,,,,,,,,
56,gnb1,2026-08-19T10:31:18.653364,2355,PUSCH,0x46,,,,,2,14,999,4,107.4,317,,,,,
56,gnb1,2026-08-19T10:31:18.653441,2355,BSR,0x46,,,,,,,,,,,,,,,0
56,gnb1,2026-08-19T10:31:18.653908,2355,PDSCH,0x46,50,4587,6,0,,,,,,,,,,,
56,gnb1,2026-08-19T10:31:18.667577,2356,PUSCH,0x46,,,,,2,7,501,4,114.3,232,,,,,
56,gnb1,2026-08-19T10:31:18.667738,2356,BSR,0x46,,,,,,,,,,,,,,,0
56,gnb1,2026-08-19T10:31:18.668390,2356,PDSCH,0x46,50,4587,6,0,,,,,,,,,,,
56,gnb1,2026-08-19T10:31:18.693709,2357,PUSCH,0x46,,,,,2,3,249,4,117.9,215,,,,,
56,gnb1,2026-08-19T10:31:18.693918,2357,BSR,0x46,,,,,,,,,,,,,,,0
56,gnb1,2026-08-19T10:31:18.694377,2357,PDSCH,0x46,50,4587,6,0,,,,,,,,,,,
56,gnb1,2026-08-19T10:31:18.722956,2358,BSR,0x46,,,,,,,,,,,,,,,0
56,gnb1,2026-08-19T10:31:18.723695,2358,PDSCH,0x46,50,4587,6,0,,,,,,,,,,,
56,gnb1,2026-08-19T10:31:18.724336,2359,PDSCH,0x46,42,3302,6,0,,,,,,,,,,,
56,gnb1,2026-08-19T10:31:18.797477,2361,PUCCH_CQI,0x46,,,,,,,,,,,111.8,15,2a,,
56,gnb1,2026-08-19T10:31:18.847462,2363,PUSCH,0x46,,,,,2,14,999,4,107.4,399,,,,,
56,gnb1,2026-08-19T10:31:18.847514,2363,BSR,0x46,,,,,,,,,,,,,,,0
56,gnb1,2026-08-19T10:31:18.862965,2364,PUSCH,0x46,,,,,2,35,2292,4,108.1,872,,,,,
56,gnb1,2026-08-19T10:31:18.863060,2364,BSR,0x46,,,,,,,,,,,,,,,0
56,gnb1,2026-08-19T10:31:18.863324,2365,PUSCH,0x46,,,,,2,2,133,4,117.9,197,,,,,
56,gnb1,2026-08-19T10:31:18.863659,2364,PDSCH,0x46,50,4587,6,0,,,,,,,,,,,
56,gnb1,2026-08-19T10:31:18.863889,2365,PDSCH,0x46,50,4587,6,0,,,,,,,,,,,
56,gnb1,2026-08-19T10:31:18.883974,2366,PUSCH,0x46,,,,,2,4,269,4,117.9,155,,,,,
56,gnb1,2026-08-19T10:31:18.884074,2366,BSR,0x46,,,,,,,,,,,,,,,0
56,gnb1,2026-08-19T10:31:18.884685,2366,PDSCH,0x46,50,4587,6,0,,,,,,,,,,,
56,gnb1,2026-08-19T10:31:18.921664,2367,BSR,0x46,,,,,,,,,,,,,,,0
56,gnb1,2026-08-19T10:31:18.922243,2367,PDSCH,0x46,50,4587,6,0,,,,,,,,,,,
56,gnb1,2026-08-19T10:31:18.923148,2368,PDSCH,0x46,50,4587,6,0,,,,,,,,,,,
56,gnb1,2026-08-19T10:31:18.948847,2369,PDSCH,0x46,50,4587,6,0,,,,,,,,,,,
56,gnb1,2026-08-19T10:31:18.987213,2370,PDSCH,0x46,50,4587,6,0,,,,,,,,,,,
56,gnb1,2026-08-19T10:31:19.010058,2371,PUSCH,0x46,,,,,10,14,999,4,104.5,421,,,,,
56,gnb1,2026-08-19T10:31:19.010167,2371,BSR,0x46,,,,,,,,,,,,,,,0
56,gnb1,2026-08-19T10:31:19.010828,2371,PDSCH,0x46,50,4587,6,0,,,,,,,,,,,
56,gnb1,2026-08-19T10:31:19.011588,2372,PUSCH,0x46,,,,,2,39,2673,4,108.5,802,,,,,
56,gnb1,2026-08-19T10:31:19.012094,2372,PDSCH,0x46,50,4587,6,0,,,,,,,,,,,
56,gnb1,2026-08-19T10:31:19.034320,2373,PDSCH,0x46,50,4587,6,0,,,,,,,,,,,
56,gnb1,2026-08-19T10:31:19.078323,2374,PUSCH,0x46,,,,,2,14,807,4,107.4,422,,,,,
56,gnb1,2026-08-19T10:31:19.079075,2374,PDSCH,0x46,50,4587,6,0,,,,,,,,,,,
56,gnb1,2026-08-19T10:31:19.079115,2375,PUSCH,0x46,,,,,2,3,233,4,117.9,151,,,,,
56,gnb1,2026-08-19T10:31:19.079788,2375,PDSCH,0x46,50,4587,6,0,,,,,,,,,,,
56,gnb1,2026-08-19T10:31:19.097359,2376,PDSCH,0x46,50,4587,6,0,,,,,,,,,,,
56,gnb1,2026-08-19T10:31:19.136352,2377,PDSCH,0x46,50,4587,6,0,,,,,,,,,,,
56,gnb1,2026-08-19T10:31:19.137049,2378,PDSCH,0x46,50,4587,6,0,,,,,,,,,,,
56,gnb1,2026-08-19T10:31:19.163745,2379,PUSCH,0x46,,,,,2,14,999,4,107.4,337,,,,,
56,gnb1,2026-08-19T10:31:19.164510,2379,PDSCH,0x46,50,4587,6,0,,,,,,,,,,,
56,gnb1,2026-08-19T10:31:19.198634,2380,BSR,0x46,,,,,,,,,,,,,,,0
56,gnb1,2026-08-19T10:31:19.199349,2380,PDSCH,0x46,50,4587,6,0,,,,,,,,,,,
56,gnb1,2026-08-19T10:31:19.200027,2381,PDSCH,0x46,47,4395,6,0,,,,,,,,,,,
56,gnb1,2026-08-19T10:31:19.216374,2382,PDSCH,0x46,50,4587,6,0,,,,,,,,,,,
56,gnb1,2026-08-19T10:31:19.256515,2383,PDSCH,0x46,50,4587,6,0,,,,,,,,,,,
56,gnb1,2026-08-19T10:31:19.257594,2384,PDSCH,0x46,50,4587,6,0,,,,,,,,,,,
56,gnb1,2026-08-19T10:31:19.276950,2385,PDSCH,0x46,50,4587,6,0,,,,,,,,,,,
56,gnb1,2026-08-19T10:31:19.327517,2386,PDSCH,0x46,50,4587,6,0,,,,,,,,,,,
56,gnb1,2026-08-19T10:31:19.328620,2387,PDSCH,0x46,50,4587,6,0,,,,,,,,,,,
56,gnb1,2026-08-19T10:31:19.351905,2388,PUSCH,0x46,,,,,2,8,517,4,111.4,261,,,,,
56,gnb1,2026-08-19T10:31:19.352554,2388,PDSCH,0x46,50,4587,6,0,,,,,,,,,,,
56,gnb1,2026-08-19T10:31:19.394353,2389,BSR,0x46,,,,,,,,,,,,,,,0
56,gnb1,2026-08-19T10:31:19.394950,2389,PDSCH,0x46,50,4587,6,0,,,,,,,,,,,
56,gnb1,2026-08-19T10:31:19.395757,2390,PDSCH,0x46,50,4587,6,0,,,,,,,,,,,
56,gnb1,2026-08-19T10:31:19.413573,2391,PDSCH,0x46,50,4587,6,0,,,,,,,,,,,
56,gnb1,2026-08-19T10:31:19.456161,2392,PDSCH,0x46,50,4587,6,0,,,,,,,,,,,
56,gnb1,2026-08-19T10:31:19.457176,2393,PDSCH,0x46,50,4587,6,0,,,,,,,,,,,
56,gnb1,2026-08-19T10:31:19.500691,2394,PDSCH,0x46,50,4587,6,0,,,,,,,,,,,
56,gnb1,2026-08-19T10:31:19.501809,2395,PDSCH,0x46,50,4587,6,0,,,,,,,,,,,
56,gnb1,2026-08-19T10:31:19.541707,2396,PDSCH,0x46,50,4587,6,0,,,,,,,,,,,
56,gnb1,2026-08-19T10:31:19.566127,2397,PUSCH,0x46,,,,,2,4,293,4,117.9,136,,,,,
56,gnb1,2026-08-19T10:31:19.566147,2397,PHR,,,,,,,,,,,,,,,,
56,gnb1,2026-08-19T10:31:19.566248,2397,BSR,0x46,,,,,,,,,,,,,,,0
56,gnb1,2026-08-19T10:31:19.566912,2397,PDSCH,0x46,50,4587,6,0,,,,,,,,,,,
56,gnb1,2026-08-19T10:31:19.567157,2398,BSR,0x46,,,,,,,,,,,,,,,0
56,gnb1,2026-08-19T10:31:19.567629,2398,PDSCH,0x46,50,4587,6,0,,,,,,,,,,,
56,gnb1,2026-08-19T10:31:19.577273,2399,PDSCH,0x46,50,4587,6,0,,,,,,,,,,,
56,gnb1,2026-08-19T10:31:19.622909,2400,PDSCH,0x46,50,4587,6,0,,,,,,,,,,,
56,gnb1,2026-08-19T10:31:19.623299,2401,PUCCH_CQI,0x46,,,,,,,,,,,111.8,15,2a,,
56,gnb1,2026-08-19T10:31:19.623913,2401,PDSCH,0x46,47,4395,6,0,,,,,,,,,,,
56,gnb1,2026-08-19T10:31:19.648040,2402,PDSCH,0x46,50,4587,6,0,,,,,,,,,,,
56,gnb1,2026-08-19T10:31:19.687000,2403,PDSCH,0x46,50,4587,6,0,,,,,,,,,,,
56,gnb1,2026-08-19T10:31:19.688007,2404,PDSCH,0x46,50,4587,6,0,,,,,,,,,,,
56,gnb1,2026-08-19T10:31:19.729685,2405,PUSCH,0x46,,,,,2,4,293,4,117.9,214,,,,,
56,gnb1,2026-08-19T10:31:19.729807,2405,BSR,0x46,,,,,,,,,,,,,,,0
56,gnb1,2026-08-19T10:31:19.730413,2405,PDSCH,0x46,47,4395,6,0,,,,,,,,,,,
56,gnb1,2026-08-19T10:31:19.730619,2406,PUSCH,0x46,,,,,2,3,249,4,117.9,139,,,,,
56,gnb1,2026-08-19T10:31:19.730674,2406,BSR,0x46,,,,,,,,,,,,,,,0
56,gnb1,2026-08-19T10:31:19.731100,2406,PDSCH,0x46,50,4587,6,0,,,,,,,,,,,
56,gnb1,2026-08-19T10:31:19.752549,2407,BSR,0x46,,,,,,,,,,,,,,,0
56,gnb1,2026-08-19T10:31:19.753034,2407,PDSCH,0x46,50,4587,6,0,,,,,,,,,,,
56,gnb1,2026-08-19T10:31:19.799310,2408,PDSCH,0x46,50,4587,6,0,,,,,,,,,,,
56,gnb1,2026-08-19T10:31:19.800053,2409,PDSCH,0x46,50,4587,6,0,,,,,,,,,,,
56,gnb1,2026-08-19T10:31:19.822767,2410,PDSCH,0x46,50,4587,6,0,,,,,,,,,,,
56,gnb1,2026-08-19T10:31:19.863097,2411,PDSCH,0x46,50,4587,6,0,,,,,,,,,,,
56,gnb1,2026-08-19T10:31:19.864163,2412,PDSCH,0x46,50,4587,6,0,,,,,,,,,,,
56,gnb1,2026-08-19T10:31:19.882906,2413,PUSCH,0x46,,,,,2,4,293,4,117.9,133,,,,,
56,gnb1,2026-08-19T10:31:19.883008,2413,BSR,0x46,,,,,,,,,,,,,,,0
56,gnb1,2026-08-19T10:31:19.883533,2413,PDSCH,0x46,50,4587,6,0,,,,,,,,,,,
56,gnb1,2026-08-19T10:31:19.905520,2414,PUSCH,0x46,,,,,2,8,517,4,111.4,211,,,,,
56,gnb1,2026-08-19T10:31:19.905628,2414,BSR,0x46,,,,,,,,,,,,,,,0
56,gnb1,2026-08-19T10:31:19.906263,2414,PDSCH,0x46,50,4587,6,0,,,,,,,,,,,
56,gnb1,2026-08-19T10:31:19.923363,2415,PUSCH,0x46,,,,,2,14,749,4,107.4,272,,,,,
56,gnb1,2026-08-19T10:31:19.923430,2415,BSR,0x46,,,,,,,,,,,,,,,0
56,gnb1,2026-08-19T10:31:19.967362,2416,PDSCH,0x46,21,1335,6,0,,,,,,,,,,,
56,gnb1,2026-08-19T10:31:20.077811,2421,PUSCH,0x46,,,,,10,4,293,4,104.5,122,,,,,
56,gnb1,2026-08-19T10:31:20.077888,2421,BSR,0x46,,,,,,,,,,,,,,,0
56,gnb1,2026-08-19T10:31:20.098603,2422,PUSCH,0x46,,,,,2,17,1143,4,106.8,463,,,,,
56,gnb1,2026-08-19T10:31:20.098686,2422,BSR,0x46,,,,,,,,,,,,,,,0
56,gnb1,2026-08-19T10:31:20.099327,2423,PUSCH,0x46,,,,,2,11,749,4,108.5,266,,,,,
56,gnb1,2026-08-19T10:31:20.099380,2422,PDSCH,0x46,50,4587,6,0,,,,,,,,,,,
56,gnb1,2026-08-19T10:31:20.099384,2423,BSR,0x46,,,,,,,,,,,,,,,0
56,gnb1,2026-08-19T10:31:20.099906,2423,PDSCH,0x46,50,4587,6,0,,,,,,,,,,,
56,gnb1,2026-08-19T10:31:20.126381,2424,BSR,0x46,,,,,,,,,,,,,,,0
56,gnb1,2026-08-19T10:31:20.127105,2424,PDSCH,0x46,50,4587,6,0,,,,,,,,,,,
56,gnb1,2026-08-19T10:31:20.170672,2425,PDSCH,0x46,50,4587,6,0,,,,,,,,,,,
56,gnb1,2026-08-19T10:31:20.171483,2426,PDSCH,0x46,50,4587,6,0,,,,,,,,,,,
56,gnb1,2026-08-19T10:31:20.209888,2427,PDSCH,0x46,50,4587,6,0,,,,,,,,,,,
56,gnb1,2026-08-19T10:31:20.230770,2428,PDSCH,0x46,50,4587,6,0,,,,,,,,,,,
56,gnb1,2026-08-19T10:31:20.247640,2429,PUSCH,0x46,,,,,2,3,249,4,117.9,128,,,,,
56,gnb1,2026-08-19T10:31:20.247795,2429,BSR,0x46,,,,,,,,,,,,,,,0
56,gnb1,2026-08-19T10:31:20.248349,2429,PDSCH,0x46,50,4587,6,0,,,,,,,,,,,
56,gnb1,2026-08-19T10:31:20.249307,2430,PUSCH,0x46,,,,,2,23,1527,4,106.4,597,,,,,
56,gnb1,2026-08-19T10:31:20.249397,2430,BSR,0x46,,,,,,,,,,,,,,,0
56,gnb1,2026-08-19T10:31:20.250044,2430,PDSCH,0x46,50,4587,6,0,,,,,,,,,,,
56,gnb1,2026-08-19T10:31:20.275740,2431,PUSCH,0x46,,,,,10,9,621,4,104.5,329,,,,,
56,gnb1,2026-08-19T10:31:20.276290,2431,PDSCH,0x46,50,4587,6,0,,,,,,,,,,,
56,gnb1,2026-08-19T10:31:20.325832,2432,PUSCH,0x46,,,,,2,8,517,4,111.4,215,,,,,
56,gnb1,2026-08-19T10:31:20.326373,2432,PDSCH,0x46,50,4587,6,0,,,,,,,,,,,
56,gnb1,2026-08-19T10:31:20.327201,2433,PDSCH,0x46,50,4587,6,0,,,,,,,,,,,
56,gnb1,2026-08-19T10:31:20.348827,2434,PDSCH,0x46,50,4587,6,0,,,,,,,,,,,
56,gnb1,2026-08-19T10:31:20.400008,2435,PDSCH,0x46,50,4587,6,0,,,,,,,,,,,
56,gnb1,2026-08-19T10:31:20.401170,2436,PDSCH,0x46,50,4587,6,0,,,,,,,,,,,
56,gnb1,2026-08-19T10:31:20.444519,2437,PUSCH,0x46,,,,,2,3,249,4,117.9,148,,,,,
56,gnb1,2026-08-19T10:31:20.445145,2437,PDSCH,0x46,50,4587,6,0,,,,,,,,,,,
56,gnb1,2026-08-19T10:31:20.446092,2438,PUSCH,0x46,,,,,2,29,1908,4,107.4,619,,,,,
56,gnb1,2026-08-19T10:31:20.446162,2438,BSR,0x46,,,,,,,,,,,,,,,0
56,gnb1,2026-08-19T10:31:20.446639,2438,PDSCH,0x46,50,4587,6,0,,,,,,,,,,,
56,gnb1,2026-08-19T10:31:20.469419,2439,PDSCH,0x46,50,4587,6,0,,,,,,,,,,,
56,gnb1,2026-08-19T10:31:20.504132,2440,BSR,0x46,,,,,,,,,,,,,,,0
56,gnb1,2026-08-19T10:31:20.504696,2440,PDSCH,0x46,50,4587,6,0,,,,,,,,,,,
56,gnb1,2026-08-19T10:31:20.505038,2441,PUCCH_CQI,0x46,,,,,,,,,,,111.8,15,2a,,
56,gnb1,2026-08-19T10:31:20.505625,2441,PDSCH,0x46,47,4395,6,0,,,,,,,,,,,
56,gnb1,2026-08-19T10:31:20.533673,2442,PDSCH,0x46,50,4587,6,0,,,,,,,,,,,
56,gnb1,2026-08-19T10:31:20.579543,2443,PDSCH,0x46,50,4587,6,0,,,,,,,,,,,
56,gnb1,2026-08-19T10:31:20.580463,2444,PDSCH,0x46,50,4587,6,0,,,,,,,,,,,
56,gnb1,2026-08-19T10:31:20.602029,2445,PDSCH,0x46,50,4587,6,0,,,,,,,,,,,
56,gnb1,2026-08-19T10:31:20.650227,2446,PUSCH,0x46,,,,,2,3,217,4,117.9,136,,,,,
56,gnb1,2026-08-19T10:31:20.650812,2446,PDSCH,0x46,50,4587,6,0,,,,,,,,,,,
56,gnb1,2026-08-19T10:31:20.651292,2447,BSR,0x46,,,,,,,,,,,,,,,0
56,gnb1,2026-08-19T10:31:20.651675,2447,PDSCH,0x46,50,4587,6,0,,,,,,,,,,,
56,gnb1,2026-08-19T10:31:20.676690,2448,PUSCH,0x46,,,,,2,4,309,4,118.0,155,,,,,
56,gnb1,2026-08-19T10:31:20.676772,2448,BSR,0x46,,,,,,,,,,,,,,,0
56,gnb1,2026-08-19T10:31:20.676814,2448,PHR,,,,,,,,,,,,,,,,
56,gnb1,2026-08-19T10:31:20.677281,2448,PDSCH,0x46,50,4587,6,0,,,,,,,,,,,
56,gnb1,2026-08-19T10:31:20.725464,2449,BSR,0x46,,,,,,,,,,,,,,,0
56,gnb1,2026-08-19T10:31:20.725934,2449,PDSCH,0x46,50,4587,6,0,,,,,,,,,,,
56,gnb1,2026-08-19T10:31:20.749441,2450,PDSCH,0x46,50,4587,6,0,,,,,,,,,,,
56,gnb1,2026-08-19T10:31:20.770885,2451,PDSCH,0x46,50,4587,6,0,,,,,,,,,,,
56,gnb1,2026-08-19T10:31:20.787830,2452,PDSCH,0x46,50,4587,6,0,,,,,,,,,,,
56,gnb1,2026-08-19T10:31:20.788818,2453,PDSCH,0x46,50,4587,6,0,,,,,,,,,,,
56,gnb1,2026-08-19T10:31:20.838219,2454,PDSCH,0x46,50,4587,6,0,,,,,,,,,,,
56,gnb1,2026-08-19T10:31:20.838583,2455,PUSCH,0x46,,,,,2,3,217,4,117.9,148,,,,,
56,gnb1,2026-08-19T10:31:20.838669,2455,BSR,0x46,,,,,,,,,,,,,,,0
56,gnb1,2026-08-19T10:31:20.839105,2455,PDSCH,0x46,50,4587,6,0,,,,,,,,,,,
56,gnb1,2026-08-19T10:31:20.864313,2456,PUSCH,0x46,,,,,2,4,309,4,117.9,139,,,,,
56,gnb1,2026-08-19T10:31:20.864399,2456,BSR,0x46,,,,,,,,,,,,,,,0
56,gnb1,2026-08-19T10:31:20.864929,2456,PDSCH,0x46,50,4587,6,0,,,,,,,,,,,
56,gnb1,2026-08-19T10:31:20.901918,2457,PUSCH,0x46,,,,,2,4,269,4,117.9,128,,,,,
56,gnb1,2026-08-19T10:31:20.901992,2457,BSR,0x46,,,,,,,,,,,,,,,0
56,gnb1,2026-08-19T10:31:20.902444,2457,PDSCH,0x46,50,4587,6,0,,,,,,,,,,,
56,gnb1,2026-08-19T10:31:20.919069,2458,BSR,0x46,,,,,,,,,,,,,,,0
56,gnb1,2026-08-19T10:31:20.919623,2458,PDSCH,0x46,50,4587,6,0,,,,,,,,,,,
56,gnb1,2026-08-19T10:31:20.920610,2459,PDSCH,0x46,50,4587,6,0,,,,,,,,,,,
56,gnb1,2026-08-19T10:31:20.940162,2460,PDSCH,0x46,50,4587,6,0,,,,,,,,,,,
56,gnb1,2026-08-19T10:31:20.981410,2461,PDSCH,0x46,47,4395,6,0,,,,,,,,,,,
56,gnb1,2026-08-19T10:31:20.982417,2462,PDSCH,0x46,50,4587,6,0,,,,,,,,,,,
56,gnb1,2026-08-19T10:31:21.010199,2463,PUSCH,0x46,,,,,2,3,217,4,117.9,113,,,,,
56,gnb1,2026-08-19T10:31:21.010286,2463,BSR,0x46,,,,,,,,,,,,,,,0
56,gnb1,2026-08-19T10:31:21.010876,2463,PDSCH,0x46,50,4587,6,0,,,,,,,,,,,
56,gnb1,2026-08-19T10:31:21.047914,2464,PUSCH,0x46,,,,,2,8,573,4,111.4,282,,,,,
56,gnb1,2026-08-19T10:31:21.048049,2464,BSR,0x46,,,,,,,,,,,,,,,0
56,gnb1,2026-08-19T10:31:21.048818,2464,PDSCH,0x46,50,4587,6,0,,,,,,,,,,,
56,gnb1,2026-08-19T10:31:21.048861,2465,PUSCH,0x46,,,,,2,8,517,4,111.4,171,,,,,
56,gnb1,2026-08-19T10:31:21.048913,2465,BSR,0x46,,,,,,,,,,,,,,,0
56,gnb1,2026-08-19T10:31:21.049320,2465,PDSCH,0x46,50,4587,6,0,,,,,,,,,,,
56,gnb1,2026-08-19T10:31:21.077586,2466,PUSCH,0x46,,,,,2,3,249,4,117.9,160,,,,,
56,gnb1,2026-08-19T10:31:21.078251,2466,PDSCH,0x46,50,4587,6,0,,,,,,,,,,,
56,gnb1,2026-08-19T10:31:21.114022,2467,PDSCH,0x46,50,4587,6,0,,,,,,,,,,,
56,gnb1,2026-08-19T10:31:21.114749,2468,PDSCH,0x46,50,4587,6,0,,,,,,,,,,,
56,gnb1,2026-08-19T10:31:21.143985,2469,PDSCH,0x46,50,4587,6,0,,,,,,,,,,,
56,gnb1,2026-08-19T10:31:21.192725,2470,PDSCH,0x46,50,4587,6,0,,,,,,,,,,,
56,gnb1,2026-08-19T10:31:21.193392,2471,PUSCH,0x46,,,,,10,3,217,4,104.5,160,,,,,
56,gnb1,2026-08-19T10:31:21.193899,2471,PDSCH,0x46,50,4587,6,0,,,,,,,,,,,
56,gnb1,2026-08-19T10:31:21.239315,2472,PUSCH,0x46,,,,,2,14,871,4,107.4,350,,,,,
56,gnb1,2026-08-19T10:31:21.239885,2472,PDSCH,0x46,50,4587,6,0,,,,,,,,,,,
56,gnb1,2026-08-19T10:31:21.240300,2473,PUSCH,0x46,,,,,2,11,749,4,108.5,232,,,,,
56,gnb1,2026-08-19T10:31:21.240766,2473,PDSCH,0x46,50,4587,6,0,,,,,,,,,,,
56,gnb1,2026-08-19T10:31:21.257012,2474,PDSCH,0x46,50,4587,6,0,,,,,,,,,,,
56,gnb1,2026-08-19T10:31:21.301087,2475,PDSCH,0x46,50,4587,6,0,,,,,,,,,,,
56,gnb1,2026-08-19T10:31:21.301973,2476,PDSCH,0x46,50,4587,6,0,,,,,,,,,,,
56,gnb1,2026-08-19T10:31:21.321211,2477,PDSCH,0x46,50,4587,6,0,,,,,,,,,,,
56,gnb1,2026-08-19T10:31:21.361757,2478,PDSCH,0x46,50,4587,6,0,,,,,,,,,,,
56,gnb1,2026-08-19T10:31:21.362667,2479,PDSCH,0x46,50,4587,6,0,,,,,,,,,,,
56,gnb1,2026-08-19T10:31:21.420668,2480,BSR,0x46,,,,,,,,,,,,,,,0
56,gnb1,2026-08-19T10:31:21.421160,2480,PDSCH,0x46,50,4587,6,0,,,,,,,,,,,
56,gnb1,2026-08-19T10:31:21.421625,2481,PUCCH_CQI,0x46,,,,,,,,,,,111.8,15,2a,,
56,gnb1,2026-08-19T10:31:21.422124,2481,PDSCH,0x46,47,4395,6,0,,,,,,,,,,,
56,gnb1,2026-08-19T10:31:21.469474,2482,PDSCH,0x46,50,4587,6,0,,,,,,,,,,,
56,gnb1,2026-08-19T10:31:21.470347,2483,PDSCH,0x46,50,4587,6,0,,,,,,,,,,,
56,gnb1,2026-08-19T10:31:21.490117,2484,PDSCH,0x46,50,4587,6,0,,,,,,,,,,,
56,gnb1,2026-08-19T10:31:21.560059,2485,PDSCH,0x46,50,4587,6,0,,,,,,,,,,,
56,gnb1,2026-08-19T10:31:21.561077,2486,PDSCH,0x46,50,4587,6,0,,,,,,,,,,,
56,gnb1,2026-08-19T10:31:21.597171,2487,PDSCH,0x46,50,4587,6,0,,,,,,,,,,,
56,gnb1,2026-08-19T10:31:21.626509,2488,PUSCH,0x46,,,,,2,8,517,4,111.4,193,,,,,
56,gnb1,2026-08-19T10:31:21.627063,2488,PDSCH,0x46,50,4587,6,0,,,,,,,,,,,
56,gnb1,2026-08-19T10:31:21.627621,2489,BSR,0x46,,,,,,,,,,,,,,,0
56,gnb1,2026-08-19T10:31:21.628090,2489,PDSCH,0x46,50,4587,6,0,,,,,,,,,,,
56,gnb1,2026-08-19T10:31:21.647019,2490,PDSCH,0x46,50,4587,6,0,,,,,,,,,,,
56,gnb1,2026-08-19T10:31:21.689917,2491,PDSCH,0x46,50,4587,6,0,,,,,,,,,,,
56,gnb1,2026-08-19T10:31:21.691096,2492,PDSCH,0x46,50,4587,6,0,,,,,,,,,,,
56,gnb1,2026-08-19T10:31:21.735263,2493,PDSCH,0x46,50,4587,6,0,,,,,,,,,,,
56,gnb1,2026-08-19T10:31:21.736439,2494,PDSCH,0x46,50,4587,6,0,,,,,,,,,,,
56,gnb1,2026-08-19T10:31:21.778949,2495,PDSCH,0x46,50,4587,6,0,,,,,,,,,,,
56,gnb1,2026-08-19T10:31:21.798807,2496,PDSCH,0x46,50,4587,6,0,,,,,,,,,,,
56,gnb1,2026-08-19T10:31:21.823341,2497,PUSCH,0x46,,,,,2,14,871,4,107.4,300,,,,,
56,gnb1,2026-08-19T10:31:21.823415,2497,BSR,0x46,,,,,,,,,,,,,,,0
56,gnb1,2026-08-19T10:31:21.824021,2497,PDSCH,0x46,50,4587,6,0,,,,,,,,,,,
56,gnb1,2026-08-19T10:31:21.824329,2498,BSR,0x46,,,,,,,,,,,,,,,0
56,gnb1,2026-08-19T10:31:21.824793,2498,PDSCH,0x46,50,4587,6,0,,,,,,,,,,,
56,gnb1,2026-08-19T10:31:21.853598,2499,PDSCH,0x46,50,4587,6,0,,,,,,,,,,,
56,gnb1,2026-08-19T10:31:21.903564,2500,PDSCH,0x46,50,4587,6,0,,,,,,,,,,,
56,gnb1,2026-08-19T10:31:21.904606,2501,PDSCH,0x46,47,4395,6,0,,,,,,,,,,,
56,gnb1,2026-08-19T10:31:21.925034,2502,PDSCH,0x46,50,4587,6,0,,,,,,,,,,,
56,gnb1,2026-08-19T10:31:21.975438,2503,PDSCH,0x46,50,4587,6,0,,,,,,,,,,,
56,gnb1,2026-08-19T10:31:21.976319,2504,PDSCH,0x46,50,4587,6,0,,,,,,,,,,,
56,gnb1,2026-08-19T10:31:22.000422,2505,PUSCH,0x46,,,,,2,14,871,4,107.4,320,,,,,
56,gnb1,2026-08-19T10:31:22.000424,2505,PHR,,,,,,,,,,,,,,,,
56,gnb1,2026-08-19T10:31:22.000512,2505,BSR,0x46,,,,,,,,,,,,,,,0
56,gnb1,2026-08-19T10:31:22.001034,2505,PDSCH,0x46,50,4587,6,0,,,,,,,,,,,
56,gnb1,2026-08-19T10:31:22.041067,2506,PUSCH,0x46,,,,,2,3,217,4,117.9,133,,,,,
56,gnb1,2026-08-19T10:31:22.041165,2506,BSR,0x46,,,,,,,,,,,,,,,0
56,gnb1,2026-08-19T10:31:22.041848,2506,PDSCH,0x46,50,4587,6,0,,,,,,,,,,,
56,gnb1,2026-08-19T10:31:22.042185,2507,BSR,0x46,,,,,,,,,,,,,,,0
56,gnb1,2026-08-19T10:31:22.042625,2507,PDSCH,0x46,50,4587,6,0,,,,,,,,,,,
56,gnb1,2026-08-19T10:31:22.063582,2508,PDSCH,0x46,50,4587,6,0,,,,,,,,,,,
56,gnb1,2026-08-19T10:31:22.109822,2509,PDSCH,0x46,50,4587,6,0,,,,,,,,,,,
56,gnb1,2026-08-19T10:31:22.143395,2510,PDSCH,0x46,50,4587,6,0,,,,,,,,,,,
56,gnb1,2026-08-19T10:31:22.144315,2511,PDSCH,0x46,50,4587,6,0,,,,,,,,,,,
56,gnb1,2026-08-19T10:31:22.166136,2512,PDSCH,0x46,50,4587,6,0,,,,,,,,,,,
56,gnb1,2026-08-19T10:31:22.222219,2513,PUSCH,0x46,,,,,2,14,871,4,107.4,434,,,,,
56,gnb1,2026-08-19T10:31:22.222338,2513,BSR,0x46,,,,,,,,,,,,,,,0
56,gnb1,2026-08-19T10:31:22.222929,2513,PDSCH,0x46,50,4587,6,0,,,,,,,,,,,
56,gnb1,2026-08-19T10:31:22.223117,2514,PUSCH,0x46,,,,,2,7,501,4,114.3,266,,,,,
56,gnb1,2026-08-19T10:31:22.223882,2514,PDSCH,0x46,50,4587,6,0,,,,,,,,,,,
56,gnb1,2026-08-19T10:31:22.251063,2515,PUSCH,0x46,,,,,2,3,233,4,118.0,221,,,,,
56,gnb1,2026-08-19T10:31:22.251941,2515,PDSCH,0x46,50,4587,6,0,,,,,,,,,,,
56,gnb1,2026-08-19T10:31:22.296462,2516,PDSCH,0x46,50,4587,6,0,,,,,,,,,,,
56,gnb1,2026-08-19T10:31:22.297655,2517,PDSCH,0x46,50,4587,6,0,,,,,,,,,,,
56,gnb1,2026-08-19T10:31:22.334019,2518,PDSCH,0x46,50,4587,6,0,,,,,,,,,,,
56,gnb1,2026-08-19T10:31:22.389656,2519,PDSCH,0x46,50,4587,6,0,,,,,,,,,,,
56,gnb1,2026-08-19T10:31:22.390481,2520,PDSCH,0x46,50,4587,6,0,,,,,,,,,,,
56,gnb1,2026-08-19T10:31:22.413662,2521,PUSCH,0x46,,,,,10,14,871,4,104.5,499,,,,,
56,gnb1,2026-08-19T10:31:22.413761,2521,BSR,0x46,,,,,,,,,,,,,,,0
56,gnb1,2026-08-19T10:31:22.414225,2521,PDSCH,0x46,47,4395,6,0,,,,,,,,,,,
56,gnb1,2026-08-19T10:31:22.463900,2522,PDSCH,0x46,50,4587,6,0,,,,,,,,,,,
56,gnb1,2026-08-19T10:31:22.464765,2523,PDSCH,0x46,50,4587,6,0,,,,,,,,,,,
56,gnb1,2026-08-19T10:31:22.491771,2524,PDSCH,0x46,50,4587,6,0,,,,,,,,,,,
56,gnb1,2026-08-19T10:31:22.522054,2525,PDSCH,0x46,50,4587,6,0,,,,,,,,,,,
56,gnb1,2026-08-19T10:31:22.566722,2526,PDSCH,0x46,50,4587,6,0,,,,,,,,,,,
56,gnb1,2026-08-19T10:31:22.567606,2527,PDSCH,0x46,50,4587,6,0,,,,,,,,,,,
56,gnb1,2026-08-19T10:31:22.599032,2528,PDSCH,0x46,50,4587,6,0,,,,,,,,,,,
56,gnb1,2026-08-19T10:31:22.670267,2529,PUSCH,0x46,,,,,2,8,517,4,111.4,379,,,,,
56,gnb1,2026-08-19T10:31:22.670813,2529,PDSCH,0x46,50,4587,6,0,,,,,,,,,,,
56,gnb1,2026-08-19T10:31:22.671106,2530,BSR,0x46,,,,,,,,,,,,,,,0
56,gnb1,2026-08-19T10:31:22.671535,2530,PDSCH,0x46,50,4587,6,0,,,,,,,,,,,
56,gnb1,2026-08-19T10:31:22.696818,2531,PDSCH,0x46,50,4587,6,0,,,,,,,,,,,
56,gnb1,2026-08-19T10:31:22.743505,2532,PDSCH,0x46,50,4587,6,0,,,,,,,,,,,
56,gnb1,2026-08-19T10:31:22.744542,2533,PDSCH,0x46,50,4587,6,0,,,,,,,,,,,
56,gnb1,2026-08-19T10:31:22.797539,2534,PDSCH,0x46,50,4587,6,0,,,,,,,,,,,
56,gnb1,2026-08-19T10:31:22.798543,2535,PDSCH,0x46,50,4587,6,0,,,,,,,,,,,
56,gnb1,2026-08-19T10:31:22.830732,2536,PDSCH,0x46,50,4587,6,0,,,,,,,,,,,
56,gnb1,2026-08-19T10:31:22.887638,2537,PDSCH,0x46,50,4587,6,0,,,,,,,,,,,
56,gnb1,2026-08-19T10:31:22.888185,2538,PUSCH,0x46,,,,,2,4,293,4,118.0,175,,,,,
56,gnb1,2026-08-19T10:31:22.888297,2538,BSR,0x46,,,,,,,,,,,,,,,0
56,gnb1,2026-08-19T10:31:22.888756,2538,PDSCH,0x46,50,4587,6,0,,,,,,,,,,,
56,gnb1,2026-08-19T10:31:22.911421,2539,BSR,0x46,,,,,,,,,,,,,,,0
56,gnb1,2026-08-19T10:31:22.911970,2539,PDSCH,0x46,50,4587,6,0,,,,,,,,,,,
56,gnb1,2026-08-19T10:31:22.947460,2540,PDSCH,0x46,50,4587,6,0,,,,,,,,,,,
56,gnb1,2026-08-19T10:31:23.005805,2541,PDSCH,0x46,47,4395,6,0,,,,,,,,,,,
56,gnb1,2026-08-19T10:31:23.006805,2542,PDSCH,0x46,50,4587,6,0,,,,,,,,,,,
56,gnb1,2026-08-19T10:31:23.054362,2543,PDSCH,0x46,50,4587,6,0,,,,,,,,,,,
56,gnb1,2026-08-19T10:31:23.055109,2544,PDSCH,0x46,50,4587,6,0,,,,,,,,,,,
56,gnb1,2026-08-19T10:31:23.082948,2545,PDSCH,0x46,50,4587,6,0,,,,,,,,,,,
56,gnb1,2026-08-19T10:31:23.150658,2546,PUSCH,0x46,,,,,2,4,293,4,117.9,247,,,,,
56,gnb1,2026-08-19T10:31:23.150830,2546,BSR,0x46,,,,,,,,,,,,,,,0
56,gnb1,2026-08-19T10:31:23.151491,2546,PDSCH,0x46,50,4587,6,0,,,,,,,,,,,
56,gnb1,2026-08-19T10:31:23.151578,2547,PUSCH,0x46,,,,,2,3,249,4,117.9,110,,,,,
56,gnb1,2026-08-19T10:31:23.151651,2547,BSR,0x46,,,,,,,,,,,,,,,0
56,gnb1,2026-08-19T10:31:23.151918,2547,PDSCH,0x46,15,1143,6,0,,,,,,,,,,,
56,gnb1,2026-08-19T10:31:23.184988,2548,BSR,0x46,,,,,,,,,,,,,,,0
56,gnb1,2026-08-19T10:31:23.185530,2548,PDSCH,0x46,50,4587,6,0,,,,,,,,,,,
56,gnb1,2026-08-19T10:31:23.261046,2549,PDSCH,0x46,50,4587,6,0,,,,,,,,,,,
56,gnb1,2026-08-19T10:31:23.261883,2550,PDSCH,0x46,50,4587,6,0,,,,,,,,,,,
56,gnb1,2026-08-19T10:31:23.285623,2551,PDSCH,0x46,50,4587,6,0,,,,,,,,,,,
56,gnb1,2026-08-19T10:31:23.405388,2554,PUSCH,0x46,,,,,2,4,293,4,117.9,163,,,,,
56,gnb1,2026-08-19T10:31:23.405469,2554,BSR,0x46,,,,,,,,,,,,,,,0
56,gnb1,2026-08-19T10:31:23.431075,2555,PHR,,,,,,,,,,,,,,,,
56,gnb1,2026-08-19T10:31:23.431076,2555,PUSCH,0x46,,,,,2,8,517,4,111.4,270,,,,,
56,gnb1,2026-08-19T10:31:23.431186,2555,BSR,0x46,,,,,,,,,,,,,,,0
56,gnb1,2026-08-19T10:31:23.431736,2555,PDSCH,0x46,50,4587,6,0,,,,,,,,,,,
56,gnb1,2026-08-19T10:31:23.432119,2556,PUSCH,0x46,,,,,2,3,249,4,118.0,144,,,,,
56,gnb1,2026-08-19T10:31:23.432189,2556,BSR,0x46,,,,,,,,,,,,,,,0
56,gnb1,2026-08-19T10:31:23.432804,2556,PDSCH,0x46,50,3963,6,0,,,,,,,,,,,
56,gnb1,2026-08-19T10:31:23.453188,2557,BSR,0x46,,,,,,,,,,,,,,,0
56,gnb1,2026-08-19T10:31:23.453714,2557,PDSCH,0x46,50,4587,6,0,,,,,,,,,,,
56,gnb1,2026-08-19T10:31:23.496160,2558,PDSCH,0x46,50,4587,6,0,,,,,,,,,,,
56,gnb1,2026-08-19T10:31:23.497340,2559,PDSCH,0x46,50,4587,6,0,,,,,,,,,,,
56,gnb1,2026-08-19T10:31:23.529684,2560,PDSCH,0x46,50,4587,6,0,,,,,,,,,,,
56,gnb1,2026-08-19T10:31:23.568709,2561,PUCCH_CQI,0x46,,,,,,,,,,,111.8,15,2,,
56,gnb1,2026-08-19T10:31:23.569532,2561,PDSCH,0x46,47,4395,6,0,,,,,,,,,,,
56,gnb1,2026-08-19T10:31:23.569841,2562,PUSCH,0x46,,,,,2,4,293,4,117.9,118,,,,,
56,gnb1,2026-08-19T10:31:23.569906,2562,BSR,0x46,,,,,,,,,,,,,,,0
56,gnb1,2026-08-19T10:31:23.570413,2562,PDSCH,0x46,50,4587,6,0,,,,,,,,,,,
56,gnb1,2026-08-19T10:31:23.607958,2563,PUSCH,0x46,,,,,2,15,1063,4,107.2,477,,,,,
56,gnb1,2026-08-19T10:31:23.608054,2563,BSR,0x46,,,,,,,,,,,,,,,75
56,gnb1,2026-08-19T10:31:23.608720,2563,PDSCH,0x46,50,4587,6,0,,,,,,,,,,,
56,gnb1,2026-08-19T10:31:23.651498,2564,PUSCH,0x46,,,,,2,7,469,4,114.3,183,,,,,
56,gnb1,2026-08-19T10:31:23.651593,2564,BSR,0x46,,,,,,,,,,,,,,,0
56,gnb1,2026-08-19T10:31:23.652121,2564,PDSCH,0x46,50,4587,6,0,,,,,,,,,,,
56,gnb1,2026-08-19T10:31:23.652495,2565,PUSCH,0x46,,,,,2,3,249,4,117.9,114,,,,,
56,gnb1,2026-08-19T10:31:23.653219,2565,PDSCH,0x46,47,4395,6,0,,,,,,,,,,,
56,gnb1,2026-08-19T10:31:23.686110,2566,PDSCH,0x46,50,4587,6,0,,,,,,,,,,,
56,gnb1,2026-08-19T10:31:23.757656,2567,PDSCH,0x46,50,4587,6,0,,,,,,,,,,,
56,gnb1,2026-08-19T10:31:23.758482,2568,PDSCH,0x46,50,4587,6,0,,,,,,,,,,,
56,gnb1,2026-08-19T10:31:23.787471,2569,PDSCH,0x46,50,4587,6,0,,,,,,,,,,,
56,gnb1,2026-08-19T10:31:23.856396,2570,PUSCH,0x46,,,,,2,4,293,4,117.9,128,,,,,
56,gnb1,2026-08-19T10:31:23.856902,2570,PDSCH,0x46,50,4587,6,0,,,,,,,,,,,
56,gnb1,2026-08-19T10:31:23.890145,2571,PUSCH,0x46,,,,,10,19,1239,4,105.8,465,,,,,
56,gnb1,2026-08-19T10:31:23.890717,2571,PDSCH,0x46,50,4587,6,0,,,,,,,,,,,
56,gnb1,2026-08-19T10:31:23.891085,2572,PUSCH,0x46,,,,,2,14,807,4,107.4,308,,,,,
56,gnb1,2026-08-19T10:31:23.891735,2572,PDSCH,0x46,50,4587,6,0,,,,,,,,,,,
56,gnb1,2026-08-19T10:31:23.920370,2573,PDSCH,0x46,50,4587,6,0,,,,,,,,,,,
56,gnb1,2026-08-19T10:31:23.968907,2574,PDSCH,0x46,50,4587,6,0,,,,,,,,,,,
56,gnb1,2026-08-19T10:31:24.004835,2575,PDSCH,0x46,47,4395,6,0,,,,,,,,,,,
56,gnb1,2026-08-19T10:31:24.005756,2576,PDSCH,0x46,50,4587,6,0,,,,,,,,,,,
56,gnb1,2026-08-19T10:31:24.078062,2577,PDSCH,0x46,50,4587,6,0,,,,,,,,,,,
56,gnb1,2026-08-19T10:31:24.108570,2578,PDSCH,0x46,50,4587,6,0,,,,,,,,,,,
56,gnb1,2026-08-19T10:31:24.109433,2579,PDSCH,0x46,50,4587,6,0,,,,,,,,,,,
56,gnb1,2026-08-19T10:31:24.173761,2580,BSR,0x46,,,,,,,,,,,,,,,0
56,gnb1,2026-08-19T10:31:24.174278,2580,PDSCH,0x46,50,4587,6,0,,,,,,,,,,,
56,gnb1,2026-08-19T10:31:24.175213,2581,PDSCH,0x46,47,4395,6,0,,,,,,,,,,,
56,gnb1,2026-08-19T10:31:24.240980,2582,PDSCH,0x46,36,2769,6,0,,,,,,,,,,,
56,gnb1,2026-08-19T10:31:24.403853,2588,PUSCH,0x46,,,,,2,8,517,4,111.4,183,,,,,
56,gnb1,2026-08-19T10:31:24.433040,2589,BSR,0x46,,,,,,,,,,,,,,,0
56,gnb1,2026-08-19T10:31:24.433662,2589,PDSCH,0x46,50,4587,6,0,,,,,,,,,,,
56,gnb1,2026-08-19T10:31:24.434578,2590,PDSCH,0x46,50,4587,6,0,,,,,,,,,,,
56,gnb1,2026-08-19T10:31:24.457199,2591,PDSCH,0x46,50,4587,6,0,,,,,,,,,,,
56,gnb1,2026-08-19T10:31:24.516820,2592,PDSCH,0x46,50,4587,6,0,,,,,,,,,,,
56,gnb1,2026-08-19T10:31:24.549805,2593,PDSCH,0x46,50,4587,6,0,,,,,,,,,,,
56,gnb1,2026-08-19T10:31:24.565347,2594,PDSCH,0x46,50,4587,6,0,,,,,,,,,,,
56,gnb1,2026-08-19T10:31:24.593065,2595,PDSCH,0x46,50,4587,6,0,,,,,,,,,,,
56,gnb1,2026-08-19T10:31:24.626469,2596,PDSCH,0x46,50,4587,6,0,,,,,,,,,,,
56,gnb1,2026-08-19T10:31:24.650233,2597,PUSCH,0x46,,,,,2,39,2673,4,108.6,842,,,,,
56,gnb1,2026-08-19T10:31:24.650314,2597,BSR,0x46,,,,,,,,,,,,,,,0
56,gnb1,2026-08-19T10:31:24.650747,2597,PDSCH,0x46,36,2769,6,0,,,,,,,,,,,
56,gnb1,2026-08-19T10:31:24.682276,2599,PDSCH,0x46,50,4587,6,0,,,,,,,,,,,
56,gnb1,2026-08-19T10:31:24.727315,2600,PDSCH,0x46,50,4587,6,0,,,,,,,,,,,
56,gnb1,2026-08-19T10:31:24.727866,2601,PUCCH_CQI,0x46,,,,,,,,,,,111.8,15,2a,,
56,gnb1,2026-08-19T10:31:24.728346,2601,PDSCH,0x46,47,4395,6,0,,,,,,,,,,,
56,gnb1,2026-08-19T10:31:24.799742,2602,PDSCH,0x46,50,4587,6,0,,,,,,,,,,,
56,gnb1,2026-08-19T10:31:24.800723,2603,PDSCH,0x46,50,4587,6,0,,,,,,,,,,,
56,gnb1,2026-08-19T10:31:24.871415,2604,PDSCH,0x46,50,4587,6,0,,,,,,,,,,,
56,gnb1,2026-08-19T10:31:24.890883,2605,PUSCH,0x46,,,,,2,39,2673,4,108.5,979,,,,,
56,gnb1,2026-08-19T10:31:24.890945,2605,PHR,,,,,,,,,,,,,,,,
56,gnb1,2026-08-19T10:31:24.890947,2605,BSR,0x46,,,,,,,,,,,,,,,0
56,gnb1,2026-08-19T10:31:24.891330,2606,PDSCH,0x46,50,4587,6,0,,,,,,,,,,,
56,gnb1,2026-08-19T10:31:24.891553,2605,PDSCH,0x46,50,4587,6,0,,,,,,,,,,,
56,gnb1,2026-08-19T10:31:24.892390,2607,PDSCH,0x46,50,4587,6,0,,,,,,,,,,,
56,gnb1,2026-08-19T10:31:24.968483,2608,PDSCH,0x46,50,4587,6,0,,,,,,,,,,,
56,gnb1,2026-08-19T10:31:24.969229,2609,PDSCH,0x46,50,4587,6,0,,,,,,,,,,,
56,gnb1,2026-08-19T10:31:25.021535,2610,PDSCH,0x46,50,4587,6,0,,,,,,,,,,,
56,gnb1,2026-08-19T10:31:25.022635,2611,PDSCH,0x46,50,4587,6,0,,,,,,,,,,,
56,gnb1,2026-08-19T10:31:25.078400,2612,PDSCH,0x46,50,4587,6,0,,,,,,,,,,,
56,gnb1,2026-08-19T10:31:25.094791,2613,PUSCH,0x46,,,,,2,8,517,4,111.4,209,,,,,
56,gnb1,2026-08-19T10:31:25.095319,2613,PDSCH,0x46,50,4587,6,0,,,,,,,,,,,
56,gnb1,2026-08-19T10:31:25.095705,2614,BSR,0x46,,,,,,,,,,,,,,,0
56,gnb1,2026-08-19T10:31:25.096110,2614,PDSCH,0x46,50,4587,6,0,,,,,,,,,,,
56,gnb1,2026-08-19T10:31:25.124949,2615,PDSCH,0x46,50,4587,6,0,,,,,,,,,,,
56,gnb1,2026-08-19T10:31:25.171415,2616,PDSCH,0x46,50,4587,6,0,,,,,,,,,,,
56,gnb1,2026-08-19T10:31:25.172329,2617,PDSCH,0x46,50,4587,6,0,,,,,,,,,,,
56,gnb1,2026-08-19T10:31:25.230203,2618,PDSCH,0x46,50,4587,6,0,,,,,,,,,,,
56,gnb1,2026-08-19T10:31:25.231273,2619,PDSCH,0x46,50,4587,6,0,,,,,,,,,,,
56,gnb1,2026-08-19T10:31:25.277144,2620,PDSCH,0x46,50,4587,6,0,,,,,,,,,,,
56,gnb1,2026-08-19T10:31:25.299865,2621,PDSCH,0x46,47,4395,6,0,,,,,,,,,,,
56,gnb1,2026-08-19T10:31:25.300214,2622,PUSCH,0x46,,,,,2,2,185,4,118.0,127,,,,,
56,gnb1,2026-08-19T10:31:25.300270,2622,BSR,0x46,,,,,,,,,,,,,,,0
56,gnb1,2026-08-19T10:31:25.300717,2622,PDSCH,0x46,50,4587,6,0,,,,,,,,,,,
56,gnb1,2026-08-19T10:31:25.336274,2623,BSR,0x46,,,,,,,,,,,,,,,0
56,gnb1,2026-08-19T10:31:25.336896,2623,PDSCH,0x46,50,4587,6,0,,,,,,,,,,,
56,gnb1,2026-08-19T10:31:25.390758,2624,PDSCH,0x46,50,4587,6,0,,,,,,,,,,,
56,gnb1,2026-08-19T10:31:25.391396,2625,PDSCH,0x46,50,4587,6,0,,,,,,,,,,,
56,gnb1,2026-08-19T10:31:25.419028,2626,PDSCH,0x46,50,4587,6,0,,,,,,,,,,,
56,gnb1,2026-08-19T10:31:25.559576,2630,PUSCH,0x46,,,,,2,2,185,4,118.0,85,,,,,
56,gnb1,2026-08-19T10:31:25.559633,2630,BSR,0x46,,,,,,,,,,,,,,,0
56,gnb1,2026-08-19T10:31:25.581181,2631,PUSCH,0x46,,,,,10,26,1692,4,107.1,606,,,,,
56,gnb1,2026-08-19T10:31:25.581268,2631,BSR,0x46,,,,,,,,,,,,,,,420
56,gnb1,2026-08-19T10:31:25.581739,2632,BSR,0x46,,,,,,,,,,,,,,,0
56,gnb1,2026-08-19T10:31:25.735584,2638,PUSCH,0x46,,,,,2,2,133,4,118.0,102,,,,,
56,gnb1,2026-08-19T10:31:25.735642,2638,BSR,0x46,,,,,,,,,,,,,,,0
56,gnb1,2026-08-19T10:31:25.754496,2639,PUSCH,0x46,,,,,2,44,2865,4,109.0,901,,,,,
56,gnb1,2026-08-19T10:31:25.754569,2639,BSR,0x46,,,,,,,,,,,,,,,247
56,gnb1,2026-08-19T10:31:25.754832,2640,PUSCH,0x46,,,,,2,7,437,4,114.2,174,,,,,
56,gnb1,2026-08-19T10:31:25.754886,2640,BSR,0x46,,,,,,,,,,,,,,,0
56,gnb1,2026-08-19T10:31:25.755047,2639,PDSCH,0x46,50,4587,6,0,,,,,,,,,,,
56,gnb1,2026-08-19T10:31:25.775395,2641,PUCCH_CQI,0x46,,,,,,,,,,,111.8,15,2,,
56,gnb1,2026-08-19T10:31:25.775505,2641,BSR,0x46,,,,,,,,,,,,,,,0
56,gnb1,2026-08-19T10:31:25.775979,2641,PDSCH,0x46,47,4395,6,0,,,,,,,,,,,
56,gnb1,2026-08-19T10:31:25.817132,2642,PDSCH,0x46,50,4587,6,0,,,,,,,,,,,
56,gnb1,2026-08-19T10:31:25.836514,2643,PDSCH,0x46,50,4587,6,0,,,,,,,,,,,
56,gnb1,2026-08-19T10:31:25.837405,2644,PDSCH,0x46,50,4587,6,0,,,,,,,,,,,
56,gnb1,2026-08-19T10:31:25.876178,2645,PDSCH,0x46,50,4587,6,0,,,,,,,,,,,
56,gnb1,2026-08-19T10:31:25.898805,2646,PUSCH,0x46,,,,,2,1,125,4,118.0,144,,,,,
56,gnb1,2026-08-19T10:31:25.898894,2646,BSR,0x46,,,,,,,,,,,,,,,0
56,gnb1,2026-08-19T10:31:25.899489,2646,PDSCH,0x46,50,4587,6,0,,,,,,,,,,,
56,gnb1,2026-08-19T10:31:25.900558,2647,PUSCH,0x46,,,,,2,44,2865,4,109.0,770,,,,,
56,gnb1,2026-08-19T10:31:25.900627,2647,BSR,0x46,,,,,,,,,,,,,,,254
56,gnb1,2026-08-19T10:31:25.901134,2647,PDSCH,0x46,50,4587,6,0,,,,,,,,,,,
56,gnb1,2026-08-19T10:31:25.917241,2648,PUSCH,0x46,,,,,2,11,693,4,108.5,301,,,,,
56,gnb1,2026-08-19T10:31:25.917772,2648,PDSCH,0x46,50,4587,6,0,,,,,,,,,,,
56,gnb1,2026-08-19T10:31:25.960787,2649,PUSCH,0x46,,,,,2,8,517,4,111.4,217,,,,,
56,gnb1,2026-08-19T10:31:25.961382,2649,PDSCH,0x46,50,4587,6,0,,,,,,,,,,,
56,gnb1,2026-08-19T10:31:25.962274,2650,PDSCH,0x46,50,4587,6,0,,,,,,,,,,,
56,gnb1,2026-08-19T10:31:25.990957,2651,PDSCH,0x46,50,4587,6,0,,,,,,,,,,,
56,gnb1,2026-08-19T10:31:26.043376,2652,PDSCH,0x46,50,4587,6,0,,,,,,,,,,,
56,gnb1,2026-08-19T10:31:26.045071,2653,PDSCH,0x46,50,4587,6,0,,,,,,,,,,,
56,gnb1,2026-08-19T10:31:26.086172,2654,PUSCH,0x46,,,,,2,1,113,4,117.9,131,,,,,
56,gnb1,2026-08-19T10:31:26.086702,2654,PDSCH,0x46,50,4587,6,0,,,,,,,,,,,
56,gnb1,2026-08-19T10:31:26.115889,2655,PUSCH,0x46,,,,,2,44,2865,4,109.0,824,,,,,
56,gnb1,2026-08-19T10:31:26.115922,2655,PHR,,,,,,,,,,,,,,,,
56,gnb1,2026-08-19T10:31:26.115981,2655,BSR,0x46,,,,,,,,,,,,,,,0
56,gnb1,2026-08-19T10:31:26.116407,2655,PDSCH,0x46,50,4587,6,0,,,,,,,,,,,
56,gnb1,2026-08-19T10:31:26.116846,2656,PDSCH,0x46,50,4587,6,0,,,,,,,,,,,
56,gnb1,2026-08-19T10:31:26.144924,2657,PDSCH,0x46,50,4587,6,0,,,,,,,,,,,
56,gnb1,2026-08-19T10:31:26.191609,2658,PDSCH,0x46,50,4587,6,0,,,,,,,,,,,
56,gnb1,2026-08-19T10:31:26.192551,2659,PDSCH,0x46,50,4587,6,0,,,,,,,,,,,
56,gnb1,2026-08-19T10:31:26.214535,2660,PDSCH,0x46,50,4587,6,0,,,,,,,,,,,
56,gnb1,2026-08-19T10:31:26.267143,2661,PDSCH,0x46,47,4395,6,0,,,,,,,,,,,
56,gnb1,2026-08-19T10:31:26.291221,2662,PDSCH,0x46,50,4587,6,0,,,,,,,,,,,
56,gnb1,2026-08-19T10:31:26.291874,2663,PUSCH,0x46,,,,,2,14,871,4,107.4,275,,,,,
56,gnb1,2026-08-19T10:31:26.291932,2663,BSR,0x46,,,,,,,,,,,,,,,0
56,gnb1,2026-08-19T10:31:26.292315,2663,PDSCH,0x46,50,4587,6,0,,,,,,,,,,,
56,gnb1,2026-08-19T10:31:26.309298,2664,BSR,0x46,,,,,,,,,,,,,,,0
56,gnb1,2026-08-19T10:31:26.309801,2664,PDSCH,0x46,50,4587,6,0,,,,,,,,,,,
56,gnb1,2026-08-19T10:31:26.357014,2665,PDSCH,0x46,50,4587,6,0,,,,,,,,,,,
56,gnb1,2026-08-19T10:31:26.357863,2666,PDSCH,0x46,50,4587,6,0,,,,,,,,,,,
56,gnb1,2026-08-19T10:31:26.413672,2667,PDSCH,0x46,50,4587,6,0,,,,,,,,,,,
56,gnb1,2026-08-19T10:31:26.430719,2668,PDSCH,0x46,50,4587,6,0,,,,,,,,,,,
56,gnb1,2026-08-19T10:31:26.460657,2669,PDSCH,0x46,50,4587,6,0,,,,,,,,,,,
56,gnb1,2026-08-19T10:31:26.489869,2670,PDSCH,0x46,30,2292,6,0,,,,,,,,,,,
56,gnb1,2026-08-19T10:31:26.503318,2671,PUSCH,0x46,,,,,10,8,517,4,104.5,247,,,,,
56,gnb1,2026-08-19T10:31:26.503383,2671,BSR,0x46,,,,,,,,,,,,,,,0
56,gnb1,2026-08-19T10:31:26.535625,2672,PUSCH,0x46,,,,,2,1,97,4,118.0,116,,,,,
56,gnb1,2026-08-19T10:31:26.535739,2672,BSR,0x46,,,,,,,,,,,,,,,0
56,gnb1,2026-08-19T10:31:26.536131,2672,PDSCH,0x46,50,4587,6,0,,,,,,,,,,,
56,gnb1,2026-08-19T10:31:26.536741,2673,BSR,0x46,,,,,,,,,,,,,,,0
56,gnb1,2026-08-19T10:31:26.537232,2673,PDSCH,0x46,50,4587,6,0,,,,,,,,,,,
56,gnb1,2026-08-19T10:31:26.604850,2674,PDSCH,0x46,50,4587,6,0,,,,,,,,,,,
56,gnb1,2026-08-19T10:31:26.605661,2675,PDSCH,0x46,42,3182,6,0,,,,,,,,,,,
56,gnb1,2026-08-19T10:31:26.714813,2679,PUSCH,0x46,,,,,2,8,517,4,111.4,178,,,,,
56,gnb1,2026-08-19T10:31:26.714876,2679,BSR,0x46,,,,,,,,,,,,,,,0
56,gnb1,2026-08-19T10:31:26.741213,2680,PUSCH,0x46,,,,,2,5,349,4,118.0,209,,,,,
56,gnb1,2026-08-19T10:31:26.741327,2680,BSR,0x46,,,,,,,,,,,,,,,0
56,gnb1,2026-08-19T10:31:26.742004,2680,PDSCH,0x46,50,4587,6,0,,,,,,,,,,,
56,gnb1,2026-08-19T10:31:26.742325,2681,PUSCH,0x46,,,,,10,4,269,4,104.5,216,,,,,
56,gnb1,2026-08-19T10:31:26.742397,2681,BSR,0x46,,,,,,,,,,,,,,,0
56,gnb1,2026-08-19T10:31:26.742934,2681,PDSCH,0x46,47,4395,6,0,,,,,,,,,,,
56,gnb1,2026-08-19T10:31:26.767154,2682,BSR,0x46,,,,,,,,,,,,,,,0
56,gnb1,2026-08-19T10:31:26.767655,2682,PDSCH,0x46,50,4587,6,0,,,,,,,,,,,
56,gnb1,2026-08-19T10:31:26.807942,2683,PDSCH,0x46,24,1908,6,0,,,,,,,,,,,
56,gnb1,2026-08-19T10:31:26.920458,2687,PUSCH,0x46,,,,,2,8,517,4,111.4,222,,,,,
56,gnb1,2026-08-19T10:31:26.920521,2687,BSR,0x46,,,,,,,,,,,,,,,0
56,gnb1,2026-08-19T10:31:26.952744,2688,PUSCH,0x46,,,,,2,8,597,4,111.4,286,,,,,
56,gnb1,2026-08-19T10:31:26.952912,2688,BSR,0x46,,,,,,,,,,,,,,,0
56,gnb1,2026-08-19T10:31:26.953452,2688,PDSCH,0x46,50,4587,6,0,,,,,,,,,,,
56,gnb1,2026-08-19T10:31:26.953660,2689,PUSCH,0x46,,,,,2,8,573,4,111.4,225,,,,,
56,gnb1,2026-08-19T10:31:26.953720,2689,BSR,0x46,,,,,,,,,,,,,,,0
56,gnb1,2026-08-19T10:31:26.954150,2689,PDSCH,0x46,33,2481,6,0,,,,,,,,,,,
56,gnb1,2026-08-19T10:31:26.973512,2690,PUSCH,0x46,,,,,2,29,1764,4,107.4,541,,,,,
56,gnb1,2026-08-19T10:31:26.973580,2690,BSR,0x46,,,,,,,,,,,,,,,0
56,gnb1,2026-08-19T10:31:26.973990,2690,PDSCH,0x46,50,4587,6,0,,,,,,,,,,,
56,gnb1,2026-08-19T10:31:27.018884,2691,BSR,0x46,,,,,,,,,,,,,,,0
56,gnb1,2026-08-19T10:31:27.019463,2691,PDSCH,0x46,50,4587,6,0,,,,,,,,,,,
56,gnb1,2026-08-19T10:31:27.020181,2692,PDSCH,0x46,50,4587,6,0,,,,,,,,,,,
56,gnb1,2026-08-19T10:31:27.047632,2693,PDSCH,0x46,50,4587,6,0,,,,,,,,,,,
56,gnb1,2026-08-19T10:31:27.117949,2694,PDSCH,0x46,50,4587,6,0,,,,,,,,,,,
56,gnb1,2026-08-19T10:31:27.118602,2695,PUSCH,0x46,,,,,2,7,501,4,114.2,204,,,,,
56,gnb1,2026-08-19T10:31:27.118669,2695,BSR,0x46,,,,,,,,,,,,,,,0
56,gnb1,2026-08-19T10:31:27.119129,2695,PDSCH,0x46,50,4587,6,0,,,,,,,,,,,
56,gnb1,2026-08-19T10:31:27.164112,2696,PUSCH,0x46,,,,,2,14,871,4,107.4,299,,,,,
56,gnb1,2026-08-19T10:31:27.164222,2696,BSR,0x46,,,,,,,,,,,,,,,0
56,gnb1,2026-08-19T10:31:27.164935,2696,PDSCH,0x46,50,4587,6,0,,,,,,,,,,,
56,gnb1,2026-08-19T10:31:27.165234,2697,PUSCH,0x46,,,,,2,14,807,4,107.4,343,,,,,
56,gnb1,2026-08-19T10:31:27.165307,2697,BSR,0x46,,,,,,,,,,,,,,,0
56,gnb1,2026-08-19T10:31:27.165831,2697,PDSCH,0x46,50,4587,6,0,,,,,,,,,,,
56,gnb1,2026-08-19T10:31:27.194666,2698,PUSCH,0x46,,,,,2,31,2124,4,107.6,709,,,,,
56,gnb1,2026-08-19T10:31:27.195271,2698,PDSCH,0x46,50,4587,6,0,,,,,,,,,,,
56,gnb1,2026-08-19T10:31:27.251837,2699,PUSCH,0x46,,,,,2,2,145,4,117.9,160,,,,,
56,gnb1,2026-08-19T10:31:27.252385,2699,PDSCH,0x46,50,4587,6,0,,,,,,,,,,,
56,gnb1,2026-08-19T10:31:27.253307,2700,PDSCH,0x46,50,4587,6,0,,,,,,,,,,,
56,gnb1,2026-08-19T10:31:27.277303,2701,PDSCH,0x46,47,4395,6,0,,,,,,,,,,,
56,gnb1,2026-08-19T10:31:27.326700,2702,PDSCH,0x46,50,4587,6,0,,,,,,,,,,,
56,gnb1,2026-08-19T10:31:27.360644,2703,PUSCH,0x46,,,,,2,7,501,4,114.2,247,,,,,
56,gnb1,2026-08-19T10:31:27.361321,2703,PDSCH,0x46,50,4587,6,0,,,,,,,,,,,
56,gnb1,2026-08-19T10:31:27.361836,2704,PUSCH,0x46,,,,,2,17,1143,4,106.8,317,,,,,
56,gnb1,2026-08-19T10:31:27.362197,2704,PDSCH,0x46,9,645,6,0,,,,,,,,,,,
56,gnb1,2026-08-19T10:31:27.391375,2705,PUSCH,0x46,,,,,2,15,1063,4,107.2,413,,,,,
56,gnb1,2026-08-19T10:31:27.391453,2705,BSR,0x46,,,,,,,,,,,,,,,0
56,gnb1,2026-08-19T10:31:27.391459,2705,PHR,,,,,,,,,,,,,,,,
56,gnb1,2026-08-19T10:31:27.391915,2705,PDSCH,0x46,50,4587,6,0,,,,,,,,,,,
56,gnb1,2026-08-19T10:31:27.415080,2706,PDSCH,0x46,50,4587,6,0,,,,,,,,,,,
56,gnb1,2026-08-19T10:31:27.456484,2707,PDSCH,0x46,50,4587,6,0,,,,,,,,,,,
56,gnb1,2026-08-19T10:31:27.471987,2708,PDSCH,0x46,50,4587,6,0,,,,,,,,,,,
56,gnb1,2026-08-19T10:31:27.499707,2709,PDSCH,0x46,50,4587,6,0,,,,,,,,,,,
56,gnb1,2026-08-19T10:31:27.500755,2710,PDSCH,0x46,50,4587,6,0,,,,,,,,,,,
56,gnb1,2026-08-19T10:31:27.547252,2711,PDSCH,0x46,9,597,6,0,,,,,,,,,,,
56,gnb1,2026-08-19T10:31:27.593140,2713,PUSCH,0x46,,,,,2,8,517,4,111.4,182,,,,,
56,gnb1,2026-08-19T10:31:27.609681,2714,BSR,0x46,,,,,,,,,,,,,,,0
56,gnb1,2026-08-19T10:31:27.610271,2714,PDSCH,0x46,50,4587,6,0,,,,,,,,,,,
56,gnb1,2026-08-19T10:31:27.610907,2715,PDSCH,0x46,15,1063,6,0,,,,,,,,,,,
56,gnb1,2026-08-19T10:31:27.813103,2721,PUCCH_CQI,0x46,,,,,,,,,,,111.8,15,2,,
56,gnb1,2026-08-19T10:31:27.837080,2722,PUSCH,0x46,,,,,2,24,1572,4,106.6,503,,,,,
56,gnb1,2026-08-19T10:31:27.837148,2722,BSR,0x46,,,,,,,,,,,,,,,0
56,gnb1,2026-08-19T10:31:27.837743,2723,BSR,0x46,,,,,,,,,,,,,,,0
56,gnb1,2026-08-19T10:31:27.906575,2724,PDSCH,0x46,50,4587,6,0,,,,,,,,,,,
56,gnb1,2026-08-19T10:31:27.907520,2725,PDSCH,0x46,47,4395,6,0,,,,,,,,,,,
56,gnb1,2026-08-19T10:31:27.939509,2726,PDSCH,0x46,50,4587,6,0,,,,,,,,,,,
56,gnb1,2026-08-19T10:31:27.987222,2727,PDSCH,0x46,50,4587,6,0,,,,,,,,,,,
56,gnb1,2026-08-19T10:31:28.014767,2728,PDSCH,0x46,21,1527,6,0,,,,,,,,,,,
56,gnb1,2026-08-19T10:31:28.068661,2730,PUSCH,0x46,,,,,2,24,1572,4,106.6,655,,,,,
56,gnb1,2026-08-19T10:31:28.068724,2730,BSR,0x46,,,,,,,,,,,,,,,0
56,gnb1,2026-08-19T10:31:28.069152,2731,PUSCH,0x46,,,,,10,3,249,4,104.5,133,,,,,
56,gnb1,2026-08-19T10:31:28.069227,2731,BSR,0x46,,,,,,,,,,,,,,,0
56,gnb1,2026-08-19T10:31:28.093887,2732,PDSCH,0x46,50,4587,6,0,,,,,,,,,,,
56,gnb1,2026-08-19T10:31:28.156174,2733,PDSCH,0x46,50,4587,6,0,,,,,,,,,,,
56,gnb1,2026-08-19T10:31:28.157096,2734,PDSCH,0x46,50,4587,6,0,,,,,,,,,,,
56,gnb1,2026-08-19T10:31:28.193832,2735,PDSCH,0x46,47,4395,6,0,,,,,,,,,,,
56,gnb1,2026-08-19T10:31:28.249201,2736,PDSCH,0x46,50,4587,6,0,,,,,,,,,,,
56,gnb1,2026-08-19T10:31:28.249866,2737,PDSCH,0x46,50,4587,6,0,,,,,,,,,,,
56,gnb1,2026-08-19T10:31:28.267832,2738,PUSCH,0x46,,,,,2,24,1572,4,106.6,545,,,,,
56,gnb1,2026-08-19T10:31:28.268336,2738,PDSCH,0x46,30,2292,6,0,,,,,,,,,,,
56,gnb1,2026-08-19T10:31:28.309495,2739,PUSCH,0x46,,,,,2,3,249,4,117.9,117,,,,,
56,gnb1,2026-08-19T10:31:28.310038,2739,PDSCH,0x46,50,4587,6,0,,,,,,,,,,,
56,gnb1,2026-08-19T10:31:28.310589,2740,BSR,0x46,,,,,,,,,,,,,,,0
56,gnb1,2026-08-19T10:31:28.311145,2740,PDSCH,0x46,50,4587,6,0,,,,,,,,,,,
56,gnb1,2026-08-19T10:31:28.355395,2741,PDSCH,0x46,47,4395,6,0,,,,,,,,,,,
56,gnb1,2026-08-19T10:31:28.356339,2742,PDSCH,0x46,50,4587,6,0,,,,,,,,,,,
56,gnb1,2026-08-19T10:31:28.371668,2743,PDSCH,0x46,21,1527,6,0,,,,,,,,,,,
56,gnb1,2026-08-19T10:31:28.495714,2748,PUSCH,0x46,,,,,2,8,517,4,111.4,188,,,,,
56,gnb1,2026-08-19T10:31:28.518105,2749,BSR,0x46,,,,,,,,,,,,,,,0
56,gnb1,2026-08-19T10:31:28.518582,2749,PDSCH,0x46,50,4587,6,0,,,,,,,,,,,
56,gnb1,2026-08-19T10:31:28.541073,2750,PDSCH,0x46,50,4587,6,0,,,,,,,,,,,
56,gnb1,2026-08-19T10:31:28.541774,2751,PDSCH,0x46,12,693,6,0,,,,,,,,,,,
56,gnb1,2026-08-19T10:31:28.699503,2757,PUSCH,0x46,,,,,2,14,999,4,107.4,485,,,,,
56,gnb1,2026-08-19T10:31:28.699577,2757,PHR,,,,,,,,,,,,,,,,
56,gnb1,2026-08-19T10:31:28.699606,2757,BSR,0x46,,,,,,,,,,,,,,,0
56,gnb1,2026-08-19T10:31:28.724364,2759,BSR,0x46,,,,,,,,,,,,,,,0
56,gnb1,2026-08-19T10:31:28.724946,2759,PDSCH,0x46,50,4587,6,0,,,,,,,,,,,
56,gnb1,2026-08-19T10:31:28.767137,2760,PDSCH,0x46,50,4587,6,0,,,,,,,,,,,
56,gnb1,2026-08-19T10:31:28.782652,2761,PUCCH_CQI,0x46,,,,,,,,,,,111.8,15,2,,
56,gnb1,2026-08-19T10:31:28.783276,2761,PDSCH,0x46,47,4395,6,0,,,,,,,,,,,
56,gnb1,2026-08-19T10:31:28.784099,2762,PDSCH,0x46,50,4587,6,0,,,,,,,,,,,
56,gnb1,2026-08-19T10:31:28.827224,2763,PDSCH,0x46,50,4587,6,0,,,,,,,,,,,
56,gnb1,2026-08-19T10:31:28.855251,2764,PDSCH,0x46,15,1191,6,0,,,,,,,,,,,
56,gnb1,2026-08-19T10:31:28.877521,2765,PUSCH,0x46,,,,,2,14,999,4,107.4,323,,,,,
56,gnb1,2026-08-19T10:31:28.877588,2765,BSR,0x46,,,,,,,,,,,,,,,0
56,gnb1,2026-08-19T10:31:28.899520,2766,PDSCH,0x46,50,4587,6,0,,,,,,,,,,,
56,gnb1,2026-08-19T10:31:28.922886,2767,PUSCH,0x46,,,,,2,3,233,4,117.9,123,,,,,
56,gnb1,2026-08-19T10:31:28.923427,2767,PDSCH,0x46,50,4587,6,0,,,,,,,,,,,
56,gnb1,2026-08-19T10:31:28.924435,2768,PDSCH,0x46,50,4587,6,0,,,,,,,,,,,
56,gnb1,2026-08-19T10:31:28.975012,2769,PDSCH,0x46,50,4587,6,0,,,,,,,,,,,
56,gnb1,2026-08-19T10:31:28.991997,2770,PDSCH,0x46,50,4587,6,0,,,,,,,,,,,
56,gnb1,2026-08-19T10:31:29.012775,2771,PDSCH,0x46,50,4587,6,0,,,,,,,,,,,
56,gnb1,2026-08-19T10:31:29.013442,2772,PDSCH,0x46,9,597,6,0,,,,,,,,,,,
56,gnb1,2026-08-19T10:31:29.057269,2773,PUSCH,0x46,,,,,2,14,999,4,107.4,317,,,,,
56,gnb1,2026-08-19T10:31:29.079058,2774,PDSCH,0x46,50,4587,6,0,,,,,,,,,,,
56,gnb1,2026-08-19T10:31:29.104241,2775,PDSCH,0x46,50,4587,6,0,,,,,,,,,,,
56,gnb1,2026-08-19T10:31:29.127269,2776,PDSCH,0x46,50,4587,6,0,,,,,,,,,,,
56,gnb1,2026-08-19T10:31:29.128277,2777,PDSCH,0x46,50,4587,6,0,,,,,,,,,,,
56,gnb1,2026-08-19T10:31:29.164766,2778,PDSCH,0x46,50,4587,6,0,,,,,,,,,,,
56,gnb1,2026-08-19T10:31:29.184776,2779,PDSCH,0x46,15,999,6,0,,,,,,,,,,,
56,gnb1,2026-08-19T10:31:29.207213,2780,BSR,0x46,,,,,,,,,,,,,,,0
56,gnb1,2026-08-19T10:31:29.367215,2788,PUSCH,0x46,,,,,2,8,517,4,111.4,224,,,,,
56,gnb1,2026-08-19T10:31:29.394176,2789,BSR,0x46,,,,,,,,,,,,,,,0
56,gnb1,2026-08-19T10:31:29.580014,2797,PUSCH,0x46,,,,,2,35,2292,4,108.1,716,,,,,
56,gnb1,2026-08-19T10:31:29.580071,2797,BSR,0x46,,,,,,,,,,,,,,,0
56,gnb1,2026-08-19T10:31:29.607583,2799,PDSCH,0x46,50,4587,6,0,,,,,,,,,,,
56,gnb1,2026-08-19T10:31:29.653459,2800,PDSCH,0x46,50,4587,6,0,,,,,,,,,,,
56,gnb1,2026-08-19T10:31:29.654082,2801,PUCCH_CQI,0x46,,,,,,,,,,,111.8,15,2,,
56,gnb1,2026-08-19T10:31:29.654546,2801,PDSCH,0x46,47,4395,6,0,,,,,,,,,,,
56,gnb1,2026-08-19T10:31:29.719487,2802,PDSCH,0x46,50,4587,6,0,,,,,,,,,,,
56,gnb1,2026-08-19T10:31:29.733883,2803,PDSCH,0x46,50,4587,6,0,,,,,,,,,,,
56,gnb1,2026-08-19T10:31:29.770070,2804,PDSCH,0x46,50,4587,6,0,,,,,,,,,,,
56,gnb1,2026-08-19T10:31:29.807136,2805,PUSCH,0x46,,,,,2,35,2292,4,108.1,624,,,,,
56,gnb1,2026-08-19T10:31:29.807783,2805,PDSCH,0x46,50,4587,6,0,,,,,,,,,,,
56,gnb1,2026-08-19T10:31:29.808156,2806,PDSCH,0x46,50,4587,6,0,,,,,,,,,,,
56,gnb1,2026-08-19T10:31:29.836865,2807,PDSCH,0x46,50,4587,6,0,,,,,,,,,,,
56,gnb1,2026-08-19T10:31:29.887060,2808,PDSCH,0x46,50,4587,6,0,,,,,,,,,,,
56,gnb1,2026-08-19T10:31:29.888045,2809,PDSCH,0x46,50,4587,6,0,,,,,,,,,,,
56,gnb1,2026-08-19T10:31:29.927937,2810,PDSCH,0x46,50,4587,6,0,,,,,,,,,,,
56,gnb1,2026-08-19T10:31:30.214363,2820,BSR,0x46,,,,,,,,,,,,,,,0
56,gnb1,2026-08-19T10:31:30.425525,2828,PUSCH,0x46,,,,,2,8,517,4,111.4,199,,,,,
56,gnb1,2026-08-19T10:31:30.425565,2828,PHR,,,,,,,,,,,,,,,,
56,gnb1,2026-08-19T10:31:30.442140,2829,BSR,0x46,,,,,,,,,,,,,,,0
56,gnb1,2026-08-19T10:31:30.442902,2829,PDSCH,0x46,50,4587,6,0,,,,,,,,,,,
56,gnb1,2026-08-19T10:31:30.443805,2830,PDSCH,0x46,50,4587,6,0,,,,,,,,,,,
56,gnb1,2026-08-19T10:31:30.472916,2831,PDSCH,0x46,45,3542,6,0,,,,,,,,,,,
56,gnb1,2026-08-19T10:31:30.671444,2837,PUSCH,0x46,,,,,2,29,1908,4,107.3,737,,,,,
56,gnb1,2026-08-19T10:31:30.671520,2837,BSR,0x46,,,,,,,,,,,,,,,0
56,gnb1,2026-08-19T10:31:30.705695,2839,PDSCH,0x46,50,4587,6,0,,,,,,,,,,,
56,gnb1,2026-08-19T10:31:30.751550,2840,PDSCH,0x46,50,4587,6,0,,,,,,,,,,,
56,gnb1,2026-08-19T10:31:30.752136,2841,PUCCH_CQI,0x46,,,,,,,,,,,111.8,15,2,,
56,gnb1,2026-08-19T10:31:30.752753,2841,PDSCH,0x46,47,4395,6,0,,,,,,,,,,,
56,gnb1,2026-08-19T10:31:30.795241,2842,PDSCH,0x46,50,4587,6,0,,,,,,,,,,,
56,gnb1,2026-08-19T10:31:30.812834,2843,PDSCH,0x46,50,4587,6,0,,,,,,,,,,,
56,gnb1,2026-08-19T10:31:30.839561,2844,PDSCH,0x46,50,4587,6,0,,,,,,,,,,,
56,gnb1,2026-08-19T10:31:30.855459,2845,PUSCH,0x46,,,,,2,29,1908,4,107.3,604,,,,,
56,gnb1,2026-08-19T10:31:30.855558,2845,BSR,0x46,,,,,,,,,,,,,,,0
56,gnb1,2026-08-19T10:31:30.856074,2845,PDSCH,0x46,50,4587,6,0,,,,,,,,,,,
56,gnb1,2026-08-19T10:31:30.856528,2846,PDSCH,0x46,50,4587,6,0,,,,,,,,,,,
56,gnb1,2026-08-19T10:31:30.873704,2847,PDSCH,0x46,50,4587,6,0,,,,,,,,,,,
56,gnb1,2026-08-19T10:31:30.910214,2848,PDSCH,0x46,50,4587,6,0,,,,,,,,,,,
56,gnb1,2026-08-19T10:31:30.910925,2849,PDSCH,0x46,9,717,6,0,,,,,,,,,,,
56,gnb1,2026-08-19T10:31:31.035031,2853,PUSCH,0x46,,,,,2,8,517,4,111.4,194,,,,,
56,gnb1,2026-08-19T10:31:31.067060,2854,BSR,0x46,,,,,,,,,,,,,,,0
56,gnb1,2026-08-19T10:31:31.067574,2854,PDSCH,0x46,50,4587,6,0,,,,,,,,,,,
56,gnb1,2026-08-19T10:31:31.068247,2855,PDSCH,0x46,15,1063,6,0,,,,,,,,,,,
56,gnb1,2026-08-19T10:31:31.200962,2859,PDSCH,0x46,3,7,2,0,,,,,,,,,,,
56,gnb1,2026-08-19T10:31:31.264854,2862,PUSCH,0x46,,,,,2,14,999,4,107.4,267,,,,,
56,gnb1,2026-08-19T10:31:31.264904,2862,BSR,0x46,,,,,,,,,,,,,,,0
56,gnb1,2026-08-19T10:31:31.288630,2863,BSR,0x46,,,,,,,,,,,,,,,0
56,gnb1,2026-08-19T10:31:31.289055,2863,PDSCH,0x46,50,4587,6,0,,,,,,,,,,,
56,gnb1,2026-08-19T10:31:31.311595,2864,PDSCH,0x46,50,4587,6,0,,,,,,,,,,,
56,gnb1,2026-08-19T10:31:31.337727,2865,PDSCH,0x46,45,3542,6,0,,,,,,,,,,,
56,gnb1,2026-08-19T10:31:31.472535,2870,PUSCH,0x46,,,,,2,14,999,4,107.4,352,,,,,
56,gnb1,2026-08-19T10:31:31.472591,2870,BSR,0x46,,,,,,,,,,,,,,,0
56,gnb1,2026-08-19T10:31:31.506688,2871,PUSCH,0x46,,,,,10,3,233,4,104.5,113,,,,,
56,gnb1,2026-08-19T10:31:31.507217,2871,PDSCH,0x46,50,4587,6,0,,,,,,,,,,,
56,gnb1,2026-08-19T10:31:31.508314,2872,PDSCH,0x46,50,4587,6,0,,,,,,,,,,,
56,gnb1,2026-08-19T10:31:31.539570,2873,PDSCH,0x46,50,4587,6,0,,,,,,,,,,,
56,gnb1,2026-08-19T10:31:31.583346,2874,PDSCH,0x46,50,4587,6,0,,,,,,,,,,,
56,gnb1,2026-08-19T10:31:31.606656,2875,PDSCH,0x46,18,1383,6,0,,,,,,,,,,,
56,gnb1,2026-08-19T10:31:31.682520,2878,PUSCH,0x46,,,,,2,14,999,4,107.4,291,,,,,
56,gnb1,2026-08-19T10:31:31.682628,2878,PHR,,,,,,,,,,,,,,,,
56,gnb1,2026-08-19T10:31:31.702105,2879,PDSCH,0x46,50,4587,6,0,,,,,,,,,,,
56,gnb1,2026-08-19T10:31:31.722503,2880,BSR,0x46,,,,,,,,,,,,,,,0
56,gnb1,2026-08-19T10:31:31.723049,2880,PDSCH,0x46,50,4587,6,0,,,,,,,,,,,
56,gnb1,2026-08-19T10:31:31.723466,2881,PUCCH_CQI,0x46,,,,,,,,,,,111.8,15,2a,,
56,gnb1,2026-08-19T10:31:31.746449,2882,PDSCH,0x46,9,693,6,0,,,,,,,,,,,
56,gnb1,2026-08-19T10:31:31.943327,2888,PUSCH,0x46,,,,,2,8,517,4,111.4,237,,,,,
56,gnb1,2026-08-19T10:31:31.979423,2889,BSR,0x46,,,,,,,,,,,,,,,0
56,gnb1,2026-08-19T10:31:31.979918,2889,PDSCH,0x46,50,4587,6,0,,,,,,,,,,,
56,gnb1,2026-08-19T10:31:32.229458,2897,PUSCH,0x46,,,,,2,14,871,4,107.4,316,,,,,
56,gnb1,2026-08-19T10:31:32.229510,2897,BSR,0x46,,,,,,,,,,,,,,,0
56,gnb1,2026-08-19T10:31:32.247696,2898,BSR,0x46,,,,,,,,,,,,,,,0
56,gnb1,2026-08-19T10:31:32.417168,2905,PUSCH,0x46,,,,,2,14,871,4,107.4,282,,,,,
56,gnb1,2026-08-19T10:31:32.417233,2905,BSR,0x46,,,,,,,,,,,,,,,0
56,gnb1,2026-08-19T10:31:32.418124,2906,PUSCH,0x46,,,,,2,7,469,4,114.2,171,,,,,
56,gnb1,2026-08-19T10:31:32.418186,2906,BSR,0x46,,,,,,,,,,,,,,,0
56,gnb1,2026-08-19T10:31:32.483888,2907,BSR,0x46,,,,,,,,,,,,,,,0
56,gnb1,2026-08-19T10:31:32.484395,2907,PDSCH,0x46,50,4587,6,0,,,,,,,,,,,
56,gnb1,2026-08-19T10:31:32.501175,2908,PDSCH,0x46,50,4587,6,0,,,,,,,,,,,
56,gnb1,2026-08-19T10:31:32.527272,2909,PDSCH,0x46,50,4587,6,0,,,,,,,,,,,
56,gnb1,2026-08-19T10:31:32.555951,2910,PDSCH,0x46,50,4587,6,0,,,,,,,,,,,
56,gnb1,2026-08-19T10:31:32.588737,2911,PDSCH,0x46,36,2769,6,0,,,,,,,,,,,
56,gnb1,2026-08-19T10:31:32.632979,2913,PUSCH,0x46,,,,,2,14,871,4,107.4,317,,,,,
56,gnb1,2026-08-19T10:31:32.633039,2913,BSR,0x46,,,,,,,,,,,,,,,0
56,gnb1,2026-08-19T10:31:32.666264,2914,PUSCH,0x46,,,,,2,11,749,4,108.5,239,,,,,
56,gnb1,2026-08-19T10:31:32.666612,2914,PDSCH,0x46,18,1431,6,0,,,,,,,,,,,
56,gnb1,2026-08-19T10:31:32.699001,2915,PUSCH,0x46,,,,,2,3,233,4,118.0,105,,,,,
56,gnb1,2026-08-19T10:31:32.864414,2921,PUSCH,0x46,,,,,10,14,871,4,104.5,274,,,,,
56,gnb1,2026-08-19T10:31:32.864475,2921,BSR,0x46,,,,,,,,,,,,,,,0
56,gnb1,2026-08-19T10:31:32.881174,2922,PDSCH,0x46,50,4587,6,0,,,,,,,,,,,
56,gnb1,2026-08-19T10:31:32.881918,2923,PDSCH,0x46,50,4587,6,0,,,,,,,,,,,
56,gnb1,2026-08-19T10:31:32.926258,2924,PDSCH,0x46,45,3542,6,0,,,,,,,,,,,
56,gnb1,2026-08-19T10:31:33.103750,2929,PUSCH,0x46,,,,,2,8,517,4,111.4,204,,,,,
56,gnb1,2026-08-19T10:31:33.103813,2929,BSR,0x46,,,,,,,,,,,,,,,0
56,gnb1,2026-08-19T10:31:33.103859,2929,PHR,,,,,,,,,,,,,,,,
56,gnb1,2026-08-19T10:31:33.136851,2930,PDSCH,0x46,50,4587,6,0,,,,,,,,,,,
56,gnb1,2026-08-19T10:31:33.137549,2931,PDSCH,0x46,15,1063,6,0,,,,,,,,,,,
56,gnb1,2026-08-19T10:31:33.319932,2937,PUSCH,0x46,,,,,2,2,161,4,117.9,123,,,,,
56,gnb1,2026-08-19T10:31:33.345921,2938,BSR,0x46,,,,,,,,,,,,,,,0
56,gnb1,2026-08-19T10:31:33.346337,2938,PDSCH,0x46,36,2865,6,0,,,,,,,,,,,
56,gnb1,2026-08-19T10:31:33.561846,2946,PUSCH,0x46,,,,,2,7,469,4,114.2,192,,,,,
56,gnb1,2026-08-19T10:31:33.561916,2946,BSR,0x46,,,,,,,,,,,,,,,0
56,gnb1,2026-08-19T10:31:33.588106,2947,BSR,0x46,,,,,,,,,,,,,,,0
56,gnb1,2026-08-19T10:31:33.588604,2947,PDSCH,0x46,50,4587,6,0,,,,,,,,,,,
56,gnb1,2026-08-19T10:31:33.608487,2948,PDSCH,0x46,50,4587,6,0,,,,,,,,,,,
56,gnb1,2026-08-19T10:31:33.645145,2949,PDSCH,0x46,45,3542,6,0,,,,,,,,,,,
56,gnb1,2026-08-19T10:31:33.767875,2954,PUSCH,0x46,,,,,2,7,469,4,114.3,184,,,,,
56,gnb1,2026-08-19T10:31:33.767934,2954,BSR,0x46,,,,,,,,,,,,,,,0
56,gnb1,2026-08-19T10:31:33.800143,2955,PUSCH,0x46,,,,,2,3,233,4,118.0,147,,,,,
56,gnb1,2026-08-19T10:31:33.800735,2955,PDSCH,0x46,50,4587,6,0,,,,,,,,,,,
56,gnb1,2026-08-19T10:31:33.801422,2956,PDSCH,0x46,33,2481,6,0,,,,,,,,,,,
56,gnb1,2026-08-19T10:31:33.890011,2959,PDSCH,0x46,3,7,2,0,,,,,,,,,,,
56,gnb1,2026-08-19T10:31:33.917433,2960,BSR,0x46,,,,,,,,,,,,,,,0
56,gnb1,2026-08-19T10:31:33.936845,2961,PUCCH_CQI,0x46,,,,,,,,,,,111.8,15,2,,
56,gnb1,2026-08-19T10:31:33.971988,2962,PUSCH,0x46,,,,,2,7,469,4,114.2,219,,,,,
56,gnb1,2026-08-19T10:31:34.004392,2963,PDSCH,0x46,50,4587,6,0,,,,,,,,,,,
56,gnb1,2026-08-19T10:31:34.036568,2964,PDSCH,0x46,50,4587,6,0,,,,,,,,,,,
56,gnb1,2026-08-19T10:31:34.037137,2965,PDSCH,0x46,9,693,6,0,,,,,,,,,,,
56,gnb1,2026-08-19T10:31:34.147144,2968,PUSCH,0x46,,,,,2,0,47,4,117.8,149,,,,,
56,gnb1,2026-08-19T10:31:34.147224,2968,BSR,0x46,,,,,,,,,,,,,,,0
56,gnb1,2026-08-19T10:31:34.181337,2969,BSR,0x46,,,,,,,,,,,,,,,0
56,gnb1,2026-08-19T10:31:34.181723,2969,PDSCH,0x46,36,2865,6,0,,,,,,,,,,,
56,gnb1,2026-08-19T10:31:34.349359,2976,PUSCH,0x46,,,,,2,0,41,4,117.7,132,,,,,
56,gnb1,2026-08-19T10:31:34.349417,2976,BSR,0x46,,,,,,,,,,,,,,,0
56,gnb1,2026-08-19T10:31:34.375463,2977,PUSCH,0x46,,,,,2,4,269,4,117.9,140,,,,,
56,gnb1,2026-08-19T10:31:34.375519,2977,BSR,0x46,,,,,,,,,,,,,,,0
56,gnb1,2026-08-19T10:31:34.395077,2978,BSR,0x46,,,,,,,,,,,,,,,0
56,gnb1,2026-08-19T10:31:34.395635,2978,PDSCH,0x46,50,4587,6,0,,,,,,,,,,,
56,gnb1,2026-08-19T10:31:34.418684,2979,PDSCH,0x46,33,2481,6,0,,,,,,,,,,,
56,gnb1,2026-08-19T10:31:34.525311,2984,PUSCH,0x46,,,,,2,0,28,4,117.8,107,,,,,
56,gnb1,2026-08-19T10:31:34.525364,2984,BSR,0x46,,,,,,,,,,,,,,,0
56,gnb1,2026-08-19T10:31:34.525426,2984,PHR,,,,,,,,,,,,,,,,
56,gnb1,2026-08-19T10:31:34.542676,2985,PUSCH,0x46,,,,,2,8,573,4,111.4,295,,,,,
56,gnb1,2026-08-19T10:31:34.542749,2985,BSR,0x46,,,,,,,,,,,,,,,0
56,gnb1,2026-08-19T10:31:34.567613,2986,PUSCH,0x46,,,,,2,3,217,4,117.9,138,,,,,
56,gnb1,2026-08-19T10:31:34.567708,2986,BSR,0x46,,,,,,,,,,,,,,,0
56,gnb1,2026-08-19T10:31:34.568216,2986,PDSCH,0x46,50,4587,6,0,,,,,,,,,,,
56,gnb1,2026-08-19T10:31:34.568982,2987,PDSCH,0x46,33,2481,6,0,,,,,,,,,,,
56,gnb1,2026-08-19T10:31:34.587636,2988,PDSCH,0x46,18,1431,6,0,,,,,,,,,,,
56,gnb1,2026-08-19T10:31:34.697176,2992,PUSCH,0x46,,,,,2,0,22,4,117.9,128,,,,,
56,gnb1,2026-08-19T10:31:34.718369,2993,PUSCH,0x46,,,,,2,5,373,4,117.9,170,,,,,
56,gnb1,2026-08-19T10:31:34.747747,2994,PUSCH,0x46,,,,,2,7,469,4,114.3,175,,,,,
56,gnb1,2026-08-19T10:31:34.748357,2994,PDSCH,0x46,50,4587,6,0,,,,,,,,,,,
56,gnb1,2026-08-19T10:31:34.749052,2995,PDSCH,0x46,33,2481,6,0,,,,,,,,,,,
56,gnb1,2026-08-19T10:31:34.886655,3000,BSR,0x46,,,,,,,,,,,,,,,0
56,gnb1,2026-08-19T10:31:34.915578,3001,PUCCH_CQI,0x46,,,,,,,,,,,111.8,15,2,,
56,gnb1,2026-08-19T10:31:35.092554,3008,PUSCH,0x46,,,,,2,8,517,4,111.4,212,,,,,
56,gnb1,2026-08-19T10:31:35.116921,3009,BSR,0x46,,,,,,,,,,,,,,,0
56,gnb1,2026-08-19T10:31:35.117210,3009,PDSCH,0x46,3,7,2,0,,,,,,,,,,,
56,gnb1,2026-08-19T10:31:35.366018,3017,PUSCH,0x46,,,,,2,14,871,4,107.4,312,,,,,
56,gnb1,2026-08-19T10:31:35.366083,3017,BSR,0x46,,,,,,,,,,,,,,,0
56,gnb1,2026-08-19T10:31:35.402609,3018,PDSCH,0x46,50,4587,6,0,,,,,,,,,,,
56,gnb1,2026-08-19T10:31:35.434779,3019,PDSCH,0x46,50,4587,6,0,,,,,,,,,,,
56,gnb1,2026-08-19T10:31:35.472437,3020,PDSCH,0x46,50,4587,6,0,,,,,,,,,,,
56,gnb1,2026-08-19T10:31:35.539520,3022,PDSCH,0x46,6,373,6,0,,,,,,,,,,,
56,gnb1,2026-08-19T10:31:35.613321,3025,PUSCH,0x46,,,,,2,14,871,4,107.4,273,,,,,
56,gnb1,2026-08-19T10:31:35.987376,3040,BSR,0x46,,,,,,,,,,,,,,,0
56,gnb1,2026-08-19T10:31:36.018410,3041,PUCCH_CQI,0x46,,,,,,,,,,,111.8,15,2,,
56,gnb1,2026-08-19T10:31:36.180837,3048,PUSCH,0x46,,,,,2,8,517,4,111.4,191,,,,,
56,gnb1,2026-08-19T10:31:36.180946,3048,PHR,,,,,,,,,,,,,,,,
56,gnb1,2026-08-19T10:31:36.200576,3049,BSR,0x46,,,,,,,,,,,,,,,0
56,gnb1,2026-08-19T10:31:36.201110,3049,PDSCH,0x46,50,4587,6,0,,,,,,,,,,,
56,gnb1,2026-08-19T10:31:36.227723,3050,PDSCH,0x46,50,4587,6,0,,,,,,,,,,,
56,gnb1,2026-08-19T10:31:36.228617,3051,PDSCH,0x46,50,4587,6,0,,,,,,,,,,,
56,gnb1,2026-08-19T10:31:36.248220,3052,PDSCH,0x46,24,1836,6,0,,,,,,,,,,,
56,gnb1,2026-08-19T10:31:36.390790,3057,PUSCH,0x46,,,,,2,7,469,4,114.2,177,,,,,
56,gnb1,2026-08-19T10:31:36.390850,3057,BSR,0x46,,,,,,,,,,,,,,,0
56,gnb1,2026-08-19T10:31:36.406883,3058,PDSCH,0x46,39,2961,6,0,,,,,,,,,,,
56,gnb1,2026-08-19T10:31:36.431267,3059,PDSCH,0x46,3,7,2,0,,,,,,,,,,,
56,gnb1,2026-08-19T10:31:36.451417,3060,BSR,0x46,,,,,,,,,,,,,,,0
56,gnb1,2026-08-19T10:31:36.599687,3065,PUSCH,0x46,,,,,2,7,469,4,114.2,161,,,,,
56,gnb1,2026-08-19T10:31:36.617195,3066,BSR,0x46,,,,,,,,,,,,,,,0
56,gnb1,2026-08-19T10:31:36.663895,3068,PUSCH,0x46,,,,,2,0,47,4,117.8,130,,,,,
56,gnb1,2026-08-19T10:31:36.663949,3068,BSR,0x46,,,,,,,,,,,,,,,0
56,gnb1,2026-08-19T10:31:36.690840,3069,BSR,0x46,,,,,,,,,,,,,,,0
56,gnb1,2026-08-19T10:31:36.813595,3074,PUSCH,0x46,,,,,2,14,807,4,107.4,331,,,,,
56,gnb1,2026-08-19T10:31:36.813656,3074,BSR,0x46,,,,,,,,,,,,,,,0
56,gnb1,2026-08-19T10:31:36.835651,3075,BSR,0x46,,,,,,,,,,,,,,,0
56,gnb1,2026-08-19T10:31:36.836263,3075,PDSCH,0x46,50,4587,6,0,,,,,,,,,,,
56,gnb1,2026-08-19T10:31:36.836723,3076,PUSCH,0x46,,,,,2,0,26,4,117.7,112,,,,,
56,gnb1,2026-08-19T10:31:36.836788,3076,BSR,0x46,,,,,,,,,,,,,,,0
56,gnb1,2026-08-19T10:31:36.837245,3076,PDSCH,0x46,50,4587,6,0,,,,,,,,,,,
56,gnb1,2026-08-19T10:31:36.885829,3077,PUSCH,0x46,,,,,2,4,269,4,117.9,124,,,,,
56,gnb1,2026-08-19T10:31:36.885942,3077,BSR,0x46,,,,,,,,,,,,,,,0
56,gnb1,2026-08-19T10:31:36.886339,3077,PDSCH,0x46,45,3542,6,0,,,,,,,,,,,
56,gnb1,2026-08-19T10:31:36.910587,3079,PDSCH,0x46,6,373,6,0,,,,,,,,,,,
56,gnb1,2026-08-19T10:31:37.010197,3081,PUCCH_CQI,0x46,,,,,,,,,,,111.8,15,2,,
56,gnb1,2026-08-19T10:31:37.035243,3082,PUSCH,0x46,,,,,2,14,807,4,107.4,286,,,,,
56,gnb1,2026-08-19T10:31:37.056959,3083,PUSCH,0x46,,,,,2,3,249,4,117.9,124,,,,,
56,gnb1,2026-08-19T10:31:37.093982,3084,PUSCH,0x46,,,,,2,0,18,2,117.8,95,,,,,
56,gnb1,2026-08-19T10:31:37.132446,3085,PUSCH,0x46,,,,,2,8,573,4,111.4,239,,,,,
56,gnb1,2026-08-19T10:31:37.132543,3085,BSR,0x46,,,,,,,,,,,,,,,0
56,gnb1,2026-08-19T10:31:37.164384,3086,PDSCH,0x46,50,4587,6,0,,,,,,,,,,,
56,gnb1,2026-08-19T10:31:37.182974,3087,PDSCH,0x46,50,4587,6,0,,,,,,,,,,,
56,gnb1,2026-08-19T10:31:37.183681,3088,PDSCH,0x46,45,3542,6,0,,,,,,,,,,,
56,gnb1,2026-08-19T10:31:37.397070,3093,PUSCH,0x46,,,,,2,2,185,4,117.9,102,,,,,
56,gnb1,2026-08-19T10:31:37.415848,3094,BSR,0x46,,,,,,,,,,,,,,,0
56,gnb1,2026-08-19T10:31:37.416308,3094,PDSCH,0x46,50,4587,6,0,,,,,,,,,,,
56,gnb1,2026-08-19T10:31:37.635790,3102,PUSCH,0x46,,,,,2,3,249,4,117.9,131,,,,,
56,gnb1,2026-08-19T10:31:37.635851,3102,PHR,,,,,,,,,,,,,,,,
56,gnb1,2026-08-19T10:31:37.635852,3102,BSR,0x46,,,,,,,,,,,,,,,0
56,gnb1,2026-08-19T10:31:37.671101,3103,BSR,0x46,,,,,,,,,,,,,,,0
56,gnb1,2026-08-19T10:31:37.671296,3103,PDSCH,0x46,3,63,4,0,,,,,,,,,,,
56,gnb1,2026-08-19T10:31:37.863214,3109,PDSCH,0x46,3,7,2,0,,,,,,,,,,,
56,gnb1,2026-08-19T10:31:37.900620,3110,PUSCH,0x46,,,,,2,3,249,4,117.9,141,,,,,
56,gnb1,2026-08-19T10:31:37.900717,3110,BSR,0x46,,,,,,,,,,,,,,,0
56,gnb1,2026-08-19T10:31:37.918888,3111,PUSCH,0x46,,,,,10,4,249,4,104.5,130,,,,,
56,gnb1,2026-08-19T10:31:37.918952,3111,BSR,0x46,,,,,,,,,,,,,,,0
56,gnb1,2026-08-19T10:31:38.100058,3118,PUSCH,0x46,,,,,2,4,249,4,118.0,117,,,,,
56,gnb1,2026-08-19T10:31:38.127536,3119,PUSCH,0x46,,,,,2,8,517,4,111.4,265,,,,,
56,gnb1,2026-08-19T10:31:38.144661,3120,BSR,0x46,,,,,,,,,,,,,,,0
56,gnb1,2026-08-19T10:31:38.162783,3121,PUCCH_CQI,0x46,,,,,,,,,,,111.8,15,2,,
56,gnb1,2026-08-19T10:31:38.362580,3128,PUSCH,0x46,,,,,2,8,517,4,111.4,288,,,,,
56,gnb1,2026-08-19T10:31:39.134972,3159,PDSCH,0x46,3,7,2,0,,,,,,,,,,,
56,gnb1,2026-08-19T10:31:39.182920,3161,PUCCH_CQI,0x46,,,,,,,,,,,111.8,15,2,,
56,gnb1,2026-08-19T10:31:39.711008,3180,BSR,0x46,,,,,,,,,,,,,,,0
56,gnb1,2026-08-19T10:31:39.886711,3188,PUSCH,0x46,,,,,2,8,517,4,111.4,209,,,,,
56,gnb1,2026-08-19T10:31:39.886731,3188,PHR,,,,,,,,,,,,,,,,
56,gnb1,2026-08-19T10:31:40.210028,3201,PUCCH_CQI,0x46,,,,,,,,,,,111.8,15,2,,
56,gnb1,2026-08-19T10:31:40.427064,3209,PDSCH,0x46,3,7,2,0,,,,,,,,,,,
56,gnb1,2026-08-19T10:31:40.731764,3220,BSR,0x46,,,,,,,,,,,,,,,0
56,gnb1,2026-08-19T10:31:40.944323,3228,PUSCH,0x46,,,,,2,8,517,4,111.4,189,,,,,
56,gnb1,2026-08-19T10:31:41.279268,3240,BSR,0x46,,,,,,,,,,,,,,,0
56,gnb1,2026-08-19T10:31:41.304230,3241,PUCCH_CQI,0x46,,,,,,,,,,,111.8,15,2,,
56,gnb1,2026-08-19T10:31:41.489208,3248,PUSCH,0x46,,,,,2,8,517,4,111.4,214,,,,,
56,gnb1,2026-08-19T10:31:41.489283,3248,PHR,,,,,,,,,,,,,,,,
56,gnb1,2026-08-19T10:31:41.784546,3259,PDSCH,0x46,3,7,2,0,,,,,,,,,,,
56,gnb1,2026-08-19T10:31:41.815068,3260,BSR,0x46,,,,,,,,,,,,,,,0
56,gnb1,2026-08-19T10:31:41.984503,3268,PUSCH,0x46,,,,,2,8,517,4,111.4,200,,,,,
56,gnb1,2026-08-19T10:31:42.283356,3280,BSR,0x46,,,,,,,,,,,,,,,0
56,gnb1,2026-08-19T10:31:42.304282,3281,PUCCH_CQI,0x46,,,,,,,,,,,111.8,15,2,,
56,gnb1,2026-08-19T10:31:42.485786,3288,PUSCH,0x46,,,,,2,8,517,4,111.4,429,,,,,
56,gnb1,2026-08-19T10:31:42.779975,3300,BSR,0x46,,,,,,,,,,,,,,,0
56,gnb1,2026-08-19T10:31:42.969050,3308,PUSCH,0x46,,,,,2,8,517,4,111.4,269,,,,,
56,gnb1,2026-08-19T10:31:42.969145,3308,PHR,,,,,,,,,,,,,,,,
56,gnb1,2026-08-19T10:31:42.993624,3309,PDSCH,0x46,3,7,2,0,,,,,,,,,,,
56,gnb1,2026-08-19T10:31:43.273978,3321,PUCCH_CQI,0x46,,,,,,,,,,,111.8,15,2,,
56,gnb1,2026-08-19T10:31:43.754578,3340,BSR,0x46,,,,,,,,,,,,,,,0
56,gnb1,2026-08-19T10:31:43.947674,3348,PUSCH,0x46,,,,,2,8,517,4,111.4,184,,,,,
56,gnb1,2026-08-19T10:31:44.203079,3359,PDSCH,0x46,3,7,2,0,,,,,,,,,,,
56,gnb1,2026-08-19T10:31:44.247302,3361,PUCCH_CQI,0x46,,,,,,,,,,,111.8,15,2,,
56,gnb1,2026-08-19T10:31:45.243940,3401,PUCCH_CQI,0x46,,,,,,,,,,,111.8,15,2,,
56,gnb1,2026-08-19T10:31:46.258019,3441,PUCCH_CQI,0x46,,,,,,,,,,,111.8,15,2,,
56,gnb1,2026-08-19T10:31:47.359487,3481,PUCCH_CQI,0x46,,,,,,,,,,,111.8,15,2,,
56,gnb1,2026-08-19T10:31:48.457711,3521,PUCCH_CQI,0x46,,,,,,,,,,,111.8,15,2,,
56,gnb1,2026-08-19T10:31:49.545873,3561,PUCCH_CQI,0x46,,,,,,,,,,,111.8,15,2,,
56,gnb1,2026-08-19T10:31:50.094682,3580,BSR,0x46,,,,,,,,,,,,,,,0
56,gnb1,2026-08-19T10:31:50.333757,3588,PUSCH,0x46,,,,,2,8,517,4,111.4,318,,,,,
56,gnb1,2026-08-19T10:31:50.333827,3588,PHR,,,,,,,,,,,,,,,,
56,gnb1,2026-08-19T10:31:50.352425,3589,PDSCH,0x46,3,7,2,0,,,,,,,,,,,
57,gnb1,2026-08-19T10:37:22.836029,342,PDSCH,0x2,3,11,2,0,,,,,,,,,,,
57,gnb1,2026-08-19T10:37:22.866496,344,BSR,0x46,,,,,,,,,,,,,,,0
57,gnb1,2026-08-19T10:37:22.971123,352,PUSCH,0x46,,,,,2,2,7,2,118.0,204,,,,,
57,gnb1,2026-08-19T10:37:23.000248,354,PDSCH,0x46,3,32,2,0,,,,,,,,,,,
57,gnb1,2026-08-19T10:37:23.093421,361,PUCCH_CQI,0x46,,,,,,,,,,,-inf,0,2,,
57,gnb1,2026-08-19T10:37:23.334960,380,BSR,0x46,,,,,,,,,,,,,,,0
57,gnb1,2026-08-19T10:37:23.437528,388,PUSCH,0x46,,,,,2,44,157,2,109.0,602,,,,,
57,gnb1,2026-08-19T10:37:23.437613,388,PHR,,,,,,,,,,,,,,,,
57,gnb1,2026-08-19T10:37:23.452029,389,PDSCH,0x46,3,7,2,0,,,,,,,,,,,
57,gnb1,2026-08-19T10:37:23.459623,390,PDSCH,0x46,6,51,2,0,,,,,,,,,,,
57,gnb1,2026-08-19T10:37:23.589241,400,BSR,0x46,,,,,,,,,,,,,,,0
57,gnb1,2026-08-19T10:37:23.597692,401,PUCCH_CQI,0x46,,,,,,,,,,,111.8,15,2,,
57,gnb1,2026-08-19T10:37:23.697776,408,PUSCH,0x46,,,,,2,8,517,4,111.4,287,,,,,
57,gnb1,2026-08-19T10:37:23.718910,409,PDSCH,0x46,3,7,2,0,,,,,,,,,,,
57,gnb1,2026-08-19T10:37:23.727444,410,PDSCH,0x46,3,41,2,0,,,,,,,,,,,
57,gnb1,2026-08-19T10:37:23.846332,420,BSR,0x46,,,,,,,,,,,,,,,0
57,gnb1,2026-08-19T10:37:23.941481,428,PUSCH,0x46,,,,,2,8,517,4,111.4,247,,,,,
57,gnb1,2026-08-19T10:37:23.951100,429,PDSCH,0x46,3,7,2,0,,,,,,,,,,,
57,gnb1,2026-08-19T10:37:23.973782,430,PDSCH,0x46,3,26,2,0,,,,,,,,,,,
57,gnb1,2026-08-19T10:37:24.095568,440,BSR,0x46,,,,,,,,,,,,,,,0
57,gnb1,2026-08-19T10:37:24.114478,441,PUCCH_CQI,0x46,,,,,,,,,,,111.8,15,2,,
57,gnb1,2026-08-19T10:37:24.201763,448,PUSCH,0x46,,,,,2,8,517,4,111.4,197,,,,,
57,gnb1,2026-08-19T10:37:24.201791,448,PHR,,,,,,,,,,,,,,,,
57,gnb1,2026-08-19T10:37:24.215340,449,PDSCH,0x46,3,7,2,0,,,,,,,,,,,
57,gnb1,2026-08-19T10:37:24.240788,451,PDSCH,0x46,3,18,2,0,,,,,,,,,,,
57,gnb1,2026-08-19T10:37:24.359551,460,BSR,0x46,,,,,,,,,,,,,,,0
57,gnb1,2026-08-19T10:37:24.461148,468,PUSCH,0x46,,,,,2,8,517,4,111.4,188,,,,,
57,gnb1,2026-08-19T10:37:24.480610,469,PDSCH,0x46,3,7,2,0,,,,,,,,,,,
57,gnb1,2026-08-19T10:37:24.496792,470,PDSCH,0x46,3,18,2,0,,,,,,,,,,,
57,gnb1,2026-08-19T10:37:24.617967,480,BSR,0x46,,,,,,,,,,,,,,,0
57,gnb1,2026-08-19T10:37:24.629253,481,PUCCH_CQI,0x46,,,,,,,,,,,111.8,15,2,,
57,gnb1,2026-08-19T10:37:24.725457,488,PUSCH,0x46,,,,,2,8,517,4,111.4,234,,,,,
57,gnb1,2026-08-19T10:37:24.737664,489,PDSCH,0x46,3,7,2,0,,,,,,,,,,,
57,gnb1,2026-08-19T10:37:24.744759,490,PDSCH,0x46,3,113,4,0,,,,,,,,,,,
57,gnb1,2026-08-19T10:37:24.874824,500,BSR,0x46,,,,,,,,,,,,,,,0
57,gnb1,2026-08-19T10:37:24.975849,508,PUSCH,0x46,,,,,2,8,517,4,111.4,193,,,,,
57,gnb1,2026-08-19T10:37:24.975861,508,PHR,,,,,,,,,,,,,,,,
57,gnb1,2026-08-19T10:37:24.986764,509,PDSCH,0x46,3,18,2,0,,,,,,,,,,,
57,gnb1,2026-08-19T10:37:25.131910,521,PUCCH_CQI,0x46,,,,,,,,,,,111.8,15,2,,
57,gnb1,2026-08-19T10:37:25.200824,526,PDSCH,0x46,3,73,4,0,,,,,,,,,,,
57,gnb1,2026-08-19T10:37:25.379505,540,BSR,0x46,,,,,,,,,,,,,,,0
57,gnb1,2026-08-19T10:37:25.493845,548,PUSCH,0x46,,,,,2,8,517,4,111.4,240,,,,,
57,gnb1,2026-08-19T10:37:25.672292,561,PUCCH_CQI,0x46,,,,,,,,,,,111.8,15,2,,
57,gnb1,2026-08-19T10:37:26.218807,601,PUCCH_CQI,0x46,,,,,,,,,,,111.8,15,2,,
57,gnb1,2026-08-19T10:37:26.761526,641,PUCCH_CQI,0x46,,,,,,,,,,,111.8,15,2,,
57,gnb1,2026-08-19T10:37:27.317308,681,PUCCH_CQI,0x46,,,,,,,,,,,111.8,15,2,,
57,gnb1,2026-08-19T10:37:27.871730,721,PUCCH_CQI,0x46,,,,,,,,,,,111.8,15,2,,
57,gnb1,2026-08-19T10:37:28.405666,761,PUCCH_CQI,0x46,,,,,,,,,,,111.8,15,2,,
57,gnb1,2026-08-19T10:37:28.966674,801,PUCCH_CQI,0x46,,,,,,,,,,,111.8,15,2,,
57,gnb1,2026-08-19T10:37:29.559108,841,PUCCH_CQI,0x46,,,,,,,,,,,111.8,15,2,,
57,gnb1,2026-08-19T10:37:30.088823,881,PUCCH_CQI,0x46,,,,,,,,,,,111.8,15,2,,
57,gnb1,2026-08-19T10:37:30.627293,921,PUCCH_CQI,0x46,,,,,,,,,,,111.8,15,2,,
57,gnb1,2026-08-19T10:37:31.153736,961,PUCCH_CQI,0x46,,,,,,,,,,,111.8,15,2,,
57,gnb1,2026-08-19T10:37:31.712791,1001,PUCCH_CQI,0x46,,,,,,,,,,,111.8,15,2,,
57,gnb1,2026-08-19T10:37:32.289618,1041,PUCCH_CQI,0x46,,,,,,,,,,,111.8,15,2,,
57,gnb1,2026-08-19T10:37:32.860902,1081,PUCCH_CQI,0x46,,,,,,,,,,,111.8,15,2,,
57,gnb1,2026-08-19T10:37:33.404774,1121,PUCCH_CQI,0x46,,,,,,,,,,,111.8,15,2,,
57,gnb1,2026-08-19T10:37:33.970194,1161,PUCCH_CQI,0x46,,,,,,,,,,,111.8,15,2,,
57,gnb1,2026-08-19T10:37:34.545632,1201,PUCCH_CQI,0x46,,,,,,,,,,,111.8,15,2,,
57,gnb1,2026-08-19T10:37:35.133455,1241,PUCCH_CQI,0x46,,,,,,,,,,,111.8,15,2,,
57,gnb1,2026-08-19T10:37:35.693910,1281,PUCCH_CQI,0x46,,,,,,,,,,,111.8,15,2,,
57,gnb1,2026-08-19T10:37:36.232883,1321,PUCCH_CQI,0x46,,,,,,,,,,,111.8,15,2,,
57,gnb1,2026-08-19T10:37:36.773386,1361,PUCCH_CQI,0x46,,,,,,,,,,,111.8,15,2,,
57,gnb1,2026-08-19T10:37:37.320107,1401,PUCCH_CQI,0x46,,,,,,,,,,,111.8,15,2,,
57,gnb1,2026-08-19T10:37:37.849837,1441,PUCCH_CQI,0x46,,,,,,,,,,,111.8,15,2,,
57,gnb1,2026-08-19T10:37:38.425752,1481,PUCCH_CQI,0x46,,,,,,,,,,,111.8,15,2,,
57,gnb1,2026-08-19T10:37:38.968005,1521,PUCCH_CQI,0x46,,,,,,,,,,,111.8,15,2,,
57,gnb1,2026-08-19T10:37:39.536337,1561,PUCCH_CQI,0x46,,,,,,,,,,,111.8,15,2,,
57,gnb1,2026-08-19T10:37:40.115214,1601,PUCCH_CQI,0x46,,,,,,,,,,,111.8,15,2,,
57,gnb1,2026-08-19T10:37:40.649931,1641,PUCCH_CQI,0x46,,,,,,,,,,,111.8,15,2,,
57,gnb1,2026-08-19T10:37:41.212420,1681,PUCCH_CQI,0x46,,,,,,,,,,,111.8,15,2,,
57,gnb1,2026-08-19T10:37:41.798768,1721,PUCCH_CQI,0x46,,,,,,,,,,,111.8,15,2,,
57,gnb1,2026-08-19T10:37:42.327792,1761,PUCCH_CQI,0x46,,,,,,,,,,,111.8,15,2,,
57,gnb1,2026-08-19T10:37:42.888500,1801,PUCCH_CQI,0x46,,,,,,,,,,,111.8,15,2,,
57,gnb1,2026-08-19T10:37:43.477983,1841,PUCCH_CQI,0x46,,,,,,,,,,,111.8,15,2,,
57,gnb1,2026-08-19T10:37:44.059105,1881,PUCCH_CQI,0x46,,,,,,,,,,,111.8,15,2,,
57,gnb1,2026-08-19T10:37:44.590394,1921,PUCCH_CQI,0x46,,,,,,,,,,,111.8,15,2,,
57,gnb1,2026-08-19T10:37:45.147083,1961,PUCCH_CQI,0x46,,,,,,,,,,,111.8,15,2,,
57,gnb1,2026-08-19T10:37:45.708254,2001,PUCCH_CQI,0x46,,,,,,,,,,,111.8,15,2,,
57,gnb1,2026-08-19T10:37:46.269485,2041,PUCCH_CQI,0x46,,,,,,,,,,,111.8,15,2,,
57,gnb1,2026-08-19T10:37:46.820475,2081,PUCCH_CQI,0x46,,,,,,,,,,,111.8,15,2,,
57,gnb1,2026-08-19T10:37:47.383156,2121,PUCCH_CQI,0x46,,,,,,,,,,,111.8,15,2,,
57,gnb1,2026-08-19T10:37:47.963853,2161,PUCCH_CQI,0x46,,,,,,,,,,,111.8,15,2,,
57,gnb1,2026-08-19T10:37:48.529818,2201,PUCCH_CQI,0x46,,,,,,,,,,,111.8,15,2,,
57,gnb1,2026-08-19T10:37:49.100588,2241,PUCCH_CQI,0x46,,,,,,,,,,,111.8,15,2,,
57,gnb1,2026-08-19T10:37:49.658078,2281,PUCCH_CQI,0x46,,,,,,,,,,,111.8,15,2,,
57,gnb1,2026-08-19T10:37:50.213671,2321,PUCCH_CQI,0x46,,,,,,,,,,,111.8,15,2,,
57,gnb1,2026-08-19T10:37:50.786136,2361,PUCCH_CQI,0x46,,,,,,,,,,,111.8,15,2,,
57,gnb1,2026-08-19T10:37:51.335308,2401,PUCCH_CQI,0x46,,,,,,,,,,,111.8,15,2,,
57,gnb1,2026-08-19T10:37:51.884940,2441,PUCCH_CQI,0x46,,,,,,,,,,,111.8,15,2,,
57,gnb1,2026-08-19T10:37:52.438819,2481,PUCCH_CQI,0x46,,,,,,,,,,,111.8,15,2,,
57,gnb1,2026-08-19T10:37:52.961209,2521,PUCCH_CQI,0x46,,,,,,,,,,,111.8,15,2,,
57,gnb1,2026-08-19T10:37:53.502510,2561,PUCCH_CQI,0x46,,,,,,,,,,,111.8,15,2,,
57,gnb1,2026-08-19T10:37:54.033440,2601,PUCCH_CQI,0x46,,,,,,,,,,,111.8,15,2,,
57,gnb1,2026-08-19T10:37:54.563240,2641,PUCCH_CQI,0x46,,,,,,,,,,,111.8,15,2,,
57,gnb1,2026-08-19T10:37:55.094693,2681,PUCCH_CQI,0x46,,,,,,,,,,,111.8,15,2,,
57,gnb1,2026-08-19T10:37:55.660057,2721,PUCCH_CQI,0x46,,,,,,,,,,,111.8,15,2,,
57,gnb1,2026-08-19T10:37:56.202726,2761,PUCCH_CQI,0x46,,,,,,,,,,,111.8,15,2,,
57,gnb1,2026-08-19T10:37:56.749414,2801,PUCCH_CQI,0x46,,,,,,,,,,,111.8,15,2,,
57,gnb1,2026-08-19T10:37:57.286212,2841,PUCCH_CQI,0x46,,,,,,,,,,,111.8,15,2,,
57,gnb1,2026-08-19T10:37:57.830250,2881,PUCCH_CQI,0x46,,,,,,,,,,,111.8,15,2,,
57,gnb1,2026-08-19T10:37:58.352078,2921,PUCCH_CQI,0x46,,,,,,,,,,,111.8,15,2,,
57,gnb1,2026-08-19T10:37:58.901366,2961,PUCCH_CQI,0x46,,,,,,,,,,,111.8,15,2,,
57,gnb1,2026-08-19T10:37:59.454459,3001,PUCCH_CQI,0x46,,,,,,,,,,,111.8,15,2,,
57,gnb1,2026-08-19T10:38:00.017657,3041,PUCCH_CQI,0x46,,,,,,,,,,,111.8,15,2,,
57,gnb1,2026-08-19T10:38:00.559270,3081,PUCCH_CQI,0x46,,,,,,,,,,,111.8,15,2,,
57,gnb1,2026-08-19T10:38:01.128003,3121,PUCCH_CQI,0x46,,,,,,,,,,,111.8,15,2,,
57,gnb1,2026-08-19T10:38:01.668392,3161,PUCCH_CQI,0x46,,,,,,,,,,,111.8,15,2,,
57,gnb1,2026-08-19T10:38:02.233919,3201,PUCCH_CQI,0x46,,,,,,,,,,,111.8,15,2,,
57,gnb1,2026-08-19T10:38:02.782076,3241,PUCCH_CQI,0x46,,,,,,,,,,,111.8,15,2,,
57,gnb1,2026-08-19T10:38:03.315685,3281,PUCCH_CQI,0x46,,,,,,,,,,,111.8,15,2,,
57,gnb1,2026-08-19T10:38:03.852589,3321,PUCCH_CQI,0x46,,,,,,,,,,,111.8,15,2,,
57,gnb1,2026-08-19T10:38:04.402042,3361,PUCCH_CQI,0x46,,,,,,,,,,,111.8,15,2,,
57,gnb1,2026-08-19T10:38:04.958648,3401,PUCCH_CQI,0x46,,,,,,,,,,,111.8,15,2,,
57,gnb1,2026-08-19T10:38:05.495646,3441,PUCCH_CQI,0x46,,,,,,,,,,,111.8,15,2,,
57,gnb1,2026-08-19T10:38:06.049294,3481,PUCCH_CQI,0x46,,,,,,,,,,,111.8,15,2,,
57,gnb1,2026-08-19T10:38:06.585452,3521,PUCCH_CQI,0x46,,,,,,,,,,,111.8,15,2,,
57,gnb1,2026-08-19T10:38:07.116359,3561,PUCCH_CQI,0x46,,,,,,,,,,,111.8,15,2,,
57,gnb1,2026-08-19T10:38:07.663014,3601,PUCCH_CQI,0x46,,,,,,,,,,,111.8,15,2,,
57,gnb1,2026-08-19T10:38:08.187978,3641,PUCCH_CQI,0x46,,,,,,,,,,,111.8,15,2,,
57,gnb1,2026-08-19T10:38:08.715859,3681,PUCCH_CQI,0x46,,,,,,,,,,,111.8,15,2,,
57,gnb1,2026-08-19T10:38:09.279628,3721,PUCCH_CQI,0x46,,,,,,,,,,,111.8,15,2,,
57,gnb1,2026-08-19T10:38:09.796538,3760,BSR,0x46,,,,,,,,,,,,,,,0
57,gnb1,2026-08-19T10:38:09.804070,3761,PUCCH_CQI,0x46,,,,,,,,,,,111.8,15,2,,
57,gnb1,2026-08-19T10:38:09.900206,3768,PUSCH,0x46,,,,,2,8,517,4,111.4,379,,,,,
57,gnb1,2026-08-19T10:38:09.900301,3768,PHR,,,,,,,,,,,,,,,,
57,gnb1,2026-08-19T10:38:09.915493,3769,PDSCH,0x46,3,85,4,0,,,,,,,,,,,
57,gnb1,2026-08-19T10:38:10.051288,3780,BSR,0x46,,,,,,,,,,,,,,,0
57,gnb1,2026-08-19T10:38:10.156682,3788,PUSCH,0x46,,,,,2,8,517,4,111.4,184,,,,,
57,gnb1,2026-08-19T10:38:10.164179,3789,PDSCH,0x46,3,121,6,0,,,,,,,,,,,
57,gnb1,2026-08-19T10:38:10.319276,3800,BSR,0x46,,,,,,,,,,,,,,,0
57,gnb1,2026-08-19T10:38:10.344679,3801,PUCCH_CQI,0x46,,,,,,,,,,,111.8,15,2,,
57,gnb1,2026-08-19T10:38:10.439020,3808,PUSCH,0x46,,,,,2,8,517,4,111.4,187,,,,,
57,gnb1,2026-08-19T10:38:10.490428,3812,PDSCH,0x46,3,63,4,0,,,,,,,,,,,
57,gnb1,2026-08-19T10:38:10.589917,3819,PDSCH,0x46,3,7,2,0,,,,,,,,,,,
57,gnb1,2026-08-19T10:38:10.854766,3840,BSR,0x46,,,,,,,,,,,,,,,0
57,gnb1,2026-08-19T10:38:10.863755,3841,PUCCH_CQI,0x46,,,,,,,,,,,111.8,15,2,,
57,gnb1,2026-08-19T10:38:10.971798,3848,PUSCH,0x46,,,,,2,8,517,4,111.4,287,,,,,
57,gnb1,2026-08-19T10:38:10.971869,3848,PHR,,,,,,,,,,,,,,,,
57,gnb1,2026-08-19T10:38:10.979862,3849,PDSCH,0x46,3,121,6,0,,,,,,,,,,,
57,gnb1,2026-08-19T10:38:11.131383,3860,BSR,0x46,,,,,,,,,,,,,,,0
57,gnb1,2026-08-19T10:38:11.230908,3868,PUSCH,0x46,,,,,2,8,517,4,111.4,227,,,,,
57,gnb1,2026-08-19T10:38:11.240993,3869,PDSCH,0x46,3,85,4,0,,,,,,,,,,,
57,gnb1,2026-08-19T10:38:11.380977,3880,BSR,0x46,,,,,,,,,,,,,,,0
57,gnb1,2026-08-19T10:38:11.404027,3881,PUCCH_CQI,0x46,,,,,,,,,,,111.8,15,2,,
57,gnb1,2026-08-19T10:38:11.496399,3888,PUSCH,0x46,,,,,2,8,517,4,111.4,186,,,,,
57,gnb1,2026-08-19T10:38:11.505210,3889,PDSCH,0x46,50,4587,6,0,,,,,,,,,,,
57,gnb1,2026-08-19T10:38:11.514471,3890,PDSCH,0x46,50,4587,6,0,,,,,,,,,,,
57,gnb1,2026-08-19T10:38:11.535017,3891,PDSCH,0x46,50,4587,6,0,,,,,,,,,,,
57,gnb1,2026-08-19T10:38:11.546436,3892,PDSCH,0x46,6,437,6,0,,,,,,,,,,,
57,gnb1,2026-08-19T10:38:11.644935,3900,BSR,0x46,,,,,,,,,,,,,,,0
57,gnb1,2026-08-19T10:38:11.753155,3908,PUSCH,0x46,,,,,2,8,517,4,111.4,202,,,,,
57,gnb1,2026-08-19T10:38:11.753219,3908,PHR,,,,,,,,,,,,,,,,
57,gnb1,2026-08-19T10:38:11.764476,3909,BSR,0x46,,,,,,,,,,,,,,,0
57,gnb1,2026-08-19T10:38:11.868637,3917,PUSCH,0x46,,,,,2,11,749,4,108.5,610,,,,,
57,gnb1,2026-08-19T10:38:11.868702,3917,BSR,0x46,,,,,,,,,,,,,,,0
57,gnb1,2026-08-19T10:38:11.877429,3918,PDSCH,0x46,50,4587,6,0,,,,,,,,,,,
57,gnb1,2026-08-19T10:38:11.886641,3919,PDSCH,0x46,50,4587,6,0,,,,,,,,,,,
57,gnb1,2026-08-19T10:38:11.904484,3920,PDSCH,0x46,50,4587,6,0,,,,,,,,,,,
57,gnb1,2026-08-19T10:38:11.920087,3921,PUCCH_CQI,0x46,,,,,,,,,,,111.8,15,2,,
57,gnb1,2026-08-19T10:38:11.920823,3921,PDSCH,0x46,47,4395,6,0,,,,,,,,,,,
57,gnb1,2026-08-19T10:38:11.932939,3922,PDSCH,0x46,50,4587,6,0,,,,,,,,,,,
57,gnb1,2026-08-19T10:38:11.944893,3923,PDSCH,0x46,50,4587,6,0,,,,,,,,,,,
57,gnb1,2026-08-19T10:38:11.965431,3924,PDSCH,0x46,12,871,6,0,,,,,,,,,,,
57,gnb1,2026-08-19T10:38:11.974837,3925,PUSCH,0x46,,,,,2,11,749,4,108.5,285,,,,,
57,gnb1,2026-08-19T10:38:12.176510,3940,BSR,0x46,,,,,,,,,,,,,,,0
57,gnb1,2026-08-19T10:38:12.286474,3948,PUSCH,0x46,,,,,2,8,517,4,111.4,178,,,,,
57,gnb1,2026-08-19T10:38:12.299042,3949,BSR,0x46,,,,,,,,,,,,,,,0
57,gnb1,2026-08-19T10:38:12.299602,3949,PDSCH,0x46,50,4587,6,0,,,,,,,,,,,
57,gnb1,2026-08-19T10:38:12.311686,3950,PDSCH,0x46,50,4587,6,0,,,,,,,,,,,
57,gnb1,2026-08-19T10:38:12.331067,3951,PDSCH,0x46,50,4587,6,0,,,,,,,,,,,
57,gnb1,2026-08-19T10:38:12.344474,3952,PDSCH,0x46,50,4587,6,0,,,,,,,,,,,
57,gnb1,2026-08-19T10:38:12.357245,3953,PDSCH,0x46,50,4587,6,0,,,,,,,,,,,
57,gnb1,2026-08-19T10:38:12.373068,3954,PDSCH,0x46,48,3822,6,0,,,,,,,,,,,
57,gnb1,2026-08-19T10:38:12.413540,3957,PHR,,,,,,,,,,,,,,,,
57,gnb1,2026-08-19T10:38:12.413553,3957,PUSCH,0x46,,,,,2,4,293,4,117.9,214,,,,,
57,gnb1,2026-08-19T10:38:12.413619,3957,BSR,0x46,,,,,,,,,,,,,,,0
57,gnb1,2026-08-19T10:38:12.424253,3958,PDSCH,0x46,50,4587,6,0,,,,,,,,,,,
57,gnb1,2026-08-19T10:38:12.436169,3959,PDSCH,0x46,50,4587,6,0,,,,,,,,,,,
57,gnb1,2026-08-19T10:38:12.453378,3960,BSR,0x46,,,,,,,,,,,,,,,0
57,gnb1,2026-08-19T10:38:12.453956,3960,PDSCH,0x46,50,4587,6,0,,,,,,,,,,,
57,gnb1,2026-08-19T10:38:12.469293,3961,PUCCH_CQI,0x46,,,,,,,,,,,111.8,15,2a,,
57,gnb1,2026-08-19T10:38:12.480260,3962,PDSCH,0x46,24,1836,6,0,,,,,,,,,,,
57,gnb1,2026-08-19T10:38:12.516653,3965,PUSCH,0x46,,,,,2,4,293,4,117.9,101,,,,,
57,gnb1,2026-08-19T10:38:12.529520,3966,BSR,0x46,,,,,,,,,,,,,,,0
57,gnb1,2026-08-19T10:38:12.530220,3966,PDSCH,0x46,50,4587,6,0,,,,,,,,,,,
57,gnb1,2026-08-19T10:38:12.540563,3967,PDSCH,0x46,50,3963,6,0,,,,,,,,,,,
57,gnb1,2026-08-19T10:38:12.558497,3968,PUSCH,0x46,,,,,2,3,233,4,117.9,193,,,,,
57,gnb1,2026-08-19T10:38:12.558559,3968,BSR,0x46,,,,,,,,,,,,,,,0
57,gnb1,2026-08-19T10:38:12.568822,3969,BSR,0x46,,,,,,,,,,,,,,,0
57,gnb1,2026-08-19T10:38:12.569416,3969,PDSCH,0x46,50,4587,6,0,,,,,,,,,,,
57,gnb1,2026-08-19T10:38:12.581138,3970,PDSCH,0x46,33,2481,6,0,,,,,,,,,,,
57,gnb1,2026-08-19T10:38:12.648254,3974,PUSCH,0x46,,,,,2,9,621,4,110.0,326,,,,,
57,gnb1,2026-08-19T10:38:12.648370,3974,BSR,0x46,,,,,,,,,,,,,,,0
57,gnb1,2026-08-19T10:38:12.659594,3975,BSR,0x46,,,,,,,,,,,,,,,0
57,gnb1,2026-08-19T10:38:12.660307,3975,PDSCH,0x46,50,4587,6,0,,,,,,,,,,,
57,gnb1,2026-08-19T10:38:12.678099,3976,PUSCH,0x46,,,,,2,3,217,4,117.9,133,,,,,
57,gnb1,2026-08-19T10:38:12.678191,3976,BSR,0x46,,,,,,,,,,,,,,,0
57,gnb1,2026-08-19T10:38:12.678751,3976,PDSCH,0x46,50,4587,6,0,,,,,,,,,,,
57,gnb1,2026-08-19T10:38:12.693122,3977,PUSCH,0x46,,,,,2,4,249,4,117.9,157,,,,,
57,gnb1,2026-08-19T10:38:12.693211,3977,BSR,0x46,,,,,,,,,,,,,,,0
57,gnb1,2026-08-19T10:38:12.693928,3977,PDSCH,0x46,50,4587,6,0,,,,,,,,,,,
57,gnb1,2026-08-19T10:38:12.703047,3978,BSR,0x46,,,,,,,,,,,,,,,0
57,gnb1,2026-08-19T10:38:12.703610,3978,PDSCH,0x46,50,4587,6,0,,,,,,,,,,,
57,gnb1,2026-08-19T10:38:12.722185,3979,PDSCH,0x46,50,4587,6,0,,,,,,,,,,,
57,gnb1,2026-08-19T10:38:12.737514,3980,PDSCH,0x46,48,3822,6,0,,,,,,,,,,,
57,gnb1,2026-08-19T10:38:12.765377,3982,PUSCH,0x46,,,,,2,11,645,4,108.5,346,,,,,
57,gnb1,2026-08-19T10:38:12.765469,3982,BSR,0x46,,,,,,,,,,,,,,,0
57,gnb1,2026-08-19T10:38:12.779156,3983,PUSCH,0x46,,,,,2,3,233,4,117.9,184,,,,,
57,gnb1,2026-08-19T10:38:12.779806,3983,PDSCH,0x46,50,4587,6,0,,,,,,,,,,,
57,gnb1,2026-08-19T10:38:12.797380,3984,PUSCH,0x46,,,,,2,3,217,4,117.9,137,,,,,
57,gnb1,2026-08-19T10:38:12.798103,3984,PDSCH,0x46,50,4587,6,0,,,,,,,,,,,
57,gnb1,2026-08-19T10:38:12.811551,3985,PUSCH,0x46,,,,,2,8,517,4,111.4,293,,,,,
57,gnb1,2026-08-19T10:38:12.812288,3985,PDSCH,0x46,50,4587,6,0,,,,,,,,,,,
57,gnb1,2026-08-19T10:38:12.825842,3986,PUSCH,0x46,,,,,2,3,249,4,117.9,159,,,,,
57,gnb1,2026-08-19T10:38:12.826610,3986,PDSCH,0x46,50,4587,6,0,,,,,,,,,,,
57,gnb1,2026-08-19T10:38:12.845535,3987,PDSCH,0x46,50,4587,6,0,,,,,,,,,,,
57,gnb1,2026-08-19T10:38:12.859770,3988,PDSCH,0x46,50,4587,6,0,,,,,,,,,,,
57,gnb1,2026-08-19T10:38:12.871428,3989,PDSCH,0x46,50,4587,6,0,,,,,,,,,,,
57,gnb1,2026-08-19T10:38:12.886910,3990,PUSCH,0x46,,,,,2,11,645,4,108.5,261,,,,,
57,gnb1,2026-08-19T10:38:12.887232,3990,PDSCH,0x46,3,217,6,0,,,,,,,,,,,
57,gnb1,2026-08-19T10:38:12.899213,3991,PDSCH,0x46,50,4587,6,0,,,,,,,,,,,
57,gnb1,2026-08-19T10:38:12.913779,3992,PDSCH,0x46,50,4587,6,0,,,,,,,,,,,
57,gnb1,2026-08-19T10:38:12.928439,3993,PDSCH,0x46,50,4587,6,0,,,,,,,,,,,
57,gnb1,2026-08-19T10:38:12.944184,3994,PDSCH,0x46,6,325,6,0,,,,,,,,,,,
57,gnb1,2026-08-19T10:38:13.022072,4000,BSR,0x46,,,,,,,,,,,,,,,0
57,gnb1,2026-08-19T10:38:13.035763,4001,PUCCH_CQI,0x46,,,,,,,,,,,111.8,15,2a,,
57,gnb1,2026-08-19T10:38:13.137061,4008,PUSCH,0x46,,,,,2,8,517,4,111.4,157,,,,,
57,gnb1,2026-08-19T10:38:13.137112,4008,PHR,,,,,,,,,,,,,,,,
57,gnb1,2026-08-19T10:38:13.144268,4009,BSR,0x46,,,,,,,,,,,,,,,0
57,gnb1,2026-08-19T10:38:13.271728,4017,PUSCH,0x46,,,,,2,14,999,4,107.4,376,,,,,
57,gnb1,2026-08-19T10:38:13.271780,4017,BSR,0x46,,,,,,,,,,,,,,,0
57,gnb1,2026-08-19T10:38:13.284328,4018,PDSCH,0x46,50,4587,6,0,,,,,,,,,,,
57,gnb1,2026-08-19T10:38:13.297537,4019,PDSCH,0x46,50,4587,6,0,,,,,,,,,,,
57,gnb1,2026-08-19T10:38:13.316804,4020,PDSCH,0x46,50,4587,6,0,,,,,,,,,,,
57,gnb1,2026-08-19T10:38:13.332473,4021,PDSCH,0x46,47,4395,6,0,,,,,,,,,,,
57,gnb1,2026-08-19T10:38:13.342697,4022,PDSCH,0x46,50,4587,6,0,,,,,,,,,,,
57,gnb1,2026-08-19T10:38:13.356146,4023,PDSCH,0x46,50,4587,6,0,,,,,,,,,,,
57,gnb1,2026-08-19T10:38:13.376346,4024,PDSCH,0x46,50,4587,6,0,,,,,,,,,,,
57,gnb1,2026-08-19T10:38:13.385092,4025,PUSCH,0x46,,,,,2,14,999,4,107.4,386,,,,,
57,gnb1,2026-08-19T10:38:13.385638,4025,PDSCH,0x46,50,4587,6,0,,,,,,,,,,,
57,gnb1,2026-08-19T10:38:13.392791,4026,PDSCH,0x46,50,4587,6,0,,,,,,,,,,,
57,gnb1,2026-08-19T10:38:13.419487,4027,PDSCH,0x46,50,4587,6,0,,,,,,,,,,,
57,gnb1,2026-08-19T10:38:13.427467,4028,PDSCH,0x46,45,3542,6,0,,,,,,,,,,,
57,gnb1,2026-08-19T10:38:13.600696,4040,BSR,0x46,,,,,,,,,,,,,,,0
57,gnb1,2026-08-19T10:38:13.612234,4041,PUCCH_CQI,0x46,,,,,,,,,,,111.8,15,2,,
57,gnb1,2026-08-19T10:38:13.728999,4048,PUSCH,0x46,,,,,2,8,517,4,111.4,214,,,,,
57,gnb1,2026-08-19T10:38:13.747645,4049,BSR,0x46,,,,,,,,,,,,,,,0
57,gnb1,2026-08-19T10:38:13.748176,4049,PDSCH,0x46,50,4587,6,0,,,,,,,,,,,
57,gnb1,2026-08-19T10:38:13.766839,4050,PDSCH,0x46,50,4587,6,0,,,,,,,,,,,
57,gnb1,2026-08-19T10:38:13.783252,4051,PDSCH,0x46,50,4587,6,0,,,,,,,,,,,
57,gnb1,2026-08-19T10:38:13.795110,4052,PDSCH,0x46,50,4587,6,0,,,,,,,,,,,
57,gnb1,2026-08-19T10:38:13.812759,4053,PDSCH,0x46,50,4587,6,0,,,,,,,,,,,
57,gnb1,2026-08-19T10:38:13.826156,4054,PDSCH,0x46,48,3822,6,0,,,,,,,,,,,
57,gnb1,2026-08-19T10:38:13.871825,4057,PUSCH,0x46,,,,,2,8,573,4,111.4,272,,,,,
57,gnb1,2026-08-19T10:38:13.871886,4057,BSR,0x46,,,,,,,,,,,,,,,0
57,gnb1,2026-08-19T10:38:13.871911,4057,PHR,,,,,,,,,,,,,,,,
57,gnb1,2026-08-19T10:38:13.885616,4058,PDSCH,0x46,50,4587,6,0,,,,,,,,,,,
57,gnb1,2026-08-19T10:38:13.899106,4059,PDSCH,0x46,50,4587,6,0,,,,,,,,,,,
57,gnb1,2026-08-19T10:38:13.909827,4060,PDSCH,0x46,50,4587,6,0,,,,,,,,,,,
57,gnb1,2026-08-19T10:38:13.921842,4061,PDSCH,0x46,47,4395,6,0,,,,,,,,,,,
57,gnb1,2026-08-19T10:38:13.940917,4062,PDSCH,0x46,50,4587,6,0,,,,,,,,,,,
57,gnb1,2026-08-19T10:38:13.953371,4063,PDSCH,0x46,15,1191,6,0,,,,,,,,,,,
57,gnb1,2026-08-19T10:38:13.988746,4065,PUSCH,0x46,,,,,2,8,573,4,111.4,275,,,,,
57,gnb1,2026-08-19T10:38:13.988838,4065,BSR,0x46,,,,,,,,,,,,,,,0
57,gnb1,2026-08-19T10:38:14.003001,4066,PDSCH,0x46,50,4587,6,0,,,,,,,,,,,
57,gnb1,2026-08-19T10:38:14.027677,4067,PDSCH,0x46,50,4587,6,0,,,,,,,,,,,
57,gnb1,2026-08-19T10:38:14.038508,4068,PDSCH,0x46,50,4587,6,0,,,,,,,,,,,
57,gnb1,2026-08-19T10:38:14.051733,4069,PDSCH,0x46,50,4587,6,0,,,,,,,,,,,
57,gnb1,2026-08-19T10:38:14.076934,4070,PDSCH,0x46,50,4587,6,0,,,,,,,,,,,
57,gnb1,2026-08-19T10:38:14.088758,4071,PDSCH,0x46,50,4587,6,0,,,,,,,,,,,
57,gnb1,2026-08-19T10:38:14.101069,4072,PDSCH,0x46,9,597,6,0,,,,,,,,,,,
57,gnb1,2026-08-19T10:38:14.123717,4073,PUSCH,0x46,,,,,2,8,517,4,111.4,254,,,,,
57,gnb1,2026-08-19T10:38:14.139480,4074,PDSCH,0x46,50,4587,6,0,,,,,,,,,,,
57,gnb1,2026-08-19T10:38:14.152394,4075,PDSCH,0x46,50,4587,6,0,,,,,,,,,,,
57,gnb1,2026-08-19T10:38:14.166650,4076,PDSCH,0x46,50,4587,6,0,,,,,,,,,,,
57,gnb1,2026-08-19T10:38:14.183388,4077,PDSCH,0x46,50,4587,6,0,,,,,,,,,,,
57,gnb1,2026-08-19T10:38:14.199296,4078,PDSCH,0x46,50,4587,6,0,,,,,,,,,,,
57,gnb1,2026-08-19T10:38:14.224793,4079,PDSCH,0x46,15,999,6,0,,,,,,,,,,,
57,gnb1,2026-08-19T10:38:14.235427,4080,BSR,0x46,,,,,,,,,,,,,,,0
57,gnb1,2026-08-19T10:38:14.247011,4081,PUCCH_CQI,0x46,,,,,,,,,,,111.8,15,2,,
57,gnb1,2026-08-19T10:38:14.369784,4088,PUSCH,0x46,,,,,2,8,517,4,111.4,194,,,,,
57,gnb1,2026-08-19T10:38:14.382355,4089,BSR,0x46,,,,,,,,,,,,,,,0
57,gnb1,2026-08-19T10:38:14.382908,4089,PDSCH,0x46,50,4587,6,0,,,,,,,,,,,
57,gnb1,2026-08-19T10:38:14.405242,4090,PDSCH,0x46,50,4587,6,0,,,,,,,,,,,
57,gnb1,2026-08-19T10:38:14.415242,4091,PDSCH,0x46,50,4587,6,0,,,,,,,,,,,
57,gnb1,2026-08-19T10:38:14.429031,4092,PDSCH,0x46,50,4587,6,0,,,,,,,,,,,
57,gnb1,2026-08-19T10:38:14.450269,4093,PDSCH,0x46,50,4587,6,0,,,,,,,,,,,
57,gnb1,2026-08-19T10:38:14.464144,4094,PDSCH,0x46,30,2385,6,0,,,,,,,,,,,
57,gnb1,2026-08-19T10:38:14.513138,4097,PUSCH,0x46,,,,,2,9,621,4,110.0,311,,,,,
57,gnb1,2026-08-19T10:38:14.513200,4097,BSR,0x46,,,,,,,,,,,,,,,0
57,gnb1,2026-08-19T10:38:14.526724,4098,PDSCH,0x46,50,4587,6,0,,,,,,,,,,,
57,gnb1,2026-08-19T10:38:14.546049,4099,PDSCH,0x46,50,4587,6,0,,,,,,,,,,,
57,gnb1,2026-08-19T10:38:14.557548,4100,PDSCH,0x46,50,4587,6,0,,,,,,,,,,,
57,gnb1,2026-08-19T10:38:14.571722,4101,PDSCH,0x46,47,4395,6,0,,,,,,,,,,,
57,gnb1,2026-08-19T10:38:14.594182,4102,PDSCH,0x46,50,4587,6,0,,,,,,,,,,,
57,gnb1,2026-08-19T10:38:14.604941,4103,PDSCH,0x46,50,4587,6,0,,,,,,,,,,,
57,gnb1,2026-08-19T10:38:14.632613,4104,PDSCH,0x46,48,3662,6,0,,,,,,,,,,,
57,gnb1,2026-08-19T10:38:14.649469,4105,PUSCH,0x46,,,,,2,9,621,4,110.0,226,,,,,
57,gnb1,2026-08-19T10:38:14.649530,4105,BSR,0x46,,,,,,,,,,,,,,,0
57,gnb1,2026-08-19T10:38:14.666843,4106,PDSCH,0x46,50,4587,6,0,,,,,,,,,,,
57,gnb1,2026-08-19T10:38:14.685352,4107,PDSCH,0x46,50,4587,6,0,,,,,,,,,,,
57,gnb1,2026-08-19T10:38:14.695809,4108,PDSCH,0x46,50,4587,6,0,,,,,,,,,,,
57,gnb1,2026-08-19T10:38:14.707846,4109,PDSCH,0x46,50,4587,6,0,,,,,,,,,,,
57,gnb1,2026-08-19T10:38:14.731681,4110,PDSCH,0x46,50,4587,6,0,,,,,,,,,,,
57,gnb1,2026-08-19T10:38:14.746205,4111,PDSCH,0x46,48,3822,6,0,,,,,,,,,,,
57,gnb1,2026-08-19T10:38:14.777883,4113,PUSCH,0x46,,,,,2,8,517,4,111.4,201,,,,,
57,gnb1,2026-08-19T10:38:14.777951,4113,PHR,,,,,,,,,,,,,,,,
57,gnb1,2026-08-19T10:38:14.802072,4114,BSR,0x46,,,,,,,,,,,,,,,0
57,gnb1,2026-08-19T10:38:14.877334,4119,PDSCH,0x46,3,7,2,0,,,,,,,,,,,
57,gnb1,2026-08-19T10:38:14.918048,4121,PUCCH_CQI,0x46,,,,,,,,,,,111.8,15,2,,
57,gnb1,2026-08-19T10:38:14.931668,4122,PUSCH,0x46,,,,,2,9,621,4,110.0,278,,,,,
57,gnb1,2026-08-19T10:38:14.931738,4122,BSR,0x46,,,,,,,,,,,,,,,0
57,gnb1,2026-08-19T10:38:14.945687,4123,BSR,0x46,,,,,,,,,,,,,,,0
57,gnb1,2026-08-19T10:38:14.946191,4123,PDSCH,0x46,50,4587,6,0,,,,,,,,,,,
57,gnb1,2026-08-19T10:38:14.972372,4124,PDSCH,0x46,50,4587,6,0,,,,,,,,,,,
57,gnb1,2026-08-19T10:38:14.984276,4125,PDSCH,0x46,50,4587,6,0,,,,,,,,,,,
57,gnb1,2026-08-19T10:38:15.004707,4126,PDSCH,0x46,50,4587,6,0,,,,,,,,,,,
57,gnb1,2026-08-19T10:38:15.017598,4127,PDSCH,0x46,50,4587,6,0,,,,,,,,,,,
57,gnb1,2026-08-19T10:38:15.027346,4128,PDSCH,0x46,50,4587,6,0,,,,,,,,,,,
57,gnb1,2026-08-19T10:38:15.049243,4129,PDSCH,0x46,50,4587,6,0,,,,,,,,,,,
57,gnb1,2026-08-19T10:38:15.064479,4130,PUSCH,0x46,,,,,2,9,621,4,110.0,220,,,,,
57,gnb1,2026-08-19T10:38:15.064582,4130,BSR,0x46,,,,,,,,,,,,,,,0
57,gnb1,2026-08-19T10:38:15.065011,4130,PDSCH,0x46,39,3062,6,0,,,,,,,,,,,
57,gnb1,2026-08-19T10:38:15.080362,4131,PUSCH,0x46,,,,,10,3,249,4,104.5,151,,,,,
57,gnb1,2026-08-19T10:38:15.080981,4131,PDSCH,0x46,50,4587,6,0,,,,,,,,,,,
57,gnb1,2026-08-19T10:38:15.095887,4132,PDSCH,0x46,50,4587,6,0,,,,,,,,,,,
57,gnb1,2026-08-19T10:38:15.111631,4133,PDSCH,0x46,50,4587,6,0,,,,,,,,,,,
57,gnb1,2026-08-19T10:38:15.135836,4134,PDSCH,0x46,50,4587,6,0,,,,,,,,,,,
57,gnb1,2026-08-19T10:38:15.147790,4135,PDSCH,0x46,50,4587,6,0,,,,,,,,,,,
57,gnb1,2026-08-19T10:38:15.164573,4136,PDSCH,0x46,33,2385,6,0,,,,,,,,,,,
57,gnb1,2026-08-19T10:38:15.201535,4138,PUSCH,0x46,,,,,2,9,621,4,110.0,322,,,,,
57,gnb1,2026-08-19T10:38:15.218742,4139,PDSCH,0x46,50,4587,6,0,,,,,,,,,,,
57,gnb1,2026-08-19T10:38:15.230726,4140,BSR,0x46,,,,,,,,,,,,,,,0
57,gnb1,2026-08-19T10:38:15.231279,4140,PDSCH,0x46,50,4587,6,0,,,,,,,,,,,
57,gnb1,2026-08-19T10:38:15.248113,4141,PDSCH,0x46,47,4395,6,0,,,,,,,,,,,
57,gnb1,2026-08-19T10:38:15.264574,4142,PDSCH,0x46,50,4587,6,0,,,,,,,,,,,
57,gnb1,2026-08-19T10:38:15.276516,4143,PDSCH,0x46,50,4587,6,0,,,,,,,,,,,
57,gnb1,2026-08-19T10:38:15.300504,4144,PDSCH,0x46,50,4587,6,0,,,,,,,,,,,
57,gnb1,2026-08-19T10:38:15.312004,4145,PDSCH,0x46,50,4587,6,0,,,,,,,,,,,
57,gnb1,2026-08-19T10:38:15.326375,4146,PDSCH,0x46,9,453,6,0,,,,,,,,,,,
57,gnb1,2026-08-19T10:38:15.360625,4148,PUSCH,0x46,,,,,2,8,517,4,111.4,245,,,,,
57,gnb1,2026-08-19T10:38:15.386511,4149,BSR,0x46,,,,,,,,,,,,,,,0
57,gnb1,2026-08-19T10:38:15.386963,4149,PDSCH,0x46,50,4587,6,0,,,,,,,,,,,
57,gnb1,2026-08-19T10:38:15.398176,4150,PDSCH,0x46,50,4587,6,0,,,,,,,,,,,
57,gnb1,2026-08-19T10:38:15.415228,4151,PDSCH,0x46,50,4587,6,0,,,,,,,,,,,
57,gnb1,2026-08-19T10:38:15.430694,4152,PDSCH,0x46,50,4587,6,0,,,,,,,,,,,
57,gnb1,2026-08-19T10:38:15.445955,4153,PDSCH,0x46,50,4587,6,0,,,,,,,,,,,
57,gnb1,2026-08-19T10:38:15.460707,4154,PDSCH,0x46,30,2385,6,0,,,,,,,,,,,
57,gnb1,2026-08-19T10:38:15.509299,4157,PUSCH,0x46,,,,,2,2,185,4,117.9,143,,,,,
57,gnb1,2026-08-19T10:38:15.509363,4157,BSR,0x46,,,,,,,,,,,,,,,0
57,gnb1,2026-08-19T10:38:15.529359,4158,BSR,0x46,,,,,,,,,,,,,,,0
57,gnb1,2026-08-19T10:38:15.529882,4158,PDSCH,0x46,50,4587,6,0,,,,,,,,,,,
57,gnb1,2026-08-19T10:38:15.544375,4159,PDSCH,0x46,50,3963,6,0,,,,,,,,,,,
57,gnb1,2026-08-19T10:38:15.574489,4161,PUCCH_CQI,0x46,,,,,,,,,,,111.8,15,2a,,
57,gnb1,2026-08-19T10:38:15.642576,4165,PUSCH,0x46,,,,,2,2,185,4,117.9,120,,,,,
57,gnb1,2026-08-19T10:38:15.642642,4165,BSR,0x46,,,,,,,,,,,,,,,0
57,gnb1,2026-08-19T10:38:15.642682,4165,PHR,,,,,,,,,,,,,,,,
57,gnb1,2026-08-19T10:38:15.664143,4166,PUSCH,0x46,,,,,2,4,249,4,117.9,151,,,,,
57,gnb1,2026-08-19T10:38:15.664213,4166,BSR,0x46,,,,,,,,,,,,,,,0
57,gnb1,2026-08-19T10:38:15.677828,4167,BSR,0x46,,,,,,,,,,,,,,,0
57,gnb1,2026-08-19T10:38:15.678277,4167,PDSCH,0x46,50,4587,6,0,,,,,,,,,,,
57,gnb1,2026-08-19T10:38:15.697125,4168,PDSCH,0x46,50,4587,6,0,,,,,,,,,,,
57,gnb1,2026-08-19T10:38:15.710315,4169,PDSCH,0x46,45,3542,6,0,,,,,,,,,,,
57,gnb1,2026-08-19T10:38:15.768649,4173,PUSCH,0x46,,,,,2,3,193,4,117.9,122,,,,,
57,gnb1,2026-08-19T10:38:15.768721,4173,BSR,0x46,,,,,,,,,,,,,,,0
57,gnb1,2026-08-19T10:38:15.783337,4174,PUSCH,0x46,,,,,2,17,1143,4,106.8,559,,,,,
57,gnb1,2026-08-19T10:38:15.783443,4174,BSR,0x46,,,,,,,,,,,,,,,0
57,gnb1,2026-08-19T10:38:15.784057,4174,PDSCH,0x46,50,4587,6,0,,,,,,,,,,,
57,gnb1,2026-08-19T10:38:15.801274,4175,PUSCH,0x46,,,,,2,4,269,4,118.0,177,,,,,
57,gnb1,2026-08-19T10:38:15.801869,4175,PDSCH,0x46,47,4395,6,0,,,,,,,,,,,
57,gnb1,2026-08-19T10:38:15.814906,4176,PDSCH,0x46,50,4587,6,0,,,,,,,,,,,
57,gnb1,2026-08-19T10:38:15.833912,4177,PDSCH,0x46,50,4587,6,0,,,,,,,,,,,
57,gnb1,2026-08-19T10:38:15.849051,4178,PDSCH,0x46,50,4587,6,0,,,,,,,,,,,
57,gnb1,2026-08-19T10:38:15.862042,4179,PDSCH,0x46,50,4587,6,0,,,,,,,,,,,
57,gnb1,2026-08-19T10:38:15.884802,4180,PDSCH,0x46,50,4587,6,0,,,,,,,,,,,
57,gnb1,2026-08-19T10:38:15.899066,4181,PUSCH,0x46,,,,,10,2,185,4,104.4,90,,,,,
57,gnb1,2026-08-19T10:38:15.899675,4181,PDSCH,0x46,47,4395,6,0,,,,,,,,,,,
57,gnb1,2026-08-19T10:38:15.915832,4182,PUSCH,0x46,,,,,2,23,1527,4,106.4,583,,,,,
57,gnb1,2026-08-19T10:38:15.915948,4182,BSR,0x46,,,,,,,,,,,,,,,0
57,gnb1,2026-08-19T10:38:15.916446,4182,PDSCH,0x46,50,4587,6,0,,,,,,,,,,,
57,gnb1,2026-08-19T10:38:15.930335,4183,PDSCH,0x46,50,4587,6,0,,,,,,,,,,,
57,gnb1,2026-08-19T10:38:15.943514,4184,PDSCH,0x46,50,4587,6,0,,,,,,,,,,,
57,gnb1,2026-08-19T10:38:15.958190,4185,PDSCH,0x46,50,4587,6,0,,,,,,,,,,,
57,gnb1,2026-08-19T10:38:15.981000,4186,PDSCH,0x46,50,4587,6,0,,,,,,,,,,,
57,gnb1,2026-08-19T10:38:15.995576,4187,PDSCH,0x46,50,4587,6,0,,,,,,,,,,,
57,gnb1,2026-08-19T10:38:16.016390,4188,PDSCH,0x46,48,3662,6,0,,,,,,,,,,,
57,gnb1,2026-08-19T10:38:16.045723,4190,PUSCH,0x46,,,,,2,0,47,4,117.8,168,,,,,
57,gnb1,2026-08-19T10:38:16.070624,4191,BSR,0x46,,,,,,,,,,,,,,,0
57,gnb1,2026-08-19T10:38:16.206618,4199,PUSCH,0x46,,,,,2,11,749,4,108.5,269,,,,,
57,gnb1,2026-08-19T10:38:16.206676,4199,BSR,0x46,,,,,,,,,,,,,,,0
57,gnb1,2026-08-19T10:38:16.228316,4200,BSR,0x46,,,,,,,,,,,,,,,0
57,gnb1,2026-08-19T10:38:16.228911,4200,PDSCH,0x46,50,4587,6,0,,,,,,,,,,,
57,gnb1,2026-08-19T10:38:16.244212,4201,PUCCH_CQI,0x46,,,,,,,,,,,111.8,15,2,,
57,gnb1,2026-08-19T10:38:16.244851,4201,PDSCH,0x46,47,4395,6,0,,,,,,,,,,,
57,gnb1,2026-08-19T10:38:16.263264,4202,PDSCH,0x46,50,4587,6,0,,,,,,,,,,,
57,gnb1,2026-08-19T10:38:16.275544,4203,PDSCH,0x46,50,4587,6,0,,,,,,,,,,,
57,gnb1,2026-08-19T10:38:16.297695,4204,PDSCH,0x46,50,4587,6,0,,,,,,,,,,,
57,gnb1,2026-08-19T10:38:16.314105,4205,PDSCH,0x46,50,4587,6,0,,,,,,,,,,,
57,gnb1,2026-08-19T10:38:16.334529,4206,PDSCH,0x46,50,4587,6,0,,,,,,,,,,,
57,gnb1,2026-08-19T10:38:16.349105,4207,PUSCH,0x46,,,,,2,11,749,4,108.5,233,,,,,
57,gnb1,2026-08-19T10:38:16.349168,4207,BSR,0x46,,,,,,,,,,,,,,,0
57,gnb1,2026-08-19T10:38:16.349687,4207,PDSCH,0x46,50,4587,6,0,,,,,,,,,,,
57,gnb1,2026-08-19T10:38:16.376595,4208,PUSCH,0x46,,,,,2,3,233,4,117.9,123,,,,,
57,gnb1,2026-08-19T10:38:16.377208,4208,PDSCH,0x46,50,4587,6,0,,,,,,,,,,,
57,gnb1,2026-08-19T10:38:16.398207,4209,PDSCH,0x46,50,4587,6,0,,,,,,,,,,,
57,gnb1,2026-08-19T10:38:16.411862,4210,PDSCH,0x46,50,4587,6,0,,,,,,,,,,,
57,gnb1,2026-08-19T10:38:16.429277,4211,PDSCH,0x46,50,4587,6,0,,,,,,,,,,,
57,gnb1,2026-08-19T10:38:16.448325,4212,PDSCH,0x46,50,4587,6,0,,,,,,,,,,,
57,gnb1,2026-08-19T10:38:16.462721,4213,PDSCH,0x46,50,4587,6,0,,,,,,,,,,,
57,gnb1,2026-08-19T10:38:16.492272,4214,PDSCH,0x46,50,4587,6,0,,,,,,,,,,,
57,gnb1,2026-08-19T10:38:16.506282,4215,PUSCH,0x46,,,,,2,11,749,4,108.5,222,,,,,
57,gnb1,2026-08-19T10:38:16.506456,4215,PHR,,,,,,,,,,,,,,,,
57,gnb1,2026-08-19T10:38:16.506842,4215,PDSCH,0x46,50,4587,6,0,,,,,,,,,,,
57,gnb1,2026-08-19T10:38:16.536868,4216,BSR,0x46,,,,,,,,,,,,,,,0
57,gnb1,2026-08-19T10:38:16.537460,4216,PDSCH,0x46,50,4587,6,0,,,,,,,,,,,
57,gnb1,2026-08-19T10:38:16.589377,4219,PDSCH,0x46,3,7,2,0,,,,,,,,,,,
57,gnb1,2026-08-19T10:38:16.673177,4224,PUSCH,0x46,,,,,2,9,621,4,110.0,256,,,,,
57,gnb1,2026-08-19T10:38:16.673244,4224,BSR,0x46,,,,,,,,,,,,,,,0
57,gnb1,2026-08-19T10:38:16.690304,4225,BSR,0x46,,,,,,,,,,,,,,,0
57,gnb1,2026-08-19T10:38:16.809029,4232,PUSCH,0x46,,,,,2,9,621,4,110.0,197,,,,,
57,gnb1,2026-08-19T10:38:16.809088,4232,BSR,0x46,,,,,,,,,,,,,,,0
57,gnb1,2026-08-19T10:38:16.837625,4233,PUSCH,0x46,,,,,2,14,999,4,107.4,313,,,,,
57,gnb1,2026-08-19T10:38:16.837714,4233,BSR,0x46,,,,,,,,,,,,,,,1
57,gnb1,2026-08-19T10:38:16.838214,4233,PDSCH,0x46,50,4587,6,0,,,,,,,,,,,
57,gnb1,2026-08-19T10:38:16.850120,4234,PDSCH,0x46,50,4587,6,0,,,,,,,,,,,
57,gnb1,2026-08-19T10:38:16.879814,4235,PDSCH,0x46,50,4587,6,0,,,,,,,,,,,
57,gnb1,2026-08-19T10:38:16.893765,4236,PDSCH,0x46,50,4587,6,0,,,,,,,,,,,
57,gnb1,2026-08-19T10:38:16.914073,4237,PDSCH,0x46,50,4587,6,0,,,,,,,,,,,
57,gnb1,2026-08-19T10:38:16.931538,4238,PDSCH,0x46,50,4587,6,0,,,,,,,,,,,
57,gnb1,2026-08-19T10:38:16.943818,4239,PDSCH,0x46,50,4587,6,0,,,,,,,,,,,
57,gnb1,2026-08-19T10:38:16.964382,4240,PUSCH,0x46,,,,,2,8,573,4,111.4,213,,,,,
57,gnb1,2026-08-19T10:38:16.964919,4240,PDSCH,0x46,50,4587,6,0,,,,,,,,,,,
57,gnb1,2026-08-19T10:38:16.980742,4241,PUSCH,0x46,,,,,10,19,1239,4,105.8,451,,,,,
57,gnb1,2026-08-19T10:38:16.981308,4241,PDSCH,0x46,47,4395,6,0,,,,,,,,,,,
57,gnb1,2026-08-19T10:38:16.995904,4242,PDSCH,0x46,50,4587,6,0,,,,,,,,,,,
57,gnb1,2026-08-19T10:38:17.021644,4243,PDSCH,0x46,50,4587,6,0,,,,,,,,,,,
57,gnb1,2026-08-19T10:38:17.037863,4244,PDSCH,0x46,50,4587,6,0,,,,,,,,,,,
57,gnb1,2026-08-19T10:38:17.060477,4245,PDSCH,0x46,50,4587,6,0,,,,,,,,,,,
57,gnb1,2026-08-19T10:38:17.073630,4246,PDSCH,0x46,50,4587,6,0,,,,,,,,,,,
57,gnb1,2026-08-19T10:38:17.102238,4247,PDSCH,0x46,50,4587,6,0,,,,,,,,,,,
57,gnb1,2026-08-19T10:38:17.116140,4248,PDSCH,0x46,50,4587,6,0,,,,,,,,,,,
57,gnb1,2026-08-19T10:38:17.136996,4249,PDSCH,0x46,50,4587,6,0,,,,,,,,,,,
57,gnb1,2026-08-19T10:38:17.156131,4250,PDSCH,0x46,50,4587,6,0,,,,,,,,,,,
57,gnb1,2026-08-19T10:38:17.173142,4251,PDSCH,0x46,50,4587,6,0,,,,,,,,,,,
57,gnb1,2026-08-19T10:38:17.197746,4252,PDSCH,0x46,50,4587,6,0,,,,,,,,,,,
57,gnb1,2026-08-19T10:38:17.210850,4253,PDSCH,0x46,18,1287,6,0,,,,,,,,,,,
57,gnb1,2026-08-19T10:38:17.351989,4260,BSR,0x46,,,,,,,,,,,,,,,0
57,gnb1,2026-08-19T10:38:17.490579,4268,PUSCH,0x46,,,,,2,8,517,4,111.4,228,,,,,
57,gnb1,2026-08-19T10:38:17.490633,4268,PHR,,,,,,,,,,,,,,,,
57,gnb1,2026-08-19T10:38:17.505186,4269,BSR,0x46,,,,,,,,,,,,,,,0
57,gnb1,2026-08-19T10:38:17.505833,4269,PDSCH,0x46,50,4587,6,0,,,,,,,,,,,
57,gnb1,2026-08-19T10:38:17.522153,4270,PDSCH,0x46,50,4587,6,0,,,,,,,,,,,
57,gnb1,2026-08-19T10:38:17.537435,4271,PDSCH,0x46,50,4587,6,0,,,,,,,,,,,
57,gnb1,2026-08-19T10:38:17.553740,4272,PDSCH,0x46,50,4587,6,0,,,,,,,,,,,
57,gnb1,2026-08-19T10:38:17.571129,4273,PDSCH,0x46,50,4587,6,0,,,,,,,,,,,
57,gnb1,2026-08-19T10:38:17.586652,4274,PDSCH,0x46,50,4587,6,0,,,,,,,,,,,
57,gnb1,2026-08-19T10:38:17.601814,4275,PDSCH,0x46,50,4587,6,0,,,,,,,,,,,
57,gnb1,2026-08-19T10:38:17.616509,4276,PDSCH,0x46,50,4587,6,0,,,,,,,,,,,
57,gnb1,2026-08-19T10:38:17.633881,4277,PUSCH,0x46,,,,,2,24,1572,4,106.6,588,,,,,
57,gnb1,2026-08-19T10:38:17.633964,4277,BSR,0x46,,,,,,,,,,,,,,,0
57,gnb1,2026-08-19T10:38:17.634327,4277,PDSCH,0x46,18,1287,6,0,,,,,,,,,,,
57,gnb1,2026-08-19T10:38:17.651128,4278,PDSCH,0x46,50,4587,6,0,,,,,,,,,,,
57,gnb1,2026-08-19T10:38:17.675445,4279,PDSCH,0x46,50,4587,6,0,,,,,,,,,,,
57,gnb1,2026-08-19T10:38:17.691986,4280,PDSCH,0x46,50,4587,6,0,,,,,,,,,,,
57,gnb1,2026-08-19T10:38:17.708553,4281,PUCCH_CQI,0x46,,,,,,,,,,,111.8,15,2a,,
57,gnb1,2026-08-19T10:38:17.709187,4281,PDSCH,0x46,47,4395,6,0,,,,,,,,,,,
57,gnb1,2026-08-19T10:38:17.732433,4282,PDSCH,0x46,50,4587,6,0,,,,,,,,,,,
57,gnb1,2026-08-19T10:38:17.750192,4283,PDSCH,0x46,50,4587,6,0,,,,,,,,,,,
57,gnb1,2026-08-19T10:38:17.770644,4284,PDSCH,0x46,50,4587,6,0,,,,,,,,,,,
57,gnb1,2026-08-19T10:38:17.786053,4285,PUSCH,0x46,,,,,2,24,1572,4,106.6,590,,,,,
57,gnb1,2026-08-19T10:38:17.786157,4285,BSR,0x46,,,,,,,,,,,,,,,0
57,gnb1,2026-08-19T10:38:17.786828,4285,PDSCH,0x46,50,4587,6,0,,,,,,,,,,,
57,gnb1,2026-08-19T10:38:17.803480,4286,PDSCH,0x46,50,4587,6,0,,,,,,,,,,,
57,gnb1,2026-08-19T10:38:17.823320,4287,PDSCH,0x46,50,4587,6,0,,,,,,,,,,,
57,gnb1,2026-08-19T10:38:17.839951,4288,PDSCH,0x46,50,4587,6,0,,,,,,,,,,,
57,gnb1,2026-08-19T10:38:17.862822,4289,PDSCH,0x46,50,4587,6,0,,,,,,,,,,,
57,gnb1,2026-08-19T10:38:17.878037,4290,PDSCH,0x46,50,4587,6,0,,,,,,,,,,,
57,gnb1,2026-08-19T10:38:17.907961,4291,PDSCH,0x46,50,4587,6,0,,,,,,,,,,,
57,gnb1,2026-08-19T10:38:17.924740,4292,PDSCH,0x46,50,4587,6,0,,,,,,,,,,,
57,gnb1,2026-08-19T10:38:17.945809,4293,PUSCH,0x46,,,,,2,8,517,4,111.4,236,,,,,
57,gnb1,2026-08-19T10:38:17.946494,4293,PDSCH,0x46,50,4587,6,0,,,,,,,,,,,
57,gnb1,2026-08-19T10:38:17.961080,4294,BSR,0x46,,,,,,,,,,,,,,,0
57,gnb1,2026-08-19T10:38:17.961536,4294,PDSCH,0x46,50,4587,6,0,,,,,,,,,,,
57,gnb1,2026-08-19T10:38:17.980404,4295,PDSCH,0x46,50,4587,6,0,,,,,,,,,,,
57,gnb1,2026-08-19T10:38:17.997273,4296,PDSCH,0x46,50,4587,6,0,,,,,,,,,,,
57,gnb1,2026-08-19T10:38:18.013364,4297,PDSCH,0x46,50,4587,6,0,,,,,,,,,,,
57,gnb1,2026-08-19T10:38:18.038727,4298,PDSCH,0x46,50,4587,6,0,,,,,,,,,,,
57,gnb1,2026-08-19T10:38:18.053928,4299,PDSCH,0x46,50,4587,6,0,,,,,,,,,,,
57,gnb1,2026-08-19T10:38:18.082447,4300,PDSCH,0x46,50,4587,6,0,,,,,,,,,,,
57,gnb1,2026-08-19T10:38:18.096398,4301,PDSCH,0x46,47,4395,6,0,,,,,,,,,,,
57,gnb1,2026-08-19T10:38:18.123481,4302,PUSCH,0x46,,,,,2,17,1143,4,106.8,406,,,,,
57,gnb1,2026-08-19T10:38:18.123593,4302,BSR,0x46,,,,,,,,,,,,,,,0
57,gnb1,2026-08-19T10:38:18.124254,4302,PDSCH,0x46,50,4587,6,0,,,,,,,,,,,
57,gnb1,2026-08-19T10:38:18.137066,4303,BSR,0x46,,,,,,,,,,,,,,,0
57,gnb1,2026-08-19T10:38:18.137546,4303,PDSCH,0x46,50,4587,6,0,,,,,,,,,,,
57,gnb1,2026-08-19T10:38:18.162911,4304,PDSCH,0x46,50,4587,6,0,,,,,,,,,,,
57,gnb1,2026-08-19T10:38:18.178788,4305,PDSCH,0x46,50,4587,6,0,,,,,,,,,,,
57,gnb1,2026-08-19T10:38:18.197947,4306,PDSCH,0x46,50,4587,6,0,,,,,,,,,,,
57,gnb1,2026-08-19T10:38:18.216845,4307,PDSCH,0x46,50,4587,6,0,,,,,,,,,,,
57,gnb1,2026-08-19T10:38:18.243371,4308,PDSCH,0x46,50,4587,6,0,,,,,,,,,,,
57,gnb1,2026-08-19T10:38:18.260855,4309,PDSCH,0x46,50,4587,6,0,,,,,,,,,,,
57,gnb1,2026-08-19T10:38:18.279746,4310,PUSCH,0x46,,,,,2,17,1143,4,106.8,529,,,,,
57,gnb1,2026-08-19T10:38:18.279839,4310,BSR,0x46,,,,,,,,,,,,,,,0
57,gnb1,2026-08-19T10:38:18.280502,4310,PDSCH,0x46,50,4587,6,0,,,,,,,,,,,
57,gnb1,2026-08-19T10:38:18.299617,4311,PUSCH,0x46,,,,,10,4,269,4,104.5,138,,,,,
57,gnb1,2026-08-19T10:38:18.299702,4311,BSR,0x46,,,,,,,,,,,,,,,0
57,gnb1,2026-08-19T10:38:18.300179,4311,PDSCH,0x46,50,4587,6,0,,,,,,,,,,,
57,gnb1,2026-08-19T10:38:18.313736,4312,BSR,0x46,,,,,,,,,,,,,,,0
57,gnb1,2026-08-19T10:38:18.314292,4312,PDSCH,0x46,50,4587,6,0,,,,,,,,,,,
57,gnb1,2026-08-19T10:38:18.341849,4313,PDSCH,0x46,50,4587,6,0,,,,,,,,,,,
57,gnb1,2026-08-19T10:38:18.356944,4314,PDSCH,0x46,50,4587,6,0,,,,,,,,,,,
57,gnb1,2026-08-19T10:38:18.384066,4315,PDSCH,0x46,50,4587,6,0,,,,,,,,,,,
57,gnb1,2026-08-19T10:38:18.403647,4316,PDSCH,0x46,50,4587,6,0,,,,,,,,,,,
57,gnb1,2026-08-19T10:38:18.418099,4317,PDSCH,0x46,50,4587,6,0,,,,,,,,,,,
57,gnb1,2026-08-19T10:38:18.436189,4318,PUSCH,0x46,,,,,2,17,1143,4,106.8,462,,,,,
57,gnb1,2026-08-19T10:38:18.436247,4318,PHR,,,,,,,,,,,,,,,,
57,gnb1,2026-08-19T10:38:18.436278,4318,BSR,0x46,,,,,,,,,,,,,,,0
57,gnb1,2026-08-19T10:38:18.437083,4318,PDSCH,0x46,50,4587,6,0,,,,,,,,,,,
57,gnb1,2026-08-19T10:38:18.462115,4319,PUSCH,0x46,,,,,2,8,517,4,111.4,226,,,,,
57,gnb1,2026-08-19T10:38:18.462633,4319,PDSCH,0x46,50,4587,6,0,,,,,,,,,,,
57,gnb1,2026-08-19T10:38:18.476690,4320,PUSCH,0x46,,,,,2,3,249,4,117.9,132,,,,,
57,gnb1,2026-08-19T10:38:18.477238,4320,PDSCH,0x46,50,4587,6,0,,,,,,,,,,,
57,gnb1,2026-08-19T10:38:18.494918,4321,PUCCH_CQI,0x46,,,,,,,,,,,111.8,15,2a,,
57,gnb1,2026-08-19T10:38:18.495489,4321,PDSCH,0x46,47,4395,6,0,,,,,,,,,,,
57,gnb1,2026-08-19T10:38:18.512639,4322,PDSCH,0x46,50,4587,6,0,,,,,,,,,,,
57,gnb1,2026-08-19T10:38:18.529911,4323,PDSCH,0x46,50,4587,6,0,,,,,,,,,,,
57,gnb1,2026-08-19T10:38:18.548680,4324,PDSCH,0x46,50,4587,6,0,,,,,,,,,,,
57,gnb1,2026-08-19T10:38:18.565339,4325,PDSCH,0x46,47,4395,6,0,,,,,,,,,,,
57,gnb1,2026-08-19T10:38:18.580341,4326,PUSCH,0x46,,,,,2,17,1143,4,106.8,381,,,,,
57,gnb1,2026-08-19T10:38:18.580423,4326,BSR,0x46,,,,,,,,,,,,,,,0
57,gnb1,2026-08-19T10:38:18.580996,4326,PDSCH,0x46,50,4587,6,0,,,,,,,,,,,
57,gnb1,2026-08-19T10:38:18.606463,4327,BSR,0x46,,,,,,,,,,,,,,,0
57,gnb1,2026-08-19T10:38:18.606963,4327,PDSCH,0x46,50,4587,6,0,,,,,,,,,,,
57,gnb1,2026-08-19T10:38:18.629203,4328,PDSCH,0x46,50,4587,6,0,,,,,,,,,,,
57,gnb1,2026-08-19T10:38:18.644633,4329,PDSCH,0x46,50,4587,6,0,,,,,,,,,,,
57,gnb1,2026-08-19T10:38:18.665952,4330,PDSCH,0x46,50,4587,6,0,,,,,,,,,,,
57,gnb1,2026-08-19T10:38:18.680224,4331,PDSCH,0x46,50,4587,6,0,,,,,,,,,,,
57,gnb1,2026-08-19T10:38:18.698906,4332,PDSCH,0x46,50,4587,6,0,,,,,,,,,,,
57,gnb1,2026-08-19T10:38:18.714154,4333,PDSCH,0x46,50,4587,6,0,,,,,,,,,,,
57,gnb1,2026-08-19T10:38:18.733249,4334,PUSCH,0x46,,,,,2,15,1063,4,107.2,378,,,,,
57,gnb1,2026-08-19T10:38:18.733332,4334,BSR,0x46,,,,,,,,,,,,,,,0
57,gnb1,2026-08-19T10:38:18.733823,4334,PDSCH,0x46,50,4587,6,0,,,,,,,,,,,
57,gnb1,2026-08-19T10:38:18.751157,4335,PUSCH,0x46,,,,,2,3,233,4,117.9,114,,,,,
57,gnb1,2026-08-19T10:38:18.751768,4335,PDSCH,0x46,47,4395,6,0,,,,,,,,,,,
57,gnb1,2026-08-19T10:38:18.766505,4336,PDSCH,0x46,50,4587,6,0,,,,,,,,,,,
57,gnb1,2026-08-19T10:38:18.786822,4337,PDSCH,0x46,50,4587,6,0,,,,,,,,,,,
57,gnb1,2026-08-19T10:38:18.808411,4338,PDSCH,0x46,50,4587,6,0,,,,,,,,,,,
57,gnb1,2026-08-19T10:38:18.832571,4339,PDSCH,0x46,50,4587,6,0,,,,,,,,,,,
57,gnb1,2026-08-19T10:38:18.849674,4340,PDSCH,0x46,50,4587,6,0,,,,,,,,,,,
57,gnb1,2026-08-19T10:38:18.868909,4341,PDSCH,0x46,47,4395,6,0,,,,,,,,,,,
57,gnb1,2026-08-19T10:38:18.883523,4342,PUSCH,0x46,,,,,2,15,1063,4,107.2,371,,,,,
57,gnb1,2026-08-19T10:38:18.883618,4342,BSR,0x46,,,,,,,,,,,,,,,0
57,gnb1,2026-08-19T10:38:18.884210,4342,PDSCH,0x46,50,4587,6,0,,,,,,,,,,,
57,gnb1,2026-08-19T10:38:18.909063,4343,BSR,0x46,,,,,,,,,,,,,,,0
57,gnb1,2026-08-19T10:38:18.909648,4343,PDSCH,0x46,50,4587,6,0,,,,,,,,,,,
57,gnb1,2026-08-19T10:38:18.934312,4344,PDSCH,0x46,50,4587,6,0,,,,,,,,,,,
57,gnb1,2026-08-19T10:38:18.959608,4345,PDSCH,0x46,50,4587,6,0,,,,,,,,,,,
57,gnb1,2026-08-19T10:38:18.986911,4346,PDSCH,0x46,50,4587,6,0,,,,,,,,,,,
57,gnb1,2026-08-19T10:38:19.014887,4347,PDSCH,0x46,50,4587,6,0,,,,,,,,,,,
57,gnb1,2026-08-19T10:38:19.043418,4348,PDSCH,0x46,50,4587,6,0,,,,,,,,,,,
57,gnb1,2026-08-19T10:38:19.067769,4349,PDSCH,0x46,50,4587,6,0,,,,,,,,,,,
57,gnb1,2026-08-19T10:38:19.092658,4350,PUSCH,0x46,,,,,2,14,871,4,107.4,427,,,,,
57,gnb1,2026-08-19T10:38:19.092742,4350,BSR,0x46,,,,,,,,,,,,,,,0
57,gnb1,2026-08-19T10:38:19.093408,4350,PDSCH,0x46,50,4587,6,0,,,,,,,,,,,
57,gnb1,2026-08-19T10:38:19.120017,4351,PUSCH,0x46,,,,,10,3,217,4,104.4,189,,,,,
57,gnb1,2026-08-19T10:38:19.120142,4351,BSR,0x46,,,,,,,,,,,,,,,0
57,gnb1,2026-08-19T10:38:19.120657,4351,PDSCH,0x46,50,4587,6,0,,,,,,,,,,,
57,gnb1,2026-08-19T10:38:19.147666,4352,BSR,0x46,,,,,,,,,,,,,,,0
57,gnb1,2026-08-19T10:38:19.148145,4352,PDSCH,0x46,50,4587,6,0,,,,,,,,,,,
57,gnb1,2026-08-19T10:38:19.178395,4353,PDSCH,0x46,50,4587,6,0,,,,,,,,,,,
57,gnb1,2026-08-19T10:38:19.207102,4354,PDSCH,0x46,50,4587,6,0,,,,,,,,,,,
57,gnb1,2026-08-19T10:38:19.232385,4355,PDSCH,0x46,50,4587,6,0,,,,,,,,,,,
57,gnb1,2026-08-19T10:38:19.263974,4356,PDSCH,0x46,50,4587,6,0,,,,,,,,,,,
57,gnb1,2026-08-19T10:38:19.294958,4357,PDSCH,0x46,50,4587,6,0,,,,,,,,,,,
57,gnb1,2026-08-19T10:38:19.322172,4358,PUSCH,0x46,,,,,2,14,871,4,107.4,333,,,,,
57,gnb1,2026-08-19T10:38:19.322258,4358,BSR,0x46,,,,,,,,,,,,,,,0
57,gnb1,2026-08-19T10:38:19.322815,4358,PDSCH,0x46,50,4587,6,0,,,,,,,,,,,
57,gnb1,2026-08-19T10:38:19.351622,4359,PUSCH,0x46,,,,,2,7,501,4,114.2,256,,,,,
57,gnb1,2026-08-19T10:38:19.352442,4359,PDSCH,0x46,50,4587,6,0,,,,,,,,,,,
57,gnb1,2026-08-19T10:38:19.379872,4360,PUSCH,0x46,,,,,2,3,233,4,117.9,140,,,,,
57,gnb1,2026-08-19T10:38:19.380518,4360,PDSCH,0x46,50,4587,6,0,,,,,,,,,,,
57,gnb1,2026-08-19T10:38:19.403153,4361,PUCCH_CQI,0x46,,,,,,,,,,,111.8,15,2a,,
57,gnb1,2026-08-19T10:38:19.403700,4361,PDSCH,0x46,47,4395,6,0,,,,,,,,,,,
57,gnb1,2026-08-19T10:38:19.427178,4362,PDSCH,0x46,50,4587,6,0,,,,,,,,,,,
57,gnb1,2026-08-19T10:38:19.455812,4363,PDSCH,0x46,50,4587,6,0,,,,,,,,,,,
57,gnb1,2026-08-19T10:38:19.481430,4364,PDSCH,0x46,50,4587,6,0,,,,,,,,,,,
57,gnb1,2026-08-19T10:38:19.503950,4365,PDSCH,0x46,50,4587,6,0,,,,,,,,,,,
57,gnb1,2026-08-19T10:38:19.529020,4366,PUSCH,0x46,,,,,2,14,871,4,107.4,280,,,,,
57,gnb1,2026-08-19T10:38:19.529611,4366,PDSCH,0x46,50,4587,6,0,,,,,,,,,,,
57,gnb1,2026-08-19T10:38:19.553931,4367,PDSCH,0x46,50,4587,6,0,,,,,,,,,,,
57,gnb1,2026-08-19T10:38:19.577269,4368,PDSCH,0x46,50,4587,6,0,,,,,,,,,,,
57,gnb1,2026-08-19T10:38:19.601269,4369,PDSCH,0x46,50,4587,6,0,,,,,,,,,,,
57,gnb1,2026-08-19T10:38:19.624842,4370,PDSCH,0x46,50,4587,6,0,,,,,,,,,,,
57,gnb1,2026-08-19T10:38:19.651799,4371,PDSCH,0x46,50,4587,6,0,,,,,,,,,,,
57,gnb1,2026-08-19T10:38:19.677257,4372,PDSCH,0x46,50,4587,6,0,,,,,,,,,,,
57,gnb1,2026-08-19T10:38:19.702655,4373,PDSCH,0x46,50,4587,6,0,,,,,,,,,,,
57,gnb1,2026-08-19T10:38:19.725770,4374,PDSCH,0x46,50,4587,6,0,,,,,,,,,,,
57,gnb1,2026-08-19T10:38:19.753503,4375,PDSCH,0x46,50,4587,6,0,,,,,,,,,,,
57,gnb1,2026-08-19T10:38:19.777299,4376,PDSCH,0x46,50,4587,6,0,,,,,,,,,,,
57,gnb1,2026-08-19T10:38:19.799396,4377,PDSCH,0x46,50,4587,6,0,,,,,,,,,,,
57,gnb1,2026-08-19T10:38:19.824065,4378,PDSCH,0x46,50,4587,6,0,,,,,,,,,,,
57,gnb1,2026-08-19T10:38:19.853595,4379,PDSCH,0x46,50,4587,6,0,,,,,,,,,,,
57,gnb1,2026-08-19T10:38:19.877636,4380,BSR,0x46,,,,,,,,,,,,,,,0
57,gnb1,2026-08-19T10:38:19.878217,4380,PDSCH,0x46,50,4587,6,0,,,,,,,,,,,
57,gnb1,2026-08-19T10:38:19.902125,4381,PDSCH,0x46,47,4395,6,0,,,,,,,,,,,
57,gnb1,2026-08-19T10:38:19.927094,4382,PDSCH,0x46,39,3062,6,0,,,,,,,,,,,
57,gnb1,2026-08-19T10:38:20.067852,4388,PUSCH,0x46,,,,,2,8,517,4,111.4,223,,,,,
57,gnb1,2026-08-19T10:38:20.067918,4388,PHR,,,,,,,,,,,,,,,,
57,gnb1,2026-08-19T10:38:20.095818,4389,BSR,0x46,,,,,,,,,,,,,,,0
57,gnb1,2026-08-19T10:38:20.255841,4397,PUSCH,0x46,,,,,2,35,2292,4,108.1,918,,,,,
57,gnb1,2026-08-19T10:38:20.255909,4397,BSR,0x46,,,,,,,,,,,,,,,0
57,gnb1,2026-08-19T10:38:20.283292,4398,PDSCH,0x46,50,4587,6,0,,,,,,,,,,,
57,gnb1,2026-08-19T10:38:20.310377,4399,PDSCH,0x46,50,4587,6,0,,,,,,,,,,,
57,gnb1,2026-08-19T10:38:20.338052,4400,PDSCH,0x46,50,4587,6,0,,,,,,,,,,,
57,gnb1,2026-08-19T10:38:20.360485,4401,PUCCH_CQI,0x46,,,,,,,,,,,111.8,15,2,,
57,gnb1,2026-08-19T10:38:20.361153,4401,PDSCH,0x46,47,4395,6,0,,,,,,,,,,,
57,gnb1,2026-08-19T10:38:20.388378,4402,PDSCH,0x46,50,4587,6,0,,,,,,,,,,,
57,gnb1,2026-08-19T10:38:20.418328,4403,PDSCH,0x46,50,4587,6,0,,,,,,,,,,,
57,gnb1,2026-08-19T10:38:20.440673,4404,PDSCH,0x46,50,4587,6,0,,,,,,,,,,,
57,gnb1,2026-08-19T10:38:20.467428,4405,PUSCH,0x46,,,,,2,35,2292,4,108.1,729,,,,,
57,gnb1,2026-08-19T10:38:20.468070,4405,PDSCH,0x46,50,4587,6,0,,,,,,,,,,,
57,gnb1,2026-08-19T10:38:20.494562,4406,PDSCH,0x46,50,4587,6,0,,,,,,,,,,,
57,gnb1,2026-08-19T10:38:20.517540,4407,PDSCH,0x46,50,4587,6,0,,,,,,,,,,,
57,gnb1,2026-08-19T10:38:20.542555,4408,PDSCH,0x46,50,4587,6,0,,,,,,,,,,,
57,gnb1,2026-08-19T10:38:20.568607,4409,PDSCH,0x46,50,4587,6,0,,,,,,,,,,,
57,gnb1,2026-08-19T10:38:20.591976,4410,PDSCH,0x46,50,4587,6,0,,,,,,,,,,,
57,gnb1,2026-08-19T10:38:20.618116,4411,PDSCH,0x46,50,4587,6,0,,,,,,,,,,,
57,gnb1,2026-08-19T10:38:20.640000,4412,PDSCH,0x46,50,4587,6,0,,,,,,,,,,,
57,gnb1,2026-08-19T10:38:20.666019,4413,PDSCH,0x46,50,4587,6,0,,,,,,,,,,,
57,gnb1,2026-08-19T10:38:20.690363,4414,PDSCH,0x46,50,4587,6,0,,,,,,,,,,,
57,gnb1,2026-08-19T10:38:20.715878,4415,PDSCH,0x46,50,4587,6,0,,,,,,,,,,,
57,gnb1,2026-08-19T10:38:20.738662,4416,PDSCH,0x46,50,4587,6,0,,,,,,,,,,,
57,gnb1,2026-08-19T10:38:20.761889,4417,PDSCH,0x46,50,4587,6,0,,,,,,,,,,,
57,gnb1,2026-08-19T10:38:20.785302,4418,PDSCH,0x46,18,1287,6,0,,,,,,,,,,,
57,gnb1,2026-08-19T10:38:20.829572,4420,BSR,0x46,,,,,,,,,,,,,,,0
57,gnb1,2026-08-19T10:38:20.877779,4422,PDSCH,0x46,3,7,2,0,,,,,,,,,,,
57,gnb1,2026-08-19T10:38:21.015821,4428,PUSCH,0x46,,,,,2,8,517,4,111.4,184,,,,,
57,gnb1,2026-08-19T10:38:21.038010,4429,BSR,0x46,,,,,,,,,,,,,,,0
57,gnb1,2026-08-19T10:38:21.038494,4429,PDSCH,0x46,50,4587,6,0,,,,,,,,,,,
57,gnb1,2026-08-19T10:38:21.054509,4430,PDSCH,0x46,50,4587,6,0,,,,,,,,,,,
57,gnb1,2026-08-19T10:38:21.068139,4431,PDSCH,0x46,50,4587,6,0,,,,,,,,,,,
57,gnb1,2026-08-19T10:38:21.087157,4432,PDSCH,0x46,50,4587,6,0,,,,,,,,,,,
57,gnb1,2026-08-19T10:38:21.109190,4433,PDSCH,0x46,36,2769,6,0,,,,,,,,,,,
57,gnb1,2026-08-19T10:38:21.179209,4437,PUSCH,0x46,,,,,2,39,2673,4,108.6,810,,,,,
57,gnb1,2026-08-19T10:38:21.179256,4437,PHR,,,,,,,,,,,,,,,,
57,gnb1,2026-08-19T10:38:21.179296,4437,BSR,0x46,,,,,,,,,,,,,,,0
57,gnb1,2026-08-19T10:38:21.204665,4438,PDSCH,0x46,50,4587,6,0,,,,,,,,,,,
57,gnb1,2026-08-19T10:38:21.234140,4439,PDSCH,0x46,50,4587,6,0,,,,,,,,,,,
57,gnb1,2026-08-19T10:38:21.260859,4440,PDSCH,0x46,50,4587,6,0,,,,,,,,,,,
57,gnb1,2026-08-19T10:38:21.284954,4441,PUCCH_CQI,0x46,,,,,,,,,,,111.8,15,2a,,
57,gnb1,2026-08-19T10:38:21.285545,4441,PDSCH,0x46,47,4395,6,0,,,,,,,,,,,
57,gnb1,2026-08-19T10:38:21.310190,4442,PDSCH,0x46,50,4587,6,0,,,,,,,,,,,
57,gnb1,2026-08-19T10:38:21.333412,4443,PDSCH,0x46,50,4587,6,0,,,,,,,,,,,
57,gnb1,2026-08-19T10:38:21.357928,4444,PDSCH,0x46,50,4587,6,0,,,,,,,,,,,
57,gnb1,2026-08-19T10:38:21.383348,4445,PUSCH,0x46,,,,,2,39,2673,4,108.5,705,,,,,
57,gnb1,2026-08-19T10:38:21.383422,4445,BSR,0x46,,,,,,,,,,,,,,,0
57,gnb1,2026-08-19T10:38:21.383878,4445,PDSCH,0x46,50,4587,6,0,,,,,,,,,,,
57,gnb1,2026-08-19T10:38:21.406277,4446,PDSCH,0x46,50,4587,6,0,,,,,,,,,,,
57,gnb1,2026-08-19T10:38:21.433573,4447,PDSCH,0x46,50,4587,6,0,,,,,,,,,,,
57,gnb1,2026-08-19T10:38:21.460083,4448,PDSCH,0x46,50,4587,6,0,,,,,,,,,,,
57,gnb1,2026-08-19T10:38:21.488719,4449,PDSCH,0x46,50,4587,6,0,,,,,,,,,,,
57,gnb1,2026-08-19T10:38:21.527468,4450,PDSCH,0x46,50,4587,6,0,,,,,,,,,,,
57,gnb1,2026-08-19T10:38:21.565433,4451,PDSCH,0x46,50,4587,6,0,,,,,,,,,,,
57,gnb1,2026-08-19T10:38:21.601915,4452,PDSCH,0x46,50,4587,6,0,,,,,,,,,,,
57,gnb1,2026-08-19T10:38:21.636000,4453,PUSCH,0x46,,,,,2,8,517,4,111.4,226,,,,,
57,gnb1,2026-08-19T10:38:21.636673,4453,PDSCH,0x46,50,4587,6,0,,,,,,,,,,,
57,gnb1,2026-08-19T10:38:21.671725,4454,BSR,0x46,,,,,,,,,,,,,,,0
57,gnb1,2026-08-19T10:38:21.672210,4454,PDSCH,0x46,50,4587,6,0,,,,,,,,,,,
57,gnb1,2026-08-19T10:38:21.706968,4455,PDSCH,0x46,50,4587,6,0,,,,,,,,,,,
57,gnb1,2026-08-19T10:38:21.742438,4456,PDSCH,0x46,50,4587,6,0,,,,,,,,,,,
57,gnb1,2026-08-19T10:38:21.777605,4457,PDSCH,0x46,50,4587,6,0,,,,,,,,,,,
57,gnb1,2026-08-19T10:38:21.808938,4458,PDSCH,0x46,36,2769,6,0,,,,,,,,,,,
57,gnb1,2026-08-19T10:38:21.923568,4462,PUSCH,0x46,,,,,2,2,185,4,118.0,152,,,,,
57,gnb1,2026-08-19T10:38:21.923637,4462,BSR,0x46,,,,,,,,,,,,,,,0
57,gnb1,2026-08-19T10:38:21.950603,4463,BSR,0x46,,,,,,,,,,,,,,,0
57,gnb1,2026-08-19T10:38:21.951135,4463,PDSCH,0x46,50,4587,6,0,,,,,,,,,,,
57,gnb1,2026-08-19T10:38:21.977776,4464,PDSCH,0x46,15,1063,6,0,,,,,,,,,,,
57,gnb1,2026-08-19T10:38:22.144250,4470,PUSCH,0x46,,,,,2,2,185,4,118.0,114,,,,,
57,gnb1,2026-08-19T10:38:22.144318,4470,BSR,0x46,,,,,,,,,,,,,,,0
57,gnb1,2026-08-19T10:38:22.166632,4471,PUSCH,0x46,,,,,10,4,249,4,104.5,154,,,,,
57,gnb1,2026-08-19T10:38:22.166723,4471,BSR,0x46,,,,,,,,,,,,,,,0
57,gnb1,2026-08-19T10:38:22.167380,4471,PDSCH,0x46,50,4587,6,0,,,,,,,,,,,
57,gnb1,2026-08-19T10:38:22.194538,4472,BSR,0x46,,,,,,,,,,,,,,,0
57,gnb1,2026-08-19T10:38:22.195044,4472,PDSCH,0x46,50,4587,6,0,,,,,,,,,,,
57,gnb1,2026-08-19T10:38:22.229426,4473,PDSCH,0x46,50,4587,6,0,,,,,,,,,,,
57,gnb1,2026-08-19T10:38:22.262385,4474,PDSCH,0x46,42,3182,6,0,,,,,,,,,,,
57,gnb1,2026-08-19T10:38:22.373516,4478,PUSCH,0x46,,,,,2,3,193,4,117.9,139,,,,,
57,gnb1,2026-08-19T10:38:22.373568,4478,BSR,0x46,,,,,,,,,,,,,,,0
57,gnb1,2026-08-19T10:38:22.410712,4479,PUSCH,0x46,,,,,2,7,501,4,114.2,157,,,,,
57,gnb1,2026-08-19T10:38:22.410808,4479,BSR,0x46,,,,,,,,,,,,,,,0
57,gnb1,2026-08-19T10:38:22.411327,4479,PDSCH,0x46,50,4587,6,0,,,,,,,,,,,
57,gnb1,2026-08-19T10:38:22.450194,4480,PUSCH,0x46,,,,,2,4,269,4,117.9,133,,,,,
57,gnb1,2026-08-19T10:38:22.450275,4480,BSR,0x46,,,,,,,,,,,,,,,0
57,gnb1,2026-08-19T10:38:22.450723,4480,PDSCH,0x46,50,4587,6,0,,,,,,,,,,,
57,gnb1,2026-08-19T10:38:22.486200,4481,PUCCH_CQI,0x46,,,,,,,,,,,111.8,15,2a,,
57,gnb1,2026-08-19T10:38:22.486279,4481,BSR,0x46,,,,,,,,,,,,,,,0
57,gnb1,2026-08-19T10:38:22.486694,4481,PDSCH,0x46,47,4395,6,0,,,,,,,,,,,
57,gnb1,2026-08-19T10:38:22.523412,4482,PDSCH,0x46,50,4587,6,0,,,,,,,,,,,
57,gnb1,2026-08-19T10:38:22.558213,4483,PDSCH,0x46,50,4587,6,0,,,,,,,,,,,
57,gnb1,2026-08-19T10:38:22.595227,4484,PDSCH,0x46,50,4587,6,0,,,,,,,,,,,
57,gnb1,2026-08-19T10:38:22.661418,4486,PUSCH,0x46,,,,,2,2,185,4,117.9,155,,,,,
57,gnb1,2026-08-19T10:38:22.661544,4486,BSR,0x46,,,,,,,,,,,,,,,0
57,gnb1,2026-08-19T10:38:22.661845,4486,PDSCH,0x46,15,807,6,0,,,,,,,,,,,
57,gnb1,2026-08-19T10:38:22.684544,4487,PUSCH,0x46,,,,,2,31,2124,4,107.6,635,,,,,
57,gnb1,2026-08-19T10:38:22.684600,4487,PHR,,,,,,,,,,,,,,,,
57,gnb1,2026-08-19T10:38:22.684643,4487,BSR,0x46,,,,,,,,,,,,,,,0
57,gnb1,2026-08-19T10:38:22.685179,4487,PDSCH,0x46,50,4587,6,0,,,,,,,,,,,
57,gnb1,2026-08-19T10:38:22.711616,4488,PUSCH,0x46,,,,,2,7,469,4,114.2,302,,,,,
57,gnb1,2026-08-19T10:38:22.711674,4488,BSR,0x46,,,,,,,,,,,,,,,0
57,gnb1,2026-08-19T10:38:22.740713,4489,PUSCH,0x46,,,,,2,3,233,4,117.9,116,,,,,
57,gnb1,2026-08-19T10:38:22.740787,4489,BSR,0x46,,,,,,,,,,,,,,,0
57,gnb1,2026-08-19T10:38:22.741217,4489,PDSCH,0x46,50,4587,6,0,,,,,,,,,,,
57,gnb1,2026-08-19T10:38:22.768252,4490,BSR,0x46,,,,,,,,,,,,,,,0
57,gnb1,2026-08-19T10:38:22.768731,4490,PDSCH,0x46,50,4587,6,0,,,,,,,,,,,
57,gnb1,2026-08-19T10:38:22.798709,4491,PDSCH,0x46,27,2124,6,0,,,,,,,,,,,
57,gnb1,2026-08-19T10:38:22.873409,4494,PUSCH,0x46,,,,,2,2,185,4,118.0,132,,,,,
57,gnb1,2026-08-19T10:38:22.873467,4494,BSR,0x46,,,,,,,,,,,,,,,0
57,gnb1,2026-08-19T10:38:22.898402,4495,PUSCH,0x46,,,,,2,26,1692,4,106.9,629,,,,,
57,gnb1,2026-08-19T10:38:22.898459,4495,BSR,0x46,,,,,,,,,,,,,,,0
57,gnb1,2026-08-19T10:38:22.922139,4496,PUSCH,0x46,,,,,2,7,389,4,114.2,181,,,,,
57,gnb1,2026-08-19T10:38:22.922236,4496,BSR,0x46,,,,,,,,,,,,,,,0
57,gnb1,2026-08-19T10:38:22.922708,4496,PDSCH,0x46,50,4587,6,0,,,,,,,,,,,
57,gnb1,2026-08-19T10:38:22.951628,4497,PUSCH,0x46,,,,,2,7,501,4,114.2,235,,,,,
57,gnb1,2026-08-19T10:38:22.951732,4497,BSR,0x46,,,,,,,,,,,,,,,0
57,gnb1,2026-08-19T10:38:22.952194,4497,PDSCH,0x46,50,4587,6,0,,,,,,,,,,,
57,gnb1,2026-08-19T10:38:22.986368,4498,PUSCH,0x46,,,,,2,3,249,4,117.9,104,,,,,
57,gnb1,2026-08-19T10:38:22.986458,4498,BSR,0x46,,,,,,,,,,,,,,,0
57,gnb1,2026-08-19T10:38:22.986901,4498,PDSCH,0x46,50,4587,6,0,,,,,,,,,,,
57,gnb1,2026-08-19T10:38:23.020934,4499,BSR,0x46,,,,,,,,,,,,,,,0
57,gnb1,2026-08-19T10:38:23.021554,4499,PDSCH,0x46,50,4587,6,0,,,,,,,,,,,
57,gnb1,2026-08-19T10:38:23.057453,4500,PDSCH,0x46,50,4587,6,0,,,,,,,,,,,
57,gnb1,2026-08-19T10:38:23.091782,4501,PDSCH,0x46,47,4395,6,0,,,,,,,,,,,
57,gnb1,2026-08-19T10:38:23.126579,4502,PUSCH,0x46,,,,,2,2,185,4,118.0,94,,,,,
57,gnb1,2026-08-19T10:38:23.126653,4502,BSR,0x46,,,,,,,,,,,,,,,0
57,gnb1,2026-08-19T10:38:23.127106,4502,PDSCH,0x46,50,4587,6,0,,,,,,,,,,,
57,gnb1,2026-08-19T10:38:23.156857,4503,PUSCH,0x46,,,,,2,31,1980,4,107.6,846,,,,,
57,gnb1,2026-08-19T10:38:23.156979,4503,BSR,0x46,,,,,,,,,,,,,,,0
57,gnb1,2026-08-19T10:38:23.157538,4503,PDSCH,0x46,50,4587,6,0,,,,,,,,,,,
57,gnb1,2026-08-19T10:38:23.194694,4504,PUSCH,0x46,,,,,2,9,621,4,110.0,276,,,,,
57,gnb1,2026-08-19T10:38:23.195345,4504,PDSCH,0x46,50,4587,6,0,,,,,,,,,,,
57,gnb1,2026-08-19T10:38:23.237100,4505,PUSCH,0x46,,,,,2,11,749,4,108.5,274,,,,,
57,gnb1,2026-08-19T10:38:23.237736,4505,PDSCH,0x46,50,4587,6,0,,,,,,,,,,,
57,gnb1,2026-08-19T10:38:23.275932,4506,PUSCH,0x46,,,,,2,7,501,4,114.2,198,,,,,
57,gnb1,2026-08-19T10:38:23.276540,4506,PDSCH,0x46,50,4587,6,0,,,,,,,,,,,
57,gnb1,2026-08-19T10:38:23.313133,4507,PUSCH,0x46,,,,,2,4,269,4,117.9,179,,,,,
57,gnb1,2026-08-19T10:38:23.313841,4507,PDSCH,0x46,50,4587,6,0,,,,,,,,,,,
57,gnb1,2026-08-19T10:38:23.352601,4508,PDSCH,0x46,50,4587,6,0,,,,,,,,,,,
57,gnb1,2026-08-19T10:38:23.389335,4509,PDSCH,0x46,50,4587,6,0,,,,,,,,,,,
57,gnb1,2026-08-19T10:38:23.423684,4510,PUSCH,0x46,,,,,2,2,173,4,118.0,105,,,,,
57,gnb1,2026-08-19T10:38:23.424231,4510,PDSCH,0x46,50,4587,6,0,,,,,,,,,,,
57,gnb1,2026-08-19T10:38:23.460164,4511,PUSCH,0x46,,,,,10,35,2292,4,108.3,837,,,,,
57,gnb1,2026-08-19T10:38:23.460287,4511,BSR,0x46,,,,,,,,,,,,,,,0
57,gnb1,2026-08-19T10:38:23.460972,4511,PDSCH,0x46,50,4587,6,0,,,,,,,,,,,
57,gnb1,2026-08-19T10:38:23.490121,4512,PDSCH,0x46,50,4587,6,0,,,,,,,,,,,
57,gnb1,2026-08-19T10:38:23.517999,4513,PDSCH,0x46,50,4587,6,0,,,,,,,,,,,
57,gnb1,2026-08-19T10:38:23.542165,4514,PDSCH,0x46,50,4587,6,0,,,,,,,,,,,
57,gnb1,2026-08-19T10:38:23.568310,4515,PDSCH,0x46,50,4587,6,0,,,,,,,,,,,
57,gnb1,2026-08-19T10:38:23.593476,4516,PDSCH,0x46,21,1239,6,0,,,,,,,,,,,
57,gnb1,2026-08-19T10:38:23.671883,4519,PUSCH,0x46,,,,,2,14,999,4,107.4,390,,,,,
57,gnb1,2026-08-19T10:38:23.697624,4520,BSR,0x46,,,,,,,,,,,,,,,0
57,gnb1,2026-08-19T10:38:23.698226,4520,PDSCH,0x46,50,4587,6,0,,,,,,,,,,,
57,gnb1,2026-08-19T10:38:23.723916,4521,PUCCH_CQI,0x46,,,,,,,,,,,111.8,15,2a,,
57,gnb1,2026-08-19T10:38:23.724533,4521,PDSCH,0x46,47,4395,6,0,,,,,,,,,,,
57,gnb1,2026-08-19T10:38:23.752564,4522,PDSCH,0x46,30,2292,6,0,,,,,,,,,,,
57,gnb1,2026-08-19T10:38:23.900600,4528,PUSCH,0x46,,,,,2,23,1383,4,106.4,777,,,,,
57,gnb1,2026-08-19T10:38:23.900688,4528,BSR,0x46,,,,,,,,,,,,,,,0
57,gnb1,2026-08-19T10:38:23.921434,4529,BSR,0x46,,,,,,,,,,,,,,,0
57,gnb1,2026-08-19T10:38:23.921897,4529,PDSCH,0x46,50,4587,6,0,,,,,,,,,,,
57,gnb1,2026-08-19T10:38:23.944909,4530,PDSCH,0x46,50,4587,6,0,,,,,,,,,,,
57,gnb1,2026-08-19T10:38:23.967476,4531,PDSCH,0x46,50,4587,6,0,,,,,,,,,,,
57,gnb1,2026-08-19T10:38:23.990012,4532,PDSCH,0x46,50,4587,6,0,,,,,,,,,,,
57,gnb1,2026-08-19T10:38:24.012798,4533,PDSCH,0x46,50,4587,6,0,,,,,,,,,,,
57,gnb1,2026-08-19T10:38:24.036487,4534,PDSCH,0x46,15,999,6,0,,,,,,,,,,,
57,gnb1,2026-08-19T10:38:24.082748,4536,PUSCH,0x46,,,,,2,23,1383,4,106.4,620,,,,,
57,gnb1,2026-08-19T10:38:24.082798,4536,BSR,0x46,,,,,,,,,,,,,,,0
57,gnb1,2026-08-19T10:38:24.103813,4537,PUSCH,0x46,,,,,2,3,217,4,117.9,128,,,,,
57,gnb1,2026-08-19T10:38:24.103902,4537,BSR,0x46,,,,,,,,,,,,,,,0
57,gnb1,2026-08-19T10:38:24.104372,4537,PDSCH,0x46,50,4587,6,0,,,,,,,,,,,
57,gnb1,2026-08-19T10:38:24.126360,4538,BSR,0x46,,,,,,,,,,,,,,,0
57,gnb1,2026-08-19T10:38:24.126913,4538,PDSCH,0x46,50,4587,6,0,,,,,,,,,,,
57,gnb1,2026-08-19T10:38:24.149300,4539,PDSCH,0x46,50,4587,6,0,,,,,,,,,,,
57,gnb1,2026-08-19T10:38:24.172242,4540,PDSCH,0x46,50,4587,6,0,,,,,,,,,,,
57,gnb1,2026-08-19T10:38:24.194536,4541,PDSCH,0x46,47,4395,6,0,,,,,,,,,,,
57,gnb1,2026-08-19T10:38:24.217572,4542,PDSCH,0x46,50,3963,6,0,,,,,,,,,,,
57,gnb1,2026-08-19T10:38:24.261631,4544,PUSCH,0x46,,,,,2,23,1383,4,106.4,487,,,,,
57,gnb1,2026-08-19T10:38:24.261689,4544,PHR,,,,,,,,,,,,,,,,
57,gnb1,2026-08-19T10:38:24.261700,4544,BSR,0x46,,,,,,,,,,,,,,,0
57,gnb1,2026-08-19T10:38:24.282714,4545,PUSCH,0x46,,,,,2,7,469,4,114.2,209,,,,,
57,gnb1,2026-08-19T10:38:24.282784,4545,BSR,0x46,,,,,,,,,,,,,,,0
57,gnb1,2026-08-19T10:38:24.306492,4546,PUSCH,0x46,,,,,2,4,249,4,117.9,163,,,,,
57,gnb1,2026-08-19T10:38:24.306716,4546,BSR,0x46,,,,,,,,,,,,,,,0
57,gnb1,2026-08-19T10:38:24.307403,4546,PDSCH,0x46,50,4587,6,0,,,,,,,,,,,
57,gnb1,2026-08-19T10:38:24.327734,4547,BSR,0x46,,,,,,,,,,,,,,,0
57,gnb1,2026-08-19T10:38:24.328323,4547,PDSCH,0x46,50,4587,6,0,,,,,,,,,,,
57,gnb1,2026-08-19T10:38:24.352052,4548,PDSCH,0x46,45,3542,6,0,,,,,,,,,,,
57,gnb1,2026-08-19T10:38:24.442555,4552,PUSCH,0x46,,,,,2,23,1383,4,106.4,514,,,,,
57,gnb1,2026-08-19T10:38:24.442659,4552,BSR,0x46,,,,,,,,,,,,,,,0
57,gnb1,2026-08-19T10:38:24.464845,4553,PUSCH,0x46,,,,,2,3,193,4,117.9,145,,,,,
57,gnb1,2026-08-19T10:38:24.464998,4553,BSR,0x46,,,,,,,,,,,,,,,0
57,gnb1,2026-08-19T10:38:24.465570,4553,PDSCH,0x46,50,4587,6,0,,,,,,,,,,,
57,gnb1,2026-08-19T10:38:24.486194,4554,PUSCH,0x46,,,,,2,8,517,4,111.4,282,,,,,
57,gnb1,2026-08-19T10:38:24.486322,4554,BSR,0x46,,,,,,,,,,,,,,,0
57,gnb1,2026-08-19T10:38:24.487010,4554,PDSCH,0x46,50,4587,6,0,,,,,,,,,,,
57,gnb1,2026-08-19T10:38:24.507589,4555,PUSCH,0x46,,,,,2,3,249,4,117.9,151,,,,,
57,gnb1,2026-08-19T10:38:24.508185,4555,PDSCH,0x46,50,4587,6,0,,,,,,,,,,,
57,gnb1,2026-08-19T10:38:24.530857,4556,PDSCH,0x46,50,4587,6,0,,,,,,,,,,,
57,gnb1,2026-08-19T10:38:24.550288,4557,PDSCH,0x46,50,4587,6,0,,,,,,,,,,,
57,gnb1,2026-08-19T10:38:24.569486,4558,PDSCH,0x46,50,4587,6,0,,,,,,,,,,,
57,gnb1,2026-08-19T10:38:24.587280,4559,PDSCH,0x46,50,4587,6,0,,,,,,,,,,,
57,gnb1,2026-08-19T10:38:24.601850,4560,PUSCH,0x46,,,,,2,23,1383,4,106.4,467,,,,,
57,gnb1,2026-08-19T10:38:24.602283,4560,PDSCH,0x46,39,3062,6,0,,,,,,,,,,,
57,gnb1,2026-08-19T10:38:24.618467,4561,PUSCH,0x46,,,,,10,7,469,4,104.5,193,,,,,
57,gnb1,2026-08-19T10:38:24.619068,4561,PDSCH,0x46,47,4395,6,0,,,,,,,,,,,
57,gnb1,2026-08-19T10:38:24.635007,4562,PUSCH,0x46,,,,,2,11,749,4,108.5,391,,,,,
57,gnb1,2026-08-19T10:38:24.635560,4562,PDSCH,0x46,50,4587,6,0,,,,,,,,,,,
57,gnb1,2026-08-19T10:38:24.649181,4563,PDSCH,0x46,36,2865,6,0,,,,,,,,,,,
57,gnb1,2026-08-19T10:38:24.823516,4572,PDSCH,0x46,3,7,2,0,,,,,,,,,,,
57,gnb1,2026-08-19T10:38:24.970819,4580,BSR,0x46,,,,,,,,,,,,,,,0
57,gnb1,2026-08-19T10:38:25.125762,4588,PUSCH,0x46,,,,,2,8,517,4,111.4,199,,,,,
57,gnb1,2026-08-19T10:38:25.147911,4589,BSR,0x46,,,,,,,,,,,,,,,0
57,gnb1,2026-08-19T10:38:25.148491,4589,PDSCH,0x46,50,4587,6,0,,,,,,,,,,,
57,gnb1,2026-08-19T10:38:25.164782,4590,PDSCH,0x46,50,4587,6,0,,,,,,,,,,,
57,gnb1,2026-08-19T10:38:25.183095,4591,PDSCH,0x46,50,4587,6,0,,,,,,,,,,,
57,gnb1,2026-08-19T10:38:25.205969,4592,PDSCH,0x46,50,4587,6,0,,,,,,,,,,,
57,gnb1,2026-08-19T10:38:25.220982,4593,PDSCH,0x46,50,4587,6,0,,,,,,,,,,,
57,gnb1,2026-08-19T10:38:25.243917,4594,PDSCH,0x46,50,4587,6,0,,,,,,,,,,,
57,gnb1,2026-08-19T10:38:25.260184,4595,PDSCH,0x46,50,4587,6,0,,,,,,,,,,,
57,gnb1,2026-08-19T10:38:25.286470,4596,PDSCH,0x46,24,1620,6,0,,,,,,,,,,,
57,gnb1,2026-08-19T10:38:25.300876,4597,PUSCH,0x46,,,,,2,5,349,4,118.0,236,,,,,
57,gnb1,2026-08-19T10:38:25.300935,4597,BSR,0x46,,,,,,,,,,,,,,,0
57,gnb1,2026-08-19T10:38:25.300936,4597,PHR,,,,,,,,,,,,,,,,
57,gnb1,2026-08-19T10:38:25.315076,4598,BSR,0x46,,,,,,,,,,,,,,,0
57,gnb1,2026-08-19T10:38:25.380834,4601,PUCCH_CQI,0x46,,,,,,,,,,,111.8,15,2a,,
57,gnb1,2026-08-19T10:38:25.452096,4605,PUSCH,0x46,,,,,2,5,349,4,117.9,176,,,,,
57,gnb1,2026-08-19T10:38:25.452158,4605,BSR,0x46,,,,,,,,,,,,,,,0
57,gnb1,2026-08-19T10:38:25.468372,4606,PUSCH,0x46,,,,,2,0,32,4,117.7,166,,,,,
57,gnb1,2026-08-19T10:38:25.468436,4606,BSR,0x46,,,,,,,,,,,,,,,0
57,gnb1,2026-08-19T10:38:25.487012,4607,BSR,0x46,,,,,,,,,,,,,,,0
57,gnb1,2026-08-19T10:38:25.592187,4613,PUSCH,0x46,,,,,2,5,349,4,117.9,150,,,,,
57,gnb1,2026-08-19T10:38:25.592244,4613,BSR,0x46,,,,,,,,,,,,,,,0
57,gnb1,2026-08-19T10:38:25.611231,4614,PUSCH,0x46,,,,,2,14,807,4,107.4,378,,,,,
57,gnb1,2026-08-19T10:38:25.611313,4614,BSR,0x46,,,,,,,,,,,,,,,0
57,gnb1,2026-08-19T10:38:25.611853,4614,PDSCH,0x46,50,4587,6,0,,,,,,,,,,,
57,gnb1,2026-08-19T10:38:25.635581,4615,PUSCH,0x46,,,,,2,3,249,4,117.9,138,,,,,
57,gnb1,2026-08-19T10:38:25.636135,4615,PDSCH,0x46,50,4587,6,0,,,,,,,,,,,
57,gnb1,2026-08-19T10:38:25.662530,4616,PDSCH,0x46,50,4587,6,0,,,,,,,,,,,
57,gnb1,2026-08-19T10:38:25.690719,4617,PDSCH,0x46,50,4587,6,0,,,,,,,,,,,
57,gnb1,2026-08-19T10:38:25.718074,4618,PDSCH,0x46,50,4587,6,0,,,,,,,,,,,
57,gnb1,2026-08-19T10:38:25.744844,4619,PDSCH,0x46,50,4587,6,0,,,,,,,,,,,
57,gnb1,2026-08-19T10:38:25.775787,4620,PDSCH,0x46,50,4587,6,0,,,,,,,,,,,
57,gnb1,2026-08-19T10:38:25.798670,4621,PUSCH,0x46,,,,,10,5,349,4,104.5,163,,,,,
57,gnb1,2026-08-19T10:38:25.799259,4621,PDSCH,0x46,47,4395,6,0,,,,,,,,,,,
57,gnb1,2026-08-19T10:38:25.830057,4622,PUSCH,0x46,,,,,2,15,1063,4,107.2,447,,,,,
57,gnb1,2026-08-19T10:38:25.830574,4622,PDSCH,0x46,50,4587,6,0,,,,,,,,,,,
57,gnb1,2026-08-19T10:38:25.858075,4623,PDSCH,0x46,50,4587,6,0,,,,,,,,,,,
57,gnb1,2026-08-19T10:38:25.881570,4624,PDSCH,0x46,27,2124,6,0,,,,,,,,,,,
57,gnb1,2026-08-19T10:38:26.279368,4640,BSR,0x46,,,,,,,,,,,,,,,0
57,gnb1,2026-08-19T10:38:26.302281,4641,PUCCH_CQI,0x46,,,,,,,,,,,111.8,15,2,,
57,gnb1,2026-08-19T10:38:26.475122,4648,PUSCH,0x46,,,,,2,8,517,4,111.4,191,,,,,
57,gnb1,2026-08-19T10:38:26.475187,4648,PHR,,,,,,,,,,,,,,,,
57,gnb1,2026-08-19T10:38:26.507448,4649,BSR,0x46,,,,,,,,,,,,,,,0
57,gnb1,2026-08-19T10:38:26.508008,4649,PDSCH,0x46,50,4587,6,0,,,,,,,,,,,
57,gnb1,2026-08-19T10:38:26.523021,4650,PDSCH,0x46,50,4587,6,0,,,,,,,,,,,
57,gnb1,2026-08-19T10:38:26.552162,4651,PDSCH,0x46,50,4587,6,0,,,,,,,,,,,
57,gnb1,2026-08-19T10:38:26.569771,4652,PDSCH,0x46,50,4587,6,0,,,,,,,,,,,
57,gnb1,2026-08-19T10:38:26.656112,4657,PUSCH,0x46,,,,,2,8,573,4,111.4,249,,,,,
57,gnb1,2026-08-19T10:38:26.656185,4657,BSR,0x46,,,,,,,,,,,,,,,0
57,gnb1,2026-08-19T10:38:26.680661,4658,PDSCH,0x46,50,4587,6,0,,,,,,,,,,,
57,gnb1,2026-08-19T10:38:26.709890,4659,PDSCH,0x46,50,4587,6,0,,,,,,,,,,,
57,gnb1,2026-08-19T10:38:26.733818,4660,PDSCH,0x46,50,4587,6,0,,,,,,,,,,,
57,gnb1,2026-08-19T10:38:26.758566,4661,PDSCH,0x46,47,4395,6,0,,,,,,,,,,,
57,gnb1,2026-08-19T10:38:26.785942,4662,PDSCH,0x46,50,4587,6,0,,,,,,,,,,,
57,gnb1,2026-08-19T10:38:26.810679,4663,PDSCH,0x46,15,1191,6,0,,,,,,,,,,,
57,gnb1,2026-08-19T10:38:26.865857,4665,PUSCH,0x46,,,,,2,8,573,4,111.4,276,,,,,
57,gnb1,2026-08-19T10:38:26.865929,4665,BSR,0x46,,,,,,,,,,,,,,,0
57,gnb1,2026-08-19T10:38:26.892939,4666,PDSCH,0x46,50,4587,6,0,,,,,,,,,,,
57,gnb1,2026-08-19T10:38:26.914785,4667,PDSCH,0x46,50,4587,6,0,,,,,,,,,,,
57,gnb1,2026-08-19T10:38:26.939569,4668,PDSCH,0x46,45,3542,6,0,,,,,,,,,,,
57,gnb1,2026-08-19T10:38:27.035822,4672,PDSCH,0x46,3,7,2,0,,,,,,,,,,,
57,gnb1,2026-08-19T10:38:27.059300,4673,PUSCH,0x46,,,,,2,8,517,4,111.4,216,,,,,
57,gnb1,2026-08-19T10:38:27.085951,4674,PDSCH,0x46,50,4587,6,0,,,,,,,,,,,
57,gnb1,2026-08-19T10:38:27.113808,4675,PDSCH,0x46,50,4587,6,0,,,,,,,,,,,
57,gnb1,2026-08-19T10:38:27.141449,4676,PDSCH,0x46,50,4587,6,0,,,,,,,,,,,
57,gnb1,2026-08-19T10:38:27.167459,4677,PDSCH,0x46,42,3182,6,0,,,,,,,,,,,
57,gnb1,2026-08-19T10:38:27.249862,4680,BSR,0x46,,,,,,,,,,,,,,,0
57,gnb1,2026-08-19T10:38:27.276048,4681,PUCCH_CQI,0x46,,,,,,,,,,,111.8,15,2,,
57,gnb1,2026-08-19T10:38:27.455405,4688,PUSCH,0x46,,,,,2,8,517,4,111.4,245,,,,,
57,gnb1,2026-08-19T10:38:27.480414,4689,BSR,0x46,,,,,,,,,,,,,,,0
57,gnb1,2026-08-19T10:38:27.481000,4689,PDSCH,0x46,50,4587,6,0,,,,,,,,,,,
57,gnb1,2026-08-19T10:38:27.506260,4690,PDSCH,0x46,50,4587,6,0,,,,,,,,,,,
57,gnb1,2026-08-19T10:38:27.535163,4691,PDSCH,0x46,27,2124,6,0,,,,,,,,,,,
57,gnb1,2026-08-19T10:38:27.686515,4697,PUSCH,0x46,,,,,2,23,1383,4,106.4,660,,,,,
57,gnb1,2026-08-19T10:38:27.686584,4697,PHR,,,,,,,,,,,,,,,,
57,gnb1,2026-08-19T10:38:27.686585,4697,BSR,0x46,,,,,,,,,,,,,,,0
57,gnb1,2026-08-19T10:38:27.712200,4698,PDSCH,0x46,50,4587,6,0,,,,,,,,,,,
57,gnb1,2026-08-19T10:38:27.734894,4699,PDSCH,0x46,50,4587,6,0,,,,,,,,,,,
57,gnb1,2026-08-19T10:38:27.757448,4700,PDSCH,0x46,50,4587,6,0,,,,,,,,,,,
57,gnb1,2026-08-19T10:38:27.783063,4701,PDSCH,0x46,47,4395,6,0,,,,,,,,,,,
57,gnb1,2026-08-19T10:38:27.807643,4702,PDSCH,0x46,50,4587,6,0,,,,,,,,,,,
57,gnb1,2026-08-19T10:38:27.878945,4705,PUSCH,0x46,,,,,2,23,1383,4,106.4,481,,,,,
57,gnb1,2026-08-19T10:38:27.879001,4705,BSR,0x46,,,,,,,,,,,,,,,0
57,gnb1,2026-08-19T10:38:27.903738,4706,PDSCH,0x46,50,4587,6,0,,,,,,,,,,,
57,gnb1,2026-08-19T10:38:27.927850,4707,PDSCH,0x46,50,3963,6,0,,,,,,,,,,,
57,gnb1,2026-08-19T10:38:28.065460,4713,PUSCH,0x46,,,,,2,8,517,4,111.4,245,,,,,
57,gnb1,2026-08-19T10:38:28.089287,4714,PDSCH,0x46,50,4587,6,0,,,,,,,,,,,
57,gnb1,2026-08-19T10:38:28.111136,4715,PDSCH,0x46,50,4587,6,0,,,,,,,,,,,
57,gnb1,2026-08-19T10:38:28.133547,4716,PDSCH,0x46,45,3542,6,0,,,,,,,,,,,
57,gnb1,2026-08-19T10:38:28.203241,4720,BSR,0x46,,,,,,,,,,,,,,,0
57,gnb1,2026-08-19T10:38:28.226615,4721,PUCCH_CQI,0x46,,,,,,,,,,,111.8,15,2,,
57,gnb1,2026-08-19T10:38:28.248539,4722,PDSCH,0x46,3,7,2,0,,,,,,,,,,,
57,gnb1,2026-08-19T10:38:28.354820,4728,PUSCH,0x46,,,,,2,8,517,4,111.4,170,,,,,
57,gnb1,2026-08-19T10:38:28.384620,4729,PDSCH,0x46,50,4587,6,0,,,,,,,,,,,
57,gnb1,2026-08-19T10:38:28.398754,4730,PDSCH,0x46,50,4587,6,0,,,,,,,,,,,
57,gnb1,2026-08-19T10:38:28.417030,4731,PDSCH,0x46,50,4587,6,0,,,,,,,,,,,
57,gnb1,2026-08-19T10:38:28.432189,4732,PDSCH,0x46,50,4587,6,0,,,,,,,,,,,
57,gnb1,2026-08-19T10:38:28.582819,4740,BSR,0x46,,,,,,,,,,,,,,,0
57,gnb1,2026-08-19T10:38:28.762409,4748,PUSCH,0x46,,,,,2,8,517,4,111.4,176,,,,,
57,gnb1,2026-08-19T10:38:28.762470,4748,PHR,,,,,,,,,,,,,,,,
57,gnb1,2026-08-19T10:38:28.794158,4749,PDSCH,0x46,50,4587,6,0,,,,,,,,,,,
57,gnb1,2026-08-19T10:38:28.822706,4750,PDSCH,0x46,50,4587,6,0,,,,,,,,,,,
57,gnb1,2026-08-19T10:38:28.848441,4751,PDSCH,0x46,45,3542,6,0,,,,,,,,,,,
57,gnb1,2026-08-19T10:38:29.070856,4760,BSR,0x46,,,,,,,,,,,,,,,0
57,gnb1,2026-08-19T10:38:29.095918,4761,PUCCH_CQI,0x46,,,,,,,,,,,111.8,15,2,,
57,gnb1,2026-08-19T10:38:29.273219,4768,PUSCH,0x46,,,,,2,8,517,4,111.4,253,,,,,
57,gnb1,2026-08-19T10:38:29.298411,4769,BSR,0x46,,,,,,,,,,,,,,,0
57,gnb1,2026-08-19T10:38:29.369055,4772,PDSCH,0x46,3,7,2,0,,,,,,,,,,,
57,gnb1,2026-08-19T10:38:29.487142,4777,PUSCH,0x46,,,,,2,9,621,4,110.0,207,,,,,
57,gnb1,2026-08-19T10:38:29.487219,4777,BSR,0x46,,,,,,,,,,,,,,,0
57,gnb1,2026-08-19T10:38:29.512064,4778,PDSCH,0x46,50,4587,6,0,,,,,,,,,,,
57,gnb1,2026-08-19T10:38:29.536265,4779,PDSCH,0x46,50,4587,6,0,,,,,,,,,,,
57,gnb1,2026-08-19T10:38:29.560720,4780,PDSCH,0x46,50,4587,6,0,,,,,,,,,,,
57,gnb1,2026-08-19T10:38:29.597117,4782,PDSCH,0x46,24,1836,6,0,,,,,,,,,,,
57,gnb1,2026-08-19T10:38:29.649663,4785,PUSCH,0x46,,,,,2,9,621,4,110.0,250,,,,,
57,gnb1,2026-08-19T10:38:29.930866,4800,BSR,0x46,,,,,,,,,,,,,,,0
57,gnb1,2026-08-19T10:38:29.948464,4801,PUCCH_CQI,0x46,,,,,,,,,,,111.8,15,2,,
57,gnb1,2026-08-19T10:38:30.098627,4808,PUSCH,0x46,,,,,2,8,517,4,111.4,190,,,,,
57,gnb1,2026-08-19T10:38:30.098714,4808,PHR,,,,,,,,,,,,,,,,
57,gnb1,2026-08-19T10:38:30.126849,4809,PDSCH,0x46,50,4587,6,0,,,,,,,,,,,
57,gnb1,2026-08-19T10:38:30.150910,4810,PDSCH,0x46,50,4587,6,0,,,,,,,,,,,
57,gnb1,2026-08-19T10:38:30.178412,4811,PDSCH,0x46,50,4587,6,0,,,,,,,,,,,
57,gnb1,2026-08-19T10:38:30.208139,4812,PDSCH,0x46,50,4587,6,0,,,,,,,,,,,
57,gnb1,2026-08-19T10:38:30.420732,4820,BSR,0x46,,,,,,,,,,,,,,,0
57,gnb1,2026-08-19T10:38:30.469527,4822,PDSCH,0x46,3,7,2,0,,,,,,,,,,,
57,gnb1,2026-08-19T10:38:30.622433,4828,PUSCH,0x46,,,,,2,8,517,4,111.4,188,,,,,
57,gnb1,2026-08-19T10:38:30.655466,4829,PDSCH,0x46,50,4587,6,0,,,,,,,,,,,
57,gnb1,2026-08-19T10:38:30.689129,4830,PDSCH,0x46,50,4587,6,0,,,,,,,,,,,
57,gnb1,2026-08-19T10:38:30.713913,4831,PDSCH,0x46,45,3542,6,0,,,,,,,,,,,
57,gnb1,2026-08-19T10:38:30.962358,4840,BSR,0x46,,,,,,,,,,,,,,,0
57,gnb1,2026-08-19T10:38:30.984781,4841,PUCCH_CQI,0x46,,,,,,,,,,,111.8,15,2,,
57,gnb1,2026-08-19T10:38:31.172514,4848,PUSCH,0x46,,,,,2,8,517,4,111.4,320,,,,,
57,gnb1,2026-08-19T10:38:31.200886,4849,PDSCH,0x46,50,4587,6,0,,,,,,,,,,,
57,gnb1,2026-08-19T10:38:31.229865,4850,PDSCH,0x46,50,4587,6,0,,,,,,,,,,,
57,gnb1,2026-08-19T10:38:31.256760,4851,PDSCH,0x46,50,4587,6,0,,,,,,,,,,,
57,gnb1,2026-08-19T10:38:31.286425,4852,PDSCH,0x46,24,1836,6,0,,,,,,,,,,,
57,gnb1,2026-08-19T10:38:31.503256,4860,BSR,0x46,,,,,,,,,,,,,,,0
57,gnb1,2026-08-19T10:38:31.713725,4868,PUSCH,0x46,,,,,2,8,517,4,111.4,248,,,,,
57,gnb1,2026-08-19T10:38:31.713773,4868,PHR,,,,,,,,,,,,,,,,
57,gnb1,2026-08-19T10:38:31.741678,4869,PDSCH,0x46,50,4587,6,0,,,,,,,,,,,
57,gnb1,2026-08-19T10:38:31.768495,4870,PDSCH,0x46,50,4587,6,0,,,,,,,,,,,
57,gnb1,2026-08-19T10:38:31.797590,4871,PDSCH,0x46,45,3542,6,0,,,,,,,,,,,
57,gnb1,2026-08-19T10:38:31.829187,4872,PDSCH,0x46,3,7,2,0,,,,,,,,,,,
57,gnb1,2026-08-19T10:38:31.944528,4876,PDSCH,0x46,9,373,6,0,,,,,,,,,,,
57,gnb1,2026-08-19T10:38:32.046450,4880,BSR,0x46,,,,,,,,,,,,,,,0
57,gnb1,2026-08-19T10:38:32.070681,4881,PUCCH_CQI,0x46,,,,,,,,,,,111.8,15,2,,
57,gnb1,2026-08-19T10:38:32.257873,4888,PUSCH,0x46,,,,,2,8,517,4,111.4,325,,,,,
57,gnb1,2026-08-19T10:38:32.258440,4888,PDSCH,0x46,18,1431,6,0,,,,,,,,,,,
57,gnb1,2026-08-19T10:38:32.284198,4889,PDSCH,0x46,50,4587,6,0,,,,,,,,,,,
57,gnb1,2026-08-19T10:38:32.310022,4890,PDSCH,0x46,33,2577,6,0,,,,,,,,,,,
57,gnb1,2026-08-19T10:38:32.559392,4900,BSR,0x46,,,,,,,,,,,,,,,0
57,gnb1,2026-08-19T10:38:32.749393,4908,PUSCH,0x46,,,,,2,8,517,4,111.4,188,,,,,
57,gnb1,2026-08-19T10:38:32.773419,4909,BSR,0x46,,,,,,,,,,,,,,,0
57,gnb1,2026-08-19T10:38:32.774054,4909,PDSCH,0x46,50,4587,6,0,,,,,,,,,,,
57,gnb1,2026-08-19T10:38:32.795592,4910,PDSCH,0x46,50,4587,6,0,,,,,,,,,,,
57,gnb1,2026-08-19T10:38:32.820549,4911,PDSCH,0x46,27,2124,6,0,,,,,,,,,,,
57,gnb1,2026-08-19T10:38:32.948799,4917,PUSCH,0x46,,,,,2,1,113,4,117.9,169,,,,,
57,gnb1,2026-08-19T10:38:32.948812,4917,PHR,,,,,,,,,,,,,,,,
57,gnb1,2026-08-19T10:38:32.948865,4917,BSR,0x46,,,,,,,,,,,,,,,0
57,gnb1,2026-08-19T10:38:32.964525,4918,PDSCH,0x46,3,63,4,0,,,,,,,,,,,
57,gnb1,2026-08-19T10:38:33.004275,4920,BSR,0x46,,,,,,,,,,,,,,,0
57,gnb1,2026-08-19T10:38:33.023744,4921,PUCCH_CQI,0x46,,,,,,,,,,,111.8,15,2,,
57,gnb1,2026-08-19T10:38:33.043006,4922,PDSCH,0x46,3,7,2,0,,,,,,,,,,,
57,gnb1,2026-08-19T10:38:33.094476,4925,PUSCH,0x46,,,,,2,1,113,4,117.8,94,,,,,
57,gnb1,2026-08-19T10:38:33.158142,4928,PUSCH,0x46,,,,,2,7,437,4,114.2,215,,,,,
57,gnb1,2026-08-19T10:38:33.158193,4928,BSR,0x46,,,,,,,,,,,,,,,0
57,gnb1,2026-08-19T10:38:33.320562,4936,PUSCH,0x46,,,,,2,4,293,4,117.9,175,,,,,
57,gnb1,2026-08-19T10:38:33.398885,4940,BSR,0x46,,,,,,,,,,,,,,,0
57,gnb1,2026-08-19T10:38:33.565655,4948,PUSCH,0x46,,,,,2,8,517,4,111.4,223,,,,,
57,gnb1,2026-08-19T10:38:33.826478,4961,PUCCH_CQI,0x46,,,,,,,,,,,111.8,15,2,,
57,gnb1,2026-08-19T10:38:34.041906,4972,PDSCH,0x46,3,7,2,0,,,,,,,,,,,
57,gnb1,2026-08-19T10:38:34.594586,5000,BSR,0x46,,,,,,,,,,,,,,,0
57,gnb1,2026-08-19T10:38:34.610977,5001,PUCCH_CQI,0x46,,,,,,,,,,,111.8,15,2,,
57,gnb1,2026-08-19T10:38:34.749483,5008,PUSCH,0x46,,,,,2,8,517,4,111.4,537,,,,,
57,gnb1,2026-08-19T10:38:34.749576,5008,PHR,,,,,,,,,,,,,,,,
57,gnb1,2026-08-19T10:38:34.963986,5020,BSR,0x46,,,,,,,,,,,,,,,0
57,gnb1,2026-08-19T10:38:35.002494,5022,PDSCH,0x46,3,7,2,0,,,,,,,,,,,
57,gnb1,2026-08-19T10:38:35.113178,5028,PUSCH,0x46,,,,,2,8,517,4,111.4,181,,,,,
57,gnb1,2026-08-19T10:38:35.366582,5041,PUCCH_CQI,0x46,,,,,,,,,,,111.8,15,2,,
57,gnb1,2026-08-19T10:38:35.735888,5060,BSR,0x46,,,,,,,,,,,,,,,0
57,gnb1,2026-08-19T10:38:35.890091,5068,PUSCH,0x46,,,,,2,8,517,4,111.4,187,,,,,
57,gnb1,2026-08-19T10:38:35.890121,5068,PHR,,,,,,,,,,,,,,,,
57,gnb1,2026-08-19T10:38:35.964832,5072,PDSCH,0x46,3,7,2,0,,,,,,,,,,,
57,gnb1,2026-08-19T10:38:36.117626,5080,BSR,0x46,,,,,,,,,,,,,,,0
57,gnb1,2026-08-19T10:38:36.135191,5081,PUCCH_CQI,0x46,,,,,,,,,,,111.8,15,2,,
57,gnb1,2026-08-19T10:38:36.265098,5088,PUSCH,0x46,,,,,2,8,517,4,111.4,203,,,,,
57,gnb1,2026-08-19T10:38:36.493576,5100,BSR,0x46,,,,,,,,,,,,,,,0
57,gnb1,2026-08-19T10:38:36.643001,5108,PUSCH,0x46,,,,,2,8,517,4,111.4,197,,,,,
57,gnb1,2026-08-19T10:38:36.906321,5121,PUCCH_CQI,0x46,,,,,,,,,,,111.8,15,2,,
57,gnb1,2026-08-19T10:38:36.935914,5122,PDSCH,0x46,3,7,2,0,,,,,,,,,,,
57,gnb1,2026-08-19T10:38:37.291484,5140,BSR,0x46,,,,,,,,,,,,,,,0
57,gnb1,2026-08-19T10:38:37.454448,5148,PUSCH,0x46,,,,,2,8,517,4,111.4,241,,,,,
57,gnb1,2026-08-19T10:38:37.454532,5148,PHR,,,,,,,,,,,,,,,,
57,gnb1,2026-08-19T10:38:37.680894,5160,BSR,0x46,,,,,,,,,,,,,,,0
57,gnb1,2026-08-19T10:38:37.697998,5161,PUCCH_CQI,0x46,,,,,,,,,,,111.8,15,2,,
57,gnb1,2026-08-19T10:38:37.844156,5168,PUSCH,0x46,,,,,2,8,517,4,111.4,221,,,,,
57,gnb1,2026-08-19T10:38:37.915646,5172,PDSCH,0x46,3,7,2,0,,,,,,,,,,,
57,gnb1,2026-08-19T10:38:38.073370,5180,BSR,0x46,,,,,,,,,,,,,,,0
57,gnb1,2026-08-19T10:38:38.244843,5188,PUSCH,0x46,,,,,2,8,517,4,111.4,245,,,,,
57,gnb1,2026-08-19T10:38:38.490015,5201,PUCCH_CQI,0x46,,,,,,,,,,,111.8,15,2,,
57,gnb1,2026-08-19T10:38:38.865500,5220,BSR,0x46,,,,,,,,,,,,,,,0
57,gnb1,2026-08-19T10:38:38.930421,5223,PDSCH,0x46,3,7,2,0,,,,,,,,,,,
57,gnb1,2026-08-19T10:38:39.020534,5228,PUSCH,0x46,,,,,2,8,517,4,111.4,204,,,,,
57,gnb1,2026-08-19T10:38:39.020624,5228,PHR,,,,,,,,,,,,,,,,
57,gnb1,2026-08-19T10:38:39.252238,5240,BSR,0x46,,,,,,,,,,,,,,,0
57,gnb1,2026-08-19T10:38:39.268242,5241,PUCCH_CQI,0x46,,,,,,,,,,,111.8,15,2,,
57,gnb1,2026-08-19T10:38:39.426805,5248,PUSCH,0x46,,,,,2,8,517,4,111.4,259,,,,,
57,gnb1,2026-08-19T10:38:39.892686,5273,PDSCH,0x46,3,7,2,0,,,,,,,,,,,
57,gnb1,2026-08-19T10:38:40.038530,5281,PUCCH_CQI,0x46,,,,,,,,,,,111.8,15,2a,,
57,gnb1,2026-08-19T10:38:40.849504,5321,PUCCH_CQI,0x46,,,,,,,,,,,111.8,15,2,,
57,gnb1,2026-08-19T10:38:41.603020,5361,PUCCH_CQI,0x46,,,,,,,,,,,111.8,15,2,,
57,gnb1,2026-08-19T10:38:42.381010,5401,PUCCH_CQI,0x46,,,,,,,,,,,111.8,15,2,,
57,gnb1,2026-08-19T10:38:43.184743,5441,PUCCH_CQI,0x46,,,,,,,,,,,111.8,15,2,,
57,gnb1,2026-08-19T10:38:43.922150,5481,PUCCH_CQI,0x46,,,,,,,,,,,111.8,15,2,,
57,gnb1,2026-08-19T10:38:44.708686,5521,PUCCH_CQI,0x46,,,,,,,,,,,111.8,15,2,,
57,gnb1,2026-08-19T10:38:45.456280,5560,BSR,0x46,,,,,,,,,,,,,,,0
57,gnb1,2026-08-19T10:38:45.470192,5561,PUCCH_CQI,0x46,,,,,,,,,,,111.8,15,2,,
57,gnb1,2026-08-19T10:38:45.608203,5568,PUSCH,0x46,,,,,2,8,517,4,111.4,192,,,,,
57,gnb1,2026-08-19T10:38:45.608236,5568,PHR,,,,,,,,,,,,,,,,
57,gnb1,2026-08-19T10:38:45.636587,5569,PDSCH,0x46,3,7,,,,,,,,,,,,,
58,gnb1,2026-08-19T10:44:31.805352,342,PDSCH,0x2,3,11,2,0,,,,,,,,,,,
58,gnb1,2026-08-19T10:44:31.902013,344,BSR,0x46,,,,,,,,,,,,,,,0
58,gnb1,2026-08-19T10:44:32.297262,352,PUSCH,0x46,,,,,2,2,7,2,118.0,159,,,,,
58,gnb1,2026-08-19T10:44:32.400114,354,PDSCH,0x46,3,32,2,0,,,,,,,,,,,
58,gnb1,2026-08-19T10:44:32.742174,361,PUCCH_CQI,0x46,,,,,,,,,,,-inf,0,2,,
58,gnb1,2026-08-19T10:44:33.654059,380,BSR,0x46,,,,,,,,,,,,,,,0
58,gnb1,2026-08-19T10:44:34.037327,388,PUSCH,0x46,,,,,2,44,157,2,109.0,787,,,,,
58,gnb1,2026-08-19T10:44:34.037362,388,PHR,,,,,,,,,,,,,,,,
58,gnb1,2026-08-19T10:44:34.087088,390,PDSCH,0x46,6,63,2,0,,,,,,,,,,,
58,gnb1,2026-08-19T10:44:34.621762,400,BSR,0x46,,,,,,,,,,,,,,,0
58,gnb1,2026-08-19T10:44:34.674177,401,PUCCH_CQI,0x46,,,,,,,,,,,111.8,15,2,,
58,gnb1,2026-08-19T10:44:35.013542,408,PUSCH,0x46,,,,,2,8,517,4,111.4,479,,,,,
58,gnb1,2026-08-19T10:44:35.014346,409,PDSCH,0x46,3,7,2,0,,,,,,,,,,,
58,gnb1,2026-08-19T10:44:35.118100,410,PDSCH,0x46,3,41,2,0,,,,,,,,,,,
58,gnb1,2026-08-19T10:44:35.612312,420,BSR,0x46,,,,,,,,,,,,,,,0
58,gnb1,2026-08-19T10:44:36.012918,428,PUSCH,0x46,,,,,2,8,517,4,111.4,267,,,,,
58,gnb1,2026-08-19T10:44:36.064111,429,PDSCH,0x46,3,7,2,0,,,,,,,,,,,
58,gnb1,2026-08-19T10:44:36.113909,430,PDSCH,0x46,3,26,2,0,,,,,,,,,,,
58,gnb1,2026-08-19T10:44:36.611677,440,BSR,0x46,,,,,,,,,,,,,,,0
58,gnb1,2026-08-19T10:44:36.661515,441,PUCCH_CQI,0x46,,,,,,,,,,,111.8,15,2,,
58,gnb1,2026-08-19T10:44:36.992736,448,PUSCH,0x46,,,,,2,8,517,4,111.4,277,,,,,
58,gnb1,2026-08-19T10:44:36.992837,448,PHR,,,,,,,,,,,,,,,,
58,gnb1,2026-08-19T10:44:37.040320,449,PDSCH,0x46,3,7,2,0,,,,,,,,,,,
58,gnb1,2026-08-19T10:44:37.080753,450,PDSCH,0x46,3,18,2,0,,,,,,,,,,,
58,gnb1,2026-08-19T10:44:37.574906,460,BSR,0x46,,,,,,,,,,,,,,,0
58,gnb1,2026-08-19T10:44:37.983242,468,PUSCH,0x46,,,,,2,8,517,4,111.4,235,,,,,
58,gnb1,2026-08-19T10:44:38.029678,469,PDSCH,0x46,3,22,2,0,,,,,,,,,,,
58,gnb1,2026-08-19T10:44:38.581033,480,BSR,0x46,,,,,,,,,,,,,,,0
58,gnb1,2026-08-19T10:44:38.629277,481,PUCCH_CQI,0x46,,,,,,,,,,,111.8,15,2,,
58,gnb1,2026-08-19T10:44:38.977640,488,PUSCH,0x46,,,,,2,8,517,4,111.4,267,,,,,
58,gnb1,2026-08-19T10:44:39.027254,489,PDSCH,0x46,3,7,2,0,,,,,,,,,,,
58,gnb1,2026-08-19T10:44:39.075375,490,PDSCH,0x46,3,113,4,0,,,,,,,,,,,
58,gnb1,2026-08-19T10:44:39.593256,500,BSR,0x46,,,,,,,,,,,,,,,0
58,gnb1,2026-08-19T10:44:40.004219,508,PUSCH,0x46,,,,,2,8,517,4,111.4,247,,,,,
58,gnb1,2026-08-19T10:44:40.004238,508,PHR,,,,,,,,,,,,,,,,
58,gnb1,2026-08-19T10:44:40.051613,509,PDSCH,0x46,3,18,2,0,,,,,,,,,,,
58,gnb1,2026-08-19T10:44:40.260895,513,PDSCH,0x46,3,73,4,0,,,,,,,,,,,
58,gnb1,2026-08-19T10:44:40.665187,521,PUCCH_CQI,0x46,,,,,,,,,,,111.8,15,2a,,
58,gnb1,2026-08-19T10:44:41.578371,540,BSR,0x46,,,,,,,,,,,,,,,0
58,gnb1,2026-08-19T10:44:41.979239,548,PUSCH,0x46,,,,,2,8,517,4,111.4,209,,,,,
58,gnb1,2026-08-19T10:44:42.613599,561,PUCCH_CQI,0x46,,,,,,,,,,,111.8,15,2,,
58,gnb1,2026-08-19T10:44:44.666775,601,PUCCH_CQI,0x46,,,,,,,,,,,111.8,15,2,,
58,gnb1,2026-08-19T10:44:46.687358,641,PUCCH_CQI,0x46,,,,,,,,,,,111.8,15,2,,
58,gnb1,2026-08-19T10:44:48.696569,681,PUCCH_CQI,0x46,,,,,,,,,,,111.8,15,2,,
58,gnb1,2026-08-19T10:44:50.682994,721,PUCCH_CQI,0x46,,,,,,,,,,,111.8,15,2,,
58,gnb1,2026-08-19T10:44:52.705472,761,PUCCH_CQI,0x46,,,,,,,,,,,111.8,15,2,,
58,gnb1,2026-08-19T10:44:54.717359,801,PUCCH_CQI,0x46,,,,,,,,,,,111.8,15,2,,
58,gnb1,2026-08-19T10:44:56.757417,841,PUCCH_CQI,0x46,,,,,,,,,,,111.8,15,2,,
58,gnb1,2026-08-19T10:44:58.782778,881,PUCCH_CQI,0x46,,,,,,,,,,,111.8,15,2,,
58,gnb1,2026-08-19T10:45:00.840968,921,PUCCH_CQI,0x46,,,,,,,,,,,111.8,15,2,,
58,gnb1,2026-08-19T10:45:02.858767,961,PUCCH_CQI,0x46,,,,,,,,,,,111.8,15,2,,
58,gnb1,2026-08-19T10:45:04.872528,1001,PUCCH_CQI,0x46,,,,,,,,,,,111.8,15,2,,
58,gnb1,2026-08-19T10:45:06.923347,1041,PUCCH_CQI,0x46,,,,,,,,,,,111.8,15,2,,
58,gnb1,2026-08-19T10:45:08.947972,1081,PUCCH_CQI,0x46,,,,,,,,,,,111.8,15,2,,
58,gnb1,2026-08-19T10:45:10.998395,1121,PUCCH_CQI,0x46,,,,,,,,,,,111.8,15,2,,
58,gnb1,2026-08-19T10:45:13.051675,1161,PUCCH_CQI,0x46,,,,,,,,,,,111.8,15,2,,
58,gnb1,2026-08-19T10:45:15.066618,1201,PUCCH_CQI,0x46,,,,,,,,,,,111.8,15,2,,
58,gnb1,2026-08-19T10:45:17.095907,1241,PUCCH_CQI,0x46,,,,,,,,,,,111.8,15,2,,
58,gnb1,2026-08-19T10:45:19.123457,1281,PUCCH_CQI,0x46,,,,,,,,,,,111.8,15,2,,
58,gnb1,2026-08-19T10:45:21.162037,1321,PUCCH_CQI,0x46,,,,,,,,,,,111.8,15,2,,
58,gnb1,2026-08-19T10:45:22.128137,1340,BSR,0x46,,,,,,,,,,,,,,,0
58,gnb1,2026-08-19T10:45:22.536269,1348,PUSCH,0x46,,,,,2,8,517,4,111.4,328,,,,,
58,gnb1,2026-08-19T10:45:22.536346,1348,PHR,,,,,,,,,,,,,,,,
58,gnb1,2026-08-19T10:45:22.586036,1349,PDSCH,0x46,3,145,6,0,,,,,,,,,,,
58,gnb1,2026-08-19T10:45:23.165826,1360,BSR,0x46,,,,,,,,,,,,,,,0
58,gnb1,2026-08-19T10:45:23.222486,1361,PUCCH_CQI,0x46,,,,,,,,,,,111.8,15,2,,
58,gnb1,2026-08-19T10:45:23.593586,1368,PUSCH,0x46,,,,,2,8,517,4,111.4,243,,,,,
58,gnb1,2026-08-19T10:45:23.593872,1368,PDSCH,0x46,3,73,4,0,,,,,,,,,,,
58,gnb1,2026-08-19T10:45:23.648119,1369,PDSCH,0x46,3,121,6,0,,,,,,,,,,,
58,gnb1,2026-08-19T10:45:24.217750,1380,BSR,0x46,,,,,,,,,,,,,,,0
58,gnb1,2026-08-19T10:45:24.628285,1388,PUSCH,0x46,,,,,2,8,517,4,111.4,220,,,,,
58,gnb1,2026-08-19T10:45:24.675215,1389,PDSCH,0x46,3,63,4,0,,,,,,,,,,,
58,gnb1,2026-08-19T10:45:25.188349,1399,PDSCH,0x46,3,7,2,0,,,,,,,,,,,
58,gnb1,2026-08-19T10:45:25.240893,1400,BSR,0x46,,,,,,,,,,,,,,,0
58,gnb1,2026-08-19T10:45:25.292109,1401,PUCCH_CQI,0x46,,,,,,,,,,,111.8,15,2,,
58,gnb1,2026-08-19T10:45:25.650910,1408,PUSCH,0x46,,,,,2,8,517,4,111.4,193,,,,,
58,gnb1,2026-08-19T10:45:25.650930,1408,PHR,,,,,,,,,,,,,,,,
58,gnb1,2026-08-19T10:45:25.700547,1409,PDSCH,0x46,3,121,6,0,,,,,,,,,,,
58,gnb1,2026-08-19T10:45:26.271207,1420,BSR,0x46,,,,,,,,,,,,,,,0
58,gnb1,2026-08-19T10:45:26.695207,1428,PUSCH,0x46,,,,,2,8,517,4,111.4,218,,,,,
58,gnb1,2026-08-19T10:45:26.749308,1429,PDSCH,0x46,3,73,4,0,,,,,,,,,,,
58,gnb1,2026-08-19T10:45:27.318320,1440,BSR,0x46,,,,,,,,,,,,,,,0
58,gnb1,2026-08-19T10:45:27.366531,1441,PUCCH_CQI,0x46,,,,,,,,,,,111.8,15,2,,
58,gnb1,2026-08-19T10:45:27.725792,1448,PUSCH,0x46,,,,,2,8,517,4,111.4,262,,,,,
58,gnb1,2026-08-19T10:45:27.777579,1449,PDSCH,0x46,50,4587,6,0,,,,,,,,,,,
58,gnb1,2026-08-19T10:45:27.831574,1450,PDSCH,0x46,50,4587,6,0,,,,,,,,,,,
58,gnb1,2026-08-19T10:45:27.832443,1451,PDSCH,0x46,50,4587,6,0,,,,,,,,,,,
58,gnb1,2026-08-19T10:45:27.880405,1452,PDSCH,0x46,9,573,6,0,,,,,,,,,,,
58,gnb1,2026-08-19T10:45:28.330204,1460,BSR,0x46,,,,,,,,,,,,,,,0
58,gnb1,2026-08-19T10:45:28.744960,1468,PUSCH,0x46,,,,,2,8,517,4,111.4,366,,,,,
58,gnb1,2026-08-19T10:45:28.745017,1468,PHR,,,,,,,,,,,,,,,,
58,gnb1,2026-08-19T10:45:28.797014,1469,BSR,0x46,,,,,,,,,,,,,,,0
58,gnb1,2026-08-19T10:45:28.797583,1469,PDSCH,0x46,50,4587,6,0,,,,,,,,,,,
58,gnb1,2026-08-19T10:45:28.848578,1470,PDSCH,0x46,50,4587,6,0,,,,,,,,,,,
58,gnb1,2026-08-19T10:45:28.898442,1471,PDSCH,0x46,50,4587,6,0,,,,,,,,,,,
58,gnb1,2026-08-19T10:45:28.945003,1472,PDSCH,0x46,50,4587,6,0,,,,,,,,,,,
58,gnb1,2026-08-19T10:45:28.998258,1473,PDSCH,0x46,18,1431,6,0,,,,,,,,,,,
58,gnb1,2026-08-19T10:45:29.201607,1477,PUSCH,0x46,,,,,2,2,185,4,117.9,174,,,,,
58,gnb1,2026-08-19T10:45:29.201667,1477,BSR,0x46,,,,,,,,,,,,,,,0
58,gnb1,2026-08-19T10:45:29.254338,1478,PDSCH,0x46,50,4587,6,0,,,,,,,,,,,
58,gnb1,2026-08-19T10:45:29.255634,1479,PDSCH,0x46,50,3963,6,0,,,,,,,,,,,
58,gnb1,2026-08-19T10:45:29.352899,1480,BSR,0x46,,,,,,,,,,,,,,,0
58,gnb1,2026-08-19T10:45:29.402544,1481,PUCCH_CQI,0x46,,,,,,,,,,,111.8,15,2a,,
58,gnb1,2026-08-19T10:45:29.606918,1485,PUSCH,0x46,,,,,2,2,185,4,117.9,118,,,,,
58,gnb1,2026-08-19T10:45:29.654674,1486,BSR,0x46,,,,,,,,,,,,,,,0
58,gnb1,2026-08-19T10:45:29.754255,1488,PUSCH,0x46,,,,,2,5,349,4,118.0,222,,,,,
58,gnb1,2026-08-19T10:45:29.754331,1488,BSR,0x46,,,,,,,,,,,,,,,0
58,gnb1,2026-08-19T10:45:29.805470,1489,BSR,0x46,,,,,,,,,,,,,,,0
58,gnb1,2026-08-19T10:45:29.805991,1489,PDSCH,0x46,50,4587,6,0,,,,,,,,,,,
58,gnb1,2026-08-19T10:45:29.858127,1490,PDSCH,0x46,50,4587,6,0,,,,,,,,,,,
58,gnb1,2026-08-19T10:45:29.909116,1491,PDSCH,0x46,50,4587,6,0,,,,,,,,,,,
58,gnb1,2026-08-19T10:45:29.909728,1492,PDSCH,0x46,6,325,6,0,,,,,,,,,,,
58,gnb1,2026-08-19T10:45:30.064304,1494,PUSCH,0x46,,,,,2,5,373,4,117.9,244,,,,,
58,gnb1,2026-08-19T10:45:30.064458,1494,BSR,0x46,,,,,,,,,,,,,,,0
58,gnb1,2026-08-19T10:45:30.115005,1495,BSR,0x46,,,,,,,,,,,,,,,0
58,gnb1,2026-08-19T10:45:30.115708,1495,PDSCH,0x46,50,4587,6,0,,,,,,,,,,,
58,gnb1,2026-08-19T10:45:30.116395,1496,PUSCH,0x46,,,,,2,5,349,4,117.9,231,,,,,
58,gnb1,2026-08-19T10:45:30.116464,1496,BSR,0x46,,,,,,,,,,,,,,,0
58,gnb1,2026-08-19T10:45:30.117161,1496,PDSCH,0x46,50,4587,6,0,,,,,,,,,,,
58,gnb1,2026-08-19T10:45:30.166305,1497,PUSCH,0x46,,,,,2,3,249,4,117.9,299,,,,,
58,gnb1,2026-08-19T10:45:30.167044,1497,PDSCH,0x46,50,4587,6,0,,,,,,,,,,,
58,gnb1,2026-08-19T10:45:30.262719,1498,PDSCH,0x46,50,4587,6,0,,,,,,,,,,,
58,gnb1,2026-08-19T10:45:30.263863,1499,PDSCH,0x46,50,4587,6,0,,,,,,,,,,,
58,gnb1,2026-08-19T10:45:30.310254,1500,PDSCH,0x46,50,4587,6,0,,,,,,,,,,,
58,gnb1,2026-08-19T10:45:30.409663,1501,PDSCH,0x46,47,4395,6,0,,,,,,,,,,,
58,gnb1,2026-08-19T10:45:30.410172,1502,PUSCH,0x46,,,,,2,5,373,4,118.0,148,,,,,
58,gnb1,2026-08-19T10:45:30.410851,1502,PDSCH,0x46,50,4587,6,0,,,,,,,,,,,
58,gnb1,2026-08-19T10:45:30.456442,1503,PUSCH,0x46,,,,,2,4,269,4,117.9,178,,,,,
58,gnb1,2026-08-19T10:45:30.457036,1503,PDSCH,0x46,50,4587,6,0,,,,,,,,,,,
58,gnb1,2026-08-19T10:45:30.503761,1504,PUSCH,0x46,,,,,2,5,349,4,117.9,169,,,,,
58,gnb1,2026-08-19T10:45:30.503890,1504,BSR,0x46,,,,,,,,,,,,,,,0
58,gnb1,2026-08-19T10:45:30.504417,1504,PDSCH,0x46,50,4587,6,0,,,,,,,,,,,
58,gnb1,2026-08-19T10:45:30.602166,1505,PDSCH,0x46,50,4587,6,0,,,,,,,,,,,
58,gnb1,2026-08-19T10:45:30.603193,1506,PDSCH,0x46,50,4587,6,0,,,,,,,,,,,
58,gnb1,2026-08-19T10:45:30.708831,1507,PDSCH,0x46,50,4587,6,0,,,,,,,,,,,
58,gnb1,2026-08-19T10:45:30.709847,1508,PDSCH,0x46,50,4587,6,0,,,,,,,,,,,
58,gnb1,2026-08-19T10:45:30.810164,1509,PDSCH,0x46,50,4587,6,0,,,,,,,,,,,
58,gnb1,2026-08-19T10:45:30.857564,1510,PDSCH,0x46,50,4587,6,0,,,,,,,,,,,
58,gnb1,2026-08-19T10:45:30.858511,1511,PDSCH,0x46,50,4587,6,0,,,,,,,,,,,
58,gnb1,2026-08-19T10:45:30.905628,1512,PUSCH,0x46,,,,,2,8,517,4,111.4,308,,,,,
58,gnb1,2026-08-19T10:45:30.905922,1512,PDSCH,0x46,12,935,6,0,,,,,,,,,,,
58,gnb1,2026-08-19T10:45:31.006226,1513,BSR,0x46,,,,,,,,,,,,,,,37
58,gnb1,2026-08-19T10:45:31.006841,1513,PDSCH,0x46,50,4587,6,0,,,,,,,,,,,
58,gnb1,2026-08-19T10:45:31.007197,1514,BSR,0x46,,,,,,,,,,,,,,,0
58,gnb1,2026-08-19T10:45:31.007671,1514,PDSCH,0x46,50,4587,6,0,,,,,,,,,,,
58,gnb1,2026-08-19T10:45:31.054819,1515,PDSCH,0x46,50,4587,6,0,,,,,,,,,,,
58,gnb1,2026-08-19T10:45:31.106120,1516,PDSCH,0x46,50,4587,6,0,,,,,,,,,,,
58,gnb1,2026-08-19T10:45:31.202176,1517,PDSCH,0x46,50,4587,6,0,,,,,,,,,,,
58,gnb1,2026-08-19T10:45:31.203119,1518,PDSCH,0x46,30,2385,6,0,,,,,,,,,,,
58,gnb1,2026-08-19T10:45:31.402912,1521,PUSCH,0x46,,,,,10,14,935,4,104.5,429,,,,,
58,gnb1,2026-08-19T10:45:31.402998,1521,PHR,,,,,,,,,,,,,,,,
58,gnb1,2026-08-19T10:45:31.403000,1521,BSR,0x46,,,,,,,,,,,,,,,0
58,gnb1,2026-08-19T10:45:31.403650,1522,PUSCH,0x46,,,,,2,0,41,4,117.9,151,,,,,
58,gnb1,2026-08-19T10:45:31.403699,1522,BSR,0x46,,,,,,,,,,,,,,,0
58,gnb1,2026-08-19T10:45:31.453427,1523,BSR,0x46,,,,,,,,,,,,,,,0
58,gnb1,2026-08-19T10:45:31.454096,1523,PDSCH,0x46,50,4587,6,0,,,,,,,,,,,
58,gnb1,2026-08-19T10:45:31.550717,1524,PDSCH,0x46,50,4587,6,0,,,,,,,,,,,
58,gnb1,2026-08-19T10:45:31.598842,1525,PDSCH,0x46,50,4587,6,0,,,,,,,,,,,
58,gnb1,2026-08-19T10:45:31.599986,1526,PDSCH,0x46,50,4587,6,0,,,,,,,,,,,
58,gnb1,2026-08-19T10:45:31.700999,1527,PDSCH,0x46,50,4587,6,0,,,,,,,,,,,
58,gnb1,2026-08-19T10:45:31.745308,1528,PDSCH,0x46,50,4587,6,0,,,,,,,,,,,
58,gnb1,2026-08-19T10:45:31.793004,1529,PUSCH,0x46,,,,,2,14,935,4,107.4,332,,,,,
58,gnb1,2026-08-19T10:45:31.793090,1529,BSR,0x46,,,,,,,,,,,,,,,0
58,gnb1,2026-08-19T10:45:31.793680,1529,PDSCH,0x46,50,4587,6,0,,,,,,,,,,,
58,gnb1,2026-08-19T10:45:31.793788,1530,PUSCH,0x46,,,,,2,0,41,4,117.8,121,,,,,
58,gnb1,2026-08-19T10:45:31.793856,1530,BSR,0x46,,,,,,,,,,,,,,,0
58,gnb1,2026-08-19T10:45:31.794341,1530,PDSCH,0x46,50,4587,6,0,,,,,,,,,,,
58,gnb1,2026-08-19T10:45:31.840806,1531,PUSCH,0x46,,,,,10,8,517,4,104.5,221,,,,,
58,gnb1,2026-08-19T10:45:31.840888,1531,BSR,0x46,,,,,,,,,,,,,,,0
58,gnb1,2026-08-19T10:45:31.841505,1531,PDSCH,0x46,50,4587,6,0,,,,,,,,,,,
58,gnb1,2026-08-19T10:45:31.940167,1532,BSR,0x46,,,,,,,,,,,,,,,0
58,gnb1,2026-08-19T10:45:31.940664,1532,PDSCH,0x46,50,4587,6,0,,,,,,,,,,,
58,gnb1,2026-08-19T10:45:31.941627,1533,PDSCH,0x46,50,4587,6,0,,,,,,,,,,,
58,gnb1,2026-08-19T10:45:31.991093,1534,PDSCH,0x46,50,4587,6,0,,,,,,,,,,,
58,gnb1,2026-08-19T10:45:32.041662,1535,PDSCH,0x46,50,4587,6,0,,,,,,,,,,,
58,gnb1,2026-08-19T10:45:32.144422,1536,PDSCH,0x46,50,4587,6,0,,,,,,,,,,,
58,gnb1,2026-08-19T10:45:32.190550,1537,PUSCH,0x46,,,,,2,14,935,4,107.4,293,,,,,
58,gnb1,2026-08-19T10:45:32.190658,1537,BSR,0x46,,,,,,,,,,,,,,,0
58,gnb1,2026-08-19T10:45:32.191140,1537,PDSCH,0x46,50,4587,6,0,,,,,,,,,,,
58,gnb1,2026-08-19T10:45:32.191433,1538,PUSCH,0x46,,,,,2,0,32,4,117.8,131,,,,,
58,gnb1,2026-08-19T10:45:32.191994,1538,PDSCH,0x46,50,4587,6,0,,,,,,,,,,,
58,gnb1,2026-08-19T10:45:32.244363,1539,PUSCH,0x46,,,,,2,15,1063,4,107.2,436,,,,,
58,gnb1,2026-08-19T10:45:32.244443,1539,BSR,0x46,,,,,,,,,,,,,,,88
58,gnb1,2026-08-19T10:45:32.244982,1539,PDSCH,0x46,50,4587,6,0,,,,,,,,,,,
58,gnb1,2026-08-19T10:45:32.340797,1540,PUSCH,0x46,,,,,2,3,233,4,117.9,176,,,,,
58,gnb1,2026-08-19T10:45:32.340890,1540,BSR,0x46,,,,,,,,,,,,,,,0
58,gnb1,2026-08-19T10:45:32.341494,1540,PDSCH,0x46,50,4587,6,0,,,,,,,,,,,
58,gnb1,2026-08-19T10:45:32.341917,1541,BSR,0x46,,,,,,,,,,,,,,,0
58,gnb1,2026-08-19T10:45:32.342429,1541,PDSCH,0x46,47,4395,6,0,,,,,,,,,,,
58,gnb1,2026-08-19T10:45:32.382602,1542,PDSCH,0x46,50,4587,6,0,,,,,,,,,,,
58,gnb1,2026-08-19T10:45:32.474513,1543,PDSCH,0x46,50,4587,6,0,,,,,,,,,,,
58,gnb1,2026-08-19T10:45:32.475486,1544,PDSCH,0x46,50,4587,6,0,,,,,,,,,,,
58,gnb1,2026-08-19T10:45:32.520251,1545,PUSCH,0x46,,,,,2,14,935,4,107.4,372,,,,,
58,gnb1,2026-08-19T10:45:32.520331,1545,BSR,0x46,,,,,,,,,,,,,,,0
58,gnb1,2026-08-19T10:45:32.520831,1545,PDSCH,0x46,50,4587,6,0,,,,,,,,,,,
58,gnb1,2026-08-19T10:45:32.618199,1546,BSR,0x46,,,,,,,,,,,,,,,0
58,gnb1,2026-08-19T10:45:32.618638,1546,PDSCH,0x46,50,4587,6,0,,,,,,,,,,,
58,gnb1,2026-08-19T10:45:32.661116,1547,PUSCH,0x46,,,,,2,19,1239,4,106.5,540,,,,,
58,gnb1,2026-08-19T10:45:32.661206,1547,BSR,0x46,,,,,,,,,,,,,,,0
58,gnb1,2026-08-19T10:45:32.661807,1547,PDSCH,0x46,50,4587,6,0,,,,,,,,,,,
58,gnb1,2026-08-19T10:45:32.661935,1548,PUSCH,0x46,,,,,2,8,597,4,111.4,263,,,,,
58,gnb1,2026-08-19T10:45:32.661993,1548,BSR,0x46,,,,,,,,,,,,,,,0
58,gnb1,2026-08-19T10:45:32.662504,1548,PDSCH,0x46,50,4587,6,0,,,,,,,,,,,
58,gnb1,2026-08-19T10:45:32.707092,1549,PUSCH,0x46,,,,,2,3,249,4,117.9,133,,,,,
58,gnb1,2026-08-19T10:45:32.707672,1549,PDSCH,0x46,50,4587,6,0,,,,,,,,,,,
58,gnb1,2026-08-19T10:45:32.811935,1550,PDSCH,0x46,50,4587,6,0,,,,,,,,,,,
58,gnb1,2026-08-19T10:45:32.855396,1551,PDSCH,0x46,50,4587,6,0,,,,,,,,,,,
58,gnb1,2026-08-19T10:45:32.856356,1552,PDSCH,0x46,50,4587,6,0,,,,,,,,,,,
58,gnb1,2026-08-19T10:45:32.946092,1553,PUSCH,0x46,,,,,2,14,935,4,107.4,307,,,,,
58,gnb1,2026-08-19T10:45:32.946807,1553,PDSCH,0x46,50,4587,6,0,,,,,,,,,,,
58,gnb1,2026-08-19T10:45:32.946918,1554,PUSCH,0x46,,,,,2,3,249,4,117.9,159,,,,,
58,gnb1,2026-08-19T10:45:32.947443,1554,PDSCH,0x46,50,4587,6,0,,,,,,,,,,,
58,gnb1,2026-08-19T10:45:32.995122,1555,PUSCH,0x46,,,,,2,19,1239,4,106.5,534,,,,,
58,gnb1,2026-08-19T10:45:32.995712,1555,PDSCH,0x46,50,4587,6,0,,,,,,,,,,,
58,gnb1,2026-08-19T10:45:33.089774,1556,PUSCH,0x46,,,,,2,8,597,4,111.4,256,,,,,
58,gnb1,2026-08-19T10:45:33.090462,1556,PDSCH,0x46,50,4587,6,0,,,,,,,,,,,
58,gnb1,2026-08-19T10:45:33.091379,1557,PDSCH,0x46,50,4587,6,0,,,,,,,,,,,
58,gnb1,2026-08-19T10:45:33.138217,1558,PDSCH,0x46,50,4587,6,0,,,,,,,,,,,
58,gnb1,2026-08-19T10:45:33.239519,1559,PDSCH,0x46,50,4587,6,0,,,,,,,,,,,
58,gnb1,2026-08-19T10:45:33.240112,1560,BSR,0x46,,,,,,,,,,,,,,,0
58,gnb1,2026-08-19T10:45:33.240724,1560,PDSCH,0x46,50,4587,6,0,,,,,,,,,,,
58,gnb1,2026-08-19T10:45:33.289038,1561,PUCCH_CQI,0x46,,,,,,,,,,,111.8,15,2a,,
58,gnb1,2026-08-19T10:45:33.289711,1561,PDSCH,0x46,47,4395,6,0,,,,,,,,,,,
58,gnb1,2026-08-19T10:45:33.388641,1562,PDSCH,0x46,50,4587,6,0,,,,,,,,,,,
58,gnb1,2026-08-19T10:45:33.389874,1563,PDSCH,0x46,50,4587,6,0,,,,,,,,,,,
58,gnb1,2026-08-19T10:45:33.430631,1564,PDSCH,0x46,50,4587,6,0,,,,,,,,,,,
58,gnb1,2026-08-19T10:45:33.524352,1565,PDSCH,0x46,50,4587,6,0,,,,,,,,,,,
58,gnb1,2026-08-19T10:45:33.525401,1566,PDSCH,0x46,50,4587,6,0,,,,,,,,,,,
58,gnb1,2026-08-19T10:45:33.573575,1567,PDSCH,0x46,50,4587,6,0,,,,,,,,,,,
58,gnb1,2026-08-19T10:45:33.673089,1568,PUSCH,0x46,,,,,2,8,517,4,111.4,220,,,,,
58,gnb1,2026-08-19T10:45:33.673772,1568,PDSCH,0x46,50,4587,6,0,,,,,,,,,,,
58,gnb1,2026-08-19T10:45:33.674046,1569,BSR,0x46,,,,,,,,,,,,,,,0
58,gnb1,2026-08-19T10:45:33.674471,1569,PDSCH,0x46,50,4587,6,0,,,,,,,,,,,
58,gnb1,2026-08-19T10:45:33.723648,1570,PDSCH,0x46,50,4587,6,0,,,,,,,,,,,
58,gnb1,2026-08-19T10:45:33.814965,1571,PDSCH,0x46,50,4587,6,0,,,,,,,,,,,
58,gnb1,2026-08-19T10:45:33.816152,1572,PDSCH,0x46,50,4587,6,0,,,,,,,,,,,
58,gnb1,2026-08-19T10:45:33.905822,1573,PDSCH,0x46,50,4587,6,0,,,,,,,,,,,
58,gnb1,2026-08-19T10:45:33.907007,1574,PDSCH,0x46,50,4587,6,0,,,,,,,,,,,
58,gnb1,2026-08-19T10:45:33.952740,1575,PDSCH,0x46,50,4587,6,0,,,,,,,,,,,
58,gnb1,2026-08-19T10:45:34.049571,1576,PDSCH,0x46,50,4587,6,0,,,,,,,,,,,
58,gnb1,2026-08-19T10:45:34.050664,1577,PUSCH,0x46,,,,,2,23,1383,4,106.4,650,,,,,
58,gnb1,2026-08-19T10:45:34.050706,1577,PHR,,,,,,,,,,,,,,,,
58,gnb1,2026-08-19T10:45:34.050739,1577,BSR,0x46,,,,,,,,,,,,,,,0
58,gnb1,2026-08-19T10:45:34.051412,1577,PDSCH,0x46,50,4587,6,0,,,,,,,,,,,
58,gnb1,2026-08-19T10:45:34.146976,1578,BSR,0x46,,,,,,,,,,,,,,,0
58,gnb1,2026-08-19T10:45:34.147488,1578,PDSCH,0x46,50,4587,6,0,,,,,,,,,,,
58,gnb1,2026-08-19T10:45:34.148514,1579,PDSCH,0x46,50,4587,6,0,,,,,,,,,,,
58,gnb1,2026-08-19T10:45:34.192009,1580,PDSCH,0x46,50,4587,6,0,,,,,,,,,,,
58,gnb1,2026-08-19T10:45:34.284769,1581,PDSCH,0x46,47,4395,6,0,,,,,,,,,,,
58,gnb1,2026-08-19T10:45:34.285936,1582,PDSCH,0x46,50,4587,6,0,,,,,,,,,,,
58,gnb1,2026-08-19T10:45:34.382446,1583,PDSCH,0x46,50,4587,6,0,,,,,,,,,,,
58,gnb1,2026-08-19T10:45:34.383576,1584,PDSCH,0x46,50,4587,6,0,,,,,,,,,,,
58,gnb1,2026-08-19T10:45:34.432922,1585,PUSCH,0x46,,,,,2,23,1383,4,106.4,551,,,,,
58,gnb1,2026-08-19T10:45:34.433024,1585,BSR,0x46,,,,,,,,,,,,,,,0
58,gnb1,2026-08-19T10:45:34.433629,1585,PDSCH,0x46,50,4587,6,0,,,,,,,,,,,
58,gnb1,2026-08-19T10:45:34.524023,1586,PUSCH,0x46,,,,,2,3,217,4,117.9,142,,,,,
58,gnb1,2026-08-19T10:45:34.524137,1586,BSR,0x46,,,,,,,,,,,,,,,0
58,gnb1,2026-08-19T10:45:34.524696,1586,PDSCH,0x46,50,4587,6,0,,,,,,,,,,,
58,gnb1,2026-08-19T10:45:34.525201,1587,BSR,0x46,,,,,,,,,,,,,,,0
58,gnb1,2026-08-19T10:45:34.525740,1587,PDSCH,0x46,50,4587,6,0,,,,,,,,,,,
58,gnb1,2026-08-19T10:45:34.570729,1588,PDSCH,0x46,50,4587,6,0,,,,,,,,,,,
58,gnb1,2026-08-19T10:45:34.674906,1589,PDSCH,0x46,50,4587,6,0,,,,,,,,,,,
58,gnb1,2026-08-19T10:45:34.675877,1590,PDSCH,0x46,50,4587,6,0,,,,,,,,,,,
58,gnb1,2026-08-19T10:45:34.720582,1591,PDSCH,0x46,50,4587,6,0,,,,,,,,,,,
58,gnb1,2026-08-19T10:45:34.815520,1592,PDSCH,0x46,50,4587,6,0,,,,,,,,,,,
58,gnb1,2026-08-19T10:45:34.816400,1593,PUSCH,0x46,,,,,2,23,1383,4,106.4,555,,,,,
58,gnb1,2026-08-19T10:45:34.816470,1593,BSR,0x46,,,,,,,,,,,,,,,0
58,gnb1,2026-08-19T10:45:34.817018,1593,PDSCH,0x46,50,4587,6,0,,,,,,,,,,,
58,gnb1,2026-08-19T10:45:34.864151,1594,PUSCH,0x46,,,,,2,7,469,4,114.3,219,,,,,
58,gnb1,2026-08-19T10:45:34.864742,1594,PDSCH,0x46,50,4587,6,0,,,,,,,,,,,
58,gnb1,2026-08-19T10:45:34.958729,1595,PUSCH,0x46,,,,,2,4,249,4,118.0,155,,,,,
58,gnb1,2026-08-19T10:45:34.958824,1595,BSR,0x46,,,,,,,,,,,,,,,0
58,gnb1,2026-08-19T10:45:34.959372,1595,PDSCH,0x46,50,4587,6,0,,,,,,,,,,,
58,gnb1,2026-08-19T10:45:34.959829,1596,BSR,0x46,,,,,,,,,,,,,,,0
58,gnb1,2026-08-19T10:45:34.960248,1596,PDSCH,0x46,50,4587,6,0,,,,,,,,,,,
58,gnb1,2026-08-19T10:45:35.003973,1597,PDSCH,0x46,50,4587,6,0,,,,,,,,,,,
58,gnb1,2026-08-19T10:45:35.086413,1598,PDSCH,0x46,50,4587,6,0,,,,,,,,,,,
58,gnb1,2026-08-19T10:45:35.133787,1599,PDSCH,0x46,50,4587,6,0,,,,,,,,,,,
58,gnb1,2026-08-19T10:45:35.134754,1600,PDSCH,0x46,50,4587,6,0,,,,,,,,,,,
58,gnb1,2026-08-19T10:45:35.174067,1601,PUSCH,0x46,,,,,10,23,1383,4,106.6,465,,,,,
58,gnb1,2026-08-19T10:45:35.174147,1601,BSR,0x46,,,,,,,,,,,,,,,0
58,gnb1,2026-08-19T10:45:35.174662,1601,PDSCH,0x46,47,4395,6,0,,,,,,,,,,,
58,gnb1,2026-08-19T10:45:35.257710,1602,PDSCH,0x46,50,4587,6,0,,,,,,,,,,,
58,gnb1,2026-08-19T10:45:35.301801,1603,PUSCH,0x46,,,,,2,7,437,4,114.2,229,,,,,
58,gnb1,2026-08-19T10:45:35.301900,1603,BSR,0x46,,,,,,,,,,,,,,,0
58,gnb1,2026-08-19T10:45:35.302416,1603,PDSCH,0x46,50,4587,6,0,,,,,,,,,,,
58,gnb1,2026-08-19T10:45:35.302799,1604,PUSCH,0x46,,,,,2,4,249,4,117.9,141,,,,,
58,gnb1,2026-08-19T10:45:35.302863,1604,BSR,0x46,,,,,,,,,,,,,,,0
58,gnb1,2026-08-19T10:45:35.303376,1604,PDSCH,0x46,50,4587,6,0,,,,,,,,,,,
58,gnb1,2026-08-19T10:45:35.350163,1605,BSR,0x46,,,,,,,,,,,,,,,0
58,gnb1,2026-08-19T10:45:35.350725,1605,PDSCH,0x46,47,4395,6,0,,,,,,,,,,,
58,gnb1,2026-08-19T10:45:35.449336,1606,PDSCH,0x46,50,4587,6,0,,,,,,,,,,,
58,gnb1,2026-08-19T10:45:35.499579,1607,PDSCH,0x46,50,4587,6,0,,,,,,,,,,,
58,gnb1,2026-08-19T10:45:35.500295,1608,PDSCH,0x46,50,4587,6,0,,,,,,,,,,,
58,gnb1,2026-08-19T10:45:35.545837,1609,PUSCH,0x46,,,,,2,23,1383,4,106.4,417,,,,,
58,gnb1,2026-08-19T10:45:35.545919,1609,BSR,0x46,,,,,,,,,,,,,,,0
58,gnb1,2026-08-19T10:45:35.546416,1609,PDSCH,0x46,50,4587,6,0,,,,,,,,,,,
58,gnb1,2026-08-19T10:45:35.641376,1610,BSR,0x46,,,,,,,,,,,,,,,0
58,gnb1,2026-08-19T10:45:35.641903,1610,PDSCH,0x46,50,4587,6,0,,,,,,,,,,,
58,gnb1,2026-08-19T10:45:35.642417,1611,PUSCH,0x46,,,,,10,3,193,4,104.5,137,,,,,
58,gnb1,2026-08-19T10:45:35.642498,1611,BSR,0x46,,,,,,,,,,,,,,,0
58,gnb1,2026-08-19T10:45:35.642988,1611,PDSCH,0x46,50,4587,6,0,,,,,,,,,,,
58,gnb1,2026-08-19T10:45:35.693185,1612,PUSCH,0x46,,,,,2,8,517,4,111.4,253,,,,,
58,gnb1,2026-08-19T10:45:35.693303,1612,BSR,0x46,,,,,,,,,,,,,,,0
58,gnb1,2026-08-19T10:45:35.693964,1612,PDSCH,0x46,50,4587,6,0,,,,,,,,,,,
58,gnb1,2026-08-19T10:45:35.744374,1613,PUSCH,0x46,,,,,2,3,249,4,117.9,126,,,,,
58,gnb1,2026-08-19T10:45:35.745011,1613,PDSCH,0x46,50,4587,6,0,,,,,,,,,,,
58,gnb1,2026-08-19T10:45:35.841285,1614,PDSCH,0x46,50,4587,6,0,,,,,,,,,,,
58,gnb1,2026-08-19T10:45:35.842476,1615,PDSCH,0x46,47,4395,6,0,,,,,,,,,,,
58,gnb1,2026-08-19T10:45:35.884560,1616,PDSCH,0x46,50,4587,6,0,,,,,,,,,,,
58,gnb1,2026-08-19T10:45:35.973178,1617,PUSCH,0x46,,,,,2,23,1383,4,106.4,634,,,,,
58,gnb1,2026-08-19T10:45:35.973811,1618,PUSCH,0x46,,,,,2,4,249,4,118.0,154,,,,,
58,gnb1,2026-08-19T10:45:35.973852,1617,PDSCH,0x46,50,4587,6,0,,,,,,,,,,,
58,gnb1,2026-08-19T10:45:35.974323,1618,PDSCH,0x46,50,4587,6,0,,,,,,,,,,,
58,gnb1,2026-08-19T10:45:36.022411,1619,PUSCH,0x46,,,,,2,3,193,4,117.9,169,,,,,
58,gnb1,2026-08-19T10:45:36.023030,1619,PDSCH,0x46,50,4587,6,0,,,,,,,,,,,
58,gnb1,2026-08-19T10:45:36.105224,1620,PUSCH,0x46,,,,,2,14,807,4,107.4,421,,,,,
58,gnb1,2026-08-19T10:45:36.105837,1620,PDSCH,0x46,50,4587,6,0,,,,,,,,,,,
58,gnb1,2026-08-19T10:45:36.106496,1621,PDSCH,0x46,47,4395,6,0,,,,,,,,,,,
58,gnb1,2026-08-19T10:45:36.131753,1622,PDSCH,0x46,50,4587,6,0,,,,,,,,,,,
58,gnb1,2026-08-19T10:45:36.216884,1623,PDSCH,0x46,50,4587,6,0,,,,,,,,,,,
58,gnb1,2026-08-19T10:45:36.217793,1624,PDSCH,0x46,50,4587,6,0,,,,,,,,,,,
58,gnb1,2026-08-19T10:45:36.264864,1625,PDSCH,0x46,50,4587,6,0,,,,,,,,,,,
58,gnb1,2026-08-19T10:45:36.326480,1626,PDSCH,0x46,50,4587,6,0,,,,,,,,,,,
58,gnb1,2026-08-19T10:45:36.327455,1627,PDSCH,0x46,50,4587,6,0,,,,,,,,,,,
58,gnb1,2026-08-19T10:45:36.364324,1628,PDSCH,0x46,50,4587,6,0,,,,,,,,,,,
58,gnb1,2026-08-19T10:45:36.454008,1629,PDSCH,0x46,50,4587,6,0,,,,,,,,,,,
58,gnb1,2026-08-19T10:45:36.455015,1630,PDSCH,0x46,50,4587,6,0,,,,,,,,,,,
58,gnb1,2026-08-19T10:45:36.492854,1631,PDSCH,0x46,50,4587,6,0,,,,,,,,,,,
58,gnb1,2026-08-19T10:45:36.576305,1632,PDSCH,0x46,50,4587,6,0,,,,,,,,,,,
58,gnb1,2026-08-19T10:45:36.577047,1633,PDSCH,0x46,50,4587,6,0,,,,,,,,,,,
58,gnb1,2026-08-19T10:45:36.613774,1634,PDSCH,0x46,50,4587,6,0,,,,,,,,,,,
58,gnb1,2026-08-19T10:45:36.689378,1635,PDSCH,0x46,50,4587,6,0,,,,,,,,,,,
58,gnb1,2026-08-19T10:45:36.690308,1636,PDSCH,0x46,50,4587,6,0,,,,,,,,,,,
58,gnb1,2026-08-19T10:45:36.730143,1637,PDSCH,0x46,50,4587,6,0,,,,,,,,,,,
58,gnb1,2026-08-19T10:45:36.799404,1638,PDSCH,0x46,50,4587,6,0,,,,,,,,,,,
58,gnb1,2026-08-19T10:45:36.800454,1639,PDSCH,0x46,50,4587,6,0,,,,,,,,,,,
58,gnb1,2026-08-19T10:45:36.882964,1640,BSR,0x46,,,,,,,,,,,,,,,0
58,gnb1,2026-08-19T10:45:36.883525,1640,PDSCH,0x46,50,4587,6,0,,,,,,,,,,,
58,gnb1,2026-08-19T10:45:36.884015,1641,PUCCH_CQI,0x46,,,,,,,,,,,111.8,15,2a,,
58,gnb1,2026-08-19T10:45:36.884535,1641,PDSCH,0x46,47,4395,6,0,,,,,,,,,,,
58,gnb1,2026-08-19T10:45:36.924869,1642,PDSCH,0x46,50,4587,6,0,,,,,,,,,,,
58,gnb1,2026-08-19T10:45:37.016113,1643,PDSCH,0x46,50,4587,6,0,,,,,,,,,,,
58,gnb1,2026-08-19T10:45:37.017008,1644,PDSCH,0x46,50,4587,6,0,,,,,,,,,,,
58,gnb1,2026-08-19T10:45:37.082947,1645,PDSCH,0x46,50,4587,6,0,,,,,,,,,,,
58,gnb1,2026-08-19T10:45:37.123402,1646,PDSCH,0x46,50,4587,6,0,,,,,,,,,,,
58,gnb1,2026-08-19T10:45:37.124052,1647,PDSCH,0x46,12,871,6,0,,,,,,,,,,,
58,gnb1,2026-08-19T10:45:37.164789,1648,PUSCH,0x46,,,,,2,8,517,4,111.4,242,,,,,
58,gnb1,2026-08-19T10:45:37.164838,1648,PHR,,,,,,,,,,,,,,,,
58,gnb1,2026-08-19T10:45:37.258680,1649,BSR,0x46,,,,,,,,,,,,,,,0
58,gnb1,2026-08-19T10:45:37.259398,1649,PDSCH,0x46,50,4587,6,0,,,,,,,,,,,
58,gnb1,2026-08-19T10:45:37.260409,1650,PDSCH,0x46,50,4587,6,0,,,,,,,,,,,
58,gnb1,2026-08-19T10:45:37.306877,1651,PDSCH,0x46,50,4587,6,0,,,,,,,,,,,
58,gnb1,2026-08-19T10:45:37.399929,1652,PDSCH,0x46,50,4587,6,0,,,,,,,,,,,
58,gnb1,2026-08-19T10:45:37.400866,1653,PDSCH,0x46,50,4587,6,0,,,,,,,,,,,
58,gnb1,2026-08-19T10:45:37.453350,1654,PDSCH,0x46,50,4587,6,0,,,,,,,,,,,
58,gnb1,2026-08-19T10:45:37.540532,1655,PDSCH,0x46,50,4587,6,0,,,,,,,,,,,
58,gnb1,2026-08-19T10:45:37.541296,1656,PDSCH,0x46,50,4587,6,0,,,,,,,,,,,
58,gnb1,2026-08-19T10:45:37.593152,1657,PUSCH,0x46,,,,,2,35,2292,4,108.1,1015,,,,,
58,gnb1,2026-08-19T10:45:37.593245,1657,BSR,0x46,,,,,,,,,,,,,,,0
58,gnb1,2026-08-19T10:45:37.593902,1657,PDSCH,0x46,50,4587,6,0,,,,,,,,,,,
58,gnb1,2026-08-19T10:45:37.681536,1658,BSR,0x46,,,,,,,,,,,,,,,0
58,gnb1,2026-08-19T10:45:37.682027,1658,PDSCH,0x46,50,4587,6,0,,,,,,,,,,,
58,gnb1,2026-08-19T10:45:37.682896,1659,PDSCH,0x46,9,517,6,0,,,,,,,,,,,
58,gnb1,2026-08-19T10:45:37.970350,1665,PUSCH,0x46,,,,,2,35,2292,4,108.1,875,,,,,
58,gnb1,2026-08-19T10:45:37.970417,1665,BSR,0x46,,,,,,,,,,,,,,,0
58,gnb1,2026-08-19T10:45:37.970764,1666,PUSCH,0x46,,,,,2,11,645,4,108.5,341,,,,,
58,gnb1,2026-08-19T10:45:37.970823,1666,BSR,0x46,,,,,,,,,,,,,,,0
58,gnb1,2026-08-19T10:45:38.009749,1667,BSR,0x46,,,,,,,,,,,,,,,0
58,gnb1,2026-08-19T10:45:38.010273,1667,PDSCH,0x46,50,4587,6,0,,,,,,,,,,,
58,gnb1,2026-08-19T10:45:38.078764,1668,PDSCH,0x46,50,4587,6,0,,,,,,,,,,,
58,gnb1,2026-08-19T10:45:38.114389,1669,PDSCH,0x46,50,4587,6,0,,,,,,,,,,,
58,gnb1,2026-08-19T10:45:38.161555,1670,PDSCH,0x46,50,4587,6,0,,,,,,,,,,,
58,gnb1,2026-08-19T10:45:38.209825,1671,PDSCH,0x46,50,4587,6,0,,,,,,,,,,,
58,gnb1,2026-08-19T10:45:38.253080,1672,PDSCH,0x46,50,4587,6,0,,,,,,,,,,,
58,gnb1,2026-08-19T10:45:38.254540,1673,PUSCH,0x46,,,,,2,35,2292,4,108.1,820,,,,,
58,gnb1,2026-08-19T10:45:38.254625,1673,BSR,0x46,,,,,,,,,,,,,,,0
58,gnb1,2026-08-19T10:45:38.255260,1673,PDSCH,0x46,50,4587,6,0,,,,,,,,,,,
58,gnb1,2026-08-19T10:45:38.346737,1674,PUSCH,0x46,,,,,2,11,645,4,108.5,293,,,,,
58,gnb1,2026-08-19T10:45:38.347413,1674,PDSCH,0x46,50,4587,6,0,,,,,,,,,,,
58,gnb1,2026-08-19T10:45:38.347860,1675,PUSCH,0x46,,,,,2,7,501,4,114.2,247,,,,,
58,gnb1,2026-08-19T10:45:38.348345,1675,PDSCH,0x46,50,4587,6,0,,,,,,,,,,,
58,gnb1,2026-08-19T10:45:38.392440,1676,PDSCH,0x46,50,4587,6,0,,,,,,,,,,,
58,gnb1,2026-08-19T10:45:38.484602,1677,PDSCH,0x46,50,4587,6,0,,,,,,,,,,,
58,gnb1,2026-08-19T10:45:38.485519,1678,PDSCH,0x46,50,4587,6,0,,,,,,,,,,,
58,gnb1,2026-08-19T10:45:38.523919,1679,PDSCH,0x46,50,4587,6,0,,,,,,,,,,,
58,gnb1,2026-08-19T10:45:38.592598,1680,PDSCH,0x46,50,4587,6,0,,,,,,,,,,,
58,gnb1,2026-08-19T10:45:38.593702,1681,PUSCH,0x46,,,,,10,35,2292,4,108.2,672,,,,,
58,gnb1,2026-08-19T10:45:38.593782,1681,BSR,0x46,,,,,,,,,,,,,,,0
58,gnb1,2026-08-19T10:45:38.594233,1681,PDSCH,0x46,47,4395,6,0,,,,,,,,,,,
58,gnb1,2026-08-19T10:45:38.655108,1682,PDSCH,0x46,50,4587,6,0,,,,,,,,,,,
58,gnb1,2026-08-19T10:45:38.655949,1683,PDSCH,0x46,50,4587,6,0,,,,,,,,,,,
58,gnb1,2026-08-19T10:45:38.687509,1684,PDSCH,0x46,50,4587,6,0,,,,,,,,,,,
58,gnb1,2026-08-19T10:45:38.778385,1685,PDSCH,0x46,50,4587,6,0,,,,,,,,,,,
58,gnb1,2026-08-19T10:45:38.779052,1686,PDSCH,0x46,50,4587,6,0,,,,,,,,,,,
58,gnb1,2026-08-19T10:45:38.823303,1687,PDSCH,0x46,50,4587,6,0,,,,,,,,,,,
58,gnb1,2026-08-19T10:45:38.910668,1688,PDSCH,0x46,50,4587,6,0,,,,,,,,,,,
58,gnb1,2026-08-19T10:45:38.911081,1689,PUSCH,0x46,,,,,2,8,517,4,111.4,181,,,,,
58,gnb1,2026-08-19T10:45:38.911574,1689,PDSCH,0x46,50,4587,6,0,,,,,,,,,,,
58,gnb1,2026-08-19T10:45:38.951325,1690,BSR,0x46,,,,,,,,,,,,,,,0
58,gnb1,2026-08-19T10:45:38.951821,1690,PDSCH,0x46,50,4587,6,0,,,,,,,,,,,
58,gnb1,2026-08-19T10:45:39.008594,1691,PDSCH,0x46,50,4587,6,0,,,,,,,,,,,
58,gnb1,2026-08-19T10:45:39.009516,1692,PDSCH,0x46,50,4587,6,0,,,,,,,,,,,
58,gnb1,2026-08-19T10:45:39.089922,1693,PDSCH,0x46,50,4587,6,0,,,,,,,,,,,
58,gnb1,2026-08-19T10:45:39.090746,1694,PDSCH,0x46,50,4587,6,0,,,,,,,,,,,
58,gnb1,2026-08-19T10:45:39.133035,1695,PDSCH,0x46,50,4587,6,0,,,,,,,,,,,
58,gnb1,2026-08-19T10:45:39.225840,1696,PDSCH,0x46,50,4587,6,0,,,,,,,,,,,
58,gnb1,2026-08-19T10:45:39.226486,1697,PDSCH,0x46,50,4587,6,0,,,,,,,,,,,
58,gnb1,2026-08-19T10:45:39.269968,1698,PUSCH,0x46,,,,,2,2,185,4,118.0,166,,,,,
58,gnb1,2026-08-19T10:45:39.270058,1698,BSR,0x46,,,,,,,,,,,,,,,0
58,gnb1,2026-08-19T10:45:39.270072,1698,PHR,,,,,,,,,,,,,,,,
58,gnb1,2026-08-19T10:45:39.270575,1698,PDSCH,0x46,50,4587,6,0,,,,,,,,,,,
58,gnb1,2026-08-19T10:45:39.352144,1699,BSR,0x46,,,,,,,,,,,,,,,0
58,gnb1,2026-08-19T10:45:39.352721,1699,PDSCH,0x46,50,4587,6,0,,,,,,,,,,,
58,gnb1,2026-08-19T10:45:39.353584,1700,PDSCH,0x46,50,4587,6,0,,,,,,,,,,,
58,gnb1,2026-08-19T10:45:39.393256,1701,PDSCH,0x46,47,4395,6,0,,,,,,,,,,,
58,gnb1,2026-08-19T10:45:39.443945,1702,PDSCH,0x46,50,4587,6,0,,,,,,,,,,,
58,gnb1,2026-08-19T10:45:39.488354,1703,PDSCH,0x46,50,4587,6,0,,,,,,,,,,,
58,gnb1,2026-08-19T10:45:39.489328,1704,PDSCH,0x46,50,4587,6,0,,,,,,,,,,,
58,gnb1,2026-08-19T10:45:39.570263,1705,PDSCH,0x46,50,4587,6,0,,,,,,,,,,,
58,gnb1,2026-08-19T10:45:39.602712,1706,PUSCH,0x46,,,,,2,2,185,4,117.9,112,,,,,
58,gnb1,2026-08-19T10:45:39.602803,1706,BSR,0x46,,,,,,,,,,,,,,,0
58,gnb1,2026-08-19T10:45:39.603328,1706,PDSCH,0x46,50,4587,6,0,,,,,,,,,,,
58,gnb1,2026-08-19T10:45:39.603831,1707,PUSCH,0x46,,,,,2,4,249,4,117.9,119,,,,,
58,gnb1,2026-08-19T10:45:39.603895,1707,BSR,0x46,,,,,,,,,,,,,,,0
58,gnb1,2026-08-19T10:45:39.604392,1707,PDSCH,0x46,50,4587,6,0,,,,,,,,,,,
58,gnb1,2026-08-19T10:45:39.667003,1708,BSR,0x46,,,,,,,,,,,,,,,0
58,gnb1,2026-08-19T10:45:39.667493,1708,PDSCH,0x46,50,4587,6,0,,,,,,,,,,,
58,gnb1,2026-08-19T10:45:39.668497,1709,PDSCH,0x46,50,4587,6,0,,,,,,,,,,,
58,gnb1,2026-08-19T10:45:39.755655,1710,PDSCH,0x46,50,4587,6,0,,,,,,,,,,,
58,gnb1,2026-08-19T10:45:39.756588,1711,PDSCH,0x46,50,4587,6,0,,,,,,,,,,,
58,gnb1,2026-08-19T10:45:39.800119,1712,PDSCH,0x46,50,4587,6,0,,,,,,,,,,,
58,gnb1,2026-08-19T10:45:39.884327,1713,PDSCH,0x46,50,4587,6,0,,,,,,,,,,,
58,gnb1,2026-08-19T10:45:39.884688,1714,PUSCH,0x46,,,,,2,3,193,4,117.9,152,,,,,
58,gnb1,2026-08-19T10:45:39.884766,1714,BSR,0x46,,,,,,,,,,,,,,,0
58,gnb1,2026-08-19T10:45:39.885282,1714,PDSCH,0x46,50,4587,6,0,,,,,,,,,,,
58,gnb1,2026-08-19T10:45:39.913592,1715,PUSCH,0x46,,,,,2,7,501,4,114.2,201,,,,,
58,gnb1,2026-08-19T10:45:39.913697,1715,BSR,0x46,,,,,,,,,,,,,,,0
58,gnb1,2026-08-19T10:45:39.914166,1715,PDSCH,0x46,50,4587,6,0,,,,,,,,,,,
58,gnb1,2026-08-19T10:45:39.984734,1716,PUSCH,0x46,,,,,2,11,645,4,108.5,320,,,,,
58,gnb1,2026-08-19T10:45:39.984837,1716,BSR,0x46,,,,,,,,,,,,,,,0
58,gnb1,2026-08-19T10:45:39.985307,1716,PDSCH,0x46,50,4587,6,0,,,,,,,,,,,
58,gnb1,2026-08-19T10:45:39.985545,1717,BSR,0x46,,,,,,,,,,,,,,,0
58,gnb1,2026-08-19T10:45:39.985968,1717,PDSCH,0x46,50,4587,6,0,,,,,,,,,,,
58,gnb1,2026-08-19T10:45:40.020752,1718,PDSCH,0x46,50,4587,6,0,,,,,,,,,,,
58,gnb1,2026-08-19T10:45:40.111776,1719,PDSCH,0x46,50,4587,6,0,,,,,,,,,,,
58,gnb1,2026-08-19T10:45:40.112764,1720,PDSCH,0x46,50,4587,6,0,,,,,,,,,,,
58,gnb1,2026-08-19T10:45:40.200529,1721,PUCCH_CQI,0x46,,,,,,,,,,,111.8,15,2a,,
58,gnb1,2026-08-19T10:45:40.201270,1721,PDSCH,0x46,47,4395,6,0,,,,,,,,,,,
58,gnb1,2026-08-19T10:45:40.201542,1722,PUSCH,0x46,,,,,2,3,193,4,117.9,100,,,,,
58,gnb1,2026-08-19T10:45:40.201594,1722,BSR,0x46,,,,,,,,,,,,,,,0
58,gnb1,2026-08-19T10:45:40.202100,1722,PDSCH,0x46,50,4587,6,0,,,,,,,,,,,
58,gnb1,2026-08-19T10:45:40.234079,1723,PUSCH,0x46,,,,,2,14,749,4,107.4,318,,,,,
58,gnb1,2026-08-19T10:45:40.234164,1723,BSR,0x46,,,,,,,,,,,,,,,0
58,gnb1,2026-08-19T10:45:40.234734,1723,PDSCH,0x46,50,4587,6,0,,,,,,,,,,,
58,gnb1,2026-08-19T10:45:40.326788,1724,PUSCH,0x46,,,,,2,14,935,4,107.4,297,,,,,
58,gnb1,2026-08-19T10:45:40.326869,1724,BSR,0x46,,,,,,,,,,,,,,,0
58,gnb1,2026-08-19T10:45:40.327441,1724,PDSCH,0x46,50,4587,6,0,,,,,,,,,,,
58,gnb1,2026-08-19T10:45:40.327630,1725,PUSCH,0x46,,,,,2,3,233,4,117.9,111,,,,,
58,gnb1,2026-08-19T10:45:40.328115,1725,PDSCH,0x46,50,4587,6,0,,,,,,,,,,,
58,gnb1,2026-08-19T10:45:40.363376,1726,PDSCH,0x46,50,4587,6,0,,,,,,,,,,,
58,gnb1,2026-08-19T10:45:40.450181,1727,PDSCH,0x46,50,4587,6,0,,,,,,,,,,,
58,gnb1,2026-08-19T10:45:40.451108,1728,PDSCH,0x46,50,4587,6,0,,,,,,,,,,,
58,gnb1,2026-08-19T10:45:40.494907,1729,PDSCH,0x46,50,4587,6,0,,,,,,,,,,,
58,gnb1,2026-08-19T10:45:40.584673,1730,PUSCH,0x46,,,,,2,3,193,4,117.9,105,,,,,
58,gnb1,2026-08-19T10:45:40.585306,1730,PDSCH,0x46,50,4587,6,0,,,,,,,,,,,
58,gnb1,2026-08-19T10:45:40.586017,1731,PUSCH,0x46,,,,,10,14,999,4,104.5,369,,,,,
58,gnb1,2026-08-19T10:45:40.586552,1731,PDSCH,0x46,50,4587,6,0,,,,,,,,,,,
58,gnb1,2026-08-19T10:45:40.619729,1732,PUSCH,0x46,,,,,2,17,1191,4,106.8,516,,,,,
58,gnb1,2026-08-19T10:45:40.620453,1732,PDSCH,0x46,50,4587,6,0,,,,,,,,,,,
58,gnb1,2026-08-19T10:45:40.705946,1733,PDSCH,0x46,50,4587,6,0,,,,,,,,,,,
58,gnb1,2026-08-19T10:45:40.706843,1734,PDSCH,0x46,50,4587,6,0,,,,,,,,,,,
58,gnb1,2026-08-19T10:45:40.755789,1735,PDSCH,0x46,50,4587,6,0,,,,,,,,,,,
58,gnb1,2026-08-19T10:45:40.848773,1736,PDSCH,0x46,50,4587,6,0,,,,,,,,,,,
58,gnb1,2026-08-19T10:45:40.849569,1737,PDSCH,0x46,50,4587,6,0,,,,,,,,,,,
58,gnb1,2026-08-19T10:45:40.892399,1738,PDSCH,0x46,50,4587,6,0,,,,,,,,,,,
58,gnb1,2026-08-19T10:45:40.973230,1739,PDSCH,0x46,50,4587,6,0,,,,,,,,,,,
58,gnb1,2026-08-19T10:45:40.973673,1740,BSR,0x46,,,,,,,,,,,,,,,0
58,gnb1,2026-08-19T10:45:40.974139,1740,PDSCH,0x46,50,4587,6,0,,,,,,,,,,,
58,gnb1,2026-08-19T10:45:41.010423,1741,PDSCH,0x46,47,4395,6,0,,,,,,,,,,,
58,gnb1,2026-08-19T10:45:41.090329,1742,PDSCH,0x46,50,4587,6,0,,,,,,,,,,,
58,gnb1,2026-08-19T10:45:41.135225,1743,PDSCH,0x46,50,4587,6,0,,,,,,,,,,,
58,gnb1,2026-08-19T10:45:41.136238,1744,PDSCH,0x46,50,4587,6,0,,,,,,,,,,,
58,gnb1,2026-08-19T10:45:41.219903,1745,PDSCH,0x46,50,4587,6,0,,,,,,,,,,,
58,gnb1,2026-08-19T10:45:41.220889,1746,PDSCH,0x46,50,4587,6,0,,,,,,,,,,,
58,gnb1,2026-08-19T10:45:41.295200,1747,PDSCH,0x46,50,4587,6,0,,,,,,,,,,,
58,gnb1,2026-08-19T10:45:41.295825,1748,PUSCH,0x46,,,,,2,8,517,4,111.4,199,,,,,
58,gnb1,2026-08-19T10:45:41.295846,1748,PHR,,,,,,,,,,,,,,,,
58,gnb1,2026-08-19T10:45:41.296298,1748,PDSCH,0x46,50,4587,6,0,,,,,,,,,,,
58,gnb1,2026-08-19T10:45:41.367518,1749,BSR,0x46,,,,,,,,,,,,,,,0
58,gnb1,2026-08-19T10:45:41.368152,1749,PDSCH,0x46,50,4587,6,0,,,,,,,,,,,
58,gnb1,2026-08-19T10:45:41.368995,1750,PDSCH,0x46,50,4587,6,0,,,,,,,,,,,
58,gnb1,2026-08-19T10:45:41.412058,1751,PDSCH,0x46,50,4587,6,0,,,,,,,,,,,
58,gnb1,2026-08-19T10:45:41.491537,1752,PDSCH,0x46,50,4587,6,0,,,,,,,,,,,
58,gnb1,2026-08-19T10:45:41.541797,1753,PDSCH,0x46,50,4587,6,0,,,,,,,,,,,
58,gnb1,2026-08-19T10:45:41.542496,1754,PDSCH,0x46,50,4587,6,0,,,,,,,,,,,
58,gnb1,2026-08-19T10:45:41.583035,1755,PDSCH,0x46,50,4587,6,0,,,,,,,,,,,
58,gnb1,2026-08-19T10:45:41.662538,1756,PDSCH,0x46,50,4587,6,0,,,,,,,,,,,
58,gnb1,2026-08-19T10:45:41.663103,1757,PUSCH,0x46,,,,,2,14,871,4,107.4,313,,,,,
58,gnb1,2026-08-19T10:45:41.663187,1757,BSR,0x46,,,,,,,,,,,,,,,0
58,gnb1,2026-08-19T10:45:41.663769,1757,PDSCH,0x46,50,4587,6,0,,,,,,,,,,,
58,gnb1,2026-08-19T10:45:41.707451,1758,BSR,0x46,,,,,,,,,,,,,,,0
58,gnb1,2026-08-19T10:45:41.708060,1758,PDSCH,0x46,50,4587,6,0,,,,,,,,,,,
58,gnb1,2026-08-19T10:45:41.760342,1759,PDSCH,0x46,50,4587,6,0,,,,,,,,,,,
58,gnb1,2026-08-19T10:45:41.761424,1760,PDSCH,0x46,50,4587,6,0,,,,,,,,,,,
58,gnb1,2026-08-19T10:45:41.841460,1761,PUCCH_CQI,0x46,,,,,,,,,,,111.8,15,2a,,
58,gnb1,2026-08-19T10:45:41.842259,1761,PDSCH,0x46,47,4395,6,0,,,,,,,,,,,
58,gnb1,2026-08-19T10:45:41.843216,1762,PDSCH,0x46,50,4587,6,0,,,,,,,,,,,
58,gnb1,2026-08-19T10:45:41.881306,1763,PDSCH,0x46,50,4587,6,0,,,,,,,,,,,
58,gnb1,2026-08-19T10:45:41.923261,1764,PDSCH,0x46,50,4587,6,0,,,,,,,,,,,
58,gnb1,2026-08-19T10:45:42.006021,1765,PUSCH,0x46,,,,,2,14,871,4,107.4,360,,,,,
58,gnb1,2026-08-19T10:45:42.006137,1765,BSR,0x46,,,,,,,,,,,,,,,0
58,gnb1,2026-08-19T10:45:42.006747,1765,PDSCH,0x46,47,4395,6,0,,,,,,,,,,,
58,gnb1,2026-08-19T10:45:42.007109,1766,PUSCH,0x46,,,,,2,14,999,4,107.4,391,,,,,
58,gnb1,2026-08-19T10:45:42.007244,1766,BSR,0x46,,,,,,,,,,,,,,,0
58,gnb1,2026-08-19T10:45:42.007808,1766,PDSCH,0x46,50,4587,6,0,,,,,,,,,,,
58,gnb1,2026-08-19T10:45:42.039555,1767,BSR,0x46,,,,,,,,,,,,,,,0
58,gnb1,2026-08-19T10:45:42.040104,1767,PDSCH,0x46,50,4587,6,0,,,,,,,,,,,
58,gnb1,2026-08-19T10:45:42.120622,1768,PDSCH,0x46,50,4587,6,0,,,,,,,,,,,
58,gnb1,2026-08-19T10:45:42.121810,1769,PDSCH,0x46,50,4587,6,0,,,,,,,,,,,
58,gnb1,2026-08-19T10:45:42.201745,1770,PDSCH,0x46,50,4587,6,0,,,,,,,,,,,
58,gnb1,2026-08-19T10:45:42.241511,1771,PDSCH,0x46,50,4587,6,0,,,,,,,,,,,
58,gnb1,2026-08-19T10:45:42.242571,1772,PDSCH,0x46,50,4587,6,0,,,,,,,,,,,
58,gnb1,2026-08-19T10:45:42.277355,1773,PUSCH,0x46,,,,,2,14,871,4,107.4,358,,,,,
58,gnb1,2026-08-19T10:45:42.277426,1773,BSR,0x46,,,,,,,,,,,,,,,0
58,gnb1,2026-08-19T10:45:42.277857,1773,PDSCH,0x46,50,4587,6,0,,,,,,,,,,,
58,gnb1,2026-08-19T10:45:42.351694,1774,PUSCH,0x46,,,,,2,19,1239,4,106.5,546,,,,,
58,gnb1,2026-08-19T10:45:42.351796,1774,BSR,0x46,,,,,,,,,,,,,,,0
58,gnb1,2026-08-19T10:45:42.352222,1775,PUSCH,0x46,,,,,2,3,233,4,117.9,121,,,,,
58,gnb1,2026-08-19T10:45:42.352476,1774,PDSCH,0x46,50,4587,6,0,,,,,,,,,,,
58,gnb1,2026-08-19T10:45:42.352997,1775,PDSCH,0x46,47,4395,6,0,,,,,,,,,,,
58,gnb1,2026-08-19T10:45:42.389804,1776,PDSCH,0x46,50,4587,6,0,,,,,,,,,,,
58,gnb1,2026-08-19T10:45:42.459055,1777,PDSCH,0x46,50,4587,6,0,,,,,,,,,,,
58,gnb1,2026-08-19T10:45:42.460047,1778,PDSCH,0x46,50,4587,6,0,,,,,,,,,,,
58,gnb1,2026-08-19T10:45:42.552447,1779,PDSCH,0x46,50,4587,6,0,,,,,,,,,,,
58,gnb1,2026-08-19T10:45:42.553590,1780,PDSCH,0x46,50,4587,6,0,,,,,,,,,,,
58,gnb1,2026-08-19T10:45:42.645609,1781,PUSCH,0x46,,,,,10,14,871,4,104.5,444,,,,,
58,gnb1,2026-08-19T10:45:42.646295,1781,PDSCH,0x46,47,4395,6,0,,,,,,,,,,,
58,gnb1,2026-08-19T10:45:42.646829,1782,PUSCH,0x46,,,,,2,23,1527,4,106.4,552,,,,,
58,gnb1,2026-08-19T10:45:42.646899,1782,BSR,0x46,,,,,,,,,,,,,,,0
58,gnb1,2026-08-19T10:45:42.647435,1782,PDSCH,0x46,50,4587,6,0,,,,,,,,,,,
58,gnb1,2026-08-19T10:45:42.683827,1783,PDSCH,0x46,50,4587,6,0,,,,,,,,,,,
58,gnb1,2026-08-19T10:45:42.773691,1784,PDSCH,0x46,50,4587,6,0,,,,,,,,,,,
58,gnb1,2026-08-19T10:45:42.774555,1785,PDSCH,0x46,50,4587,6,0,,,,,,,,,,,
58,gnb1,2026-08-19T10:45:42.811669,1786,PDSCH,0x46,50,4587,6,0,,,,,,,,,,,
58,gnb1,2026-08-19T10:45:42.858348,1787,PDSCH,0x46,50,4587,6,0,,,,,,,,,,,
58,gnb1,2026-08-19T10:45:42.951771,1788,PDSCH,0x46,50,4587,6,0,,,,,,,,,,,
58,gnb1,2026-08-19T10:45:42.952401,1789,PDSCH,0x46,50,4587,6,0,,,,,,,,,,,
58,gnb1,2026-08-19T10:45:42.991155,1790,PUSCH,0x46,,,,,2,8,517,4,111.4,199,,,,,
58,gnb1,2026-08-19T10:45:42.991715,1790,PDSCH,0x46,50,4587,6,0,,,,,,,,,,,
58,gnb1,2026-08-19T10:45:43.082521,1791,BSR,0x46,,,,,,,,,,,,,,,0
58,gnb1,2026-08-19T10:45:43.083157,1791,PDSCH,0x46,50,4587,6,0,,,,,,,,,,,
58,gnb1,2026-08-19T10:45:43.084033,1792,PDSCH,0x46,50,4587,6,0,,,,,,,,,,,
58,gnb1,2026-08-19T10:45:43.119773,1793,PDSCH,0x46,50,4587,6,0,,,,,,,,,,,
58,gnb1,2026-08-19T10:45:43.203856,1794,PDSCH,0x46,50,4587,6,0,,,,,,,,,,,
58,gnb1,2026-08-19T10:45:43.204707,1795,PDSCH,0x46,50,4587,6,0,,,,,,,,,,,
58,gnb1,2026-08-19T10:45:43.244065,1796,PDSCH,0x46,50,4587,6,0,,,,,,,,,,,
58,gnb1,2026-08-19T10:45:43.327448,1797,PDSCH,0x46,50,4587,6,0,,,,,,,,,,,
58,gnb1,2026-08-19T10:45:43.328466,1798,PDSCH,0x46,50,4587,6,0,,,,,,,,,,,
58,gnb1,2026-08-19T10:45:43.372680,1799,PUSCH,0x46,,,,,2,4,293,4,118.0,157,,,,,
58,gnb1,2026-08-19T10:45:43.372701,1799,PHR,,,,,,,,,,,,,,,,
58,gnb1,2026-08-19T10:45:43.372765,1799,BSR,0x46,,,,,,,,,,,,,,,0
58,gnb1,2026-08-19T10:45:43.373271,1799,PDSCH,0x46,50,4587,6,0,,,,,,,,,,,
58,gnb1,2026-08-19T10:45:43.461730,1800,BSR,0x46,,,,,,,,,,,,,,,0
58,gnb1,2026-08-19T10:45:43.462338,1800,PDSCH,0x46,50,4587,6,0,,,,,,,,,,,
58,gnb1,2026-08-19T10:45:43.462725,1801,PUCCH_CQI,0x46,,,,,,,,,,,111.8,15,2a,,
58,gnb1,2026-08-19T10:45:43.463198,1801,PDSCH,0x46,47,4395,6,0,,,,,,,,,,,
58,gnb1,2026-08-19T10:45:43.505826,1802,PDSCH,0x46,50,4587,6,0,,,,,,,,,,,
58,gnb1,2026-08-19T10:45:43.584602,1803,PDSCH,0x46,50,4587,6,0,,,,,,,,,,,
58,gnb1,2026-08-19T10:45:43.585043,1804,PDSCH,0x46,50,4587,6,0,,,,,,,,,,,
58,gnb1,2026-08-19T10:45:43.671367,1805,PDSCH,0x46,50,4587,6,0,,,,,,,,,,,
58,gnb1,2026-08-19T10:45:43.672303,1806,PDSCH,0x46,50,4587,6,0,,,,,,,,,,,
58,gnb1,2026-08-19T10:45:43.714985,1807,PUSCH,0x46,,,,,2,4,293,4,117.9,296,,,,,
58,gnb1,2026-08-19T10:45:43.715072,1807,BSR,0x46,,,,,,,,,,,,,,,0
58,gnb1,2026-08-19T10:45:43.715621,1807,PDSCH,0x46,50,4587,6,0,,,,,,,,,,,
58,gnb1,2026-08-19T10:45:43.789260,1808,PUSCH,0x46,,,,,2,3,249,4,117.9,164,,,,,
58,gnb1,2026-08-19T10:45:43.789355,1808,BSR,0x46,,,,,,,,,,,,,,,0
58,gnb1,2026-08-19T10:45:43.790088,1808,PDSCH,0x46,50,4587,6,0,,,,,,,,,,,
58,gnb1,2026-08-19T10:45:43.791027,1809,PDSCH,0x46,50,4587,6,0,,,,,,,,,,,
58,gnb1,2026-08-19T10:45:43.833293,1810,PDSCH,0x46,50,4587,6,0,,,,,,,,,,,
58,gnb1,2026-08-19T10:45:43.917608,1811,PDSCH,0x46,50,4587,6,0,,,,,,,,,,,
58,gnb1,2026-08-19T10:45:43.918521,1812,PDSCH,0x46,50,4587,6,0,,,,,,,,,,,
58,gnb1,2026-08-19T10:45:43.961147,1813,PDSCH,0x46,50,4587,6,0,,,,,,,,,,,
58,gnb1,2026-08-19T10:45:44.049788,1814,PDSCH,0x46,50,4587,6,0,,,,,,,,,,,
58,gnb1,2026-08-19T10:45:44.050649,1815,PUSCH,0x46,,,,,2,4,293,4,118.0,356,,,,,
58,gnb1,2026-08-19T10:45:44.050756,1815,BSR,0x46,,,,,,,,,,,,,,,0
58,gnb1,2026-08-19T10:45:44.051400,1815,PDSCH,0x46,50,4587,6,0,,,,,,,,,,,
58,gnb1,2026-08-19T10:45:44.140301,1816,PUSCH,0x46,,,,,2,24,1572,4,106.6,616,,,,,
58,gnb1,2026-08-19T10:45:44.140414,1816,BSR,0x46,,,,,,,,,,,,,,,0
58,gnb1,2026-08-19T10:45:44.140961,1816,PDSCH,0x46,50,4587,6,0,,,,,,,,,,,
58,gnb1,2026-08-19T10:45:44.141334,1817,PDSCH,0x46,50,4587,6,0,,,,,,,,,,,
58,gnb1,2026-08-19T10:45:44.183460,1818,BSR,0x46,,,,,,,,,,,,,,,0
58,gnb1,2026-08-19T10:45:44.183993,1818,PDSCH,0x46,50,4587,6,0,,,,,,,,,,,
58,gnb1,2026-08-19T10:45:44.259418,1819,PDSCH,0x46,50,4587,6,0,,,,,,,,,,,
58,gnb1,2026-08-19T10:45:44.299630,1820,PDSCH,0x46,50,4587,6,0,,,,,,,,,,,
58,gnb1,2026-08-19T10:45:44.300786,1821,PDSCH,0x46,47,4395,6,0,,,,,,,,,,,
58,gnb1,2026-08-19T10:45:44.382332,1822,PDSCH,0x46,50,4587,6,0,,,,,,,,,,,
58,gnb1,2026-08-19T10:45:44.418884,1823,PUSCH,0x46,,,,,2,4,269,4,117.9,197,,,,,
58,gnb1,2026-08-19T10:45:44.418987,1823,BSR,0x46,,,,,,,,,,,,,,,0
58,gnb1,2026-08-19T10:45:44.419573,1823,PDSCH,0x46,50,4587,6,0,,,,,,,,,,,
58,gnb1,2026-08-19T10:45:44.420441,1824,PUSCH,0x46,,,,,2,29,1908,4,107.3,599,,,,,
58,gnb1,2026-08-19T10:45:44.420540,1824,BSR,0x46,,,,,,,,,,,,,,,0
58,gnb1,2026-08-19T10:45:44.421258,1824,PDSCH,0x46,50,4587,6,0,,,,,,,,,,,
58,gnb1,2026-08-19T10:45:44.464504,1825,PDSCH,0x46,50,4587,6,0,,,,,,,,,,,
58,gnb1,2026-08-19T10:45:44.567935,1826,PUSCH,0x46,,,,,2,2,161,4,117.9,148,,,,,
58,gnb1,2026-08-19T10:45:44.568517,1826,PDSCH,0x46,50,4587,6,0,,,,,,,,,,,
58,gnb1,2026-08-19T10:45:44.569523,1827,PDSCH,0x46,50,4587,6,0,,,,,,,,,,,
58,gnb1,2026-08-19T10:45:44.658554,1828,PDSCH,0x46,50,4587,6,0,,,,,,,,,,,
58,gnb1,2026-08-19T10:45:44.703690,1829,PDSCH,0x46,50,4587,6,0,,,,,,,,,,,
58,gnb1,2026-08-19T10:45:44.704672,1830,PDSCH,0x46,50,4587,6,0,,,,,,,,,,,
58,gnb1,2026-08-19T10:45:44.794803,1831,PUSCH,0x46,,,,,10,4,269,4,104.5,135,,,,,
58,gnb1,2026-08-19T10:45:44.795363,1831,PDSCH,0x46,50,4587,6,0,,,,,,,,,,,
58,gnb1,2026-08-19T10:45:44.796849,1832,PUSCH,0x46,,,,,2,35,2292,4,108.1,1044,,,,,
58,gnb1,2026-08-19T10:45:44.796908,1832,BSR,0x46,,,,,,,,,,,,,,,0
58,gnb1,2026-08-19T10:45:44.797466,1832,PDSCH,0x46,50,4587,6,0,,,,,,,,,,,
58,gnb1,2026-08-19T10:45:44.880287,1833,PDSCH,0x46,50,4587,6,0,,,,,,,,,,,
58,gnb1,2026-08-19T10:45:44.881492,1834,PDSCH,0x46,50,4587,6,0,,,,,,,,,,,
58,gnb1,2026-08-19T10:45:44.926124,1835,PDSCH,0x46,50,4587,6,0,,,,,,,,,,,
58,gnb1,2026-08-19T10:45:44.997832,1836,PDSCH,0x46,50,4587,6,0,,,,,,,,,,,
58,gnb1,2026-08-19T10:45:44.999152,1837,PDSCH,0x46,50,4587,6,0,,,,,,,,,,,
58,gnb1,2026-08-19T10:45:45.076498,1838,PDSCH,0x46,50,4587,6,0,,,,,,,,,,,
58,gnb1,2026-08-19T10:45:45.125491,1839,PDSCH,0x46,50,4587,6,0,,,,,,,,,,,
58,gnb1,2026-08-19T10:45:45.125920,1840,PUSCH,0x46,,,,,2,4,293,4,117.9,161,,,,,
58,gnb1,2026-08-19T10:45:45.126435,1840,PDSCH,0x46,50,4587,6,0,,,,,,,,,,,
58,gnb1,2026-08-19T10:45:45.172881,1841,PUCCH_CQI,0x46,,,,,,,,,,,111.8,15,2a,,
58,gnb1,2026-08-19T10:45:45.172960,1841,BSR,0x46,,,,,,,,,,,,,,,0
58,gnb1,2026-08-19T10:45:45.173538,1841,PDSCH,0x46,47,4395,6,0,,,,,,,,,,,
58,gnb1,2026-08-19T10:45:45.252871,1842,PDSCH,0x46,50,4587,6,0,,,,,,,,,,,
58,gnb1,2026-08-19T10:45:45.253749,1843,PDSCH,0x46,50,4587,6,0,,,,,,,,,,,
58,gnb1,2026-08-19T10:45:45.303474,1844,PDSCH,0x46,50,4587,6,0,,,,,,,,,,,
58,gnb1,2026-08-19T10:45:45.386407,1845,PDSCH,0x46,50,4587,6,0,,,,,,,,,,,
58,gnb1,2026-08-19T10:45:45.423195,1846,PDSCH,0x46,50,4587,6,0,,,,,,,,,,,
58,gnb1,2026-08-19T10:45:45.424005,1847,PDSCH,0x46,50,4587,6,0,,,,,,,,,,,
58,gnb1,2026-08-19T10:45:45.459815,1848,PDSCH,0x46,50,4587,6,0,,,,,,,,,,,
58,gnb1,2026-08-19T10:45:45.537646,1849,PUSCH,0x46,,,,,2,11,749,4,108.5,308,,,,,
58,gnb1,2026-08-19T10:45:45.537672,1849,PHR,,,,,,,,,,,,,,,,
58,gnb1,2026-08-19T10:45:45.537733,1849,BSR,0x46,,,,,,,,,,,,,,,0
58,gnb1,2026-08-19T10:45:45.538215,1849,PDSCH,0x46,50,4587,6,0,,,,,,,,,,,
58,gnb1,2026-08-19T10:45:45.538548,1850,BSR,0x46,,,,,,,,,,,,,,,0
58,gnb1,2026-08-19T10:45:45.538977,1850,PDSCH,0x46,50,4587,6,0,,,,,,,,,,,
58,gnb1,2026-08-19T10:45:45.579574,1851,PDSCH,0x46,50,4587,6,0,,,,,,,,,,,
58,gnb1,2026-08-19T10:45:45.645228,1852,PDSCH,0x46,50,4587,6,0,,,,,,,,,,,
58,gnb1,2026-08-19T10:45:45.687153,1853,PDSCH,0x46,50,4587,6,0,,,,,,,,,,,
58,gnb1,2026-08-19T10:45:45.688078,1854,PDSCH,0x46,50,4587,6,0,,,,,,,,,,,
58,gnb1,2026-08-19T10:45:45.772290,1855,PDSCH,0x46,50,4587,6,0,,,,,,,,,,,
58,gnb1,2026-08-19T10:45:45.773312,1856,PDSCH,0x46,50,4587,6,0,,,,,,,,,,,
58,gnb1,2026-08-19T10:45:45.813314,1857,PUSCH,0x46,,,,,2,11,749,4,108.5,282,,,,,
58,gnb1,2026-08-19T10:45:45.813407,1857,BSR,0x46,,,,,,,,,,,,,,,0
58,gnb1,2026-08-19T10:45:45.813875,1857,PDSCH,0x46,50,4587,6,0,,,,,,,,,,,
58,gnb1,2026-08-19T10:45:45.888603,1858,PUSCH,0x46,,,,,2,3,233,4,117.9,152,,,,,
58,gnb1,2026-08-19T10:45:45.888681,1858,BSR,0x46,,,,,,,,,,,,,,,0
58,gnb1,2026-08-19T10:45:45.889333,1858,PDSCH,0x46,50,4587,6,0,,,,,,,,,,,
58,gnb1,2026-08-19T10:45:45.889717,1859,BSR,0x46,,,,,,,,,,,,,,,0
58,gnb1,2026-08-19T10:45:45.890195,1859,PDSCH,0x46,50,4587,6,0,,,,,,,,,,,
58,gnb1,2026-08-19T10:45:45.920660,1860,PDSCH,0x46,50,4587,6,0,,,,,,,,,,,
58,gnb1,2026-08-19T10:45:46.009678,1861,PDSCH,0x46,47,4395,6,0,,,,,,,,,,,
58,gnb1,2026-08-19T10:45:46.010663,1862,PDSCH,0x46,50,4587,6,0,,,,,,,,,,,
58,gnb1,2026-08-19T10:45:46.053699,1863,PDSCH,0x46,50,4587,6,0,,,,,,,,,,,
58,gnb1,2026-08-19T10:45:46.137661,1864,PDSCH,0x46,50,4587,6,0,,,,,,,,,,,
58,gnb1,2026-08-19T10:45:46.172294,1865,PUSCH,0x46,,,,,2,11,749,4,108.5,277,,,,,
58,gnb1,2026-08-19T10:45:46.172372,1865,BSR,0x46,,,,,,,,,,,,,,,0
58,gnb1,2026-08-19T10:45:46.172805,1865,PDSCH,0x46,50,4587,6,0,,,,,,,,,,,
58,gnb1,2026-08-19T10:45:46.173379,1866,PUSCH,0x46,,,,,2,7,501,4,114.2,244,,,,,
58,gnb1,2026-08-19T10:45:46.173437,1866,BSR,0x46,,,,,,,,,,,,,,,0
58,gnb1,2026-08-19T10:45:46.173950,1866,PDSCH,0x46,50,4587,6,0,,,,,,,,,,,
58,gnb1,2026-08-19T10:45:46.213544,1867,PUSCH,0x46,,,,,2,3,233,4,117.9,164,,,,,
58,gnb1,2026-08-19T10:45:46.213663,1867,BSR,0x46,,,,,,,,,,,,,,,0
58,gnb1,2026-08-19T10:45:46.214189,1867,PDSCH,0x46,50,4587,6,0,,,,,,,,,,,
58,gnb1,2026-08-19T10:45:46.294174,1868,BSR,0x46,,,,,,,,,,,,,,,0
58,gnb1,2026-08-19T10:45:46.294622,1868,PDSCH,0x46,50,4587,6,0,,,,,,,,,,,
58,gnb1,2026-08-19T10:45:46.295971,1869,PDSCH,0x46,50,4587,6,0,,,,,,,,,,,
58,gnb1,2026-08-19T10:45:46.340357,1870,PDSCH,0x46,50,4587,6,0,,,,,,,,,,,
58,gnb1,2026-08-19T10:45:46.427264,1871,PDSCH,0x46,50,4587,6,0,,,,,,,,,,,
58,gnb1,2026-08-19T10:45:46.428274,1872,PDSCH,0x46,50,4587,6,0,,,,,,,,,,,
58,gnb1,2026-08-19T10:45:46.505564,1873,PUSCH,0x46,,,,,2,11,749,4,108.5,395,,,,,
58,gnb1,2026-08-19T10:45:46.505635,1873,BSR,0x46,,,,,,,,,,,,,,,0
58,gnb1,2026-08-19T10:45:46.506088,1873,PDSCH,0x46,50,4587,6,0,,,,,,,,,,,
58,gnb1,2026-08-19T10:45:46.506703,1874,PUSCH,0x46,,,,,2,17,1191,4,106.8,434,,,,,
58,gnb1,2026-08-19T10:45:46.506751,1874,BSR,0x46,,,,,,,,,,,,,,,0
58,gnb1,2026-08-19T10:45:46.507229,1874,PDSCH,0x46,50,4587,6,0,,,,,,,,,,,
58,gnb1,2026-08-19T10:45:46.548487,1875,PUSCH,0x46,,,,,2,7,469,4,114.2,466,,,,,
58,gnb1,2026-08-19T10:45:46.548631,1875,BSR,0x46,,,,,,,,,,,,,,,0
58,gnb1,2026-08-19T10:45:46.549188,1875,PDSCH,0x46,50,4587,6,0,,,,,,,,,,,
58,gnb1,2026-08-19T10:45:46.619198,1876,PUSCH,0x46,,,,,2,3,249,4,118.0,137,,,,,
58,gnb1,2026-08-19T10:45:46.619282,1876,BSR,0x46,,,,,,,,,,,,,,,0
58,gnb1,2026-08-19T10:45:46.619709,1876,PDSCH,0x46,50,4587,6,0,,,,,,,,,,,
58,gnb1,2026-08-19T10:45:46.620183,1877,BSR,0x46,,,,,,,,,,,,,,,0
58,gnb1,2026-08-19T10:45:46.620643,1877,PDSCH,0x46,50,4587,6,0,,,,,,,,,,,
58,gnb1,2026-08-19T10:45:46.694349,1878,PDSCH,0x46,50,4587,6,0,,,,,,,,,,,
58,gnb1,2026-08-19T10:45:46.744487,1879,PDSCH,0x46,50,4587,6,0,,,,,,,,,,,
58,gnb1,2026-08-19T10:45:46.745408,1880,PDSCH,0x46,50,4587,6,0,,,,,,,,,,,
58,gnb1,2026-08-19T10:45:46.829506,1881,PUSCH,0x46,,,,,10,11,749,4,104.6,223,,,,,
58,gnb1,2026-08-19T10:45:46.829586,1881,BSR,0x46,,,,,,,,,,,,,,,0
58,gnb1,2026-08-19T10:45:46.830023,1881,PDSCH,0x46,47,4395,6,0,,,,,,,,,,,
58,gnb1,2026-08-19T10:45:46.830564,1882,PUSCH,0x46,,,,,2,11,693,4,108.5,221,,,,,
58,gnb1,2026-08-19T10:45:46.830619,1882,BSR,0x46,,,,,,,,,,,,,,,0
58,gnb1,2026-08-19T10:45:46.831012,1882,PDSCH,0x46,50,4587,6,0,,,,,,,,,,,
58,gnb1,2026-08-19T10:45:46.866647,1883,PUSCH,0x46,,,,,2,7,469,4,114.3,168,,,,,
58,gnb1,2026-08-19T10:45:46.866734,1883,BSR,0x46,,,,,,,,,,,,,,,0
58,gnb1,2026-08-19T10:45:46.867330,1883,PDSCH,0x46,50,4587,6,0,,,,,,,,,,,
58,gnb1,2026-08-19T10:45:46.943808,1884,PUSCH,0x46,,,,,2,7,501,4,114.3,203,,,,,
58,gnb1,2026-08-19T10:45:46.943879,1884,BSR,0x46,,,,,,,,,,,,,,,0
58,gnb1,2026-08-19T10:45:46.944346,1884,PDSCH,0x46,50,4587,6,0,,,,,,,,,,,
58,gnb1,2026-08-19T10:45:46.944774,1885,PUSCH,0x46,,,,,2,3,233,4,118.0,107,,,,,
58,gnb1,2026-08-19T10:45:46.945206,1885,PDSCH,0x46,50,4587,6,0,,,,,,,,,,,
58,gnb1,2026-08-19T10:45:46.978019,1886,PDSCH,0x46,50,4587,6,0,,,,,,,,,,,
58,gnb1,2026-08-19T10:45:47.055907,1887,PDSCH,0x46,50,4587,6,0,,,,,,,,,,,
58,gnb1,2026-08-19T10:45:47.056857,1888,PDSCH,0x46,50,4587,6,0,,,,,,,,,,,
58,gnb1,2026-08-19T10:45:47.153552,1889,PUSCH,0x46,,,,,2,14,749,4,107.4,508,,,,,
58,gnb1,2026-08-19T10:45:47.154126,1889,PDSCH,0x46,50,4587,6,0,,,,,,,,,,,
58,gnb1,2026-08-19T10:45:47.154452,1890,PUSCH,0x46,,,,,2,14,999,4,107.4,333,,,,,
58,gnb1,2026-08-19T10:45:47.154890,1890,PDSCH,0x46,50,4587,6,0,,,,,,,,,,,
58,gnb1,2026-08-19T10:45:47.201039,1891,PUSCH,0x46,,,,,10,11,693,4,104.6,252,,,,,
58,gnb1,2026-08-19T10:45:47.201649,1891,PDSCH,0x46,50,4587,6,0,,,,,,,,,,,
58,gnb1,2026-08-19T10:45:47.295254,1892,PUSCH,0x46,,,,,2,11,749,4,108.5,266,,,,,
58,gnb1,2026-08-19T10:45:47.295803,1892,PDSCH,0x46,50,4587,6,0,,,,,,,,,,,
58,gnb1,2026-08-19T10:45:47.296517,1893,PDSCH,0x46,50,4587,6,0,,,,,,,,,,,
58,gnb1,2026-08-19T10:45:47.342739,1894,PDSCH,0x46,50,4587,6,0,,,,,,,,,,,
58,gnb1,2026-08-19T10:45:47.428251,1895,PDSCH,0x46,50,4587,6,0,,,,,,,,,,,
58,gnb1,2026-08-19T10:45:47.429230,1896,PDSCH,0x46,50,4587,6,0,,,,,,,,,,,
58,gnb1,2026-08-19T10:45:47.502743,1897,PDSCH,0x46,50,4587,6,0,,,,,,,,,,,
58,gnb1,2026-08-19T10:45:47.503572,1898,PDSCH,0x46,50,4587,6,0,,,,,,,,,,,
58,gnb1,2026-08-19T10:45:47.545273,1899,PDSCH,0x46,50,4587,6,0,,,,,,,,,,,
58,gnb1,2026-08-19T10:45:47.620328,1900,BSR,0x46,,,,,,,,,,,,,,,0
58,gnb1,2026-08-19T10:45:47.620881,1900,PDSCH,0x46,50,4587,6,0,,,,,,,,,,,
58,gnb1,2026-08-19T10:45:47.621767,1901,PDSCH,0x46,47,4395,6,0,,,,,,,,,,,
58,gnb1,2026-08-19T10:45:47.661669,1902,PDSCH,0x46,50,4587,6,0,,,,,,,,,,,
58,gnb1,2026-08-19T10:45:47.759495,1903,PDSCH,0x46,50,4587,6,0,,,,,,,,,,,
58,gnb1,2026-08-19T10:45:47.760261,1904,PDSCH,0x46,50,4587,6,0,,,,,,,,,,,
58,gnb1,2026-08-19T10:45:47.808959,1905,PDSCH,0x46,50,4587,6,0,,,,,,,,,,,
58,gnb1,2026-08-19T10:45:47.892911,1906,PDSCH,0x46,50,4587,6,0,,,,,,,,,,,
58,gnb1,2026-08-19T10:45:47.893743,1907,PDSCH,0x46,50,4587,6,0,,,,,,,,,,,
58,gnb1,2026-08-19T10:45:47.929486,1908,PUSCH,0x46,,,,,2,8,517,4,111.4,257,,,,,
58,gnb1,2026-08-19T10:45:47.929527,1908,PHR,,,,,,,,,,,,,,,,
58,gnb1,2026-08-19T10:45:47.930022,1908,PDSCH,0x46,50,4587,6,0,,,,,,,,,,,
58,gnb1,2026-08-19T10:45:48.006918,1909,BSR,0x46,,,,,,,,,,,,,,,0
58,gnb1,2026-08-19T10:45:48.007614,1909,PDSCH,0x46,50,4587,6,0,,,,,,,,,,,
58,gnb1,2026-08-19T10:45:48.008199,1910,PDSCH,0x46,50,4587,6,0,,,,,,,,,,,
58,gnb1,2026-08-19T10:45:48.050282,1911,PDSCH,0x46,50,4587,6,0,,,,,,,,,,,
58,gnb1,2026-08-19T10:45:48.140877,1912,PDSCH,0x46,50,4587,6,0,,,,,,,,,,,
58,gnb1,2026-08-19T10:45:48.141786,1913,PDSCH,0x46,50,4587,6,0,,,,,,,,,,,
58,gnb1,2026-08-19T10:45:48.225836,1914,PDSCH,0x46,50,4587,6,0,,,,,,,,,,,
58,gnb1,2026-08-19T10:45:48.226660,1915,PDSCH,0x46,50,4587,6,0,,,,,,,,,,,
58,gnb1,2026-08-19T10:45:48.272264,1916,PDSCH,0x46,50,4587,6,0,,,,,,,,,,,
58,gnb1,2026-08-19T10:45:48.351336,1917,PUSCH,0x46,,,,,2,23,1383,4,106.4,476,,,,,
58,gnb1,2026-08-19T10:45:48.351409,1917,BSR,0x46,,,,,,,,,,,,,,,0
58,gnb1,2026-08-19T10:45:48.351875,1917,PDSCH,0x46,50,4587,6,0,,,,,,,,,,,
58,gnb1,2026-08-19T10:45:48.352493,1918,PDSCH,0x46,50,4587,6,0,,,,,,,,,,,
58,gnb1,2026-08-19T10:45:48.390235,1919,BSR,0x46,,,,,,,,,,,,,,,0
58,gnb1,2026-08-19T10:45:48.390799,1919,PDSCH,0x46,50,4587,6,0,,,,,,,,,,,
58,gnb1,2026-08-19T10:45:48.450915,1920,PDSCH,0x46,50,4587,6,0,,,,,,,,,,,
58,gnb1,2026-08-19T10:45:48.451548,1921,PUCCH_CQI,0x46,,,,,,,,,,,111.8,15,2a,,
58,gnb1,2026-08-19T10:45:48.452040,1921,PDSCH,0x46,47,4395,6,0,,,,,,,,,,,
58,gnb1,2026-08-19T10:45:48.537084,1922,PDSCH,0x46,50,4587,6,0,,,,,,,,,,,
58,gnb1,2026-08-19T10:45:48.579941,1923,PDSCH,0x46,50,4587,6,0,,,,,,,,,,,
58,gnb1,2026-08-19T10:45:48.581008,1924,PDSCH,0x46,50,4587,6,0,,,,,,,,,,,
58,gnb1,2026-08-19T10:45:48.628732,1925,PUSCH,0x46,,,,,2,23,1383,4,106.4,511,,,,,
58,gnb1,2026-08-19T10:45:48.628821,1925,BSR,0x46,,,,,,,,,,,,,,,0
58,gnb1,2026-08-19T10:45:48.629471,1925,PDSCH,0x46,47,4395,6,0,,,,,,,,,,,
58,gnb1,2026-08-19T10:45:48.671101,1926,BSR,0x46,,,,,,,,,,,,,,,0
58,gnb1,2026-08-19T10:45:48.671891,1926,PDSCH,0x46,50,4587,6,0,,,,,,,,,,,
58,gnb1,2026-08-19T10:45:48.758454,1927,PUSCH,0x46,,,,,2,3,217,4,117.9,183,,,,,
58,gnb1,2026-08-19T10:45:48.758542,1927,BSR,0x46,,,,,,,,,,,,,,,0
58,gnb1,2026-08-19T10:45:48.759153,1927,PDSCH,0x46,50,4587,6,0,,,,,,,,,,,
58,gnb1,2026-08-19T10:45:48.759428,1928,BSR,0x46,,,,,,,,,,,,,,,0
58,gnb1,2026-08-19T10:45:48.759813,1928,PDSCH,0x46,50,4587,6,0,,,,,,,,,,,
58,gnb1,2026-08-19T10:45:48.799483,1929,PDSCH,0x46,50,4587,6,0,,,,,,,,,,,
58,gnb1,2026-08-19T10:45:48.898109,1930,PDSCH,0x46,50,4587,6,0,,,,,,,,,,,
58,gnb1,2026-08-19T10:45:48.899066,1931,PDSCH,0x46,50,4587,6,0,,,,,,,,,,,
58,gnb1,2026-08-19T10:45:48.980828,1932,PDSCH,0x46,50,4587,6,0,,,,,,,,,,,
58,gnb1,2026-08-19T10:45:48.981680,1933,PUSCH,0x46,,,,,2,23,1383,4,106.4,482,,,,,
58,gnb1,2026-08-19T10:45:48.981741,1933,BSR,0x46,,,,,,,,,,,,,,,0
58,gnb1,2026-08-19T10:45:48.982172,1933,PDSCH,0x46,50,4587,6,0,,,,,,,,,,,
58,gnb1,2026-08-19T10:45:49.020660,1934,PUSCH,0x46,,,,,2,3,249,4,117.9,147,,,,,
58,gnb1,2026-08-19T10:45:49.021248,1934,PDSCH,0x46,50,4587,6,0,,,,,,,,,,,
58,gnb1,2026-08-19T10:45:49.119712,1935,PUSCH,0x46,,,,,2,3,217,4,117.9,132,,,,,
58,gnb1,2026-08-19T10:45:49.120272,1935,PDSCH,0x46,47,4395,6,0,,,,,,,,,,,
58,gnb1,2026-08-19T10:45:49.120787,1936,PUSCH,0x46,,,,,2,4,269,4,117.9,159,,,,,
58,gnb1,2026-08-19T10:45:49.121441,1936,PDSCH,0x46,50,4587,6,0,,,,,,,,,,,
58,gnb1,2026-08-19T10:45:49.170569,1937,PDSCH,0x46,50,4587,6,0,,,,,,,,,,,
58,gnb1,2026-08-19T10:45:49.258682,1938,PDSCH,0x46,50,4587,6,0,,,,,,,,,,,
58,gnb1,2026-08-19T10:45:49.302040,1939,PDSCH,0x46,50,4587,6,0,,,,,,,,,,,
58,gnb1,2026-08-19T10:45:49.303037,1940,PDSCH,0x46,50,4587,6,0,,,,,,,,,,,
58,gnb1,2026-08-19T10:45:49.380539,1941,PUSCH,0x46,,,,,10,23,1383,4,106.6,582,,,,,
58,gnb1,2026-08-19T10:45:49.380640,1941,BSR,0x46,,,,,,,,,,,,,,,0
58,gnb1,2026-08-19T10:45:49.381084,1941,PDSCH,0x46,47,4395,6,0,,,,,,,,,,,
58,gnb1,2026-08-19T10:45:49.381511,1942,PDSCH,0x46,50,4587,6,0,,,,,,,,,,,
58,gnb1,2026-08-19T10:45:49.430381,1943,PDSCH,0x46,50,4587,6,0,,,,,,,,,,,
58,gnb1,2026-08-19T10:45:49.511131,1944,PDSCH,0x46,50,4587,6,0,,,,,,,,,,,
58,gnb1,2026-08-19T10:45:49.512109,1945,PDSCH,0x46,50,4587,6,0,,,,,,,,,,,
58,gnb1,2026-08-19T10:45:49.592260,1946,PDSCH,0x46,50,4587,6,0,,,,,,,,,,,
58,gnb1,2026-08-19T10:45:49.637718,1947,PDSCH,0x46,50,4587,6,0,,,,,,,,,,,
58,gnb1,2026-08-19T10:45:49.638680,1948,PDSCH,0x46,50,4587,6,0,,,,,,,,,,,
58,gnb1,2026-08-19T10:45:49.675240,1949,PUSCH,0x46,,,,,2,8,517,4,111.4,241,,,,,
58,gnb1,2026-08-19T10:45:49.675738,1949,PDSCH,0x46,50,4587,6,0,,,,,,,,,,,
58,gnb1,2026-08-19T10:45:49.749191,1950,BSR,0x46,,,,,,,,,,,,,,,0
58,gnb1,2026-08-19T10:45:49.749795,1950,PDSCH,0x46,50,4587,6,0,,,,,,,,,,,
58,gnb1,2026-08-19T10:45:49.750610,1951,PDSCH,0x46,50,4587,6,0,,,,,,,,,,,
58,gnb1,2026-08-19T10:45:49.786845,1952,PDSCH,0x46,50,4587,6,0,,,,,,,,,,,
58,gnb1,2026-08-19T10:45:49.867965,1953,PDSCH,0x46,50,4587,6,0,,,,,,,,,,,
58,gnb1,2026-08-19T10:45:49.869058,1954,PDSCH,0x46,50,4587,6,0,,,,,,,,,,,
58,gnb1,2026-08-19T10:45:49.968973,1955,PDSCH,0x46,27,2052,6,0,,,,,,,,,,,
58,gnb1,2026-08-19T10:45:50.069692,1958,PUSCH,0x46,,,,,2,11,749,4,108.5,316,,,,,
58,gnb1,2026-08-19T10:45:50.069700,1958,PHR,,,,,,,,,,,,,,,,
58,gnb1,2026-08-19T10:45:50.069769,1958,BSR,0x46,,,,,,,,,,,,,,,0
58,gnb1,2026-08-19T10:45:50.108925,1959,BSR,0x46,,,,,,,,,,,,,,,0
58,gnb1,2026-08-19T10:45:50.109490,1959,PDSCH,0x46,50,4587,6,0,,,,,,,,,,,
58,gnb1,2026-08-19T10:45:50.110527,1960,PDSCH,0x46,50,4587,6,0,,,,,,,,,,,
58,gnb1,2026-08-19T10:45:50.150872,1961,PUCCH_CQI,0x46,,,,,,,,,,,111.8,15,2a,,
58,gnb1,2026-08-19T10:45:50.151424,1961,PDSCH,0x46,47,4395,6,0,,,,,,,,,,,
58,gnb1,2026-08-19T10:45:50.241501,1962,PDSCH,0x46,50,4587,6,0,,,,,,,,,,,
58,gnb1,2026-08-19T10:45:50.279541,1963,PDSCH,0x46,50,4587,6,0,,,,,,,,,,,
58,gnb1,2026-08-19T10:45:50.401603,1966,PUSCH,0x46,,,,,2,11,749,4,108.5,233,,,,,
58,gnb1,2026-08-19T10:45:50.401662,1966,BSR,0x46,,,,,,,,,,,,,,,0
58,gnb1,2026-08-19T10:45:50.427586,1967,PUSCH,0x46,,,,,2,3,233,4,117.9,171,,,,,
58,gnb1,2026-08-19T10:45:50.427682,1967,BSR,0x46,,,,,,,,,,,,,,,0
58,gnb1,2026-08-19T10:45:50.428302,1967,PDSCH,0x46,50,4587,6,0,,,,,,,,,,,
58,gnb1,2026-08-19T10:45:50.428597,1968,BSR,0x46,,,,,,,,,,,,,,,0
58,gnb1,2026-08-19T10:45:50.429022,1968,PDSCH,0x46,50,4587,6,0,,,,,,,,,,,
58,gnb1,2026-08-19T10:45:50.463138,1969,PDSCH,0x46,50,4587,6,0,,,,,,,,,,,
58,gnb1,2026-08-19T10:45:50.539763,1970,PDSCH,0x46,50,4587,6,0,,,,,,,,,,,
58,gnb1,2026-08-19T10:45:50.540711,1971,PDSCH,0x46,50,4587,6,0,,,,,,,,,,,
58,gnb1,2026-08-19T10:45:50.627327,1972,PDSCH,0x46,48,3822,6,0,,,,,,,,,,,
58,gnb1,2026-08-19T10:45:50.713170,1974,PUSCH,0x46,,,,,2,11,749,4,108.5,253,,,,,
58,gnb1,2026-08-19T10:45:50.713222,1974,BSR,0x46,,,,,,,,,,,,,,,0
58,gnb1,2026-08-19T10:45:50.757149,1975,PUSCH,0x46,,,,,2,7,501,4,114.2,201,,,,,
58,gnb1,2026-08-19T10:45:50.757237,1975,BSR,0x46,,,,,,,,,,,,,,,0
58,gnb1,2026-08-19T10:45:50.757904,1975,PDSCH,0x46,50,4587,6,0,,,,,,,,,,,
58,gnb1,2026-08-19T10:45:50.758129,1976,PUSCH,0x46,,,,,2,3,233,4,118.0,112,,,,,
58,gnb1,2026-08-19T10:45:50.758190,1976,BSR,0x46,,,,,,,,,,,,,,,0
58,gnb1,2026-08-19T10:45:50.758641,1976,PDSCH,0x46,50,4587,6,0,,,,,,,,,,,
58,gnb1,2026-08-19T10:45:50.796540,1977,BSR,0x46,,,,,,,,,,,,,,,0
58,gnb1,2026-08-19T10:45:50.796966,1977,PDSCH,0x46,50,4587,6,0,,,,,,,,,,,
58,gnb1,2026-08-19T10:45:50.879131,1978,PDSCH,0x46,50,4587,6,0,,,,,,,,,,,
58,gnb1,2026-08-19T10:45:50.880107,1979,PDSCH,0x46,50,4587,6,0,,,,,,,,,,,
58,gnb1,2026-08-19T10:45:50.985481,1980,PDSCH,0x46,30,2385,6,0,,,,,,,,,,,
58,gnb1,2026-08-19T10:45:51.094691,1982,PUSCH,0x46,,,,,2,11,749,4,108.5,351,,,,,
58,gnb1,2026-08-19T10:45:51.094824,1982,BSR,0x46,,,,,,,,,,,,,,,0
58,gnb1,2026-08-19T10:45:51.096230,1983,PUSCH,0x46,,,,,2,39,2481,4,108.6,791,,,,,
58,gnb1,2026-08-19T10:45:51.096282,1983,BSR,0x46,,,,,,,,,,,,,,,350
58,gnb1,2026-08-19T10:45:51.186526,1984,PUSCH,0x46,,,,,2,7,469,4,114.3,207,,,,,
58,gnb1,2026-08-19T10:45:51.186608,1984,BSR,0x46,,,,,,,,,,,,,,,0
58,gnb1,2026-08-19T10:45:51.187122,1984,PDSCH,0x46,50,4587,6,0,,,,,,,,,,,
58,gnb1,2026-08-19T10:45:51.187348,1985,PUSCH,0x46,,,,,2,3,233,4,118.0,120,,,,,
58,gnb1,2026-08-19T10:45:51.187412,1985,BSR,0x46,,,,,,,,,,,,,,,0
58,gnb1,2026-08-19T10:45:51.187867,1985,PDSCH,0x46,50,4587,6,0,,,,,,,,,,,
58,gnb1,2026-08-19T10:45:51.239727,1986,PDSCH,0x46,50,4587,6,0,,,,,,,,,,,
58,gnb1,2026-08-19T10:45:51.339426,1987,PDSCH,0x46,50,4587,6,0,,,,,,,,,,,
58,gnb1,2026-08-19T10:45:51.394143,1988,PDSCH,0x46,50,4587,6,0,,,,,,,,,,,
58,gnb1,2026-08-19T10:45:51.440133,1989,PDSCH,0x46,50,4587,6,0,,,,,,,,,,,
58,gnb1,2026-08-19T10:45:51.488596,1990,PUSCH,0x46,,,,,2,14,749,4,107.4,315,,,,,
58,gnb1,2026-08-19T10:45:51.489139,1990,PDSCH,0x46,50,4587,6,0,,,,,,,,,,,
58,gnb1,2026-08-19T10:45:51.490381,1991,PUSCH,0x46,,,,,10,35,2385,4,108.2,858,,,,,
58,gnb1,2026-08-19T10:45:51.490903,1991,PDSCH,0x46,50,4587,6,0,,,,,,,,,,,
58,gnb1,2026-08-19T10:45:51.535181,1992,PUSCH,0x46,,,,,2,17,1143,4,106.8,382,,,,,
58,gnb1,2026-08-19T10:45:51.535713,1992,PDSCH,0x46,50,4587,6,0,,,,,,,,,,,
58,gnb1,2026-08-19T10:45:51.630959,1993,PUSCH,0x46,,,,,2,7,437,4,114.3,178,,,,,
58,gnb1,2026-08-19T10:45:51.631568,1993,PDSCH,0x46,50,4587,6,0,,,,,,,,,,,
58,gnb1,2026-08-19T10:45:51.632339,1994,PDSCH,0x46,50,4587,6,0,,,,,,,,,,,
58,gnb1,2026-08-19T10:45:51.681773,1995,PDSCH,0x46,50,4587,6,0,,,,,,,,,,,
58,gnb1,2026-08-19T10:45:51.785063,1996,PDSCH,0x46,50,4587,6,0,,,,,,,,,,,
58,gnb1,2026-08-19T10:45:51.832959,1997,PDSCH,0x46,50,4587,6,0,,,,,,,,,,,
58,gnb1,2026-08-19T10:45:51.879825,1998,PDSCH,0x46,50,4587,6,0,,,,,,,,,,,
58,gnb1,2026-08-19T10:45:51.927968,1999,PDSCH,0x46,50,4587,6,0,,,,,,,,,,,
58,gnb1,2026-08-19T10:45:51.928422,2000,BSR,0x46,,,,,,,,,,,,,,,0
58,gnb1,2026-08-19T10:45:51.928904,2000,PDSCH,0x46,50,4587,6,0,,,,,,,,,,,
58,gnb1,2026-08-19T10:45:51.968766,2001,PUCCH_CQI,0x46,,,,,,,,,,,111.8,15,2a,,
58,gnb1,2026-08-19T10:45:51.969395,2001,PDSCH,0x46,47,4395,6,0,,,,,,,,,,,
58,gnb1,2026-08-19T10:45:52.055709,2002,PDSCH,0x46,50,4587,6,0,,,,,,,,,,,
58,gnb1,2026-08-19T10:45:52.099943,2003,PDSCH,0x46,50,4587,6,0,,,,,,,,,,,
58,gnb1,2026-08-19T10:45:52.100846,2004,PDSCH,0x46,50,4587,6,0,,,,,,,,,,,
58,gnb1,2026-08-19T10:45:52.144206,2005,PDSCH,0x46,30,2385,6,0,,,,,,,,,,,
58,gnb1,2026-08-19T10:45:52.329792,2008,PUSCH,0x46,,,,,2,8,517,4,111.4,268,,,,,
58,gnb1,2026-08-19T10:45:52.329845,2008,PHR,,,,,,,,,,,,,,,,
58,gnb1,2026-08-19T10:45:52.371496,2009,BSR,0x46,,,,,,,,,,,,,,,1135
58,gnb1,2026-08-19T10:45:52.372103,2009,PDSCH,0x46,50,4587,6,0,,,,,,,,,,,
58,gnb1,2026-08-19T10:45:52.372533,2010,BSR,0x46,,,,,,,,,,,,,,,0
58,gnb1,2026-08-19T10:45:52.372957,2010,PDSCH,0x46,50,3963,6,0,,,,,,,,,,,
58,gnb1,2026-08-19T10:45:52.706546,2017,PUSCH,0x46,,,,,2,44,2865,4,109.0,1129,,,,,
58,gnb1,2026-08-19T10:45:52.706614,2017,BSR,0x46,,,,,,,,,,,,,,,0
58,gnb1,2026-08-19T10:45:52.707049,2018,PUSCH,0x46,,,,,2,17,1143,4,106.8,582,,,,,
58,gnb1,2026-08-19T10:45:52.707086,2018,BSR,0x46,,,,,,,,,,,,,,,0
58,gnb1,2026-08-19T10:45:52.746676,2019,BSR,0x46,,,,,,,,,,,,,,,0
58,gnb1,2026-08-19T10:45:52.747124,2019,PDSCH,0x46,50,4587,6,0,,,,,,,,,,,
58,gnb1,2026-08-19T10:45:52.837991,2020,PDSCH,0x46,50,4587,6,0,,,,,,,,,,,
58,gnb1,2026-08-19T10:45:52.880774,2021,PDSCH,0x46,47,4395,6,0,,,,,,,,,,,
58,gnb1,2026-08-19T10:45:52.881772,2022,PDSCH,0x46,50,4587,6,0,,,,,,,,,,,
58,gnb1,2026-08-19T10:45:52.943077,2023,PDSCH,0x46,50,4587,6,0,,,,,,,,,,,
58,gnb1,2026-08-19T10:45:52.980830,2024,PDSCH,0x46,50,4587,6,0,,,,,,,,,,,
58,gnb1,2026-08-19T10:45:53.021601,2025,PUSCH,0x46,,,,,2,44,2865,4,109.0,992,,,,,
58,gnb1,2026-08-19T10:45:53.021681,2025,BSR,0x46,,,,,,,,,,,,,,,0
58,gnb1,2026-08-19T10:45:53.021926,2026,PUSCH,0x46,,,,,2,17,1143,4,106.8,370,,,,,
58,gnb1,2026-08-19T10:45:53.021978,2026,BSR,0x46,,,,,,,,,,,,,,,0
58,gnb1,2026-08-19T10:45:53.022265,2025,PDSCH,0x46,50,4587,6,0,,,,,,,,,,,
58,gnb1,2026-08-19T10:45:53.022480,2026,PDSCH,0x46,50,4587,6,0,,,,,,,,,,,
58,gnb1,2026-08-19T10:45:53.022957,2027,PUSCH,0x46,,,,,2,8,517,4,111.4,278,,,,,
58,gnb1,2026-08-19T10:45:53.023480,2027,PDSCH,0x46,50,4587,6,0,,,,,,,,,,,
58,gnb1,2026-08-19T10:45:53.097001,2028,PDSCH,0x46,50,4587,6,0,,,,,,,,,,,
58,gnb1,2026-08-19T10:45:53.175347,2029,PDSCH,0x46,50,4587,6,0,,,,,,,,,,,
58,gnb1,2026-08-19T10:45:53.176410,2030,PDSCH,0x46,50,4587,6,0,,,,,,,,,,,
58,gnb1,2026-08-19T10:45:53.257928,2031,PDSCH,0x46,50,4587,6,0,,,,,,,,,,,
58,gnb1,2026-08-19T10:45:53.258706,2032,PDSCH,0x46,50,4587,6,0,,,,,,,,,,,
58,gnb1,2026-08-19T10:45:53.296519,2033,PUSCH,0x46,,,,,2,44,2865,4,109.0,867,,,,,
58,gnb1,2026-08-19T10:45:53.297010,2033,PDSCH,0x46,50,4587,6,0,,,,,,,,,,,
58,gnb1,2026-08-19T10:45:53.379616,2034,PUSCH,0x46,,,,,2,17,1143,4,106.8,335,,,,,
58,gnb1,2026-08-19T10:45:53.380337,2034,PDSCH,0x46,50,4587,6,0,,,,,,,,,,,
58,gnb1,2026-08-19T10:45:53.380951,2035,PDSCH,0x46,50,4587,6,0,,,,,,,,,,,
58,gnb1,2026-08-19T10:45:53.424733,2036,PDSCH,0x46,50,4587,6,0,,,,,,,,,,,
58,gnb1,2026-08-19T10:45:53.505423,2037,PDSCH,0x46,50,4587,6,0,,,,,,,,,,,
58,gnb1,2026-08-19T10:45:53.506420,2038,PDSCH,0x46,50,4587,6,0,,,,,,,,,,,
58,gnb1,2026-08-19T10:45:53.595400,2039,PDSCH,0x46,50,4587,6,0,,,,,,,,,,,
58,gnb1,2026-08-19T10:45:53.596054,2040,BSR,0x46,,,,,,,,,,,,,,,0
58,gnb1,2026-08-19T10:45:53.596548,2040,PDSCH,0x46,50,4587,6,0,,,,,,,,,,,
58,gnb1,2026-08-19T10:45:53.637221,2041,PUCCH_CQI,0x46,,,,,,,,,,,111.8,15,2a,,
58,gnb1,2026-08-19T10:45:53.637944,2041,PDSCH,0x46,47,4395,6,0,,,,,,,,,,,
58,gnb1,2026-08-19T10:45:53.721065,2042,PDSCH,0x46,50,4587,6,0,,,,,,,,,,,
58,gnb1,2026-08-19T10:45:53.722201,2043,PDSCH,0x46,50,4587,6,0,,,,,,,,,,,
58,gnb1,2026-08-19T10:45:53.781509,2044,PDSCH,0x46,50,4587,6,0,,,,,,,,,,,
58,gnb1,2026-08-19T10:45:53.782393,2045,PDSCH,0x46,50,4587,6,0,,,,,,,,,,,
58,gnb1,2026-08-19T10:45:53.823907,2046,PDSCH,0x46,50,4587,6,0,,,,,,,,,,,
58,gnb1,2026-08-19T10:45:53.873865,2047,PDSCH,0x46,50,4587,6,0,,,,,,,,,,,
58,gnb1,2026-08-19T10:45:53.919747,2048,PUSCH,0x46,,,,,2,8,517,4,111.4,270,,,,,
58,gnb1,2026-08-19T10:45:53.920410,2048,PDSCH,0x46,50,4587,6,0,,,,,,,,,,,
58,gnb1,2026-08-19T10:45:53.996724,2049,BSR,0x46,,,,,,,,,,,,,,,55
58,gnb1,2026-08-19T10:45:54.034956,2050,BSR,0x46,,,,,,,,,,,,,,,0
58,gnb1,2026-08-19T10:45:54.035201,2050,PDSCH,0x46,3,7,2,0,,,,,,,,,,,
58,gnb1,2026-08-19T10:45:54.319067,2057,PUSCH,0x46,,,,,2,44,2865,4,109.0,871,,,,,
58,gnb1,2026-08-19T10:45:54.319127,2057,BSR,0x46,,,,,,,,,,,,,,,0
58,gnb1,2026-08-19T10:45:54.319332,2058,PUSCH,0x46,,,,,2,0,55,4,117.8,112,,,,,
58,gnb1,2026-08-19T10:45:54.319369,2058,BSR,0x46,,,,,,,,,,,,,,,0
58,gnb1,2026-08-19T10:45:54.320411,2058,PHR,,,,,,,,,,,,,,,,
58,gnb1,2026-08-19T10:45:54.352609,2059,BSR,0x46,,,,,,,,,,,,,,,0
58,gnb1,2026-08-19T10:45:54.353140,2059,PDSCH,0x46,50,4587,6,0,,,,,,,,,,,
58,gnb1,2026-08-19T10:45:54.456201,2060,PDSCH,0x46,50,4587,6,0,,,,,,,,,,,
58,gnb1,2026-08-19T10:45:54.508317,2061,PDSCH,0x46,47,4395,6,0,,,,,,,,,,,
58,gnb1,2026-08-19T10:45:54.509308,2062,PDSCH,0x46,50,4587,6,0,,,,,,,,,,,
58,gnb1,2026-08-19T10:45:54.586605,2063,PDSCH,0x46,50,4587,6,0,,,,,,,,,,,
58,gnb1,2026-08-19T10:45:54.632201,2064,PDSCH,0x46,50,4587,6,0,,,,,,,,,,,
58,gnb1,2026-08-19T10:45:54.671764,2065,PUSCH,0x46,,,,,2,44,2865,4,109.0,767,,,,,
58,gnb1,2026-08-19T10:45:54.671859,2065,BSR,0x46,,,,,,,,,,,,,,,0
58,gnb1,2026-08-19T10:45:54.672024,2066,PUSCH,0x46,,,,,2,0,55,4,117.7,55,,,,,
58,gnb1,2026-08-19T10:45:54.672090,2066,BSR,0x46,,,,,,,,,,,,,,,0
58,gnb1,2026-08-19T10:45:54.672371,2065,PDSCH,0x46,50,4587,6,0,,,,,,,,,,,
58,gnb1,2026-08-19T10:45:54.672637,2066,PDSCH,0x46,50,4587,6,0,,,,,,,,,,,
58,gnb1,2026-08-19T10:45:54.716017,2067,PUSCH,0x46,,,,,2,8,517,4,111.4,210,,,,,
58,gnb1,2026-08-19T10:45:54.716644,2067,PDSCH,0x46,50,4587,6,0,,,,,,,,,,,
58,gnb1,2026-08-19T10:45:54.826451,2068,PDSCH,0x46,50,4587,6,0,,,,,,,,,,,
58,gnb1,2026-08-19T10:45:54.870575,2069,PDSCH,0x46,50,4587,6,0,,,,,,,,,,,
58,gnb1,2026-08-19T10:45:54.871546,2070,PDSCH,0x46,50,4587,6,0,,,,,,,,,,,
58,gnb1,2026-08-19T10:45:54.960056,2071,PDSCH,0x46,50,4587,6,0,,,,,,,,,,,
58,gnb1,2026-08-19T10:45:54.961232,2072,PDSCH,0x46,50,4587,6,0,,,,,,,,,,,
58,gnb1,2026-08-19T10:45:55.051656,2073,PUSCH,0x46,,,,,2,44,2865,4,109.0,830,,,,,
58,gnb1,2026-08-19T10:45:55.051880,2074,PUSCH,0x46,,,,,2,0,51,4,117.8,76,,,,,
58,gnb1,2026-08-19T10:45:55.052282,2073,PDSCH,0x46,45,3542,6,0,,,,,,,,,,,
58,gnb1,2026-08-19T10:45:55.096767,2075,BSR,0x46,,,,,,,,,,,,,,,0
58,gnb1,2026-08-19T10:45:55.423322,2081,PUCCH_CQI,0x46,,,,,,,,,,,111.8,15,2a,,
58,gnb1,2026-08-19T10:45:55.494107,2083,PUSCH,0x46,,,,,2,1,97,4,118.0,172,,,,,
58,gnb1,2026-08-19T10:45:55.494172,2083,BSR,0x46,,,,,,,,,,,,,,,0
58,gnb1,2026-08-19T10:45:55.538359,2084,BSR,0x46,,,,,,,,,,,,,,,0
58,gnb1,2026-08-19T10:45:55.833205,2091,PUSCH,0x46,,,,,2,1,97,4,117.9,81,,,,,
58,gnb1,2026-08-19T10:45:55.833281,2091,BSR,0x46,,,,,,,,,,,,,,,0
58,gnb1,2026-08-19T10:45:55.873032,2092,PUSCH,0x46,,,,,2,4,269,4,117.9,131,,,,,
58,gnb1,2026-08-19T10:45:55.873083,2092,BSR,0x46,,,,,,,,,,,,,,,0
58,gnb1,2026-08-19T10:45:55.913326,2093,BSR,0x46,,,,,,,,,,,,,,,0
58,gnb1,2026-08-19T10:45:56.183840,2099,PUSCH,0x46,,,,,2,1,87,4,117.8,79,,,,,
58,gnb1,2026-08-19T10:45:56.183890,2099,BSR,0x46,,,,,,,,,,,,,,,0
58,gnb1,2026-08-19T10:45:56.228390,2100,PUSCH,0x46,,,,,2,8,573,4,111.4,184,,,,,
58,gnb1,2026-08-19T10:45:56.228468,2100,BSR,0x46,,,,,,,,,,,,,,,0
58,gnb1,2026-08-19T10:45:56.228709,2100,PDSCH,0x46,3,7,2,0,,,,,,,,,,,
58,gnb1,2026-08-19T10:45:56.272005,2101,PUSCH,0x46,,,,,10,3,217,4,104.5,99,,,,,
58,gnb1,2026-08-19T10:45:56.272100,2101,BSR,0x46,,,,,,,,,,,,,,,0
58,gnb1,2026-08-19T10:45:56.314513,2102,BSR,0x46,,,,,,,,,,,,,,,0
58,gnb1,2026-08-19T10:45:56.510352,2107,PUSCH,0x46,,,,,2,1,75,4,117.9,130,,,,,
58,gnb1,2026-08-19T10:45:56.510405,2107,BSR,0x46,,,,,,,,,,,,,,,0
58,gnb1,2026-08-19T10:45:56.546859,2108,PUSCH,0x46,,,,,2,14,871,4,107.4,375,,,,,
58,gnb1,2026-08-19T10:45:56.546911,2108,BSR,0x46,,,,,,,,,,,,,,,0
58,gnb1,2026-08-19T10:45:56.546936,2108,PHR,,,,,,,,,,,,,,,,
58,gnb1,2026-08-19T10:45:56.589465,2109,PUSCH,0x46,,,,,2,7,469,4,114.2,191,,,,,
58,gnb1,2026-08-19T10:45:56.633549,2110,PUSCH,0x46,,,,,2,3,249,4,117.9,138,,,,,
58,gnb1,2026-08-19T10:45:56.831208,2115,PUSCH,0x46,,,,,2,1,61,4,117.8,103,,,,,
58,gnb1,2026-08-19T10:45:56.871494,2116,PUSCH,0x46,,,,,2,17,1143,4,106.8,399,,,,,
58,gnb1,2026-08-19T10:45:56.871563,2116,BSR,0x46,,,,,,,,,,,,,,,0
58,gnb1,2026-08-19T10:45:57.037150,2120,BSR,0x46,,,,,,,,,,,,,,,0
58,gnb1,2026-08-19T10:45:57.076619,2121,PUCCH_CQI,0x46,,,,,,,,,,,111.8,15,2,,
58,gnb1,2026-08-19T10:45:57.205677,2124,PUSCH,0x46,,,,,2,0,47,4,117.8,198,,,,,
58,gnb1,2026-08-19T10:45:57.362935,2128,PUSCH,0x46,,,,,2,7,469,4,114.2,187,,,,,
58,gnb1,2026-08-19T10:45:57.363039,2128,BSR,0x46,,,,,,,,,,,,,,,0
58,gnb1,2026-08-19T10:45:57.688544,2136,PUSCH,0x46,,,,,2,1,61,4,118.0,101,,,,,
58,gnb1,2026-08-19T10:45:57.731378,2137,BSR,0x46,,,,,,,,,,,,,,,0
58,gnb1,2026-08-19T10:45:58.033332,2145,PUSCH,0x46,,,,,2,0,47,4,117.7,140,,,,,
58,gnb1,2026-08-19T10:45:58.033411,2145,BSR,0x46,,,,,,,,,,,,,,,0
58,gnb1,2026-08-19T10:45:58.249906,2150,PDSCH,0x46,3,7,2,0,,,,,,,,,,,
58,gnb1,2026-08-19T10:45:58.381221,2153,PUSCH,0x46,,,,,2,0,47,4,117.8,113,,,,,
58,gnb1,2026-08-19T10:45:58.423674,2154,BSR,0x46,,,,,,,,,,,,,,,0
58,gnb1,2026-08-19T10:45:58.685727,2161,PUCCH_CQI,0x46,,,,,,,,,,,111.8,15,2,,
58,gnb1,2026-08-19T10:45:58.727976,2162,PUSCH,0x46,,,,,2,1,61,4,117.9,108,,,,,
58,gnb1,2026-08-19T10:45:58.728058,2162,BSR,0x46,,,,,,,,,,,,,,,0
58,gnb1,2026-08-19T10:45:58.728168,2162,PHR,,,,,,,,,,,,,,,,
58,gnb1,2026-08-19T10:45:58.775686,2163,BSR,0x46,,,,,,,,,,,,,,,0
58,gnb1,2026-08-19T10:45:59.072682,2170,PUSCH,0x46,,,,,2,1,61,4,117.9,109,,,,,
58,gnb1,2026-08-19T10:45:59.072787,2170,BSR,0x46,,,,,,,,,,,,,,,0
58,gnb1,2026-08-19T10:45:59.110346,2171,PUSCH,0x46,,,,,10,4,269,4,104.5,181,,,,,
58,gnb1,2026-08-19T10:45:59.110426,2171,BSR,0x46,,,,,,,,,,,,,,,0
58,gnb1,2026-08-19T10:45:59.408576,2178,PUSCH,0x46,,,,,2,0,51,4,117.8,85,,,,,
58,gnb1,2026-08-19T10:45:59.446708,2179,PUSCH,0x46,,,,,2,8,573,4,111.4,238,,,,,
58,gnb1,2026-08-19T10:45:59.446771,2179,BSR,0x46,,,,,,,,,,,,,,,0
58,gnb1,2026-08-19T10:45:59.482164,2180,BSR,0x46,,,,,,,,,,,,,,,0
58,gnb1,2026-08-19T10:45:59.764961,2187,PUSCH,0x46,,,,,2,0,55,4,117.8,65,,,,,
58,gnb1,2026-08-19T10:45:59.799184,2188,PUSCH,0x46,,,,,2,7,469,4,114.2,252,,,,,
58,gnb1,2026-08-19T10:45:59.799242,2188,BSR,0x46,,,,,,,,,,,,,,,0
58,gnb1,2026-08-19T10:46:00.117265,2196,PUSCH,0x46,,,,,2,0,55,4,117.7,97,,,,,
58,gnb1,2026-08-19T10:46:00.287383,2200,BSR,0x46,,,,,,,,,,,,,,,0
58,gnb1,2026-08-19T10:46:00.287623,2200,PDSCH,0x46,3,7,2,0,,,,,,,,,,,
58,gnb1,2026-08-19T10:46:00.325579,2201,PUCCH_CQI,0x46,,,,,,,,,,,111.8,15,2,,
58,gnb1,2026-08-19T10:46:00.658864,2208,PUSCH,0x46,,,,,2,8,517,4,111.4,223,,,,,
58,gnb1,2026-08-19T10:46:02.087806,2241,PUCCH_CQI,0x46,,,,,,,,,,,111.8,15,2,,
58,gnb1,2026-08-19T10:46:02.477934,2250,PDSCH,0x46,3,7,2,0,,,,,,,,,,,
58,gnb1,2026-08-19T10:46:03.773049,2281,PUCCH_CQI,0x46,,,,,,,,,,,111.8,15,2,,
58,gnb1,2026-08-19T10:46:05.493722,2321,PUCCH_CQI,0x46,,,,,,,,,,,111.8,15,2,,
58,gnb1,2026-08-19T10:46:07.179597,2360,BSR,0x46,,,,,,,,,,,,,,,0
58,gnb1,2026-08-19T10:46:07.226766,2361,PUCCH_CQI,0x46,,,,,,,,,,,111.8,15,2,,
58,gnb1,2026-08-19T10:46:07.534198,2368,PUSCH,0x46,,,,,2,8,517,4,111.4,386,,,,,
58,gnb1,2026-08-19T10:46:07.534304,2368,PHR,,,,,,,,,,,,,,,,
58,gnb1,2026-08-19T10:46:07.581435,2369,PDSCH,0x46,3,7,2,0,,,,,,,,,,,
59,gnb1,2026-08-19T10:52:07.018108,342,PDSCH,0x2,3,11,2,0,,,,,,,,,,,
59,gnb1,2026-08-19T10:52:07.109960,344,BSR,0x46,,,,,,,,,,,,,,,0
59,gnb1,2026-08-19T10:52:07.473136,352,PUSCH,0x46,,,,,2,2,7,2,118.0,236,,,,,
59,gnb1,2026-08-19T10:52:07.572451,354,PDSCH,0x46,3,32,2,0,,,,,,,,,,,
59,gnb1,2026-08-19T10:52:07.904797,361,PUCCH_CQI,0x46,,,,,,,,,,,-inf,0,2,,
59,gnb1,2026-08-19T10:52:08.793378,380,BSR,0x46,,,,,,,,,,,,,,,0
59,gnb1,2026-08-19T10:52:09.198852,388,PUSCH,0x46,,,,,2,44,157,2,109.0,750,,,,,
59,gnb1,2026-08-19T10:52:09.198912,388,PHR,,,,,,,,,,,,,,,,
59,gnb1,2026-08-19T10:52:09.248166,389,PDSCH,0x46,3,7,2,0,,,,,,,,,,,
59,gnb1,2026-08-19T10:52:09.296128,390,PDSCH,0x46,6,51,2,0,,,,,,,,,,,
59,gnb1,2026-08-19T10:52:09.785154,400,BSR,0x46,,,,,,,,,,,,,,,0
59,gnb1,2026-08-19T10:52:09.830764,401,PUCCH_CQI,0x46,,,,,,,,,,,111.8,15,2,,
59,gnb1,2026-08-19T10:52:10.153198,408,PUSCH,0x46,,,,,2,8,517,4,111.4,294,,,,,
59,gnb1,2026-08-19T10:52:10.202860,409,PDSCH,0x46,3,7,2,0,,,,,,,,,,,
59,gnb1,2026-08-19T10:52:10.249081,410,PDSCH,0x46,3,41,2,0,,,,,,,,,,,
59,gnb1,2026-08-19T10:52:10.739791,420,BSR,0x46,,,,,,,,,,,,,,,0
59,gnb1,2026-08-19T10:52:11.128290,428,PUSCH,0x46,,,,,2,8,517,4,111.4,192,,,,,
59,gnb1,2026-08-19T10:52:11.179498,429,PDSCH,0x46,3,7,2,0,,,,,,,,,,,
59,gnb1,2026-08-19T10:52:11.227383,430,PDSCH,0x46,3,26,2,0,,,,,,,,,,,
59,gnb1,2026-08-19T10:52:11.718447,440,BSR,0x46,,,,,,,,,,,,,,,0
59,gnb1,2026-08-19T10:52:11.764132,441,PUCCH_CQI,0x46,,,,,,,,,,,111.8,15,2,,
59,gnb1,2026-08-19T10:52:12.100969,448,PUSCH,0x46,,,,,2,8,517,4,111.4,271,,,,,
59,gnb1,2026-08-19T10:52:12.100989,448,PHR,,,,,,,,,,,,,,,,
59,gnb1,2026-08-19T10:52:12.151208,449,PDSCH,0x46,3,7,2,0,,,,,,,,,,,
59,gnb1,2026-08-19T10:52:12.198052,450,PDSCH,0x46,3,18,2,0,,,,,,,,,,,
59,gnb1,2026-08-19T10:52:12.690319,460,BSR,0x46,,,,,,,,,,,,,,,0
59,gnb1,2026-08-19T10:52:13.078275,468,PUSCH,0x46,,,,,2,8,517,4,111.4,211,,,,,
59,gnb1,2026-08-19T10:52:13.130550,469,PDSCH,0x46,3,22,2,0,,,,,,,,,,,
59,gnb1,2026-08-19T10:52:13.666206,480,BSR,0x46,,,,,,,,,,,,,,,0
59,gnb1,2026-08-19T10:52:13.709185,481,PUCCH_CQI,0x46,,,,,,,,,,,111.8,15,2,,
59,gnb1,2026-08-19T10:52:14.057610,488,PUSCH,0x46,,,,,2,8,517,4,111.4,190,,,,,
59,gnb1,2026-08-19T10:52:14.107537,489,PDSCH,0x46,3,7,2,0,,,,,,,,,,,
59,gnb1,2026-08-19T10:52:14.156337,490,PDSCH,0x46,3,113,4,0,,,,,,,,,,,
59,gnb1,2026-08-19T10:52:14.647357,500,BSR,0x46,,,,,,,,,,,,,,,0
59,gnb1,2026-08-19T10:52:15.019766,508,PUSCH,0x46,,,,,2,8,517,4,111.4,238,,,,,
59,gnb1,2026-08-19T10:52:15.019839,508,PHR,,,,,,,,,,,,,,,,
59,gnb1,2026-08-19T10:52:15.068150,509,PDSCH,0x46,3,18,2,0,,,,,,,,,,,
59,gnb1,2026-08-19T10:52:15.307056,514,PDSCH,0x46,3,73,4,0,,,,,,,,,,,
59,gnb1,2026-08-19T10:52:15.632541,521,PUCCH_CQI,0x46,,,,,,,,,,,111.8,15,2,,
59,gnb1,2026-08-19T10:52:16.580451,540,BSR,0x46,,,,,,,,,,,,,,,0
59,gnb1,2026-08-19T10:52:16.973190,548,PUSCH,0x46,,,,,2,8,517,4,111.4,312,,,,,
59,gnb1,2026-08-19T10:52:17.591158,561,PUCCH_CQI,0x46,,,,,,,,,,,111.8,15,2,,
59,gnb1,2026-08-19T10:52:19.586042,601,PUCCH_CQI,0x46,,,,,,,,,,,111.8,15,2,,
59,gnb1,2026-08-19T10:52:21.513953,641,PUCCH_CQI,0x46,,,,,,,,,,,111.8,15,2,,
59,gnb1,2026-08-19T10:52:23.514832,681,PUCCH_CQI,0x46,,,,,,,,,,,111.8,15,2,,
59,gnb1,2026-08-19T10:52:25.476117,721,PUCCH_CQI,0x46,,,,,,,,,,,111.8,15,2,,
59,gnb1,2026-08-19T10:52:27.464052,761,PUCCH_CQI,0x46,,,,,,,,,,,111.8,15,2,,
59,gnb1,2026-08-19T10:52:29.374945,801,PUCCH_CQI,0x46,,,,,,,,,,,111.8,15,2,,
59,gnb1,2026-08-19T10:52:31.339930,841,PUCCH_CQI,0x46,,,,,,,,,,,111.8,15,2,,
59,gnb1,2026-08-19T10:52:33.346338,881,PUCCH_CQI,0x46,,,,,,,,,,,111.8,15,2,,
59,gnb1,2026-08-19T10:52:35.361803,921,PUCCH_CQI,0x46,,,,,,,,,,,111.8,15,2,,
59,gnb1,2026-08-19T10:52:37.343327,961,PUCCH_CQI,0x46,,,,,,,,,,,111.8,15,2,,
59,gnb1,2026-08-19T10:52:39.340010,1001,PUCCH_CQI,0x46,,,,,,,,,,,111.8,15,2,,
59,gnb1,2026-08-19T10:52:41.343885,1041,PUCCH_CQI,0x46,,,,,,,,,,,111.8,15,2,,
59,gnb1,2026-08-19T10:52:43.341273,1081,PUCCH_CQI,0x46,,,,,,,,,,,111.8,15,2,,
59,gnb1,2026-08-19T10:52:45.289605,1121,PUCCH_CQI,0x46,,,,,,,,,,,111.8,15,2,,
59,gnb1,2026-08-19T10:52:47.286891,1161,PUCCH_CQI,0x46,,,,,,,,,,,111.8,15,2,,
59,gnb1,2026-08-19T10:52:49.243764,1201,PUCCH_CQI,0x46,,,,,,,,,,,111.8,15,2,,
59,gnb1,2026-08-19T10:52:51.224014,1241,PUCCH_CQI,0x46,,,,,,,,,,,111.8,15,2,,
59,gnb1,2026-08-19T10:52:53.248554,1281,PUCCH_CQI,0x46,,,,,,,,,,,111.8,15,2,,
59,gnb1,2026-08-19T10:52:55.211817,1321,PUCCH_CQI,0x46,,,,,,,,,,,111.8,15,2,,
59,gnb1,2026-08-19T10:52:57.233559,1361,PUCCH_CQI,0x46,,,,,,,,,,,111.8,15,2,,
59,gnb1,2026-08-19T10:52:58.165943,1380,BSR,0x46,,,,,,,,,,,,,,,0
59,gnb1,2026-08-19T10:52:58.550979,1388,PUSCH,0x46,,,,,2,8,517,4,111.4,577,,,,,
59,gnb1,2026-08-19T10:52:58.550987,1388,PHR,,,,,,,,,,,,,,,,
59,gnb1,2026-08-19T10:52:58.603855,1389,PDSCH,0x46,3,145,6,0,,,,,,,,,,,
59,gnb1,2026-08-19T10:52:59.165290,1400,BSR,0x46,,,,,,,,,,,,,,,0
59,gnb1,2026-08-19T10:52:59.215096,1401,PUCCH_CQI,0x46,,,,,,,,,,,111.8,15,2,,
59,gnb1,2026-08-19T10:52:59.572757,1408,PUSCH,0x46,,,,,2,8,517,4,111.4,213,,,,,
59,gnb1,2026-08-19T10:52:59.573095,1408,PDSCH,0x46,3,73,4,0,,,,,,,,,,,
59,gnb1,2026-08-19T10:52:59.621247,1409,PDSCH,0x46,3,121,6,0,,,,,,,,,,,
59,gnb1,2026-08-19T10:53:00.168607,1420,BSR,0x46,,,,,,,,,,,,,,,0
59,gnb1,2026-08-19T10:53:00.569071,1428,PUSCH,0x46,,,,,2,8,517,4,111.4,220,,,,,
59,gnb1,2026-08-19T10:53:00.616511,1429,PDSCH,0x46,3,63,4,0,,,,,,,,,,,
59,gnb1,2026-08-19T10:53:01.116395,1439,PDSCH,0x46,3,7,2,0,,,,,,,,,,,
59,gnb1,2026-08-19T10:53:01.165614,1440,BSR,0x46,,,,,,,,,,,,,,,0
59,gnb1,2026-08-19T10:53:01.216920,1441,PUCCH_CQI,0x46,,,,,,,,,,,111.8,15,2,,
59,gnb1,2026-08-19T10:53:01.572158,1448,PUSCH,0x46,,,,,2,8,517,4,111.4,237,,,,,
59,gnb1,2026-08-19T10:53:01.572216,1448,PHR,,,,,,,,,,,,,,,,
59,gnb1,2026-08-19T10:53:01.625223,1449,PDSCH,0x46,3,121,6,0,,,,,,,,,,,
59,gnb1,2026-08-19T10:53:02.195672,1460,BSR,0x46,,,,,,,,,,,,,,,0
59,gnb1,2026-08-19T10:53:02.587924,1468,PUSCH,0x46,,,,,2,8,517,4,111.4,395,,,,,
59,gnb1,2026-08-19T10:53:02.635214,1469,PDSCH,0x46,3,73,4,0,,,,,,,,,,,
59,gnb1,2026-08-19T10:53:03.174069,1480,BSR,0x46,,,,,,,,,,,,,,,0
59,gnb1,2026-08-19T10:53:03.220202,1481,PUCCH_CQI,0x46,,,,,,,,,,,111.8,15,2,,
59,gnb1,2026-08-19T10:53:03.569344,1488,PUSCH,0x46,,,,,2,8,517,4,111.4,279,,,,,
59,gnb1,2026-08-19T10:53:03.622653,1489,PDSCH,0x46,50,4587,6,0,,,,,,,,,,,
59,gnb1,2026-08-19T10:53:03.669653,1490,PDSCH,0x46,50,4587,6,0,,,,,,,,,,,
59,gnb1,2026-08-19T10:53:03.723048,1491,PDSCH,0x46,50,4587,6,0,,,,,,,,,,,
59,gnb1,2026-08-19T10:53:03.775635,1492,PDSCH,0x46,6,437,6,0,,,,,,,,,,,
59,gnb1,2026-08-19T10:53:04.185002,1500,BSR,0x46,,,,,,,,,,,,,,,0
59,gnb1,2026-08-19T10:53:04.601057,1508,PUSCH,0x46,,,,,2,8,517,4,111.4,203,,,,,
59,gnb1,2026-08-19T10:53:04.601152,1508,PHR,,,,,,,,,,,,,,,,
59,gnb1,2026-08-19T10:53:04.652276,1509,BSR,0x46,,,,,,,,,,,,,,,0
59,gnb1,2026-08-19T10:53:04.653005,1509,PDSCH,0x46,50,4587,6,0,,,,,,,,,,,
59,gnb1,2026-08-19T10:53:04.705726,1510,PDSCH,0x46,50,4587,6,0,,,,,,,,,,,
59,gnb1,2026-08-19T10:53:04.754348,1511,PDSCH,0x46,50,4587,6,0,,,,,,,,,,,
59,gnb1,2026-08-19T10:53:04.808470,1512,PDSCH,0x46,50,4587,6,0,,,,,,,,,,,
59,gnb1,2026-08-19T10:53:04.857774,1513,PDSCH,0x46,50,4587,6,0,,,,,,,,,,,
59,gnb1,2026-08-19T10:53:05.066645,1517,PUSCH,0x46,,,,,2,1,113,4,118.0,213,,,,,
59,gnb1,2026-08-19T10:53:05.066710,1517,BSR,0x46,,,,,,,,,,,,,,,0
59,gnb1,2026-08-19T10:53:05.268210,1521,PUCCH_CQI,0x46,,,,,,,,,,,111.8,15,2a,,
59,gnb1,2026-08-19T10:53:05.465489,1525,PUSCH,0x46,,,,,2,1,113,4,117.8,79,,,,,
59,gnb1,2026-08-19T10:53:05.465554,1525,BSR,0x46,,,,,,,,,,,,,,,0
59,gnb1,2026-08-19T10:53:05.514996,1526,BSR,0x46,,,,,,,,,,,,,,,0
59,gnb1,2026-08-19T10:53:05.871853,1533,PUSCH,0x46,,,,,2,1,113,4,118.0,101,,,,,
59,gnb1,2026-08-19T10:53:05.871911,1533,BSR,0x46,,,,,,,,,,,,,,,0
59,gnb1,2026-08-19T10:53:05.923881,1534,PUSCH,0x46,,,,,2,11,749,4,108.5,484,,,,,
59,gnb1,2026-08-19T10:53:05.924032,1534,BSR,0x46,,,,,,,,,,,,,,,0
59,gnb1,2026-08-19T10:53:05.924612,1534,PDSCH,0x46,50,4587,6,0,,,,,,,,,,,
59,gnb1,2026-08-19T10:53:05.974396,1535,PDSCH,0x46,50,4587,6,0,,,,,,,,,,,
59,gnb1,2026-08-19T10:53:06.027089,1536,PDSCH,0x46,50,4587,6,0,,,,,,,,,,,
59,gnb1,2026-08-19T10:53:06.080280,1537,PDSCH,0x46,50,4587,6,0,,,,,,,,,,,
59,gnb1,2026-08-19T10:53:06.135398,1538,PDSCH,0x46,50,4587,6,0,,,,,,,,,,,
59,gnb1,2026-08-19T10:53:06.190162,1539,PDSCH,0x46,50,4587,6,0,,,,,,,,,,,
59,gnb1,2026-08-19T10:53:06.239989,1540,PDSCH,0x46,50,4587,6,0,,,,,,,,,,,
59,gnb1,2026-08-19T10:53:06.293915,1541,PUSCH,0x46,,,,,2,1,87,4,117.9,99,,,,,
59,gnb1,2026-08-19T10:53:06.294656,1541,PDSCH,0x46,47,4395,6,0,,,,,,,,,,,
59,gnb1,2026-08-19T10:53:06.346287,1542,PUSCH,0x46,,,,,2,15,1063,4,107.2,498,,,,,
59,gnb1,2026-08-19T10:53:06.347042,1542,PDSCH,0x46,50,4587,6,0,,,,,,,,,,,
59,gnb1,2026-08-19T10:53:07.229248,1560,BSR,0x46,,,,,,,,,,,,,,,0
59,gnb1,2026-08-19T10:53:07.278346,1561,PUCCH_CQI,0x46,,,,,,,,,,,111.8,15,2,,
59,gnb1,2026-08-19T10:53:07.598356,1568,PUSCH,0x46,,,,,2,8,517,4,111.4,218,,,,,
59,gnb1,2026-08-19T10:53:07.598463,1568,PHR,,,,,,,,,,,,,,,,
59,gnb1,2026-08-19T10:53:07.642365,1569,BSR,0x46,,,,,,,,,,,,,,,0
59,gnb1,2026-08-19T10:53:07.643052,1569,PDSCH,0x46,50,4587,6,0,,,,,,,,,,,
59,gnb1,2026-08-19T10:53:07.692685,1570,PDSCH,0x46,50,4587,6,0,,,,,,,,,,,
59,gnb1,2026-08-19T10:53:07.739274,1571,PDSCH,0x46,50,4587,6,0,,,,,,,,,,,
59,gnb1,2026-08-19T10:53:07.792810,1572,PDSCH,0x46,50,4587,6,0,,,,,,,,,,,
59,gnb1,2026-08-19T10:53:08.038896,1577,PUSCH,0x46,,,,,2,17,1143,4,106.8,603,,,,,
59,gnb1,2026-08-19T10:53:08.038953,1577,BSR,0x46,,,,,,,,,,,,,,,0
59,gnb1,2026-08-19T10:53:08.407819,1585,PUSCH,0x46,,,,,2,17,1143,4,106.8,367,,,,,
59,gnb1,2026-08-19T10:53:08.407881,1585,BSR,0x46,,,,,,,,,,,,,,,0
59,gnb1,2026-08-19T10:53:08.451426,1586,BSR,0x46,,,,,,,,,,,,,,,0
59,gnb1,2026-08-19T10:53:08.803456,1593,PUSCH,0x46,,,,,2,17,1143,4,106.8,350,,,,,
59,gnb1,2026-08-19T10:53:08.803523,1593,BSR,0x46,,,,,,,,,,,,,,,0
59,gnb1,2026-08-19T10:53:08.856127,1594,PUSCH,0x46,,,,,2,11,693,4,108.5,262,,,,,
59,gnb1,2026-08-19T10:53:08.856211,1594,BSR,0x46,,,,,,,,,,,,,,,0
59,gnb1,2026-08-19T10:53:08.856744,1594,PDSCH,0x46,50,4587,6,0,,,,,,,,,,,
59,gnb1,2026-08-19T10:53:08.909704,1595,PDSCH,0x46,50,4587,6,0,,,,,,,,,,,
59,gnb1,2026-08-19T10:53:08.960026,1596,PDSCH,0x46,50,4587,6,0,,,,,,,,,,,
59,gnb1,2026-08-19T10:53:09.012789,1597,PDSCH,0x46,50,4587,6,0,,,,,,,,,,,
59,gnb1,2026-08-19T10:53:09.063489,1598,PDSCH,0x46,50,4587,6,0,,,,,,,,,,,
59,gnb1,2026-08-19T10:53:09.111932,1599,PDSCH,0x46,50,4587,6,0,,,,,,,,,,,
59,gnb1,2026-08-19T10:53:09.164277,1600,PDSCH,0x46,50,4587,6,0,,,,,,,,,,,
59,gnb1,2026-08-19T10:53:09.216614,1601,PUSCH,0x46,,,,,10,17,1143,4,105.3,450,,,,,
59,gnb1,2026-08-19T10:53:09.217129,1601,PDSCH,0x46,47,4395,6,0,,,,,,,,,,,
59,gnb1,2026-08-19T10:53:09.268523,1602,PUSCH,0x46,,,,,2,14,935,4,107.4,331,,,,,
59,gnb1,2026-08-19T10:53:09.269110,1602,PDSCH,0x46,50,4587,6,0,,,,,,,,,,,
59,gnb1,2026-08-19T10:53:09.318988,1603,PDSCH,0x46,50,4587,6,0,,,,,,,,,,,
59,gnb1,2026-08-19T10:53:09.364260,1604,PDSCH,0x46,50,4587,6,0,,,,,,,,,,,
59,gnb1,2026-08-19T10:53:09.416885,1605,PDSCH,0x46,47,4395,6,0,,,,,,,,,,,
59,gnb1,2026-08-19T10:53:09.468381,1606,PDSCH,0x46,50,4587,6,0,,,,,,,,,,,
59,gnb1,2026-08-19T10:53:09.514747,1607,PDSCH,0x46,50,4587,6,0,,,,,,,,,,,
59,gnb1,2026-08-19T10:53:09.562537,1608,PDSCH,0x46,30,2292,6,0,,,,,,,,,,,
59,gnb1,2026-08-19T10:53:10.136863,1620,BSR,0x46,,,,,,,,,,,,,,,0
59,gnb1,2026-08-19T10:53:10.533307,1628,PUSCH,0x46,,,,,2,8,517,4,111.4,308,,,,,
59,gnb1,2026-08-19T10:53:10.533319,1628,PHR,,,,,,,,,,,,,,,,
59,gnb1,2026-08-19T10:53:10.589519,1629,BSR,0x46,,,,,,,,,,,,,,,0
59,gnb1,2026-08-19T10:53:10.590303,1629,PDSCH,0x46,50,4587,6,0,,,,,,,,,,,
59,gnb1,2026-08-19T10:53:10.635970,1630,PDSCH,0x46,50,4587,6,0,,,,,,,,,,,
59,gnb1,2026-08-19T10:53:10.686777,1631,PDSCH,0x46,50,4587,6,0,,,,,,,,,,,
59,gnb1,2026-08-19T10:53:10.741817,1632,PDSCH,0x46,42,3182,6,0,,,,,,,,,,,
59,gnb1,2026-08-19T10:53:10.991222,1637,PUSCH,0x46,,,,,2,35,2292,4,108.1,984,,,,,
59,gnb1,2026-08-19T10:53:10.991276,1637,BSR,0x46,,,,,,,,,,,,,,,0
59,gnb1,2026-08-19T10:53:11.180393,1641,PUCCH_CQI,0x46,,,,,,,,,,,111.8,15,2,,
59,gnb1,2026-08-19T10:53:11.368982,1645,PUSCH,0x46,,,,,2,35,2292,4,108.1,764,,,,,
59,gnb1,2026-08-19T10:53:11.369084,1645,BSR,0x46,,,,,,,,,,,,,,,0
59,gnb1,2026-08-19T10:53:11.416305,1646,BSR,0x46,,,,,,,,,,,,,,,0
59,gnb1,2026-08-19T10:53:11.749940,1653,PUSCH,0x46,,,,,2,35,2292,4,108.1,487,,,,,
59,gnb1,2026-08-19T10:53:11.749987,1653,BSR,0x46,,,,,,,,,,,,,,,0
59,gnb1,2026-08-19T10:53:11.797477,1654,PUSCH,0x46,,,,,2,11,645,4,108.5,312,,,,,
59,gnb1,2026-08-19T10:53:11.797577,1654,BSR,0x46,,,,,,,,,,,,,,,0
59,gnb1,2026-08-19T10:53:11.798109,1654,PDSCH,0x46,50,4587,6,0,,,,,,,,,,,
59,gnb1,2026-08-19T10:53:11.843143,1655,PDSCH,0x46,50,4587,6,0,,,,,,,,,,,
59,gnb1,2026-08-19T10:53:11.892305,1656,PDSCH,0x46,50,4587,6,0,,,,,,,,,,,
59,gnb1,2026-08-19T10:53:11.941625,1657,PDSCH,0x46,50,4587,6,0,,,,,,,,,,,
59,gnb1,2026-08-19T10:53:11.992488,1658,PDSCH,0x46,50,4587,6,0,,,,,,,,,,,
59,gnb1,2026-08-19T10:53:12.039852,1659,PDSCH,0x46,50,4587,6,0,,,,,,,,,,,
59,gnb1,2026-08-19T10:53:12.088722,1660,PDSCH,0x46,50,4587,6,0,,,,,,,,,,,
59,gnb1,2026-08-19T10:53:12.139513,1661,PUSCH,0x46,,,,,10,35,2292,4,108.3,692,,,,,
59,gnb1,2026-08-19T10:53:12.139963,1661,PDSCH,0x46,47,4395,6,0,,,,,,,,,,,
59,gnb1,2026-08-19T10:53:12.188073,1662,PUSCH,0x46,,,,,2,14,935,4,107.4,472,,,,,
59,gnb1,2026-08-19T10:53:12.188735,1662,PDSCH,0x46,50,4587,6,0,,,,,,,,,,,
59,gnb1,2026-08-19T10:53:12.233975,1663,PDSCH,0x46,50,4587,6,0,,,,,,,,,,,
59,gnb1,2026-08-19T10:53:12.284489,1664,PDSCH,0x46,50,4587,6,0,,,,,,,,,,,
59,gnb1,2026-08-19T10:53:12.327002,1665,PDSCH,0x46,50,4587,6,0,,,,,,,,,,,
59,gnb1,2026-08-19T10:53:12.374800,1666,PDSCH,0x46,50,4587,6,0,,,,,,,,,,,
59,gnb1,2026-08-19T10:53:12.423310,1667,PDSCH,0x46,50,4587,6,0,,,,,,,,,,,
59,gnb1,2026-08-19T10:53:12.469206,1668,PDSCH,0x46,50,4587,6,0,,,,,,,,,,,
59,gnb1,2026-08-19T10:53:12.514091,1669,PDSCH,0x46,50,4587,6,0,,,,,,,,,,,
59,gnb1,2026-08-19T10:53:12.561657,1670,PDSCH,0x46,50,4587,6,0,,,,,,,,,,,
59,gnb1,2026-08-19T10:53:12.606924,1671,PDSCH,0x46,50,4587,6,0,,,,,,,,,,,
59,gnb1,2026-08-19T10:53:12.652974,1672,PDSCH,0x46,50,4587,6,0,,,,,,,,,,,
59,gnb1,2026-08-19T10:53:12.698070,1673,PDSCH,0x46,50,4587,6,0,,,,,,,,,,,
59,gnb1,2026-08-19T10:53:12.745165,1674,PDSCH,0x46,50,4587,6,0,,,,,,,,,,,
59,gnb1,2026-08-19T10:53:12.791766,1675,PDSCH,0x46,50,4587,6,0,,,,,,,,,,,
59,gnb1,2026-08-19T10:53:12.839435,1676,PDSCH,0x46,50,4587,6,0,,,,,,,,,,,
59,gnb1,2026-08-19T10:53:12.889888,1677,PDSCH,0x46,50,4587,6,0,,,,,,,,,,,
59,gnb1,2026-08-19T10:53:12.934027,1678,PDSCH,0x46,21,1527,6,0,,,,,,,,,,,
59,gnb1,2026-08-19T10:53:13.021677,1680,BSR,0x46,,,,,,,,,,,,,,,0
59,gnb1,2026-08-19T10:53:13.061960,1681,PUCCH_CQI,0x46,,,,,,,,,,,111.8,15,2a,,
59,gnb1,2026-08-19T10:53:13.390727,1688,PUSCH,0x46,,,,,2,8,517,4,111.4,232,,,,,
59,gnb1,2026-08-19T10:53:13.390810,1688,PHR,,,,,,,,,,,,,,,,
59,gnb1,2026-08-19T10:53:13.435085,1689,BSR,0x46,,,,,,,,,,,,,,,0
59,gnb1,2026-08-19T10:53:13.435712,1689,PDSCH,0x46,50,4587,6,0,,,,,,,,,,,
59,gnb1,2026-08-19T10:53:13.478165,1690,PDSCH,0x46,50,4587,6,0,,,,,,,,,,,
59,gnb1,2026-08-19T10:53:13.525417,1691,PDSCH,0x46,50,4587,6,0,,,,,,,,,,,
59,gnb1,2026-08-19T10:53:13.567209,1692,PDSCH,0x46,50,4587,6,0,,,,,,,,,,,
59,gnb1,2026-08-19T10:53:13.612942,1693,PDSCH,0x46,18,1383,6,0,,,,,,,,,,,
59,gnb1,2026-08-19T10:53:13.809785,1697,PUSCH,0x46,,,,,2,35,2292,4,108.1,596,,,,,
59,gnb1,2026-08-19T10:53:13.809836,1697,BSR,0x46,,,,,,,,,,,,,,,0
59,gnb1,2026-08-19T10:53:13.857361,1698,PDSCH,0x46,50,4587,6,0,,,,,,,,,,,
59,gnb1,2026-08-19T10:53:13.898343,1699,PDSCH,0x46,50,4587,6,0,,,,,,,,,,,
59,gnb1,2026-08-19T10:53:13.929067,1700,PDSCH,0x46,50,4587,6,0,,,,,,,,,,,
59,gnb1,2026-08-19T10:53:13.963952,1701,PDSCH,0x46,47,4395,6,0,,,,,,,,,,,
59,gnb1,2026-08-19T10:53:14.010354,1702,PDSCH,0x46,50,4587,6,0,,,,,,,,,,,
59,gnb1,2026-08-19T10:53:14.061276,1703,PDSCH,0x46,50,4587,6,0,,,,,,,,,,,
59,gnb1,2026-08-19T10:53:14.114283,1704,PDSCH,0x46,50,4587,6,0,,,,,,,,,,,
59,gnb1,2026-08-19T10:53:14.158472,1705,PUSCH,0x46,,,,,2,35,2292,4,108.1,679,,,,,
59,gnb1,2026-08-19T10:53:14.158555,1705,BSR,0x46,,,,,,,,,,,,,,,0
59,gnb1,2026-08-19T10:53:14.159014,1705,PDSCH,0x46,50,4587,6,0,,,,,,,,,,,
59,gnb1,2026-08-19T10:53:14.201517,1706,PDSCH,0x46,50,4587,6,0,,,,,,,,,,,
59,gnb1,2026-08-19T10:53:14.243409,1707,PDSCH,0x46,50,4587,6,0,,,,,,,,,,,
59,gnb1,2026-08-19T10:53:14.284704,1708,PDSCH,0x46,50,4587,6,0,,,,,,,,,,,
59,gnb1,2026-08-19T10:53:14.329034,1709,PDSCH,0x46,50,4587,6,0,,,,,,,,,,,
59,gnb1,2026-08-19T10:53:14.374381,1710,PDSCH,0x46,50,4587,6,0,,,,,,,,,,,
59,gnb1,2026-08-19T10:53:14.421902,1711,PDSCH,0x46,50,4587,6,0,,,,,,,,,,,
59,gnb1,2026-08-19T10:53:14.468996,1712,PDSCH,0x46,50,4587,6,0,,,,,,,,,,,
59,gnb1,2026-08-19T10:53:14.517005,1713,PUSCH,0x46,,,,,2,8,517,4,111.4,317,,,,,
59,gnb1,2026-08-19T10:53:14.517602,1713,PDSCH,0x46,50,4587,6,0,,,,,,,,,,,
59,gnb1,2026-08-19T10:53:14.568268,1714,BSR,0x46,,,,,,,,,,,,,,,0
59,gnb1,2026-08-19T10:53:14.568865,1714,PDSCH,0x46,50,4587,6,0,,,,,,,,,,,
59,gnb1,2026-08-19T10:53:14.616475,1715,PDSCH,0x46,50,4587,6,0,,,,,,,,,,,
59,gnb1,2026-08-19T10:53:14.673389,1716,PDSCH,0x46,50,4587,6,0,,,,,,,,,,,
59,gnb1,2026-08-19T10:53:14.722033,1717,PDSCH,0x46,50,4587,6,0,,,,,,,,,,,
59,gnb1,2026-08-19T10:53:14.768916,1718,PDSCH,0x46,50,4587,6,0,,,,,,,,,,,
59,gnb1,2026-08-19T10:53:14.811226,1719,PDSCH,0x46,50,4587,6,0,,,,,,,,,,,
59,gnb1,2026-08-19T10:53:14.844323,1720,PDSCH,0x46,50,4587,6,0,,,,,,,,,,,
59,gnb1,2026-08-19T10:53:14.874360,1721,PUCCH_CQI,0x46,,,,,,,,,,,111.8,15,2a,,
59,gnb1,2026-08-19T10:53:14.875019,1721,PDSCH,0x46,47,4395,6,0,,,,,,,,,,,
59,gnb1,2026-08-19T10:53:14.923457,1722,PUSCH,0x46,,,,,2,14,871,4,107.4,316,,,,,
59,gnb1,2026-08-19T10:53:14.923557,1722,BSR,0x46,,,,,,,,,,,,,,,0
59,gnb1,2026-08-19T10:53:14.924060,1722,PDSCH,0x46,50,4587,6,0,,,,,,,,,,,
59,gnb1,2026-08-19T10:53:14.967844,1723,BSR,0x46,,,,,,,,,,,,,,,0
59,gnb1,2026-08-19T10:53:14.968402,1723,PDSCH,0x46,50,4587,6,0,,,,,,,,,,,
59,gnb1,2026-08-19T10:53:15.014943,1724,PDSCH,0x46,50,4587,6,0,,,,,,,,,,,
59,gnb1,2026-08-19T10:53:15.065537,1725,PDSCH,0x46,50,4587,6,0,,,,,,,,,,,
59,gnb1,2026-08-19T10:53:15.116384,1726,PDSCH,0x46,50,4587,6,0,,,,,,,,,,,
59,gnb1,2026-08-19T10:53:15.163643,1727,PDSCH,0x46,50,4587,6,0,,,,,,,,,,,
59,gnb1,2026-08-19T10:53:15.206995,1728,PDSCH,0x46,50,4587,6,0,,,,,,,,,,,
59,gnb1,2026-08-19T10:53:15.254311,1729,PDSCH,0x46,50,4587,6,0,,,,,,,,,,,
59,gnb1,2026-08-19T10:53:15.307897,1730,PUSCH,0x46,,,,,2,14,871,4,107.4,320,,,,,
59,gnb1,2026-08-19T10:53:15.307978,1730,BSR,0x46,,,,,,,,,,,,,,,0
59,gnb1,2026-08-19T10:53:15.308678,1730,PDSCH,0x46,50,4587,6,0,,,,,,,,,,,
59,gnb1,2026-08-19T10:53:15.352519,1731,PUSCH,0x46,,,,,10,3,217,4,104.5,177,,,,,
59,gnb1,2026-08-19T10:53:15.352603,1731,BSR,0x46,,,,,,,,,,,,,,,0
59,gnb1,2026-08-19T10:53:15.353104,1731,PDSCH,0x46,50,4587,6,0,,,,,,,,,,,
59,gnb1,2026-08-19T10:53:15.397983,1732,BSR,0x46,,,,,,,,,,,,,,,0
59,gnb1,2026-08-19T10:53:15.398545,1732,PDSCH,0x46,50,4587,6,0,,,,,,,,,,,
59,gnb1,2026-08-19T10:53:15.441190,1733,PDSCH,0x46,50,4587,6,0,,,,,,,,,,,
59,gnb1,2026-08-19T10:53:15.474619,1734,PDSCH,0x46,50,4587,6,0,,,,,,,,,,,
59,gnb1,2026-08-19T10:53:15.516535,1735,PDSCH,0x46,50,4587,6,0,,,,,,,,,,,
59,gnb1,2026-08-19T10:53:15.563162,1736,PDSCH,0x46,50,4587,6,0,,,,,,,,,,,
59,gnb1,2026-08-19T10:53:15.607215,1737,PDSCH,0x46,50,4587,6,0,,,,,,,,,,,
59,gnb1,2026-08-19T10:53:15.656235,1738,PUSCH,0x46,,,,,2,14,871,4,107.4,314,,,,,
59,gnb1,2026-08-19T10:53:15.656295,1738,PHR,,,,,,,,,,,,,,,,
59,gnb1,2026-08-19T10:53:15.656313,1738,BSR,0x46,,,,,,,,,,,,,,,0
59,gnb1,2026-08-19T10:53:15.656864,1738,PDSCH,0x46,50,4587,6,0,,,,,,,,,,,
59,gnb1,2026-08-19T10:53:15.704138,1739,PUSCH,0x46,,,,,2,7,501,4,114.2,257,,,,,
59,gnb1,2026-08-19T10:53:15.704216,1739,BSR,0x46,,,,,,,,,,,,,,,0
59,gnb1,2026-08-19T10:53:15.704781,1739,PDSCH,0x46,50,4587,6,0,,,,,,,,,,,
59,gnb1,2026-08-19T10:53:15.752431,1740,PUSCH,0x46,,,,,2,3,233,4,117.9,190,,,,,
59,gnb1,2026-08-19T10:53:15.752552,1740,BSR,0x46,,,,,,,,,,,,,,,0
59,gnb1,2026-08-19T10:53:15.753270,1740,PDSCH,0x46,50,4587,6,0,,,,,,,,,,,
59,gnb1,2026-08-19T10:53:15.804392,1741,PDSCH,0x46,47,4395,6,0,,,,,,,,,,,
59,gnb1,2026-08-19T10:53:15.849908,1742,PDSCH,0x46,50,4587,6,0,,,,,,,,,,,
59,gnb1,2026-08-19T10:53:15.890195,1743,PDSCH,0x46,50,4587,6,0,,,,,,,,,,,
59,gnb1,2026-08-19T10:53:15.937744,1744,PDSCH,0x46,50,4587,6,0,,,,,,,,,,,
59,gnb1,2026-08-19T10:53:15.982280,1745,PDSCH,0x46,50,4587,6,0,,,,,,,,,,,
59,gnb1,2026-08-19T10:53:16.018779,1746,PUSCH,0x46,,,,,2,14,871,4,107.4,348,,,,,
59,gnb1,2026-08-19T10:53:16.019514,1746,PDSCH,0x46,50,4587,6,0,,,,,,,,,,,
59,gnb1,2026-08-19T10:53:16.063463,1747,PUSCH,0x46,,,,,2,23,1527,4,106.4,475,,,,,
59,gnb1,2026-08-19T10:53:16.063535,1747,BSR,0x46,,,,,,,,,,,,,,,0
59,gnb1,2026-08-19T10:53:16.064008,1747,PDSCH,0x46,50,4587,6,0,,,,,,,,,,,
59,gnb1,2026-08-19T10:53:16.107249,1748,PUSCH,0x46,,,,,2,5,373,4,118.0,207,,,,,
59,gnb1,2026-08-19T10:53:16.107341,1748,BSR,0x46,,,,,,,,,,,,,,,0
59,gnb1,2026-08-19T10:53:16.107830,1748,PDSCH,0x46,50,4587,6,0,,,,,,,,,,,
59,gnb1,2026-08-19T10:53:16.149616,1749,BSR,0x46,,,,,,,,,,,,,,,0
59,gnb1,2026-08-19T10:53:16.150050,1749,PDSCH,0x46,50,4587,6,0,,,,,,,,,,,
59,gnb1,2026-08-19T10:53:16.192400,1750,PDSCH,0x46,50,4587,6,0,,,,,,,,,,,
59,gnb1,2026-08-19T10:53:16.239795,1751,PDSCH,0x46,50,4587,6,0,,,,,,,,,,,
59,gnb1,2026-08-19T10:53:16.287202,1752,PDSCH,0x46,50,4587,6,0,,,,,,,,,,,
59,gnb1,2026-08-19T10:53:16.330186,1753,PDSCH,0x46,50,4587,6,0,,,,,,,,,,,
59,gnb1,2026-08-19T10:53:16.377640,1754,PDSCH,0x46,50,4587,6,0,,,,,,,,,,,
59,gnb1,2026-08-19T10:53:16.421714,1755,PUSCH,0x46,,,,,2,29,1764,4,107.3,549,,,,,
59,gnb1,2026-08-19T10:53:16.421840,1755,BSR,0x46,,,,,,,,,,,,,,,0
59,gnb1,2026-08-19T10:53:16.422426,1755,PDSCH,0x46,50,4587,6,0,,,,,,,,,,,
59,gnb1,2026-08-19T10:53:16.467125,1756,PUSCH,0x46,,,,,2,1,61,4,118.0,180,,,,,
59,gnb1,2026-08-19T10:53:16.467254,1756,BSR,0x46,,,,,,,,,,,,,,,0
59,gnb1,2026-08-19T10:53:16.467700,1756,PDSCH,0x46,50,4587,6,0,,,,,,,,,,,
59,gnb1,2026-08-19T10:53:16.506642,1757,PUSCH,0x46,,,,,2,4,269,4,117.9,184,,,,,
59,gnb1,2026-08-19T10:53:16.506714,1757,BSR,0x46,,,,,,,,,,,,,,,0
59,gnb1,2026-08-19T10:53:16.507258,1757,PDSCH,0x46,50,4587,6,0,,,,,,,,,,,
59,gnb1,2026-08-19T10:53:16.546279,1758,BSR,0x46,,,,,,,,,,,,,,,0
59,gnb1,2026-08-19T10:53:16.546864,1758,PDSCH,0x46,50,4587,6,0,,,,,,,,,,,
59,gnb1,2026-08-19T10:53:16.585952,1759,PDSCH,0x46,50,4587,6,0,,,,,,,,,,,
59,gnb1,2026-08-19T10:53:16.632478,1760,PDSCH,0x46,50,4587,6,0,,,,,,,,,,,
59,gnb1,2026-08-19T10:53:16.681103,1761,PUCCH_CQI,0x46,,,,,,,,,,,111.8,15,2a,,
59,gnb1,2026-08-19T10:53:16.681652,1761,PDSCH,0x46,47,4395,6,0,,,,,,,,,,,
59,gnb1,2026-08-19T10:53:16.730325,1762,PDSCH,0x46,50,4587,6,0,,,,,,,,,,,
59,gnb1,2026-08-19T10:53:16.779834,1763,PUSCH,0x46,,,,,2,29,1764,4,107.3,629,,,,,
59,gnb1,2026-08-19T10:53:16.780065,1763,BSR,0x46,,,,,,,,,,,,,,,0
59,gnb1,2026-08-19T10:53:16.780597,1763,PDSCH,0x46,50,4587,6,0,,,,,,,,,,,
59,gnb1,2026-08-19T10:53:16.827184,1764,PUSCH,0x46,,,,,2,4,309,4,117.9,236,,,,,
59,gnb1,2026-08-19T10:53:16.827673,1764,PDSCH,0x46,50,4587,6,0,,,,,,,,,,,
59,gnb1,2026-08-19T10:53:16.873437,1765,PUSCH,0x46,,,,,2,8,517,4,111.4,307,,,,,
59,gnb1,2026-08-19T10:53:16.874066,1765,PDSCH,0x46,47,4395,6,0,,,,,,,,,,,
59,gnb1,2026-08-19T10:53:16.916864,1766,PUSCH,0x46,,,,,2,4,269,4,117.9,142,,,,,
59,gnb1,2026-08-19T10:53:16.917393,1766,PDSCH,0x46,50,4587,6,0,,,,,,,,,,,
59,gnb1,2026-08-19T10:53:16.959605,1767,PDSCH,0x46,50,4587,6,0,,,,,,,,,,,
59,gnb1,2026-08-19T10:53:16.997268,1768,PDSCH,0x46,50,4587,6,0,,,,,,,,,,,
59,gnb1,2026-08-19T10:53:17.038712,1769,PDSCH,0x46,50,4587,6,0,,,,,,,,,,,
59,gnb1,2026-08-19T10:53:17.087668,1770,PDSCH,0x46,50,4587,6,0,,,,,,,,,,,
59,gnb1,2026-08-19T10:53:17.131333,1771,PUSCH,0x46,,,,,10,29,1764,4,107.5,643,,,,,
59,gnb1,2026-08-19T10:53:17.132086,1771,PDSCH,0x46,50,4587,6,0,,,,,,,,,,,
59,gnb1,2026-08-19T10:53:17.181607,1772,PDSCH,0x46,50,4587,6,0,,,,,,,,,,,
59,gnb1,2026-08-19T10:53:17.235291,1773,PDSCH,0x46,50,4587,6,0,,,,,,,,,,,
59,gnb1,2026-08-19T10:53:17.284054,1774,PDSCH,0x46,50,4587,6,0,,,,,,,,,,,
59,gnb1,2026-08-19T10:53:17.335571,1775,PDSCH,0x46,47,4395,6,0,,,,,,,,,,,
59,gnb1,2026-08-19T10:53:17.390277,1776,PDSCH,0x46,50,4587,6,0,,,,,,,,,,,
59,gnb1,2026-08-19T10:53:17.435423,1777,PDSCH,0x46,50,4587,6,0,,,,,,,,,,,
59,gnb1,2026-08-19T10:53:17.484124,1778,PDSCH,0x46,50,4587,6,0,,,,,,,,,,,
59,gnb1,2026-08-19T10:53:17.516829,1779,PDSCH,0x46,50,4587,6,0,,,,,,,,,,,
59,gnb1,2026-08-19T10:53:17.542857,1780,BSR,0x46,,,,,,,,,,,,,,,0
59,gnb1,2026-08-19T10:53:17.543374,1780,PDSCH,0x46,50,4587,6,0,,,,,,,,,,,
59,gnb1,2026-08-19T10:53:17.586848,1781,PDSCH,0x46,47,4395,6,0,,,,,,,,,,,
59,gnb1,2026-08-19T10:53:17.638145,1782,PDSCH,0x46,50,4587,6,0,,,,,,,,,,,
59,gnb1,2026-08-19T10:53:17.691102,1783,PDSCH,0x46,50,4587,6,0,,,,,,,,,,,
59,gnb1,2026-08-19T10:53:17.740496,1784,PDSCH,0x46,50,4587,6,0,,,,,,,,,,,
59,gnb1,2026-08-19T10:53:17.782730,1785,PDSCH,0x46,50,4587,6,0,,,,,,,,,,,
59,gnb1,2026-08-19T10:53:17.813604,1786,PDSCH,0x46,50,4587,6,0,,,,,,,,,,,
59,gnb1,2026-08-19T10:53:17.843442,1787,PDSCH,0x46,50,4587,6,0,,,,,,,,,,,
59,gnb1,2026-08-19T10:53:17.889838,1788,PUSCH,0x46,,,,,2,8,517,4,111.4,249,,,,,
59,gnb1,2026-08-19T10:53:17.889883,1788,PHR,,,,,,,,,,,,,,,,
59,gnb1,2026-08-19T10:53:17.890497,1788,PDSCH,0x46,50,4587,6,0,,,,,,,,,,,
59,gnb1,2026-08-19T10:53:17.942292,1789,BSR,0x46,,,,,,,,,,,,,,,0
59,gnb1,2026-08-19T10:53:17.942919,1789,PDSCH,0x46,50,4587,6,0,,,,,,,,,,,
59,gnb1,2026-08-19T10:53:17.999500,1790,PDSCH,0x46,50,4587,6,0,,,,,,,,,,,
59,gnb1,2026-08-19T10:53:18.049618,1791,PDSCH,0x46,50,4587,6,0,,,,,,,,,,,
59,gnb1,2026-08-19T10:53:18.101605,1792,PDSCH,0x46,50,4587,6,0,,,,,,,,,,,
59,gnb1,2026-08-19T10:53:18.148439,1793,PDSCH,0x46,50,4587,6,0,,,,,,,,,,,
59,gnb1,2026-08-19T10:53:18.197687,1794,PDSCH,0x46,50,4587,6,0,,,,,,,,,,,
59,gnb1,2026-08-19T10:53:18.245746,1795,PDSCH,0x46,50,4587,6,0,,,,,,,,,,,
59,gnb1,2026-08-19T10:53:18.270108,1796,PDSCH,0x46,50,4587,6,0,,,,,,,,,,,
59,gnb1,2026-08-19T10:53:18.307492,1797,PUSCH,0x46,,,,,2,23,1383,4,106.4,541,,,,,
59,gnb1,2026-08-19T10:53:18.307628,1797,BSR,0x46,,,,,,,,,,,,,,,0
59,gnb1,2026-08-19T10:53:18.308112,1797,PDSCH,0x46,50,4587,6,0,,,,,,,,,,,
59,gnb1,2026-08-19T10:53:18.357263,1798,BSR,0x46,,,,,,,,,,,,,,,0
59,gnb1,2026-08-19T10:53:18.357800,1798,PDSCH,0x46,50,4587,6,0,,,,,,,,,,,
59,gnb1,2026-08-19T10:53:18.408569,1799,PDSCH,0x46,50,4587,6,0,,,,,,,,,,,
59,gnb1,2026-08-19T10:53:18.459520,1800,PDSCH,0x46,50,4587,6,0,,,,,,,,,,,
59,gnb1,2026-08-19T10:53:18.509928,1801,PUCCH_CQI,0x46,,,,,,,,,,,111.8,15,2a,,
59,gnb1,2026-08-19T10:53:18.510487,1801,PDSCH,0x46,47,4395,6,0,,,,,,,,,,,
59,gnb1,2026-08-19T10:53:18.561657,1802,PDSCH,0x46,50,4587,6,0,,,,,,,,,,,
59,gnb1,2026-08-19T10:53:18.609963,1803,PDSCH,0x46,50,4587,6,0,,,,,,,,,,,
59,gnb1,2026-08-19T10:53:18.657704,1804,PDSCH,0x46,50,4587,6,0,,,,,,,,,,,
59,gnb1,2026-08-19T10:53:18.707458,1805,PUSCH,0x46,,,,,2,23,1383,4,106.4,552,,,,,
59,gnb1,2026-08-19T10:53:18.707575,1805,BSR,0x46,,,,,,,,,,,,,,,0
59,gnb1,2026-08-19T10:53:18.708140,1805,PDSCH,0x46,50,4587,6,0,,,,,,,,,,,
59,gnb1,2026-08-19T10:53:18.743727,1806,PUSCH,0x46,,,,,2,14,749,4,107.4,332,,,,,
59,gnb1,2026-08-19T10:53:18.743840,1806,BSR,0x46,,,,,,,,,,,,,,,0
59,gnb1,2026-08-19T10:53:18.744384,1806,PDSCH,0x46,50,4587,6,0,,,,,,,,,,,
59,gnb1,2026-08-19T10:53:18.770230,1807,BSR,0x46,,,,,,,,,,,,,,,0
59,gnb1,2026-08-19T10:53:18.770753,1807,PDSCH,0x46,50,4587,6,0,,,,,,,,,,,
59,gnb1,2026-08-19T10:53:18.808329,1808,PDSCH,0x46,50,4587,6,0,,,,,,,,,,,
59,gnb1,2026-08-19T10:53:18.849373,1809,PDSCH,0x46,50,4587,6,0,,,,,,,,,,,
59,gnb1,2026-08-19T10:53:18.894601,1810,PDSCH,0x46,50,4587,6,0,,,,,,,,,,,
59,gnb1,2026-08-19T10:53:18.939503,1811,PDSCH,0x46,50,4587,6,0,,,,,,,,,,,
59,gnb1,2026-08-19T10:53:18.978432,1812,PDSCH,0x46,50,4587,6,0,,,,,,,,,,,
59,gnb1,2026-08-19T10:53:19.014580,1813,PUSCH,0x46,,,,,2,23,1383,4,106.4,445,,,,,
59,gnb1,2026-08-19T10:53:19.014677,1813,BSR,0x46,,,,,,,,,,,,,,,0
59,gnb1,2026-08-19T10:53:19.015272,1813,PDSCH,0x46,50,4587,6,0,,,,,,,,,,,
59,gnb1,2026-08-19T10:53:19.050691,1814,PUSCH,0x46,,,,,2,15,1063,4,107.2,407,,,,,
59,gnb1,2026-08-19T10:53:19.050812,1814,BSR,0x46,,,,,,,,,,,,,,,61
59,gnb1,2026-08-19T10:53:19.051705,1814,PDSCH,0x46,50,4587,6,0,,,,,,,,,,,
59,gnb1,2026-08-19T10:53:19.084683,1815,PUSCH,0x46,,,,,2,3,217,4,118.0,188,,,,,
59,gnb1,2026-08-19T10:53:19.085286,1815,PDSCH,0x46,50,4587,6,0,,,,,,,,,,,
59,gnb1,2026-08-19T10:53:19.117379,1816,PDSCH,0x46,50,4587,6,0,,,,,,,,,,,
59,gnb1,2026-08-19T10:53:19.153143,1817,PDSCH,0x46,50,4587,6,0,,,,,,,,,,,
59,gnb1,2026-08-19T10:53:19.184806,1818,PDSCH,0x46,50,4587,6,0,,,,,,,,,,,
59,gnb1,2026-08-19T10:53:19.218219,1819,PDSCH,0x46,50,4587,6,0,,,,,,,,,,,
59,gnb1,2026-08-19T10:53:19.249360,1820,PDSCH,0x46,50,4587,6,0,,,,,,,,,,,
59,gnb1,2026-08-19T10:53:19.289942,1821,PUSCH,0x46,,,,,10,23,1383,4,106.6,516,,,,,
59,gnb1,2026-08-19T10:53:19.290521,1821,PDSCH,0x46,47,4395,6,0,,,,,,,,,,,
59,gnb1,2026-08-19T10:53:19.325075,1822,PUSCH,0x46,,,,,2,19,1239,4,106.5,485,,,,,
59,gnb1,2026-08-19T10:53:19.325165,1822,BSR,0x46,,,,,,,,,,,,,,,0
59,gnb1,2026-08-19T10:53:19.325907,1822,PDSCH,0x46,50,4587,6,0,,,,,,,,,,,
59,gnb1,2026-08-19T10:53:19.365817,1823,PDSCH,0x46,50,4587,6,0,,,,,,,,,,,
59,gnb1,2026-08-19T10:53:19.403398,1824,PDSCH,0x46,50,4587,6,0,,,,,,,,,,,
59,gnb1,2026-08-19T10:53:19.443820,1825,PDSCH,0x46,50,4587,6,0,,,,,,,,,,,
59,gnb1,2026-08-19T10:53:19.484849,1826,PDSCH,0x46,50,4587,6,0,,,,,,,,,,,
59,gnb1,2026-08-19T10:53:19.526325,1827,PDSCH,0x46,50,4587,6,0,,,,,,,,,,,
59,gnb1,2026-08-19T10:53:19.564658,1828,PDSCH,0x46,50,4587,6,0,,,,,,,,,,,
59,gnb1,2026-08-19T10:53:19.601044,1829,PDSCH,0x46,50,4587,6,0,,,,,,,,,,,
59,gnb1,2026-08-19T10:53:19.645456,1830,PUSCH,0x46,,,,,2,8,517,4,111.4,220,,,,,
59,gnb1,2026-08-19T10:53:19.646042,1830,PDSCH,0x46,50,4587,6,0,,,,,,,,,,,
59,gnb1,2026-08-19T10:53:19.685944,1831,BSR,0x46,,,,,,,,,,,,,,,0
59,gnb1,2026-08-19T10:53:19.686390,1831,PDSCH,0x46,50,4587,6,0,,,,,,,,,,,
59,gnb1,2026-08-19T10:53:19.728998,1832,PDSCH,0x46,50,4587,6,0,,,,,,,,,,,
59,gnb1,2026-08-19T10:53:19.764822,1833,PDSCH,0x46,50,4587,6,0,,,,,,,,,,,
59,gnb1,2026-08-19T10:53:19.795865,1834,PDSCH,0x46,50,4587,6,0,,,,,,,,,,,
59,gnb1,2026-08-19T10:53:19.830904,1835,PDSCH,0x46,50,4587,6,0,,,,,,,,,,,
59,gnb1,2026-08-19T10:53:19.878686,1836,PDSCH,0x46,50,4587,6,0,,,,,,,,,,,
59,gnb1,2026-08-19T10:53:19.920319,1837,PDSCH,0x46,50,4587,6,0,,,,,,,,,,,
59,gnb1,2026-08-19T10:53:19.965204,1838,PDSCH,0x46,50,4587,6,0,,,,,,,,,,,
59,gnb1,2026-08-19T10:53:20.010015,1839,PUSCH,0x46,,,,,2,5,349,4,117.9,212,,,,,
59,gnb1,2026-08-19T10:53:20.010035,1839,PHR,,,,,,,,,,,,,,,,
59,gnb1,2026-08-19T10:53:20.010111,1839,BSR,0x46,,,,,,,,,,,,,,,0
59,gnb1,2026-08-19T10:53:20.010568,1839,PDSCH,0x46,50,4587,6,0,,,,,,,,,,,
59,gnb1,2026-08-19T10:53:20.057892,1840,BSR,0x46,,,,,,,,,,,,,,,0
59,gnb1,2026-08-19T10:53:20.058457,1840,PDSCH,0x46,50,4587,6,0,,,,,,,,,,,
59,gnb1,2026-08-19T10:53:20.102452,1841,PUCCH_CQI,0x46,,,,,,,,,,,111.8,15,2a,,
59,gnb1,2026-08-19T10:53:20.103048,1841,PDSCH,0x46,47,4395,6,0,,,,,,,,,,,
59,gnb1,2026-08-19T10:53:20.152936,1842,PDSCH,0x46,50,4587,6,0,,,,,,,,,,,
59,gnb1,2026-08-19T10:53:20.197848,1843,PDSCH,0x46,50,4587,6,0,,,,,,,,,,,
59,gnb1,2026-08-19T10:53:20.237246,1844,PDSCH,0x46,50,4587,6,0,,,,,,,,,,,
59,gnb1,2026-08-19T10:53:20.275876,1845,PDSCH,0x46,50,4587,6,0,,,,,,,,,,,
59,gnb1,2026-08-19T10:53:20.315846,1846,PDSCH,0x46,50,4587,6,0,,,,,,,,,,,
59,gnb1,2026-08-19T10:53:20.362338,1847,PUSCH,0x46,,,,,2,5,349,4,118.0,161,,,,,
59,gnb1,2026-08-19T10:53:20.362448,1847,BSR,0x46,,,,,,,,,,,,,,,0
59,gnb1,2026-08-19T10:53:20.363037,1847,PDSCH,0x46,50,4587,6,0,,,,,,,,,,,
59,gnb1,2026-08-19T10:53:20.408468,1848,PUSCH,0x46,,,,,2,3,233,4,117.9,112,,,,,
59,gnb1,2026-08-19T10:53:20.408571,1848,BSR,0x46,,,,,,,,,,,,,,,0
59,gnb1,2026-08-19T10:53:20.409084,1848,PDSCH,0x46,50,4587,6,0,,,,,,,,,,,
59,gnb1,2026-08-19T10:53:20.453215,1849,BSR,0x46,,,,,,,,,,,,,,,0
59,gnb1,2026-08-19T10:53:20.453681,1849,PDSCH,0x46,50,4587,6,0,,,,,,,,,,,
59,gnb1,2026-08-19T10:53:20.503013,1850,PDSCH,0x46,50,4587,6,0,,,,,,,,,,,
59,gnb1,2026-08-19T10:53:20.546705,1851,PDSCH,0x46,50,4587,6,0,,,,,,,,,,,
59,gnb1,2026-08-19T10:53:20.579629,1852,PDSCH,0x46,50,4587,6,0,,,,,,,,,,,
59,gnb1,2026-08-19T10:53:20.617158,1853,PDSCH,0x46,50,4587,6,0,,,,,,,,,,,
59,gnb1,2026-08-19T10:53:20.663936,1854,PDSCH,0x46,50,4587,6,0,,,,,,,,,,,
59,gnb1,2026-08-19T10:53:20.712886,1855,PUSCH,0x46,,,,,2,5,349,4,117.9,227,,,,,
59,gnb1,2026-08-19T10:53:20.713008,1855,BSR,0x46,,,,,,,,,,,,,,,0
59,gnb1,2026-08-19T10:53:20.713541,1855,PDSCH,0x46,50,4587,6,0,,,,,,,,,,,
59,gnb1,2026-08-19T10:53:20.761282,1856,PUSCH,0x46,,,,,2,7,501,4,114.2,282,,,,,
59,gnb1,2026-08-19T10:53:20.761381,1856,BSR,0x46,,,,,,,,,,,,,,,0
59,gnb1,2026-08-19T10:53:20.761911,1856,PDSCH,0x46,50,4587,6,0,,,,,,,,,,,
59,gnb1,2026-08-19T10:53:20.808540,1857,PUSCH,0x46,,,,,2,7,501,4,114.2,223,,,,,
59,gnb1,2026-08-19T10:53:20.808660,1857,BSR,0x46,,,,,,,,,,,,,,,0
59,gnb1,2026-08-19T10:53:20.809213,1857,PDSCH,0x46,50,4587,6,0,,,,,,,,,,,
59,gnb1,2026-08-19T10:53:20.849615,1858,BSR,0x46,,,,,,,,,,,,,,,0
59,gnb1,2026-08-19T10:53:20.850231,1858,PDSCH,0x46,50,4587,6,0,,,,,,,,,,,
59,gnb1,2026-08-19T10:53:20.882846,1859,PDSCH,0x46,50,4587,6,0,,,,,,,,,,,
59,gnb1,2026-08-19T10:53:20.915980,1860,PDSCH,0x46,50,4587,6,0,,,,,,,,,,,
59,gnb1,2026-08-19T10:53:20.949109,1861,PDSCH,0x46,47,4395,6,0,,,,,,,,,,,
59,gnb1,2026-08-19T10:53:20.986686,1862,PDSCH,0x46,50,4587,6,0,,,,,,,,,,,
59,gnb1,2026-08-19T10:53:21.021400,1863,PUSCH,0x46,,,,,2,5,349,4,117.9,193,,,,,
59,gnb1,2026-08-19T10:53:21.021514,1863,BSR,0x46,,,,,,,,,,,,,,,0
59,gnb1,2026-08-19T10:53:21.022137,1863,PDSCH,0x46,50,4587,6,0,,,,,,,,,,,
59,gnb1,2026-08-19T10:53:21.057209,1864,PUSCH,0x46,,,,,2,11,749,4,108.5,227,,,,,
59,gnb1,2026-08-19T10:53:21.057309,1864,BSR,0x46,,,,,,,,,,,,,,,0
59,gnb1,2026-08-19T10:53:21.057899,1864,PDSCH,0x46,50,4587,6,0,,,,,,,,,,,
59,gnb1,2026-08-19T10:53:21.092498,1865,PUSCH,0x46,,,,,2,11,749,4,108.5,285,,,,,
59,gnb1,2026-08-19T10:53:21.092579,1865,BSR,0x46,,,,,,,,,,,,,,,0
59,gnb1,2026-08-19T10:53:21.093290,1865,PDSCH,0x46,50,4587,6,0,,,,,,,,,,,
59,gnb1,2026-08-19T10:53:21.126607,1866,PUSCH,0x46,,,,,2,4,269,4,117.9,134,,,,,
59,gnb1,2026-08-19T10:53:21.126710,1866,BSR,0x46,,,,,,,,,,,,,,,0
59,gnb1,2026-08-19T10:53:21.127335,1866,PDSCH,0x46,50,4587,6,0,,,,,,,,,,,
59,gnb1,2026-08-19T10:53:21.158237,1867,BSR,0x46,,,,,,,,,,,,,,,0
59,gnb1,2026-08-19T10:53:21.158830,1867,PDSCH,0x46,50,4587,6,0,,,,,,,,,,,
59,gnb1,2026-08-19T10:53:21.190361,1868,PDSCH,0x46,50,4587,6,0,,,,,,,,,,,
59,gnb1,2026-08-19T10:53:21.216934,1869,PDSCH,0x46,50,4587,6,0,,,,,,,,,,,
59,gnb1,2026-08-19T10:53:21.250026,1870,PDSCH,0x46,50,4587,6,0,,,,,,,,,,,
59,gnb1,2026-08-19T10:53:21.279943,1871,PUSCH,0x46,,,,,10,5,349,4,104.5,162,,,,,
59,gnb1,2026-08-19T10:53:21.280034,1871,BSR,0x46,,,,,,,,,,,,,,,0
59,gnb1,2026-08-19T10:53:21.280600,1871,PDSCH,0x46,50,4587,6,0,,,,,,,,,,,
59,gnb1,2026-08-19T10:53:21.307849,1872,PUSCH,0x46,,,,,2,14,999,4,107.4,313,,,,,
59,gnb1,2026-08-19T10:53:21.308347,1872,PDSCH,0x46,50,4587,6,0,,,,,,,,,,,
59,gnb1,2026-08-19T10:53:21.341744,1873,PUSCH,0x46,,,,,2,14,999,4,107.4,436,,,,,
59,gnb1,2026-08-19T10:53:21.341843,1873,BSR,0x46,,,,,,,,,,,,,,,0
59,gnb1,2026-08-19T10:53:21.342438,1873,PDSCH,0x46,50,4587,6,0,,,,,,,,,,,
59,gnb1,2026-08-19T10:53:21.372332,1874,PUSCH,0x46,,,,,2,8,573,4,111.4,225,,,,,
59,gnb1,2026-08-19T10:53:21.372899,1874,PDSCH,0x46,50,4587,6,0,,,,,,,,,,,
59,gnb1,2026-08-19T10:53:21.408531,1875,PUSCH,0x46,,,,,2,3,217,4,118.0,190,,,,,
59,gnb1,2026-08-19T10:53:21.409029,1875,PDSCH,0x46,50,4587,6,0,,,,,,,,,,,
59,gnb1,2026-08-19T10:53:21.441822,1876,PDSCH,0x46,50,4587,6,0,,,,,,,,,,,
59,gnb1,2026-08-19T10:53:21.470418,1877,PDSCH,0x46,50,4587,6,0,,,,,,,,,,,
59,gnb1,2026-08-19T10:53:21.499495,1878,PDSCH,0x46,50,4587,6,0,,,,,,,,,,,
59,gnb1,2026-08-19T10:53:21.531264,1879,PUSCH,0x46,,,,,2,5,349,4,118.0,177,,,,,
59,gnb1,2026-08-19T10:53:21.531836,1879,PDSCH,0x46,50,4587,6,0,,,,,,,,,,,
59,gnb1,2026-08-19T10:53:21.572445,1880,BSR,0x46,,,,,,,,,,,,,,,0
59,gnb1,2026-08-19T10:53:21.572952,1880,PDSCH,0x46,50,4587,6,0,,,,,,,,,,,
59,gnb1,2026-08-19T10:53:21.613672,1881,PUSCH,0x46,,,,,10,7,469,4,104.5,222,,,,,
59,gnb1,2026-08-19T10:53:21.613749,1881,BSR,0x46,,,,,,,,,,,,,,,0
59,gnb1,2026-08-19T10:53:21.614268,1881,PDSCH,0x46,47,4395,6,0,,,,,,,,,,,
59,gnb1,2026-08-19T10:53:21.652704,1882,BSR,0x46,,,,,,,,,,,,,,,0
59,gnb1,2026-08-19T10:53:21.653339,1882,PDSCH,0x46,50,4587,6,0,,,,,,,,,,,
59,gnb1,2026-08-19T10:53:21.692831,1883,PDSCH,0x46,50,4587,6,0,,,,,,,,,,,
59,gnb1,2026-08-19T10:53:21.727644,1884,PDSCH,0x46,50,4587,6,0,,,,,,,,,,,
59,gnb1,2026-08-19T10:53:21.757426,1885,PDSCH,0x46,50,4587,6,0,,,,,,,,,,,
59,gnb1,2026-08-19T10:53:21.793721,1886,PDSCH,0x46,50,4587,6,0,,,,,,,,,,,
59,gnb1,2026-08-19T10:53:21.835161,1887,PDSCH,0x46,50,4587,6,0,,,,,,,,,,,
59,gnb1,2026-08-19T10:53:21.877740,1888,PUSCH,0x46,,,,,2,5,373,4,118.0,176,,,,,
59,gnb1,2026-08-19T10:53:21.877832,1888,BSR,0x46,,,,,,,,,,,,,,,0
59,gnb1,2026-08-19T10:53:21.878366,1888,PDSCH,0x46,50,4587,6,0,,,,,,,,,,,
59,gnb1,2026-08-19T10:53:21.917061,1889,PUSCH,0x46,,,,,2,7,469,4,114.2,186,,,,,
59,gnb1,2026-08-19T10:53:21.917141,1889,BSR,0x46,,,,,,,,,,,,,,,0
59,gnb1,2026-08-19T10:53:21.917639,1889,PDSCH,0x46,50,4587,6,0,,,,,,,,,,,
59,gnb1,2026-08-19T10:53:21.956591,1890,PUSCH,0x46,,,,,2,3,249,4,117.9,190,,,,,
59,gnb1,2026-08-19T10:53:21.956616,1890,PHR,,,,,,,,,,,,,,,,
59,gnb1,2026-08-19T10:53:21.956697,1890,BSR,0x46,,,,,,,,,,,,,,,0
59,gnb1,2026-08-19T10:53:21.957380,1890,PDSCH,0x46,50,4587,6,0,,,,,,,,,,,
59,gnb1,2026-08-19T10:53:21.987098,1891,BSR,0x46,,,,,,,,,,,,,,,0
59,gnb1,2026-08-19T10:53:21.987662,1891,PDSCH,0x46,50,4587,6,0,,,,,,,,,,,
59,gnb1,2026-08-19T10:53:22.020065,1892,PDSCH,0x46,50,4587,6,0,,,,,,,,,,,
59,gnb1,2026-08-19T10:53:22.062525,1893,PDSCH,0x46,50,4587,6,0,,,,,,,,,,,
59,gnb1,2026-08-19T10:53:22.105614,1894,PDSCH,0x46,50,4587,6,0,,,,,,,,,,,
59,gnb1,2026-08-19T10:53:22.144038,1895,PDSCH,0x46,50,4587,6,0,,,,,,,,,,,
59,gnb1,2026-08-19T10:53:22.182013,1896,PUSCH,0x46,,,,,2,5,373,4,117.9,157,,,,,
59,gnb1,2026-08-19T10:53:22.182098,1896,BSR,0x46,,,,,,,,,,,,,,,0
59,gnb1,2026-08-19T10:53:22.182592,1896,PDSCH,0x46,50,4587,6,0,,,,,,,,,,,
59,gnb1,2026-08-19T10:53:22.221776,1897,PUSCH,0x46,,,,,2,11,749,4,108.5,236,,,,,
59,gnb1,2026-08-19T10:53:22.221855,1897,BSR,0x46,,,,,,,,,,,,,,,0
59,gnb1,2026-08-19T10:53:22.222568,1897,PDSCH,0x46,50,4587,6,0,,,,,,,,,,,
59,gnb1,2026-08-19T10:53:22.267365,1898,PUSCH,0x46,,,,,2,7,501,4,114.2,236,,,,,
59,gnb1,2026-08-19T10:53:22.267473,1898,BSR,0x46,,,,,,,,,,,,,,,0
59,gnb1,2026-08-19T10:53:22.268008,1898,PDSCH,0x46,50,4587,6,0,,,,,,,,,,,
59,gnb1,2026-08-19T10:53:22.311490,1899,PUSCH,0x46,,,,,2,3,233,4,117.9,139,,,,,
59,gnb1,2026-08-19T10:53:22.311599,1899,BSR,0x46,,,,,,,,,,,,,,,0
59,gnb1,2026-08-19T10:53:22.312171,1899,PDSCH,0x46,50,4587,6,0,,,,,,,,,,,
59,gnb1,2026-08-19T10:53:22.353255,1900,BSR,0x46,,,,,,,,,,,,,,,0
59,gnb1,2026-08-19T10:53:22.353733,1900,PDSCH,0x46,50,4587,6,0,,,,,,,,,,,
59,gnb1,2026-08-19T10:53:22.397209,1901,PDSCH,0x46,47,4395,6,0,,,,,,,,,,,
59,gnb1,2026-08-19T10:53:22.443954,1902,PDSCH,0x46,50,4587,6,0,,,,,,,,,,,
59,gnb1,2026-08-19T10:53:22.487628,1903,PDSCH,0x46,50,4587,6,0,,,,,,,,,,,
59,gnb1,2026-08-19T10:53:22.526104,1904,PUSCH,0x46,,,,,2,7,389,4,114.3,183,,,,,
59,gnb1,2026-08-19T10:53:22.526173,1904,BSR,0x46,,,,,,,,,,,,,,,0
59,gnb1,2026-08-19T10:53:22.526602,1904,PDSCH,0x46,50,4587,6,0,,,,,,,,,,,
59,gnb1,2026-08-19T10:53:22.566105,1905,PUSCH,0x46,,,,,2,14,999,4,107.4,302,,,,,
59,gnb1,2026-08-19T10:53:22.566217,1905,BSR,0x46,,,,,,,,,,,,,,,5
59,gnb1,2026-08-19T10:53:22.566701,1905,PDSCH,0x46,50,4587,6,0,,,,,,,,,,,
59,gnb1,2026-08-19T10:53:22.607872,1906,PUSCH,0x46,,,,,2,14,749,4,107.4,299,,,,,
59,gnb1,2026-08-19T10:53:22.607959,1906,BSR,0x46,,,,,,,,,,,,,,,0
59,gnb1,2026-08-19T10:53:22.608469,1906,PDSCH,0x46,50,4587,6,0,,,,,,,,,,,
59,gnb1,2026-08-19T10:53:22.647517,1907,PUSCH,0x46,,,,,2,7,501,4,114.2,185,,,,,
59,gnb1,2026-08-19T10:53:22.647608,1907,BSR,0x46,,,,,,,,,,,,,,,0
59,gnb1,2026-08-19T10:53:22.648122,1907,PDSCH,0x46,50,4587,6,0,,,,,,,,,,,
59,gnb1,2026-08-19T10:53:22.684266,1908,PUSCH,0x46,,,,,2,4,293,4,118.0,154,,,,,
59,gnb1,2026-08-19T10:53:22.684353,1908,BSR,0x46,,,,,,,,,,,,,,,0
59,gnb1,2026-08-19T10:53:22.684889,1908,PDSCH,0x46,50,4587,6,0,,,,,,,,,,,
59,gnb1,2026-08-19T10:53:22.728496,1909,PDSCH,0x46,50,4587,6,0,,,,,,,,,,,
59,gnb1,2026-08-19T10:53:22.775313,1910,PDSCH,0x46,50,4587,6,0,,,,,,,,,,,
59,gnb1,2026-08-19T10:53:22.819640,1911,PDSCH,0x46,50,4587,6,0,,,,,,,,,,,
59,gnb1,2026-08-19T10:53:22.864566,1912,PUSCH,0x46,,,,,2,7,389,4,114.2,197,,,,,
59,gnb1,2026-08-19T10:53:22.864713,1912,BSR,0x46,,,,,,,,,,,,,,,0
59,gnb1,2026-08-19T10:53:22.865265,1912,PDSCH,0x46,50,4587,6,0,,,,,,,,,,,
59,gnb1,2026-08-19T10:53:22.906109,1913,PUSCH,0x46,,,,,2,19,1239,4,106.5,514,,,,,
59,gnb1,2026-08-19T10:53:22.906218,1913,BSR,0x46,,,,,,,,,,,,,,,312
59,gnb1,2026-08-19T10:53:22.906967,1913,PDSCH,0x46,50,4587,6,0,,,,,,,,,,,
59,gnb1,2026-08-19T10:53:22.943161,1914,PUSCH,0x46,,,,,2,15,1063,4,107.2,424,,,,,
59,gnb1,2026-08-19T10:53:22.943282,1914,BSR,0x46,,,,,,,,,,,,,,,0
59,gnb1,2026-08-19T10:53:22.943846,1914,PDSCH,0x46,50,4587,6,0,,,,,,,,,,,
59,gnb1,2026-08-19T10:53:22.974749,1915,PUSCH,0x46,,,,,2,7,437,4,114.2,385,,,,,
59,gnb1,2026-08-19T10:53:22.974849,1915,BSR,0x46,,,,,,,,,,,,,,,0
59,gnb1,2026-08-19T10:53:22.975654,1915,PDSCH,0x46,50,4587,6,0,,,,,,,,,,,
59,gnb1,2026-08-19T10:53:23.022724,1916,PUSCH,0x46,,,,,2,14,935,4,107.4,314,,,,,
59,gnb1,2026-08-19T10:53:23.022845,1916,BSR,0x46,,,,,,,,,,,,,,,0
59,gnb1,2026-08-19T10:53:23.023363,1916,PDSCH,0x46,50,4587,6,0,,,,,,,,,,,
59,gnb1,2026-08-19T10:53:23.072237,1917,BSR,0x46,,,,,,,,,,,,,,,0
59,gnb1,2026-08-19T10:53:23.072906,1917,PDSCH,0x46,50,4587,6,0,,,,,,,,,,,
59,gnb1,2026-08-19T10:53:23.114904,1918,PDSCH,0x46,50,4587,6,0,,,,,,,,,,,
59,gnb1,2026-08-19T10:53:23.155658,1919,PDSCH,0x46,50,4587,6,0,,,,,,,,,,,
59,gnb1,2026-08-19T10:53:23.194919,1920,PUSCH,0x46,,,,,2,5,349,4,118.0,217,,,,,
59,gnb1,2026-08-19T10:53:23.195015,1920,BSR,0x46,,,,,,,,,,,,,,,0
59,gnb1,2026-08-19T10:53:23.195481,1920,PDSCH,0x46,50,4587,6,0,,,,,,,,,,,
59,gnb1,2026-08-19T10:53:23.238493,1921,PUSCH,0x46,,,,,10,35,2385,4,108.2,931,,,,,
59,gnb1,2026-08-19T10:53:23.238588,1921,BSR,0x46,,,,,,,,,,,,,,,0
59,gnb1,2026-08-19T10:53:23.239286,1921,PDSCH,0x46,47,4395,6,0,,,,,,,,,,,
59,gnb1,2026-08-19T10:53:23.275643,1922,PUSCH,0x46,,,,,2,8,573,4,111.4,296,,,,,
59,gnb1,2026-08-19T10:53:23.275750,1922,BSR,0x46,,,,,,,,,,,,,,,0
59,gnb1,2026-08-19T10:53:23.276398,1922,PDSCH,0x46,50,4587,6,0,,,,,,,,,,,
59,gnb1,2026-08-19T10:53:23.317843,1923,PUSCH,0x46,,,,,2,11,693,4,108.5,415,,,,,
59,gnb1,2026-08-19T10:53:23.317948,1923,BSR,0x46,,,,,,,,,,,,,,,0
59,gnb1,2026-08-19T10:53:23.318711,1923,PDSCH,0x46,50,4587,6,0,,,,,,,,,,,
59,gnb1,2026-08-19T10:53:23.359866,1924,PUSCH,0x46,,,,,2,17,1191,4,106.8,475,,,,,
59,gnb1,2026-08-19T10:53:23.359955,1924,BSR,0x46,,,,,,,,,,,,,,,0
59,gnb1,2026-08-19T10:53:23.360552,1924,PDSCH,0x46,50,4587,6,0,,,,,,,,,,,
59,gnb1,2026-08-19T10:53:23.399540,1925,PUSCH,0x46,,,,,2,4,249,4,117.9,174,,,,,
59,gnb1,2026-08-19T10:53:23.400284,1925,PDSCH,0x46,47,4395,6,0,,,,,,,,,,,
59,gnb1,2026-08-19T10:53:23.439558,1926,PDSCH,0x46,50,4587,6,0,,,,,,,,,,,
59,gnb1,2026-08-19T10:53:23.475776,1927,PDSCH,0x46,50,4587,6,0,,,,,,,,,,,
59,gnb1,2026-08-19T10:53:23.512550,1928,PUSCH,0x46,,,,,2,5,349,4,118.0,216,,,,,
59,gnb1,2026-08-19T10:53:23.513194,1928,PDSCH,0x46,50,4587,6,0,,,,,,,,,,,
59,gnb1,2026-08-19T10:53:23.552884,1929,PUSCH,0x46,,,,,2,44,2865,4,109.0,1056,,,,,
59,gnb1,2026-08-19T10:53:23.553644,1929,PDSCH,0x46,50,4587,6,0,,,,,,,,,,,
59,gnb1,2026-08-19T10:53:23.591713,1930,PUSCH,0x46,,,,,2,9,621,4,110.0,289,,,,,
59,gnb1,2026-08-19T10:53:23.592444,1930,PDSCH,0x46,50,4587,6,0,,,,,,,,,,,
59,gnb1,2026-08-19T10:53:23.627767,1931,PUSCH,0x46,,,,,10,14,935,4,104.5,412,,,,,
59,gnb1,2026-08-19T10:53:23.628389,1931,PDSCH,0x46,50,4587,6,0,,,,,,,,,,,
59,gnb1,2026-08-19T10:53:23.661577,1932,PUSCH,0x46,,,,,2,23,1527,4,106.4,754,,,,,
59,gnb1,2026-08-19T10:53:23.662329,1932,PDSCH,0x46,50,4587,6,0,,,,,,,,,,,
59,gnb1,2026-08-19T10:53:23.695113,1933,PDSCH,0x46,50,4587,6,0,,,,,,,,,,,
59,gnb1,2026-08-19T10:53:23.727025,1934,PDSCH,0x46,50,4587,6,0,,,,,,,,,,,
59,gnb1,2026-08-19T10:53:23.758640,1935,PDSCH,0x46,47,4395,6,0,,,,,,,,,,,
59,gnb1,2026-08-19T10:53:23.791423,1936,PDSCH,0x46,50,4587,6,0,,,,,,,,,,,
59,gnb1,2026-08-19T10:53:23.829351,1937,PDSCH,0x46,50,4587,6,0,,,,,,,,,,,
59,gnb1,2026-08-19T10:53:23.863534,1938,PDSCH,0x46,50,4587,6,0,,,,,,,,,,,
59,gnb1,2026-08-19T10:53:23.894125,1939,PDSCH,0x46,50,4587,6,0,,,,,,,,,,,
59,gnb1,2026-08-19T10:53:23.924303,1940,BSR,0x46,,,,,,,,,,,,,,,0
59,gnb1,2026-08-19T10:53:23.924840,1940,PDSCH,0x46,50,4587,6,0,,,,,,,,,,,
59,gnb1,2026-08-19T10:53:23.957768,1941,PDSCH,0x46,47,4395,6,0,,,,,,,,,,,
59,gnb1,2026-08-19T10:53:23.988425,1942,PDSCH,0x46,50,4587,6,0,,,,,,,,,,,
59,gnb1,2026-08-19T10:53:24.024914,1943,PDSCH,0x46,50,4587,6,0,,,,,,,,,,,
59,gnb1,2026-08-19T10:53:24.063936,1944,PDSCH,0x46,50,4587,6,0,,,,,,,,,,,
59,gnb1,2026-08-19T10:53:24.102142,1945,PDSCH,0x46,50,4587,6,0,,,,,,,,,,,
59,gnb1,2026-08-19T10:53:24.137200,1946,PDSCH,0x46,50,4587,6,0,,,,,,,,,,,
59,gnb1,2026-08-19T10:53:24.174144,1947,PDSCH,0x46,50,4587,6,0,,,,,,,,,,,
59,gnb1,2026-08-19T10:53:24.206713,1948,PUSCH,0x46,,,,,2,8,517,4,111.4,309,,,,,
59,gnb1,2026-08-19T10:53:24.206778,1948,PHR,,,,,,,,,,,,,,,,
59,gnb1,2026-08-19T10:53:24.207494,1948,PDSCH,0x46,50,4587,6,0,,,,,,,,,,,
59,gnb1,2026-08-19T10:53:24.245742,1949,BSR,0x46,,,,,,,,,,,,,,,0
59,gnb1,2026-08-19T10:53:24.246349,1949,PDSCH,0x46,50,4587,6,0,,,,,,,,,,,
59,gnb1,2026-08-19T10:53:24.289941,1950,PDSCH,0x46,50,4587,6,0,,,,,,,,,,,
59,gnb1,2026-08-19T10:53:24.331040,1951,PDSCH,0x46,50,4587,6,0,,,,,,,,,,,
59,gnb1,2026-08-19T10:53:24.372526,1952,PDSCH,0x46,50,4587,6,0,,,,,,,,,,,
59,gnb1,2026-08-19T10:53:24.417399,1953,PDSCH,0x46,50,4587,6,0,,,,,,,,,,,
59,gnb1,2026-08-19T10:53:24.457368,1954,PDSCH,0x46,50,4587,6,0,,,,,,,,,,,
59,gnb1,2026-08-19T10:53:24.503572,1955,PDSCH,0x46,50,4587,6,0,,,,,,,,,,,
59,gnb1,2026-08-19T10:53:24.550438,1956,PDSCH,0x46,50,4587,6,0,,,,,,,,,,,
59,gnb1,2026-08-19T10:53:24.594366,1957,PUSCH,0x46,,,,,2,23,1383,4,106.4,491,,,,,
59,gnb1,2026-08-19T10:53:24.594450,1957,BSR,0x46,,,,,,,,,,,,,,,0
59,gnb1,2026-08-19T10:53:24.595140,1957,PDSCH,0x46,50,4587,6,0,,,,,,,,,,,
59,gnb1,2026-08-19T10:53:24.636082,1958,BSR,0x46,,,,,,,,,,,,,,,0
59,gnb1,2026-08-19T10:53:24.636647,1958,PDSCH,0x46,50,4587,6,0,,,,,,,,,,,
59,gnb1,2026-08-19T10:53:24.679779,1959,PDSCH,0x46,50,4587,6,0,,,,,,,,,,,
59,gnb1,2026-08-19T10:53:24.715815,1960,PDSCH,0x46,50,4587,6,0,,,,,,,,,,,
59,gnb1,2026-08-19T10:53:24.752101,1961,PUCCH_CQI,0x46,,,,,,,,,,,111.8,15,2a,,
59,gnb1,2026-08-19T10:53:24.752664,1961,PDSCH,0x46,47,4395,6,0,,,,,,,,,,,
59,gnb1,2026-08-19T10:53:24.786073,1962,PDSCH,0x46,50,4587,6,0,,,,,,,,,,,
59,gnb1,2026-08-19T10:53:24.817089,1963,PDSCH,0x46,50,4587,6,0,,,,,,,,,,,
59,gnb1,2026-08-19T10:53:24.858009,1964,PDSCH,0x46,50,4587,6,0,,,,,,,,,,,
59,gnb1,2026-08-19T10:53:24.899491,1965,PUSCH,0x46,,,,,2,23,1383,4,106.4,442,,,,,
59,gnb1,2026-08-19T10:53:24.899578,1965,BSR,0x46,,,,,,,,,,,,,,,0
59,gnb1,2026-08-19T10:53:24.900146,1965,PDSCH,0x46,50,4587,6,0,,,,,,,,,,,
59,gnb1,2026-08-19T10:53:24.937654,1966,PUSCH,0x46,,,,,2,3,217,4,117.9,146,,,,,
59,gnb1,2026-08-19T10:53:24.937737,1966,BSR,0x46,,,,,,,,,,,,,,,0
59,gnb1,2026-08-19T10:53:24.938329,1966,PDSCH,0x46,50,4587,6,0,,,,,,,,,,,
59,gnb1,2026-08-19T10:53:24.973724,1967,BSR,0x46,,,,,,,,,,,,,,,0
59,gnb1,2026-08-19T10:53:24.974276,1967,PDSCH,0x46,50,4587,6,0,,,,,,,,,,,
59,gnb1,2026-08-19T10:53:25.010562,1968,PDSCH,0x46,50,4587,6,0,,,,,,,,,,,
59,gnb1,2026-08-19T10:53:25.041931,1969,PDSCH,0x46,50,4587,6,0,,,,,,,,,,,
59,gnb1,2026-08-19T10:53:25.072421,1970,PDSCH,0x46,50,4587,6,0,,,,,,,,,,,
59,gnb1,2026-08-19T10:53:25.109216,1971,PDSCH,0x46,50,4587,6,0,,,,,,,,,,,
59,gnb1,2026-08-19T10:53:25.153721,1972,PDSCH,0x46,50,4587,6,0,,,,,,,,,,,
59,gnb1,2026-08-19T10:53:25.193617,1973,PUSCH,0x46,,,,,2,23,1383,4,106.4,518,,,,,
59,gnb1,2026-08-19T10:53:25.193697,1973,BSR,0x46,,,,,,,,,,,,,,,0
59,gnb1,2026-08-19T10:53:25.194231,1973,PDSCH,0x46,50,4587,6,0,,,,,,,,,,,
59,gnb1,2026-08-19T10:53:25.233889,1974,PUSCH,0x46,,,,,2,7,469,4,114.3,185,,,,,
59,gnb1,2026-08-19T10:53:25.233965,1974,BSR,0x46,,,,,,,,,,,,,,,0
59,gnb1,2026-08-19T10:53:25.234482,1974,PDSCH,0x46,50,4587,6,0,,,,,,,,,,,
59,gnb1,2026-08-19T10:53:25.271878,1975,PUSCH,0x46,,,,,2,4,249,4,117.9,142,,,,,
59,gnb1,2026-08-19T10:53:25.271961,1975,BSR,0x46,,,,,,,,,,,,,,,0
59,gnb1,2026-08-19T10:53:25.272565,1975,PDSCH,0x46,50,4587,6,0,,,,,,,,,,,
59,gnb1,2026-08-19T10:53:25.309372,1976,BSR,0x46,,,,,,,,,,,,,,,0
59,gnb1,2026-08-19T10:53:25.309935,1976,PDSCH,0x46,50,4587,6,0,,,,,,,,,,,
59,gnb1,2026-08-19T10:53:25.346041,1977,PDSCH,0x46,50,4587,6,0,,,,,,,,,,,
59,gnb1,2026-08-19T10:53:25.381909,1978,PDSCH,0x46,50,4587,6,0,,,,,,,,,,,
59,gnb1,2026-08-19T10:53:25.422580,1979,PDSCH,0x46,50,4587,6,0,,,,,,,,,,,
59,gnb1,2026-08-19T10:53:25.461370,1980,PDSCH,0x46,50,4587,6,0,,,,,,,,,,,
59,gnb1,2026-08-19T10:53:25.501601,1981,PUSCH,0x46,,,,,10,23,1383,4,106.6,640,,,,,
59,gnb1,2026-08-19T10:53:25.501728,1981,BSR,0x46,,,,,,,,,,,,,,,0
59,gnb1,2026-08-19T10:53:25.502459,1981,PDSCH,0x46,47,4395,6,0,,,,,,,,,,,
59,gnb1,2026-08-19T10:53:25.543612,1982,PUSCH,0x46,,,,,2,3,193,4,117.9,140,,,,,
59,gnb1,2026-08-19T10:53:25.543704,1982,BSR,0x46,,,,,,,,,,,,,,,0
59,gnb1,2026-08-19T10:53:25.544297,1982,PDSCH,0x46,50,4587,6,0,,,,,,,,,,,
59,gnb1,2026-08-19T10:53:25.577898,1983,PUSCH,0x46,,,,,2,8,573,4,111.4,224,,,,,
59,gnb1,2026-08-19T10:53:25.577975,1983,BSR,0x46,,,,,,,,,,,,,,,0
59,gnb1,2026-08-19T10:53:25.578802,1983,PDSCH,0x46,50,4587,6,0,,,,,,,,,,,
59,gnb1,2026-08-19T10:53:25.608462,1984,PUSCH,0x46,,,,,2,3,249,4,117.9,171,,,,,
59,gnb1,2026-08-19T10:53:25.608548,1984,BSR,0x46,,,,,,,,,,,,,,,0
59,gnb1,2026-08-19T10:53:25.609093,1984,PDSCH,0x46,50,4587,6,0,,,,,,,,,,,
59,gnb1,2026-08-19T10:53:25.635573,1985,BSR,0x46,,,,,,,,,,,,,,,0
59,gnb1,2026-08-19T10:53:25.636158,1985,PDSCH,0x46,50,4587,6,0,,,,,,,,,,,
59,gnb1,2026-08-19T10:53:25.670224,1986,PDSCH,0x46,50,4587,6,0,,,,,,,,,,,
59,gnb1,2026-08-19T10:53:25.703702,1987,PDSCH,0x46,50,4587,6,0,,,,,,,,,,,
59,gnb1,2026-08-19T10:53:25.735244,1988,PDSCH,0x46,50,4587,6,0,,,,,,,,,,,
59,gnb1,2026-08-19T10:53:25.764157,1989,PUSCH,0x46,,,,,2,23,1383,4,106.4,583,,,,,
59,gnb1,2026-08-19T10:53:25.764233,1989,BSR,0x46,,,,,,,,,,,,,,,0
59,gnb1,2026-08-19T10:53:25.764760,1989,PDSCH,0x46,50,4587,6,0,,,,,,,,,,,
59,gnb1,2026-08-19T10:53:25.793090,1990,PUSCH,0x46,,,,,2,7,469,4,114.2,222,,,,,
59,gnb1,2026-08-19T10:53:25.793773,1990,PDSCH,0x46,50,4587,6,0,,,,,,,,,,,
59,gnb1,2026-08-19T10:53:25.830212,1991,PUSCH,0x46,,,,,10,14,807,4,104.5,361,,,,,
59,gnb1,2026-08-19T10:53:25.830752,1991,PDSCH,0x46,50,4587,6,0,,,,,,,,,,,
59,gnb1,2026-08-19T10:53:25.865374,1992,PUSCH,0x46,,,,,2,7,501,4,114.2,234,,,,,
59,gnb1,2026-08-19T10:53:25.866103,1992,PDSCH,0x46,50,4587,6,0,,,,,,,,,,,
59,gnb1,2026-08-19T10:53:25.897355,1993,PUSCH,0x46,,,,,2,4,269,4,117.9,166,,,,,
59,gnb1,2026-08-19T10:53:25.898159,1993,PDSCH,0x46,50,4587,6,0,,,,,,,,,,,
59,gnb1,2026-08-19T10:53:25.931454,1994,PDSCH,0x46,50,4587,6,0,,,,,,,,,,,
59,gnb1,2026-08-19T10:53:25.962236,1995,PDSCH,0x46,50,4587,6,0,,,,,,,,,,,
59,gnb1,2026-08-19T10:53:25.989713,1996,PDSCH,0x46,50,4587,6,0,,,,,,,,,,,
59,gnb1,2026-08-19T10:53:26.022047,1997,PUSCH,0x46,,,,,2,23,1383,4,106.4,509,,,,,
59,gnb1,2026-08-19T10:53:26.022096,1997,PHR,,,,,,,,,,,,,,,,
59,gnb1,2026-08-19T10:53:26.022573,1997,PDSCH,0x46,50,4587,6,0,,,,,,,,,,,
59,gnb1,2026-08-19T10:53:26.054171,1998,PDSCH,0x46,50,4587,6,0,,,,,,,,,,,
59,gnb1,2026-08-19T10:53:26.088580,1999,PDSCH,0x46,50,4587,6,0,,,,,,,,,,,
59,gnb1,2026-08-19T10:53:26.121775,2000,BSR,0x46,,,,,,,,,,,,,,,0
59,gnb1,2026-08-19T10:53:26.122348,2000,PDSCH,0x46,50,4587,6,0,,,,,,,,,,,
59,gnb1,2026-08-19T10:53:26.154950,2001,PUCCH_CQI,0x46,,,,,,,,,,,111.8,15,2a,,
59,gnb1,2026-08-19T10:53:26.155651,2001,PDSCH,0x46,47,4395,6,0,,,,,,,,,,,
59,gnb1,2026-08-19T10:53:26.189073,2002,PDSCH,0x46,50,4587,6,0,,,,,,,,,,,
59,gnb1,2026-08-19T10:53:26.222390,2003,PDSCH,0x46,50,4587,6,0,,,,,,,,,,,
59,gnb1,2026-08-19T10:53:26.256817,2004,PDSCH,0x46,50,4587,6,0,,,,,,,,,,,
59,gnb1,2026-08-19T10:53:26.289429,2005,PDSCH,0x46,50,4587,6,0,,,,,,,,,,,
59,gnb1,2026-08-19T10:53:26.321965,2006,PDSCH,0x46,50,4587,6,0,,,,,,,,,,,
59,gnb1,2026-08-19T10:53:26.358515,2007,PDSCH,0x46,50,4587,6,0,,,,,,,,,,,
59,gnb1,2026-08-19T10:53:26.391641,2008,PUSCH,0x46,,,,,2,8,517,4,111.4,195,,,,,
59,gnb1,2026-08-19T10:53:26.392151,2008,PDSCH,0x46,50,4587,6,0,,,,,,,,,,,
59,gnb1,2026-08-19T10:53:26.423609,2009,BSR,0x46,,,,,,,,,,,,,,,0
59,gnb1,2026-08-19T10:53:26.424213,2009,PDSCH,0x46,50,4587,6,0,,,,,,,,,,,
59,gnb1,2026-08-19T10:53:26.460415,2010,PDSCH,0x46,50,4587,6,0,,,,,,,,,,,
59,gnb1,2026-08-19T10:53:26.496676,2011,PDSCH,0x46,50,4587,6,0,,,,,,,,,,,
59,gnb1,2026-08-19T10:53:26.530269,2012,PDSCH,0x46,50,4587,6,0,,,,,,,,,,,
59,gnb1,2026-08-19T10:53:26.561241,2013,PDSCH,0x46,50,4587,6,0,,,,,,,,,,,
59,gnb1,2026-08-19T10:53:26.597804,2014,PDSCH,0x46,50,4587,6,0,,,,,,,,,,,
59,gnb1,2026-08-19T10:53:26.637764,2015,PDSCH,0x46,50,4587,6,0,,,,,,,,,,,
59,gnb1,2026-08-19T10:53:26.675333,2016,PDSCH,0x46,50,4587,6,0,,,,,,,,,,,
59,gnb1,2026-08-19T10:53:26.710778,2017,PUSCH,0x46,,,,,2,8,573,4,111.4,317,,,,,
59,gnb1,2026-08-19T10:53:26.710912,2017,BSR,0x46,,,,,,,,,,,,,,,0
59,gnb1,2026-08-19T10:53:26.711529,2017,PDSCH,0x46,50,4587,6,0,,,,,,,,,,,
59,gnb1,2026-08-19T10:53:26.746698,2018,BSR,0x46,,,,,,,,,,,,,,,0
59,gnb1,2026-08-19T10:53:26.747279,2018,PDSCH,0x46,50,4587,6,0,,,,,,,,,,,
59,gnb1,2026-08-19T10:53:26.777887,2019,PDSCH,0x46,50,4587,6,0,,,,,,,,,,,
59,gnb1,2026-08-19T10:53:26.818685,2020,PDSCH,0x46,50,4587,6,0,,,,,,,,,,,
59,gnb1,2026-08-19T10:53:26.851681,2021,PDSCH,0x46,47,4395,6,0,,,,,,,,,,,
59,gnb1,2026-08-19T10:53:26.887866,2022,PDSCH,0x46,50,4587,6,0,,,,,,,,,,,
59,gnb1,2026-08-19T10:53:26.922713,2023,PDSCH,0x46,50,4587,6,0,,,,,,,,,,,
59,gnb1,2026-08-19T10:53:26.956129,2024,PDSCH,0x46,50,4587,6,0,,,,,,,,,,,
59,gnb1,2026-08-19T10:53:26.989338,2025,PUSCH,0x46,,,,,2,8,573,4,111.4,270,,,,,
59,gnb1,2026-08-19T10:53:26.989456,2025,BSR,0x46,,,,,,,,,,,,,,,0
59,gnb1,2026-08-19T10:53:26.990059,2025,PDSCH,0x46,50,4587,6,0,,,,,,,,,,,
59,gnb1,2026-08-19T10:53:27.029446,2026,PUSCH,0x46,,,,,2,3,217,4,117.9,167,,,,,
59,gnb1,2026-08-19T10:53:27.029542,2026,BSR,0x46,,,,,,,,,,,,,,,0
59,gnb1,2026-08-19T10:53:27.030240,2026,PDSCH,0x46,50,4587,6,0,,,,,,,,,,,
59,gnb1,2026-08-19T10:53:27.072895,2027,BSR,0x46,,,,,,,,,,,,,,,0
59,gnb1,2026-08-19T10:53:27.073512,2027,PDSCH,0x46,50,4587,6,0,,,,,,,,,,,
59,gnb1,2026-08-19T10:53:27.104118,2028,PDSCH,0x46,50,4587,6,0,,,,,,,,,,,
59,gnb1,2026-08-19T10:53:27.137190,2029,PDSCH,0x46,50,4587,6,0,,,,,,,,,,,
59,gnb1,2026-08-19T10:53:27.168476,2030,PDSCH,0x46,50,4587,6,0,,,,,,,,,,,
59,gnb1,2026-08-19T10:53:27.205374,2031,PDSCH,0x46,50,4587,6,0,,,,,,,,,,,
59,gnb1,2026-08-19T10:53:27.244485,2032,PDSCH,0x46,50,4587,6,0,,,,,,,,,,,
59,gnb1,2026-08-19T10:53:27.289743,2033,PUSCH,0x46,,,,,2,8,573,4,111.4,245,,,,,
59,gnb1,2026-08-19T10:53:27.289819,2033,BSR,0x46,,,,,,,,,,,,,,,0
59,gnb1,2026-08-19T10:53:27.290387,2033,PDSCH,0x46,50,4587,6,0,,,,,,,,,,,
59,gnb1,2026-08-19T10:53:27.332103,2034,PUSCH,0x46,,,,,2,7,469,4,114.3,187,,,,,
59,gnb1,2026-08-19T10:53:27.332186,2034,BSR,0x46,,,,,,,,,,,,,,,0
59,gnb1,2026-08-19T10:53:27.332736,2034,PDSCH,0x46,50,4587,6,0,,,,,,,,,,,
59,gnb1,2026-08-19T10:53:27.372246,2035,PUSCH,0x46,,,,,2,4,249,4,118.0,160,,,,,
59,gnb1,2026-08-19T10:53:27.372397,2035,BSR,0x46,,,,,,,,,,,,,,,0
59,gnb1,2026-08-19T10:53:27.373268,2035,PDSCH,0x46,50,4587,6,0,,,,,,,,,,,
59,gnb1,2026-08-19T10:53:27.409388,2036,BSR,0x46,,,,,,,,,,,,,,,0
59,gnb1,2026-08-19T10:53:27.410122,2036,PDSCH,0x46,50,4587,6,0,,,,,,,,,,,
59,gnb1,2026-08-19T10:53:27.439993,2037,PDSCH,0x46,50,4587,6,0,,,,,,,,,,,
59,gnb1,2026-08-19T10:53:27.472099,2038,PDSCH,0x46,50,4587,6,0,,,,,,,,,,,
59,gnb1,2026-08-19T10:53:27.503241,2039,PDSCH,0x46,50,4587,6,0,,,,,,,,,,,
59,gnb1,2026-08-19T10:53:27.545621,2040,PDSCH,0x46,50,4587,6,0,,,,,,,,,,,
59,gnb1,2026-08-19T10:53:27.585737,2041,PUSCH,0x46,,,,,10,8,573,4,104.5,276,,,,,
59,gnb1,2026-08-19T10:53:27.585884,2041,BSR,0x46,,,,,,,,,,,,,,,0
59,gnb1,2026-08-19T10:53:27.586494,2041,PDSCH,0x46,47,4395,6,0,,,,,,,,,,,
59,gnb1,2026-08-19T10:53:27.626217,2042,PUSCH,0x46,,,,,2,8,517,4,111.4,226,,,,,
59,gnb1,2026-08-19T10:53:27.626877,2042,PDSCH,0x46,50,4587,6,0,,,,,,,,,,,
59,gnb1,2026-08-19T10:53:27.665774,2043,PUSCH,0x46,,,,,2,7,501,4,114.2,185,,,,,
59,gnb1,2026-08-19T10:53:27.665865,2043,BSR,0x46,,,,,,,,,,,,,,,0
59,gnb1,2026-08-19T10:53:27.666418,2043,PDSCH,0x46,50,4587,6,0,,,,,,,,,,,
59,gnb1,2026-08-19T10:53:27.703488,2044,PUSCH,0x46,,,,,2,4,269,4,117.9,305,,,,,
59,gnb1,2026-08-19T10:53:27.703568,2044,BSR,0x46,,,,,,,,,,,,,,,0
59,gnb1,2026-08-19T10:53:27.704082,2044,PDSCH,0x46,50,4587,6,0,,,,,,,,,,,
59,gnb1,2026-08-19T10:53:27.735914,2045,BSR,0x46,,,,,,,,,,,,,,,0
59,gnb1,2026-08-19T10:53:27.736424,2045,PDSCH,0x46,50,4587,6,0,,,,,,,,,,,
59,gnb1,2026-08-19T10:53:27.761132,2046,PDSCH,0x46,50,4587,6,0,,,,,,,,,,,
59,gnb1,2026-08-19T10:53:27.794480,2047,PDSCH,0x46,50,4587,6,0,,,,,,,,,,,
59,gnb1,2026-08-19T10:53:27.836665,2048,PDSCH,0x46,50,4587,6,0,,,,,,,,,,,
59,gnb1,2026-08-19T10:53:27.872862,2049,PUSCH,0x46,,,,,2,8,573,4,111.4,242,,,,,
59,gnb1,2026-08-19T10:53:27.872938,2049,BSR,0x46,,,,,,,,,,,,,,,0
59,gnb1,2026-08-19T10:53:27.872961,2049,PHR,,,,,,,,,,,,,,,,
59,gnb1,2026-08-19T10:53:27.873436,2049,PDSCH,0x46,50,4587,6,0,,,,,,,,,,,
59,gnb1,2026-08-19T10:53:27.904702,2050,PDSCH,0x46,50,4587,6,0,,,,,,,,,,,
59,gnb1,2026-08-19T10:53:27.939052,2051,PUSCH,0x46,,,,,10,8,573,4,104.5,215,,,,,
59,gnb1,2026-08-19T10:53:27.939643,2051,PDSCH,0x46,50,4587,6,0,,,,,,,,,,,
59,gnb1,2026-08-19T10:53:27.987015,2052,PUSCH,0x46,,,,,2,8,517,4,111.4,194,,,,,
59,gnb1,2026-08-19T10:53:27.987559,2052,PDSCH,0x46,50,4587,6,0,,,,,,,,,,,
59,gnb1,2026-08-19T10:53:28.034477,2053,PUSCH,0x46,,,,,2,3,249,4,117.9,122,,,,,
59,gnb1,2026-08-19T10:53:28.035097,2053,PDSCH,0x46,50,4587,6,0,,,,,,,,,,,
59,gnb1,2026-08-19T10:53:28.084955,2054,PDSCH,0x46,50,4587,6,0,,,,,,,,,,,
59,gnb1,2026-08-19T10:53:28.129482,2055,PDSCH,0x46,50,4587,6,0,,,,,,,,,,,
59,gnb1,2026-08-19T10:53:28.175554,2056,PDSCH,0x46,50,4587,6,0,,,,,,,,,,,
59,gnb1,2026-08-19T10:53:28.215162,2057,PUSCH,0x46,,,,,2,8,573,4,111.4,213,,,,,
59,gnb1,2026-08-19T10:53:28.215742,2057,PDSCH,0x46,50,4587,6,0,,,,,,,,,,,
59,gnb1,2026-08-19T10:53:28.255662,2058,PDSCH,0x46,50,4587,6,0,,,,,,,,,,,
59,gnb1,2026-08-19T10:53:28.297015,2059,PDSCH,0x46,50,4587,6,0,,,,,,,,,,,
59,gnb1,2026-08-19T10:53:28.338443,2060,BSR,0x46,,,,,,,,,,,,,,,0
59,gnb1,2026-08-19T10:53:28.338979,2060,PDSCH,0x46,50,4587,6,0,,,,,,,,,,,
59,gnb1,2026-08-19T10:53:28.379325,2061,PDSCH,0x46,47,4395,6,0,,,,,,,,,,,
59,gnb1,2026-08-19T10:53:28.414082,2062,PDSCH,0x46,50,4587,6,0,,,,,,,,,,,
59,gnb1,2026-08-19T10:53:28.448978,2063,PDSCH,0x46,50,4587,6,0,,,,,,,,,,,
59,gnb1,2026-08-19T10:53:28.487392,2064,PDSCH,0x46,50,4587,6,0,,,,,,,,,,,
59,gnb1,2026-08-19T10:53:28.529236,2065,PDSCH,0x46,50,4587,6,0,,,,,,,,,,,
59,gnb1,2026-08-19T10:53:28.573786,2066,PDSCH,0x46,50,4587,6,0,,,,,,,,,,,
59,gnb1,2026-08-19T10:53:28.616696,2067,PDSCH,0x46,50,4587,6,0,,,,,,,,,,,
59,gnb1,2026-08-19T10:53:28.660633,2068,PUSCH,0x46,,,,,2,8,517,4,111.4,256,,,,,
59,gnb1,2026-08-19T10:53:28.661306,2068,PDSCH,0x46,50,4587,6,0,,,,,,,,,,,
59,gnb1,2026-08-19T10:53:28.706157,2069,BSR,0x46,,,,,,,,,,,,,,,0
59,gnb1,2026-08-19T10:53:28.706776,2069,PDSCH,0x46,50,4587,6,0,,,,,,,,,,,
59,gnb1,2026-08-19T10:53:28.749401,2070,PDSCH,0x46,50,4587,6,0,,,,,,,,,,,
59,gnb1,2026-08-19T10:53:28.791465,2071,PDSCH,0x46,50,4587,6,0,,,,,,,,,,,
59,gnb1,2026-08-19T10:53:28.833690,2072,PDSCH,0x46,50,4587,6,0,,,,,,,,,,,
59,gnb1,2026-08-19T10:53:28.869640,2073,PDSCH,0x46,50,4587,6,0,,,,,,,,,,,
59,gnb1,2026-08-19T10:53:28.908140,2074,PDSCH,0x46,50,4587,6,0,,,,,,,,,,,
59,gnb1,2026-08-19T10:53:28.950343,2075,PDSCH,0x46,50,4587,6,0,,,,,,,,,,,
59,gnb1,2026-08-19T10:53:28.988538,2076,PDSCH,0x46,50,4587,6,0,,,,,,,,,,,
59,gnb1,2026-08-19T10:53:29.020245,2077,PUSCH,0x46,,,,,2,8,573,4,111.4,245,,,,,
59,gnb1,2026-08-19T10:53:29.020334,2077,BSR,0x46,,,,,,,,,,,,,,,0
59,gnb1,2026-08-19T10:53:29.020810,2077,PDSCH,0x46,50,4587,6,0,,,,,,,,,,,
59,gnb1,2026-08-19T10:53:29.059880,2078,BSR,0x46,,,,,,,,,,,,,,,0
59,gnb1,2026-08-19T10:53:29.060547,2078,PDSCH,0x46,50,4587,6,0,,,,,,,,,,,
59,gnb1,2026-08-19T10:53:29.101699,2079,PDSCH,0x46,50,4587,6,0,,,,,,,,,,,
59,gnb1,2026-08-19T10:53:29.138315,2080,PDSCH,0x46,50,4587,6,0,,,,,,,,,,,
59,gnb1,2026-08-19T10:53:29.170908,2081,PUCCH_CQI,0x46,,,,,,,,,,,111.8,15,2a,,
59,gnb1,2026-08-19T10:53:29.171654,2081,PDSCH,0x46,47,4395,6,0,,,,,,,,,,,
59,gnb1,2026-08-19T10:53:29.208160,2082,PDSCH,0x46,50,4587,6,0,,,,,,,,,,,
59,gnb1,2026-08-19T10:53:29.244961,2083,PDSCH,0x46,50,4587,6,0,,,,,,,,,,,
59,gnb1,2026-08-19T10:53:29.285099,2084,PDSCH,0x46,50,4587,6,0,,,,,,,,,,,
59,gnb1,2026-08-19T10:53:29.325502,2085,PUSCH,0x46,,,,,2,8,573,4,111.4,249,,,,,
59,gnb1,2026-08-19T10:53:29.325656,2085,BSR,0x46,,,,,,,,,,,,,,,0
59,gnb1,2026-08-19T10:53:29.326213,2085,PDSCH,0x46,47,4395,6,0,,,,,,,,,,,
59,gnb1,2026-08-19T10:53:29.364569,2086,PUSCH,0x46,,,,,2,3,217,4,118.0,342,,,,,
59,gnb1,2026-08-19T10:53:29.364743,2086,BSR,0x46,,,,,,,,,,,,,,,0
59,gnb1,2026-08-19T10:53:29.365365,2086,PDSCH,0x46,50,4587,6,0,,,,,,,,,,,
59,gnb1,2026-08-19T10:53:29.397106,2087,BSR,0x46,,,,,,,,,,,,,,,0
59,gnb1,2026-08-19T10:53:29.397750,2087,PDSCH,0x46,50,4587,6,0,,,,,,,,,,,
59,gnb1,2026-08-19T10:53:29.430238,2088,PDSCH,0x46,50,4587,6,0,,,,,,,,,,,
59,gnb1,2026-08-19T10:53:29.466857,2089,PDSCH,0x46,50,4587,6,0,,,,,,,,,,,
59,gnb1,2026-08-19T10:53:29.512105,2090,PDSCH,0x46,50,4587,6,0,,,,,,,,,,,
59,gnb1,2026-08-19T10:53:29.553766,2091,PDSCH,0x46,50,4587,6,0,,,,,,,,,,,
59,gnb1,2026-08-19T10:53:29.591516,2092,PDSCH,0x46,50,4587,6,0,,,,,,,,,,,
59,gnb1,2026-08-19T10:53:29.631273,2093,PUSCH,0x46,,,,,2,8,573,4,111.4,226,,,,,
59,gnb1,2026-08-19T10:53:29.631348,2093,BSR,0x46,,,,,,,,,,,,,,,0
59,gnb1,2026-08-19T10:53:29.631857,2093,PDSCH,0x46,50,4587,6,0,,,,,,,,,,,
59,gnb1,2026-08-19T10:53:29.669277,2094,PUSCH,0x46,,,,,2,7,469,4,114.3,315,,,,,
59,gnb1,2026-08-19T10:53:29.669360,2094,BSR,0x46,,,,,,,,,,,,,,,0
59,gnb1,2026-08-19T10:53:29.669972,2094,PDSCH,0x46,50,4587,6,0,,,,,,,,,,,
59,gnb1,2026-08-19T10:53:29.707442,2095,PUSCH,0x46,,,,,2,4,249,4,118.0,156,,,,,
59,gnb1,2026-08-19T10:53:29.707537,2095,BSR,0x46,,,,,,,,,,,,,,,0
59,gnb1,2026-08-19T10:53:29.708083,2095,PDSCH,0x46,47,4395,6,0,,,,,,,,,,,
59,gnb1,2026-08-19T10:53:29.748080,2096,BSR,0x46,,,,,,,,,,,,,,,0
59,gnb1,2026-08-19T10:53:29.748675,2096,PDSCH,0x46,50,4587,6,0,,,,,,,,,,,
59,gnb1,2026-08-19T10:53:29.785900,2097,PDSCH,0x46,50,4587,6,0,,,,,,,,,,,
59,gnb1,2026-08-19T10:53:29.826476,2098,PDSCH,0x46,50,4587,6,0,,,,,,,,,,,
59,gnb1,2026-08-19T10:53:29.864318,2099,PDSCH,0x46,50,4587,6,0,,,,,,,,,,,
59,gnb1,2026-08-19T10:53:29.907507,2100,PDSCH,0x46,50,4587,6,0,,,,,,,,,,,
59,gnb1,2026-08-19T10:53:29.948087,2101,PUSCH,0x46,,,,,10,8,573,4,104.5,218,,,,,
59,gnb1,2026-08-19T10:53:29.948139,2101,PHR,,,,,,,,,,,,,,,,
59,gnb1,2026-08-19T10:53:29.948183,2101,BSR,0x46,,,,,,,,,,,,,,,0
59,gnb1,2026-08-19T10:53:29.948751,2101,PDSCH,0x46,47,4395,6,0,,,,,,,,,,,
59,gnb1,2026-08-19T10:53:29.982816,2102,PUSCH,0x46,,,,,2,15,1063,4,107.2,436,,,,,
59,gnb1,2026-08-19T10:53:29.982936,2102,BSR,0x46,,,,,,,,,,,,,,,76
59,gnb1,2026-08-19T10:53:29.983537,2102,PDSCH,0x46,50,4587,6,0,,,,,,,,,,,
59,gnb1,2026-08-19T10:53:30.011939,2103,PUSCH,0x46,,,,,2,7,469,4,114.3,247,,,,,
59,gnb1,2026-08-19T10:53:30.012019,2103,BSR,0x46,,,,,,,,,,,,,,,0
59,gnb1,2026-08-19T10:53:30.012569,2103,PDSCH,0x46,50,4587,6,0,,,,,,,,,,,
59,gnb1,2026-08-19T10:53:30.042971,2104,PUSCH,0x46,,,,,2,3,233,4,117.9,147,,,,,
59,gnb1,2026-08-19T10:53:30.043561,2104,PDSCH,0x46,50,4587,6,0,,,,,,,,,,,
59,gnb1,2026-08-19T10:53:30.083408,2105,PDSCH,0x46,50,4587,6,0,,,,,,,,,,,
59,gnb1,2026-08-19T10:53:30.117613,2106,PDSCH,0x46,50,4587,6,0,,,,,,,,,,,
59,gnb1,2026-08-19T10:53:30.153436,2107,PDSCH,0x46,50,4587,6,0,,,,,,,,,,,
59,gnb1,2026-08-19T10:53:30.193150,2108,PDSCH,0x46,50,4587,6,0,,,,,,,,,,,
59,gnb1,2026-08-19T10:53:30.236323,2109,PUSCH,0x46,,,,,2,8,573,4,111.4,205,,,,,
59,gnb1,2026-08-19T10:53:30.236865,2109,PDSCH,0x46,50,4587,6,0,,,,,,,,,,,
59,gnb1,2026-08-19T10:53:30.279746,2110,PUSCH,0x46,,,,,2,19,1239,4,106.5,483,,,,,
59,gnb1,2026-08-19T10:53:30.279828,2110,BSR,0x46,,,,,,,,,,,,,,,0
59,gnb1,2026-08-19T10:53:30.280333,2110,PDSCH,0x46,50,4587,6,0,,,,,,,,,,,
59,gnb1,2026-08-19T10:53:30.324015,2111,PUSCH,0x46,,,,,10,14,807,4,104.5,324,,,,,
59,gnb1,2026-08-19T10:53:30.324657,2111,PDSCH,0x46,50,4587,6,0,,,,,,,,,,,
59,gnb1,2026-08-19T10:53:30.367927,2112,PDSCH,0x46,50,4587,6,0,,,,,,,,,,,
59,gnb1,2026-08-19T10:53:30.412109,2113,PDSCH,0x46,50,4587,6,0,,,,,,,,,,,
59,gnb1,2026-08-19T10:53:30.452027,2114,PDSCH,0x46,50,4587,6,0,,,,,,,,,,,
59,gnb1,2026-08-19T10:53:30.495317,2115,PDSCH,0x46,50,4587,6,0,,,,,,,,,,,
59,gnb1,2026-08-19T10:53:30.538188,2116,PDSCH,0x46,50,4587,6,0,,,,,,,,,,,
59,gnb1,2026-08-19T10:53:30.588571,2117,PDSCH,0x46,50,4587,6,0,,,,,,,,,,,
59,gnb1,2026-08-19T10:53:30.623959,2118,PUSCH,0x46,,,,,2,5,349,4,118.0,185,,,,,
59,gnb1,2026-08-19T10:53:30.624511,2118,PDSCH,0x46,50,4587,6,0,,,,,,,,,,,
59,gnb1,2026-08-19T10:53:30.668784,2119,BSR,0x46,,,,,,,,,,,,,,,0
59,gnb1,2026-08-19T10:53:30.669374,2119,PDSCH,0x46,50,4587,6,0,,,,,,,,,,,
59,gnb1,2026-08-19T10:53:30.714657,2120,PDSCH,0x46,50,4587,6,0,,,,,,,,,,,
59,gnb1,2026-08-19T10:53:30.751434,2121,PUCCH_CQI,0x46,,,,,,,,,,,111.8,15,2a,,
59,gnb1,2026-08-19T10:53:30.752007,2121,PDSCH,0x46,47,4395,6,0,,,,,,,,,,,
59,gnb1,2026-08-19T10:53:30.786524,2122,PDSCH,0x46,50,4587,6,0,,,,,,,,,,,
59,gnb1,2026-08-19T10:53:30.823478,2123,PDSCH,0x46,50,4587,6,0,,,,,,,,,,,
59,gnb1,2026-08-19T10:53:30.869606,2124,PDSCH,0x46,50,4587,6,0,,,,,,,,,,,
59,gnb1,2026-08-19T10:53:30.917301,2125,PDSCH,0x46,50,4587,6,0,,,,,,,,,,,
59,gnb1,2026-08-19T10:53:30.960021,2126,PDSCH,0x46,50,4587,6,0,,,,,,,,,,,
59,gnb1,2026-08-19T10:53:31.005658,2127,PUSCH,0x46,,,,,2,7,389,4,114.2,285,,,,,
59,gnb1,2026-08-19T10:53:31.005750,2127,BSR,0x46,,,,,,,,,,,,,,,0
59,gnb1,2026-08-19T10:53:31.006265,2127,PDSCH,0x46,50,4587,6,0,,,,,,,,,,,
59,gnb1,2026-08-19T10:53:31.055929,2128,BSR,0x46,,,,,,,,,,,,,,,0
59,gnb1,2026-08-19T10:53:31.056419,2128,PDSCH,0x46,50,4587,6,0,,,,,,,,,,,
59,gnb1,2026-08-19T10:53:31.102383,2129,PDSCH,0x46,50,4587,6,0,,,,,,,,,,,
59,gnb1,2026-08-19T10:53:31.150948,2130,PDSCH,0x46,50,4587,6,0,,,,,,,,,,,
59,gnb1,2026-08-19T10:53:31.197178,2131,PDSCH,0x46,50,4587,6,0,,,,,,,,,,,
59,gnb1,2026-08-19T10:53:31.241485,2132,PDSCH,0x46,50,4587,6,0,,,,,,,,,,,
59,gnb1,2026-08-19T10:53:31.286581,2133,PDSCH,0x46,50,4587,6,0,,,,,,,,,,,
59,gnb1,2026-08-19T10:53:31.334609,2134,PDSCH,0x46,50,4587,6,0,,,,,,,,,,,
59,gnb1,2026-08-19T10:53:31.386166,2135,PUSCH,0x46,,,,,2,7,389,4,114.2,179,,,,,
59,gnb1,2026-08-19T10:53:31.386283,2135,BSR,0x46,,,,,,,,,,,,,,,0
59,gnb1,2026-08-19T10:53:31.386833,2135,PDSCH,0x46,50,4587,6,0,,,,,,,,,,,
59,gnb1,2026-08-19T10:53:31.436300,2136,PUSCH,0x46,,,,,2,4,249,4,117.9,152,,,,,
59,gnb1,2026-08-19T10:53:31.436382,2136,BSR,0x46,,,,,,,,,,,,,,,0
59,gnb1,2026-08-19T10:53:31.436982,2136,PDSCH,0x46,50,4587,6,0,,,,,,,,,,,
59,gnb1,2026-08-19T10:53:31.490561,2137,BSR,0x46,,,,,,,,,,,,,,,0
59,gnb1,2026-08-19T10:53:31.491220,2137,PDSCH,0x46,50,4587,6,0,,,,,,,,,,,
59,gnb1,2026-08-19T10:53:31.542848,2138,PDSCH,0x46,50,4587,6,0,,,,,,,,,,,
59,gnb1,2026-08-19T10:53:31.588497,2139,PDSCH,0x46,50,4587,6,0,,,,,,,,,,,
59,gnb1,2026-08-19T10:53:31.633500,2140,PDSCH,0x46,50,4587,6,0,,,,,,,,,,,
59,gnb1,2026-08-19T10:53:31.671948,2141,PDSCH,0x46,47,4395,6,0,,,,,,,,,,,
59,gnb1,2026-08-19T10:53:31.711382,2142,PDSCH,0x46,50,4587,6,0,,,,,,,,,,,
59,gnb1,2026-08-19T10:53:31.754137,2143,PUSCH,0x46,,,,,2,7,389,4,114.3,208,,,,,
59,gnb1,2026-08-19T10:53:31.754246,2143,BSR,0x46,,,,,,,,,,,,,,,0
59,gnb1,2026-08-19T10:53:31.754665,2143,PDSCH,0x46,50,4587,6,0,,,,,,,,,,,
59,gnb1,2026-08-19T10:53:31.801852,2144,PUSCH,0x46,,,,,2,8,517,4,111.4,255,,,,,
59,gnb1,2026-08-19T10:53:31.801937,2144,BSR,0x46,,,,,,,,,,,,,,,0
59,gnb1,2026-08-19T10:53:31.802410,2144,PDSCH,0x46,50,4587,6,0,,,,,,,,,,,
59,gnb1,2026-08-19T10:53:31.845802,2145,PUSCH,0x46,,,,,2,3,249,4,117.9,144,,,,,
59,gnb1,2026-08-19T10:53:31.845881,2145,BSR,0x46,,,,,,,,,,,,,,,0
59,gnb1,2026-08-19T10:53:31.846434,2145,PDSCH,0x46,50,4587,6,0,,,,,,,,,,,
59,gnb1,2026-08-19T10:53:31.899713,2146,BSR,0x46,,,,,,,,,,,,,,,0
59,gnb1,2026-08-19T10:53:31.900227,2146,PDSCH,0x46,50,4587,6,0,,,,,,,,,,,
59,gnb1,2026-08-19T10:53:31.949414,2147,PDSCH,0x46,50,4587,6,0,,,,,,,,,,,
59,gnb1,2026-08-19T10:53:31.998994,2148,PDSCH,0x46,50,4587,6,0,,,,,,,,,,,
59,gnb1,2026-08-19T10:53:32.051248,2149,PDSCH,0x46,45,3422,6,0,,,,,,,,,,,
59,gnb1,2026-08-19T10:53:32.144524,2151,PUSCH,0x46,,,,,10,7,389,4,104.5,135,,,,,
59,gnb1,2026-08-19T10:53:32.144574,2151,BSR,0x46,,,,,,,,,,,,,,,0
59,gnb1,2026-08-19T10:53:32.144623,2151,PHR,,,,,,,,,,,,,,,,
59,gnb1,2026-08-19T10:53:32.186458,2152,PUSCH,0x46,,,,,2,14,935,4,107.4,309,,,,,
59,gnb1,2026-08-19T10:53:32.186524,2152,BSR,0x46,,,,,,,,,,,,,,,0
59,gnb1,2026-08-19T10:53:32.186961,2152,PDSCH,0x46,50,4587,6,0,,,,,,,,,,,
59,gnb1,2026-08-19T10:53:32.224405,2153,PUSCH,0x46,,,,,2,7,501,4,114.2,214,,,,,
59,gnb1,2026-08-19T10:53:32.224483,2153,BSR,0x46,,,,,,,,,,,,,,,0
59,gnb1,2026-08-19T10:53:32.225046,2153,PDSCH,0x46,50,4587,6,0,,,,,,,,,,,
59,gnb1,2026-08-19T10:53:32.257500,2154,PUSCH,0x46,,,,,2,3,249,4,117.9,110,,,,,
59,gnb1,2026-08-19T10:53:32.257593,2154,BSR,0x46,,,,,,,,,,,,,,,0
59,gnb1,2026-08-19T10:53:32.258133,2154,PDSCH,0x46,50,4587,6,0,,,,,,,,,,,
59,gnb1,2026-08-19T10:53:32.299617,2155,BSR,0x46,,,,,,,,,,,,,,,0
59,gnb1,2026-08-19T10:53:32.300128,2155,PDSCH,0x46,50,4587,6,0,,,,,,,,,,,
59,gnb1,2026-08-19T10:53:32.345930,2156,PDSCH,0x46,39,2961,6,0,,,,,,,,,,,
59,gnb1,2026-08-19T10:53:32.488165,2159,PUSCH,0x46,,,,,2,7,389,4,114.2,148,,,,,
59,gnb1,2026-08-19T10:53:32.488225,2159,BSR,0x46,,,,,,,,,,,,,,,0
59,gnb1,2026-08-19T10:53:32.538272,2160,PUSCH,0x46,,,,,2,17,1191,4,106.8,487,,,,,
59,gnb1,2026-08-19T10:53:32.585417,2161,PUSCH,0x46,,,,,10,14,807,4,104.5,465,,,,,
59,gnb1,2026-08-19T10:53:32.585535,2161,BSR,0x46,,,,,,,,,,,,,,,0
59,gnb1,2026-08-19T10:53:32.586238,2161,PDSCH,0x46,47,4395,6,0,,,,,,,,,,,
59,gnb1,2026-08-19T10:53:32.631191,2162,PUSCH,0x46,,,,,2,7,469,4,114.2,210,,,,,
59,gnb1,2026-08-19T10:53:32.631747,2162,PDSCH,0x46,50,4587,6,0,,,,,,,,,,,
59,gnb1,2026-08-19T10:53:32.673049,2163,PUSCH,0x46,,,,,2,3,249,4,117.9,132,,,,,
59,gnb1,2026-08-19T10:53:32.673568,2163,PDSCH,0x46,50,4587,6,0,,,,,,,,,,,
59,gnb1,2026-08-19T10:53:32.713034,2164,PDSCH,0x46,50,4587,6,0,,,,,,,,,,,
59,gnb1,2026-08-19T10:53:32.752622,2165,PDSCH,0x46,50,4587,6,0,,,,,,,,,,,
59,gnb1,2026-08-19T10:53:32.792928,2166,PDSCH,0x46,50,4587,6,0,,,,,,,,,,,
59,gnb1,2026-08-19T10:53:32.835302,2167,PUSCH,0x46,,,,,2,7,389,4,114.2,219,,,,,
59,gnb1,2026-08-19T10:53:32.835945,2167,PDSCH,0x46,50,4587,6,0,,,,,,,,,,,
59,gnb1,2026-08-19T10:53:32.884420,2168,PDSCH,0x46,50,4587,6,0,,,,,,,,,,,
59,gnb1,2026-08-19T10:53:32.928101,2169,PUSCH,0x46,,,,,2,7,501,4,114.2,259,,,,,
59,gnb1,2026-08-19T10:53:32.928184,2169,BSR,0x46,,,,,,,,,,,,,,,0
59,gnb1,2026-08-19T10:53:32.928827,2169,PDSCH,0x46,50,4587,6,0,,,,,,,,,,,
59,gnb1,2026-08-19T10:53:32.979347,2170,PDSCH,0x46,50,4587,6,0,,,,,,,,,,,
59,gnb1,2026-08-19T10:53:33.023259,2171,PDSCH,0x46,50,4587,6,0,,,,,,,,,,,
59,gnb1,2026-08-19T10:53:33.069460,2172,PDSCH,0x46,50,4587,6,0,,,,,,,,,,,
59,gnb1,2026-08-19T10:53:33.112745,2173,PDSCH,0x46,50,4587,6,0,,,,,,,,,,,
59,gnb1,2026-08-19T10:53:33.154212,2174,PDSCH,0x46,50,4587,6,0,,,,,,,,,,,
59,gnb1,2026-08-19T10:53:33.192045,2175,PDSCH,0x46,36,2769,6,0,,,,,,,,,,,
59,gnb1,2026-08-19T10:53:33.274516,2177,PUSCH,0x46,,,,,2,2,185,4,117.9,153,,,,,
59,gnb1,2026-08-19T10:53:33.408512,2180,BSR,0x46,,,,,,,,,,,,,,,0
59,gnb1,2026-08-19T10:53:33.768965,2188,PUSCH,0x46,,,,,2,8,517,4,111.4,261,,,,,
59,gnb1,2026-08-19T10:53:34.312183,2200,BSR,0x46,,,,,,,,,,,,,,,0
59,gnb1,2026-08-19T10:53:34.353147,2201,PUCCH_CQI,0x46,,,,,,,,,,,111.8,15,2,,
59,gnb1,2026-08-19T10:53:34.646308,2208,PUSCH,0x46,,,,,2,8,517,4,111.4,234,,,,,
59,gnb1,2026-08-19T10:53:34.646365,2208,PHR,,,,,,,,,,,,,,,,
59,gnb1,2026-08-19T10:53:35.092470,2219,PDSCH,0x46,3,7,2,0,,,,,,,,,,,
59,gnb1,2026-08-19T10:53:35.136993,2220,BSR,0x46,,,,,,,,,,,,,,,0
59,gnb1,2026-08-19T10:53:35.450935,2228,PUSCH,0x46,,,,,2,8,517,4,111.4,232,,,,,
59,gnb1,2026-08-19T10:53:35.937519,2240,BSR,0x46,,,,,,,,,,,,,,,0
59,gnb1,2026-08-19T10:53:35.982215,2241,PUCCH_CQI,0x46,,,,,,,,,,,111.8,15,2,,
59,gnb1,2026-08-19T10:53:36.259427,2248,PUSCH,0x46,,,,,2,8,517,4,111.4,223,,,,,
59,gnb1,2026-08-19T10:53:36.734351,2260,BSR,0x46,,,,,,,,,,,,,,,0
59,gnb1,2026-08-19T10:53:37.038677,2268,PUSCH,0x46,,,,,2,8,517,4,111.4,299,,,,,
59,gnb1,2026-08-19T10:53:37.038708,2268,PHR,,,,,,,,,,,,,,,,
59,gnb1,2026-08-19T10:53:37.073258,2269,PDSCH,0x46,3,7,2,0,,,,,,,,,,,
59,gnb1,2026-08-19T10:53:37.557619,2281,PUCCH_CQI,0x46,,,,,,,,,,,111.8,15,2,,
59,gnb1,2026-08-19T10:53:39.176573,2321,PUCCH_CQI,0x46,,,,,,,,,,,111.8,15,2,,
59,gnb1,2026-08-19T10:53:39.376460,2326,PDSCH,0x46,3,63,4,0,,,,,,,,,,,
59,gnb1,2026-08-19T10:53:39.997687,2340,BSR,0x46,,,,,,,,,,,,,,,0
59,gnb1,2026-08-19T10:53:40.298895,2348,PUSCH,0x46,,,,,2,8,517,4,111.4,224,,,,,
59,gnb1,2026-08-19T10:53:40.298919,2348,PHR,,,,,,,,,,,,,,,,
59,gnb1,2026-08-19T10:53:40.341131,2349,PDSCH,0x46,3,105,4,0,,,,,,,,,,,
59,gnb1,2026-08-19T10:53:40.792753,2361,PUCCH_CQI,0x46,,,,,,,,,,,111.8,15,2,,
59,gnb1,2026-08-19T10:53:42.418772,2400,BSR,0x46,,,,,,,,,,,,,,,0
59,gnb1,2026-08-19T10:53:42.464952,2401,PUCCH_CQI,0x46,,,,,,,,,,,111.8,15,2,,
59,gnb1,2026-08-19T10:53:42.741462,2408,PUSCH,0x46,,,,,2,8,517,4,111.4,177,,,,,
59,gnb1,2026-08-19T10:53:42.741549,2408,PHR,,,,,,,,,,,,,,,,
59,gnb1,2026-08-19T10:53:44.047966,2440,BSR,0x46,,,,,,,,,,,,,,,0
59,gnb1,2026-08-19T10:53:44.094932,2441,PUCCH_CQI,0x46,,,,,,,,,,,111.8,15,2,,
59,gnb1,2026-08-19T10:53:44.387231,2448,PUSCH,0x46,,,,,2,8,517,4,111.4,223,,,,,
60,gnb1,2026-08-19T10:59:39.549350,342,PDSCH,0x2,3,11,2,0,,,,,,,,,,,
60,gnb1,2026-08-19T10:59:39.603835,344,BSR,0x46,,,,,,,,,,,,,,,0
60,gnb1,2026-08-19T10:59:40.109665,352,PUSCH,0x46,,,,,2,2,7,2,118.0,196,,,,,
60,gnb1,2026-08-19T10:59:40.221533,354,PDSCH,0x46,3,32,2,0,,,,,,,,,,,
60,gnb1,2026-08-19T10:59:40.621272,361,PUCCH_CQI,0x46,,,,,,,,,,,-inf,0,2,,
60,gnb1,2026-08-19T10:59:41.710047,380,BSR,0x46,,,,,,,,,,,,,,,0
60,gnb1,2026-08-19T10:59:42.173959,388,PUSCH,0x46,,,,,2,44,157,2,109.0,660,,,,,
60,gnb1,2026-08-19T10:59:42.174047,388,PHR,,,,,,,,,,,,,,,,
60,gnb1,2026-08-19T10:59:42.230694,390,PDSCH,0x46,6,63,2,0,,,,,,,,,,,
60,gnb1,2026-08-19T10:59:42.845551,400,BSR,0x46,,,,,,,,,,,,,,,0
60,gnb1,2026-08-19T10:59:42.904252,401,PUCCH_CQI,0x46,,,,,,,,,,,111.8,15,2,,
60,gnb1,2026-08-19T10:59:43.296725,408,PUSCH,0x46,,,,,2,8,517,4,111.4,475,,,,,
60,gnb1,2026-08-19T10:59:43.352162,409,PDSCH,0x46,3,7,2,0,,,,,,,,,,,
60,gnb1,2026-08-19T10:59:43.409520,410,PDSCH,0x46,3,41,2,0,,,,,,,,,,,
60,gnb1,2026-08-19T10:59:43.975267,420,BSR,0x46,,,,,,,,,,,,,,,0
60,gnb1,2026-08-19T10:59:44.414173,428,PUSCH,0x46,,,,,2,8,517,4,111.4,237,,,,,
60,gnb1,2026-08-19T10:59:44.469004,429,PDSCH,0x46,3,7,2,0,,,,,,,,,,,
60,gnb1,2026-08-19T10:59:44.531119,430,PDSCH,0x46,3,26,2,0,,,,,,,,,,,
60,gnb1,2026-08-19T10:59:45.120424,440,BSR,0x46,,,,,,,,,,,,,,,0
60,gnb1,2026-08-19T10:59:45.180006,441,PUCCH_CQI,0x46,,,,,,,,,,,111.8,15,2,,
60,gnb1,2026-08-19T10:59:45.584406,448,PHR,,,,,,,,,,,,,,,,
60,gnb1,2026-08-19T10:59:45.584407,448,PUSCH,0x46,,,,,2,8,517,4,111.4,268,,,,,
60,gnb1,2026-08-19T10:59:45.644501,449,PDSCH,0x46,3,7,2,0,,,,,,,,,,,
60,gnb1,2026-08-19T10:59:45.707036,450,PDSCH,0x46,3,18,2,0,,,,,,,,,,,
60,gnb1,2026-08-19T10:59:46.274524,460,BSR,0x46,,,,,,,,,,,,,,,0
60,gnb1,2026-08-19T10:59:46.753397,468,PUSCH,0x46,,,,,2,8,517,4,111.4,213,,,,,
60,gnb1,2026-08-19T10:59:46.810699,469,PDSCH,0x46,3,22,2,0,,,,,,,,,,,
60,gnb1,2026-08-19T10:59:47.444494,480,BSR,0x46,,,,,,,,,,,,,,,0
60,gnb1,2026-08-19T10:59:47.501185,481,PUCCH_CQI,0x46,,,,,,,,,,,111.8,15,2,,
60,gnb1,2026-08-19T10:59:47.918752,488,PUSCH,0x46,,,,,2,8,517,4,111.4,270,,,,,
60,gnb1,2026-08-19T10:59:47.979491,489,PDSCH,0x46,3,7,2,0,,,,,,,,,,,
60,gnb1,2026-08-19T10:59:48.033333,490,PDSCH,0x46,3,113,4,0,,,,,,,,,,,
60,gnb1,2026-08-19T10:59:48.605091,500,BSR,0x46,,,,,,,,,,,,,,,0
60,gnb1,2026-08-19T10:59:49.046815,508,PUSCH,0x46,,,,,2,8,517,4,111.4,201,,,,,
60,gnb1,2026-08-19T10:59:49.046820,508,PHR,,,,,,,,,,,,,,,,
60,gnb1,2026-08-19T10:59:49.104252,509,PDSCH,0x46,3,7,2,0,,,,,,,,,,,
60,gnb1,2026-08-19T10:59:49.160154,510,PDSCH,0x46,3,7,2,0,,,,,,,,,,,
60,gnb1,2026-08-19T10:59:49.329861,513,PDSCH,0x46,3,73,4,0,,,,,,,,,,,
60,gnb1,2026-08-19T10:59:49.799058,521,PUCCH_CQI,0x46,,,,,,,,,,,111.8,15,2a,,
60,gnb1,2026-08-19T10:59:50.911636,540,BSR,0x46,,,,,,,,,,,,,,,0
60,gnb1,2026-08-19T10:59:51.352475,548,PUSCH,0x46,,,,,2,8,517,4,111.4,265,,,,,
60,gnb1,2026-08-19T10:59:52.102806,561,PUCCH_CQI,0x46,,,,,,,,,,,111.8,15,2,,
60,gnb1,2026-08-19T10:59:54.439056,601,PUCCH_CQI,0x46,,,,,,,,,,,111.8,15,2,,
60,gnb1,2026-08-19T10:59:56.762098,641,PUCCH_CQI,0x46,,,,,,,,,,,111.8,15,2,,
60,gnb1,2026-08-19T10:59:59.076007,681,PUCCH_CQI,0x46,,,,,,,,,,,111.8,15,2,,
60,gnb1,2026-08-19T11:00:01.440675,721,PUCCH_CQI,0x46,,,,,,,,,,,111.8,15,2,,
60,gnb1,2026-08-19T11:00:03.728599,761,PUCCH_CQI,0x46,,,,,,,,,,,111.8,15,2,,
60,gnb1,2026-08-19T11:00:06.108127,801,PUCCH_CQI,0x46,,,,,,,,,,,111.8,15,2,,
60,gnb1,2026-08-19T11:00:08.411377,841,PUCCH_CQI,0x46,,,,,,,,,,,111.8,15,2,,
60,gnb1,2026-08-19T11:00:10.783907,881,PUCCH_CQI,0x46,,,,,,,,,,,111.8,15,2,,
60,gnb1,2026-08-19T11:00:13.107679,921,PUCCH_CQI,0x46,,,,,,,,,,,111.8,15,2,,
60,gnb1,2026-08-19T11:00:15.461085,961,PUCCH_CQI,0x46,,,,,,,,,,,111.8,15,2,,
60,gnb1,2026-08-19T11:00:17.828713,1001,PUCCH_CQI,0x46,,,,,,,,,,,111.8,15,2,,
60,gnb1,2026-08-19T11:00:20.227638,1041,PUCCH_CQI,0x46,,,,,,,,,,,111.8,15,2,,
60,gnb1,2026-08-19T11:00:22.584282,1081,PUCCH_CQI,0x46,,,,,,,,,,,111.8,15,2,,
60,gnb1,2026-08-19T11:00:24.963760,1121,PUCCH_CQI,0x46,,,,,,,,,,,111.8,15,2,,
60,gnb1,2026-08-19T11:00:27.281200,1161,PUCCH_CQI,0x46,,,,,,,,,,,111.8,15,2,,
60,gnb1,2026-08-19T11:00:29.701011,1201,PUCCH_CQI,0x46,,,,,,,,,,,111.8,15,2,,
60,gnb1,2026-08-19T11:00:32.055706,1241,PUCCH_CQI,0x46,,,,,,,,,,,111.8,15,2,,
60,gnb1,2026-08-19T11:00:33.209815,1260,BSR,0x46,,,,,,,,,,,,,,,0
60,gnb1,2026-08-19T11:00:33.716693,1268,PUSCH,0x46,,,,,2,8,517,4,111.4,548,,,,,
60,gnb1,2026-08-19T11:00:33.716765,1268,PHR,,,,,,,,,,,,,,,,
60,gnb1,2026-08-19T11:00:33.717449,1269,PDSCH,0x46,3,7,2,0,,,,,,,,,,,
60,gnb1,2026-08-19T11:00:33.773004,1270,PDSCH,0x46,3,145,6,0,,,,,,,,,,,
60,gnb1,2026-08-19T11:00:34.421903,1280,BSR,0x46,,,,,,,,,,,,,,,0
60,gnb1,2026-08-19T11:00:34.483547,1281,PUCCH_CQI,0x46,,,,,,,,,,,111.8,15,2,,
60,gnb1,2026-08-19T11:00:34.793142,1286,PDSCH,0x46,3,73,4,0,,,,,,,,,,,
60,gnb1,2026-08-19T11:00:34.911609,1288,PUSCH,0x46,,,,,2,8,517,4,111.4,385,,,,,
60,gnb1,2026-08-19T11:00:34.970169,1289,PDSCH,0x46,3,121,6,0,,,,,,,,,,,
60,gnb1,2026-08-19T11:00:35.629457,1300,BSR,0x46,,,,,,,,,,,,,,,0
60,gnb1,2026-08-19T11:00:36.071448,1308,PUSCH,0x46,,,,,2,8,517,4,111.4,215,,,,,
60,gnb1,2026-08-19T11:00:36.129283,1309,PDSCH,0x46,3,63,4,0,,,,,,,,,,,
60,gnb1,2026-08-19T11:00:36.726165,1319,PDSCH,0x46,3,7,2,0,,,,,,,,,,,
60,gnb1,2026-08-19T11:00:36.783799,1320,BSR,0x46,,,,,,,,,,,,,,,0
60,gnb1,2026-08-19T11:00:36.841016,1321,PUCCH_CQI,0x46,,,,,,,,,,,111.8,15,2,,
60,gnb1,2026-08-19T11:00:37.261723,1328,PUSCH,0x46,,,,,2,8,517,4,111.4,241,,,,,
60,gnb1,2026-08-19T11:00:37.261727,1328,PHR,,,,,,,,,,,,,,,,
60,gnb1,2026-08-19T11:00:37.323782,1329,PDSCH,0x46,3,121,6,0,,,,,,,,,,,
60,gnb1,2026-08-19T11:00:38.006816,1340,BSR,0x46,,,,,,,,,,,,,,,0
60,gnb1,2026-08-19T11:00:38.482472,1348,PUSCH,0x46,,,,,2,8,517,4,111.4,212,,,,,
60,gnb1,2026-08-19T11:00:38.544785,1349,PDSCH,0x46,3,73,4,0,,,,,,,,,,,
60,gnb1,2026-08-19T11:00:39.206875,1360,BSR,0x46,,,,,,,,,,,,,,,0
60,gnb1,2026-08-19T11:00:39.262979,1361,PUCCH_CQI,0x46,,,,,,,,,,,111.8,15,2,,
60,gnb1,2026-08-19T11:00:39.555711,1366,PDSCH,0x46,3,73,4,0,,,,,,,,,,,
60,gnb1,2026-08-19T11:00:39.676344,1368,PUSCH,0x46,,,,,2,8,517,4,111.4,218,,,,,
60,gnb1,2026-08-19T11:00:39.742694,1369,PDSCH,0x46,50,4587,6,0,,,,,,,,,,,
60,gnb1,2026-08-19T11:00:39.743713,1370,PDSCH,0x46,50,4587,6,0,,,,,,,,,,,
60,gnb1,2026-08-19T11:00:39.861826,1371,PDSCH,0x46,50,4587,6,0,,,,,,,,,,,
60,gnb1,2026-08-19T11:00:39.925867,1372,PDSCH,0x46,9,485,6,0,,,,,,,,,,,
60,gnb1,2026-08-19T11:00:40.402058,1380,BSR,0x46,,,,,,,,,,,,,,,0
60,gnb1,2026-08-19T11:00:40.870597,1388,PUSCH,0x46,,,,,2,8,517,4,111.4,248,,,,,
60,gnb1,2026-08-19T11:00:40.870621,1388,PHR,,,,,,,,,,,,,,,,
60,gnb1,2026-08-19T11:00:40.927689,1389,BSR,0x46,,,,,,,,,,,,,,,0
60,gnb1,2026-08-19T11:00:40.928393,1389,PDSCH,0x46,50,4587,6,0,,,,,,,,,,,
60,gnb1,2026-08-19T11:00:40.929228,1390,PDSCH,0x46,50,4587,6,0,,,,,,,,,,,
60,gnb1,2026-08-19T11:00:40.985072,1391,PDSCH,0x46,50,4587,6,0,,,,,,,,,,,
60,gnb1,2026-08-19T11:00:41.102763,1392,PDSCH,0x46,50,4587,6,0,,,,,,,,,,,
60,gnb1,2026-08-19T11:00:41.103604,1393,PDSCH,0x46,18,1431,6,0,,,,,,,,,,,
60,gnb1,2026-08-19T11:00:41.403034,1397,PUSCH,0x46,,,,,2,2,185,4,117.9,184,,,,,
60,gnb1,2026-08-19T11:00:41.403122,1397,BSR,0x46,,,,,,,,,,,,,,,0
60,gnb1,2026-08-19T11:00:41.464498,1398,PDSCH,0x46,50,4587,6,0,,,,,,,,,,,
60,gnb1,2026-08-19T11:00:41.465552,1399,PDSCH,0x46,50,3963,6,0,,,,,,,,,,,
60,gnb1,2026-08-19T11:00:41.576214,1400,BSR,0x46,,,,,,,,,,,,,,,0
60,gnb1,2026-08-19T11:00:41.633292,1401,PUCCH_CQI,0x46,,,,,,,,,,,111.8,15,2a,,
60,gnb1,2026-08-19T11:00:41.884118,1405,PUSCH,0x46,,,,,2,2,185,4,117.9,112,,,,,
60,gnb1,2026-08-19T11:00:41.948168,1406,BSR,0x46,,,,,,,,,,,,,,,0
60,gnb1,2026-08-19T11:00:42.009508,1408,PUSCH,0x46,,,,,2,5,349,4,118.0,265,,,,,
60,gnb1,2026-08-19T11:00:42.009588,1408,BSR,0x46,,,,,,,,,,,,,,,0
60,gnb1,2026-08-19T11:00:42.125603,1409,BSR,0x46,,,,,,,,,,,,,,,0
60,gnb1,2026-08-19T11:00:42.126346,1409,PDSCH,0x46,50,4587,6,0,,,,,,,,,,,
60,gnb1,2026-08-19T11:00:42.127194,1410,PDSCH,0x46,50,4587,6,0,,,,,,,,,,,
60,gnb1,2026-08-19T11:00:42.187195,1411,PDSCH,0x46,50,4587,6,0,,,,,,,,,,,
60,gnb1,2026-08-19T11:00:42.302494,1412,PDSCH,0x46,6,325,6,0,,,,,,,,,,,
60,gnb1,2026-08-19T11:00:42.425708,1414,PUSCH,0x46,,,,,2,5,373,4,117.9,359,,,,,
60,gnb1,2026-08-19T11:00:42.425788,1414,BSR,0x46,,,,,,,,,,,,,,,0
60,gnb1,2026-08-19T11:00:42.426287,1415,BSR,0x46,,,,,,,,,,,,,,,0
60,gnb1,2026-08-19T11:00:42.532133,1416,PUSCH,0x46,,,,,2,5,349,4,117.9,161,,,,,
60,gnb1,2026-08-19T11:00:42.532225,1416,BSR,0x46,,,,,,,,,,,,,,,0
60,gnb1,2026-08-19T11:00:42.532710,1416,PDSCH,0x46,50,4587,6,0,,,,,,,,,,,
60,gnb1,2026-08-19T11:00:42.533265,1417,PUSCH,0x46,,,,,2,3,249,4,117.9,181,,,,,
60,gnb1,2026-08-19T11:00:42.533815,1417,PDSCH,0x46,50,4587,6,0,,,,,,,,,,,
60,gnb1,2026-08-19T11:00:42.587317,1418,PDSCH,0x46,50,4587,6,0,,,,,,,,,,,
60,gnb1,2026-08-19T11:00:42.707093,1419,PDSCH,0x46,50,4587,6,0,,,,,,,,,,,
60,gnb1,2026-08-19T11:00:42.708066,1420,PDSCH,0x46,50,4587,6,0,,,,,,,,,,,
60,gnb1,2026-08-19T11:00:42.766611,1421,PDSCH,0x46,47,4395,6,0,,,,,,,,,,,
60,gnb1,2026-08-19T11:00:42.861374,1422,PUSCH,0x46,,,,,2,5,373,4,118.0,223,,,,,
60,gnb1,2026-08-19T11:00:42.861984,1422,PDSCH,0x46,50,4587,6,0,,,,,,,,,,,
60,gnb1,2026-08-19T11:00:42.862312,1423,PUSCH,0x46,,,,,2,4,269,4,117.9,162,,,,,
60,gnb1,2026-08-19T11:00:42.862812,1423,PDSCH,0x46,50,4587,6,0,,,,,,,,,,,
60,gnb1,2026-08-19T11:00:42.917333,1424,PUSCH,0x46,,,,,2,5,349,4,117.9,228,,,,,
60,gnb1,2026-08-19T11:00:42.917418,1424,BSR,0x46,,,,,,,,,,,,,,,0
60,gnb1,2026-08-19T11:00:42.918012,1424,PDSCH,0x46,50,4587,6,0,,,,,,,,,,,
60,gnb1,2026-08-19T11:00:43.040156,1425,PDSCH,0x46,50,4587,6,0,,,,,,,,,,,
60,gnb1,2026-08-19T11:00:43.041098,1426,PDSCH,0x46,50,4587,6,0,,,,,,,,,,,
60,gnb1,2026-08-19T11:00:43.096907,1427,PDSCH,0x46,50,4587,6,0,,,,,,,,,,,
60,gnb1,2026-08-19T11:00:43.216935,1428,PDSCH,0x46,50,4587,6,0,,,,,,,,,,,
60,gnb1,2026-08-19T11:00:43.217911,1429,PDSCH,0x46,50,4587,6,0,,,,,,,,,,,
60,gnb1,2026-08-19T11:00:43.272548,1430,PDSCH,0x46,50,4587,6,0,,,,,,,,,,,
60,gnb1,2026-08-19T11:00:43.392015,1431,PDSCH,0x46,21,1692,6,0,,,,,,,,,,,
60,gnb1,2026-08-19T11:00:43.392573,1432,PUSCH,0x46,,,,,2,8,517,4,111.4,231,,,,,
60,gnb1,2026-08-19T11:00:43.449297,1433,BSR,0x46,,,,,,,,,,,,,,,37
60,gnb1,2026-08-19T11:00:43.449828,1433,PDSCH,0x46,50,4587,6,0,,,,,,,,,,,
60,gnb1,2026-08-19T11:00:43.505840,1434,BSR,0x46,,,,,,,,,,,,,,,0
60,gnb1,2026-08-19T11:00:43.506446,1434,PDSCH,0x46,50,4587,6,0,,,,,,,,,,,
60,gnb1,2026-08-19T11:00:43.624329,1435,PDSCH,0x46,50,4587,6,0,,,,,,,,,,,
60,gnb1,2026-08-19T11:00:43.625450,1436,PDSCH,0x46,50,4587,6,0,,,,,,,,,,,
60,gnb1,2026-08-19T11:00:43.727463,1437,PDSCH,0x46,50,4587,6,0,,,,,,,,,,,
60,gnb1,2026-08-19T11:00:43.728224,1438,PDSCH,0x46,30,2385,6,0,,,,,,,,,,,
60,gnb1,2026-08-19T11:00:43.953797,1441,PUSCH,0x46,,,,,10,14,935,4,104.5,406,,,,,
60,gnb1,2026-08-19T11:00:43.953847,1441,PHR,,,,,,,,,,,,,,,,
60,gnb1,2026-08-19T11:00:43.953867,1441,BSR,0x46,,,,,,,,,,,,,,,0
60,gnb1,2026-08-19T11:00:43.954623,1442,PUSCH,0x46,,,,,2,0,41,4,117.9,193,,,,,
60,gnb1,2026-08-19T11:00:43.954694,1442,BSR,0x46,,,,,,,,,,,,,,,0
60,gnb1,2026-08-19T11:00:44.006631,1443,BSR,0x46,,,,,,,,,,,,,,,0
60,gnb1,2026-08-19T11:00:44.007218,1443,PDSCH,0x46,50,4587,6,0,,,,,,,,,,,
60,gnb1,2026-08-19T11:00:44.088702,1444,PDSCH,0x46,50,4587,6,0,,,,,,,,,,,
60,gnb1,2026-08-19T11:00:44.089924,1445,PDSCH,0x46,47,4395,6,0,,,,,,,,,,,
60,gnb1,2026-08-19T11:00:44.205479,1446,PDSCH,0x46,50,4587,6,0,,,,,,,,,,,
60,gnb1,2026-08-19T11:00:44.206142,1447,PDSCH,0x46,50,4587,6,0,,,,,,,,,,,
60,gnb1,2026-08-19T11:00:44.261881,1448,PDSCH,0x46,50,4587,6,0,,,,,,,,,,,
60,gnb1,2026-08-19T11:00:44.386699,1449,PUSCH,0x46,,,,,2,14,935,4,107.4,465,,,,,
60,gnb1,2026-08-19T11:00:44.386773,1449,BSR,0x46,,,,,,,,,,,,,,,0
60,gnb1,2026-08-19T11:00:44.387354,1449,PDSCH,0x46,50,4587,6,0,,,,,,,,,,,
60,gnb1,2026-08-19T11:00:44.387515,1450,PUSCH,0x46,,,,,2,0,41,4,117.8,173,,,,,
60,gnb1,2026-08-19T11:00:44.387576,1450,BSR,0x46,,,,,,,,,,,,,,,0
60,gnb1,2026-08-19T11:00:44.388076,1450,PDSCH,0x46,50,4587,6,0,,,,,,,,,,,
60,gnb1,2026-08-19T11:00:44.502861,1451,PUSCH,0x46,,,,,10,8,517,4,104.5,357,,,,,
60,gnb1,2026-08-19T11:00:44.502960,1451,BSR,0x46,,,,,,,,,,,,,,,0
60,gnb1,2026-08-19T11:00:44.503606,1451,PDSCH,0x46,50,4587,6,0,,,,,,,,,,,
60,gnb1,2026-08-19T11:00:44.503612,1452,BSR,0x46,,,,,,,,,,,,,,,0
60,gnb1,2026-08-19T11:00:44.504280,1452,PDSCH,0x46,50,4587,6,0,,,,,,,,,,,
60,gnb1,2026-08-19T11:00:44.559521,1453,PDSCH,0x46,50,4587,6,0,,,,,,,,,,,
60,gnb1,2026-08-19T11:00:44.670946,1454,PDSCH,0x46,50,4587,6,0,,,,,,,,,,,
60,gnb1,2026-08-19T11:00:44.671646,1455,PDSCH,0x46,47,4395,6,0,,,,,,,,,,,
60,gnb1,2026-08-19T11:00:44.726634,1456,PDSCH,0x46,50,4587,6,0,,,,,,,,,,,
60,gnb1,2026-08-19T11:00:44.842891,1457,PUSCH,0x46,,,,,2,14,935,4,107.4,496,,,,,
60,gnb1,2026-08-19T11:00:44.843020,1457,BSR,0x46,,,,,,,,,,,,,,,0
60,gnb1,2026-08-19T11:00:44.843608,1458,PUSCH,0x46,,,,,2,0,32,4,117.8,132,,,,,
60,gnb1,2026-08-19T11:00:44.843687,1457,PDSCH,0x46,50,4587,6,0,,,,,,,,,,,
60,gnb1,2026-08-19T11:00:44.844166,1458,PDSCH,0x46,50,4587,6,0,,,,,,,,,,,
60,gnb1,2026-08-19T11:00:44.896982,1459,PUSCH,0x46,,,,,2,15,1063,4,107.2,516,,,,,
60,gnb1,2026-08-19T11:00:44.897066,1459,BSR,0x46,,,,,,,,,,,,,,,0
60,gnb1,2026-08-19T11:00:44.897649,1459,PDSCH,0x46,50,4587,6,0,,,,,,,,,,,
60,gnb1,2026-08-19T11:00:45.000351,1460,PUSCH,0x46,,,,,2,3,233,4,117.9,211,,,,,
60,gnb1,2026-08-19T11:00:45.000455,1460,BSR,0x46,,,,,,,,,,,,,,,0
60,gnb1,2026-08-19T11:00:45.000987,1460,PDSCH,0x46,50,4587,6,0,,,,,,,,,,,
60,gnb1,2026-08-19T11:00:45.001854,1461,PDSCH,0x46,47,4395,6,0,,,,,,,,,,,
60,gnb1,2026-08-19T11:00:45.055602,1462,PDSCH,0x46,50,4587,6,0,,,,,,,,,,,
60,gnb1,2026-08-19T11:00:45.158671,1463,PDSCH,0x46,50,4587,6,0,,,,,,,,,,,
60,gnb1,2026-08-19T11:00:45.159700,1464,PDSCH,0x46,50,4587,6,0,,,,,,,,,,,
60,gnb1,2026-08-19T11:00:45.201670,1465,PUSCH,0x46,,,,,2,14,935,4,107.4,390,,,,,
60,gnb1,2026-08-19T11:00:45.201797,1465,BSR,0x46,,,,,,,,,,,,,,,0
60,gnb1,2026-08-19T11:00:45.202130,1465,PDSCH,0x46,30,2292,6,0,,,,,,,,,,,
60,gnb1,2026-08-19T11:00:45.310566,1466,BSR,0x46,,,,,,,,,,,,,,,0
60,gnb1,2026-08-19T11:00:45.311206,1466,PDSCH,0x46,50,4587,6,0,,,,,,,,,,,
60,gnb1,2026-08-19T11:00:45.312069,1467,PUSCH,0x46,,,,,2,14,999,4,107.4,448,,,,,
60,gnb1,2026-08-19T11:00:45.312151,1467,BSR,0x46,,,,,,,,,,,,,,,0
60,gnb1,2026-08-19T11:00:45.312715,1467,PDSCH,0x46,50,4587,6,0,,,,,,,,,,,
60,gnb1,2026-08-19T11:00:45.362842,1468,PUSCH,0x46,,,,,2,8,573,4,111.4,293,,,,,
60,gnb1,2026-08-19T11:00:45.362947,1468,BSR,0x46,,,,,,,,,,,,,,,0
60,gnb1,2026-08-19T11:00:45.363769,1468,PDSCH,0x46,50,4587,6,0,,,,,,,,,,,
60,gnb1,2026-08-19T11:00:45.473355,1469,BSR,0x46,,,,,,,,,,,,,,,0
60,gnb1,2026-08-19T11:00:45.473877,1469,PDSCH,0x46,50,4587,6,0,,,,,,,,,,,
60,gnb1,2026-08-19T11:00:45.475039,1470,PDSCH,0x46,50,4587,6,0,,,,,,,,,,,
60,gnb1,2026-08-19T11:00:45.578114,1471,PDSCH,0x46,50,4587,6,0,,,,,,,,,,,
60,gnb1,2026-08-19T11:00:45.579208,1472,PDSCH,0x46,50,4587,6,0,,,,,,,,,,,
60,gnb1,2026-08-19T11:00:45.632683,1473,PUSCH,0x46,,,,,2,14,935,4,107.4,316,,,,,
60,gnb1,2026-08-19T11:00:45.632768,1473,BSR,0x46,,,,,,,,,,,,,,,0
60,gnb1,2026-08-19T11:00:45.633315,1473,PDSCH,0x46,50,4587,6,0,,,,,,,,,,,
60,gnb1,2026-08-19T11:00:45.747396,1474,PUSCH,0x46,,,,,2,3,249,4,117.9,213,,,,,
60,gnb1,2026-08-19T11:00:45.747490,1474,BSR,0x46,,,,,,,,,,,,,,,0
60,gnb1,2026-08-19T11:00:45.748132,1474,PDSCH,0x46,50,4587,6,0,,,,,,,,,,,
60,gnb1,2026-08-19T11:00:45.748645,1475,PUSCH,0x46,,,,,2,14,999,4,107.4,398,,,,,
60,gnb1,2026-08-19T11:00:45.748737,1475,BSR,0x46,,,,,,,,,,,,,,,12
60,gnb1,2026-08-19T11:00:45.749260,1475,PDSCH,0x46,50,4587,6,0,,,,,,,,,,,
60,gnb1,2026-08-19T11:00:45.804941,1476,PUSCH,0x46,,,,,2,14,871,4,107.4,328,,,,,
60,gnb1,2026-08-19T11:00:45.805655,1476,PDSCH,0x46,50,4587,6,0,,,,,,,,,,,
60,gnb1,2026-08-19T11:00:45.914558,1477,PUSCH,0x46,,,,,2,3,217,4,117.9,152,,,,,
60,gnb1,2026-08-19T11:00:45.915049,1477,PDSCH,0x46,50,4587,6,0,,,,,,,,,,,
60,gnb1,2026-08-19T11:00:45.916040,1478,PDSCH,0x46,50,4587,6,0,,,,,,,,,,,
60,gnb1,2026-08-19T11:00:45.967816,1479,PDSCH,0x46,50,4587,6,0,,,,,,,,,,,
60,gnb1,2026-08-19T11:00:46.068087,1480,PDSCH,0x46,50,4587,6,0,,,,,,,,,,,
60,gnb1,2026-08-19T11:00:46.068856,1481,PUSCH,0x46,,,,,10,14,935,4,104.5,481,,,,,
60,gnb1,2026-08-19T11:00:46.069592,1481,PDSCH,0x46,47,4395,6,0,,,,,,,,,,,
60,gnb1,2026-08-19T11:00:46.124119,1482,PUSCH,0x46,,,,,2,7,501,4,114.2,235,,,,,
60,gnb1,2026-08-19T11:00:46.124788,1482,PDSCH,0x46,50,4587,6,0,,,,,,,,,,,
60,gnb1,2026-08-19T11:00:46.226356,1483,PUSCH,0x46,,,,,2,19,1239,4,106.5,440,,,,,
60,gnb1,2026-08-19T11:00:46.226441,1483,BSR,0x46,,,,,,,,,,,,,,,0
60,gnb1,2026-08-19T11:00:46.226895,1483,PDSCH,0x46,50,4587,6,0,,,,,,,,,,,
60,gnb1,2026-08-19T11:00:46.227613,1484,PDSCH,0x46,50,4587,6,0,,,,,,,,,,,
60,gnb1,2026-08-19T11:00:46.281860,1485,PDSCH,0x46,50,4587,6,0,,,,,,,,,,,
60,gnb1,2026-08-19T11:00:46.375337,1486,PDSCH,0x46,50,4587,6,0,,,,,,,,,,,
60,gnb1,2026-08-19T11:00:46.422386,1487,PDSCH,0x46,50,4587,6,0,,,,,,,,,,,
60,gnb1,2026-08-19T11:00:46.471578,1488,PDSCH,0x46,50,4587,6,0,,,,,,,,,,,
60,gnb1,2026-08-19T11:00:46.527505,1489,PDSCH,0x46,50,4587,6,0,,,,,,,,,,,
60,gnb1,2026-08-19T11:00:46.528527,1490,PDSCH,0x46,50,4587,6,0,,,,,,,,,,,
60,gnb1,2026-08-19T11:00:46.582589,1491,PUSCH,0x46,,,,,10,8,517,4,104.5,243,,,,,
60,gnb1,2026-08-19T11:00:46.582677,1491,PHR,,,,,,,,,,,,,,,,
60,gnb1,2026-08-19T11:00:46.583226,1491,PDSCH,0x46,50,4587,6,0,,,,,,,,,,,
60,gnb1,2026-08-19T11:00:46.682560,1492,BSR,0x46,,,,,,,,,,,,,,,0
60,gnb1,2026-08-19T11:00:46.683142,1492,PDSCH,0x46,50,4587,6,0,,,,,,,,,,,
60,gnb1,2026-08-19T11:00:46.684178,1493,PDSCH,0x46,50,4587,6,0,,,,,,,,,,,
60,gnb1,2026-08-19T11:00:46.741521,1494,PDSCH,0x46,50,4587,6,0,,,,,,,,,,,
60,gnb1,2026-08-19T11:00:46.801330,1495,PDSCH,0x46,50,4587,6,0,,,,,,,,,,,
60,gnb1,2026-08-19T11:00:46.912664,1496,PDSCH,0x46,50,4587,6,0,,,,,,,,,,,
60,gnb1,2026-08-19T11:00:46.913430,1497,PDSCH,0x46,50,4587,6,0,,,,,,,,,,,
60,gnb1,2026-08-19T11:00:47.015599,1498,PDSCH,0x46,50,4587,6,0,,,,,,,,,,,
60,gnb1,2026-08-19T11:00:47.016558,1499,PDSCH,0x46,50,4587,6,0,,,,,,,,,,,
60,gnb1,2026-08-19T11:00:47.123284,1500,PUSCH,0x46,,,,,2,14,999,4,107.4,377,,,,,
60,gnb1,2026-08-19T11:00:47.123452,1500,BSR,0x46,,,,,,,,,,,,,,,0
60,gnb1,2026-08-19T11:00:47.124123,1500,PDSCH,0x46,50,4587,6,0,,,,,,,,,,,
60,gnb1,2026-08-19T11:00:47.124217,1501,BSR,0x46,,,,,,,,,,,,,,,0
60,gnb1,2026-08-19T11:00:47.124751,1501,PDSCH,0x46,47,4395,6,0,,,,,,,,,,,
60,gnb1,2026-08-19T11:00:47.185757,1502,PDSCH,0x46,50,4587,6,0,,,,,,,,,,,
60,gnb1,2026-08-19T11:00:47.301660,1503,PDSCH,0x46,50,4587,6,0,,,,,,,,,,,
60,gnb1,2026-08-19T11:00:47.302711,1504,PDSCH,0x46,50,4587,6,0,,,,,,,,,,,
60,gnb1,2026-08-19T11:00:47.359659,1505,PDSCH,0x46,50,4587,6,0,,,,,,,,,,,
60,gnb1,2026-08-19T11:00:47.460140,1506,PDSCH,0x46,50,4587,6,0,,,,,,,,,,,
60,gnb1,2026-08-19T11:00:47.460999,1507,PDSCH,0x46,50,4587,6,0,,,,,,,,,,,
60,gnb1,2026-08-19T11:00:47.515328,1508,PUSCH,0x46,,,,,2,14,999,4,107.4,415,,,,,
60,gnb1,2026-08-19T11:00:47.515459,1508,BSR,0x46,,,,,,,,,,,,,,,0
60,gnb1,2026-08-19T11:00:47.515953,1508,PDSCH,0x46,50,4587,6,0,,,,,,,,,,,
60,gnb1,2026-08-19T11:00:47.621551,1509,PUSCH,0x46,,,,,2,3,233,4,117.9,131,,,,,
60,gnb1,2026-08-19T11:00:47.621692,1509,BSR,0x46,,,,,,,,,,,,,,,0
60,gnb1,2026-08-19T11:00:47.622312,1509,PDSCH,0x46,50,4587,6,0,,,,,,,,,,,
60,gnb1,2026-08-19T11:00:47.622536,1510,BSR,0x46,,,,,,,,,,,,,,,0
60,gnb1,2026-08-19T11:00:47.622929,1510,PDSCH,0x46,50,4587,6,0,,,,,,,,,,,
60,gnb1,2026-08-19T11:00:47.735386,1511,PDSCH,0x46,50,4587,6,0,,,,,,,,,,,
60,gnb1,2026-08-19T11:00:47.736390,1512,PDSCH,0x46,50,4587,6,0,,,,,,,,,,,
60,gnb1,2026-08-19T11:00:47.845805,1513,PDSCH,0x46,50,4587,6,0,,,,,,,,,,,
60,gnb1,2026-08-19T11:00:47.846511,1514,PDSCH,0x46,50,4587,6,0,,,,,,,,,,,
60,gnb1,2026-08-19T11:00:47.893420,1515,PDSCH,0x46,50,4587,6,0,,,,,,,,,,,
60,gnb1,2026-08-19T11:00:48.004288,1516,PUSCH,0x46,,,,,2,14,999,4,107.4,373,,,,,
60,gnb1,2026-08-19T11:00:48.004433,1516,BSR,0x46,,,,,,,,,,,,,,,0
60,gnb1,2026-08-19T11:00:48.005205,1516,PDSCH,0x46,50,4587,6,0,,,,,,,,,,,
60,gnb1,2026-08-19T11:00:48.005291,1517,PUSCH,0x46,,,,,2,7,501,4,114.2,258,,,,,
60,gnb1,2026-08-19T11:00:48.005367,1517,BSR,0x46,,,,,,,,,,,,,,,0
60,gnb1,2026-08-19T11:00:48.006020,1517,PDSCH,0x46,50,4587,6,0,,,,,,,,,,,
60,gnb1,2026-08-19T11:00:48.053790,1518,PUSCH,0x46,,,,,2,3,249,4,117.9,132,,,,,
60,gnb1,2026-08-19T11:00:48.053871,1518,BSR,0x46,,,,,,,,,,,,,,,0
60,gnb1,2026-08-19T11:00:48.054414,1518,PDSCH,0x46,50,4587,6,0,,,,,,,,,,,
60,gnb1,2026-08-19T11:00:48.168620,1519,PDSCH,0x46,50,4587,6,0,,,,,,,,,,,
60,gnb1,2026-08-19T11:00:48.220732,1521,PUCCH_CQI,0x46,,,,,,,,,,,111.8,15,2a,,
60,gnb1,2026-08-19T11:00:48.409069,1524,PUSCH,0x46,,,,,2,44,2865,4,109.0,1098,,,,,
60,gnb1,2026-08-19T11:00:48.409121,1524,BSR,0x46,,,,,,,,,,,,,,,0
60,gnb1,2026-08-19T11:00:48.409246,1525,PUSCH,0x46,,,,,2,4,309,4,118.0,224,,,,,
60,gnb1,2026-08-19T11:00:48.409293,1525,BSR,0x46,,,,,,,,,,,,,,,0
60,gnb1,2026-08-19T11:00:48.455958,1526,PUSCH,0x46,,,,,2,14,871,4,107.4,406,,,,,
60,gnb1,2026-08-19T11:00:48.456085,1526,BSR,0x46,,,,,,,,,,,,,,,0
60,gnb1,2026-08-19T11:00:48.456918,1526,PDSCH,0x46,50,4587,6,0,,,,,,,,,,,
60,gnb1,2026-08-19T11:00:48.557137,1527,BSR,0x46,,,,,,,,,,,,,,,0
60,gnb1,2026-08-19T11:00:48.557659,1527,PDSCH,0x46,50,4587,6,0,,,,,,,,,,,
60,gnb1,2026-08-19T11:00:48.558519,1528,PDSCH,0x46,50,4587,6,0,,,,,,,,,,,
60,gnb1,2026-08-19T11:00:48.653912,1529,PDSCH,0x46,50,4587,6,0,,,,,,,,,,,
60,gnb1,2026-08-19T11:00:48.708269,1530,PDSCH,0x46,50,4587,6,0,,,,,,,,,,,
60,gnb1,2026-08-19T11:00:48.747081,1531,PDSCH,0x46,50,4587,6,0,,,,,,,,,,,
60,gnb1,2026-08-19T11:00:48.748401,1532,PUSCH,0x46,,,,,2,44,2865,4,109.0,940,,,,,
60,gnb1,2026-08-19T11:00:48.748459,1532,BSR,0x46,,,,,,,,,,,,,,,0
60,gnb1,2026-08-19T11:00:48.748913,1532,PDSCH,0x46,50,4587,6,0,,,,,,,,,,,
60,gnb1,2026-08-19T11:00:48.797440,1533,PUSCH,0x46,,,,,2,4,269,4,117.9,206,,,,,
60,gnb1,2026-08-19T11:00:48.797558,1533,BSR,0x46,,,,,,,,,,,,,,,0
60,gnb1,2026-08-19T11:00:48.798064,1533,PDSCH,0x46,50,4587,6,0,,,,,,,,,,,
60,gnb1,2026-08-19T11:00:48.900495,1534,PUSCH,0x46,,,,,2,29,1908,4,107.3,711,,,,,
60,gnb1,2026-08-19T11:00:48.900650,1534,BSR,0x46,,,,,,,,,,,,,,,0
60,gnb1,2026-08-19T11:00:48.900890,1535,PUSCH,0x46,,,,,2,2,145,4,117.9,114,,,,,
60,gnb1,2026-08-19T11:00:48.900957,1535,BSR,0x46,,,,,,,,,,,,,,,0
60,gnb1,2026-08-19T11:00:48.901228,1534,PDSCH,0x46,50,4587,6,0,,,,,,,,,,,
60,gnb1,2026-08-19T11:00:48.901381,1535,PDSCH,0x46,50,4587,6,0,,,,,,,,,,,
60,gnb1,2026-08-19T11:00:48.954430,1536,PDSCH,0x46,50,4587,6,0,,,,,,,,,,,
60,gnb1,2026-08-19T11:00:49.005963,1537,PDSCH,0x46,50,4587,6,0,,,,,,,,,,,
60,gnb1,2026-08-19T11:00:49.088652,1538,PDSCH,0x46,50,4587,6,0,,,,,,,,,,,
60,gnb1,2026-08-19T11:00:49.089918,1539,PDSCH,0x46,50,4587,6,0,,,,,,,,,,,
60,gnb1,2026-08-19T11:00:49.194816,1540,PUSCH,0x46,,,,,2,44,2865,4,109.0,1010,,,,,
60,gnb1,2026-08-19T11:00:49.195114,1541,PUSCH,0x46,,,,,10,8,573,4,104.5,226,,,,,
60,gnb1,2026-08-19T11:00:49.195474,1541,PHR,,,,,,,,,,,,,,,,
60,gnb1,2026-08-19T11:00:49.195496,1540,PDSCH,0x46,50,4587,6,0,,,,,,,,,,,
60,gnb1,2026-08-19T11:00:49.195692,1541,PDSCH,0x46,47,4395,6,0,,,,,,,,,,,
60,gnb1,2026-08-19T11:00:49.241792,1542,PUSCH,0x46,,,,,2,31,2124,4,107.6,723,,,,,
60,gnb1,2026-08-19T11:00:49.242612,1542,PDSCH,0x46,50,4587,6,0,,,,,,,,,,,
60,gnb1,2026-08-19T11:00:49.343786,1543,PUSCH,0x46,,,,,2,2,145,4,117.9,152,,,,,
60,gnb1,2026-08-19T11:00:49.344602,1543,PDSCH,0x46,50,4587,6,0,,,,,,,,,,,
60,gnb1,2026-08-19T11:00:49.345257,1544,PDSCH,0x46,50,4587,6,0,,,,,,,,,,,
60,gnb1,2026-08-19T11:00:49.403390,1545,PDSCH,0x46,50,4587,6,0,,,,,,,,,,,
60,gnb1,2026-08-19T11:00:49.509094,1546,PDSCH,0x46,50,4587,6,0,,,,,,,,,,,
60,gnb1,2026-08-19T11:00:49.510035,1547,PDSCH,0x46,50,4587,6,0,,,,,,,,,,,
60,gnb1,2026-08-19T11:00:49.558055,1548,PDSCH,0x46,50,4587,6,0,,,,,,,,,,,
60,gnb1,2026-08-19T11:00:49.671580,1549,PDSCH,0x46,50,4587,6,0,,,,,,,,,,,
60,gnb1,2026-08-19T11:00:49.672399,1550,PDSCH,0x46,50,4587,6,0,,,,,,,,,,,
60,gnb1,2026-08-19T11:00:49.765261,1551,PDSCH,0x46,50,4587,6,0,,,,,,,,,,,
60,gnb1,2026-08-19T11:00:49.766216,1552,PDSCH,0x46,50,4587,6,0,,,,,,,,,,,
60,gnb1,2026-08-19T11:00:49.816573,1553,PDSCH,0x46,50,4587,6,0,,,,,,,,,,,
60,gnb1,2026-08-19T11:00:49.919356,1554,PDSCH,0x46,50,4587,6,0,,,,,,,,,,,
60,gnb1,2026-08-19T11:00:49.920196,1555,PDSCH,0x46,50,4587,6,0,,,,,,,,,,,
60,gnb1,2026-08-19T11:00:49.963099,1556,PDSCH,0x46,50,4587,6,0,,,,,,,,,,,
60,gnb1,2026-08-19T11:00:50.015415,1557,PDSCH,0x46,50,4587,6,0,,,,,,,,,,,
60,gnb1,2026-08-19T11:00:50.115682,1558,PDSCH,0x46,50,4587,6,0,,,,,,,,,,,
60,gnb1,2026-08-19T11:00:50.116626,1559,PDSCH,0x46,50,4587,6,0,,,,,,,,,,,
60,gnb1,2026-08-19T11:00:50.221975,1560,BSR,0x46,,,,,,,,,,,,,,,0
60,gnb1,2026-08-19T11:00:50.222580,1560,PDSCH,0x46,50,4587,6,0,,,,,,,,,,,
60,gnb1,2026-08-19T11:00:50.222960,1561,PUCCH_CQI,0x46,,,,,,,,,,,111.8,15,2a,,
60,gnb1,2026-08-19T11:00:50.223470,1561,PDSCH,0x46,47,4395,6,0,,,,,,,,,,,
60,gnb1,2026-08-19T11:00:50.275375,1562,PDSCH,0x46,50,4587,6,0,,,,,,,,,,,
60,gnb1,2026-08-19T11:00:50.381467,1563,PDSCH,0x46,50,4587,6,0,,,,,,,,,,,
60,gnb1,2026-08-19T11:00:50.382342,1564,PDSCH,0x46,50,4587,6,0,,,,,,,,,,,
60,gnb1,2026-08-19T11:00:50.434811,1565,PDSCH,0x46,50,4587,6,0,,,,,,,,,,,
60,gnb1,2026-08-19T11:00:50.537547,1566,PDSCH,0x46,50,4587,6,0,,,,,,,,,,,
60,gnb1,2026-08-19T11:00:50.538502,1567,PDSCH,0x46,50,4587,6,0,,,,,,,,,,,
60,gnb1,2026-08-19T11:00:50.584478,1568,PUSCH,0x46,,,,,2,8,517,4,111.4,173,,,,,
60,gnb1,2026-08-19T11:00:50.584966,1568,PDSCH,0x46,50,4587,6,0,,,,,,,,,,,
60,gnb1,2026-08-19T11:00:50.691803,1569,BSR,0x46,,,,,,,,,,,,,,,0
60,gnb1,2026-08-19T11:00:50.692608,1569,PDSCH,0x46,50,4587,6,0,,,,,,,,,,,
60,gnb1,2026-08-19T11:00:50.693292,1570,PDSCH,0x46,50,4587,6,0,,,,,,,,,,,
60,gnb1,2026-08-19T11:00:50.736126,1571,PDSCH,0x46,50,4587,6,0,,,,,,,,,,,
60,gnb1,2026-08-19T11:00:50.804581,1572,PDSCH,0x46,50,4587,6,0,,,,,,,,,,,
60,gnb1,2026-08-19T11:00:50.852665,1573,PDSCH,0x46,50,4587,6,0,,,,,,,,,,,
60,gnb1,2026-08-19T11:00:50.853587,1574,PDSCH,0x46,50,4587,6,0,,,,,,,,,,,
60,gnb1,2026-08-19T11:00:50.945985,1575,PDSCH,0x46,50,4587,6,0,,,,,,,,,,,
60,gnb1,2026-08-19T11:00:50.947018,1576,PDSCH,0x46,50,4587,6,0,,,,,,,,,,,
60,gnb1,2026-08-19T11:00:51.046054,1577,PUSCH,0x46,,,,,2,29,1908,4,107.3,559,,,,,
60,gnb1,2026-08-19T11:00:51.046154,1577,BSR,0x46,,,,,,,,,,,,,,,0
60,gnb1,2026-08-19T11:00:51.047008,1577,PDSCH,0x46,50,4587,6,0,,,,,,,,,,,
60,gnb1,2026-08-19T11:00:51.047097,1578,PDSCH,0x46,50,4587,6,0,,,,,,,,,,,
60,gnb1,2026-08-19T11:00:51.100738,1579,BSR,0x46,,,,,,,,,,,,,,,0
60,gnb1,2026-08-19T11:00:51.101231,1579,PDSCH,0x46,50,4587,6,0,,,,,,,,,,,
60,gnb1,2026-08-19T11:00:51.201969,1580,PDSCH,0x46,50,4587,6,0,,,,,,,,,,,
60,gnb1,2026-08-19T11:00:51.202768,1581,PDSCH,0x46,47,4395,6,0,,,,,,,,,,,
60,gnb1,2026-08-19T11:00:51.255973,1582,PDSCH,0x46,50,4587,6,0,,,,,,,,,,,
60,gnb1,2026-08-19T11:00:51.358547,1583,PDSCH,0x46,50,4587,6,0,,,,,,,,,,,
60,gnb1,2026-08-19T11:00:51.359215,1584,PDSCH,0x46,3,113,4,0,,,,,,,,,,,
60,gnb1,2026-08-19T11:00:51.460711,1585,PUSCH,0x46,,,,,2,29,1908,4,107.3,638,,,,,
60,gnb1,2026-08-19T11:00:51.460784,1585,BSR,0x46,,,,,,,,,,,,,,,0
60,gnb1,2026-08-19T11:00:51.509348,1587,PUSCH,0x46,,,,,2,15,1063,4,107.2,440,,,,,
60,gnb1,2026-08-19T11:00:51.509449,1587,BSR,0x46,,,,,,,,,,,,,,,29
60,gnb1,2026-08-19T11:00:51.510003,1587,PDSCH,0x46,50,4587,6,0,,,,,,,,,,,
60,gnb1,2026-08-19T11:00:51.611402,1588,BSR,0x46,,,,,,,,,,,,,,,0
60,gnb1,2026-08-19T11:00:51.611855,1588,PDSCH,0x46,50,4587,6,0,,,,,,,,,,,
60,gnb1,2026-08-19T11:00:51.667497,1589,PDSCH,0x46,50,4587,6,0,,,,,,,,,,,
60,gnb1,2026-08-19T11:00:51.728382,1590,PDSCH,0x46,50,4587,6,0,,,,,,,,,,,
60,gnb1,2026-08-19T11:00:51.729367,1591,PDSCH,0x46,50,4587,6,0,,,,,,,,,,,
60,gnb1,2026-08-19T11:00:51.821938,1592,PDSCH,0x46,50,4587,6,0,,,,,,,,,,,
60,gnb1,2026-08-19T11:00:51.864440,1593,PUSCH,0x46,,,,,2,29,1908,4,107.3,497,,,,,
60,gnb1,2026-08-19T11:00:51.864528,1593,PHR,,,,,,,,,,,,,,,,
60,gnb1,2026-08-19T11:00:51.864557,1593,BSR,0x46,,,,,,,,,,,,,,,0
60,gnb1,2026-08-19T11:00:51.865092,1593,PDSCH,0x46,50,4587,6,0,,,,,,,,,,,
60,gnb1,2026-08-19T11:00:51.865485,1594,PDSCH,0x46,50,4587,6,0,,,,,,,,,,,
60,gnb1,2026-08-19T11:00:51.904787,1595,PUSCH,0x46,,,,,2,19,1239,4,106.5,358,,,,,
60,gnb1,2026-08-19T11:00:51.905292,1595,PDSCH,0x46,50,4587,6,0,,,,,,,,,,,
60,gnb1,2026-08-19T11:00:51.992039,1596,PUSCH,0x46,,,,,2,4,293,4,117.9,181,,,,,
60,gnb1,2026-08-19T11:00:51.992637,1596,PDSCH,0x46,50,4587,6,0,,,,,,,,,,,
60,gnb1,2026-08-19T11:00:51.993528,1597,PDSCH,0x46,50,4587,6,0,,,,,,,,,,,
60,gnb1,2026-08-19T11:00:52.036716,1598,PDSCH,0x46,50,4587,6,0,,,,,,,,,,,
60,gnb1,2026-08-19T11:00:52.143904,1599,PDSCH,0x46,50,4587,6,0,,,,,,,,,,,
60,gnb1,2026-08-19T11:00:52.191828,1600,PDSCH,0x46,50,4587,6,0,,,,,,,,,,,
60,gnb1,2026-08-19T11:00:52.245740,1601,PUSCH,0x46,,,,,10,29,1908,4,107.5,555,,,,,
60,gnb1,2026-08-19T11:00:52.245814,1601,BSR,0x46,,,,,,,,,,,,,,,0
60,gnb1,2026-08-19T11:00:52.246395,1601,PDSCH,0x46,47,4395,6,0,,,,,,,,,,,
60,gnb1,2026-08-19T11:00:52.246717,1602,PDSCH,0x46,50,4587,6,0,,,,,,,,,,,
60,gnb1,2026-08-19T11:00:52.298271,1603,PDSCH,0x46,50,4587,6,0,,,,,,,,,,,
60,gnb1,2026-08-19T11:00:52.374229,1604,PDSCH,0x46,50,4587,6,0,,,,,,,,,,,
60,gnb1,2026-08-19T11:00:52.417304,1605,PDSCH,0x46,47,4395,6,0,,,,,,,,,,,
60,gnb1,2026-08-19T11:00:52.418260,1606,PDSCH,0x46,50,4587,6,0,,,,,,,,,,,
60,gnb1,2026-08-19T11:00:52.462687,1607,PDSCH,0x46,50,4587,6,0,,,,,,,,,,,
60,gnb1,2026-08-19T11:00:52.536905,1608,PDSCH,0x46,50,4587,6,0,,,,,,,,,,,
60,gnb1,2026-08-19T11:00:52.537424,1609,PUSCH,0x46,,,,,2,8,517,4,111.4,171,,,,,
60,gnb1,2026-08-19T11:00:52.537866,1609,PDSCH,0x46,50,4587,6,0,,,,,,,,,,,
60,gnb1,2026-08-19T11:00:52.594500,1610,BSR,0x46,,,,,,,,,,,,,,,0
60,gnb1,2026-08-19T11:00:52.594958,1610,PDSCH,0x46,50,4587,6,0,,,,,,,,,,,
60,gnb1,2026-08-19T11:00:52.635393,1611,PDSCH,0x46,50,4587,6,0,,,,,,,,,,,
60,gnb1,2026-08-19T11:00:52.734823,1612,PDSCH,0x46,50,4587,6,0,,,,,,,,,,,
60,gnb1,2026-08-19T11:00:52.735852,1613,PDSCH,0x46,50,4587,6,0,,,,,,,,,,,
60,gnb1,2026-08-19T11:00:52.845579,1614,PDSCH,0x46,50,4587,6,0,,,,,,,,,,,
60,gnb1,2026-08-19T11:00:52.897765,1615,PDSCH,0x46,47,4395,6,0,,,,,,,,,,,
60,gnb1,2026-08-19T11:00:52.898752,1616,PDSCH,0x46,50,4587,6,0,,,,,,,,,,,
60,gnb1,2026-08-19T11:00:52.987598,1617,PDSCH,0x46,50,4587,6,0,,,,,,,,,,,
60,gnb1,2026-08-19T11:00:53.028523,1618,PUSCH,0x46,,,,,2,3,249,4,117.9,127,,,,,
60,gnb1,2026-08-19T11:00:53.028592,1618,BSR,0x46,,,,,,,,,,,,,,,0
60,gnb1,2026-08-19T11:00:53.029124,1618,PDSCH,0x46,50,4587,6,0,,,,,,,,,,,
60,gnb1,2026-08-19T11:00:53.029737,1619,BSR,0x46,,,,,,,,,,,,,,,0
60,gnb1,2026-08-19T11:00:53.030329,1619,PDSCH,0x46,50,4587,6,0,,,,,,,,,,,
60,gnb1,2026-08-19T11:00:53.086126,1620,PDSCH,0x46,50,4587,6,0,,,,,,,,,,,
60,gnb1,2026-08-19T11:00:53.128948,1621,PDSCH,0x46,47,4395,6,0,,,,,,,,,,,
60,gnb1,2026-08-19T11:00:53.129896,1622,PDSCH,0x46,50,4587,6,0,,,,,,,,,,,
60,gnb1,2026-08-19T11:00:53.173701,1623,PDSCH,0x46,50,4587,6,0,,,,,,,,,,,
60,gnb1,2026-08-19T11:00:53.216284,1624,PDSCH,0x46,50,4587,6,0,,,,,,,,,,,
60,gnb1,2026-08-19T11:00:53.279920,1625,PDSCH,0x46,50,4587,6,0,,,,,,,,,,,
60,gnb1,2026-08-19T11:00:53.280307,1626,PUSCH,0x46,,,,,2,3,249,4,117.9,115,,,,,
60,gnb1,2026-08-19T11:00:53.280367,1626,BSR,0x46,,,,,,,,,,,,,,,0
60,gnb1,2026-08-19T11:00:53.280793,1626,PDSCH,0x46,50,4587,6,0,,,,,,,,,,,
60,gnb1,2026-08-19T11:00:53.325961,1627,PUSCH,0x46,,,,,2,4,249,4,117.8,120,,,,,
60,gnb1,2026-08-19T11:00:53.326035,1627,BSR,0x46,,,,,,,,,,,,,,,0
60,gnb1,2026-08-19T11:00:53.326495,1627,PDSCH,0x46,50,4587,6,0,,,,,,,,,,,
60,gnb1,2026-08-19T11:00:53.407038,1628,BSR,0x46,,,,,,,,,,,,,,,0
60,gnb1,2026-08-19T11:00:53.407650,1628,PDSCH,0x46,50,4587,6,0,,,,,,,,,,,
60,gnb1,2026-08-19T11:00:53.408541,1629,PDSCH,0x46,50,4587,6,0,,,,,,,,,,,
60,gnb1,2026-08-19T11:00:53.451526,1630,PDSCH,0x46,50,4587,6,0,,,,,,,,,,,
60,gnb1,2026-08-19T11:00:53.541694,1631,PDSCH,0x46,50,4587,6,0,,,,,,,,,,,
60,gnb1,2026-08-19T11:00:53.542645,1632,PDSCH,0x46,50,4587,6,0,,,,,,,,,,,
60,gnb1,2026-08-19T11:00:53.648153,1633,PDSCH,0x46,50,4587,6,0,,,,,,,,,,,
60,gnb1,2026-08-19T11:00:53.694807,1634,PUSCH,0x46,,,,,2,4,249,4,117.9,120,,,,,
60,gnb1,2026-08-19T11:00:53.694895,1634,BSR,0x46,,,,,,,,,,,,,,,0
60,gnb1,2026-08-19T11:00:53.695431,1634,PDSCH,0x46,50,4587,6,0,,,,,,,,,,,
60,gnb1,2026-08-19T11:00:53.696033,1635,PUSCH,0x46,,,,,2,8,517,4,111.4,218,,,,,
60,gnb1,2026-08-19T11:00:53.696134,1635,BSR,0x46,,,,,,,,,,,,,,,0
60,gnb1,2026-08-19T11:00:53.696591,1635,PDSCH,0x46,50,4587,6,0,,,,,,,,,,,
60,gnb1,2026-08-19T11:00:53.743575,1636,PUSCH,0x46,,,,,2,14,807,4,107.4,328,,,,,
60,gnb1,2026-08-19T11:00:53.743655,1636,BSR,0x46,,,,,,,,,,,,,,,0
60,gnb1,2026-08-19T11:00:53.744147,1636,PDSCH,0x46,50,4587,6,0,,,,,,,,,,,
60,gnb1,2026-08-19T11:00:53.778463,1637,BSR,0x46,,,,,,,,,,,,,,,0
60,gnb1,2026-08-19T11:00:53.779277,1637,PDSCH,0x46,50,4587,6,0,,,,,,,,,,,
60,gnb1,2026-08-19T11:00:53.875392,1638,PDSCH,0x46,50,4587,6,0,,,,,,,,,,,
60,gnb1,2026-08-19T11:00:53.876444,1639,PDSCH,0x46,50,4587,6,0,,,,,,,,,,,
60,gnb1,2026-08-19T11:00:53.915008,1640,PDSCH,0x46,50,4587,6,0,,,,,,,,,,,
60,gnb1,2026-08-19T11:00:53.999879,1641,PUCCH_CQI,0x46,,,,,,,,,,,111.8,15,2a,,
60,gnb1,2026-08-19T11:00:54.000635,1641,PDSCH,0x46,47,4395,6,0,,,,,,,,,,,
60,gnb1,2026-08-19T11:00:54.000909,1642,PUSCH,0x46,,,,,2,3,233,4,117.9,136,,,,,
60,gnb1,2026-08-19T11:00:54.000996,1642,BSR,0x46,,,,,,,,,,,,,,,0
60,gnb1,2026-08-19T11:00:54.001507,1642,PDSCH,0x46,50,4587,6,0,,,,,,,,,,,
60,gnb1,2026-08-19T11:00:54.035682,1643,PUSCH,0x46,,,,,2,14,807,4,107.4,281,,,,,
60,gnb1,2026-08-19T11:00:54.035759,1643,PHR,,,,,,,,,,,,,,,,
60,gnb1,2026-08-19T11:00:54.035768,1643,BSR,0x46,,,,,,,,,,,,,,,0
60,gnb1,2026-08-19T11:00:54.036272,1643,PDSCH,0x46,50,4587,6,0,,,,,,,,,,,
60,gnb1,2026-08-19T11:00:54.115763,1644,PUSCH,0x46,,,,,2,15,1063,4,107.2,299,,,,,
60,gnb1,2026-08-19T11:00:54.115838,1644,BSR,0x46,,,,,,,,,,,,,,,69
60,gnb1,2026-08-19T11:00:54.116297,1644,PDSCH,0x46,50,4587,6,0,,,,,,,,,,,
60,gnb1,2026-08-19T11:00:54.116573,1645,PUSCH,0x46,,,,,2,3,233,4,117.9,118,,,,,
60,gnb1,2026-08-19T11:00:54.117095,1645,PDSCH,0x46,50,4587,6,0,,,,,,,,,,,
60,gnb1,2026-08-19T11:00:54.167134,1646,PDSCH,0x46,50,4587,6,0,,,,,,,,,,,
60,gnb1,2026-08-19T11:00:54.279504,1647,PDSCH,0x46,50,4587,6,0,,,,,,,,,,,
60,gnb1,2026-08-19T11:00:54.280363,1648,PDSCH,0x46,50,4587,6,0,,,,,,,,,,,
60,gnb1,2026-08-19T11:00:54.333452,1649,PDSCH,0x46,50,4587,6,0,,,,,,,,,,,
60,gnb1,2026-08-19T11:00:54.448466,1650,PUSCH,0x46,,,,,2,3,233,4,117.9,140,,,,,
60,gnb1,2026-08-19T11:00:54.449185,1650,PDSCH,0x46,50,4587,6,0,,,,,,,,,,,
60,gnb1,2026-08-19T11:00:54.449882,1651,PUSCH,0x46,,,,,10,15,1063,4,104.8,390,,,,,
60,gnb1,2026-08-19T11:00:54.450467,1651,PDSCH,0x46,50,4587,6,0,,,,,,,,,,,
60,gnb1,2026-08-19T11:00:54.508684,1652,PUSCH,0x46,,,,,2,19,1239,4,106.5,368,,,,,
60,gnb1,2026-08-19T11:00:54.509174,1652,PDSCH,0x46,50,4587,6,0,,,,,,,,,,,
60,gnb1,2026-08-19T11:00:54.569195,1653,PDSCH,0x46,50,4587,6,0,,,,,,,,,,,
60,gnb1,2026-08-19T11:00:54.663032,1654,PDSCH,0x46,50,4587,6,0,,,,,,,,,,,
60,gnb1,2026-08-19T11:00:54.717560,1655,PDSCH,0x46,50,4587,6,0,,,,,,,,,,,
60,gnb1,2026-08-19T11:00:54.718401,1656,PDSCH,0x46,50,4587,6,0,,,,,,,,,,,
60,gnb1,2026-08-19T11:00:54.766530,1657,PDSCH,0x46,50,4587,6,0,,,,,,,,,,,
60,gnb1,2026-08-19T11:00:54.856936,1658,PDSCH,0x46,50,4587,6,0,,,,,,,,,,,
60,gnb1,2026-08-19T11:00:54.857798,1659,PDSCH,0x46,50,4587,6,0,,,,,,,,,,,
60,gnb1,2026-08-19T11:00:54.906222,1660,BSR,0x46,,,,,,,,,,,,,,,0
60,gnb1,2026-08-19T11:00:54.906757,1660,PDSCH,0x46,50,4587,6,0,,,,,,,,,,,
60,gnb1,2026-08-19T11:00:55.012682,1661,PDSCH,0x46,47,4395,6,0,,,,,,,,,,,
60,gnb1,2026-08-19T11:00:55.013665,1662,PDSCH,0x46,50,4587,6,0,,,,,,,,,,,
60,gnb1,2026-08-19T11:00:55.059143,1663,PDSCH,0x46,50,4587,6,0,,,,,,,,,,,
60,gnb1,2026-08-19T11:00:55.131001,1664,PDSCH,0x46,50,4587,6,0,,,,,,,,,,,
60,gnb1,2026-08-19T11:00:55.131755,1665,PDSCH,0x46,50,4587,6,0,,,,,,,,,,,
60,gnb1,2026-08-19T11:00:55.178034,1666,PDSCH,0x46,50,4587,6,0,,,,,,,,,,,
60,gnb1,2026-08-19T11:00:55.265535,1667,PDSCH,0x46,50,4587,6,0,,,,,,,,,,,
60,gnb1,2026-08-19T11:00:55.266175,1668,PUSCH,0x46,,,,,2,8,517,4,111.4,295,,,,,
60,gnb1,2026-08-19T11:00:55.266646,1668,PDSCH,0x46,50,4587,6,0,,,,,,,,,,,
60,gnb1,2026-08-19T11:00:55.328136,1669,BSR,0x46,,,,,,,,,,,,,,,0
60,gnb1,2026-08-19T11:00:55.328858,1669,PDSCH,0x46,50,4587,6,0,,,,,,,,,,,
60,gnb1,2026-08-19T11:00:55.375681,1670,PDSCH,0x46,50,4587,6,0,,,,,,,,,,,
60,gnb1,2026-08-19T11:00:55.479796,1671,PDSCH,0x46,50,4587,6,0,,,,,,,,,,,
60,gnb1,2026-08-19T11:00:55.480490,1672,PDSCH,0x46,50,4587,6,0,,,,,,,,,,,
60,gnb1,2026-08-19T11:00:55.533676,1673,PDSCH,0x46,50,4587,6,0,,,,,,,,,,,
60,gnb1,2026-08-19T11:00:55.622379,1674,PDSCH,0x46,50,4587,6,0,,,,,,,,,,,
60,gnb1,2026-08-19T11:00:55.623274,1675,PDSCH,0x46,50,4587,6,0,,,,,,,,,,,
60,gnb1,2026-08-19T11:00:55.710806,1676,PDSCH,0x46,50,4587,6,0,,,,,,,,,,,
60,gnb1,2026-08-19T11:00:55.753321,1677,PUSCH,0x46,,,,,2,39,2673,4,108.6,806,,,,,
60,gnb1,2026-08-19T11:00:55.753424,1677,BSR,0x46,,,,,,,,,,,,,,,0
60,gnb1,2026-08-19T11:00:55.754039,1677,PDSCH,0x46,50,4587,6,0,,,,,,,,,,,
60,gnb1,2026-08-19T11:00:55.754061,1678,PDSCH,0x46,50,4587,6,0,,,,,,,,,,,
60,gnb1,2026-08-19T11:00:55.774926,1679,BSR,0x46,,,,,,,,,,,,,,,0
60,gnb1,2026-08-19T11:00:55.775458,1679,PDSCH,0x46,50,4587,6,0,,,,,,,,,,,
60,gnb1,2026-08-19T11:00:55.857593,1680,PDSCH,0x46,50,4587,6,0,,,,,,,,,,,
60,gnb1,2026-08-19T11:00:55.858051,1681,PUCCH_CQI,0x46,,,,,,,,,,,111.8,15,2a,,
60,gnb1,2026-08-19T11:00:55.858489,1681,PDSCH,0x46,47,4395,6,0,,,,,,,,,,,
60,gnb1,2026-08-19T11:00:55.962461,1682,PDSCH,0x46,50,4587,6,0,,,,,,,,,,,
60,gnb1,2026-08-19T11:00:55.963330,1683,PDSCH,0x46,50,4587,6,0,,,,,,,,,,,
60,gnb1,2026-08-19T11:00:56.012817,1684,PDSCH,0x46,50,4587,6,0,,,,,,,,,,,
60,gnb1,2026-08-19T11:00:56.115337,1685,PUSCH,0x46,,,,,2,39,2673,4,108.5,931,,,,,
60,gnb1,2026-08-19T11:00:56.115424,1685,BSR,0x46,,,,,,,,,,,,,,,0
60,gnb1,2026-08-19T11:00:56.116153,1686,PDSCH,0x46,50,4587,6,0,,,,,,,,,,,
60,gnb1,2026-08-19T11:00:56.116169,1685,PDSCH,0x46,50,4587,6,0,,,,,,,,,,,
60,gnb1,2026-08-19T11:00:56.116943,1687,PUSCH,0x46,,,,,2,31,2124,4,107.6,525,,,,,
60,gnb1,2026-08-19T11:00:56.116998,1687,BSR,0x46,,,,,,,,,,,,,,,0
60,gnb1,2026-08-19T11:00:56.117451,1687,PDSCH,0x46,50,4587,6,0,,,,,,,,,,,
60,gnb1,2026-08-19T11:00:56.210768,1688,BSR,0x46,,,,,,,,,,,,,,,0
60,gnb1,2026-08-19T11:00:56.211343,1688,PDSCH,0x46,50,4587,6,0,,,,,,,,,,,
60,gnb1,2026-08-19T11:00:56.329814,1689,PDSCH,0x46,50,4587,6,0,,,,,,,,,,,
60,gnb1,2026-08-19T11:00:56.330639,1690,PDSCH,0x46,50,4587,6,0,,,,,,,,,,,
60,gnb1,2026-08-19T11:00:56.385351,1691,PDSCH,0x46,50,4587,6,0,,,,,,,,,,,
60,gnb1,2026-08-19T11:00:56.497853,1692,PDSCH,0x46,50,4587,6,0,,,,,,,,,,,
60,gnb1,2026-08-19T11:00:56.551232,1693,PUSCH,0x46,,,,,2,39,2673,4,108.6,724,,,,,
60,gnb1,2026-08-19T11:00:56.551285,1693,PHR,,,,,,,,,,,,,,,,
60,gnb1,2026-08-19T11:00:56.551318,1693,BSR,0x46,,,,,,,,,,,,,,,274
60,gnb1,2026-08-19T11:00:56.551616,1694,BSR,0x46,,,,,,,,,,,,,,,0
60,gnb1,2026-08-19T11:00:56.551909,1693,PDSCH,0x46,50,4587,6,0,,,,,,,,,,,
60,gnb1,2026-08-19T11:00:56.552052,1694,PDSCH,0x46,50,4587,6,0,,,,,,,,,,,
60,gnb1,2026-08-19T11:00:56.597379,1695,PUSCH,0x46,,,,,2,35,2292,4,108.1,623,,,,,
60,gnb1,2026-08-19T11:00:56.597909,1695,PDSCH,0x46,50,4587,6,0,,,,,,,,,,,
60,gnb1,2026-08-19T11:00:56.717306,1696,PUSCH,0x46,,,,,2,3,233,4,117.9,124,,,,,
60,gnb1,2026-08-19T11:00:56.717856,1696,PDSCH,0x46,50,4587,6,0,,,,,,,,,,,
60,gnb1,2026-08-19T11:00:56.718860,1697,PDSCH,0x46,50,4587,6,0,,,,,,,,,,,
60,gnb1,2026-08-19T11:00:56.841921,1698,PDSCH,0x46,50,4587,6,0,,,,,,,,,,,
60,gnb1,2026-08-19T11:00:56.842724,1699,PDSCH,0x46,50,4587,6,0,,,,,,,,,,,
60,gnb1,2026-08-19T11:00:56.897406,1700,PDSCH,0x46,50,4587,6,0,,,,,,,,,,,
60,gnb1,2026-08-19T11:00:57.010205,1701,PUSCH,0x46,,,,,10,35,2385,4,108.3,691,,,,,
60,gnb1,2026-08-19T11:00:57.010308,1701,BSR,0x46,,,,,,,,,,,,,,,0
60,gnb1,2026-08-19T11:00:57.010630,1702,PUSCH,0x46,,,,,2,4,293,4,117.9,139,,,,,
60,gnb1,2026-08-19T11:00:57.010895,1701,PDSCH,0x46,47,4395,6,0,,,,,,,,,,,
60,gnb1,2026-08-19T11:00:57.011086,1702,PDSCH,0x46,50,4587,6,0,,,,,,,,,,,
60,gnb1,2026-08-19T11:00:57.059590,1703,PDSCH,0x46,50,4587,6,0,,,,,,,,,,,
60,gnb1,2026-08-19T11:00:57.170010,1704,PDSCH,0x46,50,4587,6,0,,,,,,,,,,,
60,gnb1,2026-08-19T11:00:57.170839,1705,PDSCH,0x46,50,4587,6,0,,,,,,,,,,,
60,gnb1,2026-08-19T11:00:57.223244,1706,PDSCH,0x46,50,4587,6,0,,,,,,,,,,,
60,gnb1,2026-08-19T11:00:57.279038,1707,PDSCH,0x46,50,4587,6,0,,,,,,,,,,,
60,gnb1,2026-08-19T11:00:57.391753,1708,PDSCH,0x46,50,4587,6,0,,,,,,,,,,,
60,gnb1,2026-08-19T11:00:57.392227,1709,PUSCH,0x46,,,,,2,3,233,4,117.9,105,,,,,
60,gnb1,2026-08-19T11:00:57.392667,1709,PDSCH,0x46,50,4587,6,0,,,,,,,,,,,
60,gnb1,2026-08-19T11:00:57.492063,1710,BSR,0x46,,,,,,,,,,,,,,,0
60,gnb1,2026-08-19T11:00:57.492533,1710,PDSCH,0x46,50,4587,6,0,,,,,,,,,,,
60,gnb1,2026-08-19T11:00:57.493545,1711,PDSCH,0x46,50,4587,6,0,,,,,,,,,,,
60,gnb1,2026-08-19T11:00:57.585173,1712,PDSCH,0x46,50,4587,6,0,,,,,,,,,,,
60,gnb1,2026-08-19T11:00:57.646118,1713,PDSCH,0x46,50,4587,6,0,,,,,,,,,,,
60,gnb1,2026-08-19T11:00:57.694052,1714,PDSCH,0x46,50,4587,6,0,,,,,,,,,,,
60,gnb1,2026-08-19T11:00:57.744633,1715,PDSCH,0x46,50,4587,6,0,,,,,,,,,,,
60,gnb1,2026-08-19T11:00:57.745543,1716,PDSCH,0x46,50,4587,6,0,,,,,,,,,,,
60,gnb1,2026-08-19T11:00:57.819264,1717,PDSCH,0x46,50,4587,6,0,,,,,,,,,,,
60,gnb1,2026-08-19T11:00:57.864010,1718,PUSCH,0x46,,,,,2,7,389,4,114.2,182,,,,,
60,gnb1,2026-08-19T11:00:57.864092,1718,BSR,0x46,,,,,,,,,,,,,,,0
60,gnb1,2026-08-19T11:00:57.864678,1718,PDSCH,0x46,50,4587,6,0,,,,,,,,,,,
60,gnb1,2026-08-19T11:00:57.865036,1719,BSR,0x46,,,,,,,,,,,,,,,0
60,gnb1,2026-08-19T11:00:57.865520,1719,PDSCH,0x46,50,4587,6,0,,,,,,,,,,,
60,gnb1,2026-08-19T11:00:57.906378,1720,PDSCH,0x46,50,4587,6,0,,,,,,,,,,,
60,gnb1,2026-08-19T11:00:58.007874,1721,PUCCH_CQI,0x46,,,,,,,,,,,111.8,15,2a,,
60,gnb1,2026-08-19T11:00:58.008422,1721,PDSCH,0x46,47,4395,6,0,,,,,,,,,,,
60,gnb1,2026-08-19T11:00:58.009457,1722,PDSCH,0x46,50,4587,6,0,,,,,,,,,,,
60,gnb1,2026-08-19T11:00:58.114752,1723,PDSCH,0x46,50,4587,6,0,,,,,,,,,,,
60,gnb1,2026-08-19T11:00:58.115707,1724,PDSCH,0x46,50,4587,6,0,,,,,,,,,,,
60,gnb1,2026-08-19T11:00:58.209870,1725,PDSCH,0x46,50,4587,6,0,,,,,,,,,,,
60,gnb1,2026-08-19T11:00:58.256627,1726,PUSCH,0x46,,,,,2,7,389,4,114.2,185,,,,,
60,gnb1,2026-08-19T11:00:58.256760,1726,BSR,0x46,,,,,,,,,,,,,,,0
60,gnb1,2026-08-19T11:00:58.257277,1726,PDSCH,0x46,50,4587,6,0,,,,,,,,,,,
60,gnb1,2026-08-19T11:00:58.257630,1727,PUSCH,0x46,,,,,2,4,249,4,117.9,154,,,,,
60,gnb1,2026-08-19T11:00:58.257690,1727,BSR,0x46,,,,,,,,,,,,,,,0
60,gnb1,2026-08-19T11:00:58.258096,1727,PDSCH,0x46,50,4587,6,0,,,,,,,,,,,
60,gnb1,2026-08-19T11:00:58.302110,1728,BSR,0x46,,,,,,,,,,,,,,,0
60,gnb1,2026-08-19T11:00:58.302602,1728,PDSCH,0x46,50,4587,6,0,,,,,,,,,,,
60,gnb1,2026-08-19T11:00:58.388329,1729,PDSCH,0x46,50,4587,6,0,,,,,,,,,,,
60,gnb1,2026-08-19T11:00:58.389229,1730,PDSCH,0x46,50,4587,6,0,,,,,,,,,,,
60,gnb1,2026-08-19T11:00:58.435091,1731,PDSCH,0x46,50,4587,6,0,,,,,,,,,,,
60,gnb1,2026-08-19T11:00:58.525309,1732,PDSCH,0x46,50,4587,6,0,,,,,,,,,,,
60,gnb1,2026-08-19T11:00:58.566040,1733,PDSCH,0x46,50,4587,6,0,,,,,,,,,,,
60,gnb1,2026-08-19T11:00:58.566554,1734,PUSCH,0x46,,,,,2,7,389,4,114.3,165,,,,,
60,gnb1,2026-08-19T11:00:58.566615,1734,BSR,0x46,,,,,,,,,,,,,,,0
60,gnb1,2026-08-19T11:00:58.567066,1734,PDSCH,0x46,50,4587,6,0,,,,,,,,,,,
60,gnb1,2026-08-19T11:00:58.613033,1735,PUSCH,0x46,,,,,2,8,517,4,111.4,237,,,,,
60,gnb1,2026-08-19T11:00:58.613166,1735,BSR,0x46,,,,,,,,,,,,,,,0
60,gnb1,2026-08-19T11:00:58.613602,1735,PDSCH,0x46,50,4587,6,0,,,,,,,,,,,
60,gnb1,2026-08-19T11:00:58.702039,1736,PUSCH,0x46,,,,,2,11,693,4,108.5,278,,,,,
60,gnb1,2026-08-19T11:00:58.702122,1736,BSR,0x46,,,,,,,,,,,,,,,0
60,gnb1,2026-08-19T11:00:58.702785,1736,PDSCH,0x46,50,4587,6,0,,,,,,,,,,,
60,gnb1,2026-08-19T11:00:58.703402,1737,PDSCH,0x46,50,4587,6,0,,,,,,,,,,,
60,gnb1,2026-08-19T11:00:58.750251,1738,PDSCH,0x46,50,4587,6,0,,,,,,,,,,,
60,gnb1,2026-08-19T11:00:58.844023,1739,PDSCH,0x46,50,4587,6,0,,,,,,,,,,,
60,gnb1,2026-08-19T11:00:58.844937,1740,PDSCH,0x46,50,4587,6,0,,,,,,,,,,,
60,gnb1,2026-08-19T11:00:58.893997,1741,PDSCH,0x46,47,4395,6,0,,,,,,,,,,,
60,gnb1,2026-08-19T11:00:58.943557,1742,PUSCH,0x46,,,,,2,5,349,4,118.0,159,,,,,
60,gnb1,2026-08-19T11:00:58.944283,1742,PDSCH,0x46,50,4587,6,0,,,,,,,,,,,
60,gnb1,2026-08-19T11:00:59.038985,1743,PUSCH,0x46,,,,,2,14,807,4,107.4,309,,,,,
60,gnb1,2026-08-19T11:00:59.039083,1743,PHR,,,,,,,,,,,,,,,,
60,gnb1,2026-08-19T11:00:59.039535,1743,PDSCH,0x46,50,4587,6,0,,,,,,,,,,,
60,gnb1,2026-08-19T11:00:59.040089,1744,PUSCH,0x46,,,,,2,14,935,4,107.4,352,,,,,
60,gnb1,2026-08-19T11:00:59.040154,1744,BSR,0x46,,,,,,,,,,,,,,,0
60,gnb1,2026-08-19T11:00:59.040623,1744,PDSCH,0x46,50,4587,6,0,,,,,,,,,,,
60,gnb1,2026-08-19T11:00:59.088675,1745,PDSCH,0x46,50,4587,6,0,,,,,,,,,,,
60,gnb1,2026-08-19T11:00:59.188272,1746,PDSCH,0x46,50,4587,6,0,,,,,,,,,,,
60,gnb1,2026-08-19T11:00:59.221372,1747,PDSCH,0x46,50,4587,6,0,,,,,,,,,,,
60,gnb1,2026-08-19T11:00:59.222284,1748,PDSCH,0x46,50,4587,6,0,,,,,,,,,,,
60,gnb1,2026-08-19T11:00:59.314194,1749,PDSCH,0x46,50,4587,6,0,,,,,,,,,,,
60,gnb1,2026-08-19T11:00:59.315273,1750,PDSCH,0x46,50,4587,6,0,,,,,,,,,,,
60,gnb1,2026-08-19T11:00:59.413602,1751,PDSCH,0x46,50,4587,6,0,,,,,,,,,,,
60,gnb1,2026-08-19T11:00:59.460158,1752,PUSCH,0x46,,,,,2,17,1143,4,106.8,385,,,,,
60,gnb1,2026-08-19T11:00:59.460605,1752,PDSCH,0x46,50,4587,6,0,,,,,,,,,,,
60,gnb1,2026-08-19T11:00:59.461206,1753,PDSCH,0x46,50,4587,6,0,,,,,,,,,,,
60,gnb1,2026-08-19T11:00:59.499571,1754,PDSCH,0x46,50,4587,6,0,,,,,,,,,,,
60,gnb1,2026-08-19T11:00:59.586978,1755,PDSCH,0x46,50,4587,6,0,,,,,,,,,,,
60,gnb1,2026-08-19T11:00:59.627587,1756,PDSCH,0x46,50,4587,6,0,,,,,,,,,,,
60,gnb1,2026-08-19T11:00:59.674688,1757,PDSCH,0x46,50,4587,6,0,,,,,,,,,,,
60,gnb1,2026-08-19T11:00:59.720912,1758,PDSCH,0x46,50,4587,6,0,,,,,,,,,,,
60,gnb1,2026-08-19T11:00:59.766270,1759,PDSCH,0x46,50,4587,6,0,,,,,,,,,,,
60,gnb1,2026-08-19T11:00:59.766751,1760,BSR,0x46,,,,,,,,,,,,,,,0
60,gnb1,2026-08-19T11:00:59.767123,1760,PDSCH,0x46,50,4587,6,0,,,,,,,,,,,
60,gnb1,2026-08-19T11:00:59.868619,1761,PUCCH_CQI,0x46,,,,,,,,,,,111.8,15,2a,,
60,gnb1,2026-08-19T11:00:59.869290,1761,PDSCH,0x46,47,4395,6,0,,,,,,,,,,,
60,gnb1,2026-08-19T11:00:59.870156,1762,PDSCH,0x46,50,4587,6,0,,,,,,,,,,,
60,gnb1,2026-08-19T11:00:59.920602,1763,PDSCH,0x46,50,4587,6,0,,,,,,,,,,,
60,gnb1,2026-08-19T11:01:00.021459,1764,PDSCH,0x46,50,4587,6,0,,,,,,,,,,,
60,gnb1,2026-08-19T11:01:00.022204,1765,PDSCH,0x46,47,4395,6,0,,,,,,,,,,,
60,gnb1,2026-08-19T11:01:00.074791,1766,PDSCH,0x46,50,4587,6,0,,,,,,,,,,,
60,gnb1,2026-08-19T11:01:00.185846,1767,PDSCH,0x46,50,4587,6,0,,,,,,,,,,,
60,gnb1,2026-08-19T11:01:00.186316,1768,PUSCH,0x46,,,,,2,8,517,4,111.4,213,,,,,
60,gnb1,2026-08-19T11:01:00.186872,1768,PDSCH,0x46,50,4587,6,0,,,,,,,,,,,
60,gnb1,2026-08-19T11:01:00.237612,1769,BSR,0x46,,,,,,,,,,,,,,,0
60,gnb1,2026-08-19T11:01:00.238091,1769,PDSCH,0x46,50,4587,6,0,,,,,,,,,,,
60,gnb1,2026-08-19T11:01:00.348998,1770,PDSCH,0x46,50,4587,6,0,,,,,,,,,,,
60,gnb1,2026-08-19T11:01:00.349874,1771,PDSCH,0x46,50,4587,6,0,,,,,,,,,,,
60,gnb1,2026-08-19T11:01:00.400785,1772,PDSCH,0x46,50,4587,6,0,,,,,,,,,,,
60,gnb1,2026-08-19T11:01:00.505222,1773,PDSCH,0x46,50,4587,6,0,,,,,,,,,,,
60,gnb1,2026-08-19T11:01:00.506133,1774,PDSCH,0x46,50,4587,6,0,,,,,,,,,,,
60,gnb1,2026-08-19T11:01:00.603001,1775,PDSCH,0x46,47,4395,6,0,,,,,,,,,,,
60,gnb1,2026-08-19T11:01:00.603955,1776,PDSCH,0x46,50,4587,6,0,,,,,,,,,,,
60,gnb1,2026-08-19T11:01:00.690053,1777,PUSCH,0x46,,,,,2,14,999,4,107.4,336,,,,,
60,gnb1,2026-08-19T11:01:00.690151,1777,BSR,0x46,,,,,,,,,,,,,,,0
60,gnb1,2026-08-19T11:01:00.690676,1777,PDSCH,0x46,50,4587,6,0,,,,,,,,,,,
60,gnb1,2026-08-19T11:01:00.690876,1778,BSR,0x46,,,,,,,,,,,,,,,0
60,gnb1,2026-08-19T11:01:00.691356,1778,PDSCH,0x46,50,4587,6,0,,,,,,,,,,,
60,gnb1,2026-08-19T11:01:00.735334,1779,PDSCH,0x46,50,4587,6,0,,,,,,,,,,,
60,gnb1,2026-08-19T11:01:00.834185,1780,PDSCH,0x46,50,4587,6,0,,,,,,,,,,,
60,gnb1,2026-08-19T11:01:00.835275,1781,PDSCH,0x46,47,4395,6,0,,,,,,,,,,,
60,gnb1,2026-08-19T11:01:00.874400,1782,PDSCH,0x46,50,4587,6,0,,,,,,,,,,,
60,gnb1,2026-08-19T11:01:00.977716,1783,PDSCH,0x46,50,4587,6,0,,,,,,,,,,,
60,gnb1,2026-08-19T11:01:00.978727,1784,PDSCH,0x46,50,4587,6,0,,,,,,,,,,,
60,gnb1,2026-08-19T11:01:01.027762,1785,PUSCH,0x46,,,,,2,14,999,4,107.4,294,,,,,
60,gnb1,2026-08-19T11:01:01.027838,1785,BSR,0x46,,,,,,,,,,,,,,,0
60,gnb1,2026-08-19T11:01:01.028274,1785,PDSCH,0x46,50,4587,6,0,,,,,,,,,,,
60,gnb1,2026-08-19T11:01:01.118637,1786,PUSCH,0x46,,,,,2,3,233,4,118.0,201,,,,,
60,gnb1,2026-08-19T11:01:01.118736,1786,BSR,0x46,,,,,,,,,,,,,,,0
60,gnb1,2026-08-19T11:01:01.119285,1786,PDSCH,0x46,50,4587,6,0,,,,,,,,,,,
60,gnb1,2026-08-19T11:01:01.119766,1787,BSR,0x46,,,,,,,,,,,,,,,0
60,gnb1,2026-08-19T11:01:01.120320,1787,PDSCH,0x46,50,4587,6,0,,,,,,,,,,,
60,gnb1,2026-08-19T11:01:01.217660,1788,PDSCH,0x46,50,4587,6,0,,,,,,,,,,,
60,gnb1,2026-08-19T11:01:01.268034,1789,PDSCH,0x46,50,4587,6,0,,,,,,,,,,,
60,gnb1,2026-08-19T11:01:01.269041,1790,PDSCH,0x46,50,4587,6,0,,,,,,,,,,,
60,gnb1,2026-08-19T11:01:01.368160,1791,PDSCH,0x46,50,4587,6,0,,,,,,,,,,,
60,gnb1,2026-08-19T11:01:01.417383,1792,PDSCH,0x46,50,4587,6,0,,,,,,,,,,,
60,gnb1,2026-08-19T11:01:01.418087,1793,PUSCH,0x46,,,,,2,14,999,4,107.4,277,,,,,
60,gnb1,2026-08-19T11:01:01.418145,1793,BSR,0x46,,,,,,,,,,,,,,,55
60,gnb1,2026-08-19T11:01:01.418182,1793,PHR,,,,,,,,,,,,,,,,
60,gnb1,2026-08-19T11:01:01.418600,1793,PDSCH,0x46,50,4587,6,0,,,,,,,,,,,
60,gnb1,2026-08-19T11:01:01.515569,1794,PUSCH,0x46,,,,,2,7,501,4,114.3,306,,,,,
60,gnb1,2026-08-19T11:01:01.515686,1794,BSR,0x46,,,,,,,,,,,,,,,0
60,gnb1,2026-08-19T11:01:01.516248,1794,PDSCH,0x46,50,4587,6,0,,,,,,,,,,,
60,gnb1,2026-08-19T11:01:01.516516,1795,PUSCH,0x46,,,,,2,3,249,4,117.9,137,,,,,
60,gnb1,2026-08-19T11:01:01.516590,1795,BSR,0x46,,,,,,,,,,,,,,,0
60,gnb1,2026-08-19T11:01:01.517086,1795,PDSCH,0x46,50,4587,6,0,,,,,,,,,,,
60,gnb1,2026-08-19T11:01:01.566977,1796,BSR,0x46,,,,,,,,,,,,,,,0
60,gnb1,2026-08-19T11:01:01.567427,1796,PDSCH,0x46,50,4587,6,0,,,,,,,,,,,
60,gnb1,2026-08-19T11:01:01.684072,1797,PDSCH,0x46,50,4587,6,0,,,,,,,,,,,
60,gnb1,2026-08-19T11:01:01.684935,1798,PDSCH,0x46,50,4587,6,0,,,,,,,,,,,
60,gnb1,2026-08-19T11:01:01.740730,1799,PDSCH,0x46,50,4587,6,0,,,,,,,,,,,
60,gnb1,2026-08-19T11:01:01.841642,1800,PDSCH,0x46,50,4587,6,0,,,,,,,,,,,
60,gnb1,2026-08-19T11:01:01.842369,1801,PUSCH,0x46,,,,,10,14,935,4,104.5,313,,,,,
60,gnb1,2026-08-19T11:01:01.842447,1801,BSR,0x46,,,,,,,,,,,,,,,0
60,gnb1,2026-08-19T11:01:01.842885,1801,PDSCH,0x46,47,4395,6,0,,,,,,,,,,,
60,gnb1,2026-08-19T11:01:01.934558,1802,PUSCH,0x46,,,,,2,2,161,4,118.0,139,,,,,
60,gnb1,2026-08-19T11:01:01.934700,1802,BSR,0x46,,,,,,,,,,,,,,,0
60,gnb1,2026-08-19T11:01:01.935335,1802,PDSCH,0x46,50,4587,6,0,,,,,,,,,,,
60,gnb1,2026-08-19T11:01:01.935856,1803,PUSCH,0x46,,,,,2,7,501,4,114.3,318,,,,,
60,gnb1,2026-08-19T11:01:01.935948,1803,BSR,0x46,,,,,,,,,,,,,,,0
60,gnb1,2026-08-19T11:01:01.936861,1803,PDSCH,0x46,50,4587,6,0,,,,,,,,,,,
60,gnb1,2026-08-19T11:01:01.989216,1804,PUSCH,0x46,,,,,2,4,249,4,117.9,185,,,,,
60,gnb1,2026-08-19T11:01:01.989319,1804,BSR,0x46,,,,,,,,,,,,,,,0
60,gnb1,2026-08-19T11:01:01.989930,1804,PDSCH,0x46,50,4587,6,0,,,,,,,,,,,
60,gnb1,2026-08-19T11:01:02.112097,1805,PDSCH,0x46,50,4587,6,0,,,,,,,,,,,
60,gnb1,2026-08-19T11:01:02.113023,1806,PDSCH,0x46,50,4587,6,0,,,,,,,,,,,
60,gnb1,2026-08-19T11:01:02.161455,1807,PDSCH,0x46,50,4587,6,0,,,,,,,,,,,
60,gnb1,2026-08-19T11:01:02.256824,1808,PDSCH,0x46,50,4587,6,0,,,,,,,,,,,
60,gnb1,2026-08-19T11:01:02.257634,1809,PUSCH,0x46,,,,,2,14,935,4,107.4,417,,,,,
60,gnb1,2026-08-19T11:01:02.258259,1809,PDSCH,0x46,50,4587,6,0,,,,,,,,,,,
60,gnb1,2026-08-19T11:01:02.346260,1810,PUSCH,0x46,,,,,2,7,437,4,114.2,213,,,,,
60,gnb1,2026-08-19T11:01:02.346973,1810,PDSCH,0x46,50,4587,6,0,,,,,,,,,,,
60,gnb1,2026-08-19T11:01:02.347541,1811,PUSCH,0x46,,,,,10,11,749,4,104.6,314,,,,,
60,gnb1,2026-08-19T11:01:02.348146,1811,PDSCH,0x46,50,4587,6,0,,,,,,,,,,,
60,gnb1,2026-08-19T11:01:02.405301,1812,PUSCH,0x46,,,,,2,7,501,4,114.2,220,,,,,
60,gnb1,2026-08-19T11:01:02.405908,1812,PDSCH,0x46,50,4587,6,0,,,,,,,,,,,
60,gnb1,2026-08-19T11:01:02.517907,1813,PDSCH,0x46,50,4587,6,0,,,,,,,,,,,
60,gnb1,2026-08-19T11:01:02.518799,1814,PDSCH,0x46,50,4587,6,0,,,,,,,,,,,
60,gnb1,2026-08-19T11:01:02.569268,1815,PDSCH,0x46,50,4587,6,0,,,,,,,,,,,
60,gnb1,2026-08-19T11:01:02.669530,1816,PDSCH,0x46,50,4587,6,0,,,,,,,,,,,
60,gnb1,2026-08-19T11:01:02.670474,1817,PDSCH,0x46,50,4587,6,0,,,,,,,,,,,
60,gnb1,2026-08-19T11:01:02.767436,1818,PDSCH,0x46,50,4587,6,0,,,,,,,,,,,
60,gnb1,2026-08-19T11:01:02.768316,1819,PDSCH,0x46,50,4587,6,0,,,,,,,,,,,
60,gnb1,2026-08-19T11:01:02.806456,1820,BSR,0x46,,,,,,,,,,,,,,,0
60,gnb1,2026-08-19T11:01:02.806943,1820,PDSCH,0x46,50,4587,6,0,,,,,,,,,,,
60,gnb1,2026-08-19T11:01:02.871997,1821,PDSCH,0x46,47,4395,6,0,,,,,,,,,,,
60,gnb1,2026-08-19T11:01:02.872654,1822,PDSCH,0x46,50,4587,6,0,,,,,,,,,,,
60,gnb1,2026-08-19T11:01:02.927152,1823,PDSCH,0x46,50,4587,6,0,,,,,,,,,,,
60,gnb1,2026-08-19T11:01:03.013954,1824,PDSCH,0x46,50,4587,6,0,,,,,,,,,,,
60,gnb1,2026-08-19T11:01:03.014983,1825,PDSCH,0x46,50,4587,6,0,,,,,,,,,,,
60,gnb1,2026-08-19T11:01:03.135219,1826,PDSCH,0x46,50,4587,6,0,,,,,,,,,,,
60,gnb1,2026-08-19T11:01:03.188558,1827,PDSCH,0x46,50,4587,6,0,,,,,,,,,,,
60,gnb1,2026-08-19T11:01:03.189068,1828,PUSCH,0x46,,,,,2,8,517,4,111.4,225,,,,,
60,gnb1,2026-08-19T11:01:03.189512,1828,PDSCH,0x46,50,4587,6,0,,,,,,,,,,,
60,gnb1,2026-08-19T11:01:03.273374,1829,BSR,0x46,,,,,,,,,,,,,,,0
60,gnb1,2026-08-19T11:01:03.274233,1829,PDSCH,0x46,50,4587,6,0,,,,,,,,,,,
60,gnb1,2026-08-19T11:01:03.274831,1830,PDSCH,0x46,50,4587,6,0,,,,,,,,,,,
60,gnb1,2026-08-19T11:01:03.362193,1831,PDSCH,0x46,50,4587,6,0,,,,,,,,,,,
60,gnb1,2026-08-19T11:01:03.406441,1832,PDSCH,0x46,50,4587,6,0,,,,,,,,,,,
60,gnb1,2026-08-19T11:01:03.407437,1833,PDSCH,0x46,50,4587,6,0,,,,,,,,,,,
60,gnb1,2026-08-19T11:01:03.456439,1834,PDSCH,0x46,50,4587,6,0,,,,,,,,,,,
60,gnb1,2026-08-19T11:01:03.549106,1835,PDSCH,0x46,50,4587,6,0,,,,,,,,,,,
60,gnb1,2026-08-19T11:01:03.550584,1836,PDSCH,0x46,50,4587,6,0,,,,,,,,,,,
60,gnb1,2026-08-19T11:01:03.642621,1837,PUSCH,0x46,,,,,2,24,1572,4,106.6,535,,,,,
60,gnb1,2026-08-19T11:01:03.642732,1837,BSR,0x46,,,,,,,,,,,,,,,0
60,gnb1,2026-08-19T11:01:03.643371,1837,PDSCH,0x46,50,4587,6,0,,,,,,,,,,,
60,gnb1,2026-08-19T11:01:03.643993,1838,PDSCH,0x46,50,4587,6,0,,,,,,,,,,,
60,gnb1,2026-08-19T11:01:03.693122,1839,BSR,0x46,,,,,,,,,,,,,,,0
60,gnb1,2026-08-19T11:01:03.693697,1839,PDSCH,0x46,50,4587,6,0,,,,,,,,,,,
60,gnb1,2026-08-19T11:01:03.769394,1840,PDSCH,0x46,50,4587,6,0,,,,,,,,,,,
60,gnb1,2026-08-19T11:01:03.811021,1841,PUCCH_CQI,0x46,,,,,,,,,,,111.8,15,2a,,
60,gnb1,2026-08-19T11:01:03.811644,1841,PDSCH,0x46,47,4395,6,0,,,,,,,,,,,
60,gnb1,2026-08-19T11:01:03.812680,1842,PDSCH,0x46,50,4587,6,0,,,,,,,,,,,
60,gnb1,2026-08-19T11:01:03.850630,1843,PDSCH,0x46,50,4587,6,0,,,,,,,,,,,
60,gnb1,2026-08-19T11:01:03.938071,1844,PDSCH,0x46,50,4587,6,0,,,,,,,,,,,
60,gnb1,2026-08-19T11:01:03.939046,1845,PUSCH,0x46,,,,,2,24,1572,4,106.5,586,,,,,
60,gnb1,2026-08-19T11:01:03.939079,1845,PHR,,,,,,,,,,,,,,,,
60,gnb1,2026-08-19T11:01:03.939106,1845,BSR,0x46,,,,,,,,,,,,,,,0
60,gnb1,2026-08-19T11:01:03.939631,1845,PDSCH,0x46,50,4587,6,0,,,,,,,,,,,
60,gnb1,2026-08-19T11:01:03.996574,1846,BSR,0x46,,,,,,,,,,,,,,,0
60,gnb1,2026-08-19T11:01:03.997236,1846,PDSCH,0x46,50,4587,6,0,,,,,,,,,,,
60,gnb1,2026-08-19T11:01:04.097310,1847,PUSCH,0x46,,,,,2,3,249,4,117.9,225,,,,,
60,gnb1,2026-08-19T11:01:04.097497,1847,BSR,0x46,,,,,,,,,,,,,,,0
60,gnb1,2026-08-19T11:01:04.098062,1847,PDSCH,0x46,50,4587,6,0,,,,,,,,,,,
60,gnb1,2026-08-19T11:01:04.098289,1848,BSR,0x46,,,,,,,,,,,,,,,0
60,gnb1,2026-08-19T11:01:04.098814,1848,PDSCH,0x46,50,4587,6,0,,,,,,,,,,,
60,gnb1,2026-08-19T11:01:04.136599,1849,PDSCH,0x46,50,4587,6,0,,,,,,,,,,,
60,gnb1,2026-08-19T11:01:04.238994,1850,PDSCH,0x46,50,4587,6,0,,,,,,,,,,,
60,gnb1,2026-08-19T11:01:04.239823,1851,PDSCH,0x46,50,4587,6,0,,,,,,,,,,,
60,gnb1,2026-08-19T11:01:04.284474,1852,PDSCH,0x46,50,4587,6,0,,,,,,,,,,,
60,gnb1,2026-08-19T11:01:04.381363,1853,PUSCH,0x46,,,,,2,24,1572,4,106.5,690,,,,,
60,gnb1,2026-08-19T11:01:04.381509,1853,BSR,0x46,,,,,,,,,,,,,,,0
60,gnb1,2026-08-19T11:01:04.381835,1854,PUSCH,0x46,,,,,2,4,249,4,117.9,150,,,,,
60,gnb1,2026-08-19T11:01:04.381898,1854,BSR,0x46,,,,,,,,,,,,,,,0
60,gnb1,2026-08-19T11:01:04.382147,1853,PDSCH,0x46,50,4587,6,0,,,,,,,,,,,
60,gnb1,2026-08-19T11:01:04.382396,1854,PDSCH,0x46,50,4587,6,0,,,,,,,,,,,
60,gnb1,2026-08-19T11:01:04.411225,1855,PUSCH,0x46,,,,,2,4,249,4,118.0,146,,,,,
60,gnb1,2026-08-19T11:01:04.411723,1855,PDSCH,0x46,50,4587,6,0,,,,,,,,,,,
60,gnb1,2026-08-19T11:01:04.514187,1856,PUSCH,0x46,,,,,2,4,269,4,117.9,219,,,,,
60,gnb1,2026-08-19T11:01:04.514946,1856,PDSCH,0x46,50,4587,6,0,,,,,,,,,,,
60,gnb1,2026-08-19T11:01:04.515696,1857,PDSCH,0x46,50,4587,6,0,,,,,,,,,,,
60,gnb1,2026-08-19T11:01:04.619292,1858,PDSCH,0x46,50,4587,6,0,,,,,,,,,,,
60,gnb1,2026-08-19T11:01:04.620181,1859,PDSCH,0x46,50,4587,6,0,,,,,,,,,,,
60,gnb1,2026-08-19T11:01:04.671803,1860,PDSCH,0x46,50,4587,6,0,,,,,,,,,,,
60,gnb1,2026-08-19T11:01:04.772757,1861,PUSCH,0x46,,,,,10,24,1572,4,106.7,552,,,,,
60,gnb1,2026-08-19T11:01:04.772918,1861,BSR,0x46,,,,,,,,,,,,,,,0
60,gnb1,2026-08-19T11:01:04.773416,1862,PUSCH,0x46,,,,,2,3,249,4,117.9,129,,,,,
60,gnb1,2026-08-19T11:01:04.773554,1861,PDSCH,0x46,47,4395,6,0,,,,,,,,,,,
60,gnb1,2026-08-19T11:01:04.773990,1862,PDSCH,0x46,50,4587,6,0,,,,,,,,,,,
60,gnb1,2026-08-19T11:01:04.828325,1863,PDSCH,0x46,50,4587,6,0,,,,,,,,,,,
60,gnb1,2026-08-19T11:01:04.935142,1864,PDSCH,0x46,50,4587,6,0,,,,,,,,,,,
60,gnb1,2026-08-19T11:01:04.981172,1865,PDSCH,0x46,50,4587,6,0,,,,,,,,,,,
60,gnb1,2026-08-19T11:01:04.982117,1866,PDSCH,0x46,50,4587,6,0,,,,,,,,,,,
60,gnb1,2026-08-19T11:01:05.064018,1867,PDSCH,0x46,50,4587,6,0,,,,,,,,,,,
60,gnb1,2026-08-19T11:01:05.091628,1868,PDSCH,0x46,50,4587,6,0,,,,,,,,,,,
60,gnb1,2026-08-19T11:01:05.092125,1869,PUSCH,0x46,,,,,2,4,269,4,118.0,144,,,,,
60,gnb1,2026-08-19T11:01:05.092598,1869,PDSCH,0x46,50,4587,6,0,,,,,,,,,,,
60,gnb1,2026-08-19T11:01:05.140146,1870,BSR,0x46,,,,,,,,,,,,,,,0
60,gnb1,2026-08-19T11:01:05.140693,1870,PDSCH,0x46,50,4587,6,0,,,,,,,,,,,
60,gnb1,2026-08-19T11:01:05.228909,1871,PDSCH,0x46,50,4587,6,0,,,,,,,,,,,
60,gnb1,2026-08-19T11:01:05.229850,1872,PDSCH,0x46,50,4587,6,0,,,,,,,,,,,
60,gnb1,2026-08-19T11:01:05.314581,1873,PDSCH,0x46,50,4587,6,0,,,,,,,,,,,
60,gnb1,2026-08-19T11:01:05.315695,1874,PDSCH,0x46,50,4587,6,0,,,,,,,,,,,
60,gnb1,2026-08-19T11:01:05.406495,1875,PDSCH,0x46,50,4587,6,0,,,,,,,,,,,
60,gnb1,2026-08-19T11:01:05.407148,1876,PDSCH,0x46,50,4587,6,0,,,,,,,,,,,
60,gnb1,2026-08-19T11:01:05.454537,1877,PDSCH,0x46,50,4587,6,0,,,,,,,,,,,
60,gnb1,2026-08-19T11:01:05.549170,1878,PUSCH,0x46,,,,,2,5,349,4,118.0,353,,,,,
60,gnb1,2026-08-19T11:01:05.549269,1878,BSR,0x46,,,,,,,,,,,,,,,0
60,gnb1,2026-08-19T11:01:05.549748,1878,PDSCH,0x46,50,4587,6,0,,,,,,,,,,,
60,gnb1,2026-08-19T11:01:05.549974,1879,BSR,0x46,,,,,,,,,,,,,,,0
60,gnb1,2026-08-19T11:01:05.550407,1879,PDSCH,0x46,50,4587,6,0,,,,,,,,,,,
60,gnb1,2026-08-19T11:01:05.596045,1880,PDSCH,0x46,50,4587,6,0,,,,,,,,,,,
60,gnb1,2026-08-19T11:01:05.687960,1881,PUCCH_CQI,0x46,,,,,,,,,,,111.8,15,2a,,
60,gnb1,2026-08-19T11:01:05.688528,1881,PDSCH,0x46,47,4395,6,0,,,,,,,,,,,
60,gnb1,2026-08-19T11:01:05.689630,1882,PDSCH,0x46,50,4587,6,0,,,,,,,,,,,
60,gnb1,2026-08-19T11:01:05.736299,1883,PDSCH,0x46,50,4587,6,0,,,,,,,,,,,
60,gnb1,2026-08-19T11:01:05.825860,1884,PDSCH,0x46,50,4587,6,0,,,,,,,,,,,
60,gnb1,2026-08-19T11:01:05.868325,1885,PDSCH,0x46,50,4587,6,0,,,,,,,,,,,
60,gnb1,2026-08-19T11:01:05.868956,1886,PUSCH,0x46,,,,,2,5,349,4,117.9,158,,,,,
60,gnb1,2026-08-19T11:01:05.869028,1886,BSR,0x46,,,,,,,,,,,,,,,0
60,gnb1,2026-08-19T11:01:05.869548,1886,PDSCH,0x46,50,4587,6,0,,,,,,,,,,,
60,gnb1,2026-08-19T11:01:05.958304,1887,PUSCH,0x46,,,,,2,3,233,4,117.9,250,,,,,
60,gnb1,2026-08-19T11:01:05.958387,1887,BSR,0x46,,,,,,,,,,,,,,,0
60,gnb1,2026-08-19T11:01:05.958868,1887,PDSCH,0x46,50,4587,6,0,,,,,,,,,,,
60,gnb1,2026-08-19T11:01:05.959354,1888,BSR,0x46,,,,,,,,,,,,,,,0
60,gnb1,2026-08-19T11:01:05.959762,1888,PDSCH,0x46,50,4587,6,0,,,,,,,,,,,
60,gnb1,2026-08-19T11:01:06.016508,1889,PDSCH,0x46,50,4587,6,0,,,,,,,,,,,
60,gnb1,2026-08-19T11:01:06.110582,1890,PDSCH,0x46,50,4587,6,0,,,,,,,,,,,
60,gnb1,2026-08-19T11:01:06.111703,1891,PDSCH,0x46,50,4587,6,0,,,,,,,,,,,
60,gnb1,2026-08-19T11:01:06.211432,1892,PDSCH,0x46,50,4587,6,0,,,,,,,,,,,
60,gnb1,2026-08-19T11:01:06.266421,1893,PDSCH,0x46,50,4587,6,0,,,,,,,,,,,
60,gnb1,2026-08-19T11:01:06.267026,1894,PUSCH,0x46,,,,,2,5,349,4,117.9,161,,,,,
60,gnb1,2026-08-19T11:01:06.267101,1894,BSR,0x46,,,,,,,,,,,,,,,0
60,gnb1,2026-08-19T11:01:06.267660,1894,PDSCH,0x46,50,4587,6,0,,,,,,,,,,,
60,gnb1,2026-08-19T11:01:06.376920,1895,PUSCH,0x46,,,,,2,7,501,4,114.2,296,,,,,
60,gnb1,2026-08-19T11:01:06.376995,1895,PHR,,,,,,,,,,,,,,,,
60,gnb1,2026-08-19T11:01:06.377009,1895,BSR,0x46,,,,,,,,,,,,,,,0
60,gnb1,2026-08-19T11:01:06.377545,1895,PDSCH,0x46,50,4587,6,0,,,,,,,,,,,
60,gnb1,2026-08-19T11:01:06.377750,1896,PUSCH,0x46,,,,,2,3,249,4,117.9,99,,,,,
60,gnb1,2026-08-19T11:01:06.377809,1896,BSR,0x46,,,,,,,,,,,,,,,0
60,gnb1,2026-08-19T11:01:06.378277,1896,PDSCH,0x46,50,4587,6,0,,,,,,,,,,,
60,gnb1,2026-08-19T11:01:06.426227,1897,BSR,0x46,,,,,,,,,,,,,,,0
60,gnb1,2026-08-19T11:01:06.426794,1897,PDSCH,0x46,50,4587,6,0,,,,,,,,,,,
60,gnb1,2026-08-19T11:01:06.519266,1898,PDSCH,0x46,50,4587,6,0,,,,,,,,,,,
60,gnb1,2026-08-19T11:01:06.566894,1899,PDSCH,0x46,50,4587,6,0,,,,,,,,,,,
60,gnb1,2026-08-19T11:01:06.568016,1900,PDSCH,0x46,50,4587,6,0,,,,,,,,,,,
60,gnb1,2026-08-19T11:01:06.665721,1901,PDSCH,0x46,47,4395,6,0,,,,,,,,,,,
60,gnb1,2026-08-19T11:01:06.666334,1902,PUSCH,0x46,,,,,2,5,349,4,118.0,165,,,,,
60,gnb1,2026-08-19T11:01:06.666396,1902,BSR,0x46,,,,,,,,,,,,,,,0
60,gnb1,2026-08-19T11:01:06.666811,1902,PDSCH,0x46,50,4587,6,0,,,,,,,,,,,
60,gnb1,2026-08-19T11:01:06.754998,1903,PUSCH,0x46,,,,,2,19,1239,4,106.5,604,,,,,
60,gnb1,2026-08-19T11:01:06.755072,1903,BSR,0x46,,,,,,,,,,,,,,,0
60,gnb1,2026-08-19T11:01:06.755590,1904,PUSCH,0x46,,,,,2,7,501,4,114.3,192,,,,,
60,gnb1,2026-08-19T11:01:06.755654,1904,BSR,0x46,,,,,,,,,,,,,,,0
60,gnb1,2026-08-19T11:01:06.755837,1903,PDSCH,0x46,50,4587,6,0,,,,,,,,,,,
60,gnb1,2026-08-19T11:01:06.756135,1904,PDSCH,0x46,50,4587,6,0,,,,,,,,,,,
60,gnb1,2026-08-19T11:01:06.790786,1905,PUSCH,0x46,,,,,2,3,249,4,117.9,145,,,,,
60,gnb1,2026-08-19T11:01:06.791337,1905,PDSCH,0x46,50,4587,6,0,,,,,,,,,,,
60,gnb1,2026-08-19T11:01:06.859800,1906,PDSCH,0x46,50,4587,6,0,,,,,,,,,,,
60,gnb1,2026-08-19T11:01:06.860665,1907,PDSCH,0x46,50,4587,6,0,,,,,,,,,,,
60,gnb1,2026-08-19T11:01:06.906834,1908,PDSCH,0x46,50,4587,6,0,,,,,,,,,,,
60,gnb1,2026-08-19T11:01:07.012896,1909,PDSCH,0x46,50,4587,6,0,,,,,,,,,,,
60,gnb1,2026-08-19T11:01:07.013399,1910,PUSCH,0x46,,,,,2,5,349,4,118.0,152,,,,,
60,gnb1,2026-08-19T11:01:07.013959,1910,PDSCH,0x46,50,4587,6,0,,,,,,,,,,,
60,gnb1,2026-08-19T11:01:07.060170,1911,PUSCH,0x46,,,,,10,23,1527,4,106.6,730,,,,,
60,gnb1,2026-08-19T11:01:07.060674,1911,PDSCH,0x46,50,4587,6,0,,,,,,,,,,,
60,gnb1,2026-08-19T11:01:07.140922,1912,PUSCH,0x46,,,,,2,7,469,4,114.2,211,,,,,
60,gnb1,2026-08-19T11:01:07.141528,1912,PDSCH,0x46,50,4587,6,0,,,,,,,,,,,
60,gnb1,2026-08-19T11:01:07.142306,1913,PDSCH,0x46,50,4587,6,0,,,,,,,,,,,
60,gnb1,2026-08-19T11:01:07.190960,1914,PDSCH,0x46,50,4587,6,0,,,,,,,,,,,
60,gnb1,2026-08-19T11:01:07.278767,1915,PDSCH,0x46,50,4587,6,0,,,,,,,,,,,
60,gnb1,2026-08-19T11:01:07.279788,1916,PDSCH,0x46,50,4587,6,0,,,,,,,,,,,
60,gnb1,2026-08-19T11:01:07.358492,1917,PDSCH,0x46,50,4587,6,0,,,,,,,,,,,
60,gnb1,2026-08-19T11:01:07.359512,1918,PDSCH,0x46,50,4587,6,0,,,,,,,,,,,
60,gnb1,2026-08-19T11:01:07.450244,1919,PDSCH,0x46,50,4587,6,0,,,,,,,,,,,
60,gnb1,2026-08-19T11:01:07.494463,1920,BSR,0x46,,,,,,,,,,,,,,,0
60,gnb1,2026-08-19T11:01:07.495144,1920,PDSCH,0x46,50,4587,6,0,,,,,,,,,,,
60,gnb1,2026-08-19T11:01:07.495153,1921,PUCCH_CQI,0x46,,,,,,,,,,,111.8,15,2a,,
60,gnb1,2026-08-19T11:01:07.495756,1921,PDSCH,0x46,47,4395,6,0,,,,,,,,,,,
60,gnb1,2026-08-19T11:01:07.540845,1922,PDSCH,0x46,50,4587,6,0,,,,,,,,,,,
60,gnb1,2026-08-19T11:01:07.638600,1923,PDSCH,0x46,50,4587,6,0,,,,,,,,,,,
60,gnb1,2026-08-19T11:01:07.679790,1924,PDSCH,0x46,50,4587,6,0,,,,,,,,,,,
60,gnb1,2026-08-19T11:01:07.711627,1925,PDSCH,0x46,47,4395,6,0,,,,,,,,,,,
60,gnb1,2026-08-19T11:01:07.764947,1926,PDSCH,0x46,50,4587,6,0,,,,,,,,,,,
60,gnb1,2026-08-19T11:01:07.765874,1927,PDSCH,0x46,50,4587,6,0,,,,,,,,,,,
60,gnb1,2026-08-19T11:01:07.808801,1928,PUSCH,0x46,,,,,2,8,517,4,111.4,330,,,,,
60,gnb1,2026-08-19T11:01:07.809612,1928,PDSCH,0x46,50,4587,6,0,,,,,,,,,,,
60,gnb1,2026-08-19T11:01:07.921137,1929,BSR,0x46,,,,,,,,,,,,,,,0
60,gnb1,2026-08-19T11:01:07.921754,1929,PDSCH,0x46,50,4587,6,0,,,,,,,,,,,
60,gnb1,2026-08-19T11:01:07.922499,1930,PDSCH,0x46,50,4587,6,0,,,,,,,,,,,
60,gnb1,2026-08-19T11:01:07.970199,1931,PDSCH,0x46,50,4587,6,0,,,,,,,,,,,
60,gnb1,2026-08-19T11:01:08.063114,1932,PDSCH,0x46,50,4587,6,0,,,,,,,,,,,
60,gnb1,2026-08-19T11:01:08.064094,1933,PDSCH,0x46,36,2769,6,0,,,,,,,,,,,
60,gnb1,2026-08-19T11:01:08.306553,1937,PUSCH,0x46,,,,,2,35,2292,4,108.1,740,,,,,
60,gnb1,2026-08-19T11:01:08.306612,1937,BSR,0x46,,,,,,,,,,,,,,,0
60,gnb1,2026-08-19T11:01:08.350429,1939,BSR,0x46,,,,,,,,,,,,,,,0
60,gnb1,2026-08-19T11:01:08.350992,1939,PDSCH,0x46,50,4587,6,0,,,,,,,,,,,
60,gnb1,2026-08-19T11:01:08.440422,1940,PDSCH,0x46,50,4587,6,0,,,,,,,,,,,
60,gnb1,2026-08-19T11:01:08.441415,1941,PDSCH,0x46,47,4395,6,0,,,,,,,,,,,
60,gnb1,2026-08-19T11:01:08.547949,1942,PDSCH,0x46,50,4587,6,0,,,,,,,,,,,
60,gnb1,2026-08-19T11:01:08.604461,1943,PDSCH,0x46,21,1692,6,0,,,,,,,,,,,
60,gnb1,2026-08-19T11:01:08.697869,1945,PUSCH,0x46,,,,,2,35,2292,4,108.1,627,,,,,
60,gnb1,2026-08-19T11:01:08.697915,1945,PHR,,,,,,,,,,,,,,,,
60,gnb1,2026-08-19T11:01:08.697935,1945,BSR,0x46,,,,,,,,,,,,,,,0
60,gnb1,2026-08-19T11:01:08.740342,1947,PUSCH,0x46,,,,,2,1,97,4,117.9,153,,,,,
60,gnb1,2026-08-19T11:01:09.109976,1953,PUSCH,0x46,,,,,2,35,2292,4,108.1,960,,,,,
60,gnb1,2026-08-19T11:01:09.147719,1955,PDSCH,0x46,50,4587,6,0,,,,,,,,,,,
60,gnb1,2026-08-19T11:01:09.268909,1956,PDSCH,0x46,50,4587,6,0,,,,,,,,,,,
60,gnb1,2026-08-19T11:01:09.269767,1957,PDSCH,0x46,50,4587,6,0,,,,,,,,,,,
60,gnb1,2026-08-19T11:01:09.326030,1958,PDSCH,0x46,50,4587,6,0,,,,,,,,,,,
60,gnb1,2026-08-19T11:01:09.428138,1959,PDSCH,0x46,50,4587,6,0,,,,,,,,,,,
60,gnb1,2026-08-19T11:01:09.470487,1960,BSR,0x46,,,,,,,,,,,,,,,0
60,gnb1,2026-08-19T11:01:09.471056,1960,PDSCH,0x46,50,4587,6,0,,,,,,,,,,,
60,gnb1,2026-08-19T11:01:09.471625,1961,PUCCH_CQI,0x46,,,,,,,,,,,111.8,15,2,,
60,gnb1,2026-08-19T11:01:09.472214,1961,PDSCH,0x46,47,4395,6,0,,,,,,,,,,,
60,gnb1,2026-08-19T11:01:09.564376,1962,PDSCH,0x46,50,4587,6,0,,,,,,,,,,,
60,gnb1,2026-08-19T11:01:09.615388,1963,PDSCH,0x46,50,4587,6,0,,,,,,,,,,,
60,gnb1,2026-08-19T11:01:09.616590,1964,PDSCH,0x46,50,4587,6,0,,,,,,,,,,,
60,gnb1,2026-08-19T11:01:09.725470,1965,PDSCH,0x46,50,4587,6,0,,,,,,,,,,,
60,gnb1,2026-08-19T11:01:09.776308,1966,PDSCH,0x46,50,4587,6,0,,,,,,,,,,,
60,gnb1,2026-08-19T11:01:09.777144,1967,PDSCH,0x46,50,4587,6,0,,,,,,,,,,,
60,gnb1,2026-08-19T11:01:09.829694,1968,PUSCH,0x46,,,,,2,8,517,4,111.4,196,,,,,
60,gnb1,2026-08-19T11:01:09.830215,1968,PDSCH,0x46,50,4587,6,0,,,,,,,,,,,
60,gnb1,2026-08-19T11:01:09.933390,1969,BSR,0x46,,,,,,,,,,,,,,,0
60,gnb1,2026-08-19T11:01:09.933944,1969,PDSCH,0x46,50,4587,6,0,,,,,,,,,,,
60,gnb1,2026-08-19T11:01:09.934965,1970,PDSCH,0x46,50,4587,6,0,,,,,,,,,,,
60,gnb1,2026-08-19T11:01:09.976500,1971,PDSCH,0x46,50,4587,6,0,,,,,,,,,,,
60,gnb1,2026-08-19T11:01:10.064078,1972,PDSCH,0x46,50,4587,6,0,,,,,,,,,,,
60,gnb1,2026-08-19T11:01:10.065156,1973,PDSCH,0x46,50,4587,6,0,,,,,,,,,,,
60,gnb1,2026-08-19T11:01:10.158014,1974,PDSCH,0x46,50,4587,6,0,,,,,,,,,,,
60,gnb1,2026-08-19T11:01:10.209323,1975,PDSCH,0x46,50,4587,6,0,,,,,,,,,,,
60,gnb1,2026-08-19T11:01:10.210233,1976,PDSCH,0x46,50,4587,6,0,,,,,,,,,,,
60,gnb1,2026-08-19T11:01:10.263998,1977,PUSCH,0x46,,,,,2,8,573,4,111.4,248,,,,,
60,gnb1,2026-08-19T11:01:10.264090,1977,BSR,0x46,,,,,,,,,,,,,,,0
60,gnb1,2026-08-19T11:01:10.264592,1977,PDSCH,0x46,50,4587,6,0,,,,,,,,,,,
60,gnb1,2026-08-19T11:01:10.369409,1978,BSR,0x46,,,,,,,,,,,,,,,0
60,gnb1,2026-08-19T11:01:10.369957,1978,PDSCH,0x46,50,4587,6,0,,,,,,,,,,,
60,gnb1,2026-08-19T11:01:10.370880,1979,PDSCH,0x46,50,4587,6,0,,,,,,,,,,,
60,gnb1,2026-08-19T11:01:10.417724,1980,PDSCH,0x46,50,4587,6,0,,,,,,,,,,,
60,gnb1,2026-08-19T11:01:10.507191,1981,PDSCH,0x46,47,4395,6,0,,,,,,,,,,,
60,gnb1,2026-08-19T11:01:10.507946,1982,PDSCH,0x46,50,4587,6,0,,,,,,,,,,,
60,gnb1,2026-08-19T11:01:10.557508,1983,PDSCH,0x46,50,4587,6,0,,,,,,,,,,,
60,gnb1,2026-08-19T11:01:10.652320,1984,PDSCH,0x46,50,4587,6,0,,,,,,,,,,,
60,gnb1,2026-08-19T11:01:10.652938,1985,PUSCH,0x46,,,,,2,8,573,4,111.4,255,,,,,
60,gnb1,2026-08-19T11:01:10.653002,1985,BSR,0x46,,,,,,,,,,,,,,,0
60,gnb1,2026-08-19T11:01:10.653502,1985,PDSCH,0x46,50,4587,6,0,,,,,,,,,,,
60,gnb1,2026-08-19T11:01:10.701054,1986,PUSCH,0x46,,,,,2,3,217,4,118.0,154,,,,,
60,gnb1,2026-08-19T11:01:10.701151,1986,BSR,0x46,,,,,,,,,,,,,,,0
60,gnb1,2026-08-19T11:01:10.701801,1986,PDSCH,0x46,50,4587,6,0,,,,,,,,,,,
60,gnb1,2026-08-19T11:01:10.789720,1987,BSR,0x46,,,,,,,,,,,,,,,0
60,gnb1,2026-08-19T11:01:10.790218,1987,PDSCH,0x46,50,4587,6,0,,,,,,,,,,,
60,gnb1,2026-08-19T11:01:10.791233,1988,PDSCH,0x46,50,4587,6,0,,,,,,,,,,,
60,gnb1,2026-08-19T11:01:10.854646,1989,PDSCH,0x46,45,3422,6,0,,,,,,,,,,,
60,gnb1,2026-08-19T11:01:11.030888,1993,PUSCH,0x46,,,,,2,8,573,4,111.4,207,,,,,
60,gnb1,2026-08-19T11:01:11.030955,1993,BSR,0x46,,,,,,,,,,,,,,,0
60,gnb1,2026-08-19T11:01:11.089238,1994,PUSCH,0x46,,,,,2,31,1980,4,107.6,873,,,,,
60,gnb1,2026-08-19T11:01:11.089304,1994,BSR,0x46,,,,,,,,,,,,,,,0
60,gnb1,2026-08-19T11:01:11.089481,1995,PUSCH,0x46,,,,,2,3,217,4,118.0,150,,,,,
60,gnb1,2026-08-19T11:01:11.089528,1995,BSR,0x46,,,,,,,,,,,,,,,0
60,gnb1,2026-08-19T11:01:11.090686,1995,PHR,,,,,,,,,,,,,,,,
60,gnb1,2026-08-19T11:01:11.145246,1996,BSR,0x46,,,,,,,,,,,,,,,0
60,gnb1,2026-08-19T11:01:11.417460,2001,PUSCH,0x46,,,,,10,8,573,4,104.5,350,,,,,
60,gnb1,2026-08-19T11:01:11.417533,2001,BSR,0x46,,,,,,,,,,,,,,,0
60,gnb1,2026-08-19T11:01:11.418827,2002,PUSCH,0x46,,,,,2,35,2292,4,108.1,631,,,,,
60,gnb1,2026-08-19T11:01:11.418872,2002,BSR,0x46,,,,,,,,,,,,,,,0
60,gnb1,2026-08-19T11:01:11.506937,2003,PUSCH,0x46,,,,,2,2,145,4,118.0,137,,,,,
60,gnb1,2026-08-19T11:01:11.550031,2004,PUSCH,0x46,,,,,2,8,517,4,111.4,230,,,,,
60,gnb1,2026-08-19T11:01:11.783622,2009,PUSCH,0x46,,,,,2,8,573,4,111.4,225,,,,,
60,gnb1,2026-08-19T11:01:11.830865,2010,PUSCH,0x46,,,,,2,39,2673,4,108.5,876,,,,,
60,gnb1,2026-08-19T11:01:12.307346,2019,PDSCH,0x46,3,7,2,0,,,,,,,,,,,
60,gnb1,2026-08-19T11:01:12.343638,2020,BSR,0x46,,,,,,,,,,,,,,,0
60,gnb1,2026-08-19T11:01:12.731382,2028,PUSCH,0x46,,,,,2,8,517,4,111.4,226,,,,,
60,gnb1,2026-08-19T11:01:13.268019,2040,BSR,0x46,,,,,,,,,,,,,,,0
60,gnb1,2026-08-19T11:01:13.316361,2041,PUCCH_CQI,0x46,,,,,,,,,,,111.8,15,2,,
60,gnb1,2026-08-19T11:01:13.618827,2048,PUSCH,0x46,,,,,2,8,517,4,111.4,303,,,,,
60,gnb1,2026-08-19T11:01:13.618894,2048,PHR,,,,,,,,,,,,,,,,
