ue_id,gnb,timestamp,tti,event,rnti,pdsch_nof_prb,pdsch_tbs,pdsch_mcs,pdsch_rv,pusch_rb_start,pusch_rb_len,pusch_tbs,pusch_mod,pusch_snr,pusch_proc_us,pucch_snr,pucch_cqi,pucch_f,phr_val,bsr_val
50,gnb2,2026-08-19T09:50:35.169072,342,PDSCH,0x2,3,11,2,0,,,,,,,,,,,
50,gnb2,2026-08-19T09:50:35.437822,352,PUSCH,0x46,,,,,2,2,7,2,117.8,93,,,,,
50,gnb2,2026-08-19T09:50:35.490611,354,PDSCH,0x46,3,32,2,0,,,,,,,,,,,
50,gnb2,2026-08-19T09:50:35.621172,361,PUCCH_CQI,0x46,,,,,,,,,,,-inf,0,2,,
50,gnb2,2026-08-19T09:50:36.624928,388,PUSCH,0x46,,,,,2,44,157,2,109.0,335,,,,,
50,gnb2,2026-08-19T09:50:36.624939,388,PHR,,,,,,,,,,,,,,,,
50,gnb2,2026-08-19T09:50:36.651386,389,PDSCH,0x46,3,7,2,0,,,,,,,,,,,
50,gnb2,2026-08-19T09:50:36.674901,390,PDSCH,0x46,6,51,2,0,,,,,,,,,,,
50,gnb2,2026-08-19T09:50:37.028953,401,PUCCH_CQI,0x46,,,,,,,,,,,111.8,15,2,,
50,gnb2,2026-08-19T09:50:37.242106,408,PUSCH,0x46,,,,,2,8,517,4,111.4,143,,,,,
50,gnb2,2026-08-19T09:50:37.338910,409,PDSCH,0x46,3,7,2,0,,,,,,,,,,,
50,gnb2,2026-08-19T09:50:37.401297,410,PDSCH,0x46,3,41,2,0,,,,,,,,,,,
50,gnb2,2026-08-19T09:50:37.997496,428,PUSCH,0x46,,,,,2,8,517,4,111.4,92,,,,,
50,gnb2,2026-08-19T09:50:38.027153,429,PDSCH,0x46,3,7,2,0,,,,,,,,,,,
50,gnb2,2026-08-19T09:50:38.054978,430,PDSCH,0x46,3,26,2,0,,,,,,,,,,,
50,gnb2,2026-08-19T09:50:38.403000,441,PUCCH_CQI,0x46,,,,,,,,,,,111.8,15,2,,
50,gnb2,2026-08-19T09:50:38.704877,448,PUSCH,0x46,,,,,2,8,517,4,111.4,97,,,,,
50,gnb2,2026-08-19T09:50:38.704902,448,PHR,,,,,,,,,,,,,,,,
50,gnb2,2026-08-19T09:50:38.745087,449,PDSCH,0x46,3,7,2,0,,,,,,,,,,,
50,gnb2,2026-08-19T09:50:38.775377,450,PDSCH,0x46,3,18,2,0,,,,,,,,,,,
50,gnb2,2026-08-19T09:50:39.329798,468,PUSCH,0x46,,,,,2,8,517,4,111.4,88,,,,,
50,gnb2,2026-08-19T09:50:39.351661,469,PDSCH,0x46,3,22,2,0,,,,,,,,,,,
50,gnb2,2026-08-19T09:50:39.928535,481,PUCCH_CQI,0x46,,,,,,,,,,,111.8,15,2,,
50,gnb2,2026-08-19T09:50:40.144103,488,PUSCH,0x46,,,,,2,8,517,4,111.4,116,,,,,
50,gnb2,2026-08-19T09:50:40.183907,489,PDSCH,0x46,3,7,2,0,,,,,,,,,,,
50,gnb2,2026-08-19T09:50:40.220869,490,PDSCH,0x46,3,113,4,0,,,,,,,,,,,
50,gnb2,2026-08-19T09:50:40.793866,508,PUSCH,0x46,,,,,2,8,517,4,111.4,189,,,,,
50,gnb2,2026-08-19T09:50:40.793867,508,PHR,,,,,,,,,,,,,,,,
50,gnb2,2026-08-19T09:50:40.811518,509,PDSCH,0x46,3,7,2,0,,,,,,,,,,,
50,gnb2,2026-08-19T09:50:40.830402,510,PDSCH,0x46,3,7,2,0,,,,,,,,,,,
50,gnb2,2026-08-19T09:50:41.046723,518,PDSCH,0x46,3,73,4,0,,,,,,,,,,,
50,gnb2,2026-08-19T09:50:41.179005,521,PUCCH_CQI,0x46,,,,,,,,,,,111.8,15,2,,
50,gnb2,2026-08-19T09:50:42.153417,548,PUSCH,0x46,,,,,2,8,517,4,111.4,173,,,,,
50,gnb2,2026-08-19T09:50:42.797769,561,PUCCH_CQI,0x46,,,,,,,,,,,111.8,15,2,,
50,gnb2,2026-08-19T09:50:44.204286,601,PUCCH_CQI,0x46,,,,,,,,,,,111.8,15,2,,
50,gnb2,2026-08-19T09:50:45.617376,641,PUCCH_CQI,0x46,,,,,,,,,,,111.8,15,2,,
50,gnb2,2026-08-19T09:50:47.317294,681,PUCCH_CQI,0x46,,,,,,,,,,,111.8,15,2,,
50,gnb2,2026-08-19T09:50:48.882299,721,PUCCH_CQI,0x46,,,,,,,,,,,111.8,15,2,,
50,gnb2,2026-08-19T09:50:50.527742,761,PUCCH_CQI,0x46,,,,,,,,,,,111.8,15,2,,
50,gnb2,2026-08-19T09:50:51.940300,801,PUCCH_CQI,0x46,,,,,,,,,,,111.8,15,2,,
50,gnb2,2026-08-19T09:50:53.749281,841,PUCCH_CQI,0x46,,,,,,,,,,,111.8,15,2,,
50,gnb2,2026-08-19T09:50:55.165062,881,PUCCH_CQI,0x46,,,,,,,,,,,111.8,15,2,,
50,gnb2,2026-08-19T09:50:56.877958,921,PUCCH_CQI,0x46,,,,,,,,,,,111.8,15,2,,
50,gnb2,2026-08-19T09:50:58.686772,961,PUCCH_CQI,0x46,,,,,,,,,,,111.8,15,2,,
50,gnb2,2026-08-19T09:51:00.717320,1001,PUCCH_CQI,0x46,,,,,,,,,,,111.8,15,2,,
50,gnb2,2026-08-19T09:51:02.092564,1041,PUCCH_CQI,0x46,,,,,,,,,,,111.8,15,2,,
50,gnb2,2026-08-19T09:51:03.751055,1081,PUCCH_CQI,0x46,,,,,,,,,,,111.8,15,2,,
50,gnb2,2026-08-19T09:51:05.444112,1121,PUCCH_CQI,0x46,,,,,,,,,,,111.8,15,2,,
50,gnb2,2026-08-19T09:51:07.002732,1161,PUCCH_CQI,0x46,,,,,,,,,,,111.8,15,2,,
50,gnb2,2026-08-19T09:51:08.317416,1201,PUCCH_CQI,0x46,,,,,,,,,,,111.8,15,2,,
50,gnb2,2026-08-19T09:51:09.977680,1241,PUCCH_CQI,0x46,,,,,,,,,,,111.8,15,2,,
50,gnb2,2026-08-19T09:51:11.480375,1281,PUCCH_CQI,0x46,,,,,,,,,,,111.8,15,2,,
50,gnb2,2026-08-19T09:51:12.829410,1321,PUCCH_CQI,0x46,,,,,,,,,,,111.8,15,2,,
50,gnb2,2026-08-19T09:51:14.669513,1361,PUCCH_CQI,0x46,,,,,,,,,,,111.8,15,2,,
50,gnb2,2026-08-19T09:51:16.103878,1401,PUCCH_CQI,0x46,,,,,,,,,,,111.8,15,2,,
50,gnb2,2026-08-19T09:51:17.464033,1441,PUCCH_CQI,0x46,,,,,,,,,,,111.8,15,2,,
50,gnb2,2026-08-19T09:51:18.971757,1481,PUCCH_CQI,0x46,,,,,,,,,,,111.8,15,2,,
50,gnb2,2026-08-19T09:51:20.567052,1521,PUCCH_CQI,0x46,,,,,,,,,,,111.8,15,2,,
50,gnb2,2026-08-19T09:51:22.259710,1561,PUCCH_CQI,0x46,,,,,,,,,,,111.8,15,2,,
50,gnb2,2026-08-19T09:51:24.523361,1601,PUCCH_CQI,0x46,,,,,,,,,,,111.8,15,2,,
50,gnb2,2026-08-19T09:51:26.270937,1641,PUCCH_CQI,0x46,,,,,,,,,,,111.8,15,2,,
50,gnb2,2026-08-19T09:51:28.226836,1681,PUCCH_CQI,0x46,,,,,,,,,,,111.8,15,2,,
50,gnb2,2026-08-19T09:51:29.778677,1721,PUCCH_CQI,0x46,,,,,,,,,,,111.8,15,2,,
50,gnb2,2026-08-19T09:51:30.131880,1728,PUSCH,0x46,,,,,2,8,517,4,111.4,181,,,,,
50,gnb2,2026-08-19T09:51:30.131896,1728,PHR,,,,,,,,,,,,,,,,
50,gnb2,2026-08-19T09:51:30.194066,1729,PDSCH,0x46,3,145,6,0,,,,,,,,,,,
50,gnb2,2026-08-19T09:51:30.879482,1748,PUSCH,0x46,,,,,2,8,517,4,111.4,171,,,,,
50,gnb2,2026-08-19T09:51:30.921763,1749,PDSCH,0x46,3,121,6,0,,,,,,,,,,,
50,gnb2,2026-08-19T09:51:31.333796,1761,PUCCH_CQI,0x46,,,,,,,,,,,111.8,15,2,,
50,gnb2,2026-08-19T09:51:31.528503,1768,PUSCH,0x46,,,,,2,8,517,4,111.4,88,,,,,
50,gnb2,2026-08-19T09:51:31.582993,1770,PDSCH,0x46,3,63,4,0,,,,,,,,,,,
50,gnb2,2026-08-19T09:51:31.797687,1779,PDSCH,0x46,3,7,2,0,,,,,,,,,,,
50,gnb2,2026-08-19T09:51:32.042461,1788,PUSCH,0x46,,,,,2,8,517,4,111.4,86,,,,,
50,gnb2,2026-08-19T09:51:32.042555,1788,PHR,,,,,,,,,,,,,,,,
50,gnb2,2026-08-19T09:51:32.066052,1789,PDSCH,0x46,3,121,6,0,,,,,,,,,,,
50,gnb2,2026-08-19T09:51:32.357756,1801,PUCCH_CQI,0x46,,,,,,,,,,,111.8,15,2,,
50,gnb2,2026-08-19T09:51:32.536502,1808,PUSCH,0x46,,,,,2,8,517,4,111.4,89,,,,,
50,gnb2,2026-08-19T09:51:32.557878,1809,PDSCH,0x46,3,73,4,0,,,,,,,,,,,
50,gnb2,2026-08-19T09:51:33.168203,1828,PUSCH,0x46,,,,,2,8,517,4,111.4,88,,,,,
50,gnb2,2026-08-19T09:51:33.204492,1829,PDSCH,0x46,50,4587,6,0,,,,,,,,,,,
50,gnb2,2026-08-19T09:51:33.231475,1830,PDSCH,0x46,50,4587,6,0,,,,,,,,,,,
50,gnb2,2026-08-19T09:51:33.259998,1831,PDSCH,0x46,50,4587,6,0,,,,,,,,,,,
50,gnb2,2026-08-19T09:51:33.286418,1832,PDSCH,0x46,6,437,6,0,,,,,,,,,,,
50,gnb2,2026-08-19T09:51:33.698735,1841,PUCCH_CQI,0x46,,,,,,,,,,,111.8,15,2,,
50,gnb2,2026-08-19T09:51:34.029962,1848,PUSCH,0x46,,,,,2,8,517,4,111.4,123,,,,,
50,gnb2,2026-08-19T09:51:34.030022,1848,PHR,,,,,,,,,,,,,,,,
50,gnb2,2026-08-19T09:51:34.118842,1849,PDSCH,0x46,50,4587,6,0,,,,,,,,,,,
50,gnb2,2026-08-19T09:51:34.186281,1850,PDSCH,0x46,50,4587,6,0,,,,,,,,,,,
50,gnb2,2026-08-19T09:51:34.235584,1851,PDSCH,0x46,50,4587,6,0,,,,,,,,,,,
50,gnb2,2026-08-19T09:51:34.283581,1852,PDSCH,0x46,50,4587,6,0,,,,,,,,,,,
50,gnb2,2026-08-19T09:51:34.323707,1853,PDSCH,0x46,50,4587,6,0,,,,,,,,,,,
50,gnb2,2026-08-19T09:51:34.460488,1857,PUSCH,0x46,,,,,2,1,113,4,118.0,111,,,,,
50,gnb2,2026-08-19T09:51:34.492627,1858,PDSCH,0x46,50,4587,6,0,,,,,,,,,,,
50,gnb2,2026-08-19T09:51:34.749154,1859,PDSCH,0x46,15,1063,6,0,,,,,,,,,,,
50,gnb2,2026-08-19T09:51:35.022358,1865,PUSCH,0x46,,,,,2,1,113,4,118.0,55,,,,,
50,gnb2,2026-08-19T09:51:35.139387,1868,PUSCH,0x46,,,,,2,7,437,4,114.2,186,,,,,
50,gnb2,2026-08-19T09:51:35.183975,1869,PDSCH,0x46,50,4587,6,0,,,,,,,,,,,
50,gnb2,2026-08-19T09:51:35.246473,1870,PDSCH,0x46,50,4587,6,0,,,,,,,,,,,
50,gnb2,2026-08-19T09:51:35.305255,1871,PDSCH,0x46,50,4587,6,0,,,,,,,,,,,
50,gnb2,2026-08-19T09:51:35.353869,1872,PDSCH,0x46,24,1836,6,0,,,,,,,,,,,
50,gnb2,2026-08-19T09:51:35.447501,1874,PUSCH,0x46,,,,,2,4,293,4,117.9,137,,,,,
50,gnb2,2026-08-19T09:51:35.525854,1875,PDSCH,0x46,50,4587,6,0,,,,,,,,,,,
50,gnb2,2026-08-19T09:51:35.579206,1876,PUSCH,0x46,,,,,2,7,437,4,114.2,71,,,,,
50,gnb2,2026-08-19T09:51:35.579513,1876,PDSCH,0x46,50,4587,6,0,,,,,,,,,,,
50,gnb2,2026-08-19T09:51:35.616423,1877,PUSCH,0x46,,,,,2,3,249,4,118.0,104,,,,,
50,gnb2,2026-08-19T09:51:35.616685,1877,PDSCH,0x46,50,4587,6,0,,,,,,,,,,,
50,gnb2,2026-08-19T09:51:35.656043,1878,PDSCH,0x46,50,4587,6,0,,,,,,,,,,,
50,gnb2,2026-08-19T09:51:35.692507,1879,PDSCH,0x46,50,4587,6,0,,,,,,,,,,,
50,gnb2,2026-08-19T09:51:35.727297,1880,PDSCH,0x46,50,4587,6,0,,,,,,,,,,,
50,gnb2,2026-08-19T09:51:35.766501,1881,PUCCH_CQI,0x46,,,,,,,,,,,111.8,15,2,,
50,gnb2,2026-08-19T09:51:35.810475,1882,PUSCH,0x46,,,,,2,4,293,4,117.9,53,,,,,
50,gnb2,2026-08-19T09:51:35.810701,1882,PDSCH,0x46,27,2052,6,0,,,,,,,,,,,
50,gnb2,2026-08-19T09:51:35.870020,1883,PUSCH,0x46,,,,,2,3,249,4,117.9,88,,,,,
50,gnb2,2026-08-19T09:51:35.870324,1883,PDSCH,0x46,50,4587,6,0,,,,,,,,,,,
50,gnb2,2026-08-19T09:51:35.921743,1884,PUSCH,0x46,,,,,2,7,437,4,114.3,78,,,,,
50,gnb2,2026-08-19T09:51:35.922006,1884,PDSCH,0x46,50,4587,6,0,,,,,,,,,,,
50,gnb2,2026-08-19T09:51:35.969958,1885,PDSCH,0x46,50,4587,6,0,,,,,,,,,,,
50,gnb2,2026-08-19T09:51:36.012348,1886,PDSCH,0x46,50,4587,6,0,,,,,,,,,,,
50,gnb2,2026-08-19T09:51:36.053417,1887,PDSCH,0x46,36,2769,6,0,,,,,,,,,,,
50,gnb2,2026-08-19T09:51:36.348164,1892,PUSCH,0x46,,,,,2,8,573,4,111.4,207,,,,,
50,gnb2,2026-08-19T09:51:36.383335,1893,PDSCH,0x46,50,4587,6,0,,,,,,,,,,,
50,gnb2,2026-08-19T09:51:36.421032,1894,PDSCH,0x46,50,4587,6,0,,,,,,,,,,,
50,gnb2,2026-08-19T09:51:36.449793,1895,PDSCH,0x46,50,4587,6,0,,,,,,,,,,,
50,gnb2,2026-08-19T09:51:36.477300,1896,PDSCH,0x46,9,325,4,0,,,,,,,,,,,
50,gnb2,2026-08-19T09:51:36.620649,1901,PUSCH,0x46,,,,,10,9,621,4,104.5,191,,,,,
50,gnb2,2026-08-19T09:51:36.620699,1901,PHR,,,,,,,,,,,,,,,,
50,gnb2,2026-08-19T09:51:36.650294,1902,PDSCH,0x46,50,4587,6,0,,,,,,,,,,,
50,gnb2,2026-08-19T09:51:36.679077,1903,PDSCH,0x46,50,4587,6,0,,,,,,,,,,,
50,gnb2,2026-08-19T09:51:36.699344,1904,PDSCH,0x46,50,4587,6,0,,,,,,,,,,,
50,gnb2,2026-08-19T09:51:36.722106,1905,PDSCH,0x46,42,3182,6,0,,,,,,,,,,,
50,gnb2,2026-08-19T09:51:36.805658,1909,PUSCH,0x46,,,,,2,9,621,4,110.0,95,,,,,
50,gnb2,2026-08-19T09:51:36.826978,1910,PUSCH,0x46,,,,,2,3,249,4,118.0,93,,,,,
50,gnb2,2026-08-19T09:51:36.827243,1910,PDSCH,0x46,50,4587,6,0,,,,,,,,,,,
50,gnb2,2026-08-19T09:51:36.866917,1911,PDSCH,0x46,50,4587,6,0,,,,,,,,,,,
50,gnb2,2026-08-19T09:51:36.894121,1912,PDSCH,0x46,50,4587,6,0,,,,,,,,,,,
50,gnb2,2026-08-19T09:51:36.925912,1913,PDSCH,0x46,50,4587,6,0,,,,,,,,,,,
50,gnb2,2026-08-19T09:51:36.953988,1914,PDSCH,0x46,50,4587,6,0,,,,,,,,,,,
50,gnb2,2026-08-19T09:51:37.057219,1917,PUSCH,0x46,,,,,2,9,621,4,110.0,167,,,,,
50,gnb2,2026-08-19T09:51:37.116352,1918,PUSCH,0x46,,,,,2,8,517,4,111.4,164,,,,,
50,gnb2,2026-08-19T09:51:37.152376,1919,PUSCH,0x46,,,,,2,3,249,4,117.9,49,,,,,
50,gnb2,2026-08-19T09:51:37.152644,1919,PDSCH,0x46,50,4587,6,0,,,,,,,,,,,
50,gnb2,2026-08-19T09:51:37.185806,1920,PDSCH,0x46,50,4587,6,0,,,,,,,,,,,
50,gnb2,2026-08-19T09:51:37.217371,1921,PUCCH_CQI,0x46,,,,,,,,,,,111.8,15,2a,,
50,gnb2,2026-08-19T09:51:37.217680,1921,PDSCH,0x46,47,4395,6,0,,,,,,,,,,,
50,gnb2,2026-08-19T09:51:37.240138,1922,PDSCH,0x46,50,4587,6,0,,,,,,,,,,,
50,gnb2,2026-08-19T09:51:37.263430,1923,PDSCH,0x46,21,1527,6,0,,,,,,,,,,,
50,gnb2,2026-08-19T09:51:37.314390,1925,PUSCH,0x46,,,,,2,9,621,4,110.0,93,,,,,
50,gnb2,2026-08-19T09:51:37.338587,1926,PUSCH,0x46,,,,,2,4,269,4,117.9,121,,,,,
50,gnb2,2026-08-19T09:51:37.338863,1926,PDSCH,0x46,50,4587,6,0,,,,,,,,,,,
50,gnb2,2026-08-19T09:51:37.360999,1927,PUSCH,0x46,,,,,2,8,517,4,111.4,110,,,,,
50,gnb2,2026-08-19T09:51:37.361263,1927,PDSCH,0x46,50,4587,6,0,,,,,,,,,,,
50,gnb2,2026-08-19T09:51:37.382230,1928,PUSCH,0x46,,,,,2,3,249,4,117.9,48,,,,,
50,gnb2,2026-08-19T09:51:37.382491,1928,PDSCH,0x46,50,4587,6,0,,,,,,,,,,,
50,gnb2,2026-08-19T09:51:37.405263,1929,PDSCH,0x46,50,4587,6,0,,,,,,,,,,,
50,gnb2,2026-08-19T09:51:37.430636,1930,PDSCH,0x46,50,4587,6,0,,,,,,,,,,,
50,gnb2,2026-08-19T09:51:37.447075,1931,PDSCH,0x46,50,4587,6,0,,,,,,,,,,,
50,gnb2,2026-08-19T09:51:37.467101,1932,PDSCH,0x46,50,4587,6,0,,,,,,,,,,,
50,gnb2,2026-08-19T09:51:37.486064,1933,PUSCH,0x46,,,,,2,9,621,4,110.0,92,,,,,
50,gnb2,2026-08-19T09:51:37.486338,1933,PDSCH,0x46,50,4587,6,0,,,,,,,,,,,
50,gnb2,2026-08-19T09:51:37.504770,1934,PUSCH,0x46,,,,,2,8,573,4,111.4,95,,,,,
50,gnb2,2026-08-19T09:51:37.505026,1934,PDSCH,0x46,50,4587,6,0,,,,,,,,,,,
50,gnb2,2026-08-19T09:51:37.525858,1935,PUSCH,0x46,,,,,2,11,749,4,108.5,167,,,,,
50,gnb2,2026-08-19T09:51:37.526187,1935,PDSCH,0x46,47,4395,6,0,,,,,,,,,,,
50,gnb2,2026-08-19T09:51:37.547560,1936,PDSCH,0x46,50,4587,6,0,,,,,,,,,,,
50,gnb2,2026-08-19T09:51:37.588226,1937,PDSCH,0x46,50,4587,6,0,,,,,,,,,,,
50,gnb2,2026-08-19T09:51:37.842223,1938,PDSCH,0x46,21,1527,6,0,,,,,,,,,,,
50,gnb2,2026-08-19T09:51:38.255328,1942,PDSCH,0x46,18,1431,6,0,,,,,,,,,,,
50,gnb2,2026-08-19T09:51:38.420224,1948,PUSCH,0x46,,,,,2,8,517,4,111.4,89,,,,,
50,gnb2,2026-08-19T09:51:38.441188,1949,PDSCH,0x46,50,4587,6,0,,,,,,,,,,,
50,gnb2,2026-08-19T09:51:38.473838,1950,PDSCH,0x46,50,4587,6,0,,,,,,,,,,,
50,gnb2,2026-08-19T09:51:38.515529,1951,PDSCH,0x46,45,3542,6,0,,,,,,,,,,,
50,gnb2,2026-08-19T09:51:38.867855,1957,PHR,,,,,,,,,,,,,,,,
50,gnb2,2026-08-19T09:51:38.867861,1957,PUSCH,0x46,,,,,2,24,1572,4,106.6,589,,,,,
50,gnb2,2026-08-19T09:51:38.900157,1958,PDSCH,0x46,50,4587,6,0,,,,,,,,,,,
50,gnb2,2026-08-19T09:51:38.933216,1959,PDSCH,0x46,50,4587,6,0,,,,,,,,,,,
50,gnb2,2026-08-19T09:51:38.964474,1960,PDSCH,0x46,50,4587,6,0,,,,,,,,,,,
50,gnb2,2026-08-19T09:51:38.989458,1961,PUCCH_CQI,0x46,,,,,,,,,,,111.8,15,2,,
50,gnb2,2026-08-19T09:51:38.989745,1961,PDSCH,0x46,47,4395,6,0,,,,,,,,,,,
50,gnb2,2026-08-19T09:51:39.017927,1962,PDSCH,0x46,50,4587,6,0,,,,,,,,,,,
50,gnb2,2026-08-19T09:51:39.044392,1963,PDSCH,0x46,50,4587,6,0,,,,,,,,,,,
50,gnb2,2026-08-19T09:51:39.075957,1964,PDSCH,0x46,50,4587,6,0,,,,,,,,,,,
50,gnb2,2026-08-19T09:51:39.104132,1965,PUSCH,0x46,,,,,2,24,1572,4,106.6,319,,,,,
50,gnb2,2026-08-19T09:51:39.104458,1965,PDSCH,0x46,50,4587,6,0,,,,,,,,,,,
50,gnb2,2026-08-19T09:51:39.132763,1966,PUSCH,0x46,,,,,2,3,249,4,117.9,95,,,,,
50,gnb2,2026-08-19T09:51:39.133065,1966,PDSCH,0x46,50,4587,6,0,,,,,,,,,,,
50,gnb2,2026-08-19T09:51:39.160017,1967,PDSCH,0x46,50,4587,6,0,,,,,,,,,,,
50,gnb2,2026-08-19T09:51:39.187925,1968,PDSCH,0x46,50,4587,6,0,,,,,,,,,,,
50,gnb2,2026-08-19T09:51:39.210735,1969,PDSCH,0x46,50,4587,6,0,,,,,,,,,,,
50,gnb2,2026-08-19T09:51:39.232225,1970,PDSCH,0x46,50,4587,6,0,,,,,,,,,,,
50,gnb2,2026-08-19T09:51:39.254422,1971,PDSCH,0x46,50,4587,6,0,,,,,,,,,,,
50,gnb2,2026-08-19T09:51:39.288415,1972,PDSCH,0x46,50,4587,6,0,,,,,,,,,,,
50,gnb2,2026-08-19T09:51:39.315123,1973,PUSCH,0x46,,,,,2,24,1572,4,106.6,214,,,,,
50,gnb2,2026-08-19T09:51:39.315302,1973,PDSCH,0x46,21,1692,6,0,,,,,,,,,,,
50,gnb2,2026-08-19T09:51:39.341979,1974,PDSCH,0x46,50,4587,6,0,,,,,,,,,,,
50,gnb2,2026-08-19T09:51:39.342219,1975,PDSCH,0x46,50,4587,6,0,,,,,,,,,,,
50,gnb2,2026-08-19T09:51:39.368539,1976,PDSCH,0x46,50,4587,6,0,,,,,,,,,,,
50,gnb2,2026-08-19T09:51:39.425612,1977,PDSCH,0x46,50,4587,6,0,,,,,,,,,,,
50,gnb2,2026-08-19T09:51:39.454132,1978,PDSCH,0x46,50,4587,6,0,,,,,,,,,,,
50,gnb2,2026-08-19T09:51:39.482576,1979,PDSCH,0x46,50,4587,6,0,,,,,,,,,,,
50,gnb2,2026-08-19T09:51:39.503942,1980,PDSCH,0x46,50,4587,6,0,,,,,,,,,,,
50,gnb2,2026-08-19T09:51:39.526197,1981,PDSCH,0x46,47,4395,6,0,,,,,,,,,,,
50,gnb2,2026-08-19T09:51:39.561367,1982,PDSCH,0x46,21,1527,6,0,,,,,,,,,,,
50,gnb2,2026-08-19T09:51:39.759124,1988,PUSCH,0x46,,,,,2,8,517,4,111.4,85,,,,,
50,gnb2,2026-08-19T09:51:39.799156,1989,PDSCH,0x46,50,4587,6,0,,,,,,,,,,,
50,gnb2,2026-08-19T09:51:39.827204,1990,PDSCH,0x46,50,4587,6,0,,,,,,,,,,,
50,gnb2,2026-08-19T09:51:39.856179,1991,PDSCH,0x46,50,4587,6,0,,,,,,,,,,,
50,gnb2,2026-08-19T09:51:39.884392,1992,PDSCH,0x46,50,4587,6,0,,,,,,,,,,,
50,gnb2,2026-08-19T09:51:39.912445,1993,PDSCH,0x46,50,4587,6,0,,,,,,,,,,,
50,gnb2,2026-08-19T09:51:39.942342,1994,PDSCH,0x46,50,4587,6,0,,,,,,,,,,,
50,gnb2,2026-08-19T09:51:39.974586,1995,PDSCH,0x46,50,4587,6,0,,,,,,,,,,,
50,gnb2,2026-08-19T09:51:40.014581,1996,PDSCH,0x46,39,3062,6,0,,,,,,,,,,,
50,gnb2,2026-08-19T09:51:40.057040,1997,PUSCH,0x46,,,,,2,14,871,4,107.4,169,,,,,
50,gnb2,2026-08-19T09:51:40.088344,1998,PDSCH,0x46,50,4587,6,0,,,,,,,,,,,
50,gnb2,2026-08-19T09:51:40.120030,1999,PDSCH,0x46,50,4587,6,0,,,,,,,,,,,
50,gnb2,2026-08-19T09:51:40.148634,2000,PDSCH,0x46,50,4587,6,0,,,,,,,,,,,
50,gnb2,2026-08-19T09:51:40.178917,2001,PUCCH_CQI,0x46,,,,,,,,,,,111.8,15,2a,,
50,gnb2,2026-08-19T09:51:40.179165,2001,PDSCH,0x46,47,4395,6,0,,,,,,,,,,,
50,gnb2,2026-08-19T09:51:40.205499,2002,PDSCH,0x46,50,4587,6,0,,,,,,,,,,,
50,gnb2,2026-08-19T09:51:40.236072,2003,PDSCH,0x46,50,4587,6,0,,,,,,,,,,,
50,gnb2,2026-08-19T09:51:40.267596,2004,PDSCH,0x46,50,4587,6,0,,,,,,,,,,,
50,gnb2,2026-08-19T09:51:40.293986,2005,PUSCH,0x46,,,,,2,14,871,4,107.4,133,,,,,
50,gnb2,2026-08-19T09:51:40.294240,2005,PDSCH,0x46,50,4587,6,0,,,,,,,,,,,
50,gnb2,2026-08-19T09:51:40.319442,2006,PUSCH,0x46,,,,,2,3,217,4,117.9,59,,,,,
50,gnb2,2026-08-19T09:51:40.319717,2006,PDSCH,0x46,50,4587,6,0,,,,,,,,,,,
50,gnb2,2026-08-19T09:51:40.339545,2007,PDSCH,0x46,50,4587,6,0,,,,,,,,,,,
50,gnb2,2026-08-19T09:51:40.360564,2008,PDSCH,0x46,50,4587,6,0,,,,,,,,,,,
50,gnb2,2026-08-19T09:51:40.381726,2009,PDSCH,0x46,50,4587,6,0,,,,,,,,,,,
50,gnb2,2026-08-19T09:51:40.402032,2010,PDSCH,0x46,50,4587,6,0,,,,,,,,,,,
50,gnb2,2026-08-19T09:51:40.424076,2011,PDSCH,0x46,50,4587,6,0,,,,,,,,,,,
50,gnb2,2026-08-19T09:51:40.445594,2012,PDSCH,0x46,50,4587,6,0,,,,,,,,,,,
50,gnb2,2026-08-19T09:51:40.466328,2013,PUSCH,0x46,,,,,2,14,871,4,107.4,139,,,,,
50,gnb2,2026-08-19T09:51:40.466331,2013,PHR,,,,,,,,,,,,,,,,
50,gnb2,2026-08-19T09:51:40.466584,2013,PDSCH,0x46,50,4587,6,0,,,,,,,,,,,
50,gnb2,2026-08-19T09:51:40.488853,2014,PDSCH,0x46,50,4587,6,0,,,,,,,,,,,
50,gnb2,2026-08-19T09:51:40.513227,2015,PDSCH,0x46,50,4587,6,0,,,,,,,,,,,
50,gnb2,2026-08-19T09:51:40.535696,2016,PDSCH,0x46,50,4587,6,0,,,,,,,,,,,
50,gnb2,2026-08-19T09:51:40.558120,2017,PDSCH,0x46,50,4587,6,0,,,,,,,,,,,
50,gnb2,2026-08-19T09:51:40.581842,2018,PDSCH,0x46,50,4587,6,0,,,,,,,,,,,
50,gnb2,2026-08-19T09:51:40.640247,2019,PDSCH,0x46,50,4587,6,0,,,,,,,,,,,
50,gnb2,2026-08-19T09:51:40.674477,2020,PDSCH,0x46,50,4587,6,0,,,,,,,,,,,
50,gnb2,2026-08-19T09:51:40.705911,2021,PDSCH,0x46,47,4395,6,0,,,,,,,,,,,
50,gnb2,2026-08-19T09:51:40.732448,2022,PDSCH,0x46,50,4587,6,0,,,,,,,,,,,
50,gnb2,2026-08-19T09:51:40.761087,2023,PDSCH,0x46,50,4587,6,0,,,,,,,,,,,
50,gnb2,2026-08-19T09:51:40.791647,2024,PDSCH,0x46,50,4587,6,0,,,,,,,,,,,
50,gnb2,2026-08-19T09:51:40.823344,2025,PDSCH,0x46,50,4587,6,0,,,,,,,,,,,
50,gnb2,2026-08-19T09:51:40.854467,2026,PDSCH,0x46,50,4587,6,0,,,,,,,,,,,
50,gnb2,2026-08-19T09:51:40.886932,2027,PDSCH,0x46,50,4587,6,0,,,,,,,,,,,
50,gnb2,2026-08-19T09:51:40.925627,2028,PUSCH,0x46,,,,,2,8,517,4,111.4,96,,,,,
50,gnb2,2026-08-19T09:51:40.925870,2028,PDSCH,0x46,50,4587,6,0,,,,,,,,,,,
50,gnb2,2026-08-19T09:51:40.956762,2029,PDSCH,0x46,3,121,6,0,,,,,,,,,,,
50,gnb2,2026-08-19T09:51:41.146441,2037,PUSCH,0x46,,,,,2,24,1572,4,106.6,263,,,,,
50,gnb2,2026-08-19T09:51:41.165542,2038,PDSCH,0x46,50,4587,6,0,,,,,,,,,,,
50,gnb2,2026-08-19T09:51:41.186852,2039,PDSCH,0x46,50,4587,6,0,,,,,,,,,,,
50,gnb2,2026-08-19T09:51:41.208998,2040,PDSCH,0x46,50,4587,6,0,,,,,,,,,,,
50,gnb2,2026-08-19T09:51:41.251689,2041,PUCCH_CQI,0x46,,,,,,,,,,,111.8,15,2,,
50,gnb2,2026-08-19T09:51:41.251926,2041,PDSCH,0x46,47,4395,6,0,,,,,,,,,,,
50,gnb2,2026-08-19T09:51:41.281447,2042,PDSCH,0x46,50,4587,6,0,,,,,,,,,,,
50,gnb2,2026-08-19T09:51:41.309464,2043,PDSCH,0x46,50,4587,6,0,,,,,,,,,,,
50,gnb2,2026-08-19T09:51:41.340317,2044,PDSCH,0x46,50,4587,6,0,,,,,,,,,,,
50,gnb2,2026-08-19T09:51:41.370212,2045,PUSCH,0x46,,,,,2,24,1572,4,106.6,223,,,,,
50,gnb2,2026-08-19T09:51:41.370470,2045,PDSCH,0x46,50,4587,6,0,,,,,,,,,,,
50,gnb2,2026-08-19T09:51:41.401942,2046,PUSCH,0x46,,,,,2,3,249,4,117.9,56,,,,,
50,gnb2,2026-08-19T09:51:41.402203,2046,PDSCH,0x46,50,4587,6,0,,,,,,,,,,,
50,gnb2,2026-08-19T09:51:41.443223,2047,PDSCH,0x46,50,4587,6,0,,,,,,,,,,,
50,gnb2,2026-08-19T09:51:41.489934,2048,PDSCH,0x46,50,4587,6,0,,,,,,,,,,,
50,gnb2,2026-08-19T09:51:41.530824,2049,PDSCH,0x46,50,4587,6,0,,,,,,,,,,,
50,gnb2,2026-08-19T09:51:41.564868,2050,PDSCH,0x46,50,4587,6,0,,,,,,,,,,,
50,gnb2,2026-08-19T09:51:41.602791,2051,PDSCH,0x46,50,4587,6,0,,,,,,,,,,,
50,gnb2,2026-08-19T09:51:41.642622,2052,PDSCH,0x46,50,4587,6,0,,,,,,,,,,,
50,gnb2,2026-08-19T09:51:41.673240,2053,PUSCH,0x46,,,,,2,24,1572,4,106.6,210,,,,,
50,gnb2,2026-08-19T09:51:41.673474,2053,PDSCH,0x46,50,4587,6,0,,,,,,,,,,,
50,gnb2,2026-08-19T09:51:41.704790,2054,PDSCH,0x46,50,4587,6,0,,,,,,,,,,,
50,gnb2,2026-08-19T09:51:41.736558,2055,PDSCH,0x46,50,4587,6,0,,,,,,,,,,,
50,gnb2,2026-08-19T09:51:41.767664,2056,PDSCH,0x46,50,4587,6,0,,,,,,,,,,,
50,gnb2,2026-08-19T09:51:41.797991,2057,PDSCH,0x46,50,4587,6,0,,,,,,,,,,,
50,gnb2,2026-08-19T09:51:41.829062,2058,PDSCH,0x46,50,4587,6,0,,,,,,,,,,,
50,gnb2,2026-08-19T09:51:41.859311,2059,PDSCH,0x46,50,4587,6,0,,,,,,,,,,,
50,gnb2,2026-08-19T09:51:41.891753,2060,PDSCH,0x46,50,4587,6,0,,,,,,,,,,,
50,gnb2,2026-08-19T09:51:41.954112,2061,PDSCH,0x46,47,4395,6,0,,,,,,,,,,,
50,gnb2,2026-08-19T09:51:42.004786,2062,PDSCH,0x46,50,4587,6,0,,,,,,,,,,,
50,gnb2,2026-08-19T09:51:42.054827,2063,PDSCH,0x46,50,4587,6,0,,,,,,,,,,,
50,gnb2,2026-08-19T09:51:42.104459,2064,PDSCH,0x46,50,4587,6,0,,,,,,,,,,,
50,gnb2,2026-08-19T09:51:42.151469,2065,PDSCH,0x46,50,4587,6,0,,,,,,,,,,,
50,gnb2,2026-08-19T09:51:42.189414,2066,PDSCH,0x46,50,4587,6,0,,,,,,,,,,,
50,gnb2,2026-08-19T09:51:42.224712,2067,PDSCH,0x46,50,4587,6,0,,,,,,,,,,,
50,gnb2,2026-08-19T09:51:42.259994,2068,PUSCH,0x46,,,,,2,8,517,4,111.4,95,,,,,
50,gnb2,2026-08-19T09:51:42.260027,2068,PHR,,,,,,,,,,,,,,,,
50,gnb2,2026-08-19T09:51:42.260228,2068,PDSCH,0x46,50,4587,6,0,,,,,,,,,,,
50,gnb2,2026-08-19T09:51:42.289029,2069,PDSCH,0x46,50,4587,6,0,,,,,,,,,,,
50,gnb2,2026-08-19T09:51:42.320061,2070,PDSCH,0x46,50,4587,6,0,,,,,,,,,,,
50,gnb2,2026-08-19T09:51:42.353837,2071,PDSCH,0x46,50,4587,6,0,,,,,,,,,,,
50,gnb2,2026-08-19T09:51:42.416295,2072,PDSCH,0x46,50,4587,6,0,,,,,,,,,,,
50,gnb2,2026-08-19T09:51:42.464398,2073,PDSCH,0x46,50,4587,6,0,,,,,,,,,,,
50,gnb2,2026-08-19T09:51:42.512731,2074,PDSCH,0x46,50,4587,6,0,,,,,,,,,,,
50,gnb2,2026-08-19T09:51:42.563753,2075,PDSCH,0x46,50,4587,6,0,,,,,,,,,,,
50,gnb2,2026-08-19T09:51:42.612719,2076,PDSCH,0x46,50,4587,6,0,,,,,,,,,,,
50,gnb2,2026-08-19T09:51:42.663119,2077,PUSCH,0x46,,,,,2,14,999,4,107.4,170,,,,,
50,gnb2,2026-08-19T09:51:42.663365,2077,PDSCH,0x46,50,4587,6,0,,,,,,,,,,,
50,gnb2,2026-08-19T09:51:42.703952,2078,PDSCH,0x46,50,4587,6,0,,,,,,,,,,,
50,gnb2,2026-08-19T09:51:42.744265,2079,PDSCH,0x46,50,4587,6,0,,,,,,,,,,,
50,gnb2,2026-08-19T09:51:42.783244,2080,PDSCH,0x46,50,4587,6,0,,,,,,,,,,,
50,gnb2,2026-08-19T09:51:42.821409,2081,PUCCH_CQI,0x46,,,,,,,,,,,111.8,15,2a,,
50,gnb2,2026-08-19T09:51:42.821648,2081,PDSCH,0x46,47,4395,6,0,,,,,,,,,,,
50,gnb2,2026-08-19T09:51:42.851848,2082,PDSCH,0x46,50,4587,6,0,,,,,,,,,,,
50,gnb2,2026-08-19T09:51:42.884454,2083,PDSCH,0x46,50,4587,6,0,,,,,,,,,,,
50,gnb2,2026-08-19T09:51:42.936760,2084,PDSCH,0x46,50,4587,6,0,,,,,,,,,,,
50,gnb2,2026-08-19T09:51:42.970323,2085,PUSCH,0x46,,,,,2,14,999,4,107.4,138,,,,,
50,gnb2,2026-08-19T09:51:42.970577,2085,PDSCH,0x46,47,4395,6,0,,,,,,,,,,,
50,gnb2,2026-08-19T09:51:43.006114,2086,PUSCH,0x46,,,,,2,3,233,4,117.9,61,,,,,
50,gnb2,2026-08-19T09:51:43.006394,2086,PDSCH,0x46,50,4587,6,0,,,,,,,,,,,
50,gnb2,2026-08-19T09:51:43.040556,2087,PDSCH,0x46,50,4587,6,0,,,,,,,,,,,
50,gnb2,2026-08-19T09:51:43.066590,2088,PDSCH,0x46,50,4587,6,0,,,,,,,,,,,
50,gnb2,2026-08-19T09:51:43.088586,2089,PDSCH,0x46,50,4587,6,0,,,,,,,,,,,
50,gnb2,2026-08-19T09:51:43.114818,2090,PDSCH,0x46,50,4587,6,0,,,,,,,,,,,
50,gnb2,2026-08-19T09:51:43.140873,2091,PDSCH,0x46,50,4587,6,0,,,,,,,,,,,
50,gnb2,2026-08-19T09:51:43.169263,2092,PDSCH,0x46,50,4587,6,0,,,,,,,,,,,
50,gnb2,2026-08-19T09:51:43.197297,2093,PUSCH,0x46,,,,,2,14,999,4,107.4,137,,,,,
50,gnb2,2026-08-19T09:51:43.197585,2093,PDSCH,0x46,50,4587,6,0,,,,,,,,,,,
50,gnb2,2026-08-19T09:51:43.222626,2094,PUSCH,0x46,,,,,2,17,1143,4,106.8,208,,,,,
50,gnb2,2026-08-19T09:51:43.222945,2094,PDSCH,0x46,50,4587,6,0,,,,,,,,,,,
50,gnb2,2026-08-19T09:51:43.251868,2095,PDSCH,0x46,47,4395,6,0,,,,,,,,,,,
50,gnb2,2026-08-19T09:51:43.271984,2096,PDSCH,0x46,50,4587,6,0,,,,,,,,,,,
50,gnb2,2026-08-19T09:51:43.294501,2097,PDSCH,0x46,50,4587,6,0,,,,,,,,,,,
50,gnb2,2026-08-19T09:51:43.325105,2098,PDSCH,0x46,50,4587,6,0,,,,,,,,,,,
50,gnb2,2026-08-19T09:51:43.357493,2099,PDSCH,0x46,50,4587,6,0,,,,,,,,,,,
50,gnb2,2026-08-19T09:51:43.392208,2100,PDSCH,0x46,50,4587,6,0,,,,,,,,,,,
50,gnb2,2026-08-19T09:51:43.431152,2101,PUSCH,0x46,,,,,10,14,999,4,104.5,138,,,,,
50,gnb2,2026-08-19T09:51:43.431399,2101,PDSCH,0x46,47,4395,6,0,,,,,,,,,,,
50,gnb2,2026-08-19T09:51:43.472369,2102,PUSCH,0x46,,,,,2,39,2481,4,108.5,422,,,,,
50,gnb2,2026-08-19T09:51:43.472649,2102,PDSCH,0x46,50,4587,6,0,,,,,,,,,,,
50,gnb2,2026-08-19T09:51:43.511992,2103,PUSCH,0x46,,,,,2,3,217,4,117.9,53,,,,,
50,gnb2,2026-08-19T09:51:43.512248,2103,PDSCH,0x46,50,4587,6,0,,,,,,,,,,,
50,gnb2,2026-08-19T09:51:43.576957,2104,PDSCH,0x46,50,4587,6,0,,,,,,,,,,,
50,gnb2,2026-08-19T09:51:43.628335,2105,PDSCH,0x46,50,4587,6,0,,,,,,,,,,,
50,gnb2,2026-08-19T09:51:43.674447,2106,PDSCH,0x46,50,4587,6,0,,,,,,,,,,,
50,gnb2,2026-08-19T09:51:43.721642,2107,PDSCH,0x46,50,4587,6,0,,,,,,,,,,,
50,gnb2,2026-08-19T09:51:43.760048,2108,PDSCH,0x46,50,4587,6,0,,,,,,,,,,,
50,gnb2,2026-08-19T09:51:43.798638,2109,PUSCH,0x46,,,,,2,14,999,4,107.4,142,,,,,
50,gnb2,2026-08-19T09:51:43.798886,2109,PDSCH,0x46,50,4587,6,0,,,,,,,,,,,
50,gnb2,2026-08-19T09:51:43.849529,2110,PUSCH,0x46,,,,,2,44,2865,4,109.0,459,,,,,
50,gnb2,2026-08-19T09:51:43.849791,2110,PDSCH,0x46,50,4587,6,0,,,,,,,,,,,
50,gnb2,2026-08-19T09:51:43.894307,2111,PUSCH,0x46,,,,,10,5,325,4,104.5,76,,,,,
50,gnb2,2026-08-19T09:51:43.894553,2111,PDSCH,0x46,50,4587,6,0,,,,,,,,,,,
50,gnb2,2026-08-19T09:51:43.928657,2112,PUSCH,0x46,,,,,2,4,269,4,117.9,66,,,,,
50,gnb2,2026-08-19T09:51:43.928895,2112,PDSCH,0x46,50,4587,6,0,,,,,,,,,,,
50,gnb2,2026-08-19T09:51:43.962916,2113,PDSCH,0x46,50,4587,6,0,,,,,,,,,,,
50,gnb2,2026-08-19T09:51:43.999483,2114,PDSCH,0x46,50,4587,6,0,,,,,,,,,,,
50,gnb2,2026-08-19T09:51:44.026650,2115,PDSCH,0x46,50,4587,6,0,,,,,,,,,,,
50,gnb2,2026-08-19T09:51:44.055872,2116,PDSCH,0x46,50,4587,6,0,,,,,,,,,,,
50,gnb2,2026-08-19T09:51:44.086258,2117,PUSCH,0x46,,,,,2,14,999,4,107.4,138,,,,,
50,gnb2,2026-08-19T09:51:44.086492,2117,PDSCH,0x46,50,4587,6,0,,,,,,,,,,,
50,gnb2,2026-08-19T09:51:44.114542,2118,PUSCH,0x46,,,,,2,44,2865,4,109.0,376,,,,,
50,gnb2,2026-08-19T09:51:44.114588,2118,PHR,,,,,,,,,,,,,,,,
50,gnb2,2026-08-19T09:51:44.114781,2118,PDSCH,0x46,50,4587,6,0,,,,,,,,,,,
50,gnb2,2026-08-19T09:51:44.143409,2119,PDSCH,0x46,50,4587,6,0,,,,,,,,,,,
50,gnb2,2026-08-19T09:51:44.171399,2120,PDSCH,0x46,50,4587,6,0,,,,,,,,,,,
50,gnb2,2026-08-19T09:51:44.200811,2121,PUCCH_CQI,0x46,,,,,,,,,,,111.8,15,2a,,
50,gnb2,2026-08-19T09:51:44.201049,2121,PDSCH,0x46,47,4395,6,0,,,,,,,,,,,
50,gnb2,2026-08-19T09:51:44.220905,2122,PDSCH,0x46,50,4587,6,0,,,,,,,,,,,
50,gnb2,2026-08-19T09:51:44.243090,2123,PDSCH,0x46,50,4587,6,0,,,,,,,,,,,
50,gnb2,2026-08-19T09:51:44.289714,2124,PDSCH,0x46,50,4587,6,0,,,,,,,,,,,
50,gnb2,2026-08-19T09:51:44.314507,2125,PDSCH,0x46,50,4587,6,0,,,,,,,,,,,
50,gnb2,2026-08-19T09:51:44.343962,2126,PDSCH,0x46,50,4587,6,0,,,,,,,,,,,
50,gnb2,2026-08-19T09:51:44.370625,2127,PDSCH,0x46,50,4587,6,0,,,,,,,,,,,
50,gnb2,2026-08-19T09:51:44.396304,2128,PUSCH,0x46,,,,,2,8,517,4,111.4,86,,,,,
50,gnb2,2026-08-19T09:51:44.396539,2128,PDSCH,0x46,50,4587,6,0,,,,,,,,,,,
50,gnb2,2026-08-19T09:51:44.424565,2129,PDSCH,0x46,50,4587,6,0,,,,,,,,,,,
50,gnb2,2026-08-19T09:51:44.451381,2130,PDSCH,0x46,50,4587,6,0,,,,,,,,,,,
50,gnb2,2026-08-19T09:51:44.481117,2131,PDSCH,0x46,50,4587,6,0,,,,,,,,,,,
50,gnb2,2026-08-19T09:51:44.514535,2132,PDSCH,0x46,50,4587,6,0,,,,,,,,,,,
50,gnb2,2026-08-19T09:51:44.536484,2133,PDSCH,0x46,50,4587,6,0,,,,,,,,,,,
50,gnb2,2026-08-19T09:51:44.557545,2134,PDSCH,0x46,50,4587,6,0,,,,,,,,,,,
50,gnb2,2026-08-19T09:51:44.578318,2135,PDSCH,0x46,50,4587,6,0,,,,,,,,,,,
50,gnb2,2026-08-19T09:51:44.598279,2136,PDSCH,0x46,50,4587,6,0,,,,,,,,,,,
50,gnb2,2026-08-19T09:51:44.619598,2137,PUSCH,0x46,,,,,2,5,349,4,118.0,80,,,,,
50,gnb2,2026-08-19T09:51:44.619842,2137,PDSCH,0x46,50,4587,6,0,,,,,,,,,,,
50,gnb2,2026-08-19T09:51:44.641038,2138,PDSCH,0x46,50,4587,6,0,,,,,,,,,,,
50,gnb2,2026-08-19T09:51:44.684784,2139,PDSCH,0x46,50,4587,6,0,,,,,,,,,,,
50,gnb2,2026-08-19T09:51:44.722340,2140,PDSCH,0x46,50,4587,6,0,,,,,,,,,,,
50,gnb2,2026-08-19T09:51:44.756767,2141,PDSCH,0x46,47,4395,6,0,,,,,,,,,,,
50,gnb2,2026-08-19T09:51:44.788247,2142,PDSCH,0x46,50,4587,6,0,,,,,,,,,,,
50,gnb2,2026-08-19T09:51:44.813838,2143,PDSCH,0x46,50,4587,6,0,,,,,,,,,,,
50,gnb2,2026-08-19T09:51:44.840195,2144,PDSCH,0x46,50,4587,6,0,,,,,,,,,,,
50,gnb2,2026-08-19T09:51:44.868285,2145,PUSCH,0x46,,,,,2,5,349,4,117.9,60,,,,,
50,gnb2,2026-08-19T09:51:44.868542,2145,PDSCH,0x46,50,4587,6,0,,,,,,,,,,,
50,gnb2,2026-08-19T09:51:44.900807,2146,PUSCH,0x46,,,,,2,3,233,4,117.9,51,,,,,
50,gnb2,2026-08-19T09:51:44.901150,2146,PDSCH,0x46,50,4587,6,0,,,,,,,,,,,
50,gnb2,2026-08-19T09:51:44.943189,2147,PDSCH,0x46,50,4587,6,0,,,,,,,,,,,
50,gnb2,2026-08-19T09:51:44.981523,2148,PDSCH,0x46,50,4587,6,0,,,,,,,,,,,
50,gnb2,2026-08-19T09:51:45.013041,2149,PDSCH,0x46,50,4587,6,0,,,,,,,,,,,
50,gnb2,2026-08-19T09:51:45.042359,2150,PDSCH,0x46,50,4587,6,0,,,,,,,,,,,
50,gnb2,2026-08-19T09:51:45.072976,2151,PDSCH,0x46,50,4587,6,0,,,,,,,,,,,
50,gnb2,2026-08-19T09:51:45.101215,2152,PDSCH,0x46,50,4587,6,0,,,,,,,,,,,
50,gnb2,2026-08-19T09:51:45.125299,2153,PUSCH,0x46,,,,,2,5,349,4,117.9,58,,,,,
50,gnb2,2026-08-19T09:51:45.125563,2153,PDSCH,0x46,50,4587,6,0,,,,,,,,,,,
50,gnb2,2026-08-19T09:51:45.152411,2154,PUSCH,0x46,,,,,2,35,2292,4,108.1,371,,,,,
50,gnb2,2026-08-19T09:51:45.152669,2154,PDSCH,0x46,50,4587,6,0,,,,,,,,,,,
50,gnb2,2026-08-19T09:51:45.178009,2155,PUSCH,0x46,,,,,2,4,293,4,117.9,55,,,,,
50,gnb2,2026-08-19T09:51:45.178258,2155,PDSCH,0x46,50,4587,6,0,,,,,,,,,,,
50,gnb2,2026-08-19T09:51:45.203416,2156,PDSCH,0x46,50,4587,6,0,,,,,,,,,,,
50,gnb2,2026-08-19T09:51:45.227248,2157,PDSCH,0x46,50,4587,6,0,,,,,,,,,,,
50,gnb2,2026-08-19T09:51:45.252368,2158,PDSCH,0x46,50,4587,6,0,,,,,,,,,,,
50,gnb2,2026-08-19T09:51:45.270160,2159,PDSCH,0x46,50,4587,6,0,,,,,,,,,,,
50,gnb2,2026-08-19T09:51:45.287688,2160,PDSCH,0x46,50,4587,6,0,,,,,,,,,,,
50,gnb2,2026-08-19T09:51:45.309019,2161,PUSCH,0x46,,,,,10,5,349,4,104.5,61,,,,,
50,gnb2,2026-08-19T09:51:45.309274,2161,PDSCH,0x46,47,4395,6,0,,,,,,,,,,,
50,gnb2,2026-08-19T09:51:45.327490,2162,PUSCH,0x46,,,,,2,39,2673,4,108.5,382,,,,,
50,gnb2,2026-08-19T09:51:45.327744,2162,PDSCH,0x46,50,4587,6,0,,,,,,,,,,,
50,gnb2,2026-08-19T09:51:45.343343,2163,PUSCH,0x46,,,,,2,7,437,4,114.2,134,,,,,
50,gnb2,2026-08-19T09:51:45.343635,2163,PDSCH,0x46,50,4587,6,0,,,,,,,,,,,
50,gnb2,2026-08-19T09:51:45.362455,2164,PUSCH,0x46,,,,,2,3,233,4,117.9,47,,,,,
50,gnb2,2026-08-19T09:51:45.362694,2164,PDSCH,0x46,50,4587,6,0,,,,,,,,,,,
50,gnb2,2026-08-19T09:51:45.383678,2165,PDSCH,0x46,50,4587,6,0,,,,,,,,,,,
50,gnb2,2026-08-19T09:51:45.404381,2166,PDSCH,0x46,50,4587,6,0,,,,,,,,,,,
50,gnb2,2026-08-19T09:51:45.422047,2167,PDSCH,0x46,50,4587,6,0,,,,,,,,,,,
50,gnb2,2026-08-19T09:51:45.438331,2168,PDSCH,0x46,50,4587,6,0,,,,,,,,,,,
50,gnb2,2026-08-19T09:51:45.455772,2169,PUSCH,0x46,,,,,2,5,349,4,117.9,58,,,,,
50,gnb2,2026-08-19T09:51:45.455784,2169,PHR,,,,,,,,,,,,,,,,
50,gnb2,2026-08-19T09:51:45.456009,2169,PDSCH,0x46,50,4587,6,0,,,,,,,,,,,
50,gnb2,2026-08-19T09:51:45.476903,2170,PUSCH,0x46,,,,,2,44,2865,4,109.0,380,,,,,
50,gnb2,2026-08-19T09:51:45.477149,2170,PDSCH,0x46,50,4587,6,0,,,,,,,,,,,
50,gnb2,2026-08-19T09:51:45.496446,2171,PDSCH,0x46,50,4587,6,0,,,,,,,,,,,
50,gnb2,2026-08-19T09:51:45.516395,2172,PDSCH,0x46,50,4587,6,0,,,,,,,,,,,
50,gnb2,2026-08-19T09:51:45.535019,2173,PDSCH,0x46,50,4587,6,0,,,,,,,,,,,
50,gnb2,2026-08-19T09:51:45.556492,2174,PDSCH,0x46,50,4587,6,0,,,,,,,,,,,
50,gnb2,2026-08-19T09:51:45.578038,2175,PDSCH,0x46,50,4587,6,0,,,,,,,,,,,
50,gnb2,2026-08-19T09:51:45.600151,2176,PDSCH,0x46,50,4587,6,0,,,,,,,,,,,
50,gnb2,2026-08-19T09:51:45.639467,2177,PDSCH,0x46,50,4587,6,0,,,,,,,,,,,
50,gnb2,2026-08-19T09:51:45.658163,2178,PUSCH,0x46,,,,,2,0,55,4,117.6,55,,,,,
50,gnb2,2026-08-19T09:51:45.658403,2178,PDSCH,0x46,50,4587,6,0,,,,,,,,,,,
50,gnb2,2026-08-19T09:51:45.679222,2179,PDSCH,0x46,50,4587,6,0,,,,,,,,,,,
50,gnb2,2026-08-19T09:51:45.701204,2180,PDSCH,0x46,50,4587,6,0,,,,,,,,,,,
50,gnb2,2026-08-19T09:51:45.723704,2181,PDSCH,0x46,47,4395,6,0,,,,,,,,,,,
50,gnb2,2026-08-19T09:51:45.744048,2182,PDSCH,0x46,50,4587,6,0,,,,,,,,,,,
50,gnb2,2026-08-19T09:51:45.765297,2183,PDSCH,0x46,50,4587,6,0,,,,,,,,,,,
50,gnb2,2026-08-19T09:51:45.787214,2184,PDSCH,0x46,50,4587,6,0,,,,,,,,,,,
50,gnb2,2026-08-19T09:51:45.810314,2185,PDSCH,0x46,50,4587,6,0,,,,,,,,,,,
50,gnb2,2026-08-19T09:51:45.834055,2186,PDSCH,0x46,50,4587,6,0,,,,,,,,,,,
50,gnb2,2026-08-19T09:51:45.878782,2187,PUSCH,0x46,,,,,2,14,871,4,107.4,149,,,,,
50,gnb2,2026-08-19T09:51:45.879037,2187,PDSCH,0x46,50,4587,6,0,,,,,,,,,,,
50,gnb2,2026-08-19T09:51:45.909942,2188,PDSCH,0x46,50,4587,6,0,,,,,,,,,,,
50,gnb2,2026-08-19T09:51:45.937782,2189,PDSCH,0x46,50,4587,6,0,,,,,,,,,,,
50,gnb2,2026-08-19T09:51:45.968446,2190,PDSCH,0x46,50,4587,6,0,,,,,,,,,,,
50,gnb2,2026-08-19T09:51:45.995166,2191,PDSCH,0x46,50,4587,6,0,,,,,,,,,,,
50,gnb2,2026-08-19T09:51:46.024563,2192,PDSCH,0x46,50,4587,6,0,,,,,,,,,,,
50,gnb2,2026-08-19T09:51:46.045902,2193,PDSCH,0x46,50,4587,6,0,,,,,,,,,,,
50,gnb2,2026-08-19T09:51:46.069410,2194,PDSCH,0x46,50,4587,6,0,,,,,,,,,,,
50,gnb2,2026-08-19T09:51:46.088766,2195,PUSCH,0x46,,,,,2,14,871,4,107.4,130,,,,,
50,gnb2,2026-08-19T09:51:46.089031,2195,PDSCH,0x46,50,4587,6,0,,,,,,,,,,,
50,gnb2,2026-08-19T09:51:46.109474,2196,PUSCH,0x46,,,,,2,3,217,4,117.9,48,,,,,
50,gnb2,2026-08-19T09:51:46.109730,2196,PDSCH,0x46,50,4587,6,0,,,,,,,,,,,
50,gnb2,2026-08-19T09:51:46.128286,2197,PDSCH,0x46,50,4587,6,0,,,,,,,,,,,
50,gnb2,2026-08-19T09:51:46.149443,2198,PDSCH,0x46,50,4587,6,0,,,,,,,,,,,
50,gnb2,2026-08-19T09:51:46.169557,2199,PDSCH,0x46,50,4587,6,0,,,,,,,,,,,
50,gnb2,2026-08-19T09:51:46.187924,2200,PDSCH,0x46,50,4587,6,0,,,,,,,,,,,
50,gnb2,2026-08-19T09:51:46.208990,2201,PUCCH_CQI,0x46,,,,,,,,,,,111.8,15,2a,,
50,gnb2,2026-08-19T09:51:46.209227,2201,PDSCH,0x46,47,4395,6,0,,,,,,,,,,,
50,gnb2,2026-08-19T09:51:46.232645,2202,PDSCH,0x46,50,4587,6,0,,,,,,,,,,,
50,gnb2,2026-08-19T09:51:46.254468,2203,PUSCH,0x46,,,,,2,14,871,4,107.4,132,,,,,
50,gnb2,2026-08-19T09:51:46.254720,2203,PDSCH,0x46,50,4587,6,0,,,,,,,,,,,
50,gnb2,2026-08-19T09:51:46.276587,2204,PUSCH,0x46,,,,,2,7,501,4,114.3,105,,,,,
50,gnb2,2026-08-19T09:51:46.276830,2204,PDSCH,0x46,50,4587,6,0,,,,,,,,,,,
50,gnb2,2026-08-19T09:51:46.589121,2205,PDSCH,0x46,50,4587,6,0,,,,,,,,,,,
50,gnb2,2026-08-19T09:51:46.642720,2206,PDSCH,0x46,50,4587,6,0,,,,,,,,,,,
50,gnb2,2026-08-19T09:51:46.673295,2207,PDSCH,0x46,50,4587,6,0,,,,,,,,,,,
50,gnb2,2026-08-19T09:51:46.703291,2208,PDSCH,0x46,50,4587,6,0,,,,,,,,,,,
50,gnb2,2026-08-19T09:51:46.737355,2209,PDSCH,0x46,50,4587,6,0,,,,,,,,,,,
50,gnb2,2026-08-19T09:51:46.781864,2210,PDSCH,0x46,50,4587,6,0,,,,,,,,,,,
50,gnb2,2026-08-19T09:51:46.822832,2211,PUSCH,0x46,,,,,10,5,349,4,104.5,60,,,,,
50,gnb2,2026-08-19T09:51:46.823076,2211,PDSCH,0x46,50,4587,6,0,,,,,,,,,,,
50,gnb2,2026-08-19T09:51:46.864619,2212,PUSCH,0x46,,,,,2,11,749,4,108.5,125,,,,,
50,gnb2,2026-08-19T09:51:46.864882,2212,PDSCH,0x46,50,4587,6,0,,,,,,,,,,,
50,gnb2,2026-08-19T09:51:46.904590,2213,PUSCH,0x46,,,,,2,3,249,4,117.9,53,,,,,
50,gnb2,2026-08-19T09:51:46.904855,2213,PDSCH,0x46,50,4587,6,0,,,,,,,,,,,
50,gnb2,2026-08-19T09:51:46.954221,2214,PDSCH,0x46,50,4587,6,0,,,,,,,,,,,
50,gnb2,2026-08-19T09:51:46.988907,2215,PDSCH,0x46,50,4587,6,0,,,,,,,,,,,
50,gnb2,2026-08-19T09:51:47.023018,2216,PDSCH,0x46,50,4587,6,0,,,,,,,,,,,
50,gnb2,2026-08-19T09:51:47.054348,2217,PDSCH,0x46,50,4587,6,0,,,,,,,,,,,
50,gnb2,2026-08-19T09:51:47.083931,2218,PDSCH,0x46,50,4587,6,0,,,,,,,,,,,
50,gnb2,2026-08-19T09:51:47.112274,2219,PUSCH,0x46,,,,,2,5,349,4,117.9,104,,,,,
50,gnb2,2026-08-19T09:51:47.112297,2219,PHR,,,,,,,,,,,,,,,,
50,gnb2,2026-08-19T09:51:47.112621,2219,PDSCH,0x46,50,4587,6,0,,,,,,,,,,,
50,gnb2,2026-08-19T09:51:47.145178,2220,PUSCH,0x46,,,,,2,11,749,4,108.6,105,,,,,
50,gnb2,2026-08-19T09:51:47.145452,2220,PDSCH,0x46,50,4587,6,0,,,,,,,,,,,
50,gnb2,2026-08-19T09:51:47.193401,2221,PUSCH,0x46,,,,,10,7,501,4,104.5,80,,,,,
50,gnb2,2026-08-19T09:51:47.193651,2221,PDSCH,0x46,47,4395,6,0,,,,,,,,,,,
50,gnb2,2026-08-19T09:51:47.232129,2222,PUSCH,0x46,,,,,2,3,249,4,118.0,86,,,,,
50,gnb2,2026-08-19T09:51:47.232427,2222,PDSCH,0x46,50,4587,6,0,,,,,,,,,,,
50,gnb2,2026-08-19T09:51:47.270897,2223,PDSCH,0x46,50,4587,6,0,,,,,,,,,,,
50,gnb2,2026-08-19T09:51:47.545081,2224,PDSCH,0x46,50,4587,6,0,,,,,,,,,,,
50,gnb2,2026-08-19T09:51:47.605273,2225,PDSCH,0x46,50,4587,6,0,,,,,,,,,,,
50,gnb2,2026-08-19T09:51:47.644090,2226,PDSCH,0x46,50,4587,6,0,,,,,,,,,,,
50,gnb2,2026-08-19T09:51:47.685901,2227,PUSCH,0x46,,,,,2,5,349,4,118.0,57,,,,,
50,gnb2,2026-08-19T09:51:47.686149,2227,PDSCH,0x46,50,4587,6,0,,,,,,,,,,,
50,gnb2,2026-08-19T09:51:47.719707,2228,PUSCH,0x46,,,,,2,15,1063,4,107.2,277,,,,,
50,gnb2,2026-08-19T09:51:47.719976,2228,PDSCH,0x46,50,4587,6,0,,,,,,,,,,,
50,gnb2,2026-08-19T09:51:47.750451,2229,PUSCH,0x46,,,,,2,11,749,4,108.5,151,,,,,
50,gnb2,2026-08-19T09:51:47.750713,2229,PDSCH,0x46,50,4587,6,0,,,,,,,,,,,
50,gnb2,2026-08-19T09:51:47.793454,2230,PUSCH,0x46,,,,,2,7,469,4,114.2,86,,,,,
50,gnb2,2026-08-19T09:51:47.793704,2230,PDSCH,0x46,50,4587,6,0,,,,,,,,,,,
50,gnb2,2026-08-19T09:51:47.827448,2231,PUSCH,0x46,,,,,10,3,249,4,104.5,48,,,,,
50,gnb2,2026-08-19T09:51:47.827689,2231,PDSCH,0x46,50,4587,6,0,,,,,,,,,,,
50,gnb2,2026-08-19T09:51:47.862551,2232,PDSCH,0x46,50,4587,6,0,,,,,,,,,,,
50,gnb2,2026-08-19T09:51:47.907160,2233,PDSCH,0x46,50,4587,6,0,,,,,,,,,,,
50,gnb2,2026-08-19T09:51:47.951353,2234,PDSCH,0x46,50,4587,6,0,,,,,,,,,,,
50,gnb2,2026-08-19T09:51:47.990130,2235,PUSCH,0x46,,,,,2,5,349,4,117.8,57,,,,,
50,gnb2,2026-08-19T09:51:47.990365,2235,PDSCH,0x46,50,4587,6,0,,,,,,,,,,,
50,gnb2,2026-08-19T09:51:48.029063,2236,PUSCH,0x46,,,,,2,19,1239,4,106.5,185,,,,,
50,gnb2,2026-08-19T09:51:48.029303,2236,PDSCH,0x46,50,4587,6,0,,,,,,,,,,,
50,gnb2,2026-08-19T09:51:48.063219,2237,PUSCH,0x46,,,,,2,17,1143,4,106.8,176,,,,,
50,gnb2,2026-08-19T09:51:48.063470,2237,PDSCH,0x46,50,4587,6,0,,,,,,,,,,,
50,gnb2,2026-08-19T09:51:48.085256,2238,PDSCH,0x46,50,4587,6,0,,,,,,,,,,,
50,gnb2,2026-08-19T09:51:48.107423,2239,PDSCH,0x46,50,4587,6,0,,,,,,,,,,,
50,gnb2,2026-08-19T09:51:48.133011,2240,PDSCH,0x46,50,4587,6,0,,,,,,,,,,,
50,gnb2,2026-08-19T09:51:48.155006,2241,PUCCH_CQI,0x46,,,,,,,,,,,111.8,15,2a,,
50,gnb2,2026-08-19T09:51:48.155244,2241,PDSCH,0x46,47,4395,6,0,,,,,,,,,,,
50,gnb2,2026-08-19T09:51:48.178817,2242,PDSCH,0x46,50,4587,6,0,,,,,,,,,,,
50,gnb2,2026-08-19T09:51:48.204645,2243,PDSCH,0x46,50,4587,6,0,,,,,,,,,,,
50,gnb2,2026-08-19T09:51:48.231326,2244,PDSCH,0x46,50,4587,6,0,,,,,,,,,,,
50,gnb2,2026-08-19T09:51:48.256904,2245,PDSCH,0x46,47,4395,6,0,,,,,,,,,,,
50,gnb2,2026-08-19T09:51:48.275025,2246,PDSCH,0x46,50,4587,6,0,,,,,,,,,,,
50,gnb2,2026-08-19T09:51:48.293770,2247,PDSCH,0x46,50,4587,6,0,,,,,,,,,,,
50,gnb2,2026-08-19T09:51:48.314642,2248,PUSCH,0x46,,,,,2,8,517,4,111.4,87,,,,,
50,gnb2,2026-08-19T09:51:48.314883,2248,PDSCH,0x46,50,4587,6,0,,,,,,,,,,,
50,gnb2,2026-08-19T09:51:48.337652,2249,PDSCH,0x46,50,4587,6,0,,,,,,,,,,,
50,gnb2,2026-08-19T09:51:48.370651,2250,PDSCH,0x46,50,4587,6,0,,,,,,,,,,,
50,gnb2,2026-08-19T09:51:48.403126,2251,PDSCH,0x46,50,4587,6,0,,,,,,,,,,,
50,gnb2,2026-08-19T09:51:48.457055,2252,PDSCH,0x46,50,4587,6,0,,,,,,,,,,,
50,gnb2,2026-08-19T09:51:48.499049,2253,PDSCH,0x46,50,4587,6,0,,,,,,,,,,,
50,gnb2,2026-08-19T09:51:48.538587,2254,PDSCH,0x46,50,4587,6,0,,,,,,,,,,,
50,gnb2,2026-08-19T09:51:48.568391,2255,PDSCH,0x46,47,4395,6,0,,,,,,,,,,,
50,gnb2,2026-08-19T09:51:48.600088,2256,PDSCH,0x46,50,4587,6,0,,,,,,,,,,,
50,gnb2,2026-08-19T09:51:48.633209,2257,PUSCH,0x46,,,,,2,29,1908,4,107.3,318,,,,,
50,gnb2,2026-08-19T09:51:48.633466,2257,PDSCH,0x46,50,4587,6,0,,,,,,,,,,,
50,gnb2,2026-08-19T09:51:48.666377,2258,PDSCH,0x46,50,4587,6,0,,,,,,,,,,,
50,gnb2,2026-08-19T09:51:48.719150,2259,PDSCH,0x46,50,4587,6,0,,,,,,,,,,,
50,gnb2,2026-08-19T09:51:48.769415,2260,PDSCH,0x46,50,4587,6,0,,,,,,,,,,,
50,gnb2,2026-08-19T09:51:48.817482,2261,PDSCH,0x46,47,4395,6,0,,,,,,,,,,,
50,gnb2,2026-08-19T09:51:48.859893,2262,PDSCH,0x46,50,4587,6,0,,,,,,,,,,,
50,gnb2,2026-08-19T09:51:48.900682,2263,PDSCH,0x46,50,4587,6,0,,,,,,,,,,,
50,gnb2,2026-08-19T09:51:48.952612,2264,PDSCH,0x46,50,4587,6,0,,,,,,,,,,,
50,gnb2,2026-08-19T09:51:49.001933,2265,PUSCH,0x46,,,,,2,29,1908,4,107.3,258,,,,,
50,gnb2,2026-08-19T09:51:49.002183,2265,PDSCH,0x46,50,4587,6,0,,,,,,,,,,,
50,gnb2,2026-08-19T09:51:49.054561,2266,PUSCH,0x46,,,,,2,2,173,4,117.8,64,,,,,
50,gnb2,2026-08-19T09:51:49.054829,2266,PDSCH,0x46,50,4587,6,0,,,,,,,,,,,
50,gnb2,2026-08-19T09:51:49.096276,2267,PDSCH,0x46,50,4587,6,0,,,,,,,,,,,
50,gnb2,2026-08-19T09:51:49.132506,2268,PDSCH,0x46,50,4587,6,0,,,,,,,,,,,
50,gnb2,2026-08-19T09:51:49.161443,2269,PDSCH,0x46,50,4587,6,0,,,,,,,,,,,
50,gnb2,2026-08-19T09:51:49.191255,2270,PDSCH,0x46,50,4587,6,0,,,,,,,,,,,
50,gnb2,2026-08-19T09:51:49.243956,2271,PDSCH,0x46,50,4587,6,0,,,,,,,,,,,
50,gnb2,2026-08-19T09:51:49.285117,2272,PDSCH,0x46,50,4587,6,0,,,,,,,,,,,
50,gnb2,2026-08-19T09:51:49.323992,2273,PUSCH,0x46,,,,,2,31,1980,4,107.6,305,,,,,
50,gnb2,2026-08-19T09:51:49.324075,2273,PHR,,,,,,,,,,,,,,,,
50,gnb2,2026-08-19T09:51:49.324229,2273,PDSCH,0x46,50,4587,6,0,,,,,,,,,,,
50,gnb2,2026-08-19T09:51:49.364993,2274,PDSCH,0x46,50,4587,6,0,,,,,,,,,,,
50,gnb2,2026-08-19T09:51:49.402392,2275,PDSCH,0x46,50,4587,6,0,,,,,,,,,,,
50,gnb2,2026-08-19T09:51:49.429709,2276,PDSCH,0x46,50,4587,6,0,,,,,,,,,,,
50,gnb2,2026-08-19T09:51:49.455972,2277,PDSCH,0x46,50,4587,6,0,,,,,,,,,,,
50,gnb2,2026-08-19T09:51:49.486746,2278,PDSCH,0x46,50,4587,6,0,,,,,,,,,,,
50,gnb2,2026-08-19T09:51:49.518024,2279,PDSCH,0x46,50,4587,6,0,,,,,,,,,,,
50,gnb2,2026-08-19T09:51:49.547215,2280,PDSCH,0x46,50,4587,6,0,,,,,,,,,,,
50,gnb2,2026-08-19T09:51:49.576401,2281,PUCCH_CQI,0x46,,,,,,,,,,,111.8,15,2a,,
50,gnb2,2026-08-19T09:51:49.576640,2281,PDSCH,0x46,47,4395,6,0,,,,,,,,,,,
50,gnb2,2026-08-19T09:51:49.605768,2282,PDSCH,0x46,50,4587,6,0,,,,,,,,,,,
50,gnb2,2026-08-19T09:51:49.648160,2283,PDSCH,0x46,50,4587,6,0,,,,,,,,,,,
50,gnb2,2026-08-19T09:51:49.699379,2284,PDSCH,0x46,50,4587,6,0,,,,,,,,,,,
50,gnb2,2026-08-19T09:51:49.746866,2285,PDSCH,0x46,50,4587,6,0,,,,,,,,,,,
50,gnb2,2026-08-19T09:51:49.782759,2286,PDSCH,0x46,50,4587,6,0,,,,,,,,,,,
50,gnb2,2026-08-19T09:51:49.818736,2287,PDSCH,0x46,50,4587,6,0,,,,,,,,,,,
50,gnb2,2026-08-19T09:51:49.851527,2288,PUSCH,0x46,,,,,2,8,517,4,111.4,102,,,,,
50,gnb2,2026-08-19T09:51:49.851771,2288,PDSCH,0x46,50,4587,6,0,,,,,,,,,,,
50,gnb2,2026-08-19T09:51:49.880198,2289,PDSCH,0x46,50,4587,6,0,,,,,,,,,,,
50,gnb2,2026-08-19T09:51:49.909941,2290,PDSCH,0x46,50,4587,6,0,,,,,,,,,,,
50,gnb2,2026-08-19T09:51:49.941053,2291,PDSCH,0x46,50,4587,6,0,,,,,,,,,,,
50,gnb2,2026-08-19T09:51:49.971287,2292,PDSCH,0x46,50,4587,6,0,,,,,,,,,,,
50,gnb2,2026-08-19T09:51:50.002242,2293,PDSCH,0x46,50,4587,6,0,,,,,,,,,,,
50,gnb2,2026-08-19T09:51:50.032487,2294,PDSCH,0x46,50,4587,6,0,,,,,,,,,,,
50,gnb2,2026-08-19T09:51:50.064868,2295,PDSCH,0x46,50,4587,6,0,,,,,,,,,,,
50,gnb2,2026-08-19T09:51:50.115825,2296,PDSCH,0x46,50,4587,6,0,,,,,,,,,,,
50,gnb2,2026-08-19T09:51:50.142118,2297,PUSCH,0x46,,,,,2,14,871,4,107.4,140,,,,,
50,gnb2,2026-08-19T09:51:50.142365,2297,PDSCH,0x46,50,4587,6,0,,,,,,,,,,,
50,gnb2,2026-08-19T09:51:50.169211,2298,PDSCH,0x46,50,4587,6,0,,,,,,,,,,,
50,gnb2,2026-08-19T09:51:50.197090,2299,PDSCH,0x46,50,4587,6,0,,,,,,,,,,,
50,gnb2,2026-08-19T09:51:50.223756,2300,PDSCH,0x46,50,4587,6,0,,,,,,,,,,,
50,gnb2,2026-08-19T09:51:50.251011,2301,PDSCH,0x46,47,4395,6,0,,,,,,,,,,,
50,gnb2,2026-08-19T09:51:50.282068,2302,PDSCH,0x46,50,4587,6,0,,,,,,,,,,,
50,gnb2,2026-08-19T09:51:50.313648,2303,PDSCH,0x46,50,4587,6,0,,,,,,,,,,,
50,gnb2,2026-08-19T09:51:50.343230,2304,PDSCH,0x46,50,4587,6,0,,,,,,,,,,,
50,gnb2,2026-08-19T09:51:50.373461,2305,PUSCH,0x46,,,,,2,14,871,4,107.4,128,,,,,
50,gnb2,2026-08-19T09:51:50.373739,2305,PDSCH,0x46,50,4587,6,0,,,,,,,,,,,
50,gnb2,2026-08-19T09:51:50.397021,2306,PUSCH,0x46,,,,,2,3,217,4,117.9,48,,,,,
50,gnb2,2026-08-19T09:51:50.397277,2306,PDSCH,0x46,50,4587,6,0,,,,,,,,,,,
50,gnb2,2026-08-19T09:51:50.420716,2307,PDSCH,0x46,50,4587,6,0,,,,,,,,,,,
50,gnb2,2026-08-19T09:51:50.441802,2308,PDSCH,0x46,50,4587,6,0,,,,,,,,,,,
50,gnb2,2026-08-19T09:51:50.463416,2309,PDSCH,0x46,50,4587,6,0,,,,,,,,,,,
50,gnb2,2026-08-19T09:51:50.484290,2310,PDSCH,0x46,50,4587,6,0,,,,,,,,,,,
50,gnb2,2026-08-19T09:51:50.504620,2311,PDSCH,0x46,50,4587,6,0,,,,,,,,,,,
50,gnb2,2026-08-19T09:51:50.559005,2312,PDSCH,0x46,50,4587,6,0,,,,,,,,,,,
50,gnb2,2026-08-19T09:51:50.587547,2313,PUSCH,0x46,,,,,2,14,871,4,107.4,138,,,,,
50,gnb2,2026-08-19T09:51:50.587795,2313,PDSCH,0x46,50,4587,6,0,,,,,,,,,,,
50,gnb2,2026-08-19T09:51:50.616726,2314,PUSCH,0x46,,,,,2,7,501,4,114.3,87,,,,,
50,gnb2,2026-08-19T09:51:50.616966,2314,PDSCH,0x46,50,4587,6,0,,,,,,,,,,,
50,gnb2,2026-08-19T09:51:50.644967,2315,PUSCH,0x46,,,,,2,3,233,4,117.8,58,,,,,
50,gnb2,2026-08-19T09:51:50.645212,2315,PDSCH,0x46,50,4587,6,0,,,,,,,,,,,
50,gnb2,2026-08-19T09:51:50.675554,2316,PDSCH,0x46,50,4587,6,0,,,,,,,,,,,
50,gnb2,2026-08-19T09:51:50.709602,2317,PDSCH,0x46,50,4587,6,0,,,,,,,,,,,
50,gnb2,2026-08-19T09:51:50.729719,2318,PDSCH,0x46,50,4587,6,0,,,,,,,,,,,
50,gnb2,2026-08-19T09:51:50.751108,2319,PDSCH,0x46,50,4587,6,0,,,,,,,,,,,
50,gnb2,2026-08-19T09:51:50.770936,2320,PDSCH,0x46,50,4587,6,0,,,,,,,,,,,
50,gnb2,2026-08-19T09:51:50.791922,2321,PUSCH,0x46,,,,,10,14,871,4,104.5,131,,,,,
50,gnb2,2026-08-19T09:51:50.792178,2321,PDSCH,0x46,47,4395,6,0,,,,,,,,,,,
50,gnb2,2026-08-19T09:51:50.836699,2322,PDSCH,0x46,50,4587,6,0,,,,,,,,,,,
50,gnb2,2026-08-19T09:51:50.891826,2323,PUSCH,0x46,,,,,2,1,105,4,117.9,77,,,,,
50,gnb2,2026-08-19T09:51:50.891832,2323,PHR,,,,,,,,,,,,,,,,
50,gnb2,2026-08-19T09:51:50.892072,2323,PDSCH,0x46,50,4587,6,0,,,,,,,,,,,
50,gnb2,2026-08-19T09:51:50.927051,2324,PUSCH,0x46,,,,,2,4,269,4,117.9,52,,,,,
50,gnb2,2026-08-19T09:51:50.927299,2324,PDSCH,0x46,50,4587,6,0,,,,,,,,,,,
50,gnb2,2026-08-19T09:51:50.966740,2325,PDSCH,0x46,50,4587,6,0,,,,,,,,,,,
50,gnb2,2026-08-19T09:51:51.001843,2326,PDSCH,0x46,50,4587,6,0,,,,,,,,,,,
50,gnb2,2026-08-19T09:51:51.028597,2327,PDSCH,0x46,50,4587,6,0,,,,,,,,,,,
50,gnb2,2026-08-19T09:51:51.059492,2328,PDSCH,0x46,50,4587,6,0,,,,,,,,,,,
50,gnb2,2026-08-19T09:51:51.086413,2329,PUSCH,0x46,,,,,2,14,871,4,107.4,131,,,,,
50,gnb2,2026-08-19T09:51:51.086671,2329,PDSCH,0x46,50,4587,6,0,,,,,,,,,,,
50,gnb2,2026-08-19T09:51:51.115655,2330,PUSCH,0x46,,,,,2,3,249,4,118.0,49,,,,,
50,gnb2,2026-08-19T09:51:51.115895,2330,PDSCH,0x46,50,4587,6,0,,,,,,,,,,,
50,gnb2,2026-08-19T09:51:51.142349,2331,PUSCH,0x46,,,,,2,1,97,4,118.0,55,,,,,
50,gnb2,2026-08-19T09:51:51.142584,2331,PDSCH,0x46,50,4587,6,0,,,,,,,,,,,
50,gnb2,2026-08-19T09:51:51.174197,2332,PUSCH,0x46,,,,,2,8,573,4,111.4,90,,,,,
50,gnb2,2026-08-19T09:51:51.174434,2332,PDSCH,0x46,50,4587,6,0,,,,,,,,,,,
50,gnb2,2026-08-19T09:51:51.199711,2333,PUSCH,0x46,,,,,2,3,217,4,117.9,46,,,,,
50,gnb2,2026-08-19T09:51:51.199953,2333,PDSCH,0x46,50,4587,6,0,,,,,,,,,,,
50,gnb2,2026-08-19T09:51:51.229054,2334,PDSCH,0x46,50,4587,6,0,,,,,,,,,,,
50,gnb2,2026-08-19T09:51:51.248768,2335,PDSCH,0x46,50,4587,6,0,,,,,,,,,,,
50,gnb2,2026-08-19T09:51:51.269236,2336,PDSCH,0x46,50,4587,6,0,,,,,,,,,,,
50,gnb2,2026-08-19T09:51:51.289203,2337,PUSCH,0x46,,,,,2,14,871,4,107.4,127,,,,,
50,gnb2,2026-08-19T09:51:51.289437,2337,PDSCH,0x46,50,4587,6,0,,,,,,,,,,,
50,gnb2,2026-08-19T09:51:51.311226,2338,PDSCH,0x46,50,4587,6,0,,,,,,,,,,,
50,gnb2,2026-08-19T09:51:51.334132,2339,PDSCH,0x46,50,4587,6,0,,,,,,,,,,,
50,gnb2,2026-08-19T09:51:51.356972,2340,PDSCH,0x46,50,4587,6,0,,,,,,,,,,,
50,gnb2,2026-08-19T09:51:51.399479,2341,PDSCH,0x46,47,4395,6,0,,,,,,,,,,,
50,gnb2,2026-08-19T09:51:51.444735,2342,PDSCH,0x46,50,4587,6,0,,,,,,,,,,,
50,gnb2,2026-08-19T09:51:51.479595,2343,PDSCH,0x46,50,4587,6,0,,,,,,,,,,,
50,gnb2,2026-08-19T09:51:51.513426,2344,PDSCH,0x46,50,4587,6,0,,,,,,,,,,,
50,gnb2,2026-08-19T09:51:51.546857,2345,PDSCH,0x46,50,4587,6,0,,,,,,,,,,,
50,gnb2,2026-08-19T09:51:51.570441,2346,PDSCH,0x46,50,4587,6,0,,,,,,,,,,,
50,gnb2,2026-08-19T09:51:51.597251,2347,PDSCH,0x46,50,4587,6,0,,,,,,,,,,,
50,gnb2,2026-08-19T09:51:51.622422,2348,PUSCH,0x46,,,,,2,8,517,4,111.4,83,,,,,
50,gnb2,2026-08-19T09:51:51.622665,2348,PDSCH,0x46,50,4587,6,0,,,,,,,,,,,
50,gnb2,2026-08-19T09:51:51.649295,2349,PDSCH,0x46,50,4587,6,0,,,,,,,,,,,
50,gnb2,2026-08-19T09:51:51.679294,2350,PDSCH,0x46,50,4587,6,0,,,,,,,,,,,
50,gnb2,2026-08-19T09:51:51.709416,2351,PDSCH,0x46,50,4587,6,0,,,,,,,,,,,
50,gnb2,2026-08-19T09:51:51.740142,2352,PDSCH,0x46,50,4587,6,0,,,,,,,,,,,
50,gnb2,2026-08-19T09:51:51.761367,2353,PDSCH,0x46,50,4587,6,0,,,,,,,,,,,
50,gnb2,2026-08-19T09:51:51.803645,2354,PDSCH,0x46,50,4587,6,0,,,,,,,,,,,
50,gnb2,2026-08-19T09:51:51.854242,2355,PDSCH,0x46,50,4587,6,0,,,,,,,,,,,
50,gnb2,2026-08-19T09:51:51.896193,2356,PDSCH,0x46,50,4587,6,0,,,,,,,,,,,
50,gnb2,2026-08-19T09:51:51.934599,2357,PUSCH,0x46,,,,,2,17,1143,4,106.8,172,,,,,
50,gnb2,2026-08-19T09:51:51.934845,2357,PDSCH,0x46,50,4587,6,0,,,,,,,,,,,
50,gnb2,2026-08-19T09:51:51.973022,2358,PDSCH,0x46,50,4587,6,0,,,,,,,,,,,
50,gnb2,2026-08-19T09:51:52.003247,2359,PDSCH,0x46,50,4587,6,0,,,,,,,,,,,
50,gnb2,2026-08-19T09:51:52.033261,2360,PDSCH,0x46,50,4587,6,0,,,,,,,,,,,
50,gnb2,2026-08-19T09:51:52.065577,2361,PUCCH_CQI,0x46,,,,,,,,,,,111.8,15,2a,,
50,gnb2,2026-08-19T09:51:52.065813,2361,PDSCH,0x46,47,4395,6,0,,,,,,,,,,,
50,gnb2,2026-08-19T09:51:52.107963,2362,PDSCH,0x46,50,4587,6,0,,,,,,,,,,,
50,gnb2,2026-08-19T09:51:52.148008,2363,PDSCH,0x46,50,4587,6,0,,,,,,,,,,,
50,gnb2,2026-08-19T09:51:52.189131,2364,PDSCH,0x46,50,4587,6,0,,,,,,,,,,,
50,gnb2,2026-08-19T09:51:52.240685,2365,PUSCH,0x46,,,,,2,17,1143,4,106.8,162,,,,,
50,gnb2,2026-08-19T09:51:52.240937,2365,PDSCH,0x46,50,4587,6,0,,,,,,,,,,,
50,gnb2,2026-08-19T09:51:52.284318,2366,PUSCH,0x46,,,,,2,4,269,4,117.9,55,,,,,
50,gnb2,2026-08-19T09:51:52.284570,2366,PDSCH,0x46,50,4587,6,0,,,,,,,,,,,
50,gnb2,2026-08-19T09:51:52.320201,2367,PDSCH,0x46,50,4587,6,0,,,,,,,,,,,
50,gnb2,2026-08-19T09:51:52.358900,2368,PDSCH,0x46,50,4587,6,0,,,,,,,,,,,
50,gnb2,2026-08-19T09:51:52.391395,2369,PDSCH,0x46,50,4587,6,0,,,,,,,,,,,
50,gnb2,2026-08-19T09:51:52.426397,2370,PDSCH,0x46,50,4587,6,0,,,,,,,,,,,
50,gnb2,2026-08-19T09:51:52.459002,2371,PDSCH,0x46,50,4587,6,0,,,,,,,,,,,
50,gnb2,2026-08-19T09:51:52.490681,2372,PDSCH,0x46,50,4587,6,0,,,,,,,,,,,
50,gnb2,2026-08-19T09:51:52.554265,2373,PUSCH,0x46,,,,,2,17,1143,4,106.8,159,,,,,
50,gnb2,2026-08-19T09:51:52.554276,2373,PHR,,,,,,,,,,,,,,,,
50,gnb2,2026-08-19T09:51:52.554518,2373,PDSCH,0x46,50,4587,6,0,,,,,,,,,,,
50,gnb2,2026-08-19T09:51:52.615285,2374,PUSCH,0x46,,,,,2,8,517,4,111.4,90,,,,,
50,gnb2,2026-08-19T09:51:52.615586,2374,PDSCH,0x46,50,4587,6,0,,,,,,,,,,,
50,gnb2,2026-08-19T09:51:52.709844,2375,PUSCH,0x46,,,,,2,3,249,4,117.9,49,,,,,
50,gnb2,2026-08-19T09:51:52.710089,2375,PDSCH,0x46,50,4587,6,0,,,,,,,,,,,
50,gnb2,2026-08-19T09:51:52.787943,2376,PDSCH,0x46,50,4587,6,0,,,,,,,,,,,
50,gnb2,2026-08-19T09:51:52.842713,2377,PDSCH,0x46,50,4587,6,0,,,,,,,,,,,
50,gnb2,2026-08-19T09:51:52.886205,2378,PDSCH,0x46,50,4587,6,0,,,,,,,,,,,
50,gnb2,2026-08-19T09:51:52.922139,2379,PDSCH,0x46,50,4587,6,0,,,,,,,,,,,
50,gnb2,2026-08-19T09:51:52.955501,2380,PDSCH,0x46,50,4587,6,0,,,,,,,,,,,
50,gnb2,2026-08-19T09:51:52.988850,2381,PUSCH,0x46,,,,,10,17,1143,4,105.3,174,,,,,
50,gnb2,2026-08-19T09:51:52.989101,2381,PDSCH,0x46,47,4395,6,0,,,,,,,,,,,
50,gnb2,2026-08-19T09:51:53.015754,2382,PUSCH,0x46,,,,,2,17,1143,4,106.8,187,,,,,
50,gnb2,2026-08-19T09:51:53.016019,2382,PDSCH,0x46,50,4587,6,0,,,,,,,,,,,
50,gnb2,2026-08-19T09:51:53.042583,2383,PUSCH,0x46,,,,,2,11,645,4,108.5,125,,,,,
50,gnb2,2026-08-19T09:51:53.042877,2383,PDSCH,0x46,50,4587,6,0,,,,,,,,,,,
50,gnb2,2026-08-19T09:51:53.068256,2384,PUSCH,0x46,,,,,2,7,501,4,114.3,82,,,,,
50,gnb2,2026-08-19T09:51:53.068517,2384,PDSCH,0x46,50,4587,6,0,,,,,,,,,,,
50,gnb2,2026-08-19T09:51:53.097687,2385,PDSCH,0x46,50,4587,6,0,,,,,,,,,,,
50,gnb2,2026-08-19T09:51:53.121581,2386,PDSCH,0x46,50,4587,6,0,,,,,,,,,,,
50,gnb2,2026-08-19T09:51:53.148614,2387,PDSCH,0x46,50,4587,6,0,,,,,,,,,,,
50,gnb2,2026-08-19T09:51:53.178602,2388,PDSCH,0x46,50,4587,6,0,,,,,,,,,,,
50,gnb2,2026-08-19T09:51:53.210052,2389,PUSCH,0x46,,,,,2,17,1143,4,106.8,157,,,,,
50,gnb2,2026-08-19T09:51:53.210298,2389,PDSCH,0x46,50,4587,6,0,,,,,,,,,,,
50,gnb2,2026-08-19T09:51:53.233565,2390,PUSCH,0x46,,,,,2,23,1527,4,106.4,239,,,,,
50,gnb2,2026-08-19T09:51:53.233821,2390,PDSCH,0x46,50,4587,6,0,,,,,,,,,,,
50,gnb2,2026-08-19T09:51:53.255593,2391,PUSCH,0x46,,,,,10,14,807,4,104.5,150,,,,,
50,gnb2,2026-08-19T09:51:53.255858,2391,PDSCH,0x46,50,4587,6,0,,,,,,,,,,,
50,gnb2,2026-08-19T09:51:53.296378,2392,PUSCH,0x46,,,,,2,11,749,4,108.5,107,,,,,
50,gnb2,2026-08-19T09:51:53.296653,2392,PDSCH,0x46,50,4587,6,0,,,,,,,,,,,
50,gnb2,2026-08-19T09:51:53.325641,2393,PUSCH,0x46,,,,,2,3,217,4,117.9,46,,,,,
50,gnb2,2026-08-19T09:51:53.325881,2393,PDSCH,0x46,50,4587,6,0,,,,,,,,,,,
50,gnb2,2026-08-19T09:51:53.352520,2394,PDSCH,0x46,50,4587,6,0,,,,,,,,,,,
50,gnb2,2026-08-19T09:51:53.381806,2395,PDSCH,0x46,50,4587,6,0,,,,,,,,,,,
50,gnb2,2026-08-19T09:51:53.408112,2396,PDSCH,0x46,50,4587,6,0,,,,,,,,,,,
50,gnb2,2026-08-19T09:51:53.438035,2397,PUSCH,0x46,,,,,2,17,1143,4,106.8,268,,,,,
50,gnb2,2026-08-19T09:51:53.438277,2397,PDSCH,0x46,50,4587,6,0,,,,,,,,,,,
50,gnb2,2026-08-19T09:51:53.479899,2398,PUSCH,0x46,,,,,2,29,1908,4,107.3,372,,,,,
50,gnb2,2026-08-19T09:51:53.480138,2398,PDSCH,0x46,50,4587,6,0,,,,,,,,,,,
50,gnb2,2026-08-19T09:51:53.519202,2399,PUSCH,0x46,,,,,2,14,999,4,107.4,138,,,,,
50,gnb2,2026-08-19T09:51:53.519446,2399,PDSCH,0x46,50,4587,6,0,,,,,,,,,,,
50,gnb2,2026-08-19T09:51:53.545664,2400,PUSCH,0x46,,,,,2,14,999,4,107.4,152,,,,,
50,gnb2,2026-08-19T09:51:53.545903,2400,PDSCH,0x46,50,4587,6,0,,,,,,,,,,,
50,gnb2,2026-08-19T09:51:53.572240,2401,PUCCH_CQI,0x46,,,,,,,,,,,111.8,15,2a,,
50,gnb2,2026-08-19T09:51:53.572533,2401,PDSCH,0x46,47,4395,6,0,,,,,,,,,,,
50,gnb2,2026-08-19T09:51:53.596922,2402,PDSCH,0x46,50,4587,6,0,,,,,,,,,,,
50,gnb2,2026-08-19T09:51:53.624646,2403,PDSCH,0x46,50,4587,6,0,,,,,,,,,,,
50,gnb2,2026-08-19T09:51:53.651562,2404,PDSCH,0x46,50,4587,6,0,,,,,,,,,,,
50,gnb2,2026-08-19T09:51:53.679341,2405,PDSCH,0x46,47,4395,6,0,,,,,,,,,,,
50,gnb2,2026-08-19T09:51:53.710493,2406,PDSCH,0x46,50,4587,6,0,,,,,,,,,,,
50,gnb2,2026-08-19T09:51:53.742277,2407,PDSCH,0x46,50,4587,6,0,,,,,,,,,,,
50,gnb2,2026-08-19T09:51:53.785089,2408,PDSCH,0x46,50,4587,6,0,,,,,,,,,,,
50,gnb2,2026-08-19T09:51:53.816867,2409,PDSCH,0x46,50,4587,6,0,,,,,,,,,,,
50,gnb2,2026-08-19T09:51:53.849285,2410,PDSCH,0x46,50,4587,6,0,,,,,,,,,,,
50,gnb2,2026-08-19T09:51:53.878095,2411,PDSCH,0x46,50,4587,6,0,,,,,,,,,,,
50,gnb2,2026-08-19T09:51:53.910075,2412,PDSCH,0x46,50,4587,6,0,,,,,,,,,,,
50,gnb2,2026-08-19T09:51:53.936902,2413,PDSCH,0x46,50,4587,6,0,,,,,,,,,,,
50,gnb2,2026-08-19T09:51:53.964418,2414,PDSCH,0x46,50,4587,6,0,,,,,,,,,,,
50,gnb2,2026-08-19T09:51:53.992210,2415,PDSCH,0x46,47,4395,6,0,,,,,,,,,,,
50,gnb2,2026-08-19T09:51:54.020205,2416,PDSCH,0x46,50,4587,6,0,,,,,,,,,,,
50,gnb2,2026-08-19T09:51:54.035130,2417,PDSCH,0x46,50,4587,6,0,,,,,,,,,,,
50,gnb2,2026-08-19T09:51:54.053271,2418,PDSCH,0x46,50,4587,6,0,,,,,,,,,,,
50,gnb2,2026-08-19T09:51:54.074052,2419,PDSCH,0x46,50,4587,6,0,,,,,,,,,,,
50,gnb2,2026-08-19T09:51:54.091241,2420,PDSCH,0x46,50,4587,6,0,,,,,,,,,,,
50,gnb2,2026-08-19T09:51:54.110178,2421,PDSCH,0x46,47,4395,6,0,,,,,,,,,,,
50,gnb2,2026-08-19T09:51:54.128087,2422,PDSCH,0x46,50,4587,6,0,,,,,,,,,,,
50,gnb2,2026-08-19T09:51:54.149185,2423,PDSCH,0x46,50,4587,6,0,,,,,,,,,,,
50,gnb2,2026-08-19T09:51:54.169295,2424,PDSCH,0x46,50,4587,6,0,,,,,,,,,,,
50,gnb2,2026-08-19T09:51:54.192644,2425,PDSCH,0x46,50,4587,6,0,,,,,,,,,,,
50,gnb2,2026-08-19T09:51:54.214420,2426,PDSCH,0x46,50,4587,6,0,,,,,,,,,,,
50,gnb2,2026-08-19T09:51:54.235824,2427,PDSCH,0x46,50,4587,6,0,,,,,,,,,,,
50,gnb2,2026-08-19T09:51:54.257460,2428,PUSCH,0x46,,,,,2,8,517,4,111.4,87,,,,,
50,gnb2,2026-08-19T09:51:54.257558,2428,PHR,,,,,,,,,,,,,,,,
50,gnb2,2026-08-19T09:51:54.257695,2428,PDSCH,0x46,50,4587,6,0,,,,,,,,,,,
50,gnb2,2026-08-19T09:51:54.309918,2429,PDSCH,0x46,50,4587,6,0,,,,,,,,,,,
50,gnb2,2026-08-19T09:51:54.340269,2430,PDSCH,0x46,50,4587,6,0,,,,,,,,,,,
50,gnb2,2026-08-19T09:51:54.368554,2431,PDSCH,0x46,50,4587,6,0,,,,,,,,,,,
50,gnb2,2026-08-19T09:51:54.397652,2432,PDSCH,0x46,50,4587,6,0,,,,,,,,,,,
50,gnb2,2026-08-19T09:51:54.425108,2433,PDSCH,0x46,50,4587,6,0,,,,,,,,,,,
50,gnb2,2026-08-19T09:51:54.455377,2434,PDSCH,0x46,50,4587,6,0,,,,,,,,,,,
50,gnb2,2026-08-19T09:51:54.480942,2435,PDSCH,0x46,50,4587,6,0,,,,,,,,,,,
50,gnb2,2026-08-19T09:51:54.508313,2436,PDSCH,0x46,50,4587,6,0,,,,,,,,,,,
50,gnb2,2026-08-19T09:51:54.529238,2437,PUSCH,0x46,,,,,2,39,2673,4,108.5,417,,,,,
50,gnb2,2026-08-19T09:51:54.529491,2437,PDSCH,0x46,50,4587,6,0,,,,,,,,,,,
50,gnb2,2026-08-19T09:51:54.554454,2438,PDSCH,0x46,50,4587,6,0,,,,,,,,,,,
50,gnb2,2026-08-19T09:51:54.575235,2439,PDSCH,0x46,50,4587,6,0,,,,,,,,,,,
50,gnb2,2026-08-19T09:51:54.597283,2440,PDSCH,0x46,50,4587,6,0,,,,,,,,,,,
50,gnb2,2026-08-19T09:51:54.618816,2441,PUCCH_CQI,0x46,,,,,,,,,,,111.8,15,2a,,
50,gnb2,2026-08-19T09:51:54.619051,2441,PDSCH,0x46,47,4395,6,0,,,,,,,,,,,
50,gnb2,2026-08-19T09:51:54.640492,2442,PDSCH,0x46,50,4587,6,0,,,,,,,,,,,
50,gnb2,2026-08-19T09:51:54.676167,2443,PDSCH,0x46,50,4587,6,0,,,,,,,,,,,
50,gnb2,2026-08-19T09:51:54.702708,2444,PDSCH,0x46,50,4587,6,0,,,,,,,,,,,
50,gnb2,2026-08-19T09:51:54.733193,2445,PUSCH,0x46,,,,,2,39,2673,4,108.6,338,,,,,
50,gnb2,2026-08-19T09:51:54.733449,2445,PDSCH,0x46,50,4587,6,0,,,,,,,,,,,
50,gnb2,2026-08-19T09:51:54.760175,2446,PUSCH,0x46,,,,,2,11,749,4,108.5,202,,,,,
50,gnb2,2026-08-19T09:51:54.760488,2446,PDSCH,0x46,50,4587,6,0,,,,,,,,,,,
50,gnb2,2026-08-19T09:51:54.789126,2447,PDSCH,0x46,50,4587,6,0,,,,,,,,,,,
50,gnb2,2026-08-19T09:51:54.870726,2448,PDSCH,0x46,50,4587,6,0,,,,,,,,,,,
50,gnb2,2026-08-19T09:51:54.904134,2449,PDSCH,0x46,50,4587,6,0,,,,,,,,,,,
50,gnb2,2026-08-19T09:51:54.936324,2450,PDSCH,0x46,50,4587,6,0,,,,,,,,,,,
50,gnb2,2026-08-19T09:51:54.966795,2451,PDSCH,0x46,50,4587,6,0,,,,,,,,,,,
50,gnb2,2026-08-19T09:51:55.000924,2452,PDSCH,0x46,50,4587,6,0,,,,,,,,,,,
50,gnb2,2026-08-19T09:51:55.031118,2453,PUSCH,0x46,,,,,2,44,2865,4,109.0,410,,,,,
50,gnb2,2026-08-19T09:51:55.031371,2453,PDSCH,0x46,50,4587,6,0,,,,,,,,,,,
50,gnb2,2026-08-19T09:51:55.060727,2454,PUSCH,0x46,,,,,2,17,1143,4,106.8,170,,,,,
50,gnb2,2026-08-19T09:51:55.060986,2454,PDSCH,0x46,50,4587,6,0,,,,,,,,,,,
50,gnb2,2026-08-19T09:51:55.091785,2455,PUSCH,0x46,,,,,2,4,249,4,117.9,87,,,,,
50,gnb2,2026-08-19T09:51:55.092049,2455,PDSCH,0x46,50,4587,6,0,,,,,,,,,,,
50,gnb2,2026-08-19T09:51:55.120582,2456,PDSCH,0x46,50,4587,6,0,,,,,,,,,,,
50,gnb2,2026-08-19T09:51:55.150397,2457,PDSCH,0x46,50,4587,6,0,,,,,,,,,,,
50,gnb2,2026-08-19T09:51:55.172485,2458,PDSCH,0x46,50,4587,6,0,,,,,,,,,,,
50,gnb2,2026-08-19T09:51:55.192143,2459,PDSCH,0x46,50,4587,6,0,,,,,,,,,,,
50,gnb2,2026-08-19T09:51:55.215065,2460,PDSCH,0x46,50,4587,6,0,,,,,,,,,,,
50,gnb2,2026-08-19T09:51:55.235633,2461,PUSCH,0x46,,,,,10,35,2385,4,108.3,367,,,,,
50,gnb2,2026-08-19T09:51:55.235891,2461,PDSCH,0x46,47,4395,6,0,,,,,,,,,,,
50,gnb2,2026-08-19T09:51:55.259058,2462,PUSCH,0x46,,,,,2,29,1908,4,107.3,265,,,,,
50,gnb2,2026-08-19T09:51:55.259295,2462,PDSCH,0x46,50,4587,6,0,,,,,,,,,,,
50,gnb2,2026-08-19T09:51:55.279849,2463,PUSCH,0x46,,,,,2,7,501,4,114.2,77,,,,,
50,gnb2,2026-08-19T09:51:55.280084,2463,PDSCH,0x46,50,4587,6,0,,,,,,,,,,,
50,gnb2,2026-08-19T09:51:55.302809,2464,PUSCH,0x46,,,,,2,3,233,4,117.9,48,,,,,
50,gnb2,2026-08-19T09:51:55.303044,2464,PDSCH,0x46,50,4587,6,0,,,,,,,,,,,
50,gnb2,2026-08-19T09:51:55.324025,2465,PDSCH,0x46,50,4587,6,0,,,,,,,,,,,
50,gnb2,2026-08-19T09:51:55.361751,2466,PDSCH,0x46,50,4587,6,0,,,,,,,,,,,
50,gnb2,2026-08-19T09:51:55.383475,2467,PDSCH,0x46,50,4587,6,0,,,,,,,,,,,
50,gnb2,2026-08-19T09:51:55.408399,2468,PDSCH,0x46,50,4587,6,0,,,,,,,,,,,
50,gnb2,2026-08-19T09:51:55.432712,2469,PUSCH,0x46,,,,,2,39,2481,4,108.5,351,,,,,
50,gnb2,2026-08-19T09:51:55.432961,2469,PDSCH,0x46,50,4587,6,0,,,,,,,,,,,
50,gnb2,2026-08-19T09:51:55.456789,2470,PDSCH,0x46,50,4587,6,0,,,,,,,,,,,
50,gnb2,2026-08-19T09:51:55.476152,2471,PDSCH,0x46,50,4587,6,0,,,,,,,,,,,
50,gnb2,2026-08-19T09:51:55.498945,2472,PDSCH,0x46,50,4587,6,0,,,,,,,,,,,
50,gnb2,2026-08-19T09:51:55.517157,2473,PDSCH,0x46,50,4587,6,0,,,,,,,,,,,
50,gnb2,2026-08-19T09:51:55.532943,2474,PDSCH,0x46,50,4587,6,0,,,,,,,,,,,
50,gnb2,2026-08-19T09:51:55.552431,2475,PDSCH,0x46,50,4587,6,0,,,,,,,,,,,
50,gnb2,2026-08-19T09:51:55.570993,2476,PDSCH,0x46,50,4587,6,0,,,,,,,,,,,
50,gnb2,2026-08-19T09:51:55.592525,2477,PDSCH,0x46,50,4587,6,0,,,,,,,,,,,
50,gnb2,2026-08-19T09:51:55.614176,2478,PDSCH,0x46,50,4587,6,0,,,,,,,,,,,
50,gnb2,2026-08-19T09:51:55.635375,2479,PDSCH,0x46,50,4587,6,0,,,,,,,,,,,
50,gnb2,2026-08-19T09:51:55.679405,2480,PDSCH,0x46,50,4587,6,0,,,,,,,,,,,
50,gnb2,2026-08-19T09:51:55.729815,2481,PUCCH_CQI,0x46,,,,,,,,,,,111.8,15,2a,,
50,gnb2,2026-08-19T09:51:55.730052,2481,PDSCH,0x46,47,4395,6,0,,,,,,,,,,,
50,gnb2,2026-08-19T09:51:55.768343,2482,PDSCH,0x46,50,4587,6,0,,,,,,,,,,,
50,gnb2,2026-08-19T09:51:55.806890,2483,PDSCH,0x46,50,4587,6,0,,,,,,,,,,,
50,gnb2,2026-08-19T09:51:55.837233,2484,PDSCH,0x46,50,4587,6,0,,,,,,,,,,,
50,gnb2,2026-08-19T09:51:55.868075,2485,PDSCH,0x46,50,4587,6,0,,,,,,,,,,,
50,gnb2,2026-08-19T09:51:55.893769,2486,PDSCH,0x46,50,4587,6,0,,,,,,,,,,,
50,gnb2,2026-08-19T09:51:55.923641,2487,PDSCH,0x46,50,4587,6,0,,,,,,,,,,,
50,gnb2,2026-08-19T09:51:55.950273,2488,PUSCH,0x46,,,,,2,8,517,4,111.4,87,,,,,
50,gnb2,2026-08-19T09:51:55.950319,2488,PHR,,,,,,,,,,,,,,,,
50,gnb2,2026-08-19T09:51:55.950506,2488,PDSCH,0x46,50,4587,6,0,,,,,,,,,,,
50,gnb2,2026-08-19T09:51:55.979855,2489,PDSCH,0x46,50,4587,6,0,,,,,,,,,,,
50,gnb2,2026-08-19T09:51:56.008230,2490,PDSCH,0x46,50,4587,6,0,,,,,,,,,,,
50,gnb2,2026-08-19T09:51:56.034250,2491,PDSCH,0x46,50,4587,6,0,,,,,,,,,,,
50,gnb2,2026-08-19T09:51:56.062083,2492,PDSCH,0x46,50,4587,6,0,,,,,,,,,,,
50,gnb2,2026-08-19T09:51:56.086496,2493,PDSCH,0x46,50,4587,6,0,,,,,,,,,,,
50,gnb2,2026-08-19T09:51:56.110950,2494,PDSCH,0x46,50,4587,6,0,,,,,,,,,,,
50,gnb2,2026-08-19T09:51:56.128146,2495,PDSCH,0x46,50,4587,6,0,,,,,,,,,,,
50,gnb2,2026-08-19T09:51:56.147008,2496,PDSCH,0x46,50,4587,6,0,,,,,,,,,,,
50,gnb2,2026-08-19T09:51:56.167227,2497,PUSCH,0x46,,,,,2,44,2865,4,109.0,395,,,,,
50,gnb2,2026-08-19T09:51:56.167496,2497,PDSCH,0x46,50,4587,6,0,,,,,,,,,,,
50,gnb2,2026-08-19T09:51:56.184702,2498,PUSCH,0x46,,,,,2,17,1143,4,106.8,168,,,,,
50,gnb2,2026-08-19T09:51:56.184960,2498,PDSCH,0x46,50,4587,6,0,,,,,,,,,,,
50,gnb2,2026-08-19T09:51:56.204149,2499,PDSCH,0x46,50,4587,6,0,,,,,,,,,,,
50,gnb2,2026-08-19T09:51:56.223341,2500,PDSCH,0x46,50,4587,6,0,,,,,,,,,,,
50,gnb2,2026-08-19T09:51:56.245093,2501,PDSCH,0x46,47,4395,6,0,,,,,,,,,,,
50,gnb2,2026-08-19T09:51:56.267336,2502,PDSCH,0x46,50,4587,6,0,,,,,,,,,,,
50,gnb2,2026-08-19T09:51:56.287847,2503,PDSCH,0x46,50,4587,6,0,,,,,,,,,,,
50,gnb2,2026-08-19T09:51:56.309688,2504,PDSCH,0x46,50,4587,6,0,,,,,,,,,,,
50,gnb2,2026-08-19T09:51:56.329249,2505,PUSCH,0x46,,,,,2,44,2865,4,109.0,377,,,,,
50,gnb2,2026-08-19T09:51:56.329551,2505,PDSCH,0x46,50,4587,6,0,,,,,,,,,,,
50,gnb2,2026-08-19T09:51:56.350704,2506,PUSCH,0x46,,,,,2,23,1527,4,106.4,224,,,,,
50,gnb2,2026-08-19T09:51:56.350970,2506,PDSCH,0x46,50,4587,6,0,,,,,,,,,,,
50,gnb2,2026-08-19T09:51:56.384794,2507,PUSCH,0x46,,,,,2,1,125,4,118.0,74,,,,,
50,gnb2,2026-08-19T09:51:56.385039,2507,PDSCH,0x46,50,4587,6,0,,,,,,,,,,,
50,gnb2,2026-08-19T09:51:56.425349,2508,PDSCH,0x46,50,4587,6,0,,,,,,,,,,,
50,gnb2,2026-08-19T09:51:56.462616,2509,PDSCH,0x46,50,4587,6,0,,,,,,,,,,,
50,gnb2,2026-08-19T09:51:56.489282,2510,PDSCH,0x46,50,4587,6,0,,,,,,,,,,,
50,gnb2,2026-08-19T09:51:56.517935,2511,PDSCH,0x46,50,4587,6,0,,,,,,,,,,,
50,gnb2,2026-08-19T09:51:56.544001,2512,PDSCH,0x46,50,4587,6,0,,,,,,,,,,,
50,gnb2,2026-08-19T09:51:56.574837,2513,PUSCH,0x46,,,,,2,44,2865,4,109.0,377,,,,,
50,gnb2,2026-08-19T09:51:56.575090,2513,PDSCH,0x46,50,4587,6,0,,,,,,,,,,,
50,gnb2,2026-08-19T09:51:56.602207,2514,PUSCH,0x46,,,,,2,26,1692,4,106.9,274,,,,,
50,gnb2,2026-08-19T09:51:56.602471,2514,PDSCH,0x46,50,4587,6,0,,,,,,,,,,,
50,gnb2,2026-08-19T09:51:56.627968,2515,PUSCH,0x46,,,,,2,7,389,4,114.2,86,,,,,
50,gnb2,2026-08-19T09:51:56.628205,2515,PDSCH,0x46,50,4587,6,0,,,,,,,,,,,
50,gnb2,2026-08-19T09:51:56.658131,2516,PUSCH,0x46,,,,,2,3,249,4,117.9,48,,,,,
50,gnb2,2026-08-19T09:51:56.658370,2516,PDSCH,0x46,50,4587,6,0,,,,,,,,,,,
50,gnb2,2026-08-19T09:51:56.687334,2517,PDSCH,0x46,50,4587,6,0,,,,,,,,,,,
50,gnb2,2026-08-19T09:51:56.717717,2518,PDSCH,0x46,50,4587,6,0,,,,,,,,,,,
50,gnb2,2026-08-19T09:51:56.761737,2519,PDSCH,0x46,50,4587,6,0,,,,,,,,,,,
50,gnb2,2026-08-19T09:51:56.793141,2520,PDSCH,0x46,50,4587,6,0,,,,,,,,,,,
50,gnb2,2026-08-19T09:51:56.820688,2521,PUSCH,0x46,,,,,10,35,2385,4,108.3,319,,,,,
50,gnb2,2026-08-19T09:51:56.820932,2521,PDSCH,0x46,47,4395,6,0,,,,,,,,,,,
50,gnb2,2026-08-19T09:51:56.849897,2522,PUSCH,0x46,,,,,2,39,2481,4,108.5,341,,,,,
50,gnb2,2026-08-19T09:51:56.850136,2522,PDSCH,0x46,50,4587,6,0,,,,,,,,,,,
50,gnb2,2026-08-19T09:51:56.880205,2523,PDSCH,0x46,50,4587,6,0,,,,,,,,,,,
50,gnb2,2026-08-19T09:51:56.908329,2524,PDSCH,0x46,50,4587,6,0,,,,,,,,,,,
50,gnb2,2026-08-19T09:51:56.937081,2525,PDSCH,0x46,50,4587,6,0,,,,,,,,,,,
50,gnb2,2026-08-19T09:51:56.968637,2526,PDSCH,0x46,50,4587,6,0,,,,,,,,,,,
50,gnb2,2026-08-19T09:51:57.021356,2527,PDSCH,0x46,50,4587,6,0,,,,,,,,,,,
50,gnb2,2026-08-19T09:51:57.049870,2528,PDSCH,0x46,50,4587,6,0,,,,,,,,,,,
50,gnb2,2026-08-19T09:51:57.077179,2529,PDSCH,0x46,50,4587,6,0,,,,,,,,,,,
50,gnb2,2026-08-19T09:51:57.104976,2530,PDSCH,0x46,50,4587,6,0,,,,,,,,,,,
50,gnb2,2026-08-19T09:51:57.132870,2531,PDSCH,0x46,50,4587,6,0,,,,,,,,,,,
50,gnb2,2026-08-19T09:51:57.161949,2532,PDSCH,0x46,50,4587,6,0,,,,,,,,,,,
50,gnb2,2026-08-19T09:51:57.188742,2533,PDSCH,0x46,50,4587,6,0,,,,,,,,,,,
50,gnb2,2026-08-19T09:51:57.218643,2534,PDSCH,0x46,50,4587,6,0,,,,,,,,,,,
50,gnb2,2026-08-19T09:51:57.248862,2535,PDSCH,0x46,50,4587,6,0,,,,,,,,,,,
50,gnb2,2026-08-19T09:51:57.269990,2536,PDSCH,0x46,50,4587,6,0,,,,,,,,,,,
50,gnb2,2026-08-19T09:51:57.290552,2537,PDSCH,0x46,50,4587,6,0,,,,,,,,,,,
50,gnb2,2026-08-19T09:51:57.311423,2538,PDSCH,0x46,50,4587,6,0,,,,,,,,,,,
50,gnb2,2026-08-19T09:51:57.332189,2539,PDSCH,0x46,50,4587,6,0,,,,,,,,,,,
50,gnb2,2026-08-19T09:51:57.355820,2540,PDSCH,0x46,50,4587,6,0,,,,,,,,,,,
50,gnb2,2026-08-19T09:51:57.376101,2541,PDSCH,0x46,47,4395,6,0,,,,,,,,,,,
50,gnb2,2026-08-19T09:51:57.397375,2542,PDSCH,0x46,50,4587,6,0,,,,,,,,,,,
50,gnb2,2026-08-19T09:51:57.418393,2543,PDSCH,0x46,50,4587,6,0,,,,,,,,,,,
50,gnb2,2026-08-19T09:51:57.483353,2544,PDSCH,0x46,50,4587,6,0,,,,,,,,,,,
50,gnb2,2026-08-19T09:51:57.521899,2545,PDSCH,0x46,50,4587,6,0,,,,,,,,,,,
50,gnb2,2026-08-19T09:51:57.557962,2546,PDSCH,0x46,50,4587,6,0,,,,,,,,,,,
50,gnb2,2026-08-19T09:51:57.593907,2547,PDSCH,0x46,50,4587,6,0,,,,,,,,,,,
50,gnb2,2026-08-19T09:51:57.620459,2548,PUSCH,0x46,,,,,2,8,517,4,111.4,85,,,,,
50,gnb2,2026-08-19T09:51:57.620520,2548,PHR,,,,,,,,,,,,,,,,
50,gnb2,2026-08-19T09:51:57.620697,2548,PDSCH,0x46,50,4587,6,0,,,,,,,,,,,
50,gnb2,2026-08-19T09:51:57.650816,2549,PDSCH,0x46,50,4587,6,0,,,,,,,,,,,
50,gnb2,2026-08-19T09:51:57.683270,2550,PDSCH,0x46,50,4587,6,0,,,,,,,,,,,
50,gnb2,2026-08-19T09:51:57.728533,2551,PDSCH,0x46,50,4587,6,0,,,,,,,,,,,
50,gnb2,2026-08-19T09:51:57.787938,2552,PDSCH,0x46,50,4587,6,0,,,,,,,,,,,
50,gnb2,2026-08-19T09:51:57.831630,2553,PDSCH,0x46,50,4587,6,0,,,,,,,,,,,
50,gnb2,2026-08-19T09:51:57.876798,2554,PDSCH,0x46,50,4587,6,0,,,,,,,,,,,
50,gnb2,2026-08-19T09:51:57.914161,2555,PDSCH,0x46,50,4587,6,0,,,,,,,,,,,
50,gnb2,2026-08-19T09:51:57.951099,2556,PDSCH,0x46,50,4587,6,0,,,,,,,,,,,
50,gnb2,2026-08-19T09:51:57.988873,2557,PUSCH,0x46,,,,,2,44,2865,4,109.0,408,,,,,
50,gnb2,2026-08-19T09:51:57.989127,2557,PDSCH,0x46,50,4587,6,0,,,,,,,,,,,
50,gnb2,2026-08-19T09:51:58.017353,2558,PUSCH,0x46,,,,,2,44,2865,4,109.0,397,,,,,
50,gnb2,2026-08-19T09:51:58.017610,2558,PDSCH,0x46,50,4587,6,0,,,,,,,,,,,
50,gnb2,2026-08-19T09:51:58.047565,2559,PUSCH,0x46,,,,,2,29,1908,4,107.3,273,,,,,
50,gnb2,2026-08-19T09:51:58.047856,2559,PDSCH,0x46,50,4587,6,0,,,,,,,,,,,
50,gnb2,2026-08-19T09:51:58.079460,2560,PDSCH,0x46,50,4587,6,0,,,,,,,,,,,
50,gnb2,2026-08-19T09:51:58.120751,2561,PUCCH_CQI,0x46,,,,,,,,,,,111.8,15,2a,,
50,gnb2,2026-08-19T09:51:58.120991,2561,PDSCH,0x46,47,4395,6,0,,,,,,,,,,,
50,gnb2,2026-08-19T09:51:58.159098,2562,PDSCH,0x46,50,4587,6,0,,,,,,,,,,,
50,gnb2,2026-08-19T09:51:58.200142,2563,PDSCH,0x46,50,4587,6,0,,,,,,,,,,,
50,gnb2,2026-08-19T09:51:58.291562,2564,PDSCH,0x46,50,4587,6,0,,,,,,,,,,,
50,gnb2,2026-08-19T09:51:58.356245,2565,PUSCH,0x46,,,,,2,44,2865,4,109.0,378,,,,,
50,gnb2,2026-08-19T09:51:58.356499,2565,PDSCH,0x46,47,4395,6,0,,,,,,,,,,,
50,gnb2,2026-08-19T09:51:58.401708,2566,PUSCH,0x46,,,,,2,44,2865,4,109.0,385,,,,,
50,gnb2,2026-08-19T09:51:58.401952,2566,PDSCH,0x46,50,4587,6,0,,,,,,,,,,,
50,gnb2,2026-08-19T09:51:58.441783,2567,PUSCH,0x46,,,,,2,35,2292,4,108.1,328,,,,,
50,gnb2,2026-08-19T09:51:58.442018,2567,PDSCH,0x46,50,4587,6,0,,,,,,,,,,,
50,gnb2,2026-08-19T09:51:58.474400,2568,PUSCH,0x46,,,,,2,4,269,4,117.9,53,,,,,
50,gnb2,2026-08-19T09:51:58.474640,2568,PDSCH,0x46,50,4587,6,0,,,,,,,,,,,
50,gnb2,2026-08-19T09:51:58.503947,2569,PDSCH,0x46,50,4587,6,0,,,,,,,,,,,
50,gnb2,2026-08-19T09:51:58.538782,2570,PDSCH,0x46,50,4587,6,0,,,,,,,,,,,
50,gnb2,2026-08-19T09:51:58.566868,2571,PDSCH,0x46,50,4587,6,0,,,,,,,,,,,
50,gnb2,2026-08-19T09:51:58.595619,2572,PDSCH,0x46,50,4587,6,0,,,,,,,,,,,
50,gnb2,2026-08-19T09:51:58.624712,2573,PUSCH,0x46,,,,,2,44,2865,4,109.0,372,,,,,
50,gnb2,2026-08-19T09:51:58.624950,2573,PDSCH,0x46,50,4587,6,0,,,,,,,,,,,
50,gnb2,2026-08-19T09:51:58.656214,2574,PDSCH,0x46,50,4587,6,0,,,,,,,,,,,
50,gnb2,2026-08-19T09:51:58.709467,2575,PDSCH,0x46,47,4395,6,0,,,,,,,,,,,
50,gnb2,2026-08-19T09:51:58.748187,2576,PDSCH,0x46,50,4587,6,0,,,,,,,,,,,
50,gnb2,2026-08-19T09:51:58.783976,2577,PDSCH,0x46,50,4587,6,0,,,,,,,,,,,
50,gnb2,2026-08-19T09:51:58.807155,2578,PDSCH,0x46,50,4587,6,0,,,,,,,,,,,
50,gnb2,2026-08-19T09:51:58.836873,2579,PDSCH,0x46,50,4587,6,0,,,,,,,,,,,
50,gnb2,2026-08-19T09:51:58.863182,2580,PDSCH,0x46,50,4587,6,0,,,,,,,,,,,
50,gnb2,2026-08-19T09:51:58.891687,2581,PDSCH,0x46,47,4395,6,0,,,,,,,,,,,
50,gnb2,2026-08-19T09:51:58.920075,2582,PDSCH,0x46,50,4587,6,0,,,,,,,,,,,
50,gnb2,2026-08-19T09:51:58.948105,2583,PDSCH,0x46,50,4587,6,0,,,,,,,,,,,
50,gnb2,2026-08-19T09:51:58.974839,2584,PDSCH,0x46,50,4587,6,0,,,,,,,,,,,
50,gnb2,2026-08-19T09:51:59.005645,2585,PDSCH,0x46,50,4587,6,0,,,,,,,,,,,
50,gnb2,2026-08-19T09:51:59.027911,2586,PDSCH,0x46,50,4587,6,0,,,,,,,,,,,
50,gnb2,2026-08-19T09:51:59.049746,2587,PDSCH,0x46,50,4587,6,0,,,,,,,,,,,
50,gnb2,2026-08-19T09:51:59.097131,2588,PUSCH,0x46,,,,,2,8,517,4,111.4,87,,,,,
50,gnb2,2026-08-19T09:51:59.097366,2588,PDSCH,0x46,50,4587,6,0,,,,,,,,,,,
50,gnb2,2026-08-19T09:51:59.129041,2589,PDSCH,0x46,50,4587,6,0,,,,,,,,,,,
50,gnb2,2026-08-19T09:51:59.157967,2590,PDSCH,0x46,50,4587,6,0,,,,,,,,,,,
50,gnb2,2026-08-19T09:51:59.181549,2591,PDSCH,0x46,50,4587,6,0,,,,,,,,,,,
50,gnb2,2026-08-19T09:51:59.208536,2592,PDSCH,0x46,50,4587,6,0,,,,,,,,,,,
50,gnb2,2026-08-19T09:51:59.232532,2593,PDSCH,0x46,50,4587,6,0,,,,,,,,,,,
50,gnb2,2026-08-19T09:51:59.257027,2594,PDSCH,0x46,50,4587,6,0,,,,,,,,,,,
50,gnb2,2026-08-19T09:51:59.284810,2595,PDSCH,0x46,50,4587,6,0,,,,,,,,,,,
50,gnb2,2026-08-19T09:51:59.310253,2596,PDSCH,0x46,50,4587,6,0,,,,,,,,,,,
50,gnb2,2026-08-19T09:51:59.334284,2597,PUSCH,0x46,,,,,2,24,1572,4,106.6,222,,,,,
50,gnb2,2026-08-19T09:51:59.334549,2597,PDSCH,0x46,50,4587,6,0,,,,,,,,,,,
50,gnb2,2026-08-19T09:51:59.359076,2598,PDSCH,0x46,50,4587,6,0,,,,,,,,,,,
50,gnb2,2026-08-19T09:51:59.383608,2599,PDSCH,0x46,50,4587,6,0,,,,,,,,,,,
50,gnb2,2026-08-19T09:51:59.410924,2600,PDSCH,0x46,50,4587,6,0,,,,,,,,,,,
50,gnb2,2026-08-19T09:51:59.430106,2601,PUCCH_CQI,0x46,,,,,,,,,,,111.8,15,2a,,
50,gnb2,2026-08-19T09:51:59.430340,2601,PDSCH,0x46,47,4395,6,0,,,,,,,,,,,
50,gnb2,2026-08-19T09:51:59.448255,2602,PDSCH,0x46,50,4587,6,0,,,,,,,,,,,
50,gnb2,2026-08-19T09:51:59.469864,2603,PDSCH,0x46,50,4587,6,0,,,,,,,,,,,
50,gnb2,2026-08-19T09:51:59.490530,2604,PDSCH,0x46,50,4587,6,0,,,,,,,,,,,
50,gnb2,2026-08-19T09:51:59.511404,2605,PUSCH,0x46,,,,,2,24,1572,4,106.6,212,,,,,
50,gnb2,2026-08-19T09:51:59.511469,2605,PHR,,,,,,,,,,,,,,,,
50,gnb2,2026-08-19T09:51:59.511667,2605,PDSCH,0x46,50,4587,6,0,,,,,,,,,,,
50,gnb2,2026-08-19T09:51:59.529128,2606,PUSCH,0x46,,,,,2,3,249,4,117.9,54,,,,,
50,gnb2,2026-08-19T09:51:59.529374,2606,PDSCH,0x46,50,4587,6,0,,,,,,,,,,,
50,gnb2,2026-08-19T09:51:59.550749,2607,PDSCH,0x46,50,4587,6,0,,,,,,,,,,,
50,gnb2,2026-08-19T09:51:59.574117,2608,PDSCH,0x46,50,4587,6,0,,,,,,,,,,,
50,gnb2,2026-08-19T09:51:59.595624,2609,PDSCH,0x46,50,4587,6,0,,,,,,,,,,,
50,gnb2,2026-08-19T09:51:59.617297,2610,PDSCH,0x46,50,4587,6,0,,,,,,,,,,,
50,gnb2,2026-08-19T09:51:59.636879,2611,PDSCH,0x46,50,4587,6,0,,,,,,,,,,,
50,gnb2,2026-08-19T09:51:59.658887,2612,PDSCH,0x46,50,4587,6,0,,,,,,,,,,,
50,gnb2,2026-08-19T09:51:59.692441,2613,PUSCH,0x46,,,,,2,24,1572,4,106.6,210,,,,,
50,gnb2,2026-08-19T09:51:59.692675,2613,PDSCH,0x46,50,4587,6,0,,,,,,,,,,,
50,gnb2,2026-08-19T09:51:59.722096,2614,PDSCH,0x46,50,4587,6,0,,,,,,,,,,,
50,gnb2,2026-08-19T09:51:59.753120,2615,PDSCH,0x46,50,4587,6,0,,,,,,,,,,,
50,gnb2,2026-08-19T09:51:59.825690,2616,PDSCH,0x46,50,4587,6,0,,,,,,,,,,,
50,gnb2,2026-08-19T09:51:59.887709,2617,PDSCH,0x46,50,4587,6,0,,,,,,,,,,,
50,gnb2,2026-08-19T09:51:59.929644,2618,PDSCH,0x46,50,4587,6,0,,,,,,,,,,,
50,gnb2,2026-08-19T09:51:59.968652,2619,PDSCH,0x46,50,4587,6,0,,,,,,,,,,,
50,gnb2,2026-08-19T09:52:00.001053,2620,PDSCH,0x46,50,4587,6,0,,,,,,,,,,,
50,gnb2,2026-08-19T09:52:00.027179,2621,PDSCH,0x46,47,4395,6,0,,,,,,,,,,,
50,gnb2,2026-08-19T09:52:00.053123,2622,PDSCH,0x46,50,4587,6,0,,,,,,,,,,,
50,gnb2,2026-08-19T09:52:00.078120,2623,PDSCH,0x46,50,4587,6,0,,,,,,,,,,,
50,gnb2,2026-08-19T09:52:00.102093,2624,PDSCH,0x46,50,4587,6,0,,,,,,,,,,,
50,gnb2,2026-08-19T09:52:00.125263,2625,PDSCH,0x46,50,4587,6,0,,,,,,,,,,,
50,gnb2,2026-08-19T09:52:00.145463,2626,PDSCH,0x46,50,4587,6,0,,,,,,,,,,,
50,gnb2,2026-08-19T09:52:00.168608,2627,PDSCH,0x46,50,4587,6,0,,,,,,,,,,,
50,gnb2,2026-08-19T09:52:00.194730,2628,PUSCH,0x46,,,,,2,8,517,4,111.4,93,,,,,
50,gnb2,2026-08-19T09:52:00.194966,2628,PDSCH,0x46,50,4587,6,0,,,,,,,,,,,
50,gnb2,2026-08-19T09:52:00.221767,2629,PDSCH,0x46,50,4587,6,0,,,,,,,,,,,
50,gnb2,2026-08-19T09:52:00.250468,2630,PDSCH,0x46,50,4587,6,0,,,,,,,,,,,
50,gnb2,2026-08-19T09:52:00.270809,2631,PDSCH,0x46,50,4587,6,0,,,,,,,,,,,
50,gnb2,2026-08-19T09:52:00.303046,2632,PDSCH,0x46,50,4587,6,0,,,,,,,,,,,
50,gnb2,2026-08-19T09:52:00.330020,2633,PDSCH,0x46,50,4587,6,0,,,,,,,,,,,
50,gnb2,2026-08-19T09:52:00.360650,2634,PDSCH,0x46,50,4587,6,0,,,,,,,,,,,
50,gnb2,2026-08-19T09:52:00.401734,2635,PDSCH,0x46,50,4587,6,0,,,,,,,,,,,
50,gnb2,2026-08-19T09:52:00.462928,2636,PDSCH,0x46,50,4587,6,0,,,,,,,,,,,
50,gnb2,2026-08-19T09:52:00.511928,2637,PUSCH,0x46,,,,,2,2,185,4,117.9,54,,,,,
50,gnb2,2026-08-19T09:52:00.512178,2637,PDSCH,0x46,50,4587,6,0,,,,,,,,,,,
50,gnb2,2026-08-19T09:52:00.553199,2638,PDSCH,0x46,50,4587,6,0,,,,,,,,,,,
50,gnb2,2026-08-19T09:52:00.593807,2639,PDSCH,0x46,50,4587,6,0,,,,,,,,,,,
50,gnb2,2026-08-19T09:52:00.630380,2640,PDSCH,0x46,50,4587,6,0,,,,,,,,,,,
50,gnb2,2026-08-19T09:52:00.667927,2641,PUCCH_CQI,0x46,,,,,,,,,,,111.8,15,2a,,
50,gnb2,2026-08-19T09:52:00.668162,2641,PDSCH,0x46,47,4395,6,0,,,,,,,,,,,
50,gnb2,2026-08-19T09:52:00.719156,2642,PDSCH,0x46,50,4587,6,0,,,,,,,,,,,
50,gnb2,2026-08-19T09:52:00.757421,2643,PDSCH,0x46,50,4587,6,0,,,,,,,,,,,
50,gnb2,2026-08-19T09:52:00.794474,2644,PDSCH,0x46,50,4587,6,0,,,,,,,,,,,
50,gnb2,2026-08-19T09:52:00.830952,2645,PUSCH,0x46,,,,,2,2,185,4,117.7,40,,,,,
50,gnb2,2026-08-19T09:52:00.831195,2645,PDSCH,0x46,50,4587,6,0,,,,,,,,,,,
50,gnb2,2026-08-19T09:52:00.867568,2646,PUSCH,0x46,,,,,2,5,349,4,117.8,138,,,,,
50,gnb2,2026-08-19T09:52:00.867819,2646,PDSCH,0x46,50,4587,6,0,,,,,,,,,,,
50,gnb2,2026-08-19T09:52:00.896142,2647,PDSCH,0x46,50,4587,6,0,,,,,,,,,,,
50,gnb2,2026-08-19T09:52:00.926170,2648,PDSCH,0x46,50,4587,6,0,,,,,,,,,,,
50,gnb2,2026-08-19T09:52:00.955082,2649,PDSCH,0x46,50,4587,6,0,,,,,,,,,,,
50,gnb2,2026-08-19T09:52:00.984702,2650,PDSCH,0x46,50,4587,6,0,,,,,,,,,,,
50,gnb2,2026-08-19T09:52:01.015110,2651,PDSCH,0x46,50,4587,6,0,,,,,,,,,,,
50,gnb2,2026-08-19T09:52:01.053934,2652,PDSCH,0x46,50,4587,6,0,,,,,,,,,,,
50,gnb2,2026-08-19T09:52:01.093297,2653,PUSCH,0x46,,,,,2,2,173,4,117.9,47,,,,,
50,gnb2,2026-08-19T09:52:01.093542,2653,PDSCH,0x46,50,4587,6,0,,,,,,,,,,,
50,gnb2,2026-08-19T09:52:01.124490,2654,PUSCH,0x46,,,,,2,9,621,4,110.0,101,,,,,
50,gnb2,2026-08-19T09:52:01.124746,2654,PDSCH,0x46,50,4587,6,0,,,,,,,,,,,
50,gnb2,2026-08-19T09:52:01.152949,2655,PUSCH,0x46,,,,,2,3,249,4,117.9,53,,,,,
50,gnb2,2026-08-19T09:52:01.153031,2655,PHR,,,,,,,,,,,,,,,,
50,gnb2,2026-08-19T09:52:01.153193,2655,PDSCH,0x46,50,4587,6,0,,,,,,,,,,,
50,gnb2,2026-08-19T09:52:01.181964,2656,PDSCH,0x46,50,4587,6,0,,,,,,,,,,,
50,gnb2,2026-08-19T09:52:01.215887,2657,PDSCH,0x46,50,4587,6,0,,,,,,,,,,,
50,gnb2,2026-08-19T09:52:01.247152,2658,PDSCH,0x46,50,4587,6,0,,,,,,,,,,,
50,gnb2,2026-08-19T09:52:01.277379,2659,PDSCH,0x46,50,4587,6,0,,,,,,,,,,,
50,gnb2,2026-08-19T09:52:01.310274,2660,PDSCH,0x46,50,4587,6,0,,,,,,,,,,,
50,gnb2,2026-08-19T09:52:01.353809,2661,PUSCH,0x46,,,,,10,2,173,4,104.4,94,,,,,
50,gnb2,2026-08-19T09:52:01.354172,2661,PDSCH,0x46,47,4395,6,0,,,,,,,,,,,
50,gnb2,2026-08-19T09:52:01.405303,2662,PUSCH,0x46,,,,,2,14,871,4,107.4,196,,,,,
50,gnb2,2026-08-19T09:52:01.405628,2662,PDSCH,0x46,50,4587,6,0,,,,,,,,,,,
50,gnb2,2026-08-19T09:52:01.470128,2663,PUSCH,0x46,,,,,2,8,517,4,111.4,247,,,,,
50,gnb2,2026-08-19T09:52:01.470426,2663,PDSCH,0x46,50,4587,6,0,,,,,,,,,,,
50,gnb2,2026-08-19T09:52:01.527872,2664,PUSCH,0x46,,,,,2,3,249,4,117.9,68,,,,,
50,gnb2,2026-08-19T09:52:01.528165,2664,PDSCH,0x46,50,4587,6,0,,,,,,,,,,,
50,gnb2,2026-08-19T09:52:01.573025,2665,PDSCH,0x46,50,4587,6,0,,,,,,,,,,,
50,gnb2,2026-08-19T09:52:01.612583,2666,PDSCH,0x46,50,4587,6,0,,,,,,,,,,,
50,gnb2,2026-08-19T09:52:01.652975,2667,PDSCH,0x46,50,4587,6,0,,,,,,,,,,,
50,gnb2,2026-08-19T09:52:01.715084,2668,PDSCH,0x46,50,4587,6,0,,,,,,,,,,,
50,gnb2,2026-08-19T09:52:01.782207,2669,PUSCH,0x46,,,,,2,2,173,4,117.9,66,,,,,
50,gnb2,2026-08-19T09:52:01.782534,2669,PDSCH,0x46,50,4587,6,0,,,,,,,,,,,
50,gnb2,2026-08-19T09:52:01.842944,2670,PUSCH,0x46,,,,,2,19,1239,4,106.5,190,,,,,
50,gnb2,2026-08-19T09:52:01.843244,2670,PDSCH,0x46,50,4587,6,0,,,,,,,,,,,
50,gnb2,2026-08-19T09:52:01.890947,2671,PUSCH,0x46,,,,,10,11,749,4,104.6,157,,,,,
50,gnb2,2026-08-19T09:52:01.891243,2671,PDSCH,0x46,50,4587,6,0,,,,,,,,,,,
50,gnb2,2026-08-19T09:52:01.930384,2672,PUSCH,0x46,,,,,2,7,501,4,114.2,95,,,,,
50,gnb2,2026-08-19T09:52:01.930640,2672,PDSCH,0x46,50,4587,6,0,,,,,,,,,,,
50,gnb2,2026-08-19T09:52:01.966918,2673,PUSCH,0x46,,,,,2,3,249,4,117.9,66,,,,,
50,gnb2,2026-08-19T09:52:01.967171,2673,PDSCH,0x46,50,4587,6,0,,,,,,,,,,,
50,gnb2,2026-08-19T09:52:02.003844,2674,PDSCH,0x46,50,4587,6,0,,,,,,,,,,,
50,gnb2,2026-08-19T09:52:02.032283,2675,PDSCH,0x46,50,4587,6,0,,,,,,,,,,,
50,gnb2,2026-08-19T09:52:02.060969,2676,PDSCH,0x46,50,4587,6,0,,,,,,,,,,,
50,gnb2,2026-08-19T09:52:02.316228,2677,PUSCH,0x46,,,,,2,2,173,4,117.9,36,,,,,
50,gnb2,2026-08-19T09:52:02.316474,2677,PDSCH,0x46,50,4587,6,0,,,,,,,,,,,
50,gnb2,2026-08-19T09:52:02.348576,2678,PUSCH,0x46,,,,,2,23,1527,4,106.4,269,,,,,
50,gnb2,2026-08-19T09:52:02.348857,2678,PDSCH,0x46,50,4587,6,0,,,,,,,,,,,
50,gnb2,2026-08-19T09:52:02.387025,2679,PUSCH,0x46,,,,,2,14,999,4,107.4,189,,,,,
50,gnb2,2026-08-19T09:52:02.387305,2679,PDSCH,0x46,50,4587,6,0,,,,,,,,,,,
50,gnb2,2026-08-19T09:52:02.422042,2680,PDSCH,0x46,50,4587,6,0,,,,,,,,,,,
50,gnb2,2026-08-19T09:52:02.454890,2681,PUCCH_CQI,0x46,,,,,,,,,,,111.8,15,2a,,
50,gnb2,2026-08-19T09:52:02.455137,2681,PDSCH,0x46,47,4395,6,0,,,,,,,,,,,
50,gnb2,2026-08-19T09:52:02.486502,2682,PDSCH,0x46,50,4587,6,0,,,,,,,,,,,
50,gnb2,2026-08-19T09:52:02.517162,2683,PDSCH,0x46,50,4587,6,0,,,,,,,,,,,
50,gnb2,2026-08-19T09:52:02.549258,2684,PDSCH,0x46,50,4587,6,0,,,,,,,,,,,
50,gnb2,2026-08-19T09:52:02.579218,2685,PDSCH,0x46,50,4587,6,0,,,,,,,,,,,
50,gnb2,2026-08-19T09:52:02.666962,2686,PDSCH,0x46,50,4587,6,0,,,,,,,,,,,
50,gnb2,2026-08-19T09:52:02.748723,2687,PDSCH,0x46,50,4587,6,0,,,,,,,,,,,
50,gnb2,2026-08-19T09:52:02.824135,2688,PUSCH,0x46,,,,,2,8,517,4,111.4,101,,,,,
50,gnb2,2026-08-19T09:52:02.824387,2688,PDSCH,0x46,50,4587,6,0,,,,,,,,,,,
50,gnb2,2026-08-19T09:52:02.878897,2689,PDSCH,0x46,50,4587,6,0,,,,,,,,,,,
50,gnb2,2026-08-19T09:52:02.928253,2690,PDSCH,0x46,50,4587,6,0,,,,,,,,,,,
50,gnb2,2026-08-19T09:52:02.970410,2691,PDSCH,0x46,50,4587,6,0,,,,,,,,,,,
50,gnb2,2026-08-19T09:52:03.006808,2692,PDSCH,0x46,50,4587,6,0,,,,,,,,,,,
50,gnb2,2026-08-19T09:52:03.044666,2693,PDSCH,0x46,50,4587,6,0,,,,,,,,,,,
50,gnb2,2026-08-19T09:52:03.082842,2694,PDSCH,0x46,50,4587,6,0,,,,,,,,,,,
50,gnb2,2026-08-19T09:52:03.114898,2695,PDSCH,0x46,50,4587,6,0,,,,,,,,,,,
50,gnb2,2026-08-19T09:52:03.146931,2696,PDSCH,0x46,50,4587,6,0,,,,,,,,,,,
50,gnb2,2026-08-19T09:52:03.197239,2697,PUSCH,0x46,,,,,2,14,871,4,107.4,146,,,,,
50,gnb2,2026-08-19T09:52:03.197497,2697,PDSCH,0x46,50,4587,6,0,,,,,,,,,,,
50,gnb2,2026-08-19T09:52:03.234970,2698,PDSCH,0x46,50,4587,6,0,,,,,,,,,,,
50,gnb2,2026-08-19T09:52:03.273668,2699,PDSCH,0x46,50,4587,6,0,,,,,,,,,,,
50,gnb2,2026-08-19T09:52:03.314189,2700,PDSCH,0x46,50,4587,6,0,,,,,,,,,,,
50,gnb2,2026-08-19T09:52:03.343198,2701,PDSCH,0x46,47,4395,6,0,,,,,,,,,,,
50,gnb2,2026-08-19T09:52:03.371674,2702,PDSCH,0x46,50,4587,6,0,,,,,,,,,,,
50,gnb2,2026-08-19T09:52:03.402976,2703,PDSCH,0x46,50,4587,6,0,,,,,,,,,,,
50,gnb2,2026-08-19T09:52:03.433088,2704,PDSCH,0x46,50,4587,6,0,,,,,,,,,,,
50,gnb2,2026-08-19T09:52:03.462284,2705,PUSCH,0x46,,,,,2,14,871,4,107.4,128,,,,,
50,gnb2,2026-08-19T09:52:03.462307,2705,PHR,,,,,,,,,,,,,,,,
50,gnb2,2026-08-19T09:52:03.462666,2705,PDSCH,0x46,50,4587,6,0,,,,,,,,,,,
50,gnb2,2026-08-19T09:52:03.489944,2706,PUSCH,0x46,,,,,2,19,1239,4,106.5,180,,,,,
50,gnb2,2026-08-19T09:52:03.490267,2706,PDSCH,0x46,50,4587,6,0,,,,,,,,,,,
50,gnb2,2026-08-19T09:52:03.517744,2707,PUSCH,0x46,,,,,2,0,22,4,117.8,60,,,,,
50,gnb2,2026-08-19T09:52:03.518015,2707,PDSCH,0x46,50,3963,6,0,,,,,,,,,,,
50,gnb2,2026-08-19T09:52:03.674319,2713,PUSCH,0x46,,,,,2,14,871,4,107.4,128,,,,,
50,gnb2,2026-08-19T09:52:03.697838,2714,PUSCH,0x46,,,,,2,39,2673,4,108.5,386,,,,,
50,gnb2,2026-08-19T09:52:03.720211,2715,PUSCH,0x46,,,,,2,2,133,4,117.8,77,,,,,
50,gnb2,2026-08-19T09:52:03.743269,2716,PUSCH,0x46,,,,,2,4,269,4,117.9,68,,,,,
50,gnb2,2026-08-19T09:52:03.905668,2721,PUSCH,0x46,,,,,10,14,871,4,104.6,131,,,,,
50,gnb2,2026-08-19T09:52:03.957053,2722,PUSCH,0x46,,,,,2,44,2865,4,109.0,411,,,,,
50,gnb2,2026-08-19T09:52:04.224683,2730,PUSCH,0x46,,,,,2,8,517,4,111.4,84,,,,,
50,gnb2,2026-08-19T09:52:04.224766,2730,PDSCH,0x46,3,7,2,0,,,,,,,,,,,
50,gnb2,2026-08-19T09:52:05.410474,2761,PUCCH_CQI,0x46,,,,,,,,,,,111.8,15,2,,
50,gnb2,2026-08-19T09:52:05.627017,2768,PUSCH,0x46,,,,,2,8,517,4,111.4,92,,,,,
50,gnb2,2026-08-19T09:52:05.627092,2768,PHR,,,,,,,,,,,,,,,,
50,gnb2,2026-08-19T09:52:06.112992,2780,PDSCH,0x46,3,7,2,0,,,,,,,,,,,
50,gnb2,2026-08-19T09:52:06.392374,2788,PUSCH,0x46,,,,,2,8,517,4,111.4,151,,,,,
50,gnb2,2026-08-19T09:52:06.795465,2801,PUCCH_CQI,0x46,,,,,,,,,,,111.8,15,2,,
50,gnb2,2026-08-19T09:52:06.995182,2808,PUSCH,0x46,,,,,2,8,517,4,111.4,83,,,,,
50,gnb2,2026-08-19T09:52:07.672626,2828,PUSCH,0x46,,,,,2,8,517,4,111.4,81,,,,,
50,gnb2,2026-08-19T09:52:07.672696,2828,PHR,,,,,,,,,,,,,,,,
50,gnb2,2026-08-19T09:52:07.744729,2830,PDSCH,0x46,3,7,2,0,,,,,,,,,,,
50,gnb2,2026-08-19T09:52:08.208063,2841,PUCCH_CQI,0x46,,,,,,,,,,,111.8,15,2,,
50,gnb2,2026-08-19T09:52:08.684075,2848,PUSCH,0x46,,,,,2,8,517,4,111.4,90,,,,,
50,gnb2,2026-08-19T09:52:09.518665,2868,PUSCH,0x46,,,,,2,8,517,4,111.4,89,,,,,
50,gnb2,2026-08-19T09:52:09.854172,2880,PDSCH,0x46,3,7,2,0,,,,,,,,,,,
50,gnb2,2026-08-19T09:52:09.885769,2881,PUCCH_CQI,0x46,,,,,,,,,,,111.8,15,2,,
50,gnb2,2026-08-19T09:52:10.153856,2888,PUSCH,0x46,,,,,2,8,517,4,111.4,90,,,,,
50,gnb2,2026-08-19T09:52:10.153887,2888,PHR,,,,,,,,,,,,,,,,
50,gnb2,2026-08-19T09:52:11.522013,2921,PUCCH_CQI,0x46,,,,,,,,,,,111.8,15,2,,
50,gnb2,2026-08-19T09:52:11.972771,2930,PDSCH,0x46,3,7,2,0,,,,,,,,,,,
50,gnb2,2026-08-19T09:52:13.031613,2961,PUCCH_CQI,0x46,,,,,,,,,,,111.8,15,2,,
50,gnb2,2026-08-19T09:52:14.240052,3001,PUCCH_CQI,0x46,,,,,,,,,,,111.8,15,2,,
50,gnb2,2026-08-19T09:52:15.802044,3041,PUCCH_CQI,0x46,,,,,,,,,,,111.8,15,2,,
50,gnb2,2026-08-19T09:52:16.627345,3068,PUSCH,0x46,,,,,2,8,517,4,111.4,198,,,,,
50,gnb2,2026-08-19T09:52:16.627440,3068,PHR,,,,,,,,,,,,,,,,
50,gnb2,2026-08-19T09:52:16.657861,3069,PDSCH,0x46,3,7,2,0,,,,,,,,,,,
51,gnb2,2026-08-19T09:58:06.592129,342,PDSCH,0x2,3,11,2,0,,,,,,,,,,,
51,gnb2,2026-08-19T09:58:06.896780,352,PUSCH,0x46,,,,,2,2,7,2,117.9,92,,,,,
51,gnb2,2026-08-19T09:58:06.954854,354,PDSCH,0x46,3,32,2,0,,,,,,,,,,,
51,gnb2,2026-08-19T09:58:07.192437,361,PUCCH_CQI,0x46,,,,,,,,,,,-inf,0,2,,
51,gnb2,2026-08-19T09:58:08.371690,388,PUSCH,0x46,,,,,2,44,157,2,109.0,308,,,,,
51,gnb2,2026-08-19T09:58:08.371734,388,PHR,,,,,,,,,,,,,,,,
51,gnb2,2026-08-19T09:58:08.403220,389,PDSCH,0x46,3,7,2,0,,,,,,,,,,,
51,gnb2,2026-08-19T09:58:08.435532,390,PDSCH,0x46,6,51,2,0,,,,,,,,,,,
51,gnb2,2026-08-19T09:58:08.870327,401,PUCCH_CQI,0x46,,,,,,,,,,,111.8,15,2,,
51,gnb2,2026-08-19T09:58:09.063332,408,PUSCH,0x46,,,,,2,8,517,4,111.4,142,,,,,
51,gnb2,2026-08-19T09:58:09.091741,409,PDSCH,0x46,3,7,2,0,,,,,,,,,,,
51,gnb2,2026-08-19T09:58:09.113992,410,PDSCH,0x46,3,41,2,0,,,,,,,,,,,
51,gnb2,2026-08-19T09:58:09.862236,428,PUSCH,0x46,,,,,2,8,517,4,111.4,158,,,,,
51,gnb2,2026-08-19T09:58:09.894738,429,PDSCH,0x46,3,7,2,0,,,,,,,,,,,
51,gnb2,2026-08-19T09:58:09.928597,430,PDSCH,0x46,3,26,2,0,,,,,,,,,,,
51,gnb2,2026-08-19T09:58:10.335798,441,PUCCH_CQI,0x46,,,,,,,,,,,111.8,15,2,,
51,gnb2,2026-08-19T09:58:10.591170,448,PUSCH,0x46,,,,,2,8,517,4,111.4,87,,,,,
51,gnb2,2026-08-19T09:58:10.591237,448,PHR,,,,,,,,,,,,,,,,
51,gnb2,2026-08-19T09:58:10.621691,449,PDSCH,0x46,3,7,2,0,,,,,,,,,,,
51,gnb2,2026-08-19T09:58:10.654677,450,PDSCH,0x46,3,18,2,0,,,,,,,,,,,
51,gnb2,2026-08-19T09:58:11.387939,468,PUSCH,0x46,,,,,2,8,517,4,111.4,134,,,,,
51,gnb2,2026-08-19T09:58:11.436743,469,PDSCH,0x46,3,22,2,0,,,,,,,,,,,
51,gnb2,2026-08-19T09:58:11.966739,481,PUCCH_CQI,0x46,,,,,,,,,,,111.8,15,2,,
51,gnb2,2026-08-19T09:58:12.280041,488,PUSCH,0x46,,,,,2,8,517,4,111.4,89,,,,,
51,gnb2,2026-08-19T09:58:12.355539,489,PDSCH,0x46,3,7,2,0,,,,,,,,,,,
51,gnb2,2026-08-19T09:58:12.419356,490,PDSCH,0x46,3,113,4,0,,,,,,,,,,,
51,gnb2,2026-08-19T09:58:13.077005,508,PUSCH,0x46,,,,,2,8,517,4,111.4,104,,,,,
51,gnb2,2026-08-19T09:58:13.077031,508,PHR,,,,,,,,,,,,,,,,
51,gnb2,2026-08-19T09:58:13.151526,509,PDSCH,0x46,3,18,2,0,,,,,,,,,,,
51,gnb2,2026-08-19T09:58:13.365516,512,PDSCH,0x46,3,73,4,0,,,,,,,,,,,
51,gnb2,2026-08-19T09:58:13.761099,521,PUCCH_CQI,0x46,,,,,,,,,,,111.8,15,2,,
51,gnb2,2026-08-19T09:58:14.976046,548,PUSCH,0x46,,,,,2,8,517,4,111.4,117,,,,,
51,gnb2,2026-08-19T09:58:15.481533,561,PUCCH_CQI,0x46,,,,,,,,,,,111.8,15,2,,
51,gnb2,2026-08-19T09:58:17.001669,601,PUCCH_CQI,0x46,,,,,,,,,,,111.8,15,2,,
51,gnb2,2026-08-19T09:58:18.937634,641,PUCCH_CQI,0x46,,,,,,,,,,,111.8,15,2,,
51,gnb2,2026-08-19T09:58:20.818937,681,PUCCH_CQI,0x46,,,,,,,,,,,111.8,15,2,,
51,gnb2,2026-08-19T09:58:22.478624,721,PUCCH_CQI,0x46,,,,,,,,,,,111.8,15,2,,
51,gnb2,2026-08-19T09:58:24.558849,761,PUCCH_CQI,0x46,,,,,,,,,,,111.8,15,2,,
51,gnb2,2026-08-19T09:58:26.583494,801,PUCCH_CQI,0x46,,,,,,,,,,,111.8,15,2,,
51,gnb2,2026-08-19T09:58:28.524831,841,PUCCH_CQI,0x46,,,,,,,,,,,111.8,15,2,,
51,gnb2,2026-08-19T09:58:30.746416,881,PUCCH_CQI,0x46,,,,,,,,,,,111.8,15,2,,
51,gnb2,2026-08-19T09:58:32.644911,921,PUCCH_CQI,0x46,,,,,,,,,,,111.8,15,2,,
51,gnb2,2026-08-19T09:58:33.873135,961,PUCCH_CQI,0x46,,,,,,,,,,,111.8,15,2,,
51,gnb2,2026-08-19T09:58:35.415901,1001,PUCCH_CQI,0x46,,,,,,,,,,,111.8,15,2,,
51,gnb2,2026-08-19T09:58:36.716265,1041,PUCCH_CQI,0x46,,,,,,,,,,,111.8,15,2,,
51,gnb2,2026-08-19T09:58:38.422990,1081,PUCCH_CQI,0x46,,,,,,,,,,,111.8,15,2,,
51,gnb2,2026-08-19T09:58:40.056439,1121,PUCCH_CQI,0x46,,,,,,,,,,,111.8,15,2,,
51,gnb2,2026-08-19T09:58:41.716164,1161,PUCCH_CQI,0x46,,,,,,,,,,,111.8,15,2,,
51,gnb2,2026-08-19T09:58:43.018521,1201,PUCCH_CQI,0x46,,,,,,,,,,,111.8,15,2,,
51,gnb2,2026-08-19T09:58:44.605619,1241,PUCCH_CQI,0x46,,,,,,,,,,,111.8,15,2,,
51,gnb2,2026-08-19T09:58:46.243265,1281,PUCCH_CQI,0x46,,,,,,,,,,,111.8,15,2,,
51,gnb2,2026-08-19T09:58:48.170849,1321,PUCCH_CQI,0x46,,,,,,,,,,,111.8,15,2,,
51,gnb2,2026-08-19T09:58:50.015329,1361,PUCCH_CQI,0x46,,,,,,,,,,,111.8,15,2,,
51,gnb2,2026-08-19T09:58:51.387283,1401,PUCCH_CQI,0x46,,,,,,,,,,,111.8,15,2,,
51,gnb2,2026-08-19T09:58:53.110832,1441,PUCCH_CQI,0x46,,,,,,,,,,,111.8,15,2,,
51,gnb2,2026-08-19T09:58:54.687339,1481,PUCCH_CQI,0x46,,,,,,,,,,,111.8,15,2,,
51,gnb2,2026-08-19T09:58:55.941849,1521,PUCCH_CQI,0x46,,,,,,,,,,,111.8,15,2,,
51,gnb2,2026-08-19T09:58:57.722516,1548,PUSCH,0x46,,,,,2,8,517,4,111.4,148,,,,,
51,gnb2,2026-08-19T09:58:57.722628,1548,PHR,,,,,,,,,,,,,,,,
51,gnb2,2026-08-19T09:58:57.841584,1549,PDSCH,0x46,3,145,6,0,,,,,,,,,,,
51,gnb2,2026-08-19T09:58:58.380502,1561,PUCCH_CQI,0x46,,,,,,,,,,,111.8,15,2,,
51,gnb2,2026-08-19T09:58:58.616771,1568,PUSCH,0x46,,,,,2,8,517,4,111.4,169,,,,,
51,gnb2,2026-08-19T09:58:58.649051,1569,PDSCH,0x46,3,121,6,0,,,,,,,,,,,
51,gnb2,2026-08-19T09:58:59.884165,1588,PUSCH,0x46,,,,,2,8,517,4,111.4,188,,,,,
51,gnb2,2026-08-19T09:58:59.931094,1589,PDSCH,0x46,3,63,4,0,,,,,,,,,,,
51,gnb2,2026-08-19T09:59:00.685059,1599,PDSCH,0x46,3,7,2,0,,,,,,,,,,,
51,gnb2,2026-08-19T09:59:00.752474,1601,PUCCH_CQI,0x46,,,,,,,,,,,111.8,15,2,,
51,gnb2,2026-08-19T09:59:00.962936,1608,PUSCH,0x46,,,,,2,8,517,4,111.4,189,,,,,
51,gnb2,2026-08-19T09:59:00.962995,1608,PHR,,,,,,,,,,,,,,,,
51,gnb2,2026-08-19T09:59:01.228229,1609,PDSCH,0x46,3,121,6,0,,,,,,,,,,,
51,gnb2,2026-08-19T09:59:01.831157,1628,PUSCH,0x46,,,,,2,8,517,4,111.4,164,,,,,
51,gnb2,2026-08-19T09:59:01.852568,1629,PDSCH,0x46,3,73,4,0,,,,,,,,,,,
51,gnb2,2026-08-19T09:59:02.100971,1641,PUCCH_CQI,0x46,,,,,,,,,,,111.8,15,2,,
51,gnb2,2026-08-19T09:59:02.330478,1648,PUSCH,0x46,,,,,2,8,517,4,111.4,181,,,,,
51,gnb2,2026-08-19T09:59:02.363224,1649,PDSCH,0x46,50,4587,6,0,,,,,,,,,,,
51,gnb2,2026-08-19T09:59:02.389848,1650,PDSCH,0x46,50,4587,6,0,,,,,,,,,,,
51,gnb2,2026-08-19T09:59:02.416269,1651,PDSCH,0x46,50,4587,6,0,,,,,,,,,,,
51,gnb2,2026-08-19T09:59:02.440204,1652,PDSCH,0x46,6,437,6,0,,,,,,,,,,,
51,gnb2,2026-08-19T09:59:02.938077,1668,PUSCH,0x46,,,,,2,8,517,4,111.4,85,,,,,
51,gnb2,2026-08-19T09:59:02.938169,1668,PHR,,,,,,,,,,,,,,,,
51,gnb2,2026-08-19T09:59:02.972114,1669,PDSCH,0x46,50,4587,6,0,,,,,,,,,,,
51,gnb2,2026-08-19T09:59:03.021173,1670,PDSCH,0x46,50,4587,6,0,,,,,,,,,,,
51,gnb2,2026-08-19T09:59:03.058285,1671,PDSCH,0x46,50,4587,6,0,,,,,,,,,,,
51,gnb2,2026-08-19T09:59:03.092590,1672,PDSCH,0x46,50,4587,6,0,,,,,,,,,,,
51,gnb2,2026-08-19T09:59:03.128566,1673,PDSCH,0x46,50,4587,6,0,,,,,,,,,,,
51,gnb2,2026-08-19T09:59:03.302892,1677,PUSCH,0x46,,,,,2,1,113,4,118.0,107,,,,,
51,gnb2,2026-08-19T09:59:03.343030,1678,PDSCH,0x46,50,4587,6,0,,,,,,,,,,,
51,gnb2,2026-08-19T09:59:03.377835,1679,PDSCH,0x46,15,1063,6,0,,,,,,,,,,,
51,gnb2,2026-08-19T09:59:03.444542,1681,PUCCH_CQI,0x46,,,,,,,,,,,111.8,15,2a,,
51,gnb2,2026-08-19T09:59:03.559096,1685,PUSCH,0x46,,,,,2,1,113,4,118.0,54,,,,,
51,gnb2,2026-08-19T09:59:03.663988,1688,PUSCH,0x46,,,,,2,7,437,4,114.2,192,,,,,
51,gnb2,2026-08-19T09:59:03.696036,1689,PDSCH,0x46,50,4587,6,0,,,,,,,,,,,
51,gnb2,2026-08-19T09:59:03.726220,1690,PDSCH,0x46,50,4587,6,0,,,,,,,,,,,
51,gnb2,2026-08-19T09:59:03.759153,1691,PDSCH,0x46,50,4587,6,0,,,,,,,,,,,
51,gnb2,2026-08-19T09:59:03.809606,1692,PDSCH,0x46,24,1836,6,0,,,,,,,,,,,
51,gnb2,2026-08-19T09:59:03.890611,1694,PUSCH,0x46,,,,,2,4,293,4,117.9,157,,,,,
51,gnb2,2026-08-19T09:59:03.933157,1695,PDSCH,0x46,50,4587,6,0,,,,,,,,,,,
51,gnb2,2026-08-19T09:59:03.981084,1696,PUSCH,0x46,,,,,2,7,437,4,114.2,148,,,,,
51,gnb2,2026-08-19T09:59:03.981589,1696,PDSCH,0x46,50,4587,6,0,,,,,,,,,,,
51,gnb2,2026-08-19T09:59:04.021784,1697,PUSCH,0x46,,,,,2,3,249,4,118.0,98,,,,,
51,gnb2,2026-08-19T09:59:04.022032,1697,PDSCH,0x46,50,4587,6,0,,,,,,,,,,,
51,gnb2,2026-08-19T09:59:04.060695,1698,PDSCH,0x46,50,4587,6,0,,,,,,,,,,,
51,gnb2,2026-08-19T09:59:04.091473,1699,PDSCH,0x46,50,4587,6,0,,,,,,,,,,,
51,gnb2,2026-08-19T09:59:04.119851,1700,PDSCH,0x46,48,3822,6,0,,,,,,,,,,,
51,gnb2,2026-08-19T09:59:04.179000,1702,PUSCH,0x46,,,,,2,4,293,4,117.9,51,,,,,
51,gnb2,2026-08-19T09:59:04.212822,1703,PUSCH,0x46,,,,,2,3,249,4,117.9,47,,,,,
51,gnb2,2026-08-19T09:59:04.213074,1703,PDSCH,0x46,50,4587,6,0,,,,,,,,,,,
51,gnb2,2026-08-19T09:59:04.245585,1704,PUSCH,0x46,,,,,2,7,437,4,114.3,123,,,,,
51,gnb2,2026-08-19T09:59:04.245863,1704,PDSCH,0x46,50,4587,6,0,,,,,,,,,,,
51,gnb2,2026-08-19T09:59:04.346328,1705,PDSCH,0x46,50,4587,6,0,,,,,,,,,,,
51,gnb2,2026-08-19T09:59:04.378612,1706,PDSCH,0x46,50,4587,6,0,,,,,,,,,,,
51,gnb2,2026-08-19T09:59:04.412621,1707,PDSCH,0x46,36,2769,6,0,,,,,,,,,,,
51,gnb2,2026-08-19T09:59:04.678350,1712,PUSCH,0x46,,,,,2,8,573,4,111.4,123,,,,,
51,gnb2,2026-08-19T09:59:04.726133,1713,PDSCH,0x46,50,4587,6,0,,,,,,,,,,,
51,gnb2,2026-08-19T09:59:04.770295,1714,PDSCH,0x46,50,4587,6,0,,,,,,,,,,,
51,gnb2,2026-08-19T09:59:04.812867,1715,PDSCH,0x46,50,4587,6,0,,,,,,,,,,,
51,gnb2,2026-08-19T09:59:04.895164,1716,PDSCH,0x46,9,325,4,0,,,,,,,,,,,
51,gnb2,2026-08-19T09:59:05.117033,1721,PHR,,,,,,,,,,,,,,,,
51,gnb2,2026-08-19T09:59:05.117035,1721,PUSCH,0x46,,,,,10,8,573,4,104.5,182,,,,,
51,gnb2,2026-08-19T09:59:05.153930,1722,PDSCH,0x46,50,4587,6,0,,,,,,,,,,,
51,gnb2,2026-08-19T09:59:05.183460,1723,PDSCH,0x46,50,4587,6,0,,,,,,,,,,,
51,gnb2,2026-08-19T09:59:05.215950,1724,PDSCH,0x46,50,4587,6,0,,,,,,,,,,,
51,gnb2,2026-08-19T09:59:05.271769,1725,PDSCH,0x46,24,1836,6,0,,,,,,,,,,,
51,gnb2,2026-08-19T09:59:05.444586,1729,PUSCH,0x46,,,,,2,8,573,4,111.4,154,,,,,
51,gnb2,2026-08-19T09:59:05.477316,1730,PUSCH,0x46,,,,,2,3,217,4,118.0,126,,,,,
51,gnb2,2026-08-19T09:59:05.477605,1730,PDSCH,0x46,50,4587,6,0,,,,,,,,,,,
51,gnb2,2026-08-19T09:59:05.513793,1731,PDSCH,0x46,50,4587,6,0,,,,,,,,,,,
51,gnb2,2026-08-19T09:59:05.548336,1732,PDSCH,0x46,50,4587,6,0,,,,,,,,,,,
51,gnb2,2026-08-19T09:59:05.581065,1733,PDSCH,0x46,50,4587,6,0,,,,,,,,,,,
51,gnb2,2026-08-19T09:59:05.613202,1734,PDSCH,0x46,36,2769,6,0,,,,,,,,,,,
51,gnb2,2026-08-19T09:59:05.752835,1737,PUSCH,0x46,,,,,2,8,573,4,111.4,93,,,,,
51,gnb2,2026-08-19T09:59:05.789292,1738,PUSCH,0x46,,,,,2,7,469,4,114.2,103,,,,,
51,gnb2,2026-08-19T09:59:05.827614,1739,PUSCH,0x46,,,,,2,4,249,4,118.0,72,,,,,
51,gnb2,2026-08-19T09:59:05.827873,1739,PDSCH,0x46,50,4587,6,0,,,,,,,,,,,
51,gnb2,2026-08-19T09:59:05.860663,1740,PDSCH,0x46,50,4587,6,0,,,,,,,,,,,
51,gnb2,2026-08-19T09:59:05.898366,1741,PDSCH,0x46,47,4395,6,0,,,,,,,,,,,
51,gnb2,2026-08-19T09:59:05.924310,1742,PDSCH,0x46,50,4587,6,0,,,,,,,,,,,
51,gnb2,2026-08-19T09:59:05.951072,1743,PDSCH,0x46,50,4587,6,0,,,,,,,,,,,
51,gnb2,2026-08-19T09:59:05.979630,1744,PDSCH,0x46,50,3963,6,0,,,,,,,,,,,
51,gnb2,2026-08-19T09:59:06.007430,1745,PUSCH,0x46,,,,,2,8,573,4,111.4,162,,,,,
51,gnb2,2026-08-19T09:59:06.041214,1746,PDSCH,0x46,50,4587,6,0,,,,,,,,,,,
51,gnb2,2026-08-19T09:59:06.069027,1747,PUSCH,0x46,,,,,2,7,437,4,114.3,178,,,,,
51,gnb2,2026-08-19T09:59:06.069486,1747,PDSCH,0x46,50,4587,6,0,,,,,,,,,,,
51,gnb2,2026-08-19T09:59:06.098708,1748,PUSCH,0x46,,,,,2,3,217,4,117.9,97,,,,,
51,gnb2,2026-08-19T09:59:06.099181,1748,PDSCH,0x46,50,4587,6,0,,,,,,,,,,,
51,gnb2,2026-08-19T09:59:06.132099,1749,PDSCH,0x46,50,4587,6,0,,,,,,,,,,,
51,gnb2,2026-08-19T09:59:06.155461,1750,PDSCH,0x46,50,4587,6,0,,,,,,,,,,,
51,gnb2,2026-08-19T09:59:06.188708,1751,PDSCH,0x46,50,4587,6,0,,,,,,,,,,,
51,gnb2,2026-08-19T09:59:06.237931,1752,PDSCH,0x46,9,597,6,0,,,,,,,,,,,
51,gnb2,2026-08-19T09:59:06.275761,1753,PUSCH,0x46,,,,,2,8,573,4,111.4,91,,,,,
51,gnb2,2026-08-19T09:59:06.319905,1754,PDSCH,0x46,50,4587,6,0,,,,,,,,,,,
51,gnb2,2026-08-19T09:59:06.365650,1755,PDSCH,0x46,50,4587,6,0,,,,,,,,,,,
51,gnb2,2026-08-19T09:59:06.462735,1756,PDSCH,0x46,50,4587,6,0,,,,,,,,,,,
51,gnb2,2026-08-19T09:59:06.548085,1757,PDSCH,0x46,50,4587,6,0,,,,,,,,,,,
51,gnb2,2026-08-19T09:59:06.634988,1758,PDSCH,0x46,50,4587,6,0,,,,,,,,,,,
51,gnb2,2026-08-19T09:59:06.793947,1761,PUCCH_CQI,0x46,,,,,,,,,,,111.8,15,2,,
51,gnb2,2026-08-19T09:59:07.052274,1768,PUSCH,0x46,,,,,2,8,517,4,111.4,166,,,,,
51,gnb2,2026-08-19T09:59:07.093743,1769,PDSCH,0x46,50,4587,6,0,,,,,,,,,,,
51,gnb2,2026-08-19T09:59:07.131276,1770,PDSCH,0x46,50,4587,6,0,,,,,,,,,,,
51,gnb2,2026-08-19T09:59:07.162903,1771,PDSCH,0x46,50,4587,6,0,,,,,,,,,,,
51,gnb2,2026-08-19T09:59:07.217663,1772,PDSCH,0x46,50,4587,6,0,,,,,,,,,,,
51,gnb2,2026-08-19T09:59:07.261015,1773,PDSCH,0x46,50,4587,6,0,,,,,,,,,,,
51,gnb2,2026-08-19T09:59:07.302271,1774,PDSCH,0x46,50,4587,6,0,,,,,,,,,,,
51,gnb2,2026-08-19T09:59:07.340619,1775,PDSCH,0x46,47,4395,6,0,,,,,,,,,,,
51,gnb2,2026-08-19T09:59:07.381086,1776,PDSCH,0x46,9,453,6,0,,,,,,,,,,,
51,gnb2,2026-08-19T09:59:07.414297,1777,PUSCH,0x46,,,,,2,9,621,4,110.0,252,,,,,
51,gnb2,2026-08-19T09:59:07.414383,1777,PHR,,,,,,,,,,,,,,,,
51,gnb2,2026-08-19T09:59:07.445909,1778,PDSCH,0x46,50,4587,6,0,,,,,,,,,,,
51,gnb2,2026-08-19T09:59:07.478856,1779,PDSCH,0x46,50,4587,6,0,,,,,,,,,,,
51,gnb2,2026-08-19T09:59:07.511478,1780,PDSCH,0x46,50,4587,6,0,,,,,,,,,,,
51,gnb2,2026-08-19T09:59:07.544747,1781,PDSCH,0x46,47,4395,6,0,,,,,,,,,,,
51,gnb2,2026-08-19T09:59:07.590099,1782,PDSCH,0x46,50,4587,6,0,,,,,,,,,,,
51,gnb2,2026-08-19T09:59:07.643947,1783,PDSCH,0x46,50,4587,6,0,,,,,,,,,,,
51,gnb2,2026-08-19T09:59:07.686341,1784,PDSCH,0x46,50,4587,6,0,,,,,,,,,,,
51,gnb2,2026-08-19T09:59:07.736442,1785,PUSCH,0x46,,,,,2,9,621,4,110.0,130,,,,,
51,gnb2,2026-08-19T09:59:07.736715,1785,PDSCH,0x46,42,3302,6,0,,,,,,,,,,,
51,gnb2,2026-08-19T09:59:07.786370,1786,PDSCH,0x46,50,4587,6,0,,,,,,,,,,,
51,gnb2,2026-08-19T09:59:07.837537,1787,PDSCH,0x46,50,4587,6,0,,,,,,,,,,,
51,gnb2,2026-08-19T09:59:07.880285,1788,PDSCH,0x46,50,4587,6,0,,,,,,,,,,,
51,gnb2,2026-08-19T09:59:07.920152,1789,PDSCH,0x46,50,4587,6,0,,,,,,,,,,,
51,gnb2,2026-08-19T09:59:07.955537,1790,PDSCH,0x46,50,4587,6,0,,,,,,,,,,,
51,gnb2,2026-08-19T09:59:07.989465,1791,PDSCH,0x46,50,4587,6,0,,,,,,,,,,,
51,gnb2,2026-08-19T09:59:08.022062,1792,PDSCH,0x46,50,4587,6,0,,,,,,,,,,,
51,gnb2,2026-08-19T09:59:08.055031,1793,PUSCH,0x46,,,,,2,8,517,4,111.4,139,,,,,
51,gnb2,2026-08-19T09:59:08.055325,1793,PDSCH,0x46,50,4587,6,0,,,,,,,,,,,
51,gnb2,2026-08-19T09:59:08.278778,1799,PDSCH,0x46,3,7,2,0,,,,,,,,,,,
51,gnb2,2026-08-19T09:59:08.339852,1801,PUSCH,0x46,,,,,2,0,51,4,117.8,61,,,,,
51,gnb2,2026-08-19T09:59:08.374336,1802,PUSCH,0x46,,,,,2,14,807,4,107.4,419,,,,,
51,gnb2,2026-08-19T09:59:08.405552,1803,PDSCH,0x46,50,4587,6,0,,,,,,,,,,,
51,gnb2,2026-08-19T09:59:08.439550,1804,PDSCH,0x46,50,4587,6,0,,,,,,,,,,,
51,gnb2,2026-08-19T09:59:08.472782,1805,PDSCH,0x46,50,4587,6,0,,,,,,,,,,,
51,gnb2,2026-08-19T09:59:08.520538,1806,PDSCH,0x46,50,4587,6,0,,,,,,,,,,,
51,gnb2,2026-08-19T09:59:08.553726,1807,PDSCH,0x46,50,4587,6,0,,,,,,,,,,,
51,gnb2,2026-08-19T09:59:08.586121,1808,PDSCH,0x46,50,4587,6,0,,,,,,,,,,,
51,gnb2,2026-08-19T09:59:08.617645,1809,PUSCH,0x46,,,,,2,0,26,4,117.7,104,,,,,
51,gnb2,2026-08-19T09:59:08.617959,1809,PDSCH,0x46,50,4587,6,0,,,,,,,,,,,
51,gnb2,2026-08-19T09:59:08.648138,1810,PUSCH,0x46,,,,,2,31,2124,4,107.6,394,,,,,
51,gnb2,2026-08-19T09:59:08.648441,1810,PDSCH,0x46,50,4587,6,0,,,,,,,,,,,
51,gnb2,2026-08-19T09:59:08.681213,1811,PUSCH,0x46,,,,,10,3,249,4,104.5,113,,,,,
51,gnb2,2026-08-19T09:59:08.681449,1811,PDSCH,0x46,50,4587,6,0,,,,,,,,,,,
51,gnb2,2026-08-19T09:59:08.711784,1812,PDSCH,0x46,50,4587,6,0,,,,,,,,,,,
51,gnb2,2026-08-19T09:59:08.747234,1813,PDSCH,0x46,50,4587,6,0,,,,,,,,,,,
51,gnb2,2026-08-19T09:59:08.791925,1814,PDSCH,0x46,50,4587,6,0,,,,,,,,,,,
51,gnb2,2026-08-19T09:59:08.825204,1815,PDSCH,0x46,50,4587,6,0,,,,,,,,,,,
51,gnb2,2026-08-19T09:59:08.881649,1816,PDSCH,0x46,50,4587,6,0,,,,,,,,,,,
51,gnb2,2026-08-19T09:59:08.926741,1817,PUSCH,0x46,,,,,2,0,15,2,117.8,36,,,,,
51,gnb2,2026-08-19T09:59:08.926977,1817,PDSCH,0x46,50,4587,6,0,,,,,,,,,,,
51,gnb2,2026-08-19T09:59:08.964138,1818,PUSCH,0x46,,,,,2,39,2481,4,108.6,405,,,,,
51,gnb2,2026-08-19T09:59:08.964389,1818,PDSCH,0x46,50,4587,6,0,,,,,,,,,,,
51,gnb2,2026-08-19T09:59:09.000413,1819,PDSCH,0x46,50,4587,6,0,,,,,,,,,,,
51,gnb2,2026-08-19T09:59:09.037494,1820,PDSCH,0x46,50,4587,6,0,,,,,,,,,,,
51,gnb2,2026-08-19T09:59:09.065676,1821,PDSCH,0x46,47,4395,6,0,,,,,,,,,,,
51,gnb2,2026-08-19T09:59:09.096419,1822,PDSCH,0x46,50,4587,6,0,,,,,,,,,,,
51,gnb2,2026-08-19T09:59:09.128147,1823,PDSCH,0x46,50,4587,6,0,,,,,,,,,,,
51,gnb2,2026-08-19T09:59:09.159931,1824,PDSCH,0x46,50,4587,6,0,,,,,,,,,,,
51,gnb2,2026-08-19T09:59:09.191745,1825,PDSCH,0x46,50,4587,6,0,,,,,,,,,,,
51,gnb2,2026-08-19T09:59:09.222406,1826,PUSCH,0x46,,,,,2,8,573,4,111.4,115,,,,,
51,gnb2,2026-08-19T09:59:09.222664,1826,PDSCH,0x46,50,4587,6,0,,,,,,,,,,,
51,gnb2,2026-08-19T09:59:09.253618,1827,PDSCH,0x46,50,4587,6,0,,,,,,,,,,,
51,gnb2,2026-08-19T09:59:09.284301,1828,PDSCH,0x46,50,4587,6,0,,,,,,,,,,,
51,gnb2,2026-08-19T09:59:09.307540,1829,PDSCH,0x46,50,4587,6,0,,,,,,,,,,,
51,gnb2,2026-08-19T09:59:09.327131,1830,PDSCH,0x46,50,4587,6,0,,,,,,,,,,,
51,gnb2,2026-08-19T09:59:09.349974,1831,PDSCH,0x46,50,4587,6,0,,,,,,,,,,,
51,gnb2,2026-08-19T09:59:09.407311,1832,PDSCH,0x46,50,4587,6,0,,,,,,,,,,,
51,gnb2,2026-08-19T09:59:09.439062,1833,PDSCH,0x46,50,4587,6,0,,,,,,,,,,,
51,gnb2,2026-08-19T09:59:09.467454,1834,PUSCH,0x46,,,,,2,8,517,4,111.4,165,,,,,
51,gnb2,2026-08-19T09:59:09.467463,1834,PHR,,,,,,,,,,,,,,,,
51,gnb2,2026-08-19T09:59:09.467706,1834,PDSCH,0x46,50,4587,6,0,,,,,,,,,,,
51,gnb2,2026-08-19T09:59:09.501210,1835,PDSCH,0x46,50,4587,6,0,,,,,,,,,,,
51,gnb2,2026-08-19T09:59:09.530833,1836,PDSCH,0x46,50,4587,6,0,,,,,,,,,,,
51,gnb2,2026-08-19T09:59:09.559141,1837,PDSCH,0x46,50,4587,6,0,,,,,,,,,,,
51,gnb2,2026-08-19T09:59:09.584370,1838,PDSCH,0x46,50,4587,6,0,,,,,,,,,,,
51,gnb2,2026-08-19T09:59:09.612134,1839,PDSCH,0x46,50,4587,6,0,,,,,,,,,,,
51,gnb2,2026-08-19T09:59:09.630638,1840,PDSCH,0x46,50,4587,6,0,,,,,,,,,,,
51,gnb2,2026-08-19T09:59:09.651192,1841,PUCCH_CQI,0x46,,,,,,,,,,,111.8,15,2a,,
51,gnb2,2026-08-19T09:59:09.651525,1841,PDSCH,0x46,47,4395,6,0,,,,,,,,,,,
51,gnb2,2026-08-19T09:59:09.672000,1842,PUSCH,0x46,,,,,2,3,249,4,117.9,158,,,,,
51,gnb2,2026-08-19T09:59:09.672292,1842,PDSCH,0x46,50,4587,6,0,,,,,,,,,,,
51,gnb2,2026-08-19T09:59:09.691317,1843,PUSCH,0x46,,,,,2,4,249,4,118.0,71,,,,,
51,gnb2,2026-08-19T09:59:09.691588,1843,PDSCH,0x46,50,4587,6,0,,,,,,,,,,,
51,gnb2,2026-08-19T09:59:09.714127,1844,PDSCH,0x46,50,4587,6,0,,,,,,,,,,,
51,gnb2,2026-08-19T09:59:09.761561,1845,PDSCH,0x46,50,4587,6,0,,,,,,,,,,,
51,gnb2,2026-08-19T09:59:09.793483,1846,PDSCH,0x46,50,4587,6,0,,,,,,,,,,,
51,gnb2,2026-08-19T09:59:09.827196,1847,PDSCH,0x46,50,4587,6,0,,,,,,,,,,,
51,gnb2,2026-08-19T09:59:09.862110,1848,PDSCH,0x46,50,4587,6,0,,,,,,,,,,,
51,gnb2,2026-08-19T09:59:09.891334,1849,PDSCH,0x46,50,4587,6,0,,,,,,,,,,,
51,gnb2,2026-08-19T09:59:09.920568,1850,PUSCH,0x46,,,,,2,4,249,4,117.9,132,,,,,
51,gnb2,2026-08-19T09:59:09.921062,1850,PDSCH,0x46,50,4587,6,0,,,,,,,,,,,
51,gnb2,2026-08-19T09:59:09.949394,1851,PUSCH,0x46,,,,,10,8,517,4,104.5,177,,,,,
51,gnb2,2026-08-19T09:59:09.949923,1851,PDSCH,0x46,50,4587,6,0,,,,,,,,,,,
51,gnb2,2026-08-19T09:59:09.968323,1852,PUSCH,0x46,,,,,2,3,249,4,117.9,85,,,,,
51,gnb2,2026-08-19T09:59:09.968807,1852,PDSCH,0x46,50,4587,6,0,,,,,,,,,,,
51,gnb2,2026-08-19T09:59:09.989033,1853,PDSCH,0x46,50,4587,6,0,,,,,,,,,,,
51,gnb2,2026-08-19T09:59:10.011195,1854,PDSCH,0x46,50,4587,6,0,,,,,,,,,,,
51,gnb2,2026-08-19T09:59:10.041544,1855,PDSCH,0x46,50,4587,6,0,,,,,,,,,,,
51,gnb2,2026-08-19T09:59:10.077059,1856,PDSCH,0x46,50,4587,6,0,,,,,,,,,,,
51,gnb2,2026-08-19T09:59:10.109284,1857,PDSCH,0x46,50,4587,6,0,,,,,,,,,,,
51,gnb2,2026-08-19T09:59:10.142681,1858,PUSCH,0x46,,,,,2,3,249,4,117.9,47,,,,,
51,gnb2,2026-08-19T09:59:10.142924,1858,PDSCH,0x46,50,4587,6,0,,,,,,,,,,,
51,gnb2,2026-08-19T09:59:10.181179,1859,PUSCH,0x46,,,,,2,19,1239,4,106.5,328,,,,,
51,gnb2,2026-08-19T09:59:10.181491,1859,PDSCH,0x46,45,3542,6,0,,,,,,,,,,,
51,gnb2,2026-08-19T09:59:10.210691,1860,PUSCH,0x46,,,,,2,5,349,4,117.9,93,,,,,
51,gnb2,2026-08-19T09:59:10.210938,1860,PDSCH,0x46,50,4587,6,0,,,,,,,,,,,
51,gnb2,2026-08-19T09:59:10.244684,1861,PUSCH,0x46,,,,,10,4,309,4,104.5,72,,,,,
51,gnb2,2026-08-19T09:59:10.244941,1861,PDSCH,0x46,47,4395,6,0,,,,,,,,,,,
51,gnb2,2026-08-19T09:59:10.279869,1862,PDSCH,0x46,50,4587,6,0,,,,,,,,,,,
51,gnb2,2026-08-19T09:59:10.314604,1863,PDSCH,0x46,50,4587,6,0,,,,,,,,,,,
51,gnb2,2026-08-19T09:59:10.344425,1864,PDSCH,0x46,50,4587,6,0,,,,,,,,,,,
51,gnb2,2026-08-19T09:59:10.375203,1865,PDSCH,0x46,50,4587,6,0,,,,,,,,,,,
51,gnb2,2026-08-19T09:59:10.408183,1866,PUSCH,0x46,,,,,2,3,249,4,117.9,47,,,,,
51,gnb2,2026-08-19T09:59:10.408437,1866,PDSCH,0x46,50,4587,6,0,,,,,,,,,,,
51,gnb2,2026-08-19T09:59:10.507461,1867,PUSCH,0x46,,,,,2,39,2673,4,108.5,477,,,,,
51,gnb2,2026-08-19T09:59:10.507721,1867,PDSCH,0x46,50,4587,6,0,,,,,,,,,,,
51,gnb2,2026-08-19T09:59:10.616843,1868,PUSCH,0x46,,,,,2,7,469,4,114.2,110,,,,,
51,gnb2,2026-08-19T09:59:10.617082,1868,PDSCH,0x46,50,4587,6,0,,,,,,,,,,,
51,gnb2,2026-08-19T09:59:10.717154,1869,PUSCH,0x46,,,,,2,8,573,4,111.4,87,,,,,
51,gnb2,2026-08-19T09:59:10.717396,1869,PDSCH,0x46,50,4587,6,0,,,,,,,,,,,
51,gnb2,2026-08-19T09:59:10.791540,1870,PUSCH,0x46,,,,,2,3,233,4,118.0,65,,,,,
51,gnb2,2026-08-19T09:59:10.791785,1870,PDSCH,0x46,50,4587,6,0,,,,,,,,,,,
51,gnb2,2026-08-19T09:59:10.850315,1871,PDSCH,0x46,50,4587,6,0,,,,,,,,,,,
51,gnb2,2026-08-19T09:59:10.900417,1872,PDSCH,0x46,50,4587,6,0,,,,,,,,,,,
51,gnb2,2026-08-19T09:59:10.941767,1873,PDSCH,0x46,50,4587,6,0,,,,,,,,,,,
51,gnb2,2026-08-19T09:59:11.016027,1874,PUSCH,0x46,,,,,2,3,249,4,117.9,47,,,,,
51,gnb2,2026-08-19T09:59:11.016266,1874,PDSCH,0x46,50,4587,6,0,,,,,,,,,,,
51,gnb2,2026-08-19T09:59:11.084449,1875,PUSCH,0x46,,,,,2,44,2865,4,109.0,484,,,,,
51,gnb2,2026-08-19T09:59:11.084729,1875,PDSCH,0x46,50,4587,6,0,,,,,,,,,,,
51,gnb2,2026-08-19T09:59:11.085408,1876,PDSCH,0x46,50,4587,6,0,,,,,,,,,,,
51,gnb2,2026-08-19T09:59:11.174520,1877,PDSCH,0x46,50,4587,6,0,,,,,,,,,,,
51,gnb2,2026-08-19T09:59:11.174993,1878,PDSCH,0x46,50,4587,6,0,,,,,,,,,,,
51,gnb2,2026-08-19T09:59:11.253304,1879,PDSCH,0x46,50,4587,6,0,,,,,,,,,,,
51,gnb2,2026-08-19T09:59:11.294020,1880,PDSCH,0x46,50,4587,6,0,,,,,,,,,,,
51,gnb2,2026-08-19T09:59:11.325298,1881,PUCCH_CQI,0x46,,,,,,,,,,,111.8,15,2a,,
51,gnb2,2026-08-19T09:59:11.325545,1881,PDSCH,0x46,47,4395,6,0,,,,,,,,,,,
51,gnb2,2026-08-19T09:59:11.358463,1882,PDSCH,0x46,50,4587,6,0,,,,,,,,,,,
51,gnb2,2026-08-19T09:59:11.419459,1883,PUSCH,0x46,,,,,2,1,97,4,117.9,74,,,,,
51,gnb2,2026-08-19T09:59:11.419748,1883,PDSCH,0x46,50,4587,6,0,,,,,,,,,,,
51,gnb2,2026-08-19T09:59:11.460946,1884,PDSCH,0x46,50,4587,6,0,,,,,,,,,,,
51,gnb2,2026-08-19T09:59:11.503906,1885,PDSCH,0x46,50,4587,6,0,,,,,,,,,,,
51,gnb2,2026-08-19T09:59:11.577225,1886,PDSCH,0x46,50,4587,6,0,,,,,,,,,,,
51,gnb2,2026-08-19T09:59:11.659080,1887,PDSCH,0x46,50,4587,6,0,,,,,,,,,,,
51,gnb2,2026-08-19T09:59:11.710642,1888,PUSCH,0x46,,,,,2,7,437,4,114.2,109,,,,,
51,gnb2,2026-08-19T09:59:11.710654,1888,PHR,,,,,,,,,,,,,,,,
51,gnb2,2026-08-19T09:59:11.710908,1888,PDSCH,0x46,50,4587,6,0,,,,,,,,,,,
51,gnb2,2026-08-19T09:59:11.754703,1889,PDSCH,0x46,50,4587,6,0,,,,,,,,,,,
51,gnb2,2026-08-19T09:59:11.790787,1890,PDSCH,0x46,50,4587,6,0,,,,,,,,,,,
51,gnb2,2026-08-19T09:59:11.828537,1891,PDSCH,0x46,50,4587,6,0,,,,,,,,,,,
51,gnb2,2026-08-19T09:59:11.861407,1892,PUSCH,0x46,,,,,2,4,293,4,117.9,116,,,,,
51,gnb2,2026-08-19T09:59:11.861938,1892,PDSCH,0x46,50,4587,6,0,,,,,,,,,,,
51,gnb2,2026-08-19T09:59:11.889017,1893,PDSCH,0x46,50,4587,6,0,,,,,,,,,,,
51,gnb2,2026-08-19T09:59:11.918927,1894,PDSCH,0x46,50,4587,6,0,,,,,,,,,,,
51,gnb2,2026-08-19T09:59:11.946101,1895,PDSCH,0x46,50,4587,6,0,,,,,,,,,,,
51,gnb2,2026-08-19T09:59:11.972266,1896,PUSCH,0x46,,,,,2,7,437,4,114.2,128,,,,,
51,gnb2,2026-08-19T09:59:11.972785,1896,PDSCH,0x46,50,4587,6,0,,,,,,,,,,,
51,gnb2,2026-08-19T09:59:12.001954,1897,PUSCH,0x46,,,,,2,3,249,4,118.0,98,,,,,
51,gnb2,2026-08-19T09:59:12.002435,1897,PDSCH,0x46,50,4587,6,0,,,,,,,,,,,
51,gnb2,2026-08-19T09:59:12.033806,1898,PDSCH,0x46,50,4587,6,0,,,,,,,,,,,
51,gnb2,2026-08-19T09:59:12.065424,1899,PDSCH,0x46,50,4587,6,0,,,,,,,,,,,
51,gnb2,2026-08-19T09:59:12.096454,1900,PUSCH,0x46,,,,,2,4,293,4,117.9,124,,,,,
51,gnb2,2026-08-19T09:59:12.096765,1900,PDSCH,0x46,50,4587,6,0,,,,,,,,,,,
51,gnb2,2026-08-19T09:59:12.118817,1901,PUSCH,0x46,,,,,10,3,249,4,104.5,55,,,,,
51,gnb2,2026-08-19T09:59:12.119075,1901,PDSCH,0x46,47,4395,6,0,,,,,,,,,,,
51,gnb2,2026-08-19T09:59:12.142006,1902,PDSCH,0x46,50,4587,6,0,,,,,,,,,,,
51,gnb2,2026-08-19T09:59:12.166178,1903,PDSCH,0x46,50,4587,6,0,,,,,,,,,,,
51,gnb2,2026-08-19T09:59:12.187233,1904,PUSCH,0x46,,,,,2,7,437,4,114.3,91,,,,,
51,gnb2,2026-08-19T09:59:12.187572,1904,PDSCH,0x46,50,4587,6,0,,,,,,,,,,,
51,gnb2,2026-08-19T09:59:12.211716,1905,PUSCH,0x46,,,,,2,8,517,4,111.4,102,,,,,
51,gnb2,2026-08-19T09:59:12.211961,1905,PDSCH,0x46,50,4587,6,0,,,,,,,,,,,
51,gnb2,2026-08-19T09:59:12.260186,1906,PUSCH,0x46,,,,,2,3,249,4,117.9,110,,,,,
51,gnb2,2026-08-19T09:59:12.260548,1906,PDSCH,0x46,50,4587,6,0,,,,,,,,,,,
51,gnb2,2026-08-19T09:59:12.291022,1907,PDSCH,0x46,50,4587,6,0,,,,,,,,,,,
51,gnb2,2026-08-19T09:59:12.321360,1908,PUSCH,0x46,,,,,2,4,293,4,117.9,116,,,,,
51,gnb2,2026-08-19T09:59:12.321686,1908,PDSCH,0x46,50,4587,6,0,,,,,,,,,,,
51,gnb2,2026-08-19T09:59:12.352915,1909,PUSCH,0x46,,,,,2,7,501,4,114.3,190,,,,,
51,gnb2,2026-08-19T09:59:12.353386,1909,PDSCH,0x46,50,4587,6,0,,,,,,,,,,,
51,gnb2,2026-08-19T09:59:12.420934,1910,PUSCH,0x46,,,,,2,4,269,4,117.9,131,,,,,
51,gnb2,2026-08-19T09:59:12.421206,1910,PDSCH,0x46,50,4587,6,0,,,,,,,,,,,
51,gnb2,2026-08-19T09:59:12.460914,1911,PDSCH,0x46,50,4587,6,0,,,,,,,,,,,
51,gnb2,2026-08-19T09:59:12.497740,1912,PUSCH,0x46,,,,,2,7,437,4,114.2,89,,,,,
51,gnb2,2026-08-19T09:59:12.497992,1912,PDSCH,0x46,50,4587,6,0,,,,,,,,,,,
51,gnb2,2026-08-19T09:59:12.531152,1913,PDSCH,0x46,50,4587,6,0,,,,,,,,,,,
51,gnb2,2026-08-19T09:59:12.564145,1914,PDSCH,0x46,50,4587,6,0,,,,,,,,,,,
51,gnb2,2026-08-19T09:59:12.596008,1915,PDSCH,0x46,50,4587,6,0,,,,,,,,,,,
51,gnb2,2026-08-19T09:59:12.650307,1916,PDSCH,0x46,50,4587,6,0,,,,,,,,,,,
51,gnb2,2026-08-19T09:59:12.693301,1917,PDSCH,0x46,50,4587,6,0,,,,,,,,,,,
51,gnb2,2026-08-19T09:59:12.732176,1918,PDSCH,0x46,50,4587,6,0,,,,,,,,,,,
51,gnb2,2026-08-19T09:59:12.765280,1919,PDSCH,0x46,50,4587,6,0,,,,,,,,,,,
51,gnb2,2026-08-19T09:59:12.797673,1920,PDSCH,0x46,50,4587,6,0,,,,,,,,,,,
51,gnb2,2026-08-19T09:59:12.853858,1921,PUCCH_CQI,0x46,,,,,,,,,,,111.8,15,2a,,
51,gnb2,2026-08-19T09:59:12.854120,1921,PDSCH,0x46,47,4395,6,0,,,,,,,,,,,
51,gnb2,2026-08-19T09:59:12.898381,1922,PDSCH,0x46,50,4587,6,0,,,,,,,,,,,
51,gnb2,2026-08-19T09:59:12.940259,1923,PDSCH,0x46,50,4587,6,0,,,,,,,,,,,
51,gnb2,2026-08-19T09:59:12.982762,1924,PDSCH,0x46,50,4587,6,0,,,,,,,,,,,
51,gnb2,2026-08-19T09:59:13.029484,1925,PDSCH,0x46,47,4395,6,0,,,,,,,,,,,
51,gnb2,2026-08-19T09:59:13.082187,1926,PDSCH,0x46,50,4587,6,0,,,,,,,,,,,
51,gnb2,2026-08-19T09:59:13.123781,1927,PDSCH,0x46,50,4587,6,0,,,,,,,,,,,
51,gnb2,2026-08-19T09:59:13.161909,1928,PUSCH,0x46,,,,,2,8,517,4,111.4,172,,,,,
51,gnb2,2026-08-19T09:59:13.162199,1928,PDSCH,0x46,50,4587,6,0,,,,,,,,,,,
51,gnb2,2026-08-19T09:59:13.203794,1929,PDSCH,0x46,50,4587,6,0,,,,,,,,,,,
51,gnb2,2026-08-19T09:59:13.239553,1930,PDSCH,0x46,50,4587,6,0,,,,,,,,,,,
51,gnb2,2026-08-19T09:59:13.282936,1931,PDSCH,0x46,50,4587,6,0,,,,,,,,,,,
51,gnb2,2026-08-19T09:59:13.326564,1932,PDSCH,0x46,50,4587,6,0,,,,,,,,,,,
51,gnb2,2026-08-19T09:59:13.384155,1933,PDSCH,0x46,50,4587,6,0,,,,,,,,,,,
51,gnb2,2026-08-19T09:59:13.468975,1934,PDSCH,0x46,50,4587,6,0,,,,,,,,,,,
51,gnb2,2026-08-19T09:59:13.526267,1935,PDSCH,0x46,47,4395,6,0,,,,,,,,,,,
51,gnb2,2026-08-19T09:59:13.574153,1936,PDSCH,0x46,50,4587,6,0,,,,,,,,,,,
51,gnb2,2026-08-19T09:59:13.619561,1937,PUSCH,0x46,,,,,2,35,2292,4,108.1,428,,,,,
51,gnb2,2026-08-19T09:59:13.619816,1937,PDSCH,0x46,50,4587,6,0,,,,,,,,,,,
51,gnb2,2026-08-19T09:59:13.684847,1938,PDSCH,0x46,50,4587,6,0,,,,,,,,,,,
51,gnb2,2026-08-19T09:59:13.763298,1939,PDSCH,0x46,50,4587,6,0,,,,,,,,,,,
51,gnb2,2026-08-19T09:59:13.832323,1940,PDSCH,0x46,50,4587,6,0,,,,,,,,,,,
51,gnb2,2026-08-19T09:59:13.891307,1941,PDSCH,0x46,47,4395,6,0,,,,,,,,,,,
51,gnb2,2026-08-19T09:59:13.946568,1942,PDSCH,0x46,50,4587,6,0,,,,,,,,,,,
51,gnb2,2026-08-19T09:59:14.018054,1943,PDSCH,0x46,50,4587,6,0,,,,,,,,,,,
51,gnb2,2026-08-19T09:59:14.103606,1944,PDSCH,0x46,50,4587,6,0,,,,,,,,,,,
51,gnb2,2026-08-19T09:59:14.164509,1945,PUSCH,0x46,,,,,2,35,2292,4,108.1,323,,,,,
51,gnb2,2026-08-19T09:59:14.164516,1945,PHR,,,,,,,,,,,,,,,,
51,gnb2,2026-08-19T09:59:14.164772,1945,PDSCH,0x46,50,4587,6,0,,,,,,,,,,,
51,gnb2,2026-08-19T09:59:14.216526,1946,PUSCH,0x46,,,,,2,1,97,4,118.0,82,,,,,
51,gnb2,2026-08-19T09:59:14.216796,1946,PDSCH,0x46,50,4587,6,0,,,,,,,,,,,
51,gnb2,2026-08-19T09:59:14.298185,1947,PDSCH,0x46,50,4587,6,0,,,,,,,,,,,
51,gnb2,2026-08-19T09:59:14.356585,1948,PDSCH,0x46,50,4587,6,0,,,,,,,,,,,
51,gnb2,2026-08-19T09:59:14.408505,1949,PDSCH,0x46,50,4587,6,0,,,,,,,,,,,
51,gnb2,2026-08-19T09:59:14.452850,1950,PDSCH,0x46,50,4587,6,0,,,,,,,,,,,
51,gnb2,2026-08-19T09:59:14.494943,1951,PDSCH,0x46,50,4587,6,0,,,,,,,,,,,
51,gnb2,2026-08-19T09:59:14.531390,1952,PDSCH,0x46,50,4587,6,0,,,,,,,,,,,
51,gnb2,2026-08-19T09:59:14.567665,1953,PUSCH,0x46,,,,,2,35,2292,4,108.1,334,,,,,
51,gnb2,2026-08-19T09:59:14.567977,1953,PDSCH,0x46,50,4587,6,0,,,,,,,,,,,
51,gnb2,2026-08-19T09:59:14.603500,1954,PUSCH,0x46,,,,,2,5,373,4,117.9,116,,,,,
51,gnb2,2026-08-19T09:59:14.603766,1954,PDSCH,0x46,50,4587,6,0,,,,,,,,,,,
51,gnb2,2026-08-19T09:59:14.645615,1955,PUSCH,0x46,,,,,2,3,249,4,117.9,50,,,,,
51,gnb2,2026-08-19T09:59:14.645862,1955,PDSCH,0x46,50,4587,6,0,,,,,,,,,,,
51,gnb2,2026-08-19T09:59:14.683853,1956,PDSCH,0x46,50,4587,6,0,,,,,,,,,,,
51,gnb2,2026-08-19T09:59:14.725252,1957,PDSCH,0x46,50,4587,6,0,,,,,,,,,,,
51,gnb2,2026-08-19T09:59:14.765520,1958,PDSCH,0x46,50,4587,6,0,,,,,,,,,,,
51,gnb2,2026-08-19T09:59:14.797039,1959,PDSCH,0x46,50,4587,6,0,,,,,,,,,,,
51,gnb2,2026-08-19T09:59:14.823029,1960,PDSCH,0x46,50,4587,6,0,,,,,,,,,,,
51,gnb2,2026-08-19T09:59:14.854203,1961,PUSCH,0x46,,,,,10,35,2292,4,108.3,348,,,,,
51,gnb2,2026-08-19T09:59:14.854483,1961,PDSCH,0x46,47,4395,6,0,,,,,,,,,,,
51,gnb2,2026-08-19T09:59:14.881534,1962,PDSCH,0x46,50,4587,6,0,,,,,,,,,,,
51,gnb2,2026-08-19T09:59:14.913981,1963,PDSCH,0x46,50,4587,6,0,,,,,,,,,,,
51,gnb2,2026-08-19T09:59:14.945581,1964,PDSCH,0x46,50,4587,6,0,,,,,,,,,,,
51,gnb2,2026-08-19T09:59:15.008173,1965,PDSCH,0x46,50,4587,6,0,,,,,,,,,,,
51,gnb2,2026-08-19T09:59:15.051516,1966,PDSCH,0x46,50,4587,6,0,,,,,,,,,,,
51,gnb2,2026-08-19T09:59:15.090973,1967,PDSCH,0x46,50,4587,6,0,,,,,,,,,,,
51,gnb2,2026-08-19T09:59:15.132521,1968,PDSCH,0x46,50,4587,6,0,,,,,,,,,,,
51,gnb2,2026-08-19T09:59:15.173037,1969,PUSCH,0x46,,,,,2,8,517,4,111.4,89,,,,,
51,gnb2,2026-08-19T09:59:15.173286,1969,PDSCH,0x46,50,4587,6,0,,,,,,,,,,,
51,gnb2,2026-08-19T09:59:15.215763,1970,PDSCH,0x46,50,4587,6,0,,,,,,,,,,,
51,gnb2,2026-08-19T09:59:15.246230,1971,PDSCH,0x46,50,4587,6,0,,,,,,,,,,,
51,gnb2,2026-08-19T09:59:15.281077,1972,PDSCH,0x46,50,4587,6,0,,,,,,,,,,,
51,gnb2,2026-08-19T09:59:15.313367,1973,PDSCH,0x46,50,4587,6,0,,,,,,,,,,,
51,gnb2,2026-08-19T09:59:15.340940,1974,PDSCH,0x46,50,4587,6,0,,,,,,,,,,,
51,gnb2,2026-08-19T09:59:15.375584,1975,PDSCH,0x46,50,4587,6,0,,,,,,,,,,,
51,gnb2,2026-08-19T09:59:15.406709,1976,PDSCH,0x46,50,4587,6,0,,,,,,,,,,,
51,gnb2,2026-08-19T09:59:15.476801,1977,PDSCH,0x46,50,4587,6,0,,,,,,,,,,,
51,gnb2,2026-08-19T09:59:15.553144,1978,PUSCH,0x46,,,,,2,7,389,4,114.2,99,,,,,
51,gnb2,2026-08-19T09:59:15.553393,1978,PDSCH,0x46,50,4587,6,0,,,,,,,,,,,
51,gnb2,2026-08-19T09:59:15.626975,1979,PDSCH,0x46,50,4587,6,0,,,,,,,,,,,
51,gnb2,2026-08-19T09:59:15.677428,1980,PDSCH,0x46,50,4587,6,0,,,,,,,,,,,
51,gnb2,2026-08-19T09:59:15.726800,1981,PDSCH,0x46,47,4395,6,0,,,,,,,,,,,
51,gnb2,2026-08-19T09:59:15.791741,1982,PDSCH,0x46,50,4587,6,0,,,,,,,,,,,
51,gnb2,2026-08-19T09:59:15.835974,1983,PDSCH,0x46,50,4587,6,0,,,,,,,,,,,
51,gnb2,2026-08-19T09:59:15.885336,1984,PDSCH,0x46,50,4587,6,0,,,,,,,,,,,
51,gnb2,2026-08-19T09:59:15.920012,1985,PDSCH,0x46,50,4587,6,0,,,,,,,,,,,
51,gnb2,2026-08-19T09:59:15.956848,1986,PUSCH,0x46,,,,,2,7,389,4,114.2,92,,,,,
51,gnb2,2026-08-19T09:59:15.957147,1986,PDSCH,0x46,50,4587,6,0,,,,,,,,,,,
51,gnb2,2026-08-19T09:59:15.995000,1987,PUSCH,0x46,,,,,2,4,249,4,117.9,63,,,,,
51,gnb2,2026-08-19T09:59:15.995279,1987,PDSCH,0x46,50,4587,6,0,,,,,,,,,,,
51,gnb2,2026-08-19T09:59:16.028666,1988,PDSCH,0x46,50,4587,6,0,,,,,,,,,,,
51,gnb2,2026-08-19T09:59:16.061581,1989,PDSCH,0x46,50,4587,6,0,,,,,,,,,,,
51,gnb2,2026-08-19T09:59:16.091329,1990,PDSCH,0x46,50,4587,6,0,,,,,,,,,,,
51,gnb2,2026-08-19T09:59:16.125219,1991,PDSCH,0x46,50,4587,6,0,,,,,,,,,,,
51,gnb2,2026-08-19T09:59:16.167637,1992,PDSCH,0x46,50,4587,6,0,,,,,,,,,,,
51,gnb2,2026-08-19T09:59:16.205422,1993,PDSCH,0x46,50,4587,6,0,,,,,,,,,,,
51,gnb2,2026-08-19T09:59:16.241839,1994,PUSCH,0x46,,,,,2,7,389,4,114.3,83,,,,,
51,gnb2,2026-08-19T09:59:16.242116,1994,PDSCH,0x46,50,4587,6,0,,,,,,,,,,,
51,gnb2,2026-08-19T09:59:16.273291,1995,PUSCH,0x46,,,,,2,8,517,4,111.4,105,,,,,
51,gnb2,2026-08-19T09:59:16.273392,1995,PHR,,,,,,,,,,,,,,,,
51,gnb2,2026-08-19T09:59:16.273598,1995,PDSCH,0x46,50,4587,6,0,,,,,,,,,,,
51,gnb2,2026-08-19T09:59:16.306430,1996,PUSCH,0x46,,,,,2,3,249,4,117.9,72,,,,,
51,gnb2,2026-08-19T09:59:16.306733,1996,PDSCH,0x46,50,4587,6,0,,,,,,,,,,,
51,gnb2,2026-08-19T09:59:16.340547,1997,PDSCH,0x46,50,4587,6,0,,,,,,,,,,,
51,gnb2,2026-08-19T09:59:16.373436,1998,PDSCH,0x46,50,4587,6,0,,,,,,,,,,,
51,gnb2,2026-08-19T09:59:16.408836,1999,PDSCH,0x46,50,4587,6,0,,,,,,,,,,,
51,gnb2,2026-08-19T09:59:16.452348,2000,PDSCH,0x46,50,4587,6,0,,,,,,,,,,,
51,gnb2,2026-08-19T09:59:16.496993,2001,PUCCH_CQI,0x46,,,,,,,,,,,111.8,15,2a,,
51,gnb2,2026-08-19T09:59:16.497455,2001,PDSCH,0x46,47,4395,6,0,,,,,,,,,,,
51,gnb2,2026-08-19T09:59:16.540454,2002,PUSCH,0x46,,,,,2,7,389,4,114.2,90,,,,,
51,gnb2,2026-08-19T09:59:16.540724,2002,PDSCH,0x46,50,4587,6,0,,,,,,,,,,,
51,gnb2,2026-08-19T09:59:16.584376,2003,PUSCH,0x46,,,,,2,35,2292,4,108.1,485,,,,,
51,gnb2,2026-08-19T09:59:16.584636,2003,PDSCH,0x46,50,4587,6,0,,,,,,,,,,,
51,gnb2,2026-08-19T09:59:16.627248,2004,PUSCH,0x46,,,,,2,7,501,4,114.3,111,,,,,
51,gnb2,2026-08-19T09:59:16.627577,2004,PDSCH,0x46,50,4587,6,0,,,,,,,,,,,
51,gnb2,2026-08-19T09:59:16.667880,2005,PUSCH,0x46,,,,,2,4,269,4,117.9,67,,,,,
51,gnb2,2026-08-19T09:59:16.668135,2005,PDSCH,0x46,50,4587,6,0,,,,,,,,,,,
51,gnb2,2026-08-19T09:59:16.726526,2006,PDSCH,0x46,50,4587,6,0,,,,,,,,,,,
51,gnb2,2026-08-19T09:59:16.773535,2007,PDSCH,0x46,50,4587,6,0,,,,,,,,,,,
51,gnb2,2026-08-19T09:59:16.818777,2008,PDSCH,0x46,50,4587,6,0,,,,,,,,,,,
51,gnb2,2026-08-19T09:59:16.853054,2009,PDSCH,0x46,50,4587,6,0,,,,,,,,,,,
51,gnb2,2026-08-19T09:59:16.890393,2010,PUSCH,0x46,,,,,2,7,389,4,114.2,109,,,,,
51,gnb2,2026-08-19T09:59:16.890763,2010,PDSCH,0x46,50,4587,6,0,,,,,,,,,,,
51,gnb2,2026-08-19T09:59:16.935738,2011,PUSCH,0x46,,,,,10,35,2385,4,108.3,372,,,,,
51,gnb2,2026-08-19T09:59:16.936005,2011,PDSCH,0x46,50,4587,6,0,,,,,,,,,,,
51,gnb2,2026-08-19T09:59:16.969483,2012,PUSCH,0x46,,,,,2,14,935,4,107.4,224,,,,,
51,gnb2,2026-08-19T09:59:16.969766,2012,PDSCH,0x46,50,4587,6,0,,,,,,,,,,,
51,gnb2,2026-08-19T09:59:16.999843,2013,PUSCH,0x46,,,,,2,7,501,4,114.2,85,,,,,
51,gnb2,2026-08-19T09:59:17.000087,2013,PDSCH,0x46,50,4587,6,0,,,,,,,,,,,
51,gnb2,2026-08-19T09:59:17.034075,2014,PUSCH,0x46,,,,,2,4,249,4,117.9,70,,,,,
51,gnb2,2026-08-19T09:59:17.034329,2014,PDSCH,0x46,50,4587,6,0,,,,,,,,,,,
51,gnb2,2026-08-19T09:59:17.078723,2015,PDSCH,0x46,50,4587,6,0,,,,,,,,,,,
51,gnb2,2026-08-19T09:59:17.117849,2016,PDSCH,0x46,50,4587,6,0,,,,,,,,,,,
51,gnb2,2026-08-19T09:59:17.162449,2017,PDSCH,0x46,50,4587,6,0,,,,,,,,,,,
51,gnb2,2026-08-19T09:59:17.191478,2018,PUSCH,0x46,,,,,2,7,389,4,114.2,124,,,,,
51,gnb2,2026-08-19T09:59:17.191774,2018,PDSCH,0x46,50,4587,6,0,,,,,,,,,,,
51,gnb2,2026-08-19T09:59:17.223636,2019,PUSCH,0x46,,,,,2,44,2865,4,109.0,432,,,,,
51,gnb2,2026-08-19T09:59:17.223890,2019,PDSCH,0x46,50,4587,6,0,,,,,,,,,,,
51,gnb2,2026-08-19T09:59:17.252380,2020,PDSCH,0x46,50,4587,6,0,,,,,,,,,,,
51,gnb2,2026-08-19T09:59:17.283018,2021,PDSCH,0x46,47,4395,6,0,,,,,,,,,,,
51,gnb2,2026-08-19T09:59:17.314015,2022,PDSCH,0x46,50,4587,6,0,,,,,,,,,,,
51,gnb2,2026-08-19T09:59:17.349849,2023,PDSCH,0x46,50,4587,6,0,,,,,,,,,,,
51,gnb2,2026-08-19T09:59:17.380274,2024,PDSCH,0x46,50,4587,6,0,,,,,,,,,,,
51,gnb2,2026-08-19T09:59:17.407495,2025,PDSCH,0x46,50,4587,6,0,,,,,,,,,,,
51,gnb2,2026-08-19T09:59:17.431995,2026,PDSCH,0x46,50,4587,6,0,,,,,,,,,,,
51,gnb2,2026-08-19T09:59:17.456242,2027,PUSCH,0x46,,,,,2,1,75,4,118.0,54,,,,,
51,gnb2,2026-08-19T09:59:17.456515,2027,PDSCH,0x46,50,4587,6,0,,,,,,,,,,,
51,gnb2,2026-08-19T09:59:17.507856,2028,PUSCH,0x46,,,,,2,7,437,4,114.2,100,,,,,
51,gnb2,2026-08-19T09:59:17.508150,2028,PDSCH,0x46,50,4587,6,0,,,,,,,,,,,
51,gnb2,2026-08-19T09:59:17.541250,2029,PDSCH,0x46,50,4587,6,0,,,,,,,,,,,
51,gnb2,2026-08-19T09:59:17.572506,2030,PDSCH,0x46,50,4587,6,0,,,,,,,,,,,
51,gnb2,2026-08-19T09:59:17.599538,2031,PDSCH,0x46,50,4587,6,0,,,,,,,,,,,
51,gnb2,2026-08-19T09:59:17.629318,2032,PDSCH,0x46,50,4587,6,0,,,,,,,,,,,
51,gnb2,2026-08-19T09:59:17.653698,2033,PDSCH,0x46,50,4587,6,0,,,,,,,,,,,
51,gnb2,2026-08-19T09:59:17.680035,2034,PDSCH,0x46,50,4587,6,0,,,,,,,,,,,
51,gnb2,2026-08-19T09:59:17.705699,2035,PDSCH,0x46,50,4587,6,0,,,,,,,,,,,
51,gnb2,2026-08-19T09:59:17.732747,2036,PUSCH,0x46,,,,,2,14,871,4,107.4,150,,,,,
51,gnb2,2026-08-19T09:59:17.733037,2036,PDSCH,0x46,50,4587,6,0,,,,,,,,,,,
51,gnb2,2026-08-19T09:59:17.753222,2037,PUSCH,0x46,,,,,2,3,217,4,118.0,66,,,,,
51,gnb2,2026-08-19T09:59:17.753477,2037,PDSCH,0x46,50,4587,6,0,,,,,,,,,,,
51,gnb2,2026-08-19T09:59:17.777522,2038,PDSCH,0x46,50,4587,6,0,,,,,,,,,,,
51,gnb2,2026-08-19T09:59:17.796097,2039,PDSCH,0x46,50,4587,6,0,,,,,,,,,,,
51,gnb2,2026-08-19T09:59:17.820810,2040,PDSCH,0x46,50,4587,6,0,,,,,,,,,,,
51,gnb2,2026-08-19T09:59:17.840486,2041,PUCCH_CQI,0x46,,,,,,,,,,,111.8,15,2a,,
51,gnb2,2026-08-19T09:59:17.840730,2041,PDSCH,0x46,47,4395,6,0,,,,,,,,,,,
51,gnb2,2026-08-19T09:59:17.862382,2042,PDSCH,0x46,50,4587,6,0,,,,,,,,,,,
51,gnb2,2026-08-19T09:59:17.885378,2043,PDSCH,0x46,50,4587,6,0,,,,,,,,,,,
51,gnb2,2026-08-19T09:59:17.919003,2044,PUSCH,0x46,,,,,2,14,871,4,107.4,166,,,,,
51,gnb2,2026-08-19T09:59:17.919313,2044,PDSCH,0x46,50,4587,6,0,,,,,,,,,,,
51,gnb2,2026-08-19T09:59:17.950227,2045,PUSCH,0x46,,,,,2,7,501,4,114.3,154,,,,,
51,gnb2,2026-08-19T09:59:17.950239,2045,PHR,,,,,,,,,,,,,,,,
51,gnb2,2026-08-19T09:59:17.950543,2045,PDSCH,0x46,50,4587,6,0,,,,,,,,,,,
51,gnb2,2026-08-19T09:59:17.981735,2046,PUSCH,0x46,,,,,2,3,233,4,117.9,69,,,,,
51,gnb2,2026-08-19T09:59:17.981999,2046,PDSCH,0x46,50,4587,6,0,,,,,,,,,,,
51,gnb2,2026-08-19T09:59:18.012762,2047,PDSCH,0x46,50,4587,6,0,,,,,,,,,,,
51,gnb2,2026-08-19T09:59:18.041030,2048,PDSCH,0x46,50,4587,6,0,,,,,,,,,,,
51,gnb2,2026-08-19T09:59:18.070585,2049,PDSCH,0x46,50,4587,6,0,,,,,,,,,,,
51,gnb2,2026-08-19T09:59:18.092187,2050,PDSCH,0x46,50,4587,6,0,,,,,,,,,,,
51,gnb2,2026-08-19T09:59:18.114887,2051,PDSCH,0x46,50,4587,6,0,,,,,,,,,,,
51,gnb2,2026-08-19T09:59:18.138393,2052,PUSCH,0x46,,,,,2,14,871,4,107.4,166,,,,,
51,gnb2,2026-08-19T09:59:18.138678,2052,PDSCH,0x46,50,4587,6,0,,,,,,,,,,,
51,gnb2,2026-08-19T09:59:18.161434,2053,PUSCH,0x46,,,,,2,14,807,4,107.4,169,,,,,
51,gnb2,2026-08-19T09:59:18.161684,2053,PDSCH,0x46,50,4587,6,0,,,,,,,,,,,
51,gnb2,2026-08-19T09:59:18.202896,2054,PDSCH,0x46,50,4587,6,0,,,,,,,,,,,
51,gnb2,2026-08-19T09:59:18.235153,2055,PDSCH,0x46,50,4587,6,0,,,,,,,,,,,
51,gnb2,2026-08-19T09:59:18.268212,2056,PDSCH,0x46,50,4587,6,0,,,,,,,,,,,
51,gnb2,2026-08-19T09:59:18.303361,2057,PDSCH,0x46,50,4587,6,0,,,,,,,,,,,
51,gnb2,2026-08-19T09:59:18.344163,2058,PDSCH,0x46,50,4587,6,0,,,,,,,,,,,
51,gnb2,2026-08-19T09:59:18.372462,2059,PDSCH,0x46,50,4587,6,0,,,,,,,,,,,
51,gnb2,2026-08-19T09:59:18.405963,2060,PDSCH,0x46,50,4587,6,0,,,,,,,,,,,
51,gnb2,2026-08-19T09:59:18.439383,2061,PDSCH,0x46,47,4395,6,0,,,,,,,,,,,
51,gnb2,2026-08-19T09:59:18.696513,2062,PDSCH,0x46,50,4587,6,0,,,,,,,,,,,
51,gnb2,2026-08-19T09:59:18.735469,2063,PDSCH,0x46,50,4587,6,0,,,,,,,,,,,
51,gnb2,2026-08-19T09:59:18.775379,2064,PDSCH,0x46,50,4587,6,0,,,,,,,,,,,
51,gnb2,2026-08-19T09:59:18.819316,2065,PDSCH,0x46,50,4587,6,0,,,,,,,,,,,
51,gnb2,2026-08-19T09:59:18.869487,2066,PDSCH,0x46,50,4587,6,0,,,,,,,,,,,
51,gnb2,2026-08-19T09:59:18.948721,2067,PDSCH,0x46,50,4587,6,0,,,,,,,,,,,
51,gnb2,2026-08-19T09:59:19.016886,2068,PUSCH,0x46,,,,,2,8,517,4,111.4,102,,,,,
51,gnb2,2026-08-19T09:59:19.017126,2068,PDSCH,0x46,50,4587,6,0,,,,,,,,,,,
51,gnb2,2026-08-19T09:59:19.069649,2069,PDSCH,0x46,50,4587,6,0,,,,,,,,,,,
51,gnb2,2026-08-19T09:59:19.122024,2070,PDSCH,0x46,50,4587,6,0,,,,,,,,,,,
51,gnb2,2026-08-19T09:59:19.171099,2071,PDSCH,0x46,50,4587,6,0,,,,,,,,,,,
51,gnb2,2026-08-19T09:59:19.214278,2072,PDSCH,0x46,50,4587,6,0,,,,,,,,,,,
51,gnb2,2026-08-19T09:59:19.255757,2073,PDSCH,0x46,50,4587,6,0,,,,,,,,,,,
51,gnb2,2026-08-19T09:59:19.298481,2074,PDSCH,0x46,50,4587,6,0,,,,,,,,,,,
51,gnb2,2026-08-19T09:59:19.333275,2075,PDSCH,0x46,50,4587,6,0,,,,,,,,,,,
51,gnb2,2026-08-19T09:59:19.366528,2076,PDSCH,0x46,50,4587,6,0,,,,,,,,,,,
51,gnb2,2026-08-19T09:59:19.450606,2077,PUSCH,0x46,,,,,2,17,1143,4,106.8,278,,,,,
51,gnb2,2026-08-19T09:59:19.450861,2077,PDSCH,0x46,50,4587,6,0,,,,,,,,,,,
51,gnb2,2026-08-19T09:59:19.494615,2078,PDSCH,0x46,50,4587,6,0,,,,,,,,,,,
51,gnb2,2026-08-19T09:59:19.534721,2079,PDSCH,0x46,50,4587,6,0,,,,,,,,,,,
51,gnb2,2026-08-19T09:59:19.575757,2080,PDSCH,0x46,50,4587,6,0,,,,,,,,,,,
51,gnb2,2026-08-19T09:59:19.607322,2081,PUCCH_CQI,0x46,,,,,,,,,,,111.8,15,2a,,
51,gnb2,2026-08-19T09:59:19.607580,2081,PDSCH,0x46,47,4395,6,0,,,,,,,,,,,
51,gnb2,2026-08-19T09:59:19.649005,2082,PDSCH,0x46,50,4587,6,0,,,,,,,,,,,
51,gnb2,2026-08-19T09:59:19.693162,2083,PDSCH,0x46,50,4587,6,0,,,,,,,,,,,
51,gnb2,2026-08-19T09:59:19.763629,2084,PDSCH,0x46,50,4587,6,0,,,,,,,,,,,
51,gnb2,2026-08-19T09:59:19.811803,2085,PUSCH,0x46,,,,,2,17,1143,4,106.8,167,,,,,
51,gnb2,2026-08-19T09:59:19.812068,2085,PDSCH,0x46,47,4395,6,0,,,,,,,,,,,
51,gnb2,2026-08-19T09:59:19.847902,2086,PUSCH,0x46,,,,,2,11,693,4,108.5,167,,,,,
51,gnb2,2026-08-19T09:59:19.848219,2086,PDSCH,0x46,50,4587,6,0,,,,,,,,,,,
51,gnb2,2026-08-19T09:59:19.892058,2087,PDSCH,0x46,50,4587,6,0,,,,,,,,,,,
51,gnb2,2026-08-19T09:59:19.928975,2088,PDSCH,0x46,50,4587,6,0,,,,,,,,,,,
51,gnb2,2026-08-19T09:59:19.959442,2089,PDSCH,0x46,50,4587,6,0,,,,,,,,,,,
51,gnb2,2026-08-19T09:59:19.992997,2090,PDSCH,0x46,50,4587,6,0,,,,,,,,,,,
51,gnb2,2026-08-19T09:59:20.025947,2091,PDSCH,0x46,50,4587,6,0,,,,,,,,,,,
51,gnb2,2026-08-19T09:59:20.059084,2092,PDSCH,0x46,50,4587,6,0,,,,,,,,,,,
51,gnb2,2026-08-19T09:59:20.103224,2093,PUSCH,0x46,,,,,2,17,1143,4,106.8,180,,,,,
51,gnb2,2026-08-19T09:59:20.103518,2093,PDSCH,0x46,50,4587,6,0,,,,,,,,,,,
51,gnb2,2026-08-19T09:59:20.142824,2094,PUSCH,0x46,,,,,2,14,935,4,107.4,168,,,,,
51,gnb2,2026-08-19T09:59:20.143108,2094,PDSCH,0x46,50,4587,6,0,,,,,,,,,,,
51,gnb2,2026-08-19T09:59:20.184791,2095,PUSCH,0x46,,,,,2,4,269,4,117.9,64,,,,,
51,gnb2,2026-08-19T09:59:20.184841,2095,PHR,,,,,,,,,,,,,,,,
51,gnb2,2026-08-19T09:59:20.185054,2095,PDSCH,0x46,47,4395,6,0,,,,,,,,,,,
51,gnb2,2026-08-19T09:59:20.239308,2096,PDSCH,0x46,50,4587,6,0,,,,,,,,,,,
51,gnb2,2026-08-19T09:59:20.288665,2097,PDSCH,0x46,50,4587,6,0,,,,,,,,,,,
51,gnb2,2026-08-19T09:59:20.329677,2098,PDSCH,0x46,50,4587,6,0,,,,,,,,,,,
51,gnb2,2026-08-19T09:59:20.372472,2099,PDSCH,0x46,50,4587,6,0,,,,,,,,,,,
51,gnb2,2026-08-19T09:59:20.414192,2100,PDSCH,0x46,50,4587,6,0,,,,,,,,,,,
51,gnb2,2026-08-19T09:59:20.448492,2101,PUSCH,0x46,,,,,10,17,1143,4,105.3,307,,,,,
51,gnb2,2026-08-19T09:59:20.449018,2101,PDSCH,0x46,47,4395,6,0,,,,,,,,,,,
51,gnb2,2026-08-19T09:59:20.449839,2102,PDSCH,0x46,50,4587,6,0,,,,,,,,,,,
51,gnb2,2026-08-19T09:59:20.514209,2103,PDSCH,0x46,50,4587,6,0,,,,,,,,,,,
51,gnb2,2026-08-19T09:59:20.545930,2104,PDSCH,0x46,50,4587,6,0,,,,,,,,,,,
51,gnb2,2026-08-19T09:59:20.606007,2105,PDSCH,0x46,50,4587,6,0,,,,,,,,,,,
51,gnb2,2026-08-19T09:59:20.648458,2106,PDSCH,0x46,50,4587,6,0,,,,,,,,,,,
51,gnb2,2026-08-19T09:59:20.687818,2107,PDSCH,0x46,50,4587,6,0,,,,,,,,,,,
51,gnb2,2026-08-19T09:59:20.720490,2108,PDSCH,0x46,50,4587,6,0,,,,,,,,,,,
51,gnb2,2026-08-19T09:59:20.771744,2109,PUSCH,0x46,,,,,2,8,517,4,111.4,151,,,,,
51,gnb2,2026-08-19T09:59:20.772027,2109,PDSCH,0x46,50,4587,6,0,,,,,,,,,,,
51,gnb2,2026-08-19T09:59:20.825463,2110,PDSCH,0x46,50,4587,6,0,,,,,,,,,,,
51,gnb2,2026-08-19T09:59:20.866986,2111,PDSCH,0x46,50,4587,6,0,,,,,,,,,,,
51,gnb2,2026-08-19T09:59:20.923675,2112,PDSCH,0x46,50,4587,6,0,,,,,,,,,,,
51,gnb2,2026-08-19T09:59:20.969467,2113,PDSCH,0x46,50,4587,6,0,,,,,,,,,,,
51,gnb2,2026-08-19T09:59:21.006695,2114,PDSCH,0x46,50,4587,6,0,,,,,,,,,,,
51,gnb2,2026-08-19T09:59:21.046325,2115,PDSCH,0x46,50,4587,6,0,,,,,,,,,,,
51,gnb2,2026-08-19T09:59:21.143663,2116,PDSCH,0x46,50,4587,6,0,,,,,,,,,,,
51,gnb2,2026-08-19T09:59:21.209863,2117,PDSCH,0x46,50,4587,6,0,,,,,,,,,,,
51,gnb2,2026-08-19T09:59:21.266192,2118,PUSCH,0x46,,,,,2,2,185,4,117.8,81,,,,,
51,gnb2,2026-08-19T09:59:21.266453,2118,PDSCH,0x46,50,4587,6,0,,,,,,,,,,,
51,gnb2,2026-08-19T09:59:21.315323,2119,PDSCH,0x46,50,4587,6,0,,,,,,,,,,,
51,gnb2,2026-08-19T09:59:21.368051,2120,PDSCH,0x46,50,4587,6,0,,,,,,,,,,,
51,gnb2,2026-08-19T09:59:21.450265,2121,PUCCH_CQI,0x46,,,,,,,,,,,111.8,15,2a,,
51,gnb2,2026-08-19T09:59:21.450544,2121,PDSCH,0x46,47,4395,6,0,,,,,,,,,,,
51,gnb2,2026-08-19T09:59:21.509011,2122,PDSCH,0x46,50,4587,6,0,,,,,,,,,,,
51,gnb2,2026-08-19T09:59:21.564583,2123,PDSCH,0x46,50,4587,6,0,,,,,,,,,,,
51,gnb2,2026-08-19T09:59:21.674915,2124,PDSCH,0x46,50,4587,6,0,,,,,,,,,,,
51,gnb2,2026-08-19T09:59:21.754997,2125,PDSCH,0x46,50,4587,6,0,,,,,,,,,,,
51,gnb2,2026-08-19T09:59:21.806130,2126,PUSCH,0x46,,,,,2,2,185,4,117.8,90,,,,,
51,gnb2,2026-08-19T09:59:21.806445,2126,PDSCH,0x46,50,4587,6,0,,,,,,,,,,,
51,gnb2,2026-08-19T09:59:21.859854,2127,PUSCH,0x46,,,,,2,4,249,4,117.9,59,,,,,
51,gnb2,2026-08-19T09:59:21.860110,2127,PDSCH,0x46,50,4587,6,0,,,,,,,,,,,
51,gnb2,2026-08-19T09:59:21.912778,2128,PDSCH,0x46,50,4587,6,0,,,,,,,,,,,
51,gnb2,2026-08-19T09:59:21.953906,2129,PDSCH,0x46,50,4587,6,0,,,,,,,,,,,
51,gnb2,2026-08-19T09:59:21.992544,2130,PDSCH,0x46,50,4587,6,0,,,,,,,,,,,
51,gnb2,2026-08-19T09:59:22.029760,2131,PDSCH,0x46,50,4587,6,0,,,,,,,,,,,
51,gnb2,2026-08-19T09:59:22.060545,2132,PDSCH,0x46,50,4587,6,0,,,,,,,,,,,
51,gnb2,2026-08-19T09:59:22.093072,2133,PDSCH,0x46,50,4587,6,0,,,,,,,,,,,
51,gnb2,2026-08-19T09:59:22.124847,2134,PUSCH,0x46,,,,,2,3,193,4,117.9,55,,,,,
51,gnb2,2026-08-19T09:59:22.125109,2134,PDSCH,0x46,50,4587,6,0,,,,,,,,,,,
51,gnb2,2026-08-19T09:59:22.155781,2135,PUSCH,0x46,,,,,2,7,501,4,114.2,86,,,,,
51,gnb2,2026-08-19T09:59:22.156065,2135,PDSCH,0x46,50,4587,6,0,,,,,,,,,,,
51,gnb2,2026-08-19T09:59:22.196571,2136,PUSCH,0x46,,,,,2,4,269,4,117.9,74,,,,,
51,gnb2,2026-08-19T09:59:22.196841,2136,PDSCH,0x46,50,4587,6,0,,,,,,,,,,,
51,gnb2,2026-08-19T09:59:22.237607,2137,PDSCH,0x46,50,4587,6,0,,,,,,,,,,,
51,gnb2,2026-08-19T09:59:22.277928,2138,PDSCH,0x46,50,4587,6,0,,,,,,,,,,,
51,gnb2,2026-08-19T09:59:22.319385,2139,PDSCH,0x46,50,4587,6,0,,,,,,,,,,,
51,gnb2,2026-08-19T09:59:22.374873,2140,PDSCH,0x46,50,4587,6,0,,,,,,,,,,,
51,gnb2,2026-08-19T09:59:22.434758,2141,PDSCH,0x46,47,4395,6,0,,,,,,,,,,,
51,gnb2,2026-08-19T09:59:22.482848,2142,PUSCH,0x46,,,,,2,2,185,4,117.8,35,,,,,
51,gnb2,2026-08-19T09:59:22.483119,2142,PDSCH,0x46,50,4587,6,0,,,,,,,,,,,
51,gnb2,2026-08-19T09:59:22.525081,2143,PUSCH,0x46,,,,,2,23,1383,4,106.4,295,,,,,
51,gnb2,2026-08-19T09:59:22.525348,2143,PDSCH,0x46,50,4587,6,0,,,,,,,,,,,
51,gnb2,2026-08-19T09:59:22.575550,2144,PUSCH,0x46,,,,,2,8,517,4,111.4,140,,,,,
51,gnb2,2026-08-19T09:59:22.575785,2144,PDSCH,0x46,50,4587,6,0,,,,,,,,,,,
51,gnb2,2026-08-19T09:59:22.625730,2145,PUSCH,0x46,,,,,2,4,249,4,117.9,66,,,,,
51,gnb2,2026-08-19T09:59:22.625826,2145,PHR,,,,,,,,,,,,,,,,
51,gnb2,2026-08-19T09:59:22.626011,2145,PDSCH,0x46,50,4587,6,0,,,,,,,,,,,
51,gnb2,2026-08-19T09:59:22.681153,2146,PDSCH,0x46,50,4587,6,0,,,,,,,,,,,
51,gnb2,2026-08-19T09:59:22.723540,2147,PDSCH,0x46,50,4587,6,0,,,,,,,,,,,
51,gnb2,2026-08-19T09:59:22.764628,2148,PDSCH,0x46,50,4587,6,0,,,,,,,,,,,
51,gnb2,2026-08-19T09:59:22.804181,2149,PDSCH,0x46,50,4587,6,0,,,,,,,,,,,
51,gnb2,2026-08-19T09:59:22.833927,2150,PUSCH,0x46,,,,,2,3,193,4,118.0,67,,,,,
51,gnb2,2026-08-19T09:59:22.834179,2150,PDSCH,0x46,50,4587,6,0,,,,,,,,,,,
51,gnb2,2026-08-19T09:59:22.888609,2151,PUSCH,0x46,,,,,10,26,1692,4,107.1,276,,,,,
51,gnb2,2026-08-19T09:59:22.888811,2151,PDSCH,0x46,50,4587,6,0,,,,,,,,,,,
51,gnb2,2026-08-19T09:59:22.929808,2152,PUSCH,0x46,,,,,2,11,749,4,108.6,164,,,,,
51,gnb2,2026-08-19T09:59:22.930034,2152,PDSCH,0x46,50,4587,6,0,,,,,,,,,,,
51,gnb2,2026-08-19T09:59:22.973545,2153,PUSCH,0x46,,,,,2,7,469,4,114.3,98,,,,,
51,gnb2,2026-08-19T09:59:22.973777,2153,PDSCH,0x46,50,4587,6,0,,,,,,,,,,,
51,gnb2,2026-08-19T09:59:23.039577,2154,PDSCH,0x46,50,4587,6,0,,,,,,,,,,,
51,gnb2,2026-08-19T09:59:23.104785,2155,PDSCH,0x46,50,4587,6,0,,,,,,,,,,,
51,gnb2,2026-08-19T09:59:23.159671,2156,PDSCH,0x46,50,4587,6,0,,,,,,,,,,,
51,gnb2,2026-08-19T09:59:23.202068,2157,PDSCH,0x46,50,4587,6,0,,,,,,,,,,,
51,gnb2,2026-08-19T09:59:23.274226,2158,PDSCH,0x46,50,4587,6,0,,,,,,,,,,,
51,gnb2,2026-08-19T09:59:23.334448,2159,PDSCH,0x46,50,4587,6,0,,,,,,,,,,,
51,gnb2,2026-08-19T09:59:23.386043,2160,PDSCH,0x46,50,4587,6,0,,,,,,,,,,,
51,gnb2,2026-08-19T09:59:23.426069,2161,PUCCH_CQI,0x46,,,,,,,,,,,111.8,15,2a,,
51,gnb2,2026-08-19T09:59:23.426315,2161,PDSCH,0x46,47,4395,6,0,,,,,,,,,,,
51,gnb2,2026-08-19T09:59:23.461293,2162,PDSCH,0x46,50,4587,6,0,,,,,,,,,,,
51,gnb2,2026-08-19T09:59:23.501585,2163,PDSCH,0x46,50,4587,6,0,,,,,,,,,,,
51,gnb2,2026-08-19T09:59:23.542013,2164,PDSCH,0x46,50,4587,6,0,,,,,,,,,,,
51,gnb2,2026-08-19T09:59:23.576394,2165,PDSCH,0x46,50,4587,6,0,,,,,,,,,,,
51,gnb2,2026-08-19T09:59:23.614467,2166,PDSCH,0x46,50,4587,6,0,,,,,,,,,,,
51,gnb2,2026-08-19T09:59:23.669752,2167,PDSCH,0x46,50,4587,6,0,,,,,,,,,,,
51,gnb2,2026-08-19T09:59:23.734069,2168,PUSCH,0x46,,,,,2,8,517,4,111.4,101,,,,,
51,gnb2,2026-08-19T09:59:23.734311,2168,PDSCH,0x46,50,4587,6,0,,,,,,,,,,,
51,gnb2,2026-08-19T09:59:23.836845,2169,PDSCH,0x46,50,4587,6,0,,,,,,,,,,,
51,gnb2,2026-08-19T09:59:23.904272,2170,PDSCH,0x46,50,4587,6,0,,,,,,,,,,,
51,gnb2,2026-08-19T09:59:23.956286,2171,PDSCH,0x46,50,4587,6,0,,,,,,,,,,,
51,gnb2,2026-08-19T09:59:23.996722,2172,PDSCH,0x46,50,4587,6,0,,,,,,,,,,,
51,gnb2,2026-08-19T09:59:24.035238,2173,PDSCH,0x46,50,4587,6,0,,,,,,,,,,,
51,gnb2,2026-08-19T09:59:24.079667,2174,PDSCH,0x46,50,4587,6,0,,,,,,,,,,,
51,gnb2,2026-08-19T09:59:24.121987,2175,PDSCH,0x46,50,4587,6,0,,,,,,,,,,,
51,gnb2,2026-08-19T09:59:24.188580,2176,PDSCH,0x46,50,4587,6,0,,,,,,,,,,,
51,gnb2,2026-08-19T09:59:24.286523,2177,PUSCH,0x46,,,,,2,14,871,4,107.4,250,,,,,
51,gnb2,2026-08-19T09:59:24.286773,2177,PDSCH,0x46,50,4587,6,0,,,,,,,,,,,
51,gnb2,2026-08-19T09:59:24.404833,2178,PDSCH,0x46,50,4587,6,0,,,,,,,,,,,
51,gnb2,2026-08-19T09:59:24.472401,2179,PDSCH,0x46,50,4587,6,0,,,,,,,,,,,
51,gnb2,2026-08-19T09:59:24.526562,2180,PDSCH,0x46,50,4587,6,0,,,,,,,,,,,
51,gnb2,2026-08-19T09:59:24.582392,2181,PDSCH,0x46,47,4395,6,0,,,,,,,,,,,
51,gnb2,2026-08-19T09:59:24.682531,2182,PDSCH,0x46,50,4587,6,0,,,,,,,,,,,
51,gnb2,2026-08-19T09:59:24.744686,2183,PDSCH,0x46,50,4587,6,0,,,,,,,,,,,
51,gnb2,2026-08-19T09:59:24.793634,2184,PDSCH,0x46,50,4587,6,0,,,,,,,,,,,
51,gnb2,2026-08-19T09:59:24.851449,2185,PUSCH,0x46,,,,,2,14,871,4,107.4,269,,,,,
51,gnb2,2026-08-19T09:59:24.851701,2185,PDSCH,0x46,50,4587,6,0,,,,,,,,,,,
51,gnb2,2026-08-19T09:59:24.956833,2186,PUSCH,0x46,,,,,2,3,217,4,117.9,58,,,,,
51,gnb2,2026-08-19T09:59:24.957097,2186,PDSCH,0x46,50,4587,6,0,,,,,,,,,,,
51,gnb2,2026-08-19T09:59:25.031461,2187,PDSCH,0x46,50,4587,6,0,,,,,,,,,,,
51,gnb2,2026-08-19T09:59:25.084756,2188,PDSCH,0x46,50,4587,6,0,,,,,,,,,,,
51,gnb2,2026-08-19T09:59:25.128340,2189,PDSCH,0x46,50,4587,6,0,,,,,,,,,,,
51,gnb2,2026-08-19T09:59:25.167630,2190,PDSCH,0x46,50,4587,6,0,,,,,,,,,,,
51,gnb2,2026-08-19T09:59:25.205562,2191,PDSCH,0x46,50,4587,6,0,,,,,,,,,,,
51,gnb2,2026-08-19T09:59:25.244214,2192,PDSCH,0x46,50,4587,6,0,,,,,,,,,,,
51,gnb2,2026-08-19T09:59:25.272063,2193,PUSCH,0x46,,,,,2,14,871,4,107.4,133,,,,,
51,gnb2,2026-08-19T09:59:25.272325,2193,PDSCH,0x46,50,4587,6,0,,,,,,,,,,,
51,gnb2,2026-08-19T09:59:25.303163,2194,PUSCH,0x46,,,,,2,7,501,4,114.3,99,,,,,
51,gnb2,2026-08-19T09:59:25.303425,2194,PDSCH,0x46,50,4587,6,0,,,,,,,,,,,
51,gnb2,2026-08-19T09:59:25.332934,2195,PUSCH,0x46,,,,,2,3,233,4,117.9,109,,,,,
51,gnb2,2026-08-19T09:59:25.332949,2195,PHR,,,,,,,,,,,,,,,,
51,gnb2,2026-08-19T09:59:25.333299,2195,PDSCH,0x46,50,4587,6,0,,,,,,,,,,,
51,gnb2,2026-08-19T09:59:25.366541,2196,PDSCH,0x46,50,4587,6,0,,,,,,,,,,,
51,gnb2,2026-08-19T09:59:25.399881,2197,PDSCH,0x46,50,4587,6,0,,,,,,,,,,,
51,gnb2,2026-08-19T09:59:25.446607,2198,PDSCH,0x46,50,4587,6,0,,,,,,,,,,,
51,gnb2,2026-08-19T09:59:25.486992,2199,PDSCH,0x46,50,4587,6,0,,,,,,,,,,,
51,gnb2,2026-08-19T09:59:25.518986,2200,PDSCH,0x46,50,4587,6,0,,,,,,,,,,,
51,gnb2,2026-08-19T09:59:25.550055,2201,PUSCH,0x46,,,,,10,14,871,4,104.5,256,,,,,
51,gnb2,2026-08-19T09:59:25.550534,2201,PDSCH,0x46,47,4395,6,0,,,,,,,,,,,
51,gnb2,2026-08-19T09:59:25.550931,2202,PUSCH,0x46,,,,,2,3,233,4,117.9,82,,,,,
51,gnb2,2026-08-19T09:59:25.551407,2202,PDSCH,0x46,50,4587,6,0,,,,,,,,,,,
51,gnb2,2026-08-19T09:59:25.607995,2203,PUSCH,0x46,,,,,2,7,469,4,114.2,348,,,,,
51,gnb2,2026-08-19T09:59:25.608507,2203,PDSCH,0x46,50,4587,6,0,,,,,,,,,,,
51,gnb2,2026-08-19T09:59:25.609254,2204,PDSCH,0x46,50,4587,6,0,,,,,,,,,,,
51,gnb2,2026-08-19T09:59:25.639086,2205,PDSCH,0x46,50,4587,6,0,,,,,,,,,,,
51,gnb2,2026-08-19T09:59:25.739562,2206,PDSCH,0x46,50,4587,6,0,,,,,,,,,,,
51,gnb2,2026-08-19T09:59:25.780134,2207,PDSCH,0x46,50,4587,6,0,,,,,,,,,,,
51,gnb2,2026-08-19T09:59:25.823507,2208,PDSCH,0x46,50,4587,6,0,,,,,,,,,,,
51,gnb2,2026-08-19T09:59:25.864583,2209,PUSCH,0x46,,,,,2,14,871,4,107.4,269,,,,,
51,gnb2,2026-08-19T09:59:25.865070,2209,PDSCH,0x46,50,4587,6,0,,,,,,,,,,,
51,gnb2,2026-08-19T09:59:25.865696,2210,PUSCH,0x46,,,,,2,17,1191,4,106.8,315,,,,,
51,gnb2,2026-08-19T09:59:25.866176,2210,PDSCH,0x46,50,4587,6,0,,,,,,,,,,,
51,gnb2,2026-08-19T09:59:25.944730,2211,PUSCH,0x46,,,,,10,11,693,4,104.6,287,,,,,
51,gnb2,2026-08-19T09:59:25.945223,2211,PDSCH,0x46,50,4587,6,0,,,,,,,,,,,
51,gnb2,2026-08-19T09:59:25.945579,2212,PUSCH,0x46,,,,,2,4,269,4,117.9,91,,,,,
51,gnb2,2026-08-19T09:59:25.946016,2212,PDSCH,0x46,50,4587,6,0,,,,,,,,,,,
51,gnb2,2026-08-19T09:59:26.011077,2213,PDSCH,0x46,50,4587,6,0,,,,,,,,,,,
51,gnb2,2026-08-19T09:59:26.063312,2214,PDSCH,0x46,50,4587,6,0,,,,,,,,,,,
51,gnb2,2026-08-19T09:59:26.119765,2215,PDSCH,0x46,50,4587,6,0,,,,,,,,,,,
51,gnb2,2026-08-19T09:59:26.167896,2216,PDSCH,0x46,50,4587,6,0,,,,,,,,,,,
51,gnb2,2026-08-19T09:59:26.205643,2217,PUSCH,0x46,,,,,2,14,871,4,107.4,258,,,,,
51,gnb2,2026-08-19T09:59:26.206087,2217,PDSCH,0x46,50,4587,6,0,,,,,,,,,,,
51,gnb2,2026-08-19T09:59:26.249174,2218,PUSCH,0x46,,,,,2,23,1527,4,106.4,316,,,,,
51,gnb2,2026-08-19T09:59:26.249415,2218,PDSCH,0x46,50,4587,6,0,,,,,,,,,,,
51,gnb2,2026-08-19T09:59:26.291028,2219,PUSCH,0x46,,,,,2,14,871,4,107.4,135,,,,,
51,gnb2,2026-08-19T09:59:26.291271,2219,PDSCH,0x46,50,4587,6,0,,,,,,,,,,,
51,gnb2,2026-08-19T09:59:26.321309,2220,PDSCH,0x46,50,4587,6,0,,,,,,,,,,,
51,gnb2,2026-08-19T09:59:26.351081,2221,PDSCH,0x46,47,4395,6,0,,,,,,,,,,,
51,gnb2,2026-08-19T09:59:26.378559,2222,PDSCH,0x46,50,4587,6,0,,,,,,,,,,,
51,gnb2,2026-08-19T09:59:26.409874,2223,PDSCH,0x46,50,4587,6,0,,,,,,,,,,,
51,gnb2,2026-08-19T09:59:26.439758,2224,PDSCH,0x46,50,4587,6,0,,,,,,,,,,,
51,gnb2,2026-08-19T09:59:26.475229,2225,PDSCH,0x46,50,4587,6,0,,,,,,,,,,,
51,gnb2,2026-08-19T09:59:26.506247,2226,PDSCH,0x46,50,4587,6,0,,,,,,,,,,,
51,gnb2,2026-08-19T09:59:26.538044,2227,PDSCH,0x46,50,4587,6,0,,,,,,,,,,,
51,gnb2,2026-08-19T09:59:26.562949,2228,PUSCH,0x46,,,,,2,8,517,4,111.4,104,,,,,
51,gnb2,2026-08-19T09:59:26.563213,2228,PDSCH,0x46,50,4587,6,0,,,,,,,,,,,
51,gnb2,2026-08-19T09:59:26.588646,2229,PDSCH,0x46,50,4587,6,0,,,,,,,,,,,
51,gnb2,2026-08-19T09:59:26.624247,2230,PDSCH,0x46,50,4587,6,0,,,,,,,,,,,
51,gnb2,2026-08-19T09:59:26.677983,2231,PDSCH,0x46,50,4587,6,0,,,,,,,,,,,
51,gnb2,2026-08-19T09:59:26.717478,2232,PDSCH,0x46,50,4587,6,0,,,,,,,,,,,
51,gnb2,2026-08-19T09:59:26.757833,2233,PDSCH,0x46,50,4587,6,0,,,,,,,,,,,
51,gnb2,2026-08-19T09:59:26.797383,2234,PDSCH,0x46,50,4587,6,0,,,,,,,,,,,
51,gnb2,2026-08-19T09:59:26.827128,2235,PDSCH,0x46,50,4587,6,0,,,,,,,,,,,
51,gnb2,2026-08-19T09:59:26.857124,2236,PDSCH,0x46,50,4587,6,0,,,,,,,,,,,
51,gnb2,2026-08-19T09:59:26.888571,2237,PUSCH,0x46,,,,,2,4,293,4,117.9,117,,,,,
51,gnb2,2026-08-19T09:59:26.889116,2237,PDSCH,0x46,50,4587,6,0,,,,,,,,,,,
51,gnb2,2026-08-19T09:59:26.919067,2238,PDSCH,0x46,50,4587,6,0,,,,,,,,,,,
51,gnb2,2026-08-19T09:59:26.951867,2239,PDSCH,0x46,50,4587,6,0,,,,,,,,,,,
51,gnb2,2026-08-19T09:59:26.983476,2240,PDSCH,0x46,50,4587,6,0,,,,,,,,,,,
51,gnb2,2026-08-19T09:59:27.015641,2241,PUCCH_CQI,0x46,,,,,,,,,,,111.8,15,2a,,
51,gnb2,2026-08-19T09:59:27.016098,2241,PDSCH,0x46,47,4395,6,0,,,,,,,,,,,
51,gnb2,2026-08-19T09:59:27.062246,2242,PDSCH,0x46,50,4587,6,0,,,,,,,,,,,
51,gnb2,2026-08-19T09:59:27.118743,2243,PDSCH,0x46,50,4587,6,0,,,,,,,,,,,
51,gnb2,2026-08-19T09:59:27.163215,2244,PDSCH,0x46,50,4587,6,0,,,,,,,,,,,
51,gnb2,2026-08-19T09:59:27.204857,2245,PUSCH,0x46,,,,,2,4,293,4,117.9,105,,,,,
51,gnb2,2026-08-19T09:59:27.204924,2245,PHR,,,,,,,,,,,,,,,,
51,gnb2,2026-08-19T09:59:27.205345,2245,PDSCH,0x46,47,4395,6,0,,,,,,,,,,,
51,gnb2,2026-08-19T09:59:27.244000,2246,PUSCH,0x46,,,,,2,3,249,4,117.9,88,,,,,
51,gnb2,2026-08-19T09:59:27.244284,2246,PDSCH,0x46,50,4587,6,0,,,,,,,,,,,
51,gnb2,2026-08-19T09:59:27.290562,2247,PDSCH,0x46,50,4587,6,0,,,,,,,,,,,
51,gnb2,2026-08-19T09:59:27.324901,2248,PDSCH,0x46,50,4587,6,0,,,,,,,,,,,
51,gnb2,2026-08-19T09:59:27.357640,2249,PDSCH,0x46,50,4587,6,0,,,,,,,,,,,
51,gnb2,2026-08-19T09:59:27.403355,2250,PDSCH,0x46,50,4587,6,0,,,,,,,,,,,
51,gnb2,2026-08-19T09:59:27.458425,2251,PDSCH,0x46,50,4587,6,0,,,,,,,,,,,
51,gnb2,2026-08-19T09:59:27.512492,2252,PDSCH,0x46,50,4587,6,0,,,,,,,,,,,
51,gnb2,2026-08-19T09:59:27.576528,2253,PUSCH,0x46,,,,,2,4,293,4,118.0,56,,,,,
51,gnb2,2026-08-19T09:59:27.576779,2253,PDSCH,0x46,50,4587,6,0,,,,,,,,,,,
51,gnb2,2026-08-19T09:59:27.643749,2254,PUSCH,0x46,,,,,2,8,517,4,111.4,179,,,,,
51,gnb2,2026-08-19T09:59:27.644002,2254,PDSCH,0x46,50,4587,6,0,,,,,,,,,,,
51,gnb2,2026-08-19T09:59:27.695061,2255,PUSCH,0x46,,,,,2,3,249,4,117.9,92,,,,,
51,gnb2,2026-08-19T09:59:27.695442,2255,PDSCH,0x46,47,4395,6,0,,,,,,,,,,,
51,gnb2,2026-08-19T09:59:27.734836,2256,PDSCH,0x46,50,4587,6,0,,,,,,,,,,,
51,gnb2,2026-08-19T09:59:27.776017,2257,PDSCH,0x46,50,4587,6,0,,,,,,,,,,,
51,gnb2,2026-08-19T09:59:27.815385,2258,PDSCH,0x46,50,4587,6,0,,,,,,,,,,,
51,gnb2,2026-08-19T09:59:27.853644,2259,PDSCH,0x46,50,4587,6,0,,,,,,,,,,,
51,gnb2,2026-08-19T09:59:27.885065,2260,PDSCH,0x46,50,4587,6,0,,,,,,,,,,,
51,gnb2,2026-08-19T09:59:27.917855,2261,PUSCH,0x46,,,,,10,4,293,4,104.5,93,,,,,
51,gnb2,2026-08-19T09:59:27.918116,2261,PDSCH,0x46,47,4395,6,0,,,,,,,,,,,
51,gnb2,2026-08-19T09:59:27.973177,2262,PUSCH,0x46,,,,,2,9,621,4,110.0,128,,,,,
51,gnb2,2026-08-19T09:59:27.973430,2262,PDSCH,0x46,50,4587,6,0,,,,,,,,,,,
51,gnb2,2026-08-19T09:59:28.014569,2263,PUSCH,0x46,,,,,2,7,501,4,114.2,91,,,,,
51,gnb2,2026-08-19T09:59:28.014833,2263,PDSCH,0x46,50,4587,6,0,,,,,,,,,,,
51,gnb2,2026-08-19T09:59:28.283565,2264,PUSCH,0x46,,,,,2,3,249,4,117.9,67,,,,,
51,gnb2,2026-08-19T09:59:28.283817,2264,PDSCH,0x46,50,4587,6,0,,,,,,,,,,,
51,gnb2,2026-08-19T09:59:28.336359,2265,PDSCH,0x46,50,4587,6,0,,,,,,,,,,,
51,gnb2,2026-08-19T09:59:28.402362,2266,PDSCH,0x46,50,4587,6,0,,,,,,,,,,,
51,gnb2,2026-08-19T09:59:28.460066,2267,PDSCH,0x46,50,4587,6,0,,,,,,,,,,,
51,gnb2,2026-08-19T09:59:28.527430,2268,PDSCH,0x46,50,4587,6,0,,,,,,,,,,,
51,gnb2,2026-08-19T09:59:28.592165,2269,PUSCH,0x46,,,,,2,4,293,4,118.0,60,,,,,
51,gnb2,2026-08-19T09:59:28.592427,2269,PDSCH,0x46,50,4587,6,0,,,,,,,,,,,
51,gnb2,2026-08-19T09:59:28.639617,2270,PDSCH,0x46,50,4587,6,0,,,,,,,,,,,
51,gnb2,2026-08-19T09:59:28.679396,2271,PUSCH,0x46,,,,,10,8,573,4,104.5,121,,,,,
51,gnb2,2026-08-19T09:59:28.679714,2271,PDSCH,0x46,50,4587,6,0,,,,,,,,,,,
51,gnb2,2026-08-19T09:59:28.720575,2272,PDSCH,0x46,50,4587,6,0,,,,,,,,,,,
51,gnb2,2026-08-19T09:59:28.765745,2273,PDSCH,0x46,50,4587,6,0,,,,,,,,,,,
51,gnb2,2026-08-19T09:59:28.824301,2274,PDSCH,0x46,50,4587,6,0,,,,,,,,,,,
51,gnb2,2026-08-19T09:59:28.891226,2275,PDSCH,0x46,50,4587,6,0,,,,,,,,,,,
51,gnb2,2026-08-19T09:59:28.948530,2276,PDSCH,0x46,50,4587,6,0,,,,,,,,,,,
51,gnb2,2026-08-19T09:59:28.987340,2277,PDSCH,0x46,50,4587,6,0,,,,,,,,,,,
51,gnb2,2026-08-19T09:59:29.022146,2278,PDSCH,0x46,50,4587,6,0,,,,,,,,,,,
51,gnb2,2026-08-19T09:59:29.058500,2279,PUSCH,0x46,,,,,2,0,55,4,117.7,38,,,,,
51,gnb2,2026-08-19T09:59:29.058747,2279,PDSCH,0x46,50,4587,6,0,,,,,,,,,,,
51,gnb2,2026-08-19T09:59:29.098044,2280,PDSCH,0x46,50,4587,6,0,,,,,,,,,,,
51,gnb2,2026-08-19T09:59:29.123493,2281,PUCCH_CQI,0x46,,,,,,,,,,,111.8,15,2a,,
51,gnb2,2026-08-19T09:59:29.123735,2281,PDSCH,0x46,47,4395,6,0,,,,,,,,,,,
51,gnb2,2026-08-19T09:59:29.152813,2282,PDSCH,0x46,50,4587,6,0,,,,,,,,,,,
51,gnb2,2026-08-19T09:59:29.185861,2283,PDSCH,0x46,50,4587,6,0,,,,,,,,,,,
51,gnb2,2026-08-19T09:59:29.217408,2284,PDSCH,0x46,50,4587,6,0,,,,,,,,,,,
51,gnb2,2026-08-19T09:59:29.247302,2285,PDSCH,0x46,50,4587,6,0,,,,,,,,,,,
51,gnb2,2026-08-19T09:59:29.280316,2286,PDSCH,0x46,50,4587,6,0,,,,,,,,,,,
51,gnb2,2026-08-19T09:59:29.326082,2287,PDSCH,0x46,50,4587,6,0,,,,,,,,,,,
51,gnb2,2026-08-19T09:59:29.378575,2288,PUSCH,0x46,,,,,2,9,621,4,110.0,181,,,,,
51,gnb2,2026-08-19T09:59:29.378830,2288,PDSCH,0x46,50,4587,6,0,,,,,,,,,,,
51,gnb2,2026-08-19T09:59:29.426037,2289,PDSCH,0x46,50,4587,6,0,,,,,,,,,,,
51,gnb2,2026-08-19T09:59:29.493642,2290,PDSCH,0x46,50,4587,6,0,,,,,,,,,,,
51,gnb2,2026-08-19T09:59:29.545453,2291,PDSCH,0x46,50,4587,6,0,,,,,,,,,,,
51,gnb2,2026-08-19T09:59:29.585445,2292,PDSCH,0x46,50,4587,6,0,,,,,,,,,,,
51,gnb2,2026-08-19T09:59:29.627975,2293,PDSCH,0x46,50,4587,6,0,,,,,,,,,,,
51,gnb2,2026-08-19T09:59:29.684840,2294,PDSCH,0x46,50,4587,6,0,,,,,,,,,,,
51,gnb2,2026-08-19T09:59:29.731394,2295,PDSCH,0x46,50,4587,6,0,,,,,,,,,,,
51,gnb2,2026-08-19T09:59:29.776753,2296,PUSCH,0x46,,,,,2,9,621,4,110.0,107,,,,,
51,gnb2,2026-08-19T09:59:29.776770,2296,PHR,,,,,,,,,,,,,,,,
51,gnb2,2026-08-19T09:59:29.777024,2296,PDSCH,0x46,50,4587,6,0,,,,,,,,,,,
51,gnb2,2026-08-19T09:59:29.818366,2297,PUSCH,0x46,,,,,2,3,249,4,118.0,47,,,,,
51,gnb2,2026-08-19T09:59:29.818620,2297,PDSCH,0x46,50,4587,6,0,,,,,,,,,,,
51,gnb2,2026-08-19T09:59:29.856869,2298,PDSCH,0x46,50,4587,6,0,,,,,,,,,,,
51,gnb2,2026-08-19T09:59:29.896301,2299,PDSCH,0x46,50,4587,6,0,,,,,,,,,,,
51,gnb2,2026-08-19T09:59:29.928052,2300,PDSCH,0x46,50,4587,6,0,,,,,,,,,,,
51,gnb2,2026-08-19T09:59:29.958666,2301,PDSCH,0x46,47,4395,6,0,,,,,,,,,,,
51,gnb2,2026-08-19T09:59:29.990145,2302,PDSCH,0x46,50,4587,6,0,,,,,,,,,,,
51,gnb2,2026-08-19T09:59:30.025147,2303,PDSCH,0x46,50,4587,6,0,,,,,,,,,,,
51,gnb2,2026-08-19T09:59:30.055164,2304,PUSCH,0x46,,,,,2,9,621,4,110.0,195,,,,,
51,gnb2,2026-08-19T09:59:30.055729,2304,PDSCH,0x46,50,4587,6,0,,,,,,,,,,,
51,gnb2,2026-08-19T09:59:30.056184,2305,PUSCH,0x46,,,,,2,8,517,4,111.4,169,,,,,
51,gnb2,2026-08-19T09:59:30.056666,2305,PDSCH,0x46,50,4587,6,0,,,,,,,,,,,
51,gnb2,2026-08-19T09:59:30.161263,2306,PUSCH,0x46,,,,,2,3,249,4,117.9,135,,,,,
51,gnb2,2026-08-19T09:59:30.161547,2306,PDSCH,0x46,50,4587,6,0,,,,,,,,,,,
51,gnb2,2026-08-19T09:59:30.204802,2307,PDSCH,0x46,50,4587,6,0,,,,,,,,,,,
51,gnb2,2026-08-19T09:59:30.244240,2308,PDSCH,0x46,50,4587,6,0,,,,,,,,,,,
51,gnb2,2026-08-19T09:59:30.287386,2309,PDSCH,0x46,50,4587,6,0,,,,,,,,,,,
51,gnb2,2026-08-19T09:59:30.329183,2310,PDSCH,0x46,50,4587,6,0,,,,,,,,,,,
51,gnb2,2026-08-19T09:59:30.361553,2311,PDSCH,0x46,50,4587,6,0,,,,,,,,,,,
51,gnb2,2026-08-19T09:59:30.391994,2312,PUSCH,0x46,,,,,2,9,621,4,110.0,175,,,,,
51,gnb2,2026-08-19T09:59:30.392467,2312,PDSCH,0x46,50,4587,6,0,,,,,,,,,,,
51,gnb2,2026-08-19T09:59:30.427092,2313,PDSCH,0x46,50,4587,6,0,,,,,,,,,,,
51,gnb2,2026-08-19T09:59:30.493458,2314,PDSCH,0x46,50,4587,6,0,,,,,,,,,,,
51,gnb2,2026-08-19T09:59:30.561189,2315,PDSCH,0x46,50,4587,6,0,,,,,,,,,,,
51,gnb2,2026-08-19T09:59:30.612083,2316,PDSCH,0x46,50,4587,6,0,,,,,,,,,,,
51,gnb2,2026-08-19T09:59:30.647499,2317,PDSCH,0x46,50,4587,6,0,,,,,,,,,,,
51,gnb2,2026-08-19T09:59:30.690770,2318,PDSCH,0x46,50,4587,6,0,,,,,,,,,,,
51,gnb2,2026-08-19T09:59:30.731707,2319,PDSCH,0x46,50,4587,6,0,,,,,,,,,,,
51,gnb2,2026-08-19T09:59:30.759656,2320,PDSCH,0x46,50,4587,6,0,,,,,,,,,,,
51,gnb2,2026-08-19T09:59:30.791923,2321,PUCCH_CQI,0x46,,,,,,,,,,,111.8,15,2a,,
51,gnb2,2026-08-19T09:59:30.792175,2321,PDSCH,0x46,47,4395,6,0,,,,,,,,,,,
51,gnb2,2026-08-19T09:59:30.824352,2322,PDSCH,0x46,50,4587,6,0,,,,,,,,,,,
51,gnb2,2026-08-19T09:59:30.853724,2323,PDSCH,0x46,50,4587,6,0,,,,,,,,,,,
51,gnb2,2026-08-19T09:59:30.884443,2324,PDSCH,0x46,50,4587,6,0,,,,,,,,,,,
51,gnb2,2026-08-19T09:59:30.919196,2325,PDSCH,0x46,45,3542,6,0,,,,,,,,,,,
51,gnb2,2026-08-19T09:59:31.032108,2328,PUSCH,0x46,,,,,2,8,517,4,111.4,102,,,,,
51,gnb2,2026-08-19T09:59:31.343424,2337,PUSCH,0x46,,,,,2,24,1572,4,106.6,266,,,,,
51,gnb2,2026-08-19T09:59:31.377941,2338,PDSCH,0x46,3,173,6,0,,,,,,,,,,,
51,gnb2,2026-08-19T09:59:31.676084,2345,PUSCH,0x46,,,,,2,24,1572,4,106.6,252,,,,,
51,gnb2,2026-08-19T09:59:31.714635,2346,PUSCH,0x46,,,,,2,3,249,4,117.9,52,,,,,
51,gnb2,2026-08-19T09:59:31.714676,2346,PHR,,,,,,,,,,,,,,,,
51,gnb2,2026-08-19T09:59:31.714876,2346,PDSCH,0x46,39,2961,6,0,,,,,,,,,,,
51,gnb2,2026-08-19T09:59:31.815721,2349,PDSCH,0x46,3,7,2,0,,,,,,,,,,,
51,gnb2,2026-08-19T09:59:31.992320,2353,PUSCH,0x46,,,,,2,24,1572,4,106.6,258,,,,,
51,gnb2,2026-08-19T09:59:32.045238,2354,PDSCH,0x46,6,373,6,0,,,,,,,,,,,
51,gnb2,2026-08-19T09:59:32.310934,2361,PUCCH_CQI,0x46,,,,,,,,,,,111.8,15,2,,
51,gnb2,2026-08-19T09:59:32.641982,2368,PUSCH,0x46,,,,,2,8,517,4,111.4,153,,,,,
51,gnb2,2026-08-19T09:59:32.712221,2369,PDSCH,0x46,3,63,4,0,,,,,,,,,,,
51,gnb2,2026-08-19T09:59:33.546713,2388,PUSCH,0x46,,,,,2,8,517,4,111.4,90,,,,,
51,gnb2,2026-08-19T09:59:34.147427,2399,PDSCH,0x46,3,7,2,0,,,,,,,,,,,
51,gnb2,2026-08-19T09:59:34.239486,2401,PUCCH_CQI,0x46,,,,,,,,,,,111.8,15,2,,
51,gnb2,2026-08-19T09:59:34.491070,2408,PUSCH,0x46,,,,,2,8,517,4,111.4,109,,,,,
51,gnb2,2026-08-19T09:59:34.491174,2408,PHR,,,,,,,,,,,,,,,,
51,gnb2,2026-08-19T09:59:35.329262,2428,PUSCH,0x46,,,,,2,8,517,4,111.4,89,,,,,
51,gnb2,2026-08-19T09:59:36.008898,2441,PUCCH_CQI,0x46,,,,,,,,,,,111.8,15,2,,
51,gnb2,2026-08-19T09:59:36.260036,2448,PUSCH,0x46,,,,,2,8,517,4,111.4,205,,,,,
51,gnb2,2026-08-19T09:59:36.296215,2449,PDSCH,0x46,3,7,2,0,,,,,,,,,,,
51,gnb2,2026-08-19T09:59:37.104401,2468,PUSCH,0x46,,,,,2,8,517,4,111.4,95,,,,,
51,gnb2,2026-08-19T09:59:37.104463,2468,PHR,,,,,,,,,,,,,,,,
51,gnb2,2026-08-19T09:59:37.814726,2481,PUCCH_CQI,0x46,,,,,,,,,,,111.8,15,2,,
51,gnb2,2026-08-19T09:59:38.204394,2488,PUSCH,0x46,,,,,2,8,517,4,111.4,87,,,,,
51,gnb2,2026-08-19T09:59:38.718061,2499,PDSCH,0x46,3,7,2,0,,,,,,,,,,,
52,gnb2,2026-08-19T10:05:29.988342,342,PDSCH,0x2,3,11,2,0,,,,,,,,,,,
52,gnb2,2026-08-19T10:05:30.296446,352,PUSCH,0x46,,,,,2,2,7,2,117.9,97,,,,,
52,gnb2,2026-08-19T10:05:30.365824,354,PDSCH,0x46,3,32,2,0,,,,,,,,,,,
52,gnb2,2026-08-19T10:05:30.628174,361,PUCCH_CQI,0x46,,,,,,,,,,,-inf,0,2,,
52,gnb2,2026-08-19T10:05:31.977955,388,PUSCH,0x46,,,,,2,44,157,2,109.0,341,,,,,
52,gnb2,2026-08-19T10:05:31.977995,388,PHR,,,,,,,,,,,,,,,,
52,gnb2,2026-08-19T10:05:32.033387,389,PDSCH,0x46,3,7,2,0,,,,,,,,,,,
52,gnb2,2026-08-19T10:05:32.115905,390,PDSCH,0x46,6,51,2,0,,,,,,,,,,,
52,gnb2,2026-08-19T10:05:32.626470,401,PUCCH_CQI,0x46,,,,,,,,,,,111.8,15,2,,
52,gnb2,2026-08-19T10:05:32.869082,408,PUSCH,0x46,,,,,2,8,517,4,111.4,261,,,,,
52,gnb2,2026-08-19T10:05:32.902870,409,PDSCH,0x46,3,7,2,0,,,,,,,,,,,
52,gnb2,2026-08-19T10:05:32.946808,410,PDSCH,0x46,3,41,2,0,,,,,,,,,,,
52,gnb2,2026-08-19T10:05:33.621678,428,PUSCH,0x46,,,,,2,8,517,4,111.4,114,,,,,
52,gnb2,2026-08-19T10:05:33.654480,429,PDSCH,0x46,3,7,2,0,,,,,,,,,,,
52,gnb2,2026-08-19T10:05:33.677981,430,PDSCH,0x46,3,26,2,0,,,,,,,,,,,
52,gnb2,2026-08-19T10:05:33.999924,441,PUCCH_CQI,0x46,,,,,,,,,,,111.8,15,2,,
52,gnb2,2026-08-19T10:05:34.207225,448,PUSCH,0x46,,,,,2,8,517,4,111.4,91,,,,,
52,gnb2,2026-08-19T10:05:34.207271,448,PHR,,,,,,,,,,,,,,,,
52,gnb2,2026-08-19T10:05:34.249925,449,PDSCH,0x46,3,7,2,0,,,,,,,,,,,
52,gnb2,2026-08-19T10:05:34.290778,450,PDSCH,0x46,3,18,2,0,,,,,,,,,,,
52,gnb2,2026-08-19T10:05:34.930711,468,PUSCH,0x46,,,,,2,8,517,4,111.4,90,,,,,
52,gnb2,2026-08-19T10:05:34.983678,469,PDSCH,0x46,3,7,2,0,,,,,,,,,,,
52,gnb2,2026-08-19T10:05:35.028678,470,PDSCH,0x46,3,18,2,0,,,,,,,,,,,
52,gnb2,2026-08-19T10:05:35.619429,481,PUCCH_CQI,0x46,,,,,,,,,,,111.8,15,2,,
52,gnb2,2026-08-19T10:05:35.949192,488,PUSCH,0x46,,,,,2,8,517,4,111.4,89,,,,,
52,gnb2,2026-08-19T10:05:35.990478,489,PDSCH,0x46,3,7,2,0,,,,,,,,,,,
52,gnb2,2026-08-19T10:05:36.024785,490,PDSCH,0x46,3,113,4,0,,,,,,,,,,,
52,gnb2,2026-08-19T10:05:36.850490,508,PUSCH,0x46,,,,,2,8,517,4,111.4,105,,,,,
52,gnb2,2026-08-19T10:05:36.850587,508,PHR,,,,,,,,,,,,,,,,
52,gnb2,2026-08-19T10:05:36.915944,509,PDSCH,0x46,3,18,2,0,,,,,,,,,,,
52,gnb2,2026-08-19T10:05:37.156198,514,PDSCH,0x46,3,73,4,0,,,,,,,,,,,
52,gnb2,2026-08-19T10:05:37.490960,521,PUCCH_CQI,0x46,,,,,,,,,,,111.8,15,2,,
52,gnb2,2026-08-19T10:05:38.636769,548,PUSCH,0x46,,,,,2,8,517,4,111.4,110,,,,,
52,gnb2,2026-08-19T10:05:39.234071,561,PUCCH_CQI,0x46,,,,,,,,,,,111.8,15,2,,
52,gnb2,2026-08-19T10:05:40.841238,601,PUCCH_CQI,0x46,,,,,,,,,,,111.8,15,2,,
52,gnb2,2026-08-19T10:05:42.620695,641,PUCCH_CQI,0x46,,,,,,,,,,,111.8,15,2,,
52,gnb2,2026-08-19T10:05:44.676724,681,PUCCH_CQI,0x46,,,,,,,,,,,111.8,15,2,,
52,gnb2,2026-08-19T10:05:46.545154,721,PUCCH_CQI,0x46,,,,,,,,,,,111.8,15,2,,
52,gnb2,2026-08-19T10:05:48.495904,761,PUCCH_CQI,0x46,,,,,,,,,,,111.8,15,2,,
52,gnb2,2026-08-19T10:05:50.503205,801,PUCCH_CQI,0x46,,,,,,,,,,,111.8,15,2,,
52,gnb2,2026-08-19T10:05:52.222712,841,PUCCH_CQI,0x46,,,,,,,,,,,111.8,15,2,,
52,gnb2,2026-08-19T10:05:54.170331,881,PUCCH_CQI,0x46,,,,,,,,,,,111.8,15,2,,
52,gnb2,2026-08-19T10:05:56.012847,921,PUCCH_CQI,0x46,,,,,,,,,,,111.8,15,2,,
52,gnb2,2026-08-19T10:05:57.675475,961,PUCCH_CQI,0x46,,,,,,,,,,,111.8,15,2,,
52,gnb2,2026-08-19T10:05:59.774678,1001,PUCCH_CQI,0x46,,,,,,,,,,,111.8,15,2,,
52,gnb2,2026-08-19T10:06:02.055673,1041,PUCCH_CQI,0x46,,,,,,,,,,,111.8,15,2,,
52,gnb2,2026-08-19T10:06:04.402990,1081,PUCCH_CQI,0x46,,,,,,,,,,,111.8,15,2,,
52,gnb2,2026-08-19T10:06:06.012488,1121,PUCCH_CQI,0x46,,,,,,,,,,,111.8,15,2,,
52,gnb2,2026-08-19T10:06:07.219280,1161,PUCCH_CQI,0x46,,,,,,,,,,,111.8,15,2,,
52,gnb2,2026-08-19T10:06:09.026115,1201,PUCCH_CQI,0x46,,,,,,,,,,,111.8,15,2,,
52,gnb2,2026-08-19T10:06:10.667934,1241,PUCCH_CQI,0x46,,,,,,,,,,,111.8,15,2,,
52,gnb2,2026-08-19T10:06:12.510976,1281,PUCCH_CQI,0x46,,,,,,,,,,,111.8,15,2,,
52,gnb2,2026-08-19T10:06:14.105758,1321,PUCCH_CQI,0x46,,,,,,,,,,,111.8,15,2,,
52,gnb2,2026-08-19T10:06:15.673623,1361,PUCCH_CQI,0x46,,,,,,,,,,,111.8,15,2,,
52,gnb2,2026-08-19T10:06:17.551489,1401,PUCCH_CQI,0x46,,,,,,,,,,,111.8,15,2,,
52,gnb2,2026-08-19T10:06:19.410680,1441,PUCCH_CQI,0x46,,,,,,,,,,,111.8,15,2,,
52,gnb2,2026-08-19T10:06:21.471536,1481,PUCCH_CQI,0x46,,,,,,,,,,,111.8,15,2,,
52,gnb2,2026-08-19T10:06:21.810807,1488,PUSCH,0x46,,,,,2,8,517,4,111.4,181,,,,,
52,gnb2,2026-08-19T10:06:21.810820,1488,PHR,,,,,,,,,,,,,,,,
52,gnb2,2026-08-19T10:06:21.840119,1489,PDSCH,0x46,3,7,2,0,,,,,,,,,,,
52,gnb2,2026-08-19T10:06:22.715850,1508,PUSCH,0x46,,,,,2,8,517,4,111.4,91,,,,,
52,gnb2,2026-08-19T10:06:23.234957,1521,PUCCH_CQI,0x46,,,,,,,,,,,111.8,15,2,,
52,gnb2,2026-08-19T10:06:24.059133,1540,PDSCH,0x46,3,7,2,0,,,,,,,,,,,
52,gnb2,2026-08-19T10:06:24.356110,1548,PUSCH,0x46,,,,,2,8,517,4,111.4,184,,,,,
52,gnb2,2026-08-19T10:06:24.356182,1548,PHR,,,,,,,,,,,,,,,,
52,gnb2,2026-08-19T10:06:24.863597,1561,PUCCH_CQI,0x46,,,,,,,,,,,111.8,15,2,,
52,gnb2,2026-08-19T10:06:25.975583,1590,PDSCH,0x46,3,7,2,0,,,,,,,,,,,
52,gnb2,2026-08-19T10:06:26.373416,1601,PUCCH_CQI,0x46,,,,,,,,,,,111.8,15,2,,
52,gnb2,2026-08-19T10:06:26.608931,1608,PUSCH,0x46,,,,,2,8,517,4,111.4,112,,,,,
52,gnb2,2026-08-19T10:06:26.609019,1608,PHR,,,,,,,,,,,,,,,,
52,gnb2,2026-08-19T10:06:27.321226,1628,PUSCH,0x46,,,,,2,8,517,4,111.4,87,,,,,
52,gnb2,2026-08-19T10:06:27.853507,1640,PDSCH,0x46,3,7,2,0,,,,,,,,,,,
52,gnb2,2026-08-19T10:06:27.900772,1641,PUCCH_CQI,0x46,,,,,,,,,,,111.8,15,2,,
52,gnb2,2026-08-19T10:06:29.317985,1681,PUCCH_CQI,0x46,,,,,,,,,,,111.8,15,2,,
52,gnb2,2026-08-19T10:06:29.610010,1688,PUSCH,0x46,,,,,2,8,517,4,111.4,186,,,,,
52,gnb2,2026-08-19T10:06:29.610063,1688,PHR,,,,,,,,,,,,,,,,
52,gnb2,2026-08-19T10:06:29.715568,1691,PDSCH,0x46,3,7,2,0,,,,,,,,,,,
52,gnb2,2026-08-19T10:06:31.205104,1721,PUCCH_CQI,0x46,,,,,,,,,,,111.8,15,2,,
52,gnb2,2026-08-19T10:06:32.690690,1761,PUCCH_CQI,0x46,,,,,,,,,,,111.8,15,2,,
52,gnb2,2026-08-19T10:06:33.794669,1788,PUSCH,0x46,,,,,2,8,517,4,111.4,124,,,,,
52,gnb2,2026-08-19T10:06:33.794684,1788,PHR,,,,,,,,,,,,,,,,
52,gnb2,2026-08-19T10:06:33.827442,1789,PDSCH,0x46,3,7,2,0,,,,,,,,,,,
52,gnb2,2026-08-19T10:06:34.326531,1801,PUCCH_CQI,0x46,,,,,,,,,,,111.8,15,2,,
52,gnb2,2026-08-19T10:06:35.821874,1841,PUCCH_CQI,0x46,,,,,,,,,,,111.8,15,2,,
52,gnb2,2026-08-19T10:06:36.804154,1868,PUSCH,0x46,,,,,2,8,517,4,111.4,119,,,,,
52,gnb2,2026-08-19T10:06:36.804257,1868,PHR,,,,,,,,,,,,,,,,
52,gnb2,2026-08-19T10:06:36.841581,1869,PDSCH,0x46,3,7,2,0,,,,,,,,,,,
52,gnb2,2026-08-19T10:06:37.229106,1881,PUCCH_CQI,0x46,,,,,,,,,,,111.8,15,2,,
52,gnb2,2026-08-19T10:06:37.490858,1888,PUSCH,0x46,,,,,2,8,517,4,111.4,88,,,,,
52,gnb2,2026-08-19T10:06:38.547299,1919,PDSCH,0x46,3,7,2,0,,,,,,,,,,,
52,gnb2,2026-08-19T10:06:38.637069,1921,PUCCH_CQI,0x46,,,,,,,,,,,111.8,15,2,,
52,gnb2,2026-08-19T10:06:39.004192,1928,PUSCH,0x46,,,,,2,8,517,4,111.4,103,,,,,
52,gnb2,2026-08-19T10:06:39.004268,1928,PHR,,,,,,,,,,,,,,,,
52,gnb2,2026-08-19T10:06:39.911866,1948,PUSCH,0x46,,,,,2,8,517,4,111.4,166,,,,,
52,gnb2,2026-08-19T10:06:40.495328,1961,PUCCH_CQI,0x46,,,,,,,,,,,111.8,15,2,,
52,gnb2,2026-08-19T10:06:40.981424,1968,PUSCH,0x46,,,,,2,8,517,4,111.4,84,,,,,
52,gnb2,2026-08-19T10:06:41.037222,1969,PDSCH,0x46,3,7,2,0,,,,,,,,,,,
52,gnb2,2026-08-19T10:06:42.507635,2001,PUCCH_CQI,0x46,,,,,,,,,,,111.8,15,2,,
52,gnb2,2026-08-19T10:06:44.064084,2041,PUCCH_CQI,0x46,,,,,,,,,,,111.8,15,2,,
52,gnb2,2026-08-19T10:06:45.486813,2081,PUCCH_CQI,0x46,,,,,,,,,,,111.8,15,2,,
52,gnb2,2026-08-19T10:06:47.080387,2121,PUCCH_CQI,0x46,,,,,,,,,,,111.8,15,2,,
52,gnb2,2026-08-19T10:06:47.532891,2128,PUSCH,0x46,,,,,,,,,,,,,,,
53,gnb2,2026-08-19T10:12:40.236751,342,PDSCH,0x2,3,11,2,0,,,,,,,,,,,
53,gnb2,2026-08-19T10:12:40.821950,352,PUSCH,0x46,,,,,2,2,7,2,117.9,100,,,,,
53,gnb2,2026-08-19T10:12:40.890295,354,PDSCH,0x46,3,32,2,0,,,,,,,,,,,
53,gnb2,2026-08-19T10:12:41.112539,361,PUCCH_CQI,0x46,,,,,,,,,,,-inf,0,2,,
53,gnb2,2026-08-19T10:12:42.158315,388,PUSCH,0x46,,,,,2,44,157,2,109.0,529,,,,,
53,gnb2,2026-08-19T10:12:42.158406,388,PHR,,,,,,,,,,,,,,,,
53,gnb2,2026-08-19T10:12:42.187660,389,PDSCH,0x46,3,7,2,0,,,,,,,,,,,
53,gnb2,2026-08-19T10:12:42.218171,390,PDSCH,0x46,6,51,2,0,,,,,,,,,,,
53,gnb2,2026-08-19T10:12:42.708621,401,PUCCH_CQI,0x46,,,,,,,,,,,111.8,15,2,,
53,gnb2,2026-08-19T10:12:42.931770,408,PUSCH,0x46,,,,,2,8,517,4,111.4,238,,,,,
53,gnb2,2026-08-19T10:12:42.965180,409,PDSCH,0x46,3,7,2,0,,,,,,,,,,,
53,gnb2,2026-08-19T10:12:43.000946,410,PDSCH,0x46,3,41,2,0,,,,,,,,,,,
53,gnb2,2026-08-19T10:12:43.653102,428,PUSCH,0x46,,,,,2,8,517,4,111.4,156,,,,,
53,gnb2,2026-08-19T10:12:43.680669,429,PDSCH,0x46,3,7,2,0,,,,,,,,,,,
53,gnb2,2026-08-19T10:12:43.709664,430,PDSCH,0x46,3,26,2,0,,,,,,,,,,,
53,gnb2,2026-08-19T10:12:44.222088,441,PUCCH_CQI,0x46,,,,,,,,,,,111.8,15,2,,
53,gnb2,2026-08-19T10:12:44.471131,448,PUSCH,0x46,,,,,2,8,517,4,111.4,161,,,,,
53,gnb2,2026-08-19T10:12:44.471205,448,PHR,,,,,,,,,,,,,,,,
53,gnb2,2026-08-19T10:12:44.505447,449,PDSCH,0x46,3,7,2,0,,,,,,,,,,,
53,gnb2,2026-08-19T10:12:44.586968,450,PDSCH,0x46,3,18,2,0,,,,,,,,,,,
53,gnb2,2026-08-19T10:12:45.385342,468,PUSCH,0x46,,,,,2,8,517,4,111.4,155,,,,,
53,gnb2,2026-08-19T10:12:45.414642,469,PDSCH,0x46,3,22,2,0,,,,,,,,,,,
53,gnb2,2026-08-19T10:12:45.807704,481,PUCCH_CQI,0x46,,,,,,,,,,,111.8,15,2,,
53,gnb2,2026-08-19T10:12:46.037614,488,PUSCH,0x46,,,,,2,8,517,4,111.4,162,,,,,
53,gnb2,2026-08-19T10:12:46.067889,489,PDSCH,0x46,3,7,2,0,,,,,,,,,,,
53,gnb2,2026-08-19T10:12:46.098118,490,PDSCH,0x46,3,113,4,0,,,,,,,,,,,
53,gnb2,2026-08-19T10:12:46.713329,508,PUSCH,0x46,,,,,2,8,517,4,111.4,166,,,,,
53,gnb2,2026-08-19T10:12:46.713367,508,PHR,,,,,,,,,,,,,,,,
53,gnb2,2026-08-19T10:12:46.744068,509,PDSCH,0x46,3,18,2,0,,,,,,,,,,,
53,gnb2,2026-08-19T10:12:46.951902,516,PDSCH,0x46,3,73,4,0,,,,,,,,,,,
53,gnb2,2026-08-19T10:12:47.130857,521,PUCCH_CQI,0x46,,,,,,,,,,,111.8,15,2,,
53,gnb2,2026-08-19T10:12:48.373082,548,PUSCH,0x46,,,,,2,8,517,4,111.4,160,,,,,
53,gnb2,2026-08-19T10:12:48.905889,561,PUCCH_CQI,0x46,,,,,,,,,,,111.8,15,2,,
53,gnb2,2026-08-19T10:12:50.524260,601,PUCCH_CQI,0x46,,,,,,,,,,,111.8,15,2,,
53,gnb2,2026-08-19T10:12:51.817247,641,PUCCH_CQI,0x46,,,,,,,,,,,111.8,15,2,,
53,gnb2,2026-08-19T10:12:53.405532,681,PUCCH_CQI,0x46,,,,,,,,,,,111.8,15,2,,
53,gnb2,2026-08-19T10:12:54.765204,721,PUCCH_CQI,0x46,,,,,,,,,,,111.8,15,2,,
53,gnb2,2026-08-19T10:12:56.452897,761,PUCCH_CQI,0x46,,,,,,,,,,,111.8,15,2,,
53,gnb2,2026-08-19T10:12:57.845586,801,PUCCH_CQI,0x46,,,,,,,,,,,111.8,15,2,,
53,gnb2,2026-08-19T10:12:59.285951,841,PUCCH_CQI,0x46,,,,,,,,,,,111.8,15,2,,
53,gnb2,2026-08-19T10:13:01.194702,881,PUCCH_CQI,0x46,,,,,,,,,,,111.8,15,2,,
53,gnb2,2026-08-19T10:13:02.581910,921,PUCCH_CQI,0x46,,,,,,,,,,,111.8,15,2,,
53,gnb2,2026-08-19T10:13:03.973674,961,PUCCH_CQI,0x46,,,,,,,,,,,111.8,15,2,,
53,gnb2,2026-08-19T10:13:05.495636,1001,PUCCH_CQI,0x46,,,,,,,,,,,111.8,15,2,,
53,gnb2,2026-08-19T10:13:07.339500,1041,PUCCH_CQI,0x46,,,,,,,,,,,111.8,15,2,,
53,gnb2,2026-08-19T10:13:09.222829,1081,PUCCH_CQI,0x46,,,,,,,,,,,111.8,15,2,,
53,gnb2,2026-08-19T10:13:10.499638,1121,PUCCH_CQI,0x46,,,,,,,,,,,111.8,15,2,,
53,gnb2,2026-08-19T10:13:11.569512,1161,PUCCH_CQI,0x46,,,,,,,,,,,111.8,15,2,,
53,gnb2,2026-08-19T10:13:13.017635,1201,PUCCH_CQI,0x46,,,,,,,,,,,111.8,15,2,,
53,gnb2,2026-08-19T10:13:14.279408,1241,PUCCH_CQI,0x46,,,,,,,,,,,111.8,15,2,,
53,gnb2,2026-08-19T10:13:15.988361,1281,PUCCH_CQI,0x46,,,,,,,,,,,111.8,15,2,,
53,gnb2,2026-08-19T10:13:17.645418,1321,PUCCH_CQI,0x46,,,,,,,,,,,111.8,15,2,,
53,gnb2,2026-08-19T10:13:18.941601,1361,PUCCH_CQI,0x46,,,,,,,,,,,111.8,15,2,,
53,gnb2,2026-08-19T10:13:20.250544,1401,PUCCH_CQI,0x46,,,,,,,,,,,111.8,15,2,,
53,gnb2,2026-08-19T10:13:21.893655,1441,PUCCH_CQI,0x46,,,,,,,,,,,111.8,15,2,,
53,gnb2,2026-08-19T10:13:23.658192,1481,PUCCH_CQI,0x46,,,,,,,,,,,111.8,15,2,,
53,gnb2,2026-08-19T10:13:24.867974,1521,PUCCH_CQI,0x46,,,,,,,,,,,111.8,15,2,,
53,gnb2,2026-08-19T10:13:26.349303,1561,PUCCH_CQI,0x46,,,,,,,,,,,111.8,15,2,,
53,gnb2,2026-08-19T10:13:27.643901,1601,PUCCH_CQI,0x46,,,,,,,,,,,111.8,15,2,,
53,gnb2,2026-08-19T10:13:29.127690,1641,PUCCH_CQI,0x46,,,,,,,,,,,111.8,15,2,,
53,gnb2,2026-08-19T10:13:30.788202,1681,PUCCH_CQI,0x46,,,,,,,,,,,111.8,15,2,,
53,gnb2,2026-08-19T10:13:32.337313,1721,PUCCH_CQI,0x46,,,,,,,,,,,111.8,15,2,,
53,gnb2,2026-08-19T10:13:33.336942,1748,PUSCH,0x46,,,,,2,8,517,4,111.4,393,,,,,
53,gnb2,2026-08-19T10:13:33.336954,1748,PHR,,,,,,,,,,,,,,,,
53,gnb2,2026-08-19T10:13:33.386758,1749,PDSCH,0x46,3,7,2,0,,,,,,,,,,,
53,gnb2,2026-08-19T10:13:33.847366,1761,PUCCH_CQI,0x46,,,,,,,,,,,111.8,15,2,,
53,gnb2,2026-08-19T10:13:34.096197,1768,PUSCH,0x46,,,,,2,8,517,4,111.4,162,,,,,
53,gnb2,2026-08-19T10:13:35.259087,1799,PDSCH,0x46,3,7,2,0,,,,,,,,,,,
53,gnb2,2026-08-19T10:13:35.323764,1801,PUCCH_CQI,0x46,,,,,,,,,,,111.8,15,2,,
53,gnb2,2026-08-19T10:13:36.167980,1828,PUSCH,0x46,,,,,2,8,517,4,111.4,190,,,,,
53,gnb2,2026-08-19T10:13:36.168050,1828,PHR,,,,,,,,,,,,,,,,
53,gnb2,2026-08-19T10:13:36.644178,1841,PUCCH_CQI,0x46,,,,,,,,,,,111.8,15,2,,
53,gnb2,2026-08-19T10:13:37.137393,1849,PDSCH,0x46,3,7,2,0,,,,,,,,,,,
53,gnb2,2026-08-19T10:13:38.693774,1881,PUCCH_CQI,0x46,,,,,,,,,,,111.8,15,2,,
53,gnb2,2026-08-19T10:13:38.892815,1888,PUSCH,0x46,,,,,2,8,517,4,111.4,200,,,,,
53,gnb2,2026-08-19T10:13:38.892891,1888,PHR,,,,,,,,,,,,,,,,
53,gnb2,2026-08-19T10:13:39.430847,1899,PDSCH,0x46,3,7,2,0,,,,,,,,,,,
53,gnb2,2026-08-19T10:13:40.452590,1921,PUCCH_CQI,0x46,,,,,,,,,,,111.8,15,2,,
53,gnb2,2026-08-19T10:13:41.804601,1948,PUSCH,0x46,,,,,2,8,517,4,111.4,185,,,,,
53,gnb2,2026-08-19T10:13:41.804673,1948,PHR,,,,,,,,,,,,,,,,
53,gnb2,2026-08-19T10:13:41.851795,1949,PDSCH,0x46,3,7,2,0,,,,,,,,,,,
53,gnb2,2026-08-19T10:13:42.404400,1961,PUCCH_CQI,0x46,,,,,,,,,,,111.8,15,2,,
53,gnb2,2026-08-19T10:13:44.066109,2001,PUCCH_CQI,0x46,,,,,,,,,,,111.8,15,2,,
53,gnb2,2026-08-19T10:13:45.279399,2028,PUSCH,0x46,,,,,2,8,517,4,111.4,112,,,,,
53,gnb2,2026-08-19T10:13:45.279462,2028,PHR,,,,,,,,,,,,,,,,
53,gnb2,2026-08-19T10:13:45.308846,2029,PDSCH,0x46,3,7,2,0,,,,,,,,,,,
53,gnb2,2026-08-19T10:13:45.743931,2041,PUCCH_CQI,0x46,,,,,,,,,,,111.8,15,2,,
53,gnb2,2026-08-19T10:13:47.621575,2081,PUCCH_CQI,0x46,,,,,,,,,,,111.8,15,2,,
53,gnb2,2026-08-19T10:13:48.839227,2108,PUSCH,0x46,,,,,2,8,517,4,111.4,197,,,,,
53,gnb2,2026-08-19T10:13:48.839244,2108,PHR,,,,,,,,,,,,,,,,
53,gnb2,2026-08-19T10:13:48.860379,2109,PDSCH,0x46,3,7,2,0,,,,,,,,,,,
53,gnb2,2026-08-19T10:13:49.344740,2121,PUCCH_CQI,0x46,,,,,,,,,,,111.8,15,2,,
53,gnb2,2026-08-19T10:13:50.387681,2148,PUSCH,0x46,,,,,2,8,517,4,111.4,165,,,,,
53,gnb2,2026-08-19T10:13:50.852459,2159,PDSCH,0x46,3,7,2,0,,,,,,,,,,,
53,gnb2,2026-08-19T10:13:50.921309,2161,PUCCH_CQI,0x46,,,,,,,,,,,111.8,15,2,,
53,gnb2,2026-08-19T10:13:51.136528,2168,PUSCH,0x46,,,,,2,8,517,4,111.4,86,,,,,
53,gnb2,2026-08-19T10:13:51.136543,2168,PHR,,,,,,,,,,,,,,,,
53,gnb2,2026-08-19T10:13:51.987573,2188,PUSCH,0x46,,,,,2,8,517,4,111.4,168,,,,,
53,gnb2,2026-08-19T10:13:52.437293,2201,PUCCH_CQI,0x46,,,,,,,,,,,111.8,15,2,,
53,gnb2,2026-08-19T10:13:52.743273,2208,PUSCH,0x46,,,,,2,8,517,4,111.4,151,,,,,
53,gnb2,2026-08-19T10:13:52.793696,2209,PDSCH,0x46,3,7,2,0,,,,,,,,,,,
53,gnb2,2026-08-19T10:13:53.916942,2241,PUCCH_CQI,0x46,,,,,,,,,,,111.8,15,2,,
53,gnb2,2026-08-19T10:13:55.617748,2281,PUCCH_CQI,0x46,,,,,,,,,,,111.8,15,2,,
53,gnb2,2026-08-19T10:13:56.879079,2321,PUCCH_CQI,0x46,,,,,,,,,,,111.8,15,2,,
54,gnb2,2026-08-19T10:19:40.561198,342,PDSCH,0x2,3,11,2,0,,,,,,,,,,,
54,gnb2,2026-08-19T10:19:40.855547,352,PUSCH,0x46,,,,,2,2,7,2,117.8,102,,,,,
54,gnb2,2026-08-19T10:19:40.914736,354,PDSCH,0x46,3,32,2,0,,,,,,,,,,,
54,gnb2,2026-08-19T10:19:41.079011,361,PUCCH_CQI,0x46,,,,,,,,,,,-inf,0,2,,
54,gnb2,2026-08-19T10:19:41.998905,388,PUSCH,0x46,,,,,2,44,157,2,109.0,282,,,,,
54,gnb2,2026-08-19T10:19:41.999000,388,PHR,,,,,,,,,,,,,,,,
54,gnb2,2026-08-19T10:19:42.038444,389,PDSCH,0x46,3,7,2,0,,,,,,,,,,,
54,gnb2,2026-08-19T10:19:42.066665,390,PDSCH,0x46,6,51,2,0,,,,,,,,,,,
54,gnb2,2026-08-19T10:19:42.482350,401,PUCCH_CQI,0x46,,,,,,,,,,,111.8,15,2,,
54,gnb2,2026-08-19T10:19:42.678152,408,PUSCH,0x46,,,,,2,8,517,4,111.4,152,,,,,
54,gnb2,2026-08-19T10:19:42.701511,409,PDSCH,0x46,3,7,2,0,,,,,,,,,,,
54,gnb2,2026-08-19T10:19:42.729142,410,PDSCH,0x46,3,41,2,0,,,,,,,,,,,
54,gnb2,2026-08-19T10:19:43.381425,428,PUSCH,0x46,,,,,2,8,517,4,111.4,91,,,,,
54,gnb2,2026-08-19T10:19:43.426545,429,PDSCH,0x46,3,7,2,0,,,,,,,,,,,
54,gnb2,2026-08-19T10:19:43.465716,430,PDSCH,0x46,3,26,2,0,,,,,,,,,,,
54,gnb2,2026-08-19T10:19:43.759591,441,PUCCH_CQI,0x46,,,,,,,,,,,111.8,15,2,,
54,gnb2,2026-08-19T10:19:43.962393,448,PUSCH,0x46,,,,,2,8,517,4,111.4,155,,,,,
54,gnb2,2026-08-19T10:19:43.962482,448,PHR,,,,,,,,,,,,,,,,
54,gnb2,2026-08-19T10:19:43.984401,449,PDSCH,0x46,3,7,2,0,,,,,,,,,,,
54,gnb2,2026-08-19T10:19:44.005878,450,PDSCH,0x46,3,18,2,0,,,,,,,,,,,
54,gnb2,2026-08-19T10:19:44.793100,468,PUSCH,0x46,,,,,2,8,517,4,111.4,86,,,,,
54,gnb2,2026-08-19T10:19:44.827673,469,PDSCH,0x46,3,22,2,0,,,,,,,,,,,
54,gnb2,2026-08-19T10:19:45.451887,481,PUCCH_CQI,0x46,,,,,,,,,,,111.8,15,2,,
54,gnb2,2026-08-19T10:19:45.715446,488,PUSCH,0x46,,,,,2,8,517,4,111.4,85,,,,,
54,gnb2,2026-08-19T10:19:45.753595,489,PDSCH,0x46,3,7,2,0,,,,,,,,,,,
54,gnb2,2026-08-19T10:19:45.788737,490,PDSCH,0x46,3,113,4,0,,,,,,,,,,,
54,gnb2,2026-08-19T10:19:46.376435,508,PUSCH,0x46,,,,,2,8,517,4,111.4,94,,,,,
54,gnb2,2026-08-19T10:19:46.376448,508,PHR,,,,,,,,,,,,,,,,
54,gnb2,2026-08-19T10:19:46.417415,509,PDSCH,0x46,3,7,2,0,,,,,,,,,,,
54,gnb2,2026-08-19T10:19:46.457959,510,PDSCH,0x46,3,7,2,0,,,,,,,,,,,
54,gnb2,2026-08-19T10:19:46.640001,515,PDSCH,0x46,3,73,4,0,,,,,,,,,,,
54,gnb2,2026-08-19T10:19:46.817738,521,PUCCH_CQI,0x46,,,,,,,,,,,111.8,15,2,,
54,gnb2,2026-08-19T10:19:47.859252,548,PUSCH,0x46,,,,,2,8,517,4,111.4,98,,,,,
54,gnb2,2026-08-19T10:19:48.411641,561,PUCCH_CQI,0x46,,,,,,,,,,,111.8,15,2,,
54,gnb2,2026-08-19T10:19:50.322033,601,PUCCH_CQI,0x46,,,,,,,,,,,111.8,15,2,,
54,gnb2,2026-08-19T10:19:51.762416,641,PUCCH_CQI,0x46,,,,,,,,,,,111.8,15,2,,
54,gnb2,2026-08-19T10:19:52.725279,681,PUCCH_CQI,0x46,,,,,,,,,,,111.8,15,2,,
54,gnb2,2026-08-19T10:19:54.164386,721,PUCCH_CQI,0x46,,,,,,,,,,,111.8,15,2,,
54,gnb2,2026-08-19T10:19:55.677900,761,PUCCH_CQI,0x46,,,,,,,,,,,111.8,15,2,,
54,gnb2,2026-08-19T10:19:56.989144,801,PUCCH_CQI,0x46,,,,,,,,,,,111.8,15,2,,
54,gnb2,2026-08-19T10:19:58.511470,841,PUCCH_CQI,0x46,,,,,,,,,,,111.8,15,2,,
54,gnb2,2026-08-19T10:19:59.961296,881,PUCCH_CQI,0x46,,,,,,,,,,,111.8,15,2,,
54,gnb2,2026-08-19T10:20:01.222731,921,PUCCH_CQI,0x46,,,,,,,,,,,111.8,15,2,,
54,gnb2,2026-08-19T10:20:02.456885,961,PUCCH_CQI,0x46,,,,,,,,,,,111.8,15,2,,
54,gnb2,2026-08-19T10:20:04.086767,1001,PUCCH_CQI,0x46,,,,,,,,,,,111.8,15,2,,
54,gnb2,2026-08-19T10:20:05.912837,1041,PUCCH_CQI,0x46,,,,,,,,,,,111.8,15,2,,
54,gnb2,2026-08-19T10:20:07.919368,1081,PUCCH_CQI,0x46,,,,,,,,,,,111.8,15,2,,
54,gnb2,2026-08-19T10:20:09.561601,1121,PUCCH_CQI,0x46,,,,,,,,,,,111.8,15,2,,
54,gnb2,2026-08-19T10:20:11.085751,1161,PUCCH_CQI,0x46,,,,,,,,,,,111.8,15,2,,
54,gnb2,2026-08-19T10:20:12.695672,1201,PUCCH_CQI,0x46,,,,,,,,,,,111.8,15,2,,
54,gnb2,2026-08-19T10:20:14.496240,1241,PUCCH_CQI,0x46,,,,,,,,,,,111.8,15,2,,
54,gnb2,2026-08-19T10:20:16.091865,1281,PUCCH_CQI,0x46,,,,,,,,,,,111.8,15,2,,
54,gnb2,2026-08-19T10:20:17.784734,1321,PUCCH_CQI,0x46,,,,,,,,,,,111.8,15,2,,
54,gnb2,2026-08-19T10:20:19.511305,1361,PUCCH_CQI,0x46,,,,,,,,,,,111.8,15,2,,
54,gnb2,2026-08-19T10:20:21.137362,1401,PUCCH_CQI,0x46,,,,,,,,,,,111.8,15,2,,
54,gnb2,2026-08-19T10:20:22.539407,1441,PUCCH_CQI,0x46,,,,,,,,,,,111.8,15,2,,
54,gnb2,2026-08-19T10:20:23.726968,1481,PUCCH_CQI,0x46,,,,,,,,,,,111.8,15,2,,
54,gnb2,2026-08-19T10:20:25.568170,1521,PUCCH_CQI,0x46,,,,,,,,,,,111.8,15,2,,
54,gnb2,2026-08-19T10:20:27.216871,1561,PUCCH_CQI,0x46,,,,,,,,,,,111.8,15,2,,
54,gnb2,2026-08-19T10:20:28.663304,1601,PUCCH_CQI,0x46,,,,,,,,,,,111.8,15,2,,
54,gnb2,2026-08-19T10:20:29.913126,1641,PUCCH_CQI,0x46,,,,,,,,,,,111.8,15,2,,
54,gnb2,2026-08-19T10:20:31.073247,1681,PUCCH_CQI,0x46,,,,,,,,,,,111.8,15,2,,
54,gnb2,2026-08-19T10:20:32.639520,1721,PUCCH_CQI,0x46,,,,,,,,,,,111.8,15,2,,
54,gnb2,2026-08-19T10:20:34.111524,1761,PUCCH_CQI,0x46,,,,,,,,,,,111.8,15,2,,
54,gnb2,2026-08-19T10:20:35.003124,1788,PUSCH,0x46,,,,,2,8,517,4,111.4,249,,,,,
54,gnb2,2026-08-19T10:20:35.003165,1788,PHR,,,,,,,,,,,,,,,,
54,gnb2,2026-08-19T10:20:35.032742,1789,PDSCH,0x46,3,7,2,0,,,,,,,,,,,
54,gnb2,2026-08-19T10:20:35.520874,1801,PUCCH_CQI,0x46,,,,,,,,,,,111.8,15,2,,
54,gnb2,2026-08-19T10:20:36.503572,1828,PUSCH,0x46,,,,,2,8,517,4,111.4,111,,,,,
54,gnb2,2026-08-19T10:20:36.884884,1839,PDSCH,0x46,3,7,2,0,,,,,,,,,,,
54,gnb2,2026-08-19T10:20:36.949455,1841,PUCCH_CQI,0x46,,,,,,,,,,,111.8,15,2,,
54,gnb2,2026-08-19T10:20:38.104041,1868,PUSCH,0x46,,,,,2,8,517,4,111.4,94,,,,,
54,gnb2,2026-08-19T10:20:38.104065,1868,PHR,,,,,,,,,,,,,,,,
54,gnb2,2026-08-19T10:20:38.529398,1881,PUCCH_CQI,0x46,,,,,,,,,,,111.8,15,2,,
54,gnb2,2026-08-19T10:20:38.969530,1889,PDSCH,0x46,3,7,2,0,,,,,,,,,,,
54,gnb2,2026-08-19T10:20:40.233808,1921,PUCCH_CQI,0x46,,,,,,,,,,,111.8,15,2,,
54,gnb2,2026-08-19T10:20:40.468616,1928,PUSCH,0x46,,,,,2,8,517,4,111.4,119,,,,,
54,gnb2,2026-08-19T10:20:40.468700,1928,PHR,,,,,,,,,,,,,,,,
54,gnb2,2026-08-19T10:20:40.813638,1939,PDSCH,0x46,3,7,2,0,,,,,,,,,,,
54,gnb2,2026-08-19T10:20:41.351811,1961,PUCCH_CQI,0x46,,,,,,,,,,,111.8,15,2,,
54,gnb2,2026-08-19T10:20:42.622642,2001,PUCCH_CQI,0x46,,,,,,,,,,,111.8,15,2,,
54,gnb2,2026-08-19T10:20:42.822954,2008,PUSCH,0x46,,,,,2,8,517,4,111.4,114,,,,,
54,gnb2,2026-08-19T10:20:42.822987,2008,PHR,,,,,,,,,,,,,,,,
54,gnb2,2026-08-19T10:20:42.861090,2009,PDSCH,0x46,3,7,2,0,,,,,,,,,,,
54,gnb2,2026-08-19T10:20:43.842376,2041,PUCCH_CQI,0x46,,,,,,,,,,,111.8,15,2,,
54,gnb2,2026-08-19T10:20:45.380259,2081,PUCCH_CQI,0x46,,,,,,,,,,,111.8,15,2,,
54,gnb2,2026-08-19T10:20:47.593349,2121,PUCCH_CQI,0x46,,,,,,,,,,,111.8,15,2,,
54,gnb2,2026-08-19T10:20:48.109558,2128,PUSCH,0x46,,,,,2,8,517,4,111.4,132,,,,,
54,gnb2,2026-08-19T10:20:48.109627,2128,PHR,,,,,,,,,,,,,,,,
54,gnb2,2026-08-19T10:20:48.147984,2129,PDSCH,0x46,3,7,2,0,,,,,,,,,,,
54,gnb2,2026-08-19T10:20:49.337829,2161,PUCCH_CQI,0x46,,,,,,,,,,,111.8,15,2,,
54,gnb2,2026-08-19T10:20:50.142561,2188,PUSCH,0x46,,,,,2,8,517,4,111.4,109,,,,,
54,gnb2,2026-08-19T10:20:50.142594,2188,PHR,,,,,,,,,,,,,,,,
54,gnb2,2026-08-19T10:20:50.163267,2189,PDSCH,0x46,3,7,2,0,,,,,,,,,,,
54,gnb2,2026-08-19T10:20:50.536100,2201,PUCCH_CQI,0x46,,,,,,,,,,,111.8,15,2,,
54,gnb2,2026-08-19T10:20:50.799413,2208,PUSCH,0x46,,,,,2,8,517,4,111.4,92,,,,,
54,gnb2,2026-08-19T10:20:51.426206,2228,PUSCH,0x46,,,,,2,8,517,4,111.4,89,,,,,
54,gnb2,2026-08-19T10:20:51.772981,2239,PDSCH,0x46,3,7,2,0,,,,,,,,,,,
54,gnb2,2026-08-19T10:20:51.831989,2241,PUCCH_CQI,0x46,,,,,,,,,,,111.8,15,2,,
54,gnb2,2026-08-19T10:20:52.077118,2248,PUSCH,0x46,,,,,2,8,517,4,111.4,87,,,,,
54,gnb2,2026-08-19T10:20:52.077180,2248,PHR,,,,,,,,,,,,,,,,
54,gnb2,2026-08-19T10:20:52.887562,2268,PUSCH,0x46,,,,,2,8,517,4,111.4,172,,,,,
54,gnb2,2026-08-19T10:20:53.548416,2281,PUCCH_CQI,0x46,,,,,,,,,,,111.8,15,2,,
54,gnb2,2026-08-19T10:20:53.802046,2288,PUSCH,0x46,,,,,2,8,517,4,111.4,85,,,,,
54,gnb2,2026-08-19T10:20:53.834884,2289,PDSCH,0x46,3,7,2,0,,,,,,,,,,,
54,gnb2,2026-08-19T10:20:54.492162,2308,PUSCH,0x46,,,,,2,8,517,4,111.4,152,,,,,
54,gnb2,2026-08-19T10:20:54.492203,2308,PHR,,,,,,,,,,,,,,,,
54,gnb2,2026-08-19T10:20:55.168542,2321,PUCCH_CQI,0x46,,,,,,,,,,,111.8,15,2,,
54,gnb2,2026-08-19T10:20:55.971529,2339,PDSCH,0x46,3,7,2,0,,,,,,,,,,,
54,gnb2,2026-08-19T10:20:56.798482,2361,PUCCH_CQI,0x46,,,,,,,,,,,111.8,15,2,,
54,gnb2,2026-08-19T10:20:58.288242,2401,PUCCH_CQI,0x46,,,,,,,,,,,111.8,15,2,,
54,gnb2,2026-08-19T10:20:59.828802,2441,PUCCH_CQI,0x46,,,,,,,,,,,111.8,15,2,,
54,gnb2,2026-08-19T10:21:00.711310,2468,PUSCH,0x46,,,,,2,8,517,4,111.4,170,,,,,
54,gnb2,2026-08-19T10:21:00.711349,2468,PHR,,,,,,,,,,,,,,,,
54,gnb2,2026-08-19T10:21:00.732407,2469,PDSCH,0x46,3,7,2,0,,,,,,,,,,,
55,gnb2,2026-08-19T10:26:43.383005,342,PDSCH,0x2,3,11,2,0,,,,,,,,,,,
55,gnb2,2026-08-19T10:26:43.910874,352,PUSCH,0x46,,,,,2,2,7,2,117.8,156,,,,,
55,gnb2,2026-08-19T10:26:44.021852,354,PDSCH,0x46,3,32,2,0,,,,,,,,,,,
55,gnb2,2026-08-19T10:26:44.373183,361,PUCCH_CQI,0x46,,,,,,,,,,,-inf,0,2,,
55,gnb2,2026-08-19T10:26:45.815887,388,PUSCH,0x46,,,,,2,44,157,2,109.0,453,,,,,
55,gnb2,2026-08-19T10:26:45.815895,388,PHR,,,,,,,,,,,,,,,,
55,gnb2,2026-08-19T10:26:45.860225,389,PDSCH,0x46,3,7,2,0,,,,,,,,,,,
55,gnb2,2026-08-19T10:26:45.912562,390,PDSCH,0x46,6,51,2,0,,,,,,,,,,,
55,gnb2,2026-08-19T10:26:46.494521,401,PUCCH_CQI,0x46,,,,,,,,,,,111.8,15,2,,
55,gnb2,2026-08-19T10:26:46.861526,408,PUSCH,0x46,,,,,2,8,517,4,111.4,162,,,,,
55,gnb2,2026-08-19T10:26:46.918342,409,PDSCH,0x46,3,7,2,0,,,,,,,,,,,
55,gnb2,2026-08-19T10:26:46.970403,410,PDSCH,0x46,3,41,2,0,,,,,,,,,,,
55,gnb2,2026-08-19T10:26:47.910941,428,PUSCH,0x46,,,,,2,8,517,4,111.4,154,,,,,
55,gnb2,2026-08-19T10:26:47.958688,429,PDSCH,0x46,3,7,2,0,,,,,,,,,,,
55,gnb2,2026-08-19T10:26:48.014772,430,PDSCH,0x46,3,26,2,0,,,,,,,,,,,
55,gnb2,2026-08-19T10:26:48.724257,441,PUCCH_CQI,0x46,,,,,,,,,,,111.8,15,2,,
55,gnb2,2026-08-19T10:26:49.061756,448,PUSCH,0x46,,,,,2,8,517,4,111.4,88,,,,,
55,gnb2,2026-08-19T10:26:49.061794,448,PHR,,,,,,,,,,,,,,,,
55,gnb2,2026-08-19T10:26:49.127690,449,PDSCH,0x46,3,7,2,0,,,,,,,,,,,
55,gnb2,2026-08-19T10:26:49.188228,450,PDSCH,0x46,3,18,2,0,,,,,,,,,,,
55,gnb2,2026-08-19T10:26:49.988815,468,PUSCH,0x46,,,,,2,8,517,4,111.4,89,,,,,
55,gnb2,2026-08-19T10:26:50.038060,469,PDSCH,0x46,3,22,2,0,,,,,,,,,,,
55,gnb2,2026-08-19T10:26:50.637456,481,PUCCH_CQI,0x46,,,,,,,,,,,111.8,15,2,,
55,gnb2,2026-08-19T10:26:51.005943,488,PUSCH,0x46,,,,,2,8,517,4,111.4,152,,,,,
55,gnb2,2026-08-19T10:26:51.057782,489,PDSCH,0x46,3,7,2,0,,,,,,,,,,,
55,gnb2,2026-08-19T10:26:51.115665,490,PDSCH,0x46,3,113,4,0,,,,,,,,,,,
55,gnb2,2026-08-19T10:26:52.025490,508,PUSCH,0x46,,,,,2,8,517,4,111.4,158,,,,,
55,gnb2,2026-08-19T10:26:52.025536,508,PHR,,,,,,,,,,,,,,,,
55,gnb2,2026-08-19T10:26:52.076983,509,PDSCH,0x46,3,22,2,0,,,,,,,,,,,
55,gnb2,2026-08-19T10:26:52.329793,514,PDSCH,0x46,3,73,4,0,,,,,,,,,,,
55,gnb2,2026-08-19T10:26:52.693920,521,PUCCH_CQI,0x46,,,,,,,,,,,111.8,15,2,,
55,gnb2,2026-08-19T10:26:54.018777,548,PUSCH,0x46,,,,,2,8,517,4,111.4,158,,,,,
55,gnb2,2026-08-19T10:26:54.653209,561,PUCCH_CQI,0x46,,,,,,,,,,,111.8,15,2,,
55,gnb2,2026-08-19T10:26:56.616824,601,PUCCH_CQI,0x46,,,,,,,,,,,111.8,15,2,,
55,gnb2,2026-08-19T10:26:58.655930,641,PUCCH_CQI,0x46,,,,,,,,,,,111.8,15,2,,
55,gnb2,2026-08-19T10:27:00.692582,681,PUCCH_CQI,0x46,,,,,,,,,,,111.8,15,2,,
55,gnb2,2026-08-19T10:27:02.640701,721,PUCCH_CQI,0x46,,,,,,,,,,,111.8,15,2,,
55,gnb2,2026-08-19T10:27:04.545384,761,PUCCH_CQI,0x46,,,,,,,,,,,111.8,15,2,,
55,gnb2,2026-08-19T10:27:06.582432,801,PUCCH_CQI,0x46,,,,,,,,,,,111.8,15,2,,
55,gnb2,2026-08-19T10:27:08.623352,841,PUCCH_CQI,0x46,,,,,,,,,,,111.8,15,2,,
55,gnb2,2026-08-19T10:27:10.618598,881,PUCCH_CQI,0x46,,,,,,,,,,,111.8,15,2,,
55,gnb2,2026-08-19T10:27:12.682716,921,PUCCH_CQI,0x46,,,,,,,,,,,111.8,15,2,,
55,gnb2,2026-08-19T10:27:14.973102,961,PUCCH_CQI,0x46,,,,,,,,,,,111.8,15,2,,
55,gnb2,2026-08-19T10:27:16.906637,1001,PUCCH_CQI,0x46,,,,,,,,,,,111.8,15,2,,
55,gnb2,2026-08-19T10:27:18.748954,1041,PUCCH_CQI,0x46,,,,,,,,,,,111.8,15,2,,
55,gnb2,2026-08-19T10:27:20.756214,1081,PUCCH_CQI,0x46,,,,,,,,,,,111.8,15,2,,
55,gnb2,2026-08-19T10:27:22.675642,1121,PUCCH_CQI,0x46,,,,,,,,,,,111.8,15,2,,
55,gnb2,2026-08-19T10:27:24.700608,1161,PUCCH_CQI,0x46,,,,,,,,,,,111.8,15,2,,
55,gnb2,2026-08-19T10:27:26.648224,1201,PUCCH_CQI,0x46,,,,,,,,,,,111.8,15,2,,
55,gnb2,2026-08-19T10:27:28.530063,1241,PUCCH_CQI,0x46,,,,,,,,,,,111.8,15,2,,
55,gnb2,2026-08-19T10:27:30.410625,1281,PUCCH_CQI,0x46,,,,,,,,,,,111.8,15,2,,
55,gnb2,2026-08-19T10:27:32.283934,1321,PUCCH_CQI,0x46,,,,,,,,,,,111.8,15,2,,
55,gnb2,2026-08-19T10:27:34.173530,1361,PUCCH_CQI,0x46,,,,,,,,,,,111.8,15,2,,
55,gnb2,2026-08-19T10:27:36.011700,1401,PUCCH_CQI,0x46,,,,,,,,,,,111.8,15,2,,
55,gnb2,2026-08-19T10:27:37.338240,1428,PUSCH,0x46,,,,,2,8,517,4,111.4,209,,,,,
55,gnb2,2026-08-19T10:27:37.338289,1428,PHR,,,,,,,,,,,,,,,,
55,gnb2,2026-08-19T10:27:37.410086,1429,PDSCH,0x46,3,7,2,0,,,,,,,,,,,
55,gnb2,2026-08-19T10:27:38.016472,1441,PUCCH_CQI,0x46,,,,,,,,,,,111.8,15,2,,
55,gnb2,2026-08-19T10:27:39.998477,1481,PUCCH_CQI,0x46,,,,,,,,,,,111.8,15,2,,
55,gnb2,2026-08-19T10:27:40.380699,1488,PUSCH,0x46,,,,,2,8,517,4,111.4,158,,,,,
55,gnb2,2026-08-19T10:27:40.380784,1488,PHR,,,,,,,,,,,,,,,,
55,gnb2,2026-08-19T10:27:40.449817,1489,PDSCH,0x46,3,7,2,0,,,,,,,,,,,
55,gnb2,2026-08-19T10:27:41.763382,1521,PUCCH_CQI,0x46,,,,,,,,,,,111.8,15,2,,
55,gnb2,2026-08-19T10:27:42.062956,1528,PUSCH,0x46,,,,,2,8,517,4,111.4,112,,,,,
55,gnb2,2026-08-19T10:27:42.590405,1539,PDSCH,0x46,3,7,2,0,,,,,,,,,,,
55,gnb2,2026-08-19T10:27:43.031886,1548,PUSCH,0x46,,,,,2,8,517,4,111.4,156,,,,,
55,gnb2,2026-08-19T10:27:43.031896,1548,PHR,,,,,,,,,,,,,,,,
55,gnb2,2026-08-19T10:27:43.671580,1561,PUCCH_CQI,0x46,,,,,,,,,,,111.8,15,2,,
55,gnb2,2026-08-19T10:27:44.994162,1588,PUSCH,0x46,,,,,2,8,517,4,111.4,161,,,,,
55,gnb2,2026-08-19T10:27:45.031636,1589,PDSCH,0x46,3,7,2,0,,,,,,,,,,,
55,gnb2,2026-08-19T10:27:45.573760,1601,PUCCH_CQI,0x46,,,,,,,,,,,111.8,15,2,,
55,gnb2,2026-08-19T10:27:47.338997,1641,PUCCH_CQI,0x46,,,,,,,,,,,111.8,15,2,,
55,gnb2,2026-08-19T10:27:49.052858,1681,PUCCH_CQI,0x46,,,,,,,,,,,111.8,15,2,,
55,gnb2,2026-08-19T10:27:49.345218,1688,PUSCH,0x46,,,,,2,8,517,4,111.4,168,,,,,
55,gnb2,2026-08-19T10:27:49.345272,1688,PHR,,,,,,,,,,,,,,,,
55,gnb2,2026-08-19T10:27:49.385081,1689,PDSCH,0x46,3,7,2,0,,,,,,,,,,,
55,gnb2,2026-08-19T10:27:50.723239,1721,PUCCH_CQI,0x46,,,,,,,,,,,111.8,15,2,,
55,gnb2,2026-08-19T10:27:51.894195,1748,PUSCH,0x46,,,,,2,8,517,4,111.4,192,,,,,
55,gnb2,2026-08-19T10:27:51.894207,1748,PHR,,,,,,,,,,,,,,,,
55,gnb2,2026-08-19T10:27:51.938045,1749,PDSCH,0x46,3,7,2,0,,,,,,,,,,,
55,gnb2,2026-08-19T10:27:52.475752,1761,PUCCH_CQI,0x46,,,,,,,,,,,111.8,15,2,,
55,gnb2,2026-08-19T10:27:52.985331,1768,PUSCH,0x46,,,,,2,8,517,4,111.4,159,,,,,
55,gnb2,2026-08-19T10:27:54.060407,1788,PUSCH,0x46,,,,,2,8,517,4,111.4,85,,,,,
55,gnb2,2026-08-19T10:27:54.484113,1799,PDSCH,0x46,3,7,2,0,,,,,,,,,,,
55,gnb2,2026-08-19T10:27:54.553572,1801,PUCCH_CQI,0x46,,,,,,,,,,,111.8,15,2,,
55,gnb2,2026-08-19T10:27:54.850458,1808,PUSCH,0x46,,,,,2,8,517,4,111.4,90,,,,,
55,gnb2,2026-08-19T10:27:54.850519,1808,PHR,,,,,,,,,,,,,,,,
55,gnb2,2026-08-19T10:27:55.704201,1828,PUSCH,0x46,,,,,2,8,517,4,111.4,84,,,,,
55,gnb2,2026-08-19T10:27:56.303772,1841,PUCCH_CQI,0x46,,,,,,,,,,,111.8,15,2,,
55,gnb2,2026-08-19T10:27:56.601944,1848,PUSCH,0x46,,,,,2,8,517,4,111.4,153,,,,,
55,gnb2,2026-08-19T10:27:56.641564,1849,PDSCH,0x46,3,7,2,0,,,,,,,,,,,
55,gnb2,2026-08-19T10:27:57.983829,1881,PUCCH_CQI,0x46,,,,,,,,,,,111.8,15,2,,
55,gnb2,2026-08-19T10:28:00.131333,1921,PUCCH_CQI,0x46,,,,,,,,,,,111.8,15,2,,
55,gnb2,2026-08-19T10:28:01.729334,1961,PUCCH_CQI,0x46,,,,,,,,,,,111.8,15,2,,
55,gnb2,2026-08-19T10:28:02.745495,1988,PUSCH,0x46,,,,,2,8,517,4,111.4,187,,,,,
55,gnb2,2026-08-19T10:28:02.745564,1988,PHR,,,,,,,,,,,,,,,,
56,gnb2,2026-08-19T10:33:49.299096,342,PDSCH,0x2,3,11,2,0,,,,,,,,,,,
56,gnb2,2026-08-19T10:33:49.688721,352,PUSCH,0x46,,,,,2,2,7,2,117.9,137,,,,,
56,gnb2,2026-08-19T10:33:49.770246,354,PDSCH,0x46,3,32,2,0,,,,,,,,,,,
56,gnb2,2026-08-19T10:33:50.026028,361,PUCCH_CQI,0x46,,,,,,,,,,,-inf,0,2,,
56,gnb2,2026-08-19T10:33:51.114373,388,PUSCH,0x46,,,,,2,44,157,2,109.0,300,,,,,
56,gnb2,2026-08-19T10:33:51.114413,388,PHR,,,,,,,,,,,,,,,,
56,gnb2,2026-08-19T10:33:51.139016,389,PDSCH,0x46,3,7,2,0,,,,,,,,,,,
56,gnb2,2026-08-19T10:33:51.179229,390,PDSCH,0x46,6,51,2,0,,,,,,,,,,,
56,gnb2,2026-08-19T10:33:51.623907,401,PUCCH_CQI,0x46,,,,,,,,,,,111.8,15,2,,
56,gnb2,2026-08-19T10:33:52.123104,408,PUSCH,0x46,,,,,2,8,517,4,111.4,174,,,,,
56,gnb2,2026-08-19T10:33:52.162615,409,PDSCH,0x46,3,7,2,0,,,,,,,,,,,
56,gnb2,2026-08-19T10:33:52.235589,410,PDSCH,0x46,3,41,2,0,,,,,,,,,,,
56,gnb2,2026-08-19T10:33:52.941346,428,PUSCH,0x46,,,,,2,8,517,4,111.4,90,,,,,
56,gnb2,2026-08-19T10:33:52.973100,429,PDSCH,0x46,3,7,2,0,,,,,,,,,,,
56,gnb2,2026-08-19T10:33:52.997852,430,PDSCH,0x46,3,26,2,0,,,,,,,,,,,
56,gnb2,2026-08-19T10:33:53.372084,441,PUCCH_CQI,0x46,,,,,,,,,,,111.8,15,2,,
56,gnb2,2026-08-19T10:33:53.569924,448,PUSCH,0x46,,,,,2,8,517,4,111.4,126,,,,,
56,gnb2,2026-08-19T10:33:53.570021,448,PHR,,,,,,,,,,,,,,,,
56,gnb2,2026-08-19T10:33:53.599726,449,PDSCH,0x46,3,7,2,0,,,,,,,,,,,
56,gnb2,2026-08-19T10:33:53.622396,450,PDSCH,0x46,3,18,2,0,,,,,,,,,,,
56,gnb2,2026-08-19T10:33:54.279743,468,PUSCH,0x46,,,,,2,8,517,4,111.4,194,,,,,
56,gnb2,2026-08-19T10:33:54.307273,469,PDSCH,0x46,3,22,2,0,,,,,,,,,,,
56,gnb2,2026-08-19T10:33:54.766679,481,PUCCH_CQI,0x46,,,,,,,,,,,111.8,15,2,,
56,gnb2,2026-08-19T10:33:55.058915,488,PUSCH,0x46,,,,,2,8,517,4,111.4,87,,,,,
56,gnb2,2026-08-19T10:33:55.102821,489,PDSCH,0x46,3,7,2,0,,,,,,,,,,,
56,gnb2,2026-08-19T10:33:55.145635,490,PDSCH,0x46,3,113,4,0,,,,,,,,,,,
56,gnb2,2026-08-19T10:33:56.003347,508,PUSCH,0x46,,,,,2,8,517,4,111.4,109,,,,,
56,gnb2,2026-08-19T10:33:56.003379,508,PHR,,,,,,,,,,,,,,,,
56,gnb2,2026-08-19T10:33:56.041067,509,PDSCH,0x46,3,18,2,0,,,,,,,,,,,
56,gnb2,2026-08-19T10:33:56.258468,514,PDSCH,0x46,3,73,4,0,,,,,,,,,,,
56,gnb2,2026-08-19T10:33:56.809897,521,PUCCH_CQI,0x46,,,,,,,,,,,111.8,15,2,,
56,gnb2,2026-08-19T10:33:58.334943,548,PUSCH,0x46,,,,,2,8,517,4,111.4,128,,,,,
56,gnb2,2026-08-19T10:33:58.777955,561,PUCCH_CQI,0x46,,,,,,,,,,,111.8,15,2,,
56,gnb2,2026-08-19T10:34:00.460738,601,PUCCH_CQI,0x46,,,,,,,,,,,111.8,15,2,,
56,gnb2,2026-08-19T10:34:02.102581,641,PUCCH_CQI,0x46,,,,,,,,,,,111.8,15,2,,
56,gnb2,2026-08-19T10:34:03.556460,681,PUCCH_CQI,0x46,,,,,,,,,,,111.8,15,2,,
56,gnb2,2026-08-19T10:34:04.997942,721,PUCCH_CQI,0x46,,,,,,,,,,,111.8,15,2,,
56,gnb2,2026-08-19T10:34:06.644935,761,PUCCH_CQI,0x46,,,,,,,,,,,111.8,15,2,,
56,gnb2,2026-08-19T10:34:08.287611,801,PUCCH_CQI,0x46,,,,,,,,,,,111.8,15,2,,
56,gnb2,2026-08-19T10:34:09.998000,841,PUCCH_CQI,0x46,,,,,,,,,,,111.8,15,2,,
56,gnb2,2026-08-19T10:34:11.723488,881,PUCCH_CQI,0x46,,,,,,,,,,,111.8,15,2,,
56,gnb2,2026-08-19T10:34:13.319126,921,PUCCH_CQI,0x46,,,,,,,,,,,111.8,15,2,,
56,gnb2,2026-08-19T10:34:14.729527,961,PUCCH_CQI,0x46,,,,,,,,,,,111.8,15,2,,
56,gnb2,2026-08-19T10:34:16.707248,1001,PUCCH_CQI,0x46,,,,,,,,,,,111.8,15,2,,
56,gnb2,2026-08-19T10:34:18.679452,1041,PUCCH_CQI,0x46,,,,,,,,,,,111.8,15,2,,
56,gnb2,2026-08-19T10:34:20.185181,1081,PUCCH_CQI,0x46,,,,,,,,,,,111.8,15,2,,
56,gnb2,2026-08-19T10:34:21.483198,1121,PUCCH_CQI,0x46,,,,,,,,,,,111.8,15,2,,
56,gnb2,2026-08-19T10:34:22.919184,1161,PUCCH_CQI,0x46,,,,,,,,,,,111.8,15,2,,
56,gnb2,2026-08-19T10:34:24.479485,1201,PUCCH_CQI,0x46,,,,,,,,,,,111.8,15,2,,
56,gnb2,2026-08-19T10:34:26.063115,1241,PUCCH_CQI,0x46,,,,,,,,,,,111.8,15,2,,
56,gnb2,2026-08-19T10:34:27.653131,1281,PUCCH_CQI,0x46,,,,,,,,,,,111.8,15,2,,
56,gnb2,2026-08-19T10:34:29.014834,1321,PUCCH_CQI,0x46,,,,,,,,,,,111.8,15,2,,
56,gnb2,2026-08-19T10:34:30.655356,1361,PUCCH_CQI,0x46,,,,,,,,,,,111.8,15,2,,
56,gnb2,2026-08-19T10:34:32.161155,1401,PUCCH_CQI,0x46,,,,,,,,,,,111.8,15,2,,
56,gnb2,2026-08-19T10:34:34.225760,1441,PUCCH_CQI,0x46,,,,,,,,,,,111.8,15,2,,
56,gnb2,2026-08-19T10:34:36.031015,1481,PUCCH_CQI,0x46,,,,,,,,,,,111.8,15,2,,
56,gnb2,2026-08-19T10:34:37.462269,1521,PUCCH_CQI,0x46,,,,,,,,,,,111.8,15,2,,
56,gnb2,2026-08-19T10:34:39.155502,1561,PUCCH_CQI,0x46,,,,,,,,,,,111.8,15,2,,
56,gnb2,2026-08-19T10:34:39.375450,1568,PUSCH,0x46,,,,,2,8,517,4,111.4,312,,,,,
56,gnb2,2026-08-19T10:34:39.375539,1568,PHR,,,,,,,,,,,,,,,,
56,gnb2,2026-08-19T10:34:39.402566,1569,PDSCH,0x46,3,7,2,0,,,,,,,,,,,
56,gnb2,2026-08-19T10:34:40.589337,1601,PUCCH_CQI,0x46,,,,,,,,,,,111.8,15,2,,
56,gnb2,2026-08-19T10:34:40.865706,1608,PUSCH,0x46,,,,,2,8,517,4,111.4,103,,,,,
56,gnb2,2026-08-19T10:34:41.274889,1619,PDSCH,0x46,3,7,2,0,,,,,,,,,,,
56,gnb2,2026-08-19T10:34:42.145168,1641,PUCCH_CQI,0x46,,,,,,,,,,,111.8,15,2,,
56,gnb2,2026-08-19T10:34:42.401858,1648,PUSCH,0x46,,,,,2,8,517,4,111.4,174,,,,,
56,gnb2,2026-08-19T10:34:42.401882,1648,PHR,,,,,,,,,,,,,,,,
56,gnb2,2026-08-19T10:34:43.224136,1669,PDSCH,0x46,3,7,2,0,,,,,,,,,,,
56,gnb2,2026-08-19T10:34:43.862290,1681,PUCCH_CQI,0x46,,,,,,,,,,,111.8,15,2,,
56,gnb2,2026-08-19T10:34:44.691952,1708,PUSCH,0x46,,,,,2,8,517,4,111.4,112,,,,,
56,gnb2,2026-08-19T10:34:44.692057,1708,PHR,,,,,,,,,,,,,,,,
56,gnb2,2026-08-19T10:34:45.117379,1719,PDSCH,0x46,3,7,2,0,,,,,,,,,,,
56,gnb2,2026-08-19T10:34:45.203341,1721,PUCCH_CQI,0x46,,,,,,,,,,,111.8,15,2,,
56,gnb2,2026-08-19T10:34:45.609895,1728,PUSCH,0x46,,,,,2,8,517,4,111.4,88,,,,,
56,gnb2,2026-08-19T10:34:46.812431,1761,PUCCH_CQI,0x46,,,,,,,,,,,111.8,15,2,,
56,gnb2,2026-08-19T10:34:47.155723,1769,PDSCH,0x46,3,7,2,0,,,,,,,,,,,
56,gnb2,2026-08-19T10:34:47.858201,1788,PUSCH,0x46,,,,,2,8,517,4,111.4,116,,,,,
56,gnb2,2026-08-19T10:34:47.858271,1788,PHR,,,,,,,,,,,,,,,,
56,gnb2,2026-08-19T10:34:48.288536,1801,PUCCH_CQI,0x46,,,,,,,,,,,111.8,15,2,,
56,gnb2,2026-08-19T10:34:48.973602,1819,PDSCH,0x46,3,7,2,0,,,,,,,,,,,
56,gnb2,2026-08-19T10:34:49.797087,1841,PUCCH_CQI,0x46,,,,,,,,,,,111.8,15,2,,
56,gnb2,2026-08-19T10:34:51.672742,1881,PUCCH_CQI,0x46,,,,,,,,,,,111.8,15,2,,
56,gnb2,2026-08-19T10:34:51.926947,1888,PUSCH,0x46,,,,,2,8,517,4,111.4,201,,,,,
56,gnb2,2026-08-19T10:34:51.927021,1888,PHR,,,,,,,,,,,,,,,,
56,gnb2,2026-08-19T10:34:51.963942,1889,PDSCH,0x46,3,7,2,0,,,,,,,,,,,
56,gnb2,2026-08-19T10:34:53.318748,1921,PUCCH_CQI,0x46,,,,,,,,,,,111.8,15,2,,
56,gnb2,2026-08-19T10:34:54.251925,1948,PUSCH,0x46,,,,,2,8,517,4,111.4,114,,,,,
56,gnb2,2026-08-19T10:34:54.251952,1948,PHR,,,,,,,,,,,,,,,,
56,gnb2,2026-08-19T10:34:54.281513,1949,PDSCH,0x46,3,7,2,0,,,,,,,,,,,
56,gnb2,2026-08-19T10:34:54.645367,1961,PUCCH_CQI,0x46,,,,,,,,,,,111.8,15,2,,
56,gnb2,2026-08-19T10:34:54.853092,1968,PUSCH,0x46,,,,,2,8,517,4,111.4,168,,,,,
56,gnb2,2026-08-19T10:34:55.544015,1988,PUSCH,0x46,,,,,2,8,517,4,111.4,159,,,,,
56,gnb2,2026-08-19T10:34:55.920499,1999,PDSCH,0x46,3,7,2,0,,,,,,,,,,,
56,gnb2,2026-08-19T10:34:56.012771,2001,PUCCH_CQI,0x46,,,,,,,,,,,111.8,15,2,,
56,gnb2,2026-08-19T10:34:56.361597,2008,PUSCH,0x46,,,,,2,8,517,4,111.4,86,,,,,
56,gnb2,2026-08-19T10:34:56.361606,2008,PHR,,,,,,,,,,,,,,,,
56,gnb2,2026-08-19T10:34:57.184456,2028,PUSCH,0x46,,,,,2,8,517,4,111.4,157,,,,,
56,gnb2,2026-08-19T10:34:57.678997,2041,PUCCH_CQI,0x46,,,,,,,,,,,111.8,15,2,,
56,gnb2,2026-08-19T10:34:57.868977,2048,PUSCH,0x46,,,,,2,8,517,4,111.4,86,,,,,
56,gnb2,2026-08-19T10:34:57.889001,2049,PDSCH,0x46,3,7,2,0,,,,,,,,,,,
56,gnb2,2026-08-19T10:34:58.656043,2068,PUSCH,0x46,,,,,2,8,517,4,111.4,154,,,,,
56,gnb2,2026-08-19T10:34:58.656089,2068,PHR,,,,,,,,,,,,,,,,
56,gnb2,2026-08-19T10:34:59.435232,2081,PUCCH_CQI,0x46,,,,,,,,,,,111.8,15,2,,
56,gnb2,2026-08-19T10:35:00.201015,2099,PDSCH,0x46,3,7,2,0,,,,,,,,,,,
56,gnb2,2026-08-19T10:35:01.384301,2121,PUCCH_CQI,0x46,,,,,,,,,,,111.8,15,2,,
56,gnb2,2026-08-19T10:35:03.522807,2161,PUCCH_CQI,0x46,,,,,,,,,,,111.8,15,2,,
57,gnb2,2026-08-19T10:40:43.398578,342,PDSCH,0x2,3,11,2,0,,,,,,,,,,,
57,gnb2,2026-08-19T10:40:43.756946,352,PUSCH,0x46,,,,,2,2,7,2,117.8,94,,,,,
57,gnb2,2026-08-19T10:40:43.880159,354,PDSCH,0x46,3,32,2,0,,,,,,,,,,,
57,gnb2,2026-08-19T10:40:44.244442,361,PUCCH_CQI,0x46,,,,,,,,,,,-inf,0,2,,
57,gnb2,2026-08-19T10:40:45.414917,388,PUSCH,0x46,,,,,2,44,157,2,109.0,511,,,,,
57,gnb2,2026-08-19T10:40:45.414975,388,PHR,,,,,,,,,,,,,,,,
57,gnb2,2026-08-19T10:40:45.445085,389,PDSCH,0x46,3,7,2,0,,,,,,,,,,,
57,gnb2,2026-08-19T10:40:45.500716,390,PDSCH,0x46,6,51,2,0,,,,,,,,,,,
57,gnb2,2026-08-19T10:40:45.873339,401,PUCCH_CQI,0x46,,,,,,,,,,,111.8,15,2,,
57,gnb2,2026-08-19T10:40:46.090743,408,PUSCH,0x46,,,,,2,8,517,4,111.4,148,,,,,
57,gnb2,2026-08-19T10:40:46.139518,409,PDSCH,0x46,3,7,2,0,,,,,,,,,,,
57,gnb2,2026-08-19T10:40:46.180172,410,PDSCH,0x46,3,41,2,0,,,,,,,,,,,
57,gnb2,2026-08-19T10:40:46.793825,428,PUSCH,0x46,,,,,2,8,517,4,111.4,90,,,,,
57,gnb2,2026-08-19T10:40:46.819822,429,PDSCH,0x46,3,7,2,0,,,,,,,,,,,
57,gnb2,2026-08-19T10:40:46.849013,430,PDSCH,0x46,3,26,2,0,,,,,,,,,,,
57,gnb2,2026-08-19T10:40:47.271485,441,PUCCH_CQI,0x46,,,,,,,,,,,111.8,15,2,,
57,gnb2,2026-08-19T10:40:47.568173,448,PUSCH,0x46,,,,,2,8,517,4,111.4,82,,,,,
57,gnb2,2026-08-19T10:40:47.568255,448,PHR,,,,,,,,,,,,,,,,
57,gnb2,2026-08-19T10:40:47.600947,449,PDSCH,0x46,3,7,2,0,,,,,,,,,,,
57,gnb2,2026-08-19T10:40:47.627936,450,PDSCH,0x46,3,18,2,0,,,,,,,,,,,
57,gnb2,2026-08-19T10:40:48.121509,468,PUSCH,0x46,,,,,2,8,517,4,111.4,73,,,,,
57,gnb2,2026-08-19T10:40:48.150908,469,PDSCH,0x46,3,7,2,0,,,,,,,,,,,
57,gnb2,2026-08-19T10:40:48.181110,470,PDSCH,0x46,3,18,2,0,,,,,,,,,,,
57,gnb2,2026-08-19T10:40:48.604990,481,PUCCH_CQI,0x46,,,,,,,,,,,111.8,15,2,,
57,gnb2,2026-08-19T10:40:48.910491,488,PUSCH,0x46,,,,,2,8,517,4,111.4,80,,,,,
57,gnb2,2026-08-19T10:40:48.946724,489,PDSCH,0x46,3,7,2,0,,,,,,,,,,,
57,gnb2,2026-08-19T10:40:48.986612,490,PDSCH,0x46,3,113,4,0,,,,,,,,,,,
57,gnb2,2026-08-19T10:40:50.119686,508,PUSCH,0x46,,,,,2,8,517,4,111.4,169,,,,,
57,gnb2,2026-08-19T10:40:50.119702,508,PHR,,,,,,,,,,,,,,,,
57,gnb2,2026-08-19T10:40:50.160626,509,PDSCH,0x46,3,18,2,0,,,,,,,,,,,
57,gnb2,2026-08-19T10:40:50.378978,514,PDSCH,0x46,3,73,4,0,,,,,,,,,,,
57,gnb2,2026-08-19T10:40:50.581178,521,PUCCH_CQI,0x46,,,,,,,,,,,111.8,15,2,,
57,gnb2,2026-08-19T10:40:51.593081,548,PUSCH,0x46,,,,,2,8,517,4,111.4,143,,,,,
57,gnb2,2026-08-19T10:40:52.150107,561,PUCCH_CQI,0x46,,,,,,,,,,,111.8,15,2,,
57,gnb2,2026-08-19T10:40:53.712693,601,PUCCH_CQI,0x46,,,,,,,,,,,111.8,15,2,,
57,gnb2,2026-08-19T10:40:55.817784,641,PUCCH_CQI,0x46,,,,,,,,,,,111.8,15,2,,
57,gnb2,2026-08-19T10:40:57.691588,681,PUCCH_CQI,0x46,,,,,,,,,,,111.8,15,2,,
57,gnb2,2026-08-19T10:40:59.536263,721,PUCCH_CQI,0x46,,,,,,,,,,,111.8,15,2,,
57,gnb2,2026-08-19T10:41:00.957738,761,PUCCH_CQI,0x46,,,,,,,,,,,111.8,15,2,,
57,gnb2,2026-08-19T10:41:02.581264,801,PUCCH_CQI,0x46,,,,,,,,,,,111.8,15,2,,
57,gnb2,2026-08-19T10:41:04.121634,841,PUCCH_CQI,0x46,,,,,,,,,,,111.8,15,2,,
57,gnb2,2026-08-19T10:41:05.979755,881,PUCCH_CQI,0x46,,,,,,,,,,,111.8,15,2,,
57,gnb2,2026-08-19T10:41:07.289874,921,PUCCH_CQI,0x46,,,,,,,,,,,111.8,15,2,,
57,gnb2,2026-08-19T10:41:09.378161,961,PUCCH_CQI,0x46,,,,,,,,,,,111.8,15,2,,
57,gnb2,2026-08-19T10:41:11.177349,1001,PUCCH_CQI,0x46,,,,,,,,,,,111.8,15,2,,
57,gnb2,2026-08-19T10:41:12.994790,1041,PUCCH_CQI,0x46,,,,,,,,,,,111.8,15,2,,
57,gnb2,2026-08-19T10:41:14.930034,1081,PUCCH_CQI,0x46,,,,,,,,,,,111.8,15,2,,
57,gnb2,2026-08-19T10:41:16.471883,1121,PUCCH_CQI,0x46,,,,,,,,,,,111.8,15,2,,
57,gnb2,2026-08-19T10:41:18.137174,1161,PUCCH_CQI,0x46,,,,,,,,,,,111.8,15,2,,
57,gnb2,2026-08-19T10:41:20.267141,1201,PUCCH_CQI,0x46,,,,,,,,,,,111.8,15,2,,
57,gnb2,2026-08-19T10:41:22.132792,1241,PUCCH_CQI,0x46,,,,,,,,,,,111.8,15,2,,
57,gnb2,2026-08-19T10:41:23.597432,1281,PUCCH_CQI,0x46,,,,,,,,,,,111.8,15,2,,
57,gnb2,2026-08-19T10:41:25.045317,1321,PUCCH_CQI,0x46,,,,,,,,,,,111.8,15,2,,
57,gnb2,2026-08-19T10:41:26.588969,1361,PUCCH_CQI,0x46,,,,,,,,,,,111.8,15,2,,
57,gnb2,2026-08-19T10:41:28.317333,1401,PUCCH_CQI,0x46,,,,,,,,,,,111.8,15,2,,
57,gnb2,2026-08-19T10:41:30.119667,1441,PUCCH_CQI,0x46,,,,,,,,,,,111.8,15,2,,
57,gnb2,2026-08-19T10:41:32.239345,1481,PUCCH_CQI,0x46,,,,,,,,,,,111.8,15,2,,
57,gnb2,2026-08-19T10:41:34.128708,1521,PUCCH_CQI,0x46,,,,,,,,,,,111.8,15,2,,
57,gnb2,2026-08-19T10:41:35.244171,1548,PUSCH,0x46,,,,,2,8,517,4,111.4,197,,,,,
57,gnb2,2026-08-19T10:41:35.244240,1548,PHR,,,,,,,,,,,,,,,,
57,gnb2,2026-08-19T10:41:35.273273,1549,PDSCH,0x46,3,7,2,0,,,,,,,,,,,
57,gnb2,2026-08-19T10:41:35.676660,1561,PUCCH_CQI,0x46,,,,,,,,,,,111.8,15,2,,
57,gnb2,2026-08-19T10:41:36.466238,1588,PUSCH,0x46,,,,,2,8,517,4,111.4,128,,,,,
57,gnb2,2026-08-19T10:41:36.836273,1599,PDSCH,0x46,3,7,2,0,,,,,,,,,,,
57,gnb2,2026-08-19T10:41:36.906196,1601,PUCCH_CQI,0x46,,,,,,,,,,,111.8,15,2,,
57,gnb2,2026-08-19T10:41:38.376375,1641,PUCCH_CQI,0x46,,,,,,,,,,,111.8,15,2,,
57,gnb2,2026-08-19T10:41:38.579097,1648,PUSCH,0x46,,,,,2,8,517,4,111.4,187,,,,,
57,gnb2,2026-08-19T10:41:38.579191,1648,PHR,,,,,,,,,,,,,,,,
57,gnb2,2026-08-19T10:41:38.610690,1649,PDSCH,0x46,3,7,2,0,,,,,,,,,,,
57,gnb2,2026-08-19T10:41:40.115292,1681,PUCCH_CQI,0x46,,,,,,,,,,,111.8,15,2,,
57,gnb2,2026-08-19T10:41:40.442840,1688,PUSCH,0x46,,,,,2,8,517,4,111.4,185,,,,,
57,gnb2,2026-08-19T10:41:40.939227,1699,PDSCH,0x46,3,7,2,0,,,,,,,,,,,
57,gnb2,2026-08-19T10:41:41.230977,1708,PUSCH,0x46,,,,,2,8,517,4,111.4,162,,,,,
57,gnb2,2026-08-19T10:41:41.231091,1708,PHR,,,,,,,,,,,,,,,,
57,gnb2,2026-08-19T10:41:41.718156,1721,PUCCH_CQI,0x46,,,,,,,,,,,111.8,15,2,,
57,gnb2,2026-08-19T10:41:42.799911,1750,PDSCH,0x46,3,7,2,0,,,,,,,,,,,
57,gnb2,2026-08-19T10:41:43.109920,1761,PUCCH_CQI,0x46,,,,,,,,,,,111.8,15,2,,
57,gnb2,2026-08-19T10:41:43.450204,1768,PUSCH,0x46,,,,,2,8,517,4,111.4,136,,,,,
57,gnb2,2026-08-19T10:41:43.450244,1768,PHR,,,,,,,,,,,,,,,,
57,gnb2,2026-08-19T10:41:44.677480,1800,PDSCH,0x46,3,7,2,0,,,,,,,,,,,
57,gnb2,2026-08-19T10:41:44.729907,1801,PUCCH_CQI,0x46,,,,,,,,,,,111.8,15,2,,
57,gnb2,2026-08-19T10:41:46.595278,1841,PUCCH_CQI,0x46,,,,,,,,,,,111.8,15,2,,
57,gnb2,2026-08-19T10:41:47.518642,1868,PUSCH,0x46,,,,,2,8,517,4,111.4,117,,,,,
57,gnb2,2026-08-19T10:41:47.518682,1868,PHR,,,,,,,,,,,,,,,,
57,gnb2,2026-08-19T10:41:47.541018,1869,PDSCH,0x46,3,7,2,0,,,,,,,,,,,
57,gnb2,2026-08-19T10:41:48.051534,1881,PUCCH_CQI,0x46,,,,,,,,,,,111.8,15,2,,
57,gnb2,2026-08-19T10:41:49.925458,1921,PUCCH_CQI,0x46,,,,,,,,,,,111.8,15,2,,
57,gnb2,2026-08-19T10:41:50.063992,1928,PUSCH,0x46,,,,,2,8,517,4,111.4,143,,,,,
57,gnb2,2026-08-19T10:41:50.063995,1928,PHR,,,,,,,,,,,,,,,,
57,gnb2,2026-08-19T10:41:50.115811,1929,PDSCH,0x46,3,7,2,0,,,,,,,,,,,
57,gnb2,2026-08-19T10:41:50.821096,1948,PUSCH,0x46,,,,,2,8,517,4,111.4,91,,,,,
57,gnb2,2026-08-19T10:41:51.306344,1961,PUCCH_CQI,0x46,,,,,,,,,,,111.8,15,2,,
57,gnb2,2026-08-19T10:41:51.518639,1968,PUSCH,0x46,,,,,2,8,517,4,111.4,115,,,,,
57,gnb2,2026-08-19T10:41:52.053190,1979,PDSCH,0x46,3,7,2,0,,,,,,,,,,,
57,gnb2,2026-08-19T10:41:52.688467,1988,PUSCH,0x46,,,,,2,8,517,4,111.4,88,,,,,
57,gnb2,2026-08-19T10:41:52.688547,1988,PHR,,,,,,,,,,,,,,,,
57,gnb2,2026-08-19T10:41:53.330162,2001,PUCCH_CQI,0x46,,,,,,,,,,,111.8,15,2,,
57,gnb2,2026-08-19T10:41:53.536078,2008,PUSCH,0x46,,,,,2,8,517,4,111.4,163,,,,,
57,gnb2,2026-08-19T10:41:54.153138,2028,PUSCH,0x46,,,,,2,8,517,4,111.4,76,,,,,
57,gnb2,2026-08-19T10:41:54.190977,2029,PDSCH,0x46,3,7,2,0,,,,,,,,,,,
57,gnb2,2026-08-19T10:41:54.623476,2041,PUCCH_CQI,0x46,,,,,,,,,,,111.8,15,2,,
57,gnb2,2026-08-19T10:41:54.846998,2048,PUSCH,0x46,,,,,2,8,517,4,111.4,70,,,,,
57,gnb2,2026-08-19T10:41:54.847019,2048,PHR,,,,,,,,,,,,,,,,
57,gnb2,2026-08-19T10:41:56.034708,2079,PDSCH,0x46,3,7,2,0,,,,,,,,,,,
57,gnb2,2026-08-19T10:41:56.091647,2081,PUCCH_CQI,0x46,,,,,,,,,,,111.8,15,2,,
57,gnb2,2026-08-19T10:41:57.595223,2121,PUCCH_CQI,0x46,,,,,,,,,,,111.8,15,2,,
58,gnb2,2026-08-19T10:48:14.448784,342,PDSCH,0x2,3,11,2,0,,,,,,,,,,,
58,gnb2,2026-08-19T10:48:15.215956,352,PUSCH,0x46,,,,,2,2,7,2,117.9,148,,,,,
58,gnb2,2026-08-19T10:48:15.358062,354,PDSCH,0x46,3,32,2,0,,,,,,,,,,,
58,gnb2,2026-08-19T10:48:15.788664,361,PUCCH_CQI,0x46,,,,,,,,,,,-inf,0,2,,
58,gnb2,2026-08-19T10:48:17.713369,388,PUSCH,0x46,,,,,2,44,157,2,109.0,409,,,,,
58,gnb2,2026-08-19T10:48:17.713474,388,PHR,,,,,,,,,,,,,,,,
58,gnb2,2026-08-19T10:48:17.812861,389,PDSCH,0x46,3,7,2,0,,,,,,,,,,,
58,gnb2,2026-08-19T10:48:17.894781,390,PDSCH,0x46,6,51,2,0,,,,,,,,,,,
58,gnb2,2026-08-19T10:48:18.573982,401,PUCCH_CQI,0x46,,,,,,,,,,,111.8,15,2,,
58,gnb2,2026-08-19T10:48:18.919177,408,PUSCH,0x46,,,,,2,8,517,4,111.4,240,,,,,
58,gnb2,2026-08-19T10:48:19.225851,409,PDSCH,0x46,3,7,2,0,,,,,,,,,,,
58,gnb2,2026-08-19T10:48:19.316016,410,PDSCH,0x46,3,41,2,0,,,,,,,,,,,
58,gnb2,2026-08-19T10:48:20.303773,428,PUSCH,0x46,,,,,2,8,517,4,111.4,154,,,,,
58,gnb2,2026-08-19T10:48:20.422465,429,PDSCH,0x46,3,7,2,0,,,,,,,,,,,
58,gnb2,2026-08-19T10:48:20.569420,430,PDSCH,0x46,3,26,2,0,,,,,,,,,,,
58,gnb2,2026-08-19T10:48:21.480857,441,PUCCH_CQI,0x46,,,,,,,,,,,111.8,15,2,,
58,gnb2,2026-08-19T10:48:21.907197,448,PUSCH,0x46,,,,,2,8,517,4,111.4,155,,,,,
58,gnb2,2026-08-19T10:48:21.907290,448,PHR,,,,,,,,,,,,,,,,
58,gnb2,2026-08-19T10:48:21.996028,449,PDSCH,0x46,3,7,2,0,,,,,,,,,,,
58,gnb2,2026-08-19T10:48:22.049891,450,PDSCH,0x46,3,18,2,0,,,,,,,,,,,
58,gnb2,2026-08-19T10:48:24.010407,468,PUSCH,0x46,,,,,2,8,517,4,111.4,140,,,,,
58,gnb2,2026-08-19T10:48:24.107202,469,PDSCH,0x46,3,22,2,0,,,,,,,,,,,
58,gnb2,2026-08-19T10:48:25.066716,481,PUCCH_CQI,0x46,,,,,,,,,,,111.8,15,2,,
58,gnb2,2026-08-19T10:48:25.487673,488,PUSCH,0x46,,,,,2,8,517,4,111.4,153,,,,,
58,gnb2,2026-08-19T10:48:25.550637,489,PDSCH,0x46,3,7,2,0,,,,,,,,,,,
58,gnb2,2026-08-19T10:48:25.622280,490,PDSCH,0x46,3,113,4,0,,,,,,,,,,,
58,gnb2,2026-08-19T10:48:26.918947,508,PUSCH,0x46,,,,,2,8,517,4,111.4,163,,,,,
58,gnb2,2026-08-19T10:48:26.918959,508,PHR,,,,,,,,,,,,,,,,
58,gnb2,2026-08-19T10:48:26.993077,509,PDSCH,0x46,3,7,2,0,,,,,,,,,,,
58,gnb2,2026-08-19T10:48:27.049286,510,PDSCH,0x46,3,7,2,0,,,,,,,,,,,
58,gnb2,2026-08-19T10:48:27.237367,512,PDSCH,0x46,3,73,4,0,,,,,,,,,,,
58,gnb2,2026-08-19T10:48:27.974720,521,PUCCH_CQI,0x46,,,,,,,,,,,111.8,15,2,,
58,gnb2,2026-08-19T10:48:29.803219,548,PUSCH,0x46,,,,,2,8,517,4,111.4,139,,,,,
58,gnb2,2026-08-19T10:48:30.730615,561,PUCCH_CQI,0x46,,,,,,,,,,,111.8,15,2,,
58,gnb2,2026-08-19T10:48:33.154369,601,PUCCH_CQI,0x46,,,,,,,,,,,111.8,15,2,,
58,gnb2,2026-08-19T10:48:35.951635,641,PUCCH_CQI,0x46,,,,,,,,,,,111.8,15,2,,
58,gnb2,2026-08-19T10:48:39.086034,681,PUCCH_CQI,0x46,,,,,,,,,,,111.8,15,2,,
58,gnb2,2026-08-19T10:48:41.681123,721,PUCCH_CQI,0x46,,,,,,,,,,,111.8,15,2,,
58,gnb2,2026-08-19T10:48:45.140828,761,PUCCH_CQI,0x46,,,,,,,,,,,111.8,15,2,,
58,gnb2,2026-08-19T10:48:47.884534,801,PUCCH_CQI,0x46,,,,,,,,,,,111.8,15,2,,
58,gnb2,2026-08-19T10:48:50.733392,841,PUCCH_CQI,0x46,,,,,,,,,,,111.8,15,2,,
58,gnb2,2026-08-19T10:48:54.030046,881,PUCCH_CQI,0x46,,,,,,,,,,,111.8,15,2,,
58,gnb2,2026-08-19T10:48:57.270634,921,PUCCH_CQI,0x46,,,,,,,,,,,111.8,15,2,,
58,gnb2,2026-08-19T10:49:00.013919,961,PUCCH_CQI,0x46,,,,,,,,,,,111.8,15,2,,
58,gnb2,2026-08-19T10:49:02.627545,1001,PUCCH_CQI,0x46,,,,,,,,,,,111.8,15,2,,
58,gnb2,2026-08-19T10:49:05.631189,1041,PUCCH_CQI,0x46,,,,,,,,,,,111.8,15,2,,
58,gnb2,2026-08-19T10:49:09.149063,1081,PUCCH_CQI,0x46,,,,,,,,,,,111.8,15,2,,
58,gnb2,2026-08-19T10:49:11.756119,1121,PUCCH_CQI,0x46,,,,,,,,,,,111.8,15,2,,
58,gnb2,2026-08-19T10:49:12.152281,1128,PUSCH,0x46,,,,,2,8,517,4,111.4,149,,,,,
58,gnb2,2026-08-19T10:49:12.152315,1128,PHR,,,,,,,,,,,,,,,,
58,gnb2,2026-08-19T10:49:12.261061,1129,PDSCH,0x46,3,7,2,0,,,,,,,,,,,
58,gnb2,2026-08-19T10:49:14.597677,1161,PUCCH_CQI,0x46,,,,,,,,,,,111.8,15,2,,
58,gnb2,2026-08-19T10:49:15.093964,1168,PUSCH,0x46,,,,,2,8,517,4,111.4,117,,,,,
58,gnb2,2026-08-19T10:49:15.810591,1179,PDSCH,0x46,3,7,2,0,,,,,,,,,,,
58,gnb2,2026-08-19T10:49:16.409033,1188,PUSCH,0x46,,,,,2,8,517,4,111.4,99,,,,,
58,gnb2,2026-08-19T10:49:16.409105,1188,PHR,,,,,,,,,,,,,,,,
58,gnb2,2026-08-19T10:49:17.306785,1201,PUCCH_CQI,0x46,,,,,,,,,,,111.8,15,2,,
58,gnb2,2026-08-19T10:49:17.740441,1208,PUSCH,0x46,,,,,2,8,517,4,111.4,152,,,,,
58,gnb2,2026-08-19T10:49:19.036951,1229,PDSCH,0x46,3,7,2,0,,,,,,,,,,,
58,gnb2,2026-08-19T10:49:19.710497,1241,PUCCH_CQI,0x46,,,,,,,,,,,111.8,15,2,,
58,gnb2,2026-08-19T10:49:20.025733,1248,PUSCH,0x46,,,,,2,8,517,4,111.4,109,,,,,
58,gnb2,2026-08-19T10:49:20.025783,1248,PHR,,,,,,,,,,,,,,,,
58,gnb2,2026-08-19T10:49:21.737334,1279,PDSCH,0x46,3,7,2,0,,,,,,,,,,,
58,gnb2,2026-08-19T10:49:21.825151,1281,PUCCH_CQI,0x46,,,,,,,,,,,111.8,15,2,,
58,gnb2,2026-08-19T10:49:24.058218,1308,PUSCH,0x46,,,,,2,8,517,4,111.4,177,,,,,
58,gnb2,2026-08-19T10:49:24.058243,1308,PHR,,,,,,,,,,,,,,,,
58,gnb2,2026-08-19T10:49:24.894722,1321,PUCCH_CQI,0x46,,,,,,,,,,,111.8,15,2,,
58,gnb2,2026-08-19T10:49:25.480313,1329,PDSCH,0x46,3,7,2,0,,,,,,,,,,,
58,gnb2,2026-08-19T10:49:27.490150,1348,PUSCH,0x46,,,,,2,8,517,4,111.4,159,,,,,
58,gnb2,2026-08-19T10:49:28.633488,1361,PUCCH_CQI,0x46,,,,,,,,,,,111.8,15,2,,
58,gnb2,2026-08-19T10:49:29.192838,1368,PUSCH,0x46,,,,,2,8,517,4,111.4,89,,,,,
58,gnb2,2026-08-19T10:49:29.192886,1368,PHR,,,,,,,,,,,,,,,,
58,gnb2,2026-08-19T10:49:29.785079,1380,PDSCH,0x46,3,7,2,0,,,,,,,,,,,
58,gnb2,2026-08-19T10:49:30.277585,1388,PUSCH,0x46,,,,,2,8,517,4,111.4,93,,,,,
59,gnb2,2026-08-19T10:55:44.513393,342,PDSCH,0x2,3,11,2,0,,,,,,,,,,,
59,gnb2,2026-08-19T10:55:45.135950,352,PUSCH,0x46,,,,,2,2,7,2,117.9,91,,,,,
59,gnb2,2026-08-19T10:55:45.215974,354,PDSCH,0x46,3,32,2,0,,,,,,,,,,,
59,gnb2,2026-08-19T10:55:45.492033,361,PUCCH_CQI,0x46,,,,,,,,,,,-inf,0,2,,
59,gnb2,2026-08-19T10:55:46.828807,388,PUSCH,0x46,,,,,2,44,157,2,109.0,274,,,,,
59,gnb2,2026-08-19T10:55:46.828917,388,PHR,,,,,,,,,,,,,,,,
59,gnb2,2026-08-19T10:55:46.907065,389,PDSCH,0x46,3,7,2,0,,,,,,,,,,,
59,gnb2,2026-08-19T10:55:46.946103,390,PDSCH,0x46,6,51,2,0,,,,,,,,,,,
59,gnb2,2026-08-19T10:55:47.328357,401,PUCCH_CQI,0x46,,,,,,,,,,,111.8,15,2,,
59,gnb2,2026-08-19T10:55:47.582893,408,PUSCH,0x46,,,,,2,8,517,4,111.4,228,,,,,
59,gnb2,2026-08-19T10:55:47.614438,409,PDSCH,0x46,3,7,2,0,,,,,,,,,,,
59,gnb2,2026-08-19T10:55:47.647242,410,PDSCH,0x46,3,41,2,0,,,,,,,,,,,
59,gnb2,2026-08-19T10:55:48.539598,428,PUSCH,0x46,,,,,2,8,517,4,111.4,99,,,,,
59,gnb2,2026-08-19T10:55:48.573570,429,PDSCH,0x46,3,7,2,0,,,,,,,,,,,
59,gnb2,2026-08-19T10:55:48.606393,430,PDSCH,0x46,3,26,2,0,,,,,,,,,,,
59,gnb2,2026-08-19T10:55:49.410593,441,PUCCH_CQI,0x46,,,,,,,,,,,111.8,15,2,,
59,gnb2,2026-08-19T10:55:49.800744,448,PUSCH,0x46,,,,,2,8,517,4,111.4,86,,,,,
59,gnb2,2026-08-19T10:55:49.800755,448,PHR,,,,,,,,,,,,,,,,
59,gnb2,2026-08-19T10:55:49.837042,449,PDSCH,0x46,3,7,2,0,,,,,,,,,,,
59,gnb2,2026-08-19T10:55:49.895712,450,PDSCH,0x46,3,18,2,0,,,,,,,,,,,
59,gnb2,2026-08-19T10:55:50.543255,468,PUSCH,0x46,,,,,2,8,517,4,111.4,83,,,,,
59,gnb2,2026-08-19T10:55:50.576385,469,PDSCH,0x46,3,7,2,0,,,,,,,,,,,
59,gnb2,2026-08-19T10:55:50.607864,470,PDSCH,0x46,3,18,2,0,,,,,,,,,,,
59,gnb2,2026-08-19T10:55:51.053904,481,PUCCH_CQI,0x46,,,,,,,,,,,111.8,15,2,,
59,gnb2,2026-08-19T10:55:51.299858,488,PUSCH,0x46,,,,,2,8,517,4,111.4,83,,,,,
59,gnb2,2026-08-19T10:55:51.358282,489,PDSCH,0x46,3,7,2,0,,,,,,,,,,,
59,gnb2,2026-08-19T10:55:51.433034,490,PDSCH,0x46,3,113,4,0,,,,,,,,,,,
59,gnb2,2026-08-19T10:55:52.365050,508,PUSCH,0x46,,,,,2,8,517,4,111.4,95,,,,,
59,gnb2,2026-08-19T10:55:52.365059,508,PHR,,,,,,,,,,,,,,,,
59,gnb2,2026-08-19T10:55:52.422324,509,PDSCH,0x46,3,18,2,0,,,,,,,,,,,
59,gnb2,2026-08-19T10:55:52.635158,513,PDSCH,0x46,3,73,4,0,,,,,,,,,,,
59,gnb2,2026-08-19T10:55:53.074089,521,PUCCH_CQI,0x46,,,,,,,,,,,111.8,15,2a,,
59,gnb2,2026-08-19T10:55:54.312884,548,PUSCH,0x46,,,,,2,8,517,4,111.4,91,,,,,
59,gnb2,2026-08-19T10:55:54.884944,561,PUCCH_CQI,0x46,,,,,,,,,,,111.8,15,2,,
59,gnb2,2026-08-19T10:55:56.818233,601,PUCCH_CQI,0x46,,,,,,,,,,,111.8,15,2,,
59,gnb2,2026-08-19T10:55:58.759206,641,PUCCH_CQI,0x46,,,,,,,,,,,111.8,15,2,,
59,gnb2,2026-08-19T10:56:00.651813,681,PUCCH_CQI,0x46,,,,,,,,,,,111.8,15,2,,
59,gnb2,2026-08-19T10:56:02.427808,721,PUCCH_CQI,0x46,,,,,,,,,,,111.8,15,2,,
59,gnb2,2026-08-19T10:56:04.810406,761,PUCCH_CQI,0x46,,,,,,,,,,,111.8,15,2,,
59,gnb2,2026-08-19T10:56:06.391868,801,PUCCH_CQI,0x46,,,,,,,,,,,111.8,15,2,,
59,gnb2,2026-08-19T10:56:08.039754,841,PUCCH_CQI,0x46,,,,,,,,,,,111.8,15,2,,
59,gnb2,2026-08-19T10:56:10.233446,881,PUCCH_CQI,0x46,,,,,,,,,,,111.8,15,2,,
59,gnb2,2026-08-19T10:56:12.201801,921,PUCCH_CQI,0x46,,,,,,,,,,,111.8,15,2,,
59,gnb2,2026-08-19T10:56:13.660780,961,PUCCH_CQI,0x46,,,,,,,,,,,111.8,15,2,,
59,gnb2,2026-08-19T10:56:15.786708,1001,PUCCH_CQI,0x46,,,,,,,,,,,111.8,15,2,,
59,gnb2,2026-08-19T10:56:17.399678,1041,PUCCH_CQI,0x46,,,,,,,,,,,111.8,15,2,,
59,gnb2,2026-08-19T10:56:19.085069,1081,PUCCH_CQI,0x46,,,,,,,,,,,111.8,15,2,,
59,gnb2,2026-08-19T10:56:20.984041,1121,PUCCH_CQI,0x46,,,,,,,,,,,111.8,15,2,,
59,gnb2,2026-08-19T10:56:23.072862,1161,PUCCH_CQI,0x46,,,,,,,,,,,111.8,15,2,,
59,gnb2,2026-08-19T10:56:24.575335,1201,PUCCH_CQI,0x46,,,,,,,,,,,111.8,15,2,,
59,gnb2,2026-08-19T10:56:26.490445,1241,PUCCH_CQI,0x46,,,,,,,,,,,111.8,15,2,,
59,gnb2,2026-08-19T10:56:27.813074,1281,PUCCH_CQI,0x46,,,,,,,,,,,111.8,15,2,,
59,gnb2,2026-08-19T10:56:29.394157,1321,PUCCH_CQI,0x46,,,,,,,,,,,111.8,15,2,,
59,gnb2,2026-08-19T10:56:30.708868,1361,PUCCH_CQI,0x46,,,,,,,,,,,111.8,15,2,,
59,gnb2,2026-08-19T10:56:32.510452,1401,PUCCH_CQI,0x46,,,,,,,,,,,111.8,15,2,,
59,gnb2,2026-08-19T10:56:34.123821,1441,PUCCH_CQI,0x46,,,,,,,,,,,111.8,15,2,,
59,gnb2,2026-08-19T10:56:36.077477,1481,PUCCH_CQI,0x46,,,,,,,,,,,111.8,15,2,,
59,gnb2,2026-08-19T10:56:38.398928,1521,PUCCH_CQI,0x46,,,,,,,,,,,111.8,15,2,,
59,gnb2,2026-08-19T10:56:40.046078,1561,PUCCH_CQI,0x46,,,,,,,,,,,111.8,15,2,,
59,gnb2,2026-08-19T10:56:41.426779,1588,PUSCH,0x46,,,,,2,8,517,4,111.4,170,,,,,
59,gnb2,2026-08-19T10:56:41.426887,1588,PHR,,,,,,,,,,,,,,,,
59,gnb2,2026-08-19T10:56:41.471229,1589,PDSCH,0x46,3,7,2,0,,,,,,,,,,,
59,gnb2,2026-08-19T10:56:41.900368,1601,PUCCH_CQI,0x46,,,,,,,,,,,111.8,15,2,,
59,gnb2,2026-08-19T10:56:42.136463,1608,PUSCH,0x46,,,,,2,8,517,4,111.4,87,,,,,
59,gnb2,2026-08-19T10:56:43.171082,1639,PDSCH,0x46,3,7,2,0,,,,,,,,,,,
59,gnb2,2026-08-19T10:56:43.306761,1641,PUCCH_CQI,0x46,,,,,,,,,,,111.8,15,2,,
59,gnb2,2026-08-19T10:56:44.328842,1668,PUSCH,0x46,,,,,2,8,517,4,111.4,103,,,,,
59,gnb2,2026-08-19T10:56:44.328946,1668,PHR,,,,,,,,,,,,,,,,
59,gnb2,2026-08-19T10:56:44.707478,1681,PUCCH_CQI,0x46,,,,,,,,,,,111.8,15,2,,
59,gnb2,2026-08-19T10:56:45.012831,1689,PDSCH,0x46,3,7,2,0,,,,,,,,,,,
59,gnb2,2026-08-19T10:56:45.958512,1708,PUSCH,0x46,,,,,2,8,517,4,111.4,104,,,,,
59,gnb2,2026-08-19T10:56:46.571588,1721,PUCCH_CQI,0x46,,,,,,,,,,,111.8,15,2,,
59,gnb2,2026-08-19T10:56:46.862232,1728,PUSCH,0x46,,,,,2,8,517,4,111.4,86,,,,,
59,gnb2,2026-08-19T10:56:46.862262,1728,PHR,,,,,,,,,,,,,,,,
59,gnb2,2026-08-19T10:56:47.271719,1739,PDSCH,0x46,3,7,2,0,,,,,,,,,,,
59,gnb2,2026-08-19T10:56:48.142658,1761,PUCCH_CQI,0x46,,,,,,,,,,,111.8,15,2,,
59,gnb2,2026-08-19T10:56:49.293028,1788,PUSCH,0x46,,,,,2,8,517,4,111.4,109,,,,,
59,gnb2,2026-08-19T10:56:49.293096,1788,PHR,,,,,,,,,,,,,,,,
59,gnb2,2026-08-19T10:56:49.369672,1789,PDSCH,0x46,3,7,2,0,,,,,,,,,,,
59,gnb2,2026-08-19T10:56:49.841608,1801,PUCCH_CQI,0x46,,,,,,,,,,,111.8,15,2,,
59,gnb2,2026-08-19T10:56:51.654137,1841,PUCCH_CQI,0x46,,,,,,,,,,,111.8,15,2,,
59,gnb2,2026-08-19T10:56:53.402184,1881,PUCCH_CQI,0x46,,,,,,,,,,,111.8,15,2,,
59,gnb2,2026-08-19T10:56:53.680295,1888,PUSCH,0x46,,,,,2,8,517,4,111.4,123,,,,,
59,gnb2,2026-08-19T10:56:53.680333,1888,PHR,,,,,,,,,,,,,,,,
59,gnb2,2026-08-19T10:56:53.725442,1889,PDSCH,0x46,3,7,2,0,,,,,,,,,,,
59,gnb2,2026-08-19T10:56:55.044287,1921,PUCCH_CQI,0x46,,,,,,,,,,,111.8,15,2,,
59,gnb2,2026-08-19T10:56:55.950670,1948,PUSCH,0x46,,,,,2,8,517,4,111.4,171,,,,,
59,gnb2,2026-08-19T10:56:55.950705,1948,PHR,,,,,,,,,,,,,,,,
59,gnb2,2026-08-19T10:56:55.978176,1949,PDSCH,0x46,3,7,2,0,,,,,,,,,,,
59,gnb2,2026-08-19T10:56:56.427151,1961,PUCCH_CQI,0x46,,,,,,,,,,,111.8,15,2,,
59,gnb2,2026-08-19T10:56:57.590869,1988,PUSCH,0x46,,,,,2,8,517,4,111.4,100,,,,,
59,gnb2,2026-08-19T10:56:58.006606,1999,PDSCH,0x46,3,7,2,0,,,,,,,,,,,
59,gnb2,2026-08-19T10:56:58.084081,2001,PUCCH_CQI,0x46,,,,,,,,,,,111.8,15,2,,
59,gnb2,2026-08-19T10:56:58.332659,2008,PUSCH,0x46,,,,,2,8,517,4,111.4,92,,,,,
59,gnb2,2026-08-19T10:56:58.332667,2008,PHR,,,,,,,,,,,,,,,,
59,gnb2,2026-08-19T10:56:59.207059,2028,PUSCH,0x46,,,,,2,8,517,4,111.4,150,,,,,
59,gnb2,2026-08-19T10:56:59.814981,2041,PUCCH_CQI,0x46,,,,,,,,,,,111.8,15,2,,
59,gnb2,2026-08-19T10:57:00.189890,2048,PUSCH,0x46,,,,,2,8,517,4,111.4,89,,,,,
59,gnb2,2026-08-19T10:57:00.228514,2049,PDSCH,0x46,3,7,2,0,,,,,,,,,,,
59,gnb2,2026-08-19T10:57:01.476278,2081,PUCCH_CQI,0x46,,,,,,,,,,,111.8,15,2,,
59,gnb2,2026-08-19T10:57:03.617432,2121,PUCCH_CQI,0x46,,,,,,,,,,,111.8,15,2,,
59,gnb2,2026-08-19T10:57:05.235544,2161,PUCCH_CQI,0x46,,,,,,,,,,,111.8,15,2,,
60,gnb2,2026-08-19T11:03:16.230668,342,PDSCH,0x2,3,11,2,0,,,,,,,,,,,
60,gnb2,2026-08-19T11:03:16.610941,352,PUSCH,0x46,,,,,2,2,7,2,117.9,79,,,,,
60,gnb2,2026-08-19T11:03:16.667394,354,PDSCH,0x46,3,32,2,0,,,,,,,,,,,
60,gnb2,2026-08-19T11:03:16.889565,361,PUCCH_CQI,0x46,,,,,,,,,,,-inf,0,2,,
60,gnb2,2026-08-19T11:03:18.018387,388,PUSCH,0x46,,,,,2,44,157,2,109.0,325,,,,,
60,gnb2,2026-08-19T11:03:18.018435,388,PHR,,,,,,,,,,,,,,,,
60,gnb2,2026-08-19T11:03:18.148422,389,PDSCH,0x46,3,7,2,0,,,,,,,,,,,
60,gnb2,2026-08-19T11:03:18.203758,390,PDSCH,0x46,6,51,2,0,,,,,,,,,,,
60,gnb2,2026-08-19T11:03:18.937067,401,PUCCH_CQI,0x46,,,,,,,,,,,111.8,15,2,,
60,gnb2,2026-08-19T11:03:19.196522,408,PUSCH,0x46,,,,,2,8,517,4,111.4,207,,,,,
60,gnb2,2026-08-19T11:03:19.225271,409,PDSCH,0x46,3,7,2,0,,,,,,,,,,,
60,gnb2,2026-08-19T11:03:19.254101,410,PDSCH,0x46,3,41,2,0,,,,,,,,,,,
60,gnb2,2026-08-19T11:03:19.924927,428,PUSCH,0x46,,,,,2,8,517,4,111.4,77,,,,,
60,gnb2,2026-08-19T11:03:19.955011,429,PDSCH,0x46,3,7,2,0,,,,,,,,,,,
60,gnb2,2026-08-19T11:03:19.986813,430,PDSCH,0x46,3,26,2,0,,,,,,,,,,,
60,gnb2,2026-08-19T11:03:20.336507,441,PUCCH_CQI,0x46,,,,,,,,,,,111.8,15,2,,
60,gnb2,2026-08-19T11:03:20.560738,448,PUSCH,0x46,,,,,2,8,517,4,111.4,74,,,,,
60,gnb2,2026-08-19T11:03:20.560836,448,PHR,,,,,,,,,,,,,,,,
60,gnb2,2026-08-19T11:03:20.585312,449,PDSCH,0x46,3,7,2,0,,,,,,,,,,,
60,gnb2,2026-08-19T11:03:20.610524,450,PDSCH,0x46,3,18,2,0,,,,,,,,,,,
60,gnb2,2026-08-19T11:03:21.249649,468,PUSCH,0x46,,,,,2,8,517,4,111.4,159,,,,,
60,gnb2,2026-08-19T11:03:21.285111,469,PDSCH,0x46,3,22,2,0,,,,,,,,,,,
60,gnb2,2026-08-19T11:03:21.691690,481,PUCCH_CQI,0x46,,,,,,,,,,,111.8,15,2,,
60,gnb2,2026-08-19T11:03:21.903627,488,PUSCH,0x46,,,,,2,8,517,4,111.4,85,,,,,
60,gnb2,2026-08-19T11:03:21.932974,489,PDSCH,0x46,3,7,2,0,,,,,,,,,,,
60,gnb2,2026-08-19T11:03:21.965345,490,PDSCH,0x46,3,113,4,0,,,,,,,,,,,
60,gnb2,2026-08-19T11:03:22.606065,508,PUSCH,0x46,,,,,2,8,517,4,111.4,97,,,,,
60,gnb2,2026-08-19T11:03:22.606094,508,PHR,,,,,,,,,,,,,,,,
60,gnb2,2026-08-19T11:03:22.640749,509,PDSCH,0x46,3,7,2,0,,,,,,,,,,,
60,gnb2,2026-08-19T11:03:22.673881,510,PDSCH,0x46,3,7,2,0,,,,,,,,,,,
60,gnb2,2026-08-19T11:03:22.853434,515,PDSCH,0x46,3,73,4,0,,,,,,,,,,,
60,gnb2,2026-08-19T11:03:23.134337,521,PUCCH_CQI,0x46,,,,,,,,,,,111.8,15,2,,
60,gnb2,2026-08-19T11:03:24.154960,548,PUSCH,0x46,,,,,2,8,517,4,111.4,85,,,,,
60,gnb2,2026-08-19T11:03:24.583175,561,PUCCH_CQI,0x46,,,,,,,,,,,111.8,15,2,,
60,gnb2,2026-08-19T11:03:26.079066,601,PUCCH_CQI,0x46,,,,,,,,,,,111.8,15,2,,
60,gnb2,2026-08-19T11:03:27.363587,641,PUCCH_CQI,0x46,,,,,,,,,,,111.8,15,2,,
60,gnb2,2026-08-19T11:03:28.992360,681,PUCCH_CQI,0x46,,,,,,,,,,,111.8,15,2,,
60,gnb2,2026-08-19T11:03:30.417371,721,PUCCH_CQI,0x46,,,,,,,,,,,111.8,15,2,,
60,gnb2,2026-08-19T11:03:31.807890,761,PUCCH_CQI,0x46,,,,,,,,,,,111.8,15,2,,
60,gnb2,2026-08-19T11:03:33.067045,801,PUCCH_CQI,0x46,,,,,,,,,,,111.8,15,2,,
60,gnb2,2026-08-19T11:03:34.407511,841,PUCCH_CQI,0x46,,,,,,,,,,,111.8,15,2,,
60,gnb2,2026-08-19T11:03:35.904263,881,PUCCH_CQI,0x46,,,,,,,,,,,111.8,15,2,,
60,gnb2,2026-08-19T11:03:37.270589,921,PUCCH_CQI,0x46,,,,,,,,,,,111.8,15,2,,
60,gnb2,2026-08-19T11:03:39.069277,961,PUCCH_CQI,0x46,,,,,,,,,,,111.8,15,2,,
60,gnb2,2026-08-19T11:03:40.441537,1001,PUCCH_CQI,0x46,,,,,,,,,,,111.8,15,2,,
60,gnb2,2026-08-19T11:03:42.201247,1041,PUCCH_CQI,0x46,,,,,,,,,,,111.8,15,2,,
60,gnb2,2026-08-19T11:03:44.009809,1081,PUCCH_CQI,0x46,,,,,,,,,,,111.8,15,2,,
60,gnb2,2026-08-19T11:03:45.479336,1121,PUCCH_CQI,0x46,,,,,,,,,,,111.8,15,2,,
60,gnb2,2026-08-19T11:03:47.055648,1161,PUCCH_CQI,0x46,,,,,,,,,,,111.8,15,2,,
60,gnb2,2026-08-19T11:03:48.734237,1201,PUCCH_CQI,0x46,,,,,,,,,,,111.8,15,2,,
60,gnb2,2026-08-19T11:03:50.145663,1241,PUCCH_CQI,0x46,,,,,,,,,,,111.8,15,2,,
60,gnb2,2026-08-19T11:03:52.042780,1281,PUCCH_CQI,0x46,,,,,,,,,,,111.8,15,2,,
60,gnb2,2026-08-19T11:03:53.282071,1321,PUCCH_CQI,0x46,,,,,,,,,,,111.8,15,2,,
60,gnb2,2026-08-19T11:03:54.504951,1361,PUCCH_CQI,0x46,,,,,,,,,,,111.8,15,2,,
60,gnb2,2026-08-19T11:03:56.167202,1401,PUCCH_CQI,0x46,,,,,,,,,,,111.8,15,2,,
60,gnb2,2026-08-19T11:03:57.897199,1441,PUCCH_CQI,0x46,,,,,,,,,,,111.8,15,2,,
60,gnb2,2026-08-19T11:03:59.830593,1481,PUCCH_CQI,0x46,,,,,,,,,,,111.8,15,2,,
60,gnb2,2026-08-19T11:04:02.288204,1521,PUCCH_CQI,0x46,,,,,,,,,,,111.8,15,2,,
60,gnb2,2026-08-19T11:04:04.003955,1561,PUCCH_CQI,0x46,,,,,,,,,,,111.8,15,2,,
60,gnb2,2026-08-19T11:04:05.515499,1601,PUCCH_CQI,0x46,,,,,,,,,,,111.8,15,2,,
60,gnb2,2026-08-19T11:04:07.163030,1641,PUCCH_CQI,0x46,,,,,,,,,,,111.8,15,2,,
60,gnb2,2026-08-19T11:04:08.773380,1681,PUCCH_CQI,0x46,,,,,,,,,,,111.8,15,2,,
60,gnb2,2026-08-19T11:04:09.064246,1688,PUSCH,0x46,,,,,2,8,517,4,111.4,247,,,,,
60,gnb2,2026-08-19T11:04:09.064278,1688,PHR,,,,,,,,,,,,,,,,
60,gnb2,2026-08-19T11:04:09.103035,1689,PDSCH,0x46,3,7,2,0,,,,,,,,,,,
60,gnb2,2026-08-19T11:04:09.995913,1708,PUSCH,0x46,,,,,2,8,517,4,111.4,166,,,,,
60,gnb2,2026-08-19T11:04:10.469245,1721,PUCCH_CQI,0x46,,,,,,,,,,,111.8,15,2,,
60,gnb2,2026-08-19T11:04:11.342555,1739,PDSCH,0x46,3,7,2,0,,,,,,,,,,,
60,gnb2,2026-08-19T11:04:11.684790,1748,PUSCH,0x46,,,,,2,8,517,4,111.4,101,,,,,
60,gnb2,2026-08-19T11:04:11.684888,1748,PHR,,,,,,,,,,,,,,,,
60,gnb2,2026-08-19T11:04:12.211649,1761,PUCCH_CQI,0x46,,,,,,,,,,,111.8,15,2,,
60,gnb2,2026-08-19T11:04:13.605434,1789,PDSCH,0x46,3,7,2,0,,,,,,,,,,,
60,gnb2,2026-08-19T11:04:14.046124,1801,PUCCH_CQI,0x46,,,,,,,,,,,111.8,15,2,,
60,gnb2,2026-08-19T11:04:14.399596,1808,PUSCH,0x46,,,,,2,8,517,4,111.4,104,,,,,
60,gnb2,2026-08-19T11:04:14.399610,1808,PHR,,,,,,,,,,,,,,,,
60,gnb2,2026-08-19T11:04:16.117508,1839,PDSCH,0x46,3,7,2,0,,,,,,,,,,,
60,gnb2,2026-08-19T11:04:16.269277,1841,PUCCH_CQI,0x46,,,,,,,,,,,111.8,15,2,,
60,gnb2,2026-08-19T11:04:17.817482,1868,PUSCH,0x46,,,,,2,8,517,4,111.4,106,,,,,
60,gnb2,2026-08-19T11:04:17.817565,1868,PHR,,,,,,,,,,,,,,,,
60,gnb2,2026-08-19T11:04:18.330309,1881,PUCCH_CQI,0x46,,,,,,,,,,,111.8,15,2,,
60,gnb2,2026-08-19T11:04:18.625868,1889,PDSCH,0x46,3,7,2,0,,,,,,,,,,,
60,gnb2,2026-08-19T11:04:19.753395,1921,PUCCH_CQI,0x46,,,,,,,,,,,111.8,15,2,,
60,gnb2,2026-08-19T11:04:20.680208,1948,PUSCH,0x46,,,,,2,8,517,4,111.4,115,,,,,
60,gnb2,2026-08-19T11:04:20.680293,1948,PHR,,,,,,,,,,,,,,,,
60,gnb2,2026-08-19T11:04:20.718654,1949,PDSCH,0x46,3,7,2,0,,,,,,,,,,,
60,gnb2,2026-08-19T11:04:21.353893,1961,PUCCH_CQI,0x46,,,,,,,,,,,111.8,15,2,,
60,gnb2,2026-08-19T11:04:23.375227,2001,PUCCH_CQI,0x46,,,,,,,,,,,111.8,15,2,,
60,gnb2,2026-08-19T11:04:23.608321,2008,PUSCH,0x46,,,,,2,8,517,4,111.4,112,,,,,
60,gnb2,2026-08-19T11:04:23.608377,2008,PHR,,,,,,,,,,,,,,,,
60,gnb2,2026-08-19T11:04:23.638040,2009,PDSCH,0x46,3,7,2,0,,,,,,,,,,,
60,gnb2,2026-08-19T11:04:25.178395,2041,PUCCH_CQI,0x46,,,,,,,,,,,111.8,15,2,,
60,gnb2,2026-08-19T11:04:25.419811,2048,PUSCH,0x46,,,,,2,8,517,4,111.4,95,,,,,
60,gnb2,2026-08-19T11:04:25.998789,2059,PDSCH,0x46,3,7,2,0,,,,,,,,,,,
60,gnb2,2026-08-19T11:04:26.352284,2068,PUSCH,0x46,,,,,2,8,517,4,111.4,81,,,,,
60,gnb2,2026-08-19T11:04:26.352378,2068,PHR,,,,,,,,,,,,,,,,
60,gnb2,2026-08-19T11:04:26.842333,2081,PUCCH_CQI,0x46,,,,,,,,,,,111.8,15,2,,
60,gnb2,2026-08-19T11:04:27.234504,2088,PUSCH,0x46,,,,,2,8,517,4,111.4,88,,,,,
60,gnb2,2026-08-19T11:04:27.854512,2108,PUSCH,0x46,,,,,2,8,517,4,111.4,123,,,,,
60,gnb2,2026-08-19T11:04:27.918376,2109,PDSCH,0x46,3,7,2,0,,,,,,,,,,,
60,gnb2,2026-08-19T11:04:28.482029,2121,PUCCH_CQI,0x46,,,,,,,,,,,111.8,15,2,,
60,gnb2,2026-08-19T11:04:30.784731,2161,PUCCH_CQI,0x46,,,,,,,,,,,111.8,15,2,,
60,gnb2,2026-08-19T11:04:32.636630,2201,PUCCH_CQI,0x46,,,,,,,,,,,111.8,15,2,,
60,gnb2,2026-08-19T11:04:34.395935,2241,PUCCH_CQI,0x46,,,,,,,,,,,111.8,15,2,,
60,gnb2,2026-08-19T11:04:34.699973,2248,PUSCH,0x46,,,,,,,,,,,,,,,
