timestamp,epoch_s,phase,ue_count_label,cpu_pct_proc,cpu_user_pct,cpu_sys_pct,cpu_iowait_pct,cpu_freq_mhz,irq_rate,ctxt_rate,mem_used_mb,mem_free_mb,mem_cache_mb,mem_total_mb,load1,load5,load15,temp_c,rapl_pkg0_w,rapl_dram_w,ipc,active_slots,nof_ue_total,dl_brate_mbps,ul_brate_mbps,system_load_avg,proc_rss_mb,proc_vmem_mb,sys_mem_pct,ran_cpu_avg_pct,ran_cpu_max_pct,dl_mcs_avg,ul_mcs_avg,dl_cqi_avg,ul_snr_avg,dl_tbs_avg,ul_tbs_avg,dl_prb_avg,ul_prb_avg,dl_bler,ul_bler,ul_phr_avg,bsr_avg,dl_latency_ms_avg,ul_latency_ms_avg,dl_total_bytes,ul_total_bytes
2026-09-07T18:19:37Z,1788805177,baseline,0,0.0,0.0,0.0,0.0,1199,143,129,1747,61362,1187,64296,3.98,8.29,10.94,62.0,1.19,0.27,,0,0,0,0,0,0,0,0,,,,,,,,,,,0.0,0.0,,,,,,
2026-09-07T18:19:40Z,1788805180,baseline,0,0.0,0.0,0.0,0.0,1199,755,469,1747,61362,1187,64296,3.98,8.29,10.94,63.0,1.15,0.31,,0,0,0,0,0,0,0,0,,,,,,,,,,,0.0,0.0,,,,,,
2026-09-07T18:19:43Z,1788805183,baseline,0,0.1,0.0,0.0,0.0,1199,777,654,1746,61363,1187,64296,3.66,8.15,10.88,62.0,0.74,0.26,,0,0,0,0,0,0,0,0,,,,,,,,,,,0.0,0.0,,,,,,
2026-09-07T18:19:46Z,1788805186,baseline,0,0.0,0.0,0.0,0.0,1199,533,478,1745,61364,1187,64296,3.66,8.15,10.88,62.0,0.7,0.23,,0,0,0,0,0,0,0,0,,,,,,,,,,,0.0,0.0,,,,,,
2026-09-07T18:19:49Z,1788805189,baseline,0,0.0,0.0,0.0,0.0,1199,481,439,1745,61364,1187,64296,3.37,8.01,10.82,62.0,1.01,0.26,,0,0,0,0,0,0,0,0,,,,,,,,,,,0.0,0.0,,,,,,
2026-09-07T18:19:52Z,1788805192,baseline,0,0.0,0.0,0.0,0.0,1199,644,393,1744,61365,1187,64296,3.1,7.88,10.76,63.0,1.18,0.31,,0,0,0,0,0,0,0,0,,,,,,,,,,,0.0,0.0,,,,,,
2026-09-07T18:19:55Z,1788805195,baseline,0,0.1,0.1,0.1,0.0,1380,1351,1093,1743,61366,1187,64296,3.1,7.88,10.76,62.0,15.5,1.94,,0,0,0,0,0,0,0,0,,,,,,,,,,,0.0,0.0,,,,,,
2026-09-07T18:19:58Z,1788805198,baseline,0,4.2,2.6,1.6,0.0,1373,94184,179021,4383,58726,1187,64296,3.09,7.8,10.72,63.0,21.67,1.92,,0,0,0,0,0,0,0,0,,,,,,,,,,,0.0,0.0,,,,,,
2026-09-07T18:20:01Z,1788805201,baseline,0,6.2,4.0,2.2,0.0,1466,271954,526051,6905,56204,1187,64296,3.09,7.8,10.72,64.0,15.92,1.85,,0,0,0,0,0,0,0,0,,,,,,,,,,,0.0,0.0,,,,,,
2026-09-07T18:20:04Z,1788805204,baseline,0,7.2,4.3,2.9,0.0,1445,456242,877946,9752,53357,1187,64296,3.08,7.72,10.68,64.0,21.42,2.08,,0,0,0,0,0,0,0,0,,,3.444,,,88.457,,477.0,,13.0,0.0,0.0,30.0,0.0,,,,
2026-09-07T18:20:07Z,1788805207,baseline,0,9.7,5.1,4.2,0.0,1417,659533,1259242,12532,50577,1187,64296,3.24,7.67,10.65,63.0,21.94,1.87,,0,0,0,0,0,0,0,0,,,,,,,,,,,0.0,0.0,,,,,,
2026-09-07T18:20:10Z,1788805210,baseline,0,11.4,6.4,4.7,0.0,1551,800854,1598294,15025,48084,1187,64296,3.24,7.67,10.65,65.0,22.99,1.8,,0,0,0,0,0,0,0,0,,,,,,,,,,,0.0,0.0,,,,,,
2026-09-07T18:20:13Z,1788805213,baseline,0,12.8,6.5,5.8,0.0,1411,923251,1924629,17953,45155,1188,64296,3.38,7.63,10.61,64.0,22.64,2.14,,0,0,0,0,0,0,0,0,,,,,,,,,,,0.0,0.0,,,,,,
2026-09-07T18:20:16Z,1788805216,baseline,0,13.6,6.9,6.3,0.0,1345,1028598,2248552,20599,42509,1188,64296,3.38,7.63,10.61,64.0,17.72,1.97,,0,0,0,0,0,0,0,0,,,,,,,,,,,0.0,0.0,,,,,,
2026-09-07T18:20:19Z,1788805219,baseline,0,17.2,8.6,8.1,0.0,1402,1128275,2559042,23158,39950,1188,64296,3.75,7.64,10.6,65.0,21.38,2.0,,0,0,0,0,0,0,0,0,,,,,,,,,,,0.0,0.0,,,,,,
2026-09-07T18:20:22Z,1788805222,baseline,0,17.9,8.6,8.8,0.0,1397,1236198,2891857,25981,37127,1188,64296,3.93,7.61,10.58,66.0,23.3,2.33,,0,0,0,0,0,0,0,0,,,,,,,,,,,0.0,0.0,,,,,,
2026-09-07T18:20:25Z,1788805225,baseline,0,20.3,10.0,9.8,0.0,1357,1336815,3199044,28587,34521,1188,64296,3.93,7.61,10.58,65.0,19.29,2.4,,0,0,0,0,0,0,0,0,,,,,,,,,,,0.0,0.0,,,,,,
2026-09-07T18:20:28Z,1788805228,baseline,0,22.6,10.6,11.4,0.0,1339,1441901,3506006,31392,31716,1188,64296,4.42,7.65,10.57,66.0,19.24,2.38,,0,0,0,0,0,0,0,0,,,,,,,,,,,0.0,0.0,,,,,,
2026-09-07T18:20:31Z,1788805231,baseline,0,25.8,12.0,13.2,0.0,1333,1557186,3787831,33917,29194,1185,64296,4.42,7.65,10.57,66.0,21.48,2.32,,0,0,0,0,0,0,0,0,,,,,,,,,,,0.0,0.0,,,,,,
2026-09-07T18:20:34Z,1788805234,baseline,0,28.6,13.7,14.2,0.0,1299,1671058,4106631,36658,26456,1182,64296,5.02,7.72,10.58,65.0,20.44,2.15,,0,0,0,0,0,0,0,0,,,,,,,,,,,0.0,0.0,,,,,,
2026-09-07T18:20:37Z,1788805237,attach_accumulation,9,30.5,14.1,15.6,0.0,1361,1783752,4371986,39055,24061,1180,64296,5.5,7.78,10.58,65.0,17.77,1.95,,0,0,0,0,0,0,0,0,,,,,,,,,,,0.0,0.0,,,,,,
2026-09-07T18:20:40Z,1788805240,attach_accumulation,9,23.7,9.1,13.8,0.0,1199,1807735,4437502,39185,23931,1180,64296,5.5,7.78,10.58,65.0,16.82,1.88,,0,0,0,0,0,0,0,0,,,,,,,,,,,0.0,0.0,,,,,,
2026-09-07T18:20:43Z,1788805243,attach_accumulation,9,25.8,9.7,15.1,0.0,1233,1823868,4409446,39251,23865,1180,64296,5.78,7.8,10.57,66.0,18.54,1.9,,0,0,0,0,0,0,0,0,,,3.529,,,88.459,,477.0,,13.0,0.0,0.0,30.0,0.0,,,,
2026-09-07T18:20:46Z,1788805246,attach_accumulation,9,26.9,10.2,15.2,0.0,1229,1887556,4429807,39253,23863,1180,64296,5.78,7.8,10.57,65.0,17.26,2.0,,0,0,0,0,0,0,0,0,,,,,,,,,,,0.0,0.0,,,,,,
2026-09-07T18:20:49Z,1788805249,attach_accumulation,9,27.3,10.1,15.7,0.0,1280,1881260,4424055,39243,23873,1180,64296,6.2,7.85,10.58,65.0,18.03,1.94,,0,0,0,0,0,0,0,0,,,,,,,,,,,0.0,0.0,,,,,,
2026-09-07T18:20:52Z,1788805252,attach_accumulation,9,27.9,10.8,15.7,0.0,1205,1881330,4407944,39245,23871,1180,64296,6.51,7.89,10.57,66.0,17.34,1.94,,0,0,0,0,0,0,0,0,,,,,,,,,,,0.0,0.0,,,,,,
2026-09-07T18:20:55Z,1788805255,attach_accumulation,9,27.7,10.4,15.8,0.0,1205,1875727,4414581,39243,23873,1180,64296,6.51,7.89,10.57,67.0,17.37,1.98,,0,0,0,0,0,0,0,0,,,,,,,,,,,0.0,0.0,,,,,,
2026-09-07T18:20:58Z,1788805258,attach_accumulation,9,27.4,10.4,15.6,0.0,1252,1881670,4425553,39245,23871,1180,64296,6.87,7.94,10.58,65.0,17.47,1.98,,0,0,0,0,0,0,0,0,,,,,,,,,,,0.0,0.0,,,,,,
2026-09-07T18:21:01Z,1788805261,attach_accumulation,9,27.4,10.3,15.8,0.0,1202,1873622,4422890,39247,23869,1180,64296,6.87,7.94,10.58,66.0,17.32,1.95,,0,0,0,0,0,0,0,0,,,,,,,,,,,0.0,0.0,,,,,,
2026-09-07T18:21:04Z,1788805264,attach_accumulation,9,28.6,10.8,16.5,0.0,1241,1874697,4400792,39239,23877,1180,64296,6.64,7.87,10.54,66.0,17.67,1.9,,0,0,0,0,0,0,0,0,,,,,,,,,,,0.0,0.0,,,,,,
2026-09-07T18:21:07Z,1788805267,attach_accumulation,9,28.6,10.4,16.6,0.0,1214,1883278,4400463,39244,23872,1180,64296,6.75,7.87,10.53,66.0,17.52,1.88,,0,0,0,0,0,0,0,0,,,,,,,,,,,0.0,0.0,,,,,,
2026-09-07T18:21:10Z,1788805270,attach_accumulation,9,27.4,10.5,15.3,0.0,1218,1876213,4412523,39242,23874,1180,64296,6.75,7.87,10.53,66.0,17.5,1.92,,0,0,0,0,0,0,0,0,,,,,,,,,,,0.0,0.0,,,,,,
2026-09-07T18:21:13Z,1788805273,attach_accumulation,9,27.7,10.4,15.9,0.0,1253,1872137,4405112,39241,23875,1180,64296,6.53,7.81,10.49,66.0,17.72,1.93,,0,0,0,0,0,0,0,0,,,,,,,,,,,0.0,0.0,,,,,,
2026-09-07T18:21:16Z,1788805276,attach_accumulation,9,28.0,10.6,15.8,0.0,1205,1878253,4412639,39246,23870,1180,64296,6.53,7.81,10.49,66.0,17.71,1.9,,0,0,0,0,0,0,0,0,,,,,,,,,,,0.0,0.0,,,,,,
2026-09-07T18:21:19Z,1788805279,attach_accumulation,9,28.9,10.7,16.6,0.0,1242,1881358,4407322,39246,23869,1181,64296,6.4,7.76,10.46,67.0,17.82,1.89,,0,0,0,0,0,0,0,0,,,,,,,,,,,0.0,0.0,,,,,,
2026-09-07T18:21:22Z,1788805282,attach_accumulation,9,27.3,10.2,15.7,0.0,1316,1872773,4421259,39249,23866,1181,64296,6.53,7.77,10.45,66.0,18.08,1.93,,0,0,0,0,0,0,0,0,,,,,,,,,,,0.0,0.0,,,,,,
2026-09-07T18:21:25Z,1788805285,attach_accumulation,9,27.2,10.3,15.6,0.0,1255,1893588,4420783,39250,23865,1181,64296,6.53,7.77,10.45,66.0,17.99,1.91,,0,0,0,0,0,0,0,0,,,,,,,,,,,0.0,0.0,,,,,,
2026-09-07T18:21:28Z,1788805288,attach_accumulation,9,27.9,10.5,16.1,0.0,1211,1883990,4409273,39251,23864,1181,64296,6.81,7.8,10.44,66.0,18.04,1.98,,0,0,0,0,0,0,0,0,,,,,,,,,,,0.0,0.0,,,,,,
2026-09-07T18:21:31Z,1788805291,attach_accumulation,9,29.3,11.1,16.6,0.0,1205,1882227,4395981,39248,23867,1181,64296,6.81,7.8,10.44,66.0,17.69,1.96,,0,0,0,0,0,0,0,0,,,,,,,,,,,0.0,0.0,,,,,,
2026-09-07T18:21:34Z,1788805294,attach_accumulation,9,27.5,10.2,16.0,0.0,1205,1876078,4411976,39247,23868,1181,64296,6.98,7.82,10.44,66.0,17.41,1.95,,0,0,0,0,0,0,0,0,,,,,,,,,,,0.0,0.0,,,,,,
2026-09-07T18:21:37Z,1788805297,attach_accumulation,9,27.8,10.4,16.1,0.0,1208,1870495,4417282,39246,23869,1181,64296,6.83,7.78,10.41,67.0,18.28,1.93,,0,0,0,0,0,0,0,0,,,,,,,,,,,0.0,0.0,,,,,,
2026-09-07T18:21:40Z,1788805300,attach_accumulation,9,27.6,11.0,15.3,0.0,1199,1875169,4430212,39255,23860,1181,64296,6.83,7.78,10.41,65.0,17.97,1.93,,0,0,0,0,0,0,0,0,,,,,,,,,,,0.0,0.0,,,,,,
2026-09-07T18:21:43Z,1788805303,attach_accumulation,9,27.7,10.9,15.5,0.0,1208,1872226,4421817,39248,23867,1181,64296,7.0,7.8,10.4,66.0,17.48,1.91,,0,0,0,0,0,0,0,0,,,,,,,,,,,0.0,0.0,,,,,,
2026-09-07T18:21:46Z,1788805306,attach_accumulation,9,27.1,10.4,15.3,0.0,1246,1872333,4415978,39248,23867,1181,64296,7.0,7.8,10.4,67.0,17.17,1.94,,0,0,0,0,0,0,0,0,,,,,,,,,,,0.0,0.0,,,,,,
2026-09-07T18:21:49Z,1788805309,attach_accumulation,9,27.1,10.4,15.4,0.0,1203,1871297,4426980,39250,23865,1181,64296,7.4,7.87,10.41,66.0,17.11,1.89,,0,0,0,0,0,0,0,0,,,,,,,,,,,0.0,0.0,,,,,,
2026-09-07T18:21:52Z,1788805312,attach_accumulation,9,27.9,10.8,15.7,0.0,1242,1875100,4415047,39246,23869,1181,64296,7.85,7.95,10.42,65.0,17.54,1.95,,0,0,0,0,0,0,0,0,,,,,,,,,,,0.0,0.0,,,,,,
2026-09-07T18:21:55Z,1788805315,attach_accumulation,9,30.7,11.5,17.9,0.0,1217,1885061,4391504,39287,23828,1181,64296,7.85,7.95,10.42,65.0,17.48,1.98,,0,0,0,0,0,0,0,0,,,,,,,,,,,0.0,0.0,,,,,,
2026-09-07T18:21:58Z,1788805318,attach_accumulation,9,32.4,12.0,19.0,0.0,1267,1880453,4394380,39293,23822,1181,64296,7.7,7.92,10.4,66.0,17.56,1.98,,0,0,0,0,0,0,0,0,,,,,,,,,,,0.0,0.0,,,,,,
2026-09-07T18:22:01Z,1788805321,attach_accumulation,10,30.6,11.9,17.2,0.0,1205,1877522,4400300,39282,23833,1181,64296,7.7,7.92,10.4,65.0,16.93,1.91,,0,0,0,0,0,0,0,0,,,,,,,,,,,0.0,0.0,,,,,,
2026-09-07T18:22:04Z,1788805324,attach_accumulation,10,27.5,10.5,15.7,0.0,1224,1875502,4416512,39286,23829,1181,64296,7.89,7.95,10.4,66.0,17.06,1.92,,0,0,0,0,0,0,0,0,,,,,,,,,,,0.0,0.0,,,,,,
2026-09-07T18:22:07Z,1788805327,attach_accumulation,10,27.6,10.4,15.7,0.0,1214,1876636,4429500,39283,23832,1181,64296,8.29,8.04,10.41,65.0,17.5,1.97,,0,0,0,0,0,0,0,0,,,2.778,,,65.554,,427.0,,18.0,0.0,0.0,30.0,0.0,,,,
2026-09-07T18:22:10Z,1788805330,attach_accumulation,10,52.7,7.9,43.6,0.0,2322,1386736,3201702,39312,23803,1181,64296,8.29,8.04,10.41,65.0,35.28,2.29,,0,0,0,0,0,0,0,0,,,3.857,,,111.35,,517.0,,9.0,0.0,0.0,30.0,0.0,,,,
2026-09-07T18:22:13Z,1788805333,attach_accumulation,10,59.0,0.5,58.5,0.0,1332,18782,6140,1770,61346,1180,64296,8.03,7.99,10.38,66.0,2.66,0.64,,0,0,0,0,0,0,0,0,,,,,,,,,,,0.0,0.0,,,,,,
2026-09-07T18:22:16Z,1788805336,attach_accumulation,10,1.2,0.6,0.6,0.0,1200,3748,4395,1762,61354,1180,64296,8.03,7.99,10.38,65.0,1.01,0.28,,0,0,0,0,0,0,0,0,,,,,,,,,,,0.0,0.0,,,,,,
2026-09-07T18:22:19Z,1788805339,attach_accumulation,10,0.0,0.0,0.0,0.0,1199,767,502,1760,61356,1180,64296,7.39,7.86,10.33,65.0,0.8,0.22,,0,0,0,0,0,0,0,0,,,,,,,,,,,0.0,0.0,,,,,,
2026-09-07T18:22:22Z,1788805342,attach_accumulation,10,0.0,0.0,0.0,0.0,1199,601,427,1760,61356,1180,64296,7.39,7.86,10.33,65.0,1.24,0.31,,0,0,0,0,0,0,0,0,,,,,,,,,,,0.0,0.0,,,,,,
2026-09-07T18:22:25Z,1788805345,attach_accumulation,10,0.0,0.0,0.0,0.0,1199,823,463,1759,61357,1180,64296,6.8,7.72,10.27,63.0,0.89,0.26,,0,0,0,0,0,0,0,0,,,,,,,,,,,0.0,0.0,,,,,,
2026-09-07T18:22:28Z,1788805348,attach_accumulation,10,0.1,0.1,0.0,0.0,1433,1316,1025,1760,61356,1180,64296,6.25,7.6,10.21,64.0,14.78,1.64,,0,0,0,0,0,0,0,0,,,,,,,,,,,0.0,0.0,,,,,,
2026-09-07T18:22:31Z,1788805351,attach_accumulation,10,4.4,2.8,1.6,0.0,1403,99699,190155,4467,58649,1180,64296,6.25,7.6,10.21,66.0,16.03,1.46,,0,0,0,0,0,0,0,0,,,,,,,,,,,0.0,0.0,,,,,,
2026-09-07T18:22:34Z,1788805354,attach_accumulation,10,6.0,4.0,2.0,0.0,1410,276184,534300,7050,56066,1180,64296,5.91,7.5,10.17,65.0,18.13,2.1,,0,0,0,0,0,0,0,0,,,,,,,,,,,0.0,0.0,,,,,,
2026-09-07T18:22:37Z,1788805357,attach_accumulation,10,6.3,3.7,2.6,0.0,1465,452125,881400,9775,53341,1180,64296,5.91,7.5,10.17,66.0,23.3,1.69,,0,0,0,0,0,0,0,0,,,,,,,,,,,0.0,0.0,,,,,,
2026-09-07T18:22:40Z,1788805360,attach_accumulation,10,7.9,4.4,3.5,0.0,1378,621622,1218211,12629,50487,1180,64296,5.76,7.44,10.14,65.0,18.46,1.95,,0,0,0,0,0,0,0,0,,,,,,,,,,,0.0,0.0,,,,,,
2026-09-07T18:22:43Z,1788805363,attach_accumulation,10,8.6,4.7,4.0,0.0,1423,768254,1553033,15197,47919,1180,64296,5.54,7.37,10.1,66.0,20.15,2.15,,0,0,0,0,0,0,0,0,,,,,,,,,,,0.0,0.0,,,,,,
2026-09-07T18:22:46Z,1788805366,attach_accumulation,10,10.4,5.1,5.3,0.0,1495,893912,1881246,17925,45191,1180,64296,5.54,7.37,10.1,65.0,18.08,1.5,,0,0,0,0,0,0,0,0,,,,,,,,,,,0.0,0.0,,,,,,
2026-09-07T18:22:49Z,1788805369,attach_accumulation,10,11.2,5.4,5.8,0.0,1302,999297,2209975,20581,42535,1180,64296,5.49,7.33,10.07,65.0,19.18,1.79,,0,0,0,0,0,0,0,0,,,,,,,,,,,0.0,0.0,,,,,,
2026-09-07T18:22:52Z,1788805372,attach_accumulation,10,14.3,7.2,7.0,0.0,1398,1108236,2536597,23346,39770,1180,64296,5.49,7.33,10.07,66.0,17.33,1.71,,0,0,0,0,0,0,0,0,,,,,,,,,,,0.0,0.0,,,,,,
2026-09-07T18:22:55Z,1788805375,attach_accumulation,10,14.4,6.5,7.9,0.0,1305,1202583,2863043,26049,37067,1180,64296,5.53,7.31,10.05,66.0,17.65,2.01,,0,0,0,0,0,0,0,0,,,,,,,,,,,0.0,0.0,,,,,,
2026-09-07T18:22:58Z,1788805378,attach_accumulation,10,17.7,8.3,9.3,0.0,1242,1299529,3166198,28567,34549,1180,64296,6.13,7.4,10.06,65.0,18.93,2.03,,0,0,0,0,0,0,0,0,,,,,,,,,,,0.0,0.0,,,,,,
2026-09-07T18:23:01Z,1788805381,attach_accumulation,10,22.0,10.8,11.1,0.0,1299,1391467,3465278,31245,31871,1180,64296,6.13,7.4,10.06,66.0,17.95,1.95,,0,0,0,0,0,0,0,0,,,,,,,,,,,0.0,0.0,,,,,,
2026-09-07T18:23:04Z,1788805384,attach_accumulation,10,24.0,11.4,12.6,0.0,1261,1486874,3769659,34102,29014,1180,64296,6.28,7.41,10.05,64.0,19.28,1.81,,0,0,0,0,0,0,0,0,,,,,,,,,,,0.0,0.0,,,,,,
2026-09-07T18:23:07Z,1788805387,attach_accumulation,10,24.5,11.6,12.8,0.0,1342,1597659,4082318,36706,26410,1180,64296,6.28,7.41,10.05,65.0,22.57,2.28,,0,0,0,0,0,0,0,0,,,,,,,,,,,0.0,0.0,,,,,,
2026-09-07T18:23:10Z,1788805390,attach_accumulation,10,24.3,11.0,13.2,0.0,1227,1702289,4386761,38952,24164,1180,64296,7.06,7.56,10.09,66.0,16.65,1.68,,0,0,0,0,0,0,0,0,,,,,,,,,,,0.0,0.0,,,,,,
2026-09-07T18:23:13Z,1788805393,attach_accumulation,10,20.9,7.9,12.9,0.0,1199,1717837,4407498,39130,23986,1180,64296,6.81,7.5,10.05,66.0,16.65,1.69,,0,0,0,0,0,0,0,0,,,,,,,,,,,0.0,0.0,,,,,,
2026-09-07T18:23:16Z,1788805396,attach_accumulation,10,19.2,6.8,12.4,0.0,1199,1717385,4405106,39130,23986,1180,64296,6.81,7.5,10.05,65.0,17.04,1.7,,0,0,0,0,0,0,0,0,,,,,,,,,,,0.0,0.0,,,,,,
2026-09-07T18:23:19Z,1788805399,attach_accumulation,10,19.7,7.3,12.3,0.0,1199,1717918,4398121,39130,23986,1180,64296,6.91,7.51,10.04,66.0,16.54,1.68,,0,0,0,0,0,0,0,0,,,,,,,,,,,0.0,0.0,,,,,,
2026-09-07T18:23:22Z,1788805402,attach_accumulation,10,19.3,7.1,12.1,0.0,1199,1714033,4404834,39130,23986,1180,64296,6.91,7.51,10.04,66.0,16.42,1.69,,2,0,0.0,0.0,0.515,1580.0,2731.8,61.0,35.6,38.0,,,,,,,,,0.0,0.0,,,,,,
2026-09-07T18:23:25Z,1788805405,attach_accumulation,10,19.8,7.1,12.7,0.0,1199,1715378,4406373,39134,23982,1180,64296,7.24,7.56,10.05,66.0,16.44,1.71,,4,0,0.0,0.0,0.5225,3159.9,5463.6,61.0,35.89,40.0,,,,,,,,,0.0,0.0,,,,,,
2026-09-07T18:23:28Z,1788805408,attach_accumulation,11,19.3,7.1,12.2,0.0,1199,1719438,4408047,39134,23982,1180,64296,7.54,7.62,10.05,67.0,16.66,1.68,,7,0,0.0,0.0,0.53,5529.8,9561.3,61.0,35.8,40.0,,,,,,,,,0.0,0.0,,,,,,
2026-09-07T18:23:31Z,1788805411,attach_accumulation,11,19.4,6.9,12.4,0.0,1199,1718720,4405376,39133,23983,1180,64296,7.54,7.62,10.05,66.0,16.95,1.7,,10,0,0.0,0.0,0.524,7900.0,13659.0,61.0,35.7,40.0,,,,,,,,,0.0,0.0,,,,,,
2026-09-07T18:23:34Z,1788805414,attach_accumulation,11,21.6,8.1,13.1,0.0,1210,1764045,4408100,39178,23938,1180,64296,7.74,7.66,10.05,66.0,17.25,1.97,,13,1,0.001,0.006,0.7023,10315.0,18018.2,61.0,35.88,47.0,3.765,,,88.36,,477.0,,13.0,0.0,0.0,30.0,0.0,,,,
2026-09-07T18:23:37Z,1788805417,attach_accumulation,11,24.2,9.1,14.2,0.0,1199,1796850,4402169,39180,23936,1180,64296,7.74,7.66,10.05,67.0,18.01,1.98,,16,1,0.001,0.006,0.6775,12684.8,22115.9,61.0,36.78,48.0,,,,,,,,,0.0,0.0,,,,,,
2026-09-07T18:23:40Z,1788805420,attach_accumulation,11,24.3,9.1,14.3,0.0,1292,1786854,4406801,39187,23929,1180,64296,7.76,7.67,10.04,67.0,16.91,1.97,,19,1,0.001,0.006,0.6558,15055.2,26213.6,61.0,37.07,48.0,,,,,,,,,0.0,0.0,,,,,,
2026-09-07T18:23:43Z,1788805423,attach_accumulation,11,23.9,9.0,14.2,0.0,1236,1783513,4404840,39185,23931,1180,64296,7.78,7.67,10.03,66.0,17.2,1.98,,23,1,0.001,0.006,0.6391,18215.2,31677.2,61.0,37.19,48.0,,,,,,,,,0.0,0.0,,,,,,
2026-09-07T18:23:46Z,1788805426,attach_accumulation,11,24.4,9.0,14.5,0.0,1199,1785212,4398786,39181,23935,1180,64296,7.78,7.67,10.03,66.0,16.95,1.94,,26,1,0.001,0.006,0.6277,20585.6,35774.9,61.0,37.34,48.0,,,,,,,,,0.0,0.0,,,,,,
2026-09-07T18:23:49Z,1788805429,attach_accumulation,11,23.6,8.8,14.0,0.0,1202,1779532,4407021,39178,23938,1180,64296,7.8,7.68,10.02,66.0,16.85,1.99,,30,1,0.001,0.006,0.6167,23746.2,41238.5,61.0,37.5,48.0,,,,,,,,,0.0,0.0,,,,,,
2026-09-07T18:23:52Z,1788805432,attach_accumulation,11,24.3,9.5,14.1,0.0,1199,1781673,4402244,39178,23938,1180,64296,7.8,7.68,10.02,67.0,16.75,1.97,,33,1,0.001,0.006,0.6106,26116.8,45336.2,61.0,37.67,48.0,,,,,,,,,0.0,0.0,,,,,,
2026-09-07T18:23:55Z,1788805435,attach_accumulation,11,24.0,9.0,14.3,0.0,1239,1777463,4398319,39178,23938,1180,64296,7.97,7.72,10.02,65.0,17.34,1.94,,37,1,0.001,0.006,0.6035,29277.4,50799.8,61.0,37.82,48.0,,,,,,,,,0.0,0.0,,,,,,
2026-09-07T18:23:58Z,1788805438,attach_accumulation,11,23.8,9.0,14.0,0.0,1199,1775845,4406272,39177,23939,1180,64296,8.22,7.77,10.02,67.0,17.65,1.91,,39,1,0.001,0.006,0.5997,30857.8,53531.6,61.0,37.89,48.0,,,,,,,,,0.0,0.0,,,,,,
2026-09-07T18:24:01Z,1788805441,attach_accumulation,11,24.2,9.2,14.1,0.0,1236,1786188,4405694,39177,23939,1180,64296,8.22,7.77,10.02,65.0,17.39,1.91,,39,1,0.001,0.006,0.5997,30857.8,53531.6,61.0,37.89,48.0,,,,,,,,,0.0,0.0,,,,,,
2026-09-07T18:24:04Z,1788805444,attach_accumulation,11,24.2,8.9,14.5,0.0,1199,1791522,4412307,39173,23943,1180,64296,8.36,7.81,10.02,65.0,17.01,1.91,,39,1,0.001,0.006,0.5997,30857.8,53531.6,61.0,37.89,48.0,,,,,,,,,0.0,0.0,,,,,,
2026-09-07T18:24:07Z,1788805447,attach_accumulation,11,24.5,9.2,14.5,0.0,1253,1791681,4403088,39173,23942,1181,64296,8.36,7.81,10.02,66.0,17.0,1.88,,40,1,0.001,0.006,0.598,31648.0,54897.5,61.0,37.91,48.0,,,,,,,,,0.0,0.0,,,,,,
2026-09-07T18:24:10Z,1788805450,attach_accumulation,11,22.8,8.5,13.7,0.0,1199,1769790,4404698,39174,23941,1181,64296,8.41,7.83,10.02,66.0,16.3,1.63,,40,1,0.001,0.006,0.598,31648.0,54897.5,61.0,37.91,48.0,,,,,,,,,0.0,0.0,,,,,,
2026-09-07T18:24:13Z,1788805453,attach_accumulation,11,19.3,6.9,12.4,0.0,1199,1715412,4403760,39173,23942,1181,64296,8.22,7.8,9.99,66.0,16.26,1.65,,40,1,0.001,0.006,0.598,31648.0,54897.5,61.0,37.91,48.0,,,,,,,,,0.0,0.0,,,,,,
2026-09-07T18:24:16Z,1788805456,attach_accumulation,11,19.4,6.8,12.6,0.0,1199,1716202,4407675,39172,23943,1181,64296,8.22,7.8,9.99,66.0,16.21,1.67,,40,1,0.001,0.006,0.598,31648.0,54897.5,61.0,37.91,48.0,,,,,,,,,0.0,0.0,,,,,,
2026-09-07T18:24:19Z,1788805459,attach_accumulation,11,19.5,7.1,12.4,0.0,1199,1715101,4406723,39172,23943,1181,64296,8.12,7.78,9.98,66.0,16.56,1.68,,40,1,0.001,0.006,0.598,31648.0,54897.5,61.0,37.91,48.0,,,,,,,,,0.0,0.0,,,,,,
2026-09-07T18:24:22Z,1788805462,baseline,0,19.8,7.1,12.7,0.0,1199,1718338,4404229,39175,23940,1181,64296,8.12,7.78,9.98,67.0,16.35,1.68,,40,1,0.001,0.006,0.5965,31648.7,54897.5,61.0,37.95,48.0,,,,,,,,,0.0,0.0,,,,,,
2026-09-07T18:24:25Z,1788805465,baseline,0,19.8,6.9,12.8,0.0,1199,1718286,4409568,39175,23940,1181,64296,8.27,7.82,9.98,66.0,16.48,1.67,,40,1,0.001,0.006,0.5965,31648.9,54897.5,61.0,37.93,48.0,,,,,,,,,0.0,0.0,,,,,,
2026-09-07T18:24:28Z,1788805468,baseline,0,19.6,6.9,12.7,0.0,1199,1715964,4404501,39174,23941,1181,64296,8.41,7.86,9.98,67.0,16.38,1.67,,40,1,0.001,0.006,0.5958,31649.7,54897.5,61.0,38.01,48.0,,,,,,,,,0.0,0.0,,,,,,
2026-09-07T18:24:31Z,1788805471,baseline,0,19.8,7.3,12.4,0.0,1199,1717023,4406331,39174,23941,1181,64296,8.41,7.86,9.98,66.0,16.41,1.68,,40,1,0.001,0.006,0.5958,31650.7,54897.5,61.0,37.95,48.0,,,,,,,,,0.0,0.0,,,,,,
2026-09-07T18:24:34Z,1788805474,baseline,0,19.5,7.0,12.4,0.0,1199,1717690,4407534,39174,23941,1181,64296,8.54,7.89,9.98,66.0,16.11,1.62,,40,1,0.0,0.0,0.5345,31651.8,54897.5,61.0,37.69,46.0,,,,,,,,,0.0,0.0,,,,,,
2026-09-07T18:24:37Z,1788805477,baseline,0,19.5,6.9,12.6,0.0,1199,1711605,4403668,39174,23941,1181,64296,8.54,7.89,9.98,67.0,16.32,1.7,,40,1,0.0,0.0,0.5345,31652.4,54897.5,61.0,37.4,46.0,,,,,,,,,0.0,0.0,,,,,,
2026-09-07T18:24:40Z,1788805480,baseline,0,19.3,6.9,12.2,0.0,1199,1717602,4406832,39173,23942,1181,64296,8.49,7.89,9.97,66.0,16.45,1.71,,40,1,0.0,0.0,0.5338,31652.9,54897.5,61.0,37.09,46.0,,,,,,,,,0.0,0.0,,,,,,
2026-09-07T18:24:43Z,1788805483,baseline,0,19.5,7.1,12.3,0.0,1199,1718554,4408008,39173,23942,1181,64296,8.45,7.9,9.96,65.0,16.4,1.68,,40,1,0.0,0.0,0.5308,31653.9,54897.5,61.0,36.99,46.0,,,,,,,,,0.0,0.0,,,,,,
2026-09-07T18:24:46Z,1788805486,baseline,0,19.3,7.0,12.3,0.0,1199,1718879,4408414,39172,23943,1181,64296,8.45,7.9,9.96,65.0,16.48,1.68,,40,1,0.0,0.0,0.5292,31654.4,54897.5,61.0,36.81,46.0,,,,,,,,,0.0,0.0,,,,,,
2026-09-07T18:24:49Z,1788805489,baseline,0,19.3,6.9,12.4,0.0,1199,1717434,4407834,39172,23943,1181,64296,8.58,7.93,9.96,68.0,16.45,1.7,,40,1,0.0,0.0,0.527,31655.2,54897.5,61.0,36.52,46.0,,,,,,,,,0.0,0.0,,,,,,
2026-09-07T18:24:52Z,1788805492,attach_accumulation,12,20.2,7.2,13.0,0.0,1199,1717001,4405011,39178,23937,1181,64296,8.58,7.93,9.96,66.0,16.37,1.7,,40,1,0.0,0.0,0.5255,31655.7,54897.5,61.0,36.2,45.0,,,,,,,,,0.0,0.0,,,,,,
2026-09-07T18:24:55Z,1788805495,attach_accumulation,12,19.3,7.1,12.2,0.0,1199,1713949,4404959,39177,23938,1181,64296,8.29,7.88,9.93,65.0,16.11,1.69,,40,1,0.0,0.0,0.5225,31656.3,54897.5,61.0,35.88,45.0,,,,,,,,,0.0,0.0,,,,,,
2026-09-07T18:24:58Z,1788805498,attach_accumulation,12,19.8,7.5,12.2,0.0,1199,1723484,4406055,39177,23938,1181,64296,8.51,7.93,9.94,66.0,16.66,1.87,,40,1,0.0,0.0,0.5233,31656.4,54897.5,61.0,35.65,45.0,3.529,,,88.459,,477.0,,13.0,0.0,0.0,30.0,0.0,,,,
2026-09-07T18:25:01Z,1788805501,attach_accumulation,12,25.0,9.3,15.0,0.0,1199,1805527,4399946,39211,23904,1181,64296,8.51,7.93,9.94,67.0,16.81,1.87,,40,1,0.0,0.0,0.5233,31656.4,54897.5,61.0,35.65,45.0,,,,,,,,,0.0,0.0,,,,,,
2026-09-07T18:25:04Z,1788805504,attach_accumulation,12,24.7,9.2,14.7,0.0,1199,1805852,4401418,39211,23904,1181,64296,9.11,8.07,9.97,66.0,16.73,1.87,,40,1,0.0,0.0,0.5233,31656.4,54897.5,61.0,35.65,45.0,,,,,,,,,0.0,0.0,,,,,,
2026-09-07T18:25:07Z,1788805507,attach_accumulation,12,24.8,9.4,14.6,0.0,1199,1809791,4400551,39207,23908,1181,64296,9.11,8.07,9.97,67.0,16.86,1.83,,40,1,0.0,0.0,0.5233,31656.7,54897.5,61.0,35.6,46.0,,,,,,,,,0.0,0.0,,,,,,
2026-09-07T18:25:10Z,1788805510,attach_accumulation,12,24.6,9.2,14.5,0.0,1236,1804593,4405953,39207,23908,1181,64296,9.18,8.1,9.97,67.0,16.7,1.81,,40,1,0.0,0.0,0.5233,31656.7,54897.5,61.0,35.6,46.0,,,,,,,,,0.0,0.0,,,,,,
2026-09-07T18:25:13Z,1788805513,attach_accumulation,12,24.3,8.9,14.5,0.0,1242,1804903,4408742,39209,23906,1181,64296,9.49,8.18,9.99,67.0,16.9,1.8,,40,1,0.0,0.0,0.5233,31656.7,54897.5,61.0,35.6,46.0,,,,,,,,,0.0,0.0,,,,,,
2026-09-07T18:25:16Z,1788805516,attach_accumulation,12,24.4,9.2,14.4,0.0,1236,1809500,4405463,39205,23910,1181,64296,9.49,8.18,9.99,66.0,16.95,1.9,,40,1,0.0,0.0,0.5233,31656.7,54897.5,61.0,35.6,46.0,,,,,,,,,0.0,0.0,,,,,,
2026-09-07T18:25:19Z,1788805519,attach_accumulation,12,23.8,9.1,13.9,0.0,1236,1806439,4415532,39205,23910,1181,64296,9.45,8.2,9.98,67.0,16.52,1.85,,40,1,0.0,0.0,0.5255,31657.0,54897.5,61.0,35.83,46.0,,,,,,,,,0.0,0.0,,,,,,
2026-09-07T18:25:22Z,1788805522,attach_accumulation,12,24.0,9.2,14.1,0.0,1208,1806009,4410980,39206,23909,1181,64296,9.45,8.2,9.98,67.0,16.63,1.82,,40,1,0.0,0.0,0.5262,31657.3,54897.5,61.0,36.11,48.0,,,,,,,,,0.0,0.0,,,,,,
2026-09-07T18:25:25Z,1788805525,attach_accumulation,12,24.1,9.1,14.3,0.0,1274,1814020,4412314,39202,23913,1181,64296,9.57,8.24,9.99,66.0,16.57,1.82,,40,1,0.0,0.0,0.5262,31657.7,54897.5,61.0,36.37,48.0,,,,,,,,,0.0,0.0,,,,,,
2026-09-07T18:25:28Z,1788805528,attach_accumulation,12,24.2,8.9,14.5,0.0,1236,1809491,4407798,39200,23915,1181,64296,9.77,8.31,10.0,65.0,16.67,1.84,,40,1,0.0,0.0,0.5278,31658.4,54897.5,61.0,36.71,48.0,,,,,,,,,0.0,0.0,,,,,,
2026-09-07T18:25:31Z,1788805531,attach_accumulation,12,24.1,9.0,14.3,0.0,1274,1809031,4411159,39203,23912,1181,64296,9.77,8.31,10.0,66.0,16.65,1.84,,40,1,0.0,0.0,0.5308,31658.5,54897.5,61.0,36.99,48.0,,,,,,,,,0.0,0.0,,,,,,
2026-09-07T18:25:34Z,1788805534,attach_accumulation,12,24.8,9.3,14.6,0.0,1236,1809834,4409138,39203,23912,1181,64296,9.95,8.37,10.01,66.0,16.66,1.73,,40,2,0.0,0.0,0.5898,31703.7,55159.0,61.0,37.57,48.0,,,,,,,,,0.0,0.0,,,,,,
2026-09-07T18:25:37Z,1788805537,attach_accumulation,12,20.1,7.2,12.8,0.0,1199,1726113,4408550,39204,23911,1181,64296,9.95,8.37,10.01,67.0,16.38,1.78,,40,2,0.0,0.0,0.5883,31704.2,55159.0,61.0,37.8,48.0,,,,,,,,,0.0,0.0,,,,,,
2026-09-07T18:25:40Z,1788805540,attach_accumulation,12,19.8,7.2,12.5,0.0,1199,1715817,4404445,39203,23912,1181,64296,9.95,8.39,10.01,67.0,16.54,1.74,,40,2,0.0,0.0,0.5868,31704.7,55159.0,61.0,37.62,48.0,,,,,,,,,0.0,0.0,,,,,,
2026-09-07T18:25:43Z,1788805543,attach_accumulation,12,19.1,6.8,12.3,0.0,1199,1716899,4404000,39203,23912,1181,64296,9.87,8.41,10.0,66.0,16.21,1.73,,40,2,0.0,0.0,0.5868,31704.9,55159.0,61.0,37.49,48.0,,,,,,,,,0.0,0.0,,,,,,
2026-09-07T18:25:46Z,1788805546,attach_accumulation,12,19.6,7.0,12.5,0.0,1199,1714663,4404527,39203,23911,1182,64296,9.87,8.41,10.0,66.0,16.4,1.68,,40,2,0.0,0.0,0.5868,31705.4,55159.0,61.0,37.3,48.0,,,,,,,,,0.0,0.0,,,,,,
2026-09-07T18:25:49Z,1788805549,attach_accumulation,12,19.7,7.3,12.3,0.0,1199,1718833,4407804,39202,23912,1182,64296,9.72,8.4,9.99,66.0,16.19,1.69,,40,2,0.0,0.0,0.5868,31705.7,55159.0,61.0,37.19,48.0,,,,,,,,,0.0,0.0,,,,,,
2026-09-07T18:25:52Z,1788805552,attach_accumulation,12,21.1,7.8,13.0,0.0,1274,1741920,4405876,39248,23866,1182,64296,9.72,8.4,9.99,66.0,17.02,1.9,,40,2,0.0,0.0,0.5883,31706.1,55159.0,61.0,37.25,48.0,3.765,,,90.481,,481.0,,12.6,0.0,0.0,30.0,0.0,,,,
2026-09-07T18:25:55Z,1788805555,attach_accumulation,12,24.5,9.5,14.3,0.0,1217,1812471,4407357,39244,23870,1182,64296,9.91,8.46,10.0,66.0,17.22,1.95,,40,2,0.0,0.0,0.5913,31706.4,55159.0,61.0,37.6,48.0,15.098,,,109.627,,2318.233,,36.414,0.0,0.0,30.0,7064.902,,,,
2026-09-07T18:25:58Z,1788805558,attach_accumulation,12,24.8,9.6,14.3,0.0,1236,1804815,4409139,39248,23865,1183,64296,10.07,8.52,10.02,68.0,18.01,1.9,,40,2,0.0,0.0,0.5905,31706.6,55159.0,61.0,37.69,48.0,12.344,,,109.766,,2569.34,,40.284,0.0,0.0,30.0,7479.624,,,,
2026-09-07T18:26:01Z,1788805561,attach_accumulation,12,25.3,9.7,14.6,0.0,1239,1804337,4397185,39248,23865,1183,64296,10.07,8.52,10.02,67.0,17.2,1.9,,40,2,0.0,0.0,0.5905,31706.6,55159.0,61.0,37.69,48.0,12.481,,,109.459,,2589.597,,40.709,0.0,0.0,30.0,7489.592,,,,
2026-09-07T18:26:04Z,1788805564,attach_accumulation,12,25.2,9.7,14.7,0.0,1236,1795153,4390207,39253,23859,1184,64296,10.79,8.69,10.06,67.0,17.18,1.89,,40,2,0.0,0.0,0.5905,31706.6,55159.0,61.0,37.69,48.0,12.622,,,109.455,,2620.807,,41.124,0.0,0.0,30.0,7247.871,,,,
2026-09-07T18:26:07Z,1788805567,attach_accumulation,12,24.8,9.3,14.5,0.0,1199,1805457,4396274,39253,23858,1185,64296,10.79,8.69,10.06,66.0,17.09,1.86,,40,2,0.0,0.0,0.5913,31706.7,55159.0,61.0,37.76,48.0,12.284,,,109.535,,2609.463,,40.965,0.0,0.0,30.0,7605.139,,,,
2026-09-07T18:26:10Z,1788805570,attach_accumulation,12,25.0,10.0,14.0,0.0,1202,1799698,4396490,39253,23858,1185,64296,10.65,8.7,10.06,65.0,17.47,1.91,,40,2,0.0,0.0,0.5913,31706.7,55159.0,61.0,37.76,48.0,12.5,,,109.505,,2617.522,,41.08,0.0,0.0,30.0,7256.005,,,,
2026-09-07T18:26:13Z,1788805573,attach_accumulation,12,25.2,9.4,14.7,0.0,1219,1802247,4395475,39253,23857,1186,64296,10.59,8.72,10.06,67.0,18.24,1.87,,40,2,0.0,0.0,0.5913,31706.7,55159.0,61.0,37.76,48.0,12.787,,,109.392,,2598.407,,40.765,0.0,0.0,30.0,8219.397,,,,
2026-09-07T18:26:16Z,1788805576,attach_accumulation,12,25.0,9.5,14.5,0.0,1199,1804513,4404602,39262,23847,1187,64296,10.59,8.72,10.06,66.0,17.79,1.89,,40,3,0.039,1.888,0.6505,31751.7,55420.5,61.0,37.82,48.0,12.609,,,109.615,,2586.029,,40.577,0.0,0.0,30.0,7694.434,,,,
2026-09-07T18:26:19Z,1788805579,attach_accumulation,13,24.9,9.6,14.4,0.0,1239,1799490,4400097,39261,23848,1187,64296,10.23,8.67,10.04,66.0,17.78,1.93,,40,3,0.039,1.888,0.6498,31752.1,55420.5,61.0,37.76,48.0,11.14,,,108.265,,2516.643,,39.798,0.0,0.0,30.0,9021.521,,,,
2026-09-07T18:26:22Z,1788805582,attach_accumulation,13,28.4,10.6,16.1,0.0,1199,1855668,4394170,39308,23800,1188,64296,10.23,8.67,10.04,67.0,18.1,1.94,,40,3,0.039,1.888,0.6513,31752.4,55420.5,61.0,37.9,49.0,13.571,,,109.806,,2522.013,,39.623,0.0,0.0,30.0,8219.328,,,,
2026-09-07T18:26:25Z,1788805585,attach_accumulation,13,28.9,11.2,16.1,0.0,1300,1889117,4398617,39357,23750,1189,64296,10.61,8.78,10.06,67.0,18.3,2.06,,40,3,0.039,1.888,0.6543,31752.9,55420.5,61.0,38.23,51.0,12.493,,,108.999,,2524.031,,39.74,0.0,0.0,30.0,7617.469,,,,
2026-09-07T18:26:28Z,1788805588,attach_accumulation,13,29.9,12.0,16.1,0.0,1246,1924717,4415289,39361,23744,1191,64296,10.64,8.82,10.07,67.0,18.51,2.01,,40,3,0.039,1.888,0.655,31753.1,55420.5,61.0,38.65,51.0,12.599,,,109.436,,2576.382,,40.454,0.0,0.0,30.0,7503.957,,,,
2026-09-07T18:26:31Z,1788805591,attach_accumulation,13,30.8,12.6,16.3,0.0,1277,1927720,4410815,39368,23736,1192,64296,10.64,8.82,10.07,67.0,17.87,2.03,,40,4,0.039,1.888,0.635,31798.5,55682.1,61.0,38.82,52.0,12.647,,,109.517,,2609.499,,40.958,0.0,0.0,30.0,6087.644,,,,
2026-09-07T18:26:34Z,1788805594,attach_accumulation,13,30.7,11.8,17.0,0.0,1236,1928682,4406594,39367,23735,1194,64296,10.43,8.8,10.06,67.0,18.57,2.03,,40,4,0.039,1.888,0.638,31798.7,55682.1,61.0,39.21,52.0,12.756,,,109.47,,2596.966,,40.76,0.0,0.0,30.0,7874.473,,,,
2026-09-07T18:26:37Z,1788805597,attach_accumulation,13,30.2,11.8,16.4,0.0,1255,1928930,4418480,39367,23734,1195,64296,10.43,8.8,10.06,66.0,17.49,2.01,,40,4,0.039,1.888,0.641,31798.7,55682.1,61.0,39.86,52.0,12.822,,,109.567,,2548.061,,40.008,0.0,0.0,30.0,7416.248,,,,
2026-09-07T18:26:40Z,1788805600,attach_accumulation,13,30.7,12.0,16.6,0.0,1289,1927030,4406348,39372,23728,1196,64296,10.31,8.81,10.05,67.0,19.13,2.01,,40,4,0.039,1.888,0.647,31798.9,55682.1,61.0,40.32,52.0,12.684,,,109.478,,2598.897,,40.81,0.0,0.0,30.0,8179.079,,,,
2026-09-07T18:26:43Z,1788805603,attach_accumulation,13,30.3,12.3,16.0,0.0,1292,1931646,4427143,39371,23728,1197,64296,9.97,8.76,10.03,66.0,19.35,2.02,,40,4,0.039,1.888,0.65,31799.2,55682.1,61.0,40.89,52.0,12.587,,,109.537,,2593.739,,40.72,0.0,0.0,30.0,8366.712,,,,
2026-09-07T18:26:46Z,1788805606,attach_accumulation,13,28.9,11.6,15.6,0.0,1221,1926455,4439698,39365,23732,1199,64296,9.97,8.76,10.03,66.0,18.81,2.04,,40,4,0.039,1.888,0.6508,31799.7,55682.1,61.0,41.83,52.0,12.403,,,109.483,,2616.859,,41.072,0.0,0.0,30.0,9112.0,,,,
2026-09-07T18:26:49Z,1788805609,attach_accumulation,13,31.4,11.9,17.4,0.0,1217,1932423,4412200,39403,23693,1200,64296,10.45,8.88,10.06,67.0,18.14,2.1,,40,4,0.039,1.888,0.653,31799.9,55682.1,61.0,42.74,52.0,12.014,,,108.888,,2537.75,,39.923,0.0,0.0,30.0,19691.332,,,,
2026-09-07T18:26:52Z,1788805612,attach_accumulation,13,30.9,12.2,16.7,0.0,1256,1937771,4420455,39406,23688,1202,64296,10.45,8.88,10.06,67.0,18.22,2.1,,40,4,0.039,1.888,0.6538,31800.0,55682.1,61.0,43.18,52.0,13.825,,,109.499,,2608.653,,40.923,0.0,0.0,30.0,17176.47,,,,
2026-09-07T18:26:55Z,1788805615,attach_accumulation,13,32.3,12.6,17.7,0.0,1246,1941485,4404718,39408,23684,1204,64296,10.33,8.88,10.05,67.0,18.59,2.1,,40,4,0.039,1.888,0.656,31800.0,55682.1,61.0,43.59,52.0,13.092,,,109.419,,2622.956,,41.176,0.0,0.0,30.0,13101.665,,,,
2026-09-07T18:26:58Z,1788805618,attach_accumulation,13,31.2,12.0,16.9,0.0,1239,1942553,4420557,39408,23682,1206,64296,10.15,8.87,10.04,67.0,18.87,2.1,,40,4,0.039,1.888,0.656,31800.0,55682.1,61.0,43.59,52.0,13.09,,,109.375,,2626.747,,41.223,0.0,0.0,30.0,15738.52,,,,
2026-09-07T18:27:01Z,1788805621,attach_accumulation,13,32.0,12.5,17.3,0.0,1373,1949045,4414137,39410,23678,1208,64296,10.15,8.87,10.04,68.0,18.22,2.11,,40,4,0.039,1.888,0.656,31800.0,55682.1,61.0,43.59,52.0,13.025,,,109.188,,2614.949,,41.049,0.0,0.0,30.0,18007.255,,,,
2026-09-07T18:27:04Z,1788805624,attach_accumulation,13,31.3,12.2,17.0,0.0,1221,1945275,4427231,39411,23676,1209,64296,10.06,8.87,10.04,67.0,18.16,2.09,,40,4,0.039,1.888,0.656,31800.0,55682.1,61.0,43.78,52.0,13.167,,,109.498,,2629.56,,41.251,0.0,0.0,30.0,13758.796,,,,
2026-09-07T18:27:07Z,1788805627,attach_accumulation,13,32.1,12.9,17.0,0.0,1211,1949110,4403710,39409,23676,1211,64296,10.06,8.87,10.04,67.0,18.11,2.09,,40,4,0.091,4.339,0.6335,31800.0,55682.1,61.0,44.0,52.0,12.87,,,109.28,,2600.893,,40.819,0.0,0.0,30.0,14794.483,,,,
2026-09-07T18:27:10Z,1788805630,attach_accumulation,13,31.7,12.6,16.8,0.0,1289,1951684,4417552,39414,23669,1213,64296,10.05,8.89,10.04,67.0,19.05,2.16,,40,5,0.171,8.032,0.6752,31844.9,55943.6,61.0,44.08,53.0,12.855,,,109.347,,2576.438,,40.452,0.0,0.0,30.0,12927.102,,,,
2026-09-07T18:27:13Z,1788805633,attach_accumulation,13,31.2,12.1,17.0,0.0,1276,1951096,4433191,39419,23662,1215,64296,10.69,9.04,10.08,67.0,18.3,2.13,,40,5,0.171,8.032,0.6752,31844.9,55943.6,61.0,44.08,53.0,13.093,,,109.343,,2620.332,,41.131,0.0,0.0,30.0,14691.623,,,,
2026-09-07T18:27:16Z,1788805636,attach_accumulation,13,31.4,12.4,16.8,0.0,1246,1954450,4425535,39420,23659,1217,64296,10.69,9.04,10.08,66.0,19.39,2.21,,40,6,0.262,12.253,0.7195,31889.9,56205.1,61.0,44.17,53.0,12.625,,,109.123,,2583.685,,40.605,0.0,0.0,30.0,20330.489,,,,
2026-09-07T18:27:19Z,1788805639,attach_accumulation,13,33.3,13.0,17.8,0.0,1205,1959450,4433894,39467,23610,1219,64296,10.55,9.04,10.07,67.0,18.07,2.15,,40,7,0.361,16.13,0.7655,31934.8,56466.7,61.0,44.39,54.0,13.89,,,109.704,,2597.518,,40.717,0.0,0.0,30.0,17548.435,,,,
2026-09-07T18:27:22Z,1788805642,attach_accumulation,13,34.0,13.6,17.9,0.0,1297,1967827,4413634,39469,23605,1222,64296,10.55,9.04,10.07,67.0,19.3,2.15,,40,7,0.361,16.13,0.7647,31934.9,56466.7,61.0,44.5,55.0,13.456,,,109.494,,2659.547,,41.704,0.0,0.0,30.0,17073.763,,,,
2026-09-07T18:27:25Z,1788805645,attach_accumulation,13,33.6,13.2,17.9,0.0,1350,1969315,4438595,39469,23603,1224,64296,10.75,9.11,10.09,68.0,19.02,2.14,,40,7,0.361,16.13,0.7655,31934.9,56466.7,61.0,44.61,55.0,13.71,,,109.454,,2607.192,,40.914,0.0,0.0,30.0,17492.878,,,,
2026-09-07T18:27:28Z,1788805648,attach_accumulation,13,32.5,13.1,17.1,0.0,1269,1981176,4463250,39468,23602,1226,64296,11.17,9.22,10.12,68.0,18.32,2.16,,40,7,0.361,16.13,0.7655,31934.9,56466.7,61.0,44.62,57.0,13.215,,,109.401,,2639.7,,41.377,0.0,0.0,30.0,20559.145,,,,
2026-09-07T18:27:31Z,1788805651,attach_accumulation,13,33.1,13.1,17.5,0.0,1230,1967106,4439980,39471,23596,1229,64296,11.17,9.22,10.12,67.0,18.71,2.19,,40,7,0.361,16.13,0.757,31935.1,56466.7,61.0,44.65,57.0,13.433,,,109.556,,2620.246,,41.08,0.0,0.0,30.0,17842.298,,,,
2026-09-07T18:27:34Z,1788805654,attach_accumulation,13,32.5,12.9,17.3,0.0,1394,1970496,4459421,39469,23595,1232,64296,12.52,9.53,10.22,66.0,19.53,2.12,,40,7,0.361,16.13,0.7547,31935.1,56466.7,61.0,44.52,57.0,13.282,,,109.469,,2591.0,,40.596,0.0,0.0,30.0,18810.159,,,,
2026-09-07T18:27:37Z,1788805657,attach_accumulation,13,32.1,12.6,17.4,0.0,1261,1964079,4455737,39478,23584,1234,64296,12.52,9.53,10.22,67.0,19.46,2.17,,40,7,0.361,16.13,0.7562,31935.4,56466.7,61.0,44.71,57.0,13.077,,,109.368,,2608.11,,40.917,0.0,0.0,30.0,18805.658,,,,
2026-09-07T18:27:40Z,1788805660,attach_accumulation,13,32.5,12.8,17.4,0.0,1279,1974077,4455159,39482,23577,1237,64296,12.48,9.57,10.23,68.0,19.12,2.18,,40,7,0.361,16.13,0.7555,31935.4,56466.7,61.0,44.79,57.0,13.37,,,109.496,,2564.179,,40.258,0.0,0.0,30.0,19959.411,,,,
2026-09-07T18:27:43Z,1788805663,attach_accumulation,14,32.4,12.4,17.6,0.0,1277,1967986,4453669,39493,23564,1239,64296,12.68,9.66,10.25,67.0,19.81,2.19,,40,7,0.361,16.13,0.7555,31935.4,56466.7,61.0,45.22,57.0,13.573,,,109.38,,2583.936,,40.564,0.0,0.0,30.0,21622.42,,,,
2026-09-07T18:27:46Z,1788805666,attach_accumulation,14,32.4,13.0,17.0,0.0,1333,1975594,4461696,39543,23512,1241,64296,12.68,9.66,10.25,68.0,19.37,2.24,,40,7,0.361,16.13,0.757,31935.4,56466.7,61.0,45.34,57.0,13.45,,,109.258,,2596.77,,40.797,0.0,0.0,30.0,22255.203,,,,
2026-09-07T18:27:49Z,1788805669,attach_accumulation,14,31.6,12.5,16.6,0.0,1302,1975603,4462723,39550,23502,1244,64296,13.26,9.84,10.31,67.0,21.06,2.49,,40,7,0.361,16.13,0.7577,31935.4,56466.7,61.0,45.44,58.0,13.476,,,109.665,,2562.65,,40.212,0.0,0.0,30.0,25603.161,,,,
2026-09-07T18:27:52Z,1788805672,attach_accumulation,14,32.8,12.8,17.5,0.0,1289,1968202,4475127,39597,23452,1247,64296,13.26,9.84,10.31,68.0,20.17,2.43,,40,7,0.361,16.13,0.7555,31935.4,56466.7,61.0,45.6,58.0,13.361,,,109.35,,2636.114,,41.368,0.0,0.0,30.0,30655.29,,,,
2026-09-07T18:27:55Z,1788805675,attach_accumulation,14,32.4,13.0,16.7,0.0,1386,1982588,4476501,39600,23446,1250,64296,13.24,9.89,10.32,68.0,19.8,2.41,,40,7,0.361,16.13,0.7555,31935.4,56466.7,61.0,45.6,58.0,13.405,,,109.642,,2673.179,,41.885,0.0,0.0,30.0,35280.999,,,,
2026-09-07T18:27:58Z,1788805678,attach_accumulation,14,33.0,13.2,17.3,0.0,1264,1981424,4482681,39611,23432,1253,64296,13.22,9.94,10.34,67.0,21.04,2.35,,40,7,0.45,20.31,0.743,31935.4,56466.7,61.0,45.65,60.0,13.264,,,109.497,,2688.259,,42.141,0.0,0.0,30.0,33918.364,,,,
2026-09-07T18:28:01Z,1788805681,attach_accumulation,14,33.5,13.3,17.7,0.0,1319,1975713,4464847,39604,23435,1257,64296,13.22,9.94,10.34,67.0,19.7,2.33,,40,7,0.497,22.219,0.738,31935.4,56466.7,61.0,45.66,60.0,13.311,,,109.585,,2660.905,,41.709,0.0,0.0,30.0,35188.064,,,,
2026-09-07T18:28:04Z,1788805684,attach_accumulation,14,32.7,12.9,17.3,0.0,1308,1979786,4470107,39608,23429,1259,64296,13.21,9.99,10.35,67.0,19.48,2.4,,40,7,0.497,22.219,0.738,31935.4,56466.7,61.0,45.7,60.0,13.208,,,109.594,,2672.11,,41.874,0.0,0.0,30.0,35731.534,,,,
2026-09-07T18:28:07Z,1788805687,attach_accumulation,14,33.9,13.4,17.9,0.0,1305,1971242,4455603,39607,23427,1262,64296,13.21,9.99,10.35,68.0,19.63,2.36,,40,7,0.565,25.509,0.723,31935.4,56466.7,61.0,45.74,60.0,13.393,,,109.616,,2671.497,,41.854,0.0,0.0,30.0,37879.62,,,,
2026-09-07T18:28:10Z,1788805690,attach_accumulation,14,32.9,12.6,17.5,0.0,1302,1983670,4470969,39594,23436,1266,64296,13.19,10.04,10.37,66.0,19.9,2.39,,40,7,0.583,27.11,0.713,31935.5,56466.7,61.0,45.66,60.0,12.974,,,109.587,,2678.395,,41.969,0.0,0.0,30.0,41549.787,,,,
2026-09-07T18:28:13Z,1788805693,attach_accumulation,14,32.3,12.8,17.1,0.0,1397,1985105,4490077,39600,23427,1269,64296,13.33,10.12,10.39,67.0,19.98,2.34,,40,7,0.583,27.11,0.713,31935.5,56466.7,61.0,45.66,60.0,13.123,,,109.523,,2696.964,,42.261,0.0,0.0,30.0,40226.844,,,,
2026-09-07T18:28:16Z,1788805696,attach_accumulation,14,32.7,13.0,17.1,0.0,1286,1977718,4484086,39600,23424,1272,64296,13.33,10.12,10.39,67.0,19.92,2.39,,40,8,0.774,35.816,0.734,31980.4,56728.2,61.0,45.68,60.0,13.151,,,109.385,,2687.752,,42.148,0.0,0.0,30.0,39842.871,,,,
2026-09-07T18:28:19Z,1788805699,attach_accumulation,14,33.6,13.1,17.9,0.0,1302,1985870,4467648,39652,23369,1275,64296,13.15,10.14,10.39,67.0,19.57,2.4,,40,8,0.774,35.816,0.734,31980.4,56728.2,61.0,45.68,60.0,13.012,,,109.479,,2644.427,,41.471,0.0,0.0,30.0,41476.885,,,,
2026-09-07T18:28:22Z,1788805702,attach_accumulation,14,33.9,13.5,17.9,0.0,1301,1982473,4447802,39660,23358,1278,64296,13.15,10.14,10.39,67.0,19.62,2.39,,40,9,0.805,35.99,0.7492,32025.2,56989.7,61.1,45.8,60.0,13.87,,,109.573,,2668.072,,41.813,0.0,0.0,30.0,37631.539,,,,
2026-09-07T18:28:25Z,1788805705,attach_accumulation,14,34.0,13.9,17.6,0.0,1418,1982317,4459117,39663,23351,1282,64296,13.3,10.22,10.42,68.0,20.41,2.41,,40,9,0.805,35.99,0.7477,32025.2,56989.7,61.2,45.82,60.0,13.414,,,109.59,,2695.489,,42.227,0.0,0.0,30.0,39730.541,,,,
2026-09-07T18:28:28Z,1788805708,attach_accumulation,14,31.8,12.9,16.5,0.0,1317,1978104,4503778,39665,23345,1286,64296,13.67,10.35,10.46,68.0,20.06,2.38,,40,10,0.805,35.99,0.7647,32070.1,57251.2,61.2,45.76,60.0,13.16,,,109.53,,2694.615,,42.226,0.0,0.0,30.0,40721.989,,,,
2026-09-07T18:28:31Z,1788805711,attach_accumulation,14,33.6,13.1,17.6,0.0,1288,1984525,4464326,39659,23348,1289,64296,13.67,10.35,10.46,67.0,20.05,2.38,,40,10,0.805,35.99,0.7505,32070.1,57251.2,61.3,45.86,60.0,12.939,,,109.507,,2699.898,,42.308,0.0,0.0,30.0,46646.763,,,,
2026-09-07T18:28:34Z,1788805714,attach_accumulation,14,33.3,13.4,17.4,0.0,1336,1989161,4461982,39664,23339,1293,64296,14.1,10.49,10.51,68.0,20.19,2.35,,40,10,0.805,35.99,0.7505,32070.1,57251.2,61.4,46.03,60.0,13.16,,,109.525,,2708.758,,42.439,0.0,0.0,30.0,46646.785,,,,
2026-09-07T18:28:37Z,1788805717,attach_accumulation,14,33.3,13.4,17.5,0.0,1282,1983539,4462803,39662,23337,1297,64296,14.1,10.49,10.51,68.0,19.4,2.32,,40,10,0.805,35.99,0.7505,32070.1,57251.2,61.5,46.05,60.0,13.098,,,109.536,,2681.83,,42.026,0.0,0.0,30.0,47310.301,,,,
2026-09-07T18:28:40Z,1788805720,attach_accumulation,14,34.5,14.0,17.9,0.0,1280,1972920,4433080,39655,23340,1301,64296,13.93,10.52,10.51,68.0,20.09,2.28,,40,10,0.805,35.99,0.752,32070.1,57251.2,61.6,46.07,60.0,13.292,,,109.602,,2694.092,,42.208,0.0,0.0,30.0,50082.279,,,,
2026-09-07T18:28:43Z,1788805723,attach_accumulation,14,34.1,14.0,17.6,0.0,1286,1978365,4462111,39664,23328,1304,64296,13.7,10.53,10.52,67.0,19.29,2.31,,40,10,0.805,35.99,0.752,32070.1,57251.2,61.7,46.08,60.0,13.209,,,109.61,,2672.961,,41.886,0.0,0.0,30.0,49295.255,,,,
2026-09-07T18:28:46Z,1788805726,attach_accumulation,14,34.3,14.2,17.7,0.0,1375,1976156,4451978,39666,23322,1308,64296,13.7,10.53,10.52,67.0,19.15,2.35,,40,10,0.805,35.99,0.7512,32070.1,57251.2,61.8,46.1,60.0,13.41,,,109.33,,2677.12,,41.994,0.0,0.0,30.0,52833.134,,,,
2026-09-07T18:28:49Z,1788805729,attach_accumulation,14,34.4,13.8,17.9,0.0,1262,1984264,4456919,39723,23262,1311,64296,13.96,10.63,10.55,68.0,19.67,2.35,,40,10,0.812,36.667,0.752,32070.1,57251.2,61.9,46.18,57.0,13.317,,,109.608,,2696.314,,42.255,0.0,0.0,30.0,52590.839,,,,
2026-09-07T18:28:52Z,1788805732,attach_accumulation,14,34.2,14.1,17.4,0.0,1316,1984816,4450825,39718,23263,1315,64296,13.96,10.63,10.55,68.0,20.19,2.39,,40,10,0.789,35.711,0.7487,32070.1,57251.2,61.9,46.11,57.0,13.805,,,109.537,,2705.026,,42.382,0.0,0.0,30.0,48895.79,,,,
2026-09-07T18:28:55Z,1788805735,attach_accumulation,14,33.3,13.8,17.0,0.0,1420,1987914,4476581,39719,23257,1320,64296,13.64,10.62,10.55,68.0,19.66,2.4,,40,10,0.789,35.711,0.7487,32070.1,57251.2,61.9,46.11,57.0,13.216,,,109.506,,2705.462,,42.363,0.0,0.0,30.0,53337.909,,,,
2026-09-07T18:28:58Z,1788805738,attach_accumulation,14,33.7,13.5,17.4,0.0,1367,1984353,4474174,39710,23262,1324,64296,13.67,10.68,10.57,68.0,19.77,2.48,,40,10,0.871,40.26,0.7412,32070.1,57251.2,62.0,46.13,57.0,13.239,,,109.439,,2712.554,,42.503,0.0,0.0,30.0,49243.521,,,,
2026-09-07T18:29:01Z,1788805741,attach_accumulation,14,33.7,13.4,17.6,0.0,1335,1983461,4469171,39708,23259,1329,64296,13.67,10.68,10.57,68.0,20.33,2.43,,40,10,0.872,40.753,0.7412,32070.1,57251.2,62.0,46.09,57.0,13.303,,,109.538,,2710.734,,42.466,0.0,0.0,30.0,51625.043,,,,
2026-09-07T18:29:04Z,1788805744,attach_accumulation,14,34.6,14.1,17.9,0.0,1373,1986561,4460419,39697,23266,1333,64296,13.86,10.77,10.6,68.0,20.0,2.36,,40,10,0.872,40.753,0.7412,32070.1,57251.2,62.0,46.09,57.0,13.33,,,109.599,,2691.963,,42.176,0.0,0.0,30.0,53814.96,,,,
2026-09-07T18:29:07Z,1788805747,attach_accumulation,14,33.5,13.9,17.1,0.0,1369,1988221,4489332,39701,23258,1337,64296,13.86,10.77,10.6,67.0,20.21,2.46,,40,10,0.99,46.333,0.7412,32070.1,57251.2,62.0,46.13,57.0,13.219,,,109.451,,2730.695,,42.779,0.0,0.0,30.0,52604.072,,,,
2026-09-07T18:29:10Z,1788805750,attach_accumulation,15,35.2,14.4,18.1,0.0,1299,1984409,4459838,39700,23255,1341,64296,14.43,10.94,10.65,68.0,19.67,2.39,,40,10,1.123,54.243,0.7437,32070.3,57251.2,62.0,46.18,57.0,13.033,,,109.504,,2727.571,,42.727,0.0,0.0,30.0,53311.481,,,,
2026-09-07T18:29:13Z,1788805753,attach_accumulation,15,35.8,14.7,18.4,0.0,1316,1980879,4437747,39700,23251,1345,64296,14.56,11.02,10.68,67.0,20.09,2.37,,40,10,1.123,54.243,0.7437,32070.3,57251.2,62.0,46.18,57.0,13.121,,,109.501,,2719.771,,42.609,0.0,0.0,30.0,57398.601,,,,
2026-09-07T18:29:16Z,1788805756,attach_accumulation,15,33.9,13.8,17.5,0.0,1456,1994089,4458768,39701,23245,1350,64296,14.56,11.02,10.68,69.0,21.73,2.47,,40,11,1.317,63.122,0.7647,32115.3,57512.8,62.0,46.14,57.0,13.458,,,109.036,,2723.371,,42.742,0.0,0.0,30.0,58530.484,,,,
2026-09-07T18:29:19Z,1788805759,attach_accumulation,15,31.9,13.0,16.4,0.0,1405,2004033,4520094,39798,23144,1354,64296,14.11,10.99,10.67,68.0,21.35,2.48,,40,11,1.317,63.122,0.7647,32115.3,57512.8,62.0,46.14,57.0,13.539,,,109.419,,2699.243,,42.291,0.0,0.0,30.0,55888.082,,,,
2026-09-07T18:29:22Z,1788805762,attach_accumulation,15,33.2,13.4,17.1,0.0,1349,2006539,4492601,39786,23152,1358,64296,14.11,10.99,10.67,68.0,21.22,2.46,,40,12,1.348,63.296,0.7775,32160.1,57774.3,62.0,46.02,60.0,14.236,,,109.468,,2736.303,,42.859,0.0,0.0,30.0,56466.836,,,,
2026-09-07T18:29:25Z,1788805765,attach_accumulation,15,33.1,13.4,16.8,0.0,1320,2001282,4485624,39795,23138,1363,64296,14.42,11.11,10.71,67.0,21.66,2.48,,40,12,1.348,63.296,0.7767,32160.1,57774.3,62.0,46.14,60.0,13.607,,,109.368,,2761.207,,43.244,0.0,0.0,30.0,62488.54,,,,
2026-09-07T18:29:28Z,1788805768,attach_accumulation,15,33.7,13.8,17.2,0.0,1387,2010370,4484878,39797,23131,1368,64296,13.99,11.07,10.7,68.0,21.3,2.5,,40,13,1.348,63.296,0.7792,32204.9,58035.8,62.0,46.21,60.0,13.705,,,109.408,,2736.722,,42.87,0.0,0.0,30.0,64183.138,,,,
2026-09-07T18:29:31Z,1788805771,attach_accumulation,15,33.1,14.0,16.5,0.0,1417,2000141,4497227,39797,23126,1373,64296,13.99,11.07,10.7,67.0,21.25,2.51,,40,13,1.348,63.296,0.7777,32204.9,58035.8,62.0,45.92,60.0,13.991,,,109.398,,2759.405,,43.219,0.0,0.0,30.0,72330.613,,,,
2026-09-07T18:29:34Z,1788805774,attach_accumulation,15,33.5,13.7,17.1,0.0,1380,2001186,4479295,39802,23117,1377,64296,13.67,11.05,10.7,68.0,21.46,2.48,,40,13,1.348,63.296,0.7762,32204.9,58035.8,62.0,45.95,60.0,13.524,,,109.342,,2758.507,,43.203,0.0,0.0,30.0,71051.557,,,,
2026-09-07T18:29:37Z,1788805777,attach_accumulation,15,32.2,13.1,16.4,0.0,1359,2003661,4504581,39794,23120,1382,64296,13.67,11.05,10.7,68.0,21.56,2.51,,40,13,1.348,63.296,0.7755,32204.9,58035.8,62.0,45.85,60.0,13.56,,,109.338,,2764.416,,43.294,0.0,0.0,30.0,70968.025,,,,
2026-09-07T18:29:40Z,1788805780,attach_accumulation,15,33.4,13.9,17.0,0.0,1436,2003118,4483885,39789,23120,1387,64296,13.78,11.12,10.72,68.0,21.22,2.54,,40,13,1.411,64.311,0.7657,32204.9,58035.8,62.0,45.81,61.0,13.758,,,109.401,,2760.156,,43.229,0.0,0.0,30.0,70282.573,,,,
2026-09-07T18:29:43Z,1788805783,attach_accumulation,15,33.4,13.5,17.0,0.0,1484,2008473,4492232,39794,23110,1392,64296,13.39,11.08,10.71,68.0,21.84,2.49,,40,13,1.451,66.771,0.7552,32204.9,58035.8,62.0,45.66,61.0,13.758,,,109.388,,2760.488,,43.234,0.0,0.0,30.0,69594.079,,,,
2026-09-07T18:29:46Z,1788805786,attach_accumulation,15,32.3,13.6,16.2,0.0,1383,2011660,4511228,39793,23107,1396,64296,13.39,11.08,10.71,68.0,21.63,2.55,,40,13,1.451,66.771,0.7537,32204.9,58035.8,62.0,45.6,61.0,13.836,,,109.374,,2756.782,,43.175,0.0,0.0,30.0,70671.918,,,,
2026-09-07T18:29:49Z,1788805789,attach_accumulation,15,32.6,13.8,16.2,0.0,1410,2013139,4495986,39790,23105,1401,64296,13.52,11.15,10.74,68.0,21.54,2.56,,40,13,1.653,75.657,0.7433,32204.9,58035.8,62.0,45.55,61.0,13.623,,,109.374,,2762.158,,43.261,0.0,0.0,30.0,70238.685,,,,
2026-09-07T18:29:52Z,1788805792,attach_accumulation,15,32.3,13.5,16.1,0.1,1370,2015821,4506485,39790,23100,1406,64296,13.52,11.15,10.74,67.0,21.52,2.56,,40,13,1.643,75.419,0.7358,32204.9,58035.8,62.0,45.55,61.0,13.888,,,109.385,,2756.241,,43.172,0.0,0.0,30.0,70866.814,,,,
2026-09-07T18:29:55Z,1788805795,attach_accumulation,15,33.7,14.3,16.9,0.0,1342,2009740,4476585,39781,23105,1410,64296,13.4,11.16,10.74,67.0,21.34,2.59,,40,13,1.643,75.419,0.7358,32204.9,58035.8,62.0,45.55,61.0,13.61,,,109.378,,2754.416,,43.138,0.0,0.0,30.0,70538.463,,,,
2026-09-07T18:29:58Z,1788805798,attach_accumulation,15,32.5,13.2,16.7,0.0,1413,2009678,4489021,39792,23089,1415,64296,13.45,11.21,10.76,68.0,21.73,2.61,,40,13,1.543,70.659,0.7383,32204.9,58035.8,62.0,45.5,61.0,13.557,,,109.345,,2758.545,,43.201,0.0,0.0,30.0,70137.646,,,,
2026-09-07T18:30:01Z,1788805801,attach_accumulation,15,32.7,13.3,16.7,0.0,1417,2016858,4499898,39778,23098,1420,64296,13.45,11.21,10.76,68.0,22.35,2.68,,40,13,1.794,82.219,0.7325,32204.9,58035.8,62.0,45.46,61.0,13.608,,,109.375,,2766.352,,43.322,0.0,0.0,30.0,71463.288,,,,
2026-09-07T18:30:04Z,1788805804,attach_accumulation,15,32.9,13.8,16.6,0.0,1345,2008305,4511682,39793,23078,1425,64296,13.73,11.31,10.79,68.0,21.7,2.58,,40,13,1.794,82.219,0.7325,32204.9,58035.8,62.0,45.46,61.0,13.719,,,109.367,,2756.392,,43.17,0.0,0.0,30.0,66910.925,,,,
2026-09-07T18:30:07Z,1788805807,attach_accumulation,15,33.8,13.9,17.3,0.0,1398,2005848,4470428,39788,23078,1430,64296,13.73,11.31,10.79,67.0,22.18,2.59,,40,13,1.822,83.773,0.7325,32204.9,58035.8,62.0,45.52,61.0,13.79,,,109.364,,2763.249,,43.283,0.0,0.0,30.0,70300.84,,,,
2026-09-07T18:30:10Z,1788805810,attach_accumulation,15,32.6,13.6,16.5,0.0,1330,2006858,4494382,39795,23067,1434,64296,13.67,11.33,10.81,69.0,21.72,2.67,,40,13,1.822,83.773,0.7325,32204.9,58035.8,62.0,45.52,61.0,13.923,,,109.401,,2757.931,,43.197,0.0,0.0,30.0,68618.022,,,,
2026-09-07T18:30:13Z,1788805813,attach_accumulation,15,33.7,13.9,16.9,0.0,1459,2008211,4480097,39799,23058,1439,64296,13.54,11.35,10.81,68.0,21.37,2.63,,40,13,2.026,94.705,0.74,32205.1,58035.8,62.0,45.51,61.0,13.904,,,109.367,,2755.914,,43.163,0.0,0.0,30.0,68725.629,,,,
2026-09-07T18:30:16Z,1788805816,attach_accumulation,15,32.5,13.6,16.4,0.0,1387,2007191,4498707,39788,23064,1444,64296,13.54,11.35,10.81,68.0,21.86,2.62,,40,13,2.026,94.705,0.74,32205.1,58035.8,62.0,45.51,61.0,13.648,,,109.376,,2754.557,,43.141,0.0,0.0,30.0,69687.892,,,,
2026-09-07T18:30:19Z,1788805819,attach_accumulation,15,32.4,13.2,16.5,0.0,1389,2006390,4495515,39788,23060,1448,64296,13.82,11.44,10.85,67.0,21.6,2.63,,40,13,2.026,94.705,0.74,32205.1,58035.8,62.0,45.51,61.0,13.593,,,109.339,,2757.996,,43.196,0.0,0.0,30.0,69685.324,,,,
2026-09-07T18:30:22Z,1788805822,attach_accumulation,15,32.8,13.7,16.7,0.0,1391,2007000,4494749,39797,23046,1453,64296,13.82,11.44,10.85,70.0,21.79,2.68,,40,13,2.026,94.705,0.7408,32205.5,58163.8,62.0,45.56,61.0,13.83,,,109.367,,2758.029,,43.197,0.0,0.0,30.0,66021.958,,,,
2026-09-07T18:30:25Z,1788805825,attach_accumulation,15,32.6,13.9,16.1,0.0,1386,2016086,4497477,39790,23048,1458,64296,13.43,11.4,10.84,69.0,22.12,2.67,,40,13,2.026,94.705,0.7423,32205.5,58163.8,62.0,45.48,61.0,13.906,,,109.374,,2757.74,,43.192,0.0,0.0,30.0,68430.69,,,,
2026-09-07T18:30:28Z,1788805828,attach_accumulation,15,33.0,13.8,16.5,0.0,1456,2012962,4487756,39784,23049,1463,64296,13.72,11.49,10.87,68.0,21.91,2.62,,40,13,2.026,94.705,0.7423,32205.5,58163.8,62.0,45.45,61.0,13.744,,,109.416,,2760.9,,43.242,0.0,0.0,30.0,70023.12,,,,
2026-09-07T18:30:31Z,1788805831,attach_accumulation,15,33.4,13.7,16.7,0.0,1404,2015772,4488549,39793,23036,1467,64296,13.72,11.49,10.87,69.0,21.97,2.71,,40,13,2.03,96.741,0.7423,32205.5,58163.8,62.0,45.51,61.0,13.663,,,109.378,,2758.563,,43.202,0.0,0.0,30.0,69316.007,,,,
2026-09-07T18:30:34Z,1788805834,attach_accumulation,16,32.8,13.3,16.8,0.0,1361,2013604,4508135,39792,23032,1472,64296,13.9,11.57,10.9,68.0,22.06,2.63,,40,13,2.03,96.741,0.74,32205.5,58163.8,62.0,45.48,61.0,13.896,,,109.391,,2757.435,,43.188,0.0,0.0,30.0,68735.963,,,,
2026-09-07T18:30:37Z,1788805837,attach_accumulation,16,32.9,13.3,17.0,0.0,1373,2008819,4492212,39794,23025,1477,64296,13.9,11.57,10.9,69.0,22.58,2.62,,40,13,2.035,96.757,0.7443,32205.5,58163.8,62.0,45.39,61.0,13.636,,,109.372,,2756.551,,43.174,0.0,0.0,30.0,71632.847,,,,
2026-09-07T18:30:40Z,1788805840,attach_accumulation,16,32.0,13.2,16.4,0.0,1405,2014951,4509898,39790,23025,1481,64296,13.83,11.59,10.91,69.0,22.61,2.72,,40,13,2.016,96.316,0.7435,32205.5,58163.8,62.0,45.19,61.0,13.555,,,109.382,,2747.47,,43.036,0.0,0.0,30.0,67396.442,,,,
2026-09-07T18:30:43Z,1788805843,attach_accumulation,16,31.9,12.9,16.3,0.1,1377,2019977,4519844,39831,22979,1486,64296,13.76,11.62,10.92,69.0,22.57,2.74,,40,13,2.016,96.316,0.7443,32205.5,58163.8,62.0,45.22,61.0,13.042,,,109.2,,2757.47,,43.22,0.0,0.0,30.0,66054.797,,,,
2026-09-07T18:30:46Z,1788805846,attach_accumulation,16,33.0,14.0,16.1,0.0,1358,2013892,4501557,39836,22969,1491,64296,13.76,11.62,10.92,68.0,21.44,2.78,,40,13,2.143,101.724,0.7383,32205.5,58163.8,62.0,45.13,61.0,13.342,,,109.353,,2751.884,,43.1,0.0,0.0,30.0,65005.253,,,,
2026-09-07T18:30:49Z,1788805849,attach_accumulation,16,33.0,13.6,16.6,0.0,1439,2014851,4499829,39829,22971,1496,64296,14.1,11.72,10.96,68.0,21.77,2.76,,40,13,2.15,102.179,0.7325,32205.6,58163.8,62.0,45.08,61.0,13.296,,,109.38,,2758.647,,43.205,0.0,0.0,30.0,67556.556,,,,
2026-09-07T18:30:52Z,1788805852,attach_accumulation,16,33.4,13.9,16.6,0.0,1388,2012421,4493252,39827,22968,1501,64296,14.1,11.72,10.96,69.0,22.73,2.77,,40,13,2.134,103.703,0.7325,32205.6,58163.8,62.0,45.02,61.0,13.342,,,109.352,,2758.716,,43.207,0.0,0.0,30.0,72414.032,,,,
2026-09-07T18:30:55Z,1788805855,attach_accumulation,16,33.3,13.6,17.0,0.0,1352,2004302,4500475,39826,22964,1506,64296,13.85,11.71,10.96,69.0,22.21,2.77,,40,13,2.134,103.703,0.7325,32205.6,58163.8,62.0,45.02,61.0,13.287,,,109.372,,2756.445,,43.172,0.0,0.0,30.0,70562.652,,,,
2026-09-07T18:30:58Z,1788805858,attach_accumulation,16,34.2,14.0,17.3,0.0,1367,2018433,4476560,39843,22943,1510,64296,13.78,11.73,10.97,68.0,22.06,2.75,,40,13,2.134,103.35,0.73,32205.6,58163.8,62.0,44.97,61.0,13.34,,,109.371,,2756.305,,43.168,0.0,0.0,30.0,70652.215,,,,
2026-09-07T18:31:01Z,1788805861,attach_accumulation,16,33.0,13.7,16.6,0.0,1385,2016155,4488181,39845,22936,1515,64296,13.78,11.73,10.97,68.0,22.3,2.72,,40,13,2.134,103.35,0.73,32205.6,58163.8,62.0,44.97,61.0,13.127,,,109.336,,2756.604,,43.177,0.0,0.0,30.0,67532.968,,,,
2026-09-07T18:31:04Z,1788805864,attach_accumulation,16,32.9,13.4,16.7,0.0,1418,2007242,4500074,39835,22941,1520,64296,13.8,11.77,10.99,70.0,21.19,2.79,,40,13,2.061,99.951,0.7275,32205.6,58163.8,62.0,44.94,60.0,13.22,,,109.335,,2769.739,,43.375,0.0,0.0,30.0,65742.318,,,,
2026-09-07T18:31:07Z,1788805867,attach_accumulation,16,34.0,14.0,17.1,0.0,1361,2007727,4467619,39836,22935,1525,64296,13.8,11.77,10.99,69.0,21.94,2.73,,40,13,2.061,99.951,0.7275,32205.6,58163.8,62.0,44.94,60.0,13.377,,,109.357,,2756.216,,43.174,0.0,0.0,30.0,67359.136,,,,
2026-09-07T18:31:10Z,1788805870,attach_accumulation,16,32.6,13.2,16.4,0.0,1400,2019612,4493327,39826,22940,1530,64296,13.9,11.82,11.01,70.0,22.28,2.74,,40,13,2.061,99.951,0.7275,32205.6,58163.8,62.0,44.94,60.0,13.435,,,109.371,,2758.622,,43.205,0.0,0.0,30.0,70770.671,,,,
2026-09-07T18:31:13Z,1788805873,attach_accumulation,16,33.6,13.8,17.0,0.0,1514,2010191,4491512,39832,22930,1534,64296,13.67,11.81,11.01,69.0,21.63,2.77,,40,13,2.061,99.951,0.7275,32205.6,58163.8,62.0,44.94,60.0,13.41,,,109.363,,2760.781,,43.243,0.0,0.0,30.0,65810.806,,,,
2026-09-07T18:31:16Z,1788805876,attach_accumulation,16,33.1,13.6,16.6,0.0,1408,2019507,4501979,39826,22931,1539,64296,13.67,11.81,11.01,68.0,22.04,2.79,,40,13,2.061,99.951,0.7275,32205.6,58163.8,62.0,44.94,60.0,13.268,,,109.365,,2764.189,,43.291,0.0,0.0,30.0,69270.941,,,,
2026-09-07T18:31:19Z,1788805879,attach_accumulation,16,32.9,13.5,16.5,0.0,1347,2007961,4487384,39834,22919,1543,64296,14.09,11.93,11.05,69.0,20.75,2.77,,40,13,2.061,99.951,0.7305,32206.1,58291.8,62.0,44.9,60.0,13.426,,,109.369,,2756.312,,43.17,0.0,0.0,30.0,64631.073,,,,
2026-09-07T18:31:22Z,1788805882,attach_accumulation,16,33.4,13.7,16.9,0.0,1539,2010423,4474702,39830,22918,1548,64296,14.09,11.93,11.05,69.0,22.17,2.71,,40,13,2.021,97.568,0.7308,32206.2,58291.8,62.0,44.93,61.0,13.434,,,109.348,,2755.126,,43.152,0.0,0.0,30.0,64247.731,,,,
2026-09-07T18:31:25Z,1788805885,attach_accumulation,16,32.0,13.4,16.0,0.0,1369,2012092,4508898,39836,22907,1553,64296,14.41,12.03,11.09,69.0,22.1,2.73,,40,13,2.021,97.568,0.7283,32206.4,58291.8,62.0,44.98,61.0,13.177,,,109.326,,2765.572,,43.309,0.0,0.0,30.0,64291.103,,,,
2026-09-07T18:31:28Z,1788805888,attach_accumulation,16,32.5,13.2,16.6,0.1,1392,2010692,4495248,39839,22899,1558,64296,13.73,11.93,11.06,69.0,21.84,2.78,,40,14,2.069,99.674,0.7343,32251.2,58553.4,62.0,44.87,61.0,13.277,,,109.362,,2760.84,,43.239,0.0,0.0,30.0,65526.402,,,,
2026-09-07T18:31:31Z,1788805891,attach_accumulation,16,32.5,13.4,16.4,0.0,1433,2005081,4496041,39834,22899,1563,64296,13.73,11.93,11.06,69.0,21.68,2.79,,40,14,2.221,101.74,0.7343,32251.2,58553.4,62.0,44.88,61.0,13.253,,,109.358,,2760.787,,43.241,0.0,0.0,30.0,69573.03,,,,
2026-09-07T18:31:34Z,1788805894,attach_accumulation,16,33.1,14.0,16.2,0.0,1364,2014372,4497804,39831,22897,1568,64296,14.39,12.1,11.12,68.0,21.18,2.79,,40,14,2.221,101.74,0.7358,32251.2,58553.4,62.0,45.01,61.0,13.457,,,109.362,,2761.541,,43.253,0.0,0.0,30.0,65392.205,,,,
2026-09-07T18:31:37Z,1788805897,attach_accumulation,16,34.3,13.9,17.5,0.0,1330,1999645,4469113,39844,22880,1572,64296,14.39,12.1,11.12,69.0,21.55,2.74,,40,14,2.203,100.958,0.7347,32251.2,58553.4,62.0,45.34,61.0,13.422,,,109.371,,2754.163,,43.135,0.0,0.0,30.0,65703.78,,,,
2026-09-07T18:31:40Z,1788805900,attach_accumulation,16,33.5,13.9,16.9,0.0,1411,2011821,4468443,39838,22881,1577,64296,14.04,12.06,11.11,69.0,22.6,2.77,,40,14,2.183,100.171,0.737,32251.2,58553.4,62.0,45.52,61.0,13.363,,,109.365,,2757.424,,43.187,0.0,0.0,30.0,63954.443,,,,
2026-09-07T18:31:43Z,1788805903,attach_accumulation,16,32.0,12.9,16.3,0.0,1361,2009922,4509087,39833,22881,1582,64296,13.88,12.06,11.12,69.0,21.19,2.77,,40,14,2.233,100.199,0.7362,32251.2,58553.4,62.0,45.54,61.0,13.612,,,109.363,,2756.457,,43.171,0.0,0.0,30.0,70276.693,,,,
2026-09-07T18:31:46Z,1788805906,attach_accumulation,16,33.2,13.7,16.9,0.0,1371,2005368,4486912,39830,22879,1587,64296,13.88,12.06,11.12,68.0,20.73,2.82,,40,14,2.233,100.199,0.7362,32251.2,58553.4,62.0,45.66,61.0,13.46,,,109.332,,2757.726,,43.174,0.0,0.0,30.0,66475.863,,,,
2026-09-07T18:31:49Z,1788805909,attach_accumulation,16,34.4,14.1,17.4,0.0,1410,2011958,4467657,39838,22867,1591,64296,14.29,12.18,11.16,69.0,22.48,2.79,,40,14,2.18,98.3,0.7362,32251.2,58553.4,62.0,45.66,61.0,13.211,,,109.347,,2763.281,,43.281,0.0,0.0,30.0,68896.424,,,,
2026-09-07T18:31:52Z,1788805912,attach_accumulation,16,32.4,13.4,16.4,0.0,1405,2014003,4499723,39823,22877,1596,64296,14.29,12.18,11.16,67.0,22.07,2.78,,40,14,2.18,98.3,0.7362,32251.2,58553.4,62.0,45.66,61.0,13.291,,,109.36,,2762.799,,43.27,0.0,0.0,30.0,67207.163,,,,
2026-09-07T18:31:55Z,1788805915,attach_accumulation,16,32.4,13.4,16.4,0.0,1459,2008643,4498148,39825,22870,1601,64296,14.59,12.27,11.2,69.0,22.12,2.77,,40,14,2.24,100.962,0.7387,32251.2,58553.4,62.0,45.65,61.0,13.565,,,109.354,,2749.819,,43.076,0.0,0.0,30.0,68680.616,,,,
2026-09-07T18:31:58Z,1788805918,attach_accumulation,17,33.0,13.7,16.5,0.1,1435,2020095,4491068,39832,22858,1606,64296,14.54,12.3,11.21,69.0,22.48,2.74,,40,14,2.24,100.962,0.7387,32251.2,58553.4,62.0,45.63,61.0,13.246,,,109.357,,2765.579,,43.312,0.0,0.0,30.0,65865.804,,,,
2026-09-07T18:32:01Z,1788805921,attach_accumulation,17,32.1,13.5,15.9,0.0,1361,2015234,4509048,39827,22859,1610,64296,14.54,12.3,11.21,69.0,21.92,2.77,,40,14,2.24,100.962,0.7387,32251.2,58553.4,62.0,45.63,61.0,13.345,,,109.371,,2759.905,,43.224,0.0,0.0,30.0,65591.222,,,,
2026-09-07T18:32:04Z,1788805924,attach_accumulation,17,33.3,13.6,17.0,0.0,1345,2014893,4484786,39826,22855,1615,64296,14.66,12.36,11.24,68.0,21.85,2.78,,40,14,2.24,100.962,0.7387,32251.2,58553.4,62.0,45.63,61.0,13.36,,,109.37,,2752.54,,43.112,0.0,0.0,30.0,69089.442,,,,
2026-09-07T18:32:07Z,1788805927,attach_accumulation,17,34.1,14.3,16.7,0.0,1333,2005464,4473547,39839,22837,1620,64296,14.66,12.36,11.24,68.0,21.37,2.77,,40,14,2.24,100.962,0.7387,32251.2,58553.4,62.0,45.63,61.0,13.012,,,109.213,,2756.899,,43.182,0.0,0.0,30.0,65875.049,,,,
2026-09-07T18:32:10Z,1788805930,attach_accumulation,17,34.1,13.6,17.7,0.0,1392,2005332,4485649,39884,22787,1625,64296,14.28,12.32,11.23,68.0,20.58,2.79,,40,14,2.24,100.962,0.7387,32251.2,58553.4,62.0,45.63,61.0,13.351,,,109.338,,2760.397,,43.231,0.0,0.0,30.0,73513.557,,,,
2026-09-07T18:32:13Z,1788805933,attach_accumulation,17,35.2,14.7,17.5,0.0,1285,2001177,4453572,39886,22780,1630,64296,14.58,12.42,11.27,70.0,20.19,2.81,,40,14,2.336,105.775,0.7387,32251.2,58553.4,62.0,45.66,61.0,13.379,,,109.324,,2767.974,,43.329,0.0,0.0,30.0,76483.151,,,,
2026-09-07T18:32:16Z,1788805936,attach_accumulation,17,35.3,15.0,17.3,0.0,1295,1991165,4443339,39885,22777,1634,64296,14.58,12.42,11.27,69.0,20.26,2.82,,40,14,2.377,107.756,0.7362,32251.2,58553.4,62.0,45.67,61.0,13.49,,,109.33,,2773.138,,43.429,0.0,0.0,30.0,72874.893,,,,
2026-09-07T18:32:19Z,1788805939,attach_accumulation,17,35.0,14.3,17.6,0.0,1352,2006163,4455091,39878,22779,1639,64296,13.97,12.33,11.25,67.0,21.33,2.8,,40,14,2.377,107.756,0.7347,32251.7,58745.4,62.1,45.76,61.0,13.605,,,109.343,,2766.97,,43.334,0.0,0.0,30.0,71345.191,,,,
2026-09-07T18:32:22Z,1788805942,attach_accumulation,17,33.6,13.9,16.9,0.0,1455,2012042,4486077,39895,22757,1644,64296,13.97,12.33,11.25,68.0,22.79,2.79,,40,14,2.321,107.721,0.7355,32251.7,58745.4,62.2,45.83,61.0,13.511,,,109.338,,2768.784,,43.36,0.0,0.0,30.0,73546.273,,,,
2026-09-07T18:32:25Z,1788805945,attach_accumulation,17,32.3,13.2,16.3,0.0,1403,2018331,4519555,39881,22767,1648,64296,13.74,12.31,11.25,69.0,21.71,2.8,,40,15,2.321,107.721,0.7482,32296.4,59006.9,62.3,45.83,61.0,13.495,,,109.407,,2760.576,,43.235,0.0,0.0,30.0,72824.085,,,,
2026-09-07T18:32:28Z,1788805948,attach_accumulation,17,33.0,13.8,16.4,0.0,1345,2009016,4507745,39885,22758,1653,64296,13.52,12.28,11.24,67.0,20.95,2.8,,40,15,2.395,110.839,0.7475,32296.4,59006.9,62.4,45.84,59.0,13.282,,,109.304,,2763.348,,43.282,0.0,0.0,30.0,71069.457,,,,
2026-09-07T18:32:31Z,1788805951,attach_accumulation,17,33.7,14.1,16.7,0.0,1402,2005649,4483395,39880,22758,1658,64296,13.52,12.28,11.24,69.0,20.86,2.81,,40,15,2.424,112.177,0.7533,32296.4,59006.9,62.5,45.95,59.0,13.152,,,109.315,,2771.785,,43.409,0.0,0.0,30.0,75407.102,,,,
2026-09-07T18:32:34Z,1788805954,attach_accumulation,17,34.2,13.9,17.4,0.0,1314,2004365,4474326,39886,22747,1663,64296,13.23,12.25,11.24,69.0,21.69,2.76,,40,15,2.483,113.12,0.7533,32296.4,59006.9,62.6,45.86,59.0,13.389,,,109.352,,2765.952,,43.318,0.0,0.0,30.0,74843.303,,,,
2026-09-07T18:32:37Z,1788805957,attach_accumulation,17,34.2,14.1,17.1,0.0,1349,2009172,4486476,39890,22738,1668,64296,13.23,12.25,11.24,68.0,22.33,2.78,,40,15,2.483,113.12,0.751,32296.4,59006.9,62.7,45.78,59.0,13.439,,,109.324,,2764.879,,43.31,0.0,0.0,30.0,72673.314,,,,
2026-09-07T18:32:40Z,1788805960,attach_accumulation,17,33.7,14.0,16.8,0.0,1452,2011855,4502197,39885,22739,1672,64296,13.22,12.26,11.25,67.0,22.06,2.79,,40,15,2.508,114.132,0.7543,32296.4,59006.9,62.8,45.82,59.0,13.518,,,109.332,,2762.597,,43.27,0.0,0.0,30.0,71231.43,,,,
2026-09-07T18:32:43Z,1788805963,attach_accumulation,17,33.8,14.0,16.6,0.0,1349,2008181,4513384,39891,22728,1677,64296,13.44,12.32,11.27,69.0,21.64,2.78,,40,15,2.508,114.132,0.7565,32296.4,59006.9,62.9,45.83,59.0,13.604,,,109.339,,2766.804,,43.331,0.0,0.0,30.0,76013.7,,,,
2026-09-07T18:32:46Z,1788805966,attach_accumulation,17,33.9,13.8,16.9,0.0,1342,2007786,4485847,39886,22728,1682,64296,13.44,12.32,11.27,69.0,21.9,2.76,,40,15,2.568,116.909,0.7565,32296.4,59006.9,63.0,45.87,59.0,13.512,,,109.329,,2757.341,,43.186,0.0,0.0,30.0,75896.215,,,,
2026-09-07T18:32:49Z,1788805969,attach_accumulation,17,33.7,13.5,17.3,0.0,1427,2010693,4492015,39888,22722,1686,64296,13.4,12.33,11.28,68.0,21.49,2.78,,40,15,2.568,116.909,0.7565,32296.4,59006.9,63.0,45.87,59.0,13.291,,,109.309,,2772.22,,43.419,0.0,0.0,30.0,75434.667,,,,
2026-09-07T18:32:52Z,1788805972,attach_accumulation,17,34.3,14.1,17.4,0.0,1352,2005339,4481379,39902,22703,1691,64296,13.4,12.33,11.28,68.0,20.9,2.74,,40,15,2.568,116.909,0.7565,32296.4,59006.9,63.0,45.87,59.0,13.485,,,109.316,,2774.798,,43.455,0.0,0.0,30.0,72486.092,,,,
2026-09-07T18:32:55Z,1788805975,attach_accumulation,17,33.9,13.7,17.1,0.0,1370,2005626,4478170,39904,22696,1696,64296,13.61,12.39,11.31,67.0,20.4,2.82,,40,15,2.568,116.909,0.7565,32296.4,59006.9,63.0,45.94,59.0,13.34,,,109.335,,2768.021,,43.347,0.0,0.0,30.0,75812.052,,,,
2026-09-07T18:32:58Z,1788805978,attach_accumulation,17,35.6,14.7,17.9,0.0,1360,2007598,4459510,39893,22702,1701,64296,13.8,12.45,11.33,68.0,21.25,2.79,,40,15,2.568,116.909,0.7565,32296.4,59006.9,63.0,45.94,59.0,13.522,,,109.352,,2762.113,,43.262,0.0,0.0,30.0,73280.49,,,,
2026-09-07T18:33:01Z,1788805981,attach_accumulation,17,33.8,13.7,16.9,0.0,1358,2013291,4481419,39895,22695,1706,64296,13.8,12.45,11.33,69.0,23.25,2.79,,40,15,2.568,116.909,0.7565,32296.4,59006.9,63.0,45.94,59.0,13.607,,,109.34,,2769.118,,43.365,0.0,0.0,30.0,73246.762,,,,
2026-09-07T18:33:04Z,1788805984,attach_accumulation,17,32.8,13.2,16.7,0.0,1373,2025007,4512293,39892,22694,1710,64296,13.66,12.45,11.34,69.0,22.01,2.76,,40,15,2.625,119.504,0.754,32296.4,59006.9,63.0,45.74,56.0,13.72,,,109.337,,2765.866,,43.317,0.0,0.0,30.0,73115.839,,,,
2026-09-07T18:33:07Z,1788805987,attach_accumulation,17,33.3,13.8,16.5,0.0,1383,2022998,4499595,39896,22685,1715,64296,13.66,12.45,11.34,70.0,23.03,2.73,,40,15,2.553,115.94,0.7515,32296.4,59006.9,63.0,45.72,56.0,13.668,,,109.326,,2766.799,,43.328,0.0,0.0,30.0,72556.991,,,,
2026-09-07T18:33:10Z,1788805990,attach_accumulation,17,32.2,13.3,16.2,0.0,1395,2031847,4525455,39884,22692,1720,64296,13.53,12.44,11.34,68.0,21.81,2.79,,40,15,2.553,115.94,0.7515,32296.4,59006.9,63.0,45.72,56.0,13.619,,,109.311,,2765.236,,43.306,0.0,0.0,30.0,69552.36,,,,
2026-09-07T18:33:13Z,1788805993,attach_accumulation,17,33.5,13.9,16.9,0.0,1317,2011321,4506237,39885,22686,1725,64296,13.8,12.51,11.37,69.0,20.46,2.85,,40,15,2.616,115.947,0.749,32296.4,59006.9,63.0,45.71,56.0,13.336,,,109.321,,2768.306,,43.354,0.0,0.0,30.0,72738.718,,,,
2026-09-07T18:33:16Z,1788805996,attach_accumulation,17,35.7,14.4,18.1,0.0,1292,2001228,4450106,39888,22679,1729,64296,13.8,12.51,11.37,68.0,21.04,2.8,,40,15,2.616,115.947,0.7498,32296.4,59006.9,63.0,45.55,56.0,13.34,,,109.326,,2773.958,,43.437,0.0,0.0,30.0,73154.682,,,,
2026-09-07T18:33:19Z,1788805999,attach_accumulation,17,34.8,14.3,17.4,0.0,1408,2007141,4465820,39890,22672,1734,64296,13.74,12.52,11.38,69.0,20.82,2.84,,40,15,2.6,115.206,0.7498,32296.4,59006.9,63.0,45.66,56.0,13.241,,,109.334,,2769.26,,43.37,0.0,0.0,30.0,74927.918,,,,
2026-09-07T18:33:22Z,1788806002,attach_accumulation,17,33.6,13.7,16.9,0.0,1370,2004819,4492117,39891,22666,1739,64296,13.74,12.52,11.38,69.0,21.96,2.78,,40,15,2.624,116.258,0.7495,32296.4,59006.9,63.0,45.79,56.0,13.47,,,109.344,,2763.844,,43.286,0.0,0.0,30.0,78788.134,,,,
2026-09-07T18:33:25Z,1788806005,attach_accumulation,18,33.7,14.1,16.7,0.0,1398,2008980,4497816,39888,22664,1744,64296,14.16,12.63,11.42,68.0,23.08,2.81,,40,15,2.654,116.648,0.7478,32296.4,59006.9,63.0,45.81,56.0,13.311,,,109.337,,2768.091,,43.352,0.0,0.0,30.0,75444.882,,,,
2026-09-07T18:33:28Z,1788806008,attach_accumulation,18,33.1,13.8,16.5,0.0,1336,2014749,4505364,39891,22657,1748,64296,14.23,12.67,11.44,68.0,20.85,2.85,,40,15,2.654,116.648,0.7485,32296.4,59006.9,63.0,45.85,56.0,13.516,,,109.33,,2764.976,,43.303,0.0,0.0,30.0,78111.827,,,,
2026-09-07T18:33:31Z,1788806011,attach_accumulation,18,34.7,14.3,17.5,0.0,1305,2001354,4460266,39891,22652,1753,64296,14.23,12.67,11.44,69.0,20.98,2.89,,40,15,2.664,117.265,0.7517,32296.4,59006.9,63.0,46.1,63.0,13.29,,,109.285,,2768.197,,43.353,0.0,0.0,30.0,76523.65,,,,
2026-09-07T18:33:34Z,1788806014,attach_accumulation,18,34.3,14.2,17.0,0.0,1430,2012972,4486822,39920,22618,1758,64296,14.29,12.71,11.46,69.0,21.36,2.87,,40,15,2.664,117.265,0.751,32296.4,59006.9,63.0,46.16,63.0,13.017,,,109.109,,2761.594,,43.282,0.0,0.0,30.0,72715.817,,,,
2026-09-07T18:33:37Z,1788806017,attach_accumulation,18,32.6,13.4,16.3,0.0,1410,2024281,4526408,39928,22605,1763,64296,14.29,12.71,11.46,69.0,21.92,2.83,,40,15,2.681,116.054,0.7453,32296.4,59006.9,63.0,46.08,63.0,13.248,,,109.284,,2777.075,,43.487,0.0,0.0,30.0,75709.597,,,,
2026-09-07T18:33:40Z,1788806020,attach_accumulation,18,33.2,13.7,16.8,0.0,1437,2017519,4511032,39928,22601,1767,64296,14.43,12.76,11.48,68.0,22.28,2.88,,40,15,2.681,116.054,0.7438,32296.4,59006.9,63.0,46.1,63.0,13.483,,,109.306,,2773.847,,43.442,0.0,0.0,30.0,75852.05,,,,
2026-09-07T18:33:43Z,1788806023,attach_accumulation,18,33.4,13.9,16.6,0.0,1361,2019447,4519521,39928,22596,1772,64296,14.07,12.72,11.48,68.0,21.48,2.84,,40,15,2.681,116.054,0.743,32296.4,59006.9,63.0,46.04,63.0,13.627,,,109.297,,2774.607,,43.446,0.0,0.0,30.0,76920.455,,,,
2026-09-07T18:33:46Z,1788806026,attach_accumulation,18,34.2,14.0,17.4,0.0,1354,2012013,4480228,39921,22598,1777,64296,14.07,12.72,11.48,68.0,21.55,2.82,,40,15,2.681,116.054,0.743,32296.4,59006.9,63.0,46.04,63.0,13.649,,,109.314,,2773.501,,43.437,0.0,0.0,30.0,73369.56,,,,
2026-09-07T18:33:49Z,1788806029,attach_accumulation,18,33.7,14.1,16.6,0.0,1370,2021253,4494252,39923,22592,1781,64296,14.55,12.84,11.52,68.0,21.42,2.79,,40,15,2.681,116.054,0.743,32296.4,59006.9,63.0,46.04,63.0,13.912,,,109.322,,2770.968,,43.396,0.0,0.0,30.0,82908.84,,,,
2026-09-07T18:33:52Z,1788806032,attach_accumulation,18,34.3,13.9,17.5,0.0,1389,2006784,4479554,39925,22585,1786,64296,14.55,12.84,11.52,68.0,20.86,2.82,,40,15,2.681,116.054,0.743,32296.4,59006.9,63.0,46.04,63.0,13.698,,,109.317,,2768.783,,43.359,0.0,0.0,30.0,76781.697,,,,
2026-09-07T18:33:55Z,1788806035,attach_accumulation,18,35.3,14.5,17.5,0.0,1355,2015986,4469552,39930,22575,1791,64296,14.82,12.92,11.56,69.0,21.13,2.85,,40,15,2.592,111.56,0.743,32296.4,59006.9,63.0,46.11,63.0,13.433,,,109.313,,2774.845,,43.429,0.0,0.0,30.0,79158.721,,,,
2026-09-07T18:33:58Z,1788806038,attach_accumulation,18,33.3,13.4,16.8,0.0,1367,2015542,4502476,39931,22569,1796,64296,14.2,12.83,11.53,69.0,22.76,2.82,,40,15,2.691,116.638,0.743,32296.4,59006.9,63.0,46.12,63.0,13.59,,,109.318,,2773.812,,43.436,0.0,0.0,30.0,80216.686,,,,
2026-09-07T18:34:01Z,1788806041,attach_accumulation,18,33.4,13.6,16.8,0.0,1417,2015084,4497181,39912,22583,1801,64296,14.2,12.83,11.53,68.0,23.16,2.84,,40,15,2.691,116.638,0.743,32296.4,59006.9,63.0,46.12,63.0,13.444,,,109.32,,2780.781,,43.546,0.0,0.0,30.0,77909.685,,,,
2026-09-07T18:34:04Z,1788806044,attach_accumulation,18,32.3,13.4,16.1,0.0,1427,2018369,4527559,39928,22563,1805,64296,13.7,12.75,11.51,69.0,20.96,2.87,,40,15,2.406,109.07,0.743,32296.4,59006.9,63.0,46.13,63.0,13.648,,,109.348,,2773.714,,43.439,0.0,0.0,30.0,81352.471,,,,
2026-09-07T18:34:07Z,1788806047,attach_accumulation,18,34.4,14.3,17.1,0.0,1292,2005092,4479919,39930,22556,1810,64296,13.7,12.75,11.51,68.0,20.6,2.9,,40,15,2.406,109.07,0.743,32296.4,59006.9,63.0,46.13,63.0,13.575,,,109.336,,2778.467,,43.509,0.0,0.0,30.0,78119.563,,,,
2026-09-07T18:34:10Z,1788806050,attach_accumulation,18,35.0,14.6,17.4,0.0,1526,2016565,4468723,39925,22557,1814,64296,13.81,12.78,11.53,68.0,22.72,2.83,,40,15,2.387,107.941,0.743,32296.4,59006.9,63.0,46.17,63.0,13.642,,,109.301,,2781.234,,43.551,0.0,0.0,30.0,79873.898,,,,
2026-09-07T18:34:13Z,1788806053,attach_accumulation,18,33.3,13.4,16.9,0.0,1377,2028761,4512910,39930,22547,1819,64296,14.14,12.87,11.57,69.0,21.93,2.8,,40,15,2.402,108.897,0.7405,32296.4,59006.9,63.0,46.17,63.0,13.64,,,109.31,,2776.128,,43.473,0.0,0.0,30.0,74615.803,,,,
2026-09-07T18:34:16Z,1788806056,attach_accumulation,18,34.3,14.3,17.0,0.0,1345,2020241,4492150,39916,22556,1824,64296,14.14,12.87,11.57,68.0,21.25,2.81,,40,15,2.076,96.768,0.7412,32296.4,59006.9,63.0,46.18,63.0,13.802,,,109.323,,2776.419,,43.481,0.0,0.0,30.0,76822.312,,,,
2026-09-07T18:34:19Z,1788806059,attach_accumulation,18,34.4,13.8,17.4,0.0,1377,2026098,4489790,39913,22554,1829,64296,14.53,12.97,11.61,69.0,22.83,2.8,,40,15,2.076,96.768,0.742,32296.4,59006.9,63.0,46.17,63.0,13.557,,,109.303,,2777.528,,43.491,0.0,0.0,30.0,77066.578,,,,
2026-09-07T18:34:22Z,1788806062,attach_accumulation,18,32.8,13.6,16.3,0.0,1489,2026539,4522987,39927,22535,1834,64296,14.53,12.97,11.61,69.0,23.06,2.89,,40,15,2.146,99.073,0.735,32296.4,59006.9,63.0,46.04,63.0,13.663,,,109.327,,2783.332,,43.585,0.0,0.0,30.0,76762.449,,,,
2026-09-07T18:34:25Z,1788806065,attach_accumulation,18,32.5,13.4,16.5,0.0,1436,2025393,4528830,39930,22528,1838,64296,14.33,12.95,11.61,70.0,22.79,2.72,,40,16,2.146,99.073,0.7395,32341.4,59268.4,63.0,46.08,63.0,13.673,,,109.345,,2773.394,,43.431,0.0,0.0,30.0,80092.638,,,,
2026-09-07T18:34:28Z,1788806068,attach_accumulation,18,33.6,14.1,16.8,0.0,1439,2024760,4526060,39934,22519,1843,64296,14.06,12.92,11.61,69.0,21.4,2.73,,40,16,2.144,100.789,0.739,32341.4,59268.4,63.0,45.98,60.0,13.563,,,109.341,,2772.684,,43.418,0.0,0.0,30.0,80025.365,,,,
2026-09-07T18:34:31Z,1788806071,attach_accumulation,18,33.5,13.6,16.9,0.0,1327,2017684,4505289,39939,22510,1847,64296,14.06,12.92,11.61,69.0,21.28,2.83,,40,16,2.144,100.789,0.739,32341.4,59268.4,63.0,45.79,60.0,13.685,,,109.323,,2779.789,,43.531,0.0,0.0,30.0,77011.428,,,,
2026-09-07T18:34:34Z,1788806074,attach_accumulation,18,34.2,14.1,17.1,0.1,1361,2020990,4485792,39944,22500,1852,64296,13.74,12.87,11.6,70.0,21.42,2.71,,40,16,2.144,100.789,0.7412,32341.4,59268.4,63.0,45.9,60.0,13.612,,,109.338,,2772.463,,43.414,0.0,0.0,30.0,79103.738,,,,
2026-09-07T18:34:37Z,1788806077,attach_accumulation,18,34.2,14.1,17.0,0.0,1371,2018478,4482102,39937,22502,1857,64296,13.74,12.87,11.6,69.0,22.66,2.76,,40,16,2.144,100.789,0.7428,32341.4,59268.4,63.0,45.97,60.0,13.842,,,109.382,,2768.754,,43.36,0.0,0.0,30.0,76198.735,,,,
2026-09-07T18:34:40Z,1788806080,attach_accumulation,18,33.5,13.7,16.9,0.0,1383,2020277,4492432,39942,22492,1862,64296,13.68,12.88,11.61,69.0,22.31,2.7,,40,16,2.144,100.789,0.7435,32341.4,59268.4,63.0,46.04,60.0,13.734,,,109.399,,2776.787,,43.48,0.0,0.0,30.0,78248.886,,,,
2026-09-07T18:34:43Z,1788806083,attach_accumulation,18,34.1,14.2,17.0,0.0,1324,2009709,4482870,39941,22488,1867,64296,13.22,12.79,11.59,68.0,21.74,2.74,,40,16,2.144,100.789,0.7435,32341.4,59268.4,63.0,46.1,60.0,13.778,,,109.387,,2771.306,,43.406,0.0,0.0,30.0,80211.921,,,,
2026-09-07T18:34:46Z,1788806086,attach_accumulation,18,34.7,14.1,17.6,0.0,1349,2011013,4474968,39933,22491,1872,64296,13.22,12.79,11.59,68.0,21.99,2.72,,40,16,2.181,102.781,0.746,32341.4,59268.4,63.0,46.07,60.0,13.817,,,109.421,,2767.608,,43.352,0.0,0.0,30.0,79624.777,,,,
2026-09-07T18:34:49Z,1788806089,attach_accumulation,19,34.2,14.0,17.3,0.0,1367,2016944,4478726,39922,22498,1876,64296,13.44,12.85,11.61,69.0,20.57,2.68,,40,16,2.167,102.081,0.746,32341.4,59268.4,63.0,46.1,60.0,13.833,,,109.381,,2771.102,,43.398,0.0,0.0,30.0,80241.232,,,,
2026-09-07T18:34:52Z,1788806092,attach_accumulation,19,35.2,14.5,17.4,0.0,1439,2013980,4448356,39927,22488,1881,64296,13.44,12.85,11.61,68.0,22.25,2.66,,40,16,2.167,102.081,0.7467,32341.4,59268.4,63.0,46.11,60.0,13.803,,,109.416,,2765.096,,43.301,0.0,0.0,30.0,84711.113,,,,
2026-09-07T18:34:55Z,1788806095,attach_accumulation,19,33.4,14.1,16.7,0.0,1420,2022588,4498220,39925,22485,1886,64296,13.33,12.83,11.61,70.0,21.64,2.84,,40,16,2.122,99.583,0.7517,32341.4,59268.4,63.0,46.1,60.0,13.439,,,109.37,,2776.062,,43.473,0.0,0.0,30.0,81651.908,,,,
2026-09-07T18:34:58Z,1788806098,attach_accumulation,19,33.3,13.6,16.7,0.0,1492,2023170,4502152,39935,22470,1891,64296,12.98,12.77,11.6,70.0,22.69,2.76,,40,16,2.184,103.039,0.7517,32341.4,59268.4,63.0,45.94,60.0,13.475,,,109.341,,2770.987,,43.393,0.0,0.0,30.0,76698.367,,,,
2026-09-07T18:35:01Z,1788806101,attach_accumulation,19,32.9,13.5,16.5,0.0,1398,2024444,4514965,39975,22426,1895,64296,12.98,12.77,11.6,68.0,21.66,2.77,,40,16,2.184,103.039,0.7517,32341.4,59268.4,63.0,45.94,60.0,13.226,,,109.207,,2761.981,,43.289,0.0,0.0,30.0,77355.938,,,,
2026-09-07T18:35:04Z,1788806104,attach_accumulation,19,33.7,13.8,17.1,0.0,1361,2013108,4483263,39967,22429,1900,64296,13.46,12.87,11.64,68.0,21.16,2.77,,40,16,2.172,102.2,0.7517,32341.4,59268.4,63.0,45.95,60.0,13.595,,,109.38,,2770.496,,43.39,0.0,0.0,30.0,78994.685,,,,
2026-09-07T18:35:07Z,1788806107,attach_accumulation,19,35.4,14.8,17.4,0.0,1324,2014383,4455062,39971,22420,1905,64296,13.46,12.87,11.64,69.0,21.69,2.8,,40,16,2.243,104.865,0.7592,32341.4,59268.4,63.0,45.98,60.0,13.635,,,109.382,,2767.178,,43.337,0.0,0.0,30.0,77635.446,,,,
2026-09-07T18:35:10Z,1788806110,attach_accumulation,19,34.4,13.9,17.6,0.0,1482,2013564,4471186,39966,22420,1910,64296,13.35,12.86,11.64,68.0,21.58,2.69,,40,16,2.243,104.865,0.7592,32341.4,59268.4,63.0,45.98,60.0,13.62,,,109.389,,2768.833,,43.365,0.0,0.0,30.0,77854.047,,,,
2026-09-07T18:35:13Z,1788806113,attach_accumulation,19,32.7,13.6,16.2,0.0,1501,2020086,4501197,39974,22408,1914,64296,13.4,12.88,11.65,68.0,21.89,2.75,,40,16,2.184,102.785,0.7585,32341.4,59268.4,63.0,45.91,60.0,13.607,,,109.357,,2771.633,,43.405,0.0,0.0,30.0,79616.269,,,,
2026-09-07T18:35:16Z,1788806116,attach_accumulation,19,32.4,13.3,16.3,0.0,1367,2009274,4500915,39968,22409,1919,64296,13.4,12.88,11.65,68.0,21.48,2.74,,40,16,2.184,102.785,0.757,32341.4,59268.4,63.0,45.95,60.0,13.663,,,109.368,,2768.642,,43.365,0.0,0.0,30.0,77720.293,,,,
2026-09-07T18:35:19Z,1788806119,attach_accumulation,19,34.6,14.6,17.1,0.0,1342,2015515,4476783,39976,22396,1924,64296,13.85,12.98,11.69,69.0,21.44,2.79,,40,16,2.203,105.432,0.749,32341.4,59268.4,63.0,46.07,60.0,13.417,,,109.364,,2774.951,,43.455,0.0,0.0,30.0,77233.322,,,,
2026-09-07T18:35:22Z,1788806122,attach_accumulation,19,34.1,14.1,17.1,0.0,1474,2017831,4475653,39978,22389,1929,64296,13.85,12.98,11.69,69.0,21.91,2.71,,40,17,2.203,105.432,0.7512,32386.3,59530.0,63.0,46.01,59.0,13.425,,,109.356,,2767.807,,43.354,0.0,0.0,30.0,76379.36,,,,
2026-09-07T18:35:25Z,1788806125,attach_accumulation,19,33.4,13.8,16.9,0.0,1417,2019894,4497778,39973,22389,1934,64296,13.7,12.96,11.69,67.0,21.8,2.69,,40,17,2.203,105.432,0.7567,32386.3,59530.0,63.0,45.97,59.0,13.367,,,109.426,,2774.622,,43.449,0.0,0.0,30.0,77725.469,,,,
2026-09-07T18:35:28Z,1788806128,attach_accumulation,19,32.5,13.0,16.5,0.0,1361,2010941,4505662,39974,22383,1939,64296,13.48,12.93,11.69,68.0,20.95,2.73,,40,17,2.203,105.432,0.756,32386.3,59530.0,63.0,46.0,59.0,13.8,,,109.441,,2771.655,,43.405,0.0,0.0,30.0,76685.443,,,,
2026-09-07T18:35:31Z,1788806131,attach_accumulation,19,33.6,14.1,16.7,0.0,1433,2015023,4487693,39971,22382,1943,64296,13.48,12.93,11.69,68.0,22.68,2.76,,40,17,2.203,105.432,0.756,32386.3,59530.0,63.0,46.04,59.0,13.482,,,109.437,,2767.888,,43.349,0.0,0.0,30.0,73358.002,,,,
2026-09-07T18:35:34Z,1788806134,attach_accumulation,19,31.6,12.8,16.0,0.0,1405,2023251,4522015,39982,22366,1948,64296,13.36,12.91,11.69,68.0,22.8,2.77,,40,17,2.203,105.432,0.7537,32386.3,59530.0,63.0,46.05,59.0,13.548,,,109.439,,2764.725,,43.306,0.0,0.0,30.0,76449.041,,,,
2026-09-07T18:35:37Z,1788806137,attach_accumulation,19,33.0,13.8,16.3,0.0,1487,2016244,4511770,39977,22366,1953,64296,13.36,12.91,11.69,68.0,22.97,2.82,,40,17,2.084,99.941,0.749,32386.3,59530.0,63.0,46.07,59.0,13.753,,,109.456,,2766.058,,43.318,0.0,0.0,30.0,78065.533,,,,
2026-09-07T18:35:40Z,1788806140,attach_accumulation,19,32.2,13.2,16.4,0.0,1451,2022070,4521722,39983,22355,1958,64296,13.09,12.87,11.68,68.0,23.16,2.79,,40,17,2.07,98.965,0.7475,32386.3,59530.0,63.0,45.92,59.0,13.611,,,109.431,,2766.309,,43.32,0.0,0.0,30.0,76371.899,,,,
2026-09-07T18:35:43Z,1788806143,attach_accumulation,19,31.6,12.9,16.2,0.1,1576,2029503,4529009,39982,22352,1962,64296,12.85,12.82,11.67,70.0,23.77,2.77,,40,17,2.07,98.965,0.7475,32386.3,59530.0,63.0,45.92,59.0,13.411,,,109.414,,2768.632,,43.36,0.0,0.0,30.0,72668.461,,,,
2026-09-07T18:35:46Z,1788806146,attach_accumulation,19,31.2,12.7,15.8,0.0,1410,2019077,4550196,39977,22352,1967,64296,12.85,12.82,11.67,69.0,22.37,2.83,,40,17,2.095,99.878,0.7475,32386.3,59530.0,63.0,45.73,59.0,13.418,,,109.433,,2764.88,,43.3,0.0,0.0,30.0,78377.753,,,,
2026-09-07T18:35:49Z,1788806149,attach_accumulation,19,33.2,13.5,16.9,0.0,1327,2011717,4510568,39968,22356,1972,64296,13.18,12.89,11.7,68.0,21.02,2.78,,40,17,2.054,98.017,0.75,32386.3,59530.0,63.0,45.77,59.0,13.438,,,109.357,,2768.804,,43.37,0.0,0.0,30.0,79299.919,,,,
2026-09-07T18:35:52Z,1788806152,attach_accumulation,19,34.7,14.6,17.1,0.0,1420,2009106,4468796,39964,22355,1977,64296,13.18,12.89,11.7,68.0,21.76,2.76,,40,17,2.054,98.017,0.75,32386.3,59530.0,63.0,45.77,59.0,13.643,,,109.437,,2765.621,,43.31,0.0,0.0,30.0,78443.423,,,,
2026-09-07T18:35:55Z,1788806155,attach_accumulation,19,33.4,14.0,16.6,0.0,1402,2022628,4507268,39961,22353,1982,64296,13.89,13.04,11.76,68.0,21.66,2.77,,40,17,2.016,96.181,0.7475,32386.3,59530.0,63.0,45.71,59.0,13.452,,,109.447,,2765.76,,43.317,0.0,0.0,30.0,77176.586,,,,
2026-09-07T18:35:58Z,1788806158,attach_accumulation,19,33.8,13.9,17.0,0.0,1508,2010651,4498038,39965,22345,1986,64296,14.46,13.17,11.81,67.0,23.49,2.71,,40,17,1.971,95.597,0.7475,32386.3,59530.0,63.0,45.47,59.0,13.787,,,109.449,,2766.843,,43.333,0.0,0.0,30.0,79723.815,,,,
2026-09-07T18:36:01Z,1788806161,attach_accumulation,19,31.1,12.7,15.8,0.0,1498,2024142,4541766,39968,22337,1991,64296,14.46,13.17,11.81,68.0,21.97,2.64,,40,17,1.971,95.597,0.7475,32386.3,59530.0,63.0,45.47,59.0,13.631,,,109.431,,2760.322,,43.228,0.0,0.0,30.0,76665.73,,,,
2026-09-07T18:36:04Z,1788806164,attach_accumulation,19,33.2,13.7,16.7,0.0,1433,2011088,4494108,39969,22331,1996,64296,14.1,13.12,11.8,69.0,21.05,2.69,,40,17,1.887,91.732,0.745,32386.3,59530.0,63.0,45.42,59.0,13.451,,,109.423,,2762.771,,43.274,0.0,0.0,30.0,77129.753,,,,
2026-09-07T18:36:07Z,1788806167,attach_accumulation,19,33.0,13.5,16.8,0.0,1430,2011908,4502539,39973,22322,2001,64296,14.1,13.12,11.8,68.0,21.95,2.75,,40,17,1.887,91.732,0.745,32386.3,59530.0,63.0,45.42,59.0,13.487,,,109.429,,2771.219,,43.401,0.0,0.0,30.0,75338.426,,,,
2026-09-07T18:36:10Z,1788806170,attach_accumulation,19,33.4,13.6,17.2,0.0,1373,2013742,4499373,39959,22331,2006,64296,13.85,13.08,11.79,69.0,21.34,2.76,,40,17,1.845,88.598,0.7475,32386.3,59530.0,63.0,45.49,59.0,13.451,,,109.43,,2764.234,,43.289,0.0,0.0,30.0,78258.866,,,,
2026-09-07T18:36:13Z,1788806173,attach_accumulation,20,34.6,14.7,17.4,0.0,1369,2008351,4487172,39977,22308,2011,64296,13.22,12.97,11.76,68.0,20.92,2.6,,40,17,1.845,88.598,0.749,32386.3,59530.0,63.0,45.65,58.0,13.856,,,109.448,,2765.543,,43.286,0.0,0.0,30.0,74389.826,,,,
2026-09-07T18:36:16Z,1788806176,attach_accumulation,20,33.0,13.4,16.8,0.0,1345,2012797,4505764,39967,22314,2015,64296,13.22,12.97,11.76,68.0,21.0,2.61,,40,17,1.845,88.598,0.7483,32386.3,59530.0,63.0,45.47,58.0,14.114,,,109.466,,2758.953,,43.208,0.0,0.0,30.0,76904.271,,,,
2026-09-07T18:36:19Z,1788806179,attach_accumulation,20,34.2,14.3,17.0,0.0,1392,2015263,4476453,39968,22308,2020,64296,13.28,12.98,11.78,68.0,21.65,2.55,,40,17,1.845,88.598,0.7475,32386.3,59530.0,63.0,45.4,58.0,14.326,,,109.463,,2761.337,,43.245,0.0,0.0,30.0,71319.815,,,,
2026-09-07T18:36:22Z,1788806182,attach_accumulation,20,33.1,13.5,16.7,0.0,1437,2015773,4497571,39973,22298,2025,64296,13.28,12.98,11.78,67.0,21.44,2.63,,40,17,1.845,88.598,0.7333,32387.1,59722.0,63.0,45.45,58.0,14.389,,,109.422,,2760.398,,43.237,0.0,0.0,30.0,75497.676,,,,
2026-09-07T18:36:25Z,1788806185,attach_accumulation,20,33.5,13.8,17.0,0.0,1483,2013387,4494119,40000,22267,2029,64296,13.26,12.98,11.78,69.0,20.87,2.72,,40,17,1.845,88.598,0.734,32387.1,59722.0,63.0,45.38,58.0,14.264,,,109.264,,2742.957,,42.993,0.0,0.0,30.0,74965.53,,,,
2026-09-07T18:36:28Z,1788806188,attach_accumulation,20,33.5,13.6,16.9,0.0,1361,2020938,4490337,40027,22235,2034,64296,12.92,12.92,11.77,69.0,20.95,2.65,,40,17,1.924,92.159,0.735,32387.1,59722.0,63.0,45.15,58.0,14.061,,,109.409,,2761.408,,43.248,0.0,0.0,30.0,73124.668,,,,
2026-09-07T18:36:31Z,1788806191,attach_accumulation,20,33.4,13.5,17.1,0.0,1395,2007559,4472802,40019,22238,2039,64296,12.92,12.92,11.77,68.0,22.06,2.61,,40,17,1.901,91.322,0.739,32387.1,59722.0,63.0,45.21,58.0,14.213,,,109.431,,2766.206,,43.32,0.0,0.0,30.0,77982.58,,,,
2026-09-07T18:36:34Z,1788806194,attach_accumulation,20,32.7,13.7,16.2,0.0,1402,2012900,4504683,40025,22227,2044,64296,12.77,12.89,11.76,69.0,22.1,2.59,,40,17,1.912,91.55,0.739,32387.1,59722.0,63.0,45.28,58.0,14.261,,,109.406,,2759.001,,43.21,0.0,0.0,30.0,74553.245,,,,
2026-09-07T18:36:37Z,1788806197,attach_accumulation,20,33.2,14.0,16.6,0.0,1356,2013632,4487511,40019,22229,2048,64296,12.77,12.89,11.76,68.0,21.03,2.63,,40,17,1.912,91.55,0.7413,32387.1,59722.0,63.0,45.4,58.0,14.599,,,109.432,,2760.461,,43.212,0.0,0.0,30.0,74340.776,,,,
2026-09-07T18:36:40Z,1788806200,attach_accumulation,20,33.9,14.0,17.0,0.0,1352,2017911,4474925,40011,22232,2053,64296,12.54,12.84,11.75,68.0,21.75,2.63,,40,17,1.775,84.658,0.7463,32387.1,59722.0,63.0,45.41,60.0,14.51,,,109.423,,2759.298,,43.214,0.0,0.0,30.0,75886.861,,,,
2026-09-07T18:36:43Z,1788806203,attach_accumulation,20,32.7,13.6,16.5,0.0,1330,2011518,4498991,40019,22219,2058,64296,13.22,12.97,11.8,68.0,20.38,2.58,,40,17,1.775,84.658,0.7463,32387.1,59722.0,63.0,45.41,60.0,14.076,,,109.432,,2760.166,,43.231,0.0,0.0,30.0,75324.599,,,,
2026-09-07T18:36:46Z,1788806206,attach_accumulation,20,34.6,14.1,17.7,0.0,1355,2012516,4453835,40013,22220,2063,64296,13.22,12.97,11.8,69.0,21.19,2.61,,40,17,1.866,88.884,0.7488,32387.1,59722.0,63.0,45.45,60.0,14.234,,,109.425,,2755.89,,43.166,0.0,0.0,30.0,74202.167,,,,
2026-09-07T18:36:49Z,1788806209,attach_accumulation,20,33.9,14.2,16.8,0.0,1358,2017358,4468525,40008,22221,2067,64296,13.36,13.01,11.82,68.0,21.37,2.6,,40,17,1.793,84.857,0.7463,32387.1,59722.0,63.0,45.59,60.0,14.352,,,109.428,,2764.263,,43.291,0.0,0.0,30.0,78575.997,,,,
2026-09-07T18:36:52Z,1788806212,attach_accumulation,20,33.6,13.9,16.9,0.0,1411,2012285,4484018,40016,22208,2072,64296,13.36,13.01,11.82,68.0,20.97,2.68,,40,17,1.793,84.857,0.7463,32387.1,59722.0,63.0,45.59,60.0,14.337,,,109.409,,2761.568,,43.25,0.0,0.0,30.0,76803.557,,,,
2026-09-07T18:36:55Z,1788806215,attach_accumulation,20,32.9,13.3,16.7,0.0,1405,2016933,4496237,40021,22198,2077,64296,13.25,12.99,11.82,67.0,21.42,2.64,,40,17,1.902,89.926,0.7463,32387.1,59722.0,63.0,45.59,60.0,14.4,,,109.423,,2764.551,,43.271,0.0,0.0,30.0,75709.21,,,,
2026-09-07T18:36:58Z,1788806218,attach_accumulation,20,32.9,13.8,16.4,0.0,1428,2020996,4498933,40015,22199,2082,64296,13.79,13.11,11.87,68.0,23.83,2.6,,40,17,1.902,89.926,0.7463,32387.1,59722.0,63.0,45.59,60.0,14.504,,,109.438,,2756.062,,43.167,0.0,0.0,30.0,78376.787,,,,
2026-09-07T18:37:01Z,1788806221,attach_accumulation,20,31.5,13.2,15.4,0.0,1453,2035152,4525311,40015,22195,2086,64296,13.79,13.11,11.87,69.0,21.57,2.6,,40,17,1.917,90.413,0.7438,32387.1,59722.0,63.0,45.53,60.0,14.18,,,109.418,,2762.735,,43.268,0.0,0.0,30.0,76042.608,,,,
2026-09-07T18:37:04Z,1788806224,attach_accumulation,20,32.4,13.5,16.2,0.0,1299,2022147,4501182,40011,22194,2091,64296,14.13,13.19,11.9,68.0,20.18,2.59,,40,17,1.917,90.413,0.7438,32387.1,59722.0,63.0,45.53,60.0,14.383,,,109.44,,2756.743,,43.175,0.0,0.0,30.0,77001.375,,,,
2026-09-07T18:37:07Z,1788806227,attach_accumulation,20,35.0,14.1,17.8,0.0,1424,2011091,4446865,40015,22185,2096,64296,14.13,13.19,11.9,67.0,22.51,2.6,,40,17,1.917,90.413,0.7438,32387.1,59722.0,63.0,45.53,60.0,14.367,,,109.425,,2759.617,,43.222,0.0,0.0,30.0,75781.18,,,,
2026-09-07T18:37:10Z,1788806230,attach_accumulation,20,32.7,13.5,16.5,0.0,1430,2029019,4504624,40017,22179,2100,64296,13.56,13.08,11.87,68.0,22.41,2.64,,40,17,1.917,90.413,0.7415,32387.1,59722.0,63.0,45.34,60.0,14.02,,,109.42,,2760.589,,43.238,0.0,0.0,30.0,75598.418,,,,
2026-09-07T18:37:13Z,1788806233,attach_accumulation,20,31.9,13.3,16.0,0.0,1349,2021248,4518759,40007,22184,2105,64296,13.92,13.17,11.91,69.0,22.28,2.61,,40,17,1.917,90.413,0.74,32387.1,59722.0,63.0,45.31,62.0,14.164,,,109.398,,2763.328,,43.277,0.0,0.0,30.0,74144.546,,,,
2026-09-07T18:37:16Z,1788806236,attach_accumulation,20,32.4,13.3,16.1,0.0,1417,2018890,4496930,40011,22175,2110,64296,13.92,13.17,11.91,68.0,21.26,2.62,,40,17,1.917,90.413,0.7392,32387.1,59722.0,63.0,45.3,62.0,14.452,,,109.433,,2766.202,,43.32,0.0,0.0,30.0,75784.331,,,,
2026-09-07T18:37:19Z,1788806239,attach_accumulation,20,33.2,13.4,17.1,0.0,1383,2016895,4477602,40011,22170,2115,64296,14.16,13.23,11.93,68.0,21.75,2.62,,40,17,1.905,89.935,0.733,32387.1,59722.0,63.0,45.23,62.0,14.266,,,109.42,,2760.678,,43.237,0.0,0.0,30.0,76480.908,,,,
2026-09-07T18:37:22Z,1788806242,attach_accumulation,20,32.6,13.6,16.1,0.0,1342,2014334,4494655,40008,22168,2120,64296,14.16,13.23,11.93,68.0,20.61,2.59,,40,18,1.89,89.488,0.7362,32431.1,59791.5,63.0,45.35,62.0,14.543,,,109.443,,2756.286,,43.173,0.0,0.0,30.0,77847.912,,,,
2026-09-07T18:37:25Z,1788806245,attach_accumulation,20,34.2,14.5,17.0,0.0,1411,2012999,4462274,40011,22161,2124,64296,14.15,13.24,11.94,68.0,23.0,2.55,,40,18,1.998,96.617,0.7387,32431.1,59791.5,63.0,45.45,63.0,14.035,,,109.405,,2759.902,,43.229,0.0,0.0,30.0,74769.114,,,,
2026-09-07T18:37:28Z,1788806248,attach_accumulation,20,32.8,13.9,16.4,0.1,1427,2024765,4487274,40006,22161,2129,64296,14.06,13.24,11.95,69.0,21.19,2.58,,40,18,1.998,96.617,0.7395,32431.1,59791.5,63.0,45.41,63.0,14.309,,,109.438,,2759.106,,43.217,0.0,0.0,30.0,73887.461,,,,
2026-09-07T18:37:31Z,1788806251,attach_accumulation,20,33.7,14.3,16.6,0.0,1417,2012396,4473759,40008,22154,2134,64296,14.06,13.24,11.95,68.0,21.38,2.59,,40,18,1.998,96.617,0.7387,32431.1,59791.5,63.0,45.48,63.0,14.081,,,109.417,,2758.805,,43.214,0.0,0.0,30.0,74530.692,,,,
2026-09-07T18:37:34Z,1788806254,attach_accumulation,20,32.7,13.3,16.5,0.0,1398,2015038,4505301,40003,22154,2139,64296,13.65,13.17,11.93,67.0,21.02,2.6,,40,18,2.011,97.53,0.7395,32431.1,59791.5,63.0,45.47,63.0,14.002,,,109.42,,2758.03,,43.193,0.0,0.0,30.0,77901.798,,,,
2026-09-07T18:37:37Z,1788806257,attach_accumulation,20,33.9,13.9,17.0,0.0,1330,2008823,4483565,40000,22152,2144,64296,13.65,13.17,11.93,68.0,21.44,2.66,,40,18,1.988,96.078,0.7395,32431.1,59791.5,63.0,45.31,63.0,14.133,,,109.428,,2762.325,,43.266,0.0,0.0,30.0,79617.834,,,,
2026-09-07T18:37:40Z,1788806260,attach_accumulation,21,32.8,13.8,16.3,0.0,1431,2011067,4493161,40004,22144,2148,64296,14.08,13.27,11.97,68.0,21.63,2.62,,40,18,2.111,101.276,0.7395,32431.1,59791.5,63.0,45.19,63.0,14.284,,,109.429,,2761.738,,43.255,0.0,0.0,30.0,77675.694,,,,
2026-09-07T18:37:43Z,1788806263,attach_accumulation,21,33.1,13.7,16.6,0.0,1345,2013951,4491118,40005,22138,2153,64296,14.15,13.29,11.99,69.0,20.81,2.58,,40,18,2.111,101.276,0.7395,32431.1,59791.5,63.0,45.19,63.0,14.38,,,109.446,,2757.914,,43.196,0.0,0.0,30.0,79633.475,,,,
2026-09-07T18:37:46Z,1788806266,attach_accumulation,21,33.4,14.0,16.8,0.0,1413,2010216,4478624,40007,22131,2158,64296,14.15,13.29,11.99,69.0,22.48,2.62,,40,18,2.122,101.532,0.7362,32431.1,59791.5,63.1,45.11,63.0,13.941,,,109.381,,2763.257,,43.279,0.0,0.0,30.0,73529.484,,,,
2026-09-07T18:37:49Z,1788806269,attach_accumulation,21,32.5,13.6,16.1,0.0,1380,2027851,4516276,40006,22128,2162,64296,13.74,13.22,11.97,67.0,21.84,2.56,,40,18,2.122,101.532,0.7362,32431.1,59791.5,63.1,45.11,63.0,13.801,,,109.371,,2763.788,,43.285,0.0,0.0,30.0,77493.708,,,,
2026-09-07T18:37:52Z,1788806272,attach_accumulation,21,33.6,14.0,16.9,0.0,1386,2017590,4482846,40051,22078,2167,64296,13.74,13.22,11.97,67.0,20.87,2.64,,40,18,2.062,98.883,0.7412,32431.1,59791.5,63.1,45.12,63.0,13.612,,,109.242,,2748.677,,43.085,0.0,0.0,30.0,75027.491,,,,
2026-09-07T18:37:55Z,1788806275,attach_accumulation,21,34.6,14.1,17.7,0.0,1349,1999258,4471071,40051,22073,2172,64296,14.16,13.32,12.01,68.0,21.51,2.63,,40,18,2.062,98.883,0.7412,32431.1,59791.5,63.1,45.12,63.0,13.923,,,109.393,,2756.126,,43.168,0.0,0.0,30.0,71478.163,,,,
2026-09-07T18:37:58Z,1788806278,attach_accumulation,21,33.3,13.8,16.7,0.0,1483,2013931,4499572,40060,22059,2177,64296,14.31,13.36,12.03,69.0,23.58,2.61,,40,18,2.062,98.883,0.7412,32431.1,59791.5,63.1,45.12,63.0,13.629,,,109.373,,2760.53,,43.232,0.0,0.0,30.0,66977.263,,,,
2026-09-07T18:38:01Z,1788806281,attach_accumulation,21,30.6,12.5,15.4,0.0,1367,2024091,4536392,40064,22050,2182,64296,14.31,13.36,12.03,68.0,21.74,2.58,,40,18,2.062,98.883,0.7412,32431.1,59791.5,63.1,45.12,63.0,13.7,,,109.423,,2755.27,,43.153,0.0,0.0,30.0,70132.621,,,,
2026-09-07T18:38:04Z,1788806284,attach_accumulation,21,32.8,14.0,16.2,0.0,1443,2009917,4495789,40063,22047,2186,64296,14.21,13.36,12.04,69.0,22.45,2.63,,40,18,2.062,98.883,0.7412,32431.1,59791.5,63.1,45.12,63.0,13.603,,,109.374,,2762.141,,43.258,0.0,0.0,30.0,64486.257,,,,
2026-09-07T18:38:07Z,1788806287,attach_accumulation,21,32.5,13.3,16.5,0.0,1467,2017115,4502210,40056,22049,2191,64296,14.21,13.36,12.04,69.0,22.16,2.58,,40,18,2.062,98.883,0.7412,32431.1,59791.5,63.1,45.12,63.0,13.954,,,109.41,,2753.239,,43.12,0.0,0.0,30.0,66742.613,,,,
2026-09-07T18:38:10Z,1788806290,attach_accumulation,21,32.3,13.7,16.2,0.0,1361,2017975,4494998,40064,22036,2196,64296,13.79,13.28,12.02,68.0,20.46,2.61,,40,18,1.983,95.535,0.7392,32431.1,59791.5,63.2,45.14,63.0,13.655,,,109.39,,2759.035,,43.213,0.0,0.0,30.0,66517.346,,,,
2026-09-07T18:38:13Z,1788806293,attach_accumulation,21,34.5,14.2,17.5,0.0,1383,2004642,4464365,40063,22033,2200,64296,14.13,13.36,12.05,68.0,20.49,2.6,,40,18,1.891,91.595,0.7455,32431.1,59791.5,63.3,45.22,63.0,13.927,,,109.39,,2758.861,,43.207,0.0,0.0,30.0,70553.465,,,,
2026-09-07T18:38:16Z,1788806296,attach_accumulation,21,33.4,13.5,17.2,0.0,1358,2001876,4478009,40059,22032,2205,64296,14.13,13.36,12.05,69.0,22.29,2.63,,40,18,1.759,83.533,0.7412,32431.1,59791.5,63.4,45.25,63.0,13.747,,,109.382,,2761.358,,43.247,0.0,0.0,30.0,73708.097,,,,
2026-09-07T18:38:19Z,1788806299,attach_accumulation,21,33.5,13.9,16.8,0.0,1323,1998820,4485695,40058,22028,2210,64296,14.2,13.39,12.07,68.0,22.02,2.59,,40,19,1.759,83.533,0.7383,32476.0,60053.0,63.5,45.49,63.0,13.69,,,109.379,,2759.648,,43.221,0.0,0.0,30.0,70040.84,,,,
2026-09-07T18:38:22Z,1788806302,attach_accumulation,21,33.1,13.4,17.1,0.0,1349,2008632,4490661,40055,22026,2215,64296,14.2,13.39,12.07,67.0,22.57,2.63,,40,19,1.759,83.533,0.7398,32476.0,60053.0,63.6,45.22,61.0,13.788,,,109.393,,2756.924,,43.173,0.0,0.0,30.0,64878.501,,,,
2026-09-07T18:38:25Z,1788806305,attach_accumulation,21,31.7,13.3,15.9,0.0,1437,2015144,4508452,40057,22019,2220,64296,14.26,13.42,12.09,69.0,22.01,2.6,,40,19,1.753,83.081,0.7432,32476.0,60053.0,63.7,45.03,63.0,13.666,,,109.398,,2758.604,,43.208,0.0,0.0,30.0,68394.236,,,,
2026-09-07T18:38:28Z,1788806308,attach_accumulation,21,32.5,13.7,16.2,0.0,1502,2010167,4511108,40056,22015,2225,64296,14.16,13.41,12.09,68.0,21.54,2.6,,40,19,1.852,87.833,0.741,32476.0,60053.0,63.8,45.07,63.0,13.73,,,109.394,,2755.173,,43.149,0.0,0.0,30.0,67362.579,,,,
2026-09-07T18:38:31Z,1788806311,attach_accumulation,21,32.9,13.5,16.7,0.0,1342,2013245,4502213,40048,22019,2229,64296,14.16,13.41,12.09,68.0,22.21,2.62,,40,19,2.074,96.67,0.7472,32476.0,60053.0,63.9,45.21,63.0,13.904,,,109.41,,2752.863,,43.115,0.0,0.0,30.0,68992.821,,,,
2026-09-07T18:38:34Z,1788806314,attach_accumulation,21,32.7,13.8,16.1,0.0,1392,2030853,4501795,40066,21996,2234,64296,13.67,13.32,12.07,69.0,21.58,2.6,,40,19,2.074,96.67,0.7458,32476.0,60053.0,64.0,45.07,63.0,13.674,,,109.374,,2758.581,,43.204,0.0,0.0,30.0,66019.981,,,,
2026-09-07T18:38:37Z,1788806317,attach_accumulation,21,33.3,14.0,16.6,0.0,1337,2014001,4493907,40067,21990,2239,64296,13.67,13.32,12.07,69.0,20.61,2.56,,40,19,1.996,93.42,0.7483,32476.0,60053.0,64.0,45.09,63.0,13.639,,,109.435,,2757.218,,43.183,0.0,0.0,30.0,69998.671,,,,
2026-09-07T18:38:40Z,1788806320,attach_accumulation,21,34.4,14.7,17.3,0.0,1350,1999525,4456151,40060,21992,2244,64296,13.05,13.2,12.04,69.0,21.03,2.58,,40,19,1.996,93.42,0.7483,32476.0,60053.0,64.0,45.09,63.0,13.408,,,109.388,,2757.011,,43.181,0.0,0.0,30.0,64274.346,,,,
2026-09-07T18:38:43Z,1788806323,attach_accumulation,21,33.9,13.6,17.7,0.0,1385,2005973,4475628,40068,21980,2248,64296,12.65,13.11,12.01,67.0,22.75,2.53,,40,19,1.987,92.521,0.7508,32476.0,60053.0,64.0,45.14,63.0,13.243,,,109.428,,2752.556,,43.111,0.0,0.0,30.0,62761.27,,,,
2026-09-07T18:38:46Z,1788806326,attach_accumulation,21,31.9,13.2,16.2,0.0,1352,1996824,4515509,40054,21989,2253,64296,12.65,13.11,12.01,69.0,20.86,2.56,,40,19,1.987,92.521,0.75,32476.0,60053.0,64.0,45.08,63.0,13.768,,,109.429,,2751.467,,43.095,0.0,0.0,30.0,62603.448,,,,
2026-09-07T18:38:49Z,1788806329,attach_accumulation,21,33.9,14.2,17.1,0.0,1449,1988911,4470253,40059,21979,2258,64296,13.0,13.18,12.04,69.0,21.03,2.57,,40,19,1.987,92.521,0.75,32476.0,60053.0,64.0,45.08,63.0,13.676,,,109.442,,2742.872,,42.966,0.0,0.0,30.0,59301.686,,,,
2026-09-07T18:38:52Z,1788806332,attach_accumulation,21,34.1,14.0,17.3,0.0,1322,1996868,4468202,40069,21964,2263,64296,13.0,13.18,12.04,68.0,21.19,2.54,,40,19,1.987,92.521,0.75,32476.0,60053.0,64.0,45.08,63.0,13.559,,,109.435,,2751.345,,43.095,0.0,0.0,30.0,62419.482,,,,
2026-09-07T18:38:55Z,1788806335,attach_accumulation,21,33.7,13.9,17.1,0.0,1324,1989941,4467871,40065,21964,2267,64296,13.48,13.27,12.08,68.0,21.07,2.49,,40,19,1.987,92.521,0.75,32476.0,60053.0,64.0,45.08,63.0,13.409,,,109.426,,2750.927,,43.089,0.0,0.0,30.0,56827.552,,,,
2026-09-07T18:38:58Z,1788806338,attach_accumulation,21,33.9,14.3,17.2,0.0,1364,1992643,4467918,40069,21955,2272,64296,13.52,13.29,12.09,69.0,20.84,2.52,,40,19,1.987,92.521,0.75,32476.0,60053.0,64.0,45.08,63.0,13.497,,,109.431,,2753.959,,43.132,0.0,0.0,30.0,62467.789,,,,
2026-09-07T18:39:01Z,1788806341,attach_accumulation,21,33.9,14.0,17.5,0.0,1312,1982210,4460712,40070,21949,2277,64296,13.52,13.29,12.09,68.0,21.55,2.59,,40,19,2.022,94.259,0.755,32476.0,60053.0,64.0,45.16,63.0,13.387,,,109.414,,2745.395,,43.002,0.0,0.0,30.0,60253.126,,,,
2026-09-07T18:39:04Z,1788806344,attach_accumulation,21,34.5,14.4,17.5,0.0,1324,1987559,4461791,40065,21949,2282,64296,14.52,13.5,12.16,69.0,20.76,2.57,,40,19,2.041,94.961,0.76,32476.0,60053.0,64.0,45.2,63.0,13.452,,,109.418,,2756.014,,43.166,0.0,0.0,30.0,59134.945,,,,
2026-09-07T18:39:07Z,1788806347,attach_accumulation,22,34.0,14.2,17.3,0.0,1433,1995572,4465610,40060,21949,2287,64296,14.52,13.5,12.16,68.0,20.43,2.52,,40,19,2.062,95.38,0.7667,32476.0,60053.0,64.0,45.22,63.0,13.481,,,109.426,,2751.641,,43.101,0.0,0.0,30.0,63585.623,,,,
2026-09-07T18:39:10Z,1788806350,attach_accumulation,22,33.6,13.8,17.3,0.0,1312,1985511,4481529,40071,21933,2292,64296,14.72,13.56,12.19,68.0,20.11,2.5,,40,19,2.062,95.38,0.7652,32476.0,60053.0,64.0,45.24,63.0,13.76,,,109.441,,2749.06,,43.034,0.0,0.0,30.0,63019.723,,,,
2026-09-07T18:39:13Z,1788806353,attach_accumulation,22,34.7,14.0,17.8,0.0,1533,2005787,4466256,40080,21920,2296,64296,14.5,13.53,12.19,69.0,21.5,2.56,,40,19,2.062,95.38,0.7637,32476.0,60053.0,64.0,45.19,63.0,13.6,,,109.315,,2756.629,,43.175,0.0,0.0,30.0,63098.31,,,,
2026-09-07T18:39:16Z,1788806356,attach_accumulation,22,33.6,14.0,16.8,0.0,1427,2009747,4490846,40117,21878,2301,64296,14.5,13.53,12.19,68.0,21.62,2.61,,40,19,1.995,93.082,0.7637,32476.0,60053.0,64.0,45.17,63.0,13.336,,,109.319,,2742.342,,42.987,0.0,0.0,30.0,62884.509,,,,
2026-09-07T18:39:19Z,1788806359,attach_accumulation,22,34.3,14.4,17.1,0.1,1303,1992802,4471268,40105,21885,2306,64296,13.82,13.4,12.16,67.0,19.5,2.6,,40,20,1.912,89.342,0.7678,32520.8,60314.6,64.0,45.33,63.0,13.353,,,109.401,,2754.603,,43.144,0.0,0.0,30.0,64106.518,,,,
2026-09-07T18:39:22Z,1788806362,attach_accumulation,22,35.0,14.6,17.6,0.0,1516,1995617,4434806,40109,21876,2311,64296,13.82,13.4,12.16,68.0,23.27,2.61,,40,20,1.886,87.986,0.7645,32520.8,60314.6,64.0,45.53,59.0,13.589,,,109.412,,2751.752,,43.102,0.0,0.0,30.0,67181.559,,,,
2026-09-07T18:39:25Z,1788806365,attach_accumulation,22,32.2,13.5,16.2,0.0,1359,2009590,4511288,40105,21875,2316,64296,13.51,13.35,12.14,69.0,21.18,2.59,,40,20,1.886,87.986,0.766,32520.8,60314.6,64.0,45.61,59.0,13.348,,,109.355,,2765.07,,43.303,0.0,0.0,30.0,61751.105,,,,
2026-09-07T18:39:28Z,1788806368,attach_accumulation,22,33.9,14.3,17.0,0.0,1317,1993361,4483263,40105,21870,2321,64296,12.99,13.24,12.12,69.0,21.78,2.57,,40,20,1.925,89.699,0.7733,32520.8,60314.6,64.0,45.83,59.0,13.746,,,109.43,,2755.636,,43.157,0.0,0.0,30.0,65381.541,,,,
2026-09-07T18:39:31Z,1788806371,attach_accumulation,22,33.5,14.1,16.9,0.0,1423,2004179,4487711,40104,21867,2325,64296,12.99,13.24,12.12,68.0,22.72,2.55,,40,20,1.925,89.699,0.7718,32520.8,60314.6,64.0,45.85,59.0,13.616,,,109.456,,2754.468,,43.141,0.0,0.0,30.0,65311.411,,,,
2026-09-07T18:39:34Z,1788806374,attach_accumulation,22,33.2,14.4,16.2,0.0,1392,2002958,4502543,40107,21859,2330,64296,13.23,13.29,12.14,67.0,20.3,2.52,,40,20,1.902,88.695,0.7692,32520.8,60314.6,64.0,46.0,59.0,13.707,,,109.43,,2756.233,,43.17,0.0,0.0,30.0,65385.054,,,,
2026-09-07T18:39:37Z,1788806377,attach_accumulation,22,33.1,13.5,17.1,0.0,1401,2004894,4503383,40099,21862,2335,64296,13.23,13.29,12.14,68.0,21.26,2.56,,40,20,1.902,88.695,0.7692,32520.8,60314.6,64.0,46.0,59.0,13.398,,,109.422,,2758.034,,43.196,0.0,0.0,30.0,64912.386,,,,
2026-09-07T18:39:40Z,1788806380,attach_accumulation,22,34.3,14.5,17.0,0.0,1355,1998316,4475459,40114,21842,2340,64296,13.37,13.32,12.15,68.0,21.52,2.54,,40,20,1.902,88.695,0.7692,32520.8,60314.6,64.0,46.0,59.0,13.589,,,109.452,,2751.076,,43.09,0.0,0.0,30.0,62845.632,,,,
2026-09-07T18:39:43Z,1788806383,attach_accumulation,22,33.4,14.3,16.3,0.0,1425,2003672,4495178,40116,21835,2345,64296,13.18,13.28,12.15,68.0,21.18,2.54,,40,20,1.902,88.695,0.7692,32520.8,60314.6,64.0,46.12,59.0,13.467,,,109.39,,2760.725,,43.236,0.0,0.0,30.0,66382.746,,,,
2026-09-07T18:39:46Z,1788806386,attach_accumulation,22,33.2,13.7,16.8,0.0,1402,2003086,4503650,40111,21836,2349,64296,13.18,13.28,12.15,69.0,20.78,2.55,,40,20,1.902,88.695,0.7692,32520.8,60314.6,64.0,46.12,59.0,13.324,,,109.415,,2763.011,,43.271,0.0,0.0,30.0,66956.844,,,,
2026-09-07T18:39:49Z,1788806389,attach_accumulation,22,33.7,13.8,17.4,0.0,1336,1993182,4484533,40107,21835,2354,64296,13.41,13.32,12.17,69.0,20.96,2.57,,40,20,1.952,90.791,0.7692,32520.8,60314.6,64.0,46.15,59.0,13.725,,,109.429,,2758.936,,43.21,0.0,0.0,30.0,67060.637,,,,
2026-09-07T18:39:52Z,1788806392,attach_accumulation,22,34.0,13.8,17.4,0.0,1380,2002681,4478237,40108,21829,2359,64296,13.41,13.32,12.17,68.0,21.82,2.55,,40,20,1.952,90.791,0.7692,32520.8,60314.6,64.0,46.15,59.0,13.523,,,109.456,,2748.427,,43.049,0.0,0.0,30.0,65160.111,,,,
2026-09-07T18:39:55Z,1788806395,attach_accumulation,22,32.0,13.3,16.3,0.0,1430,2009391,4525857,40110,21822,2364,64296,13.86,13.42,12.2,68.0,22.49,2.49,,40,20,1.972,91.605,0.7642,32520.8,60314.6,64.0,46.05,59.0,13.563,,,109.45,,2755.808,,43.163,0.0,0.0,30.0,64783.817,,,,
2026-09-07T18:39:58Z,1788806398,attach_accumulation,22,31.1,13.1,15.6,0.0,1426,2011719,4546206,40108,21820,2368,64296,14.27,13.51,12.24,69.0,22.45,2.48,,40,20,1.834,85.724,0.7568,32520.8,60314.6,64.0,45.87,59.0,13.674,,,109.429,,2750.581,,43.081,0.0,0.0,30.0,65613.087,,,,
2026-09-07T18:40:01Z,1788806401,attach_accumulation,22,31.5,13.0,16.0,0.0,1563,2014544,4536059,40107,21816,2373,64296,14.27,13.51,12.24,68.0,22.05,2.5,,40,20,1.834,85.724,0.7568,32520.8,60314.6,64.0,45.87,59.0,13.75,,,109.43,,2758.071,,43.197,0.0,0.0,30.0,65500.724,,,,
2026-09-07T18:40:04Z,1788806404,attach_accumulation,22,31.3,12.7,16.0,0.0,1447,2016270,4558666,40101,21817,2378,64296,14.25,13.52,12.25,68.0,21.51,2.55,,40,20,1.834,85.724,0.756,32520.8,60314.6,64.0,45.86,59.0,13.731,,,109.436,,2752.872,,43.118,0.0,0.0,30.0,64804.049,,,,
2026-09-07T18:40:07Z,1788806407,attach_accumulation,22,33.1,13.6,16.9,0.0,1352,2001541,4509998,40089,21824,2383,64296,14.25,13.52,12.25,68.0,21.56,2.52,,40,20,1.891,87.503,0.759,32520.8,60314.6,64.0,45.89,60.0,13.485,,,109.408,,2752.534,,43.11,0.0,0.0,30.0,65414.376,,,,
2026-09-07T18:40:10Z,1788806410,attach_accumulation,22,33.7,13.9,17.0,0.0,1514,2001484,4486705,40098,21810,2388,64296,14.39,13.56,12.27,68.0,21.23,2.49,,40,20,1.806,84.454,0.7558,32520.8,60314.6,64.0,45.81,60.0,13.528,,,109.427,,2764.443,,43.293,0.0,0.0,30.0,66380.293,,,,
2026-09-07T18:40:13Z,1788806413,attach_accumulation,22,32.1,13.4,15.9,0.0,1464,2000431,4516977,40087,21816,2393,64296,14.2,13.53,12.27,67.0,21.1,2.49,,40,20,1.589,77.413,0.7568,32520.8,60314.6,64.0,45.87,60.0,13.629,,,109.43,,2759.704,,43.22,0.0,0.0,30.0,63830.484,,,,
2026-09-07T18:40:16Z,1788806416,attach_accumulation,22,33.5,14.2,16.7,0.0,1442,1992720,4499646,40097,21801,2398,64296,14.2,13.53,12.27,68.0,21.24,2.46,,40,20,1.589,77.413,0.7355,32520.8,60314.6,64.0,45.68,60.0,13.815,,,109.469,,2743.861,,42.979,0.0,0.0,30.0,65326.186,,,,
2026-09-07T18:40:19Z,1788806419,attach_accumulation,22,33.2,14.1,16.3,0.0,1358,1996755,4497298,40097,21797,2402,64296,14.82,13.68,12.32,68.0,22.52,2.44,,40,20,1.603,78.089,0.729,32520.9,60314.6,64.0,45.39,60.0,13.804,,,109.486,,2742.924,,42.964,0.0,0.0,30.0,66716.41,,,,
2026-09-07T18:40:22Z,1788806422,attach_accumulation,22,32.1,13.4,16.1,0.0,1455,2004360,4504230,40099,21790,2407,64296,14.82,13.68,12.32,68.0,22.27,2.44,,40,20,1.538,75.205,0.724,32520.9,60314.6,64.0,45.38,60.0,13.782,,,109.493,,2739.6,,42.912,0.0,0.0,30.0,65957.755,,,,
2026-09-07T18:40:25Z,1788806425,attach_accumulation,22,31.5,13.2,15.7,0.0,1490,2000884,4520171,40092,21792,2412,64296,14.51,13.63,12.32,68.0,21.49,2.48,,40,20,1.538,75.205,0.721,32520.9,60314.6,64.0,45.27,60.0,13.707,,,109.471,,2736.71,,42.903,0.0,0.0,30.0,62588.658,,,,
2026-09-07T18:40:28Z,1788806428,attach_accumulation,22,32.9,13.8,16.8,0.0,1504,2004298,4495520,40091,21788,2417,64296,15.27,13.8,12.38,69.0,23.02,2.5,,40,20,1.538,75.205,0.7195,32520.9,60314.6,64.0,45.21,60.0,13.608,,,109.456,,2738.08,,42.889,0.0,0.0,30.0,61821.83,,,,
2026-09-07T18:40:31Z,1788806431,attach_accumulation,23,31.5,13.2,15.8,0.0,1337,2006256,4522550,40089,21785,2422,64296,15.27,13.8,12.38,68.0,21.47,2.5,,40,20,1.538,75.205,0.7195,32520.9,60314.6,64.0,45.05,60.0,13.851,,,109.484,,2740.942,,42.937,0.0,0.0,30.0,61069.302,,,,
2026-09-07T18:40:34Z,1788806434,attach_accumulation,23,33.3,13.4,17.4,0.0,1371,1996672,4479406,40092,21777,2427,64296,15.25,13.82,12.39,67.0,21.07,2.49,,40,20,1.538,75.205,0.7188,32520.9,60314.6,64.0,45.03,60.0,13.658,,,109.488,,2741.104,,42.936,0.0,0.0,30.0,62302.145,,,,
2026-09-07T18:40:37Z,1788806437,attach_accumulation,23,32.8,13.3,16.8,0.0,1367,2002687,4497595,40087,21777,2432,64296,15.25,13.82,12.39,68.0,20.88,2.5,,40,20,1.538,75.205,0.7188,32520.9,60314.6,64.0,45.03,60.0,13.691,,,109.471,,2736.604,,42.868,0.0,0.0,30.0,66464.969,,,,
2026-09-07T18:40:40Z,1788806440,attach_accumulation,23,33.6,14.3,16.8,0.0,1418,1997627,4483556,40098,21762,2436,64296,15.39,13.88,12.42,69.0,21.67,2.5,,40,20,1.473,72.26,0.7163,32520.9,60314.6,64.0,44.97,60.0,13.717,,,109.295,,2732.279,,42.83,0.0,0.0,30.0,67251.313,,,,
2026-09-07T18:40:43Z,1788806443,attach_accumulation,23,33.3,14.4,16.3,0.0,1361,1998075,4487364,40132,21723,2441,64296,15.6,13.95,12.45,69.0,21.64,2.51,,40,20,1.473,72.26,0.717,32520.9,60314.6,64.0,44.96,60.0,13.682,,,109.446,,2747.681,,43.042,0.0,0.0,30.0,62876.952,,,,
2026-09-07T18:40:46Z,1788806446,attach_accumulation,23,33.0,14.2,16.4,0.0,1528,2008090,4502275,40133,21717,2446,64296,15.6,13.95,12.45,68.0,23.13,2.51,,40,20,1.493,71.95,0.7145,32520.9,60314.6,64.0,44.99,60.0,13.609,,,109.436,,2747.144,,43.028,0.0,0.0,30.0,63932.843,,,,
2026-09-07T18:40:49Z,1788806449,attach_accumulation,23,31.7,12.8,16.4,0.1,1452,2002941,4530758,40135,21710,2451,64296,15.63,13.98,12.47,68.0,21.91,2.54,,40,20,1.604,76.75,0.717,32520.9,60314.6,64.0,45.1,60.0,13.6,,,109.424,,2750.378,,43.081,0.0,0.0,30.0,60460.861,,,,
2026-09-07T18:40:52Z,1788806452,attach_accumulation,23,32.5,13.5,16.4,0.0,1369,2000095,4517340,40142,21698,2456,64296,15.63,13.98,12.47,68.0,21.79,2.53,,40,20,1.604,76.75,0.717,32520.9,60314.6,64.0,45.1,60.0,13.672,,,109.44,,2749.292,,43.061,0.0,0.0,30.0,66653.267,,,,
2026-09-07T18:40:55Z,1788806455,attach_accumulation,23,32.9,13.7,16.4,0.0,1476,1997428,4493848,40128,21707,2461,64296,15.26,13.93,12.46,68.0,23.0,2.53,,40,20,1.604,76.75,0.717,32520.9,60314.6,64.0,45.1,60.0,13.676,,,109.425,,2750.812,,43.085,0.0,0.0,30.0,65797.284,,,,
2026-09-07T18:40:58Z,1788806458,attach_accumulation,23,31.6,13.1,15.9,0.0,1408,2008970,4535346,40130,21701,2465,64296,14.44,13.78,12.42,67.0,22.05,2.51,,40,20,1.611,77.136,0.712,32520.9,60314.6,64.0,44.98,60.0,13.607,,,109.446,,2752.693,,43.115,0.0,0.0,30.0,67712.478,,,,
2026-09-07T18:41:01Z,1788806461,attach_accumulation,23,31.5,13.3,15.8,0.0,1453,2018312,4535566,40126,21700,2470,64296,14.44,13.78,12.42,69.0,22.67,2.53,,40,20,1.653,78.06,0.712,32520.9,60314.6,64.0,44.91,60.0,13.76,,,109.453,,2745.949,,43.011,0.0,0.0,30.0,65981.997,,,,
2026-09-07T18:41:04Z,1788806464,attach_accumulation,23,31.8,13.4,15.8,0.0,1373,2010505,4536232,40123,21698,2475,64296,14.32,13.77,12.42,68.0,21.66,2.48,,40,20,1.652,76.026,0.7088,32520.9,60314.6,64.0,44.68,62.0,13.683,,,109.453,,2748.119,,43.044,0.0,0.0,30.0,64520.777,,,,
2026-09-07T18:41:07Z,1788806467,attach_accumulation,23,32.2,13.2,16.6,0.0,1352,1996138,4494895,40127,21690,2479,64296,14.32,13.77,12.42,67.0,21.39,2.55,,40,20,1.652,76.026,0.708,32520.9,60314.6,64.0,44.7,62.0,13.803,,,109.471,,2746.63,,43.022,0.0,0.0,30.0,59419.865,,,,
2026-09-07T18:41:10Z,1788806470,attach_accumulation,23,33.0,13.9,16.6,0.0,1417,1992115,4488945,40127,21685,2484,64296,13.9,13.69,12.4,69.0,21.76,2.53,,40,20,1.554,71.485,0.7055,32520.9,60314.6,64.0,44.72,62.0,13.583,,,109.462,,2737.917,,42.889,0.0,0.0,30.0,58439.288,,,,
2026-09-07T18:41:13Z,1788806473,attach_accumulation,23,32.1,13.4,16.2,0.0,1487,1992424,4510466,40127,21680,2489,64296,14.47,13.81,12.45,68.0,23.13,2.56,,40,20,1.626,73.901,0.7073,32520.9,60314.6,64.0,44.48,62.0,13.674,,,109.445,,2755.813,,43.16,0.0,0.0,30.0,58773.695,,,,
2026-09-07T18:41:16Z,1788806476,attach_accumulation,23,31.2,13.1,15.6,0.0,1397,2002511,4536231,40116,21686,2494,64296,14.47,13.81,12.45,69.0,22.93,2.55,,40,21,1.626,73.901,0.7043,32565.8,60576.1,64.0,44.15,62.0,13.577,,,109.489,,2732.479,,42.801,0.0,0.0,30.0,60135.382,,,,
2026-09-07T18:41:19Z,1788806479,attach_accumulation,23,30.6,12.9,15.5,0.0,1325,1997506,4538478,40122,21675,2499,64296,14.43,13.81,12.46,68.0,21.83,2.58,,40,21,1.626,73.901,0.7043,32565.8,60576.1,64.0,44.15,62.0,13.695,,,109.468,,2747.69,,43.039,0.0,0.0,30.0,54849.926,,,,
2026-09-07T18:41:22Z,1788806482,attach_accumulation,23,33.2,13.5,17.3,0.0,1503,1993259,4498411,40124,21668,2504,64296,14.43,13.81,12.46,69.0,23.83,2.55,,40,21,1.626,73.901,0.702,32565.8,60576.1,64.0,44.1,62.0,13.908,,,109.471,,2743.544,,42.975,0.0,0.0,30.0,58192.758,,,,
2026-09-07T18:41:25Z,1788806485,attach_accumulation,23,30.5,13.0,15.3,0.0,1380,1996215,4555981,40132,21655,2509,64296,15.04,13.95,12.51,70.0,21.37,2.56,,40,21,1.626,73.901,0.702,32565.8,60576.1,64.0,44.08,62.0,13.669,,,109.469,,2741.755,,42.947,0.0,0.0,30.0,56464.267,,,,
2026-09-07T18:41:28Z,1788806488,attach_accumulation,23,33.2,13.7,17.0,0.0,1492,1987678,4499467,40126,21657,2513,64296,14.71,13.9,12.5,68.0,22.28,2.51,,40,21,1.626,73.901,0.7028,32565.8,60576.1,64.0,44.17,62.0,13.551,,,109.474,,2740.516,,42.928,0.0,0.0,30.0,62184.211,,,,
2026-09-07T18:41:31Z,1788806491,attach_accumulation,23,31.8,13.4,16.2,0.0,1442,1999396,4514227,40129,21649,2518,64296,14.71,13.9,12.5,67.0,21.07,2.51,,40,21,1.585,72.443,0.7045,32565.8,60576.1,64.0,44.19,62.0,13.755,,,109.485,,2738.504,,42.896,0.0,0.0,30.0,60482.462,,,,
2026-09-07T18:41:34Z,1788806494,attach_accumulation,23,33.3,13.9,16.8,0.1,1370,1988954,4485536,40122,21651,2523,64296,14.65,13.9,12.51,67.0,21.41,2.47,,40,21,1.585,72.443,0.7045,32565.8,60576.1,64.0,44.19,62.0,13.533,,,109.451,,2744.572,,42.989,0.0,0.0,30.0,57735.821,,,,
2026-09-07T18:41:37Z,1788806497,attach_accumulation,23,32.4,13.4,16.5,0.0,1411,1989472,4496322,40127,21641,2528,64296,14.65,13.9,12.51,68.0,22.72,2.49,,40,21,1.543,71.764,0.7095,32565.8,60576.1,64.0,44.19,62.0,13.776,,,109.453,,2745.123,,43.003,0.0,0.0,30.0,59923.636,,,,
2026-09-07T18:41:40Z,1788806500,attach_accumulation,23,32.1,13.4,16.3,0.0,1392,1987818,4518301,40119,21644,2533,64296,14.68,13.92,12.52,67.0,22.26,2.49,,40,21,1.566,72.813,0.7113,32565.8,60576.1,64.0,44.17,62.0,13.86,,,109.465,,2740.285,,42.926,0.0,0.0,30.0,58644.374,,,,
2026-09-07T18:41:43Z,1788806503,attach_accumulation,23,32.0,13.4,16.1,0.0,1455,1991104,4511533,40124,21634,2538,64296,15.19,14.04,12.57,68.0,22.21,2.5,,40,21,1.566,72.813,0.7113,32565.8,60576.1,64.0,44.17,62.0,13.858,,,109.461,,2748.873,,43.056,0.0,0.0,30.0,56056.272,,,,
2026-09-07T18:41:46Z,1788806506,attach_accumulation,23,30.9,12.7,15.8,0.0,1567,1992966,4527900,40122,21631,2543,64296,15.19,14.04,12.57,68.0,22.93,2.5,,40,21,1.566,72.813,0.7113,32565.8,60576.1,64.0,44.17,62.0,13.772,,,109.49,,2732.24,,42.8,0.0,0.0,30.0,61081.548,,,,
2026-09-07T18:41:49Z,1788806509,attach_accumulation,23,30.5,12.5,15.7,0.0,1486,1996224,4548774,40115,21634,2547,64296,15.73,14.17,12.62,69.0,21.59,2.47,,40,21,1.56,72.246,0.7113,32565.8,60576.1,64.0,44.19,62.0,13.791,,,109.459,,2745.787,,43.009,0.0,0.0,30.0,56711.942,,,,
2026-09-07T18:41:52Z,1788806512,attach_accumulation,23,32.0,13.3,16.4,0.1,1376,1988839,4508593,40119,21625,2552,64296,15.73,14.17,12.62,67.0,20.99,2.41,,40,21,1.538,71.594,0.7113,32565.8,60576.1,64.0,44.18,62.0,13.639,,,109.488,,2739.649,,42.913,0.0,0.0,30.0,57930.569,,,,
2026-09-07T18:41:55Z,1788806515,attach_accumulation,24,33.9,14.2,17.1,0.0,1400,1991297,4465891,40125,21614,2557,64296,16.32,14.32,12.68,69.0,22.56,2.46,,40,21,1.511,71.266,0.7188,32565.8,60576.1,64.0,44.17,61.0,13.419,,,109.492,,2727.646,,42.727,0.0,0.0,30.0,57252.687,,,,
2026-09-07T18:41:58Z,1788806518,attach_accumulation,24,31.5,12.8,16.2,0.0,1475,2002524,4525618,40126,21608,2562,64296,15.89,14.26,12.67,69.0,21.17,2.47,,40,21,1.511,71.266,0.7188,32565.8,60576.1,64.0,44.17,61.0,13.645,,,109.494,,2731.523,,42.786,0.0,0.0,30.0,56413.366,,,,
2026-09-07T18:42:01Z,1788806521,attach_accumulation,24,31.6,12.9,16.0,0.0,1357,2007484,4504056,40121,21608,2567,64296,15.89,14.26,12.67,68.0,22.56,2.5,,40,21,1.593,75.228,0.7213,32565.8,60576.1,64.0,44.14,61.0,13.684,,,109.511,,2728.951,,42.748,0.0,0.0,30.0,55179.393,,,,
2026-09-07T18:42:04Z,1788806524,attach_accumulation,24,31.9,13.2,16.2,0.0,1508,2009303,4509678,40137,21587,2572,64296,15.82,14.28,12.68,70.0,23.89,2.45,,40,21,1.645,78.658,0.7188,32565.8,60576.1,64.0,44.02,61.0,13.324,,,109.365,,2710.22,,42.49,0.0,0.0,30.0,64462.556,,,,
2026-09-07T18:42:07Z,1788806527,attach_accumulation,24,29.9,12.7,14.8,0.0,1413,2011203,4547549,40177,21543,2576,64296,15.82,14.28,12.68,69.0,21.09,2.52,,40,21,1.645,78.658,0.7165,32565.8,60576.1,64.0,43.8,61.0,13.288,,,109.482,,2742.924,,42.966,0.0,0.0,30.0,67399.979,,,,
2026-09-07T18:42:10Z,1788806530,attach_accumulation,24,32.9,13.9,16.3,0.0,1386,2005540,4485126,40168,21547,2581,64296,15.19,14.17,12.65,68.0,21.17,2.51,,40,21,1.645,78.658,0.718,32565.8,60576.1,64.0,43.8,60.0,13.284,,,109.492,,2737.507,,42.881,0.0,0.0,30.0,65309.111,,,,
2026-09-07T18:42:13Z,1788806533,attach_accumulation,24,32.9,13.8,16.5,0.0,1484,2001226,4494903,40171,21539,2586,64296,15.42,14.23,12.68,68.0,23.43,2.43,,40,21,1.645,78.658,0.721,32565.8,60576.1,64.0,43.95,60.0,13.385,,,109.505,,2732.447,,42.802,0.0,0.0,30.0,62119.589,,,,
2026-09-07T18:42:16Z,1788806536,attach_accumulation,24,31.2,13.3,15.5,0.0,1394,2004853,4529404,40163,21542,2591,64296,15.42,14.23,12.68,70.0,21.79,2.45,,40,22,1.645,78.658,0.7195,32610.5,60837.6,64.0,44.03,60.0,13.169,,,109.477,,2731.189,,42.782,0.0,0.0,30.0,62769.967,,,,
2026-09-07T18:42:19Z,1788806539,attach_accumulation,24,31.9,13.2,16.3,0.0,1408,2005936,4507367,40174,21526,2596,64296,15.22,14.21,12.68,68.0,21.36,2.52,,40,22,1.645,78.658,0.7225,32610.5,60837.6,64.0,44.14,61.0,13.399,,,109.493,,2737.294,,42.874,0.0,0.0,30.0,65152.677,,,,
2026-09-07T18:42:22Z,1788806542,attach_accumulation,24,32.1,13.4,16.1,0.0,1448,2003100,4499863,40165,21530,2601,64296,15.22,14.21,12.68,69.0,20.72,2.51,,40,22,1.703,80.829,0.7255,32610.5,60837.6,64.0,44.31,61.0,13.273,,,109.49,,2739.834,,42.916,0.0,0.0,30.0,63934.287,,,,
2026-09-07T18:42:25Z,1788806545,attach_accumulation,24,33.1,14.1,16.4,0.0,1317,2002324,4499319,40165,21525,2606,64296,15.21,14.23,12.7,69.0,19.99,2.51,,40,22,1.703,80.829,0.7248,32610.5,60837.6,64.0,44.34,61.0,13.309,,,109.513,,2734.207,,42.828,0.0,0.0,30.0,64967.553,,,,
2026-09-07T18:42:28Z,1788806548,attach_accumulation,24,34.8,14.6,17.3,0.0,1291,1992769,4450496,40174,21511,2611,64296,15.35,14.27,12.72,68.0,20.71,2.49,,40,22,1.738,81.996,0.7243,32610.5,60837.6,64.0,44.75,61.0,13.331,,,109.506,,2729.704,,42.758,0.0,0.0,30.0,62694.292,,,,
2026-09-07T18:42:31Z,1788806551,attach_accumulation,24,33.8,13.9,17.5,0.0,1447,1996000,4468826,40180,21500,2616,64296,15.35,14.27,12.72,68.0,22.7,2.47,,40,22,1.626,76.959,0.7268,32610.5,60837.6,64.0,44.84,61.0,13.376,,,109.513,,2732.472,,42.801,0.0,0.0,30.0,67571.404,,,,
2026-09-07T18:42:34Z,1788806554,attach_accumulation,24,31.7,12.8,16.2,0.0,1405,2010705,4528837,40181,21494,2621,64296,15.32,14.29,12.73,68.0,22.49,2.48,,40,22,1.626,76.959,0.7268,32610.5,60837.6,64.0,44.84,61.0,13.387,,,109.517,,2730.041,,42.763,0.0,0.0,30.0,63794.828,,,,
2026-09-07T18:42:37Z,1788806557,attach_accumulation,24,32.1,13.6,16.0,0.0,1377,2001492,4512567,40185,21485,2626,64296,15.32,14.29,12.73,68.0,22.0,2.47,,40,22,1.626,76.959,0.7275,32610.5,60837.6,64.0,44.85,61.0,13.211,,,109.475,,2731.016,,42.781,0.0,0.0,30.0,62225.267,,,,
2026-09-07T18:42:40Z,1788806560,attach_accumulation,24,32.9,13.5,16.9,0.0,1361,2001086,4491743,40176,21489,2631,64296,16.1,14.46,12.8,69.0,21.96,2.49,,40,22,1.633,77.336,0.7325,32610.5,60837.6,64.1,44.99,61.0,13.192,,,109.479,,2741.662,,42.941,0.0,0.0,30.0,64448.639,,,,
2026-09-07T18:42:43Z,1788806563,attach_accumulation,24,31.7,12.9,16.4,0.0,1417,2000132,4512818,40187,21473,2636,64296,15.53,14.37,12.78,68.0,20.87,2.55,,40,22,1.633,77.336,0.7325,32610.5,60837.6,64.1,44.99,61.0,13.785,,,109.493,,2743.127,,42.967,0.0,0.0,30.0,61308.212,,,,
2026-09-07T18:42:46Z,1788806566,attach_accumulation,24,33.3,13.8,17.2,0.0,1352,2010170,4474361,40181,21475,2640,64296,15.53,14.37,12.78,68.0,22.62,2.54,,40,22,1.604,75.686,0.7325,32610.5,60837.6,64.1,45.03,61.0,13.891,,,109.485,,2729.025,,42.751,0.0,0.0,30.0,56045.083,,,,
2026-09-07T18:42:49Z,1788806569,attach_accumulation,24,31.9,13.2,16.2,0.0,1389,2003826,4499582,40182,21469,2645,64296,15.41,14.37,12.79,69.0,22.19,2.53,,40,22,1.604,75.686,0.7325,32610.5,60837.6,64.1,45.03,61.0,13.773,,,109.5,,2731.684,,42.793,0.0,0.0,30.0,54628.28,,,,
2026-09-07T18:42:52Z,1788806572,attach_accumulation,24,32.4,13.2,16.7,0.0,1401,2002461,4493070,40188,21458,2650,64296,15.41,14.37,12.79,70.0,22.38,2.5,,40,22,1.604,75.58,0.7325,32610.5,60837.6,64.1,45.05,61.0,13.776,,,109.483,,2735.44,,42.849,0.0,0.0,30.0,55094.201,,,,
2026-09-07T18:42:55Z,1788806575,attach_accumulation,24,32.5,13.6,16.6,0.0,1443,2010389,4500115,40184,21457,2655,64296,15.21,14.34,12.79,69.0,22.76,2.49,,40,22,1.471,69.323,0.7325,32610.5,60837.6,64.2,45.11,61.0,13.78,,,109.497,,2728.628,,42.749,0.0,0.0,30.0,56493.01,,,,
2026-09-07T18:42:58Z,1788806578,attach_accumulation,24,31.2,12.8,16.1,0.0,1398,2001391,4519865,40182,21455,2659,64296,15.04,14.32,12.79,69.0,22.01,2.5,,40,22,1.471,69.323,0.7325,32610.5,60837.6,64.2,45.11,61.0,13.811,,,109.485,,2734.387,,42.832,0.0,0.0,30.0,57287.012,,,,
2026-09-07T18:43:01Z,1788806581,attach_accumulation,24,32.2,13.5,16.3,0.0,1349,1999075,4495715,40183,21449,2664,64296,15.04,14.32,12.79,68.0,21.8,2.52,,40,22,1.471,69.323,0.7333,32610.5,60837.6,64.2,45.2,61.0,13.671,,,109.468,,2736.767,,42.871,0.0,0.0,30.0,55913.788,,,,
2026-09-07T18:43:04Z,1788806584,attach_accumulation,24,32.8,13.5,16.7,0.0,1306,1994062,4488985,40177,21450,2669,64296,14.63,14.25,12.77,68.0,21.81,2.53,,40,22,1.471,69.323,0.7348,32610.5,60837.6,64.3,45.33,61.0,13.76,,,109.473,,2745.874,,43.01,0.0,0.0,30.0,56309.655,,,,
2026-09-07T18:43:07Z,1788806587,attach_accumulation,24,33.3,13.8,16.8,0.0,1345,1993154,4479594,40170,21452,2674,64296,14.63,14.25,12.77,69.0,21.97,2.61,,40,22,1.471,69.323,0.7363,32610.5,60837.6,64.3,45.43,61.0,13.784,,,109.488,,2733.351,,42.816,0.0,0.0,30.0,55574.044,,,,
2026-09-07T18:43:10Z,1788806590,attach_accumulation,24,33.0,13.9,16.6,0.0,1397,2012945,4494222,40185,21432,2679,64296,14.74,14.28,12.79,70.0,23.62,2.52,,40,22,1.471,69.323,0.7348,32610.5,60837.6,64.5,45.43,61.0,13.906,,,109.48,,2721.207,,42.639,0.0,0.0,30.0,53916.046,,,,
2026-09-07T18:43:13Z,1788806593,attach_accumulation,24,30.3,12.4,15.5,0.0,1406,2018634,4549774,40188,21424,2684,64296,14.04,14.14,12.75,70.0,21.52,2.47,,40,22,1.439,67.492,0.73,32610.5,60837.6,64.6,45.12,61.0,13.863,,,109.503,,2738.939,,42.903,0.0,0.0,30.0,58060.092,,,,
2026-09-07T18:43:16Z,1788806596,attach_accumulation,24,31.4,13.0,15.9,0.0,1405,1992167,4525528,40184,21424,2688,64296,14.04,14.14,12.75,68.0,22.59,2.48,,40,22,1.439,67.492,0.7143,32610.5,60837.6,64.7,44.86,61.0,13.918,,,109.484,,2734.115,,42.831,0.0,0.0,30.0,57997.856,,,,
2026-09-07T18:43:19Z,1788806599,attach_accumulation,24,31.9,13.3,16.1,0.0,1453,2009878,4498948,40186,21417,2693,64296,14.28,14.19,12.78,69.0,22.87,2.55,,40,22,1.448,66.868,0.7193,32610.5,60837.6,64.8,44.64,61.0,13.716,,,109.48,,2735.549,,42.85,0.0,0.0,30.0,52867.704,,,,
2026-09-07T18:43:22Z,1788806602,attach_accumulation,25,31.6,13.2,15.9,0.0,1467,2005186,4509442,40177,21421,2698,64296,14.28,14.19,12.78,69.0,24.07,2.52,,40,22,1.448,66.868,0.7192,32610.5,60837.6,64.9,44.55,61.0,13.689,,,109.47,,2737.102,,42.876,0.0,0.0,30.0,54161.278,,,,
2026-09-07T18:43:25Z,1788806605,attach_accumulation,25,29.8,12.7,14.7,0.0,1388,2019004,4551053,40177,21416,2703,64296,13.94,14.12,12.76,69.0,21.87,2.52,,40,22,1.448,66.868,0.7148,32610.5,60837.6,65.0,44.06,63.0,13.751,,,109.475,,2741.669,,42.946,0.0,0.0,30.0,56497.754,,,,
2026-09-07T18:43:28Z,1788806608,attach_accumulation,25,32.4,13.7,16.3,0.0,1385,1998715,4500807,40183,21405,2708,64296,13.46,14.02,12.74,69.0,22.05,2.6,,40,22,1.448,66.868,0.714,32610.5,60837.6,65.0,43.99,63.0,13.966,,,109.488,,2740.682,,42.931,0.0,0.0,30.0,58288.175,,,,
2026-09-07T18:43:31Z,1788806611,attach_accumulation,25,31.8,13.6,15.7,0.0,1361,2007501,4502720,40180,21403,2713,64296,13.46,14.02,12.74,70.0,22.1,2.53,,40,22,1.363,63.76,0.714,32610.5,60837.6,65.0,43.93,63.0,13.758,,,109.479,,2738.364,,42.925,0.0,0.0,30.0,61923.708,,,,
2026-09-07T18:43:34Z,1788806614,attach_accumulation,25,32.1,12.9,16.7,0.0,1345,2003456,4510856,40173,21405,2718,64296,13.34,13.98,12.73,69.0,21.95,2.48,,40,22,1.363,63.76,0.714,32610.5,60837.6,65.0,43.93,63.0,13.765,,,109.494,,2736.288,,42.864,0.0,0.0,30.0,60093.012,,,,
2026-09-07T18:43:37Z,1788806617,attach_accumulation,25,32.2,13.4,16.5,0.0,1408,2006307,4503173,40180,21394,2722,64296,13.34,13.98,12.73,67.0,22.16,2.52,,40,22,1.352,63.59,0.7108,32610.5,60837.6,65.0,43.89,63.0,13.641,,,109.494,,2732.686,,42.806,0.0,0.0,30.0,55917.103,,,,
2026-09-07T18:43:40Z,1788806620,attach_accumulation,25,31.5,13.0,15.9,0.0,1448,2009036,4499006,40172,21397,2727,64296,13.56,14.02,12.75,68.0,21.55,2.48,,40,22,1.352,63.59,0.7108,32610.5,60837.6,65.0,43.89,63.0,13.609,,,109.517,,2725.422,,42.695,0.0,0.0,30.0,57599.365,,,,
2026-09-07T18:43:43Z,1788806623,attach_accumulation,25,31.9,13.1,16.3,0.0,1417,2001411,4509328,40164,21400,2732,64296,13.59,14.02,12.76,68.0,21.76,2.5,,40,22,1.337,62.423,0.7083,32610.5,60837.6,65.0,43.91,63.0,13.594,,,109.468,,2734.704,,42.836,0.0,0.0,30.0,54623.42,,,,
2026-09-07T18:43:46Z,1788806626,attach_accumulation,25,32.6,13.7,16.6,0.0,1336,1998095,4483705,40168,21391,2737,64296,13.59,14.02,12.76,68.0,21.2,2.53,,40,22,1.411,65.877,0.7133,32610.5,60837.6,65.0,44.01,63.0,13.582,,,109.491,,2720.768,,42.626,0.0,0.0,30.0,56359.336,,,,
2026-09-07T18:43:49Z,1788806629,attach_accumulation,25,32.5,13.4,16.5,0.0,1333,2002847,4494753,40166,21388,2742,64296,13.38,13.97,12.75,68.0,22.03,2.52,,40,22,1.411,65.877,0.7133,32610.5,60837.6,65.0,44.01,63.0,13.81,,,109.492,,2742.778,,42.963,0.0,0.0,30.0,57922.455,,,,
2026-09-07T18:43:52Z,1788806632,attach_accumulation,25,32.6,13.4,16.6,0.0,1443,2011762,4490417,40173,21376,2747,64296,13.38,13.97,12.75,69.0,20.49,2.53,,40,22,1.411,65.877,0.7133,32610.5,60837.6,65.0,44.01,63.0,13.651,,,109.488,,2724.488,,42.684,0.0,0.0,30.0,55490.741,,,,
2026-09-07T18:43:55Z,1788806635,attach_accumulation,25,33.6,13.9,17.2,0.0,1311,1988715,4465328,40161,21384,2751,64296,13.11,13.9,12.73,70.0,21.49,2.49,,40,22,1.411,65.877,0.7133,32610.5,60837.6,65.0,44.01,63.0,13.928,,,109.486,,2738.628,,42.9,0.0,0.0,30.0,55023.258,,,,
2026-09-07T18:43:58Z,1788806638,attach_accumulation,25,33.6,14.2,17.0,0.0,1334,1995550,4473059,40168,21372,2756,64296,13.26,13.92,12.74,68.0,20.62,2.48,,40,22,1.411,65.877,0.714,32610.5,60837.6,65.0,44.04,63.0,13.735,,,109.486,,2737.823,,42.887,0.0,0.0,30.0,55724.467,,,,
2026-09-07T18:44:01Z,1788806641,attach_accumulation,25,33.4,14.0,16.8,0.0,1358,1990588,4464631,40166,21369,2761,64296,13.26,13.92,12.74,68.0,21.53,2.5,,40,22,1.411,65.877,0.7155,32610.5,60837.6,65.0,44.06,63.0,13.758,,,109.499,,2735.088,,42.845,0.0,0.0,30.0,54342.257,,,,
2026-09-07T18:44:04Z,1788806644,attach_accumulation,25,31.9,13.2,16.3,0.0,1564,2001731,4490032,40160,21370,2766,64296,12.76,13.8,12.71,67.0,22.27,2.52,,40,22,1.425,66.55,0.7205,32610.5,60837.6,65.0,44.14,63.0,13.678,,,109.467,,2716.79,,42.568,0.0,0.0,30.0,56764.728,,,,
2026-09-07T18:44:07Z,1788806647,attach_accumulation,25,31.8,13.2,16.2,0.0,1492,2002023,4515629,40161,21364,2771,64296,12.76,13.8,12.71,70.0,23.23,2.53,,40,22,1.425,66.55,0.7198,32610.5,60837.6,65.0,44.0,63.0,13.766,,,109.47,,2745.177,,42.999,0.0,0.0,30.0,56907.929,,,,
2026-09-07T18:44:10Z,1788806650,attach_accumulation,25,30.7,12.9,15.6,0.0,1444,2016706,4531326,40156,21364,2776,64296,12.78,13.79,12.71,70.0,21.79,2.5,,40,22,1.436,68.611,0.7205,32610.5,60837.6,65.0,43.91,63.0,13.886,,,109.486,,2739.881,,42.917,0.0,0.0,30.0,57129.162,,,,
2026-09-07T18:44:13Z,1788806653,attach_accumulation,25,31.8,13.2,16.0,0.0,1342,2005533,4507806,40159,21356,2781,64296,12.48,13.71,12.69,69.0,20.96,2.53,,40,22,1.436,68.611,0.7235,32611.4,61029.6,65.0,44.08,63.0,14.013,,,109.494,,2738.916,,42.902,0.0,0.0,30.0,55268.007,,,,
2026-09-07T18:44:16Z,1788806656,attach_accumulation,25,33.6,14.3,16.9,0.0,1358,1995555,4465820,40163,21348,2785,64296,12.48,13.71,12.69,67.0,21.52,2.54,,40,22,1.436,68.611,0.7258,32611.4,61029.6,65.0,44.3,63.0,13.775,,,109.488,,2727.005,,42.718,0.0,0.0,30.0,56977.088,,,,
2026-09-07T18:44:19Z,1788806659,attach_accumulation,25,32.7,13.4,16.8,0.0,1398,1997230,4491290,40164,21342,2790,64296,13.16,13.83,12.74,69.0,22.24,2.47,,40,22,1.436,68.611,0.7265,32611.4,61029.6,65.0,44.32,63.0,13.755,,,109.503,,2736.051,,42.86,0.0,0.0,30.0,55879.433,,,,
2026-09-07T18:44:22Z,1788806662,attach_accumulation,25,32.2,13.4,16.4,0.0,1395,2016766,4498138,40177,21324,2795,64296,13.16,13.83,12.74,68.0,21.44,2.6,,40,22,1.534,72.076,0.7335,32611.4,61029.6,65.0,44.63,62.0,13.437,,,109.326,,2718.477,,42.622,0.0,0.0,30.0,59609.22,,,,
2026-09-07T18:44:25Z,1788806665,attach_accumulation,25,33.4,13.9,16.9,0.0,1376,2010249,4476890,40220,21276,2800,64296,12.75,13.73,12.71,68.0,22.56,2.58,,40,22,1.534,72.076,0.7335,32611.4,61029.6,65.0,44.7,62.0,13.268,,,109.495,,2715.132,,42.535,0.0,0.0,30.0,63049.355,,,,
2026-09-07T18:44:28Z,1788806668,attach_accumulation,25,32.6,13.3,16.6,0.0,1440,2010962,4492986,40218,21273,2805,64296,13.01,13.77,12.73,68.0,22.83,2.62,,40,22,1.53,72.527,0.731,32611.4,61029.6,65.0,44.69,62.0,13.738,,,109.492,,2743.062,,42.966,0.0,0.0,30.0,62968.368,,,,
2026-09-07T18:44:31Z,1788806671,attach_accumulation,25,31.3,13.3,15.5,0.0,1511,2021801,4510044,40214,21271,2811,64296,13.01,13.77,12.73,67.0,21.98,2.66,,40,22,1.53,72.527,0.731,32611.4,61029.6,65.0,44.69,62.0,13.392,,,109.447,,2746.928,,43.027,0.0,0.0,30.0,62966.529,,,,
2026-09-07T18:44:34Z,1788806674,attach_accumulation,25,33.2,14.1,16.5,0.0,1329,2022279,4490084,40213,21267,2816,64296,13.41,13.84,12.76,68.0,22.13,2.63,,40,22,1.591,75.792,0.7293,32611.4,61029.6,65.0,44.81,62.0,13.699,,,109.459,,2743.614,,42.973,0.0,0.0,30.0,63463.58,,,,
2026-09-07T18:44:37Z,1788806677,attach_accumulation,25,32.2,13.5,16.1,0.0,1388,2009091,4492631,40214,21261,2821,64296,13.41,13.84,12.76,68.0,22.82,2.63,,40,22,1.627,77.967,0.7218,32611.4,61029.6,65.0,44.7,62.0,13.833,,,109.455,,2747.765,,43.041,0.0,0.0,30.0,65655.083,,,,
2026-09-07T18:44:40Z,1788806680,attach_accumulation,25,32.2,13.7,16.0,0.0,1373,2013854,4496999,40220,21249,2827,64296,13.38,13.83,12.76,68.0,22.49,2.63,,40,22,1.627,77.967,0.7218,32611.4,61029.6,65.0,44.7,62.0,13.412,,,109.468,,2751.545,,43.094,0.0,0.0,30.0,64211.961,,,,
2026-09-07T18:44:43Z,1788806683,attach_accumulation,25,32.1,13.3,16.1,0.0,1445,2023879,4500323,40220,21244,2832,64296,13.35,13.81,12.76,68.0,22.92,2.62,,40,22,1.627,77.967,0.7218,32611.4,61029.6,65.0,44.7,62.0,13.595,,,109.518,,2735.853,,42.852,0.0,0.0,30.0,62425.415,,,,
2026-09-07T18:44:46Z,1788806686,attach_accumulation,26,31.7,13.6,15.6,0.0,1420,2009131,4519512,40222,21236,2838,64296,13.35,13.81,12.76,69.0,21.71,2.68,,40,22,1.627,77.967,0.7218,32611.4,61029.6,65.0,44.7,62.0,13.329,,,109.496,,2736.958,,42.871,0.0,0.0,30.0,62089.023,,,,
2026-09-07T18:44:49Z,1788806689,attach_accumulation,26,33.7,14.4,16.7,0.0,1413,2003638,4464992,40222,21231,2843,64296,14.44,14.03,12.84,68.0,22.62,2.66,,40,22,1.627,77.967,0.7218,32611.4,61029.6,65.0,44.7,62.0,13.321,,,109.477,,2747.395,,43.033,0.0,0.0,30.0,64678.114,,,,
2026-09-07T18:44:52Z,1788806692,attach_accumulation,26,31.0,13.0,15.8,0.0,1414,2015035,4524905,40223,21224,2849,64296,14.44,14.03,12.84,68.0,22.2,2.55,,40,22,1.627,77.967,0.7218,32611.4,61029.6,65.0,44.7,62.0,13.797,,,109.319,,2750.321,,43.106,0.0,0.0,30.0,67518.866,,,,
2026-09-07T18:44:55Z,1788806695,attach_accumulation,26,32.2,12.9,16.8,0.0,1442,2016083,4507625,40272,21171,2853,64296,15.04,14.17,12.89,68.0,22.58,2.56,,40,22,1.649,78.944,0.7178,32611.4,61029.6,65.0,44.7,62.0,13.618,,,109.496,,2719.72,,42.61,0.0,0.0,30.0,62682.313,,,,
2026-09-07T18:44:58Z,1788806698,attach_accumulation,26,32.4,13.4,16.5,0.0,1374,2021319,4527706,40278,21160,2858,64296,15.04,14.18,12.9,68.0,23.4,2.58,,40,22,1.649,78.944,0.7163,32611.4,61029.6,65.0,44.61,62.0,14.127,,,109.497,,2729.048,,42.75,0.0,0.0,30.0,61536.972,,,,
2026-09-07T18:45:01Z,1788806701,attach_accumulation,26,32.2,13.9,16.0,0.0,1416,2015577,4515296,40276,21157,2863,64296,15.04,14.18,12.9,69.0,22.74,2.54,,40,22,1.703,81.523,0.7033,32611.4,61029.6,65.0,44.58,62.0,13.971,,,109.481,,2741.591,,42.947,0.0,0.0,30.0,61964.999,,,,
2026-09-07T18:45:04Z,1788806704,attach_accumulation,26,31.6,13.1,15.9,0.0,1430,2017418,4534471,40277,21150,2869,64296,15.76,14.34,12.96,69.0,21.44,2.59,,40,22,1.703,81.523,0.704,32611.4,61029.6,65.0,44.59,62.0,14.086,,,109.476,,2731.655,,42.818,0.0,0.0,30.0,61186.295,,,,
2026-09-07T18:45:07Z,1788806707,attach_accumulation,26,32.3,13.6,16.0,0.0,1436,2011755,4527532,40271,21151,2874,64296,15.76,14.34,12.96,70.0,21.57,2.57,,40,22,1.703,81.523,0.7033,32611.4,61029.6,65.0,44.58,60.0,13.904,,,109.463,,2744.466,,42.99,0.0,0.0,30.0,61525.14,,,,
2026-09-07T18:45:10Z,1788806710,attach_accumulation,26,33.4,13.9,16.8,0.0,1345,2005028,4493893,40268,21148,2880,64296,15.22,14.25,12.94,69.0,21.46,2.58,,40,24,1.849,88.629,0.7318,32701.4,61552.7,65.0,44.67,64.0,13.853,,,109.471,,2740.093,,42.924,0.0,0.0,30.0,59692.45,,,,
2026-09-07T18:45:13Z,1788806713,attach_accumulation,26,32.5,13.7,16.3,0.0,1370,2015146,4499178,40273,21138,2885,64296,14.8,14.18,12.92,68.0,21.7,2.55,,40,24,1.829,87.751,0.7292,32701.4,61552.7,65.0,44.71,64.0,13.72,,,109.456,,2741.609,,42.942,0.0,0.0,30.0,63669.287,,,,
2026-09-07T18:45:16Z,1788806716,attach_accumulation,26,33.2,14.0,16.6,0.0,1317,2003795,4490284,40266,21139,2891,64296,14.8,14.18,12.92,68.0,21.31,2.55,,40,24,1.83,88.888,0.7292,32701.4,61552.7,65.0,44.71,64.0,13.994,,,109.471,,2753.508,,43.129,0.0,0.0,30.0,63158.234,,,,
2026-09-07T18:45:19Z,1788806719,attach_accumulation,26,34.2,14.0,17.6,0.0,1305,2010990,4458903,40266,21134,2896,64296,14.73,14.18,12.93,68.0,21.77,2.53,,40,24,1.83,88.888,0.7307,32701.4,61552.7,65.0,44.96,64.0,13.842,,,109.472,,2747.745,,43.038,0.0,0.0,30.0,63357.137,,,,
2026-09-07T18:45:22Z,1788806722,attach_accumulation,26,34.7,14.9,17.1,0.0,1349,2009997,4457629,40282,21113,2901,64296,14.73,14.18,12.93,69.0,21.1,2.55,,40,24,1.764,86.995,0.729,32701.4,61552.7,65.0,45.11,64.0,13.874,,,109.46,,2753.671,,43.13,0.0,0.0,30.0,64887.992,,,,
2026-09-07T18:45:25Z,1788806725,attach_accumulation,26,34.7,14.7,17.3,0.0,1349,2008657,4456643,40272,21117,2907,64296,14.68,14.18,12.93,68.0,20.61,2.58,,40,24,1.764,86.995,0.7297,32701.4,61552.7,65.0,45.17,64.0,13.769,,,109.266,,2753.627,,43.133,0.0,0.0,30.0,60151.888,,,,
2026-09-07T18:45:28Z,1788806728,attach_accumulation,26,35.1,14.5,17.5,0.0,1342,2001575,4448662,40323,21061,2912,64296,14.94,14.24,12.96,69.0,21.36,2.59,,40,24,1.968,96.952,0.7322,32701.4,61552.7,65.0,45.28,64.0,13.962,,,109.439,,2742.796,,42.966,0.0,0.0,30.0,64384.752,,,,
2026-09-07T18:45:31Z,1788806731,attach_accumulation,26,34.4,14.7,17.1,0.0,1349,2013727,4463516,40308,21070,2918,64296,14.94,14.24,12.96,69.0,23.16,2.58,,40,24,1.968,96.952,0.7322,32701.4,61552.7,65.0,45.28,64.0,14.134,,,109.413,,2742.319,,42.962,0.0,0.0,30.0,59645.458,,,,
2026-09-07T18:45:34Z,1788806734,attach_accumulation,26,32.1,13.6,15.8,0.0,1412,2027688,4524618,40308,21064,2924,64296,14.71,14.2,12.96,69.0,21.45,2.61,,40,24,1.968,96.952,0.7315,32701.4,61552.7,65.0,45.19,64.0,13.754,,,109.38,,2760.356,,43.232,0.0,0.0,30.0,62967.836,,,,
2026-09-07T18:45:37Z,1788806737,attach_accumulation,26,33.6,14.0,17.0,0.0,1388,2022374,4495148,40326,21040,2930,64296,14.71,14.2,12.96,69.0,22.39,2.56,,40,24,1.968,96.952,0.7315,32701.4,61552.7,65.0,45.19,64.0,14.014,,,109.42,,2761.373,,43.246,0.0,0.0,30.0,65217.912,,,,
2026-09-07T18:45:40Z,1788806740,attach_accumulation,26,33.4,14.2,16.7,0.0,1430,2030321,4492223,40329,21032,2935,64296,14.49,14.17,12.95,68.0,22.68,2.58,,40,24,1.968,96.952,0.7315,32701.4,61552.7,65.0,45.19,64.0,14.004,,,109.393,,2762.82,,43.268,0.0,0.0,30.0,65116.727,,,,
2026-09-07T18:45:43Z,1788806743,attach_accumulation,26,32.0,13.7,15.8,0.0,1558,2033397,4515771,40318,21037,2941,64296,14.37,14.15,12.95,69.0,22.97,2.59,,40,24,1.968,96.952,0.7315,32701.4,61552.7,65.0,45.19,64.0,14.137,,,109.413,,2754.003,,43.133,0.0,0.0,30.0,64942.566,,,,
2026-09-07T18:45:46Z,1788806746,attach_accumulation,26,32.1,13.8,15.7,0.0,1492,2046285,4531303,40324,21025,2947,64296,14.37,14.15,12.95,69.0,22.4,2.54,,40,24,1.963,96.936,0.729,32701.4,61552.7,65.0,45.19,64.0,13.723,,,109.423,,2759.033,,43.212,0.0,0.0,30.0,65386.121,,,,
2026-09-07T18:45:49Z,1788806749,attach_accumulation,26,32.5,13.8,15.8,0.1,1467,2020486,4522663,40335,21008,2953,64296,14.26,14.13,12.95,70.0,22.42,2.61,,40,24,1.963,96.936,0.729,32701.4,61552.7,65.0,45.19,64.0,13.951,,,109.387,,2758.335,,43.199,0.0,0.0,30.0,66245.131,,,,
2026-09-07T18:45:52Z,1788806752,attach_accumulation,26,33.0,14.0,16.5,0.0,1341,2022041,4504310,40331,21006,2959,64296,14.26,14.13,12.95,69.0,20.97,2.6,,40,24,2.008,98.963,0.734,32701.4,61552.7,65.0,45.34,64.0,13.93,,,109.407,,2758.892,,43.21,0.0,0.0,30.0,66365.945,,,,
2026-09-07T18:45:55Z,1788806755,attach_accumulation,26,33.8,14.4,16.7,0.0,1409,2011942,4471523,40346,20985,2965,64296,14.4,14.16,12.97,69.0,22.09,2.58,,40,24,2.008,98.963,0.7362,32701.4,61552.7,65.0,45.37,64.0,14.038,,,109.323,,2761.065,,43.242,0.0,0.0,30.0,70748.15,,,,
2026-09-07T18:45:58Z,1788806758,attach_accumulation,26,32.9,13.8,16.3,0.0,1327,2014971,4497657,40390,20935,2971,64296,14.13,14.11,12.96,68.0,20.26,2.59,,40,24,2.008,98.963,0.737,32701.4,61552.7,65.0,45.57,64.0,13.642,,,109.32,,2749.572,,43.093,0.0,0.0,30.0,70822.872,,,,
2026-09-07T18:46:01Z,1788806761,attach_accumulation,26,34.8,15.0,16.9,0.0,1445,2008119,4453404,40385,20934,2977,64296,14.13,14.11,12.96,69.0,22.36,2.56,,40,24,2.019,99.325,0.731,32701.4,61552.7,65.0,45.63,64.0,13.93,,,109.433,,2751.393,,43.093,0.0,0.0,30.0,65972.262,,,,
2026-09-07T18:46:04Z,1788806764,attach_accumulation,26,33.8,14.5,16.4,0.1,1408,2012733,4495855,40389,20924,2983,64296,13.64,14.0,12.93,69.0,22.01,2.57,,40,24,2.014,99.788,0.7387,32701.4,61552.7,65.0,45.94,64.0,13.648,,,109.391,,2758.064,,43.195,0.0,0.0,30.0,62764.766,,,,
2026-09-07T18:46:07Z,1788806767,attach_accumulation,26,33.9,14.7,16.5,0.0,1404,2027385,4484674,40396,20910,2990,64296,13.64,14.0,12.93,68.0,22.08,2.6,,40,25,2.368,116.905,0.7515,32746.4,61814.2,65.0,46.02,64.0,13.631,,,109.406,,2757.488,,43.186,0.0,0.0,30.0,64416.102,,,,
2026-09-07T18:46:10Z,1788806770,attach_accumulation,26,33.8,14.5,16.7,0.0,1486,2019643,4498574,40389,20910,2997,64296,13.35,13.94,12.92,69.0,22.87,2.67,,40,26,2.521,124.822,0.7722,32791.4,62075.8,65.0,46.04,69.0,13.595,,,109.398,,2757.594,,43.188,0.0,0.0,30.0,67118.62,,,,
2026-09-07T18:46:13Z,1788806773,attach_accumulation,27,32.6,14.4,15.6,0.0,1436,2022528,4534900,40383,20910,3003,64296,13.24,13.91,12.91,68.0,22.36,2.57,,40,26,2.742,135.249,0.7715,32791.4,62075.8,65.0,45.97,69.0,13.506,,,109.392,,2748.148,,43.042,0.0,0.0,30.0,65683.887,,,,
2026-09-07T18:46:16Z,1788806776,attach_accumulation,27,32.5,14.1,16.0,0.0,1486,2027270,4516077,40388,20898,3010,64296,13.24,13.91,12.91,68.0,22.44,2.64,,40,26,2.742,135.249,0.7685,32791.4,62075.8,65.0,45.77,69.0,13.404,,,109.38,,2765.557,,43.312,0.0,0.0,30.0,67324.942,,,,
2026-09-07T18:46:19Z,1788806779,attach_accumulation,27,31.7,13.7,15.4,0.1,1430,2020812,4515760,40396,20884,3016,64296,12.98,13.84,12.89,69.0,22.06,2.6,,40,26,2.62,129.363,0.7623,32791.4,62075.8,65.0,45.51,69.0,13.449,,,109.411,,2762.329,,43.261,0.0,0.0,30.0,69634.527,,,,
2026-09-07T18:46:22Z,1788806782,attach_accumulation,27,33.3,13.7,16.8,0.0,1392,2019447,4473918,40393,20881,3022,64296,12.98,13.84,12.89,68.0,22.38,2.67,,40,26,2.62,129.363,0.7608,32791.4,62075.8,65.0,45.47,69.0,13.498,,,109.407,,2762.764,,43.268,0.0,0.0,30.0,67420.304,,,,
2026-09-07T18:46:25Z,1788806785,attach_accumulation,27,33.5,14.2,16.3,0.0,1368,2018187,4479975,40395,20873,3028,64296,13.14,13.86,12.91,67.0,22.2,2.61,,40,26,2.62,129.363,0.7608,32791.4,62075.8,65.0,45.47,69.0,13.82,,,109.388,,2761.053,,43.242,0.0,0.0,30.0,71897.358,,,,
2026-09-07T18:46:28Z,1788806788,attach_accumulation,27,33.7,14.4,16.5,0.1,1460,2017355,4486708,40438,20824,3034,64296,12.97,13.81,12.9,68.0,22.87,2.65,,40,26,2.62,129.363,0.7608,32791.4,62075.8,65.0,45.47,69.0,13.714,,,109.255,,2747.942,,43.069,0.0,0.0,30.0,69514.001,,,,
2026-09-07T18:46:31Z,1788806791,attach_accumulation,27,32.9,13.8,16.5,0.0,1434,2046002,4504926,40438,20818,3040,64296,12.97,13.81,12.9,69.0,21.66,2.71,,40,26,2.62,129.363,0.7615,32791.4,62075.8,65.0,45.5,69.0,14.143,,,109.371,,2759.79,,43.224,0.0,0.0,30.0,66572.548,,,,
2026-09-07T18:46:34Z,1788806794,attach_accumulation,27,34.7,15.1,16.7,0.0,1370,2024588,4471928,40434,20816,3046,64296,12.73,13.75,12.88,68.0,22.59,2.65,,40,26,2.62,129.363,0.7615,32791.4,62075.8,65.0,45.5,69.0,13.851,,,109.389,,2761.149,,43.245,0.0,0.0,30.0,66519.618,,,,
2026-09-07T18:46:37Z,1788806797,attach_accumulation,27,32.5,14.0,15.8,0.1,1442,2034785,4511464,40441,20802,3053,64296,12.73,13.75,12.88,68.0,24.22,2.72,,40,26,2.704,133.236,0.7615,32791.4,62075.8,65.0,45.48,69.0,13.702,,,109.359,,2770.969,,43.395,0.0,0.0,30.0,67455.921,,,,
2026-09-07T18:46:40Z,1788806800,attach_accumulation,27,32.0,14.1,15.3,0.0,1398,2038617,4535675,40443,20794,3059,64296,13.15,13.82,12.91,67.0,23.73,2.71,,40,26,2.704,133.236,0.7615,32791.4,62075.8,65.0,45.48,69.0,13.669,,,109.378,,2768.303,,43.355,0.0,0.0,30.0,70011.125,,,,
2026-09-07T18:46:43Z,1788806803,attach_accumulation,27,32.8,14.2,15.9,0.0,1589,2038024,4521315,40438,20792,3066,64296,13.94,13.97,12.96,68.0,22.74,2.7,,40,26,2.681,131.69,0.754,32791.4,62075.8,65.1,45.26,69.0,13.7,,,109.382,,2765.817,,43.315,0.0,0.0,30.0,74044.03,,,,
2026-09-07T18:46:46Z,1788806806,attach_accumulation,27,32.5,13.9,15.9,0.0,1370,2027506,4519920,40421,20803,3072,64296,13.94,13.97,12.96,69.0,22.8,2.68,,40,26,2.681,131.69,0.754,32791.4,62075.8,65.1,45.26,69.0,13.795,,,109.386,,2767.233,,43.337,0.0,0.0,30.0,74243.953,,,,
2026-09-07T18:46:49Z,1788806809,attach_accumulation,27,33.2,14.4,15.8,0.0,1370,2049236,4498320,40429,20789,3078,64296,13.87,13.96,12.96,69.0,21.54,2.61,,40,26,2.681,131.69,0.754,32791.4,62075.8,65.1,45.26,69.0,13.68,,,109.385,,2764.981,,43.3,0.0,0.0,30.0,74324.212,,,,
2026-09-07T18:46:52Z,1788806812,attach_accumulation,27,34.1,14.6,16.7,0.0,1386,2029414,4481098,40437,20774,3085,64296,13.87,13.96,12.96,69.0,21.6,2.64,,40,26,2.744,134.495,0.7565,32791.4,62075.8,65.2,45.32,69.0,13.803,,,109.381,,2766.54,,43.329,0.0,0.0,30.0,73804.691,,,,
2026-09-07T18:46:55Z,1788806815,attach_accumulation,27,34.1,14.7,16.6,0.0,1431,2019612,4464979,40436,20768,3092,64296,14.44,14.07,13.01,69.0,21.5,2.67,,40,26,2.877,140.016,0.7583,32791.4,62075.8,65.3,45.5,69.0,13.848,,,109.343,,2764.095,,43.286,0.0,0.0,30.0,71954.524,,,,
2026-09-07T18:46:58Z,1788806818,attach_accumulation,27,33.9,14.4,16.6,0.1,1446,2033610,4485560,40433,20765,3098,64296,14.64,14.12,13.03,69.0,22.73,2.72,,40,26,2.786,133.032,0.7243,32791.4,62075.8,65.4,45.42,69.0,13.806,,,109.216,,2764.94,,43.327,0.0,0.0,30.0,73869.918,,,,
2026-09-07T18:47:01Z,1788806821,attach_accumulation,27,33.2,14.1,16.3,0.0,1531,2042731,4494897,40473,20719,3104,64296,14.64,14.12,13.03,68.0,22.86,2.73,,40,26,2.862,135.802,0.718,32791.4,62075.8,65.5,45.29,69.0,13.838,,,109.363,,2757.788,,43.195,0.0,0.0,30.0,71557.277,,,,
2026-09-07T18:47:04Z,1788806824,attach_accumulation,27,32.7,13.7,16.1,0.0,1387,2036008,4519950,40475,20710,3111,64296,14.27,14.05,13.01,69.0,23.18,2.76,,40,26,2.952,137.727,0.7103,32791.4,62075.8,65.7,45.23,69.0,13.968,,,109.383,,2757.434,,43.19,0.0,0.0,30.0,71906.484,,,,
2026-09-07T18:47:07Z,1788806827,attach_accumulation,27,33.2,14.4,16.2,0.1,1440,2035262,4507199,40476,20702,3118,64296,14.27,14.05,13.01,70.0,21.71,2.74,,40,27,3.348,157.671,0.7313,32836.5,62337.3,65.8,45.33,64.0,13.696,,,109.341,,2768.803,,43.359,0.0,0.0,30.0,69984.494,,,,
2026-09-07T18:47:10Z,1788806830,attach_accumulation,27,35.5,15.4,17.5,0.0,1385,2015223,4447294,40478,20693,3125,64296,13.93,13.99,12.99,69.0,21.67,2.76,,40,27,3.348,157.671,0.7313,32836.5,62337.3,65.8,45.33,64.0,13.94,,,109.371,,2764.48,,43.295,0.0,0.0,30.0,75536.141,,,,
2026-09-07T18:47:13Z,1788806833,attach_accumulation,27,34.8,14.8,16.9,0.1,1398,2025090,4465243,40472,20692,3132,64296,13.37,13.87,12.96,69.0,23.53,2.66,,40,28,3.571,169.728,0.748,32881.3,62534.8,65.8,45.4,63.0,13.557,,,109.332,,2767.235,,43.336,0.0,0.0,30.0,73806.677,,,,
2026-09-07T18:47:16Z,1788806836,attach_accumulation,27,33.3,14.6,15.3,0.8,1423,2031684,4521988,40477,20680,3139,64296,13.37,13.87,12.96,69.0,22.81,2.72,,40,28,3.571,169.728,0.7495,32881.3,62534.8,66.0,45.61,82.0,13.525,,,109.339,,2763.969,,43.287,0.0,0.0,30.0,74925.971,,,,
2026-09-07T18:47:19Z,1788806839,attach_accumulation,27,34.1,14.8,16.7,0.0,1424,2043968,4487639,40471,20679,3146,64296,13.5,13.89,12.97,68.0,22.21,2.78,,40,28,3.571,169.728,0.7495,32881.3,62534.8,66.0,45.62,82.0,13.577,,,109.339,,2770.18,,43.381,0.0,0.0,30.0,73093.351,,,,
2026-09-07T18:47:22Z,1788806842,attach_accumulation,27,34.2,14.3,16.0,1.2,1522,2030891,4500857,40485,20658,3153,64296,13.5,13.89,12.97,68.0,22.41,2.72,,40,28,3.571,169.728,0.7495,32881.3,62534.8,66.0,45.62,82.0,13.546,,,109.333,,2766.474,,43.326,0.0,0.0,30.0,74532.765,,,,
2026-09-07T18:47:25Z,1788806845,attach_accumulation,27,34.1,14.6,16.6,0.1,1398,2029427,4490853,40474,20662,3160,64296,13.94,13.97,13.01,68.0,21.02,2.73,,40,28,3.571,169.728,0.7495,32881.3,62534.8,66.0,45.62,82.0,13.914,,,109.357,,2769.769,,43.378,0.0,0.0,30.0,73199.561,,,,
2026-09-07T18:47:28Z,1788806848,attach_accumulation,27,35.5,15.6,16.9,0.0,1477,2022557,4454227,40482,20647,3167,64296,13.87,13.96,13.01,69.0,21.67,2.79,,40,28,3.63,172.265,0.752,32881.3,62534.8,66.0,45.7,82.0,13.58,,,109.309,,2770.445,,43.386,0.0,0.0,30.0,72677.544,,,,
2026-09-07T18:47:31Z,1788806851,attach_accumulation,27,34.3,15.3,16.2,0.0,1367,2016448,4468829,40485,20637,3174,64296,13.87,13.96,13.01,68.0,22.62,2.76,,40,28,3.63,172.265,0.752,32881.3,62534.8,66.0,45.7,82.0,13.495,,,109.313,,2770.463,,43.389,0.0,0.0,30.0,73782.544,,,,
2026-09-07T18:47:34Z,1788806854,attach_accumulation,27,33.2,14.6,15.9,0.0,1439,2037578,4490613,40520,20594,3182,64296,13.8,13.94,13.01,69.0,22.16,2.78,,40,28,3.591,169.192,0.7495,32881.3,62534.8,66.0,45.83,82.0,13.504,,,109.219,,2764.704,,43.324,0.0,0.0,30.0,74001.516,,,,
2026-09-07T18:47:37Z,1788806857,attach_accumulation,27,35.4,15.3,17.0,0.0,1458,2019130,4455818,40532,20575,3189,64296,13.8,13.94,13.01,67.0,22.39,2.86,,40,28,3.591,169.192,0.7495,32881.3,62534.8,66.0,45.83,82.0,13.575,,,109.312,,2762.447,,43.265,0.0,0.0,30.0,74829.941,,,,
2026-09-07T18:47:40Z,1788806860,attach_accumulation,28,33.9,14.8,16.3,0.0,1436,2020557,4485458,40530,20570,3196,64296,13.65,13.91,13.0,68.0,22.06,2.83,,40,28,3.591,169.192,0.7495,32881.3,62534.8,66.0,45.83,82.0,13.663,,,109.294,,2765.862,,43.324,0.0,0.0,30.0,67120.79,,,,
2026-09-07T18:47:43Z,1788806863,attach_accumulation,28,35.4,15.6,16.9,0.0,1320,2022268,4457824,40532,20561,3203,64296,14.64,14.11,13.07,68.0,21.52,2.73,,40,28,3.591,169.215,0.7495,32881.3,62534.8,66.0,45.82,82.0,13.869,,,109.329,,2766.868,,43.332,0.0,0.0,30.0,73006.18,,,,
2026-09-07T18:47:46Z,1788806866,attach_accumulation,28,35.9,15.6,17.5,0.0,1373,2011779,4446589,40527,20559,3210,64296,14.64,14.11,13.07,68.0,22.12,2.78,,40,28,3.155,148.405,0.7343,32881.3,62534.8,66.0,45.86,82.0,13.678,,,109.322,,2778.627,,43.513,0.0,0.0,30.0,71145.41,,,,
2026-09-07T18:47:49Z,1788806869,attach_accumulation,28,34.9,15.2,16.9,0.0,1495,2027362,4472800,40511,20568,3217,64296,14.83,14.16,13.09,68.0,23.94,2.69,,40,28,3.091,148.222,0.736,32881.3,62534.8,66.0,45.88,82.0,13.655,,,109.344,,2766.283,,43.321,0.0,0.0,30.0,74618.152,,,,
2026-09-07T18:47:52Z,1788806872,attach_accumulation,28,32.0,14.1,15.2,0.0,1452,2038510,4521244,40528,20544,3224,64296,14.83,14.16,13.09,68.0,22.72,2.77,,40,28,3.048,146.432,0.737,32881.3,62534.8,66.0,45.81,82.0,13.668,,,109.34,,2770.277,,43.384,0.0,0.0,30.0,72109.538,,,,
2026-09-07T18:47:55Z,1788806875,attach_accumulation,28,34.6,15.3,16.6,0.0,1367,2020462,4469255,40517,20548,3231,64296,14.44,14.09,13.07,68.0,21.7,2.77,,40,28,2.774,134.708,0.7445,32881.3,62534.8,66.0,45.81,82.0,13.678,,,109.333,,2765.733,,43.315,0.0,0.0,30.0,74407.602,,,,
2026-09-07T18:47:58Z,1788806878,attach_accumulation,28,34.1,14.6,16.6,0.1,1342,2029032,4483353,40516,20542,3238,64296,14.65,14.14,13.1,68.0,21.32,2.74,,40,28,2.726,132.215,0.7393,32881.3,62534.8,66.0,45.88,82.0,13.762,,,109.335,,2764.537,,43.302,0.0,0.0,30.0,73006.663,,,,
2026-09-07T18:48:01Z,1788806881,attach_accumulation,28,35.6,15.3,17.2,0.0,1373,2032696,4453932,40511,20539,3246,64296,14.65,14.14,13.1,68.0,21.08,2.74,,40,28,2.783,134.765,0.743,32881.3,62534.8,66.0,46.15,82.0,13.65,,,109.329,,2765.712,,43.316,0.0,0.0,30.0,75005.647,,,,
2026-09-07T18:48:04Z,1788806884,attach_accumulation,28,35.8,15.5,17.4,0.1,1308,2008369,4434157,40511,20532,3253,64296,15.08,14.23,13.13,68.0,21.33,2.83,,40,28,2.783,134.765,0.7468,32881.3,62534.8,66.0,46.34,82.0,13.517,,,109.253,,2770.244,,43.382,0.0,0.0,30.0,72841.13,,,,
2026-09-07T18:48:07Z,1788806887,attach_accumulation,28,35.6,15.6,16.9,0.0,1361,2033925,4450477,40514,20522,3260,64296,15.08,14.23,13.13,68.0,21.91,2.78,,40,29,3.277,157.255,0.7625,32926.4,62796.3,66.0,46.62,82.0,13.468,,,109.204,,2768.029,,43.376,0.0,0.0,30.0,72309.586,,,,
2026-09-07T18:48:10Z,1788806890,attach_accumulation,28,35.2,15.2,17.2,0.0,1320,2035253,4461597,40553,20476,3267,64296,14.91,14.21,13.13,69.0,22.2,2.81,,40,29,3.277,157.255,0.7625,32926.4,62796.3,66.0,46.62,82.0,13.555,,,109.218,,2764.219,,43.298,0.0,0.0,30.0,74236.598,,,,
2026-09-07T18:48:13Z,1788806893,attach_accumulation,28,35.1,15.3,16.8,0.0,1392,2039033,4464500,40551,20471,3274,64296,14.76,14.19,13.13,69.0,21.29,2.79,,40,30,3.357,159.771,0.7783,32971.4,63057.9,66.0,46.77,68.0,13.782,,,109.317,,2757.895,,43.197,0.0,0.0,30.0,69885.18,,,,
2026-09-07T18:48:16Z,1788806896,attach_accumulation,28,35.1,15.4,16.9,0.0,1417,2024132,4458802,40545,20470,3281,64296,14.76,14.19,13.13,69.0,21.28,2.85,,40,30,3.201,154.272,0.7747,32971.4,63057.9,66.0,46.72,68.0,13.806,,,109.318,,2776.06,,43.478,0.0,0.0,30.0,71153.162,,,,
2026-09-07T18:48:19Z,1788806899,attach_accumulation,28,35.4,15.4,16.9,0.0,1373,2031350,4463869,40563,20444,3289,64296,14.54,14.16,13.12,70.0,22.13,2.84,,40,30,3.201,154.272,0.7747,32971.4,63057.9,66.0,46.76,68.0,13.639,,,109.22,,2771.04,,43.399,0.0,0.0,30.0,70756.031,,,,
2026-09-07T18:48:22Z,1788806902,attach_accumulation,28,36.1,15.8,17.0,0.1,1386,2027404,4455773,40568,20431,3297,64296,14.54,14.16,13.12,68.0,20.7,2.85,,40,30,3.201,154.272,0.7747,32971.4,63057.9,66.0,46.76,68.0,13.529,,,109.304,,2771.188,,43.4,0.0,0.0,30.0,73396.643,,,,
2026-09-07T18:48:25Z,1788806905,attach_accumulation,28,36.5,16.1,17.3,0.0,1352,2025939,4438142,40575,20417,3304,64296,15.38,14.34,13.19,68.0,21.85,2.91,,40,30,3.301,161.274,0.7798,32971.4,63057.9,66.0,46.94,68.0,13.542,,,109.214,,2773.913,,43.44,0.0,0.0,30.0,72600.934,,,,
2026-09-07T18:48:28Z,1788806908,attach_accumulation,28,36.2,15.6,17.5,0.0,1414,2026630,4456166,40564,20420,3312,64296,15.1,14.3,13.18,68.0,20.99,2.79,,40,30,3.301,161.274,0.7798,32971.4,63057.9,66.0,47.04,68.0,13.674,,,109.298,,2780.021,,43.535,0.0,0.0,30.0,73430.23,,,,
2026-09-07T18:48:31Z,1788806911,attach_accumulation,28,35.9,15.5,17.4,0.0,1286,2024895,4449910,40570,20407,3319,64296,15.1,14.3,13.18,68.0,21.07,2.87,,40,30,3.301,161.274,0.7798,32971.4,63057.9,66.0,47.04,68.0,13.748,,,109.295,,2775.784,,43.469,0.0,0.0,30.0,76851.747,,,,
2026-09-07T18:48:34Z,1788806914,attach_accumulation,28,36.9,16.0,18.0,0.0,1423,2035776,4422295,40571,20398,3327,64296,14.94,14.28,13.18,67.0,22.48,2.86,,40,30,3.278,159.927,0.7748,32971.4,63057.9,66.0,47.0,68.0,13.549,,,109.179,,2775.502,,43.468,0.0,0.0,30.0,75956.386,,,,
2026-09-07T18:48:37Z,1788806917,attach_accumulation,28,35.6,15.3,17.3,0.0,1455,2043478,4466456,40577,20385,3334,64296,14.94,14.28,13.18,70.0,22.42,2.87,,40,30,3.344,162.77,0.7722,32971.4,63057.9,66.0,46.93,66.0,13.612,,,109.299,,2775.747,,43.471,0.0,0.0,30.0,75379.358,,,,
2026-09-07T18:48:40Z,1788806920,attach_accumulation,28,33.9,15.1,16.1,0.0,1370,2033638,4490358,40555,20399,3342,64296,15.34,14.37,13.22,68.0,22.23,2.86,,40,30,3.235,159.021,0.7672,32971.4,63057.9,66.0,47.04,66.0,13.636,,,109.069,,2770.827,,43.42,0.0,0.0,30.0,77235.919,,,,
2026-09-07T18:48:43Z,1788806923,attach_accumulation,28,34.8,15.3,16.6,0.1,1441,2049035,4485022,40606,20340,3350,64296,15.15,14.35,13.22,68.0,22.33,2.82,,40,30,3.299,162.054,0.7697,32971.4,63057.9,66.0,47.01,66.0,13.554,,,109.276,,2770.382,,43.388,0.0,0.0,30.0,79724.996,,,,
2026-09-07T18:48:46Z,1788806926,attach_accumulation,28,35.3,15.5,16.8,0.0,1345,2034638,4464486,40604,20335,3357,64296,15.15,14.35,13.22,68.0,21.54,2.81,,40,30,3.145,152.936,0.769,32971.4,63057.9,66.0,47.07,66.0,13.752,,,109.314,,2767.722,,43.349,0.0,0.0,30.0,78711.308,,,,
2026-09-07T18:48:49Z,1788806929,attach_accumulation,28,36.7,16.3,17.5,0.0,1395,2018669,4429357,40612,20319,3365,64296,15.94,14.53,13.28,68.0,21.96,2.88,,40,30,3.274,157.854,0.7752,32971.4,63057.9,66.0,47.47,66.0,14.137,,,109.123,,2780.025,,43.534,0.0,0.0,30.0,74511.531,,,,
2026-09-07T18:48:52Z,1788806932,attach_accumulation,28,35.8,15.6,17.2,0.0,1358,2036345,4460037,40612,20311,3373,64296,15.94,14.53,13.28,68.0,22.84,2.8,,40,30,3.228,155.879,0.776,32971.4,63057.9,66.0,47.57,66.0,13.862,,,109.3,,2778.336,,43.506,0.0,0.0,30.0,78673.961,,,,
2026-09-07T18:48:55Z,1788806935,attach_accumulation,28,35.7,15.8,17.2,0.0,1436,2038591,4471746,40620,20295,3381,64296,15.15,14.38,13.24,69.0,21.69,2.92,,40,30,3.228,155.879,0.7737,32971.4,63057.9,66.0,47.61,66.0,13.667,,,109.256,,2781.765,,43.569,0.0,0.0,30.0,75327.3,,,,
2026-09-07T18:48:58Z,1788806938,attach_accumulation,28,36.3,16.0,17.2,0.0,1389,2037968,4454314,40621,20286,3389,64296,15.13,14.39,13.25,69.0,21.42,2.93,,40,30,3.881,155.891,0.773,32971.4,63057.9,66.0,47.65,66.0,13.881,,,109.292,,2776.332,,43.479,0.0,0.0,30.0,79838.553,,,,
2026-09-07T18:49:01Z,1788806941,attach_accumulation,28,36.8,16.4,17.3,0.0,1352,2041321,4423761,40618,20281,3397,64296,15.13,14.39,13.25,67.0,22.7,2.9,,40,30,3.881,155.891,0.7745,32971.4,63057.9,66.0,47.76,66.0,13.761,,,109.095,,2775.338,,43.464,0.0,0.0,30.0,78291.248,,,,
2026-09-07T18:49:04Z,1788806944,attach_accumulation,29,35.8,15.7,17.2,0.0,1380,2036191,4470064,40616,20274,3406,64296,14.88,14.35,13.24,68.0,22.84,2.85,,40,30,4.044,166.705,0.7762,32971.4,63057.9,66.0,47.65,66.0,14.047,,,109.262,,2778.484,,43.508,0.0,0.0,30.0,78339.491,,,,
2026-09-07T18:49:07Z,1788806947,attach_accumulation,29,35.1,16.0,16.5,0.0,1442,2035000,4475170,40619,20263,3414,64296,14.88,14.35,13.24,69.0,21.7,2.82,,40,31,4.348,182.259,0.7922,33016.4,63319.4,66.0,47.61,66.0,13.829,,,109.276,,2782.316,,43.57,0.0,0.0,30.0,77980.894,,,,
2026-09-07T18:49:10Z,1788806950,attach_accumulation,29,35.2,16.0,16.4,0.0,1405,2016965,4453992,40612,20262,3422,64296,14.73,14.33,13.24,69.0,20.66,2.9,,40,31,4.348,182.259,0.7922,33016.4,63319.4,66.0,47.61,66.0,13.726,,,109.057,,2780.733,,43.544,0.0,0.0,30.0,79262.702,,,,
2026-09-07T18:49:13Z,1788806953,attach_accumulation,29,36.9,16.5,17.4,0.0,1355,2023725,4438514,40617,20250,3429,64296,15.47,14.49,13.3,69.0,20.61,2.95,,40,31,4.348,182.259,0.8032,33017.2,63511.4,66.0,47.59,66.0,13.545,,,109.27,,2779.361,,43.529,0.0,0.0,30.0,79262.552,,,,
2026-09-07T18:49:16Z,1788806956,attach_accumulation,29,37.7,16.1,18.8,0.0,1386,2014622,4424241,40641,20218,3437,64296,15.47,14.49,13.3,67.0,22.95,2.82,,40,31,4.306,179.097,0.7965,33017.2,63511.4,66.0,47.67,65.0,13.588,,,109.191,,2764.909,,43.324,0.0,0.0,30.0,79544.158,,,,
2026-09-07T18:49:19Z,1788806959,attach_accumulation,29,34.7,14.9,17.0,0.1,1414,2027294,4489086,40646,20205,3445,64296,15.04,14.42,13.28,69.0,22.73,2.97,,40,31,4.306,179.097,0.7965,33017.2,63511.4,66.0,47.67,65.0,13.704,,,109.283,,2772.718,,43.426,0.0,0.0,30.0,76703.717,,,,
2026-09-07T18:49:22Z,1788806962,attach_accumulation,29,35.2,16.1,16.4,0.0,1361,2031665,4479916,40651,20192,3453,64296,15.04,14.42,13.28,68.0,22.22,2.91,,40,31,4.306,179.097,0.7965,33017.2,63511.4,66.0,47.67,65.0,13.586,,,109.267,,2777.592,,43.5,0.0,0.0,30.0,76373.707,,,,
2026-09-07T18:49:25Z,1788806965,attach_accumulation,29,36.6,16.4,17.5,0.0,1355,2019584,4439901,40654,20181,3461,64296,14.87,14.39,13.28,69.0,21.98,2.97,,40,31,4.312,179.767,0.8055,33017.2,63511.4,66.0,47.69,65.0,13.509,,,109.016,,2782.223,,43.567,0.0,0.0,30.0,78944.391,,,,
2026-09-07T18:49:28Z,1788806968,attach_accumulation,29,36.4,16.0,17.6,0.0,1392,2025378,4443796,40651,20176,3469,64296,15.04,14.44,13.3,68.0,22.05,2.99,,40,31,4.255,177.748,0.8055,33017.2,63511.4,66.1,47.76,65.0,13.499,,,109.272,,2783.785,,43.594,0.0,0.0,30.0,80275.914,,,,
2026-09-07T18:49:31Z,1788806971,attach_accumulation,29,35.5,16.2,16.5,0.0,1398,2025149,4461617,40663,20156,3477,64296,15.04,14.44,13.3,69.0,22.13,2.88,,40,31,4.385,179.563,0.808,33017.2,63511.4,66.1,47.69,63.0,13.547,,,109.228,,2780.594,,43.541,0.0,0.0,30.0,80965.709,,,,
2026-09-07T18:49:34Z,1788806974,attach_accumulation,29,35.4,15.8,16.7,0.0,1361,2020582,4465712,40650,20161,3485,64296,14.56,14.35,13.28,68.0,21.68,2.95,,40,31,4.385,179.563,0.808,33017.2,63511.4,66.1,47.69,63.0,13.628,,,109.268,,2784.141,,43.602,0.0,0.0,30.0,79874.009,,,,
2026-09-07T18:49:37Z,1788806977,attach_accumulation,29,36.3,16.1,17.1,0.0,1342,2025666,4442910,40651,20152,3493,64296,14.56,14.35,13.28,69.0,22.78,2.89,,40,31,4.35,179.015,0.7827,33017.2,63511.4,66.2,47.82,63.0,13.727,,,109.231,,2780.2,,43.537,0.0,0.0,30.0,79266.19,,,,
2026-09-07T18:49:40Z,1788806980,attach_accumulation,29,35.6,15.8,16.9,0.0,1436,2043011,4468971,40659,20136,3501,64296,14.51,14.34,13.28,68.0,24.57,2.92,,40,31,4.278,175.44,0.7777,33017.2,63511.4,66.2,47.78,63.0,13.653,,,109.078,,2780.002,,43.542,0.0,0.0,30.0,80992.719,,,,
2026-09-07T18:49:43Z,1788806983,attach_accumulation,29,33.7,15.0,15.8,0.1,1358,2036596,4503392,40645,20141,3510,64296,14.23,14.29,13.27,68.0,23.27,2.91,,40,31,4.293,176.237,0.777,33017.3,63575.4,66.2,47.76,63.0,13.544,,,109.272,,2778.043,,43.504,0.0,0.0,30.0,78956.246,,,,
2026-09-07T18:49:46Z,1788806986,attach_accumulation,29,35.1,15.5,16.9,0.0,1408,2040134,4480544,40661,20117,3518,64296,14.23,14.29,13.27,68.0,23.03,2.88,,40,31,4.293,176.237,0.7755,33017.3,63575.4,66.3,47.63,63.0,13.305,,,108.954,,2779.064,,43.564,0.0,0.0,30.0,75817.774,,,,
2026-09-07T18:49:49Z,1788806989,attach_accumulation,29,34.5,15.3,16.1,0.1,1433,2030726,4498908,40654,20116,3526,64296,14.93,14.43,13.32,68.0,23.44,2.88,,40,31,3.682,176.27,0.774,33017.3,63575.4,66.4,47.34,63.0,13.526,,,109.23,,2789.393,,43.679,0.0,0.0,30.0,78037.484,,,,
2026-09-07T18:49:52Z,1788806992,attach_accumulation,29,34.4,15.4,16.2,0.0,1452,2032429,4507284,40692,20070,3534,64296,14.93,14.43,13.32,69.0,21.83,2.92,,40,31,3.664,174.831,0.7762,33017.3,63575.4,66.5,47.3,63.0,13.435,,,109.09,,2779.08,,43.54,0.0,0.0,30.0,79060.367,,,,
2026-09-07T18:49:55Z,1788806995,attach_accumulation,29,34.3,15.2,16.3,0.0,1400,2032239,4505561,40697,20057,3542,64296,14.22,14.29,13.28,70.0,21.56,2.95,,40,31,3.664,174.831,0.7762,33017.3,63575.4,66.6,47.17,63.0,13.516,,,109.02,,2778.388,,43.538,0.0,0.0,30.0,77679.933,,,,
2026-09-07T18:49:58Z,1788806998,attach_accumulation,29,36.8,16.2,17.7,0.0,1402,2018023,4443988,40707,20039,3550,64296,14.28,14.3,13.29,69.0,21.47,2.91,,40,31,3.848,181.41,0.782,33017.3,63575.4,66.8,47.26,63.0,13.518,,,109.279,,2778.58,,43.514,0.0,0.0,30.0,79121.705,,,,
2026-09-07T18:50:01Z,1788807001,attach_accumulation,29,37.0,16.5,17.6,0.0,1405,2020682,4449478,40716,20022,3558,64296,14.28,14.3,13.29,68.0,22.97,2.95,,40,31,3.848,181.41,0.7805,33017.3,63575.4,66.8,47.19,63.0,13.611,,,109.125,,2774.768,,43.455,0.0,0.0,30.0,73552.832,,,,
2026-09-07T18:50:04Z,1788807004,attach_accumulation,29,34.8,15.6,16.4,0.0,1411,2036257,4486928,40708,20021,3567,64296,14.5,14.35,13.31,69.0,21.84,2.98,,40,32,4.564,214.702,0.788,33061.5,63644.9,66.9,47.2,63.0,13.711,,,109.005,,2784.546,,43.608,0.0,0.0,30.0,76571.159,,,,
2026-09-07T18:50:07Z,1788807007,attach_accumulation,29,36.6,15.9,17.8,0.0,1467,2027503,4458830,40708,20012,3576,64296,14.5,14.35,13.31,68.0,22.97,2.95,,40,33,5.878,239.218,0.7998,33106.5,63906.5,67.0,47.19,63.0,13.774,,,109.149,,2780.689,,43.544,0.0,0.0,30.0,79934.004,,,,
2026-09-07T18:50:10Z,1788807010,attach_accumulation,29,35.5,15.7,17.0,0.0,1420,2029253,4486870,40703,20009,3584,64296,14.22,14.29,13.3,68.0,22.6,2.99,,40,33,5.878,239.218,0.7998,33106.5,63906.5,67.0,47.19,63.0,13.569,,,109.233,,2785.617,,43.618,0.0,0.0,30.0,82985.07,,,,
2026-09-07T18:50:13Z,1788807013,attach_accumulation,29,36.1,16.3,16.8,0.1,1439,2026569,4473333,40700,20003,3593,64296,13.88,14.22,13.28,68.0,22.51,2.95,,40,33,5.878,239.218,0.799,33106.5,63906.5,67.0,47.13,63.0,13.476,,,109.116,,2786.355,,43.637,0.0,0.0,30.0,83192.707,,,,
2026-09-07T18:50:16Z,1788807016,attach_accumulation,29,35.6,16.0,16.9,0.0,1392,2020001,4485251,40683,20011,3602,64296,13.88,14.22,13.28,69.0,21.79,2.97,,40,33,5.9,240.293,0.7965,33106.5,63906.5,67.0,47.09,63.0,13.709,,,109.229,,2787.015,,43.649,0.0,0.0,30.0,81862.834,,,,
2026-09-07T18:50:19Z,1788807019,attach_accumulation,29,36.8,16.4,17.5,0.1,1420,2025032,4444847,40690,19996,3610,64296,14.53,14.35,13.33,68.0,22.39,2.88,,40,33,5.9,240.293,0.7965,33106.5,63906.5,67.0,47.09,63.0,13.476,,,109.02,,2782.161,,43.572,0.0,0.0,30.0,80793.132,,,,
2026-09-07T18:50:22Z,1788807022,attach_accumulation,29,36.2,16.4,16.9,0.1,1358,2027659,4461197,40688,19989,3619,64296,14.53,14.35,13.33,69.0,20.83,3.01,,40,33,6.023,247.189,0.7983,33106.5,63906.5,67.0,47.12,63.0,13.522,,,109.21,,2790.675,,43.697,0.0,0.0,30.0,84330.237,,,,
2026-09-07T18:50:25Z,1788807025,attach_accumulation,29,37.3,16.6,17.7,0.0,1434,2016409,4435934,40695,19974,3627,64296,15.61,14.58,13.41,68.0,23.33,3.02,,40,33,6.023,247.189,0.7983,33106.5,63906.5,67.0,47.12,63.0,13.427,,,108.965,,2787.977,,43.665,0.0,0.0,30.0,80894.417,,,,
2026-09-07T18:50:28Z,1788807028,attach_accumulation,29,34.9,15.6,16.5,0.0,1443,2040842,4493235,40742,19918,3636,64296,15.08,14.48,13.38,68.0,24.71,3.03,,40,33,6.259,253.605,0.7925,33106.5,63906.5,67.0,47.03,63.0,13.271,,,109.126,,2780.596,,43.561,0.0,0.0,30.0,77571.348,,,,
2026-09-07T18:50:31Z,1788807031,attach_accumulation,30,34.7,15.6,16.2,0.0,1464,2043966,4502233,40748,19903,3645,64296,15.08,14.48,13.38,69.0,23.01,3.04,,40,33,6.378,257.352,0.7925,33106.5,63906.5,67.0,47.08,63.0,13.683,,,108.902,,2784.401,,43.601,0.0,0.0,30.0,79572.039,,,,
2026-09-07T18:50:34Z,1788807034,attach_accumulation,30,35.4,15.8,16.7,0.1,1393,2026076,4482615,40735,19907,3654,64296,16.19,14.72,13.47,70.0,22.32,3.08,,40,33,6.376,257.574,0.7925,33106.5,63906.5,67.0,47.1,63.0,13.768,,,109.02,,2787.203,,43.649,0.0,0.0,30.0,75479.928,,,,
2026-09-07T18:50:37Z,1788807037,attach_accumulation,30,35.7,15.8,16.9,0.0,1383,2010242,4459391,40730,19903,3663,64296,16.19,14.72,13.47,69.0,22.29,3.05,,40,33,6.376,257.574,0.791,33106.5,63906.5,67.0,47.09,63.0,13.308,,,109.194,,2785.331,,43.615,0.0,0.0,30.0,76880.293,,,,
2026-09-07T18:50:40Z,1788807040,attach_accumulation,30,36.7,16.4,17.6,0.0,1383,2006734,4429180,40739,19886,3671,64296,16.98,14.91,13.53,67.0,23.32,2.94,,40,33,6.076,247.488,0.7943,33106.5,63906.5,67.0,47.11,63.0,13.397,,,109.106,,2782.863,,43.58,0.0,0.0,30.0,78114.914,,,,
2026-09-07T18:50:43Z,1788807043,attach_accumulation,30,34.4,15.1,16.7,0.0,1402,2025093,4492619,40741,19875,3680,64296,16.66,14.88,13.53,68.0,22.57,3.06,,40,33,6.132,248.988,0.7975,33106.5,63906.5,67.0,47.22,63.0,13.39,,,109.221,,2784.357,,43.599,0.0,0.0,30.0,78559.819,,,,
2026-09-07T18:50:46Z,1788807046,attach_accumulation,30,35.9,15.6,17.4,0.0,1417,2008427,4459764,40750,19858,3688,64296,16.66,14.88,13.53,69.0,21.25,3.08,,40,33,6.132,248.988,0.7975,33106.5,63906.5,67.0,47.34,65.0,13.42,,,109.02,,2785.852,,43.623,0.0,0.0,30.0,80918.917,,,,
2026-09-07T18:50:49Z,1788807049,attach_accumulation,30,37.5,16.4,18.0,0.0,1358,2003438,4417882,40756,19843,3697,64296,16.85,14.95,13.56,69.0,21.4,3.07,,40,33,6.256,251.042,0.797,33106.5,63906.5,67.0,47.49,65.0,13.429,,,108.99,,2781.908,,43.609,0.0,0.0,30.0,78704.97,,,,
2026-09-07T18:50:52Z,1788807052,attach_accumulation,30,36.3,15.8,17.4,0.0,1396,2012281,4445569,40745,19845,3706,64296,16.85,14.95,13.56,69.0,22.52,3.09,,40,33,6.256,251.042,0.7962,33106.5,63906.5,67.0,47.69,65.0,13.234,,,109.15,,2784.684,,43.607,0.0,0.0,30.0,78748.644,,,,
2026-09-07T18:50:55Z,1788807055,attach_accumulation,30,34.6,15.6,16.5,0.0,1377,2025054,4474725,40747,19835,3714,64296,17.02,15.02,13.59,69.0,22.99,3.12,,40,33,5.817,233.607,0.7867,33106.5,63906.5,67.0,47.66,65.0,13.228,,,109.228,,2784.446,,43.604,0.0,0.0,30.0,79753.025,,,,
2026-09-07T18:50:58Z,1788807058,attach_accumulation,30,35.3,15.8,16.7,0.0,1396,2040163,4487669,40760,19813,3723,64296,17.1,15.07,13.61,70.0,24.87,3.05,,40,33,5.818,232.634,0.7755,33106.5,63906.5,67.0,47.37,65.0,13.137,,,109.089,,2777.685,,43.546,0.0,0.0,30.0,80012.687,,,,
2026-09-07T18:51:01Z,1788807061,attach_accumulation,30,34.1,14.9,16.3,0.0,1417,2046085,4518580,40751,19813,3732,64296,17.1,15.07,13.61,68.0,23.92,3.07,,40,33,5.087,232.598,0.7718,33106.5,63906.5,67.0,47.25,65.0,13.248,,,108.937,,2788.873,,43.671,0.0,0.0,30.0,81674.972,,,,
2026-09-07T18:51:04Z,1788807064,attach_accumulation,30,34.0,15.1,16.2,0.0,1439,2030582,4510188,40744,19812,3740,64296,17.25,15.13,13.64,69.0,22.92,3.0,,40,33,5.087,232.598,0.7718,33106.5,63906.5,67.0,47.25,65.0,13.292,,,109.044,,2786.714,,43.656,0.0,0.0,30.0,80720.638,,,,
2026-09-07T18:51:07Z,1788807067,attach_accumulation,30,35.4,15.5,17.1,0.0,1370,2014612,4477424,40779,19768,3749,64296,17.25,15.13,13.64,68.0,23.13,3.06,,40,34,5.362,245.26,0.7903,33151.6,64168.0,67.0,47.25,65.0,13.217,,,109.096,,2777.542,,43.501,0.0,0.0,30.0,81693.584,,,,
2026-09-07T18:51:10Z,1788807070,attach_accumulation,30,34.9,15.4,16.9,0.0,1441,2023698,4483466,40785,19754,3757,64296,16.83,15.08,13.63,69.0,22.51,3.04,,40,35,5.389,246.531,0.7933,33196.4,64429.5,67.0,47.25,65.0,13.322,,,109.203,,2778.829,,43.515,0.0,0.0,30.0,81690.807,,,,
2026-09-07T18:51:13Z,1788807073,attach_accumulation,30,35.4,15.8,16.8,0.0,1357,2006901,4458733,40790,19740,3766,64296,16.76,15.1,13.65,69.0,22.58,3.09,,40,35,5.389,246.531,0.7933,33196.4,64429.5,67.0,47.25,65.0,13.446,,,108.862,,2779.382,,43.526,0.0,0.0,30.0,77943.729,,,,
2026-09-07T18:51:16Z,1788807076,attach_accumulation,30,36.1,15.8,17.5,0.0,1389,2012859,4453025,40788,19733,3775,64296,16.76,15.1,13.65,69.0,21.87,3.08,,40,35,5.458,246.469,0.7933,33196.4,64429.5,67.0,47.24,65.0,13.309,,,109.059,,2788.413,,43.663,0.0,0.0,30.0,83080.337,,,,
2026-09-07T18:51:19Z,1788807079,attach_accumulation,30,36.9,16.6,17.5,0.0,1389,2017503,4445958,40783,19729,3784,64296,17.26,15.23,13.7,68.0,23.68,3.1,,40,35,5.458,246.469,0.7933,33196.4,64429.5,67.0,47.24,65.0,13.471,,,109.176,,2792.884,,43.73,0.0,0.0,30.0,82287.413,,,,
2026-09-07T18:51:22Z,1788807082,attach_accumulation,30,34.9,15.7,16.4,0.0,1434,2035917,4505588,40784,19719,3793,64296,17.26,15.23,13.7,68.0,22.64,3.11,,40,35,5.624,252.51,0.791,33196.4,64429.5,67.0,47.11,65.0,13.595,,,109.098,,2793.405,,43.738,0.0,0.0,30.0,85247.005,,,,
2026-09-07T18:51:25Z,1788807085,attach_accumulation,30,35.4,15.8,16.8,0.0,1367,2012927,4470448,40786,19708,3802,64296,16.84,15.17,13.69,70.0,22.46,3.05,,40,35,5.284,237.658,0.7793,33196.4,64429.5,67.0,47.21,65.0,13.886,,,108.791,,2785.767,,43.621,0.0,0.0,30.0,88118.09,,,,
2026-09-07T18:51:28Z,1788807088,attach_accumulation,30,36.1,16.6,16.9,0.0,1398,2021716,4462201,40792,19693,3811,64296,16.85,15.2,13.7,69.0,22.4,3.1,,40,35,5.328,240.446,0.7818,33196.4,64429.5,67.0,47.17,65.0,13.951,,,109.095,,2787.871,,43.654,0.0,0.0,30.0,90021.686,,,,
2026-09-07T18:51:31Z,1788807091,attach_accumulation,30,35.2,15.9,16.8,0.0,1405,2020172,4474621,40788,19687,3821,64296,16.85,15.2,13.7,68.0,23.68,3.07,,40,35,5.328,240.446,0.7818,33196.4,64429.5,67.0,47.17,65.0,13.614,,,109.098,,2786.146,,43.629,0.0,0.0,30.0,90324.942,,,,
2026-09-07T18:51:34Z,1788807094,attach_accumulation,30,35.4,15.6,17.0,0.0,1414,2028455,4484854,40792,19675,3829,64296,17.03,15.27,13.73,70.0,22.84,3.11,,40,35,5.296,239.19,0.7793,33196.4,64429.5,67.0,47.07,65.0,13.75,,,109.113,,2791.7,,43.718,0.0,0.0,30.0,91245.287,,,,
2026-09-07T18:51:37Z,1788807097,attach_accumulation,30,35.7,16.1,16.9,0.0,1411,2026108,4475746,40793,19665,3838,64296,17.03,15.27,13.73,70.0,23.75,3.13,,40,35,5.327,240.605,0.7768,33196.4,64429.5,67.0,47.06,65.0,13.982,,,108.95,,2788.746,,43.671,0.0,0.0,30.0,91256.502,,,,
2026-09-07T18:51:40Z,1788807100,attach_accumulation,30,35.8,16.1,16.9,0.0,1432,2029145,4475159,40845,19604,3847,64296,17.35,15.36,13.77,68.0,22.38,3.19,,40,35,5.292,240.663,0.7768,33196.4,64429.5,67.0,47.15,65.0,14.198,,,109.059,,2791.617,,43.695,0.0,0.0,30.0,93083.473,,,,
2026-09-07T18:51:43Z,1788807103,attach_accumulation,30,36.7,16.5,17.3,0.0,1361,2020043,4455928,40836,19603,3857,64296,17.32,15.39,13.79,70.0,23.26,3.13,,40,35,5.292,240.663,0.7768,33196.4,64429.5,67.0,47.21,66.0,13.658,,,109.058,,2794.663,,43.758,0.0,0.0,30.0,96220.61,,,,
2026-09-07T18:51:46Z,1788807106,attach_accumulation,30,36.0,16.2,17.0,0.0,1483,2033823,4459604,40840,19590,3866,64296,17.32,15.39,13.79,69.0,24.16,3.2,,40,35,5.968,261.627,0.7728,33196.4,64429.5,67.0,47.24,66.0,13.78,,,109.199,,2789.994,,43.689,0.0,0.0,30.0,99152.654,,,,
2026-09-07T18:51:49Z,1788807109,attach_accumulation,30,35.0,15.8,16.3,0.0,1470,2044130,4498627,40846,19574,3876,64296,16.65,15.28,13.76,70.0,22.83,3.1,,40,35,6.277,270.722,0.7753,33196.4,64429.5,67.0,47.05,67.0,13.571,,,109.017,,2787.885,,43.673,0.0,0.0,30.0,95739.513,,,,
2026-09-07T18:51:52Z,1788807112,attach_accumulation,30,36.3,16.5,17.0,0.0,1395,2025826,4462118,40843,19568,3885,64296,16.65,15.28,13.76,68.0,22.32,3.19,,40,35,6.277,270.722,0.7783,33196.4,64429.5,67.0,47.21,67.0,13.664,,,108.82,,2788.014,,43.681,0.0,0.0,30.0,97479.125,,,,
2026-09-07T18:51:55Z,1788807115,attach_accumulation,30,36.7,16.5,17.3,0.0,1442,2026205,4449891,40842,19559,3895,64296,16.28,15.23,13.75,69.0,23.41,3.19,,40,35,6.308,273.391,0.7798,33196.4,64429.5,67.2,47.51,67.0,13.935,,,108.96,,2790.188,,43.692,0.0,0.0,30.0,97323.636,,,,
2026-09-07T18:51:58Z,1788807118,attach_accumulation,31,36.4,16.3,17.4,0.0,1445,2023947,4461554,40851,19540,3905,64296,15.86,15.16,13.74,70.0,23.66,3.23,,40,35,6.42,279.01,0.7663,33196.4,64429.5,67.3,47.47,67.0,14.233,,,109.181,,2790.835,,43.696,0.0,0.0,30.0,96064.826,,,,
2026-09-07T18:52:01Z,1788807121,attach_accumulation,31,35.2,15.7,16.8,0.0,1448,2019975,4483685,40833,19549,3914,64296,15.86,15.16,13.74,69.0,24.02,3.12,,40,35,6.749,291.547,0.7718,33196.6,64429.5,67.3,47.42,67.0,14.423,,,109.064,,2787.866,,43.692,0.0,0.0,30.0,97422.108,,,,
2026-09-07T18:52:04Z,1788807124,attach_accumulation,31,35.7,16.0,16.9,0.0,1380,2026923,4477660,40839,19534,3923,64296,15.55,15.11,13.73,69.0,21.82,3.15,,40,35,6.749,291.547,0.7718,33196.6,64429.5,67.3,47.42,67.0,14.479,,,109.187,,2792.834,,43.729,0.0,0.0,30.0,95952.669,,,,
2026-09-07T18:52:07Z,1788807127,attach_accumulation,31,37.0,16.3,17.7,0.0,1439,2018116,4440020,40835,19529,3932,64296,15.55,15.11,13.73,69.0,23.84,3.1,,40,35,7.182,291.547,0.7703,33196.6,64429.5,67.4,47.4,67.0,14.378,,,108.63,,2791.561,,43.721,0.0,0.0,30.0,99568.679,,,,
2026-09-07T18:52:10Z,1788807130,attach_accumulation,31,35.1,15.7,16.5,0.0,1402,2029142,4478409,40837,19517,3942,64296,14.94,14.99,13.7,70.0,22.99,3.13,,40,35,7.182,291.547,0.7703,33196.6,64429.5,67.4,47.4,67.0,14.496,,,109.171,,2795.299,,43.768,0.0,0.0,30.0,98373.21,,,,
2026-09-07T18:52:13Z,1788807133,attach_accumulation,31,37.2,16.8,17.2,0.0,1440,2030470,4450496,40840,19505,3951,64296,14.87,14.97,13.7,69.0,22.36,3.18,,40,35,7.555,291.474,0.7743,33196.6,64429.5,67.4,47.47,67.0,14.049,,,108.941,,2790.739,,43.728,0.0,0.0,30.0,94690.432,,,,
2026-09-07T18:52:16Z,1788807136,attach_accumulation,31,35.9,16.1,16.9,0.0,1489,2019619,4472104,40880,19456,3960,64296,14.87,14.97,13.7,69.0,24.1,3.11,,40,35,7.221,274.282,0.7558,33196.6,64429.5,67.4,47.44,67.0,13.805,,,109.149,,2792.386,,43.723,0.0,0.0,30.0,95421.901,,,,
2026-09-07T18:52:19Z,1788807139,attach_accumulation,31,35.4,16.2,16.4,0.0,1370,2022945,4474321,40884,19443,3969,64296,15.6,15.12,13.76,70.0,22.53,3.12,,40,35,7.161,271.22,0.7548,33196.6,64429.5,67.5,47.52,67.0,14.016,,,108.502,,2790.667,,43.727,0.0,0.0,30.0,93675.74,,,,
2026-09-07T18:52:22Z,1788807142,attach_accumulation,31,36.4,16.4,16.8,0.0,1386,2021589,4464537,40868,19449,3979,64296,15.6,15.12,13.76,68.0,22.04,3.13,,40,35,7.161,271.22,0.7555,33196.6,64429.5,67.5,47.6,67.0,13.856,,,109.152,,2791.637,,43.715,0.0,0.0,30.0,94567.742,,,,
2026-09-07T18:52:25Z,1788807145,attach_accumulation,31,37.2,16.6,17.6,0.0,1352,2012009,4428953,40874,19434,3988,64296,15.07,15.02,13.73,70.0,23.61,3.21,,40,35,7.153,272.608,0.758,33196.6,64429.5,67.5,47.73,67.0,13.938,,,109.036,,2795.399,,43.773,0.0,0.0,30.0,94165.831,,,,
2026-09-07T18:52:28Z,1788807148,attach_accumulation,31,35.8,16.3,16.7,0.0,1380,2031052,4472718,40886,19413,3997,64296,15.3,15.07,13.75,69.0,24.14,3.16,,40,35,7.082,270.189,0.7605,33196.6,64429.5,67.5,47.75,67.0,13.594,,,108.888,,2795.828,,43.789,0.0,0.0,30.0,92024.232,,,,
2026-09-07T18:52:31Z,1788807151,attach_accumulation,31,35.0,15.8,16.5,0.0,1433,2028330,4490903,40884,19405,4007,64296,15.3,15.07,13.75,70.0,23.5,3.18,,40,35,7.083,270.139,0.7612,33196.6,64429.5,67.6,47.69,67.0,13.751,,,109.174,,2792.532,,43.726,0.0,0.0,30.0,94619.709,,,,
2026-09-07T18:52:34Z,1788807154,attach_accumulation,31,36.0,15.9,17.0,0.0,1414,2017766,4476305,40891,19388,4017,64296,14.88,14.98,13.73,69.0,23.18,3.11,,40,35,7.058,270.105,0.7627,33196.6,64429.5,67.6,47.69,67.0,13.944,,,108.657,,2787.281,,43.646,0.0,0.0,30.0,93358.607,,,,
2026-09-07T18:52:37Z,1788807157,attach_accumulation,31,36.4,16.3,17.0,0.0,1383,2018261,4448993,40889,19381,4026,64296,14.88,14.98,13.73,69.0,23.48,3.16,,40,35,6.605,259.779,0.7627,33196.6,64429.5,67.7,47.81,67.0,14.095,,,109.153,,2793.808,,43.746,0.0,0.0,30.0,94929.296,,,,
2026-09-07T18:52:40Z,1788807160,attach_accumulation,31,35.7,15.6,17.1,0.0,1580,2032972,4471325,40886,19374,4036,64296,15.29,15.07,13.77,69.0,24.07,3.13,,40,35,6.475,259.779,0.7612,33196.6,64429.5,67.8,47.65,67.0,13.793,,,108.835,,2787.918,,43.694,0.0,0.0,30.0,94482.207,,,,
2026-09-07T18:52:43Z,1788807163,attach_accumulation,31,34.1,15.6,15.7,0.0,1448,2034158,4522838,40897,19354,4045,64296,15.03,15.02,13.76,69.0,22.58,3.12,,40,35,6.475,259.779,0.7612,33196.6,64429.5,67.8,47.68,67.0,13.947,,,108.943,,2794.82,,43.762,0.0,0.0,30.0,92439.815,,,,
2026-09-07T18:52:46Z,1788807166,attach_accumulation,31,36.2,16.1,17.3,0.0,1361,2015902,4470001,40879,19362,4055,64296,15.03,15.02,13.76,69.0,22.67,3.15,,40,35,6.392,256.471,0.765,33196.6,64429.5,67.9,47.86,63.0,13.957,,,108.929,,2793.553,,43.769,0.0,0.0,30.0,94790.049,,,,
2026-09-07T18:52:49Z,1788807169,attach_accumulation,31,36.9,17.0,17.2,0.0,1411,2010562,4443475,40881,19350,4065,64296,14.86,14.98,13.75,69.0,22.76,3.16,,40,35,6.306,251.911,0.7692,33196.6,64429.5,68.0,47.82,63.0,13.987,,,108.86,,2791.245,,43.706,0.0,0.0,30.0,97692.41,,,,
2026-09-07T18:52:52Z,1788807172,attach_accumulation,31,36.4,16.2,17.1,0.0,1395,2015342,4461231,40891,19331,4074,64296,14.86,14.98,13.75,69.0,21.98,3.15,,40,35,7.066,263.334,0.763,33196.6,64429.5,68.0,47.77,58.0,14.467,,,108.999,,2790.8,,43.702,0.0,0.0,30.0,95328.534,,,,
2026-09-07T18:52:55Z,1788807175,attach_accumulation,31,37.7,16.9,17.7,0.0,1367,2013014,4427945,40929,19284,4083,64296,14.15,14.83,13.71,69.0,21.79,3.08,,40,35,7.066,263.334,0.766,33196.6,64429.5,68.0,47.99,58.0,14.207,,,109.063,,2789.67,,43.683,0.0,0.0,30.0,98878.811,,,,
2026-09-07T18:52:58Z,1788807178,attach_accumulation,31,37.0,16.4,17.6,0.0,1348,2013327,4441205,40929,19275,4092,64296,14.06,14.8,13.71,69.0,23.17,3.19,,40,35,6.709,263.41,0.7667,33196.6,64429.5,68.0,48.07,59.0,14.222,,,109.012,,2789.112,,43.734,0.0,0.0,30.0,96633.877,,,,
2026-09-07T18:53:01Z,1788807181,attach_accumulation,31,35.6,16.1,16.7,0.0,1439,2017004,4465632,40929,19265,4102,64296,14.06,14.8,13.71,70.0,22.67,3.15,,40,35,6.259,263.41,0.7642,33196.6,64429.5,68.0,48.05,59.0,15.105,,,108.671,,2787.8,,43.652,0.0,0.0,30.0,97157.822,,,,
2026-09-07T18:53:04Z,1788807184,attach_accumulation,31,36.1,16.1,17.2,0.0,1405,1996297,4444113,40926,19259,4111,64296,14.22,14.82,13.72,67.0,21.98,3.16,,40,35,6.259,263.41,0.7642,33196.6,64429.5,68.0,48.05,59.0,14.936,,,109.058,,2789.173,,43.676,0.0,0.0,30.0,96915.789,,,,
2026-09-07T18:53:07Z,1788807187,attach_accumulation,31,37.6,17.1,17.5,0.0,1355,2011829,4423930,40932,19244,4120,64296,14.22,14.82,13.72,69.0,22.7,3.17,,40,35,6.259,263.41,0.7642,33196.6,64429.5,68.0,48.05,59.0,14.951,,,108.972,,2784.84,,43.664,0.0,0.0,30.0,93341.402,,,,
2026-09-07T18:53:10Z,1788807190,attach_accumulation,31,36.3,16.3,17.0,0.0,1451,2014852,4470115,40936,19230,4130,64296,13.8,14.73,13.69,70.0,22.55,3.14,,40,35,6.281,262.277,0.7617,33196.6,64429.5,68.0,47.99,59.0,14.936,,,108.775,,2793.895,,43.75,0.0,0.0,30.0,94635.559,,,,
2026-09-07T18:53:13Z,1788807193,attach_accumulation,31,35.8,16.3,16.6,0.0,1392,2008774,4482379,40942,19214,4140,64296,14.37,14.83,13.73,68.0,21.68,3.18,,40,35,6.281,262.277,0.7617,33196.6,64429.5,68.0,48.04,59.0,14.617,,,109.03,,2789.133,,43.673,0.0,0.0,30.0,97545.464,,,,
2026-09-07T18:53:16Z,1788807196,attach_accumulation,31,36.8,16.6,17.1,0.0,1367,2010240,4434078,40928,19219,4149,64296,14.37,14.83,13.73,69.0,21.25,3.2,,40,35,6.209,257.859,0.7617,33196.6,64429.5,68.0,48.05,59.0,14.378,,,109.031,,2788.641,,43.696,0.0,0.0,30.0,97729.584,,,,
2026-09-07T18:53:19Z,1788807199,attach_accumulation,31,37.9,17.0,18.0,0.0,1470,2011282,4428424,40921,19216,4159,64296,14.18,14.78,13.72,70.0,24.02,3.15,,40,35,6.205,257.116,0.7617,33196.6,64429.5,68.0,48.01,59.0,13.882,,,108.896,,2788.265,,43.661,0.0,0.0,30.0,98925.814,,,,
2026-09-07T18:53:22Z,1788807202,attach_accumulation,32,35.7,16.0,16.8,0.0,1467,2031348,4494985,40933,19194,4169,64296,14.18,14.78,13.72,68.0,23.93,3.17,,40,35,6.23,257.138,0.7635,33196.6,64429.5,68.0,48.03,66.0,14.281,,,108.79,,2785.723,,43.651,0.0,0.0,30.0,94200.077,,,,
2026-09-07T18:53:25Z,1788807205,attach_accumulation,32,34.5,15.4,16.3,0.0,1358,2025279,4499211,40940,19178,4178,64296,13.85,14.7,13.7,69.0,24.17,3.17,,40,35,6.23,257.138,0.7635,33196.6,64429.5,68.0,48.03,66.0,13.869,,,109.147,,2793.547,,43.742,0.0,0.0,30.0,95783.902,,,,
2026-09-07T18:53:28Z,1788807208,attach_accumulation,32,35.6,15.9,17.0,0.0,1414,2021709,4482714,40941,19167,4188,64296,13.94,14.71,13.71,69.0,22.53,3.27,,40,35,6.502,264.146,0.7597,33196.6,64429.5,68.0,47.99,66.0,14.248,,,108.635,,2795.718,,43.774,0.0,0.0,30.0,97352.936,,,,
2026-09-07T18:53:31Z,1788807211,attach_accumulation,32,36.1,16.2,17.2,0.0,1442,2007253,4462528,40937,19162,4197,64296,13.94,14.71,13.71,69.0,23.51,3.3,,40,35,6.647,264.067,0.7605,33196.6,64429.5,68.0,48.0,66.0,14.707,,,108.952,,2794.181,,43.775,0.0,0.0,30.0,98577.408,,,,
2026-09-07T18:53:34Z,1788807214,attach_accumulation,32,36.0,16.3,16.9,0.1,1417,2004264,4471512,40975,19115,4206,64296,14.11,14.73,13.72,69.0,22.44,3.26,,40,35,6.647,264.067,0.7605,33196.6,64429.5,68.0,48.0,66.0,14.999,,,108.909,,2791.994,,43.731,0.0,0.0,30.0,100504.221,,,,
2026-09-07T18:53:37Z,1788807217,attach_accumulation,32,37.0,16.5,17.5,0.0,1342,2006818,4444940,40981,19099,4216,64296,14.11,14.73,13.72,68.0,23.39,3.22,,40,35,6.758,271.183,0.7648,33196.6,64429.5,68.0,48.04,66.0,14.242,,,108.737,,2794.568,,43.761,0.0,0.0,30.0,100552.624,,,,
2026-09-07T18:53:40Z,1788807220,attach_accumulation,32,36.3,16.2,17.0,0.0,1455,2019427,4460339,40971,19099,4226,64296,13.94,14.68,13.71,70.0,23.41,3.22,,40,35,6.848,274.49,0.7612,33196.6,64429.5,68.0,48.15,66.0,14.304,,,109.134,,2794.051,,43.752,0.0,0.0,30.0,100133.239,,,,
2026-09-07T18:53:43Z,1788807223,attach_accumulation,32,37.5,17.1,17.7,0.0,1383,2010211,4450415,40963,19097,4236,64296,14.74,14.84,13.77,68.0,24.57,3.25,,40,35,6.42,274.444,0.7575,33196.6,64429.5,68.0,48.18,66.0,14.471,,,108.671,,2779.191,,43.575,0.0,0.0,30.0,99017.083,,,,
2026-09-07T18:53:46Z,1788807226,attach_accumulation,32,36.0,16.5,16.7,0.0,1386,2025967,4473738,40963,19087,4246,64296,14.74,14.84,13.77,70.0,23.64,3.25,,40,35,6.42,274.444,0.756,33196.6,64429.5,68.0,48.16,66.0,14.369,,,109.126,,2795.484,,43.773,0.0,0.0,30.0,95752.405,,,,
2026-09-07T18:53:49Z,1788807229,attach_accumulation,32,36.7,16.5,17.4,0.1,1355,2014235,4453770,40982,19059,4255,64296,14.92,14.88,13.79,69.0,23.71,3.25,,40,35,6.406,274.428,0.753,33196.6,64429.5,68.0,48.3,66.0,14.162,,,108.943,,2800.785,,43.849,0.0,0.0,30.0,96680.739,,,,
2026-09-07T18:53:52Z,1788807232,attach_accumulation,32,36.2,16.3,16.8,0.1,1369,2018859,4461403,40968,19063,4265,64296,14.92,14.88,13.79,69.0,23.16,3.29,,40,35,6.665,274.428,0.7555,33196.6,64429.5,68.0,48.27,66.0,14.355,,,108.626,,2793.562,,43.784,0.0,0.0,30.0,99749.462,,,,
2026-09-07T18:53:55Z,1788807235,attach_accumulation,32,36.4,16.6,16.9,0.0,1467,2010248,4453016,40965,19056,4275,64296,14.29,14.74,13.75,69.0,22.98,3.3,,40,35,6.665,274.428,0.7555,33196.6,64429.5,68.0,48.23,66.0,14.1,,,108.717,,2796.069,,43.781,0.0,0.0,30.0,98568.414,,,,
2026-09-07T18:53:58Z,1788807238,attach_accumulation,32,36.2,16.6,16.6,0.1,1373,2014475,4468889,40973,19038,4285,64296,14.59,14.8,13.77,69.0,21.76,3.31,,40,35,6.665,274.428,0.7555,33196.6,64429.5,68.0,48.23,66.0,14.451,,,109.182,,2787.203,,43.64,0.0,0.0,30.0,98628.222,,,,
2026-09-07T18:54:01Z,1788807241,attach_accumulation,32,38.1,16.7,18.3,0.0,1367,2005250,4415554,40976,19025,4295,64296,14.59,14.8,13.77,69.0,22.64,3.25,,40,35,6.665,274.428,0.7555,33196.6,64429.5,68.0,48.23,66.0,15.152,,,108.715,,2792.773,,43.82,0.0,0.0,30.0,101048.57,,,,
2026-09-07T18:54:04Z,1788807244,attach_accumulation,32,38.4,17.2,18.0,0.1,1398,2011956,4423836,40962,19029,4305,64296,14.86,14.85,13.8,69.0,21.63,3.31,,40,35,6.665,274.428,0.7555,33196.6,64429.5,68.0,48.23,66.0,15.01,,,108.838,,2799.557,,43.832,0.0,0.0,30.0,101920.909,,,,
2026-09-07T18:54:07Z,1788807247,attach_accumulation,32,37.8,17.1,17.5,0.0,1417,2011800,4441575,41019,18962,4315,64296,14.86,14.85,13.8,69.0,24.93,3.2,,40,35,6.501,266.641,0.7363,33196.6,64429.5,68.0,48.3,66.0,14.328,,,108.726,,2798.26,,43.84,0.0,0.0,30.0,100872.559,,,,
2026-09-07T18:54:10Z,1788807250,attach_accumulation,32,34.8,15.8,16.3,0.0,1458,2014812,4509645,41003,18968,4325,64296,15.11,14.9,13.82,69.0,21.91,3.24,,40,35,6.461,265.088,0.7388,33196.6,64429.5,68.0,48.36,66.0,14.689,,,109.084,,2800.405,,43.845,0.0,0.0,30.0,102651.045,,,,
2026-09-07T18:54:13Z,1788807253,attach_accumulation,32,37.6,17.2,17.3,0.0,1411,2016231,4455817,41014,18947,4335,64296,15.42,14.97,13.85,69.0,24.16,3.24,,40,35,6.461,265.088,0.7388,33196.6,64429.5,68.0,48.35,66.0,14.635,,,108.595,,2793.506,,43.806,0.0,0.0,30.0,103951.862,,,,
2026-09-07T18:54:16Z,1788807256,attach_accumulation,32,35.9,16.4,16.8,0.0,1381,2021266,4469772,41004,18947,4345,64296,15.42,14.97,13.85,69.0,22.88,3.33,,40,35,6.459,265.522,0.7388,33196.6,64429.5,68.0,48.32,66.0,14.445,,,108.84,,2797.732,,43.824,0.0,0.0,30.0,102042.466,,,,
2026-09-07T18:54:19Z,1788807259,attach_accumulation,32,38.6,17.7,17.9,0.0,1399,2008627,4425504,41018,18922,4356,64296,14.91,14.87,13.82,69.0,23.34,3.2,,40,35,6.479,266.383,0.745,33196.6,64429.5,68.0,48.52,62.0,14.061,,,108.814,,2800.295,,43.845,0.0,0.0,30.0,102781.517,,,,
2026-09-07T18:54:22Z,1788807262,attach_accumulation,32,37.2,16.8,17.2,0.1,1361,2013354,4445810,41018,18912,4366,64296,14.91,14.87,13.82,69.0,23.29,3.16,,40,35,6.362,266.471,0.7435,33196.6,64429.5,68.0,48.54,62.0,14.313,,,108.798,,2793.968,,43.795,0.0,0.0,30.0,105796.218,,,,
2026-09-07T18:54:25Z,1788807265,attach_accumulation,32,36.4,16.2,17.3,0.0,1442,2023111,4467184,41015,18905,4376,64296,15.88,15.08,13.89,70.0,24.51,3.27,,40,35,6.362,266.471,0.7435,33196.6,64429.5,68.0,48.54,62.0,14.281,,,109.08,,2801.809,,43.875,0.0,0.0,30.0,102383.408,,,,
2026-09-07T18:54:28Z,1788807268,attach_accumulation,32,36.0,16.4,16.8,0.1,1358,2017448,4488937,41022,18887,4387,64296,15.89,15.09,13.9,68.0,23.0,3.2,,40,35,6.183,257.353,0.736,33196.6,64429.5,68.1,48.45,62.0,14.638,,,108.618,,2799.192,,43.827,0.0,0.0,30.0,103197.789,,,,
2026-09-07T18:54:31Z,1788807271,attach_accumulation,32,37.8,17.1,17.8,0.0,1358,2007560,4424668,41020,18879,4397,64296,15.89,15.09,13.9,70.0,22.54,3.27,,40,35,6.146,256.727,0.7385,33196.6,64429.5,68.1,48.62,62.0,14.683,,,108.799,,2794.158,,43.805,0.0,0.0,30.0,102556.812,,,,
2026-09-07T18:54:34Z,1788807274,attach_accumulation,32,38.0,17.0,17.9,0.1,1421,2014555,4443112,41009,18879,4408,64296,15.42,15.01,13.88,69.0,23.44,3.21,,40,35,6.597,256.803,0.74,33196.6,64429.5,68.2,48.65,60.0,14.509,,,109.086,,2804.025,,43.902,0.0,0.0,30.0,101443.479,,,,
2026-09-07T18:54:37Z,1788807277,attach_accumulation,32,36.3,16.1,17.1,0.1,1405,2022118,4487855,41017,18861,4418,64296,15.42,15.01,13.88,69.0,23.11,3.17,,40,35,6.591,256.756,0.74,33196.6,64429.5,68.3,48.67,60.0,14.359,,,108.397,,2796.072,,43.801,0.0,0.0,30.0,105073.639,,,,
2026-09-07T18:54:40Z,1788807280,attach_accumulation,32,36.9,16.7,17.5,0.0,1436,2019990,4456719,41025,18843,4428,64296,15.78,15.09,13.92,70.0,22.73,3.22,,40,35,6.591,256.756,0.7415,33196.6,64429.5,68.3,48.56,60.0,14.816,,,109.095,,2798.571,,43.819,0.0,0.0,30.0,101649.575,,,,
2026-09-07T18:54:43Z,1788807283,attach_accumulation,32,37.2,16.9,17.2,0.1,1423,2018491,4449948,41028,18831,4437,64296,15.32,15.0,13.89,70.0,23.89,3.23,,40,35,6.561,256.752,0.739,33196.6,64429.5,68.5,48.59,60.0,14.873,,,108.382,,2796.938,,43.823,0.0,0.0,30.0,98796.842,,,,
2026-09-07T18:54:46Z,1788807286,attach_accumulation,32,37.1,16.9,17.2,0.0,1352,2024391,4476568,41064,18784,4448,64296,15.32,15.0,13.89,69.0,23.54,3.18,,40,35,6.561,256.752,0.7428,33196.6,64429.5,68.6,48.58,60.0,14.589,,,109.111,,2796.279,,43.783,0.0,0.0,30.0,106168.973,,,,
2026-09-07T18:54:49Z,1788807289,attach_accumulation,33,37.2,16.6,17.5,0.2,1467,2033900,4466266,41064,18774,4458,64296,14.97,14.94,13.88,70.0,22.63,3.21,,40,35,6.561,256.752,0.7405,33196.6,64429.5,68.7,48.52,61.0,15.028,,,108.473,,2801.044,,43.853,0.0,0.0,30.0,102053.554,,,,
2026-09-07T18:54:52Z,1788807292,attach_accumulation,33,36.1,16.1,17.1,0.1,1455,2022881,4489616,41067,18761,4468,64296,14.97,14.94,13.88,69.0,23.11,3.2,,40,35,6.561,256.752,0.7383,33196.6,64429.5,68.8,48.43,61.0,14.882,,,108.654,,2789.977,,43.764,0.0,0.0,30.0,101127.095,,,,
2026-09-07T18:54:55Z,1788807295,attach_accumulation,33,35.6,15.8,16.9,0.0,1380,2015443,4478256,41073,18745,4478,64296,14.82,14.9,13.87,70.0,22.17,3.22,,40,35,6.561,256.752,0.7383,33196.6,64429.5,68.8,48.43,61.0,14.989,,,108.789,,2800.078,,43.841,0.0,0.0,30.0,105099.481,,,,
2026-09-07T18:54:58Z,1788807298,attach_accumulation,33,38.0,17.0,17.9,0.0,1427,2014555,4441853,41066,18742,4488,64296,14.75,14.89,13.87,69.0,22.19,3.23,,40,35,6.313,244.393,0.7255,33196.6,64429.5,68.8,48.44,61.0,14.853,,,108.908,,2793.002,,43.75,0.0,0.0,30.0,104259.711,,,,
2026-09-07T18:55:01Z,1788807301,attach_accumulation,33,37.6,16.8,17.6,0.0,1352,2011127,4435063,41065,18733,4498,64296,14.75,14.89,13.87,69.0,22.13,3.27,,40,35,6.284,244.619,0.728,33196.6,64429.5,68.8,48.5,61.0,14.929,,,108.315,,2794.61,,43.808,0.0,0.0,30.0,101864.393,,,,
2026-09-07T18:55:04Z,1788807304,attach_accumulation,33,38.4,17.4,17.9,0.0,1436,2016470,4432824,41073,18715,4508,64296,14.37,14.81,13.85,70.0,23.74,3.24,,40,35,6.284,244.619,0.7288,33196.6,64429.5,68.8,48.5,61.0,15.029,,,109.127,,2793.415,,43.737,0.0,0.0,30.0,105608.907,,,,
2026-09-07T18:55:07Z,1788807307,attach_accumulation,33,35.3,15.9,16.4,0.0,1418,2016684,4498144,41070,18708,4518,64296,14.37,14.81,13.85,70.0,22.23,3.22,,40,35,7.415,244.642,0.7255,33196.6,64429.5,68.9,48.28,61.0,15.028,,,108.352,,2787.927,,43.736,0.0,0.0,30.0,103785.178,,,,
2026-09-07T18:55:10Z,1788807310,attach_accumulation,33,37.1,16.9,17.1,0.0,1402,2019573,4463633,41064,18704,4528,64296,15.14,14.96,13.91,68.0,23.15,3.26,,40,35,7.388,240.762,0.7238,33196.6,64429.5,69.0,48.37,63.0,15.102,,,109.108,,2797.513,,43.804,0.0,0.0,30.0,102925.993,,,,
2026-09-07T18:55:13Z,1788807313,attach_accumulation,33,37.2,16.4,17.7,0.0,1383,2015509,4460453,41065,18694,4537,64296,14.73,14.88,13.89,69.0,22.36,3.27,,40,35,7.388,240.762,0.723,33196.6,64429.5,69.0,48.41,63.0,14.854,,,108.477,,2791.088,,43.787,0.0,0.0,30.0,102070.812,,,,
2026-09-07T18:55:16Z,1788807316,attach_accumulation,33,37.4,16.9,17.4,0.0,1362,2014436,4448022,41059,18689,4548,64296,14.73,14.88,13.89,69.0,22.97,3.18,,40,35,7.388,240.762,0.723,33196.6,64429.5,69.0,48.41,63.0,14.745,,,108.882,,2798.088,,43.809,0.0,0.0,30.0,102678.181,,,,
2026-09-07T18:55:19Z,1788807319,attach_accumulation,33,37.5,16.7,17.6,0.0,1381,2012115,4443676,41064,18675,4557,64296,15.23,14.98,13.93,70.0,24.09,3.23,,40,35,7.41,240.515,0.723,33196.6,64429.5,69.0,48.39,63.0,14.364,,,108.809,,2794.282,,43.794,0.0,0.0,30.0,101013.998,,,,
2026-09-07T18:55:22Z,1788807322,attach_accumulation,33,35.7,15.7,17.2,0.1,1476,2025138,4487202,41073,18657,4566,64296,15.23,14.98,13.93,70.0,24.46,3.25,,40,35,7.008,238.991,0.715,33196.6,64429.5,69.0,48.09,63.0,14.319,,,108.613,,2794.548,,43.774,0.0,0.0,30.0,102681.733,,,,
2026-09-07T18:55:25Z,1788807325,attach_accumulation,33,35.5,16.0,16.6,0.0,1427,2024945,4503570,41102,18618,4576,64296,15.45,15.03,13.95,69.0,24.48,3.2,,40,35,7.008,238.991,0.7157,33196.6,64429.5,69.0,48.14,63.0,14.939,,,108.611,,2786.872,,43.727,0.0,0.0,30.0,105548.727,,,,
2026-09-07T18:55:28Z,1788807328,attach_accumulation,33,36.5,16.2,17.4,0.1,1461,2034990,4495945,41103,18607,4586,64296,15.26,15.0,13.94,69.0,23.39,3.17,,40,35,7.02,239.075,0.7147,33196.6,64429.5,69.0,48.09,63.0,14.369,,,108.995,,2792.916,,43.732,0.0,0.0,30.0,106342.599,,,,
2026-09-07T18:55:31Z,1788807331,attach_accumulation,33,36.2,16.5,16.8,0.0,1421,2017386,4485270,41095,18606,4595,64296,15.26,15.0,13.94,70.0,24.02,3.2,,40,35,7.02,239.075,0.7147,33196.6,64429.5,69.0,48.08,63.0,14.877,,,108.888,,2793.522,,43.746,0.0,0.0,30.0,103319.562,,,,
2026-09-07T18:55:34Z,1788807334,attach_accumulation,33,36.0,16.1,17.1,0.0,1437,2028475,4489218,41106,18586,4604,64296,15.24,15.0,13.95,69.0,23.76,3.19,,40,35,6.829,239.114,0.7162,33196.6,64429.5,69.0,48.08,63.0,15.055,,,108.078,,2783.101,,43.762,0.0,0.0,30.0,100707.51,,,,
2026-09-07T18:55:37Z,1788807337,attach_accumulation,33,37.1,16.5,17.7,0.0,1448,2028081,4470308,41107,18575,4614,64296,15.24,15.0,13.95,69.0,24.24,3.19,,40,35,6.829,239.114,0.7162,33196.6,64429.5,69.0,48.07,63.0,14.71,,,109.001,,2795.425,,43.768,0.0,0.0,30.0,102202.778,,,,
2026-09-07T18:55:40Z,1788807340,attach_accumulation,33,36.5,16.6,17.0,0.0,1354,2023446,4471030,41110,18562,4624,64296,14.74,14.9,13.92,69.0,22.64,3.24,,40,35,6.829,239.114,0.717,33196.6,64429.5,69.0,48.13,63.0,14.545,,,108.89,,2798.011,,43.812,0.0,0.0,30.0,99687.635,,,,
2026-09-07T18:55:43Z,1788807343,attach_accumulation,33,38.1,17.3,17.6,0.1,1330,2017555,4440273,41107,18556,4633,64296,15.24,15.0,13.96,68.0,22.43,3.17,,40,35,6.829,239.114,0.7163,33196.6,64429.5,69.0,48.15,63.0,15.274,,,108.555,,2792.269,,43.758,0.0,0.0,30.0,103402.663,,,,
2026-09-07T18:55:46Z,1788807346,attach_accumulation,33,37.2,17.1,17.1,0.0,1380,2008899,4449215,41111,18542,4643,64296,15.24,15.0,13.96,70.0,20.72,3.2,,40,35,6.829,239.114,0.717,33196.6,64429.5,69.0,48.22,63.0,14.94,,,108.471,,2794.19,,43.752,0.0,0.0,30.0,102476.745,,,,
2026-09-07T18:55:49Z,1788807349,attach_accumulation,33,37.6,17.0,17.6,0.0,1421,2018515,4444031,41107,18535,4654,64296,15.3,15.02,13.97,69.0,21.41,3.23,,40,35,6.829,239.114,0.7177,33196.6,64429.5,69.0,48.3,63.0,14.652,,,108.896,,2791.906,,43.789,0.0,0.0,30.0,100833.449,,,,
2026-09-07T18:55:52Z,1788807352,attach_accumulation,33,38.0,17.1,17.6,0.0,1408,2014220,4438656,41119,18513,4664,64296,15.3,15.02,13.97,68.0,23.68,3.18,,40,35,6.879,239.263,0.7217,33196.6,64429.5,69.0,48.47,63.0,14.268,,,108.948,,2793.467,,43.741,0.0,0.0,30.0,104703.841,,,,
2026-09-07T18:55:55Z,1788807355,attach_accumulation,33,36.8,16.4,17.3,0.0,1340,2015747,4463801,41118,18504,4674,64296,15.03,14.97,13.96,69.0,21.85,3.25,,40,35,6.879,239.263,0.7227,33196.6,64429.5,69.0,48.53,63.0,14.583,,,108.148,,2799.164,,43.824,0.0,0.0,30.0,102774.009,,,,
2026-09-07T18:55:58Z,1788807358,attach_accumulation,33,39.2,17.3,18.5,0.1,1392,2007749,4409752,41103,18510,4683,64296,14.87,14.93,13.95,69.0,22.42,3.22,,40,35,5.793,239.251,0.7197,33196.6,64429.5,69.0,48.67,63.0,14.927,,,108.516,,2794.471,,43.839,0.0,0.0,30.0,102149.503,,,,
2026-09-07T18:56:01Z,1788807361,attach_accumulation,33,37.9,16.9,17.7,0.0,1361,2015246,4450598,41109,18494,4693,64296,14.87,14.93,13.95,70.0,22.68,3.16,,40,35,6.897,244.644,0.7212,33196.6,64429.5,69.0,48.67,61.0,15.381,,,108.947,,2801.925,,43.868,0.0,0.0,30.0,101463.363,,,,
2026-09-07T18:56:04Z,1788807364,attach_accumulation,33,38.1,17.3,17.6,0.1,1398,2027220,4450392,41096,18497,4703,64296,14.64,14.88,13.94,68.0,22.93,3.18,,40,35,6.897,244.644,0.7212,33196.6,64429.5,69.0,48.67,61.0,15.329,,,109.091,,2798.484,,43.815,0.0,0.0,30.0,100331.783,,,,
2026-09-07T18:56:07Z,1788807367,attach_accumulation,33,37.3,16.7,17.4,0.1,1370,2024086,4459980,41142,18441,4713,64296,14.64,14.88,13.94,69.0,22.67,3.2,,40,35,6.897,244.644,0.7212,33196.6,64429.5,69.0,48.67,61.0,15.034,,,108.263,,2789.945,,43.721,0.0,0.0,30.0,102346.806,,,,
2026-09-07T18:56:10Z,1788807371,attach_accumulation,33,39.0,17.5,18.2,0.0,1425,2017079,4432899,41145,18428,4723,64296,14.51,14.85,13.94,68.0,23.18,3.2,,40,35,7.164,257.592,0.7212,33196.6,64429.5,69.0,48.71,61.0,14.708,,,108.442,,2801.412,,43.863,0.0,0.0,30.0,99895.732,,,,
2026-09-07T18:56:13Z,1788807374,attach_accumulation,33,36.7,16.8,16.8,0.0,1395,2025692,4471491,41163,18401,4732,64296,14.51,14.85,13.94,69.0,24.2,3.22,,40,35,7.1,261.802,0.7235,33196.6,64429.5,69.0,48.86,61.0,14.786,,,108.496,,2790.548,,43.842,0.0,0.0,30.0,102664.103,,,,
2026-09-07T18:56:16Z,1788807377,attach_accumulation,34,36.7,16.5,17.2,0.0,1443,2019211,4480565,41162,18391,4743,64296,15.43,15.04,14.0,69.0,22.49,3.25,,40,35,7.1,261.802,0.7227,33196.6,64429.5,69.0,48.85,61.0,14.903,,,109.096,,2798.025,,43.81,0.0,0.0,30.0,101397.352,,,,
2026-09-07T18:56:19Z,1788807380,attach_accumulation,34,38.3,17.2,17.7,0.1,1430,2014328,4440693,41148,18395,4753,64296,15.72,15.1,14.03,70.0,22.49,3.28,,40,35,7.01,261.811,0.7252,33196.6,64429.5,69.0,48.98,61.0,14.829,,,109.069,,2791.736,,43.712,0.0,0.0,30.0,97727.126,,,,
2026-09-07T18:56:22Z,1788807383,attach_accumulation,34,37.1,16.8,17.2,0.1,1353,2010833,4450589,41160,18373,4763,64296,15.72,15.1,14.03,68.0,23.18,3.18,,40,35,7.01,261.811,0.7252,33196.6,64429.5,69.0,48.98,61.0,15.049,,,107.908,,2790.722,,43.764,0.0,0.0,30.0,104820.275,,,,
2026-09-07T18:56:25Z,1788807386,attach_accumulation,34,36.5,16.3,17.5,0.0,1358,2014959,4474916,41158,18365,4773,64296,15.42,15.05,14.02,69.0,23.19,3.22,,40,35,7.054,261.819,0.7245,33196.6,64429.5,69.0,48.97,61.0,14.953,,,108.502,,2794.418,,43.772,0.0,0.0,30.0,104407.525,,,,
2026-09-07T18:56:28Z,1788807389,attach_accumulation,34,38.4,17.6,17.6,0.0,1412,2012084,4447456,41155,18358,4783,64296,15.42,15.05,14.02,69.0,22.36,3.23,,40,35,7.054,261.819,0.7245,33196.6,64429.5,69.0,48.97,61.0,15.822,,,109.141,,2796.958,,43.793,0.0,0.0,30.0,104685.606,,,,
2026-09-07T18:56:31Z,1788807392,attach_accumulation,34,38.5,17.1,18.4,0.0,1398,2014082,4439596,41152,18351,4793,64296,15.95,15.17,14.06,68.0,22.34,3.2,,40,35,7.054,261.819,0.7252,33196.6,64429.5,69.0,49.0,61.0,15.375,,,107.828,,2783.648,,43.756,0.0,0.0,30.0,102894.442,,,,
2026-09-07T18:56:35Z,1788807395,attach_accumulation,34,37.0,17.0,16.9,0.0,1398,2015947,4469190,41161,18333,4802,64296,15.63,15.12,14.05,70.0,22.67,3.21,,40,35,7.054,261.819,0.7253,33196.6,64429.5,69.0,48.99,61.0,15.298,,,108.796,,2791.688,,43.716,0.0,0.0,30.0,103961.321,,,,
2026-09-07T18:56:38Z,1788807398,attach_accumulation,34,36.9,16.5,17.3,0.1,1499,2019292,4466038,41161,18322,4813,64296,15.63,15.12,14.05,68.0,23.13,3.16,,40,35,7.054,261.819,0.7238,33196.6,64429.5,69.0,49.08,61.0,15.164,,,109.144,,2786.028,,43.625,0.0,0.0,30.0,104127.225,,,,
2026-09-07T18:56:41Z,1788807401,attach_accumulation,34,35.8,16.1,16.9,0.0,1458,2021445,4501860,41158,18317,4821,64296,15.26,15.05,14.03,68.0,24.65,3.12,,40,35,7.054,261.819,0.7215,33196.6,64429.5,69.0,49.01,61.0,14.854,,,108.567,,2792.788,,43.794,0.0,0.0,30.0,102836.739,,,,
2026-09-07T18:56:44Z,1788807404,attach_accumulation,34,34.3,15.2,16.3,0.1,1392,2019561,4528534,41162,18303,4831,64296,15.26,15.05,14.03,69.0,22.12,3.2,,40,35,6.943,258.515,0.7132,33196.6,64429.5,69.0,48.7,61.0,14.873,,,108.072,,2786.444,,43.731,0.0,0.0,30.0,100509.825,,,,
2026-09-07T18:56:47Z,1788807407,attach_accumulation,34,37.9,16.9,17.8,0.0,1377,2015170,4442063,41186,18270,4840,64296,15.8,15.16,14.08,69.0,23.76,3.18,,40,35,6.535,239.975,0.698,33196.6,64429.5,69.1,48.79,61.0,15.078,,,109.172,,2790.024,,43.688,0.0,0.0,30.0,101183.795,,,,
2026-09-07T18:56:50Z,1788807410,attach_accumulation,34,35.8,16.1,16.7,0.0,1373,2029181,4496349,41187,18259,4850,64296,15.17,15.04,14.04,69.0,22.24,3.17,,40,35,6.965,240.008,0.6915,33196.6,64429.5,69.2,48.51,61.0,15.183,,,108.592,,2794.115,,43.748,0.0,0.0,30.0,101346.553,,,,
2026-09-07T18:56:53Z,1788807413,attach_accumulation,34,37.8,17.0,17.8,0.0,1364,2017366,4440964,41194,18243,4859,64296,15.17,15.04,14.04,69.0,23.09,3.16,,40,35,5.936,231.123,0.6885,33196.6,64429.5,69.2,48.5,61.0,14.623,,,108.073,,2788.14,,43.756,0.0,0.0,30.0,103143.98,,,,
2026-09-07T18:56:56Z,1788807416,attach_accumulation,34,37.2,16.9,17.2,0.0,1358,2018946,4448360,41199,18229,4868,64296,15.08,15.03,14.04,69.0,20.62,2.94,,40,35,5.936,231.123,0.6867,33196.6,64429.5,69.3,48.45,61.0,14.555,,,108.797,,2777.006,,43.567,0.0,0.0,30.0,113023.786,,,,
2026-09-07T18:56:59Z,1788807419,attach_accumulation,34,35.2,14.5,17.4,0.0,1349,2013018,4468271,41202,18220,4874,64296,15.08,15.03,14.04,70.0,22.17,2.96,,40,35,5.936,231.123,0.6867,33196.6,64429.5,69.3,48.45,61.0,16.222,,,107.391,,2810.557,,44.048,0.0,0.0,30.0,127814.451,,,,
2026-09-07T18:57:02Z,1788807422,attach_accumulation,34,34.5,14.1,17.1,0.0,1380,2024692,4483964,41200,18217,4879,64296,14.59,14.93,14.02,68.0,22.11,2.94,,40,35,5.494,208.13,0.682,33196.6,64429.5,69.3,48.35,61.0,17.438,,,107.69,,2799.844,,44.069,0.0,0.0,30.0,111313.106,,,,
2026-09-07T18:57:05Z,1788807425,attach_accumulation,34,33.9,13.5,17.1,0.0,1377,2026727,4512599,41192,18221,4883,64296,14.62,14.93,14.02,70.0,20.95,2.71,,40,35,5.296,181.959,0.6672,33196.6,64429.5,69.4,48.05,61.0,17.191,,,103.752,,2772.423,,43.764,0.0,0.0,30.0,103311.135,,,,
2026-09-07T18:57:08Z,1788807428,attach_accumulation,34,33.7,12.6,17.8,0.0,1308,2024056,4501009,41199,18212,4885,64296,14.62,14.93,14.02,69.0,20.15,2.71,,40,35,5.296,181.959,0.6665,33196.6,64429.5,69.5,47.96,61.0,15.0,,,97.991,,2712.343,,42.985,0.0,0.0,30.0,90729.493,,,,
2026-09-07T18:57:11Z,1788807431,attach_accumulation,34,32.6,11.7,17.6,0.0,1297,2018739,4509757,41192,18219,4885,64296,14.33,14.86,14.01,70.0,21.82,2.67,,40,35,4.707,159.351,0.661,33196.6,64429.5,69.5,47.71,61.0,8.0,,,37.475,,517.0,,9.0,0.0,0.0,30.0,79060.8,,,,
2026-09-07T18:57:14Z,1788807434,attach_accumulation,34,31.8,12.0,16.7,0.0,1365,2028767,4553848,41197,18213,4886,64296,14.33,14.86,14.01,70.0,22.23,2.65,,40,35,4.707,159.351,0.661,33196.6,64429.5,69.5,47.7,61.0,,,,108.94,,517.0,,9.0,0.0,0.0,30.0,0.0,,,,
2026-09-07T18:57:17Z,1788807437,attach_accumulation,34,32.0,11.5,17.1,0.0,1330,2032462,4546805,41210,18200,4886,64296,15.35,15.06,14.08,69.0,20.66,2.68,,40,35,4.143,136.788,0.6562,33196.6,64429.5,69.5,47.68,61.0,6.667,,,15.421,,1635.0,,45.0,0.0,0.0,,66974.368,,,,
2026-09-07T18:57:20Z,1788807440,attach_accumulation,34,33.2,12.1,17.6,0.0,1305,2025252,4528091,41217,18192,4887,64296,15.64,15.13,14.1,69.0,21.48,2.66,,40,35,4.143,136.788,0.6562,33196.6,64429.5,69.5,47.68,61.0,,,,5.317,,693.0,,45.0,0.0,0.0,,132855.333,,,,
2026-09-07T18:57:23Z,1788807443,attach_accumulation,34,32.7,11.8,17.4,0.0,1351,2019722,4528022,41246,18163,4887,64296,15.64,15.13,14.1,68.0,22.02,2.65,,40,35,4.143,136.788,0.6562,33196.6,64429.5,69.6,47.57,61.0,,,,5.402,,,,,0.0,0.0,,106796.0,,,,
2026-09-07T18:57:26Z,1788807446,attach_accumulation,34,31.4,11.8,16.3,0.0,1345,2019973,4549982,41251,18157,4888,64296,15.35,15.08,14.09,68.0,21.49,2.74,,40,35,4.143,136.788,0.6562,33196.6,64429.5,69.6,47.57,61.0,7.25,,,13.763,,2865.0,,45.0,0.0,0.0,,94727.273,,,,
2026-09-07T18:57:29Z,1788807449,attach_accumulation,34,33.7,12.7,17.9,0.0,1389,2024932,4510372,41254,18153,4889,64296,15.35,15.08,14.09,68.0,20.45,2.71,,40,35,4.143,136.788,0.6555,33196.6,64429.5,69.6,47.49,61.0,0.0,,,7.976,,365.0,,40.5,0.0,0.0,,65867.7,,,,
2026-09-07T18:57:32Z,1788807452,attach_accumulation,34,33.1,12.3,17.6,0.0,1383,2012547,4513828,41257,18149,4890,64296,15.72,15.16,14.12,69.0,21.32,2.68,,40,35,4.143,136.788,0.6555,33196.6,64429.5,69.7,47.41,61.0,0.0,,,8.951,,732.333,,42.0,0.0,0.0,,84876.889,,,,
2026-09-07T18:57:35Z,1788807455,attach_accumulation,34,33.8,12.6,18.1,0.0,1309,2022019,4501572,41241,18164,4891,64296,15.98,15.22,14.15,69.0,22.02,2.7,,40,35,4.143,136.788,0.6592,33196.6,64429.5,69.7,47.23,61.0,0.0,,,19.466,,880.0,,40.5,0.0,0.0,,111264.5,,,,
2026-09-07T18:57:38Z,1788807458,attach_accumulation,34,33.4,12.3,17.6,0.0,1330,2033223,4509849,41237,18167,4892,64296,15.98,15.22,14.15,68.0,20.46,2.71,,40,35,4.143,136.788,0.6622,33196.6,64429.5,69.8,47.05,61.0,9.0,,,6.757,,782.0,,45.0,0.0,0.0,,88461.636,,,,
2026-09-07T18:57:41Z,1788807461,attach_accumulation,34,34.3,12.8,18.1,0.0,1411,2018972,4495456,41239,18164,4893,64296,15.99,15.24,14.16,69.0,21.82,2.73,,40,35,3.913,126.013,0.6572,33196.6,64429.5,69.9,47.09,61.0,0.0,,,9.246,,405.0,,45.0,0.0,0.0,,67306.273,,,,
2026-09-07T18:57:44Z,1788807464,attach_accumulation,35,32.0,12.1,16.7,0.0,1367,2026215,4541308,41251,18151,4894,64296,15.99,15.24,14.16,68.0,22.2,2.68,,40,35,2.361,80.893,0.6497,33196.6,64429.5,70.0,46.23,61.0,5.5,,,4.815,,405.0,,45.0,0.0,0.0,,120690.667,,,,
2026-09-07T18:57:47Z,1788807467,attach_accumulation,35,32.4,12.4,16.9,0.0,1320,2020294,4520284,41253,18148,4895,64296,15.59,15.16,14.14,68.0,21.18,2.73,,40,35,2.361,80.893,0.6512,33196.6,64429.5,70.0,45.93,58.0,0.0,,,13.344,,,,,0.0,0.0,,91096.0,,,,
2026-09-07T18:57:50Z,1788807470,attach_accumulation,35,34.1,12.4,18.2,0.0,1391,2015344,4493832,41246,18154,4896,64296,15.22,15.1,14.13,68.0,20.06,2.72,,40,35,1.387,45.148,0.644,33196.6,64429.5,70.0,45.76,58.0,0.0,,,6.756,,399.667,,45.0,0.0,0.0,,75767.583,,,,
2026-09-07T18:57:53Z,1788807473,attach_accumulation,35,34.7,13.1,18.1,0.0,1289,2010174,4482125,41241,18158,4897,64296,15.22,15.1,14.13,68.0,21.24,2.73,,40,35,1.387,45.148,0.644,33196.6,64429.5,70.0,45.59,58.0,0.0,,,7.033,,,,,0.0,0.0,,95086.0,,,,
2026-09-07T18:57:56Z,1788807476,attach_accumulation,35,34.1,12.6,17.7,0.0,1324,2021729,4504979,41233,18165,4898,64296,14.72,14.99,14.1,69.0,20.8,2.74,,40,35,1.387,45.148,0.644,33196.6,64429.5,70.0,45.59,58.0,0.0,,,4.237,,253.0,,45.0,0.0,0.0,,107176.0,,,,
2026-09-07T18:57:59Z,1788807479,attach_accumulation,35,33.9,12.4,18.1,0.0,1345,2022560,4493550,41266,18131,4899,64296,14.72,14.99,14.1,67.0,20.77,2.72,,40,35,1.387,45.148,0.6432,33196.6,64429.5,70.0,45.67,58.0,4.5,,,10.597,,157.0,,45.0,0.0,0.0,30.0,86833.0,,,,
2026-09-07T18:58:02Z,1788807482,attach_accumulation,35,34.3,12.6,18.4,0.0,1361,2032148,4503136,41266,18130,4900,64296,14.74,14.99,14.1,68.0,22.22,2.69,,40,35,0.0,0.0,0.633,33196.6,64429.5,70.0,45.66,55.0,4.692,,,52.307,,645.727,,22.091,0.0,0.0,30.0,41187.824,,,,
2026-09-07T18:58:05Z,1788807485,attach_accumulation,35,32.6,12.3,17.0,0.0,1373,2032050,4524016,41276,18118,4902,64296,14.2,14.88,14.07,69.0,20.83,2.73,,40,35,0.0,0.0,0.633,33196.6,64429.5,70.0,45.66,55.0,9.667,,,28.334,,378.5,,25.875,0.0,0.0,30.0,69368.368,,,,
2026-09-07T18:58:08Z,1788807488,attach_accumulation,35,33.2,12.5,17.4,0.0,1355,2035748,4518118,41278,18115,4903,64296,14.2,14.88,14.07,68.0,21.66,2.72,,40,36,0.0,0.0,0.64,33241.5,64691.1,70.0,45.67,55.0,0.0,,,15.181,,698.2,,36.0,0.0,0.0,30.0,108653.4,,,,
2026-09-07T18:58:11Z,1788807491,attach_accumulation,35,32.8,12.3,17.4,0.0,1333,2029452,4522421,41290,18102,4904,64296,13.87,14.8,14.05,69.0,21.74,2.74,,40,36,0.0,0.0,0.64,33241.5,64691.1,70.0,45.67,55.0,6.0,,,11.727,,,,,0.0,0.0,,66923.111,,,,
2026-09-07T18:58:14Z,1788807494,attach_accumulation,35,32.8,12.2,17.2,0.0,1369,2034069,4512625,41290,18101,4905,64296,13.87,14.8,14.05,69.0,22.05,2.69,,40,36,0.0,0.0,0.6392,33241.5,64691.1,70.0,45.67,55.0,,,,,,,,,0.0,0.0,,,,,,
2026-09-07T18:58:17Z,1788807497,attach_accumulation,35,31.8,12.0,16.8,0.0,1414,2033561,4539786,41288,18102,4906,64296,14.36,14.88,14.08,68.0,22.84,2.72,,40,36,0.0,0.0,0.6392,33241.5,64691.1,70.0,45.67,55.0,2.75,,,6.359,,764.2,,45.0,0.0,0.0,,97306.263,,,,
2026-09-07T18:58:20Z,1788807500,attach_accumulation,35,32.4,12.3,16.9,0.0,1436,2028536,4538386,41290,18099,4907,64296,14.17,14.84,14.07,68.0,22.18,2.73,,40,36,0.0,0.0,0.6392,33241.5,64691.1,70.0,45.67,55.0,,,,,,,,,0.0,0.0,,,,,,
2026-09-07T18:58:23Z,1788807503,attach_accumulation,35,31.5,11.8,16.6,0.0,1346,2044588,4549565,41279,18109,4908,64296,14.17,14.84,14.07,68.0,21.24,2.79,,40,36,0.0,0.0,0.6392,33241.5,64691.1,70.0,45.67,55.0,0.0,,,8.199,,1431.0,,45.0,0.0,0.0,,75009.5,,,,
2026-09-07T18:58:26Z,1788807506,attach_accumulation,35,33.4,12.3,17.6,0.0,1366,2031654,4514356,41273,18114,4909,64296,14.56,14.9,14.1,69.0,23.28,2.73,,40,36,0.0,0.0,0.6392,33241.5,64691.1,70.0,45.62,55.0,0.0,,,9.626,,794.714,,45.0,0.0,0.0,,80032.444,,,,
2026-09-07T18:58:29Z,1788807509,attach_accumulation,35,31.8,11.9,16.8,0.0,1355,2032089,4555360,41266,18120,4910,64296,14.56,14.9,14.1,69.0,21.28,2.69,,40,36,0.0,0.0,0.6392,33241.5,64691.1,70.0,45.63,55.0,0.0,,,6.665,,1155.0,,42.75,0.0,0.0,,97251.111,,,,
2026-09-07T18:58:32Z,1788807512,attach_accumulation,35,33.4,12.2,18.0,0.0,1355,2026021,4512432,41269,18116,4911,64296,14.75,14.94,14.11,69.0,21.57,2.75,,40,36,0.0,0.0,0.6385,33241.5,64691.1,70.0,45.64,55.0,0.0,,,5.882,,693.0,,45.0,0.0,0.0,,103591.467,,,,
2026-09-07T18:58:35Z,1788807515,attach_accumulation,35,33.0,12.4,17.3,0.0,1343,2033521,4515996,41264,18120,4912,64296,14.93,14.97,14.13,68.0,21.58,2.74,,40,36,0.0,0.0,0.6348,33241.5,64691.1,70.0,45.51,55.0,,,,,,,,,0.0,0.0,,,,,,
2026-09-07T18:58:38Z,1788807518,attach_accumulation,35,32.7,11.9,17.4,0.0,1339,2036089,4525589,41279,18104,4913,64296,14.93,14.97,14.13,68.0,21.46,2.76,,40,36,0.0,0.0,0.634,33241.5,64691.1,70.0,45.38,55.0,0.0,,,6.966,,407.5,,45.0,0.0,0.0,,100463.846,,,,
2026-09-07T18:58:41Z,1788807521,attach_accumulation,35,32.5,12.6,16.7,0.0,1361,2022941,4513482,41268,18114,4914,64296,14.78,14.94,14.12,68.0,21.92,2.71,,40,36,0.0,0.0,0.6362,33241.5,64691.1,70.0,45.53,56.0,0.0,,,7.454,,725.4,,45.0,0.0,0.0,,87629.75,,,,
2026-09-07T18:58:44Z,1788807524,attach_accumulation,35,33.2,12.3,17.7,0.0,1342,2027331,4518216,41279,18101,4916,64296,14.78,14.94,14.12,68.0,22.6,2.7,,40,36,0.0,0.0,0.633,33241.5,64691.1,70.0,45.74,56.0,0.0,,,5.778,,,,,0.0,0.0,,88818.0,,,,
2026-09-07T18:58:47Z,1788807527,attach_accumulation,35,31.8,11.8,16.9,0.0,1349,2030329,4547184,41290,18089,4917,64296,14.39,14.86,14.1,68.0,22.27,2.76,,40,36,0.0,0.0,0.633,33241.5,64691.1,70.0,45.69,56.0,,,,2.43,,253.0,,45.0,0.0,0.0,,148123.0,,,,
2026-09-07T18:58:50Z,1788807530,attach_accumulation,35,31.5,12.0,16.3,0.0,1415,2029982,4541611,41289,18089,4918,64296,13.96,14.76,14.07,70.0,22.5,2.8,,40,36,0.0,0.0,0.6323,33241.5,64691.1,70.0,45.68,56.0,2.75,,,6.92,,405.0,,45.0,0.0,0.0,,77776.118,,,,
2026-09-07T18:58:53Z,1788807533,attach_accumulation,35,30.6,11.5,15.8,0.0,1386,2039404,4565312,41282,18095,4919,64296,13.96,14.76,14.07,68.0,22.28,2.76,,40,36,0.0,0.0,0.6323,33241.5,64691.1,70.0,45.68,56.0,0.0,,,8.309,,,,,0.0,0.0,,88299.0,,,,
2026-09-07T18:58:56Z,1788807536,attach_accumulation,35,31.9,11.7,17.0,0.0,1392,2036727,4547108,41286,18090,4920,64296,14.05,14.77,14.08,69.0,21.49,2.74,,40,36,0.0,0.0,0.633,33241.5,64691.1,70.0,45.6,56.0,,,,,,,,,0.0,0.0,,,,,,
2026-09-07T18:58:59Z,1788807539,attach_accumulation,35,32.3,12.4,17.0,0.0,1385,2028713,4538106,41284,18091,4921,64296,14.05,14.77,14.08,67.0,20.32,2.77,,40,36,0.0,0.0,0.6353,33241.5,64691.1,70.0,45.69,56.0,5.5,,,5.68,,405.0,,45.0,0.0,0.0,,107870.0,,,,
2026-09-07T18:59:02Z,1788807542,attach_accumulation,35,33.7,12.1,18.2,0.0,1382,2026181,4488230,41282,18092,4922,64296,14.44,14.84,14.1,68.0,22.07,2.75,,40,36,0.0,0.0,0.6375,33241.5,64691.1,70.0,45.74,56.0,0.0,,,7.522,,612.667,,45.0,0.0,0.0,,87899.194,,,,
2026-09-07T18:59:05Z,1788807545,attach_accumulation,35,32.3,12.2,17.1,0.0,1458,2028053,4538237,41283,18090,4923,64296,14.41,14.82,14.1,68.0,21.32,2.79,,40,36,0.0,0.0,0.6375,33241.5,64691.1,70.0,45.74,56.0,0.0,,,5.063,,278.0,,42.75,0.0,0.0,,107554.0,,,,
2026-09-07T18:59:08Z,1788807548,attach_accumulation,36,32.5,12.3,17.0,0.0,1342,2020543,4539553,41284,18088,4924,64296,14.41,14.82,14.1,67.0,21.24,2.76,,40,36,0.0,0.0,0.6375,33241.5,64691.1,70.0,45.74,56.0,,,,,,,,,0.0,0.0,,,,,,
2026-09-07T18:59:11Z,1788807551,attach_accumulation,36,32.9,12.5,17.0,0.0,1398,2029628,4528841,41285,18086,4925,64296,14.29,14.79,14.09,68.0,21.99,2.73,,40,36,0.0,0.0,0.6368,33241.5,64691.1,70.0,45.68,56.0,11.0,,,7.91,,900.5,,42.75,0.0,0.0,,88920.667,,,,
2026-09-07T18:59:14Z,1788807554,attach_accumulation,36,31.6,11.8,16.7,0.0,1372,2029740,4553519,41282,18088,4926,64296,14.29,14.79,14.09,68.0,21.49,2.78,,40,36,0.0,0.0,0.6375,33241.5,64691.1,70.0,45.67,56.0,3.667,,,7.576,,329.0,,45.0,0.0,0.0,,91791.613,,,,
2026-09-07T18:59:17Z,1788807557,attach_accumulation,36,32.4,12.4,16.6,0.0,1331,2022493,4518729,41283,18085,4928,64296,14.35,14.8,14.1,68.0,23.71,2.74,,40,36,0.0,0.0,0.6375,33241.5,64691.1,70.0,45.67,56.0,,,,,,,,,0.0,0.0,,,,,,
2026-09-07T18:59:20Z,1788807560,attach_accumulation,36,31.5,11.8,16.4,0.0,1423,2033965,4551620,41278,18089,4929,64296,14.32,14.78,14.1,68.0,21.45,2.75,,40,36,0.0,0.0,0.6382,33241.5,64691.1,70.0,45.66,56.0,0.0,,,10.402,,1143.0,,45.0,0.0,0.0,,87918.0,,,,
2026-09-07T18:59:23Z,1788807563,attach_accumulation,36,33.0,12.4,17.4,0.0,1405,2025465,4522247,41278,18088,4930,64296,14.32,14.78,14.1,69.0,21.12,2.77,,40,36,0.0,0.0,0.6382,33241.5,64691.1,70.0,45.66,56.0,0.0,,,5.081,,503.889,,44.0,0.0,0.0,,101362.136,,,,
2026-09-07T18:59:26Z,1788807566,attach_accumulation,36,32.9,12.5,17.2,0.0,1359,2031451,4528553,41279,18086,4931,64296,13.98,14.7,14.08,68.0,22.4,2.79,,40,36,0.0,0.0,0.6382,33241.5,64691.1,70.0,45.7,56.0,0.0,,,11.19,,,,,0.0,0.0,,58220.0,,,,
2026-09-07T18:59:29Z,1788807569,attach_accumulation,36,32.1,11.9,17.1,0.0,1392,2042359,4539513,41281,18083,4932,64296,13.98,14.7,14.08,68.0,21.47,2.81,,40,36,0.0,0.0,0.6375,33241.5,64691.1,70.0,45.59,56.0,,,,10.168,,,,,0.0,0.0,,87918.0,,,,
2026-09-07T18:59:32Z,1788807572,attach_accumulation,36,32.8,12.5,17.1,0.0,1336,2024280,4529282,41288,18075,4933,64296,13.82,14.66,14.06,69.0,22.37,2.79,,40,36,0.0,0.0,0.639,33241.5,64691.1,70.0,45.51,56.0,0.0,,,6.153,,466.778,,43.0,0.0,0.0,,79460.0,,,,
2026-09-07T18:59:35Z,1788807575,attach_accumulation,36,32.2,11.8,17.2,0.0,1346,2033113,4542821,41282,18080,4934,64296,14.71,14.83,14.12,68.0,21.66,2.81,,40,36,0.0,0.0,0.6352,33241.5,64691.1,70.0,45.36,56.0,11.0,,,5.244,,,,,0.0,0.0,,107376.0,,,,
2026-09-07T18:59:38Z,1788807578,attach_accumulation,36,32.1,12.1,16.7,0.0,1364,2032780,4535496,41285,18075,4936,64296,14.71,14.83,14.12,68.0,21.13,2.81,,40,36,0.0,0.0,0.6352,33241.5,64691.1,70.0,45.33,56.0,0.0,,,5.787,,693.0,,45.0,0.0,0.0,,112230.2,,,,
2026-09-07T18:59:41Z,1788807581,attach_accumulation,36,33.7,12.6,17.7,0.0,1342,2033768,4507755,41286,18073,4937,64296,15.22,14.93,14.16,68.0,21.56,2.73,,40,36,0.0,0.0,0.6375,33241.5,64691.1,70.0,45.36,56.0,0.0,,,10.36,,,,,0.0,0.0,,87918.0,,,,
2026-09-07T18:59:44Z,1788807584,attach_accumulation,36,32.4,12.2,16.9,0.0,1382,2040468,4536554,41278,18080,4938,64296,15.22,14.93,14.16,68.0,23.57,2.75,,40,36,0.0,0.0,0.6312,33241.5,64691.1,70.0,45.28,56.0,0.0,,,6.139,,514.25,,45.0,0.0,0.0,,85285.053,,,,
2026-09-07T18:59:47Z,1788807587,attach_accumulation,36,30.0,11.6,15.6,0.0,1390,2048744,4586593,41278,18079,4939,64296,14.72,14.83,14.13,69.0,21.61,2.83,,40,36,0.0,0.0,0.6297,33241.5,64691.1,70.0,45.17,56.0,0.0,,,4.622,,253.0,,45.0,0.0,0.0,,108401.75,,,,
2026-09-07T18:59:50Z,1788807590,attach_accumulation,36,32.3,11.8,17.3,0.0,1377,2039090,4535201,41279,18077,4940,64296,14.1,14.7,14.09,70.0,23.09,2.8,,40,36,0.0,0.0,0.6305,33241.5,64691.1,70.0,45.18,56.0,,,,8.864,,,,,0.0,0.0,,87918.0,,,,
2026-09-07T18:59:53Z,1788807593,attach_accumulation,36,30.9,11.5,16.2,0.0,1470,2061555,4567313,41281,18073,4942,64296,14.1,14.7,14.09,69.0,23.24,2.81,,40,36,0.0,0.0,0.6305,33241.5,64691.1,70.0,45.18,56.0,2.0,,,4.653,,150.6,,43.2,0.0,0.0,,104761.0,,,,
2026-09-07T18:59:56Z,1788807596,attach_accumulation,36,30.9,11.4,16.5,0.0,1389,2049618,4569343,41294,18059,4943,64296,13.85,14.64,14.08,69.0,22.03,2.77,,40,36,0.0,0.0,0.6272,33241.5,64691.1,70.0,45.0,56.0,0.0,,,6.036,,378.333,,42.0,0.0,0.0,,85085.882,,,,
2026-09-07T18:59:59Z,1788807599,attach_accumulation,36,32.2,12.1,17.0,0.0,1377,2036002,4538952,41295,18057,4944,64296,13.85,14.64,14.08,69.0,22.21,2.85,,40,36,0.0,0.0,0.6212,33241.5,64691.1,70.0,44.74,56.0,0.0,,,4.658,,,,,0.0,0.0,,107376.0,,,,
2026-09-07T19:00:02Z,1788807602,attach_accumulation,36,32.2,12.4,16.6,0.0,1430,2047851,4545954,41283,18068,4945,64296,13.22,14.5,14.03,69.0,22.93,2.81,,40,36,0.0,0.0,0.6205,33241.5,64691.1,70.0,44.69,56.0,,,,,,,,,0.0,0.0,,,,,,
2026-09-07T19:00:05Z,1788807605,attach_accumulation,36,31.3,12.2,16.0,0.0,1427,2045511,4567394,41282,18068,4946,64296,12.97,14.42,14.01,68.0,24.0,2.8,,40,36,0.0,0.0,0.6182,33241.5,64691.1,70.0,44.64,56.0,0.0,,,4.912,,367.0,,42.0,0.0,0.0,,100776.3,,,,
2026-09-07T19:00:08Z,1788807608,attach_accumulation,36,31.0,11.7,16.3,0.0,1417,2032020,4567314,41280,18069,4947,64296,12.97,14.42,14.01,68.0,22.47,2.81,,40,36,0.0,0.0,0.6175,33241.5,64691.1,70.0,44.65,56.0,0.0,,,6.323,,,,,0.0,0.0,,84412.938,,,,
2026-09-07T19:00:11Z,1788807611,attach_accumulation,36,31.7,12.0,16.7,0.0,1373,2044110,4556704,41282,18066,4948,64296,13.05,14.42,14.01,69.0,22.55,2.8,,40,36,0.0,0.0,0.6182,33241.5,64691.1,70.0,44.6,56.0,,,,,,,,,0.0,0.0,,,,,,
2026-09-07T19:00:14Z,1788807614,attach_accumulation,36,31.4,11.6,16.6,0.0,1352,2030117,4556790,41277,18069,4950,64296,13.05,14.42,14.01,69.0,22.54,2.79,,40,36,0.0,0.0,0.6182,33241.5,64691.1,70.0,44.6,56.0,0.0,,,5.241,,473.0,,45.0,0.0,0.0,,97321.778,,,,
2026-09-07T19:00:17Z,1788807617,attach_accumulation,36,31.4,11.6,16.5,0.0,1423,2048861,4544355,41285,18060,4951,64296,12.88,14.36,14.0,68.0,22.77,2.77,,40,36,0.0,0.0,0.6167,33241.5,64691.1,70.0,44.6,56.0,0.0,,,7.17,,,,,0.0,0.0,,58012.0,,,,
2026-09-07T19:00:20Z,1788807620,attach_accumulation,36,31.0,11.7,16.1,0.0,1394,2023130,4545194,41282,18062,4952,64296,12.65,14.29,13.97,69.0,23.25,2.82,,40,36,0.0,0.0,0.6167,33241.5,64691.1,70.0,44.6,56.0,3.0,,,5.431,,405.0,,45.0,0.0,0.0,,96642.429,,,,
2026-09-07T19:00:23Z,1788807623,attach_accumulation,36,31.6,11.5,16.9,0.0,1351,2035191,4548724,41276,18067,4953,64296,12.65,14.29,13.97,69.0,21.64,2.83,,40,36,0.0,0.0,0.6167,33241.5,64691.1,70.0,44.62,56.0,0.0,,,5.785,,693.0,,45.0,0.0,0.0,,99936.0,,,,
2026-09-07T19:00:26Z,1788807626,attach_accumulation,36,32.3,12.2,17.0,0.0,1387,2016882,4533218,41283,18059,4954,64296,11.96,14.11,13.92,68.0,22.52,2.83,,40,36,0.0,0.0,0.6167,33241.5,64691.1,70.0,44.53,56.0,3.0,,,9.147,,405.0,,45.0,0.0,0.0,,49349.333,,,,
2026-09-07T19:00:29Z,1788807629,attach_accumulation,36,30.7,11.5,16.0,0.0,1369,2024126,4553968,41283,18057,4956,64296,11.96,14.11,13.92,68.0,22.33,2.81,,40,36,0.0,0.0,0.616,33241.5,64691.1,70.0,44.52,56.0,4.0,,,6.266,,583.667,,43.5,0.0,0.0,,102278.125,,,,
2026-09-07T19:00:32Z,1788807632,attach_accumulation,36,32.5,12.3,17.2,0.0,1476,2026940,4528170,41278,18061,4957,64296,11.96,14.08,13.91,69.0,22.49,2.83,,40,36,0.0,0.0,0.616,33241.5,64691.1,70.0,44.53,56.0,0.0,,,5.412,,405.0,,45.0,0.0,0.0,,95097.571,,,,
2026-09-07T19:00:35Z,1788807635,attach_accumulation,37,31.6,11.9,16.7,0.0,1370,2029148,4553750,41275,18063,4958,64296,12.29,14.11,13.92,68.0,21.12,2.84,,40,36,0.0,0.0,0.6175,33241.5,64691.1,70.0,44.6,56.0,,,,4.53,,477.0,,45.0,0.0,0.0,,93011.5,,,,
2026-09-07T19:00:38Z,1788807638,attach_accumulation,37,32.8,12.3,17.1,0.0,1358,2029247,4517549,41271,18066,4959,64296,12.29,14.11,13.92,69.0,21.93,2.79,,40,36,0.0,0.0,0.6145,33241.5,64691.1,70.0,44.55,56.0,0.0,,,6.324,,514.333,,45.0,0.0,0.0,,90881.333,,,,
2026-09-07T19:00:41Z,1788807641,attach_accumulation,37,32.1,12.3,16.7,0.0,1352,2025625,4532434,41275,18061,4960,64296,12.5,14.13,13.93,69.0,22.02,2.8,,40,36,0.0,0.0,0.6167,33241.5,64691.1,70.0,44.5,56.0,0.0,,,3.067,,693.0,,45.0,0.0,0.0,,124472.778,,,,
2026-09-07T19:00:44Z,1788807644,attach_accumulation,37,32.4,12.6,16.7,0.0,1408,2016516,4531395,41281,18053,4962,64296,12.5,14.13,13.93,69.0,22.16,2.75,,40,36,0.0,0.0,0.62,33241.5,64691.1,70.0,44.61,56.0,6.0,,,7.643,,405.0,,45.0,0.0,0.0,,48913.75,,,,
2026-09-07T19:00:47Z,1788807647,attach_accumulation,37,31.7,12.1,16.4,0.0,1345,2036091,4548392,41271,18062,4963,64296,12.54,14.11,13.92,68.0,22.06,2.74,,40,36,0.0,0.0,0.62,33241.5,64691.1,70.0,44.61,56.0,2.75,,,6.599,,405.0,,45.0,0.0,0.0,,97426.857,,,,
2026-09-07T19:00:50Z,1788807650,attach_accumulation,37,32.6,12.5,17.0,0.0,1385,2023661,4528488,41266,18066,4964,64296,13.06,14.19,13.95,69.0,23.05,2.83,,40,36,0.0,0.0,0.62,33241.5,64691.1,70.0,44.61,56.0,0.0,,,4.508,,198.5,,43.875,0.0,0.0,,105747.077,,,,
2026-09-07T19:00:53Z,1788807653,attach_accumulation,37,30.5,11.4,15.9,0.0,1338,2039145,4555495,41270,18061,4965,64296,13.06,14.19,13.95,69.0,21.43,2.79,,40,36,0.0,0.0,0.6152,33241.5,64691.1,70.0,44.71,56.0,5.0,,,7.537,,,,,0.0,0.0,,93812.0,,,,
2026-09-07T19:00:56Z,1788807656,attach_accumulation,37,32.2,12.0,17.0,0.0,1386,2019897,4524936,41265,18065,4966,64296,13.14,14.19,13.95,69.0,23.71,2.76,,40,36,0.0,0.0,0.6177,33241.5,64691.1,70.0,44.71,56.0,11.0,,,6.665,,253.0,,45.0,0.0,0.0,,72389.1,,,,
2026-09-07T19:00:59Z,1788807659,attach_accumulation,37,31.5,11.8,16.6,0.0,1392,2034720,4565519,41261,18068,4967,64296,13.14,14.19,13.95,69.0,21.97,2.77,,40,36,0.0,0.0,0.6177,33241.5,64691.1,70.0,44.71,56.0,1.667,,,5.188,,183.667,,43.5,0.0,0.0,,95924.471,,,,
2026-09-07T19:01:02Z,1788807662,attach_accumulation,37,32.0,12.4,16.4,0.0,1352,2017548,4536725,41259,18069,4968,64296,13.29,14.2,13.95,69.0,21.4,2.73,,40,36,0.0,0.0,0.6217,33241.5,64691.1,70.0,44.79,56.0,0.0,,,6.02,,,,,0.0,0.0,,107984.0,,,,
2026-09-07T19:01:05Z,1788807665,attach_accumulation,37,33.1,12.4,17.5,0.0,1361,2020263,4517634,41266,18060,4970,64296,13.02,14.13,13.93,69.0,21.37,2.79,,40,36,0.0,0.0,0.6217,33241.5,64691.1,70.0,44.79,56.0,,,,,,,,,0.0,0.0,,,,,,
2026-09-07T19:01:08Z,1788807668,attach_accumulation,37,32.8,12.3,17.3,0.0,1389,2026952,4524543,41260,18065,4971,64296,13.02,14.13,13.93,69.0,22.31,2.72,,40,36,0.0,0.0,0.624,33241.5,64691.1,70.0,44.88,56.0,0.0,,,7.941,,477.0,,45.0,0.0,0.0,,74843.556,,,,
2026-09-07T19:01:11Z,1788807671,attach_accumulation,37,32.3,12.2,16.9,0.0,1350,2028865,4541300,41257,18067,4972,64296,12.94,14.09,13.92,69.0,22.53,2.75,,40,36,0.0,0.0,0.624,33241.5,64691.1,70.0,44.88,56.0,0.0,,,7.416,,715.667,,45.0,0.0,0.0,,88633.6,,,,
2026-09-07T19:01:14Z,1788807674,attach_accumulation,37,31.8,12.3,16.4,0.0,1386,2037978,4538892,41254,18069,4973,64296,12.94,14.09,13.92,68.0,22.3,2.74,,40,36,0.0,0.0,0.6247,33241.5,64691.1,70.0,44.84,56.0,,,,1.51,,,,,0.0,0.0,,149037.0,,,,
2026-09-07T19:01:17Z,1788807677,attach_accumulation,37,30.9,11.4,16.4,0.0,1361,2031044,4564483,41253,18069,4974,64296,12.38,13.96,13.88,70.0,21.83,2.77,,40,36,0.0,0.0,0.6247,33241.5,64691.1,70.0,44.84,56.0,1.667,,,8.974,,918.0,,45.0,0.0,0.0,,96198.545,,,,
2026-09-07T19:01:20Z,1788807680,attach_accumulation,37,32.0,12.2,16.8,0.0,1340,2017717,4531849,41252,18069,4975,64296,12.27,13.91,13.86,69.0,20.8,2.76,,40,36,0.0,0.0,0.6247,33241.5,64691.1,70.0,44.84,56.0,0.0,,,5.424,,,,,0.0,0.0,,90670.5,,,,
2026-09-07T19:01:23Z,1788807683,attach_accumulation,37,32.9,12.4,17.2,0.0,1373,2022119,4508577,41245,18074,4977,64296,12.27,13.91,13.86,69.0,21.94,2.7,,40,36,0.0,0.0,0.6262,33241.5,64691.1,70.0,44.91,56.0,,,,,,,,,0.0,0.0,,,,,,
2026-09-07T19:01:26Z,1788807686,attach_accumulation,37,32.8,12.2,17.6,0.0,1398,2032983,4532045,41252,18066,4978,64296,12.57,13.95,13.88,69.0,22.01,2.78,,40,36,0.0,0.0,0.6262,33241.5,64691.1,70.0,45.0,56.0,,,,,,,,,0.0,0.0,,,,,,
2026-09-07T19:01:29Z,1788807689,attach_accumulation,37,32.1,12.0,17.1,0.0,1377,2028707,4541883,41250,18067,4979,64296,12.57,13.95,13.88,69.0,21.37,2.77,,40,36,0.0,0.0,0.6292,33241.5,64691.1,70.0,45.06,56.0,0.0,,,7.971,,1143.0,,45.0,0.0,0.0,,95389.857,,,,
2026-09-07T19:01:32Z,1788807692,attach_accumulation,37,32.8,12.0,17.4,0.0,1392,2028182,4528727,41250,18066,4980,64296,12.21,13.85,13.84,68.0,22.68,2.75,,40,36,0.0,0.0,0.6292,33241.5,64691.1,70.0,45.16,56.0,14.5,,,5.093,,253.0,,45.0,0.0,0.0,,90399.789,,,,
2026-09-07T19:01:35Z,1788807695,attach_accumulation,37,31.5,11.9,16.4,0.0,1342,2024571,4545921,41257,18058,4981,64296,12.35,13.85,13.84,68.0,20.98,2.76,,40,36,0.0,0.0,0.627,33241.5,64691.1,70.0,45.1,56.0,0.0,,,5.69,,501.0,,45.0,0.0,0.0,,93740.667,,,,
2026-09-07T19:01:38Z,1788807698,attach_accumulation,37,32.4,12.5,16.6,0.0,1344,2011013,4516764,41260,18054,4982,64296,12.35,13.85,13.84,67.0,21.98,2.78,,40,36,0.0,0.0,0.6247,33241.5,64691.1,70.0,45.2,56.0,0.0,,,5.02,,253.0,,45.0,0.0,0.0,,109745.0,,,,
2026-09-07T19:01:41Z,1788807701,attach_accumulation,37,32.1,12.7,16.3,0.0,1380,2040356,4534711,41255,18057,4984,64296,12.48,13.85,13.85,69.0,22.95,2.72,,40,36,0.0,0.0,0.6247,33241.5,64691.1,70.0,45.22,56.0,6.0,,,7.356,,,,,0.0,0.0,,83025.176,,,,
2026-09-07T19:01:44Z,1788807704,attach_accumulation,37,32.0,11.8,17.1,0.0,1361,2032325,4548386,41257,18054,4985,64296,12.48,13.85,13.85,69.0,22.13,2.74,,40,36,0.0,0.0,0.624,33241.5,64691.1,70.0,45.21,56.0,5.5,,,3.97,,253.0,,45.0,0.0,0.0,,99355.5,,,,
2026-09-07T19:01:47Z,1788807707,attach_accumulation,37,31.6,11.8,16.7,0.0,1383,2035003,4547748,41261,18049,4986,64296,12.12,13.75,13.81,69.0,21.35,2.76,,40,36,0.0,0.0,0.624,33241.5,64691.1,70.0,45.21,56.0,,,,5.52,,385.0,,42.75,0.0,0.0,,94464.4,,,,
2026-09-07T19:01:50Z,1788807710,attach_accumulation,37,32.2,11.9,17.2,0.0,1364,2024230,4536752,41261,18048,4987,64296,11.95,13.69,13.79,69.0,21.82,2.75,,40,36,0.0,0.0,0.624,33241.5,64691.1,70.0,45.21,56.0,0.0,,,5.423,,210.5,,43.875,0.0,0.0,,102687.462,,,,
2026-09-07T19:01:53Z,1788807713,attach_accumulation,37,32.5,11.9,17.3,0.0,1361,2027722,4535970,41263,18045,4988,64296,11.95,13.69,13.79,69.0,22.02,2.73,,40,36,0.0,0.0,0.6255,33241.5,64691.1,70.0,45.21,56.0,0.0,,,5.641,,253.0,,45.0,0.0,0.0,,90641.0,,,,
2026-09-07T19:01:56Z,1788807716,attach_accumulation,37,32.3,12.2,16.9,0.0,1358,2028542,4534168,41253,18054,4989,64296,12.36,13.75,13.81,69.0,22.53,2.72,,40,36,0.0,0.0,0.6262,33241.5,64691.1,70.0,45.2,56.0,,,,,,,,,0.0,0.0,,,,,,
2026-09-07T19:01:59Z,1788807719,attach_accumulation,37,31.7,12.2,16.3,0.0,1355,2023033,4539224,41254,18052,4990,64296,12.36,13.75,13.81,69.0,20.71,2.81,,40,36,0.0,0.0,0.626,33241.5,64691.1,70.0,45.2,56.0,9.667,,,4.324,,220.0,,43.875,0.0,0.0,,96790.769,,,,
2026-09-07T19:02:02Z,1788807722,attach_accumulation,38,34.0,12.9,17.7,0.0,1332,2017992,4508854,41249,18055,4992,64296,12.17,13.68,13.79,68.0,20.54,2.8,,40,36,0.0,0.0,0.6267,33241.5,64691.1,70.0,45.23,56.0,0.0,,,6.437,,,,,0.0,0.0,,99444.0,,,,
2026-09-07T19:02:05Z,1788807725,attach_accumulation,38,33.6,12.9,17.4,0.0,1345,2019026,4508193,41251,18052,4993,64296,12.15,13.66,13.78,70.0,22.29,2.76,,40,36,0.0,0.0,0.6267,33241.5,64691.1,70.0,45.26,56.0,0.0,,,5.67,,,,,0.0,0.0,,105276.0,,,,
2026-09-07T19:02:08Z,1788807728,attach_accumulation,38,32.4,12.3,16.9,0.0,1336,2027572,4521458,41255,18047,4994,64296,12.15,13.66,13.78,69.0,22.08,2.7,,40,36,0.0,0.0,0.6285,33241.5,64691.1,70.0,45.3,56.0,0.0,,,4.378,,157.0,,45.0,0.0,0.0,,99513.7,,,,
2026-09-07T19:02:11Z,1788807731,attach_accumulation,38,32.4,12.2,17.1,0.0,1373,2037030,4536123,41249,18052,4995,64296,11.74,13.55,13.74,68.0,21.14,2.71,,40,36,0.0,0.0,0.6285,33241.5,64691.1,70.0,45.3,56.0,18.0,,,5.355,,157.0,,45.0,0.0,0.0,,85643.714,,,,
2026-09-07T19:02:14Z,1788807734,attach_accumulation,38,33.0,12.3,17.6,0.0,1324,2021769,4511768,41247,18052,4997,64296,11.74,13.55,13.74,68.0,21.71,2.77,,40,36,0.0,0.0,0.6285,33241.5,64691.1,70.0,45.38,56.0,,,,6.02,,405.0,,45.0,0.0,0.0,,86955.6,,,,
2026-09-07T19:02:17Z,1788807737,attach_accumulation,38,33.2,12.6,17.3,0.0,1367,2021773,4508305,41247,18051,4998,64296,11.92,13.55,13.75,68.0,22.34,2.73,,40,36,0.0,0.0,0.6285,33241.5,64691.1,70.0,45.38,56.0,0.0,,,7.553,,,,,0.0,0.0,,110489.0,,,,
2026-09-07T19:02:20Z,1788807740,attach_accumulation,38,31.6,11.7,16.6,0.0,1467,2024729,4550970,41249,18047,5000,64296,11.45,13.43,13.7,69.0,20.61,2.78,,40,36,0.0,0.0,0.627,33241.5,64691.1,70.0,45.27,56.0,3.667,,,4.783,,253.0,,45.0,0.0,0.0,,79905.467,,,,
2026-09-07T19:02:23Z,1788807743,attach_accumulation,38,32.9,12.5,16.9,0.0,1339,2017930,4522145,41250,18045,5001,64296,11.45,13.43,13.7,68.0,21.13,2.76,,40,36,0.0,0.0,0.6285,33241.5,64691.1,70.0,45.36,56.0,0.0,,,4.775,,277.0,,43.875,0.0,0.0,,97028.308,,,,
2026-09-07T19:02:26Z,1788807746,attach_accumulation,38,33.5,12.7,17.6,0.0,1389,2010460,4514955,41242,18052,5002,64296,12.53,13.62,13.76,70.0,21.32,2.73,,40,36,0.0,0.0,0.6285,33241.5,64691.1,70.0,45.36,56.0,0.0,,,8.167,,693.0,,45.0,0.0,0.0,,109953.667,,,,
2026-09-07T19:02:29Z,1788807749,attach_accumulation,38,32.3,11.9,17.2,0.0,1405,2017105,4532451,41239,18053,5004,64296,12.53,13.62,13.76,68.0,21.49,2.75,,40,36,0.0,0.0,0.6277,33241.5,64691.1,70.0,45.31,56.0,,,,,,,,,0.0,0.0,,,,,,
2026-09-07T19:02:32Z,1788807752,attach_accumulation,38,32.1,12.0,16.7,0.0,1324,2020881,4520701,41238,18053,5005,64296,12.57,13.61,13.76,68.0,21.59,2.75,,40,36,0.0,0.0,0.6285,33241.5,64691.1,70.0,45.41,56.0,0.0,,,5.718,,498.333,,42.0,0.0,0.0,,100036.75,,,,
2026-09-07T19:02:35Z,1788807755,attach_accumulation,38,33.2,12.5,17.5,0.0,1355,2019865,4500929,41238,18052,5006,64296,12.2,13.52,13.73,68.0,21.43,2.7,,40,36,0.0,0.0,0.63,33241.5,64691.1,70.0,45.45,56.0,0.0,,,4.419,,253.0,,45.0,0.0,0.0,,87166.5,,,,
2026-09-07T19:02:38Z,1788807758,attach_accumulation,38,33.4,12.6,17.6,0.0,1357,2017360,4516358,41243,18045,5008,64296,12.2,13.52,13.73,69.0,22.63,2.74,,40,36,0.0,0.0,0.6322,33241.5,64691.1,70.0,45.41,56.0,0.0,,,8.031,,352.2,,45.0,0.0,0.0,,83581.857,,,,
2026-09-07T19:02:41Z,1788807761,attach_accumulation,38,32.0,12.4,16.7,0.0,1420,2019954,4539415,41249,18038,5009,64296,12.03,13.46,13.71,68.0,21.49,2.74,,40,36,0.0,0.0,0.6322,33241.5,64691.1,70.0,45.4,56.0,0.0,,,3.781,,,,,0.0,0.0,,114577.2,,,,
2026-09-07T19:02:44Z,1788807764,attach_accumulation,38,32.6,12.6,17.0,0.0,1358,2018692,4532862,41246,18039,5011,64296,12.03,13.46,13.71,67.0,23.08,2.71,,40,36,0.0,0.0,0.6322,33241.5,64691.1,70.0,45.39,56.0,3.667,,,4.668,,405.0,,45.0,0.0,0.0,,84148.571,,,,
2026-09-07T19:02:47Z,1788807767,attach_accumulation,38,31.2,11.4,16.7,0.0,1364,2030708,4556971,41244,18040,5012,64296,12.75,13.58,13.75,69.0,22.38,2.73,,40,36,0.0,0.0,0.6322,33241.5,64691.1,70.0,45.39,56.0,,,,,,,,,0.0,0.0,,,,,,
2026-09-07T19:02:50Z,1788807770,attach_accumulation,38,32.1,11.9,16.9,0.0,1380,2030910,4551645,41245,18038,5013,64296,12.45,13.51,13.72,68.0,21.74,2.72,,40,36,0.0,0.0,0.6315,33241.5,64691.1,70.0,45.43,57.0,0.0,,,6.833,,316.0,,42.75,0.0,0.0,,76132.222,,,,
2026-09-07T19:02:53Z,1788807773,attach_accumulation,38,32.2,12.2,16.7,0.0,1408,2028762,4546709,41244,18037,5015,64296,12.45,13.51,13.72,69.0,22.08,2.76,,40,36,0.0,0.0,0.6252,33241.5,64691.1,70.0,45.4,58.0,0.0,,,4.407,,150.6,,43.2,0.0,0.0,,105659.842,,,,
2026-09-07T19:02:56Z,1788807776,attach_accumulation,38,31.6,11.8,16.8,0.0,1408,2028540,4549773,41243,18037,5016,64296,12.89,13.58,13.75,68.0,21.94,2.79,,40,36,0.0,0.0,0.6252,33241.5,64691.1,70.0,45.35,58.0,,,,6.257,,405.0,,45.0,0.0,0.0,,94492.0,,,,
2026-09-07T19:02:59Z,1788807779,attach_accumulation,38,32.0,12.1,16.9,0.0,1360,2023781,4537537,41237,18042,5017,64296,12.89,13.58,13.75,68.0,21.63,2.79,,40,36,0.0,0.0,0.626,33241.5,64691.1,70.0,45.32,58.0,0.0,,,6.22,,201.0,,36.0,0.0,0.0,,108765.0,,,,
