timestamp,tti,rnti,event_type,pdsch_nof_prb,pdsch_nof_re,pdsch_tbs,pdsch_mod,pdsch_rv,pusch_rb_start,pusch_rb_len,pusch_nof_re,pusch_tbs,pusch_mod,pusch_rv,pusch_crc,pusch_snr_db,pusch_epre_dbfs,pusch_ta_us,pusch_cfo_hz,pusch_proc_us,pucch_format,pucch_snr_db,pucch_corr,pucch_sr,pucch_cqi,pucch_ack,phr_db,bsr_lc0,bsr_lc1,bsr_lc2,bsr_lc3
2026-08-18T10:31:05.181468,342,0x2,PDSCH,3,450,11,2,0,,,,,,,,,,,,,,,,,,,,,,,
2026-08-18T10:31:05.794975,352,0x46,PUSCH,,,,,,2,4,432,7,2,0,OK,117.9,147.6,0.0,0.0,94,,,,,,,,,,,
2026-08-18T10:31:05.873211,354,0x46,PDSCH,3,450,32,2,0,,,,,,,,,,,,,,,,,,,,,,,
2026-08-18T10:31:06.095484,360,0x46,PUCCH,,,,,,,,,,,,,,,,,,1,-inf,"0.000,",,,,,,,,
2026-08-18T10:31:06.125822,361,0x46,PUCCH,,,,,,,,,,,,,,,,,,2,-inf,"0.000,",,,,,,,,
2026-08-18T10:31:06.161284,362,0x46,PUCCH,,,,,,,,,,,,,,,,,,1a,111.7,"1.000,",,,1,,,,,
2026-08-18T10:31:06.756558,380,0x46,PUCCH,,,,,,,,,,,,,,,,,,1,111.8,"1.000,",,,,,,,,
2026-08-18T10:31:07.306445,388,0x46,PUSCH,,,,,,2,46,6480,157,2,0,OK,109.0,135.8,0.0,0.0,365,,,,,,,,,,,
2026-08-18T10:31:07.306495,388,0x46,PHR,,,,,,,,,,,,,,,,,,,,,,,,30.0,,,,
2026-08-18T10:31:07.352498,389,0x46,PDSCH,3,450,7,2,0,,,,,,,,,,,,,,,,,,,,,,,
2026-08-18T10:31:07.388080,390,0x46,PDSCH,6,900,51,2,0,,,,,,,,,,,,,,,,,,,,,,,
2026-08-18T10:31:07.616284,397,0x46,PUCCH,,,,,,,,,,,,,,,,,,1a,111.8,"1.000,",,,1,,,,,
2026-08-18T10:31:07.653314,398,0x46,PUCCH,,,,,,,,,,,,,,,,,,1a,111.8,"1.000,",,,1,,,,,
2026-08-18T10:31:07.715631,400,0x46,PUCCH,,,,,,,,,,,,,,,,,,1,111.8,"1.000,",,,,,,,,
2026-08-18T10:31:07.741872,401,0x46,PUCCH,,,,,,,,,,,,,,,,,,2,111.8,"1.000,",,,,,,,,
2026-08-18T10:31:07.945154,408,0x46,PUSCH,,,,,,2,10,1296,517,4,0,OK,111.4,142.8,0.0,-0.0,157,,,,,,,,,,,
2026-08-18T10:31:07.945167,408,0x46,BSR,,,,,,,,,,,,,,,,,,,,,,,,,0,0,0,0
2026-08-18T10:31:07.988202,409,0x46,PDSCH,3,450,7,2,0,,,,,,,,,,,,,,,,,,,,,,,
2026-08-18T10:31:08.015775,410,0x46,PDSCH,3,450,41,2,0,,,,,,,,,,,,,,,,,,,,,,,
2026-08-18T10:31:08.245132,417,0x46,PUCCH,,,,,,,,,,,,,,,,,,1a,111.7,"1.000,",,,1,,,,,
2026-08-18T10:31:08.270790,418,0x46,PUCCH,,,,,,,,,,,,,,,,,,1a,111.7,"1.000,",,,1,,,,,
2026-08-18T10:31:08.324229,420,0x46,PUCCH,,,,,,,,,,,,,,,,,,1,111.8,"1.000,",,,,,,,,
2026-08-18T10:31:08.505211,428,0x46,PUSCH,,,,,,2,10,1296,517,4,0,OK,111.4,142.8,0.0,-0.0,87,,,,,,,,,,,
2026-08-18T10:31:08.505294,428,0x46,BSR,,,,,,,,,,,,,,,,,,,,,,,,,0,0,0,0
2026-08-18T10:31:08.523064,429,0x46,PDSCH,3,450,7,2,0,,,,,,,,,,,,,,,,,,,,,,,
2026-08-18T10:31:08.543460,430,0x46,PDSCH,3,450,26,2,0,,,,,,,,,,,,,,,,,,,,,,,
2026-08-18T10:31:08.678279,437,0x46,PUCCH,,,,,,,,,,,,,,,,,,1a,111.7,"1.000,",,,1,,,,,
2026-08-18T10:31:08.696469,438,0x46,PUCCH,,,,,,,,,,,,,,,,,,1a,111.7,"1.000,",,,1,,,,,
2026-08-18T10:31:08.762234,440,0x46,PUCCH,,,,,,,,,,,,,,,,,,1,111.8,"1.000,",,,,,,,,
2026-08-18T10:31:08.801342,441,0x46,PUCCH,,,,,,,,,,,,,,,,,,2,111.8,"1.000,",,,,,,,,
2026-08-18T10:31:08.992726,448,0x46,PUSCH,,,,,,2,10,1296,517,4,0,OK,111.4,142.7,0.0,-0.0,151,,,,,,,,,,,
2026-08-18T10:31:08.992796,448,0x46,PHR,,,,,,,,,,,,,,,,,,,,,,,,30.0,,,,
2026-08-18T10:31:09.021924,449,0x46,PDSCH,3,450,7,2,0,,,,,,,,,,,,,,,,,,,,,,,
2026-08-18T10:31:09.041490,450,0x46,PDSCH,3,450,18,2,0,,,,,,,,,,,,,,,,,,,,,,,
2026-08-18T10:31:09.256321,457,0x46,PUCCH,,,,,,,,,,,,,,,,,,1a,111.7,"1.000,",,,1,,,,,
2026-08-18T10:31:09.296552,458,0x46,PUCCH,,,,,,,,,,,,,,,,,,1a,111.7,"1.000,",,,1,,,,,
2026-08-18T10:31:09.352660,460,0x46,PUCCH,,,,,,,,,,,,,,,,,,1,111.8,"1.000,",,,,,,,,
2026-08-18T10:31:09.559627,468,0x46,PUSCH,,,,,,2,10,1296,517,4,0,OK,111.4,142.8,0.0,-0.0,86,,,,,,,,,,,
2026-08-18T10:31:09.559670,468,0x46,BSR,,,,,,,,,,,,,,,,,,,,,,,,,0,0,0,0
2026-08-18T10:31:09.579442,469,0x46,PDSCH,3,450,22,2,0,,,,,,,,,,,,,,,,,,,,,,,
2026-08-18T10:31:10.057960,477,0x46,PUCCH,,,,,,,,,,,,,,,,,,1a,111.7,"1.000,",,,1,,,,,
2026-08-18T10:31:10.156330,480,0x46,PUCCH,,,,,,,,,,,,,,,,,,1,111.8,"1.000,",,,,,,,,
2026-08-18T10:31:10.184377,481,0x46,PUCCH,,,,,,,,,,,,,,,,,,2,111.8,"1.000,",,,,,,,,
2026-08-18T10:31:10.413157,488,0x46,PUSCH,,,,,,2,10,1296,517,4,0,OK,111.4,142.8,0.0,-0.0,87,,,,,,,,,,,
2026-08-18T10:31:10.413222,488,0x46,BSR,,,,,,,,,,,,,,,,,,,,,,,,,0,0,0,0
2026-08-18T10:31:10.440933,489,0x46,PDSCH,3,450,7,2,0,,,,,,,,,,,,,,,,,,,,,,,
2026-08-18T10:31:10.467902,490,0x46,PDSCH,3,450,113,4,0,,,,,,,,,,,,,,,,,,,,,,,
2026-08-18T10:31:10.641371,497,0x46,PUCCH,,,,,,,,,,,,,,,,,,1a,111.7,"1.000,",,,1,,,,,
2026-08-18T10:31:10.683999,498,0x46,PUCCH,,,,,,,,,,,,,,,,,,1a,111.7,"1.000,",,,1,,,,,
2026-08-18T10:31:10.745228,500,0x46,PUCCH,,,,,,,,,,,,,,,,,,1,111.8,"1.000,",,,,,,,,
2026-08-18T10:31:10.954814,508,0x46,PUSCH,,,,,,2,10,1296,517,4,0,OK,111.4,142.8,0.0,-0.0,99,,,,,,,,,,,
2026-08-18T10:31:10.954874,508,0x46,PHR,,,,,,,,,,,,,,,,,,,,,,,,30.0,,,,
2026-08-18T10:31:10.974944,509,0x46,PDSCH,3,450,18,2,0,,,,,,,,,,,,,,,,,,,,,,,
2026-08-18T10:31:11.207172,517,0x46,PUCCH,,,,,,,,,,,,,,,,,,1a,111.7,"1.000,",,,1,,,,,
2026-08-18T10:31:11.207270,517,0x46,PDSCH,3,450,73,4,0,,,,,,,,,,,,,,,,,,,,,,,
2026-08-18T10:31:11.277347,520,0x46,PUCCH,,,,,,,,,,,,,,,,,,1,-inf,"0.000,",,,,,,,,
2026-08-18T10:31:11.318292,521,0x46,PUCCH,,,,,,,,,,,,,,,,,,2,111.8,"1.000,",,,,,,,,
2026-08-18T10:31:11.417253,525,0x46,PUCCH,,,,,,,,,,,,,,,,,,1a,111.8,"1.000,",,,1,,,,,
2026-08-18T10:31:12.105979,540,0x46,PUCCH,,,,,,,,,,,,,,,,,,1,111.8,"1.000,",,,,,,,,
2026-08-18T10:31:12.454959,548,0x46,PUSCH,,,,,,2,10,1296,517,4,0,OK,111.4,142.7,0.0,-0.0,96,,,,,,,,,,,
2026-08-18T10:31:12.455065,548,0x46,BSR,,,,,,,,,,,,,,,,,,,,,,,,,0,0,0,0
2026-08-18T10:31:12.860763,560,0x46,PUCCH,,,,,,,,,,,,,,,,,,1,-inf,"0.000,",,,,,,,,
2026-08-18T10:31:12.890035,561,0x46,PUCCH,,,,,,,,,,,,,,,,,,2,111.8,"1.000,",,,,,,,,
2026-08-18T10:31:13.463083,580,0x46,PUCCH,,,,,,,,,,,,,,,,,,1,-inf,"0.000,",,,,,,,,
2026-08-18T10:31:13.959334,600,0x46,PUCCH,,,,,,,,,,,,,,,,,,1,-inf,"0.000,",,,,,,,,
2026-08-18T10:31:13.993458,601,0x46,PUCCH,,,,,,,,,,,,,,,,,,2,111.8,"1.000,",,,,,,,,
2026-08-18T10:31:14.680027,620,0x46,PUCCH,,,,,,,,,,,,,,,,,,1,-inf,"0.000,",,,,,,,,
2026-08-18T10:31:15.442351,640,0x46,PUCCH,,,,,,,,,,,,,,,,,,1,-inf,"0.000,",,,,,,,,
2026-08-18T10:31:15.469066,641,0x46,PUCCH,,,,,,,,,,,,,,,,,,2,111.8,"1.000,",,,,,,,,
2026-08-18T10:31:16.139088,660,0x46,PUCCH,,,,,,,,,,,,,,,,,,1,-inf,"0.000,",,,,,,,,
2026-08-18T10:31:16.943654,680,0x46,PUCCH,,,,,,,,,,,,,,,,,,1,-inf,"0.000,",,,,,,,,
2026-08-18T10:31:16.974010,681,0x46,PUCCH,,,,,,,,,,,,,,,,,,2,111.8,"1.000,",,,,,,,,
2026-08-18T10:31:17.542134,700,0x46,PUCCH,,,,,,,,,,,,,,,,,,1,-inf,"0.000,",,,,,,,,
2026-08-18T10:31:18.284998,720,0x46,PUCCH,,,,,,,,,,,,,,,,,,1,-inf,"0.000,",,,,,,,,
2026-08-18T10:31:18.319525,721,0x46,PUCCH,,,,,,,,,,,,,,,,,,2,111.8,"1.000,",,,,,,,,
2026-08-18T10:31:18.925399,740,0x46,PUCCH,,,,,,,,,,,,,,,,,,1,-inf,"0.000,",,,,,,,,
2026-08-18T10:31:19.436147,760,0x46,PUCCH,,,,,,,,,,,,,,,,,,1,-inf,"0.000,",,,,,,,,
2026-08-18T10:31:19.501237,761,0x46,PUCCH,,,,,,,,,,,,,,,,,,2,111.8,"1.000,",,,,,,,,
2026-08-18T10:31:20.263010,780,0x46,PUCCH,,,,,,,,,,,,,,,,,,1,-inf,"0.000,",,,,,,,,
2026-08-18T10:31:20.883801,800,0x46,PUCCH,,,,,,,,,,,,,,,,,,1,-inf,"0.000,",,,,,,,,
2026-08-18T10:31:20.915749,801,0x46,PUCCH,,,,,,,,,,,,,,,,,,2,111.8,"1.000,",,,,,,,,
2026-08-18T10:31:21.666029,820,0x46,PUCCH,,,,,,,,,,,,,,,,,,1,-inf,"0.000,",,,,,,,,
2026-08-18T10:31:22.443358,840,0x46,PUCCH,,,,,,,,,,,,,,,,,,1,-inf,"0.000,",,,,,,,,
2026-08-18T10:31:22.471852,841,0x46,PUCCH,,,,,,,,,,,,,,,,,,2,111.8,"1.000,",,,,,,,,
2026-08-18T10:31:23.118276,860,0x46,PUCCH,,,,,,,,,,,,,,,,,,1,-inf,"0.000,",,,,,,,,
2026-08-18T10:31:23.824849,880,0x46,PUCCH,,,,,,,,,,,,,,,,,,1,-inf,"0.000,",,,,,,,,
2026-08-18T10:31:23.856497,881,0x46,PUCCH,,,,,,,,,,,,,,,,,,2,111.8,"1.000,",,,,,,,,
2026-08-18T10:31:24.533047,900,0x46,PUCCH,,,,,,,,,,,,,,,,,,1,-inf,"0.000,",,,,,,,,
2026-08-18T10:31:25.442397,920,0x46,PUCCH,,,,,,,,,,,,,,,,,,1,-inf,"0.000,",,,,,,,,
2026-08-18T10:31:25.476100,921,0x46,PUCCH,,,,,,,,,,,,,,,,,,2,111.8,"1.000,",,,,,,,,
2026-08-18T10:31:26.145667,940,0x46,PUCCH,,,,,,,,,,,,,,,,,,1,-inf,"0.000,",,,,,,,,
2026-08-18T10:31:27.122301,960,0x46,PUCCH,,,,,,,,,,,,,,,,,,1,-inf,"0.000,",,,,,,,,
2026-08-18T10:31:27.167511,961,0x46,PUCCH,,,,,,,,,,,,,,,,,,2,111.8,"1.000,",,,,,,,,
2026-08-18T10:31:27.674007,980,0x46,PUCCH,,,,,,,,,,,,,,,,,,1,-inf,"0.000,",,,,,,,,
2026-08-18T10:31:28.238690,1000,0x46,PUCCH,,,,,,,,,,,,,,,,,,1,-inf,"0.000,",,,,,,,,
2026-08-18T10:31:28.260515,1001,0x46,PUCCH,,,,,,,,,,,,,,,,,,2,111.8,"1.000,",,,,,,,,
2026-08-18T10:31:28.737280,1020,0x46,PUCCH,,,,,,,,,,,,,,,,,,1,-inf,"0.000,",,,,,,,,
2026-08-18T10:31:29.603662,1040,0x46,PUCCH,,,,,,,,,,,,,,,,,,1,-inf,"0.000,",,,,,,,,
2026-08-18T10:31:29.644548,1041,0x46,PUCCH,,,,,,,,,,,,,,,,,,2,111.8,"1.000,",,,,,,,,
2026-08-18T10:31:30.265195,1060,0x46,PUCCH,,,,,,,,,,,,,,,,,,1,-inf,"0.000,",,,,,,,,
2026-08-18T10:31:30.881102,1080,0x46,PUCCH,,,,,,,,,,,,,,,,,,1,-inf,"0.000,",,,,,,,,
2026-08-18T10:31:30.906867,1081,0x46,PUCCH,,,,,,,,,,,,,,,,,,2,111.8,"1.000,",,,,,,,,
2026-08-18T10:31:31.397569,1100,0x46,PUCCH,,,,,,,,,,,,,,,,,,1,-inf,"0.000,",,,,,,,,
2026-08-18T10:31:32.152930,1120,0x46,PUCCH,,,,,,,,,,,,,,,,,,1,-inf,"0.000,",,,,,,,,
2026-08-18T10:31:32.179097,1121,0x46,PUCCH,,,,,,,,,,,,,,,,,,2,111.8,"1.000,",,,,,,,,
2026-08-18T10:31:32.671562,1140,0x46,PUCCH,,,,,,,,,,,,,,,,,,1,-inf,"0.000,",,,,,,,,
2026-08-18T10:31:33.290224,1160,0x46,PUCCH,,,,,,,,,,,,,,,,,,1,-inf,"0.000,",,,,,,,,
2026-08-18T10:31:33.336483,1161,0x46,PUCCH,,,,,,,,,,,,,,,,,,2,111.8,"1.000,",,,,,,,,
2026-08-18T10:31:33.921067,1180,0x46,PUCCH,,,,,,,,,,,,,,,,,,1,-inf,"0.000,",,,,,,,,
2026-08-18T10:31:34.495218,1200,0x46,PUCCH,,,,,,,,,,,,,,,,,,1,-inf,"0.000,",,,,,,,,
2026-08-18T10:31:34.524904,1201,0x46,PUCCH,,,,,,,,,,,,,,,,,,2,111.8,"1.000,",,,,,,,,
2026-08-18T10:31:35.343783,1220,0x46,PUCCH,,,,,,,,,,,,,,,,,,1,-inf,"0.000,",,,,,,,,
2026-08-18T10:31:36.099152,1240,0x46,PUCCH,,,,,,,,,,,,,,,,,,1,-inf,"0.000,",,,,,,,,
2026-08-18T10:31:36.130383,1241,0x46,PUCCH,,,,,,,,,,,,,,,,,,2,111.8,"1.000,",,,,,,,,
2026-08-18T10:31:36.731713,1260,0x46,PUCCH,,,,,,,,,,,,,,,,,,1,-inf,"0.000,",,,,,,,,
2026-08-18T10:31:37.440697,1280,0x46,PUCCH,,,,,,,,,,,,,,,,,,1,-inf,"0.000,",,,,,,,,
2026-08-18T10:31:37.473506,1281,0x46,PUCCH,,,,,,,,,,,,,,,,,,2,111.8,"1.000,",,,,,,,,
2026-08-18T10:31:38.299605,1300,0x46,PUCCH,,,,,,,,,,,,,,,,,,1,-inf,"0.000,",,,,,,,,
2026-08-18T10:31:39.082343,1320,0x46,PUCCH,,,,,,,,,,,,,,,,,,1,-inf,"0.000,",,,,,,,,
2026-08-18T10:31:39.122089,1321,0x46,PUCCH,,,,,,,,,,,,,,,,,,2,111.8,"1.000,",,,,,,,,
2026-08-18T10:31:39.715692,1340,0x46,PUCCH,,,,,,,,,,,,,,,,,,1,-inf,"0.000,",,,,,,,,
2026-08-18T10:31:40.444744,1360,0x46,PUCCH,,,,,,,,,,,,,,,,,,1,-inf,"0.000,",,,,,,,,
2026-08-18T10:31:40.478158,1361,0x46,PUCCH,,,,,,,,,,,,,,,,,,2,111.8,"1.000,",,,,,,,,
2026-08-18T10:31:41.099389,1380,0x46,PUCCH,,,,,,,,,,,,,,,,,,1,-inf,"0.000,",,,,,,,,
2026-08-18T10:31:41.659672,1400,0x46,PUCCH,,,,,,,,,,,,,,,,,,1,-inf,"0.000,",,,,,,,,
2026-08-18T10:31:41.683746,1401,0x46,PUCCH,,,,,,,,,,,,,,,,,,2,111.8,"1.000,",,,,,,,,
2026-08-18T10:31:42.243711,1420,0x46,PUCCH,,,,,,,,,,,,,,,,,,1,-inf,"0.000,",,,,,,,,
2026-08-18T10:31:42.760146,1440,0x46,PUCCH,,,,,,,,,,,,,,,,,,1,-inf,"0.000,",,,,,,,,
2026-08-18T10:31:42.780319,1441,0x46,PUCCH,,,,,,,,,,,,,,,,,,2,111.8,"1.000,",,,,,,,,
2026-08-18T10:31:43.422554,1460,0x46,PUCCH,,,,,,,,,,,,,,,,,,1,-inf,"0.000,",,,,,,,,
2026-08-18T10:31:44.128989,1480,0x46,PUCCH,,,,,,,,,,,,,,,,,,1,-inf,"0.000,",,,,,,,,
2026-08-18T10:31:44.171843,1481,0x46,PUCCH,,,,,,,,,,,,,,,,,,2,111.8,"1.000,",,,,,,,,
2026-08-18T10:31:44.912830,1500,0x46,PUCCH,,,,,,,,,,,,,,,,,,1,-inf,"0.000,",,,,,,,,
2026-08-18T10:31:45.705276,1520,0x46,PUCCH,,,,,,,,,,,,,,,,,,1,-inf,"0.000,",,,,,,,,
2026-08-18T10:31:45.740922,1521,0x46,PUCCH,,,,,,,,,,,,,,,,,,2,111.8,"1.000,",,,,,,,,
2026-08-18T10:31:46.743518,1540,0x46,PUCCH,,,,,,,,,,,,,,,,,,1,-inf,"0.000,",,,,,,,,
2026-08-18T10:31:47.559697,1560,0x46,PUCCH,,,,,,,,,,,,,,,,,,1,-inf,"0.000,",,,,,,,,
2026-08-18T10:31:47.588750,1561,0x46,PUCCH,,,,,,,,,,,,,,,,,,2,111.8,"1.000,",,,,,,,,
2026-08-18T10:31:48.669446,1580,0x46,PUCCH,,,,,,,,,,,,,,,,,,1,-inf,"0.000,",,,,,,,,
2026-08-18T10:31:49.366510,1600,0x46,PUCCH,,,,,,,,,,,,,,,,,,1,-inf,"0.000,",,,,,,,,
2026-08-18T10:31:49.397010,1601,0x46,PUCCH,,,,,,,,,,,,,,,,,,2,111.8,"1.000,",,,,,,,,
2026-08-18T10:31:50.018486,1620,0x46,PUCCH,,,,,,,,,,,,,,,,,,1,-inf,"0.000,",,,,,,,,
2026-08-18T10:31:50.546105,1640,0x46,PUCCH,,,,,,,,,,,,,,,,,,1,-inf,"0.000,",,,,,,,,
2026-08-18T10:31:50.578432,1641,0x46,PUCCH,,,,,,,,,,,,,,,,,,2,111.8,"1.000,",,,,,,,,
2026-08-18T10:31:51.305309,1660,0x46,PUCCH,,,,,,,,,,,,,,,,,,1,-inf,"0.000,",,,,,,,,
2026-08-18T10:31:51.941226,1680,0x46,PUCCH,,,,,,,,,,,,,,,,,,1,-inf,"0.000,",,,,,,,,
2026-08-18T10:31:51.972690,1681,0x46,PUCCH,,,,,,,,,,,,,,,,,,2,111.8,"1.000,",,,,,,,,
2026-08-18T10:31:52.583224,1700,0x46,PUCCH,,,,,,,,,,,,,,,,,,1,-inf,"0.000,",,,,,,,,
2026-08-18T10:31:53.172184,1720,0x46,PUCCH,,,,,,,,,,,,,,,,,,1,-inf,"0.000,",,,,,,,,
2026-08-18T10:31:53.202995,1721,0x46,PUCCH,,,,,,,,,,,,,,,,,,2,111.8,"1.000,",,,,,,,,
2026-08-18T10:31:53.721180,1740,0x46,PUCCH,,,,,,,,,,,,,,,,,,1,-inf,"0.000,",,,,,,,,
2026-08-18T10:31:54.549465,1760,0x46,PUCCH,,,,,,,,,,,,,,,,,,1,-inf,"0.000,",,,,,,,,
2026-08-18T10:31:54.593036,1761,0x46,PUCCH,,,,,,,,,,,,,,,,,,2,111.8,"1.000,",,,,,,,,
2026-08-18T10:31:55.349933,1780,0x46,PUCCH,,,,,,,,,,,,,,,,,,1,-inf,"0.000,",,,,,,,,
2026-08-18T10:31:56.200660,1800,0x46,PUCCH,,,,,,,,,,,,,,,,,,1,-inf,"0.000,",,,,,,,,
2026-08-18T10:31:56.221514,1801,0x46,PUCCH,,,,,,,,,,,,,,,,,,2,111.8,"1.000,",,,,,,,,
2026-08-18T10:31:56.855856,1820,0x46,PUCCH,,,,,,,,,,,,,,,,,,1,-inf,"0.000,",,,,,,,,
2026-08-18T10:31:57.625472,1840,0x46,PUCCH,,,,,,,,,,,,,,,,,,1,-inf,"0.000,",,,,,,,,
2026-08-18T10:31:57.669648,1841,0x46,PUCCH,,,,,,,,,,,,,,,,,,2,111.8,"1.000,",,,,,,,,
2026-08-18T10:31:58.540873,1860,0x46,PUCCH,,,,,,,,,,,,,,,,,,1,-inf,"0.000,",,,,,,,,
2026-08-18T10:31:59.321600,1880,0x46,PUCCH,,,,,,,,,,,,,,,,,,1,-inf,"0.000,",,,,,,,,
2026-08-18T10:31:59.353869,1881,0x46,PUCCH,,,,,,,,,,,,,,,,,,2,111.8,"1.000,",,,,,,,,
2026-08-18T10:31:59.946348,1900,0x46,PUCCH,,,,,,,,,,,,,,,,,,1,-inf,"0.000,",,,,,,,,
2026-08-18T10:32:00.552668,1920,0x46,PUCCH,,,,,,,,,,,,,,,,,,1,-inf,"0.000,",,,,,,,,
2026-08-18T10:32:00.598523,1921,0x46,PUCCH,,,,,,,,,,,,,,,,,,2,111.8,"1.000,",,,,,,,,
2026-08-18T10:32:01.954155,1940,0x46,PUCCH,,,,,,,,,,,,,,,,,,1,-inf,"0.000,",,,,,,,,
2026-08-18T10:32:02.742407,1960,0x46,PUCCH,,,,,,,,,,,,,,,,,,1,-inf,"0.000,",,,,,,,,
2026-08-18T10:32:02.825796,1961,0x46,PUCCH,,,,,,,,,,,,,,,,,,2,111.8,"1.000,",,,,,,,,
2026-08-18T10:32:03.603556,1980,0x46,PUCCH,,,,,,,,,,,,,,,,,,1,-inf,"0.000,",,,,,,,,
2026-08-18T10:32:04.357386,2000,0x46,PUCCH,,,,,,,,,,,,,,,,,,1,-inf,"0.000,",,,,,,,,
2026-08-18T10:32:04.439233,2001,0x46,PUCCH,,,,,,,,,,,,,,,,,,2,111.8,"1.000,",,,,,,,,
2026-08-18T10:32:05.609764,2020,0x46,PUCCH,,,,,,,,,,,,,,,,,,1,-inf,"0.000,",,,,,,,,
2026-08-18T10:32:06.375231,2040,0x46,PUCCH,,,,,,,,,,,,,,,,,,1,-inf,"0.000,",,,,,,,,
2026-08-18T10:32:06.405279,2041,0x46,PUCCH,,,,,,,,,,,,,,,,,,2,111.8,"1.000,",,,,,,,,
2026-08-18T10:32:07.101616,2060,0x46,PUCCH,,,,,,,,,,,,,,,,,,1,-inf,"0.000,",,,,,,,,
2026-08-18T10:32:08.008984,2080,0x46,PUCCH,,,,,,,,,,,,,,,,,,1,-inf,"0.000,",,,,,,,,
2026-08-18T10:32:08.046889,2081,0x46,PUCCH,,,,,,,,,,,,,,,,,,2,111.8,"1.000,",,,,,,,,
2026-08-18T10:32:08.874872,2100,0x46,PUCCH,,,,,,,,,,,,,,,,,,1,-inf,"0.000,",,,,,,,,
2026-08-18T10:32:09.863392,2120,0x46,PUCCH,,,,,,,,,,,,,,,,,,1,-inf,"0.000,",,,,,,,,
2026-08-18T10:32:09.928756,2121,0x46,PUCCH,,,,,,,,,,,,,,,,,,2,111.8,"1.000,",,,,,,,,
2026-08-18T10:32:10.601478,2140,0x46,PUCCH,,,,,,,,,,,,,,,,,,1,-inf,"0.000,",,,,,,,,
2026-08-18T10:32:11.348070,2160,0x46,PUCCH,,,,,,,,,,,,,,,,,,1,-inf,"0.000,",,,,,,,,
2026-08-18T10:32:11.385692,2161,0x46,PUCCH,,,,,,,,,,,,,,,,,,2,111.8,"1.000,",,,,,,,,
2026-08-18T10:32:12.117793,2180,0x46,PUCCH,,,,,,,,,,,,,,,,,,1,-inf,"0.000,",,,,,,,,
2026-08-18T10:32:12.718705,2200,0x46,PUCCH,,,,,,,,,,,,,,,,,,1,-inf,"0.000,",,,,,,,,
2026-08-18T10:32:12.745053,2201,0x46,PUCCH,,,,,,,,,,,,,,,,,,2,111.8,"1.000,",,,,,,,,
2026-08-18T10:32:13.345554,2220,0x46,PUCCH,,,,,,,,,,,,,,,,,,1,-inf,"0.000,",,,,,,,,
2026-08-18T10:32:14.038333,2240,0x46,PUCCH,,,,,,,,,,,,,,,,,,1,-inf,"0.000,",,,,,,,,
2026-08-18T10:32:14.065952,2241,0x46,PUCCH,,,,,,,,,,,,,,,,,,2,111.8,"1.000,",,,,,,,,
2026-08-18T10:32:14.797461,2260,0x46,PUCCH,,,,,,,,,,,,,,,,,,1,-inf,"0.000,",,,,,,,,
2026-08-18T10:32:15.420804,2280,0x46,PUCCH,,,,,,,,,,,,,,,,,,1,-inf,"0.000,",,,,,,,,
2026-08-18T10:32:15.448928,2281,0x46,PUCCH,,,,,,,,,,,,,,,,,,2,111.8,"1.000,",,,,,,,,
2026-08-18T10:32:16.140845,2300,0x46,PUCCH,,,,,,,,,,,,,,,,,,1,-inf,"0.000,",,,,,,,,
2026-08-18T10:32:16.795994,2320,0x46,PUCCH,,,,,,,,,,,,,,,,,,1,-inf,"0.000,",,,,,,,,
2026-08-18T10:32:16.829938,2321,0x46,PUCCH,,,,,,,,,,,,,,,,,,2,111.8,"1.000,",,,,,,,,
2026-08-18T10:32:17.498656,2340,0x46,PUCCH,,,,,,,,,,,,,,,,,,1,-inf,"0.000,",,,,,,,,
2026-08-18T10:32:18.461145,2360,0x46,PUCCH,,,,,,,,,,,,,,,,,,1,-inf,"0.000,",,,,,,,,
2026-08-18T10:32:18.490217,2361,0x46,PUCCH,,,,,,,,,,,,,,,,,,2,111.8,"1.000,",,,,,,,,
2026-08-18T10:32:19.264883,2380,0x46,PUCCH,,,,,,,,,,,,,,,,,,1,-inf,"0.000,",,,,,,,,
2026-08-18T10:32:20.127597,2400,0x46,PUCCH,,,,,,,,,,,,,,,,,,1,-inf,"0.000,",,,,,,,,
2026-08-18T10:32:20.176991,2401,0x46,PUCCH,,,,,,,,,,,,,,,,,,2,111.8,"1.000,",,,,,,,,
2026-08-18T10:32:21.163403,2420,0x46,PUCCH,,,,,,,,,,,,,,,,,,1,-inf,"0.000,",,,,,,,,
2026-08-18T10:32:22.644989,2440,0x46,PUCCH,,,,,,,,,,,,,,,,,,1,-inf,"0.000,",,,,,,,,
2026-08-18T10:32:22.706421,2441,0x46,PUCCH,,,,,,,,,,,,,,,,,,2,111.8,"1.000,",,,,,,,,
2026-08-18T10:32:23.493543,2460,0x46,PUCCH,,,,,,,,,,,,,,,,,,1,-inf,"0.000,",,,,,,,,
2026-08-18T10:32:24.424592,2480,0x46,PUCCH,,,,,,,,,,,,,,,,,,1,-inf,"0.000,",,,,,,,,
2026-08-18T10:32:24.454810,2481,0x46,PUCCH,,,,,,,,,,,,,,,,,,2,111.8,"1.000,",,,,,,,,
2026-08-18T10:32:25.502844,2500,0x46,PUCCH,,,,,,,,,,,,,,,,,,1,-inf,"0.000,",,,,,,,,
2026-08-18T10:32:26.066079,2520,0x46,PUCCH,,,,,,,,,,,,,,,,,,1,-inf,"0.000,",,,,,,,,
2026-08-18T10:32:26.118878,2521,0x46,PUCCH,,,,,,,,,,,,,,,,,,2,111.8,"1.000,",,,,,,,,
2026-08-18T10:32:26.962432,2540,0x46,PUCCH,,,,,,,,,,,,,,,,,,1,-inf,"0.000,",,,,,,,,
2026-08-18T10:32:27.824309,2560,0x46,PUCCH,,,,,,,,,,,,,,,,,,1,-inf,"0.000,",,,,,,,,
2026-08-18T10:32:27.863472,2561,0x46,PUCCH,,,,,,,,,,,,,,,,,,2,111.8,"1.000,",,,,,,,,
2026-08-18T10:32:28.660999,2580,0x46,PUCCH,,,,,,,,,,,,,,,,,,1,-inf,"0.000,",,,,,,,,
2026-08-18T10:32:29.712504,2600,0x46,PUCCH,,,,,,,,,,,,,,,,,,1,-inf,"0.000,",,,,,,,,
2026-08-18T10:32:29.774532,2601,0x46,PUCCH,,,,,,,,,,,,,,,,,,2,111.8,"1.000,",,,,,,,,
2026-08-18T10:32:30.469582,2620,0x46,PUCCH,,,,,,,,,,,,,,,,,,1,-inf,"0.000,",,,,,,,,
2026-08-18T10:32:31.276278,2640,0x46,PUCCH,,,,,,,,,,,,,,,,,,1,-inf,"0.000,",,,,,,,,
2026-08-18T10:32:31.304540,2641,0x46,PUCCH,,,,,,,,,,,,,,,,,,2,111.8,"1.000,",,,,,,,,
2026-08-18T10:32:31.878521,2660,0x46,PUCCH,,,,,,,,,,,,,,,,,,1,-inf,"0.000,",,,,,,,,
2026-08-18T10:32:32.681403,2680,0x46,PUCCH,,,,,,,,,,,,,,,,,,1,-inf,"0.000,",,,,,,,,
2026-08-18T10:32:32.717589,2681,0x46,PUCCH,,,,,,,,,,,,,,,,,,2,111.8,"1.000,",,,,,,,,
2026-08-18T10:32:33.333996,2700,0x46,PUCCH,,,,,,,,,,,,,,,,,,1,-inf,"0.000,",,,,,,,,
2026-08-18T10:32:33.958372,2720,0x46,PUCCH,,,,,,,,,,,,,,,,,,1,-inf,"0.000,",,,,,,,,
2026-08-18T10:32:33.990010,2721,0x46,PUCCH,,,,,,,,,,,,,,,,,,2,111.8,"1.000,",,,,,,,,
2026-08-18T10:32:34.713552,2740,0x46,PUCCH,,,,,,,,,,,,,,,,,,1,-inf,"0.000,",,,,,,,,
2026-08-18T10:32:35.681484,2760,0x46,PUCCH,,,,,,,,,,,,,,,,,,1,-inf,"0.000,",,,,,,,,
2026-08-18T10:32:35.711353,2761,0x46,PUCCH,,,,,,,,,,,,,,,,,,2,111.8,"1.000,",,,,,,,,
2026-08-18T10:32:36.440740,2780,0x46,PUCCH,,,,,,,,,,,,,,,,,,1,-inf,"0.000,",,,,,,,,
2026-08-18T10:32:37.154913,2800,0x46,PUCCH,,,,,,,,,,,,,,,,,,1,-inf,"0.000,",,,,,,,,
2026-08-18T10:32:37.208075,2801,0x46,PUCCH,,,,,,,,,,,,,,,,,,2,111.8,"1.000,",,,,,,,,
2026-08-18T10:32:37.994341,2820,0x46,PUCCH,,,,,,,,,,,,,,,,,,1,-inf,"0.000,",,,,,,,,
2026-08-18T10:32:39.349346,2840,0x46,PUCCH,,,,,,,,,,,,,,,,,,1,-inf,"0.000,",,,,,,,,
2026-08-18T10:32:39.414757,2841,0x46,PUCCH,,,,,,,,,,,,,,,,,,2,111.8,"1.000,",,,,,,,,
2026-08-18T10:32:40.147327,2860,0x46,PUCCH,,,,,,,,,,,,,,,,,,1,-inf,"0.000,",,,,,,,,
2026-08-18T10:32:40.715066,2880,0x46,PUCCH,,,,,,,,,,,,,,,,,,1,-inf,"0.000,",,,,,,,,
2026-08-18T10:32:40.742132,2881,0x46,PUCCH,,,,,,,,,,,,,,,,,,2,111.8,"1.000,",,,,,,,,
2026-08-18T10:32:41.284196,2900,0x46,PUCCH,,,,,,,,,,,,,,,,,,1,-inf,"0.000,",,,,,,,,
2026-08-18T10:32:41.930324,2920,0x46,PUCCH,,,,,,,,,,,,,,,,,,1,-inf,"0.000,",,,,,,,,
2026-08-18T10:32:41.960579,2921,0x46,PUCCH,,,,,,,,,,,,,,,,,,2,111.8,"1.000,",,,,,,,,
2026-08-18T10:32:42.912557,2940,0x46,PUCCH,,,,,,,,,,,,,,,,,,1,-inf,"0.000,",,,,,,,,
2026-08-18T10:32:43.618617,2960,0x46,PUCCH,,,,,,,,,,,,,,,,,,1,-inf,"0.000,",,,,,,,,
2026-08-18T10:32:43.661064,2961,0x46,PUCCH,,,,,,,,,,,,,,,,,,2,111.8,"1.000,",,,,,,,,
2026-08-18T10:32:44.398413,2980,0x46,PUCCH,,,,,,,,,,,,,,,,,,1,-inf,"0.000,",,,,,,,,
2026-08-18T10:32:45.053966,3000,0x46,PUCCH,,,,,,,,,,,,,,,,,,1,-inf,"0.000,",,,,,,,,
2026-08-18T10:32:45.082719,3001,0x46,PUCCH,,,,,,,,,,,,,,,,,,2,111.8,"1.000,",,,,,,,,
2026-08-18T10:32:45.755943,3020,0x46,PUCCH,,,,,,,,,,,,,,,,,,1,-inf,"0.000,",,,,,,,,
2026-08-18T10:32:46.905263,3040,0x46,PUCCH,,,,,,,,,,,,,,,,,,1,-inf,"0.000,",,,,,,,,
2026-08-18T10:32:46.941500,3041,0x46,PUCCH,,,,,,,,,,,,,,,,,,2,111.8,"1.000,",,,,,,,,
2026-08-18T10:32:47.923463,3060,0x46,PUCCH,,,,,,,,,,,,,,,,,,1,-inf,"0.000,",,,,,,,,
2026-08-18T10:32:48.813577,3080,0x46,PUCCH,,,,,,,,,,,,,,,,,,1,-inf,"0.000,",,,,,,,,
2026-08-18T10:32:48.853086,3081,0x46,PUCCH,,,,,,,,,,,,,,,,,,2,111.8,"1.000,",,,,,,,,
2026-08-18T10:32:49.742532,3100,0x46,PUCCH,,,,,,,,,,,,,,,,,,1,-inf,"0.000,",,,,,,,,
2026-08-18T10:32:50.638174,3120,0x46,PUCCH,,,,,,,,,,,,,,,,,,1,111.8,"1.000,",,,,,,,,
2026-08-18T10:32:50.663868,3121,0x46,PUCCH,,,,,,,,,,,,,,,,,,2,111.8,"1.000,",,,,,,,,
2026-08-18T10:32:50.918900,3128,0x46,PUSCH,,,,,,2,10,1296,517,4,0,OK,111.4,142.8,0.0,-0.0,243,,,,,,,,,,,
2026-08-18T10:32:50.918973,3128,0x46,PHR,,,,,,,,,,,,,,,,,,,,,,,,30.0,,,,
2026-08-18T10:32:50.957126,3129,0x46,PDSCH,3,450,7,2,0,,,,,,,,,,,,,,,,,,,,,,,
2026-08-18T10:32:51.284730,3137,0x46,PUCCH,,,,,,,,,,,,,,,,,,1a,111.7,"1.000,",,,1,,,,,
2026-08-18T10:32:51.410930,3140,0x46,PUCCH,,,,,,,,,,,,,,,,,,1,111.8,"1.000,",,,,,,,,
2026-08-18T10:32:51.754487,3148,0x46,PUSCH,,,,,,2,10,1296,517,4,0,OK,111.4,142.8,0.0,-0.0,94,,,,,,,,,,,
2026-08-18T10:32:51.754508,3148,0x46,BSR,,,,,,,,,,,,,,,,,,,,,,,,,0,0,0,0
2026-08-18T10:32:52.360757,3160,0x46,PUCCH,,,,,,,,,,,,,,,,,,1,111.8,"1.000,",,,,,,,,
2026-08-18T10:32:52.415635,3161,0x46,PUCCH,,,,,,,,,,,,,,,,,,2,111.8,"1.000,",,,,,,,,
2026-08-18T10:32:52.645855,3168,0x46,PUSCH,,,,,,2,10,1296,517,4,0,OK,111.4,142.8,0.0,-0.0,96,,,,,,,,,,,
2026-08-18T10:32:52.645873,3168,0x46,BSR,,,,,,,,,,,,,,,,,,,,,,,,,0,0,0,0
2026-08-18T10:32:53.190494,3180,0x46,PUCCH,,,,,,,,,,,,,,,,,,1,111.8,"1.000,",,,,,,,,
2026-08-18T10:32:53.190652,3180,0x46,PDSCH,3,450,7,2,0,,,,,,,,,,,,,,,,,,,,,,,
2026-08-18T10:32:53.407920,3188,0x46,PHR,,,,,,,,,,,,,,,,,,,,,,,,30.0,,,,
2026-08-18T10:32:53.985025,3200,0x46,PUCCH,,,,,,,,,,,,,,,,,,1,-inf,"0.000,",,,,,,,,
2026-08-18T10:32:54.029364,3201,0x46,PUCCH,,,,,,,,,,,,,,,,,,2,111.8,"1.000,",,,,,,,,
2026-08-18T10:32:54.889842,3220,0x46,PUCCH,,,,,,,,,,,,,,,,,,1,111.8,"1.000,",,,,,,,,
2026-08-18T10:32:55.220092,3228,0x46,PUSCH,,,,,,2,10,1296,517,4,0,OK,111.4,142.7,0.0,-0.0,97,,,,,,,,,,,
2026-08-18T10:32:55.220189,3228,0x46,BSR,,,,,,,,,,,,,,,,,,,,,,,,,0,0,0,0
2026-08-18T10:32:55.282066,3230,0x46,PDSCH,3,450,7,2,0,,,,,,,,,,,,,,,,,,,,,,,
2026-08-18T10:32:55.857258,3238,0x46,PUCCH,,,,,,,,,,,,,,,,,,1a,111.7,"1.000,",,,1,,,,,
2026-08-18T10:32:55.989311,3240,0x46,PUCCH,,,,,,,,,,,,,,,,,,1,-inf,"0.000,",,,,,,,,
2026-08-18T10:32:56.045623,3241,0x46,PUCCH,,,,,,,,,,,,,,,,,,2,111.8,"1.000,",,,,,,,,
2026-08-18T10:32:56.973256,3260,0x46,PUCCH,,,,,,,,,,,,,,,,,,1,-inf,"0.000,",,,,,,,,
2026-08-18T10:32:57.810948,3280,0x46,PUCCH,,,,,,,,,,,,,,,,,,1,-inf,"0.000,",,,,,,,,
2026-08-18T10:32:57.836735,3281,0x46,PUCCH,,,,,,,,,,,,,,,,,,2,111.8,"1.000,",,,,,,,,
2026-08-18T10:32:58.459182,3300,0x46,PUCCH,,,,,,,,,,,,,,,,,,1,-inf,"0.000,",,,,,,,,
2026-08-18T10:32:59.096446,3320,0x46,PUCCH,,,,,,,,,,,,,,,,,,1,-inf,"0.000,",,,,,,,,
2026-08-18T10:32:59.139384,3321,0x46,PUCCH,,,,,,,,,,,,,,,,,,2,111.8,"1.000,",,,,,,,,
2026-08-18T10:32:59.766042,3340,0x46,PUCCH,,,,,,,,,,,,,,,,,,1,-inf,"0.000,",,,,,,,,
2026-08-18T10:33:00.533373,3360,0x46,PUCCH,,,,,,,,,,,,,,,,,,1,-inf,"0.000,",,,,,,,,
2026-08-18T10:33:00.574806,3361,0x46,PUCCH,,,,,,,,,,,,,,,,,,2,111.8,"1.000,",,,,,,,,
2026-08-18T10:33:01.181569,3380,0x46,PUCCH,,,,,,,,,,,,,,,,,,1,-inf,"0.000,",,,,,,,,
2026-08-18T10:33:01.749798,3400,0x46,PUCCH,,,,,,,,,,,,,,,,,,1,-inf,"0.000,",,,,,,,,
2026-08-18T10:33:01.801287,3401,0x46,PUCCH,,,,,,,,,,,,,,,,,,2,111.8,"1.000,",,,,,,,,
2026-08-18T10:33:02.674300,3420,0x46,PUCCH,,,,,,,,,,,,,,,,,,1,-inf,"0.000,",,,,,,,,
2026-08-18T10:33:03.502429,3440,0x46,PUCCH,,,,,,,,,,,,,,,,,,1,-inf,"0.000,",,,,,,,,
2026-08-18T10:33:03.576794,3441,0x46,PUCCH,,,,,,,,,,,,,,,,,,2,111.8,"1.000,",,,,,,,,
2026-08-18T10:33:04.338228,3460,0x46,PUCCH,,,,,,,,,,,,,,,,,,1,-inf,"0.000,",,,,,,,,
2026-08-18T10:33:05.005669,3480,0x46,PUCCH,,,,,,,,,,,,,,,,,,1,-inf,"0.000,",,,,,,,,
2026-08-18T10:33:05.032549,3481,0x46,PUCCH,,,,,,,,,,,,,,,,,,2,111.8,"1.000,",,,,,,,,
2026-08-18T10:33:05.475455,3500,0x46,PUCCH,,,,,,,,,,,,,,,,,,1,-inf,"0.000,",,,,,,,,
2026-08-18T10:33:05.970060,3520,0x46,PUCCH,,,,,,,,,,,,,,,,,,1,-inf,"0.000,",,,,,,,,
2026-08-18T10:33:05.998291,3521,0x46,PUCCH,,,,,,,,,,,,,,,,,,2,111.8,"1.000,",,,,,,,,
2026-08-18T10:33:06.544439,3540,0x46,PUCCH,,,,,,,,,,,,,,,,,,1,-inf,"0.000,",,,,,,,,
2026-08-18T10:33:07.387670,3560,0x46,PUCCH,,,,,,,,,,,,,,,,,,1,-inf,"0.000,",,,,,,,,
2026-08-18T10:33:07.439825,3561,0x46,PUCCH,,,,,,,,,,,,,,,,,,2,111.8,"1.000,",,,,,,,,
2026-08-18T10:33:08.173371,3580,0x46,PUCCH,,,,,,,,,,,,,,,,,,1,-inf,"0.000,",,,,,,,,
2026-08-18T10:33:08.934472,3600,0x46,PUCCH,,,,,,,,,,,,,,,,,,1,-inf,"0.000,",,,,,,,,
2026-08-18T10:33:08.965457,3601,0x46,PUCCH,,,,,,,,,,,,,,,,,,2,111.8,"1.000,",,,,,,,,
2026-08-18T10:33:09.692833,3620,0x46,PUCCH,,,,,,,,,,,,,,,,,,1,-inf,"0.000,",,,,,,,,
2026-08-18T10:33:10.565952,3640,0x46,PUCCH,,,,,,,,,,,,,,,,,,1,-inf,"0.000,",,,,,,,,
2026-08-18T10:33:10.640772,3641,0x46,PUCCH,,,,,,,,,,,,,,,,,,2,111.8,"1.000,",,,,,,,,
2026-08-18T10:33:11.409621,3660,0x46,PUCCH,,,,,,,,,,,,,,,,,,1,-inf,"0.000,",,,,,,,,
2026-08-18T10:33:12.189382,3680,0x46,PUCCH,,,,,,,,,,,,,,,,,,1,-inf,"0.000,",,,,,,,,
2026-08-18T10:33:12.238133,3681,0x46,PUCCH,,,,,,,,,,,,,,,,,,2,111.8,"1.000,",,,,,,,,
2026-08-18T10:33:12.997915,3700,0x46,PUCCH,,,,,,,,,,,,,,,,,,1,111.8,"1.000,",,,,,,,,
2026-08-18T10:33:13.348453,3708,0x46,PUSCH,,,,,,2,10,1296,517,4,0,OK,111.4,142.9,0.0,-0.0,213,,,,,,,,,,,
2026-08-18T10:33:13.348479,3708,0x46,PHR,,,,,,,,,,,,,,,,,,,,,,,,30.0,,,,
2026-08-18T10:33:13.383751,3709,0x46,PDSCH,3,450,105,4,0,,,,,,,,,,,,,,,,,,,,,,,
2026-08-18T10:33:13.733641,3717,0x46,PUCCH,,,,,,,,,,,,,,,,,,1a,111.7,"1.000,",,,1,,,,,
2026-08-18T10:33:13.894947,3720,0x46,PUCCH,,,,,,,,,,,,,,,,,,1,111.8,"1.000,",,,,,,,,
2026-08-18T10:33:13.944690,3721,0x46,PUCCH,,,,,,,,,,,,,,,,,,2,111.8,"1.000,",,,,,,,,
2026-08-18T10:33:14.269741,3728,0x46,PUSCH,,,,,,2,10,1296,517,4,0,OK,111.4,142.8,0.0,-0.0,168,,,,,,,,,,,
2026-08-18T10:33:14.269839,3728,0x46,BSR,,,,,,,,,,,,,,,,,,,,,,,,,0,0,0,0
2026-08-18T10:33:14.299064,3729,0x46,PDSCH,3,450,93,4,0,,,,,,,,,,,,,,,,,,,,,,,
2026-08-18T10:33:14.554448,3737,0x46,PUCCH,,,,,,,,,,,,,,,,,,1a,111.7,"1.000,",,,1,,,,,
2026-08-18T10:33:14.670195,3740,0x46,PUCCH,,,,,,,,,,,,,,,,,,1,-inf,"0.000,",,,,,,,,
2026-08-18T10:33:15.433683,3759,0x46,PDSCH,3,450,7,2,0,,,,,,,,,,,,,,,,,,,,,,,
2026-08-18T10:33:15.461793,3760,0x46,PUCCH,,,,,,,,,,,,,,,,,,1,111.8,"1.000,",,,,,,,,
2026-08-18T10:33:15.483075,3761,0x46,PUCCH,,,,,,,,,,,,,,,,,,2,111.8,"1.000,",,,,,,,,
2026-08-18T10:33:15.710392,3767,0x46,PUCCH,,,,,,,,,,,,,,,,,,1a,111.7,"1.000,",,,1,,,,,
2026-08-18T10:33:15.736976,3768,0x46,PUSCH,,,,,,2,10,1296,517,4,0,OK,111.4,142.8,0.0,-0.0,161,,,,,,,,,,,
2026-08-18T10:33:15.737073,3768,0x46,PHR,,,,,,,,,,,,,,,,,,,,,,,,30.0,,,,
2026-08-18T10:33:15.764509,3769,0x46,PDSCH,3,450,185,6,0,,,,,,,,,,,,,,,,,,,,,,,
2026-08-18T10:33:16.012629,3777,0x46,PUCCH,,,,,,,,,,,,,,,,,,1a,111.7,"1.000,",,,1,,,,,
2026-08-18T10:33:16.093865,3780,0x46,PUCCH,,,,,,,,,,,,,,,,,,1,111.8,"1.000,",,,,,,,,
2026-08-18T10:33:16.320664,3788,0x46,PUSCH,,,,,,2,10,1296,517,4,0,OK,111.4,142.8,0.0,-0.0,90,,,,,,,,,,,
2026-08-18T10:33:16.320671,3788,0x46,BSR,,,,,,,,,,,,,,,,,,,,,,,,,0,0,0,0
2026-08-18T10:33:16.737160,3800,0x46,PUCCH,,,,,,,,,,,,,,,,,,1,111.8,"1.000,",,,,,,,,
2026-08-18T10:33:16.767600,3801,0x46,PUCCH,,,,,,,,,,,,,,,,,,2,111.8,"1.000,",,,,,,,,
2026-08-18T10:33:17.003746,3808,0x46,PUSCH,,,,,,2,10,1296,517,4,0,OK,111.4,142.8,0.0,-0.0,149,,,,,,,,,,,
2026-08-18T10:33:17.003809,3808,0x46,BSR,,,,,,,,,,,,,,,,,,,,,,,,,0,0,0,0
2026-08-18T10:33:17.035992,3809,0x46,PDSCH,3,450,93,4,0,,,,,,,,,,,,,,,,,,,,,,,
2026-08-18T10:33:17.067086,3810,0x46,PDSCH,3,450,93,4,0,,,,,,,,,,,,,,,,,,,,,,,
2026-08-18T10:33:17.346559,3817,0x46,PUCCH,,,,,,,,,,,,,,,,,,1a,111.7,"1.000,",,,1,,,,,
2026-08-18T10:33:17.395027,3818,0x46,PUCCH,,,,,,,,,,,,,,,,,,1a,111.7,"1.000,",,,1,,,,,
2026-08-18T10:33:17.481090,3820,0x46,PUCCH,,,,,,,,,,,,,,,,,,1,-inf,"0.000,",,,,,,,,
2026-08-18T10:33:18.402286,3840,0x46,PUCCH,,,,,,,,,,,,,,,,,,1,111.8,"1.000,",,,,,,,,
2026-08-18T10:33:18.436841,3841,0x46,PUCCH,,,,,,,,,,,,,,,,,,2,111.8,"1.000,",,,,,,,,
2026-08-18T10:33:18.730614,3848,0x46,PUSCH,,,,,,2,10,1296,517,4,0,OK,111.4,142.8,0.0,-0.0,149,,,,,,,,,,,
2026-08-18T10:33:18.730697,3848,0x46,PHR,,,,,,,,,,,,,,,,,,,,,,,,30.0,,,,
2026-08-18T10:33:19.163801,3860,0x46,PUCCH,,,,,,,,,,,,,,,,,,1,-inf,"0.000,",,,,,,,,
2026-08-18T10:33:19.846631,3880,0x46,PUCCH,,,,,,,,,,,,,,,,,,1,-inf,"0.000,",,,,,,,,
2026-08-18T10:33:19.875661,3881,0x46,PUCCH,,,,,,,,,,,,,,,,,,2,111.8,"1.000,",,,,,,,,
2026-08-18T10:33:20.503499,3900,0x46,PUCCH,,,,,,,,,,,,,,,,,,1,-inf,"0.000,",,,,,,,,
2026-08-18T10:33:21.237359,3920,0x46,PUCCH,,,,,,,,,,,,,,,,,,1,-inf,"0.000,",,,,,,,,
2026-08-18T10:33:21.261575,3921,0x46,PUCCH,,,,,,,,,,,,,,,,,,2,111.8,"1.000,",,,,,,,,
2026-08-18T10:33:22.111850,3940,0x46,PUCCH,,,,,,,,,,,,,,,,,,1,-inf,"0.000,",,,,,,,,
2026-08-18T10:33:22.853558,3960,0x46,PUCCH,,,,,,,,,,,,,,,,,,1,-inf,"0.000,",,,,,,,,
2026-08-18T10:33:22.895589,3961,0x46,PUCCH,,,,,,,,,,,,,,,,,,2,111.8,"1.000,",,,,,,,,
2026-08-18T10:33:23.559423,3980,0x46,PUCCH,,,,,,,,,,,,,,,,,,1,-inf,"0.000,",,,,,,,,
2026-08-18T10:33:24.628216,4000,0x46,PUCCH,,,,,,,,,,,,,,,,,,1,-inf,"0.000,",,,,,,,,
2026-08-18T10:33:24.659354,4001,0x46,PUCCH,,,,,,,,,,,,,,,,,,2,111.8,"1.000,",,,,,,,,
2026-08-18T10:33:25.345444,4020,0x46,PUCCH,,,,,,,,,,,,,,,,,,1,-inf,"0.000,",,,,,,,,
2026-08-18T10:33:26.047045,4040,0x46,PUCCH,,,,,,,,,,,,,,,,,,1,-inf,"0.000,",,,,,,,,
2026-08-18T10:33:26.086210,4041,0x46,PUCCH,,,,,,,,,,,,,,,,,,2,111.8,"1.000,",,,,,,,,
2026-08-18T10:33:26.829893,4060,0x46,PUCCH,,,,,,,,,,,,,,,,,,1,-inf,"0.000,",,,,,,,,
2026-08-18T10:33:27.467491,4080,0x46,PUCCH,,,,,,,,,,,,,,,,,,1,-inf,"0.000,",,,,,,,,
2026-08-18T10:33:27.510674,4081,0x46,PUCCH,,,,,,,,,,,,,,,,,,2,111.8,"1.000,",,,,,,,,
2026-08-18T10:33:28.481448,4100,0x46,PUCCH,,,,,,,,,,,,,,,,,,1,-inf,"0.000,",,,,,,,,
2026-08-18T10:33:29.281552,4120,0x46,PUCCH,,,,,,,,,,,,,,,,,,1,-inf,"0.000,",,,,,,,,
2026-08-18T10:33:29.321931,4121,0x46,PUCCH,,,,,,,,,,,,,,,,,,2,111.8,"1.000,",,,,,,,,
2026-08-18T10:33:30.133927,4140,0x46,PUCCH,,,,,,,,,,,,,,,,,,1,-inf,"0.000,",,,,,,,,
2026-08-18T10:33:30.872971,4160,0x46,PUCCH,,,,,,,,,,,,,,,,,,1,-inf,"0.000,",,,,,,,,
2026-08-18T10:33:30.909768,4161,0x46,PUCCH,,,,,,,,,,,,,,,,,,2,111.8,"1.000,",,,,,,,,
2026-08-18T10:33:31.639022,4180,0x46,PUCCH,,,,,,,,,,,,,,,,,,1,-inf,"0.000,",,,,,,,,
2026-08-18T10:33:32.379213,4200,0x46,PUCCH,,,,,,,,,,,,,,,,,,1,-inf,"0.000,",,,,,,,,
2026-08-18T10:33:32.419326,4201,0x46,PUCCH,,,,,,,,,,,,,,,,,,2,111.8,"1.000,",,,,,,,,
2026-08-18T10:33:33.126028,4220,0x46,PUCCH,,,,,,,,,,,,,,,,,,1,-inf,"0.000,",,,,,,,,
2026-08-18T10:33:33.735023,4240,0x46,PUCCH,,,,,,,,,,,,,,,,,,1,-inf,"0.000,",,,,,,,,
2026-08-18T10:33:33.765149,4241,0x46,PUCCH,,,,,,,,,,,,,,,,,,2,111.8,"1.000,",,,,,,,,
2026-08-18T10:33:34.420558,4260,0x46,PUCCH,,,,,,,,,,,,,,,,,,1,-inf,"0.000,",,,,,,,,
2026-08-18T10:33:35.202966,4280,0x46,PUCCH,,,,,,,,,,,,,,,,,,1,-inf,"0.000,",,,,,,,,
2026-08-18T10:33:35.234844,4281,0x46,PUCCH,,,,,,,,,,,,,,,,,,2,111.8,"1.000,",,,,,,,,
2026-08-18T10:33:35.793020,4300,0x46,PUCCH,,,,,,,,,,,,,,,,,,1,-inf,"0.000,",,,,,,,,
2026-08-18T10:33:36.428897,4320,0x46,PUCCH,,,,,,,,,,,,,,,,,,1,-inf,"0.000,",,,,,,,,
2026-08-18T10:33:36.470490,4321,0x46,PUCCH,,,,,,,,,,,,,,,,,,2,111.8,"1.000,",,,,,,,,
2026-08-18T10:33:37.060833,4340,0x46,PUCCH,,,,,,,,,,,,,,,,,,1,-inf,"0.000,",,,,,,,,
2026-08-18T10:33:37.847067,4360,0x46,PUCCH,,,,,,,,,,,,,,,,,,1,-inf,"0.000,",,,,,,,,
2026-08-18T10:33:37.885985,4361,0x46,PUCCH,,,,,,,,,,,,,,,,,,2,111.8,"1.000,",,,,,,,,
2026-08-18T10:33:38.509373,4380,0x46,PUCCH,,,,,,,,,,,,,,,,,,1,-inf,"0.000,",,,,,,,,
2026-08-18T10:33:39.121333,4400,0x46,PUCCH,,,,,,,,,,,,,,,,,,1,-inf,"0.000,",,,,,,,,
2026-08-18T10:33:39.144237,4401,0x46,PUCCH,,,,,,,,,,,,,,,,,,2,111.8,"1.000,",,,,,,,,
2026-08-18T10:33:39.733295,4420,0x46,PUCCH,,,,,,,,,,,,,,,,,,1,-inf,"0.000,",,,,,,,,
2026-08-18T10:33:40.497507,4440,0x46,PUCCH,,,,,,,,,,,,,,,,,,1,-inf,"0.000,",,,,,,,,
2026-08-18T10:33:40.530702,4441,0x46,PUCCH,,,,,,,,,,,,,,,,,,2,111.8,"1.000,",,,,,,,,
2026-08-18T10:33:41.281204,4460,0x46,PUCCH,,,,,,,,,,,,,,,,,,1,-inf,"0.000,",,,,,,,,
2026-08-18T10:33:42.064284,4480,0x46,PUCCH,,,,,,,,,,,,,,,,,,1,-inf,"0.000,",,,,,,,,
2026-08-18T10:33:42.094075,4481,0x46,PUCCH,,,,,,,,,,,,,,,,,,2,111.8,"1.000,",,,,,,,,
2026-08-18T10:33:42.638954,4500,0x46,PUCCH,,,,,,,,,,,,,,,,,,1,-inf,"0.000,",,,,,,,,
2026-08-18T10:33:43.283163,4520,0x46,PUCCH,,,,,,,,,,,,,,,,,,1,-inf,"0.000,",,,,,,,,
2026-08-18T10:33:43.313216,4521,0x46,PUCCH,,,,,,,,,,,,,,,,,,2,111.8,"1.000,",,,,,,,,
2026-08-18T10:33:44.247487,4540,0x46,PUCCH,,,,,,,,,,,,,,,,,,1,-inf,"0.000,",,,,,,,,
2026-08-18T10:33:45.437915,4560,0x46,PUCCH,,,,,,,,,,,,,,,,,,1,-inf,"0.000,",,,,,,,,
2026-08-18T10:33:45.514312,4561,0x46,PUCCH,,,,,,,,,,,,,,,,,,2,111.8,"1.000,",,,,,,,,
2026-08-18T10:33:46.387253,4580,0x46,PUCCH,,,,,,,,,,,,,,,,,,1,-inf,"0.000,",,,,,,,,
2026-08-18T10:33:47.152874,4600,0x46,PUCCH,,,,,,,,,,,,,,,,,,1,-inf,"0.000,",,,,,,,,
2026-08-18T10:33:47.225326,4601,0x46,PUCCH,,,,,,,,,,,,,,,,,,2,111.8,"1.000,",,,,,,,,
2026-08-18T10:33:48.039867,4620,0x46,PUCCH,,,,,,,,,,,,,,,,,,1,-inf,"0.000,",,,,,,,,
2026-08-18T10:33:48.930579,4640,0x46,PUCCH,,,,,,,,,,,,,,,,,,1,-inf,"0.000,",,,,,,,,
2026-08-18T10:33:48.961199,4641,0x46,PUCCH,,,,,,,,,,,,,,,,,,2,111.8,"1.000,",,,,,,,,
2026-08-18T10:33:49.897675,4660,0x46,PUCCH,,,,,,,,,,,,,,,,,,1,-inf,"0.000,",,,,,,,,
2026-08-18T10:33:50.620456,4680,0x46,PUCCH,,,,,,,,,,,,,,,,,,1,-inf,"0.000,",,,,,,,,
2026-08-18T10:33:50.660351,4681,0x46,PUCCH,,,,,,,,,,,,,,,,,,2,111.8,"1.000,",,,,,,,,
2026-08-18T10:33:51.386606,4700,0x46,PUCCH,,,,,,,,,,,,,,,,,,1,-inf,"0.000,",,,,,,,,
2026-08-18T10:33:52.154553,4720,0x46,PUCCH,,,,,,,,,,,,,,,,,,1,-inf,"0.000,",,,,,,,,
2026-08-18T10:33:52.211692,4721,0x46,PUCCH,,,,,,,,,,,,,,,,,,2,111.8,"1.000,",,,,,,,,
2026-08-18T10:33:52.875426,4740,0x46,PUCCH,,,,,,,,,,,,,,,,,,1,-inf,"0.000,",,,,,,,,
2026-08-18T10:33:53.568507,4760,0x46,PUCCH,,,,,,,,,,,,,,,,,,1,-inf,"0.000,",,,,,,,,
2026-08-18T10:33:53.598110,4761,0x46,PUCCH,,,,,,,,,,,,,,,,,,2,111.8,"1.000,",,,,,,,,
2026-08-18T10:33:54.429187,4780,0x46,PUCCH,,,,,,,,,,,,,,,,,,1,-inf,"0.000,",,,,,,,,
2026-08-18T10:33:55.383570,4800,0x46,PUCCH,,,,,,,,,,,,,,,,,,1,-inf,"0.000,",,,,,,,,
2026-08-18T10:33:55.414449,4801,0x46,PUCCH,,,,,,,,,,,,,,,,,,2,111.8,"1.000,",,,,,,,,
2026-08-18T10:33:55.883157,4820,0x46,PUCCH,,,,,,,,,,,,,,,,,,1,-inf,"0.000,",,,,,,,,
2026-08-18T10:33:56.594231,4840,0x46,PUCCH,,,,,,,,,,,,,,,,,,1,-inf,"0.000,",,,,,,,,
2026-08-18T10:33:56.621856,4841,0x46,PUCCH,,,,,,,,,,,,,,,,,,2,111.8,"1.000,",,,,,,,,
2026-08-18T10:33:57.330018,4860,0x46,PUCCH,,,,,,,,,,,,,,,,,,1,-inf,"0.000,",,,,,,,,
2026-08-18T10:33:58.081092,4880,0x46,PUCCH,,,,,,,,,,,,,,,,,,1,-inf,"0.000,",,,,,,,,
2026-08-18T10:33:58.123100,4881,0x46,PUCCH,,,,,,,,,,,,,,,,,,2,111.8,"1.000,",,,,,,,,
2026-08-18T10:33:58.743616,4900,0x46,PUCCH,,,,,,,,,,,,,,,,,,1,-inf,"0.000,",,,,,,,,
2026-08-18T10:33:59.401853,4920,0x46,PUCCH,,,,,,,,,,,,,,,,,,1,-inf,"0.000,",,,,,,,,
2026-08-18T10:33:59.433585,4921,0x46,PUCCH,,,,,,,,,,,,,,,,,,2,111.8,"1.000,",,,,,,,,
2026-08-18T10:34:00.000203,4940,0x46,PUCCH,,,,,,,,,,,,,,,,,,1,-inf,"0.000,",,,,,,,,
2026-08-18T10:34:00.676242,4960,0x46,PUCCH,,,,,,,,,,,,,,,,,,1,-inf,"0.000,",,,,,,,,
2026-08-18T10:34:00.768153,4961,0x46,PUCCH,,,,,,,,,,,,,,,,,,2,111.8,"1.000,",,,,,,,,
2026-08-18T10:34:01.580286,4980,0x46,PUCCH,,,,,,,,,,,,,,,,,,1,-inf,"0.000,",,,,,,,,
2026-08-18T10:34:02.302616,5000,0x46,PUCCH,,,,,,,,,,,,,,,,,,1,-inf,"0.000,",,,,,,,,
2026-08-18T10:34:02.334537,5001,0x46,PUCCH,,,,,,,,,,,,,,,,,,2,111.8,"1.000,",,,,,,,,
2026-08-18T10:34:03.080690,5020,0x46,PUCCH,,,,,,,,,,,,,,,,,,1,-inf,"0.000,",,,,,,,,
2026-08-18T10:34:03.907367,5040,0x46,PUCCH,,,,,,,,,,,,,,,,,,1,-inf,"0.000,",,,,,,,,
2026-08-18T10:34:03.934830,5041,0x46,PUCCH,,,,,,,,,,,,,,,,,,2,111.8,"1.000,",,,,,,,,
2026-08-18T10:34:04.606778,5060,0x46,PUCCH,,,,,,,,,,,,,,,,,,1,-inf,"0.000,",,,,,,,,
2026-08-18T10:34:05.306812,5080,0x46,PUCCH,,,,,,,,,,,,,,,,,,1,-inf,"0.000,",,,,,,,,
2026-08-18T10:34:05.357669,5081,0x46,PUCCH,,,,,,,,,,,,,,,,,,2,111.8,"1.000,",,,,,,,,
2026-08-18T10:34:06.165772,5100,0x46,PUCCH,,,,,,,,,,,,,,,,,,1,-inf,"0.000,",,,,,,,,
2026-08-18T10:34:07.079343,5120,0x46,PUCCH,,,,,,,,,,,,,,,,,,1,-inf,"0.000,",,,,,,,,
2026-08-18T10:34:07.115038,5121,0x46,PUCCH,,,,,,,,,,,,,,,,,,2,111.8,"1.000,",,,,,,,,
2026-08-18T10:34:08.062873,5140,0x46,PUCCH,,,,,,,,,,,,,,,,,,1,-inf,"0.000,",,,,,,,,
2026-08-18T10:34:09.006620,5160,0x46,PUCCH,,,,,,,,,,,,,,,,,,1,-inf,"0.000,",,,,,,,,
2026-08-18T10:34:09.041697,5161,0x46,PUCCH,,,,,,,,,,,,,,,,,,2,111.8,"1.000,",,,,,,,,
2026-08-18T10:34:09.840932,5180,0x46,PUCCH,,,,,,,,,,,,,,,,,,1,-inf,"0.000,",,,,,,,,
2026-08-18T10:34:10.848326,5200,0x46,PUCCH,,,,,,,,,,,,,,,,,,1,-inf,"0.000,",,,,,,,,
2026-08-18T10:34:10.884910,5201,0x46,PUCCH,,,,,,,,,,,,,,,,,,2,111.8,"1.000,",,,,,,,,
2026-08-18T10:34:11.675835,5220,0x46,PUCCH,,,,,,,,,,,,,,,,,,1,-inf,"0.000,",,,,,,,,
2026-08-18T10:34:12.647110,5240,0x46,PUCCH,,,,,,,,,,,,,,,,,,1,-inf,"0.000,",,,,,,,,
2026-08-18T10:34:12.709364,5241,0x46,PUCCH,,,,,,,,,,,,,,,,,,2,111.8,"1.000,",,,,,,,,
2026-08-18T10:34:13.748874,5260,0x46,PUCCH,,,,,,,,,,,,,,,,,,1,-inf,"0.000,",,,,,,,,
2026-08-18T10:34:14.570213,5280,0x46,PUCCH,,,,,,,,,,,,,,,,,,1,-inf,"0.000,",,,,,,,,
2026-08-18T10:34:14.642701,5281,0x46,PUCCH,,,,,,,,,,,,,,,,,,2,111.8,"1.000,",,,,,,,,
2026-08-18T10:34:15.629871,5300,0x46,PUCCH,,,,,,,,,,,,,,,,,,1,-inf,"0.000,",,,,,,,,
2026-08-18T10:34:16.345750,5320,0x46,PUCCH,,,,,,,,,,,,,,,,,,1,-inf,"0.000,",,,,,,,,
2026-08-18T10:34:16.374770,5321,0x46,PUCCH,,,,,,,,,,,,,,,,,,2,111.8,"1.000,",,,,,,,,
2026-08-18T10:34:17.102867,5340,0x46,PUCCH,,,,,,,,,,,,,,,,,,1,-inf,"0.000,",,,,,,,,
2026-08-18T10:34:17.907654,5360,0x46,PUCCH,,,,,,,,,,,,,,,,,,1,-inf,"0.000,",,,,,,,,
2026-08-18T10:34:17.937172,5361,0x46,PUCCH,,,,,,,,,,,,,,,,,,2,111.8,"1.000,",,,,,,,,
2026-08-18T10:34:18.736566,5380,0x46,PUCCH,,,,,,,,,,,,,,,,,,1,-inf,"0.000,",,,,,,,,
2026-08-18T10:34:19.242718,5400,0x46,PUCCH,,,,,,,,,,,,,,,,,,1,-inf,"0.000,",,,,,,,,
2026-08-18T10:34:19.268425,5401,0x46,PUCCH,,,,,,,,,,,,,,,,,,2,111.8,"1.000,",,,,,,,,
2026-08-18T10:34:19.835224,5420,0x46,PUCCH,,,,,,,,,,,,,,,,,,1,-inf,"0.000,",,,,,,,,
2026-08-18T10:34:20.459487,5440,0x46,PUCCH,,,,,,,,,,,,,,,,,,1,-inf,"0.000,",,,,,,,,
2026-08-18T10:34:20.491722,5441,0x46,PUCCH,,,,,,,,,,,,,,,,,,2,111.8,"1.000,",,,,,,,,
2026-08-18T10:34:21.128356,5460,0x46,PUCCH,,,,,,,,,,,,,,,,,,1,-inf,"0.000,",,,,,,,,
2026-08-18T10:34:21.883220,5480,0x46,PUCCH,,,,,,,,,,,,,,,,,,1,-inf,"0.000,",,,,,,,,
2026-08-18T10:34:21.912789,5481,0x46,PUCCH,,,,,,,,,,,,,,,,,,2,111.8,"1.000,",,,,,,,,
2026-08-18T10:34:22.486930,5500,0x46,PUCCH,,,,,,,,,,,,,,,,,,1,-inf,"0.000,",,,,,,,,
2026-08-18T10:34:23.371532,5520,0x46,PUCCH,,,,,,,,,,,,,,,,,,1,-inf,"0.000,",,,,,,,,
2026-08-18T10:34:23.400020,5521,0x46,PUCCH,,,,,,,,,,,,,,,,,,2,111.8,"1.000,",,,,,,,,
2026-08-18T10:34:24.116291,5540,0x46,PUCCH,,,,,,,,,,,,,,,,,,1,-inf,"0.000,",,,,,,,,
2026-08-18T10:34:25.084244,5560,0x46,PUCCH,,,,,,,,,,,,,,,,,,1,-inf,"0.000,",,,,,,,,
2026-08-18T10:34:25.126666,5561,0x46,PUCCH,,,,,,,,,,,,,,,,,,2,111.8,"1.000,",,,,,,,,
2026-08-18T10:34:25.946434,5580,0x46,PUCCH,,,,,,,,,,,,,,,,,,1,-inf,"0.000,",,,,,,,,
2026-08-18T10:34:26.572766,5600,0x46,PUCCH,,,,,,,,,,,,,,,,,,1,-inf,"0.000,",,,,,,,,
2026-08-18T10:34:26.624131,5601,0x46,PUCCH,,,,,,,,,,,,,,,,,,2,111.8,"1.000,",,,,,,,,
2026-08-18T10:34:27.205622,5620,0x46,PUCCH,,,,,,,,,,,,,,,,,,1,-inf,"0.000,",,,,,,,,
2026-08-18T10:34:28.367471,5640,0x46,PUCCH,,,,,,,,,,,,,,,,,,1,-inf,"0.000,",,,,,,,,
2026-08-18T10:34:28.409541,5641,0x46,PUCCH,,,,,,,,,,,,,,,,,,2,111.8,"1.000,",,,,,,,,
2026-08-18T10:34:29.340561,5660,0x46,PUCCH,,,,,,,,,,,,,,,,,,1,-inf,"0.000,",,,,,,,,
2026-08-18T10:34:30.186369,5680,0x46,PUCCH,,,,,,,,,,,,,,,,,,1,-inf,"0.000,",,,,,,,,
2026-08-18T10:34:30.225113,5681,0x46,PUCCH,,,,,,,,,,,,,,,,,,2,111.8,"1.000,",,,,,,,,
2026-08-18T10:34:31.216446,5700,0x46,PUCCH,,,,,,,,,,,,,,,,,,1,-inf,"0.000,",,,,,,,,
2026-08-18T10:34:32.340699,5720,0x46,PUCCH,,,,,,,,,,,,,,,,,,1,-inf,"0.000,",,,,,,,,
2026-08-18T10:34:32.381744,5721,0x46,PUCCH,,,,,,,,,,,,,,,,,,2,111.8,"1.000,",,,,,,,,
2026-08-18T10:34:33.106921,5740,0x46,PUCCH,,,,,,,,,,,,,,,,,,1,-inf,"0.000,",,,,,,,,
2026-08-18T10:34:33.774659,5760,0x46,PUCCH,,,,,,,,,,,,,,,,,,1,-inf,"0.000,",,,,,,,,
2026-08-18T10:34:33.805634,5761,0x46,PUCCH,,,,,,,,,,,,,,,,,,2,111.8,"1.000,",,,,,,,,
2026-08-18T10:34:34.386899,5780,0x46,PUCCH,,,,,,,,,,,,,,,,,,1,-inf,"0.000,",,,,,,,,
2026-08-18T10:34:35.113541,5800,0x46,PUCCH,,,,,,,,,,,,,,,,,,1,-inf,"0.000,",,,,,,,,
2026-08-18T10:34:35.143572,5801,0x46,PUCCH,,,,,,,,,,,,,,,,,,2,111.8,"1.000,",,,,,,,,
2026-08-18T10:34:35.773630,5820,0x46,PUCCH,,,,,,,,,,,,,,,,,,1,-inf,"0.000,",,,,,,,,
2026-08-18T10:34:36.530666,5840,0x46,PUCCH,,,,,,,,,,,,,,,,,,1,-inf,"0.000,",,,,,,,,
2026-08-18T10:34:36.567493,5841,0x46,PUCCH,,,,,,,,,,,,,,,,,,2,111.8,"1.000,",,,,,,,,
2026-08-18T10:34:37.243270,5860,0x46,PUCCH,,,,,,,,,,,,,,,,,,1,-inf,"0.000,",,,,,,,,
2026-08-18T10:34:37.860898,5880,0x46,PUCCH,,,,,,,,,,,,,,,,,,1,-inf,"0.000,",,,,,,,,
2026-08-18T10:34:37.892063,5881,0x46,PUCCH,,,,,,,,,,,,,,,,,,2,111.8,"1.000,",,,,,,,,
2026-08-18T10:34:38.560027,5900,0x46,PUCCH,,,,,,,,,,,,,,,,,,1,-inf,"0.000,",,,,,,,,
2026-08-18T10:34:39.357945,5920,0x46,PUCCH,,,,,,,,,,,,,,,,,,1,-inf,"0.000,",,,,,,,,
2026-08-18T10:34:39.404624,5921,0x46,PUCCH,,,,,,,,,,,,,,,,,,2,111.8,"1.000,",,,,,,,,
2026-08-18T10:34:40.120938,5940,0x46,PUCCH,,,,,,,,,,,,,,,,,,1,-inf,"0.000,",,,,,,,,
2026-08-18T10:34:40.764858,5960,0x46,PUCCH,,,,,,,,,,,,,,,,,,1,-inf,"0.000,",,,,,,,,
2026-08-18T10:34:40.816669,5961,0x46,PUCCH,,,,,,,,,,,,,,,,,,2,111.8,"1.000,",,,,,,,,
2026-08-18T10:34:41.516031,5980,0x46,PUCCH,,,,,,,,,,,,,,,,,,1,-inf,"0.000,",,,,,,,,
2026-08-18T10:34:42.153482,6000,0x46,PUCCH,,,,,,,,,,,,,,,,,,1,-inf,"0.000,",,,,,,,,
2026-08-18T10:34:42.198209,6001,0x46,PUCCH,,,,,,,,,,,,,,,,,,2,111.8,"1.000,",,,,,,,,
2026-08-18T10:34:43.055246,6020,0x46,PUCCH,,,,,,,,,,,,,,,,,,1,-inf,"0.000,",,,,,,,,
2026-08-18T10:34:43.768851,6040,0x46,PUCCH,,,,,,,,,,,,,,,,,,1,-inf,"0.000,",,,,,,,,
2026-08-18T10:34:43.810246,6041,0x46,PUCCH,,,,,,,,,,,,,,,,,,2,111.8,"1.000,",,,,,,,,
2026-08-18T10:34:44.606792,6060,0x46,PUCCH,,,,,,,,,,,,,,,,,,1,-inf,"0.000,",,,,,,,,
2026-08-18T10:34:45.333401,6080,0x46,PUCCH,,,,,,,,,,,,,,,,,,1,-inf,"0.000,",,,,,,,,
2026-08-18T10:34:45.393816,6081,0x46,PUCCH,,,,,,,,,,,,,,,,,,2,111.8,"1.000,",,,,,,,,
2026-08-18T10:34:46.084607,6100,0x46,PUCCH,,,,,,,,,,,,,,,,,,1,-inf,"0.000,",,,,,,,,
2026-08-18T10:34:47.052286,6120,0x46,PUCCH,,,,,,,,,,,,,,,,,,1,-inf,"0.000,",,,,,,,,
2026-08-18T10:34:47.082175,6121,0x46,PUCCH,,,,,,,,,,,,,,,,,,2,111.8,"1.000,",,,,,,,,
2026-08-18T10:34:47.830129,6140,0x46,PUCCH,,,,,,,,,,,,,,,,,,1,-inf,"0.000,",,,,,,,,
2026-08-18T10:34:48.582172,6160,0x46,PUCCH,,,,,,,,,,,,,,,,,,1,-inf,"0.000,",,,,,,,,
2026-08-18T10:34:48.637403,6161,0x46,PUCCH,,,,,,,,,,,,,,,,,,2,111.8,"1.000,",,,,,,,,
2026-08-18T10:34:49.356851,6180,0x46,PUCCH,,,,,,,,,,,,,,,,,,1,-inf,"0.000,",,,,,,,,
2026-08-18T10:34:50.132987,6200,0x46,PUCCH,,,,,,,,,,,,,,,,,,1,-inf,"0.000,",,,,,,,,
2026-08-18T10:34:50.169074,6201,0x46,PUCCH,,,,,,,,,,,,,,,,,,2,111.8,"1.000,",,,,,,,,
2026-08-18T10:34:50.873514,6220,0x46,PUCCH,,,,,,,,,,,,,,,,,,1,-inf,"0.000,",,,,,,,,
2026-08-18T10:34:51.635306,6240,0x46,PUCCH,,,,,,,,,,,,,,,,,,1,-inf,"0.000,",,,,,,,,
2026-08-18T10:34:51.667408,6241,0x46,PUCCH,,,,,,,,,,,,,,,,,,2,111.8,"1.000,",,,,,,,,
2026-08-18T10:34:52.346173,6260,0x46,PUCCH,,,,,,,,,,,,,,,,,,1,-inf,"0.000,",,,,,,,,
2026-08-18T10:34:53.356815,6280,0x46,PUCCH,,,,,,,,,,,,,,,,,,1,-inf,"0.000,",,,,,,,,
2026-08-18T10:34:53.393457,6281,0x46,PUCCH,,,,,,,,,,,,,,,,,,2,111.8,"1.000,",,,,,,,,
2026-08-18T10:34:54.075498,6300,0x46,PUCCH,,,,,,,,,,,,,,,,,,1,-inf,"0.000,",,,,,,,,
2026-08-18T10:34:54.829417,6320,0x46,PUCCH,,,,,,,,,,,,,,,,,,1,-inf,"0.000,",,,,,,,,
2026-08-18T10:34:54.859802,6321,0x46,PUCCH,,,,,,,,,,,,,,,,,,2,111.8,"1.000,",,,,,,,,
2026-08-18T10:34:55.448337,6340,0x46,PUCCH,,,,,,,,,,,,,,,,,,1,-inf,"0.000,",,,,,,,,
2026-08-18T10:34:56.342609,6360,0x46,PUCCH,,,,,,,,,,,,,,,,,,1,-inf,"0.000,",,,,,,,,
2026-08-18T10:34:56.403662,6361,0x46,PUCCH,,,,,,,,,,,,,,,,,,2,111.8,"1.000,",,,,,,,,
2026-08-18T10:34:57.238394,6380,0x46,PUCCH,,,,,,,,,,,,,,,,,,1,-inf,"0.000,",,,,,,,,
2026-08-18T10:34:58.130969,6400,0x46,PUCCH,,,,,,,,,,,,,,,,,,1,-inf,"0.000,",,,,,,,,
2026-08-18T10:34:58.169293,6401,0x46,PUCCH,,,,,,,,,,,,,,,,,,2,111.8,"1.000,",,,,,,,,
2026-08-18T10:34:58.805284,6420,0x46,PUCCH,,,,,,,,,,,,,,,,,,1,-inf,"0.000,",,,,,,,,
2026-08-18T10:34:59.359314,6440,0x46,PUCCH,,,,,,,,,,,,,,,,,,1,-inf,"0.000,",,,,,,,,
2026-08-18T10:34:59.389153,6441,0x46,PUCCH,,,,,,,,,,,,,,,,,,2,111.8,"1.000,",,,,,,,,
2026-08-18T10:35:00.171344,6460,0x46,PUCCH,,,,,,,,,,,,,,,,,,1,-inf,"0.000,",,,,,,,,
2026-08-18T10:35:00.970304,6480,0x46,PUCCH,,,,,,,,,,,,,,,,,,1,-inf,"0.000,",,,,,,,,
2026-08-18T10:35:00.999378,6481,0x46,PUCCH,,,,,,,,,,,,,,,,,,2,111.8,"1.000,",,,,,,,,
2026-08-18T10:35:01.686550,6500,0x46,PUCCH,,,,,,,,,,,,,,,,,,1,-inf,"0.000,",,,,,,,,
2026-08-18T10:35:02.295271,6520,0x46,PUCCH,,,,,,,,,,,,,,,,,,1,-inf,"0.000,",,,,,,,,
2026-08-18T10:35:02.327245,6521,0x46,PUCCH,,,,,,,,,,,,,,,,,,2,111.8,"1.000,",,,,,,,,
2026-08-18T10:35:02.894762,6540,0x46,PUCCH,,,,,,,,,,,,,,,,,,1,-inf,"0.000,",,,,,,,,
2026-08-18T10:35:03.633341,6560,0x46,PUCCH,,,,,,,,,,,,,,,,,,1,-inf,"0.000,",,,,,,,,
2026-08-18T10:35:03.673184,6561,0x46,PUCCH,,,,,,,,,,,,,,,,,,2,111.8,"1.000,",,,,,,,,
2026-08-18T10:35:04.456040,6580,0x46,PUCCH,,,,,,,,,,,,,,,,,,1,-inf,"0.000,",,,,,,,,
2026-08-18T10:35:05.239515,6600,0x46,PUCCH,,,,,,,,,,,,,,,,,,1,-inf,"0.000,",,,,,,,,
2026-08-18T10:35:05.281882,6601,0x46,PUCCH,,,,,,,,,,,,,,,,,,2,111.8,"1.000,",,,,,,,,
2026-08-18T10:35:06.004126,6620,0x46,PUCCH,,,,,,,,,,,,,,,,,,1,-inf,"0.000,",,,,,,,,
2026-08-18T10:35:06.962311,6640,0x46,PUCCH,,,,,,,,,,,,,,,,,,1,-inf,"0.000,",,,,,,,,
2026-08-18T10:35:07.001681,6641,0x46,PUCCH,,,,,,,,,,,,,,,,,,2,111.8,"1.000,",,,,,,,,
2026-08-18T10:35:07.820990,6660,0x46,PUCCH,,,,,,,,,,,,,,,,,,1,-inf,"0.000,",,,,,,,,
2026-08-18T10:35:08.917799,6680,0x46,PUCCH,,,,,,,,,,,,,,,,,,1,-inf,"0.000,",,,,,,,,
2026-08-18T10:35:08.970942,6681,0x46,PUCCH,,,,,,,,,,,,,,,,,,2,111.8,"1.000,",,,,,,,,
2026-08-18T10:35:09.660896,6700,0x46,PUCCH,,,,,,,,,,,,,,,,,,1,-inf,"0.000,",,,,,,,,
2026-08-18T10:35:10.495348,6720,0x46,PUCCH,,,,,,,,,,,,,,,,,,1,-inf,"0.000,",,,,,,,,
2026-08-18T10:35:10.559614,6721,0x46,PUCCH,,,,,,,,,,,,,,,,,,2,111.8,"1.000,",,,,,,,,
2026-08-18T10:35:11.248061,6740,0x46,PUCCH,,,,,,,,,,,,,,,,,,1,-inf,"0.000,",,,,,,,,
2026-08-18T10:35:12.026331,6760,0x46,PUCCH,,,,,,,,,,,,,,,,,,1,-inf,"0.000,",,,,,,,,
2026-08-18T10:35:12.066078,6761,0x46,PUCCH,,,,,,,,,,,,,,,,,,2,111.8,"1.000,",,,,,,,,
2026-08-18T10:35:12.843777,6780,0x46,PUCCH,,,,,,,,,,,,,,,,,,1,-inf,"0.000,",,,,,,,,
2026-08-18T10:35:13.431110,6800,0x46,PUCCH,,,,,,,,,,,,,,,,,,1,-inf,"0.000,",,,,,,,,
2026-08-18T10:35:13.466225,6801,0x46,PUCCH,,,,,,,,,,,,,,,,,,2,111.8,"1.000,",,,,,,,,
2026-08-18T10:35:13.981965,6820,0x46,PUCCH,,,,,,,,,,,,,,,,,,1,-inf,"0.000,",,,,,,,,
2026-08-18T10:35:14.757930,6840,0x46,PUCCH,,,,,,,,,,,,,,,,,,1,-inf,"0.000,",,,,,,,,
2026-08-18T10:35:14.864155,6841,0x46,PUCCH,,,,,,,,,,,,,,,,,,2,111.8,"1.000,",,,,,,,,
2026-08-18T10:35:15.624328,6860,0x46,PUCCH,,,,,,,,,,,,,,,,,,1,-inf,"0.000,",,,,,,,,
2026-08-18T10:35:16.385197,6880,0x46,PUCCH,,,,,,,,,,,,,,,,,,1,-inf,"0.000,",,,,,,,,
2026-08-18T10:35:16.417857,6881,0x46,PUCCH,,,,,,,,,,,,,,,,,,2,111.8,"1.000,",,,,,,,,
2026-08-18T10:35:17.214327,6900,0x46,PUCCH,,,,,,,,,,,,,,,,,,1,-inf,"0.000,",,,,,,,,
2026-08-18T10:35:18.180729,6920,0x46,PUCCH,,,,,,,,,,,,,,,,,,1,-inf,"0.000,",,,,,,,,
2026-08-18T10:35:18.204568,6921,0x46,PUCCH,,,,,,,,,,,,,,,,,,2,111.8,"1.000,",,,,,,,,
2026-08-18T10:35:18.732501,6940,0x46,PUCCH,,,,,,,,,,,,,,,,,,1,-inf,"0.000,",,,,,,,,
2026-08-18T10:35:19.496863,6960,0x46,PUCCH,,,,,,,,,,,,,,,,,,1,-inf,"0.000,",,,,,,,,
2026-08-18T10:35:19.527654,6961,0x46,PUCCH,,,,,,,,,,,,,,,,,,2,111.8,"1.000,",,,,,,,,
2026-08-18T10:35:20.243524,6980,0x46,PUCCH,,,,,,,,,,,,,,,,,,1,-inf,"0.000,",,,,,,,,
2026-08-18T10:35:20.966581,7000,0x46,PUCCH,,,,,,,,,,,,,,,,,,1,-inf,"0.000,",,,,,,,,
2026-08-18T10:35:21.019414,7001,0x46,PUCCH,,,,,,,,,,,,,,,,,,2,111.8,"1.000,",,,,,,,,
2026-08-18T10:35:21.754719,7020,0x46,PUCCH,,,,,,,,,,,,,,,,,,1,-inf,"0.000,",,,,,,,,
2026-08-18T10:35:22.648373,7040,0x46,PUCCH,,,,,,,,,,,,,,,,,,1,-inf,"0.000,",,,,,,,,
2026-08-18T10:35:22.690100,7041,0x46,PUCCH,,,,,,,,,,,,,,,,,,2,111.8,"1.000,",,,,,,,,
2026-08-18T10:35:23.430475,7060,0x46,PUCCH,,,,,,,,,,,,,,,,,,1,-inf,"0.000,",,,,,,,,
2026-08-18T10:35:24.209641,7080,0x46,PUCCH,,,,,,,,,,,,,,,,,,1,-inf,"0.000,",,,,,,,,
2026-08-18T10:35:24.251136,7081,0x46,PUCCH,,,,,,,,,,,,,,,,,,2,111.8,"1.000,",,,,,,,,
2026-08-18T10:35:25.037788,7100,0x46,PUCCH,,,,,,,,,,,,,,,,,,1,-inf,"0.000,",,,,,,,,
2026-08-18T10:35:26.234157,7120,0x46,PUCCH,,,,,,,,,,,,,,,,,,1,-inf,"0.000,",,,,,,,,
2026-08-18T10:35:26.316019,7121,0x46,PUCCH,,,,,,,,,,,,,,,,,,2,111.8,"1.000,",,,,,,,,
2026-08-18T10:35:27.227179,7140,0x46,PUCCH,,,,,,,,,,,,,,,,,,1,-inf,"0.000,",,,,,,,,
2026-08-18T10:35:28.232744,7160,0x46,PUCCH,,,,,,,,,,,,,,,,,,1,-inf,"0.000,",,,,,,,,
2026-08-18T10:35:28.269305,7161,0x46,PUCCH,,,,,,,,,,,,,,,,,,2,111.8,"1.000,",,,,,,,,
2026-08-18T10:35:28.912636,7180,0x46,PUCCH,,,,,,,,,,,,,,,,,,1,-inf,"0.000,",,,,,,,,
2026-08-18T10:35:29.692229,7200,0x46,PUCCH,,,,,,,,,,,,,,,,,,1,-inf,"0.000,",,,,,,,,
2026-08-18T10:35:29.756751,7201,0x46,PUCCH,,,,,,,,,,,,,,,,,,2,111.8,"1.000,",,,,,,,,
2026-08-18T10:35:30.653926,7220,0x46,PUCCH,,,,,,,,,,,,,,,,,,1,-inf,"0.000,",,,,,,,,
2026-08-18T10:35:31.482250,7240,0x46,PUCCH,,,,,,,,,,,,,,,,,,1,-inf,"0.000,",,,,,,,,
2026-08-18T10:35:31.513343,7241,0x46,PUCCH,,,,,,,,,,,,,,,,,,2,111.8,"1.000,",,,,,,,,
2026-08-18T10:35:32.252739,7260,0x46,PUCCH,,,,,,,,,,,,,,,,,,1,-inf,"0.000,",,,,,,,,
2026-08-18T10:35:32.833521,7280,0x46,PUCCH,,,,,,,,,,,,,,,,,,1,-inf,"0.000,",,,,,,,,
2026-08-18T10:35:32.855139,7281,0x46,PUCCH,,,,,,,,,,,,,,,,,,2,111.8,"1.000,",,,,,,,,
2026-08-18T10:35:33.837024,7300,0x46,PUCCH,,,,,,,,,,,,,,,,,,1,-inf,"0.000,",,,,,,,,
2026-08-18T10:35:34.847640,7320,0x46,PUCCH,,,,,,,,,,,,,,,,,,1,-inf,"0.000,",,,,,,,,
2026-08-18T10:35:34.887968,7321,0x46,PUCCH,,,,,,,,,,,,,,,,,,2,111.8,"1.000,",,,,,,,,
2026-08-18T10:35:35.626789,7340,0x46,PUCCH,,,,,,,,,,,,,,,,,,1,-inf,"0.000,",,,,,,,,
2026-08-18T10:35:36.438702,7360,0x46,PUCCH,,,,,,,,,,,,,,,,,,1,-inf,"0.000,",,,,,,,,
2026-08-18T10:35:36.477447,7361,0x46,PUCCH,,,,,,,,,,,,,,,,,,2,111.8,"1.000,",,,,,,,,
2026-08-18T10:35:37.165176,7380,0x46,PUCCH,,,,,,,,,,,,,,,,,,1,-inf,"0.000,",,,,,,,,
2026-08-18T10:35:37.908852,7400,0x46,PUCCH,,,,,,,,,,,,,,,,,,1,-inf,"0.000,",,,,,,,,
2026-08-18T10:35:37.964369,7401,0x46,PUCCH,,,,,,,,,,,,,,,,,,2,111.8,"1.000,",,,,,,,,
2026-08-18T10:35:38.874411,7420,0x46,PUCCH,,,,,,,,,,,,,,,,,,1,-inf,"0.000,",,,,,,,,
2026-08-18T10:35:39.665168,7440,0x46,PUCCH,,,,,,,,,,,,,,,,,,1,-inf,"0.000,",,,,,,,,
2026-08-18T10:35:39.705376,7441,0x46,PUCCH,,,,,,,,,,,,,,,,,,2,111.8,"1.000,",,,,,,,,
2026-08-18T10:35:40.354152,7460,0x46,PUCCH,,,,,,,,,,,,,,,,,,1,-inf,"0.000,",,,,,,,,
2026-08-18T10:35:41.247117,7480,0x46,PUCCH,,,,,,,,,,,,,,,,,,1,-inf,"0.000,",,,,,,,,
2026-08-18T10:35:41.284439,7481,0x46,PUCCH,,,,,,,,,,,,,,,,,,2,111.8,"1.000,",,,,,,,,
2026-08-18T10:35:42.070922,7500,0x46,PUCCH,,,,,,,,,,,,,,,,,,1,-inf,"0.000,",,,,,,,,
2026-08-18T10:35:42.958703,7520,0x46,PUCCH,,,,,,,,,,,,,,,,,,1,-inf,"0.000,",,,,,,,,
2026-08-18T10:35:42.999173,7521,0x46,PUCCH,,,,,,,,,,,,,,,,,,2,111.8,"1.000,",,,,,,,,
2026-08-18T10:35:43.859493,7540,0x46,PUCCH,,,,,,,,,,,,,,,,,,1,-inf,"0.000,",,,,,,,,
2026-08-18T10:35:44.723167,7560,0x46,PUCCH,,,,,,,,,,,,,,,,,,1,111.8,"1.000,",,,,,,,,
2026-08-18T10:35:44.779650,7561,0x46,PUCCH,,,,,,,,,,,,,,,,,,2,111.8,"1.000,",,,,,,,,
2026-08-18T10:35:45.045181,7568,0x46,PUSCH,,,,,,2,10,1296,517,4,0,OK,111.4,142.8,0.0,-0.0,253,,,,,,,,,,,
2026-08-18T10:35:45.045267,7568,0x46,PHR,,,,,,,,,,,,,,,,,,,,,,,,30.0,,,,
2026-08-18T10:35:45.076591,7569,0x46,PDSCH,3,450,85,4,0,,,,,,,,,,,,,,,,,,,,,,,
2026-08-18T10:35:45.352369,7577,0x46,PUCCH,,,,,,,,,,,,,,,,,,1a,111.7,"1.000,",,,1,,,,,
2026-08-18T10:35:45.475679,7580,0x46,PUCCH,,,,,,,,,,,,,,,,,,1,111.8,"1.000,",,,,,,,,
2026-08-18T10:35:45.767027,7588,0x46,PUSCH,,,,,,2,10,1296,517,4,0,OK,111.4,142.8,0.0,-0.0,164,,,,,,,,,,,
2026-08-18T10:35:45.767030,7588,0x46,BSR,,,,,,,,,,,,,,,,,,,,,,,,,0,0,0,0
2026-08-18T10:35:45.799108,7589,0x46,PDSCH,3,450,185,6,0,,,,,,,,,,,,,,,,,,,,,,,
2026-08-18T10:35:46.054829,7597,0x46,PUCCH,,,,,,,,,,,,,,,,,,1a,111.7,"1.000,",,,1,,,,,
2026-08-18T10:35:46.214100,7600,0x46,PUCCH,,,,,,,,,,,,,,,,,,1,111.8,"1.000,",,,,,,,,
2026-08-18T10:35:46.253118,7601,0x46,PUCCH,,,,,,,,,,,,,,,,,,2,111.8,"1.000,",,,,,,,,
2026-08-18T10:35:46.565884,7608,0x46,PUSCH,,,,,,2,10,1296,517,4,0,OK,111.4,142.8,0.0,-0.0,163,,,,,,,,,,,
2026-08-18T10:35:46.565945,7608,0x46,BSR,,,,,,,,,,,,,,,,,,,,,,,,,0,0,0,0
2026-08-18T10:35:46.630550,7610,0x46,PDSCH,3,450,63,4,0,,,,,,,,,,,,,,,,,,,,,,,
2026-08-18T10:35:46.918001,7618,0x46,PUCCH,,,,,,,,,,,,,,,,,,1a,111.7,"1.000,",,,1,,,,,
2026-08-18T10:35:46.951454,7619,0x46,PDSCH,3,450,7,2,0,,,,,,,,,,,,,,,,,,,,,,,
2026-08-18T10:35:46.987834,7620,0x46,PUCCH,,,,,,,,,,,,,,,,,,1,111.8,"1.000,",,,,,,,,
2026-08-18T10:35:47.181459,7627,0x46,PUCCH,,,,,,,,,,,,,,,,,,1a,111.7,"1.000,",,,1,,,,,
2026-08-18T10:35:47.209607,7628,0x46,PUSCH,,,,,,2,10,1296,517,4,0,OK,111.4,142.9,0.0,-0.0,82,,,,,,,,,,,
2026-08-18T10:35:47.209645,7628,0x46,PHR,,,,,,,,,,,,,,,,,,,,,,,,30.0,,,,
2026-08-18T10:35:47.229501,7629,0x46,PDSCH,3,450,121,6,0,,,,,,,,,,,,,,,,,,,,,,,
2026-08-18T10:35:47.573686,7637,0x46,PUCCH,,,,,,,,,,,,,,,,,,1a,111.7,"1.000,",,,1,,,,,
2026-08-18T10:35:47.666290,7640,0x46,PUCCH,,,,,,,,,,,,,,,,,,1,111.8,"1.000,",,,,,,,,
2026-08-18T10:35:47.697148,7641,0x46,PUCCH,,,,,,,,,,,,,,,,,,2,111.8,"1.000,",,,,,,,,
2026-08-18T10:35:47.946593,7648,0x46,PUSCH,,,,,,2,10,1296,517,4,0,OK,111.4,142.8,0.0,-0.0,91,,,,,,,,,,,
2026-08-18T10:35:47.946663,7648,0x46,BSR,,,,,,,,,,,,,,,,,,,,,,,,,0,0,0,0
2026-08-18T10:35:47.985305,7649,0x46,PDSCH,3,450,73,4,0,,,,,,,,,,,,,,,,,,,,,,,
2026-08-18T10:35:48.295241,7657,0x46,PUCCH,,,,,,,,,,,,,,,,,,1a,111.7,"1.000,",,,1,,,,,
2026-08-18T10:35:48.384518,7660,0x46,PUCCH,,,,,,,,,,,,,,,,,,1,111.8,"1.000,",,,,,,,,
2026-08-18T10:35:48.640562,7668,0x46,BSR,,,,,,,,,,,,,,,,,,,,,,,,,0,0,0,0
2026-08-18T10:35:48.640565,7668,0x46,PUSCH,,,,,,2,10,1296,517,4,0,OK,111.4,142.8,0.0,-0.0,156,,,,,,,,,,,
2026-08-18T10:35:48.679119,7669,0x46,PDSCH,50,7500,4587,6,0,,,,,,,,,,,,,,,,,,,,,,,
2026-08-18T10:35:48.718347,7670,0x46,PDSCH,50,7500,4587,6,0,,,,,,,,,,,,,,,,,,,,,,,
2026-08-18T10:35:48.751344,7671,0x46,PDSCH,50,7356,4587,6,0,,,,,,,,,,,,,,,,,,,,,,,
2026-08-18T10:35:48.782704,7672,0x46,PDSCH,6,900,437,6,0,,,,,,,,,,,,,,,,,,,,,,,
2026-08-18T10:35:49.161532,7677,0x46,PUCCH,,,,,,,,,,,,,,,,,,1a,111.7,"1.000,",,,1,,,,,
2026-08-18T10:35:49.194037,7678,0x46,PUCCH,,,,,,,,,,,,,,,,,,1a,111.7,"1.000,",,,1,,,,,
2026-08-18T10:35:49.271549,7679,0x46,PUCCH,,,,,,,,,,,,,,,,,,1a,111.7,"1.000,",,,1,,,,,
2026-08-18T10:35:49.324500,7680,0x46,PUCCH,,,,,,,,,,,,,,,,,,1a,111.8,"1.000,",,,1,,,,,
2026-08-18T10:35:49.367056,7681,0x46,PUCCH,,,,,,,,,,,,,,,,,,2,111.8,"1.000,",,,,,,,,
2026-08-18T10:35:49.589189,7688,0x46,PUSCH,,,,,,2,10,1296,517,4,0,OK,111.4,142.8,0.0,-0.0,109,,,,,,,,,,,
2026-08-18T10:35:49.617715,7689,0x46,PDSCH,50,7500,4587,6,0,,,,,,,,,,,,,,,,,,,,,,,
2026-08-18T10:35:49.647311,7690,0x46,PDSCH,50,7500,4587,6,0,,,,,,,,,,,,,,,,,,,,,,,
2026-08-18T10:35:49.701226,7691,0x46,PDSCH,50,7356,4587,6,0,,,,,,,,,,,,,,,,,,,,,,,
2026-08-18T10:35:49.738090,7692,0x46,PDSCH,50,7500,4587,6,0,,,,,,,,,,,,,,,,,,,,,,,
2026-08-18T10:35:49.766238,7693,0x46,PDSCH,50,7500,4587,6,0,,,,,,,,,,,,,,,,,,,,,,,
2026-08-18T10:35:49.938599,7697,0x46,BSR,,,,,,,,,,,,,,,,,,,,,,,,,0,0,0,0
2026-08-18T10:35:49.979153,7698,0x46,PUCCH,,,,,,,,,,,,,,,,,,1a,111.7,"1.000,",,,1,,,,,
2026-08-18T10:35:49.979402,7698,0x46,PDSCH,50,7500,4587,6,0,,,,,,,,,,,,,,,,,,,,,,,
2026-08-18T10:35:50.009458,7699,0x46,PUCCH,,,,,,,,,,,,,,,,,,1a,111.7,"1.000,",,,1,,,,,
2026-08-18T10:35:50.009620,7699,0x46,PDSCH,15,2250,1063,6,0,,,,,,,,,,,,,,,,,,,,,,,
2026-08-18T10:35:50.042779,7700,0x46,PUCCH,,,,,,,,,,,,,,,,,,1a,111.8,"1.000,",,,1,,,,,
2026-08-18T10:35:50.072771,7701,0x46,PUCCH,,,,,,,,,,,,,,,,,,1a,111.7,"1.000,",,,1,,,,,
2026-08-18T10:35:50.241346,7705,0x46,PUSCH,,,,,,2,3,288,113,4,0,OK,118.0,149.4,0.0,0.0,55,,,,,,,,,,,
2026-08-18T10:35:50.286730,7706,0x46,PUCCH,,,,,,,,,,,,,,,,,,1a,111.8,"1.000,",,,1,,,,,
2026-08-18T10:35:50.321065,7707,0x46,PUCCH,,,,,,,,,,,,,,,,,,1a,111.7,"1.000,",,,1,,,,,
2026-08-18T10:35:50.360520,7708,0x46,PUSCH,,,,,,2,9,1152,437,4,0,OK,114.2,143.4,0.0,0.0,126,,,,,,,,,,,
2026-08-18T10:35:50.400199,7709,0x46,PDSCH,50,7500,4587,6,0,,,,,,,,,,,,,,,,,,,,,,,
2026-08-18T10:35:50.427263,7710,0x46,PDSCH,50,7500,4587,6,0,,,,,,,,,,,,,,,,,,,,,,,
2026-08-18T10:35:50.457032,7711,0x46,PDSCH,50,7356,4587,6,0,,,,,,,,,,,,,,,,,,,,,,,
2026-08-18T10:35:50.489481,7712,0x46,PDSCH,42,6300,3182,6,0,,,,,,,,,,,,,,,,,,,,,,,
2026-08-18T10:35:50.563856,7714,0x46,PUSCH,,,,,,2,9,1152,437,4,0,OK,114.3,143.2,0.0,0.0,78,,,,,,,,,,,
2026-08-18T10:35:50.563910,7714,0x46,BSR,,,,,,,,,,,,,,,,,,,,,,,,,0,0,0,0
2026-08-18T10:35:50.603270,7715,0x46,PDSCH,50,7500,4587,6,0,,,,,,,,,,,,,,,,,,,,,,,
2026-08-18T10:35:50.640091,7716,0x46,PUSCH,,,,,,2,9,1152,437,4,0,OK,114.2,143.4,0.0,0.0,69,,,,,,,,,,,
2026-08-18T10:35:50.640110,7716,0x46,BSR,,,,,,,,,,,,,,,,,,,,,,,,,0,0,0,0
2026-08-18T10:35:50.640372,7716,0x46,PDSCH,50,7080,4587,6,0,,,,,,,,,,,,,,,,,,,,,,,
2026-08-18T10:35:50.671347,7717,0x46,BSR,,,,,,,,,,,,,,,,,,,,,,,,,0,0,0,0
2026-08-18T10:35:50.671520,7717,0x46,PDSCH,50,7500,4587,6,0,,,,,,,,,,,,,,,,,,,,,,,
2026-08-18T10:35:50.721041,7718,0x46,PUCCH,,,,,,,,,,,,,,,,,,1a,111.7,"1.000,",,,1,,,,,
2026-08-18T10:35:50.721290,7718,0x46,PDSCH,50,7500,4587,6,0,,,,,,,,,,,,,,,,,,,,,,,
2026-08-18T10:35:50.757993,7719,0x46,PUCCH,,,,,,,,,,,,,,,,,,1a,111.7,"1.000,",,,1,,,,,
2026-08-18T10:35:50.758248,7719,0x46,PDSCH,50,7500,4587,6,0,,,,,,,,,,,,,,,,,,,,,,,
2026-08-18T10:35:50.793897,7720,0x46,PUCCH,,,,,,,,,,,,,,,,,,1a,111.8,"1.000,",,,1,,,,,
2026-08-18T10:35:50.794233,7720,0x46,PDSCH,50,7500,4587,6,0,,,,,,,,,,,,,,,,,,,,,,,
2026-08-18T10:35:50.831553,7721,0x46,PUCCH,,,,,,,,,,,,,,,,,,2,111.8,"1.000,",,,,,,,,
2026-08-18T10:35:50.831876,7721,0x46,PDSCH,47,6906,4395,6,0,,,,,,,,,,,,,,,,,,,,,,,
2026-08-18T10:35:50.860955,7722,0x46,PUSCH,,,,,,2,9,1152,437,4,0,OK,114.2,143.3,0.0,-0.0,69,,,,,,,,,,,
2026-08-18T10:35:50.861228,7722,0x46,PDSCH,50,7500,4587,6,0,,,,,,,,,,,,,,,,,,,,,,,
2026-08-18T10:35:50.893079,7723,0x46,PUCCH,,,,,,,,,,,,,,,,,,1a,111.7,"1.000,",,,1,,,,,
2026-08-18T10:35:50.893415,7723,0x46,PDSCH,50,7500,4587,6,0,,,,,,,,,,,,,,,,,,,,,,,
2026-08-18T10:35:50.929920,7724,0x46,PUCCH,,,,,,,,,,,,,,,,,,1a,111.7,"1.000,",,,1,,,,,
2026-08-18T10:35:50.930266,7724,0x46,PDSCH,50,7500,4587,6,0,,,,,,,,,,,,,,,,,,,,,,,
2026-08-18T10:35:50.969229,7725,0x46,PUCCH,,,,,,,,,,,,,,,,,,1a,111.8,"1.000,",,,1,,,,,
2026-08-18T10:35:50.969524,7725,0x46,PDSCH,50,7500,4587,6,0,,,,,,,,,,,,,,,,,,,,,,,
2026-08-18T10:35:51.006463,7726,0x46,PUCCH,,,,,,,,,,,,,,,,,,1a,111.8,"1.000,",,,1,,,,,
2026-08-18T10:35:51.006736,7726,0x46,PDSCH,50,7080,4587,6,0,,,,,,,,,,,,,,,,,,,,,,,
2026-08-18T10:35:51.044510,7727,0x46,PUCCH,,,,,,,,,,,,,,,,,,1a,111.7,"1.000,",,,1,,,,,
2026-08-18T10:35:51.044767,7727,0x46,PDSCH,50,7500,4587,6,0,,,,,,,,,,,,,,,,,,,,,,,
2026-08-18T10:35:51.074041,7728,0x46,PDSCH,33,4950,2481,6,0,,,,,,,,,,,,,,,,,,,,,,,
2026-08-18T10:35:51.107161,7729,0x46,PUCCH,,,,,,,,,,,,,,,,,,1a,111.7,"1.000,",,,1,,,,,
2026-08-18T10:35:51.107427,7729,0x46,PDSCH,50,7500,4587,6,0,,,,,,,,,,,,,,,,,,,,,,,
2026-08-18T10:35:51.161178,7730,0x46,PUCCH,,,,,,,,,,,,,,,,,,1a,111.8,"1.000,",,,1,,,,,
2026-08-18T10:35:51.161300,7730,0x46,PDSCH,15,2250,1063,6,0,,,,,,,,,,,,,,,,,,,,,,,
2026-08-18T10:35:51.238787,7732,0x46,PUCCH,,,,,,,,,,,,,,,,,,1a,111.7,"1.000,",,,1,,,,,
2026-08-18T10:35:51.239079,7732,0x46,PDSCH,50,7500,4587,6,0,,,,,,,,,,,,,,,,,,,,,,,
2026-08-18T10:35:51.276639,7733,0x46,PUCCH,,,,,,,,,,,,,,,,,,1a,111.7,"1.000,",,,1,,,,,
2026-08-18T10:35:51.276753,7733,0x46,PDSCH,15,2250,1063,6,0,,,,,,,,,,,,,,,,,,,,,,,
2026-08-18T10:35:51.307905,7734,0x46,PUCCH,,,,,,,,,,,,,,,,,,1a,111.7,"1.000,",,,1,,,,,
2026-08-18T10:35:51.338731,7735,0x46,PUCCH,,,,,,,,,,,,,,,,,,1a,111.8,"1.000,",,,1,,,,,
2026-08-18T10:35:51.397168,7737,0x46,PDSCH,36,5400,2865,6,0,,,,,,,,,,,,,,,,,,,,,,,
2026-08-18T10:35:51.426890,7738,0x46,PUCCH,,,,,,,,,,,,,,,,,,1a,111.7,"1.000,",,,1,,,,,
2026-08-18T10:35:51.427183,7738,0x46,PDSCH,50,7500,4587,6,0,,,,,,,,,,,,,,,,,,,,,,,
2026-08-18T10:35:51.458041,7739,0x46,PUSCH,,,,,,2,3,288,125,4,0,OK,117.9,149.5,0.0,-0.0,40,,,,,,,,,,,
2026-08-18T10:35:51.458063,7739,0x46,PHR,,,,,,,,,,,,,,,,,,,,,,,,30.0,,,,
2026-08-18T10:35:51.458309,7739,0x46,PDSCH,50,7500,4587,6,0,,,,,,,,,,,,,,,,,,,,,,,
2026-08-18T10:35:51.518935,7740,0x46,PDSCH,50,7500,4587,6,0,,,,,,,,,,,,,,,,,,,,,,,
2026-08-18T10:35:51.556089,7741,0x46,PUCCH,,,,,,,,,,,,,,,,,,1a,111.7,"1.000,",,,1,,,,,
2026-08-18T10:35:51.556363,7741,0x46,PDSCH,47,6906,4395,6,0,,,,,,,,,,,,,,,,,,,,,,,
2026-08-18T10:35:51.584313,7742,0x46,PDSCH,50,7500,4587,6,0,,,,,,,,,,,,,,,,,,,,,,,
2026-08-18T10:35:51.610130,7743,0x46,PDSCH,50,7500,4587,6,0,,,,,,,,,,,,,,,,,,,,,,,
2026-08-18T10:35:51.637367,7744,0x46,PUSCH,,,,,,2,3,288,75,4,0,OK,118.0,149.5,0.0,-0.0,33,,,,,,,,,,,
2026-08-18T10:35:51.637621,7744,0x46,PDSCH,50,7500,4587,6,0,,,,,,,,,,,,,,,,,,,,,,,
2026-08-18T10:35:51.664958,7745,0x46,PDSCH,50,7500,4587,6,0,,,,,,,,,,,,,,,,,,,,,,,
2026-08-18T10:35:51.694013,7746,0x46,PDSCH,50,7080,4587,6,0,,,,,,,,,,,,,,,,,,,,,,,
2026-08-18T10:35:51.755105,7747,0x46,PDSCH,50,7500,4587,6,0,,,,,,,,,,,,,,,,,,,,,,,
2026-08-18T10:35:51.797044,7748,0x46,PDSCH,50,7500,4587,6,0,,,,,,,,,,,,,,,,,,,,,,,
2026-08-18T10:35:51.848966,7749,0x46,PDSCH,50,7500,4587,6,0,,,,,,,,,,,,,,,,,,,,,,,
2026-08-18T10:35:51.954832,7750,0x46,PUCCH,,,,,,,,,,,,,,,,,,1a,111.8,"1.000,",,,1,,,,,
2026-08-18T10:35:51.955193,7750,0x46,PDSCH,50,7500,4587,6,0,,,,,,,,,,,,,,,,,,,,,,,
2026-08-18T10:35:52.022666,7751,0x46,PUCCH,,,,,,,,,,,,,,,,,,1a,111.7,"1.000,",,,1,,,,,
2026-08-18T10:35:52.022899,7751,0x46,PDSCH,50,7356,4587,6,0,,,,,,,,,,,,,,,,,,,,,,,
2026-08-18T10:35:52.096223,7752,0x46,PDSCH,50,7500,4587,6,0,,,,,,,,,,,,,,,,,,,,,,,
2026-08-18T10:35:52.155994,7753,0x46,PDSCH,50,7500,4587,6,0,,,,,,,,,,,,,,,,,,,,,,,
2026-08-18T10:35:52.201638,7754,0x46,PDSCH,50,7500,4587,6,0,,,,,,,,,,,,,,,,,,,,,,,
2026-08-18T10:35:52.236099,7755,0x46,BSR,,,,,,,,,,,,,,,,,,,,,,,,,0,0,0,28
2026-08-18T10:35:52.236334,7755,0x46,PDSCH,50,7500,4587,6,0,,,,,,,,,,,,,,,,,,,,,,,
2026-08-18T10:35:52.271438,7756,0x46,BSR,,,,,,,,,,,,,,,,,,,,,,,,,0,0,0,29
2026-08-18T10:35:52.271693,7756,0x46,PDSCH,50,7080,4587,6,0,,,,,,,,,,,,,,,,,,,,,,,
2026-08-18T10:35:52.305497,7757,0x46,BSR,,,,,,,,,,,,,,,,,,,,,,,,,0,0,0,31
2026-08-18T10:35:52.305724,7757,0x46,PDSCH,50,7500,4587,6,0,,,,,,,,,,,,,,,,,,,,,,,
2026-08-18T10:35:52.341420,7758,0x46,PDSCH,50,7500,4587,6,0,,,,,,,,,,,,,,,,,,,,,,,
2026-08-18T10:35:52.368254,7759,0x46,PUCCH,,,,,,,,,,,,,,,,,,1a,111.7,"1.000,",,,1,,,,,
2026-08-18T10:35:52.368504,7759,0x46,PDSCH,50,7500,4587,6,0,,,,,,,,,,,,,,,,,,,,,,,
2026-08-18T10:35:52.399122,7760,0x46,PDSCH,50,7500,4587,6,0,,,,,,,,,,,,,,,,,,,,,,,
2026-08-18T10:35:52.430084,7761,0x46,PDSCH,47,6906,4395,6,0,,,,,,,,,,,,,,,,,,,,,,,
2026-08-18T10:35:52.480096,7762,0x46,BSR,,,,,,,,,,,,,,,,,,,,,,,,,0,0,0,0
2026-08-18T10:35:52.480336,7762,0x46,PDSCH,50,7500,4587,6,0,,,,,,,,,,,,,,,,,,,,,,,
2026-08-18T10:35:52.517608,7763,0x46,BSR,,,,,,,,,,,,,,,,,,,,,,,,,0,0,0,0
2026-08-18T10:35:52.517820,7763,0x46,PDSCH,50,7500,4587,6,0,,,,,,,,,,,,,,,,,,,,,,,
2026-08-18T10:35:52.555046,7764,0x46,PUCCH,,,,,,,,,,,,,,,,,,1a,111.7,"1.000,",,,1,,,,,
2026-08-18T10:35:52.555295,7764,0x46,PDSCH,50,7500,4587,6,0,,,,,,,,,,,,,,,,,,,,,,,
2026-08-18T10:35:52.596143,7765,0x46,PUCCH,,,,,,,,,,,,,,,,,,1a,111.8,"1.000,",,,1,,,,,
2026-08-18T10:35:52.596398,7765,0x46,PDSCH,50,7500,4587,6,0,,,,,,,,,,,,,,,,,,,,,,,
2026-08-18T10:35:52.641277,7766,0x46,PUCCH,,,,,,,,,,,,,,,,,,1a,111.8,"1.000,",,,1,,,,,
2026-08-18T10:35:52.641534,7766,0x46,PDSCH,50,7080,4587,6,0,,,,,,,,,,,,,,,,,,,,,,,
2026-08-18T10:35:52.683258,7767,0x46,PUCCH,,,,,,,,,,,,,,,,,,1a,111.7,"1.000,",,,1,,,,,
2026-08-18T10:35:52.683518,7767,0x46,PDSCH,50,7500,4587,6,0,,,,,,,,,,,,,,,,,,,,,,,
2026-08-18T10:35:52.959738,7768,0x46,PUCCH,,,,,,,,,,,,,,,,,,1a,111.7,"1.000,",,,1,,,,,
2026-08-18T10:35:52.959988,7768,0x46,PDSCH,50,7500,4587,6,0,,,,,,,,,,,,,,,,,,,,,,,
2026-08-18T10:35:53.015386,7769,0x46,PDSCH,50,7500,4587,6,0,,,,,,,,,,,,,,,,,,,,,,,
2026-08-18T10:35:53.059443,7770,0x46,BSR,,,,,,,,,,,,,,,,,,,,,,,,,0,0,0,0
2026-08-18T10:35:53.059654,7770,0x46,PDSCH,50,7500,4587,6,0,,,,,,,,,,,,,,,,,,,,,,,
2026-08-18T10:35:53.096660,7771,0x46,PUCCH,,,,,,,,,,,,,,,,,,1a,111.7,"1.000,",,,1,,,,,
2026-08-18T10:35:53.096894,7771,0x46,PDSCH,50,7356,4587,6,0,,,,,,,,,,,,,,,,,,,,,,,
2026-08-18T10:35:53.131634,7772,0x46,PUCCH,,,,,,,,,,,,,,,,,,1a,111.7,"1.000,",,,1,,,,,
2026-08-18T10:35:53.131880,7772,0x46,PDSCH,50,7500,4587,6,0,,,,,,,,,,,,,,,,,,,,,,,
2026-08-18T10:35:53.179238,7773,0x46,PUCCH,,,,,,,,,,,,,,,,,,1a,111.7,"1.000,",,,1,,,,,
2026-08-18T10:35:53.179483,7773,0x46,PDSCH,50,7500,4587,6,0,,,,,,,,,,,,,,,,,,,,,,,
2026-08-18T10:35:53.231844,7774,0x46,PUCCH,,,,,,,,,,,,,,,,,,1a,111.7,"1.000,",,,1,,,,,
2026-08-18T10:35:53.232075,7774,0x46,PDSCH,50,7500,4587,6,0,,,,,,,,,,,,,,,,,,,,,,,
2026-08-18T10:35:53.277209,7775,0x46,PUCCH,,,,,,,,,,,,,,,,,,1a,111.8,"1.000,",,,1,,,,,
2026-08-18T10:35:53.277441,7775,0x46,PDSCH,50,7500,4587,6,0,,,,,,,,,,,,,,,,,,,,,,,
2026-08-18T10:35:53.324831,7776,0x46,PUCCH,,,,,,,,,,,,,,,,,,1a,111.8,"1.000,",,,1,,,,,
2026-08-18T10:35:53.325096,7776,0x46,PDSCH,50,7080,4587,6,0,,,,,,,,,,,,,,,,,,,,,,,
2026-08-18T10:35:53.367447,7777,0x46,PUCCH,,,,,,,,,,,,,,,,,,1a,111.7,"1.000,",,,1,,,,,
2026-08-18T10:35:53.367702,7777,0x46,PDSCH,50,7500,4587,6,0,,,,,,,,,,,,,,,,,,,,,,,
2026-08-18T10:35:53.410722,7778,0x46,PDSCH,50,7500,4587,6,0,,,,,,,,,,,,,,,,,,,,,,,
2026-08-18T10:35:53.452465,7779,0x46,PUCCH,,,,,,,,,,,,,,,,,,1a,111.7,"1.000,",,,1,,,,,
2026-08-18T10:35:53.452715,7779,0x46,PDSCH,50,7500,4587,6,0,,,,,,,,,,,,,,,,,,,,,,,
2026-08-18T10:35:53.491951,7780,0x46,PUCCH,,,,,,,,,,,,,,,,,,1a,111.8,"1.000,",,,1,,,,,
2026-08-18T10:35:53.492183,7780,0x46,PDSCH,50,7500,4587,6,0,,,,,,,,,,,,,,,,,,,,,,,
2026-08-18T10:35:53.532098,7781,0x46,PUCCH,,,,,,,,,,,,,,,,,,1a,111.7,"1.000,",,,1,,,,,
2026-08-18T10:35:53.532338,7781,0x46,PDSCH,47,6906,4395,6,0,,,,,,,,,,,,,,,,,,,,,,,
2026-08-18T10:35:53.582995,7782,0x46,PUCCH,,,,,,,,,,,,,,,,,,1a,111.7,"1.000,",,,1,,,,,
2026-08-18T10:35:53.583225,7782,0x46,PDSCH,50,7500,4587,6,0,,,,,,,,,,,,,,,,,,,,,,,
2026-08-18T10:35:53.631342,7783,0x46,PUCCH,,,,,,,,,,,,,,,,,,1a,111.7,"1.000,",,,1,,,,,
2026-08-18T10:35:53.631634,7783,0x46,PDSCH,50,7500,4587,6,0,,,,,,,,,,,,,,,,,,,,,,,
2026-08-18T10:35:53.681785,7784,0x46,PUCCH,,,,,,,,,,,,,,,,,,1a,111.7,"1.000,",,,1,,,,,
2026-08-18T10:35:53.682017,7784,0x46,PDSCH,50,7500,4587,6,0,,,,,,,,,,,,,,,,,,,,,,,
2026-08-18T10:35:53.722534,7785,0x46,PUCCH,,,,,,,,,,,,,,,,,,1a,111.8,"1.000,",,,1,,,,,
2026-08-18T10:35:53.722815,7785,0x46,PDSCH,50,7500,4587,6,0,,,,,,,,,,,,,,,,,,,,,,,
2026-08-18T10:35:53.758551,7786,0x46,PUCCH,,,,,,,,,,,,,,,,,,1a,111.8,"1.000,",,,1,,,,,
2026-08-18T10:35:53.758865,7786,0x46,PDSCH,50,7080,4587,6,0,,,,,,,,,,,,,,,,,,,,,,,
2026-08-18T10:35:53.797891,7787,0x46,PDSCH,50,7500,4587,6,0,,,,,,,,,,,,,,,,,,,,,,,
2026-08-18T10:35:53.828926,7788,0x46,PUCCH,,,,,,,,,,,,,,,,,,1a,111.7,"1.000,",,,1,,,,,
2026-08-18T10:35:53.829173,7788,0x46,PDSCH,50,7500,4587,6,0,,,,,,,,,,,,,,,,,,,,,,,
2026-08-18T10:35:53.858929,7789,0x46,PUCCH,,,,,,,,,,,,,,,,,,1a,111.7,"1.000,",,,1,,,,,
2026-08-18T10:35:53.859161,7789,0x46,PDSCH,50,7500,4587,6,0,,,,,,,,,,,,,,,,,,,,,,,
2026-08-18T10:35:53.886504,7790,0x46,PUCCH,,,,,,,,,,,,,,,,,,1a,111.8,"1.000,",,,1,,,,,
2026-08-18T10:35:53.886735,7790,0x46,PDSCH,50,7500,4587,6,0,,,,,,,,,,,,,,,,,,,,,,,
2026-08-18T10:35:53.913762,7791,0x46,PUCCH,,,,,,,,,,,,,,,,,,1a,111.7,"1.000,",,,1,,,,,
2026-08-18T10:35:53.914006,7791,0x46,PDSCH,50,7356,4587,6,0,,,,,,,,,,,,,,,,,,,,,,,
2026-08-18T10:35:53.942153,7792,0x46,PUCCH,,,,,,,,,,,,,,,,,,1a,111.7,"1.000,",,,1,,,,,
2026-08-18T10:35:53.942383,7792,0x46,PDSCH,50,7500,4587,6,0,,,,,,,,,,,,,,,,,,,,,,,
2026-08-18T10:35:53.973237,7793,0x46,PUCCH,,,,,,,,,,,,,,,,,,1a,111.7,"1.000,",,,1,,,,,
2026-08-18T10:35:53.973469,7793,0x46,PDSCH,50,7500,4587,6,0,,,,,,,,,,,,,,,,,,,,,,,
2026-08-18T10:35:54.017393,7794,0x46,PUCCH,,,,,,,,,,,,,,,,,,1a,111.7,"1.000,",,,1,,,,,
2026-08-18T10:35:54.017628,7794,0x46,PDSCH,50,7500,4587,6,0,,,,,,,,,,,,,,,,,,,,,,,
2026-08-18T10:35:54.048949,7795,0x46,PDSCH,50,7500,4587,6,0,,,,,,,,,,,,,,,,,,,,,,,
2026-08-18T10:35:54.078231,7796,0x46,PDSCH,50,7080,4587,6,0,,,,,,,,,,,,,,,,,,,,,,,
2026-08-18T10:35:54.106259,7797,0x46,PUCCH,,,,,,,,,,,,,,,,,,1a,111.7,"1.000,",,,1,,,,,
2026-08-18T10:35:54.106516,7797,0x46,PDSCH,50,7500,4587,6,0,,,,,,,,,,,,,,,,,,,,,,,
2026-08-18T10:35:54.135746,7798,0x46,PUCCH,,,,,,,,,,,,,,,,,,1a,111.7,"1.000,",,,1,,,,,
2026-08-18T10:35:54.135983,7798,0x46,PDSCH,50,7500,4587,6,0,,,,,,,,,,,,,,,,,,,,,,,
2026-08-18T10:35:54.167556,7799,0x46,PUCCH,,,,,,,,,,,,,,,,,,1a,111.7,"1.000,",,,1,,,,,
2026-08-18T10:35:54.167793,7799,0x46,PDSCH,50,7500,4587,6,0,,,,,,,,,,,,,,,,,,,,,,,
2026-08-18T10:35:54.196225,7800,0x46,PUCCH,,,,,,,,,,,,,,,,,,1a,111.8,"1.000,",,,1,,,,,
2026-08-18T10:35:54.196455,7800,0x46,PDSCH,50,7500,4587,6,0,,,,,,,,,,,,,,,,,,,,,,,
2026-08-18T10:35:54.227202,7801,0x46,PUCCH,,,,,,,,,,,,,,,,,,2a,111.8,"1.000,",,,1,,,,,
2026-08-18T10:35:54.259295,7802,0x46,PUCCH,,,,,,,,,,,,,,,,,,1a,111.7,"1.000,",,,1,,,,,
2026-08-18T10:35:54.259505,7802,0x46,PDSCH,33,4950,2481,6,0,,,,,,,,,,,,,,,,,,,,,,,
2026-08-18T10:35:54.326469,7804,0x46,PDSCH,50,7500,4587,6,0,,,,,,,,,,,,,,,,,,,,,,,
2026-08-18T10:35:54.354247,7805,0x46,PDSCH,50,7500,4587,6,0,,,,,,,,,,,,,,,,,,,,,,,
2026-08-18T10:35:54.381455,7806,0x46,PUCCH,,,,,,,,,,,,,,,,,,1a,111.8,"1.000,",,,1,,,,,
2026-08-18T10:35:54.381709,7806,0x46,PDSCH,50,7080,4587,6,0,,,,,,,,,,,,,,,,,,,,,,,
2026-08-18T10:35:54.409225,7807,0x46,PUCCH,,,,,,,,,,,,,,,,,,1a,111.7,"1.000,",,,1,,,,,
2026-08-18T10:35:54.409458,7807,0x46,PDSCH,50,7500,4587,6,0,,,,,,,,,,,,,,,,,,,,,,,
2026-08-18T10:35:54.436299,7808,0x46,PUCCH,,,,,,,,,,,,,,,,,,1a,111.7,"1.000,",,,1,,,,,
2026-08-18T10:35:54.436535,7808,0x46,PDSCH,50,7500,4587,6,0,,,,,,,,,,,,,,,,,,,,,,,
2026-08-18T10:35:54.463884,7809,0x46,PDSCH,50,7500,4587,6,0,,,,,,,,,,,,,,,,,,,,,,,
2026-08-18T10:35:54.492548,7810,0x46,PUCCH,,,,,,,,,,,,,,,,,,1a,111.8,"1.000,",,,1,,,,,
2026-08-18T10:35:54.492738,7810,0x46,PDSCH,27,4050,2052,6,0,,,,,,,,,,,,,,,,,,,,,,,
2026-08-18T10:35:54.521726,7811,0x46,PUSCH,,,,,,10,14,720,293,4,0,OK,104.5,145.4,0.0,-0.0,66,,,,,,,,,,,
2026-08-18T10:35:54.521735,7811,0x46,BSR,,,,,,,,,,,,,,,,,,,,,,,,,0,0,0,40
2026-08-18T10:35:54.585084,7813,0x46,PDSCH,50,7500,4587,6,0,,,,,,,,,,,,,,,,,,,,,,,
2026-08-18T10:35:54.618657,7814,0x46,PDSCH,50,7500,4587,6,0,,,,,,,,,,,,,,,,,,,,,,,
2026-08-18T10:35:54.644919,7815,0x46,PUCCH,,,,,,,,,,,,,,,,,,1a,111.8,"1.000,",,,1,,,,,
2026-08-18T10:35:54.645191,7815,0x46,PDSCH,50,7500,4587,6,0,,,,,,,,,,,,,,,,,,,,,,,
2026-08-18T10:35:54.672770,7816,0x46,PUCCH,,,,,,,,,,,,,,,,,,1a,111.8,"1.000,",,,1,,,,,
2026-08-18T10:35:54.673008,7816,0x46,PDSCH,50,7080,4587,6,0,,,,,,,,,,,,,,,,,,,,,,,
2026-08-18T10:35:54.698581,7817,0x46,PUCCH,,,,,,,,,,,,,,,,,,1a,111.7,"1.000,",,,1,,,,,
2026-08-18T10:35:54.698820,7817,0x46,PDSCH,50,7500,4587,6,0,,,,,,,,,,,,,,,,,,,,,,,
2026-08-18T10:35:54.728439,7818,0x46,PUCCH,,,,,,,,,,,,,,,,,,1a,111.7,"1.000,",,,1,,,,,
2026-08-18T10:35:54.728670,7818,0x46,PDSCH,50,7500,4587,6,0,,,,,,,,,,,,,,,,,,,,,,,
2026-08-18T10:35:54.760987,7819,0x46,PUSCH,,,,,,2,6,720,293,4,0,OK,118.0,145.3,0.0,-0.0,52,,,,,,,,,,,
2026-08-18T10:35:54.761246,7819,0x46,PDSCH,50,7500,4587,6,0,,,,,,,,,,,,,,,,,,,,,,,
2026-08-18T10:35:54.815084,7820,0x46,BSR,,,,,,,,,,,,,,,,,,,,,,,,,0,0,0,0
2026-08-18T10:35:54.815332,7820,0x46,PDSCH,50,7500,4587,6,0,,,,,,,,,,,,,,,,,,,,,,,
2026-08-18T10:35:54.868579,7821,0x46,BSR,,,,,,,,,,,,,,,,,,,,,,,,,0,0,0,0
2026-08-18T10:35:54.868722,7821,0x46,PDSCH,47,6906,4395,6,0,,,,,,,,,,,,,,,,,,,,,,,
2026-08-18T10:35:54.919029,7822,0x46,BSR,,,,,,,,,,,,,,,,,,,,,,,,,0,0,0,0
2026-08-18T10:35:54.919202,7822,0x46,PDSCH,50,7500,4587,6,0,,,,,,,,,,,,,,,,,,,,,,,
2026-08-18T10:35:54.968961,7823,0x46,BSR,,,,,,,,,,,,,,,,,,,,,,,,,0,0,0,0
2026-08-18T10:35:54.969216,7823,0x46,PDSCH,50,7500,4587,6,0,,,,,,,,,,,,,,,,,,,,,,,
2026-08-18T10:35:55.020299,7824,0x46,PUCCH,,,,,,,,,,,,,,,,,,1a,111.7,"1.000,",,,1,,,,,
2026-08-18T10:35:55.020539,7824,0x46,PDSCH,50,7500,4587,6,0,,,,,,,,,,,,,,,,,,,,,,,
2026-08-18T10:35:55.083002,7825,0x46,PUCCH,,,,,,,,,,,,,,,,,,1a,111.8,"1.000,",,,1,,,,,
2026-08-18T10:35:55.083240,7825,0x46,PDSCH,50,7500,4587,6,0,,,,,,,,,,,,,,,,,,,,,,,
2026-08-18T10:35:55.165157,7826,0x46,PUCCH,,,,,,,,,,,,,,,,,,1a,111.8,"1.000,",,,1,,,,,
2026-08-18T10:35:55.165395,7826,0x46,PDSCH,50,7080,4587,6,0,,,,,,,,,,,,,,,,,,,,,,,
2026-08-18T10:35:55.246094,7827,0x46,PDSCH,50,7500,4587,6,0,,,,,,,,,,,,,,,,,,,,,,,
2026-08-18T10:35:55.303632,7828,0x46,BSR,,,,,,,,,,,,,,,,,,,,,,,,,0,0,0,0
2026-08-18T10:35:55.303859,7828,0x46,PDSCH,50,7500,4587,6,0,,,,,,,,,,,,,,,,,,,,,,,
2026-08-18T10:35:55.351042,7829,0x46,PUCCH,,,,,,,,,,,,,,,,,,1a,111.7,"1.000,",,,1,,,,,
2026-08-18T10:35:55.351337,7829,0x46,PDSCH,50,7500,4587,6,0,,,,,,,,,,,,,,,,,,,,,,,
2026-08-18T10:35:55.391012,7830,0x46,PUCCH,,,,,,,,,,,,,,,,,,1a,111.8,"1.000,",,,1,,,,,
2026-08-18T10:35:55.391247,7830,0x46,PDSCH,50,7500,4587,6,0,,,,,,,,,,,,,,,,,,,,,,,
2026-08-18T10:35:55.462786,7831,0x46,PUCCH,,,,,,,,,,,,,,,,,,1a,111.7,"1.000,",,,1,,,,,
2026-08-18T10:35:55.463018,7831,0x46,PDSCH,50,7356,4587,6,0,,,,,,,,,,,,,,,,,,,,,,,
2026-08-18T10:35:55.512026,7832,0x46,PUCCH,,,,,,,,,,,,,,,,,,1a,111.7,"1.000,",,,1,,,,,
2026-08-18T10:35:55.512257,7832,0x46,PDSCH,50,7500,4587,6,0,,,,,,,,,,,,,,,,,,,,,,,
2026-08-18T10:35:55.561603,7833,0x46,PUCCH,,,,,,,,,,,,,,,,,,1a,111.7,"1.000,",,,1,,,,,
2026-08-18T10:35:55.561847,7833,0x46,PDSCH,50,7500,4587,6,0,,,,,,,,,,,,,,,,,,,,,,,
2026-08-18T10:35:55.604453,7834,0x46,PUCCH,,,,,,,,,,,,,,,,,,1a,111.7,"1.000,",,,1,,,,,
2026-08-18T10:35:55.604684,7834,0x46,PDSCH,50,7500,4587,6,0,,,,,,,,,,,,,,,,,,,,,,,
2026-08-18T10:35:55.652819,7835,0x46,PUCCH,,,,,,,,,,,,,,,,,,1a,111.8,"1.000,",,,1,,,,,
2026-08-18T10:35:55.653051,7835,0x46,PDSCH,50,7500,4587,6,0,,,,,,,,,,,,,,,,,,,,,,,
2026-08-18T10:35:55.702846,7836,0x46,PDSCH,50,7080,4587,6,0,,,,,,,,,,,,,,,,,,,,,,,
2026-08-18T10:35:55.740815,7837,0x46,PUCCH,,,,,,,,,,,,,,,,,,1a,111.7,"1.000,",,,1,,,,,
2026-08-18T10:35:55.741090,7837,0x46,PDSCH,50,7500,4587,6,0,,,,,,,,,,,,,,,,,,,,,,,
2026-08-18T10:35:55.780242,7838,0x46,PUCCH,,,,,,,,,,,,,,,,,,1a,111.7,"1.000,",,,1,,,,,
2026-08-18T10:35:55.780473,7838,0x46,PDSCH,50,7500,4587,6,0,,,,,,,,,,,,,,,,,,,,,,,
2026-08-18T10:35:55.824150,7839,0x46,PUCCH,,,,,,,,,,,,,,,,,,1a,111.7,"1.000,",,,1,,,,,
2026-08-18T10:35:55.824382,7839,0x46,PDSCH,50,7500,4587,6,0,,,,,,,,,,,,,,,,,,,,,,,
2026-08-18T10:35:55.890670,7840,0x46,PUCCH,,,,,,,,,,,,,,,,,,1a,111.8,"1.000,",,,1,,,,,
2026-08-18T10:35:55.890935,7840,0x46,PDSCH,50,7500,4587,6,0,,,,,,,,,,,,,,,,,,,,,,,
2026-08-18T10:35:55.946287,7841,0x46,PUCCH,,,,,,,,,,,,,,,,,,2a,111.8,"1.000,",,,1,,,,,
2026-08-18T10:35:55.946529,7841,0x46,PDSCH,47,6906,4395,6,0,,,,,,,,,,,,,,,,,,,,,,,
2026-08-18T10:35:55.993223,7842,0x46,PUCCH,,,,,,,,,,,,,,,,,,1a,111.7,"1.000,",,,1,,,,,
2026-08-18T10:35:55.993454,7842,0x46,PDSCH,50,7500,4587,6,0,,,,,,,,,,,,,,,,,,,,,,,
2026-08-18T10:35:56.030009,7843,0x46,PUCCH,,,,,,,,,,,,,,,,,,1a,111.7,"1.000,",,,1,,,,,
2026-08-18T10:35:56.030241,7843,0x46,PDSCH,50,7500,4587,6,0,,,,,,,,,,,,,,,,,,,,,,,
2026-08-18T10:35:56.068447,7844,0x46,PUCCH,,,,,,,,,,,,,,,,,,1a,111.7,"1.000,",,,1,,,,,
2026-08-18T10:35:56.068684,7844,0x46,PDSCH,50,7500,4587,6,0,,,,,,,,,,,,,,,,,,,,,,,
2026-08-18T10:35:56.105520,7845,0x46,PHR,,,,,,,,,,,,,,,,,,,,,,,,30.0,,,,
2026-08-18T10:35:56.105763,7845,0x46,PDSCH,47,7050,4395,6,0,,,,,,,,,,,,,,,,,,,,,,,
2026-08-18T10:35:56.144468,7846,0x46,PUCCH,,,,,,,,,,,,,,,,,,1a,111.8,"1.000,",,,1,,,,,
2026-08-18T10:35:56.144720,7846,0x46,PDSCH,50,7080,4587,6,0,,,,,,,,,,,,,,,,,,,,,,,
2026-08-18T10:35:56.200682,7847,0x46,PUCCH,,,,,,,,,,,,,,,,,,1a,111.7,"1.000,",,,1,,,,,
2026-08-18T10:35:56.200914,7847,0x46,PDSCH,50,7500,4587,6,0,,,,,,,,,,,,,,,,,,,,,,,
2026-08-18T10:35:56.240285,7848,0x46,PUCCH,,,,,,,,,,,,,,,,,,1a,111.7,"1.000,",,,1,,,,,
2026-08-18T10:35:56.240523,7848,0x46,PDSCH,50,7500,4587,6,0,,,,,,,,,,,,,,,,,,,,,,,
2026-08-18T10:35:56.280634,7849,0x46,PUCCH,,,,,,,,,,,,,,,,,,1a,111.7,"1.000,",,,1,,,,,
2026-08-18T10:35:56.280879,7849,0x46,PDSCH,50,7500,4587,6,0,,,,,,,,,,,,,,,,,,,,,,,
2026-08-18T10:35:56.319820,7850,0x46,PUCCH,,,,,,,,,,,,,,,,,,1a,111.8,"1.000,",,,1,,,,,
2026-08-18T10:35:56.320050,7850,0x46,PDSCH,50,7500,4587,6,0,,,,,,,,,,,,,,,,,,,,,,,
2026-08-18T10:35:56.359962,7851,0x46,PUCCH,,,,,,,,,,,,,,,,,,1a,111.7,"1.000,",,,1,,,,,
2026-08-18T10:35:56.360194,7851,0x46,PDSCH,50,7356,4587,6,0,,,,,,,,,,,,,,,,,,,,,,,
2026-08-18T10:35:56.407294,7852,0x46,PUCCH,,,,,,,,,,,,,,,,,,1a,111.7,"1.000,",,,1,,,,,
2026-08-18T10:35:56.407546,7852,0x46,PDSCH,50,7500,4587,6,0,,,,,,,,,,,,,,,,,,,,,,,
2026-08-18T10:35:56.449587,7853,0x46,PDSCH,50,7500,4587,6,0,,,,,,,,,,,,,,,,,,,,,,,
2026-08-18T10:35:56.501124,7854,0x46,PDSCH,50,7500,4587,6,0,,,,,,,,,,,,,,,,,,,,,,,
2026-08-18T10:35:56.548727,7855,0x46,PUCCH,,,,,,,,,,,,,,,,,,1a,111.8,"1.000,",,,1,,,,,
2026-08-18T10:35:56.548983,7855,0x46,PDSCH,47,7050,4395,6,0,,,,,,,,,,,,,,,,,,,,,,,
2026-08-18T10:35:56.589462,7856,0x46,PUCCH,,,,,,,,,,,,,,,,,,1a,111.8,"1.000,",,,1,,,,,
2026-08-18T10:35:56.589698,7856,0x46,PDSCH,50,7080,4587,6,0,,,,,,,,,,,,,,,,,,,,,,,
2026-08-18T10:35:56.629525,7857,0x46,PUCCH,,,,,,,,,,,,,,,,,,1a,111.7,"1.000,",,,1,,,,,
2026-08-18T10:35:56.629757,7857,0x46,PDSCH,50,7500,4587,6,0,,,,,,,,,,,,,,,,,,,,,,,
2026-08-18T10:35:56.668795,7858,0x46,PUCCH,,,,,,,,,,,,,,,,,,1a,111.7,"1.000,",,,1,,,,,
2026-08-18T10:35:56.669031,7858,0x46,PDSCH,50,7500,4587,6,0,,,,,,,,,,,,,,,,,,,,,,,
2026-08-18T10:35:56.711493,7859,0x46,PUCCH,,,,,,,,,,,,,,,,,,1a,111.7,"1.000,",,,1,,,,,
2026-08-18T10:35:56.711731,7859,0x46,PDSCH,50,7500,4587,6,0,,,,,,,,,,,,,,,,,,,,,,,
2026-08-18T10:35:56.782480,7860,0x46,PUCCH,,,,,,,,,,,,,,,,,,1a,111.8,"1.000,",,,1,,,,,
2026-08-18T10:35:56.782825,7860,0x46,PDSCH,50,7500,4587,6,0,,,,,,,,,,,,,,,,,,,,,,,
2026-08-18T10:35:56.836910,7861,0x46,PDSCH,47,6906,4395,6,0,,,,,,,,,,,,,,,,,,,,,,,
2026-08-18T10:35:56.882913,7862,0x46,PDSCH,50,7500,4587,6,0,,,,,,,,,,,,,,,,,,,,,,,
2026-08-18T10:35:56.917797,7863,0x46,PDSCH,50,7500,4587,6,0,,,,,,,,,,,,,,,,,,,,,,,
2026-08-18T10:35:56.951412,7864,0x46,PUCCH,,,,,,,,,,,,,,,,,,1a,111.7,"1.000,",,,1,,,,,
2026-08-18T10:35:56.951674,7864,0x46,PDSCH,50,7500,4587,6,0,,,,,,,,,,,,,,,,,,,,,,,
2026-08-18T10:35:56.986823,7865,0x46,PUCCH,,,,,,,,,,,,,,,,,,1a,111.8,"1.000,",,,1,,,,,
2026-08-18T10:35:56.987055,7865,0x46,PDSCH,50,7500,4587,6,0,,,,,,,,,,,,,,,,,,,,,,,
2026-08-18T10:35:57.022958,7866,0x46,PUCCH,,,,,,,,,,,,,,,,,,1a,111.8,"1.000,",,,1,,,,,
2026-08-18T10:35:57.023201,7866,0x46,PDSCH,50,7080,4587,6,0,,,,,,,,,,,,,,,,,,,,,,,
2026-08-18T10:35:57.050780,7867,0x46,PUCCH,,,,,,,,,,,,,,,,,,1a,111.7,"1.000,",,,1,,,,,
2026-08-18T10:35:57.051017,7867,0x46,PDSCH,50,7500,4587,6,0,,,,,,,,,,,,,,,,,,,,,,,
2026-08-18T10:35:57.079178,7868,0x46,PUCCH,,,,,,,,,,,,,,,,,,1a,111.7,"1.000,",,,1,,,,,
2026-08-18T10:35:57.079407,7868,0x46,PDSCH,50,7500,4587,6,0,,,,,,,,,,,,,,,,,,,,,,,
2026-08-18T10:35:57.172950,7869,0x46,PDSCH,50,7500,4587,6,0,,,,,,,,,,,,,,,,,,,,,,,
2026-08-18T10:35:57.254812,7870,0x46,PDSCH,50,7500,4587,6,0,,,,,,,,,,,,,,,,,,,,,,,
2026-08-18T10:35:57.327252,7871,0x46,BSR,,,,,,,,,,,,,,,,,,,,,,,,,0,0,0,0
2026-08-18T10:35:57.327450,7871,0x46,PDSCH,50,7356,4587,6,0,,,,,,,,,,,,,,,,,,,,,,,
2026-08-18T10:35:57.377030,7872,0x46,BSR,,,,,,,,,,,,,,,,,,,,,,,,,0,0,0,0
2026-08-18T10:35:57.377181,7872,0x46,PDSCH,50,7500,4587,6,0,,,,,,,,,,,,,,,,,,,,,,,
2026-08-18T10:35:57.425605,7873,0x46,PUCCH,,,,,,,,,,,,,,,,,,1a,111.7,"1.000,",,,1,,,,,
2026-08-18T10:35:57.425837,7873,0x46,PDSCH,50,7500,4587,6,0,,,,,,,,,,,,,,,,,,,,,,,
2026-08-18T10:35:57.479406,7874,0x46,PUCCH,,,,,,,,,,,,,,,,,,1a,111.7,"1.000,",,,1,,,,,
2026-08-18T10:35:57.479651,7874,0x46,PDSCH,50,7500,4587,6,0,,,,,,,,,,,,,,,,,,,,,,,
2026-08-18T10:35:57.568140,7875,0x46,PUCCH,,,,,,,,,,,,,,,,,,1a,111.8,"1.000,",,,1,,,,,
2026-08-18T10:35:57.568379,7875,0x46,PDSCH,50,7500,4587,6,0,,,,,,,,,,,,,,,,,,,,,,,
2026-08-18T10:35:57.620824,7876,0x46,PUCCH,,,,,,,,,,,,,,,,,,1a,111.8,"1.000,",,,1,,,,,
2026-08-18T10:35:57.621085,7876,0x46,PDSCH,50,7080,4587,6,0,,,,,,,,,,,,,,,,,,,,,,,
2026-08-18T10:35:57.668380,7877,0x46,BSR,,,,,,,,,,,,,,,,,,,,,,,,,0,0,0,0
2026-08-18T10:35:57.668570,7877,0x46,PDSCH,50,7500,4587,6,0,,,,,,,,,,,,,,,,,,,,,,,
2026-08-18T10:35:57.713080,7878,0x46,BSR,,,,,,,,,,,,,,,,,,,,,,,,,0,0,0,0
2026-08-18T10:35:57.713294,7878,0x46,PDSCH,50,7500,4587,6,0,,,,,,,,,,,,,,,,,,,,,,,
2026-08-18T10:35:57.753927,7879,0x46,BSR,,,,,,,,,,,,,,,,,,,,,,,,,0,0,0,0
2026-08-18T10:35:57.754151,7879,0x46,PDSCH,50,7500,4587,6,0,,,,,,,,,,,,,,,,,,,,,,,
2026-08-18T10:35:57.804500,7880,0x46,PUCCH,,,,,,,,,,,,,,,,,,1a,111.8,"1.000,",,,1,,,,,
2026-08-18T10:35:57.804741,7880,0x46,PDSCH,50,7500,4587,6,0,,,,,,,,,,,,,,,,,,,,,,,
2026-08-18T10:35:57.857106,7881,0x46,PUCCH,,,,,,,,,,,,,,,,,,2a,111.8,"1.000,",,,1,,,,,
2026-08-18T10:35:57.857343,7881,0x46,PDSCH,47,6906,4395,6,0,,,,,,,,,,,,,,,,,,,,,,,
2026-08-18T10:35:57.898452,7882,0x46,PUCCH,,,,,,,,,,,,,,,,,,1a,111.7,"1.000,",,,1,,,,,
2026-08-18T10:35:57.898688,7882,0x46,PDSCH,50,7500,4587,6,0,,,,,,,,,,,,,,,,,,,,,,,
2026-08-18T10:35:57.940552,7883,0x46,PUCCH,,,,,,,,,,,,,,,,,,1a,111.7,"1.000,",,,1,,,,,
2026-08-18T10:35:57.940783,7883,0x46,PDSCH,50,7500,4587,6,0,,,,,,,,,,,,,,,,,,,,,,,
2026-08-18T10:35:57.983626,7884,0x46,PUCCH,,,,,,,,,,,,,,,,,,1a,111.7,"1.000,",,,1,,,,,
2026-08-18T10:35:57.983857,7884,0x46,PDSCH,50,7500,4587,6,0,,,,,,,,,,,,,,,,,,,,,,,
2026-08-18T10:35:58.027952,7885,0x46,PUCCH,,,,,,,,,,,,,,,,,,1a,111.8,"1.000,",,,1,,,,,
2026-08-18T10:35:58.028185,7885,0x46,PDSCH,50,7500,4587,6,0,,,,,,,,,,,,,,,,,,,,,,,
2026-08-18T10:35:58.083245,7886,0x46,PUCCH,,,,,,,,,,,,,,,,,,1a,111.8,"1.000,",,,1,,,,,
2026-08-18T10:35:58.083499,7886,0x46,PDSCH,50,7080,4587,6,0,,,,,,,,,,,,,,,,,,,,,,,
2026-08-18T10:35:58.125343,7887,0x46,PUCCH,,,,,,,,,,,,,,,,,,1a,111.7,"1.000,",,,1,,,,,
2026-08-18T10:35:58.125576,7887,0x46,PDSCH,50,7500,4587,6,0,,,,,,,,,,,,,,,,,,,,,,,
2026-08-18T10:35:58.164543,7888,0x46,PDSCH,50,7500,4587,6,0,,,,,,,,,,,,,,,,,,,,,,,
2026-08-18T10:35:58.198887,7889,0x46,PUCCH,,,,,,,,,,,,,,,,,,1a,111.7,"1.000,",,,1,,,,,
2026-08-18T10:35:58.199137,7889,0x46,PDSCH,50,7500,4587,6,0,,,,,,,,,,,,,,,,,,,,,,,
2026-08-18T10:35:58.234111,7890,0x46,PUCCH,,,,,,,,,,,,,,,,,,1a,111.8,"1.000,",,,1,,,,,
2026-08-18T10:35:58.234460,7890,0x46,PDSCH,50,7500,4587,6,0,,,,,,,,,,,,,,,,,,,,,,,
2026-08-18T10:35:58.274132,7891,0x46,PUCCH,,,,,,,,,,,,,,,,,,1a,111.7,"1.000,",,,1,,,,,
2026-08-18T10:35:58.274364,7891,0x46,PDSCH,50,7356,4587,6,0,,,,,,,,,,,,,,,,,,,,,,,
2026-08-18T10:35:58.304936,7892,0x46,PUCCH,,,,,,,,,,,,,,,,,,1a,111.7,"1.000,",,,1,,,,,
2026-08-18T10:35:58.305202,7892,0x46,PDSCH,50,7500,4587,6,0,,,,,,,,,,,,,,,,,,,,,,,
2026-08-18T10:35:58.335039,7893,0x46,PUCCH,,,,,,,,,,,,,,,,,,1a,111.7,"1.000,",,,1,,,,,
2026-08-18T10:35:58.335278,7893,0x46,PDSCH,50,7500,4587,6,0,,,,,,,,,,,,,,,,,,,,,,,
2026-08-18T10:35:58.390249,7894,0x46,PUCCH,,,,,,,,,,,,,,,,,,1a,111.7,"1.000,",,,1,,,,,
2026-08-18T10:35:58.390520,7894,0x46,PDSCH,50,7500,4587,6,0,,,,,,,,,,,,,,,,,,,,,,,
2026-08-18T10:35:58.433231,7895,0x46,PUCCH,,,,,,,,,,,,,,,,,,1a,111.8,"1.000,",,,1,,,,,
2026-08-18T10:35:58.433477,7895,0x46,PDSCH,50,7500,4587,6,0,,,,,,,,,,,,,,,,,,,,,,,
2026-08-18T10:35:58.471219,7896,0x46,PUCCH,,,,,,,,,,,,,,,,,,1a,111.8,"1.000,",,,1,,,,,
2026-08-18T10:35:58.471474,7896,0x46,PDSCH,50,7080,4587,6,0,,,,,,,,,,,,,,,,,,,,,,,
2026-08-18T10:35:58.512881,7897,0x46,PHR,,,,,,,,,,,,,,,,,,,,,,,,30.0,,,,
2026-08-18T10:35:58.513108,7897,0x46,PDSCH,50,7500,4587,6,0,,,,,,,,,,,,,,,,,,,,,,,
2026-08-18T10:35:58.551846,7898,0x46,PUCCH,,,,,,,,,,,,,,,,,,1a,111.7,"1.000,",,,1,,,,,
2026-08-18T10:35:58.552100,7898,0x46,PDSCH,50,7500,4587,6,0,,,,,,,,,,,,,,,,,,,,,,,
2026-08-18T10:35:58.580450,7899,0x46,PUCCH,,,,,,,,,,,,,,,,,,1a,111.7,"1.000,",,,1,,,,,
2026-08-18T10:35:58.580682,7899,0x46,PDSCH,50,7500,4587,6,0,,,,,,,,,,,,,,,,,,,,,,,
2026-08-18T10:35:58.610466,7900,0x46,PUCCH,,,,,,,,,,,,,,,,,,1a,111.8,"1.000,",,,1,,,,,
2026-08-18T10:35:58.610702,7900,0x46,PDSCH,50,7500,4587,6,0,,,,,,,,,,,,,,,,,,,,,,,
2026-08-18T10:35:58.636298,7901,0x46,PUCCH,,,,,,,,,,,,,,,,,,1a,111.7,"1.000,",,,1,,,,,
2026-08-18T10:35:58.636539,7901,0x46,PDSCH,47,6906,4395,6,0,,,,,,,,,,,,,,,,,,,,,,,
2026-08-18T10:35:58.662555,7902,0x46,PUCCH,,,,,,,,,,,,,,,,,,1a,111.7,"1.000,",,,1,,,,,
2026-08-18T10:35:58.662794,7902,0x46,PDSCH,50,7500,4587,6,0,,,,,,,,,,,,,,,,,,,,,,,
2026-08-18T10:35:58.692713,7903,0x46,PUCCH,,,,,,,,,,,,,,,,,,1a,111.7,"1.000,",,,1,,,,,
2026-08-18T10:35:58.692945,7903,0x46,PDSCH,50,7500,4587,6,0,,,,,,,,,,,,,,,,,,,,,,,
2026-08-18T10:35:58.723308,7904,0x46,PUCCH,,,,,,,,,,,,,,,,,,1a,111.7,"1.000,",,,1,,,,,
2026-08-18T10:35:58.723556,7904,0x46,PDSCH,50,7500,4587,6,0,,,,,,,,,,,,,,,,,,,,,,,
2026-08-18T10:35:58.773064,7905,0x46,PDSCH,50,7500,4587,6,0,,,,,,,,,,,,,,,,,,,,,,,
2026-08-18T10:35:58.810898,7906,0x46,PDSCH,50,7080,4587,6,0,,,,,,,,,,,,,,,,,,,,,,,
2026-08-18T10:35:58.837899,7907,0x46,PUCCH,,,,,,,,,,,,,,,,,,1a,111.7,"1.000,",,,1,,,,,
2026-08-18T10:35:58.838161,7907,0x46,PDSCH,50,7500,4587,6,0,,,,,,,,,,,,,,,,,,,,,,,
2026-08-18T10:35:58.865029,7908,0x46,PUCCH,,,,,,,,,,,,,,,,,,1a,111.7,"1.000,",,,1,,,,,
2026-08-18T10:35:58.865265,7908,0x46,PDSCH,50,7500,4587,6,0,,,,,,,,,,,,,,,,,,,,,,,
2026-08-18T10:35:58.895620,7909,0x46,PUCCH,,,,,,,,,,,,,,,,,,1a,111.7,"1.000,",,,1,,,,,
2026-08-18T10:35:58.895852,7909,0x46,PDSCH,50,7500,4587,6,0,,,,,,,,,,,,,,,,,,,,,,,
2026-08-18T10:35:58.925519,7910,0x46,PUCCH,,,,,,,,,,,,,,,,,,1a,111.8,"1.000,",,,1,,,,,
2026-08-18T10:35:58.925749,7910,0x46,PDSCH,50,7500,4587,6,0,,,,,,,,,,,,,,,,,,,,,,,
2026-08-18T10:35:58.977292,7911,0x46,PUCCH,,,,,,,,,,,,,,,,,,1a,111.7,"1.000,",,,1,,,,,
2026-08-18T10:35:58.977538,7911,0x46,PDSCH,50,7356,4587,6,0,,,,,,,,,,,,,,,,,,,,,,,
2026-08-18T10:35:59.011646,7912,0x46,PUCCH,,,,,,,,,,,,,,,,,,1a,111.7,"1.000,",,,1,,,,,
2026-08-18T10:35:59.011882,7912,0x46,PDSCH,50,7500,4587,6,0,,,,,,,,,,,,,,,,,,,,,,,
2026-08-18T10:35:59.044042,7913,0x46,PDSCH,50,7500,4587,6,0,,,,,,,,,,,,,,,,,,,,,,,
2026-08-18T10:35:59.078439,7914,0x46,PDSCH,50,7500,4587,6,0,,,,,,,,,,,,,,,,,,,,,,,
2026-08-18T10:35:59.106119,7915,0x46,PDSCH,50,7500,4587,6,0,,,,,,,,,,,,,,,,,,,,,,,
2026-08-18T10:35:59.137010,7916,0x46,PUCCH,,,,,,,,,,,,,,,,,,1a,111.8,"1.000,",,,1,,,,,
2026-08-18T10:35:59.137278,7916,0x46,PDSCH,50,7080,4587,6,0,,,,,,,,,,,,,,,,,,,,,,,
2026-08-18T10:35:59.168654,7917,0x46,PUCCH,,,,,,,,,,,,,,,,,,1a,111.7,"1.000,",,,1,,,,,
2026-08-18T10:35:59.168886,7917,0x46,PDSCH,50,7500,4587,6,0,,,,,,,,,,,,,,,,,,,,,,,
2026-08-18T10:35:59.202526,7918,0x46,PUCCH,,,,,,,,,,,,,,,,,,1a,111.7,"1.000,",,,1,,,,,
2026-08-18T10:35:59.202757,7918,0x46,PDSCH,50,7500,4587,6,0,,,,,,,,,,,,,,,,,,,,,,,
2026-08-18T10:35:59.250729,7919,0x46,PUCCH,,,,,,,,,,,,,,,,,,1a,111.7,"1.000,",,,1,,,,,
2026-08-18T10:35:59.250966,7919,0x46,PDSCH,50,7500,4587,6,0,,,,,,,,,,,,,,,,,,,,,,,
2026-08-18T10:35:59.293857,7920,0x46,PUCCH,,,,,,,,,,,,,,,,,,1a,111.8,"1.000,",,,1,,,,,
2026-08-18T10:35:59.294134,7920,0x46,PDSCH,50,7500,4587,6,0,,,,,,,,,,,,,,,,,,,,,,,
2026-08-18T10:35:59.339567,7921,0x46,PDSCH,47,6906,4395,6,0,,,,,,,,,,,,,,,,,,,,,,,
2026-08-18T10:35:59.375461,7922,0x46,PDSCH,50,7500,4587,6,0,,,,,,,,,,,,,,,,,,,,,,,
2026-08-18T10:35:59.413310,7923,0x46,BSR,,,,,,,,,,,,,,,,,,,,,,,,,0,0,0,0
2026-08-18T10:35:59.413573,7923,0x46,PDSCH,50,7500,4587,6,0,,,,,,,,,,,,,,,,,,,,,,,
2026-08-18T10:35:59.450784,7924,0x46,BSR,,,,,,,,,,,,,,,,,,,,,,,,,0,0,0,0
2026-08-18T10:35:59.451000,7924,0x46,PDSCH,50,7500,4587,6,0,,,,,,,,,,,,,,,,,,,,,,,
2026-08-18T10:35:59.482271,7925,0x46,PUCCH,,,,,,,,,,,,,,,,,,1a,111.8,"1.000,",,,1,,,,,
2026-08-18T10:35:59.482504,7925,0x46,PDSCH,50,7500,4587,6,0,,,,,,,,,,,,,,,,,,,,,,,
2026-08-18T10:35:59.513590,7926,0x46,PUCCH,,,,,,,,,,,,,,,,,,1a,111.8,"1.000,",,,1,,,,,
2026-08-18T10:35:59.513828,7926,0x46,PDSCH,50,7080,4587,6,0,,,,,,,,,,,,,,,,,,,,,,,
2026-08-18T10:35:59.545842,7927,0x46,PUCCH,,,,,,,,,,,,,,,,,,1a,111.7,"1.000,",,,1,,,,,
2026-08-18T10:35:59.546080,7927,0x46,PDSCH,50,7500,4587,6,0,,,,,,,,,,,,,,,,,,,,,,,
2026-08-18T10:35:59.576902,7928,0x46,PUCCH,,,,,,,,,,,,,,,,,,1a,111.7,"1.000,",,,1,,,,,
2026-08-18T10:35:59.577145,7928,0x46,PDSCH,50,7500,4587,6,0,,,,,,,,,,,,,,,,,,,,,,,
2026-08-18T10:35:59.630583,7929,0x46,BSR,,,,,,,,,,,,,,,,,,,,,,,,,0,0,0,0
2026-08-18T10:35:59.630804,7929,0x46,PDSCH,50,7500,4587,6,0,,,,,,,,,,,,,,,,,,,,,,,
2026-08-18T10:35:59.680429,7930,0x46,BSR,,,,,,,,,,,,,,,,,,,,,,,,,0,0,0,0
2026-08-18T10:35:59.680673,7930,0x46,PDSCH,50,7500,4587,6,0,,,,,,,,,,,,,,,,,,,,,,,
2026-08-18T10:35:59.752032,7931,0x46,BSR,,,,,,,,,,,,,,,,,,,,,,,,,0,0,0,0
2026-08-18T10:35:59.752186,7931,0x46,PDSCH,50,7356,4587,6,0,,,,,,,,,,,,,,,,,,,,,,,
2026-08-18T10:35:59.831686,7932,0x46,PUCCH,,,,,,,,,,,,,,,,,,1a,111.7,"1.000,",,,1,,,,,
2026-08-18T10:35:59.831961,7932,0x46,PDSCH,50,7500,4587,6,0,,,,,,,,,,,,,,,,,,,,,,,
2026-08-18T10:35:59.883906,7933,0x46,PUCCH,,,,,,,,,,,,,,,,,,1a,111.7,"1.000,",,,1,,,,,
2026-08-18T10:35:59.884139,7933,0x46,PDSCH,50,7500,4587,6,0,,,,,,,,,,,,,,,,,,,,,,,
2026-08-18T10:35:59.932487,7934,0x46,PUCCH,,,,,,,,,,,,,,,,,,1a,111.7,"1.000,",,,1,,,,,
2026-08-18T10:35:59.932718,7934,0x46,PDSCH,50,7500,4587,6,0,,,,,,,,,,,,,,,,,,,,,,,
2026-08-18T10:35:59.982908,7935,0x46,PUCCH,,,,,,,,,,,,,,,,,,1a,111.8,"1.000,",,,1,,,,,
2026-08-18T10:35:59.983146,7935,0x46,PDSCH,50,7500,4587,6,0,,,,,,,,,,,,,,,,,,,,,,,
2026-08-18T10:36:00.027567,7936,0x46,PUCCH,,,,,,,,,,,,,,,,,,1a,111.8,"1.000,",,,1,,,,,
2026-08-18T10:36:00.027804,7936,0x46,PDSCH,50,7080,4587,6,0,,,,,,,,,,,,,,,,,,,,,,,
2026-08-18T10:36:00.072454,7937,0x46,PUCCH,,,,,,,,,,,,,,,,,,1a,111.7,"1.000,",,,1,,,,,
2026-08-18T10:36:00.072698,7937,0x46,PDSCH,50,7500,4587,6,0,,,,,,,,,,,,,,,,,,,,,,,
2026-08-18T10:36:00.118800,7938,0x46,PUCCH,,,,,,,,,,,,,,,,,,1a,111.7,"1.000,",,,1,,,,,
2026-08-18T10:36:00.119031,7938,0x46,PDSCH,50,7500,4587,6,0,,,,,,,,,,,,,,,,,,,,,,,
2026-08-18T10:36:00.154466,7939,0x46,PUCCH,,,,,,,,,,,,,,,,,,1a,111.7,"1.000,",,,1,,,,,
2026-08-18T10:36:00.154703,7939,0x46,PDSCH,50,7500,4587,6,0,,,,,,,,,,,,,,,,,,,,,,,
2026-08-18T10:36:00.190540,7940,0x46,PUCCH,,,,,,,,,,,,,,,,,,1a,111.8,"1.000,",,,1,,,,,
2026-08-18T10:36:00.190783,7940,0x46,PDSCH,50,7500,4587,6,0,,,,,,,,,,,,,,,,,,,,,,,
2026-08-18T10:36:00.229106,7941,0x46,PUCCH,,,,,,,,,,,,,,,,,,1a,111.7,"1.000,",,,1,,,,,
2026-08-18T10:36:00.229344,7941,0x46,PDSCH,47,6906,4395,6,0,,,,,,,,,,,,,,,,,,,,,,,
2026-08-18T10:36:00.268406,7942,0x46,PUCCH,,,,,,,,,,,,,,,,,,1a,111.7,"1.000,",,,1,,,,,
2026-08-18T10:36:00.268676,7942,0x46,PDSCH,50,7500,4587,6,0,,,,,,,,,,,,,,,,,,,,,,,
2026-08-18T10:36:00.296007,7943,0x46,PUCCH,,,,,,,,,,,,,,,,,,1a,111.7,"1.000,",,,1,,,,,
2026-08-18T10:36:00.296256,7943,0x46,PDSCH,50,7500,4587,6,0,,,,,,,,,,,,,,,,,,,,,,,
2026-08-18T10:36:00.323682,7944,0x46,PUCCH,,,,,,,,,,,,,,,,,,1a,111.7,"1.000,",,,1,,,,,
2026-08-18T10:36:00.323955,7944,0x46,PDSCH,50,7500,4587,6,0,,,,,,,,,,,,,,,,,,,,,,,
2026-08-18T10:36:00.354890,7945,0x46,PUCCH,,,,,,,,,,,,,,,,,,1a,111.8,"1.000,",,,1,,,,,
2026-08-18T10:36:00.355123,7945,0x46,PDSCH,50,7500,4587,6,0,,,,,,,,,,,,,,,,,,,,,,,
2026-08-18T10:36:00.396538,7946,0x46,PUCCH,,,,,,,,,,,,,,,,,,1a,111.8,"1.000,",,,1,,,,,
2026-08-18T10:36:00.396832,7946,0x46,PDSCH,50,7080,4587,6,0,,,,,,,,,,,,,,,,,,,,,,,
2026-08-18T10:36:00.436011,7947,0x46,PUCCH,,,,,,,,,,,,,,,,,,1a,111.7,"1.000,",,,1,,,,,
2026-08-18T10:36:00.436270,7947,0x46,PDSCH,50,7500,4587,6,0,,,,,,,,,,,,,,,,,,,,,,,
2026-08-18T10:36:00.471459,7948,0x46,PDSCH,50,7500,4587,6,0,,,,,,,,,,,,,,,,,,,,,,,
2026-08-18T10:36:00.499308,7949,0x46,PUCCH,,,,,,,,,,,,,,,,,,1a,111.7,"1.000,",,,1,,,,,
2026-08-18T10:36:00.499580,7949,0x46,PDSCH,50,7500,4587,6,0,,,,,,,,,,,,,,,,,,,,,,,
2026-08-18T10:36:00.529695,7950,0x46,PUCCH,,,,,,,,,,,,,,,,,,1a,111.8,"1.000,",,,1,,,,,
2026-08-18T10:36:00.529931,7950,0x46,PDSCH,50,7500,4587,6,0,,,,,,,,,,,,,,,,,,,,,,,
2026-08-18T10:36:00.559810,7951,0x46,PUCCH,,,,,,,,,,,,,,,,,,1a,111.7,"1.000,",,,1,,,,,
2026-08-18T10:36:00.560043,7951,0x46,PDSCH,50,7356,4587,6,0,,,,,,,,,,,,,,,,,,,,,,,
2026-08-18T10:36:00.606942,7952,0x46,PUCCH,,,,,,,,,,,,,,,,,,1a,111.7,"1.000,",,,1,,,,,
2026-08-18T10:36:00.607179,7952,0x46,PDSCH,50,7500,4587,6,0,,,,,,,,,,,,,,,,,,,,,,,
2026-08-18T10:36:00.670029,7953,0x46,PUCCH,,,,,,,,,,,,,,,,,,1a,111.7,"1.000,",,,1,,,,,
2026-08-18T10:36:00.670260,7953,0x46,PDSCH,50,7500,4587,6,0,,,,,,,,,,,,,,,,,,,,,,,
2026-08-18T10:36:00.721485,7954,0x46,PUCCH,,,,,,,,,,,,,,,,,,1a,111.7,"1.000,",,,1,,,,,
2026-08-18T10:36:00.721720,7954,0x46,PDSCH,50,7500,4587,6,0,,,,,,,,,,,,,,,,,,,,,,,
2026-08-18T10:36:00.762091,7955,0x46,PUCCH,,,,,,,,,,,,,,,,,,1a,111.8,"1.000,",,,1,,,,,
2026-08-18T10:36:00.762323,7955,0x46,PDSCH,50,7500,4587,6,0,,,,,,,,,,,,,,,,,,,,,,,
2026-08-18T10:36:00.800742,7956,0x46,PUCCH,,,,,,,,,,,,,,,,,,1a,111.8,"1.000,",,,1,,,,,
2026-08-18T10:36:00.800991,7956,0x46,PDSCH,50,7080,4587,6,0,,,,,,,,,,,,,,,,,,,,,,,
2026-08-18T10:36:00.844518,7957,0x46,PDSCH,50,7500,4587,6,0,,,,,,,,,,,,,,,,,,,,,,,
2026-08-18T10:36:00.909554,7958,0x46,PUCCH,,,,,,,,,,,,,,,,,,1a,111.7,"1.000,",,,1,,,,,
2026-08-18T10:36:00.909834,7958,0x46,PDSCH,50,7500,4587,6,0,,,,,,,,,,,,,,,,,,,,,,,
2026-08-18T10:36:00.962872,7959,0x46,PUCCH,,,,,,,,,,,,,,,,,,1a,111.7,"1.000,",,,1,,,,,
2026-08-18T10:36:00.963114,7959,0x46,PDSCH,50,7500,4587,6,0,,,,,,,,,,,,,,,,,,,,,,,
2026-08-18T10:36:01.007603,7960,0x46,PUCCH,,,,,,,,,,,,,,,,,,1a,111.8,"1.000,",,,1,,,,,
2026-08-18T10:36:01.007857,7960,0x46,PDSCH,50,7500,4587,6,0,,,,,,,,,,,,,,,,,,,,,,,
2026-08-18T10:36:01.054786,7961,0x46,PUCCH,,,,,,,,,,,,,,,,,,2a,111.8,"1.000,",,,1,,,,,
2026-08-18T10:36:01.055046,7961,0x46,PDSCH,47,6906,4395,6,0,,,,,,,,,,,,,,,,,,,,,,,
2026-08-18T10:36:01.093755,7962,0x46,PUCCH,,,,,,,,,,,,,,,,,,1a,111.7,"1.000,",,,1,,,,,
2026-08-18T10:36:01.093991,7962,0x46,PDSCH,50,7500,4587,6,0,,,,,,,,,,,,,,,,,,,,,,,
2026-08-18T10:36:01.130201,7963,0x46,PUCCH,,,,,,,,,,,,,,,,,,1a,111.7,"1.000,",,,1,,,,,
2026-08-18T10:36:01.130433,7963,0x46,PDSCH,50,7500,4587,6,0,,,,,,,,,,,,,,,,,,,,,,,
2026-08-18T10:36:01.166946,7964,0x46,PUCCH,,,,,,,,,,,,,,,,,,1a,111.7,"1.000,",,,1,,,,,
2026-08-18T10:36:01.167179,7964,0x46,PDSCH,50,7500,4587,6,0,,,,,,,,,,,,,,,,,,,,,,,
2026-08-18T10:36:01.194677,7965,0x46,BSR,,,,,,,,,,,,,,,,,,,,,,,,,0,0,0,34
2026-08-18T10:36:01.194849,7965,0x46,PDSCH,50,7500,4587,6,0,,,,,,,,,,,,,,,,,,,,,,,
2026-08-18T10:36:01.221338,7966,0x46,PDSCH,50,7080,4587,6,0,,,,,,,,,,,,,,,,,,,,,,,
2026-08-18T10:36:01.249080,7967,0x46,PUCCH,,,,,,,,,,,,,,,,,,1a,111.7,"1.000,",,,1,,,,,
2026-08-18T10:36:01.249367,7967,0x46,PDSCH,50,7500,4587,6,0,,,,,,,,,,,,,,,,,,,,,,,
2026-08-18T10:36:01.280938,7968,0x46,PUCCH,,,,,,,,,,,,,,,,,,1a,111.7,"1.000,",,,1,,,,,
2026-08-18T10:36:01.281199,7968,0x46,PDSCH,50,7500,4587,6,0,,,,,,,,,,,,,,,,,,,,,,,
2026-08-18T10:36:01.322771,7969,0x46,PUCCH,,,,,,,,,,,,,,,,,,1a,111.7,"1.000,",,,1,,,,,
2026-08-18T10:36:01.323015,7969,0x46,PDSCH,50,7500,4587,6,0,,,,,,,,,,,,,,,,,,,,,,,
2026-08-18T10:36:01.363173,7970,0x46,PUCCH,,,,,,,,,,,,,,,,,,1a,111.8,"1.000,",,,1,,,,,
2026-08-18T10:36:01.363410,7970,0x46,PDSCH,50,7500,4587,6,0,,,,,,,,,,,,,,,,,,,,,,,
2026-08-18T10:36:01.408728,7971,0x46,PUCCH,,,,,,,,,,,,,,,,,,1a,111.7,"1.000,",,,1,,,,,
2026-08-18T10:36:01.408962,7971,0x46,PDSCH,50,7356,4587,6,0,,,,,,,,,,,,,,,,,,,,,,,
2026-08-18T10:36:01.455422,7972,0x46,PUCCH,,,,,,,,,,,,,,,,,,1a,111.7,"1.000,",,,1,,,,,
2026-08-18T10:36:01.455663,7972,0x46,PDSCH,50,7500,4587,6,0,,,,,,,,,,,,,,,,,,,,,,,
2026-08-18T10:36:01.495139,7973,0x46,PDSCH,50,7500,4587,6,0,,,,,,,,,,,,,,,,,,,,,,,
2026-08-18T10:36:01.533738,7974,0x46,PDSCH,50,7500,4587,6,0,,,,,,,,,,,,,,,,,,,,,,,
2026-08-18T10:36:01.572972,7975,0x46,PDSCH,50,7500,4587,6,0,,,,,,,,,,,,,,,,,,,,,,,
2026-08-18T10:36:01.602489,7976,0x46,PUCCH,,,,,,,,,,,,,,,,,,1a,111.8,"1.000,",,,1,,,,,
2026-08-18T10:36:01.602768,7976,0x46,PDSCH,50,7080,4587,6,0,,,,,,,,,,,,,,,,,,,,,,,
2026-08-18T10:36:01.633409,7977,0x46,PUCCH,,,,,,,,,,,,,,,,,,1a,111.8,"1.000,",,,1,,,,,
2026-08-18T10:36:01.633647,7977,0x46,PDSCH,50,7500,4587,6,0,,,,,,,,,,,,,,,,,,,,,,,
2026-08-18T10:36:01.674605,7978,0x46,PUCCH,,,,,,,,,,,,,,,,,,1a,111.7,"1.000,",,,1,,,,,
2026-08-18T10:36:01.674837,7978,0x46,PDSCH,50,7500,4587,6,0,,,,,,,,,,,,,,,,,,,,,,,
2026-08-18T10:36:01.712402,7979,0x46,PUCCH,,,,,,,,,,,,,,,,,,1a,111.7,"1.000,",,,1,,,,,
2026-08-18T10:36:01.712682,7979,0x46,PDSCH,50,7500,4587,6,0,,,,,,,,,,,,,,,,,,,,,,,
2026-08-18T10:36:01.739930,7980,0x46,PUCCH,,,,,,,,,,,,,,,,,,1a,111.7,"1.000,",,,1,,,,,
2026-08-18T10:36:01.740162,7980,0x46,PDSCH,50,7500,4587,6,0,,,,,,,,,,,,,,,,,,,,,,,
2026-08-18T10:36:01.766226,7981,0x46,BSR,,,,,,,,,,,,,,,,,,,,,,,,,0,0,0,0
2026-08-18T10:36:01.766481,7981,0x46,PDSCH,47,6906,4395,6,0,,,,,,,,,,,,,,,,,,,,,,,
2026-08-18T10:36:01.794614,7982,0x46,BSR,,,,,,,,,,,,,,,,,,,,,,,,,0,0,0,0
2026-08-18T10:36:01.794799,7982,0x46,PDSCH,50,7500,4587,6,0,,,,,,,,,,,,,,,,,,,,,,,
2026-08-18T10:36:01.821136,7983,0x46,BSR,,,,,,,,,,,,,,,,,,,,,,,,,0,0,0,0
2026-08-18T10:36:01.821331,7983,0x46,PDSCH,50,7500,4587,6,0,,,,,,,,,,,,,,,,,,,,,,,
2026-08-18T10:36:01.848013,7984,0x46,BSR,,,,,,,,,,,,,,,,,,,,,,,,,0,0,0,0
2026-08-18T10:36:01.848175,7984,0x46,PDSCH,50,7500,4587,6,0,,,,,,,,,,,,,,,,,,,,,,,
2026-08-18T10:36:01.876275,7985,0x46,PUCCH,,,,,,,,,,,,,,,,,,1a,111.8,"1.000,",,,1,,,,,
2026-08-18T10:36:01.876517,7985,0x46,PDSCH,50,7500,4587,6,0,,,,,,,,,,,,,,,,,,,,,,,
2026-08-18T10:36:01.904601,7986,0x46,PUCCH,,,,,,,,,,,,,,,,,,1a,111.8,"1.000,",,,1,,,,,
2026-08-18T10:36:01.904843,7986,0x46,PDSCH,50,7080,4587,6,0,,,,,,,,,,,,,,,,,,,,,,,
2026-08-18T10:36:01.933685,7987,0x46,PUCCH,,,,,,,,,,,,,,,,,,1a,111.8,"1.000,",,,1,,,,,
2026-08-18T10:36:01.933926,7987,0x46,PDSCH,50,7500,4587,6,0,,,,,,,,,,,,,,,,,,,,,,,
2026-08-18T10:36:01.962147,7988,0x46,PUCCH,,,,,,,,,,,,,,,,,,1a,111.7,"1.000,",,,1,,,,,
2026-08-18T10:36:01.962385,7988,0x46,PDSCH,50,7500,4587,6,0,,,,,,,,,,,,,,,,,,,,,,,
2026-08-18T10:36:01.994420,7989,0x46,BSR,,,,,,,,,,,,,,,,,,,,,,,,,0,0,0,0
2026-08-18T10:36:01.994623,7989,0x46,PDSCH,50,7500,4587,6,0,,,,,,,,,,,,,,,,,,,,,,,
2026-08-18T10:36:02.030083,7990,0x46,PUCCH,,,,,,,,,,,,,,,,,,1a,111.7,"1.000,",,,1,,,,,
2026-08-18T10:36:02.030353,7990,0x46,PDSCH,50,7500,4587,6,0,,,,,,,,,,,,,,,,,,,,,,,
2026-08-18T10:36:02.055729,7991,0x46,PUCCH,,,,,,,,,,,,,,,,,,1a,111.7,"1.000,",,,1,,,,,
2026-08-18T10:36:02.055962,7991,0x46,PDSCH,50,7356,4587,6,0,,,,,,,,,,,,,,,,,,,,,,,
2026-08-18T10:36:02.084608,7992,0x46,PUCCH,,,,,,,,,,,,,,,,,,1a,111.7,"1.000,",,,1,,,,,
2026-08-18T10:36:02.084845,7992,0x46,PDSCH,50,7500,4587,6,0,,,,,,,,,,,,,,,,,,,,,,,
2026-08-18T10:36:02.112511,7993,0x46,PUCCH,,,,,,,,,,,,,,,,,,1a,111.7,"1.000,",,,1,,,,,
2026-08-18T10:36:02.112744,7993,0x46,PDSCH,50,7500,4587,6,0,,,,,,,,,,,,,,,,,,,,,,,
2026-08-18T10:36:02.141302,7994,0x46,PUCCH,,,,,,,,,,,,,,,,,,1a,111.7,"1.000,",,,1,,,,,
2026-08-18T10:36:02.141533,7994,0x46,PDSCH,50,7500,4587,6,0,,,,,,,,,,,,,,,,,,,,,,,
2026-08-18T10:36:02.170895,7995,0x46,PUCCH,,,,,,,,,,,,,,,,,,1a,111.8,"1.000,",,,1,,,,,
2026-08-18T10:36:02.171173,7995,0x46,PDSCH,50,7500,4587,6,0,,,,,,,,,,,,,,,,,,,,,,,
2026-08-18T10:36:02.201392,7996,0x46,PUCCH,,,,,,,,,,,,,,,,,,1a,111.8,"1.000,",,,1,,,,,
2026-08-18T10:36:02.201635,7996,0x46,PDSCH,50,7080,4587,6,0,,,,,,,,,,,,,,,,,,,,,,,
2026-08-18T10:36:02.231453,7997,0x46,PUCCH,,,,,,,,,,,,,,,,,,1a,111.7,"1.000,",,,1,,,,,
2026-08-18T10:36:02.231720,7997,0x46,PDSCH,50,7500,4587,6,0,,,,,,,,,,,,,,,,,,,,,,,
2026-08-18T10:36:02.257830,7998,0x46,PUCCH,,,,,,,,,,,,,,,,,,1a,111.7,"1.000,",,,1,,,,,
2026-08-18T10:36:02.258096,7998,0x46,PDSCH,50,7500,4587,6,0,,,,,,,,,,,,,,,,,,,,,,,
2026-08-18T10:36:02.278491,7999,0x46,PUCCH,,,,,,,,,,,,,,,,,,1a,111.7,"1.000,",,,1,,,,,
2026-08-18T10:36:02.278724,7999,0x46,PDSCH,50,7500,4587,6,0,,,,,,,,,,,,,,,,,,,,,,,
2026-08-18T10:36:02.299768,8000,0x46,PUCCH,,,,,,,,,,,,,,,,,,1a,111.8,"1.000,",,,1,,,,,
2026-08-18T10:36:02.300068,8000,0x46,PDSCH,50,7500,4587,6,0,,,,,,,,,,,,,,,,,,,,,,,
2026-08-18T10:36:02.319529,8001,0x46,PUCCH,,,,,,,,,,,,,,,,,,2a,111.8,"1.000,",,,1,,,,,
2026-08-18T10:36:02.319764,8001,0x46,PDSCH,47,6906,4395,6,0,,,,,,,,,,,,,,,,,,,,,,,
2026-08-18T10:36:02.342834,8002,0x46,PUCCH,,,,,,,,,,,,,,,,,,1a,111.7,"1.000,",,,1,,,,,
2026-08-18T10:36:02.343104,8002,0x46,PDSCH,50,7500,4587,6,0,,,,,,,,,,,,,,,,,,,,,,,
2026-08-18T10:36:02.364921,8003,0x46,PUCCH,,,,,,,,,,,,,,,,,,1a,111.7,"1.000,",,,1,,,,,
2026-08-18T10:36:02.365159,8003,0x46,PDSCH,50,7500,4587,6,0,,,,,,,,,,,,,,,,,,,,,,,
2026-08-18T10:36:02.385798,8004,0x46,PUCCH,,,,,,,,,,,,,,,,,,1a,111.7,"1.000,",,,1,,,,,
2026-08-18T10:36:02.386069,8004,0x46,PDSCH,50,7500,4587,6,0,,,,,,,,,,,,,,,,,,,,,,,
2026-08-18T10:36:02.407069,8005,0x46,PUCCH,,,,,,,,,,,,,,,,,,1a,111.8,"1.000,",,,1,,,,,
2026-08-18T10:36:02.407305,8005,0x46,PDSCH,47,7050,4395,6,0,,,,,,,,,,,,,,,,,,,,,,,
2026-08-18T10:36:02.450430,8006,0x46,PUCCH,,,,,,,,,,,,,,,,,,1a,111.8,"1.000,",,,1,,,,,
2026-08-18T10:36:02.450716,8006,0x46,PDSCH,50,7080,4587,6,0,,,,,,,,,,,,,,,,,,,,,,,
2026-08-18T10:36:02.511784,8007,0x46,PUCCH,,,,,,,,,,,,,,,,,,1a,111.7,"1.000,",,,1,,,,,
2026-08-18T10:36:02.512023,8007,0x46,PDSCH,50,7500,4587,6,0,,,,,,,,,,,,,,,,,,,,,,,
2026-08-18T10:36:02.564644,8008,0x46,PDSCH,50,7500,4587,6,0,,,,,,,,,,,,,,,,,,,,,,,
2026-08-18T10:36:02.609839,8009,0x46,PUCCH,,,,,,,,,,,,,,,,,,1a,111.7,"1.000,",,,1,,,,,
2026-08-18T10:36:02.610099,8009,0x46,PDSCH,50,7500,4587,6,0,,,,,,,,,,,,,,,,,,,,,,,
2026-08-18T10:36:02.648039,8010,0x46,PUCCH,,,,,,,,,,,,,,,,,,1a,111.8,"1.000,",,,1,,,,,
2026-08-18T10:36:02.648270,8010,0x46,PDSCH,50,7500,4587,6,0,,,,,,,,,,,,,,,,,,,,,,,
2026-08-18T10:36:02.685948,8011,0x46,PUCCH,,,,,,,,,,,,,,,,,,1a,111.7,"1.000,",,,1,,,,,
2026-08-18T10:36:02.686186,8011,0x46,PDSCH,50,7356,4587,6,0,,,,,,,,,,,,,,,,,,,,,,,
2026-08-18T10:36:02.725114,8012,0x46,PUCCH,,,,,,,,,,,,,,,,,,1a,111.7,"1.000,",,,1,,,,,
2026-08-18T10:36:02.725346,8012,0x46,PDSCH,50,7500,4587,6,0,,,,,,,,,,,,,,,,,,,,,,,
2026-08-18T10:36:02.757666,8013,0x46,PUCCH,,,,,,,,,,,,,,,,,,1a,111.8,"1.000,",,,1,,,,,
2026-08-18T10:36:02.757898,8013,0x46,PDSCH,50,7500,4587,6,0,,,,,,,,,,,,,,,,,,,,,,,
2026-08-18T10:36:02.861163,8014,0x46,PUCCH,,,,,,,,,,,,,,,,,,1a,111.7,"1.000,",,,1,,,,,
2026-08-18T10:36:02.861521,8014,0x46,PDSCH,50,7500,4587,6,0,,,,,,,,,,,,,,,,,,,,,,,
2026-08-18T10:36:02.902889,8015,0x46,PUCCH,,,,,,,,,,,,,,,,,,1a,111.8,"1.000,",,,1,,,,,
2026-08-18T10:36:02.903130,8015,0x46,PDSCH,47,7050,4395,6,0,,,,,,,,,,,,,,,,,,,,,,,
2026-08-18T10:36:02.954526,8016,0x46,PUCCH,,,,,,,,,,,,,,,,,,1a,111.8,"1.000,",,,1,,,,,
2026-08-18T10:36:02.954882,8016,0x46,PDSCH,50,7080,4587,6,0,,,,,,,,,,,,,,,,,,,,,,,
2026-08-18T10:36:03.000963,8017,0x46,BSR,,,,,,,,,,,,,,,,,,,,,,,,,0,0,0,36
2026-08-18T10:36:03.001158,8017,0x46,PDSCH,50,7500,4587,6,0,,,,,,,,,,,,,,,,,,,,,,,
2026-08-18T10:36:03.039395,8018,0x46,PUCCH,,,,,,,,,,,,,,,,,,1a,111.7,"1.000,",,,1,,,,,
2026-08-18T10:36:03.039669,8018,0x46,PDSCH,50,7500,4587,6,0,,,,,,,,,,,,,,,,,,,,,,,
2026-08-18T10:36:03.077607,8019,0x46,PUCCH,,,,,,,,,,,,,,,,,,1a,111.7,"1.000,",,,1,,,,,
2026-08-18T10:36:03.077887,8019,0x46,PDSCH,50,7500,4587,6,0,,,,,,,,,,,,,,,,,,,,,,,
2026-08-18T10:36:03.110786,8020,0x46,PUCCH,,,,,,,,,,,,,,,,,,1a,111.8,"1.000,",,,1,,,,,
2026-08-18T10:36:03.111019,8020,0x46,PDSCH,50,7500,4587,6,0,,,,,,,,,,,,,,,,,,,,,,,
2026-08-18T10:36:03.144562,8021,0x46,PUCCH,,,,,,,,,,,,,,,,,,1a,111.7,"1.000,",,,1,,,,,
2026-08-18T10:36:03.144796,8021,0x46,PDSCH,47,6906,4395,6,0,,,,,,,,,,,,,,,,,,,,,,,
2026-08-18T10:36:03.172450,8022,0x46,PUCCH,,,,,,,,,,,,,,,,,,1a,111.7,"1.000,",,,1,,,,,
2026-08-18T10:36:03.172686,8022,0x46,PDSCH,50,7500,4587,6,0,,,,,,,,,,,,,,,,,,,,,,,
2026-08-18T10:36:03.202314,8023,0x46,PUCCH,,,,,,,,,,,,,,,,,,1a,111.8,"1.000,",,,1,,,,,
2026-08-18T10:36:03.202547,8023,0x46,PDSCH,50,7500,4587,6,0,,,,,,,,,,,,,,,,,,,,,,,
2026-08-18T10:36:03.233663,8024,0x46,PUCCH,,,,,,,,,,,,,,,,,,1a,111.7,"1.000,",,,1,,,,,
2026-08-18T10:36:03.233954,8024,0x46,PDSCH,50,7500,4587,6,0,,,,,,,,,,,,,,,,,,,,,,,
2026-08-18T10:36:03.265226,8025,0x46,PDSCH,50,7500,4587,6,0,,,,,,,,,,,,,,,,,,,,,,,
2026-08-18T10:36:03.340118,8026,0x46,PDSCH,50,7080,4587,6,0,,,,,,,,,,,,,,,,,,,,,,,
2026-08-18T10:36:03.375841,8027,0x46,PUCCH,,,,,,,,,,,,,,,,,,1a,111.7,"1.000,",,,1,,,,,
2026-08-18T10:36:03.376092,8027,0x46,PDSCH,50,7500,4587,6,0,,,,,,,,,,,,,,,,,,,,,,,
2026-08-18T10:36:03.404646,8028,0x46,PUCCH,,,,,,,,,,,,,,,,,,1a,111.7,"1.000,",,,1,,,,,
2026-08-18T10:36:03.404879,8028,0x46,PDSCH,50,7500,4587,6,0,,,,,,,,,,,,,,,,,,,,,,,
2026-08-18T10:36:03.432905,8029,0x46,PUCCH,,,,,,,,,,,,,,,,,,1a,111.7,"1.000,",,,1,,,,,
2026-08-18T10:36:03.433140,8029,0x46,PDSCH,50,7500,4587,6,0,,,,,,,,,,,,,,,,,,,,,,,
2026-08-18T10:36:03.463795,8030,0x46,PUCCH,,,,,,,,,,,,,,,,,,1a,111.8,"1.000,",,,1,,,,,
2026-08-18T10:36:03.464032,8030,0x46,PDSCH,50,7500,4587,6,0,,,,,,,,,,,,,,,,,,,,,,,
2026-08-18T10:36:03.511985,8031,0x46,PUCCH,,,,,,,,,,,,,,,,,,1a,111.7,"1.000,",,,1,,,,,
2026-08-18T10:36:03.512217,8031,0x46,PDSCH,50,7356,4587,6,0,,,,,,,,,,,,,,,,,,,,,,,
2026-08-18T10:36:03.545769,8032,0x46,PUCCH,,,,,,,,,,,,,,,,,,1a,111.7,"1.000,",,,1,,,,,
2026-08-18T10:36:03.546008,8032,0x46,PDSCH,50,7500,4587,6,0,,,,,,,,,,,,,,,,,,,,,,,
2026-08-18T10:36:03.577340,8033,0x46,BSR,,,,,,,,,,,,,,,,,,,,,,,,,0,0,0,0
2026-08-18T10:36:03.577587,8033,0x46,PDSCH,50,7500,4587,6,0,,,,,,,,,,,,,,,,,,,,,,,
2026-08-18T10:36:03.609857,8034,0x46,BSR,,,,,,,,,,,,,,,,,,,,,,,,,0,0,0,0
2026-08-18T10:36:03.610015,8034,0x46,PDSCH,50,7500,4587,6,0,,,,,,,,,,,,,,,,,,,,,,,
2026-08-18T10:36:03.635868,8035,0x46,BSR,,,,,,,,,,,,,,,,,,,,,,,,,0,0,0,0
2026-08-18T10:36:03.636036,8035,0x46,PDSCH,50,7500,4587,6,0,,,,,,,,,,,,,,,,,,,,,,,
2026-08-18T10:36:03.664807,8036,0x46,PUCCH,,,,,,,,,,,,,,,,,,1a,111.8,"1.000,",,,1,,,,,
2026-08-18T10:36:03.665047,8036,0x46,PDSCH,50,7080,4587,6,0,,,,,,,,,,,,,,,,,,,,,,,
2026-08-18T10:36:03.695708,8037,0x46,PUCCH,,,,,,,,,,,,,,,,,,1a,111.7,"1.000,",,,1,,,,,
2026-08-18T10:36:03.695947,8037,0x46,PDSCH,50,7500,4587,6,0,,,,,,,,,,,,,,,,,,,,,,,
2026-08-18T10:36:03.722859,8038,0x46,PUCCH,,,,,,,,,,,,,,,,,,1a,111.7,"1.000,",,,1,,,,,
2026-08-18T10:36:03.723091,8038,0x46,PDSCH,50,7500,4587,6,0,,,,,,,,,,,,,,,,,,,,,,,
2026-08-18T10:36:03.754060,8039,0x46,PUCCH,,,,,,,,,,,,,,,,,,1a,111.7,"1.000,",,,1,,,,,
2026-08-18T10:36:03.754340,8039,0x46,PDSCH,50,7500,4587,6,0,,,,,,,,,,,,,,,,,,,,,,,
2026-08-18T10:36:03.787004,8040,0x46,PUCCH,,,,,,,,,,,,,,,,,,1a,111.8,"1.000,",,,1,,,,,
2026-08-18T10:36:03.787266,8040,0x46,PDSCH,50,7500,4587,6,0,,,,,,,,,,,,,,,,,,,,,,,
2026-08-18T10:36:03.827664,8041,0x46,BSR,,,,,,,,,,,,,,,,,,,,,,,,,0,0,0,0
2026-08-18T10:36:03.827904,8041,0x46,PDSCH,47,6906,4395,6,0,,,,,,,,,,,,,,,,,,,,,,,
2026-08-18T10:36:03.859380,8042,0x46,PUCCH,,,,,,,,,,,,,,,,,,1a,111.7,"1.000,",,,1,,,,,
2026-08-18T10:36:03.859645,8042,0x46,PDSCH,50,7500,4587,6,0,,,,,,,,,,,,,,,,,,,,,,,
2026-08-18T10:36:03.890650,8043,0x46,PUCCH,,,,,,,,,,,,,,,,,,1a,111.7,"1.000,",,,1,,,,,
2026-08-18T10:36:03.890931,8043,0x46,PDSCH,50,7500,4587,6,0,,,,,,,,,,,,,,,,,,,,,,,
2026-08-18T10:36:03.923073,8044,0x46,PUCCH,,,,,,,,,,,,,,,,,,1a,111.7,"1.000,",,,1,,,,,
2026-08-18T10:36:03.923306,8044,0x46,PDSCH,50,7500,4587,6,0,,,,,,,,,,,,,,,,,,,,,,,
2026-08-18T10:36:03.967019,8045,0x46,PUCCH,,,,,,,,,,,,,,,,,,1a,111.8,"1.000,",,,1,,,,,
2026-08-18T10:36:03.967258,8045,0x46,PDSCH,50,7500,4587,6,0,,,,,,,,,,,,,,,,,,,,,,,
2026-08-18T10:36:04.009841,8046,0x46,PUCCH,,,,,,,,,,,,,,,,,,1a,111.8,"1.000,",,,1,,,,,
2026-08-18T10:36:04.010079,8046,0x46,PDSCH,50,7080,4587,6,0,,,,,,,,,,,,,,,,,,,,,,,
2026-08-18T10:36:04.067613,8047,0x46,PUCCH,,,,,,,,,,,,,,,,,,1a,111.7,"1.000,",,,1,,,,,
2026-08-18T10:36:04.067846,8047,0x46,PDSCH,50,7500,4587,6,0,,,,,,,,,,,,,,,,,,,,,,,
2026-08-18T10:36:04.120760,8048,0x46,PUCCH,,,,,,,,,,,,,,,,,,1a,111.7,"1.000,",,,1,,,,,
2026-08-18T10:36:04.120993,8048,0x46,PDSCH,50,7500,4587,6,0,,,,,,,,,,,,,,,,,,,,,,,
2026-08-18T10:36:04.170591,8049,0x46,PDSCH,50,7500,4587,6,0,,,,,,,,,,,,,,,,,,,,,,,
2026-08-18T10:36:04.211839,8050,0x46,PUCCH,,,,,,,,,,,,,,,,,,1a,111.8,"1.000,",,,1,,,,,
2026-08-18T10:36:04.212083,8050,0x46,PDSCH,50,7500,4587,6,0,,,,,,,,,,,,,,,,,,,,,,,
2026-08-18T10:36:04.245925,8051,0x46,PUCCH,,,,,,,,,,,,,,,,,,1a,111.7,"1.000,",,,1,,,,,
2026-08-18T10:36:04.246161,8051,0x46,PDSCH,50,7356,4587,6,0,,,,,,,,,,,,,,,,,,,,,,,
2026-08-18T10:36:04.282913,8052,0x46,PUCCH,,,,,,,,,,,,,,,,,,1a,111.7,"1.000,",,,1,,,,,
2026-08-18T10:36:04.283262,8052,0x46,PDSCH,50,7500,4587,6,0,,,,,,,,,,,,,,,,,,,,,,,
2026-08-18T10:36:04.320910,8053,0x46,PUCCH,,,,,,,,,,,,,,,,,,1a,111.7,"1.000,",,,1,,,,,
2026-08-18T10:36:04.321150,8053,0x46,PDSCH,50,7500,4587,6,0,,,,,,,,,,,,,,,,,,,,,,,
2026-08-18T10:36:04.386990,8054,0x46,PUCCH,,,,,,,,,,,,,,,,,,1a,111.7,"1.000,",,,1,,,,,
2026-08-18T10:36:04.387288,8054,0x46,PDSCH,50,7500,4587,6,0,,,,,,,,,,,,,,,,,,,,,,,
2026-08-18T10:36:04.431773,8055,0x46,PUCCH,,,,,,,,,,,,,,,,,,1a,111.8,"1.000,",,,1,,,,,
2026-08-18T10:36:04.432005,8055,0x46,PDSCH,50,7500,4587,6,0,,,,,,,,,,,,,,,,,,,,,,,
2026-08-18T10:36:04.472322,8056,0x46,PUCCH,,,,,,,,,,,,,,,,,,1a,111.8,"1.000,",,,1,,,,,
2026-08-18T10:36:04.472670,8056,0x46,PDSCH,50,7080,4587,6,0,,,,,,,,,,,,,,,,,,,,,,,
2026-08-18T10:36:04.515109,8057,0x46,PUCCH,,,,,,,,,,,,,,,,,,1a,111.7,"1.000,",,,1,,,,,
2026-08-18T10:36:04.515342,8057,0x46,PDSCH,50,7500,4587,6,0,,,,,,,,,,,,,,,,,,,,,,,
2026-08-18T10:36:04.559076,8058,0x46,PHR,,,,,,,,,,,,,,,,,,,,,,,,30.0,,,,
2026-08-18T10:36:04.559290,8058,0x46,PDSCH,50,7500,4587,6,0,,,,,,,,,,,,,,,,,,,,,,,
2026-08-18T10:36:04.607346,8059,0x46,PUCCH,,,,,,,,,,,,,,,,,,1a,111.7,"1.000,",,,1,,,,,
2026-08-18T10:36:04.607608,8059,0x46,PDSCH,50,7500,4587,6,0,,,,,,,,,,,,,,,,,,,,,,,
2026-08-18T10:36:04.655864,8060,0x46,PUCCH,,,,,,,,,,,,,,,,,,1a,111.8,"1.000,",,,1,,,,,
2026-08-18T10:36:04.656133,8060,0x46,PDSCH,50,7500,4587,6,0,,,,,,,,,,,,,,,,,,,,,,,
2026-08-18T10:36:04.693353,8061,0x46,PUCCH,,,,,,,,,,,,,,,,,,1a,111.7,"1.000,",,,1,,,,,
2026-08-18T10:36:04.693589,8061,0x46,PDSCH,47,6906,4395,6,0,,,,,,,,,,,,,,,,,,,,,,,
2026-08-18T10:36:04.734574,8062,0x46,PUCCH,,,,,,,,,,,,,,,,,,1a,111.7,"1.000,",,,1,,,,,
2026-08-18T10:36:04.734811,8062,0x46,PDSCH,50,7500,4587,6,0,,,,,,,,,,,,,,,,,,,,,,,
2026-08-18T10:36:04.775907,8063,0x46,PUCCH,,,,,,,,,,,,,,,,,,1a,111.7,"1.000,",,,1,,,,,
2026-08-18T10:36:04.776140,8063,0x46,PDSCH,50,7500,4587,6,0,,,,,,,,,,,,,,,,,,,,,,,
2026-08-18T10:36:04.805553,8064,0x46,PUCCH,,,,,,,,,,,,,,,,,,1a,111.7,"1.000,",,,1,,,,,
2026-08-18T10:36:04.805791,8064,0x46,PDSCH,50,7500,4587,6,0,,,,,,,,,,,,,,,,,,,,,,,
2026-08-18T10:36:04.838379,8065,0x46,PUCCH,,,,,,,,,,,,,,,,,,1a,111.8,"1.000,",,,1,,,,,
2026-08-18T10:36:04.838612,8065,0x46,PDSCH,50,7500,4587,6,0,,,,,,,,,,,,,,,,,,,,,,,
2026-08-18T10:36:04.880189,8066,0x46,PDSCH,50,7080,4587,6,0,,,,,,,,,,,,,,,,,,,,,,,
2026-08-18T10:36:04.934676,8067,0x46,PDSCH,50,7500,4587,6,0,,,,,,,,,,,,,,,,,,,,,,,
2026-08-18T10:36:04.982342,8068,0x46,PUCCH,,,,,,,,,,,,,,,,,,1a,111.7,"1.000,",,,1,,,,,
2026-08-18T10:36:04.982596,8068,0x46,PDSCH,50,7500,4587,6,0,,,,,,,,,,,,,,,,,,,,,,,
2026-08-18T10:36:05.022720,8069,0x46,PUCCH,,,,,,,,,,,,,,,,,,1a,111.7,"1.000,",,,1,,,,,
2026-08-18T10:36:05.022962,8069,0x46,PDSCH,50,7500,4587,6,0,,,,,,,,,,,,,,,,,,,,,,,
2026-08-18T10:36:05.061986,8070,0x46,PUCCH,,,,,,,,,,,,,,,,,,1a,111.8,"1.000,",,,1,,,,,
2026-08-18T10:36:05.062217,8070,0x46,PDSCH,50,7500,4587,6,0,,,,,,,,,,,,,,,,,,,,,,,
2026-08-18T10:36:05.098537,8071,0x46,PUCCH,,,,,,,,,,,,,,,,,,1a,111.7,"1.000,",,,1,,,,,
2026-08-18T10:36:05.098778,8071,0x46,PDSCH,50,7356,4587,6,0,,,,,,,,,,,,,,,,,,,,,,,
2026-08-18T10:36:05.130348,8072,0x46,PUCCH,,,,,,,,,,,,,,,,,,1a,111.7,"1.000,",,,1,,,,,
2026-08-18T10:36:05.130587,8072,0x46,PDSCH,50,7500,4587,6,0,,,,,,,,,,,,,,,,,,,,,,,
2026-08-18T10:36:05.184351,8073,0x46,PUCCH,,,,,,,,,,,,,,,,,,1a,111.7,"1.000,",,,1,,,,,
2026-08-18T10:36:05.184583,8073,0x46,PDSCH,50,7500,4587,6,0,,,,,,,,,,,,,,,,,,,,,,,
2026-08-18T10:36:05.240950,8074,0x46,PDSCH,50,7500,4587,6,0,,,,,,,,,,,,,,,,,,,,,,,
2026-08-18T10:36:05.285790,8075,0x46,PDSCH,50,7500,4587,6,0,,,,,,,,,,,,,,,,,,,,,,,
2026-08-18T10:36:05.333980,8076,0x46,PDSCH,50,7080,4587,6,0,,,,,,,,,,,,,,,,,,,,,,,
2026-08-18T10:36:05.374884,8077,0x46,PUCCH,,,,,,,,,,,,,,,,,,1a,111.7,"1.000,",,,1,,,,,
2026-08-18T10:36:05.375177,8077,0x46,PDSCH,50,7500,4587,6,0,,,,,,,,,,,,,,,,,,,,,,,
2026-08-18T10:36:05.414726,8078,0x46,PUCCH,,,,,,,,,,,,,,,,,,1a,111.7,"1.000,",,,1,,,,,
2026-08-18T10:36:05.414958,8078,0x46,PDSCH,50,7500,4587,6,0,,,,,,,,,,,,,,,,,,,,,,,
2026-08-18T10:36:05.464340,8079,0x46,PUCCH,,,,,,,,,,,,,,,,,,1a,111.7,"1.000,",,,1,,,,,
2026-08-18T10:36:05.464579,8079,0x46,PDSCH,50,7500,4587,6,0,,,,,,,,,,,,,,,,,,,,,,,
2026-08-18T10:36:05.513820,8080,0x46,PUCCH,,,,,,,,,,,,,,,,,,1a,111.8,"1.000,",,,1,,,,,
2026-08-18T10:36:05.514093,8080,0x46,PDSCH,50,7500,4587,6,0,,,,,,,,,,,,,,,,,,,,,,,
2026-08-18T10:36:05.553584,8081,0x46,PUCCH,,,,,,,,,,,,,,,,,,2a,111.8,"1.000,",,,1,,,,,
2026-08-18T10:36:05.553820,8081,0x46,PDSCH,47,6906,4395,6,0,,,,,,,,,,,,,,,,,,,,,,,
2026-08-18T10:36:05.594606,8082,0x46,BSR,,,,,,,,,,,,,,,,,,,,,,,,,0,0,0,42
2026-08-18T10:36:05.594772,8082,0x46,PDSCH,50,7500,4587,6,0,,,,,,,,,,,,,,,,,,,,,,,
2026-08-18T10:36:05.634867,8083,0x46,PDSCH,50,7500,4587,6,0,,,,,,,,,,,,,,,,,,,,,,,
2026-08-18T10:36:05.667221,8084,0x46,PDSCH,50,7500,4587,6,0,,,,,,,,,,,,,,,,,,,,,,,
2026-08-18T10:36:05.698422,8085,0x46,PDSCH,50,7500,4587,6,0,,,,,,,,,,,,,,,,,,,,,,,
2026-08-18T10:36:05.729802,8086,0x46,PUCCH,,,,,,,,,,,,,,,,,,1a,111.8,"1.000,",,,1,,,,,
2026-08-18T10:36:05.730058,8086,0x46,PDSCH,50,7080,4587,6,0,,,,,,,,,,,,,,,,,,,,,,,
2026-08-18T10:36:05.763590,8087,0x46,PUCCH,,,,,,,,,,,,,,,,,,1a,111.7,"1.000,",,,1,,,,,
2026-08-18T10:36:05.763828,8087,0x46,PDSCH,50,7500,4587,6,0,,,,,,,,,,,,,,,,,,,,,,,
2026-08-18T10:36:05.813461,8088,0x46,PUCCH,,,,,,,,,,,,,,,,,,1a,111.7,"1.000,",,,1,,,,,
2026-08-18T10:36:05.813693,8088,0x46,PDSCH,50,7500,4587,6,0,,,,,,,,,,,,,,,,,,,,,,,
2026-08-18T10:36:05.861228,8089,0x46,PUCCH,,,,,,,,,,,,,,,,,,1a,111.7,"1.000,",,,1,,,,,
2026-08-18T10:36:05.861461,8089,0x46,PDSCH,50,7500,4587,6,0,,,,,,,,,,,,,,,,,,,,,,,
2026-08-18T10:36:05.909436,8090,0x46,PDSCH,50,7500,4587,6,0,,,,,,,,,,,,,,,,,,,,,,,
2026-08-18T10:36:05.982848,8091,0x46,PDSCH,50,7356,4587,6,0,,,,,,,,,,,,,,,,,,,,,,,
2026-08-18T10:36:06.054007,8092,0x46,BSR,,,,,,,,,,,,,,,,,,,,,,,,,0,0,0,0
2026-08-18T10:36:06.054201,8092,0x46,PDSCH,50,7500,4587,6,0,,,,,,,,,,,,,,,,,,,,,,,
2026-08-18T10:36:06.108120,8093,0x46,BSR,,,,,,,,,,,,,,,,,,,,,,,,,0,0,0,0
2026-08-18T10:36:06.108346,8093,0x46,PDSCH,50,7500,4587,6,0,,,,,,,,,,,,,,,,,,,,,,,
2026-08-18T10:36:06.159729,8094,0x46,BSR,,,,,,,,,,,,,,,,,,,,,,,,,0,0,0,0
2026-08-18T10:36:06.159950,8094,0x46,PDSCH,50,7500,4587,6,0,,,,,,,,,,,,,,,,,,,,,,,
2026-08-18T10:36:06.192089,8095,0x46,PUCCH,,,,,,,,,,,,,,,,,,1a,111.8,"1.000,",,,1,,,,,
2026-08-18T10:36:06.192323,8095,0x46,PDSCH,50,7500,4587,6,0,,,,,,,,,,,,,,,,,,,,,,,
2026-08-18T10:36:06.227694,8096,0x46,PUCCH,,,,,,,,,,,,,,,,,,1a,111.8,"1.000,",,,1,,,,,
2026-08-18T10:36:06.227975,8096,0x46,PDSCH,50,7080,4587,6,0,,,,,,,,,,,,,,,,,,,,,,,
2026-08-18T10:36:06.262786,8097,0x46,PUCCH,,,,,,,,,,,,,,,,,,1a,111.7,"1.000,",,,1,,,,,
2026-08-18T10:36:06.263080,8097,0x46,PDSCH,50,7500,4587,6,0,,,,,,,,,,,,,,,,,,,,,,,
2026-08-18T10:36:06.291044,8098,0x46,PDSCH,50,7500,4587,6,0,,,,,,,,,,,,,,,,,,,,,,,
2026-08-18T10:36:06.323402,8099,0x46,BSR,,,,,,,,,,,,,,,,,,,,,,,,,0,0,0,0
2026-08-18T10:36:06.323575,8099,0x46,PDSCH,50,7500,4587,6,0,,,,,,,,,,,,,,,,,,,,,,,
2026-08-18T10:36:06.356258,8100,0x46,BSR,,,,,,,,,,,,,,,,,,,,,,,,,0,0,0,0
2026-08-18T10:36:06.356405,8100,0x46,PDSCH,50,7500,4587,6,0,,,,,,,,,,,,,,,,,,,,,,,
2026-08-18T10:36:06.415980,8101,0x46,PUCCH,,,,,,,,,,,,,,,,,,1a,111.7,"1.000,",,,1,,,,,
2026-08-18T10:36:06.416226,8101,0x46,PDSCH,47,6906,4395,6,0,,,,,,,,,,,,,,,,,,,,,,,
2026-08-18T10:36:06.457398,8102,0x46,PUCCH,,,,,,,,,,,,,,,,,,1a,111.7,"1.000,",,,1,,,,,
2026-08-18T10:36:06.457651,8102,0x46,PDSCH,50,7500,4587,6,0,,,,,,,,,,,,,,,,,,,,,,,
2026-08-18T10:36:06.495938,8103,0x46,PUCCH,,,,,,,,,,,,,,,,,,1a,111.7,"1.000,",,,1,,,,,
2026-08-18T10:36:06.496171,8103,0x46,PDSCH,50,7500,4587,6,0,,,,,,,,,,,,,,,,,,,,,,,
2026-08-18T10:36:06.534655,8104,0x46,PUCCH,,,,,,,,,,,,,,,,,,1a,111.7,"1.000,",,,1,,,,,
2026-08-18T10:36:06.534888,8104,0x46,PDSCH,50,7500,4587,6,0,,,,,,,,,,,,,,,,,,,,,,,
2026-08-18T10:36:06.564843,8105,0x46,PUCCH,,,,,,,,,,,,,,,,,,1a,111.8,"1.000,",,,1,,,,,
2026-08-18T10:36:06.565075,8105,0x46,PDSCH,50,7500,4587,6,0,,,,,,,,,,,,,,,,,,,,,,,
2026-08-18T10:36:06.615023,8106,0x46,PUCCH,,,,,,,,,,,,,,,,,,1a,111.8,"1.000,",,,1,,,,,
2026-08-18T10:36:06.615274,8106,0x46,PDSCH,50,7080,4587,6,0,,,,,,,,,,,,,,,,,,,,,,,
2026-08-18T10:36:06.664593,8107,0x46,PUCCH,,,,,,,,,,,,,,,,,,1a,111.7,"1.000,",,,1,,,,,
2026-08-18T10:36:06.664834,8107,0x46,PDSCH,50,7500,4587,6,0,,,,,,,,,,,,,,,,,,,,,,,
2026-08-18T10:36:06.709450,8108,0x46,PUCCH,,,,,,,,,,,,,,,,,,1a,111.7,"1.000,",,,1,,,,,
2026-08-18T10:36:06.709682,8108,0x46,PDSCH,50,7500,4587,6,0,,,,,,,,,,,,,,,,,,,,,,,
2026-08-18T10:36:06.748522,8109,0x46,PUCCH,,,,,,,,,,,,,,,,,,1a,111.7,"1.000,",,,1,,,,,
2026-08-18T10:36:06.748761,8109,0x46,PDSCH,50,7500,4587,6,0,,,,,,,,,,,,,,,,,,,,,,,
2026-08-18T10:36:06.788526,8110,0x46,PUCCH,,,,,,,,,,,,,,,,,,1a,111.8,"1.000,",,,1,,,,,
2026-08-18T10:36:06.788799,8110,0x46,PDSCH,50,7500,4587,6,0,,,,,,,,,,,,,,,,,,,,,,,
2026-08-18T10:36:06.827456,8111,0x46,PUCCH,,,,,,,,,,,,,,,,,,1a,111.7,"1.000,",,,1,,,,,
2026-08-18T10:36:06.827689,8111,0x46,PDSCH,50,7356,4587,6,0,,,,,,,,,,,,,,,,,,,,,,,
2026-08-18T10:36:06.886031,8112,0x46,PUCCH,,,,,,,,,,,,,,,,,,1a,111.7,"1.000,",,,1,,,,,
2026-08-18T10:36:06.886348,8112,0x46,PDSCH,50,7500,4587,6,0,,,,,,,,,,,,,,,,,,,,,,,
2026-08-18T10:36:06.959717,8113,0x46,PUCCH,,,,,,,,,,,,,,,,,,1a,111.7,"1.000,",,,1,,,,,
2026-08-18T10:36:06.959963,8113,0x46,PDSCH,50,7500,4587,6,0,,,,,,,,,,,,,,,,,,,,,,,
2026-08-18T10:36:07.014347,8114,0x46,PUCCH,,,,,,,,,,,,,,,,,,1a,111.7,"1.000,",,,1,,,,,
2026-08-18T10:36:07.014689,8114,0x46,PDSCH,50,7500,4587,6,0,,,,,,,,,,,,,,,,,,,,,,,
2026-08-18T10:36:07.060984,8115,0x46,PUCCH,,,,,,,,,,,,,,,,,,1a,111.8,"1.000,",,,1,,,,,
2026-08-18T10:36:07.061224,8115,0x46,PDSCH,50,7500,4587,6,0,,,,,,,,,,,,,,,,,,,,,,,
2026-08-18T10:36:07.098380,8116,0x46,PUCCH,,,,,,,,,,,,,,,,,,1a,111.8,"1.000,",,,1,,,,,
2026-08-18T10:36:07.098711,8116,0x46,PDSCH,50,7080,4587,6,0,,,,,,,,,,,,,,,,,,,,,,,
2026-08-18T10:36:07.136213,8117,0x46,PUCCH,,,,,,,,,,,,,,,,,,1a,111.7,"1.000,",,,1,,,,,
2026-08-18T10:36:07.136452,8117,0x46,PDSCH,50,7500,4587,6,0,,,,,,,,,,,,,,,,,,,,,,,
2026-08-18T10:36:07.172390,8118,0x46,PUCCH,,,,,,,,,,,,,,,,,,1a,111.7,"1.000,",,,1,,,,,
2026-08-18T10:36:07.172643,8118,0x46,PDSCH,50,7500,4587,6,0,,,,,,,,,,,,,,,,,,,,,,,
2026-08-18T10:36:07.202121,8119,0x46,PUCCH,,,,,,,,,,,,,,,,,,1a,111.7,"1.000,",,,1,,,,,
2026-08-18T10:36:07.202360,8119,0x46,PDSCH,50,7500,4587,6,0,,,,,,,,,,,,,,,,,,,,,,,
2026-08-18T10:36:07.235139,8120,0x46,PUCCH,,,,,,,,,,,,,,,,,,1a,111.8,"1.000,",,,1,,,,,
2026-08-18T10:36:07.235454,8120,0x46,PDSCH,50,7500,4587,6,0,,,,,,,,,,,,,,,,,,,,,,,
2026-08-18T10:36:07.287236,8121,0x46,PUCCH,,,,,,,,,,,,,,,,,,2a,111.8,"1.000,",,,1,,,,,
2026-08-18T10:36:07.287488,8121,0x46,PDSCH,47,6906,4395,6,0,,,,,,,,,,,,,,,,,,,,,,,
2026-08-18T10:36:07.343088,8122,0x46,PUCCH,,,,,,,,,,,,,,,,,,1a,111.7,"1.000,",,,1,,,,,
2026-08-18T10:36:07.343388,8122,0x46,PDSCH,50,7500,4587,6,0,,,,,,,,,,,,,,,,,,,,,,,
2026-08-18T10:36:07.391588,8123,0x46,PUCCH,,,,,,,,,,,,,,,,,,1a,111.7,"1.000,",,,1,,,,,
2026-08-18T10:36:07.391822,8123,0x46,PDSCH,50,7500,4587,6,0,,,,,,,,,,,,,,,,,,,,,,,
2026-08-18T10:36:07.443848,8124,0x46,PUCCH,,,,,,,,,,,,,,,,,,1a,111.7,"1.000,",,,1,,,,,
2026-08-18T10:36:07.444205,8124,0x46,PDSCH,50,7500,4587,6,0,,,,,,,,,,,,,,,,,,,,,,,
2026-08-18T10:36:07.501326,8125,0x46,PUCCH,,,,,,,,,,,,,,,,,,1a,111.8,"1.000,",,,1,,,,,
2026-08-18T10:36:07.501565,8125,0x46,PDSCH,50,7500,4587,6,0,,,,,,,,,,,,,,,,,,,,,,,
2026-08-18T10:36:07.777915,8126,0x46,PUCCH,,,,,,,,,,,,,,,,,,1a,111.8,"1.000,",,,1,,,,,
2026-08-18T10:36:07.778152,8126,0x46,PDSCH,50,7080,4587,6,0,,,,,,,,,,,,,,,,,,,,,,,
2026-08-18T10:36:07.836200,8127,0x46,PUCCH,,,,,,,,,,,,,,,,,,1a,111.7,"1.000,",,,1,,,,,
2026-08-18T10:36:07.836434,8127,0x46,PDSCH,50,7500,4587,6,0,,,,,,,,,,,,,,,,,,,,,,,
2026-08-18T10:36:07.888686,8128,0x46,PDSCH,50,7500,4587,6,0,,,,,,,,,,,,,,,,,,,,,,,
2026-08-18T10:36:07.932359,8129,0x46,PUCCH,,,,,,,,,,,,,,,,,,1a,111.7,"1.000,",,,1,,,,,
2026-08-18T10:36:07.932677,8129,0x46,PDSCH,50,7500,4587,6,0,,,,,,,,,,,,,,,,,,,,,,,
2026-08-18T10:36:07.985671,8130,0x46,PUCCH,,,,,,,,,,,,,,,,,,1a,111.8,"1.000,",,,1,,,,,
2026-08-18T10:36:07.985981,8130,0x46,PDSCH,50,7500,4587,6,0,,,,,,,,,,,,,,,,,,,,,,,
2026-08-18T10:36:08.038367,8131,0x46,PUCCH,,,,,,,,,,,,,,,,,,1a,111.7,"1.000,",,,1,,,,,
2026-08-18T10:36:08.038600,8131,0x46,PDSCH,50,7356,4587,6,0,,,,,,,,,,,,,,,,,,,,,,,
2026-08-18T10:36:08.112737,8132,0x46,PUCCH,,,,,,,,,,,,,,,,,,1a,111.7,"1.000,",,,1,,,,,
2026-08-18T10:36:08.112975,8132,0x46,PDSCH,50,7500,4587,6,0,,,,,,,,,,,,,,,,,,,,,,,
2026-08-18T10:36:08.166219,8133,0x46,PUCCH,,,,,,,,,,,,,,,,,,1a,111.7,"1.000,",,,1,,,,,
2026-08-18T10:36:08.166453,8133,0x46,PDSCH,50,7500,4587,6,0,,,,,,,,,,,,,,,,,,,,,,,
2026-08-18T10:36:08.217401,8134,0x46,PUCCH,,,,,,,,,,,,,,,,,,1a,111.7,"1.000,",,,1,,,,,
2026-08-18T10:36:08.217652,8134,0x46,PDSCH,50,7500,4587,6,0,,,,,,,,,,,,,,,,,,,,,,,
2026-08-18T10:36:08.251182,8135,0x46,PUCCH,,,,,,,,,,,,,,,,,,1a,111.8,"1.000,",,,1,,,,,
2026-08-18T10:36:08.251414,8135,0x46,PDSCH,50,7500,4587,6,0,,,,,,,,,,,,,,,,,,,,,,,
2026-08-18T10:36:08.286390,8136,0x46,PUCCH,,,,,,,,,,,,,,,,,,1a,111.8,"1.000,",,,1,,,,,
2026-08-18T10:36:08.286634,8136,0x46,PDSCH,50,7080,4587,6,0,,,,,,,,,,,,,,,,,,,,,,,
2026-08-18T10:36:08.323388,8137,0x46,PDSCH,50,7500,4587,6,0,,,,,,,,,,,,,,,,,,,,,,,
2026-08-18T10:36:08.360131,8138,0x46,PDSCH,50,7500,4587,6,0,,,,,,,,,,,,,,,,,,,,,,,
2026-08-18T10:36:08.360377,8139,0x46,PUCCH,,,,,,,,,,,,,,,,,,1a,111.7,"1.000,",,,1,,,,,
2026-08-18T10:36:08.360621,8139,0x46,PDSCH,50,7500,4587,6,0,,,,,,,,,,,,,,,,,,,,,,,
2026-08-18T10:36:08.435091,8140,0x46,PUCCH,,,,,,,,,,,,,,,,,,1a,111.8,"1.000,",,,1,,,,,
2026-08-18T10:36:08.435585,8140,0x46,PDSCH,50,7500,4587,6,0,,,,,,,,,,,,,,,,,,,,,,,
2026-08-18T10:36:08.435896,8141,0x46,PUCCH,,,,,,,,,,,,,,,,,,1a,111.7,"1.000,",,,1,,,,,
2026-08-18T10:36:08.436145,8141,0x46,PDSCH,47,6906,4395,6,0,,,,,,,,,,,,,,,,,,,,,,,
2026-08-18T10:36:08.559680,8142,0x46,PUCCH,,,,,,,,,,,,,,,,,,1a,111.7,"1.000,",,,1,,,,,
2026-08-18T10:36:08.560153,8142,0x46,PDSCH,50,7500,4587,6,0,,,,,,,,,,,,,,,,,,,,,,,
2026-08-18T10:36:08.630519,8143,0x46,PUCCH,,,,,,,,,,,,,,,,,,1a,111.7,"1.000,",,,1,,,,,
2026-08-18T10:36:08.630824,8143,0x46,PDSCH,50,7500,4587,6,0,,,,,,,,,,,,,,,,,,,,,,,
2026-08-18T10:36:08.677458,8144,0x46,PUCCH,,,,,,,,,,,,,,,,,,1a,111.7,"1.000,",,,1,,,,,
2026-08-18T10:36:08.677721,8144,0x46,PDSCH,50,7500,4587,6,0,,,,,,,,,,,,,,,,,,,,,,,
2026-08-18T10:36:08.717417,8145,0x46,BSR,,,,,,,,,,,,,,,,,,,,,,,,,0,0,0,0
2026-08-18T10:36:08.717604,8145,0x46,PDSCH,50,7500,4587,6,0,,,,,,,,,,,,,,,,,,,,,,,
2026-08-18T10:36:08.752134,8146,0x46,BSR,,,,,,,,,,,,,,,,,,,,,,,,,0,0,0,15
2026-08-18T10:36:08.752362,8146,0x46,PDSCH,50,7080,4587,6,0,,,,,,,,,,,,,,,,,,,,,,,
2026-08-18T10:36:08.790544,8147,0x46,BSR,,,,,,,,,,,,,,,,,,,,,,,,,0,0,0,19
2026-08-18T10:36:08.790754,8147,0x46,PDSCH,50,7500,4587,6,0,,,,,,,,,,,,,,,,,,,,,,,
2026-08-18T10:36:08.829129,8148,0x46,BSR,,,,,,,,,,,,,,,,,,,,,,,,,0,0,0,0
2026-08-18T10:36:08.829313,8148,0x46,PDSCH,50,7500,4587,6,0,,,,,,,,,,,,,,,,,,,,,,,
2026-08-18T10:36:08.869185,8149,0x46,PUCCH,,,,,,,,,,,,,,,,,,1a,111.7,"1.000,",,,1,,,,,
2026-08-18T10:36:08.869445,8149,0x46,PDSCH,50,7500,4587,6,0,,,,,,,,,,,,,,,,,,,,,,,
2026-08-18T10:36:08.911834,8150,0x46,PUCCH,,,,,,,,,,,,,,,,,,1a,111.8,"1.000,",,,1,,,,,
2026-08-18T10:36:08.912093,8150,0x46,PDSCH,50,7500,4587,6,0,,,,,,,,,,,,,,,,,,,,,,,
2026-08-18T10:36:08.951150,8151,0x46,PUCCH,,,,,,,,,,,,,,,,,,1a,111.7,"1.000,",,,1,,,,,
2026-08-18T10:36:08.951416,8151,0x46,PDSCH,50,7356,4587,6,0,,,,,,,,,,,,,,,,,,,,,,,
2026-08-18T10:36:08.990812,8152,0x46,PUCCH,,,,,,,,,,,,,,,,,,1a,111.7,"1.000,",,,1,,,,,
2026-08-18T10:36:08.991065,8152,0x46,PDSCH,50,7500,4587,6,0,,,,,,,,,,,,,,,,,,,,,,,
2026-08-18T10:36:09.030123,8153,0x46,BSR,,,,,,,,,,,,,,,,,,,,,,,,,0,0,0,0
2026-08-18T10:36:09.030351,8153,0x46,PDSCH,50,7500,4587,6,0,,,,,,,,,,,,,,,,,,,,,,,
2026-08-18T10:36:09.070634,8154,0x46,PUCCH,,,,,,,,,,,,,,,,,,1a,111.7,"1.000,",,,1,,,,,
2026-08-18T10:36:09.070886,8154,0x46,PDSCH,50,7500,4587,6,0,,,,,,,,,,,,,,,,,,,,,,,
2026-08-18T10:36:09.112941,8155,0x46,PUCCH,,,,,,,,,,,,,,,,,,1a,111.8,"1.000,",,,1,,,,,
2026-08-18T10:36:09.113202,8155,0x46,PDSCH,50,7500,4587,6,0,,,,,,,,,,,,,,,,,,,,,,,
2026-08-18T10:36:09.150935,8156,0x46,PUCCH,,,,,,,,,,,,,,,,,,1a,111.8,"1.000,",,,1,,,,,
2026-08-18T10:36:09.151200,8156,0x46,PDSCH,50,7080,4587,6,0,,,,,,,,,,,,,,,,,,,,,,,
2026-08-18T10:36:09.191127,8157,0x46,PUCCH,,,,,,,,,,,,,,,,,,1a,111.7,"1.000,",,,1,,,,,
2026-08-18T10:36:09.191390,8157,0x46,PDSCH,50,7500,4587,6,0,,,,,,,,,,,,,,,,,,,,,,,
2026-08-18T10:36:09.229573,8158,0x46,PUCCH,,,,,,,,,,,,,,,,,,1a,111.7,"1.000,",,,1,,,,,
2026-08-18T10:36:09.229823,8158,0x46,PDSCH,50,7500,4587,6,0,,,,,,,,,,,,,,,,,,,,,,,
2026-08-18T10:36:09.267199,8159,0x46,PUCCH,,,,,,,,,,,,,,,,,,1a,111.7,"1.000,",,,1,,,,,
2026-08-18T10:36:09.267466,8159,0x46,PDSCH,50,7500,4587,6,0,,,,,,,,,,,,,,,,,,,,,,,
2026-08-18T10:36:09.295779,8160,0x46,PUCCH,,,,,,,,,,,,,,,,,,1a,111.8,"1.000,",,,1,,,,,
2026-08-18T10:36:09.296046,8160,0x46,PDSCH,50,7500,4587,6,0,,,,,,,,,,,,,,,,,,,,,,,
2026-08-18T10:36:09.324955,8161,0x46,PUCCH,,,,,,,,,,,,,,,,,,2a,111.8,"1.000,",,,1,,,,,
2026-08-18T10:36:09.325222,8161,0x46,PDSCH,47,6906,4395,6,0,,,,,,,,,,,,,,,,,,,,,,,
2026-08-18T10:36:09.353949,8162,0x46,PUCCH,,,,,,,,,,,,,,,,,,1a,111.7,"1.000,",,,1,,,,,
2026-08-18T10:36:09.354201,8162,0x46,PDSCH,50,7500,4587,6,0,,,,,,,,,,,,,,,,,,,,,,,
2026-08-18T10:36:09.385652,8163,0x46,PUCCH,,,,,,,,,,,,,,,,,,1a,111.8,"1.000,",,,1,,,,,
2026-08-18T10:36:09.385908,8163,0x46,PDSCH,50,7500,4587,6,0,,,,,,,,,,,,,,,,,,,,,,,
2026-08-18T10:36:09.422826,8164,0x46,PUCCH,,,,,,,,,,,,,,,,,,1a,111.7,"1.000,",,,1,,,,,
2026-08-18T10:36:09.423079,8164,0x46,PDSCH,50,7500,4587,6,0,,,,,,,,,,,,,,,,,,,,,,,
2026-08-18T10:36:09.462574,8165,0x46,PUCCH,,,,,,,,,,,,,,,,,,1a,111.8,"1.000,",,,1,,,,,
2026-08-18T10:36:09.462816,8165,0x46,PDSCH,47,7050,4395,6,0,,,,,,,,,,,,,,,,,,,,,,,
2026-08-18T10:36:09.516239,8166,0x46,PUCCH,,,,,,,,,,,,,,,,,,1a,111.8,"1.000,",,,1,,,,,
2026-08-18T10:36:09.516504,8166,0x46,PDSCH,50,7080,4587,6,0,,,,,,,,,,,,,,,,,,,,,,,
2026-08-18T10:36:09.597140,8167,0x46,PUCCH,,,,,,,,,,,,,,,,,,1a,111.7,"1.000,",,,1,,,,,
2026-08-18T10:36:09.597404,8167,0x46,PDSCH,50,7500,4587,6,0,,,,,,,,,,,,,,,,,,,,,,,
2026-08-18T10:36:09.659189,8168,0x46,PDSCH,50,7500,4587,6,0,,,,,,,,,,,,,,,,,,,,,,,
2026-08-18T10:36:09.753480,8169,0x46,PUCCH,,,,,,,,,,,,,,,,,,1a,111.7,"1.000,",,,1,,,,,
2026-08-18T10:36:09.753826,8169,0x46,PDSCH,50,7500,4587,6,0,,,,,,,,,,,,,,,,,,,,,,,
2026-08-18T10:36:09.829328,8170,0x46,PUCCH,,,,,,,,,,,,,,,,,,1a,111.8,"1.000,",,,1,,,,,
2026-08-18T10:36:09.829584,8170,0x46,PDSCH,50,7500,4587,6,0,,,,,,,,,,,,,,,,,,,,,,,
2026-08-18T10:36:09.883575,8171,0x46,PUCCH,,,,,,,,,,,,,,,,,,1a,111.7,"1.000,",,,1,,,,,
2026-08-18T10:36:09.883827,8171,0x46,PDSCH,50,7356,4587,6,0,,,,,,,,,,,,,,,,,,,,,,,
2026-08-18T10:36:09.934058,8172,0x46,PUCCH,,,,,,,,,,,,,,,,,,1a,111.7,"1.000,",,,1,,,,,
2026-08-18T10:36:09.934311,8172,0x46,PDSCH,50,7500,4587,6,0,,,,,,,,,,,,,,,,,,,,,,,
2026-08-18T10:36:09.988832,8173,0x46,PUCCH,,,,,,,,,,,,,,,,,,1a,111.8,"1.000,",,,1,,,,,
2026-08-18T10:36:09.989084,8173,0x46,PDSCH,50,7500,4587,6,0,,,,,,,,,,,,,,,,,,,,,,,
2026-08-18T10:36:10.045061,8174,0x46,PUCCH,,,,,,,,,,,,,,,,,,1a,111.7,"1.000,",,,1,,,,,
2026-08-18T10:36:10.045318,8174,0x46,PDSCH,50,7500,4587,6,0,,,,,,,,,,,,,,,,,,,,,,,
2026-08-18T10:36:10.089332,8175,0x46,PUCCH,,,,,,,,,,,,,,,,,,1a,111.8,"1.000,",,,1,,,,,
2026-08-18T10:36:10.089584,8175,0x46,PDSCH,47,7050,4395,6,0,,,,,,,,,,,,,,,,,,,,,,,
2026-08-18T10:36:10.130569,8176,0x46,PUCCH,,,,,,,,,,,,,,,,,,1a,111.8,"1.000,",,,1,,,,,
2026-08-18T10:36:10.130854,8176,0x46,PDSCH,50,7080,4587,6,0,,,,,,,,,,,,,,,,,,,,,,,
2026-08-18T10:36:10.171494,8177,0x46,PDSCH,50,7500,4587,6,0,,,,,,,,,,,,,,,,,,,,,,,
2026-08-18T10:36:10.211866,8178,0x46,PUCCH,,,,,,,,,,,,,,,,,,1a,111.7,"1.000,",,,1,,,,,
2026-08-18T10:36:10.212136,8178,0x46,PDSCH,50,7500,4587,6,0,,,,,,,,,,,,,,,,,,,,,,,
2026-08-18T10:36:10.250116,8179,0x46,PUCCH,,,,,,,,,,,,,,,,,,1a,111.7,"1.000,",,,1,,,,,
2026-08-18T10:36:10.250577,8179,0x46,PDSCH,50,7500,4587,6,0,,,,,,,,,,,,,,,,,,,,,,,
2026-08-18T10:36:10.291834,8180,0x46,PUCCH,,,,,,,,,,,,,,,,,,1a,111.8,"1.000,",,,1,,,,,
2026-08-18T10:36:10.292086,8180,0x46,PDSCH,50,7500,4587,6,0,,,,,,,,,,,,,,,,,,,,,,,
2026-08-18T10:36:10.327375,8181,0x46,PUCCH,,,,,,,,,,,,,,,,,,1a,111.7,"1.000,",,,1,,,,,
2026-08-18T10:36:10.327642,8181,0x46,PDSCH,47,6906,4395,6,0,,,,,,,,,,,,,,,,,,,,,,,
2026-08-18T10:36:10.361412,8182,0x46,PUCCH,,,,,,,,,,,,,,,,,,1a,111.7,"1.000,",,,1,,,,,
2026-08-18T10:36:10.361670,8182,0x46,PDSCH,50,7500,4587,6,0,,,,,,,,,,,,,,,,,,,,,,,
2026-08-18T10:36:10.398493,8183,0x46,PUCCH,,,,,,,,,,,,,,,,,,1a,111.8,"1.000,",,,1,,,,,
2026-08-18T10:36:10.398746,8183,0x46,PDSCH,50,7500,4587,6,0,,,,,,,,,,,,,,,,,,,,,,,
2026-08-18T10:36:10.428595,8184,0x46,PUCCH,,,,,,,,,,,,,,,,,,1a,111.7,"1.000,",,,1,,,,,
2026-08-18T10:36:10.428845,8184,0x46,PDSCH,50,7500,4587,6,0,,,,,,,,,,,,,,,,,,,,,,,
2026-08-18T10:36:10.458931,8185,0x46,PHR,,,,,,,,,,,,,,,,,,,,,,,,30.0,,,,
2026-08-18T10:36:10.459112,8185,0x46,PDSCH,50,7500,4587,6,0,,,,,,,,,,,,,,,,,,,,,,,
2026-08-18T10:36:10.488142,8186,0x46,PDSCH,50,7080,4587,6,0,,,,,,,,,,,,,,,,,,,,,,,
2026-08-18T10:36:10.520995,8187,0x46,PUCCH,,,,,,,,,,,,,,,,,,1a,111.7,"1.000,",,,1,,,,,
2026-08-18T10:36:10.521261,8187,0x46,PDSCH,50,7500,4587,6,0,,,,,,,,,,,,,,,,,,,,,,,
2026-08-18T10:36:10.570374,8188,0x46,PUCCH,,,,,,,,,,,,,,,,,,1a,111.7,"1.000,",,,1,,,,,
2026-08-18T10:36:10.570627,8188,0x46,PDSCH,50,7500,4587,6,0,,,,,,,,,,,,,,,,,,,,,,,
2026-08-18T10:36:10.617229,8189,0x46,PUCCH,,,,,,,,,,,,,,,,,,1a,111.7,"1.000,",,,1,,,,,
2026-08-18T10:36:10.617486,8189,0x46,PDSCH,50,7500,4587,6,0,,,,,,,,,,,,,,,,,,,,,,,
2026-08-18T10:36:10.659158,8190,0x46,PUCCH,,,,,,,,,,,,,,,,,,1a,111.8,"1.000,",,,1,,,,,
2026-08-18T10:36:10.659408,8190,0x46,PDSCH,50,7500,4587,6,0,,,,,,,,,,,,,,,,,,,,,,,
2026-08-18T10:36:10.693803,8191,0x46,PUCCH,,,,,,,,,,,,,,,,,,1a,111.7,"1.000,",,,1,,,,,
2026-08-18T10:36:10.694053,8191,0x46,PDSCH,50,7356,4587,6,0,,,,,,,,,,,,,,,,,,,,,,,
2026-08-18T10:36:10.730796,8192,0x46,PUCCH,,,,,,,,,,,,,,,,,,1a,111.7,"1.000,",,,1,,,,,
2026-08-18T10:36:10.731053,8192,0x46,PDSCH,50,7500,4587,6,0,,,,,,,,,,,,,,,,,,,,,,,
2026-08-18T10:36:10.770296,8193,0x46,BSR,,,,,,,,,,,,,,,,,,,,,,,,,0,0,0,0
2026-08-18T10:36:10.770543,8193,0x46,PDSCH,50,7500,4587,6,0,,,,,,,,,,,,,,,,,,,,,,,
2026-08-18T10:36:10.825596,8194,0x46,BSR,,,,,,,,,,,,,,,,,,,,,,,,,0,0,0,0
2026-08-18T10:36:10.825823,8194,0x46,PDSCH,50,7500,4587,6,0,,,,,,,,,,,,,,,,,,,,,,,
2026-08-18T10:36:10.894166,8195,0x46,BSR,,,,,,,,,,,,,,,,,,,,,,,,,0,0,0,0
2026-08-18T10:36:10.894347,8195,0x46,PDSCH,50,7500,4587,6,0,,,,,,,,,,,,,,,,,,,,,,,
2026-08-18T10:36:10.940246,8196,0x46,PUCCH,,,,,,,,,,,,,,,,,,1a,111.8,"1.000,",,,1,,,,,
2026-08-18T10:36:10.940514,8196,0x46,PDSCH,50,7080,4587,6,0,,,,,,,,,,,,,,,,,,,,,,,
2026-08-18T10:36:10.987296,8197,0x46,PUCCH,,,,,,,,,,,,,,,,,,1a,111.7,"1.000,",,,1,,,,,
2026-08-18T10:36:10.987565,8197,0x46,PDSCH,50,7500,4587,6,0,,,,,,,,,,,,,,,,,,,,,,,
2026-08-18T10:36:11.025546,8198,0x46,PUCCH,,,,,,,,,,,,,,,,,,1a,111.7,"1.000,",,,1,,,,,
2026-08-18T10:36:11.025798,8198,0x46,PDSCH,50,7500,4587,6,0,,,,,,,,,,,,,,,,,,,,,,,
2026-08-18T10:36:11.065258,8199,0x46,PUCCH,,,,,,,,,,,,,,,,,,1a,111.7,"1.000,",,,1,,,,,
2026-08-18T10:36:11.065556,8199,0x46,PDSCH,50,7500,4587,6,0,,,,,,,,,,,,,,,,,,,,,,,
2026-08-18T10:36:11.104710,8200,0x46,PUCCH,,,,,,,,,,,,,,,,,,1a,111.8,"1.000,",,,1,,,,,
2026-08-18T10:36:11.104964,8200,0x46,PDSCH,50,7500,4587,6,0,,,,,,,,,,,,,,,,,,,,,,,
2026-08-18T10:36:11.362592,8201,0x46,BSR,,,,,,,,,,,,,,,,,,,,,,,,,0,0,0,0
2026-08-18T10:36:11.362825,8201,0x46,PDSCH,47,6906,4395,6,0,,,,,,,,,,,,,,,,,,,,,,,
2026-08-18T10:36:11.396340,8202,0x46,PUCCH,,,,,,,,,,,,,,,,,,1a,111.7,"1.000,",,,1,,,,,
2026-08-18T10:36:11.396593,8202,0x46,PDSCH,50,7500,4587,6,0,,,,,,,,,,,,,,,,,,,,,,,
2026-08-18T10:36:11.435803,8203,0x46,PUCCH,,,,,,,,,,,,,,,,,,1a,111.7,"1.000,",,,1,,,,,
2026-08-18T10:36:11.436053,8203,0x46,PDSCH,50,7500,4587,6,0,,,,,,,,,,,,,,,,,,,,,,,
2026-08-18T10:36:11.475077,8204,0x46,PUCCH,,,,,,,,,,,,,,,,,,1a,111.7,"1.000,",,,1,,,,,
2026-08-18T10:36:11.475338,8204,0x46,PDSCH,50,7500,4587,6,0,,,,,,,,,,,,,,,,,,,,,,,
2026-08-18T10:36:11.532546,8205,0x46,PUCCH,,,,,,,,,,,,,,,,,,1a,111.8,"1.000,",,,1,,,,,
2026-08-18T10:36:11.532830,8205,0x46,PDSCH,50,7500,4587,6,0,,,,,,,,,,,,,,,,,,,,,,,
2026-08-18T10:36:11.621148,8206,0x46,PUCCH,,,,,,,,,,,,,,,,,,1a,111.8,"1.000,",,,1,,,,,
2026-08-18T10:36:11.621405,8206,0x46,PDSCH,50,7080,4587,6,0,,,,,,,,,,,,,,,,,,,,,,,
2026-08-18T10:36:11.683906,8207,0x46,PUCCH,,,,,,,,,,,,,,,,,,1a,111.7,"1.000,",,,1,,,,,
2026-08-18T10:36:11.684204,8207,0x46,PDSCH,50,7500,4587,6,0,,,,,,,,,,,,,,,,,,,,,,,
2026-08-18T10:36:11.738620,8208,0x46,PUCCH,,,,,,,,,,,,,,,,,,1a,111.7,"1.000,",,,1,,,,,
2026-08-18T10:36:11.738873,8208,0x46,PDSCH,50,7500,4587,6,0,,,,,,,,,,,,,,,,,,,,,,,
2026-08-18T10:36:11.784728,8209,0x46,PDSCH,50,7500,4587,6,0,,,,,,,,,,,,,,,,,,,,,,,
2026-08-18T10:36:11.824828,8210,0x46,PUCCH,,,,,,,,,,,,,,,,,,1a,111.8,"1.000,",,,1,,,,,
2026-08-18T10:36:11.825110,8210,0x46,PDSCH,50,7500,4587,6,0,,,,,,,,,,,,,,,,,,,,,,,
2026-08-18T10:36:11.874728,8211,0x46,PUCCH,,,,,,,,,,,,,,,,,,1a,111.7,"1.000,",,,1,,,,,
2026-08-18T10:36:11.874981,8211,0x46,PDSCH,50,7356,4587,6,0,,,,,,,,,,,,,,,,,,,,,,,
2026-08-18T10:36:11.917805,8212,0x46,PUCCH,,,,,,,,,,,,,,,,,,1a,111.7,"1.000,",,,1,,,,,
2026-08-18T10:36:11.918057,8212,0x46,PDSCH,50,7500,4587,6,0,,,,,,,,,,,,,,,,,,,,,,,
2026-08-18T10:36:11.955755,8213,0x46,PUCCH,,,,,,,,,,,,,,,,,,1a,111.7,"1.000,",,,1,,,,,
2026-08-18T10:36:11.956053,8213,0x46,PDSCH,50,7500,4587,6,0,,,,,,,,,,,,,,,,,,,,,,,
2026-08-18T10:36:11.994798,8214,0x46,PUCCH,,,,,,,,,,,,,,,,,,1a,111.7,"1.000,",,,1,,,,,
2026-08-18T10:36:11.995048,8214,0x46,PDSCH,50,7500,4587,6,0,,,,,,,,,,,,,,,,,,,,,,,
2026-08-18T10:36:12.047345,8215,0x46,PUCCH,,,,,,,,,,,,,,,,,,1a,111.8,"1.000,",,,1,,,,,
2026-08-18T10:36:12.047607,8215,0x46,PDSCH,50,7500,4587,6,0,,,,,,,,,,,,,,,,,,,,,,,
2026-08-18T10:36:12.095549,8216,0x46,PUCCH,,,,,,,,,,,,,,,,,,1a,111.8,"1.000,",,,1,,,,,
2026-08-18T10:36:12.095826,8216,0x46,PDSCH,50,7080,4587,6,0,,,,,,,,,,,,,,,,,,,,,,,
2026-08-18T10:36:12.134755,8217,0x46,PUCCH,,,,,,,,,,,,,,,,,,1a,111.7,"1.000,",,,1,,,,,
2026-08-18T10:36:12.135032,8217,0x46,PDSCH,50,7500,4587,6,0,,,,,,,,,,,,,,,,,,,,,,,
2026-08-18T10:36:12.177183,8218,0x46,BSR,,,,,,,,,,,,,,,,,,,,,,,,,0,0,0,40
2026-08-18T10:36:12.177436,8218,0x46,PDSCH,50,7500,4587,6,0,,,,,,,,,,,,,,,,,,,,,,,
2026-08-18T10:36:12.220964,8219,0x46,PUCCH,,,,,,,,,,,,,,,,,,1a,111.7,"1.000,",,,1,,,,,
2026-08-18T10:36:12.221263,8219,0x46,PDSCH,50,7500,4587,6,0,,,,,,,,,,,,,,,,,,,,,,,
2026-08-18T10:36:12.279445,8220,0x46,PUCCH,,,,,,,,,,,,,,,,,,1a,111.8,"1.000,",,,1,,,,,
2026-08-18T10:36:12.279735,8220,0x46,PDSCH,50,7500,4587,6,0,,,,,,,,,,,,,,,,,,,,,,,
2026-08-18T10:36:12.328289,8221,0x46,PUCCH,,,,,,,,,,,,,,,,,,1a,111.7,"1.000,",,,1,,,,,
2026-08-18T10:36:12.328543,8221,0x46,PDSCH,47,6906,4395,6,0,,,,,,,,,,,,,,,,,,,,,,,
2026-08-18T10:36:12.369269,8222,0x46,PUCCH,,,,,,,,,,,,,,,,,,1a,111.7,"1.000,",,,1,,,,,
2026-08-18T10:36:12.369522,8222,0x46,PDSCH,50,7500,4587,6,0,,,,,,,,,,,,,,,,,,,,,,,
2026-08-18T10:36:12.415348,8223,0x46,PUCCH,,,,,,,,,,,,,,,,,,1a,111.7,"1.000,",,,1,,,,,
2026-08-18T10:36:12.415610,8223,0x46,PDSCH,50,7500,4587,6,0,,,,,,,,,,,,,,,,,,,,,,,
2026-08-18T10:36:12.454863,8224,0x46,PUCCH,,,,,,,,,,,,,,,,,,1a,111.7,"1.000,",,,1,,,,,
2026-08-18T10:36:12.455116,8224,0x46,PDSCH,50,7500,4587,6,0,,,,,,,,,,,,,,,,,,,,,,,
2026-08-18T10:36:12.496748,8225,0x46,PUCCH,,,,,,,,,,,,,,,,,,1a,111.8,"1.000,",,,1,,,,,
2026-08-18T10:36:12.496999,8225,0x46,PDSCH,50,7500,4587,6,0,,,,,,,,,,,,,,,,,,,,,,,
2026-08-18T10:36:12.569788,8226,0x46,PDSCH,50,7080,4587,6,0,,,,,,,,,,,,,,,,,,,,,,,
2026-08-18T10:36:12.622587,8227,0x46,PDSCH,50,7500,4587,6,0,,,,,,,,,,,,,,,,,,,,,,,
2026-08-18T10:36:12.667256,8228,0x46,PUCCH,,,,,,,,,,,,,,,,,,1a,111.7,"1.000,",,,1,,,,,
2026-08-18T10:36:12.667536,8228,0x46,PDSCH,50,7500,4587,6,0,,,,,,,,,,,,,,,,,,,,,,,
2026-08-18T10:36:12.710413,8229,0x46,PUCCH,,,,,,,,,,,,,,,,,,1a,111.7,"1.000,",,,1,,,,,
2026-08-18T10:36:12.710665,8229,0x46,PDSCH,50,7500,4587,6,0,,,,,,,,,,,,,,,,,,,,,,,
2026-08-18T10:36:12.745273,8230,0x46,PUCCH,,,,,,,,,,,,,,,,,,1a,111.8,"1.000,",,,1,,,,,
2026-08-18T10:36:12.745735,8230,0x46,PDSCH,50,7500,4587,6,0,,,,,,,,,,,,,,,,,,,,,,,
2026-08-18T10:36:12.784285,8231,0x46,PUCCH,,,,,,,,,,,,,,,,,,1a,111.7,"1.000,",,,1,,,,,
2026-08-18T10:36:12.784538,8231,0x46,PDSCH,50,7356,4587,6,0,,,,,,,,,,,,,,,,,,,,,,,
2026-08-18T10:36:12.822853,8232,0x46,PUCCH,,,,,,,,,,,,,,,,,,1a,111.7,"1.000,",,,1,,,,,
2026-08-18T10:36:12.823105,8232,0x46,PDSCH,50,7500,4587,6,0,,,,,,,,,,,,,,,,,,,,,,,
2026-08-18T10:36:12.853777,8233,0x46,PUCCH,,,,,,,,,,,,,,,,,,1a,111.7,"1.000,",,,1,,,,,
2026-08-18T10:36:12.854029,8233,0x46,PDSCH,50,7500,4587,6,0,,,,,,,,,,,,,,,,,,,,,,,
2026-08-18T10:36:12.889111,8234,0x46,PDSCH,50,7500,4587,6,0,,,,,,,,,,,,,,,,,,,,,,,
2026-08-18T10:36:13.139329,8235,0x46,PHR,,,,,,,,,,,,,,,,,,,,,,,,30.0,,,,
2026-08-18T10:36:13.139585,8235,0x46,PDSCH,50,7500,4587,6,0,,,,,,,,,,,,,,,,,,,,,,,
2026-08-18T10:36:13.166642,8236,0x46,BSR,,,,,,,,,,,,,,,,,,,,,,,,,0,0,0,0
2026-08-18T10:36:13.166848,8236,0x46,PDSCH,50,7080,4587,6,0,,,,,,,,,,,,,,,,,,,,,,,
2026-08-18T10:36:13.203477,8237,0x46,PUCCH,,,,,,,,,,,,,,,,,,1a,111.7,"1.000,",,,1,,,,,
2026-08-18T10:36:13.203728,8237,0x46,PDSCH,50,7500,4587,6,0,,,,,,,,,,,,,,,,,,,,,,,
2026-08-18T10:36:13.238311,8238,0x46,PUCCH,,,,,,,,,,,,,,,,,,1a,111.7,"1.000,",,,1,,,,,
2026-08-18T10:36:13.238594,8238,0x46,PDSCH,50,7500,4587,6,0,,,,,,,,,,,,,,,,,,,,,,,
2026-08-18T10:36:13.268725,8239,0x46,PUCCH,,,,,,,,,,,,,,,,,,1a,111.7,"1.000,",,,1,,,,,
2026-08-18T10:36:13.268977,8239,0x46,PDSCH,50,7500,4587,6,0,,,,,,,,,,,,,,,,,,,,,,,
2026-08-18T10:36:13.301328,8240,0x46,PUCCH,,,,,,,,,,,,,,,,,,1a,111.8,"1.000,",,,1,,,,,
2026-08-18T10:36:13.301581,8240,0x46,PDSCH,50,7500,4587,6,0,,,,,,,,,,,,,,,,,,,,,,,
2026-08-18T10:36:13.355615,8241,0x46,PUCCH,,,,,,,,,,,,,,,,,,2a,111.8,"1.000,",,,1,,,,,
2026-08-18T10:36:13.355870,8241,0x46,PDSCH,47,6906,4395,6,0,,,,,,,,,,,,,,,,,,,,,,,
2026-08-18T10:36:13.397403,8242,0x46,BSR,,,,,,,,,,,,,,,,,,,,,,,,,0,0,0,0
2026-08-18T10:36:13.397635,8242,0x46,PDSCH,50,7500,4587,6,0,,,,,,,,,,,,,,,,,,,,,,,
2026-08-18T10:36:13.457608,8243,0x46,BSR,,,,,,,,,,,,,,,,,,,,,,,,,0,0,0,0
2026-08-18T10:36:13.457880,8243,0x46,PDSCH,50,7500,4587,6,0,,,,,,,,,,,,,,,,,,,,,,,
2026-08-18T10:36:13.515770,8244,0x46,PUCCH,,,,,,,,,,,,,,,,,,1a,111.7,"1.000,",,,1,,,,,
2026-08-18T10:36:13.516024,8244,0x46,PDSCH,50,7500,4587,6,0,,,,,,,,,,,,,,,,,,,,,,,
2026-08-18T10:36:13.566428,8245,0x46,PUCCH,,,,,,,,,,,,,,,,,,1a,111.8,"1.000,",,,1,,,,,
2026-08-18T10:36:13.566716,8245,0x46,PDSCH,50,7500,4587,6,0,,,,,,,,,,,,,,,,,,,,,,,
2026-08-18T10:36:13.611179,8246,0x46,PUCCH,,,,,,,,,,,,,,,,,,1a,111.8,"1.000,",,,1,,,,,
2026-08-18T10:36:13.611449,8246,0x46,PDSCH,50,7080,4587,6,0,,,,,,,,,,,,,,,,,,,,,,,
2026-08-18T10:36:13.648249,8247,0x46,PUCCH,,,,,,,,,,,,,,,,,,1a,111.7,"1.000,",,,1,,,,,
2026-08-18T10:36:13.648500,8247,0x46,PDSCH,50,7500,4587,6,0,,,,,,,,,,,,,,,,,,,,,,,
2026-08-18T10:36:13.685388,8248,0x46,PUCCH,,,,,,,,,,,,,,,,,,1a,111.7,"1.000,",,,1,,,,,
2026-08-18T10:36:13.685640,8248,0x46,PDSCH,50,7500,4587,6,0,,,,,,,,,,,,,,,,,,,,,,,
2026-08-18T10:36:13.725007,8249,0x46,PUCCH,,,,,,,,,,,,,,,,,,1a,111.7,"1.000,",,,1,,,,,
2026-08-18T10:36:13.725258,8249,0x46,PDSCH,50,7500,4587,6,0,,,,,,,,,,,,,,,,,,,,,,,
2026-08-18T10:36:13.756701,8250,0x46,PUCCH,,,,,,,,,,,,,,,,,,1a,111.8,"1.000,",,,1,,,,,
2026-08-18T10:36:13.757164,8250,0x46,PDSCH,50,7500,4587,6,0,,,,,,,,,,,,,,,,,,,,,,,
2026-08-18T10:36:13.795198,8251,0x46,PDSCH,50,7356,4587,6,0,,,,,,,,,,,,,,,,,,,,,,,
2026-08-18T10:36:13.831556,8252,0x46,PUCCH,,,,,,,,,,,,,,,,,,1a,111.7,"1.000,",,,1,,,,,
2026-08-18T10:36:13.831820,8252,0x46,PDSCH,50,7500,4587,6,0,,,,,,,,,,,,,,,,,,,,,,,
2026-08-18T10:36:13.868168,8253,0x46,PUCCH,,,,,,,,,,,,,,,,,,1a,111.7,"1.000,",,,1,,,,,
2026-08-18T10:36:13.868419,8253,0x46,PDSCH,50,7500,4587,6,0,,,,,,,,,,,,,,,,,,,,,,,
2026-08-18T10:36:13.906865,8254,0x46,PUCCH,,,,,,,,,,,,,,,,,,1a,111.7,"1.000,",,,1,,,,,
2026-08-18T10:36:13.907156,8254,0x46,PDSCH,50,7500,4587,6,0,,,,,,,,,,,,,,,,,,,,,,,
2026-08-18T10:36:13.950555,8255,0x46,PUCCH,,,,,,,,,,,,,,,,,,1a,111.8,"1.000,",,,1,,,,,
2026-08-18T10:36:13.950806,8255,0x46,PDSCH,50,7500,4587,6,0,,,,,,,,,,,,,,,,,,,,,,,
2026-08-18T10:36:14.019853,8256,0x46,PUCCH,,,,,,,,,,,,,,,,,,1a,111.8,"1.000,",,,1,,,,,
2026-08-18T10:36:14.020111,8256,0x46,PDSCH,50,7080,4587,6,0,,,,,,,,,,,,,,,,,,,,,,,
2026-08-18T10:36:14.077729,8257,0x46,PUCCH,,,,,,,,,,,,,,,,,,1a,111.7,"1.000,",,,1,,,,,
2026-08-18T10:36:14.077979,8257,0x46,PDSCH,50,7500,4587,6,0,,,,,,,,,,,,,,,,,,,,,,,
2026-08-18T10:36:14.128492,8258,0x46,PUCCH,,,,,,,,,,,,,,,,,,1a,111.7,"1.000,",,,1,,,,,
2026-08-18T10:36:14.128756,8258,0x46,PDSCH,50,7500,4587,6,0,,,,,,,,,,,,,,,,,,,,,,,
2026-08-18T10:36:14.190668,8259,0x46,PUCCH,,,,,,,,,,,,,,,,,,1a,111.7,"1.000,",,,1,,,,,
2026-08-18T10:36:14.190919,8259,0x46,PDSCH,50,7500,4587,6,0,,,,,,,,,,,,,,,,,,,,,,,
2026-08-18T10:36:14.270929,8260,0x46,PDSCH,50,7500,4587,6,0,,,,,,,,,,,,,,,,,,,,,,,
2026-08-18T10:36:14.337349,8261,0x46,PUCCH,,,,,,,,,,,,,,,,,,1a,111.7,"1.000,",,,1,,,,,
2026-08-18T10:36:14.337636,8261,0x46,PDSCH,47,6906,4395,6,0,,,,,,,,,,,,,,,,,,,,,,,
2026-08-18T10:36:14.379315,8262,0x46,PUCCH,,,,,,,,,,,,,,,,,,1a,111.7,"1.000,",,,1,,,,,
2026-08-18T10:36:14.379582,8262,0x46,PDSCH,50,7500,4587,6,0,,,,,,,,,,,,,,,,,,,,,,,
2026-08-18T10:36:14.421656,8263,0x46,PUCCH,,,,,,,,,,,,,,,,,,1a,111.7,"1.000,",,,1,,,,,
2026-08-18T10:36:14.421906,8263,0x46,PDSCH,50,7500,4587,6,0,,,,,,,,,,,,,,,,,,,,,,,
2026-08-18T10:36:14.466585,8264,0x46,PUCCH,,,,,,,,,,,,,,,,,,1a,111.7,"1.000,",,,1,,,,,
2026-08-18T10:36:14.466875,8264,0x46,PDSCH,50,7500,4587,6,0,,,,,,,,,,,,,,,,,,,,,,,
2026-08-18T10:36:14.506025,8265,0x46,PUCCH,,,,,,,,,,,,,,,,,,1a,111.8,"1.000,",,,1,,,,,
2026-08-18T10:36:14.506276,8265,0x46,PDSCH,50,7500,4587,6,0,,,,,,,,,,,,,,,,,,,,,,,
2026-08-18T10:36:14.544428,8266,0x46,PUCCH,,,,,,,,,,,,,,,,,,1a,111.8,"1.000,",,,1,,,,,
2026-08-18T10:36:14.544710,8266,0x46,PDSCH,50,7080,4587,6,0,,,,,,,,,,,,,,,,,,,,,,,
2026-08-18T10:36:14.576749,8267,0x46,PUCCH,,,,,,,,,,,,,,,,,,1a,111.7,"1.000,",,,1,,,,,
2026-08-18T10:36:14.576999,8267,0x46,PDSCH,50,7500,4587,6,0,,,,,,,,,,,,,,,,,,,,,,,
2026-08-18T10:36:14.619480,8268,0x46,PDSCH,50,7500,4587,6,0,,,,,,,,,,,,,,,,,,,,,,,
2026-08-18T10:36:14.691767,8269,0x46,PDSCH,50,7500,4587,6,0,,,,,,,,,,,,,,,,,,,,,,,
2026-08-18T10:36:14.761243,8270,0x46,PUCCH,,,,,,,,,,,,,,,,,,1a,111.8,"1.000,",,,1,,,,,
2026-08-18T10:36:14.761512,8270,0x46,PDSCH,50,7500,4587,6,0,,,,,,,,,,,,,,,,,,,,,,,
2026-08-18T10:36:14.814710,8271,0x46,PUCCH,,,,,,,,,,,,,,,,,,1a,111.7,"1.000,",,,1,,,,,
2026-08-18T10:36:14.814961,8271,0x46,PDSCH,50,7356,4587,6,0,,,,,,,,,,,,,,,,,,,,,,,
2026-08-18T10:36:14.857129,8272,0x46,PUCCH,,,,,,,,,,,,,,,,,,1a,111.7,"1.000,",,,1,,,,,
2026-08-18T10:36:14.857382,8272,0x46,PDSCH,50,7500,4587,6,0,,,,,,,,,,,,,,,,,,,,,,,
2026-08-18T10:36:14.889815,8273,0x46,PUCCH,,,,,,,,,,,,,,,,,,1a,111.7,"1.000,",,,1,,,,,
2026-08-18T10:36:14.890087,8273,0x46,PDSCH,50,7500,4587,6,0,,,,,,,,,,,,,,,,,,,,,,,
2026-08-18T10:36:14.925027,8274,0x46,PUCCH,,,,,,,,,,,,,,,,,,1a,111.7,"1.000,",,,1,,,,,
2026-08-18T10:36:14.925280,8274,0x46,PDSCH,50,7500,4587,6,0,,,,,,,,,,,,,,,,,,,,,,,
2026-08-18T10:36:14.962300,8275,0x46,PUCCH,,,,,,,,,,,,,,,,,,1a,111.8,"1.000,",,,1,,,,,
2026-08-18T10:36:14.962586,8275,0x46,PDSCH,50,7500,4587,6,0,,,,,,,,,,,,,,,,,,,,,,,
2026-08-18T10:36:14.990843,8276,0x46,PDSCH,50,7080,4587,6,0,,,,,,,,,,,,,,,,,,,,,,,
2026-08-18T10:36:15.022393,8277,0x46,PDSCH,50,7500,4587,6,0,,,,,,,,,,,,,,,,,,,,,,,
2026-08-18T10:36:15.053701,8278,0x46,PDSCH,50,7500,4587,6,0,,,,,,,,,,,,,,,,,,,,,,,
2026-08-18T10:36:15.091505,8279,0x46,PUCCH,,,,,,,,,,,,,,,,,,1a,111.7,"1.000,",,,1,,,,,
2026-08-18T10:36:15.091775,8279,0x46,PDSCH,50,7500,4587,6,0,,,,,,,,,,,,,,,,,,,,,,,
2026-08-18T10:36:15.132844,8280,0x46,PUCCH,,,,,,,,,,,,,,,,,,1a,111.8,"1.000,",,,1,,,,,
2026-08-18T10:36:15.133098,8280,0x46,PDSCH,50,7500,4587,6,0,,,,,,,,,,,,,,,,,,,,,,,
2026-08-18T10:36:15.196347,8281,0x46,PUCCH,,,,,,,,,,,,,,,,,,2a,111.8,"1.000,",,,1,,,,,
2026-08-18T10:36:15.196601,8281,0x46,PDSCH,47,6906,4395,6,0,,,,,,,,,,,,,,,,,,,,,,,
2026-08-18T10:36:15.264077,8282,0x46,PUCCH,,,,,,,,,,,,,,,,,,1a,111.7,"1.000,",,,1,,,,,
2026-08-18T10:36:15.264541,8282,0x46,PDSCH,50,7500,4587,6,0,,,,,,,,,,,,,,,,,,,,,,,
2026-08-18T10:36:15.310217,8283,0x46,PUCCH,,,,,,,,,,,,,,,,,,1a,111.7,"1.000,",,,1,,,,,
2026-08-18T10:36:15.310678,8283,0x46,PDSCH,50,7500,4587,6,0,,,,,,,,,,,,,,,,,,,,,,,
2026-08-18T10:36:15.350202,8284,0x46,PDSCH,50,7500,4587,6,0,,,,,,,,,,,,,,,,,,,,,,,
2026-08-18T10:36:15.384141,8285,0x46,PHR,,,,,,,,,,,,,,,,,,,,,,,,30.0,,,,
2026-08-18T10:36:15.384642,8285,0x46,PDSCH,50,7500,4587,6,0,,,,,,,,,,,,,,,,,,,,,,,
2026-08-18T10:36:15.385291,8286,0x46,PDSCH,50,7080,4587,6,0,,,,,,,,,,,,,,,,,,,,,,,
2026-08-18T10:36:15.462231,8287,0x46,PDSCH,50,7500,4587,6,0,,,,,,,,,,,,,,,,,,,,,,,
2026-08-18T10:36:15.492922,8288,0x46,PUCCH,,,,,,,,,,,,,,,,,,1a,111.7,"1.000,",,,1,,,,,
2026-08-18T10:36:15.493172,8288,0x46,PDSCH,50,7500,4587,6,0,,,,,,,,,,,,,,,,,,,,,,,
2026-08-18T10:36:15.522088,8289,0x46,PUCCH,,,,,,,,,,,,,,,,,,1a,111.7,"1.000,",,,1,,,,,
2026-08-18T10:36:15.522323,8289,0x46,PDSCH,50,7500,4587,6,0,,,,,,,,,,,,,,,,,,,,,,,
2026-08-18T10:36:15.550719,8290,0x46,PUCCH,,,,,,,,,,,,,,,,,,1a,111.8,"1.000,",,,1,,,,,
2026-08-18T10:36:15.550956,8290,0x46,PDSCH,50,7500,4587,6,0,,,,,,,,,,,,,,,,,,,,,,,
2026-08-18T10:36:15.582087,8291,0x46,PUCCH,,,,,,,,,,,,,,,,,,1a,111.7,"1.000,",,,1,,,,,
2026-08-18T10:36:15.582321,8291,0x46,PDSCH,50,7356,4587,6,0,,,,,,,,,,,,,,,,,,,,,,,
2026-08-18T10:36:15.625124,8292,0x46,PDSCH,50,7500,4587,6,0,,,,,,,,,,,,,,,,,,,,,,,
2026-08-18T10:36:15.667018,8293,0x46,PDSCH,50,7500,4587,6,0,,,,,,,,,,,,,,,,,,,,,,,
2026-08-18T10:36:15.702682,8294,0x46,PDSCH,50,7500,4587,6,0,,,,,,,,,,,,,,,,,,,,,,,
2026-08-18T10:36:15.736111,8295,0x46,PDSCH,50,7500,4587,6,0,,,,,,,,,,,,,,,,,,,,,,,
2026-08-18T10:36:15.770541,8296,0x46,PDSCH,50,7080,4587,6,0,,,,,,,,,,,,,,,,,,,,,,,
2026-08-18T10:36:15.799130,8297,0x46,PUCCH,,,,,,,,,,,,,,,,,,1a,111.7,"1.000,",,,1,,,,,
2026-08-18T10:36:15.799478,8297,0x46,PDSCH,50,7500,4587,6,0,,,,,,,,,,,,,,,,,,,,,,,
2026-08-18T10:36:15.829879,8298,0x46,PUCCH,,,,,,,,,,,,,,,,,,1a,111.7,"1.000,",,,1,,,,,
2026-08-18T10:36:15.830111,8298,0x46,PDSCH,50,7500,4587,6,0,,,,,,,,,,,,,,,,,,,,,,,
2026-08-18T10:36:15.861376,8299,0x46,PUCCH,,,,,,,,,,,,,,,,,,1a,111.7,"1.000,",,,1,,,,,
2026-08-18T10:36:15.861712,8299,0x46,PDSCH,50,7500,4587,6,0,,,,,,,,,,,,,,,,,,,,,,,
2026-08-18T10:36:15.890682,8300,0x46,PDSCH,50,7500,4587,6,0,,,,,,,,,,,,,,,,,,,,,,,
2026-08-18T10:36:15.923682,8301,0x46,BSR,,,,,,,,,,,,,,,,,,,,,,,,,0,0,0,0
2026-08-18T10:36:15.923867,8301,0x46,PDSCH,47,6906,4395,6,0,,,,,,,,,,,,,,,,,,,,,,,
2026-08-18T10:36:15.965109,8302,0x46,BSR,,,,,,,,,,,,,,,,,,,,,,,,,0,0,0,0
2026-08-18T10:36:15.965256,8302,0x46,PDSCH,50,7500,4587,6,0,,,,,,,,,,,,,,,,,,,,,,,
2026-08-18T10:36:15.990381,8303,0x46,BSR,,,,,,,,,,,,,,,,,,,,,,,,,0,0,0,0
2026-08-18T10:36:15.990568,8303,0x46,PDSCH,50,7500,4587,6,0,,,,,,,,,,,,,,,,,,,,,,,
2026-08-18T10:36:16.016938,8304,0x46,BSR,,,,,,,,,,,,,,,,,,,,,,,,,0,0,0,0
2026-08-18T10:36:16.017116,8304,0x46,PDSCH,50,7500,4587,6,0,,,,,,,,,,,,,,,,,,,,,,,
2026-08-18T10:36:16.045841,8305,0x46,PUCCH,,,,,,,,,,,,,,,,,,1a,111.8,"1.000,",,,1,,,,,
2026-08-18T10:36:16.046202,8305,0x46,PDSCH,50,7500,4587,6,0,,,,,,,,,,,,,,,,,,,,,,,
2026-08-18T10:36:16.072642,8306,0x46,PUCCH,,,,,,,,,,,,,,,,,,1a,111.8,"1.000,",,,1,,,,,
2026-08-18T10:36:16.072880,8306,0x46,PDSCH,50,7080,4587,6,0,,,,,,,,,,,,,,,,,,,,,,,
2026-08-18T10:36:16.103713,8307,0x46,PUCCH,,,,,,,,,,,,,,,,,,1a,111.7,"1.000,",,,1,,,,,
2026-08-18T10:36:16.104008,8307,0x46,PDSCH,50,7500,4587,6,0,,,,,,,,,,,,,,,,,,,,,,,
2026-08-18T10:36:16.134776,8308,0x46,PUCCH,,,,,,,,,,,,,,,,,,1a,111.7,"1.000,",,,1,,,,,
2026-08-18T10:36:16.135007,8308,0x46,PDSCH,50,7500,4587,6,0,,,,,,,,,,,,,,,,,,,,,,,
2026-08-18T10:36:16.166014,8309,0x46,PUCCH,,,,,,,,,,,,,,,,,,1a,111.7,"1.000,",,,1,,,,,
2026-08-18T10:36:16.166319,8309,0x46,PDSCH,50,7500,4587,6,0,,,,,,,,,,,,,,,,,,,,,,,
2026-08-18T10:36:16.205105,8310,0x46,PUCCH,,,,,,,,,,,,,,,,,,1a,111.8,"1.000,",,,1,,,,,
2026-08-18T10:36:16.205336,8310,0x46,PDSCH,50,7500,4587,6,0,,,,,,,,,,,,,,,,,,,,,,,
2026-08-18T10:36:16.239601,8311,0x46,PUCCH,,,,,,,,,,,,,,,,,,1a,111.7,"1.000,",,,1,,,,,
2026-08-18T10:36:16.239835,8311,0x46,PDSCH,50,7356,4587,6,0,,,,,,,,,,,,,,,,,,,,,,,
2026-08-18T10:36:16.265146,8312,0x46,PUCCH,,,,,,,,,,,,,,,,,,1a,111.7,"1.000,",,,1,,,,,
2026-08-18T10:36:16.265378,8312,0x46,PDSCH,50,7500,4587,6,0,,,,,,,,,,,,,,,,,,,,,,,
2026-08-18T10:36:16.290162,8313,0x46,PUCCH,,,,,,,,,,,,,,,,,,1a,111.7,"1.000,",,,1,,,,,
2026-08-18T10:36:16.290436,8313,0x46,PDSCH,50,7500,4587,6,0,,,,,,,,,,,,,,,,,,,,,,,
2026-08-18T10:36:16.313664,8314,0x46,PUCCH,,,,,,,,,,,,,,,,,,1a,111.7,"1.000,",,,1,,,,,
2026-08-18T10:36:16.313896,8314,0x46,PDSCH,50,7500,4587,6,0,,,,,,,,,,,,,,,,,,,,,,,
2026-08-18T10:36:16.339769,8315,0x46,PUCCH,,,,,,,,,,,,,,,,,,1a,111.8,"1.000,",,,1,,,,,
2026-08-18T10:36:16.340003,8315,0x46,PDSCH,50,7500,4587,6,0,,,,,,,,,,,,,,,,,,,,,,,
2026-08-18T10:36:16.365222,8316,0x46,PUCCH,,,,,,,,,,,,,,,,,,1a,111.8,"1.000,",,,1,,,,,
2026-08-18T10:36:16.365461,8316,0x46,PDSCH,50,7080,4587,6,0,,,,,,,,,,,,,,,,,,,,,,,
2026-08-18T10:36:16.393420,8317,0x46,PUCCH,,,,,,,,,,,,,,,,,,1a,111.7,"1.000,",,,1,,,,,
2026-08-18T10:36:16.393658,8317,0x46,PDSCH,50,7500,4587,6,0,,,,,,,,,,,,,,,,,,,,,,,
2026-08-18T10:36:16.420036,8318,0x46,PUCCH,,,,,,,,,,,,,,,,,,1a,111.7,"1.000,",,,1,,,,,
2026-08-18T10:36:16.420267,8318,0x46,PDSCH,50,7500,4587,6,0,,,,,,,,,,,,,,,,,,,,,,,
2026-08-18T10:36:16.439938,8319,0x46,PUCCH,,,,,,,,,,,,,,,,,,1a,111.7,"1.000,",,,1,,,,,
2026-08-18T10:36:16.440176,8319,0x46,PDSCH,50,7500,4587,6,0,,,,,,,,,,,,,,,,,,,,,,,
2026-08-18T10:36:16.460800,8320,0x46,PUCCH,,,,,,,,,,,,,,,,,,1a,111.8,"1.000,",,,1,,,,,
2026-08-18T10:36:16.461046,8320,0x46,PDSCH,50,7500,4587,6,0,,,,,,,,,,,,,,,,,,,,,,,
2026-08-18T10:36:16.483125,8321,0x46,PUCCH,,,,,,,,,,,,,,,,,,2a,111.8,"1.000,",,,1,,,,,
2026-08-18T10:36:16.483360,8321,0x46,PDSCH,47,6906,4395,6,0,,,,,,,,,,,,,,,,,,,,,,,
2026-08-18T10:36:16.533622,8322,0x46,PUCCH,,,,,,,,,,,,,,,,,,1a,111.7,"1.000,",,,1,,,,,
2026-08-18T10:36:16.533854,8322,0x46,PDSCH,50,7500,4587,6,0,,,,,,,,,,,,,,,,,,,,,,,
2026-08-18T10:36:16.564116,8323,0x46,PUCCH,,,,,,,,,,,,,,,,,,1a,111.7,"1.000,",,,1,,,,,
2026-08-18T10:36:16.564349,8323,0x46,PDSCH,50,7500,4587,6,0,,,,,,,,,,,,,,,,,,,,,,,
2026-08-18T10:36:16.604890,8324,0x46,PUCCH,,,,,,,,,,,,,,,,,,1a,111.7,"1.000,",,,1,,,,,
2026-08-18T10:36:16.605120,8324,0x46,PDSCH,50,7500,4587,6,0,,,,,,,,,,,,,,,,,,,,,,,
2026-08-18T10:36:16.649093,8325,0x46,PUCCH,,,,,,,,,,,,,,,,,,1a,111.8,"1.000,",,,1,,,,,
2026-08-18T10:36:16.649332,8325,0x46,PDSCH,47,7050,4395,6,0,,,,,,,,,,,,,,,,,,,,,,,
2026-08-18T10:36:16.701465,8326,0x46,PUCCH,,,,,,,,,,,,,,,,,,1a,111.8,"1.000,",,,1,,,,,
2026-08-18T10:36:16.701704,8326,0x46,PDSCH,50,7080,4587,6,0,,,,,,,,,,,,,,,,,,,,,,,
2026-08-18T10:36:16.759023,8327,0x46,PUCCH,,,,,,,,,,,,,,,,,,1a,111.7,"1.000,",,,1,,,,,
2026-08-18T10:36:16.759280,8327,0x46,PDSCH,50,7500,4587,6,0,,,,,,,,,,,,,,,,,,,,,,,
2026-08-18T10:36:16.813035,8328,0x46,PDSCH,50,7500,4587,6,0,,,,,,,,,,,,,,,,,,,,,,,
2026-08-18T10:36:16.861207,8329,0x46,PUCCH,,,,,,,,,,,,,,,,,,1a,111.7,"1.000,",,,1,,,,,
2026-08-18T10:36:16.861531,8329,0x46,PDSCH,50,7500,4587,6,0,,,,,,,,,,,,,,,,,,,,,,,
2026-08-18T10:36:16.901795,8330,0x46,PUCCH,,,,,,,,,,,,,,,,,,1a,111.8,"1.000,",,,1,,,,,
2026-08-18T10:36:16.902076,8330,0x46,PDSCH,50,7500,4587,6,0,,,,,,,,,,,,,,,,,,,,,,,
2026-08-18T10:36:16.970142,8331,0x46,PUCCH,,,,,,,,,,,,,,,,,,1a,111.7,"1.000,",,,1,,,,,
2026-08-18T10:36:16.970392,8331,0x46,PDSCH,50,7356,4587,6,0,,,,,,,,,,,,,,,,,,,,,,,
2026-08-18T10:36:17.013474,8332,0x46,PUCCH,,,,,,,,,,,,,,,,,,1a,111.7,"1.000,",,,1,,,,,
2026-08-18T10:36:17.013752,8332,0x46,PDSCH,50,7500,4587,6,0,,,,,,,,,,,,,,,,,,,,,,,
2026-08-18T10:36:17.051845,8333,0x46,PUCCH,,,,,,,,,,,,,,,,,,1a,111.8,"1.000,",,,1,,,,,
2026-08-18T10:36:17.052077,8333,0x46,PDSCH,50,7500,4587,6,0,,,,,,,,,,,,,,,,,,,,,,,
2026-08-18T10:36:17.093028,8334,0x46,PUCCH,,,,,,,,,,,,,,,,,,1a,111.7,"1.000,",,,1,,,,,
2026-08-18T10:36:17.093259,8334,0x46,PDSCH,50,7500,4587,6,0,,,,,,,,,,,,,,,,,,,,,,,
2026-08-18T10:36:17.153215,8335,0x46,PUCCH,,,,,,,,,,,,,,,,,,1a,111.8,"1.000,",,,1,,,,,
2026-08-18T10:36:17.153449,8335,0x46,PDSCH,47,7050,4395,6,0,,,,,,,,,,,,,,,,,,,,,,,
2026-08-18T10:36:17.199022,8336,0x46,PUCCH,,,,,,,,,,,,,,,,,,1a,111.8,"1.000,",,,1,,,,,
2026-08-18T10:36:17.199260,8336,0x46,PDSCH,50,7080,4587,6,0,,,,,,,,,,,,,,,,,,,,,,,
2026-08-18T10:36:17.239273,8337,0x46,PHR,,,,,,,,,,,,,,,,,,,,,,,,30.0,,,,
2026-08-18T10:36:17.239466,8337,0x46,PDSCH,50,7500,4587,6,0,,,,,,,,,,,,,,,,,,,,,,,
2026-08-18T10:36:17.272507,8338,0x46,PDSCH,50,7500,4587,6,0,,,,,,,,,,,,,,,,,,,,,,,
2026-08-18T10:36:17.308912,8339,0x46,PDSCH,50,7500,4587,6,0,,,,,,,,,,,,,,,,,,,,,,,
2026-08-18T10:36:17.339206,8340,0x46,PUCCH,,,,,,,,,,,,,,,,,,1a,111.8,"1.000,",,,1,,,,,
2026-08-18T10:36:17.339466,8340,0x46,PDSCH,50,7500,4587,6,0,,,,,,,,,,,,,,,,,,,,,,,
2026-08-18T10:36:17.367516,8341,0x46,PUCCH,,,,,,,,,,,,,,,,,,1a,111.7,"1.000,",,,1,,,,,
2026-08-18T10:36:17.367883,8341,0x46,PDSCH,47,6906,4395,6,0,,,,,,,,,,,,,,,,,,,,,,,
2026-08-18T10:36:17.395634,8342,0x46,PUCCH,,,,,,,,,,,,,,,,,,1a,111.7,"1.000,",,,1,,,,,
2026-08-18T10:36:17.395865,8342,0x46,PDSCH,50,7500,4587,6,0,,,,,,,,,,,,,,,,,,,,,,,
2026-08-18T10:36:17.426143,8343,0x46,PUCCH,,,,,,,,,,,,,,,,,,1a,111.8,"1.000,",,,1,,,,,
2026-08-18T10:36:17.426481,8343,0x46,PDSCH,50,7500,4587,6,0,,,,,,,,,,,,,,,,,,,,,,,
2026-08-18T10:36:17.457844,8344,0x46,PUCCH,,,,,,,,,,,,,,,,,,1a,111.7,"1.000,",,,1,,,,,
2026-08-18T10:36:17.458081,8344,0x46,PDSCH,50,7500,4587,6,0,,,,,,,,,,,,,,,,,,,,,,,
2026-08-18T10:36:17.508321,8345,0x46,BSR,,,,,,,,,,,,,,,,,,,,,,,,,0,0,0,40
2026-08-18T10:36:17.508486,8345,0x46,PDSCH,50,7500,4587,6,0,,,,,,,,,,,,,,,,,,,,,,,
2026-08-18T10:36:17.539472,8346,0x46,PDSCH,50,7080,4587,6,0,,,,,,,,,,,,,,,,,,,,,,,
2026-08-18T10:36:17.570952,8347,0x46,PDSCH,50,7500,4587,6,0,,,,,,,,,,,,,,,,,,,,,,,
2026-08-18T10:36:17.595175,8348,0x46,PDSCH,50,7500,4587,6,0,,,,,,,,,,,,,,,,,,,,,,,
2026-08-18T10:36:17.619630,8349,0x46,PUCCH,,,,,,,,,,,,,,,,,,1a,111.7,"1.000,",,,1,,,,,
2026-08-18T10:36:17.619879,8349,0x46,PDSCH,50,7500,4587,6,0,,,,,,,,,,,,,,,,,,,,,,,
2026-08-18T10:36:17.645761,8350,0x46,PUCCH,,,,,,,,,,,,,,,,,,1a,111.8,"1.000,",,,1,,,,,
2026-08-18T10:36:17.645994,8350,0x46,PDSCH,50,7500,4587,6,0,,,,,,,,,,,,,,,,,,,,,,,
2026-08-18T10:36:17.672903,8351,0x46,PUCCH,,,,,,,,,,,,,,,,,,1a,111.7,"1.000,",,,1,,,,,
2026-08-18T10:36:17.673136,8351,0x46,PDSCH,50,7356,4587,6,0,,,,,,,,,,,,,,,,,,,,,,,
2026-08-18T10:36:17.702999,8352,0x46,PUCCH,,,,,,,,,,,,,,,,,,1a,111.7,"1.000,",,,1,,,,,
2026-08-18T10:36:17.703230,8352,0x46,PDSCH,50,7500,4587,6,0,,,,,,,,,,,,,,,,,,,,,,,
2026-08-18T10:36:17.735856,8353,0x46,BSR,,,,,,,,,,,,,,,,,,,,,,,,,0,0,0,0
2026-08-18T10:36:17.736039,8353,0x46,PDSCH,50,7500,4587,6,0,,,,,,,,,,,,,,,,,,,,,,,
2026-08-18T10:36:17.778638,8354,0x46,BSR,,,,,,,,,,,,,,,,,,,,,,,,,0,0,0,0
2026-08-18T10:36:17.778828,8354,0x46,PDSCH,50,7500,4587,6,0,,,,,,,,,,,,,,,,,,,,,,,
2026-08-18T10:36:17.820536,8355,0x46,BSR,,,,,,,,,,,,,,,,,,,,,,,,,0,0,0,0
2026-08-18T10:36:17.820784,8355,0x46,PDSCH,50,7500,4587,6,0,,,,,,,,,,,,,,,,,,,,,,,
2026-08-18T10:36:17.850542,8356,0x46,BSR,,,,,,,,,,,,,,,,,,,,,,,,,0,0,0,0
2026-08-18T10:36:17.850807,8356,0x46,PDSCH,50,7080,4587,6,0,,,,,,,,,,,,,,,,,,,,,,,
2026-08-18T10:36:17.880053,8357,0x46,PDSCH,50,7500,4587,6,0,,,,,,,,,,,,,,,,,,,,,,,
2026-08-18T10:36:17.910160,8358,0x46,PUCCH,,,,,,,,,,,,,,,,,,1a,111.7,"1.000,",,,1,,,,,
2026-08-18T10:36:17.910391,8358,0x46,PDSCH,50,7500,4587,6,0,,,,,,,,,,,,,,,,,,,,,,,
2026-08-18T10:36:17.939318,8359,0x46,PUCCH,,,,,,,,,,,,,,,,,,1a,111.7,"1.000,",,,1,,,,,
2026-08-18T10:36:17.939683,8359,0x46,PDSCH,50,7500,4587,6,0,,,,,,,,,,,,,,,,,,,,,,,
2026-08-18T10:36:17.970821,8360,0x46,PUCCH,,,,,,,,,,,,,,,,,,1a,111.8,"1.000,",,,1,,,,,
2026-08-18T10:36:17.971054,8360,0x46,PDSCH,50,7500,4587,6,0,,,,,,,,,,,,,,,,,,,,,,,
2026-08-18T10:36:18.000833,8361,0x46,BSR,,,,,,,,,,,,,,,,,,,,,,,,,0,0,0,0
2026-08-18T10:36:18.001063,8361,0x46,PDSCH,47,6906,4395,6,0,,,,,,,,,,,,,,,,,,,,,,,
2026-08-18T10:36:18.029267,8362,0x46,PUCCH,,,,,,,,,,,,,,,,,,1a,111.7,"1.000,",,,1,,,,,
2026-08-18T10:36:18.029498,8362,0x46,PDSCH,50,7500,4587,6,0,,,,,,,,,,,,,,,,,,,,,,,
2026-08-18T10:36:18.074944,8363,0x46,PUCCH,,,,,,,,,,,,,,,,,,1a,111.7,"1.000,",,,1,,,,,
2026-08-18T10:36:18.075258,8363,0x46,PDSCH,50,7500,4587,6,0,,,,,,,,,,,,,,,,,,,,,,,
2026-08-18T10:36:18.108856,8364,0x46,PUCCH,,,,,,,,,,,,,,,,,,1a,111.7,"1.000,",,,1,,,,,
2026-08-18T10:36:18.109088,8364,0x46,PDSCH,50,7500,4587,6,0,,,,,,,,,,,,,,,,,,,,,,,
2026-08-18T10:36:18.136685,8365,0x46,PUCCH,,,,,,,,,,,,,,,,,,1a,111.8,"1.000,",,,1,,,,,
2026-08-18T10:36:18.136916,8365,0x46,PDSCH,50,7500,4587,6,0,,,,,,,,,,,,,,,,,,,,,,,
2026-08-18T10:36:18.168543,8366,0x46,PUCCH,,,,,,,,,,,,,,,,,,1a,111.8,"1.000,",,,1,,,,,
2026-08-18T10:36:18.168780,8366,0x46,PDSCH,50,7080,4587,6,0,,,,,,,,,,,,,,,,,,,,,,,
2026-08-18T10:36:18.201380,8367,0x46,PUCCH,,,,,,,,,,,,,,,,,,1a,111.7,"1.000,",,,1,,,,,
2026-08-18T10:36:18.201634,8367,0x46,PDSCH,50,7500,4587,6,0,,,,,,,,,,,,,,,,,,,,,,,
2026-08-18T10:36:18.244825,8368,0x46,PUCCH,,,,,,,,,,,,,,,,,,1a,111.7,"1.000,",,,1,,,,,
2026-08-18T10:36:18.245058,8368,0x46,PDSCH,50,7500,4587,6,0,,,,,,,,,,,,,,,,,,,,,,,
2026-08-18T10:36:18.282987,8369,0x46,PDSCH,50,7500,4587,6,0,,,,,,,,,,,,,,,,,,,,,,,
2026-08-18T10:36:18.318394,8370,0x46,PUCCH,,,,,,,,,,,,,,,,,,1a,111.8,"1.000,",,,1,,,,,
2026-08-18T10:36:18.318652,8370,0x46,PDSCH,50,7500,4587,6,0,,,,,,,,,,,,,,,,,,,,,,,
2026-08-18T10:36:18.347507,8371,0x46,PUCCH,,,,,,,,,,,,,,,,,,1a,111.7,"1.000,",,,1,,,,,
2026-08-18T10:36:18.347740,8371,0x46,PDSCH,50,7356,4587,6,0,,,,,,,,,,,,,,,,,,,,,,,
2026-08-18T10:36:18.377718,8372,0x46,PUCCH,,,,,,,,,,,,,,,,,,1a,111.7,"1.000,",,,1,,,,,
2026-08-18T10:36:18.377949,8372,0x46,PDSCH,50,7500,4587,6,0,,,,,,,,,,,,,,,,,,,,,,,
2026-08-18T10:36:18.407008,8373,0x46,PUCCH,,,,,,,,,,,,,,,,,,1a,111.7,"1.000,",,,1,,,,,
2026-08-18T10:36:18.407342,8373,0x46,PDSCH,50,7500,4587,6,0,,,,,,,,,,,,,,,,,,,,,,,
2026-08-18T10:36:18.438169,8374,0x46,PUCCH,,,,,,,,,,,,,,,,,,1a,111.7,"1.000,",,,1,,,,,
2026-08-18T10:36:18.438403,8374,0x46,PDSCH,50,7500,4587,6,0,,,,,,,,,,,,,,,,,,,,,,,
2026-08-18T10:36:18.482136,8375,0x46,PUCCH,,,,,,,,,,,,,,,,,,1a,111.8,"1.000,",,,1,,,,,
2026-08-18T10:36:18.482426,8375,0x46,PDSCH,50,7500,4587,6,0,,,,,,,,,,,,,,,,,,,,,,,
2026-08-18T10:36:18.520560,8376,0x46,PUCCH,,,,,,,,,,,,,,,,,,1a,111.8,"1.000,",,,1,,,,,
2026-08-18T10:36:18.520797,8376,0x46,PDSCH,50,7080,4587,6,0,,,,,,,,,,,,,,,,,,,,,,,
2026-08-18T10:36:18.560073,8377,0x46,PUCCH,,,,,,,,,,,,,,,,,,1a,111.7,"1.000,",,,1,,,,,
2026-08-18T10:36:18.560306,8377,0x46,PDSCH,50,7500,4587,6,0,,,,,,,,,,,,,,,,,,,,,,,
2026-08-18T10:36:18.591831,8378,0x46,PDSCH,50,7500,4587,6,0,,,,,,,,,,,,,,,,,,,,,,,
2026-08-18T10:36:18.622528,8379,0x46,PUCCH,,,,,,,,,,,,,,,,,,1a,111.7,"1.000,",,,1,,,,,
2026-08-18T10:36:18.622780,8379,0x46,PDSCH,50,7500,4587,6,0,,,,,,,,,,,,,,,,,,,,,,,
2026-08-18T10:36:18.652041,8380,0x46,PUCCH,,,,,,,,,,,,,,,,,,1a,111.8,"1.000,",,,1,,,,,
2026-08-18T10:36:18.652274,8380,0x46,PDSCH,50,7500,4587,6,0,,,,,,,,,,,,,,,,,,,,,,,
2026-08-18T10:36:18.678508,8381,0x46,PUCCH,,,,,,,,,,,,,,,,,,1a,111.7,"1.000,",,,1,,,,,
2026-08-18T10:36:18.678746,8381,0x46,PDSCH,47,6906,4395,6,0,,,,,,,,,,,,,,,,,,,,,,,
2026-08-18T10:36:18.706463,8382,0x46,PUCCH,,,,,,,,,,,,,,,,,,1a,111.7,"1.000,",,,1,,,,,
2026-08-18T10:36:18.706694,8382,0x46,PDSCH,50,7500,4587,6,0,,,,,,,,,,,,,,,,,,,,,,,
2026-08-18T10:36:18.735749,8383,0x46,PUCCH,,,,,,,,,,,,,,,,,,1a,111.7,"1.000,",,,1,,,,,
2026-08-18T10:36:18.736093,8383,0x46,PDSCH,50,7500,4587,6,0,,,,,,,,,,,,,,,,,,,,,,,
2026-08-18T10:36:18.765530,8384,0x46,PUCCH,,,,,,,,,,,,,,,,,,1a,111.7,"1.000,",,,1,,,,,
2026-08-18T10:36:18.765784,8384,0x46,PDSCH,50,7500,4587,6,0,,,,,,,,,,,,,,,,,,,,,,,
2026-08-18T10:36:18.797251,8385,0x46,PUCCH,,,,,,,,,,,,,,,,,,1a,111.8,"1.000,",,,1,,,,,
2026-08-18T10:36:18.797593,8385,0x46,PDSCH,50,7500,4587,6,0,,,,,,,,,,,,,,,,,,,,,,,
2026-08-18T10:36:18.839530,8386,0x46,PDSCH,50,7080,4587,6,0,,,,,,,,,,,,,,,,,,,,,,,
2026-08-18T10:36:18.890212,8387,0x46,PHR,,,,,,,,,,,,,,,,,,,,,,,,30.0,,,,
2026-08-18T10:36:18.890492,8387,0x46,PDSCH,50,7500,4587,6,0,,,,,,,,,,,,,,,,,,,,,,,
2026-08-18T10:36:19.019478,8388,0x46,PUCCH,,,,,,,,,,,,,,,,,,1a,111.7,"1.000,",,,1,,,,,
2026-08-18T10:36:19.019723,8388,0x46,PDSCH,50,7500,4587,6,0,,,,,,,,,,,,,,,,,,,,,,,
2026-08-18T10:36:19.092346,8389,0x46,PUCCH,,,,,,,,,,,,,,,,,,1a,111.7,"1.000,",,,1,,,,,
2026-08-18T10:36:19.092579,8389,0x46,PDSCH,50,7500,4587,6,0,,,,,,,,,,,,,,,,,,,,,,,
2026-08-18T10:36:19.147024,8390,0x46,PUCCH,,,,,,,,,,,,,,,,,,1a,111.8,"1.000,",,,1,,,,,
2026-08-18T10:36:19.147256,8390,0x46,PDSCH,50,7500,4587,6,0,,,,,,,,,,,,,,,,,,,,,,,
2026-08-18T10:36:19.195076,8391,0x46,PUCCH,,,,,,,,,,,,,,,,,,1a,111.7,"1.000,",,,1,,,,,
2026-08-18T10:36:19.195309,8391,0x46,PDSCH,50,7356,4587,6,0,,,,,,,,,,,,,,,,,,,,,,,
2026-08-18T10:36:19.235488,8392,0x46,PUCCH,,,,,,,,,,,,,,,,,,1a,111.7,"1.000,",,,1,,,,,
2026-08-18T10:36:19.235719,8392,0x46,PDSCH,50,7500,4587,6,0,,,,,,,,,,,,,,,,,,,,,,,
2026-08-18T10:36:19.278404,8393,0x46,PUCCH,,,,,,,,,,,,,,,,,,1a,111.7,"1.000,",,,1,,,,,
2026-08-18T10:36:19.278644,8393,0x46,PDSCH,50,7500,4587,6,0,,,,,,,,,,,,,,,,,,,,,,,
2026-08-18T10:36:19.318341,8394,0x46,PDSCH,50,7500,4587,6,0,,,,,,,,,,,,,,,,,,,,,,,
2026-08-18T10:36:19.374148,8395,0x46,PDSCH,50,7500,4587,6,0,,,,,,,,,,,,,,,,,,,,,,,
2026-08-18T10:36:19.412293,8396,0x46,PDSCH,50,7080,4587,6,0,,,,,,,,,,,,,,,,,,,,,,,
2026-08-18T10:36:19.453415,8397,0x46,PUCCH,,,,,,,,,,,,,,,,,,1a,111.7,"1.000,",,,1,,,,,
2026-08-18T10:36:19.453653,8397,0x46,PDSCH,50,7500,4587,6,0,,,,,,,,,,,,,,,,,,,,,,,
2026-08-18T10:36:19.493888,8398,0x46,PUCCH,,,,,,,,,,,,,,,,,,1a,111.7,"1.000,",,,1,,,,,
2026-08-18T10:36:19.494119,8398,0x46,PDSCH,50,7500,4587,6,0,,,,,,,,,,,,,,,,,,,,,,,
2026-08-18T10:36:19.553665,8399,0x46,PUCCH,,,,,,,,,,,,,,,,,,1a,111.7,"1.000,",,,1,,,,,
2026-08-18T10:36:19.553949,8399,0x46,PDSCH,50,7500,4587,6,0,,,,,,,,,,,,,,,,,,,,,,,
2026-08-18T10:36:19.605697,8400,0x46,PUCCH,,,,,,,,,,,,,,,,,,1a,111.8,"1.000,",,,1,,,,,
2026-08-18T10:36:19.605929,8400,0x46,PDSCH,50,7500,4587,6,0,,,,,,,,,,,,,,,,,,,,,,,
2026-08-18T10:36:19.640954,8401,0x46,PUCCH,,,,,,,,,,,,,,,,,,2a,111.8,"1.000,",,,1,,,,,
2026-08-18T10:36:19.641191,8401,0x46,PDSCH,47,6906,4395,6,0,,,,,,,,,,,,,,,,,,,,,,,
2026-08-18T10:36:19.679861,8402,0x46,BSR,,,,,,,,,,,,,,,,,,,,,,,,,0,0,0,0
2026-08-18T10:36:19.680102,8402,0x46,PDSCH,50,7500,4587,6,0,,,,,,,,,,,,,,,,,,,,,,,
2026-08-18T10:36:19.717403,8403,0x46,PUCCH,,,,,,,,,,,,,,,,,,1a,111.7,"1.000,",,,1,,,,,
2026-08-18T10:36:19.717636,8403,0x46,PDSCH,50,7500,4587,6,0,,,,,,,,,,,,,,,,,,,,,,,
2026-08-18T10:36:19.746611,8404,0x46,PUCCH,,,,,,,,,,,,,,,,,,1a,111.7,"1.000,",,,1,,,,,
2026-08-18T10:36:19.746843,8404,0x46,PDSCH,50,7500,4587,6,0,,,,,,,,,,,,,,,,,,,,,,,
2026-08-18T10:36:19.776527,8405,0x46,PUCCH,,,,,,,,,,,,,,,,,,1a,111.8,"1.000,",,,1,,,,,
2026-08-18T10:36:19.776878,8405,0x46,PDSCH,50,7500,4587,6,0,,,,,,,,,,,,,,,,,,,,,,,
2026-08-18T10:36:19.806209,8406,0x46,PUCCH,,,,,,,,,,,,,,,,,,1a,111.8,"1.000,",,,1,,,,,
2026-08-18T10:36:19.806500,8406,0x46,PDSCH,50,7080,4587,6,0,,,,,,,,,,,,,,,,,,,,,,,
2026-08-18T10:36:19.835474,8407,0x46,PUCCH,,,,,,,,,,,,,,,,,,1a,111.7,"1.000,",,,1,,,,,
2026-08-18T10:36:19.835820,8407,0x46,PDSCH,50,7500,4587,6,0,,,,,,,,,,,,,,,,,,,,,,,
2026-08-18T10:36:19.864768,8408,0x46,PUCCH,,,,,,,,,,,,,,,,,,1a,111.7,"1.000,",,,1,,,,,
2026-08-18T10:36:19.865039,8408,0x46,PDSCH,50,7500,4587,6,0,,,,,,,,,,,,,,,,,,,,,,,
2026-08-18T10:36:19.909607,8409,0x46,PUCCH,,,,,,,,,,,,,,,,,,1a,111.7,"1.000,",,,1,,,,,
2026-08-18T10:36:19.909954,8409,0x46,PDSCH,50,7500,4587,6,0,,,,,,,,,,,,,,,,,,,,,,,
2026-08-18T10:36:19.954190,8410,0x46,BSR,,,,,,,,,,,,,,,,,,,,,,,,,0,0,0,33
2026-08-18T10:36:19.954360,8410,0x46,PDSCH,50,7500,4587,6,0,,,,,,,,,,,,,,,,,,,,,,,
2026-08-18T10:36:20.035526,8411,0x46,PUCCH,,,,,,,,,,,,,,,,,,1a,111.7,"1.000,",,,1,,,,,
2026-08-18T10:36:20.035887,8411,0x46,PDSCH,50,7356,4587,6,0,,,,,,,,,,,,,,,,,,,,,,,
2026-08-18T10:36:20.090756,8412,0x46,PUCCH,,,,,,,,,,,,,,,,,,1a,111.7,"1.000,",,,1,,,,,
2026-08-18T10:36:20.090988,8412,0x46,PDSCH,50,7500,4587,6,0,,,,,,,,,,,,,,,,,,,,,,,
2026-08-18T10:36:20.139101,8413,0x46,PUCCH,,,,,,,,,,,,,,,,,,1a,111.7,"1.000,",,,1,,,,,
2026-08-18T10:36:20.139333,8413,0x46,PDSCH,50,7500,4587,6,0,,,,,,,,,,,,,,,,,,,,,,,
2026-08-18T10:36:20.180002,8414,0x46,PUCCH,,,,,,,,,,,,,,,,,,1a,111.7,"1.000,",,,1,,,,,
2026-08-18T10:36:20.180234,8414,0x46,PDSCH,50,7500,4587,6,0,,,,,,,,,,,,,,,,,,,,,,,
2026-08-18T10:36:20.221804,8415,0x46,PUCCH,,,,,,,,,,,,,,,,,,1a,111.8,"1.000,",,,1,,,,,
2026-08-18T10:36:20.222038,8415,0x46,PDSCH,50,7500,4587,6,0,,,,,,,,,,,,,,,,,,,,,,,
2026-08-18T10:36:20.266892,8416,0x46,PUCCH,,,,,,,,,,,,,,,,,,1a,111.8,"1.000,",,,1,,,,,
2026-08-18T10:36:20.267129,8416,0x46,PDSCH,50,7080,4587,6,0,,,,,,,,,,,,,,,,,,,,,,,
2026-08-18T10:36:20.317092,8417,0x46,PUCCH,,,,,,,,,,,,,,,,,,1a,111.7,"1.000,",,,1,,,,,
2026-08-18T10:36:20.317325,8417,0x46,PDSCH,50,7500,4587,6,0,,,,,,,,,,,,,,,,,,,,,,,
2026-08-18T10:36:20.361090,8418,0x46,PUCCH,,,,,,,,,,,,,,,,,,1a,111.7,"1.000,",,,1,,,,,
2026-08-18T10:36:20.361323,8418,0x46,PDSCH,50,7500,4587,6,0,,,,,,,,,,,,,,,,,,,,,,,
2026-08-18T10:36:20.395275,8419,0x46,BSR,,,,,,,,,,,,,,,,,,,,,,,,,0,0,0,38
2026-08-18T10:36:20.395517,8419,0x46,PDSCH,50,7500,4587,6,0,,,,,,,,,,,,,,,,,,,,,,,
2026-08-18T10:36:20.431680,8420,0x46,PUCCH,,,,,,,,,,,,,,,,,,1a,111.8,"1.000,",,,1,,,,,
2026-08-18T10:36:20.431954,8420,0x46,PDSCH,50,7500,4587,6,0,,,,,,,,,,,,,,,,,,,,,,,
2026-08-18T10:36:20.460337,8421,0x46,PUCCH,,,,,,,,,,,,,,,,,,1a,111.7,"1.000,",,,1,,,,,
2026-08-18T10:36:20.460572,8421,0x46,PDSCH,47,6906,4395,6,0,,,,,,,,,,,,,,,,,,,,,,,
2026-08-18T10:36:20.492333,8422,0x46,PUCCH,,,,,,,,,,,,,,,,,,1a,111.7,"1.000,",,,1,,,,,
2026-08-18T10:36:20.492564,8422,0x46,PDSCH,50,7500,4587,6,0,,,,,,,,,,,,,,,,,,,,,,,
2026-08-18T10:36:20.524713,8423,0x46,PUCCH,,,,,,,,,,,,,,,,,,1a,111.7,"1.000,",,,1,,,,,
2026-08-18T10:36:20.524944,8423,0x46,PDSCH,50,7500,4587,6,0,,,,,,,,,,,,,,,,,,,,,,,
2026-08-18T10:36:20.554942,8424,0x46,PUCCH,,,,,,,,,,,,,,,,,,1a,111.7,"1.000,",,,1,,,,,
2026-08-18T10:36:20.555174,8424,0x46,PDSCH,50,7500,4587,6,0,,,,,,,,,,,,,,,,,,,,,,,
2026-08-18T10:36:20.615379,8425,0x46,PUCCH,,,,,,,,,,,,,,,,,,1a,111.8,"1.000,",,,1,,,,,
2026-08-18T10:36:20.615623,8425,0x46,PDSCH,50,7500,4587,6,0,,,,,,,,,,,,,,,,,,,,,,,
2026-08-18T10:36:20.666269,8426,0x46,PUCCH,,,,,,,,,,,,,,,,,,1a,111.8,"1.000,",,,1,,,,,
2026-08-18T10:36:20.666506,8426,0x46,PDSCH,50,7080,4587,6,0,,,,,,,,,,,,,,,,,,,,,,,
2026-08-18T10:36:20.720171,8427,0x46,PDSCH,50,7500,4587,6,0,,,,,,,,,,,,,,,,,,,,,,,
2026-08-18T10:36:20.785335,8428,0x46,PDSCH,50,7500,4587,6,0,,,,,,,,,,,,,,,,,,,,,,,
2026-08-18T10:36:20.857504,8429,0x46,PUCCH,,,,,,,,,,,,,,,,,,1a,111.7,"1.000,",,,1,,,,,
2026-08-18T10:36:20.857780,8429,0x46,PDSCH,50,7500,4587,6,0,,,,,,,,,,,,,,,,,,,,,,,
2026-08-18T10:36:20.921951,8430,0x46,PUCCH,,,,,,,,,,,,,,,,,,1a,111.7,"1.000,",,,1,,,,,
2026-08-18T10:36:20.922184,8430,0x46,PDSCH,50,7500,4587,6,0,,,,,,,,,,,,,,,,,,,,,,,
2026-08-18T10:36:20.970639,8431,0x46,PUCCH,,,,,,,,,,,,,,,,,,1a,111.7,"1.000,",,,1,,,,,
2026-08-18T10:36:20.970873,8431,0x46,PDSCH,50,7356,4587,6,0,,,,,,,,,,,,,,,,,,,,,,,
2026-08-18T10:36:21.014213,8432,0x46,PUCCH,,,,,,,,,,,,,,,,,,1a,111.7,"1.000,",,,1,,,,,
2026-08-18T10:36:21.014444,8432,0x46,PDSCH,50,7500,4587,6,0,,,,,,,,,,,,,,,,,,,,,,,
2026-08-18T10:36:21.047794,8433,0x46,PUCCH,,,,,,,,,,,,,,,,,,1a,111.7,"1.000,",,,1,,,,,
2026-08-18T10:36:21.048027,8433,0x46,PDSCH,50,7500,4587,6,0,,,,,,,,,,,,,,,,,,,,,,,
2026-08-18T10:36:21.081183,8434,0x46,PUCCH,,,,,,,,,,,,,,,,,,1a,111.7,"1.000,",,,1,,,,,
2026-08-18T10:36:21.081464,8434,0x46,PDSCH,50,7500,4587,6,0,,,,,,,,,,,,,,,,,,,,,,,
2026-08-18T10:36:21.108673,8435,0x46,PDSCH,50,7500,4587,6,0,,,,,,,,,,,,,,,,,,,,,,,
2026-08-18T10:36:21.138805,8436,0x46,BSR,,,,,,,,,,,,,,,,,,,,,,,,,0,0,0,0
2026-08-18T10:36:21.138995,8436,0x46,PDSCH,50,7080,4587,6,0,,,,,,,,,,,,,,,,,,,,,,,
2026-08-18T10:36:21.170372,8437,0x46,PDSCH,50,7500,4587,6,0,,,,,,,,,,,,,,,,,,,,,,,
2026-08-18T10:36:21.223649,8438,0x46,PUCCH,,,,,,,,,,,,,,,,,,1a,111.7,"1.000,",,,1,,,,,
2026-08-18T10:36:21.223881,8438,0x46,PDSCH,50,7500,4587,6,0,,,,,,,,,,,,,,,,,,,,,,,
2026-08-18T10:36:21.275878,8439,0x46,PUCCH,,,,,,,,,,,,,,,,,,1a,111.7,"1.000,",,,1,,,,,
2026-08-18T10:36:21.276110,8439,0x46,PDSCH,50,7500,4587,6,0,,,,,,,,,,,,,,,,,,,,,,,
2026-08-18T10:36:21.321957,8440,0x46,PUCCH,,,,,,,,,,,,,,,,,,1a,111.8,"1.000,",,,1,,,,,
2026-08-18T10:36:21.322190,8440,0x46,PDSCH,50,7500,4587,6,0,,,,,,,,,,,,,,,,,,,,,,,
2026-08-18T10:36:21.356725,8441,0x46,PUCCH,,,,,,,,,,,,,,,,,,2a,111.8,"1.000,",,,1,,,,,
2026-08-18T10:36:21.356963,8441,0x46,PDSCH,47,6906,4395,6,0,,,,,,,,,,,,,,,,,,,,,,,
2026-08-18T10:36:21.389640,8442,0x46,PUCCH,,,,,,,,,,,,,,,,,,1a,111.7,"1.000,",,,1,,,,,
2026-08-18T10:36:21.389920,8442,0x46,PDSCH,50,7500,4587,6,0,,,,,,,,,,,,,,,,,,,,,,,
2026-08-18T10:36:21.424523,8443,0x46,BSR,,,,,,,,,,,,,,,,,,,,,,,,,0,0,0,0
2026-08-18T10:36:21.424739,8443,0x46,PDSCH,50,7500,4587,6,0,,,,,,,,,,,,,,,,,,,,,,,
2026-08-18T10:36:21.459955,8444,0x46,BSR,,,,,,,,,,,,,,,,,,,,,,,,,0,0,0,0
2026-08-18T10:36:21.460123,8444,0x46,PDSCH,50,7500,4587,6,0,,,,,,,,,,,,,,,,,,,,,,,
2026-08-18T10:36:21.489207,8445,0x46,PUCCH,,,,,,,,,,,,,,,,,,1a,111.8,"1.000,",,,1,,,,,
2026-08-18T10:36:21.489475,8445,0x46,PDSCH,50,7500,4587,6,0,,,,,,,,,,,,,,,,,,,,,,,
2026-08-18T10:36:21.520733,8446,0x46,PUCCH,,,,,,,,,,,,,,,,,,1a,111.8,"1.000,",,,1,,,,,
2026-08-18T10:36:21.520971,8446,0x46,PDSCH,50,7080,4587,6,0,,,,,,,,,,,,,,,,,,,,,,,
2026-08-18T10:36:21.553116,8447,0x46,PUCCH,,,,,,,,,,,,,,,,,,1a,111.7,"1.000,",,,1,,,,,
2026-08-18T10:36:21.553350,8447,0x46,PDSCH,50,7500,4587,6,0,,,,,,,,,,,,,,,,,,,,,,,
2026-08-18T10:36:21.596599,8448,0x46,PUCCH,,,,,,,,,,,,,,,,,,1a,111.7,"1.000,",,,1,,,,,
2026-08-18T10:36:21.596835,8448,0x46,PDSCH,50,7500,4587,6,0,,,,,,,,,,,,,,,,,,,,,,,
2026-08-18T10:36:21.656222,8449,0x46,PUCCH,,,,,,,,,,,,,,,,,,1a,111.7,"1.000,",,,1,,,,,
2026-08-18T10:36:21.656455,8449,0x46,PDSCH,50,7500,4587,6,0,,,,,,,,,,,,,,,,,,,,,,,
2026-08-18T10:36:21.701604,8450,0x46,PUCCH,,,,,,,,,,,,,,,,,,1a,111.8,"1.000,",,,1,,,,,
2026-08-18T10:36:21.701837,8450,0x46,PDSCH,50,7500,4587,6,0,,,,,,,,,,,,,,,,,,,,,,,
2026-08-18T10:36:21.742028,8451,0x46,PUCCH,,,,,,,,,,,,,,,,,,1a,111.7,"1.000,",,,1,,,,,
2026-08-18T10:36:21.742262,8451,0x46,PDSCH,50,7356,4587,6,0,,,,,,,,,,,,,,,,,,,,,,,
2026-08-18T10:36:21.796110,8452,0x46,PDSCH,50,7500,4587,6,0,,,,,,,,,,,,,,,,,,,,,,,
2026-08-18T10:36:21.848432,8453,0x46,PUCCH,,,,,,,,,,,,,,,,,,1a,111.7,"1.000,",,,1,,,,,
2026-08-18T10:36:21.848678,8453,0x46,PDSCH,50,7500,4587,6,0,,,,,,,,,,,,,,,,,,,,,,,
2026-08-18T10:36:21.891997,8454,0x46,PUCCH,,,,,,,,,,,,,,,,,,1a,111.7,"1.000,",,,1,,,,,
2026-08-18T10:36:21.892236,8454,0x46,PDSCH,50,7500,4587,6,0,,,,,,,,,,,,,,,,,,,,,,,
2026-08-18T10:36:21.928768,8455,0x46,PUCCH,,,,,,,,,,,,,,,,,,1a,111.8,"1.000,",,,1,,,,,
2026-08-18T10:36:21.929004,8455,0x46,PDSCH,50,7500,4587,6,0,,,,,,,,,,,,,,,,,,,,,,,
2026-08-18T10:36:21.964175,8456,0x46,PUCCH,,,,,,,,,,,,,,,,,,1a,111.8,"1.000,",,,1,,,,,
2026-08-18T10:36:21.964413,8456,0x46,PDSCH,50,7080,4587,6,0,,,,,,,,,,,,,,,,,,,,,,,
2026-08-18T10:36:22.001116,8457,0x46,PUCCH,,,,,,,,,,,,,,,,,,1a,111.7,"1.000,",,,1,,,,,
2026-08-18T10:36:22.001348,8457,0x46,PDSCH,50,7500,4587,6,0,,,,,,,,,,,,,,,,,,,,,,,
2026-08-18T10:36:22.032616,8458,0x46,PUCCH,,,,,,,,,,,,,,,,,,1a,111.7,"1.000,",,,1,,,,,
2026-08-18T10:36:22.032855,8458,0x46,PDSCH,50,7500,4587,6,0,,,,,,,,,,,,,,,,,,,,,,,
2026-08-18T10:36:22.063157,8459,0x46,PUCCH,,,,,,,,,,,,,,,,,,1a,111.7,"1.000,",,,1,,,,,
2026-08-18T10:36:22.063390,8459,0x46,PDSCH,50,7500,4587,6,0,,,,,,,,,,,,,,,,,,,,,,,
2026-08-18T10:36:22.093989,8460,0x46,PUCCH,,,,,,,,,,,,,,,,,,1a,111.8,"1.000,",,,1,,,,,
2026-08-18T10:36:22.094221,8460,0x46,PDSCH,50,7500,4587,6,0,,,,,,,,,,,,,,,,,,,,,,,
2026-08-18T10:36:22.136738,8461,0x46,PDSCH,47,6906,4395,6,0,,,,,,,,,,,,,,,,,,,,,,,
2026-08-18T10:36:22.177220,8462,0x46,PUCCH,,,,,,,,,,,,,,,,,,1a,111.7,"1.000,",,,1,,,,,
2026-08-18T10:36:22.177470,8462,0x46,PDSCH,50,7500,4587,6,0,,,,,,,,,,,,,,,,,,,,,,,
2026-08-18T10:36:22.216304,8463,0x46,PUCCH,,,,,,,,,,,,,,,,,,1a,111.7,"1.000,",,,1,,,,,
2026-08-18T10:36:22.216521,8463,0x46,PDSCH,50,7500,4587,6,0,,,,,,,,,,,,,,,,,,,,,,,
2026-08-18T10:36:22.484807,8464,0x46,PUCCH,,,,,,,,,,,,,,,,,,1a,111.7,"1.000,",,,1,,,,,
2026-08-18T10:36:22.485035,8464,0x46,PDSCH,50,7500,4587,6,0,,,,,,,,,,,,,,,,,,,,,,,
2026-08-18T10:36:22.548685,8465,0x46,PUCCH,,,,,,,,,,,,,,,,,,1a,111.8,"1.000,",,,1,,,,,
2026-08-18T10:36:22.548911,8465,0x46,PDSCH,50,7500,4587,6,0,,,,,,,,,,,,,,,,,,,,,,,
2026-08-18T10:36:22.589840,8466,0x46,PUCCH,,,,,,,,,,,,,,,,,,1a,111.8,"1.000,",,,1,,,,,
2026-08-18T10:36:22.590084,8466,0x46,PDSCH,50,7080,4587,6,0,,,,,,,,,,,,,,,,,,,,,,,
2026-08-18T10:36:22.655208,8467,0x46,PUCCH,,,,,,,,,,,,,,,,,,1a,111.7,"1.000,",,,1,,,,,
2026-08-18T10:36:22.655477,8467,0x46,PDSCH,50,7500,4587,6,0,,,,,,,,,,,,,,,,,,,,,,,
2026-08-18T10:36:22.727975,8468,0x46,PUCCH,,,,,,,,,,,,,,,,,,1a,111.7,"1.000,",,,1,,,,,
2026-08-18T10:36:22.728190,8468,0x46,PDSCH,50,7500,4587,6,0,,,,,,,,,,,,,,,,,,,,,,,
2026-08-18T10:36:22.778388,8469,0x46,PDSCH,50,7500,4587,6,0,,,,,,,,,,,,,,,,,,,,,,,
2026-08-18T10:36:22.825664,8470,0x46,PDSCH,50,7500,4587,6,0,,,,,,,,,,,,,,,,,,,,,,,
2026-08-18T10:36:22.865219,8471,0x46,PUCCH,,,,,,,,,,,,,,,,,,1a,111.7,"1.000,",,,1,,,,,
2026-08-18T10:36:22.865508,8471,0x46,PDSCH,50,7356,4587,6,0,,,,,,,,,,,,,,,,,,,,,,,
2026-08-18T10:36:22.908175,8472,0x46,PUCCH,,,,,,,,,,,,,,,,,,1a,111.7,"1.000,",,,1,,,,,
2026-08-18T10:36:22.908427,8472,0x46,PDSCH,50,7500,4587,6,0,,,,,,,,,,,,,,,,,,,,,,,
2026-08-18T10:36:22.961973,8473,0x46,PUCCH,,,,,,,,,,,,,,,,,,1a,111.7,"1.000,",,,1,,,,,
2026-08-18T10:36:22.962217,8473,0x46,PDSCH,50,7500,4587,6,0,,,,,,,,,,,,,,,,,,,,,,,
2026-08-18T10:36:23.022597,8474,0x46,PUCCH,,,,,,,,,,,,,,,,,,1a,111.7,"1.000,",,,1,,,,,
2026-08-18T10:36:23.022835,8474,0x46,PDSCH,50,7500,4587,6,0,,,,,,,,,,,,,,,,,,,,,,,
2026-08-18T10:36:23.072860,8475,0x46,PUCCH,,,,,,,,,,,,,,,,,,1a,111.8,"1.000,",,,1,,,,,
2026-08-18T10:36:23.073146,8475,0x46,PDSCH,50,7500,4587,6,0,,,,,,,,,,,,,,,,,,,,,,,
2026-08-18T10:36:23.114808,8476,0x46,PUCCH,,,,,,,,,,,,,,,,,,1a,111.8,"1.000,",,,1,,,,,
2026-08-18T10:36:23.115067,8476,0x46,PDSCH,50,7080,4587,6,0,,,,,,,,,,,,,,,,,,,,,,,
2026-08-18T10:36:23.149854,8477,0x46,PDSCH,50,7500,4587,6,0,,,,,,,,,,,,,,,,,,,,,,,
2026-08-18T10:36:23.182610,8478,0x46,BSR,,,,,,,,,,,,,,,,,,,,,,,,,0,0,0,35
2026-08-18T10:36:23.182922,8478,0x46,PDSCH,50,7500,4587,6,0,,,,,,,,,,,,,,,,,,,,,,,
2026-08-18T10:36:23.218288,8479,0x46,PDSCH,50,7500,4587,6,0,,,,,,,,,,,,,,,,,,,,,,,
2026-08-18T10:36:23.245840,8480,0x46,PUCCH,,,,,,,,,,,,,,,,,,1a,111.8,"1.000,",,,1,,,,,
2026-08-18T10:36:23.246107,8480,0x46,PDSCH,50,7500,4587,6,0,,,,,,,,,,,,,,,,,,,,,,,
2026-08-18T10:36:23.273960,8481,0x46,PUCCH,,,,,,,,,,,,,,,,,,2a,111.8,"1.000,",,,1,,,,,
2026-08-18T10:36:23.274296,8481,0x46,PDSCH,47,6906,4395,6,0,,,,,,,,,,,,,,,,,,,,,,,
2026-08-18T10:36:23.303550,8482,0x46,PUCCH,,,,,,,,,,,,,,,,,,1a,111.7,"1.000,",,,1,,,,,
2026-08-18T10:36:23.303828,8482,0x46,PDSCH,50,7500,4587,6,0,,,,,,,,,,,,,,,,,,,,,,,
2026-08-18T10:36:23.334495,8483,0x46,PUCCH,,,,,,,,,,,,,,,,,,1a,111.7,"1.000,",,,1,,,,,
2026-08-18T10:36:23.334786,8483,0x46,PDSCH,50,7500,4587,6,0,,,,,,,,,,,,,,,,,,,,,,,
2026-08-18T10:36:23.367124,8484,0x46,PUCCH,,,,,,,,,,,,,,,,,,1a,111.7,"1.000,",,,1,,,,,
2026-08-18T10:36:23.367443,8484,0x46,PDSCH,50,7500,4587,6,0,,,,,,,,,,,,,,,,,,,,,,,
2026-08-18T10:36:23.420167,8485,0x46,PDSCH,47,7050,4395,6,0,,,,,,,,,,,,,,,,,,,,,,,
2026-08-18T10:36:23.471158,8486,0x46,PDSCH,50,7080,4587,6,0,,,,,,,,,,,,,,,,,,,,,,,
2026-08-18T10:36:23.515991,8487,0x46,PHR,,,,,,,,,,,,,,,,,,,,,,,,30.0,,,,
2026-08-18T10:36:23.516188,8487,0x46,PDSCH,50,7500,4587,6,0,,,,,,,,,,,,,,,,,,,,,,,
2026-08-18T10:36:23.552830,8488,0x46,PDSCH,50,7500,4587,6,0,,,,,,,,,,,,,,,,,,,,,,,
2026-08-18T10:36:23.590868,8489,0x46,PUCCH,,,,,,,,,,,,,,,,,,1a,111.7,"1.000,",,,1,,,,,
2026-08-18T10:36:23.591176,8489,0x46,PDSCH,50,7500,4587,6,0,,,,,,,,,,,,,,,,,,,,,,,
2026-08-18T10:36:23.627147,8490,0x46,PUCCH,,,,,,,,,,,,,,,,,,1a,111.8,"1.000,",,,1,,,,,
2026-08-18T10:36:23.627398,8490,0x46,PDSCH,50,7500,4587,6,0,,,,,,,,,,,,,,,,,,,,,,,
2026-08-18T10:36:23.659624,8491,0x46,PUCCH,,,,,,,,,,,,,,,,,,1a,111.7,"1.000,",,,1,,,,,
2026-08-18T10:36:23.659868,8491,0x46,PDSCH,50,7356,4587,6,0,,,,,,,,,,,,,,,,,,,,,,,
2026-08-18T10:36:23.693522,8492,0x46,PUCCH,,,,,,,,,,,,,,,,,,1a,111.7,"1.000,",,,1,,,,,
2026-08-18T10:36:23.693771,8492,0x46,PDSCH,50,7500,4587,6,0,,,,,,,,,,,,,,,,,,,,,,,
2026-08-18T10:36:23.747683,8493,0x46,PDSCH,50,7500,4587,6,0,,,,,,,,,,,,,,,,,,,,,,,
2026-08-18T10:36:23.800652,8494,0x46,BSR,,,,,,,,,,,,,,,,,,,,,,,,,0,0,0,0
2026-08-18T10:36:23.800865,8494,0x46,PDSCH,50,7500,4587,6,0,,,,,,,,,,,,,,,,,,,,,,,
2026-08-18T10:36:23.843944,8495,0x46,BSR,,,,,,,,,,,,,,,,,,,,,,,,,0,0,0,0
2026-08-18T10:36:23.844187,8495,0x46,PDSCH,47,7050,4395,6,0,,,,,,,,,,,,,,,,,,,,,,,
2026-08-18T10:36:23.880233,8496,0x46,BSR,,,,,,,,,,,,,,,,,,,,,,,,,0,0,0,0
2026-08-18T10:36:23.880443,8496,0x46,PDSCH,50,7080,4587,6,0,,,,,,,,,,,,,,,,,,,,,,,
2026-08-18T10:36:23.915614,8497,0x46,BSR,,,,,,,,,,,,,,,,,,,,,,,,,0,0,0,0
2026-08-18T10:36:23.915871,8497,0x46,PDSCH,50,7500,4587,6,0,,,,,,,,,,,,,,,,,,,,,,,
2026-08-18T10:36:23.950438,8498,0x46,PUCCH,,,,,,,,,,,,,,,,,,1a,111.7,"1.000,",,,1,,,,,
2026-08-18T10:36:23.950686,8498,0x46,PDSCH,50,7500,4587,6,0,,,,,,,,,,,,,,,,,,,,,,,
2026-08-18T10:36:23.979682,8499,0x46,PUCCH,,,,,,,,,,,,,,,,,,1a,111.7,"1.000,",,,1,,,,,
2026-08-18T10:36:23.980042,8499,0x46,PDSCH,50,7500,4587,6,0,,,,,,,,,,,,,,,,,,,,,,,
2026-08-18T10:36:24.009804,8500,0x46,PUCCH,,,,,,,,,,,,,,,,,,1a,111.8,"1.000,",,,1,,,,,
2026-08-18T10:36:24.010093,8500,0x46,PDSCH,50,7500,4587,6,0,,,,,,,,,,,,,,,,,,,,,,,
2026-08-18T10:36:24.043079,8501,0x46,PDSCH,47,6906,4395,6,0,,,,,,,,,,,,,,,,,,,,,,,
2026-08-18T10:36:24.087298,8502,0x46,BSR,,,,,,,,,,,,,,,,,,,,,,,,,0,0,0,0
2026-08-18T10:36:24.087556,8502,0x46,PDSCH,50,7500,4587,6,0,,,,,,,,,,,,,,,,,,,,,,,
2026-08-18T10:36:24.129168,8503,0x46,PUCCH,,,,,,,,,,,,,,,,,,1a,111.8,"1.000,",,,1,,,,,
2026-08-18T10:36:24.129410,8503,0x46,PDSCH,50,7500,4587,6,0,,,,,,,,,,,,,,,,,,,,,,,
2026-08-18T10:36:24.171543,8504,0x46,PUCCH,,,,,,,,,,,,,,,,,,1a,111.7,"1.000,",,,1,,,,,
2026-08-18T10:36:24.171794,8504,0x46,PDSCH,50,7500,4587,6,0,,,,,,,,,,,,,,,,,,,,,,,
2026-08-18T10:36:24.210701,8505,0x46,PUCCH,,,,,,,,,,,,,,,,,,1a,111.8,"1.000,",,,1,,,,,
2026-08-18T10:36:24.210940,8505,0x46,PDSCH,50,7500,4587,6,0,,,,,,,,,,,,,,,,,,,,,,,
2026-08-18T10:36:24.282643,8506,0x46,PUCCH,,,,,,,,,,,,,,,,,,1a,111.8,"1.000,",,,1,,,,,
2026-08-18T10:36:24.282887,8506,0x46,PDSCH,50,7080,4587,6,0,,,,,,,,,,,,,,,,,,,,,,,
2026-08-18T10:36:24.328510,8507,0x46,PUCCH,,,,,,,,,,,,,,,,,,1a,111.7,"1.000,",,,1,,,,,
2026-08-18T10:36:24.328748,8507,0x46,PDSCH,50,7500,4587,6,0,,,,,,,,,,,,,,,,,,,,,,,
2026-08-18T10:36:24.372284,8508,0x46,PUCCH,,,,,,,,,,,,,,,,,,1a,111.7,"1.000,",,,1,,,,,
2026-08-18T10:36:24.372531,8508,0x46,PDSCH,50,7500,4587,6,0,,,,,,,,,,,,,,,,,,,,,,,
2026-08-18T10:36:24.409484,8509,0x46,PUCCH,,,,,,,,,,,,,,,,,,1a,111.7,"1.000,",,,1,,,,,
2026-08-18T10:36:24.409730,8509,0x46,PDSCH,50,7500,4587,6,0,,,,,,,,,,,,,,,,,,,,,,,
2026-08-18T10:36:24.446647,8510,0x46,PDSCH,50,7500,4587,6,0,,,,,,,,,,,,,,,,,,,,,,,
2026-08-18T10:36:24.479859,8511,0x46,PUCCH,,,,,,,,,,,,,,,,,,1a,111.7,"1.000,",,,1,,,,,
2026-08-18T10:36:24.480110,8511,0x46,PDSCH,50,7356,4587,6,0,,,,,,,,,,,,,,,,,,,,,,,
2026-08-18T10:36:24.514079,8512,0x46,PUCCH,,,,,,,,,,,,,,,,,,1a,111.7,"1.000,",,,1,,,,,
2026-08-18T10:36:24.514329,8512,0x46,PDSCH,50,7500,4587,6,0,,,,,,,,,,,,,,,,,,,,,,,
2026-08-18T10:36:24.542057,8513,0x46,PUCCH,,,,,,,,,,,,,,,,,,1a,111.7,"1.000,",,,1,,,,,
2026-08-18T10:36:24.542299,8513,0x46,PDSCH,50,7500,4587,6,0,,,,,,,,,,,,,,,,,,,,,,,
2026-08-18T10:36:24.572578,8514,0x46,PUCCH,,,,,,,,,,,,,,,,,,1a,111.7,"1.000,",,,1,,,,,
2026-08-18T10:36:24.572826,8514,0x46,PDSCH,50,7500,4587,6,0,,,,,,,,,,,,,,,,,,,,,,,
2026-08-18T10:36:24.604501,8515,0x46,PUCCH,,,,,,,,,,,,,,,,,,1a,111.8,"1.000,",,,1,,,,,
2026-08-18T10:36:24.604744,8515,0x46,PDSCH,50,7500,4587,6,0,,,,,,,,,,,,,,,,,,,,,,,
2026-08-18T10:36:24.646509,8516,0x46,PUCCH,,,,,,,,,,,,,,,,,,1a,111.8,"1.000,",,,1,,,,,
2026-08-18T10:36:24.646763,8516,0x46,PDSCH,50,7080,4587,6,0,,,,,,,,,,,,,,,,,,,,,,,
2026-08-18T10:36:24.704548,8517,0x46,PUCCH,,,,,,,,,,,,,,,,,,1a,111.7,"1.000,",,,1,,,,,
2026-08-18T10:36:24.704788,8517,0x46,PDSCH,50,7500,4587,6,0,,,,,,,,,,,,,,,,,,,,,,,
2026-08-18T10:36:24.751940,8518,0x46,PUCCH,,,,,,,,,,,,,,,,,,1a,111.7,"1.000,",,,1,,,,,
2026-08-18T10:36:24.752212,8518,0x46,PDSCH,50,7500,4587,6,0,,,,,,,,,,,,,,,,,,,,,,,
2026-08-18T10:36:24.792197,8519,0x46,PDSCH,50,7500,4587,6,0,,,,,,,,,,,,,,,,,,,,,,,
2026-08-18T10:36:24.832176,8520,0x46,PUCCH,,,,,,,,,,,,,,,,,,1a,111.8,"1.000,",,,1,,,,,
2026-08-18T10:36:24.832438,8520,0x46,PDSCH,50,7500,4587,6,0,,,,,,,,,,,,,,,,,,,,,,,
2026-08-18T10:36:25.108920,8521,0x46,PUCCH,,,,,,,,,,,,,,,,,,2a,111.8,"1.000,",,,1,,,,,
2026-08-18T10:36:25.109212,8521,0x46,PDSCH,47,6906,4395,6,0,,,,,,,,,,,,,,,,,,,,,,,
2026-08-18T10:36:25.163213,8522,0x46,PUCCH,,,,,,,,,,,,,,,,,,1a,111.7,"1.000,",,,1,,,,,
2026-08-18T10:36:25.163470,8522,0x46,PDSCH,50,7500,4587,6,0,,,,,,,,,,,,,,,,,,,,,,,
2026-08-18T10:36:25.218167,8523,0x46,PUCCH,,,,,,,,,,,,,,,,,,1a,111.7,"1.000,",,,1,,,,,
2026-08-18T10:36:25.218408,8523,0x46,PDSCH,50,7500,4587,6,0,,,,,,,,,,,,,,,,,,,,,,,
2026-08-18T10:36:25.270581,8524,0x46,PUCCH,,,,,,,,,,,,,,,,,,1a,111.7,"1.000,",,,1,,,,,
2026-08-18T10:36:25.270819,8524,0x46,PDSCH,50,7500,4587,6,0,,,,,,,,,,,,,,,,,,,,,,,
2026-08-18T10:36:25.334093,8525,0x46,PUCCH,,,,,,,,,,,,,,,,,,1a,111.8,"1.000,",,,1,,,,,
2026-08-18T10:36:25.334332,8525,0x46,PDSCH,50,7500,4587,6,0,,,,,,,,,,,,,,,,,,,,,,,
2026-08-18T10:36:25.392327,8526,0x46,PUCCH,,,,,,,,,,,,,,,,,,1a,111.8,"1.000,",,,1,,,,,
2026-08-18T10:36:25.392579,8526,0x46,PDSCH,50,7080,4587,6,0,,,,,,,,,,,,,,,,,,,,,,,
2026-08-18T10:36:25.433319,8527,0x46,PDSCH,50,7500,4587,6,0,,,,,,,,,,,,,,,,,,,,,,,
2026-08-18T10:36:25.475787,8528,0x46,PDSCH,50,7500,4587,6,0,,,,,,,,,,,,,,,,,,,,,,,
2026-08-18T10:36:25.513174,8529,0x46,PUCCH,,,,,,,,,,,,,,,,,,1a,111.7,"1.000,",,,1,,,,,
2026-08-18T10:36:25.513476,8529,0x46,PDSCH,50,7500,4587,6,0,,,,,,,,,,,,,,,,,,,,,,,
2026-08-18T10:36:25.550322,8530,0x46,PUCCH,,,,,,,,,,,,,,,,,,1a,111.8,"1.000,",,,1,,,,,
2026-08-18T10:36:25.550575,8530,0x46,PDSCH,50,7500,4587,6,0,,,,,,,,,,,,,,,,,,,,,,,
2026-08-18T10:36:25.593304,8531,0x46,PUCCH,,,,,,,,,,,,,,,,,,1a,111.7,"1.000,",,,1,,,,,
2026-08-18T10:36:25.593548,8531,0x46,PDSCH,50,7356,4587,6,0,,,,,,,,,,,,,,,,,,,,,,,
2026-08-18T10:36:25.647868,8532,0x46,PUCCH,,,,,,,,,,,,,,,,,,1a,111.7,"1.000,",,,1,,,,,
2026-08-18T10:36:25.648122,8532,0x46,PDSCH,50,7500,4587,6,0,,,,,,,,,,,,,,,,,,,,,,,
2026-08-18T10:36:25.705728,8533,0x46,PUCCH,,,,,,,,,,,,,,,,,,1a,111.7,"1.000,",,,1,,,,,
2026-08-18T10:36:25.706078,8533,0x46,PDSCH,50,7500,4587,6,0,,,,,,,,,,,,,,,,,,,,,,,
2026-08-18T10:36:25.754552,8534,0x46,PUCCH,,,,,,,,,,,,,,,,,,1a,111.7,"1.000,",,,1,,,,,
2026-08-18T10:36:25.754799,8534,0x46,PDSCH,50,7500,4587,6,0,,,,,,,,,,,,,,,,,,,,,,,
2026-08-18T10:36:25.799057,8535,0x46,PDSCH,50,7500,4587,6,0,,,,,,,,,,,,,,,,,,,,,,,
2026-08-18T10:36:25.834775,8536,0x46,PDSCH,50,7080,4587,6,0,,,,,,,,,,,,,,,,,,,,,,,
2026-08-18T10:36:25.865106,8537,0x46,PHR,,,,,,,,,,,,,,,,,,,,,,,,30.0,,,,
2026-08-18T10:36:25.865400,8537,0x46,PDSCH,50,7500,4587,6,0,,,,,,,,,,,,,,,,,,,,,,,
2026-08-18T10:36:25.902229,8538,0x46,PUCCH,,,,,,,,,,,,,,,,,,1a,111.7,"1.000,",,,1,,,,,
2026-08-18T10:36:25.902478,8538,0x46,PDSCH,50,7500,4587,6,0,,,,,,,,,,,,,,,,,,,,,,,
2026-08-18T10:36:25.931889,8539,0x46,PUCCH,,,,,,,,,,,,,,,,,,1a,111.7,"1.000,",,,1,,,,,
2026-08-18T10:36:25.932207,8539,0x46,PDSCH,50,7500,4587,6,0,,,,,,,,,,,,,,,,,,,,,,,
2026-08-18T10:36:25.959947,8540,0x46,PUCCH,,,,,,,,,,,,,,,,,,1a,111.8,"1.000,",,,1,,,,,
2026-08-18T10:36:25.960198,8540,0x46,PDSCH,50,7500,4587,6,0,,,,,,,,,,,,,,,,,,,,,,,
2026-08-18T10:36:25.991062,8541,0x46,PUCCH,,,,,,,,,,,,,,,,,,1a,111.7,"1.000,",,,1,,,,,
2026-08-18T10:36:25.991306,8541,0x46,PDSCH,47,6906,4395,6,0,,,,,,,,,,,,,,,,,,,,,,,
2026-08-18T10:36:26.023620,8542,0x46,PUCCH,,,,,,,,,,,,,,,,,,1a,111.7,"1.000,",,,1,,,,,
2026-08-18T10:36:26.023872,8542,0x46,PDSCH,50,7500,4587,6,0,,,,,,,,,,,,,,,,,,,,,,,
2026-08-18T10:36:26.053851,8543,0x46,PDSCH,50,7500,4587,6,0,,,,,,,,,,,,,,,,,,,,,,,
2026-08-18T10:36:26.085718,8544,0x46,PDSCH,50,7500,4587,6,0,,,,,,,,,,,,,,,,,,,,,,,
2026-08-18T10:36:26.168633,8545,0x46,BSR,,,,,,,,,,,,,,,,,,,,,,,,,0,0,0,0
2026-08-18T10:36:26.168804,8545,0x46,PDSCH,50,7500,4587,6,0,,,,,,,,,,,,,,,,,,,,,,,
2026-08-18T10:36:26.218781,8546,0x46,PUCCH,,,,,,,,,,,,,,,,,,1a,111.8,"1.000,",,,1,,,,,
2026-08-18T10:36:26.219047,8546,0x46,PDSCH,50,7080,4587,6,0,,,,,,,,,,,,,,,,,,,,,,,
2026-08-18T10:36:26.257381,8547,0x46,PUCCH,,,,,,,,,,,,,,,,,,1a,111.7,"1.000,",,,1,,,,,
2026-08-18T10:36:26.257742,8547,0x46,PDSCH,50,7500,4587,6,0,,,,,,,,,,,,,,,,,,,,,,,
2026-08-18T10:36:26.298374,8548,0x46,PUCCH,,,,,,,,,,,,,,,,,,1a,111.7,"1.000,",,,1,,,,,
2026-08-18T10:36:26.298632,8548,0x46,PDSCH,50,7500,4587,6,0,,,,,,,,,,,,,,,,,,,,,,,
2026-08-18T10:36:26.339735,8549,0x46,PUCCH,,,,,,,,,,,,,,,,,,1a,111.7,"1.000,",,,1,,,,,
2026-08-18T10:36:26.339978,8549,0x46,PDSCH,50,7500,4587,6,0,,,,,,,,,,,,,,,,,,,,,,,
2026-08-18T10:36:26.412923,8550,0x46,PUCCH,,,,,,,,,,,,,,,,,,1a,111.8,"1.000,",,,1,,,,,
2026-08-18T10:36:26.413159,8550,0x46,PDSCH,50,7500,4587,6,0,,,,,,,,,,,,,,,,,,,,,,,
2026-08-18T10:36:26.462378,8551,0x46,PUCCH,,,,,,,,,,,,,,,,,,1a,111.7,"1.000,",,,1,,,,,
2026-08-18T10:36:26.462612,8551,0x46,PDSCH,50,7356,4587,6,0,,,,,,,,,,,,,,,,,,,,,,,
2026-08-18T10:36:26.504636,8552,0x46,PUCCH,,,,,,,,,,,,,,,,,,1a,111.7,"1.000,",,,1,,,,,
2026-08-18T10:36:26.504903,8552,0x46,PDSCH,50,7500,4587,6,0,,,,,,,,,,,,,,,,,,,,,,,
2026-08-18T10:36:26.548051,8553,0x46,BSR,,,,,,,,,,,,,,,,,,,,,,,,,0,0,0,0
2026-08-18T10:36:26.548232,8553,0x46,PDSCH,50,7500,4587,6,0,,,,,,,,,,,,,,,,,,,,,,,
2026-08-18T10:36:26.583470,8554,0x46,PUCCH,,,,,,,,,,,,,,,,,,1a,111.7,"1.000,",,,1,,,,,
2026-08-18T10:36:26.583767,8554,0x46,PDSCH,50,7500,4587,6,0,,,,,,,,,,,,,,,,,,,,,,,
2026-08-18T10:36:26.617657,8555,0x46,PUCCH,,,,,,,,,,,,,,,,,,1a,111.8,"1.000,",,,1,,,,,
2026-08-18T10:36:26.617898,8555,0x46,PDSCH,50,7500,4587,6,0,,,,,,,,,,,,,,,,,,,,,,,
2026-08-18T10:36:26.652817,8556,0x46,PUCCH,,,,,,,,,,,,,,,,,,1a,111.8,"1.000,",,,1,,,,,
2026-08-18T10:36:26.653073,8556,0x46,PDSCH,50,7080,4587,6,0,,,,,,,,,,,,,,,,,,,,,,,
2026-08-18T10:36:26.681885,8557,0x46,PUCCH,,,,,,,,,,,,,,,,,,1a,111.7,"1.000,",,,1,,,,,
2026-08-18T10:36:26.682201,8557,0x46,PDSCH,50,7500,4587,6,0,,,,,,,,,,,,,,,,,,,,,,,
2026-08-18T10:36:26.712498,8558,0x46,PUCCH,,,,,,,,,,,,,,,,,,1a,111.7,"1.000,",,,1,,,,,
2026-08-18T10:36:26.712747,8558,0x46,PDSCH,50,7500,4587,6,0,,,,,,,,,,,,,,,,,,,,,,,
2026-08-18T10:36:26.743184,8559,0x46,PUCCH,,,,,,,,,,,,,,,,,,1a,111.7,"1.000,",,,1,,,,,
2026-08-18T10:36:26.743519,8559,0x46,PDSCH,50,7500,4587,6,0,,,,,,,,,,,,,,,,,,,,,,,
2026-08-18T10:36:27.015959,8560,0x46,PUCCH,,,,,,,,,,,,,,,,,,1a,111.8,"1.000,",,,1,,,,,
2026-08-18T10:36:27.016201,8560,0x46,PDSCH,50,7500,4587,6,0,,,,,,,,,,,,,,,,,,,,,,,
2026-08-18T10:36:27.069339,8561,0x46,PUCCH,,,,,,,,,,,,,,,,,,2a,111.8,"1.000,",,,1,,,,,
2026-08-18T10:36:27.069666,8561,0x46,PDSCH,47,6906,4395,6,0,,,,,,,,,,,,,,,,,,,,,,,
2026-08-18T10:36:27.098536,8562,0x46,PUCCH,,,,,,,,,,,,,,,,,,1a,111.7,"1.000,",,,1,,,,,
2026-08-18T10:36:27.098767,8562,0x46,PDSCH,50,7500,4587,6,0,,,,,,,,,,,,,,,,,,,,,,,
2026-08-18T10:36:27.130398,8563,0x46,PUCCH,,,,,,,,,,,,,,,,,,1a,111.7,"1.000,",,,1,,,,,
2026-08-18T10:36:27.130630,8563,0x46,PDSCH,50,7500,4587,6,0,,,,,,,,,,,,,,,,,,,,,,,
2026-08-18T10:36:27.183628,8564,0x46,PUCCH,,,,,,,,,,,,,,,,,,1a,111.7,"1.000,",,,1,,,,,
2026-08-18T10:36:27.183859,8564,0x46,PDSCH,50,7500,4587,6,0,,,,,,,,,,,,,,,,,,,,,,,
2026-08-18T10:36:27.234243,8565,0x46,PUCCH,,,,,,,,,,,,,,,,,,1a,111.8,"1.000,",,,1,,,,,
2026-08-18T10:36:27.234550,8565,0x46,PDSCH,50,7500,4587,6,0,,,,,,,,,,,,,,,,,,,,,,,
2026-08-18T10:36:27.279844,8566,0x46,PUCCH,,,,,,,,,,,,,,,,,,1a,111.8,"1.000,",,,1,,,,,
2026-08-18T10:36:27.280088,8566,0x46,PDSCH,50,7080,4587,6,0,,,,,,,,,,,,,,,,,,,,,,,
2026-08-18T10:36:27.317257,8567,0x46,PUCCH,,,,,,,,,,,,,,,,,,1a,111.7,"1.000,",,,1,,,,,
2026-08-18T10:36:27.317490,8567,0x46,PDSCH,50,7500,4587,6,0,,,,,,,,,,,,,,,,,,,,,,,
2026-08-18T10:36:27.355321,8568,0x46,PDSCH,50,7500,4587,6,0,,,,,,,,,,,,,,,,,,,,,,,
2026-08-18T10:36:27.394990,8569,0x46,PUCCH,,,,,,,,,,,,,,,,,,1a,111.7,"1.000,",,,1,,,,,
2026-08-18T10:36:27.395233,8569,0x46,PDSCH,50,7500,4587,6,0,,,,,,,,,,,,,,,,,,,,,,,
2026-08-18T10:36:27.427430,8570,0x46,PUCCH,,,,,,,,,,,,,,,,,,1a,111.8,"1.000,",,,1,,,,,
2026-08-18T10:36:27.427673,8570,0x46,PDSCH,50,7500,4587,6,0,,,,,,,,,,,,,,,,,,,,,,,
2026-08-18T10:36:27.479588,8571,0x46,PUCCH,,,,,,,,,,,,,,,,,,1a,111.7,"1.000,",,,1,,,,,
2026-08-18T10:36:27.479828,8571,0x46,PDSCH,50,7356,4587,6,0,,,,,,,,,,,,,,,,,,,,,,,
2026-08-18T10:36:27.515185,8572,0x46,PUCCH,,,,,,,,,,,,,,,,,,1a,111.7,"1.000,",,,1,,,,,
2026-08-18T10:36:27.515417,8572,0x46,PDSCH,50,7500,4587,6,0,,,,,,,,,,,,,,,,,,,,,,,
2026-08-18T10:36:27.549944,8573,0x46,PUCCH,,,,,,,,,,,,,,,,,,1a,111.7,"1.000,",,,1,,,,,
2026-08-18T10:36:27.550176,8573,0x46,PDSCH,50,7500,4587,6,0,,,,,,,,,,,,,,,,,,,,,,,
2026-08-18T10:36:27.583187,8574,0x46,PUCCH,,,,,,,,,,,,,,,,,,1a,111.7,"1.000,",,,1,,,,,
2026-08-18T10:36:27.583420,8574,0x46,PDSCH,50,7500,4587,6,0,,,,,,,,,,,,,,,,,,,,,,,
2026-08-18T10:36:27.615875,8575,0x46,PUCCH,,,,,,,,,,,,,,,,,,1a,111.8,"1.000,",,,1,,,,,
2026-08-18T10:36:27.616108,8575,0x46,PDSCH,50,7500,4587,6,0,,,,,,,,,,,,,,,,,,,,,,,
2026-08-18T10:36:27.644403,8576,0x46,PUCCH,,,,,,,,,,,,,,,,,,1a,111.8,"1.000,",,,1,,,,,
2026-08-18T10:36:27.644641,8576,0x46,PDSCH,50,7080,4587,6,0,,,,,,,,,,,,,,,,,,,,,,,
2026-08-18T10:36:27.674807,8577,0x46,PDSCH,50,7500,4587,6,0,,,,,,,,,,,,,,,,,,,,,,,
2026-08-18T10:36:27.702161,8578,0x46,PUCCH,,,,,,,,,,,,,,,,,,1a,111.7,"1.000,",,,1,,,,,
2026-08-18T10:36:27.702410,8578,0x46,PDSCH,50,7500,4587,6,0,,,,,,,,,,,,,,,,,,,,,,,
2026-08-18T10:36:27.734243,8579,0x46,PUCCH,,,,,,,,,,,,,,,,,,1a,111.7,"1.000,",,,1,,,,,
2026-08-18T10:36:27.734535,8579,0x46,PDSCH,50,7500,4587,6,0,,,,,,,,,,,,,,,,,,,,,,,
2026-08-18T10:36:27.764397,8580,0x46,PUCCH,,,,,,,,,,,,,,,,,,1a,111.8,"1.000,",,,1,,,,,
2026-08-18T10:36:27.764629,8580,0x46,PDSCH,50,7500,4587,6,0,,,,,,,,,,,,,,,,,,,,,,,
2026-08-18T10:36:27.792870,8581,0x46,PUCCH,,,,,,,,,,,,,,,,,,1a,111.7,"1.000,",,,1,,,,,
2026-08-18T10:36:27.793106,8581,0x46,PDSCH,47,6906,4395,6,0,,,,,,,,,,,,,,,,,,,,,,,
2026-08-18T10:36:27.823107,8582,0x46,PUCCH,,,,,,,,,,,,,,,,,,1a,111.7,"1.000,",,,1,,,,,
2026-08-18T10:36:27.823342,8582,0x46,PDSCH,50,7500,4587,6,0,,,,,,,,,,,,,,,,,,,,,,,
2026-08-18T10:36:27.853893,8583,0x46,PUCCH,,,,,,,,,,,,,,,,,,1a,111.7,"1.000,",,,1,,,,,
2026-08-18T10:36:27.854126,8583,0x46,PDSCH,50,7500,4587,6,0,,,,,,,,,,,,,,,,,,,,,,,
2026-08-18T10:36:27.876658,8584,0x46,PUCCH,,,,,,,,,,,,,,,,,,1a,111.7,"1.000,",,,1,,,,,
2026-08-18T10:36:27.876889,8584,0x46,PDSCH,50,7500,4587,6,0,,,,,,,,,,,,,,,,,,,,,,,
2026-08-18T10:36:27.928173,8585,0x46,PDSCH,50,7500,4587,6,0,,,,,,,,,,,,,,,,,,,,,,,
2026-08-18T10:36:27.951295,8586,0x46,BSR,,,,,,,,,,,,,,,,,,,,,,,,,0,0,0,0
2026-08-18T10:36:27.951459,8586,0x46,PDSCH,50,7080,4587,6,0,,,,,,,,,,,,,,,,,,,,,,,
2026-08-18T10:36:27.976408,8587,0x46,PUCCH,,,,,,,,,,,,,,,,,,1a,111.7,"1.000,",,,1,,,,,
2026-08-18T10:36:27.976641,8587,0x46,PDSCH,50,7500,4587,6,0,,,,,,,,,,,,,,,,,,,,,,,
2026-08-18T10:36:27.997925,8588,0x46,PUCCH,,,,,,,,,,,,,,,,,,1a,111.7,"1.000,",,,1,,,,,
2026-08-18T10:36:27.998159,8588,0x46,PDSCH,50,7500,4587,6,0,,,,,,,,,,,,,,,,,,,,,,,
2026-08-18T10:36:28.022080,8589,0x46,PUCCH,,,,,,,,,,,,,,,,,,1a,111.7,"1.000,",,,1,,,,,
2026-08-18T10:36:28.022311,8589,0x46,PDSCH,50,7500,4587,6,0,,,,,,,,,,,,,,,,,,,,,,,
2026-08-18T10:36:28.045900,8590,0x46,PUCCH,,,,,,,,,,,,,,,,,,1a,111.8,"1.000,",,,1,,,,,
2026-08-18T10:36:28.046131,8590,0x46,PDSCH,50,7500,4587,6,0,,,,,,,,,,,,,,,,,,,,,,,
2026-08-18T10:36:28.072903,8591,0x46,PUCCH,,,,,,,,,,,,,,,,,,1a,111.7,"1.000,",,,1,,,,,
2026-08-18T10:36:28.073157,8591,0x46,PDSCH,50,7356,4587,6,0,,,,,,,,,,,,,,,,,,,,,,,
2026-08-18T10:36:28.103794,8592,0x46,PUCCH,,,,,,,,,,,,,,,,,,1a,111.7,"1.000,",,,1,,,,,
2026-08-18T10:36:28.104025,8592,0x46,PDSCH,50,7500,4587,6,0,,,,,,,,,,,,,,,,,,,,,,,
2026-08-18T10:36:28.124986,8593,0x46,PHR,,,,,,,,,,,,,,,,,,,,,,,,30.0,,,,
2026-08-18T10:36:28.125190,8593,0x46,PDSCH,50,7500,4587,6,0,,,,,,,,,,,,,,,,,,,,,,,
2026-08-18T10:36:28.150188,8594,0x46,BSR,,,,,,,,,,,,,,,,,,,,,,,,,0,0,0,0
2026-08-18T10:36:28.150355,8594,0x46,PDSCH,50,7500,4587,6,0,,,,,,,,,,,,,,,,,,,,,,,
2026-08-18T10:36:28.170784,8595,0x46,PUCCH,,,,,,,,,,,,,,,,,,1a,111.8,"1.000,",,,1,,,,,
2026-08-18T10:36:28.171017,8595,0x46,PDSCH,50,7500,4587,6,0,,,,,,,,,,,,,,,,,,,,,,,
2026-08-18T10:36:28.192498,8596,0x46,PUCCH,,,,,,,,,,,,,,,,,,1a,111.8,"1.000,",,,1,,,,,
2026-08-18T10:36:28.192737,8596,0x46,PDSCH,50,7080,4587,6,0,,,,,,,,,,,,,,,,,,,,,,,
2026-08-18T10:36:28.234286,8597,0x46,PUCCH,,,,,,,,,,,,,,,,,,1a,111.7,"1.000,",,,1,,,,,
2026-08-18T10:36:28.234645,8597,0x46,PDSCH,50,7500,4587,6,0,,,,,,,,,,,,,,,,,,,,,,,
2026-08-18T10:36:28.262110,8598,0x46,PUCCH,,,,,,,,,,,,,,,,,,1a,111.7,"1.000,",,,1,,,,,
2026-08-18T10:36:28.262341,8598,0x46,PDSCH,50,7500,4587,6,0,,,,,,,,,,,,,,,,,,,,,,,
2026-08-18T10:36:28.291930,8599,0x46,PUCCH,,,,,,,,,,,,,,,,,,1a,111.7,"1.000,",,,1,,,,,
2026-08-18T10:36:28.292262,8599,0x46,PDSCH,50,7500,4587,6,0,,,,,,,,,,,,,,,,,,,,,,,
2026-08-18T10:36:28.321752,8600,0x46,PUCCH,,,,,,,,,,,,,,,,,,1a,111.8,"1.000,",,,1,,,,,
2026-08-18T10:36:28.321999,8600,0x46,PDSCH,50,7500,4587,6,0,,,,,,,,,,,,,,,,,,,,,,,
2026-08-18T10:36:28.352154,8601,0x46,PUCCH,,,,,,,,,,,,,,,,,,2a,111.8,"1.000,",,,1,,,,,
2026-08-18T10:36:28.352391,8601,0x46,PDSCH,47,6906,4395,6,0,,,,,,,,,,,,,,,,,,,,,,,
2026-08-18T10:36:28.424008,8602,0x46,PUCCH,,,,,,,,,,,,,,,,,,1a,111.7,"1.000,",,,1,,,,,
2026-08-18T10:36:28.424239,8602,0x46,PDSCH,50,7500,4587,6,0,,,,,,,,,,,,,,,,,,,,,,,
2026-08-18T10:36:28.465885,8603,0x46,PUCCH,,,,,,,,,,,,,,,,,,1a,111.7,"1.000,",,,1,,,,,
2026-08-18T10:36:28.466142,8603,0x46,PDSCH,50,7500,4587,6,0,,,,,,,,,,,,,,,,,,,,,,,
2026-08-18T10:36:28.503175,8604,0x46,PUCCH,,,,,,,,,,,,,,,,,,1a,111.7,"1.000,",,,1,,,,,
2026-08-18T10:36:28.503406,8604,0x46,PDSCH,50,7500,4587,6,0,,,,,,,,,,,,,,,,,,,,,,,
2026-08-18T10:36:28.537691,8605,0x46,PUCCH,,,,,,,,,,,,,,,,,,1a,111.8,"1.000,",,,1,,,,,
2026-08-18T10:36:28.537924,8605,0x46,PDSCH,50,7500,4587,6,0,,,,,,,,,,,,,,,,,,,,,,,
2026-08-18T10:36:28.571385,8606,0x46,PUCCH,,,,,,,,,,,,,,,,,,1a,111.8,"1.000,",,,1,,,,,
2026-08-18T10:36:28.571633,8606,0x46,PDSCH,50,7080,4587,6,0,,,,,,,,,,,,,,,,,,,,,,,
2026-08-18T10:36:28.602278,8607,0x46,PUCCH,,,,,,,,,,,,,,,,,,1a,111.7,"1.000,",,,1,,,,,
2026-08-18T10:36:28.602510,8607,0x46,PDSCH,50,7500,4587,6,0,,,,,,,,,,,,,,,,,,,,,,,
2026-08-18T10:36:28.630827,8608,0x46,PDSCH,50,7500,4587,6,0,,,,,,,,,,,,,,,,,,,,,,,
2026-08-18T10:36:28.658926,8609,0x46,PUCCH,,,,,,,,,,,,,,,,,,1a,111.7,"1.000,",,,1,,,,,
2026-08-18T10:36:28.659170,8609,0x46,PDSCH,50,7500,4587,6,0,,,,,,,,,,,,,,,,,,,,,,,
2026-08-18T10:36:28.689453,8610,0x46,PUCCH,,,,,,,,,,,,,,,,,,1a,111.8,"1.000,",,,1,,,,,
2026-08-18T10:36:28.689741,8610,0x46,PDSCH,50,7500,4587,6,0,,,,,,,,,,,,,,,,,,,,,,,
2026-08-18T10:36:28.713769,8611,0x46,PUCCH,,,,,,,,,,,,,,,,,,1a,111.7,"1.000,",,,1,,,,,
2026-08-18T10:36:28.714009,8611,0x46,PDSCH,50,7356,4587,6,0,,,,,,,,,,,,,,,,,,,,,,,
2026-08-18T10:36:28.739514,8612,0x46,PUCCH,,,,,,,,,,,,,,,,,,1a,111.7,"1.000,",,,1,,,,,
2026-08-18T10:36:28.739745,8612,0x46,PDSCH,50,7500,4587,6,0,,,,,,,,,,,,,,,,,,,,,,,
2026-08-18T10:36:28.768341,8613,0x46,PUCCH,,,,,,,,,,,,,,,,,,1a,111.7,"1.000,",,,1,,,,,
2026-08-18T10:36:28.768699,8613,0x46,PDSCH,50,7500,4587,6,0,,,,,,,,,,,,,,,,,,,,,,,
2026-08-18T10:36:28.797407,8614,0x46,PUCCH,,,,,,,,,,,,,,,,,,1a,111.7,"1.000,",,,1,,,,,
2026-08-18T10:36:28.797639,8614,0x46,PDSCH,50,7500,4587,6,0,,,,,,,,,,,,,,,,,,,,,,,
2026-08-18T10:36:28.825892,8615,0x46,PUCCH,,,,,,,,,,,,,,,,,,1a,111.8,"1.000,",,,1,,,,,
2026-08-18T10:36:28.826124,8615,0x46,PDSCH,50,7500,4587,6,0,,,,,,,,,,,,,,,,,,,,,,,
2026-08-18T10:36:28.847131,8616,0x46,PUCCH,,,,,,,,,,,,,,,,,,1a,111.8,"1.000,",,,1,,,,,
2026-08-18T10:36:28.847395,8616,0x46,PDSCH,50,7080,4587,6,0,,,,,,,,,,,,,,,,,,,,,,,
2026-08-18T10:36:28.869670,8617,0x46,PDSCH,50,7500,4587,6,0,,,,,,,,,,,,,,,,,,,,,,,
2026-08-18T10:36:28.910507,8618,0x46,PUCCH,,,,,,,,,,,,,,,,,,1a,111.7,"1.000,",,,1,,,,,
2026-08-18T10:36:28.910792,8618,0x46,PDSCH,50,7500,4587,6,0,,,,,,,,,,,,,,,,,,,,,,,
2026-08-18T10:36:28.940253,8619,0x46,PUCCH,,,,,,,,,,,,,,,,,,1a,111.7,"1.000,",,,1,,,,,
2026-08-18T10:36:28.940612,8619,0x46,PDSCH,50,7500,4587,6,0,,,,,,,,,,,,,,,,,,,,,,,
2026-08-18T10:36:28.972692,8620,0x46,PUCCH,,,,,,,,,,,,,,,,,,1a,111.8,"1.000,",,,1,,,,,
2026-08-18T10:36:28.972924,8620,0x46,PDSCH,50,7500,4587,6,0,,,,,,,,,,,,,,,,,,,,,,,
2026-08-18T10:36:29.014548,8621,0x46,PUCCH,,,,,,,,,,,,,,,,,,1a,111.7,"1.000,",,,1,,,,,
2026-08-18T10:36:29.014887,8621,0x46,PDSCH,47,6906,4395,6,0,,,,,,,,,,,,,,,,,,,,,,,
2026-08-18T10:36:29.072089,8622,0x46,PUCCH,,,,,,,,,,,,,,,,,,1a,111.7,"1.000,",,,1,,,,,
2026-08-18T10:36:29.072320,8622,0x46,PDSCH,50,7500,4587,6,0,,,,,,,,,,,,,,,,,,,,,,,
2026-08-18T10:36:29.116243,8623,0x46,PUCCH,,,,,,,,,,,,,,,,,,1a,111.7,"1.000,",,,1,,,,,
2026-08-18T10:36:29.116476,8623,0x46,PDSCH,50,7500,4587,6,0,,,,,,,,,,,,,,,,,,,,,,,
2026-08-18T10:36:29.148770,8624,0x46,PUCCH,,,,,,,,,,,,,,,,,,1a,111.7,"1.000,",,,1,,,,,
2026-08-18T10:36:29.149002,8624,0x46,PDSCH,50,7500,4587,6,0,,,,,,,,,,,,,,,,,,,,,,,
2026-08-18T10:36:29.179534,8625,0x46,BSR,,,,,,,,,,,,,,,,,,,,,,,,,0,0,0,0
2026-08-18T10:36:29.179728,8625,0x46,PDSCH,50,7500,4587,6,0,,,,,,,,,,,,,,,,,,,,,,,
2026-08-18T10:36:29.214007,8626,0x46,BSR,,,,,,,,,,,,,,,,,,,,,,,,,0,0,0,0
2026-08-18T10:36:29.214205,8626,0x46,PDSCH,50,7080,4587,6,0,,,,,,,,,,,,,,,,,,,,,,,
2026-08-18T10:36:29.248305,8627,0x46,PUCCH,,,,,,,,,,,,,,,,,,1a,111.7,"1.000,",,,1,,,,,
2026-08-18T10:36:29.248597,8627,0x46,PDSCH,50,7500,4587,6,0,,,,,,,,,,,,,,,,,,,,,,,
2026-08-18T10:36:29.279280,8628,0x46,PUCCH,,,,,,,,,,,,,,,,,,1a,111.7,"1.000,",,,1,,,,,
2026-08-18T10:36:29.279524,8628,0x46,PDSCH,50,7500,4587,6,0,,,,,,,,,,,,,,,,,,,,,,,
2026-08-18T10:36:29.307829,8629,0x46,PUCCH,,,,,,,,,,,,,,,,,,1a,111.7,"1.000,",,,1,,,,,
2026-08-18T10:36:29.308189,8629,0x46,PDSCH,50,7500,4587,6,0,,,,,,,,,,,,,,,,,,,,,,,
2026-08-18T10:36:29.339829,8630,0x46,PUCCH,,,,,,,,,,,,,,,,,,1a,111.8,"1.000,",,,1,,,,,
2026-08-18T10:36:29.340062,8630,0x46,PDSCH,50,7500,4587,6,0,,,,,,,,,,,,,,,,,,,,,,,
2026-08-18T10:36:29.383633,8631,0x46,PUCCH,,,,,,,,,,,,,,,,,,1a,111.7,"1.000,",,,1,,,,,
2026-08-18T10:36:29.383868,8631,0x46,PDSCH,50,7356,4587,6,0,,,,,,,,,,,,,,,,,,,,,,,
2026-08-18T10:36:29.415657,8632,0x46,PUCCH,,,,,,,,,,,,,,,,,,1a,111.7,"1.000,",,,1,,,,,
2026-08-18T10:36:29.415890,8632,0x46,PDSCH,50,7500,4587,6,0,,,,,,,,,,,,,,,,,,,,,,,
2026-08-18T10:36:29.451630,8633,0x46,BSR,,,,,,,,,,,,,,,,,,,,,,,,,0,0,0,0
2026-08-18T10:36:29.451781,8633,0x46,PDSCH,50,7500,4587,6,0,,,,,,,,,,,,,,,,,,,,,,,
2026-08-18T10:36:29.489242,8634,0x46,PUCCH,,,,,,,,,,,,,,,,,,1a,111.7,"1.000,",,,1,,,,,
2026-08-18T10:36:29.489478,8634,0x46,PDSCH,50,7500,4587,6,0,,,,,,,,,,,,,,,,,,,,,,,
2026-08-18T10:36:29.520723,8635,0x46,PUCCH,,,,,,,,,,,,,,,,,,1a,111.8,"1.000,",,,1,,,,,
2026-08-18T10:36:29.521028,8635,0x46,PDSCH,50,7500,4587,6,0,,,,,,,,,,,,,,,,,,,,,,,
2026-08-18T10:36:29.551271,8636,0x46,PUCCH,,,,,,,,,,,,,,,,,,1a,111.8,"1.000,",,,1,,,,,
2026-08-18T10:36:29.551521,8636,0x46,PDSCH,50,7080,4587,6,0,,,,,,,,,,,,,,,,,,,,,,,
2026-08-18T10:36:29.584043,8637,0x46,PUCCH,,,,,,,,,,,,,,,,,,1a,111.7,"1.000,",,,1,,,,,
2026-08-18T10:36:29.584275,8637,0x46,PDSCH,50,7500,4587,6,0,,,,,,,,,,,,,,,,,,,,,,,
2026-08-18T10:36:29.624611,8638,0x46,PUCCH,,,,,,,,,,,,,,,,,,1a,111.7,"1.000,",,,1,,,,,
2026-08-18T10:36:29.624857,8638,0x46,PDSCH,50,7500,4587,6,0,,,,,,,,,,,,,,,,,,,,,,,
2026-08-18T10:36:29.660684,8639,0x46,PUCCH,,,,,,,,,,,,,,,,,,1a,111.7,"1.000,",,,1,,,,,
2026-08-18T10:36:29.660920,8639,0x46,PDSCH,50,7500,4587,6,0,,,,,,,,,,,,,,,,,,,,,,,
2026-08-18T10:36:29.695739,8640,0x46,PUCCH,,,,,,,,,,,,,,,,,,1a,111.8,"1.000,",,,1,,,,,
2026-08-18T10:36:29.695983,8640,0x46,PDSCH,50,7500,4587,6,0,,,,,,,,,,,,,,,,,,,,,,,
2026-08-18T10:36:29.724084,8641,0x46,PUCCH,,,,,,,,,,,,,,,,,,2a,111.8,"1.000,",,,1,,,,,
2026-08-18T10:36:29.724321,8641,0x46,PDSCH,47,6906,4395,6,0,,,,,,,,,,,,,,,,,,,,,,,
2026-08-18T10:36:29.756237,8642,0x46,PUCCH,,,,,,,,,,,,,,,,,,1a,111.7,"1.000,",,,1,,,,,
2026-08-18T10:36:29.756467,8642,0x46,PDSCH,50,7500,4587,6,0,,,,,,,,,,,,,,,,,,,,,,,
2026-08-18T10:36:29.789595,8643,0x46,PUCCH,,,,,,,,,,,,,,,,,,1a,111.7,"1.000,",,,1,,,,,
2026-08-18T10:36:29.789953,8643,0x46,PDSCH,50,7500,4587,6,0,,,,,,,,,,,,,,,,,,,,,,,
2026-08-18T10:36:29.818382,8644,0x46,PUCCH,,,,,,,,,,,,,,,,,,1a,111.7,"1.000,",,,1,,,,,
2026-08-18T10:36:29.818614,8644,0x46,PDSCH,50,7500,4587,6,0,,,,,,,,,,,,,,,,,,,,,,,
2026-08-18T10:36:29.849546,8645,0x46,PUCCH,,,,,,,,,,,,,,,,,,1a,111.8,"1.000,",,,1,,,,,
2026-08-18T10:36:29.849805,8645,0x46,PDSCH,47,7050,4395,6,0,,,,,,,,,,,,,,,,,,,,,,,
2026-08-18T10:36:29.881052,8646,0x46,PUCCH,,,,,,,,,,,,,,,,,,1a,111.8,"1.000,",,,1,,,,,
2026-08-18T10:36:29.881297,8646,0x46,PDSCH,50,7080,4587,6,0,,,,,,,,,,,,,,,,,,,,,,,
2026-08-18T10:36:29.909274,8647,0x46,PUCCH,,,,,,,,,,,,,,,,,,1a,111.7,"1.000,",,,1,,,,,
2026-08-18T10:36:29.909543,8647,0x46,PDSCH,50,7500,4587,6,0,,,,,,,,,,,,,,,,,,,,,,,
2026-08-18T10:36:29.939098,8648,0x46,PDSCH,50,7500,4587,6,0,,,,,,,,,,,,,,,,,,,,,,,
2026-08-18T10:36:29.960302,8649,0x46,PUCCH,,,,,,,,,,,,,,,,,,1a,111.7,"1.000,",,,1,,,,,
2026-08-18T10:36:29.960573,8649,0x46,PDSCH,50,7500,4587,6,0,,,,,,,,,,,,,,,,,,,,,,,
2026-08-18T10:36:29.983571,8650,0x46,PUCCH,,,,,,,,,,,,,,,,,,1a,111.8,"1.000,",,,1,,,,,
2026-08-18T10:36:29.983803,8650,0x46,PDSCH,50,7500,4587,6,0,,,,,,,,,,,,,,,,,,,,,,,
2026-08-18T10:36:30.026591,8651,0x46,PUCCH,,,,,,,,,,,,,,,,,,1a,111.7,"1.000,",,,1,,,,,
2026-08-18T10:36:30.026824,8651,0x46,PDSCH,50,7356,4587,6,0,,,,,,,,,,,,,,,,,,,,,,,
2026-08-18T10:36:30.060537,8652,0x46,PUCCH,,,,,,,,,,,,,,,,,,1a,111.7,"1.000,",,,1,,,,,
2026-08-18T10:36:30.060775,8652,0x46,PDSCH,50,7500,4587,6,0,,,,,,,,,,,,,,,,,,,,,,,
2026-08-18T10:36:30.089095,8653,0x46,PUCCH,,,,,,,,,,,,,,,,,,1a,111.8,"1.000,",,,1,,,,,
2026-08-18T10:36:30.089425,8653,0x46,PDSCH,50,7500,4587,6,0,,,,,,,,,,,,,,,,,,,,,,,
2026-08-18T10:36:30.119856,8654,0x46,PUCCH,,,,,,,,,,,,,,,,,,1a,111.7,"1.000,",,,1,,,,,
2026-08-18T10:36:30.120137,8654,0x46,PDSCH,50,7500,4587,6,0,,,,,,,,,,,,,,,,,,,,,,,
2026-08-18T10:36:30.151632,8655,0x46,PUCCH,,,,,,,,,,,,,,,,,,1a,111.8,"1.000,",,,1,,,,,
2026-08-18T10:36:30.151875,8655,0x46,PDSCH,47,7050,4395,6,0,,,,,,,,,,,,,,,,,,,,,,,
2026-08-18T10:36:30.179646,8656,0x46,PUCCH,,,,,,,,,,,,,,,,,,1a,111.8,"1.000,",,,1,,,,,
2026-08-18T10:36:30.179883,8656,0x46,PDSCH,50,7080,4587,6,0,,,,,,,,,,,,,,,,,,,,,,,
2026-08-18T10:36:30.211259,8657,0x46,PDSCH,50,7500,4587,6,0,,,,,,,,,,,,,,,,,,,,,,,
2026-08-18T10:36:30.264102,8658,0x46,PUCCH,,,,,,,,,,,,,,,,,,1a,111.7,"1.000,",,,1,,,,,
2026-08-18T10:36:30.264350,8658,0x46,PDSCH,50,7500,4587,6,0,,,,,,,,,,,,,,,,,,,,,,,
2026-08-18T10:36:30.294991,8659,0x46,PUCCH,,,,,,,,,,,,,,,,,,1a,111.7,"1.000,",,,1,,,,,
2026-08-18T10:36:30.295349,8659,0x46,PDSCH,50,7500,4587,6,0,,,,,,,,,,,,,,,,,,,,,,,
2026-08-18T10:36:30.325385,8660,0x46,PUCCH,,,,,,,,,,,,,,,,,,1a,111.8,"1.000,",,,1,,,,,
2026-08-18T10:36:30.325619,8660,0x46,PDSCH,50,7500,4587,6,0,,,,,,,,,,,,,,,,,,,,,,,
2026-08-18T10:36:30.357573,8661,0x46,PUCCH,,,,,,,,,,,,,,,,,,1a,111.7,"1.000,",,,1,,,,,
2026-08-18T10:36:30.357808,8661,0x46,PDSCH,47,6906,4395,6,0,,,,,,,,,,,,,,,,,,,,,,,
2026-08-18T10:36:30.385955,8662,0x46,PUCCH,,,,,,,,,,,,,,,,,,1a,111.7,"1.000,",,,1,,,,,
2026-08-18T10:36:30.386188,8662,0x46,PDSCH,50,7500,4587,6,0,,,,,,,,,,,,,,,,,,,,,,,
2026-08-18T10:36:30.414817,8663,0x46,PUCCH,,,,,,,,,,,,,,,,,,1a,111.8,"1.000,",,,1,,,,,
2026-08-18T10:36:30.415050,8663,0x46,PDSCH,50,7500,4587,6,0,,,,,,,,,,,,,,,,,,,,,,,
2026-08-18T10:36:30.445913,8664,0x46,PUCCH,,,,,,,,,,,,,,,,,,1a,111.7,"1.000,",,,1,,,,,
2026-08-18T10:36:30.446143,8664,0x46,PDSCH,50,7500,4587,6,0,,,,,,,,,,,,,,,,,,,,,,,
2026-08-18T10:36:30.488399,8665,0x46,PDSCH,50,7500,4587,6,0,,,,,,,,,,,,,,,,,,,,,,,
2026-08-18T10:36:30.521241,8666,0x46,PDSCH,50,7080,4587,6,0,,,,,,,,,,,,,,,,,,,,,,,
2026-08-18T10:36:30.548589,8667,0x46,PUCCH,,,,,,,,,,,,,,,,,,1a,111.7,"1.000,",,,1,,,,,
2026-08-18T10:36:30.548841,8667,0x46,PDSCH,50,7500,4587,6,0,,,,,,,,,,,,,,,,,,,,,,,
2026-08-18T10:36:30.576754,8668,0x46,PUCCH,,,,,,,,,,,,,,,,,,1a,111.7,"1.000,",,,1,,,,,
2026-08-18T10:36:30.576985,8668,0x46,PDSCH,50,7500,4587,6,0,,,,,,,,,,,,,,,,,,,,,,,
2026-08-18T10:36:30.608121,8669,0x46,PUCCH,,,,,,,,,,,,,,,,,,1a,111.7,"1.000,",,,1,,,,,
2026-08-18T10:36:30.608354,8669,0x46,PDSCH,50,7500,4587,6,0,,,,,,,,,,,,,,,,,,,,,,,
2026-08-18T10:36:30.640305,8670,0x46,PUCCH,,,,,,,,,,,,,,,,,,1a,111.8,"1.000,",,,1,,,,,
2026-08-18T10:36:30.640537,8670,0x46,PDSCH,50,7500,4587,6,0,,,,,,,,,,,,,,,,,,,,,,,
2026-08-18T10:36:30.665576,8671,0x46,PUCCH,,,,,,,,,,,,,,,,,,1a,111.7,"1.000,",,,1,,,,,
2026-08-18T10:36:30.665816,8671,0x46,PDSCH,50,7356,4587,6,0,,,,,,,,,,,,,,,,,,,,,,,
2026-08-18T10:36:30.695316,8672,0x46,PUCCH,,,,,,,,,,,,,,,,,,1a,111.7,"1.000,",,,1,,,,,
2026-08-18T10:36:30.695558,8672,0x46,PDSCH,50,7500,4587,6,0,,,,,,,,,,,,,,,,,,,,,,,
2026-08-18T10:36:30.725640,8673,0x46,PDSCH,50,7500,4587,6,0,,,,,,,,,,,,,,,,,,,,,,,
2026-08-18T10:36:30.758498,8674,0x46,PDSCH,50,7500,4587,6,0,,,,,,,,,,,,,,,,,,,,,,,
2026-08-18T10:36:30.814139,8675,0x46,BSR,,,,,,,,,,,,,,,,,,,,,,,,,0,0,0,0
2026-08-18T10:36:30.814382,8675,0x46,PDSCH,50,7500,4587,6,0,,,,,,,,,,,,,,,,,,,,,,,
2026-08-18T10:36:30.855005,8676,0x46,PUCCH,,,,,,,,,,,,,,,,,,1a,111.8,"1.000,",,,1,,,,,
2026-08-18T10:36:30.855244,8676,0x46,PDSCH,50,7080,4587,6,0,,,,,,,,,,,,,,,,,,,,,,,
2026-08-18T10:36:30.895702,8677,0x46,PUCCH,,,,,,,,,,,,,,,,,,1a,111.7,"1.000,",,,1,,,,,
2026-08-18T10:36:30.895935,8677,0x46,PDSCH,50,7500,4587,6,0,,,,,,,,,,,,,,,,,,,,,,,
2026-08-18T10:36:30.931107,8678,0x46,PUCCH,,,,,,,,,,,,,,,,,,1a,111.7,"1.000,",,,1,,,,,
2026-08-18T10:36:30.931339,8678,0x46,PDSCH,50,7500,4587,6,0,,,,,,,,,,,,,,,,,,,,,,,
2026-08-18T10:36:30.964340,8679,0x46,PUCCH,,,,,,,,,,,,,,,,,,1a,111.7,"1.000,",,,1,,,,,
2026-08-18T10:36:30.964572,8679,0x46,PDSCH,50,7500,4587,6,0,,,,,,,,,,,,,,,,,,,,,,,
2026-08-18T10:36:30.992780,8680,0x46,PUCCH,,,,,,,,,,,,,,,,,,1a,111.8,"1.000,",,,1,,,,,
2026-08-18T10:36:30.993012,8680,0x46,PDSCH,50,7500,4587,6,0,,,,,,,,,,,,,,,,,,,,,,,
2026-08-18T10:36:31.024752,8681,0x46,PDSCH,47,6906,4395,6,0,,,,,,,,,,,,,,,,,,,,,,,
2026-08-18T10:36:31.053493,8682,0x46,PDSCH,50,7500,4587,6,0,,,,,,,,,,,,,,,,,,,,,,,
2026-08-18T10:36:31.084283,8683,0x46,BSR,,,,,,,,,,,,,,,,,,,,,,,,,0,0,0,0
2026-08-18T10:36:31.084470,8683,0x46,PDSCH,50,7500,4587,6,0,,,,,,,,,,,,,,,,,,,,,,,
2026-08-18T10:36:31.139403,8684,0x46,PUCCH,,,,,,,,,,,,,,,,,,1a,111.7,"1.000,",,,1,,,,,
2026-08-18T10:36:31.139646,8684,0x46,PDSCH,50,7500,4587,6,0,,,,,,,,,,,,,,,,,,,,,,,
2026-08-18T10:36:31.180581,8685,0x46,PUCCH,,,,,,,,,,,,,,,,,,1a,111.8,"1.000,",,,1,,,,,
2026-08-18T10:36:31.180814,8685,0x46,PDSCH,50,7500,4587,6,0,,,,,,,,,,,,,,,,,,,,,,,
2026-08-18T10:36:31.218306,8686,0x46,PUCCH,,,,,,,,,,,,,,,,,,1a,111.8,"1.000,",,,1,,,,,
2026-08-18T10:36:31.218593,8686,0x46,PDSCH,50,7080,4587,6,0,,,,,,,,,,,,,,,,,,,,,,,
2026-08-18T10:36:31.255598,8687,0x46,PUCCH,,,,,,,,,,,,,,,,,,1a,111.7,"1.000,",,,1,,,,,
2026-08-18T10:36:31.255830,8687,0x46,PDSCH,50,7500,4587,6,0,,,,,,,,,,,,,,,,,,,,,,,
2026-08-18T10:36:31.287464,8688,0x46,PUCCH,,,,,,,,,,,,,,,,,,1a,111.7,"1.000,",,,1,,,,,
2026-08-18T10:36:31.287696,8688,0x46,PDSCH,50,7500,4587,6,0,,,,,,,,,,,,,,,,,,,,,,,
2026-08-18T10:36:31.329457,8689,0x46,PUCCH,,,,,,,,,,,,,,,,,,1a,111.7,"1.000,",,,1,,,,,
2026-08-18T10:36:31.329696,8689,0x46,PDSCH,50,7500,4587,6,0,,,,,,,,,,,,,,,,,,,,,,,
2026-08-18T10:36:31.371103,8690,0x46,PUCCH,,,,,,,,,,,,,,,,,,1a,111.8,"1.000,",,,1,,,,,
2026-08-18T10:36:31.371335,8690,0x46,PDSCH,50,7500,4587,6,0,,,,,,,,,,,,,,,,,,,,,,,
2026-08-18T10:36:31.413492,8691,0x46,PDSCH,50,7356,4587,6,0,,,,,,,,,,,,,,,,,,,,,,,
2026-08-18T10:36:31.465470,8692,0x46,PUCCH,,,,,,,,,,,,,,,,,,1a,111.7,"1.000,",,,1,,,,,
2026-08-18T10:36:31.465720,8692,0x46,PDSCH,50,7500,4587,6,0,,,,,,,,,,,,,,,,,,,,,,,
2026-08-18T10:36:31.509592,8693,0x46,PUCCH,,,,,,,,,,,,,,,,,,1a,111.7,"1.000,",,,1,,,,,
2026-08-18T10:36:31.509824,8693,0x46,PDSCH,50,7500,4587,6,0,,,,,,,,,,,,,,,,,,,,,,,
2026-08-18T10:36:31.546867,8694,0x46,PUCCH,,,,,,,,,,,,,,,,,,1a,111.7,"1.000,",,,1,,,,,
2026-08-18T10:36:31.547098,8694,0x46,PDSCH,50,7500,4587,6,0,,,,,,,,,,,,,,,,,,,,,,,
2026-08-18T10:36:31.585923,8695,0x46,PUCCH,,,,,,,,,,,,,,,,,,1a,111.8,"1.000,",,,1,,,,,
2026-08-18T10:36:31.586156,8695,0x46,PDSCH,50,7500,4587,6,0,,,,,,,,,,,,,,,,,,,,,,,
2026-08-18T10:36:31.623656,8696,0x46,PUCCH,,,,,,,,,,,,,,,,,,1a,111.8,"1.000,",,,1,,,,,
2026-08-18T10:36:31.623894,8696,0x46,PDSCH,50,7080,4587,6,0,,,,,,,,,,,,,,,,,,,,,,,
2026-08-18T10:36:31.661869,8697,0x46,PUCCH,,,,,,,,,,,,,,,,,,1a,111.7,"1.000,",,,1,,,,,
2026-08-18T10:36:31.662103,8697,0x46,PDSCH,50,7500,4587,6,0,,,,,,,,,,,,,,,,,,,,,,,
2026-08-18T10:36:31.691322,8698,0x46,PUCCH,,,,,,,,,,,,,,,,,,1a,111.7,"1.000,",,,1,,,,,
2026-08-18T10:36:31.691563,8698,0x46,PDSCH,50,7500,4587,6,0,,,,,,,,,,,,,,,,,,,,,,,
2026-08-18T10:36:31.720024,8699,0x46,PUCCH,,,,,,,,,,,,,,,,,,1a,111.7,"1.000,",,,1,,,,,
2026-08-18T10:36:31.720256,8699,0x46,PDSCH,50,7500,4587,6,0,,,,,,,,,,,,,,,,,,,,,,,
2026-08-18T10:36:31.750015,8700,0x46,PHR,,,,,,,,,,,,,,,,,,,,,,,,30.0,,,,
2026-08-18T10:36:31.750227,8700,0x46,PDSCH,50,7500,4587,6,0,,,,,,,,,,,,,,,,,,,,,,,
2026-08-18T10:36:31.779046,8701,0x46,PUCCH,,,,,,,,,,,,,,,,,,1a,111.7,"1.000,",,,1,,,,,
2026-08-18T10:36:31.779351,8701,0x46,PDSCH,47,6906,4395,6,0,,,,,,,,,,,,,,,,,,,,,,,
2026-08-18T10:36:31.807799,8702,0x46,PUCCH,,,,,,,,,,,,,,,,,,1a,111.7,"1.000,",,,1,,,,,
2026-08-18T10:36:31.808072,8702,0x46,PDSCH,50,7500,4587,6,0,,,,,,,,,,,,,,,,,,,,,,,
2026-08-18T10:36:31.837598,8703,0x46,PUCCH,,,,,,,,,,,,,,,,,,1a,111.7,"1.000,",,,1,,,,,
2026-08-18T10:36:31.837876,8703,0x46,PDSCH,50,7500,4587,6,0,,,,,,,,,,,,,,,,,,,,,,,
2026-08-18T10:36:31.871629,8704,0x46,PUCCH,,,,,,,,,,,,,,,,,,1a,111.7,"1.000,",,,1,,,,,
2026-08-18T10:36:31.871860,8704,0x46,PDSCH,50,7500,4587,6,0,,,,,,,,,,,,,,,,,,,,,,,
2026-08-18T10:36:31.905566,8705,0x46,PUCCH,,,,,,,,,,,,,,,,,,1a,111.8,"1.000,",,,1,,,,,
2026-08-18T10:36:31.905799,8705,0x46,PDSCH,50,7500,4587,6,0,,,,,,,,,,,,,,,,,,,,,,,
2026-08-18T10:36:31.934137,8706,0x46,PUCCH,,,,,,,,,,,,,,,,,,1a,111.8,"1.000,",,,1,,,,,
2026-08-18T10:36:31.934375,8706,0x46,PDSCH,50,7080,4587,6,0,,,,,,,,,,,,,,,,,,,,,,,
2026-08-18T10:36:31.961907,8707,0x46,PUCCH,,,,,,,,,,,,,,,,,,1a,111.7,"1.000,",,,1,,,,,
2026-08-18T10:36:31.962141,8707,0x46,PDSCH,50,7500,4587,6,0,,,,,,,,,,,,,,,,,,,,,,,
2026-08-18T10:36:31.995914,8708,0x46,PDSCH,50,7500,4587,6,0,,,,,,,,,,,,,,,,,,,,,,,
2026-08-18T10:36:32.027497,8709,0x46,PDSCH,50,7500,4587,6,0,,,,,,,,,,,,,,,,,,,,,,,
2026-08-18T10:36:32.052396,8710,0x46,PUCCH,,,,,,,,,,,,,,,,,,1a,111.8,"1.000,",,,1,,,,,
2026-08-18T10:36:32.052646,8710,0x46,PDSCH,50,7500,4587,6,0,,,,,,,,,,,,,,,,,,,,,,,
2026-08-18T10:36:32.077055,8711,0x46,PUCCH,,,,,,,,,,,,,,,,,,1a,111.7,"1.000,",,,1,,,,,
2026-08-18T10:36:32.077295,8711,0x46,PDSCH,50,7356,4587,6,0,,,,,,,,,,,,,,,,,,,,,,,
2026-08-18T10:36:32.103697,8712,0x46,PUCCH,,,,,,,,,,,,,,,,,,1a,111.7,"1.000,",,,1,,,,,
2026-08-18T10:36:32.103929,8712,0x46,PDSCH,50,7500,4587,6,0,,,,,,,,,,,,,,,,,,,,,,,
2026-08-18T10:36:32.133224,8713,0x46,PUCCH,,,,,,,,,,,,,,,,,,1a,111.7,"1.000,",,,1,,,,,
2026-08-18T10:36:32.133468,8713,0x46,PDSCH,50,7500,4587,6,0,,,,,,,,,,,,,,,,,,,,,,,
2026-08-18T10:36:32.165908,8714,0x46,PUCCH,,,,,,,,,,,,,,,,,,1a,111.7,"1.000,",,,1,,,,,
2026-08-18T10:36:32.166140,8714,0x46,PDSCH,50,7500,4587,6,0,,,,,,,,,,,,,,,,,,,,,,,
2026-08-18T10:36:32.197205,8715,0x46,PUCCH,,,,,,,,,,,,,,,,,,1a,111.8,"1.000,",,,1,,,,,
2026-08-18T10:36:32.197457,8715,0x46,PDSCH,50,7500,4587,6,0,,,,,,,,,,,,,,,,,,,,,,,
2026-08-18T10:36:32.229051,8716,0x46,PDSCH,50,7080,4587,6,0,,,,,,,,,,,,,,,,,,,,,,,
2026-08-18T10:36:32.258288,8717,0x46,PDSCH,50,7500,4587,6,0,,,,,,,,,,,,,,,,,,,,,,,
2026-08-18T10:36:32.283359,8718,0x46,PDSCH,50,7500,4587,6,0,,,,,,,,,,,,,,,,,,,,,,,
2026-08-18T10:36:32.305126,8719,0x46,PUCCH,,,,,,,,,,,,,,,,,,1a,111.7,"1.000,",,,1,,,,,
2026-08-18T10:36:32.305405,8719,0x46,PDSCH,50,7500,4587,6,0,,,,,,,,,,,,,,,,,,,,,,,
2026-08-18T10:36:32.327025,8720,0x46,PUCCH,,,,,,,,,,,,,,,,,,1a,111.8,"1.000,",,,1,,,,,
2026-08-18T10:36:32.327257,8720,0x46,PDSCH,50,7500,4587,6,0,,,,,,,,,,,,,,,,,,,,,,,
2026-08-18T10:36:32.349231,8721,0x46,PUCCH,,,,,,,,,,,,,,,,,,2a,111.8,"1.000,",,,1,,,,,
2026-08-18T10:36:32.349499,8721,0x46,PDSCH,47,6906,4395,6,0,,,,,,,,,,,,,,,,,,,,,,,
2026-08-18T10:36:32.374100,8722,0x46,PUCCH,,,,,,,,,,,,,,,,,,1a,111.7,"1.000,",,,1,,,,,
2026-08-18T10:36:32.374331,8722,0x46,PDSCH,50,7500,4587,6,0,,,,,,,,,,,,,,,,,,,,,,,
2026-08-18T10:36:32.398881,8723,0x46,PUCCH,,,,,,,,,,,,,,,,,,1a,111.7,"1.000,",,,1,,,,,
2026-08-18T10:36:32.399130,8723,0x46,PDSCH,50,7500,4587,6,0,,,,,,,,,,,,,,,,,,,,,,,
2026-08-18T10:36:32.426834,8724,0x46,PDSCH,50,7500,4587,6,0,,,,,,,,,,,,,,,,,,,,,,,
2026-08-18T10:36:32.446534,8725,0x46,PDSCH,50,7500,4587,6,0,,,,,,,,,,,,,,,,,,,,,,,
2026-08-18T10:36:32.467348,8726,0x46,BSR,,,,,,,,,,,,,,,,,,,,,,,,,0,0,0,0
2026-08-18T10:36:32.467554,8726,0x46,PDSCH,50,7080,4587,6,0,,,,,,,,,,,,,,,,,,,,,,,
2026-08-18T10:36:32.490909,8727,0x46,BSR,,,,,,,,,,,,,,,,,,,,,,,,,0,0,0,0
2026-08-18T10:36:32.491070,8727,0x46,PDSCH,50,7500,4587,6,0,,,,,,,,,,,,,,,,,,,,,,,
2026-08-18T10:36:32.528289,8728,0x46,PUCCH,,,,,,,,,,,,,,,,,,1a,111.7,"1.000,",,,1,,,,,
2026-08-18T10:36:32.528521,8728,0x46,PDSCH,50,7500,4587,6,0,,,,,,,,,,,,,,,,,,,,,,,
2026-08-18T10:36:32.559969,8729,0x46,PUCCH,,,,,,,,,,,,,,,,,,1a,111.7,"1.000,",,,1,,,,,
2026-08-18T10:36:32.560230,8729,0x46,PDSCH,50,7500,4587,6,0,,,,,,,,,,,,,,,,,,,,,,,
2026-08-18T10:36:32.586635,8730,0x46,PUCCH,,,,,,,,,,,,,,,,,,1a,111.8,"1.000,",,,1,,,,,
2026-08-18T10:36:32.586867,8730,0x46,PDSCH,50,7500,4587,6,0,,,,,,,,,,,,,,,,,,,,,,,
2026-08-18T10:36:32.614705,8731,0x46,PUCCH,,,,,,,,,,,,,,,,,,1a,111.7,"1.000,",,,1,,,,,
2026-08-18T10:36:32.614974,8731,0x46,PDSCH,50,7356,4587,6,0,,,,,,,,,,,,,,,,,,,,,,,
2026-08-18T10:36:32.644579,8732,0x46,PDSCH,50,7500,4587,6,0,,,,,,,,,,,,,,,,,,,,,,,
2026-08-18T10:36:32.676248,8733,0x46,BSR,,,,,,,,,,,,,,,,,,,,,,,,,0,0,0,0
2026-08-18T10:36:32.676501,8733,0x46,PDSCH,50,7500,4587,6,0,,,,,,,,,,,,,,,,,,,,,,,
2026-08-18T10:36:32.725231,8734,0x46,BSR,,,,,,,,,,,,,,,,,,,,,,,,,0,0,0,0
2026-08-18T10:36:32.725394,8734,0x46,PDSCH,50,7500,4587,6,0,,,,,,,,,,,,,,,,,,,,,,,
2026-08-18T10:36:32.747907,8735,0x46,PUCCH,,,,,,,,,,,,,,,,,,1a,111.8,"1.000,",,,1,,,,,
2026-08-18T10:36:32.748257,8735,0x46,PDSCH,50,7500,4587,6,0,,,,,,,,,,,,,,,,,,,,,,,
2026-08-18T10:36:32.774390,8736,0x46,PUCCH,,,,,,,,,,,,,,,,,,1a,111.8,"1.000,",,,1,,,,,
2026-08-18T10:36:32.774628,8736,0x46,PDSCH,50,7080,4587,6,0,,,,,,,,,,,,,,,,,,,,,,,
2026-08-18T10:36:32.798473,8737,0x46,PUCCH,,,,,,,,,,,,,,,,,,1a,111.7,"1.000,",,,1,,,,,
2026-08-18T10:36:32.798705,8737,0x46,PDSCH,50,7500,4587,6,0,,,,,,,,,,,,,,,,,,,,,,,
2026-08-18T10:36:32.825852,8738,0x46,PUCCH,,,,,,,,,,,,,,,,,,1a,111.7,"1.000,",,,1,,,,,
2026-08-18T10:36:32.826084,8738,0x46,PDSCH,50,7500,4587,6,0,,,,,,,,,,,,,,,,,,,,,,,
2026-08-18T10:36:32.855979,8739,0x46,PUCCH,,,,,,,,,,,,,,,,,,1a,111.7,"1.000,",,,1,,,,,
2026-08-18T10:36:32.856217,8739,0x46,PDSCH,50,7500,4587,6,0,,,,,,,,,,,,,,,,,,,,,,,
2026-08-18T10:36:32.886237,8740,0x46,PUCCH,,,,,,,,,,,,,,,,,,1a,111.8,"1.000,",,,1,,,,,
2026-08-18T10:36:32.886480,8740,0x46,PDSCH,50,7500,4587,6,0,,,,,,,,,,,,,,,,,,,,,,,
2026-08-18T10:36:32.917046,8741,0x46,PUCCH,,,,,,,,,,,,,,,,,,1a,111.7,"1.000,",,,1,,,,,
2026-08-18T10:36:32.917282,8741,0x46,PDSCH,47,6906,4395,6,0,,,,,,,,,,,,,,,,,,,,,,,
2026-08-18T10:36:32.960931,8742,0x46,PUCCH,,,,,,,,,,,,,,,,,,1a,111.7,"1.000,",,,1,,,,,
2026-08-18T10:36:32.961192,8742,0x46,PDSCH,50,7500,4587,6,0,,,,,,,,,,,,,,,,,,,,,,,
2026-08-18T10:36:32.994856,8743,0x46,PUCCH,,,,,,,,,,,,,,,,,,1a,111.7,"1.000,",,,1,,,,,
2026-08-18T10:36:32.995089,8743,0x46,PDSCH,50,7500,4587,6,0,,,,,,,,,,,,,,,,,,,,,,,
2026-08-18T10:36:33.024118,8744,0x46,PUCCH,,,,,,,,,,,,,,,,,,1a,111.7,"1.000,",,,1,,,,,
2026-08-18T10:36:33.024348,8744,0x46,PDSCH,50,7500,4587,6,0,,,,,,,,,,,,,,,,,,,,,,,
2026-08-18T10:36:33.049748,8745,0x46,PUCCH,,,,,,,,,,,,,,,,,,1a,111.8,"1.000,",,,1,,,,,
2026-08-18T10:36:33.049982,8745,0x46,PDSCH,50,7500,4587,6,0,,,,,,,,,,,,,,,,,,,,,,,
2026-08-18T10:36:33.076876,8746,0x46,PUCCH,,,,,,,,,,,,,,,,,,1a,111.8,"1.000,",,,1,,,,,
2026-08-18T10:36:33.077116,8746,0x46,PDSCH,50,7080,4587,6,0,,,,,,,,,,,,,,,,,,,,,,,
2026-08-18T10:36:33.102096,8747,0x46,PUCCH,,,,,,,,,,,,,,,,,,1a,111.7,"1.000,",,,1,,,,,
2026-08-18T10:36:33.102328,8747,0x46,PDSCH,50,7500,4587,6,0,,,,,,,,,,,,,,,,,,,,,,,
2026-08-18T10:36:33.129417,8748,0x46,PDSCH,50,7500,4587,6,0,,,,,,,,,,,,,,,,,,,,,,,
2026-08-18T10:36:33.158871,8749,0x46,PUCCH,,,,,,,,,,,,,,,,,,1a,111.7,"1.000,",,,1,,,,,
2026-08-18T10:36:33.159128,8749,0x46,PDSCH,50,7500,4587,6,0,,,,,,,,,,,,,,,,,,,,,,,
2026-08-18T10:36:33.191786,8750,0x46,PUCCH,,,,,,,,,,,,,,,,,,1a,111.8,"1.000,",,,1,,,,,
2026-08-18T10:36:33.192017,8750,0x46,PDSCH,50,7500,4587,6,0,,,,,,,,,,,,,,,,,,,,,,,
2026-08-18T10:36:33.235019,8751,0x46,PUCCH,,,,,,,,,,,,,,,,,,1a,111.7,"1.000,",,,1,,,,,
2026-08-18T10:36:33.235365,8751,0x46,PDSCH,50,7356,4587,6,0,,,,,,,,,,,,,,,,,,,,,,,
2026-08-18T10:36:33.273450,8752,0x46,PUCCH,,,,,,,,,,,,,,,,,,1a,111.7,"1.000,",,,1,,,,,
2026-08-18T10:36:33.273681,8752,0x46,PDSCH,50,7500,4587,6,0,,,,,,,,,,,,,,,,,,,,,,,
2026-08-18T10:36:33.310538,8753,0x46,PUCCH,,,,,,,,,,,,,,,,,,1a,111.7,"1.000,",,,1,,,,,
2026-08-18T10:36:33.310770,8753,0x46,PDSCH,50,7500,4587,6,0,,,,,,,,,,,,,,,,,,,,,,,
2026-08-18T10:36:33.351464,8754,0x46,PUCCH,,,,,,,,,,,,,,,,,,1a,111.7,"1.000,",,,1,,,,,
2026-08-18T10:36:33.351696,8754,0x46,PDSCH,50,7500,4587,6,0,,,,,,,,,,,,,,,,,,,,,,,
2026-08-18T10:36:33.411712,8755,0x46,PUCCH,,,,,,,,,,,,,,,,,,1a,111.8,"1.000,",,,1,,,,,
2026-08-18T10:36:33.412012,8755,0x46,PDSCH,50,7500,4587,6,0,,,,,,,,,,,,,,,,,,,,,,,
2026-08-18T10:36:33.469245,8756,0x46,PUCCH,,,,,,,,,,,,,,,,,,1a,111.8,"1.000,",,,1,,,,,
2026-08-18T10:36:33.469484,8756,0x46,PDSCH,50,7080,4587,6,0,,,,,,,,,,,,,,,,,,,,,,,
2026-08-18T10:36:33.506491,8757,0x46,PHR,,,,,,,,,,,,,,,,,,,,,,,,30.0,,,,
2026-08-18T10:36:33.506651,8757,0x46,PDSCH,50,7500,4587,6,0,,,,,,,,,,,,,,,,,,,,,,,
2026-08-18T10:36:33.537103,8758,0x46,PUCCH,,,,,,,,,,,,,,,,,,1a,111.7,"1.000,",,,1,,,,,
2026-08-18T10:36:33.537347,8758,0x46,PDSCH,50,7500,4587,6,0,,,,,,,,,,,,,,,,,,,,,,,
2026-08-18T10:36:33.569049,8759,0x46,PUCCH,,,,,,,,,,,,,,,,,,1a,111.7,"1.000,",,,1,,,,,
2026-08-18T10:36:33.569282,8759,0x46,PDSCH,50,7500,4587,6,0,,,,,,,,,,,,,,,,,,,,,,,
2026-08-18T10:36:33.601907,8760,0x46,PUCCH,,,,,,,,,,,,,,,,,,1a,111.8,"1.000,",,,1,,,,,
2026-08-18T10:36:33.602138,8760,0x46,PDSCH,50,7500,4587,6,0,,,,,,,,,,,,,,,,,,,,,,,
2026-08-18T10:36:33.630533,8761,0x46,PUCCH,,,,,,,,,,,,,,,,,,2a,111.8,"1.000,",,,1,,,,,
2026-08-18T10:36:33.630774,8761,0x46,PDSCH,47,6906,4395,6,0,,,,,,,,,,,,,,,,,,,,,,,
2026-08-18T10:36:33.655236,8762,0x46,PUCCH,,,,,,,,,,,,,,,,,,1a,111.7,"1.000,",,,1,,,,,
2026-08-18T10:36:33.655480,8762,0x46,PDSCH,50,7500,4587,6,0,,,,,,,,,,,,,,,,,,,,,,,
2026-08-18T10:36:33.681059,8763,0x46,PUCCH,,,,,,,,,,,,,,,,,,1a,111.7,"1.000,",,,1,,,,,
2026-08-18T10:36:33.681294,8763,0x46,PDSCH,50,7500,4587,6,0,,,,,,,,,,,,,,,,,,,,,,,
2026-08-18T10:36:33.708239,8764,0x46,PUCCH,,,,,,,,,,,,,,,,,,1a,111.7,"1.000,",,,1,,,,,
2026-08-18T10:36:33.708470,8764,0x46,PDSCH,50,7500,4587,6,0,,,,,,,,,,,,,,,,,,,,,,,
2026-08-18T10:36:33.738340,8765,0x46,PDSCH,50,7500,4587,6,0,,,,,,,,,,,,,,,,,,,,,,,
2026-08-18T10:36:33.769100,8766,0x46,PDSCH,50,7080,4587,6,0,,,,,,,,,,,,,,,,,,,,,,,
2026-08-18T10:36:33.799094,8767,0x46,PUCCH,,,,,,,,,,,,,,,,,,1a,111.7,"1.000,",,,1,,,,,
2026-08-18T10:36:33.799392,8767,0x46,PDSCH,50,7500,4587,6,0,,,,,,,,,,,,,,,,,,,,,,,
2026-08-18T10:36:33.828284,8768,0x46,PUCCH,,,,,,,,,,,,,,,,,,1a,111.7,"1.000,",,,1,,,,,
2026-08-18T10:36:33.828515,8768,0x46,PDSCH,50,7500,4587,6,0,,,,,,,,,,,,,,,,,,,,,,,
2026-08-18T10:36:33.858398,8769,0x46,PUCCH,,,,,,,,,,,,,,,,,,1a,111.7,"1.000,",,,1,,,,,
2026-08-18T10:36:33.858693,8769,0x46,PDSCH,50,7500,4587,6,0,,,,,,,,,,,,,,,,,,,,,,,
2026-08-18T10:36:33.876548,8770,0x46,PUCCH,,,,,,,,,,,,,,,,,,1a,111.8,"1.000,",,,1,,,,,
2026-08-18T10:36:33.876780,8770,0x46,PDSCH,50,7500,4587,6,0,,,,,,,,,,,,,,,,,,,,,,,
2026-08-18T10:36:33.898573,8771,0x46,PUCCH,,,,,,,,,,,,,,,,,,1a,111.7,"1.000,",,,1,,,,,
2026-08-18T10:36:33.898930,8771,0x46,PDSCH,50,7356,4587,6,0,,,,,,,,,,,,,,,,,,,,,,,
2026-08-18T10:36:33.920219,8772,0x46,PUCCH,,,,,,,,,,,,,,,,,,1a,111.7,"1.000,",,,1,,,,,
2026-08-18T10:36:33.920450,8772,0x46,PDSCH,50,7500,4587,6,0,,,,,,,,,,,,,,,,,,,,,,,
2026-08-18T10:36:33.941573,8773,0x46,PDSCH,50,7500,4587,6,0,,,,,,,,,,,,,,,,,,,,,,,
2026-08-18T10:36:34.010285,8774,0x46,BSR,,,,,,,,,,,,,,,,,,,,,,,,,0,0,0,0
2026-08-18T10:36:34.010509,8774,0x46,PDSCH,50,7500,4587,6,0,,,,,,,,,,,,,,,,,,,,,,,
2026-08-18T10:36:34.038530,8775,0x46,BSR,,,,,,,,,,,,,,,,,,,,,,,,,0,0,0,0
2026-08-18T10:36:34.038820,8775,0x46,PDSCH,50,7500,4587,6,0,,,,,,,,,,,,,,,,,,,,,,,
2026-08-18T10:36:34.066524,8776,0x46,PUCCH,,,,,,,,,,,,,,,,,,1a,111.8,"1.000,",,,1,,,,,
2026-08-18T10:36:34.066762,8776,0x46,PDSCH,50,7080,4587,6,0,,,,,,,,,,,,,,,,,,,,,,,
2026-08-18T10:36:34.097187,8777,0x46,PUCCH,,,,,,,,,,,,,,,,,,1a,111.7,"1.000,",,,1,,,,,
2026-08-18T10:36:34.097419,8777,0x46,PDSCH,50,7500,4587,6,0,,,,,,,,,,,,,,,,,,,,,,,
2026-08-18T10:36:34.128504,8778,0x46,PUCCH,,,,,,,,,,,,,,,,,,1a,111.7,"1.000,",,,1,,,,,
2026-08-18T10:36:34.128737,8778,0x46,PDSCH,50,7500,4587,6,0,,,,,,,,,,,,,,,,,,,,,,,
2026-08-18T10:36:34.160002,8779,0x46,PUCCH,,,,,,,,,,,,,,,,,,1a,111.7,"1.000,",,,1,,,,,
2026-08-18T10:36:34.160362,8779,0x46,PDSCH,50,7500,4587,6,0,,,,,,,,,,,,,,,,,,,,,,,
2026-08-18T10:36:34.194951,8780,0x46,PUCCH,,,,,,,,,,,,,,,,,,1a,111.8,"1.000,",,,1,,,,,
2026-08-18T10:36:34.195213,8780,0x46,PDSCH,50,7500,4587,6,0,,,,,,,,,,,,,,,,,,,,,,,
2026-08-18T10:36:34.236236,8781,0x46,BSR,,,,,,,,,,,,,,,,,,,,,,,,,0,0,0,0
2026-08-18T10:36:34.236460,8781,0x46,PDSCH,47,6906,4395,6,0,,,,,,,,,,,,,,,,,,,,,,,
2026-08-18T10:36:34.265044,8782,0x46,PUCCH,,,,,,,,,,,,,,,,,,1a,111.7,"1.000,",,,1,,,,,
2026-08-18T10:36:34.265275,8782,0x46,PDSCH,50,7500,4587,6,0,,,,,,,,,,,,,,,,,,,,,,,
2026-08-18T10:36:34.298504,8783,0x46,PUCCH,,,,,,,,,,,,,,,,,,1a,111.7,"1.000,",,,1,,,,,
2026-08-18T10:36:34.298736,8783,0x46,PDSCH,50,7500,4587,6,0,,,,,,,,,,,,,,,,,,,,,,,
2026-08-18T10:36:34.328852,8784,0x46,PUCCH,,,,,,,,,,,,,,,,,,1a,111.7,"1.000,",,,1,,,,,
2026-08-18T10:36:34.329085,8784,0x46,PDSCH,50,7500,4587,6,0,,,,,,,,,,,,,,,,,,,,,,,
2026-08-18T10:36:34.358623,8785,0x46,PUCCH,,,,,,,,,,,,,,,,,,1a,111.8,"1.000,",,,1,,,,,
2026-08-18T10:36:34.358892,8785,0x46,PDSCH,50,7500,4587,6,0,,,,,,,,,,,,,,,,,,,,,,,
2026-08-18T10:36:34.391252,8786,0x46,PUCCH,,,,,,,,,,,,,,,,,,1a,111.8,"1.000,",,,1,,,,,
2026-08-18T10:36:34.391550,8786,0x46,PDSCH,50,7080,4587,6,0,,,,,,,,,,,,,,,,,,,,,,,
2026-08-18T10:36:34.418651,8787,0x46,PUCCH,,,,,,,,,,,,,,,,,,1a,111.7,"1.000,",,,1,,,,,
2026-08-18T10:36:34.419011,8787,0x46,PDSCH,50,7500,4587,6,0,,,,,,,,,,,,,,,,,,,,,,,
2026-08-18T10:36:34.448513,8788,0x46,PUCCH,,,,,,,,,,,,,,,,,,1a,111.7,"1.000,",,,1,,,,,
2026-08-18T10:36:34.448761,8788,0x46,PDSCH,50,7500,4587,6,0,,,,,,,,,,,,,,,,,,,,,,,
2026-08-18T10:36:34.482322,8789,0x46,PDSCH,50,7500,4587,6,0,,,,,,,,,,,,,,,,,,,,,,,
2026-08-18T10:36:34.519577,8790,0x46,PUCCH,,,,,,,,,,,,,,,,,,1a,111.8,"1.000,",,,1,,,,,
2026-08-18T10:36:34.519819,8790,0x46,PDSCH,50,7500,4587,6,0,,,,,,,,,,,,,,,,,,,,,,,
2026-08-18T10:36:34.543473,8791,0x46,PUCCH,,,,,,,,,,,,,,,,,,1a,111.7,"1.000,",,,1,,,,,
2026-08-18T10:36:34.543707,8791,0x46,PDSCH,50,7356,4587,6,0,,,,,,,,,,,,,,,,,,,,,,,
2026-08-18T10:36:34.564316,8792,0x46,PUCCH,,,,,,,,,,,,,,,,,,1a,111.7,"1.000,",,,1,,,,,
2026-08-18T10:36:34.564548,8792,0x46,PDSCH,50,7500,4587,6,0,,,,,,,,,,,,,,,,,,,,,,,
2026-08-18T10:36:34.586659,8793,0x46,PUCCH,,,,,,,,,,,,,,,,,,1a,111.7,"1.000,",,,1,,,,,
2026-08-18T10:36:34.586893,8793,0x46,PDSCH,50,7500,4587,6,0,,,,,,,,,,,,,,,,,,,,,,,
2026-08-18T10:36:34.610827,8794,0x46,PUCCH,,,,,,,,,,,,,,,,,,1a,111.7,"1.000,",,,1,,,,,
2026-08-18T10:36:34.611058,8794,0x46,PDSCH,50,7500,4587,6,0,,,,,,,,,,,,,,,,,,,,,,,
2026-08-18T10:36:34.637092,8795,0x46,PUCCH,,,,,,,,,,,,,,,,,,1a,111.8,"1.000,",,,1,,,,,
2026-08-18T10:36:34.637328,8795,0x46,PDSCH,50,7500,4587,6,0,,,,,,,,,,,,,,,,,,,,,,,
2026-08-18T10:36:34.660949,8796,0x46,PUCCH,,,,,,,,,,,,,,,,,,1a,111.8,"1.000,",,,1,,,,,
2026-08-18T10:36:34.661115,8796,0x46,PDSCH,30,4080,2292,6,0,,,,,,,,,,,,,,,,,,,,,,,
2026-08-18T10:36:34.687087,8797,0x46,PUCCH,,,,,,,,,,,,,,,,,,1a,111.7,"1.000,",,,1,,,,,
2026-08-18T10:36:34.713701,8798,0x46,BSR,,,,,,,,,,,,,,,,,,,,,,,,,0,0,0,35
2026-08-18T10:36:34.734829,8799,0x46,PUCCH,,,,,,,,,,,,,,,,,,1a,111.7,"1.000,",,,1,,,,,
2026-08-18T10:36:34.756749,8800,0x46,PUCCH,,,,,,,,,,,,,,,,,,1a,111.8,"1.000,",,,1,,,,,
2026-08-18T10:36:34.778459,8801,0x46,PUCCH,,,,,,,,,,,,,,,,,,2a,111.8,"1.000,",,,1,,,,,
2026-08-18T10:36:34.799616,8802,0x46,PUCCH,,,,,,,,,,,,,,,,,,1a,111.7,"1.000,",,,1,,,,,
2026-08-18T10:36:34.821344,8803,0x46,PUCCH,,,,,,,,,,,,,,,,,,1a,111.7,"1.000,",,,1,,,,,
2026-08-18T10:36:34.854385,8804,0x46,PUCCH,,,,,,,,,,,,,,,,,,1a,111.7,"1.000,",,,1,,,,,
2026-08-18T10:36:34.908743,8806,0x46,PUSCH,,,,,,2,13,1728,749,4,0,OK,108.5,141.6,0.0,-0.0,110,,,,,,,,,,,
2026-08-18T10:36:34.933459,8807,0x46,PUSCH,,,,,,2,25,3456,1383,4,0,OK,106.4,138.6,0.0,0.0,297,,,,,,,,,,,
2026-08-18T10:36:34.933488,8807,0x46,PHR,,,,,,,,,,,,,,,,,,,,,,,,30.0,,,,
2026-08-18T10:36:35.109754,8814,0x46,PUSCH,,,,,,2,16,2160,749,4,0,OK,107.4,140.5,0.0,0.0,131,,,,,,,,,,,
2026-08-18T10:36:35.131268,8815,0x46,BSR,,,,,,,,,,,,,,,,,,,,,,,,,0,0,0,0
2026-08-18T10:36:35.131269,8815,0x46,PUSCH,,,,,,2,28,3888,1692,4,0,OK,106.9,138.0,0.0,0.0,399,,,,,,,,,,,
2026-08-18T10:36:35.152008,8816,0x46,PUSCH,,,,,,2,5,576,217,4,0,OK,117.9,146.5,0.0,-0.0,82,,,,,,,,,,,
2026-08-18T10:36:35.152039,8816,0x46,BSR,,,,,,,,,,,,,,,,,,,,,,,,,0,0,0,0
2026-08-18T10:36:35.263883,8820,0x46,PUCCH,,,,,,,,,,,,,,,,,,1,-inf,"0.000,",,,,,,,,
2026-08-18T10:36:35.324234,8822,0x46,PUSCH,,,,,,2,13,1728,749,4,0,OK,108.5,141.5,0.0,-0.0,176,,,,,,,,,,,
2026-08-18T10:36:35.324312,8822,0x46,BSR,,,,,,,,,,,,,,,,,,,,,,,,,0,0,0,0
2026-08-18T10:36:35.324313,8822,0x46,PDSCH,3,450,7,2,0,,,,,,,,,,,,,,,,,,,,,,,
2026-08-18T10:36:35.345883,8823,0x46,PUSCH,,,,,,2,33,4608,1980,4,0,OK,107.6,137.3,0.0,0.0,425,,,,,,,,,,,
2026-08-18T10:36:35.345890,8823,0x46,BSR,,,,,,,,,,,,,,,,,,,,,,,,,0,0,0,0
2026-08-18T10:36:35.611473,8830,0x46,PUCCH,,,,,,,,,,,,,,,,,,1a,111.8,"1.000,",,,1,,,,,
2026-08-18T10:36:36.083672,8840,0x46,PUCCH,,,,,,,,,,,,,,,,,,1,-inf,"0.000,",,,,,,,,
2026-08-18T10:36:36.172301,8841,0x46,PUCCH,,,,,,,,,,,,,,,,,,2,111.8,"1.000,",,,,,,,,
2026-08-18T10:36:37.036548,8860,0x46,PUCCH,,,,,,,,,,,,,,,,,,1,111.8,"1.000,",,,,,,,,
2026-08-18T10:36:37.426310,8868,0x46,PUSCH,,,,,,2,10,1296,517,4,0,OK,111.4,142.8,0.0,-0.0,106,,,,,,,,,,,
2026-08-18T10:36:37.426341,8868,0x46,PHR,,,,,,,,,,,,,,,,,,,,,,,,30.0,,,,
2026-08-18T10:36:37.836329,8880,0x46,PUCCH,,,,,,,,,,,,,,,,,,1,-inf,"0.000,",,,,,,,,
2026-08-18T10:36:37.863910,8881,0x46,PUCCH,,,,,,,,,,,,,,,,,,2,111.8,"1.000,",,,,,,,,
2026-08-18T10:36:38.498620,8900,0x46,PUCCH,,,,,,,,,,,,,,,,,,1,-inf,"0.000,",,,,,,,,
2026-08-18T10:36:39.123959,8920,0x46,PUCCH,,,,,,,,,,,,,,,,,,1,-inf,"0.000,",,,,,,,,
2026-08-18T10:36:39.155209,8921,0x46,PUCCH,,,,,,,,,,,,,,,,,,2,111.8,"1.000,",,,,,,,,
2026-08-18T10:36:40.018404,8940,0x46,PUCCH,,,,,,,,,,,,,,,,,,1,-inf,"0.000,",,,,,,,,
2026-08-18T10:36:40.702372,8960,0x46,PUCCH,,,,,,,,,,,,,,,,,,1,-inf,"0.000,",,,,,,,,
2026-08-18T10:36:40.732845,8961,0x46,PUCCH,,,,,,,,,,,,,,,,,,2,111.8,"1.000,",,,,,,,,
2026-08-18T10:36:41.220312,8980,0x46,PUCCH,,,,,,,,,,,,,,,,,,1,-inf,"0.000,",,,,,,,,
2026-08-18T10:36:42.135201,9000,0x46,PUCCH,,,,,,,,,,,,,,,,,,1,-inf,"0.000,",,,,,,,,
2026-08-18T10:36:42.162072,9001,0x46,PUCCH,,,,,,,,,,,,,,,,,,2,111.8,"1.000,",,,,,,,,
2026-08-18T10:36:42.605157,9020,0x46,PUCCH,,,,,,,,,,,,,,,,,,1,-inf,"0.000,",,,,,,,,
2026-08-18T10:36:43.458830,9040,0x46,PUCCH,,,,,,,,,,,,,,,,,,1,-inf,"0.000,",,,,,,,,
2026-08-18T10:36:43.491683,9041,0x46,PUCCH,,,,,,,,,,,,,,,,,,2,111.8,"1.000,",,,,,,,,
2026-08-18T10:36:44.159137,9060,0x46,PUCCH,,,,,,,,,,,,,,,,,,1,-inf,"0.000,",,,,,,,,
2026-08-18T10:36:44.901051,9080,0x46,PUCCH,,,,,,,,,,,,,,,,,,1,-inf,"0.000,",,,,,,,,
2026-08-18T10:36:44.931378,9081,0x46,PUCCH,,,,,,,,,,,,,,,,,,2,111.8,"1.000,",,,,,,,,
2026-08-18T10:36:45.499626,9100,0x46,PUCCH,,,,,,,,,,,,,,,,,,1,-inf,"0.000,",,,,,,,,
2026-08-18T10:36:46.145844,9120,0x46,PUCCH,,,,,,,,,,,,,,,,,,1,-inf,"0.000,",,,,,,,,
2026-08-18T10:36:46.171111,9121,0x46,PUCCH,,,,,,,,,,,,,,,,,,2,111.8,"1.000,",,,,,,,,
2026-08-18T10:36:46.835367,9140,0x46,PUCCH,,,,,,,,,,,,,,,,,,1,-inf,"0.000,",,,,,,,,
2026-08-18T10:36:47.523788,9160,0x46,PUCCH,,,,,,,,,,,,,,,,,,1,-inf,"0.000,",,,,,,,,
2026-08-18T10:36:47.551510,9161,0x46,PUCCH,,,,,,,,,,,,,,,,,,2,111.8,"1.000,",,,,,,,,
2026-08-18T10:36:48.143392,9180,0x46,PUCCH,,,,,,,,,,,,,,,,,,1,-inf,"0.000,",,,,,,,,
2026-08-18T10:36:48.741018,9200,0x46,PUCCH,,,,,,,,,,,,,,,,,,1,-inf,"0.000,",,,,,,,,
2026-08-18T10:36:48.772528,9201,0x46,PUCCH,,,,,,,,,,,,,,,,,,2,111.8,"1.000,",,,,,,,,
2026-08-18T10:36:49.354086,9220,0x46,PUCCH,,,,,,,,,,,,,,,,,,1,-inf,"0.000,",,,,,,,,
2026-08-18T10:36:50.401591,9240,0x46,PUCCH,,,,,,,,,,,,,,,,,,1,-inf,"0.000,",,,,,,,,
2026-08-18T10:36:50.442184,9241,0x46,PUCCH,,,,,,,,,,,,,,,,,,2,111.8,"1.000,",,,,,,,,
2026-08-18T10:36:51.435917,9260,0x46,PUCCH,,,,,,,,,,,,,,,,,,1,-inf,"0.000,",,,,,,,,
2026-08-18T10:36:52.226030,9280,0x46,PUCCH,,,,,,,,,,,,,,,,,,1,-inf,"0.000,",,,,,,,,
2026-08-18T10:36:52.263675,9281,0x46,PUCCH,,,,,,,,,,,,,,,,,,2,111.8,"1.000,",,,,,,,,
2026-08-18T10:36:52.914822,9300,0x46,PUCCH,,,,,,,,,,,,,,,,,,1,-inf,"0.000,",,,,,,,,
2026-08-18T10:36:53.595709,9320,0x46,PUCCH,,,,,,,,,,,,,,,,,,1,-inf,"0.000,",,,,,,,,
2026-08-18T10:36:53.629015,9321,0x46,PUCCH,,,,,,,,,,,,,,,,,,2,111.8,"1.000,",,,,,,,,
2026-08-18T10:36:54.391260,9340,0x46,PUCCH,,,,,,,,,,,,,,,,,,1,-inf,"0.000,",,,,,,,,
2026-08-18T10:36:55.313870,9360,0x46,PUCCH,,,,,,,,,,,,,,,,,,1,-inf,"0.000,",,,,,,,,
2026-08-18T10:36:55.346020,9361,0x46,PUCCH,,,,,,,,,,,,,,,,,,2,111.8,"1.000,",,,,,,,,
2026-08-18T10:36:56.133955,9380,0x46,PUCCH,,,,,,,,,,,,,,,,,,1,-inf,"0.000,",,,,,,,,
2026-08-18T10:36:57.062827,9400,0x46,PUCCH,,,,,,,,,,,,,,,,,,1,-inf,"0.000,",,,,,,,,
2026-08-18T10:36:57.091062,9401,0x46,PUCCH,,,,,,,,,,,,,,,,,,2,111.8,"1.000,",,,,,,,,
2026-08-18T10:36:57.763983,9420,0x46,PUCCH,,,,,,,,,,,,,,,,,,1,-inf,"0.000,",,,,,,,,
2026-08-18T10:36:58.386323,9440,0x46,PUCCH,,,,,,,,,,,,,,,,,,1,-inf,"0.000,",,,,,,,,
2026-08-18T10:36:58.413438,9441,0x46,PUCCH,,,,,,,,,,,,,,,,,,2,111.8,"1.000,",,,,,,,,
2026-08-18T10:36:59.161149,9460,0x46,PUCCH,,,,,,,,,,,,,,,,,,1,-inf,"0.000,",,,,,,,,
2026-08-18T10:37:00.181458,9480,0x46,PUCCH,,,,,,,,,,,,,,,,,,1,-inf,"0.000,",,,,,,,,
2026-08-18T10:37:00.212476,9481,0x46,PUCCH,,,,,,,,,,,,,,,,,,2,111.8,"1.000,",,,,,,,,
2026-08-18T10:37:00.999707,9500,0x46,PUCCH,,,,,,,,,,,,,,,,,,1,111.8,"1.000,",,,,,,,,
2026-08-18T10:37:01.278816,9508,0x46,PUSCH,,,,,,2,10,1296,517,4,0,OK,111.4,142.8,0.0,-0.0,122,,,,,,,,,,,
2026-08-18T10:37:01.278848,9508,0x46,PHR,,,,,,,,,,,,,,,,,,,,,,,,30.0,,,,
2026-08-18T10:37:01.320371,9509,0x46,PDSCH,3,450,201,6,0,,,,,,,,,,,,,,,,,,,,,,,
2026-08-18T10:37:01.600845,9517,0x46,PUCCH,,,,,,,,,,,,,,,,,,1a,111.7,"1.000,",,,1,,,,,
2026-08-18T10:37:01.903839,9520,0x46,PUCCH,,,,,,,,,,,,,,,,,,1,111.8,"1.000,",,,,,,,,
2026-08-18T10:37:01.965587,9521,0x46,PUCCH,,,,,,,,,,,,,,,,,,2,111.8,"1.000,",,,,,,,,
2026-08-18T10:37:02.334741,9528,0x46,PUSCH,,,,,,2,10,1296,517,4,0,OK,111.4,142.8,0.0,-0.0,90,,,,,,,,,,,
2026-08-18T10:37:02.334805,9528,0x46,BSR,,,,,,,,,,,,,,,,,,,,,,,,,0,0,0,0
2026-08-18T10:37:02.386137,9529,0x46,PDSCH,3,450,93,4,0,,,,,,,,,,,,,,,,,,,,,,,
2026-08-18T10:37:02.875906,9537,0x46,PUCCH,,,,,,,,,,,,,,,,,,1a,111.7,"1.000,",,,1,,,,,
2026-08-18T10:37:03.022111,9540,0x46,PUCCH,,,,,,,,,,,,,,,,,,1,111.8,"1.000,",,,,,,,,
2026-08-18T10:37:03.323732,9548,0x46,PUSCH,,,,,,2,10,1296,517,4,0,OK,111.4,142.8,0.0,-0.0,85,,,,,,,,,,,
2026-08-18T10:37:03.323823,9548,0x46,BSR,,,,,,,,,,,,,,,,,,,,,,,,,0,0,0,0
2026-08-18T10:37:03.365190,9549,0x46,PDSCH,6,900,269,6,0,,,,,,,,,,,,,,,,,,,,,,,
2026-08-18T10:37:03.852461,9557,0x46,PUCCH,,,,,,,,,,,,,,,,,,1a,111.7,"1.000,",,,1,,,,,
2026-08-18T10:37:03.931540,9559,0x46,PDSCH,3,450,7,2,0,,,,,,,,,,,,,,,,,,,,,,,
2026-08-18T10:37:03.959114,9560,0x46,PUCCH,,,,,,,,,,,,,,,,,,1,111.8,"1.000,",,,,,,,,
2026-08-18T10:37:03.988704,9561,0x46,PUCCH,,,,,,,,,,,,,,,,,,2,111.8,"1.000,",,,,,,,,
2026-08-18T10:37:04.261728,9567,0x46,PUCCH,,,,,,,,,,,,,,,,,,1a,111.7,"1.000,",,,1,,,,,
2026-08-18T10:37:04.302032,9568,0x46,PUSCH,,,,,,2,10,1296,517,4,0,OK,111.4,142.9,0.0,-0.0,99,,,,,,,,,,,
2026-08-18T10:37:04.302071,9568,0x46,PHR,,,,,,,,,,,,,,,,,,,,,,,,30.0,,,,
2026-08-18T10:37:04.335361,9569,0x46,PDSCH,3,450,93,4,0,,,,,,,,,,,,,,,,,,,,,,,
2026-08-18T10:37:04.690263,9577,0x46,PUCCH,,,,,,,,,,,,,,,,,,1a,111.7,"1.000,",,,1,,,,,
2026-08-18T10:37:04.780792,9580,0x46,PUCCH,,,,,,,,,,,,,,,,,,1,111.8,"1.000,",,,,,,,,
2026-08-18T10:37:05.226399,9588,0x46,PUSCH,,,,,,2,10,1296,517,4,0,OK,111.4,142.8,0.0,-0.0,86,,,,,,,,,,,
2026-08-18T10:37:05.226413,9588,0x46,BSR,,,,,,,,,,,,,,,,,,,,,,,,,0,0,0,0
2026-08-18T10:37:05.277958,9589,0x46,PDSCH,3,450,185,6,0,,,,,,,,,,,,,,,,,,,,,,,
2026-08-18T10:37:05.597431,9597,0x46,PUCCH,,,,,,,,,,,,,,,,,,1a,111.7,"1.000,",,,1,,,,,
2026-08-18T10:37:05.675634,9600,0x46,PUCCH,,,,,,,,,,,,,,,,,,1,111.8,"1.000,",,,,,,,,
2026-08-18T10:37:05.704135,9601,0x46,PUCCH,,,,,,,,,,,,,,,,,,2,111.8,"1.000,",,,,,,,,
2026-08-18T10:37:05.943401,9608,0x46,PUSCH,,,,,,2,10,1296,517,4,0,OK,111.4,142.8,0.0,-0.0,94,,,,,,,,,,,
2026-08-18T10:37:05.943503,9608,0x46,BSR,,,,,,,,,,,,,,,,,,,,,,,,,0,0,0,0
2026-08-18T10:37:05.983502,9609,0x46,PDSCH,3,450,201,6,0,,,,,,,,,,,,,,,,,,,,,,,
2026-08-18T10:37:06.364480,9617,0x46,PUCCH,,,,,,,,,,,,,,,,,,1a,111.7,"1.000,",,,1,,,,,
2026-08-18T10:37:06.479480,9620,0x46,PUCCH,,,,,,,,,,,,,,,,,,1,111.8,"1.000,",,,,,,,,
2026-08-18T10:37:07.097433,9628,0x46,PUSCH,,,,,,2,10,1296,517,4,0,OK,111.4,142.8,0.0,-0.0,82,,,,,,,,,,,
2026-08-18T10:37:07.097500,9628,0x46,PHR,,,,,,,,,,,,,,,,,,,,,,,,30.0,,,,
2026-08-18T10:37:07.190151,9629,0x46,PDSCH,3,450,185,6,0,,,,,,,,,,,,,,,,,,,,,,,
2026-08-18T10:37:07.560295,9637,0x46,PUCCH,,,,,,,,,,,,,,,,,,1a,111.7,"1.000,",,,1,,,,,
2026-08-18T10:37:07.667239,9640,0x46,PUCCH,,,,,,,,,,,,,,,,,,1,111.8,"1.000,",,,,,,,,
2026-08-18T10:37:07.699218,9641,0x46,PUCCH,,,,,,,,,,,,,,,,,,2,111.8,"1.000,",,,,,,,,
2026-08-18T10:37:07.975352,9648,0x46,PUSCH,,,,,,2,10,1296,517,4,0,OK,111.4,142.8,0.0,-0.0,90,,,,,,,,,,,
2026-08-18T10:37:07.975355,9648,0x46,BSR,,,,,,,,,,,,,,,,,,,,,,,,,0,0,0,0
2026-08-18T10:37:08.009418,9649,0x46,PDSCH,3,450,185,6,0,,,,,,,,,,,,,,,,,,,,,,,
2026-08-18T10:37:08.419036,9657,0x46,PUCCH,,,,,,,,,,,,,,,,,,1a,111.7,"1.000,",,,1,,,,,
2026-08-18T10:37:08.538429,9659,0x46,PDSCH,3,450,7,2,0,,,,,,,,,,,,,,,,,,,,,,,
2026-08-18T10:37:08.583552,9660,0x46,PUCCH,,,,,,,,,,,,,,,,,,1,111.8,"1.000,",,,,,,,,
2026-08-18T10:37:08.892758,9667,0x46,PUCCH,,,,,,,,,,,,,,,,,,1a,111.7,"1.000,",,,1,,,,,
2026-08-18T10:37:08.944992,9668,0x46,PUSCH,,,,,,2,10,1296,517,4,0,OK,111.4,142.8,0.0,-0.0,93,,,,,,,,,,,
2026-08-18T10:37:08.945082,9668,0x46,BSR,,,,,,,,,,,,,,,,,,,,,,,,,0,0,0,0
2026-08-18T10:37:08.984983,9669,0x46,PDSCH,3,450,185,6,0,,,,,,,,,,,,,,,,,,,,,,,
2026-08-18T10:37:09.306291,9677,0x46,PUCCH,,,,,,,,,,,,,,,,,,1a,111.7,"1.000,",,,1,,,,,
2026-08-18T10:37:09.400911,9680,0x46,PUCCH,,,,,,,,,,,,,,,,,,1,111.8,"1.000,",,,,,,,,
2026-08-18T10:37:09.429365,9681,0x46,PUCCH,,,,,,,,,,,,,,,,,,2,111.8,"1.000,",,,,,,,,
2026-08-18T10:37:09.641629,9688,0x46,PUSCH,,,,,,2,10,1296,517,4,0,OK,111.4,142.8,0.0,-0.0,86,,,,,,,,,,,
2026-08-18T10:37:09.641710,9688,0x46,PHR,,,,,,,,,,,,,,,,,,,,,,,,30.0,,,,
2026-08-18T10:37:09.671804,9689,0x46,PDSCH,3,450,93,4,0,,,,,,,,,,,,,,,,,,,,,,,
2026-08-18T10:37:09.907360,9697,0x46,PUCCH,,,,,,,,,,,,,,,,,,1a,111.7,"1.000,",,,1,,,,,
2026-08-18T10:37:09.996015,9700,0x46,PUCCH,,,,,,,,,,,,,,,,,,1,111.8,"1.000,",,,,,,,,
2026-08-18T10:37:10.197002,9708,0x46,PUSCH,,,,,,2,10,1296,517,4,0,OK,111.4,142.8,0.0,-0.0,87,,,,,,,,,,,
2026-08-18T10:37:10.197086,9708,0x46,BSR,,,,,,,,,,,,,,,,,,,,,,,,,0,0,0,0
2026-08-18T10:37:10.238237,9709,0x46,PDSCH,3,450,105,4,0,,,,,,,,,,,,,,,,,,,,,,,
2026-08-18T10:37:10.588965,9717,0x46,PUCCH,,,,,,,,,,,,,,,,,,1a,111.7,"1.000,",,,1,,,,,
2026-08-18T10:37:10.703394,9720,0x46,PUCCH,,,,,,,,,,,,,,,,,,1,111.8,"1.000,",,,,,,,,
2026-08-18T10:37:10.735536,9721,0x46,PUCCH,,,,,,,,,,,,,,,,,,2,111.8,"1.000,",,,,,,,,
2026-08-18T10:37:11.002308,9728,0x46,PUSCH,,,,,,2,10,1296,517,4,0,OK,111.4,142.8,0.0,-0.0,91,,,,,,,,,,,
2026-08-18T10:37:11.002356,9728,0x46,BSR,,,,,,,,,,,,,,,,,,,,,,,,,0,0,0,0
2026-08-18T10:37:11.033096,9729,0x46,PDSCH,3,450,93,4,0,,,,,,,,,,,,,,,,,,,,,,,
2026-08-18T10:37:11.242859,9737,0x46,PUCCH,,,,,,,,,,,,,,,,,,1a,111.7,"1.000,",,,1,,,,,
2026-08-18T10:37:11.331578,9740,0x46,PUCCH,,,,,,,,,,,,,,,,,,1,111.8,"1.000,",,,,,,,,
2026-08-18T10:37:11.573423,9748,0x46,PUSCH,,,,,,2,10,1296,517,4,0,OK,111.4,142.7,0.0,-0.0,81,,,,,,,,,,,
2026-08-18T10:37:11.573478,9748,0x46,PHR,,,,,,,,,,,,,,,,,,,,,,,,30.0,,,,
2026-08-18T10:37:11.616868,9749,0x46,PDSCH,3,450,73,4,0,,,,,,,,,,,,,,,,,,,,,,,
2026-08-18T10:37:11.915575,9757,0x46,PUCCH,,,,,,,,,,,,,,,,,,1a,111.7,"1.000,",,,1,,,,,
2026-08-18T10:37:11.978120,9759,0x46,PDSCH,3,450,7,2,0,,,,,,,,,,,,,,,,,,,,,,,
2026-08-18T10:37:12.021386,9760,0x46,PUCCH,,,,,,,,,,,,,,,,,,1,111.8,"1.000,",,,,,,,,
2026-08-18T10:37:12.061696,9761,0x46,PUCCH,,,,,,,,,,,,,,,,,,2,111.8,"1.000,",,,,,,,,
2026-08-18T10:37:12.325593,9767,0x46,PUCCH,,,,,,,,,,,,,,,,,,1a,111.7,"1.000,",,,1,,,,,
2026-08-18T10:37:12.360759,9768,0x46,PUSCH,,,,,,2,10,1296,517,4,0,OK,111.4,142.8,0.0,-0.0,84,,,,,,,,,,,
2026-08-18T10:37:12.360819,9768,0x46,BSR,,,,,,,,,,,,,,,,,,,,,,,,,0,0,0,0
2026-08-18T10:37:12.396207,9769,0x46,PDSCH,3,450,121,6,0,,,,,,,,,,,,,,,,,,,,,,,
2026-08-18T10:37:12.655888,9777,0x46,PUCCH,,,,,,,,,,,,,,,,,,1a,111.7,"1.000,",,,1,,,,,
2026-08-18T10:37:12.762612,9780,0x46,PUCCH,,,,,,,,,,,,,,,,,,1,111.8,"1.000,",,,,,,,,
2026-08-18T10:37:12.988560,9788,0x46,PUSCH,,,,,,2,10,1296,517,4,0,OK,111.4,142.8,0.0,-0.0,155,,,,,,,,,,,
2026-08-18T10:37:12.988583,9788,0x46,BSR,,,,,,,,,,,,,,,,,,,,,,,,,0,0,0,0
2026-08-18T10:37:13.034470,9790,0x46,PDSCH,3,450,63,4,0,,,,,,,,,,,,,,,,,,,,,,,
2026-08-18T10:37:13.325912,9798,0x46,PUCCH,,,,,,,,,,,,,,,,,,1a,111.7,"1.000,",,,1,,,,,
2026-08-18T10:37:13.411238,9800,0x46,PUCCH,,,,,,,,,,,,,,,,,,1,111.8,"1.000,",,,,,,,,
2026-08-18T10:37:13.467038,9801,0x46,PUCCH,,,,,,,,,,,,,,,,,,2,111.8,"1.000,",,,,,,,,
2026-08-18T10:37:13.799113,9808,0x46,PUSCH,,,,,,2,10,1296,517,4,0,OK,111.4,142.8,0.0,-0.0,148,,,,,,,,,,,
2026-08-18T10:37:13.799173,9808,0x46,PHR,,,,,,,,,,,,,,,,,,,,,,,,30.0,,,,
2026-08-18T10:37:13.838409,9809,0x46,PDSCH,3,450,133,6,0,,,,,,,,,,,,,,,,,,,,,,,
2026-08-18T10:37:14.115994,9817,0x46,PUCCH,,,,,,,,,,,,,,,,,,1a,111.7,"1.000,",,,1,,,,,
2026-08-18T10:37:14.196848,9820,0x46,PUCCH,,,,,,,,,,,,,,,,,,1,111.8,"1.000,",,,,,,,,
2026-08-18T10:37:14.486510,9828,0x46,PUSCH,,,,,,2,10,1296,517,4,0,OK,111.4,142.9,0.0,-0.0,84,,,,,,,,,,,
2026-08-18T10:37:14.486524,9828,0x46,BSR,,,,,,,,,,,,,,,,,,,,,,,,,0,0,0,0
2026-08-18T10:37:14.522972,9829,0x46,PDSCH,3,450,73,4,0,,,,,,,,,,,,,,,,,,,,,,,
2026-08-18T10:37:14.810237,9837,0x46,PUCCH,,,,,,,,,,,,,,,,,,1a,111.7,"1.000,",,,1,,,,,
2026-08-18T10:37:14.917542,9840,0x46,PUCCH,,,,,,,,,,,,,,,,,,1,111.8,"1.000,",,,,,,,,
2026-08-18T10:37:14.956292,9841,0x46,PUCCH,,,,,,,,,,,,,,,,,,2,111.8,"1.000,",,,,,,,,
2026-08-18T10:37:15.286234,9848,0x46,PUSCH,,,,,,2,10,1296,517,4,0,OK,111.4,142.7,0.0,-0.0,81,,,,,,,,,,,
2026-08-18T10:37:15.286335,9848,0x46,BSR,,,,,,,,,,,,,,,,,,,,,,,,,0,0,0,0
2026-08-18T10:37:15.339617,9849,0x46,PDSCH,3,450,121,6,0,,,,,,,,,,,,,,,,,,,,,,,
2026-08-18T10:37:15.639334,9857,0x46,PUCCH,,,,,,,,,,,,,,,,,,1a,111.7,"1.000,",,,1,,,,,
2026-08-18T10:37:15.739926,9859,0x46,PDSCH,3,450,7,2,0,,,,,,,,,,,,,,,,,,,,,,,
2026-08-18T10:37:15.780580,9860,0x46,PUCCH,,,,,,,,,,,,,,,,,,1,111.8,"1.000,",,,,,,,,
2026-08-18T10:37:16.037725,9867,0x46,PUCCH,,,,,,,,,,,,,,,,,,1a,111.7,"1.000,",,,1,,,,,
2026-08-18T10:37:16.067288,9868,0x46,PUSCH,,,,,,2,10,1296,517,4,0,OK,111.4,142.8,0.0,-0.0,86,,,,,,,,,,,
2026-08-18T10:37:16.067388,9868,0x46,PHR,,,,,,,,,,,,,,,,,,,,,,,,30.0,,,,
2026-08-18T10:37:16.100703,9869,0x46,PDSCH,3,450,63,4,0,,,,,,,,,,,,,,,,,,,,,,,
2026-08-18T10:37:16.361906,9877,0x46,PUCCH,,,,,,,,,,,,,,,,,,1a,111.7,"1.000,",,,1,,,,,
2026-08-18T10:37:16.445568,9880,0x46,PUCCH,,,,,,,,,,,,,,,,,,1,111.8,"1.000,",,,,,,,,
2026-08-18T10:37:16.463988,9881,0x46,PUCCH,,,,,,,,,,,,,,,,,,2,111.8,"1.000,",,,,,,,,
2026-08-18T10:37:16.651894,9888,0x46,PUSCH,,,,,,2,10,1296,517,4,0,OK,111.4,142.8,0.0,-0.0,134,,,,,,,,,,,
2026-08-18T10:37:17.028464,9897,0x46,PUSCH,,,,,,2,46,6480,2865,4,0,OK,109.0,135.8,0.0,-0.0,734,,,,,,,,,,,
2026-08-18T10:37:17.029153,9898,0x46,PUSCH,,,,,,2,46,6480,2865,4,0,OK,109.0,135.8,0.0,0.0,429,,,,,,,,,,,
2026-08-18T10:37:17.160509,9899,0x46,PUSCH,,,,,,2,46,6480,2865,4,0,OK,109.0,135.8,0.0,-0.0,759,,,,,,,,,,,
2026-08-18T10:37:17.160810,9899,0x46,PDSCH,3,450,233,6,0,,,,,,,,,,,,,,,,,,,,,,,
2026-08-18T10:37:17.161170,9900,0x46,PDSCH,3,450,121,6,0,,,,,,,,,,,,,,,,,,,,,,,
2026-08-18T10:37:17.219993,9901,0x46,PUSCH,,,,,,10,45,5184,2385,4,0,OK,108.3,136.7,0.0,-0.0,344,,,,,,,,,,,
2026-08-18T10:37:17.301764,9902,0x46,PUSCH,,,,,,2,6,720,269,4,0,OK,117.9,145.4,0.0,-0.0,74,,,,,,,,,,,
2026-08-18T10:37:17.301871,9902,0x46,BSR,,,,,,,,,,,,,,,,,,,,,,,,,0,0,0,0
2026-08-18T10:37:17.301904,9902,0x46,PDSCH,3,450,173,6,0,,,,,,,,,,,,,,,,,,,,,,,
2026-08-18T10:37:17.340417,9903,0x46,PDSCH,3,450,63,4,0,,,,,,,,,,,,,,,,,,,,,,,
2026-08-18T10:37:17.410748,9905,0x46,PUSCH,,,,,,2,46,6480,2865,4,0,OK,109.0,135.8,0.0,-0.0,373,,,,,,,,,,,
2026-08-18T10:37:17.410749,9905,0x46,BSR,,,,,,,,,,,,,,,,,,,,,,,,,0,0,0,0
2026-08-18T10:37:17.440004,9906,0x46,PUSCH,,,,,,2,46,6480,2865,4,0,OK,109.0,135.9,0.0,-0.0,381,,,,,,,,,,,
2026-08-18T10:37:17.440054,9906,0x46,BSR,,,,,,,,,,,,,,,,,,,,,,,,,0,0,0,0
2026-08-18T10:37:17.469996,9907,0x46,BSR,,,,,,,,,,,,,,,,,,,,,,,,,0,0,0,0
2026-08-18T10:37:17.527225,9909,0x46,PUSCH,,,,,,2,46,6480,2865,4,0,OK,109.0,135.8,0.0,-0.0,373,,,,,,,,,,,
2026-08-18T10:37:17.527372,9909,0x46,PDSCH,3,450,133,6,0,,,,,,,,,,,,,,,,,,,,,,,
2026-08-18T10:37:17.559066,9910,0x46,PDSCH,3,450,121,6,0,,,,,,,,,,,,,,,,,,,,,,,
2026-08-18T10:37:17.589149,9911,0x46,PUCCH,,,,,,,,,,,,,,,,,,1a,111.7,"1.000,",,,1,,,,,
2026-08-18T10:37:17.853954,9918,0x46,PHR,,,,,,,,,,,,,,,,,,,,,,,,30.0,,,,
2026-08-18T10:37:17.853960,9918,0x46,PDSCH,3,450,121,6,0,,,,,,,,,,,,,,,,,,,,,,,
2026-08-18T10:37:17.880429,9919,0x46,PUSCH,,,,,,2,46,6480,2865,4,0,OK,109.0,135.9,0.0,-0.0,372,,,,,,,,,,,
2026-08-18T10:37:17.880534,9919,0x46,PDSCH,3,450,63,4,0,,,,,,,,,,,,,,,,,,,,,,,
2026-08-18T10:37:17.913035,9920,0x46,PDSCH,3,450,63,4,0,,,,,,,,,,,,,,,,,,,,,,,
2026-08-18T10:37:17.943807,9921,0x46,PUCCH,,,,,,,,,,,,,,,,,,2,111.8,"1.000,",,,,,,,,
2026-08-18T10:37:18.094710,9925,0x46,PUSCH,,,,,,2,46,6480,2865,4,0,OK,109.0,135.8,0.0,-0.0,381,,,,,,,,,,,
2026-08-18T10:37:18.149833,9926,0x46,PDSCH,3,450,63,4,0,,,,,,,,,,,,,,,,,,,,,,,
2026-08-18T10:37:18.200134,9927,0x46,PDSCH,3,450,63,4,0,,,,,,,,,,,,,,,,,,,,,,,
2026-08-18T10:37:18.239487,9928,0x46,PDSCH,3,450,63,4,0,,,,,,,,,,,,,,,,,,,,,,,
2026-08-18T10:37:18.273564,9929,0x46,PUSCH,,,,,,2,5,576,217,4,0,OK,117.9,146.5,0.0,-0.0,47,,,,,,,,,,,
2026-08-18T10:37:18.273699,9929,0x46,PDSCH,3,450,63,4,0,,,,,,,,,,,,,,,,,,,,,,,
2026-08-18T10:37:18.399161,9933,0x46,PUSCH,,,,,,2,46,6480,2865,4,0,OK,109.0,135.8,0.0,-0.0,375,,,,,,,,,,,
2026-08-18T10:37:18.428204,9934,0x46,PDSCH,3,450,63,4,0,,,,,,,,,,,,,,,,,,,,,,,
2026-08-18T10:37:18.485752,9936,0x46,PDSCH,6,900,117,2,0,,,,,,,,,,,,,,,,,,,,,,,
2026-08-18T10:37:18.513369,9937,0x46,PDSCH,3,450,63,4,0,,,,,,,,,,,,,,,,,,,,,,,
2026-08-18T10:37:18.542037,9938,0x46,PUSCH,,,,,,2,46,6480,2865,4,0,OK,109.0,135.8,0.0,0.0,373,,,,,,,,,,,
2026-08-18T10:37:18.542078,9938,0x46,BSR,,,,,,,,,,,,,,,,,,,,,,,,,0,0,0,52
2026-08-18T10:37:18.542142,9938,0x46,PDSCH,3,450,63,4,0,,,,,,,,,,,,,,,,,,,,,,,
2026-08-18T10:37:18.798070,9939,0x46,PUSCH,,,,,,2,46,6480,2865,4,0,OK,109.0,135.9,0.0,-0.0,370,,,,,,,,,,,
2026-08-18T10:37:18.831018,9940,0x46,PDSCH,3,450,63,4,0,,,,,,,,,,,,,,,,,,,,,,,
2026-08-18T10:37:18.873521,9941,0x46,PUSCH,,,,,,10,45,5184,2385,4,0,OK,108.3,136.8,0.0,-0.0,327,,,,,,,,,,,
2026-08-18T10:37:18.930132,9942,0x46,PDSCH,3,450,233,6,0,,,,,,,,,,,,,,,,,,,,,,,
2026-08-18T10:37:18.985310,9943,0x46,PUSCH,,,,,,2,46,6480,2865,4,0,OK,109.0,135.9,0.0,-0.0,372,,,,,,,,,,,
2026-08-18T10:37:18.985411,9943,0x46,PDSCH,3,450,121,6,0,,,,,,,,,,,,,,,,,,,,,,,
2026-08-18T10:37:19.036634,9944,0x46,PDSCH,3,450,121,6,0,,,,,,,,,,,,,,,,,,,,,,,
2026-08-18T10:37:19.081280,9945,0x46,PDSCH,3,450,121,6,0,,,,,,,,,,,,,,,,,,,,,,,
2026-08-18T10:37:19.143400,9946,0x46,PDSCH,6,900,117,2,0,,,,,,,,,,,,,,,,,,,,,,,
2026-08-18T10:37:19.196675,9947,0x46,PUSCH,,,,,,2,46,6480,2865,4,0,OK,109.0,135.8,0.0,-0.0,370,,,,,,,,,,,
2026-08-18T10:37:19.196775,9947,0x46,PDSCH,3,450,121,6,0,,,,,,,,,,,,,,,,,,,,,,,
2026-08-18T10:37:19.262197,9948,0x46,PDSCH,3,450,121,6,0,,,,,,,,,,,,,,,,,,,,,,,
2026-08-18T10:37:19.336936,9949,0x46,PUSCH,,,,,,2,46,6480,2865,4,0,OK,109.0,135.8,0.0,0.0,401,,,,,,,,,,,
2026-08-18T10:37:19.337038,9949,0x46,PDSCH,3,450,121,6,0,,,,,,,,,,,,,,,,,,,,,,,
2026-08-18T10:37:19.387731,9950,0x46,PDSCH,3,450,173,6,0,,,,,,,,,,,,,,,,,,,,,,,
2026-08-18T10:37:19.431022,9951,0x46,PDSCH,3,450,121,6,0,,,,,,,,,,,,,,,,,,,,,,,
2026-08-18T10:37:19.475075,9952,0x46,PDSCH,3,450,121,6,0,,,,,,,,,,,,,,,,,,,,,,,
2026-08-18T10:37:19.514220,9953,0x46,PDSCH,3,450,121,6,0,,,,,,,,,,,,,,,,,,,,,,,
2026-08-18T10:37:19.552797,9954,0x46,PDSCH,3,450,121,6,0,,,,,,,,,,,,,,,,,,,,,,,
2026-08-18T10:37:19.604196,9955,0x46,PDSCH,3,450,121,6,0,,,,,,,,,,,,,,,,,,,,,,,
2026-08-18T10:37:19.653887,9956,0x46,PDSCH,6,900,117,2,0,,,,,,,,,,,,,,,,,,,,,,,
2026-08-18T10:37:19.697448,9957,0x46,PDSCH,3,450,121,6,0,,,,,,,,,,,,,,,,,,,,,,,
2026-08-18T10:37:19.741154,9958,0x46,PDSCH,3,450,121,6,0,,,,,,,,,,,,,,,,,,,,,,,
2026-08-18T10:37:19.803725,9959,0x46,PDSCH,3,450,121,6,0,,,,,,,,,,,,,,,,,,,,,,,
2026-08-18T10:37:19.851504,9960,0x46,PDSCH,3,450,121,6,0,,,,,,,,,,,,,,,,,,,,,,,
2026-08-18T10:37:19.942934,9962,0x46,PDSCH,3,450,233,6,0,,,,,,,,,,,,,,,,,,,,,,,
2026-08-18T10:37:19.982038,9963,0x46,PDSCH,3,450,121,6,0,,,,,,,,,,,,,,,,,,,,,,,
2026-08-18T10:37:20.020202,9964,0x46,PDSCH,3,450,121,6,0,,,,,,,,,,,,,,,,,,,,,,,
2026-08-18T10:37:20.058029,9965,0x46,PDSCH,3,450,121,6,0,,,,,,,,,,,,,,,,,,,,,,,
2026-08-18T10:37:20.087509,9966,0x46,PDSCH,6,900,117,2,0,,,,,,,,,,,,,,,,,,,,,,,
2026-08-18T10:37:20.117212,9967,0x46,PDSCH,3,450,121,6,0,,,,,,,,,,,,,,,,,,,,,,,
2026-08-18T10:37:20.144220,9968,0x46,PHR,,,,,,,,,,,,,,,,,,,,,,,,30.0,,,,
2026-08-18T10:37:20.144248,9968,0x46,PDSCH,3,450,121,6,0,,,,,,,,,,,,,,,,,,,,,,,
2026-08-18T10:37:20.176595,9969,0x46,PUSCH,,,,,,2,46,6480,2865,4,0,OK,109.0,135.9,0.0,0.0,374,,,,,,,,,,,
2026-08-18T10:37:20.176705,9969,0x46,PDSCH,3,450,121,6,0,,,,,,,,,,,,,,,,,,,,,,,
2026-08-18T10:37:20.204019,9970,0x46,PDSCH,3,450,121,6,0,,,,,,,,,,,,,,,,,,,,,,,
2026-08-18T10:37:20.230421,9971,0x46,PDSCH,3,450,121,6,0,,,,,,,,,,,,,,,,,,,,,,,
2026-08-18T10:37:20.259789,9972,0x46,PDSCH,3,450,121,6,0,,,,,,,,,,,,,,,,,,,,,,,
2026-08-18T10:37:20.303787,9973,0x46,PDSCH,3,450,121,6,0,,,,,,,,,,,,,,,,,,,,,,,
2026-08-18T10:37:20.356508,9974,0x46,PDSCH,3,450,121,6,0,,,,,,,,,,,,,,,,,,,,,,,
2026-08-18T10:37:20.398048,9975,0x46,PDSCH,3,450,121,6,0,,,,,,,,,,,,,,,,,,,,,,,
2026-08-18T10:37:20.451828,9976,0x46,PDSCH,6,900,117,2,0,,,,,,,,,,,,,,,,,,,,,,,
2026-08-18T10:37:20.512296,9977,0x46,PDSCH,3,450,121,6,0,,,,,,,,,,,,,,,,,,,,,,,
2026-08-18T10:37:20.561924,9978,0x46,PDSCH,3,450,121,6,0,,,,,,,,,,,,,,,,,,,,,,,
2026-08-18T10:37:20.602834,9979,0x46,PDSCH,3,450,121,6,0,,,,,,,,,,,,,,,,,,,,,,,
2026-08-18T10:37:20.642709,9980,0x46,PDSCH,3,450,121,6,0,,,,,,,,,,,,,,,,,,,,,,,
2026-08-18T10:37:20.710825,9982,0x46,PDSCH,3,450,233,6,0,,,,,,,,,,,,,,,,,,,,,,,
2026-08-18T10:37:20.740530,9983,0x46,PDSCH,3,450,121,6,0,,,,,,,,,,,,,,,,,,,,,,,
2026-08-18T10:37:20.768956,9984,0x46,PDSCH,3,450,121,6,0,,,,,,,,,,,,,,,,,,,,,,,
2026-08-18T10:37:20.798044,9985,0x46,PDSCH,3,450,121,6,0,,,,,,,,,,,,,,,,,,,,,,,
2026-08-18T10:37:20.828189,9986,0x46,PDSCH,6,900,117,2,0,,,,,,,,,,,,,,,,,,,,,,,
2026-08-18T10:37:20.859671,9987,0x46,PDSCH,3,450,133,6,0,,,,,,,,,,,,,,,,,,,,,,,
2026-08-18T10:37:20.901410,9988,0x46,BSR,,,,,,,,,,,,,,,,,,,,,,,,,0,0,0,56
2026-08-18T10:37:20.901514,9988,0x46,PDSCH,3,450,121,6,0,,,,,,,,,,,,,,,,,,,,,,,
2026-08-18T10:37:20.936935,9989,0x46,PUSCH,,,,,,2,46,6480,2865,4,0,OK,109.0,135.8,0.0,-0.0,371,,,,,,,,,,,
2026-08-18T10:37:20.936967,9989,0x46,BSR,,,,,,,,,,,,,,,,,,,,,,,,,0,0,0,56
2026-08-18T10:37:20.999602,9991,0x46,PDSCH,3,450,121,6,0,,,,,,,,,,,,,,,,,,,,,,,
2026-08-18T10:37:21.030559,9992,0x46,PDSCH,3,450,121,6,0,,,,,,,,,,,,,,,,,,,,,,,
2026-08-18T10:37:21.061902,9993,0x46,PDSCH,3,450,121,6,0,,,,,,,,,,,,,,,,,,,,,,,
2026-08-18T10:37:21.091378,9994,0x46,PDSCH,3,450,121,6,0,,,,,,,,,,,,,,,,,,,,,,,
2026-08-18T10:37:21.122482,9995,0x46,PDSCH,3,450,121,6,0,,,,,,,,,,,,,,,,,,,,,,,
2026-08-18T10:37:21.165565,9996,0x46,PDSCH,6,900,117,2,0,,,,,,,,,,,,,,,,,,,,,,,
2026-08-18T10:37:21.217475,9997,0x46,PUSCH,,,,,,2,46,6480,2865,4,0,OK,109.0,135.8,0.0,-0.0,371,,,,,,,,,,,
2026-08-18T10:37:21.217578,9997,0x46,PDSCH,3,450,121,6,0,,,,,,,,,,,,,,,,,,,,,,,
2026-08-18T10:37:21.267302,9998,0x46,PUSCH,,,,,,2,46,6480,2865,4,0,OK,109.0,135.9,0.0,0.0,453,,,,,,,,,,,
2026-08-18T10:37:21.267402,9998,0x46,PDSCH,3,450,63,4,0,,,,,,,,,,,,,,,,,,,,,,,
2026-08-18T10:37:21.308941,9999,0x46,PDSCH,3,450,63,4,0,,,,,,,,,,,,,,,,,,,,,,,
2026-08-18T10:37:21.362797,10000,0x46,PDSCH,3,450,63,4,0,,,,,,,,,,,,,,,,,,,,,,,
2026-08-18T10:37:21.491114,10002,0x46,PDSCH,3,450,121,6,0,,,,,,,,,,,,,,,,,,,,,,,
2026-08-18T10:37:21.537467,10003,0x46,PDSCH,3,450,63,4,0,,,,,,,,,,,,,,,,,,,,,,,
2026-08-18T10:37:21.578028,10004,0x46,PDSCH,3,450,63,4,0,,,,,,,,,,,,,,,,,,,,,,,
2026-08-18T10:37:21.621544,10005,0x46,PDSCH,3,450,63,4,0,,,,,,,,,,,,,,,,,,,,,,,
2026-08-18T10:37:21.662495,10006,0x46,PDSCH,3,450,63,4,0,,,,,,,,,,,,,,,,,,,,,,,
2026-08-18T10:37:21.737081,10007,0x46,PDSCH,3,450,63,4,0,,,,,,,,,,,,,,,,,,,,,,,
2026-08-18T10:37:21.793261,10008,0x46,PDSCH,3,450,63,4,0,,,,,,,,,,,,,,,,,,,,,,,
2026-08-18T10:37:21.840767,10009,0x46,PUSCH,,,,,,2,46,6480,2865,4,0,OK,109.0,135.9,0.0,0.0,433,,,,,,,,,,,
2026-08-18T10:37:21.840865,10009,0x46,PDSCH,3,450,63,4,0,,,,,,,,,,,,,,,,,,,,,,,
2026-08-18T10:37:21.886450,10010,0x46,PDSCH,3,450,63,4,0,,,,,,,,,,,,,,,,,,,,,,,
2026-08-18T10:37:21.927756,10011,0x46,PDSCH,3,450,63,4,0,,,,,,,,,,,,,,,,,,,,,,,
2026-08-18T10:37:21.980881,10012,0x46,PDSCH,3,450,63,4,0,,,,,,,,,,,,,,,,,,,,,,,
2026-08-18T10:37:22.045570,10013,0x46,PDSCH,3,450,63,4,0,,,,,,,,,,,,,,,,,,,,,,,
2026-08-18T10:37:22.094304,10014,0x46,PDSCH,3,450,63,4,0,,,,,,,,,,,,,,,,,,,,,,,
2026-08-18T10:37:22.139215,10015,0x46,PDSCH,3,450,63,4,0,,,,,,,,,,,,,,,,,,,,,,,
2026-08-18T10:37:22.177995,10016,0x46,PDSCH,3,450,63,4,0,,,,,,,,,,,,,,,,,,,,,,,
2026-08-18T10:37:22.211599,10017,0x46,PDSCH,3,450,63,4,0,,,,,,,,,,,,,,,,,,,,,,,
2026-08-18T10:37:22.244494,10018,0x46,PHR,,,,,,,,,,,,,,,,,,,,,,,,30.0,,,,
2026-08-18T10:37:22.244506,10018,0x46,PDSCH,3,450,63,4,0,,,,,,,,,,,,,,,,,,,,,,,
2026-08-18T10:37:22.281200,10019,0x46,PDSCH,3,450,63,4,0,,,,,,,,,,,,,,,,,,,,,,,
2026-08-18T10:37:22.314145,10020,0x46,PDSCH,3,450,63,4,0,,,,,,,,,,,,,,,,,,,,,,,
2026-08-18T10:37:22.401483,10022,0x46,PDSCH,3,450,121,6,0,,,,,,,,,,,,,,,,,,,,,,,
2026-08-18T10:37:22.435811,10023,0x46,PDSCH,3,450,63,4,0,,,,,,,,,,,,,,,,,,,,,,,
2026-08-18T10:37:22.470937,10024,0x46,PDSCH,3,450,63,4,0,,,,,,,,,,,,,,,,,,,,,,,
2026-08-18T10:37:22.508141,10025,0x46,PDSCH,3,450,63,4,0,,,,,,,,,,,,,,,,,,,,,,,
2026-08-18T10:37:22.541749,10026,0x46,PDSCH,3,450,63,4,0,,,,,,,,,,,,,,,,,,,,,,,
2026-08-18T10:37:22.567241,10027,0x46,PDSCH,3,450,63,4,0,,,,,,,,,,,,,,,,,,,,,,,
2026-08-18T10:37:22.595943,10028,0x46,PDSCH,3,450,63,4,0,,,,,,,,,,,,,,,,,,,,,,,
2026-08-18T10:37:22.627406,10029,0x46,PUSCH,,,,,,2,46,6480,2865,4,0,OK,109.0,135.9,0.0,0.0,419,,,,,,,,,,,
2026-08-18T10:37:22.627519,10029,0x46,PDSCH,3,450,63,4,0,,,,,,,,,,,,,,,,,,,,,,,
2026-08-18T10:37:22.686902,10030,0x46,PDSCH,3,450,63,4,0,,,,,,,,,,,,,,,,,,,,,,,
2026-08-18T10:37:22.736558,10031,0x46,PDSCH,3,450,63,4,0,,,,,,,,,,,,,,,,,,,,,,,
2026-08-18T10:37:22.783212,10032,0x46,PDSCH,3,450,63,4,0,,,,,,,,,,,,,,,,,,,,,,,
2026-08-18T10:37:22.818034,10033,0x46,PDSCH,3,450,63,4,0,,,,,,,,,,,,,,,,,,,,,,,
2026-08-18T10:37:22.850690,10034,0x46,PDSCH,3,450,63,4,0,,,,,,,,,,,,,,,,,,,,,,,
2026-08-18T10:37:22.885323,10035,0x46,PDSCH,3,450,63,4,0,,,,,,,,,,,,,,,,,,,,,,,
2026-08-18T10:37:22.915203,10036,0x46,PDSCH,3,450,63,4,0,,,,,,,,,,,,,,,,,,,,,,,
2026-08-18T10:37:22.947653,10037,0x46,PDSCH,3,450,63,4,0,,,,,,,,,,,,,,,,,,,,,,,
2026-08-18T10:37:22.987388,10038,0x46,PDSCH,3,450,63,4,0,,,,,,,,,,,,,,,,,,,,,,,
2026-08-18T10:37:23.020294,10039,0x46,BSR,,,,,,,,,,,,,,,,,,,,,,,,,0,0,0,58
2026-08-18T10:37:23.020316,10039,0x46,PDSCH,3,450,63,4,0,,,,,,,,,,,,,,,,,,,,,,,
2026-08-18T10:37:23.052070,10040,0x46,BSR,,,,,,,,,,,,,,,,,,,,,,,,,0,0,0,58
2026-08-18T10:37:23.085251,10041,0x46,BSR,,,,,,,,,,,,,,,,,,,,,,,,,0,0,0,58
2026-08-18T10:37:23.118538,10042,0x46,BSR,,,,,,,,,,,,,,,,,,,,,,,,,0,0,0,58
2026-08-18T10:37:23.176448,10044,0x46,PDSCH,3,450,63,4,0,,,,,,,,,,,,,,,,,,,,,,,
2026-08-18T10:37:23.206023,10045,0x46,PDSCH,3,450,63,4,0,,,,,,,,,,,,,,,,,,,,,,,
2026-08-18T10:37:23.236641,10046,0x46,PDSCH,3,450,63,4,0,,,,,,,,,,,,,,,,,,,,,,,
2026-08-18T10:37:23.268395,10047,0x46,PDSCH,3,450,63,4,0,,,,,,,,,,,,,,,,,,,,,,,
2026-08-18T10:37:23.302997,10048,0x46,PUSCH,,,,,,2,46,6480,2865,4,0,OK,109.0,135.8,0.0,0.0,372,,,,,,,,,,,
2026-08-18T10:37:23.303098,10048,0x46,PDSCH,3,450,63,4,0,,,,,,,,,,,,,,,,,,,,,,,
2026-08-18T10:37:23.345476,10049,0x46,PUSCH,,,,,,2,46,6480,2865,4,0,OK,109.0,135.8,0.0,0.0,372,,,,,,,,,,,
2026-08-18T10:37:23.345605,10049,0x46,PDSCH,3,450,63,4,0,,,,,,,,,,,,,,,,,,,,,,,
2026-08-18T10:37:23.372466,10050,0x46,PUSCH,,,,,,2,46,6480,2865,4,0,OK,109.0,135.8,0.0,0.0,372,,,,,,,,,,,
2026-08-18T10:37:23.372567,10050,0x46,PDSCH,3,450,63,4,0,,,,,,,,,,,,,,,,,,,,,,,
2026-08-18T10:37:23.403768,10051,0x46,PUSCH,,,,,,10,45,5184,2385,4,0,OK,108.3,136.8,0.0,-0.0,333,,,,,,,,,,,
2026-08-18T10:37:23.403871,10051,0x46,PDSCH,3,450,63,4,0,,,,,,,,,,,,,,,,,,,,,,,
2026-08-18T10:37:23.430171,10052,0x46,PDSCH,3,450,63,4,0,,,,,,,,,,,,,,,,,,,,,,,
2026-08-18T10:37:23.459032,10053,0x46,PDSCH,3,450,63,4,0,,,,,,,,,,,,,,,,,,,,,,,
2026-08-18T10:37:23.484194,10054,0x46,PDSCH,3,450,63,4,0,,,,,,,,,,,,,,,,,,,,,,,
2026-08-18T10:37:23.513944,10055,0x46,PDSCH,3,450,63,4,0,,,,,,,,,,,,,,,,,,,,,,,
2026-08-18T10:37:23.543374,10056,0x46,PDSCH,3,450,63,4,0,,,,,,,,,,,,,,,,,,,,,,,
2026-08-18T10:37:23.575098,10057,0x46,PDSCH,3,450,63,4,0,,,,,,,,,,,,,,,,,,,,,,,
2026-08-18T10:37:23.617335,10058,0x46,PDSCH,3,450,73,4,0,,,,,,,,,,,,,,,,,,,,,,,
2026-08-18T10:37:23.647687,10059,0x46,PDSCH,3,450,63,4,0,,,,,,,,,,,,,,,,,,,,,,,
2026-08-18T10:37:23.674967,10060,0x46,PDSCH,3,450,63,4,0,,,,,,,,,,,,,,,,,,,,,,,
2026-08-18T10:37:23.736224,10062,0x46,PDSCH,3,450,121,6,0,,,,,,,,,,,,,,,,,,,,,,,
2026-08-18T10:37:23.768057,10063,0x46,PDSCH,3,450,63,4,0,,,,,,,,,,,,,,,,,,,,,,,
2026-08-18T10:37:23.798795,10064,0x46,PDSCH,3,450,63,4,0,,,,,,,,,,,,,,,,,,,,,,,
2026-08-18T10:37:23.831133,10065,0x46,PDSCH,3,450,63,4,0,,,,,,,,,,,,,,,,,,,,,,,
2026-08-18T10:37:23.861755,10066,0x46,PDSCH,3,450,63,4,0,,,,,,,,,,,,,,,,,,,,,,,
2026-08-18T10:37:23.893727,10067,0x46,PDSCH,3,450,63,4,0,,,,,,,,,,,,,,,,,,,,,,,
2026-08-18T10:37:23.935924,10068,0x46,PHR,,,,,,,,,,,,,,,,,,,,,,,,30.0,,,,
2026-08-18T10:37:23.935949,10068,0x46,PDSCH,3,450,63,4,0,,,,,,,,,,,,,,,,,,,,,,,
2026-08-18T10:37:23.959704,10069,0x46,PUSCH,,,,,,2,46,6480,2865,4,0,OK,109.0,135.9,0.0,0.0,389,,,,,,,,,,,
2026-08-18T10:37:23.959814,10069,0x46,PDSCH,3,450,63,4,0,,,,,,,,,,,,,,,,,,,,,,,
2026-08-18T10:37:23.985741,10070,0x46,PDSCH,3,450,63,4,0,,,,,,,,,,,,,,,,,,,,,,,
2026-08-18T10:37:24.013975,10071,0x46,PDSCH,3,450,63,4,0,,,,,,,,,,,,,,,,,,,,,,,
2026-08-18T10:37:24.045249,10072,0x46,PDSCH,3,450,63,4,0,,,,,,,,,,,,,,,,,,,,,,,
2026-08-18T10:37:24.077658,10073,0x46,PDSCH,3,450,63,4,0,,,,,,,,,,,,,,,,,,,,,,,
2026-08-18T10:37:24.108237,10074,0x46,PDSCH,3,450,63,4,0,,,,,,,,,,,,,,,,,,,,,,,
2026-08-18T10:37:24.143100,10075,0x46,PDSCH,3,450,63,4,0,,,,,,,,,,,,,,,,,,,,,,,
2026-08-18T10:37:24.168998,10076,0x46,PDSCH,3,450,63,4,0,,,,,,,,,,,,,,,,,,,,,,,
2026-08-18T10:37:24.191455,10077,0x46,PDSCH,3,450,63,4,0,,,,,,,,,,,,,,,,,,,,,,,
2026-08-18T10:37:24.215692,10078,0x46,PDSCH,3,450,63,4,0,,,,,,,,,,,,,,,,,,,,,,,
2026-08-18T10:37:24.241125,10079,0x46,PDSCH,3,450,63,4,0,,,,,,,,,,,,,,,,,,,,,,,
2026-08-18T10:37:24.267399,10080,0x46,PDSCH,3,450,63,4,0,,,,,,,,,,,,,,,,,,,,,,,
2026-08-18T10:37:24.326181,10082,0x46,PDSCH,3,450,121,6,0,,,,,,,,,,,,,,,,,,,,,,,
2026-08-18T10:37:24.357172,10083,0x46,PDSCH,3,450,63,4,0,,,,,,,,,,,,,,,,,,,,,,,
2026-08-18T10:37:24.398430,10084,0x46,PDSCH,3,450,63,4,0,,,,,,,,,,,,,,,,,,,,,,,
2026-08-18T10:37:24.462830,10086,0x46,PDSCH,6,900,117,2,0,,,,,,,,,,,,,,,,,,,,,,,
2026-08-18T10:37:24.495246,10087,0x46,PDSCH,3,450,63,4,0,,,,,,,,,,,,,,,,,,,,,,,
2026-08-18T10:37:24.534234,10088,0x46,PDSCH,3,450,63,4,0,,,,,,,,,,,,,,,,,,,,,,,
2026-08-18T10:37:24.574832,10089,0x46,PUSCH,,,,,,2,46,6480,2865,4,0,OK,109.0,135.8,0.0,0.0,371,,,,,,,,,,,
2026-08-18T10:37:24.574930,10089,0x46,PDSCH,3,450,63,4,0,,,,,,,,,,,,,,,,,,,,,,,
2026-08-18T10:37:24.616506,10090,0x46,PDSCH,3,450,63,4,0,,,,,,,,,,,,,,,,,,,,,,,
2026-08-18T10:37:24.664866,10091,0x46,PDSCH,3,450,63,4,0,,,,,,,,,,,,,,,,,,,,,,,
2026-08-18T10:37:24.699212,10092,0x46,BSR,,,,,,,,,,,,,,,,,,,,,,,,,0,0,0,61
2026-08-18T10:37:24.699259,10092,0x46,PDSCH,3,450,63,4,0,,,,,,,,,,,,,,,,,,,,,,,
2026-08-18T10:37:24.735900,10093,0x46,PUSCH,,,,,,2,46,6480,2865,4,0,OK,109.0,135.8,0.0,-0.0,381,,,,,,,,,,,
2026-08-18T10:37:24.735963,10093,0x46,BSR,,,,,,,,,,,,,,,,,,,,,,,,,0,0,0,61
2026-08-18T10:37:24.915737,10096,0x46,PDSCH,6,900,117,2,0,,,,,,,,,,,,,,,,,,,,,,,
2026-08-18T10:37:24.953121,10097,0x46,PDSCH,3,450,63,4,0,,,,,,,,,,,,,,,,,,,,,,,
2026-08-18T10:37:24.992855,10098,0x46,PDSCH,3,450,63,4,0,,,,,,,,,,,,,,,,,,,,,,,
2026-08-18T10:37:25.031697,10099,0x46,PDSCH,3,450,63,4,0,,,,,,,,,,,,,,,,,,,,,,,
2026-08-18T10:37:25.061043,10100,0x46,PDSCH,3,450,63,4,0,,,,,,,,,,,,,,,,,,,,,,,
2026-08-18T10:37:25.090951,10101,0x46,PUSCH,,,,,,10,45,5184,2385,4,0,OK,108.3,136.8,0.0,-0.0,322,,,,,,,,,,,
2026-08-18T10:37:25.119940,10102,0x46,PUSCH,,,,,,2,46,6480,2865,4,0,OK,109.0,135.8,0.0,-0.0,371,,,,,,,,,,,
2026-08-18T10:37:25.120044,10102,0x46,PDSCH,3,450,121,6,0,,,,,,,,,,,,,,,,,,,,,,,
2026-08-18T10:37:25.146539,10103,0x46,PUSCH,,,,,,2,46,6480,2865,4,0,OK,109.0,135.9,0.0,-0.0,373,,,,,,,,,,,
2026-08-18T10:37:25.146637,10103,0x46,PDSCH,3,450,63,4,0,,,,,,,,,,,,,,,,,,,,,,,
2026-08-18T10:37:25.173858,10104,0x46,PDSCH,3,450,63,4,0,,,,,,,,,,,,,,,,,,,,,,,
2026-08-18T10:37:25.200844,10105,0x46,PDSCH,3,450,63,4,0,,,,,,,,,,,,,,,,,,,,,,,
2026-08-18T10:37:25.226880,10106,0x46,PDSCH,3,450,63,4,0,,,,,,,,,,,,,,,,,,,,,,,
2026-08-18T10:37:25.255093,10107,0x46,PDSCH,3,450,63,4,0,,,,,,,,,,,,,,,,,,,,,,,
2026-08-18T10:37:25.285201,10108,0x46,PDSCH,3,450,63,4,0,,,,,,,,,,,,,,,,,,,,,,,
2026-08-18T10:37:25.552226,10109,0x46,PUSCH,,,,,,2,46,6480,2865,4,0,OK,109.0,135.9,0.0,0.0,428,,,,,,,,,,,
2026-08-18T10:37:25.552328,10109,0x46,PDSCH,3,450,63,4,0,,,,,,,,,,,,,,,,,,,,,,,
2026-08-18T10:37:25.605858,10110,0x46,PDSCH,3,450,63,4,0,,,,,,,,,,,,,,,,,,,,,,,
2026-08-18T10:37:25.633133,10111,0x46,PDSCH,3,450,63,4,0,,,,,,,,,,,,,,,,,,,,,,,
2026-08-18T10:37:25.663959,10112,0x46,PDSCH,3,450,63,4,0,,,,,,,,,,,,,,,,,,,,,,,
2026-08-18T10:37:25.705311,10113,0x46,PDSCH,3,450,63,4,0,,,,,,,,,,,,,,,,,,,,,,,
2026-08-18T10:37:25.736954,10114,0x46,PDSCH,3,450,63,4,0,,,,,,,,,,,,,,,,,,,,,,,
2026-08-18T10:37:25.766057,10115,0x46,PDSCH,3,450,63,4,0,,,,,,,,,,,,,,,,,,,,,,,
2026-08-18T10:37:25.796900,10116,0x46,PDSCH,3,450,63,4,0,,,,,,,,,,,,,,,,,,,,,,,
2026-08-18T10:37:25.828341,10117,0x46,PDSCH,3,450,63,4,0,,,,,,,,,,,,,,,,,,,,,,,
2026-08-18T10:37:25.870748,10118,0x46,PHR,,,,,,,,,,,,,,,,,,,,,,,,30.0,,,,
2026-08-18T10:37:25.870765,10118,0x46,PDSCH,3,450,63,4,0,,,,,,,,,,,,,,,,,,,,,,,
2026-08-18T10:37:25.934210,10119,0x46,PDSCH,3,450,63,4,0,,,,,,,,,,,,,,,,,,,,,,,
2026-08-18T10:37:25.984576,10120,0x46,PDSCH,3,450,63,4,0,,,,,,,,,,,,,,,,,,,,,,,
2026-08-18T10:37:26.062433,10122,0x46,PDSCH,3,450,121,6,0,,,,,,,,,,,,,,,,,,,,,,,
2026-08-18T10:37:26.104295,10123,0x46,PDSCH,3,450,63,4,0,,,,,,,,,,,,,,,,,,,,,,,
2026-08-18T10:37:26.156243,10124,0x46,PDSCH,3,450,63,4,0,,,,,,,,,,,,,,,,,,,,,,,
2026-08-18T10:37:26.199897,10125,0x46,PDSCH,3,450,73,4,0,,,,,,,,,,,,,,,,,,,,,,,
2026-08-18T10:37:26.233158,10126,0x46,PDSCH,3,450,63,4,0,,,,,,,,,,,,,,,,,,,,,,,
2026-08-18T10:37:26.268517,10127,0x46,PDSCH,3,450,63,4,0,,,,,,,,,,,,,,,,,,,,,,,
2026-08-18T10:37:26.305502,10128,0x46,PDSCH,3,450,63,4,0,,,,,,,,,,,,,,,,,,,,,,,
2026-08-18T10:37:26.335307,10129,0x46,PUSCH,,,,,,2,46,6480,2865,4,0,OK,109.0,135.8,0.0,0.0,383,,,,,,,,,,,
2026-08-18T10:37:26.335410,10129,0x46,PDSCH,3,450,63,4,0,,,,,,,,,,,,,,,,,,,,,,,
2026-08-18T10:37:26.366251,10130,0x46,PDSCH,3,450,63,4,0,,,,,,,,,,,,,,,,,,,,,,,
2026-08-18T10:37:26.408218,10131,0x46,PDSCH,3,450,63,4,0,,,,,,,,,,,,,,,,,,,,,,,
2026-08-18T10:37:26.449647,10132,0x46,PDSCH,3,450,63,4,0,,,,,,,,,,,,,,,,,,,,,,,
2026-08-18T10:37:26.489693,10133,0x46,PDSCH,3,450,63,4,0,,,,,,,,,,,,,,,,,,,,,,,
2026-08-18T10:37:26.523760,10134,0x46,PDSCH,3,450,63,4,0,,,,,,,,,,,,,,,,,,,,,,,
2026-08-18T10:37:26.560106,10135,0x46,PDSCH,3,450,63,4,0,,,,,,,,,,,,,,,,,,,,,,,
2026-08-18T10:37:26.589824,10136,0x46,PDSCH,3,450,63,4,0,,,,,,,,,,,,,,,,,,,,,,,
2026-08-18T10:37:26.620373,10137,0x46,PDSCH,3,450,63,4,0,,,,,,,,,,,,,,,,,,,,,,,
2026-08-18T10:37:26.653510,10138,0x46,PDSCH,3,450,63,4,0,,,,,,,,,,,,,,,,,,,,,,,
2026-08-18T10:37:26.707667,10139,0x46,PDSCH,3,450,63,4,0,,,,,,,,,,,,,,,,,,,,,,,
2026-08-18T10:37:26.770008,10140,0x46,PDSCH,3,450,63,4,0,,,,,,,,,,,,,,,,,,,,,,,
2026-08-18T10:37:26.852182,10142,0x46,PDSCH,3,450,121,6,0,,,,,,,,,,,,,,,,,,,,,,,
2026-08-18T10:37:26.893791,10143,0x46,BSR,,,,,,,,,,,,,,,,,,,,,,,,,0,0,0,63
2026-08-18T10:37:26.893842,10143,0x46,PDSCH,3,450,63,4,0,,,,,,,,,,,,,,,,,,,,,,,
2026-08-18T10:37:26.996918,10145,0x46,PDSCH,3,450,63,4,0,,,,,,,,,,,,,,,,,,,,,,,
2026-08-18T10:37:27.041928,10146,0x46,PDSCH,3,450,63,4,0,,,,,,,,,,,,,,,,,,,,,,,
2026-08-18T10:37:27.112112,10147,0x46,PDSCH,3,450,63,4,0,,,,,,,,,,,,,,,,,,,,,,,
2026-08-18T10:37:27.178784,10148,0x46,PDSCH,3,450,63,4,0,,,,,,,,,,,,,,,,,,,,,,,
2026-08-18T10:37:27.233924,10149,0x46,PUSCH,,,,,,2,46,6480,2865,4,0,OK,109.0,135.8,0.0,0.0,371,,,,,,,,,,,
2026-08-18T10:37:27.234024,10149,0x46,PDSCH,3,450,63,4,0,,,,,,,,,,,,,,,,,,,,,,,
2026-08-18T10:37:27.278953,10150,0x46,PDSCH,3,450,63,4,0,,,,,,,,,,,,,,,,,,,,,,,
2026-08-18T10:37:27.318708,10151,0x46,PDSCH,3,450,63,4,0,,,,,,,,,,,,,,,,,,,,,,,
2026-08-18T10:37:27.360133,10152,0x46,PUSCH,,,,,,2,46,6480,2865,4,0,OK,109.0,135.9,0.0,-0.0,371,,,,,,,,,,,
2026-08-18T10:37:27.360229,10152,0x46,PDSCH,3,450,63,4,0,,,,,,,,,,,,,,,,,,,,,,,
2026-08-18T10:37:27.400669,10153,0x46,PDSCH,3,450,63,4,0,,,,,,,,,,,,,,,,,,,,,,,
2026-08-18T10:37:27.432618,10154,0x46,PDSCH,3,450,63,4,0,,,,,,,,,,,,,,,,,,,,,,,
2026-08-18T10:37:27.460779,10155,0x46,PDSCH,3,450,63,4,0,,,,,,,,,,,,,,,,,,,,,,,
2026-08-18T10:37:27.489638,10156,0x46,PDSCH,3,450,63,4,0,,,,,,,,,,,,,,,,,,,,,,,
2026-08-18T10:37:27.523461,10157,0x46,PDSCH,3,450,63,4,0,,,,,,,,,,,,,,,,,,,,,,,
2026-08-18T10:37:27.565388,10158,0x46,PDSCH,3,450,63,4,0,,,,,,,,,,,,,,,,,,,,,,,
2026-08-18T10:37:27.602402,10159,0x46,PDSCH,3,450,63,4,0,,,,,,,,,,,,,,,,,,,,,,,
2026-08-18T10:37:27.642476,10160,0x46,PDSCH,3,450,63,4,0,,,,,,,,,,,,,,,,,,,,,,,
2026-08-18T10:37:27.700351,10162,0x46,PDSCH,3,450,121,6,0,,,,,,,,,,,,,,,,,,,,,,,
2026-08-18T10:37:27.725809,10163,0x46,PDSCH,3,450,63,4,0,,,,,,,,,,,,,,,,,,,,,,,
2026-08-18T10:37:27.755616,10164,0x46,PDSCH,3,450,63,4,0,,,,,,,,,,,,,,,,,,,,,,,
2026-08-18T10:37:27.785712,10165,0x46,PDSCH,3,450,63,4,0,,,,,,,,,,,,,,,,,,,,,,,
2026-08-18T10:37:27.815295,10166,0x46,PDSCH,3,450,63,4,0,,,,,,,,,,,,,,,,,,,,,,,
2026-08-18T10:37:27.849498,10167,0x46,PDSCH,3,450,63,4,0,,,,,,,,,,,,,,,,,,,,,,,
2026-08-18T10:37:27.901823,10168,0x46,PDSCH,3,450,63,4,0,,,,,,,,,,,,,,,,,,,,,,,
2026-08-18T10:37:27.901828,10168,0x46,PHR,,,,,,,,,,,,,,,,,,,,,,,,30.0,,,,
2026-08-18T10:37:27.948259,10169,0x46,PUSCH,,,,,,2,46,6480,2865,4,0,OK,109.0,135.8,0.0,0.0,371,,,,,,,,,,,
2026-08-18T10:37:27.948358,10169,0x46,PDSCH,3,450,63,4,0,,,,,,,,,,,,,,,,,,,,,,,
2026-08-18T10:37:27.986300,10170,0x46,PDSCH,3,450,63,4,0,,,,,,,,,,,,,,,,,,,,,,,
2026-08-18T10:37:28.026046,10171,0x46,PDSCH,3,450,63,4,0,,,,,,,,,,,,,,,,,,,,,,,
2026-08-18T10:37:28.067623,10172,0x46,PDSCH,3,450,63,4,0,,,,,,,,,,,,,,,,,,,,,,,
2026-08-18T10:37:28.130892,10173,0x46,PDSCH,3,450,63,4,0,,,,,,,,,,,,,,,,,,,,,,,
2026-08-18T10:37:28.195999,10174,0x46,PDSCH,3,450,63,4,0,,,,,,,,,,,,,,,,,,,,,,,
2026-08-18T10:37:28.251783,10175,0x46,PDSCH,3,450,63,4,0,,,,,,,,,,,,,,,,,,,,,,,
2026-08-18T10:37:28.296572,10176,0x46,PDSCH,3,450,63,4,0,,,,,,,,,,,,,,,,,,,,,,,
2026-08-18T10:37:28.340091,10177,0x46,PDSCH,3,450,63,4,0,,,,,,,,,,,,,,,,,,,,,,,
2026-08-18T10:37:28.375207,10178,0x46,PDSCH,3,450,63,4,0,,,,,,,,,,,,,,,,,,,,,,,
2026-08-18T10:37:28.412015,10179,0x46,PDSCH,3,450,121,6,0,,,,,,,,,,,,,,,,,,,,,,,
2026-08-18T10:37:28.447614,10180,0x46,PDSCH,3,450,121,6,0,,,,,,,,,,,,,,,,,,,,,,,
2026-08-18T10:37:28.506847,10182,0x46,PDSCH,3,450,233,6,0,,,,,,,,,,,,,,,,,,,,,,,
2026-08-18T10:37:28.558746,10183,0x46,PDSCH,3,450,121,6,0,,,,,,,,,,,,,,,,,,,,,,,
2026-08-18T10:37:28.595943,10184,0x46,PDSCH,3,450,121,6,0,,,,,,,,,,,,,,,,,,,,,,,
2026-08-18T10:37:28.635148,10185,0x46,PDSCH,3,450,121,6,0,,,,,,,,,,,,,,,,,,,,,,,
2026-08-18T10:37:28.675360,10186,0x46,PDSCH,6,900,117,2,0,,,,,,,,,,,,,,,,,,,,,,,
2026-08-18T10:37:28.718702,10187,0x46,PDSCH,3,450,121,6,0,,,,,,,,,,,,,,,,,,,,,,,
2026-08-18T10:37:28.753375,10188,0x46,PDSCH,3,450,121,6,0,,,,,,,,,,,,,,,,,,,,,,,
2026-08-18T10:37:28.795003,10189,0x46,PUSCH,,,,,,2,46,6480,2865,4,0,OK,109.0,135.8,0.0,0.0,387,,,,,,,,,,,
2026-08-18T10:37:28.795104,10189,0x46,PDSCH,3,450,121,6,0,,,,,,,,,,,,,,,,,,,,,,,
2026-08-18T10:37:28.835251,10190,0x46,PDSCH,3,450,121,6,0,,,,,,,,,,,,,,,,,,,,,,,
2026-08-18T10:37:28.873351,10191,0x46,PDSCH,3,450,133,6,0,,,,,,,,,,,,,,,,,,,,,,,
2026-08-18T10:37:29.141667,10192,0x46,PDSCH,6,900,241,6,0,,,,,,,,,,,,,,,,,,,,,,,
2026-08-18T10:37:29.203052,10193,0x46,BSR,,,,,,,,,,,,,,,,,,,,,,,,,0,0,0,63
2026-08-18T10:37:29.203094,10193,0x46,PDSCH,6,900,349,6,0,,,,,,,,,,,,,,,,,,,,,,,
2026-08-18T10:37:29.287395,10195,0x46,PDSCH,3,450,121,6,0,,,,,,,,,,,,,,,,,,,,,,,
2026-08-18T10:37:29.328599,10196,0x46,PDSCH,6,900,117,2,0,,,,,,,,,,,,,,,,,,,,,,,
2026-08-18T10:37:29.381981,10197,0x46,PDSCH,3,450,121,6,0,,,,,,,,,,,,,,,,,,,,,,,
2026-08-18T10:37:29.434397,10198,0x46,PDSCH,3,450,121,6,0,,,,,,,,,,,,,,,,,,,,,,,
2026-08-18T10:37:29.483187,10199,0x46,PDSCH,3,450,121,6,0,,,,,,,,,,,,,,,,,,,,,,,
2026-08-18T10:37:29.523882,10200,0x46,PDSCH,3,450,121,6,0,,,,,,,,,,,,,,,,,,,,,,,
2026-08-18T10:37:29.612142,10202,0x46,PUSCH,,,,,,2,46,6480,2865,4,0,OK,109.0,135.8,0.0,-0.0,373,,,,,,,,,,,
2026-08-18T10:37:29.612247,10202,0x46,PDSCH,3,450,233,6,0,,,,,,,,,,,,,,,,,,,,,,,
2026-08-18T10:37:29.658826,10203,0x46,PDSCH,3,450,121,6,0,,,,,,,,,,,,,,,,,,,,,,,
2026-08-18T10:37:29.694065,10204,0x46,PDSCH,3,450,121,6,0,,,,,,,,,,,,,,,,,,,,,,,
2026-08-18T10:37:29.718658,10205,0x46,PDSCH,3,450,121,6,0,,,,,,,,,,,,,,,,,,,,,,,
2026-08-18T10:37:29.749002,10206,0x46,PDSCH,6,900,117,2,0,,,,,,,,,,,,,,,,,,,,,,,
2026-08-18T10:37:29.773789,10207,0x46,PDSCH,3,450,121,6,0,,,,,,,,,,,,,,,,,,,,,,,
2026-08-18T10:37:29.800673,10208,0x46,PDSCH,3,450,121,6,0,,,,,,,,,,,,,,,,,,,,,,,
2026-08-18T10:37:29.830150,10209,0x46,PUSCH,,,,,,2,46,6480,2865,4,0,OK,109.0,135.8,0.0,0.0,381,,,,,,,,,,,
2026-08-18T10:37:29.830258,10209,0x46,PDSCH,3,450,121,6,0,,,,,,,,,,,,,,,,,,,,,,,
2026-08-18T10:37:29.860499,10210,0x46,PDSCH,3,450,121,6,0,,,,,,,,,,,,,,,,,,,,,,,
2026-08-18T10:37:29.894937,10211,0x46,PDSCH,3,450,121,6,0,,,,,,,,,,,,,,,,,,,,,,,
2026-08-18T10:37:29.935395,10212,0x46,PDSCH,3,450,121,6,0,,,,,,,,,,,,,,,,,,,,,,,
2026-08-18T10:37:29.965899,10213,0x46,PDSCH,3,450,121,6,0,,,,,,,,,,,,,,,,,,,,,,,
2026-08-18T10:37:30.008617,10214,0x46,PDSCH,3,450,121,6,0,,,,,,,,,,,,,,,,,,,,,,,
2026-08-18T10:37:30.088290,10215,0x46,PDSCH,3,450,121,6,0,,,,,,,,,,,,,,,,,,,,,,,
2026-08-18T10:37:30.145251,10216,0x46,PDSCH,6,900,117,2,0,,,,,,,,,,,,,,,,,,,,,,,
2026-08-18T10:37:30.198074,10217,0x46,PDSCH,3,450,121,6,0,,,,,,,,,,,,,,,,,,,,,,,
2026-08-18T10:37:30.245004,10218,0x46,PHR,,,,,,,,,,,,,,,,,,,,,,,,30.0,,,,
2026-08-18T10:37:30.245047,10218,0x46,PDSCH,3,450,121,6,0,,,,,,,,,,,,,,,,,,,,,,,
2026-08-18T10:37:30.283615,10219,0x46,PDSCH,3,450,121,6,0,,,,,,,,,,,,,,,,,,,,,,,
2026-08-18T10:37:30.318777,10220,0x46,PDSCH,3,450,173,6,0,,,,,,,,,,,,,,,,,,,,,,,
2026-08-18T10:37:30.389593,10222,0x46,PDSCH,3,450,173,6,0,,,,,,,,,,,,,,,,,,,,,,,
2026-08-18T10:37:30.432671,10223,0x46,PDSCH,3,450,121,6,0,,,,,,,,,,,,,,,,,,,,,,,
2026-08-18T10:37:30.474897,10224,0x46,PDSCH,3,450,121,6,0,,,,,,,,,,,,,,,,,,,,,,,
2026-08-18T10:37:30.513189,10225,0x46,PDSCH,3,450,121,6,0,,,,,,,,,,,,,,,,,,,,,,,
2026-08-18T10:37:30.551321,10226,0x46,PDSCH,6,900,117,2,0,,,,,,,,,,,,,,,,,,,,,,,
2026-08-18T10:37:30.580785,10227,0x46,PDSCH,3,450,121,6,0,,,,,,,,,,,,,,,,,,,,,,,
2026-08-18T10:37:30.608976,10228,0x46,PDSCH,3,450,121,6,0,,,,,,,,,,,,,,,,,,,,,,,
2026-08-18T10:37:30.642459,10229,0x46,PUSCH,,,,,,2,46,6480,2865,4,0,OK,109.0,135.8,0.0,0.0,371,,,,,,,,,,,
2026-08-18T10:37:30.642587,10229,0x46,PDSCH,3,450,173,6,0,,,,,,,,,,,,,,,,,,,,,,,
2026-08-18T10:37:30.690177,10230,0x46,PDSCH,3,450,121,6,0,,,,,,,,,,,,,,,,,,,,,,,
2026-08-18T10:37:30.728854,10231,0x46,PDSCH,3,450,121,6,0,,,,,,,,,,,,,,,,,,,,,,,
2026-08-18T10:37:30.769908,10232,0x46,PDSCH,3,450,63,4,0,,,,,,,,,,,,,,,,,,,,,,,
2026-08-18T10:37:30.820966,10233,0x46,PDSCH,3,450,121,6,0,,,,,,,,,,,,,,,,,,,,,,,
2026-08-18T10:37:30.866942,10234,0x46,PDSCH,3,450,121,6,0,,,,,,,,,,,,,,,,,,,,,,,
2026-08-18T10:37:30.904489,10235,0x46,PDSCH,3,450,121,6,0,,,,,,,,,,,,,,,,,,,,,,,
2026-08-18T10:37:30.942590,10236,0x46,PDSCH,6,900,117,2,0,,,,,,,,,,,,,,,,,,,,,,,
2026-08-18T10:37:30.974732,10237,0x46,PDSCH,3,450,121,6,0,,,,,,,,,,,,,,,,,,,,,,,
2026-08-18T10:37:31.027888,10238,0x46,PDSCH,3,450,173,6,0,,,,,,,,,,,,,,,,,,,,,,,
2026-08-18T10:37:31.084242,10239,0x46,PDSCH,3,450,121,6,0,,,,,,,,,,,,,,,,,,,,,,,
2026-08-18T10:37:31.132592,0,0x46,PDSCH,3,450,121,6,0,,,,,,,,,,,,,,,,,,,,,,,
2026-08-18T10:37:31.208133,2,0x46,PDSCH,3,450,173,6,0,,,,,,,,,,,,,,,,,,,,,,,
2026-08-18T10:37:31.240108,3,0x46,BSR,,,,,,,,,,,,,,,,,,,,,,,,,0,0,0,63
2026-08-18T10:37:31.240140,3,0x46,PDSCH,3,450,121,6,0,,,,,,,,,,,,,,,,,,,,,,,
2026-08-18T10:37:31.277347,4,0x46,BSR,,,,,,,,,,,,,,,,,,,,,,,,,0,0,0,63
2026-08-18T10:37:31.339218,6,0x46,PDSCH,6,900,117,2,0,,,,,,,,,,,,,,,,,,,,,,,
2026-08-18T10:37:31.393068,7,0x46,PDSCH,3,450,121,6,0,,,,,,,,,,,,,,,,,,,,,,,
2026-08-18T10:37:31.433985,8,0x46,PDSCH,3,450,121,6,0,,,,,,,,,,,,,,,,,,,,,,,
2026-08-18T10:37:31.474923,9,0x46,PUSCH,,,,,,2,46,6480,2865,4,0,OK,109.0,135.8,0.0,0.0,371,,,,,,,,,,,
2026-08-18T10:37:31.475026,9,0x46,PDSCH,3,450,173,6,0,,,,,,,,,,,,,,,,,,,,,,,
2026-08-18T10:37:31.508460,10,0x46,PDSCH,3,450,121,6,0,,,,,,,,,,,,,,,,,,,,,,,
2026-08-18T10:37:31.535734,11,0x46,PDSCH,3,450,121,6,0,,,,,,,,,,,,,,,,,,,,,,,
2026-08-18T10:37:31.564345,12,0x46,PUSCH,,,,,,2,46,6480,2865,4,0,OK,109.0,135.9,0.0,-0.0,372,,,,,,,,,,,
2026-08-18T10:37:31.564457,12,0x46,PDSCH,3,450,63,4,0,,,,,,,,,,,,,,,,,,,,,,,
2026-08-18T10:37:31.596129,13,0x46,PUSCH,,,,,,2,46,6480,2865,4,0,OK,109.0,135.8,0.0,-0.0,372,,,,,,,,,,,
2026-08-18T10:37:31.596231,13,0x46,PDSCH,3,450,121,6,0,,,,,,,,,,,,,,,,,,,,,,,
2026-08-18T10:37:31.628100,14,0x46,PDSCH,3,450,121,6,0,,,,,,,,,,,,,,,,,,,,,,,
2026-08-18T10:37:31.723086,16,0x46,PDSCH,6,900,193,4,0,,,,,,,,,,,,,,,,,,,,,,,
2026-08-18T10:37:31.766882,17,0x46,PDSCH,3,450,63,4,0,,,,,,,,,,,,,,,,,,,,,,,
2026-08-18T10:37:31.806421,18,0x46,PDSCH,3,450,63,4,0,,,,,,,,,,,,,,,,,,,,,,,
2026-08-18T10:37:31.843515,19,0x46,PDSCH,3,450,73,4,0,,,,,,,,,,,,,,,,,,,,,,,
2026-08-18T10:37:31.882487,20,0x46,PDSCH,3,450,63,4,0,,,,,,,,,,,,,,,,,,,,,,,
2026-08-18T10:37:31.996627,22,0x46,PDSCH,3,450,121,6,0,,,,,,,,,,,,,,,,,,,,,,,
2026-08-18T10:37:32.044865,23,0x46,PUSCH,,,,,,2,46,6480,2865,4,0,OK,109.0,135.8,0.0,-0.0,372,,,,,,,,,,,
2026-08-18T10:37:32.044965,23,0x46,PDSCH,3,450,63,4,0,,,,,,,,,,,,,,,,,,,,,,,
2026-08-18T10:37:32.086883,24,0x46,PDSCH,3,450,63,4,0,,,,,,,,,,,,,,,,,,,,,,,
2026-08-18T10:37:32.120976,25,0x46,PDSCH,3,450,63,4,0,,,,,,,,,,,,,,,,,,,,,,,
2026-08-18T10:37:32.156382,26,0x46,PDSCH,3,450,63,4,0,,,,,,,,,,,,,,,,,,,,,,,
2026-08-18T10:37:32.192647,27,0x46,PDSCH,3,450,63,4,0,,,,,,,,,,,,,,,,,,,,,,,
2026-08-18T10:37:32.218531,28,0x46,PHR,,,,,,,,,,,,,,,,,,,,,,,,30.0,,,,
2026-08-18T10:37:32.218633,28,0x46,PDSCH,3,450,63,4,0,,,,,,,,,,,,,,,,,,,,,,,
2026-08-18T10:37:32.246922,29,0x46,PUSCH,,,,,,2,46,6480,2865,4,0,OK,109.0,135.8,0.0,0.0,372,,,,,,,,,,,
2026-08-18T10:37:32.247019,29,0x46,PDSCH,3,450,63,4,0,,,,,,,,,,,,,,,,,,,,,,,
2026-08-18T10:37:32.275661,30,0x46,PDSCH,3,450,63,4,0,,,,,,,,,,,,,,,,,,,,,,,
2026-08-18T10:37:32.303885,31,0x46,PDSCH,3,450,63,4,0,,,,,,,,,,,,,,,,,,,,,,,
2026-08-18T10:37:32.396698,33,0x46,PDSCH,3,450,121,6,0,,,,,,,,,,,,,,,,,,,,,,,
2026-08-18T10:37:32.440348,34,0x46,PDSCH,3,450,121,6,0,,,,,,,,,,,,,,,,,,,,,,,
2026-08-18T10:37:32.475563,35,0x46,PDSCH,3,450,173,6,0,,,,,,,,,,,,,,,,,,,,,,,
2026-08-18T10:37:32.510305,36,0x46,PDSCH,6,900,117,2,0,,,,,,,,,,,,,,,,,,,,,,,
2026-08-18T10:37:32.544729,37,0x46,PDSCH,3,450,121,6,0,,,,,,,,,,,,,,,,,,,,,,,
2026-08-18T10:37:32.581886,38,0x46,PDSCH,3,450,121,6,0,,,,,,,,,,,,,,,,,,,,,,,
2026-08-18T10:37:32.611474,39,0x46,PDSCH,3,450,121,6,0,,,,,,,,,,,,,,,,,,,,,,,
2026-08-18T10:37:32.643980,40,0x46,PDSCH,3,450,121,6,0,,,,,,,,,,,,,,,,,,,,,,,
2026-08-18T10:37:32.743989,42,0x46,PDSCH,3,450,173,6,0,,,,,,,,,,,,,,,,,,,,,,,
2026-08-18T10:37:32.794357,43,0x46,PDSCH,3,450,121,6,0,,,,,,,,,,,,,,,,,,,,,,,
2026-08-18T10:37:32.834443,44,0x46,PDSCH,3,450,173,6,0,,,,,,,,,,,,,,,,,,,,,,,
2026-08-18T10:37:32.876497,45,0x46,PDSCH,3,450,121,6,0,,,,,,,,,,,,,,,,,,,,,,,
2026-08-18T10:37:32.919483,46,0x46,PDSCH,6,900,117,2,0,,,,,,,,,,,,,,,,,,,,,,,
2026-08-18T10:37:32.968976,47,0x46,PDSCH,3,450,121,6,0,,,,,,,,,,,,,,,,,,,,,,,
2026-08-18T10:37:33.010736,48,0x46,PDSCH,3,450,121,6,0,,,,,,,,,,,,,,,,,,,,,,,
2026-08-18T10:37:33.071567,49,0x46,PUSCH,,,,,,2,46,6480,2865,4,0,OK,109.0,135.8,0.0,0.0,393,,,,,,,,,,,
2026-08-18T10:37:33.071671,49,0x46,PDSCH,3,450,121,6,0,,,,,,,,,,,,,,,,,,,,,,,
2026-08-18T10:37:33.116614,50,0x46,PDSCH,3,450,121,6,0,,,,,,,,,,,,,,,,,,,,,,,
2026-08-18T10:37:33.154367,51,0x46,PDSCH,3,450,121,6,0,,,,,,,,,,,,,,,,,,,,,,,
2026-08-18T10:37:33.190255,52,0x46,PDSCH,3,450,63,4,0,,,,,,,,,,,,,,,,,,,,,,,
2026-08-18T10:37:33.232807,53,0x46,PDSCH,3,450,173,6,0,,,,,,,,,,,,,,,,,,,,,,,
2026-08-18T10:37:33.285706,54,0x46,BSR,,,,,,,,,,,,,,,,,,,,,,,,,0,0,0,63
2026-08-18T10:37:33.285754,54,0x46,PDSCH,3,450,121,6,0,,,,,,,,,,,,,,,,,,,,,,,
2026-08-18T10:37:33.334423,55,0x46,BSR,,,,,,,,,,,,,,,,,,,,,,,,,0,0,0,63
2026-08-18T10:37:33.375933,56,0x46,BSR,,,,,,,,,,,,,,,,,,,,,,,,,0,0,0,63
2026-08-18T10:37:33.476964,58,0x46,PDSCH,3,450,121,6,0,,,,,,,,,,,,,,,,,,,,,,,
2026-08-18T10:37:33.519562,59,0x46,PDSCH,3,450,121,6,0,,,,,,,,,,,,,,,,,,,,,,,
2026-08-18T10:37:33.557342,60,0x46,PDSCH,3,450,121,6,0,,,,,,,,,,,,,,,,,,,,,,,
2026-08-18T10:37:33.635515,62,0x46,PDSCH,3,450,173,6,0,,,,,,,,,,,,,,,,,,,,,,,
2026-08-18T10:37:33.665326,63,0x46,PUSCH,,,,,,2,46,6480,2865,4,0,OK,109.0,135.8,0.0,-0.0,372,,,,,,,,,,,
2026-08-18T10:37:33.665426,63,0x46,PDSCH,3,450,121,6,0,,,,,,,,,,,,,,,,,,,,,,,
2026-08-18T10:37:33.697966,64,0x46,PUSCH,,,,,,2,46,6480,2865,4,0,OK,109.0,135.8,0.0,0.0,370,,,,,,,,,,,
2026-08-18T10:37:33.698070,64,0x46,PDSCH,3,450,173,6,0,,,,,,,,,,,,,,,,,,,,,,,
2026-08-18T10:37:33.729417,65,0x46,PUSCH,,,,,,2,46,6480,2865,4,0,OK,109.0,135.9,0.0,-0.0,456,,,,,,,,,,,
2026-08-18T10:37:33.729517,65,0x46,PDSCH,3,450,121,6,0,,,,,,,,,,,,,,,,,,,,,,,
2026-08-18T10:37:33.801137,66,0x46,PDSCH,6,900,117,2,0,,,,,,,,,,,,,,,,,,,,,,,
2026-08-18T10:37:33.839935,67,0x46,PDSCH,3,450,121,6,0,,,,,,,,,,,,,,,,,,,,,,,
2026-08-18T10:37:33.876966,68,0x46,PDSCH,3,450,121,6,0,,,,,,,,,,,,,,,,,,,,,,,
2026-08-18T10:37:33.913605,69,0x46,PUSCH,,,,,,2,46,6480,2865,4,0,OK,109.0,135.8,0.0,-0.0,371,,,,,,,,,,,
2026-08-18T10:37:33.913709,69,0x46,PDSCH,3,450,121,6,0,,,,,,,,,,,,,,,,,,,,,,,
2026-08-18T10:37:33.941507,70,0x46,PDSCH,3,450,121,6,0,,,,,,,,,,,,,,,,,,,,,,,
2026-08-18T10:37:33.969288,71,0x46,PDSCH,3,450,121,6,0,,,,,,,,,,,,,,,,,,,,,,,
2026-08-18T10:37:33.995854,72,0x46,PDSCH,3,450,63,4,0,,,,,,,,,,,,,,,,,,,,,,,
2026-08-18T10:37:34.026011,73,0x46,PDSCH,3,450,173,6,0,,,,,,,,,,,,,,,,,,,,,,,
2026-08-18T10:37:34.056924,74,0x46,PDSCH,3,450,121,6,0,,,,,,,,,,,,,,,,,,,,,,,
2026-08-18T10:37:34.099206,75,0x46,PDSCH,3,450,121,6,0,,,,,,,,,,,,,,,,,,,,,,,
2026-08-18T10:37:34.134687,76,0x46,PDSCH,6,900,117,2,0,,,,,,,,,,,,,,,,,,,,,,,
2026-08-18T10:37:34.159169,77,0x46,PDSCH,3,450,121,6,0,,,,,,,,,,,,,,,,,,,,,,,
2026-08-18T10:37:34.185645,78,0x46,PHR,,,,,,,,,,,,,,,,,,,,,,,,30.0,,,,
2026-08-18T10:37:34.185746,78,0x46,PDSCH,3,450,121,6,0,,,,,,,,,,,,,,,,,,,,,,,
2026-08-18T10:37:34.212815,79,0x46,PDSCH,3,450,121,6,0,,,,,,,,,,,,,,,,,,,,,,,
2026-08-18T10:37:34.241960,80,0x46,PDSCH,3,450,121,6,0,,,,,,,,,,,,,,,,,,,,,,,
2026-08-18T10:37:34.297861,82,0x46,PDSCH,3,450,233,6,0,,,,,,,,,,,,,,,,,,,,,,,
2026-08-18T10:37:34.318319,83,0x46,PDSCH,3,450,121,6,0,,,,,,,,,,,,,,,,,,,,,,,
2026-08-18T10:37:34.340841,84,0x46,PDSCH,3,450,121,6,0,,,,,,,,,,,,,,,,,,,,,,,
2026-08-18T10:37:34.357806,85,0x46,PDSCH,3,450,121,6,0,,,,,,,,,,,,,,,,,,,,,,,
2026-08-18T10:37:34.376402,86,0x46,PDSCH,6,900,117,2,0,,,,,,,,,,,,,,,,,,,,,,,
2026-08-18T10:37:34.397679,87,0x46,PDSCH,3,450,133,6,0,,,,,,,,,,,,,,,,,,,,,,,
2026-08-18T10:37:34.419606,88,0x46,PDSCH,6,900,241,6,0,,,,,,,,,,,,,,,,,,,,,,,
2026-08-18T10:37:34.458172,89,0x46,PUSCH,,,,,,2,46,6480,2865,4,0,OK,109.0,135.8,0.0,-0.0,370,,,,,,,,,,,
2026-08-18T10:37:34.458292,89,0x46,PDSCH,6,900,349,6,0,,,,,,,,,,,,,,,,,,,,,,,
2026-08-18T10:37:34.485530,90,0x46,PDSCH,3,450,121,6,0,,,,,,,,,,,,,,,,,,,,,,,
2026-08-18T10:37:34.512503,91,0x46,PDSCH,3,450,121,6,0,,,,,,,,,,,,,,,,,,,,,,,
2026-08-18T10:37:34.537597,92,0x46,PDSCH,3,450,121,6,0,,,,,,,,,,,,,,,,,,,,,,,
2026-08-18T10:37:34.563982,93,0x46,PDSCH,3,450,121,6,0,,,,,,,,,,,,,,,,,,,,,,,
2026-08-18T10:37:34.588943,94,0x46,PDSCH,3,450,121,6,0,,,,,,,,,,,,,,,,,,,,,,,
2026-08-18T10:37:34.613362,95,0x46,PDSCH,3,450,121,6,0,,,,,,,,,,,,,,,,,,,,,,,
2026-08-18T10:37:34.640926,96,0x46,PDSCH,6,900,117,2,0,,,,,,,,,,,,,,,,,,,,,,,
2026-08-18T10:37:34.661911,97,0x46,PDSCH,3,450,121,6,0,,,,,,,,,,,,,,,,,,,,,,,
2026-08-18T10:37:34.682584,98,0x46,PDSCH,3,450,121,6,0,,,,,,,,,,,,,,,,,,,,,,,
2026-08-18T10:37:34.703264,99,0x46,PDSCH,3,450,121,6,0,,,,,,,,,,,,,,,,,,,,,,,
2026-08-18T10:37:34.720214,100,0x46,PDSCH,3,450,121,6,0,,,,,,,,,,,,,,,,,,,,,,,
2026-08-18T10:37:34.758786,102,0x46,PDSCH,3,450,233,6,0,,,,,,,,,,,,,,,,,,,,,,,
2026-08-18T10:37:34.779169,103,0x46,PDSCH,3,450,121,6,0,,,,,,,,,,,,,,,,,,,,,,,
2026-08-18T10:37:34.824665,104,0x46,PDSCH,3,450,121,6,0,,,,,,,,,,,,,,,,,,,,,,,
2026-08-18T10:37:34.854200,105,0x46,PDSCH,3,450,121,6,0,,,,,,,,,,,,,,,,,,,,,,,
2026-08-18T10:37:34.880095,106,0x46,BSR,,,,,,,,,,,,,,,,,,,,,,,,,0,0,0,63
2026-08-18T10:37:34.880145,106,0x46,PDSCH,6,900,117,2,0,,,,,,,,,,,,,,,,,,,,,,,
2026-08-18T10:37:34.939744,108,0x46,PDSCH,3,450,121,6,0,,,,,,,,,,,,,,,,,,,,,,,
2026-08-18T10:37:34.970461,109,0x46,PUSCH,,,,,,2,46,6480,2865,4,0,OK,109.0,135.8,0.0,-0.0,382,,,,,,,,,,,
2026-08-18T10:37:34.970564,109,0x46,PDSCH,3,450,121,6,0,,,,,,,,,,,,,,,,,,,,,,,
2026-08-18T10:37:35.011573,110,0x46,PDSCH,3,450,121,6,0,,,,,,,,,,,,,,,,,,,,,,,
2026-08-18T10:37:35.039933,111,0x46,PDSCH,3,450,63,4,0,,,,,,,,,,,,,,,,,,,,,,,
2026-08-18T10:37:35.066385,112,0x46,PDSCH,3,450,63,4,0,,,,,,,,,,,,,,,,,,,,,,,
2026-08-18T10:37:35.094814,113,0x46,PDSCH,3,450,63,4,0,,,,,,,,,,,,,,,,,,,,,,,
2026-08-18T10:37:35.136433,114,0x46,PDSCH,3,450,63,4,0,,,,,,,,,,,,,,,,,,,,,,,
2026-08-18T10:37:35.192408,115,0x46,PUSCH,,,,,,2,46,6480,2865,4,0,OK,109.0,135.9,0.0,-0.0,370,,,,,,,,,,,
2026-08-18T10:37:35.192510,115,0x46,PDSCH,3,450,63,4,0,,,,,,,,,,,,,,,,,,,,,,,
2026-08-18T10:37:35.236673,116,0x46,PDSCH,3,450,63,4,0,,,,,,,,,,,,,,,,,,,,,,,
2026-08-18T10:37:35.273686,117,0x46,PDSCH,3,450,63,4,0,,,,,,,,,,,,,,,,,,,,,,,
2026-08-18T10:37:35.313146,118,0x46,PDSCH,3,450,63,4,0,,,,,,,,,,,,,,,,,,,,,,,
2026-08-18T10:37:35.354823,119,0x46,PDSCH,3,450,63,4,0,,,,,,,,,,,,,,,,,,,,,,,
2026-08-18T10:37:35.397634,120,0x46,PDSCH,3,450,63,4,0,,,,,,,,,,,,,,,,,,,,,,,
2026-08-18T10:37:35.467323,122,0x46,PDSCH,3,450,121,6,0,,,,,,,,,,,,,,,,,,,,,,,
2026-08-18T10:37:35.504735,123,0x46,PDSCH,3,450,63,4,0,,,,,,,,,,,,,,,,,,,,,,,
2026-08-18T10:37:35.532670,124,0x46,PDSCH,3,450,63,4,0,,,,,,,,,,,,,,,,,,,,,,,
2026-08-18T10:37:35.562215,125,0x46,PDSCH,3,450,63,4,0,,,,,,,,,,,,,,,,,,,,,,,
2026-08-18T10:37:35.596259,126,0x46,PDSCH,3,450,63,4,0,,,,,,,,,,,,,,,,,,,,,,,
2026-08-18T10:37:35.626466,127,0x46,PDSCH,3,450,63,4,0,,,,,,,,,,,,,,,,,,,,,,,
2026-08-18T10:37:35.656622,128,0x46,PHR,,,,,,,,,,,,,,,,,,,,,,,,30.0,,,,
2026-08-18T10:37:35.656665,128,0x46,PDSCH,3,450,63,4,0,,,,,,,,,,,,,,,,,,,,,,,
2026-08-18T10:37:35.689468,129,0x46,PUSCH,,,,,,2,46,6480,2865,4,0,OK,109.0,135.8,0.0,-0.0,371,,,,,,,,,,,
2026-08-18T10:37:35.689572,129,0x46,PDSCH,3,450,63,4,0,,,,,,,,,,,,,,,,,,,,,,,
2026-08-18T10:37:35.729536,130,0x46,PDSCH,3,450,63,4,0,,,,,,,,,,,,,,,,,,,,,,,
2026-08-18T10:37:35.763398,131,0x46,PDSCH,3,450,63,4,0,,,,,,,,,,,,,,,,,,,,,,,
2026-08-18T10:37:35.790567,132,0x46,PDSCH,3,450,63,4,0,,,,,,,,,,,,,,,,,,,,,,,
2026-08-18T10:37:35.820498,133,0x46,PDSCH,3,450,63,4,0,,,,,,,,,,,,,,,,,,,,,,,
2026-08-18T10:37:35.846829,134,0x46,PDSCH,3,450,63,4,0,,,,,,,,,,,,,,,,,,,,,,,
2026-08-18T10:37:35.872042,135,0x46,PDSCH,3,450,63,4,0,,,,,,,,,,,,,,,,,,,,,,,
2026-08-18T10:37:35.899058,136,0x46,PDSCH,3,450,63,4,0,,,,,,,,,,,,,,,,,,,,,,,
2026-08-18T10:37:35.925670,137,0x46,PDSCH,3,450,63,4,0,,,,,,,,,,,,,,,,,,,,,,,
2026-08-18T10:37:35.953166,138,0x46,PDSCH,3,450,63,4,0,,,,,,,,,,,,,,,,,,,,,,,
2026-08-18T10:37:35.984098,139,0x46,PDSCH,3,450,63,4,0,,,,,,,,,,,,,,,,,,,,,,,
2026-08-18T10:37:36.012109,140,0x46,PDSCH,3,450,63,4,0,,,,,,,,,,,,,,,,,,,,,,,
2026-08-18T10:37:36.053599,142,0x46,PDSCH,3,450,121,6,0,,,,,,,,,,,,,,,,,,,,,,,
2026-08-18T10:37:36.072421,143,0x46,PDSCH,3,450,63,4,0,,,,,,,,,,,,,,,,,,,,,,,
2026-08-18T10:37:36.096101,144,0x46,PDSCH,3,450,63,4,0,,,,,,,,,,,,,,,,,,,,,,,
2026-08-18T10:37:36.115530,145,0x46,PDSCH,3,450,63,4,0,,,,,,,,,,,,,,,,,,,,,,,
2026-08-18T10:37:36.135061,146,0x46,PDSCH,3,450,63,4,0,,,,,,,,,,,,,,,,,,,,,,,
2026-08-18T10:37:36.159358,147,0x46,PDSCH,3,450,63,4,0,,,,,,,,,,,,,,,,,,,,,,,
2026-08-18T10:37:36.180839,148,0x46,PDSCH,3,450,63,4,0,,,,,,,,,,,,,,,,,,,,,,,
2026-08-18T10:37:36.221706,149,0x46,PUSCH,,,,,,2,46,6480,2865,4,0,OK,109.0,135.8,0.0,-0.0,347,,,,,,,,,,,
2026-08-18T10:37:36.221791,149,0x46,PDSCH,3,450,63,4,0,,,,,,,,,,,,,,,,,,,,,,,
2026-08-18T10:37:36.247802,150,0x46,PDSCH,3,450,63,4,0,,,,,,,,,,,,,,,,,,,,,,,
2026-08-18T10:37:36.272286,151,0x46,PDSCH,3,450,63,4,0,,,,,,,,,,,,,,,,,,,,,,,
2026-08-18T10:37:36.297759,152,0x46,PDSCH,3,450,63,4,0,,,,,,,,,,,,,,,,,,,,,,,
2026-08-18T10:37:36.324618,153,0x46,PDSCH,3,450,133,6,0,,,,,,,,,,,,,,,,,,,,,,,
2026-08-18T10:37:36.345726,154,0x46,PDSCH,3,450,185,6,0,,,,,,,,,,,,,,,,,,,,,,,
2026-08-18T10:37:36.363979,155,0x46,PDSCH,3,450,63,4,0,,,,,,,,,,,,,,,,,,,,,,,
2026-08-18T10:37:36.384029,156,0x46,BSR,,,,,,,,,,,,,,,,,,,,,,,,,0,0,0,63
2026-08-18T10:37:36.384107,156,0x46,PDSCH,3,450,63,4,0,,,,,,,,,,,,,,,,,,,,,,,
2026-08-18T10:37:36.401547,157,0x46,BSR,,,,,,,,,,,,,,,,,,,,,,,,,0,0,0,63
2026-08-18T10:37:36.422693,158,0x46,BSR,,,,,,,,,,,,,,,,,,,,,,,,,0,0,0,63
2026-08-18T10:37:36.467539,160,0x46,PDSCH,3,450,63,4,0,,,,,,,,,,,,,,,,,,,,,,,
2026-08-18T10:37:36.520426,162,0x46,PDSCH,3,450,121,6,0,,,,,,,,,,,,,,,,,,,,,,,
2026-08-18T10:37:36.560793,163,0x46,PDSCH,3,450,63,4,0,,,,,,,,,,,,,,,,,,,,,,,
2026-08-18T10:37:36.595377,164,0x46,PDSCH,3,450,63,4,0,,,,,,,,,,,,,,,,,,,,,,,
2026-08-18T10:37:36.623735,165,0x46,PUSCH,,,,,,2,46,6480,2865,4,0,OK,109.0,135.8,0.0,-0.0,381,,,,,,,,,,,
2026-08-18T10:37:36.652979,166,0x46,PUSCH,,,,,,2,46,6480,2865,4,0,OK,109.0,135.8,0.0,-0.0,346,,,,,,,,,,,
2026-08-18T10:37:36.653081,166,0x46,PDSCH,6,900,117,2,0,,,,,,,,,,,,,,,,,,,,,,,
2026-08-18T10:37:36.684459,167,0x46,PUSCH,,,,,,2,46,6480,2865,4,0,OK,109.0,135.9,0.0,-0.0,347,,,,,,,,,,,
2026-08-18T10:37:36.684559,167,0x46,PDSCH,3,450,63,4,0,,,,,,,,,,,,,,,,,,,,,,,
2026-08-18T10:37:36.715218,168,0x46,PDSCH,3,450,63,4,0,,,,,,,,,,,,,,,,,,,,,,,
2026-08-18T10:37:36.752106,169,0x46,PUSCH,,,,,,2,46,6480,2865,4,0,OK,109.0,135.8,0.0,0.0,346,,,,,,,,,,,
2026-08-18T10:37:36.752202,169,0x46,PDSCH,3,450,63,4,0,,,,,,,,,,,,,,,,,,,,,,,
2026-08-18T10:37:36.791765,170,0x46,PDSCH,3,450,63,4,0,,,,,,,,,,,,,,,,,,,,,,,
2026-08-18T10:37:36.842962,171,0x46,PDSCH,3,450,63,4,0,,,,,,,,,,,,,,,,,,,,,,,
2026-08-18T10:37:36.880389,172,0x46,PDSCH,3,450,73,4,0,,,,,,,,,,,,,,,,,,,,,,,
2026-08-18T10:37:36.909493,173,0x46,PUSCH,,,,,,2,46,6480,2865,4,0,OK,109.0,135.8,0.0,-0.0,343,,,,,,,,,,,
2026-08-18T10:37:36.909603,173,0x46,PDSCH,3,450,161,6,0,,,,,,,,,,,,,,,,,,,,,,,
2026-08-18T10:37:36.941815,174,0x46,PDSCH,3,450,85,4,0,,,,,,,,,,,,,,,,,,,,,,,
2026-08-18T10:37:37.002663,176,0x46,PDSCH,6,900,193,4,0,,,,,,,,,,,,,,,,,,,,,,,
2026-08-18T10:37:37.030113,177,0x46,PDSCH,3,450,93,4,0,,,,,,,,,,,,,,,,,,,,,,,
2026-08-18T10:37:37.057252,178,0x46,PDSCH,3,450,93,4,0,,,,,,,,,,,,,,,,,,,,,,,
2026-08-18T10:37:37.087610,179,0x46,PDSCH,3,450,93,4,0,,,,,,,,,,,,,,,,,,,,,,,
2026-08-18T10:37:37.114501,180,0x46,PDSCH,3,450,93,4,0,,,,,,,,,,,,,,,,,,,,,,,
2026-08-18T10:37:37.170814,182,0x46,PDSCH,3,450,185,6,0,,,,,,,,,,,,,,,,,,,,,,,
2026-08-18T10:37:37.201655,183,0x46,PUSCH,,,,,,2,46,6480,2865,4,0,OK,109.0,135.8,0.0,-0.0,346,,,,,,,,,,,
2026-08-18T10:37:37.201752,183,0x46,PDSCH,3,450,93,4,0,,,,,,,,,,,,,,,,,,,,,,,
2026-08-18T10:37:37.224642,184,0x46,PDSCH,3,450,93,4,0,,,,,,,,,,,,,,,,,,,,,,,
2026-08-18T10:37:37.265714,185,0x46,PDSCH,3,450,93,4,0,,,,,,,,,,,,,,,,,,,,,,,
2026-08-18T10:37:37.298457,186,0x46,PDSCH,3,450,93,4,0,,,,,,,,,,,,,,,,,,,,,,,
2026-08-18T10:37:37.326898,187,0x46,PDSCH,3,450,93,4,0,,,,,,,,,,,,,,,,,,,,,,,
2026-08-18T10:37:37.354926,188,0x46,PDSCH,3,450,93,4,0,,,,,,,,,,,,,,,,,,,,,,,
2026-08-18T10:37:37.381818,189,0x46,PUSCH,,,,,,2,46,6480,2865,4,0,OK,109.0,135.9,0.0,0.0,347,,,,,,,,,,,
2026-08-18T10:37:37.381904,189,0x46,PDSCH,3,450,93,4,0,,,,,,,,,,,,,,,,,,,,,,,
2026-08-18T10:37:37.413513,190,0x46,PDSCH,3,450,93,4,0,,,,,,,,,,,,,,,,,,,,,,,
2026-08-18T10:37:37.454264,191,0x46,PDSCH,3,450,93,4,0,,,,,,,,,,,,,,,,,,,,,,,
2026-08-18T10:37:37.485728,192,0x46,PDSCH,3,450,93,4,0,,,,,,,,,,,,,,,,,,,,,,,
2026-08-18T10:37:37.516129,193,0x46,PDSCH,3,450,93,4,0,,,,,,,,,,,,,,,,,,,,,,,
2026-08-18T10:37:37.548618,194,0x46,PDSCH,3,450,93,4,0,,,,,,,,,,,,,,,,,,,,,,,
2026-08-18T10:37:37.578251,195,0x46,PDSCH,3,450,93,4,0,,,,,,,,,,,,,,,,,,,,,,,
2026-08-18T10:37:37.609282,196,0x46,PDSCH,3,450,93,4,0,,,,,,,,,,,,,,,,,,,,,,,
2026-08-18T10:37:37.660078,197,0x46,PDSCH,3,450,93,4,0,,,,,,,,,,,,,,,,,,,,,,,
2026-08-18T10:37:37.697014,198,0x46,PDSCH,3,450,93,4,0,,,,,,,,,,,,,,,,,,,,,,,
2026-08-18T10:37:37.736158,199,0x46,PDSCH,3,450,93,4,0,,,,,,,,,,,,,,,,,,,,,,,
2026-08-18T10:37:37.848547,202,0x46,PDSCH,3,450,185,6,0,,,,,,,,,,,,,,,,,,,,,,,
2026-08-18T10:37:37.890644,203,0x46,PDSCH,3,450,93,4,0,,,,,,,,,,,,,,,,,,,,,,,
2026-08-18T10:37:37.942555,204,0x46,PDSCH,3,450,93,4,0,,,,,,,,,,,,,,,,,,,,,,,
2026-08-18T10:37:37.993103,205,0x46,PDSCH,3,450,93,4,0,,,,,,,,,,,,,,,,,,,,,,,
2026-08-18T10:37:38.032342,206,0x46,PDSCH,3,450,93,4,0,,,,,,,,,,,,,,,,,,,,,,,
2026-08-18T10:37:38.075632,207,0x46,PDSCH,3,450,93,4,0,,,,,,,,,,,,,,,,,,,,,,,
2026-08-18T10:37:38.114777,208,0x46,PUSCH,,,,,,2,46,6480,2865,4,0,OK,109.0,135.8,0.0,0.0,347,,,,,,,,,,,
2026-08-18T10:37:38.114838,208,0x46,BSR,,,,,,,,,,,,,,,,,,,,,,,,,0,0,0,63
2026-08-18T10:37:38.114871,208,0x46,PDSCH,3,450,93,4,0,,,,,,,,,,,,,,,,,,,,,,,
2026-08-18T10:37:38.148174,209,0x46,PUSCH,,,,,,2,46,6480,2865,4,0,OK,109.0,135.8,0.0,0.0,361,,,,,,,,,,,
2026-08-18T10:37:38.195099,210,0x46,PDSCH,3,450,93,4,0,,,,,,,,,,,,,,,,,,,,,,,
2026-08-18T10:37:38.230948,211,0x46,PDSCH,3,450,93,4,0,,,,,,,,,,,,,,,,,,,,,,,
2026-08-18T10:37:38.264247,212,0x46,PDSCH,3,450,93,4,0,,,,,,,,,,,,,,,,,,,,,,,
2026-08-18T10:37:38.294001,213,0x46,PDSCH,3,450,93,4,0,,,,,,,,,,,,,,,,,,,,,,,
2026-08-18T10:37:38.322260,214,0x46,PDSCH,3,450,93,4,0,,,,,,,,,,,,,,,,,,,,,,,
2026-08-18T10:37:38.351244,215,0x46,PDSCH,3,450,93,4,0,,,,,,,,,,,,,,,,,,,,,,,
2026-08-18T10:37:38.380641,216,0x46,PDSCH,3,450,93,4,0,,,,,,,,,,,,,,,,,,,,,,,
2026-08-18T10:37:38.413259,217,0x46,PUSCH,,,,,,2,46,6480,2865,4,0,OK,109.0,135.9,0.0,-0.0,372,,,,,,,,,,,
2026-08-18T10:37:38.413356,217,0x46,PDSCH,3,450,93,4,0,,,,,,,,,,,,,,,,,,,,,,,
2026-08-18T10:37:38.445354,218,0x46,PDSCH,3,450,93,4,0,,,,,,,,,,,,,,,,,,,,,,,
2026-08-18T10:37:38.473422,219,0x46,PDSCH,3,450,93,4,0,,,,,,,,,,,,,,,,,,,,,,,
2026-08-18T10:37:38.505391,220,0x46,PDSCH,3,450,93,4,0,,,,,,,,,,,,,,,,,,,,,,,
2026-08-18T10:37:38.597393,222,0x46,PDSCH,3,450,185,6,0,,,,,,,,,,,,,,,,,,,,,,,
2026-08-18T10:37:38.632075,223,0x46,PDSCH,6,900,269,6,0,,,,,,,,,,,,,,,,,,,,,,,
2026-08-18T10:37:38.670033,224,0x46,PDSCH,6,900,349,6,0,,,,,,,,,,,,,,,,,,,,,,,
2026-08-18T10:37:38.709206,225,0x46,PDSCH,3,450,93,4,0,,,,,,,,,,,,,,,,,,,,,,,
2026-08-18T10:37:38.748652,226,0x46,PDSCH,3,450,93,4,0,,,,,,,,,,,,,,,,,,,,,,,
2026-08-18T10:37:38.800628,227,0x46,PDSCH,3,450,93,4,0,,,,,,,,,,,,,,,,,,,,,,,
2026-08-18T10:37:38.841461,228,0x46,PDSCH,3,450,93,4,0,,,,,,,,,,,,,,,,,,,,,,,
2026-08-18T10:37:38.877091,229,0x46,PUSCH,,,,,,2,46,6480,2865,4,0,OK,109.0,135.8,0.0,0.0,372,,,,,,,,,,,
2026-08-18T10:37:38.877191,229,0x46,PDSCH,3,450,93,4,0,,,,,,,,,,,,,,,,,,,,,,,
2026-08-18T10:37:38.914673,230,0x46,PDSCH,3,450,93,4,0,,,,,,,,,,,,,,,,,,,,,,,
2026-08-18T10:37:38.952784,231,0x46,PDSCH,3,450,93,4,0,,,,,,,,,,,,,,,,,,,,,,,
2026-08-18T10:37:38.984778,232,0x46,PDSCH,3,450,93,4,0,,,,,,,,,,,,,,,,,,,,,,,
2026-08-18T10:37:39.017952,233,0x46,PDSCH,3,450,93,4,0,,,,,,,,,,,,,,,,,,,,,,,
2026-08-18T10:37:39.068798,234,0x46,PDSCH,3,450,93,4,0,,,,,,,,,,,,,,,,,,,,,,,
2026-08-18T10:37:39.104644,235,0x46,PDSCH,3,450,93,4,0,,,,,,,,,,,,,,,,,,,,,,,
2026-08-18T10:37:39.143331,236,0x46,PDSCH,3,450,93,4,0,,,,,,,,,,,,,,,,,,,,,,,
2026-08-18T10:37:39.173662,237,0x46,PDSCH,3,450,93,4,0,,,,,,,,,,,,,,,,,,,,,,,
2026-08-18T10:37:39.204529,238,0x46,PDSCH,3,450,93,4,0,,,,,,,,,,,,,,,,,,,,,,,
2026-08-18T10:37:39.234070,239,0x46,PDSCH,3,450,93,4,0,,,,,,,,,,,,,,,,,,,,,,,
2026-08-18T10:37:39.264635,240,0x46,PDSCH,3,450,93,4,0,,,,,,,,,,,,,,,,,,,,,,,
2026-08-18T10:37:39.336147,242,0x46,PDSCH,3,450,185,6,0,,,,,,,,,,,,,,,,,,,,,,,
2026-08-18T10:37:39.373752,243,0x46,PDSCH,3,450,93,4,0,,,,,,,,,,,,,,,,,,,,,,,
2026-08-18T10:37:39.402020,244,0x46,PDSCH,3,450,93,4,0,,,,,,,,,,,,,,,,,,,,,,,
2026-08-18T10:37:39.434355,245,0x46,PDSCH,3,450,93,4,0,,,,,,,,,,,,,,,,,,,,,,,
2026-08-18T10:37:39.488745,246,0x46,PDSCH,3,450,93,4,0,,,,,,,,,,,,,,,,,,,,,,,
2026-08-18T10:37:39.544289,247,0x46,PDSCH,3,450,93,4,0,,,,,,,,,,,,,,,,,,,,,,,
2026-08-18T10:37:39.590976,248,0x46,PDSCH,3,450,93,4,0,,,,,,,,,,,,,,,,,,,,,,,
2026-08-18T10:37:39.630271,249,0x46,PUSCH,,,,,,2,46,6480,2865,4,0,OK,109.0,135.8,0.0,0.0,373,,,,,,,,,,,
2026-08-18T10:37:39.630369,249,0x46,PDSCH,3,450,93,4,0,,,,,,,,,,,,,,,,,,,,,,,
2026-08-18T10:37:39.673835,250,0x46,PDSCH,3,450,93,4,0,,,,,,,,,,,,,,,,,,,,,,,
2026-08-18T10:37:39.710158,251,0x46,PDSCH,3,450,93,4,0,,,,,,,,,,,,,,,,,,,,,,,
2026-08-18T10:37:39.748876,252,0x46,PDSCH,3,450,93,4,0,,,,,,,,,,,,,,,,,,,,,,,
2026-08-18T10:37:39.788982,253,0x46,PDSCH,3,450,93,4,0,,,,,,,,,,,,,,,,,,,,,,,
2026-08-18T10:37:39.817448,254,0x46,PDSCH,3,450,93,4,0,,,,,,,,,,,,,,,,,,,,,,,
2026-08-18T10:37:39.849454,255,0x46,PDSCH,3,450,93,4,0,,,,,,,,,,,,,,,,,,,,,,,
2026-08-18T10:37:39.894817,256,0x46,PDSCH,3,450,93,4,0,,,,,,,,,,,,,,,,,,,,,,,
2026-08-18T10:37:39.963253,257,0x46,PDSCH,3,450,93,4,0,,,,,,,,,,,,,,,,,,,,,,,
2026-08-18T10:37:40.008540,258,0x46,BSR,,,,,,,,,,,,,,,,,,,,,,,,,0,0,0,63
2026-08-18T10:37:40.008572,258,0x46,PDSCH,3,450,93,4,0,,,,,,,,,,,,,,,,,,,,,,,
2026-08-18T10:37:40.090114,260,0x46,PDSCH,3,450,93,4,0,,,,,,,,,,,,,,,,,,,,,,,
2026-08-18T10:37:40.169196,262,0x46,PDSCH,3,450,185,6,0,,,,,,,,,,,,,,,,,,,,,,,
2026-08-18T10:37:40.198049,263,0x46,PDSCH,3,450,93,4,0,,,,,,,,,,,,,,,,,,,,,,,
2026-08-18T10:37:40.227943,264,0x46,PDSCH,3,450,93,4,0,,,,,,,,,,,,,,,,,,,,,,,
2026-08-18T10:37:40.263442,265,0x46,PDSCH,3,450,93,4,0,,,,,,,,,,,,,,,,,,,,,,,
2026-08-18T10:37:40.305717,266,0x46,PDSCH,3,450,93,4,0,,,,,,,,,,,,,,,,,,,,,,,
2026-08-18T10:37:40.345389,267,0x46,PUSCH,,,,,,2,46,6480,2865,4,0,OK,109.0,135.9,0.0,-0.0,372,,,,,,,,,,,
2026-08-18T10:37:40.345491,267,0x46,PDSCH,3,450,93,4,0,,,,,,,,,,,,,,,,,,,,,,,
2026-08-18T10:37:40.400503,268,0x46,PDSCH,3,450,93,4,0,,,,,,,,,,,,,,,,,,,,,,,
2026-08-18T10:37:40.447975,269,0x46,PUSCH,,,,,,2,46,6480,2865,4,0,OK,109.0,135.9,0.0,0.0,372,,,,,,,,,,,
2026-08-18T10:37:40.448072,269,0x46,PDSCH,3,450,93,4,0,,,,,,,,,,,,,,,,,,,,,,,
2026-08-18T10:37:40.481344,270,0x46,PDSCH,3,450,93,4,0,,,,,,,,,,,,,,,,,,,,,,,
2026-08-18T10:37:40.513241,271,0x46,PDSCH,3,450,185,6,0,,,,,,,,,,,,,,,,,,,,,,,
2026-08-18T10:37:40.548372,272,0x46,PDSCH,3,450,93,4,0,,,,,,,,,,,,,,,,,,,,,,,
2026-08-18T10:37:40.586484,273,0x46,PDSCH,3,450,93,4,0,,,,,,,,,,,,,,,,,,,,,,,
2026-08-18T10:37:40.616911,274,0x46,PDSCH,3,450,93,4,0,,,,,,,,,,,,,,,,,,,,,,,
2026-08-18T10:37:40.648014,275,0x46,PDSCH,3,450,93,4,0,,,,,,,,,,,,,,,,,,,,,,,
2026-08-18T10:37:40.681173,276,0x46,PDSCH,3,450,93,4,0,,,,,,,,,,,,,,,,,,,,,,,
2026-08-18T10:37:40.712967,277,0x46,PDSCH,3,450,93,4,0,,,,,,,,,,,,,,,,,,,,,,,
2026-08-18T10:37:40.772541,278,0x46,PDSCH,3,450,93,4,0,,,,,,,,,,,,,,,,,,,,,,,
2026-08-18T10:37:40.808178,279,0x46,PDSCH,3,450,93,4,0,,,,,,,,,,,,,,,,,,,,,,,
2026-08-18T10:37:40.840103,280,0x46,PDSCH,3,450,185,6,0,,,,,,,,,,,,,,,,,,,,,,,
2026-08-18T10:37:40.915989,282,0x46,PDSCH,3,450,185,6,0,,,,,,,,,,,,,,,,,,,,,,,
2026-08-18T10:37:40.957557,283,0x46,PDSCH,3,450,93,4,0,,,,,,,,,,,,,,,,,,,,,,,
2026-08-18T10:37:40.987964,284,0x46,PDSCH,3,450,93,4,0,,,,,,,,,,,,,,,,,,,,,,,
2026-08-18T10:37:41.015442,285,0x46,PDSCH,3,450,93,4,0,,,,,,,,,,,,,,,,,,,,,,,
2026-08-18T10:37:41.046550,286,0x46,PDSCH,3,450,93,4,0,,,,,,,,,,,,,,,,,,,,,,,
2026-08-18T10:37:41.076424,287,0x46,PDSCH,3,450,93,4,0,,,,,,,,,,,,,,,,,,,,,,,
2026-08-18T10:37:41.104660,288,0x46,PDSCH,3,450,185,6,0,,,,,,,,,,,,,,,,,,,,,,,
2026-08-18T10:37:41.136336,289,0x46,PUSCH,,,,,,2,46,6480,2865,4,0,OK,109.0,135.8,0.0,0.0,373,,,,,,,,,,,
2026-08-18T10:37:41.136434,289,0x46,PDSCH,3,450,93,4,0,,,,,,,,,,,,,,,,,,,,,,,
2026-08-18T10:37:41.175541,290,0x46,PDSCH,3,450,93,4,0,,,,,,,,,,,,,,,,,,,,,,,
2026-08-18T10:37:41.205246,291,0x46,PDSCH,3,450,93,4,0,,,,,,,,,,,,,,,,,,,,,,,
2026-08-18T10:37:41.236481,292,0x46,PDSCH,3,450,93,4,0,,,,,,,,,,,,,,,,,,,,,,,
2026-08-18T10:37:41.301076,293,0x46,PDSCH,3,450,93,4,0,,,,,,,,,,,,,,,,,,,,,,,
2026-08-18T10:37:41.344617,294,0x46,PDSCH,3,450,93,4,0,,,,,,,,,,,,,,,,,,,,,,,
2026-08-18T10:37:41.381664,295,0x46,PDSCH,3,450,93,4,0,,,,,,,,,,,,,,,,,,,,,,,
2026-08-18T10:37:41.412957,296,0x46,PDSCH,3,450,93,4,0,,,,,,,,,,,,,,,,,,,,,,,
2026-08-18T10:37:41.444139,297,0x46,PDSCH,3,450,93,4,0,,,,,,,,,,,,,,,,,,,,,,,
2026-08-18T10:37:41.476105,298,0x46,PDSCH,3,450,93,4,0,,,,,,,,,,,,,,,,,,,,,,,
2026-08-18T10:37:41.510523,299,0x46,PDSCH,3,450,93,4,0,,,,,,,,,,,,,,,,,,,,,,,
2026-08-18T10:37:41.538433,300,0x46,PDSCH,3,450,93,4,0,,,,,,,,,,,,,,,,,,,,,,,
2026-08-18T10:37:41.594066,302,0x46,PDSCH,3,450,185,6,0,,,,,,,,,,,,,,,,,,,,,,,
2026-08-18T10:37:41.624344,303,0x46,PDSCH,3,450,93,4,0,,,,,,,,,,,,,,,,,,,,,,,
2026-08-18T10:37:41.657633,304,0x46,PDSCH,3,450,93,4,0,,,,,,,,,,,,,,,,,,,,,,,
2026-08-18T10:37:41.701319,305,0x46,PDSCH,3,450,93,4,0,,,,,,,,,,,,,,,,,,,,,,,
2026-08-18T10:37:41.765157,306,0x46,PDSCH,6,900,193,4,0,,,,,,,,,,,,,,,,,,,,,,,
2026-08-18T10:37:41.823165,307,0x46,PDSCH,3,450,93,4,0,,,,,,,,,,,,,,,,,,,,,,,
2026-08-18T10:37:41.863132,308,0x46,BSR,,,,,,,,,,,,,,,,,,,,,,,,,0,0,0,63
2026-08-18T10:37:41.863186,308,0x46,PDSCH,3,450,93,4,0,,,,,,,,,,,,,,,,,,,,,,,
2026-08-18T10:37:41.898775,309,0x46,PUSCH,,,,,,2,46,6480,2865,4,0,OK,109.0,135.8,0.0,0.0,372,,,,,,,,,,,
2026-08-18T10:37:41.933594,310,0x46,PDSCH,3,450,93,4,0,,,,,,,,,,,,,,,,,,,,,,,
2026-08-18T10:37:41.971587,311,0x46,PDSCH,3,450,93,4,0,,,,,,,,,,,,,,,,,,,,,,,
2026-08-18T10:37:42.011425,312,0x46,PDSCH,3,450,93,4,0,,,,,,,,,,,,,,,,,,,,,,,
2026-08-18T10:37:42.041977,313,0x46,PDSCH,3,450,93,4,0,,,,,,,,,,,,,,,,,,,,,,,
2026-08-18T10:37:42.069072,314,0x46,PDSCH,3,450,93,4,0,,,,,,,,,,,,,,,,,,,,,,,
2026-08-18T10:37:42.097457,315,0x46,PDSCH,3,450,93,4,0,,,,,,,,,,,,,,,,,,,,,,,
2026-08-18T10:37:42.128261,316,0x46,PDSCH,3,450,93,4,0,,,,,,,,,,,,,,,,,,,,,,,
2026-08-18T10:37:42.181934,317,0x46,PUSCH,,,,,,2,46,6480,2865,4,0,OK,109.0,135.8,0.0,0.0,371,,,,,,,,,,,
2026-08-18T10:37:42.182031,317,0x46,PDSCH,3,450,93,4,0,,,,,,,,,,,,,,,,,,,,,,,
2026-08-18T10:37:42.224745,318,0x46,PDSCH,3,450,93,4,0,,,,,,,,,,,,,,,,,,,,,,,
2026-08-18T10:37:42.260656,319,0x46,PDSCH,3,450,93,4,0,,,,,,,,,,,,,,,,,,,,,,,
2026-08-18T10:37:42.292688,320,0x46,PDSCH,3,450,93,4,0,,,,,,,,,,,,,,,,,,,,,,,
2026-08-18T10:37:42.352091,322,0x46,PDSCH,3,450,185,6,0,,,,,,,,,,,,,,,,,,,,,,,
2026-08-18T10:37:42.380848,323,0x46,PDSCH,3,450,93,4,0,,,,,,,,,,,,,,,,,,,,,,,
2026-08-18T10:37:42.411501,324,0x46,PDSCH,3,450,185,6,0,,,,,,,,,,,,,,,,,,,,,,,
2026-08-18T10:37:42.472411,326,0x46,PDSCH,6,900,193,4,0,,,,,,,,,,,,,,,,,,,,,,,
2026-08-18T10:37:42.501383,327,0x46,PDSCH,3,450,93,4,0,,,,,,,,,,,,,,,,,,,,,,,
2026-08-18T10:37:42.529646,328,0x46,PDSCH,3,450,93,4,0,,,,,,,,,,,,,,,,,,,,,,,
2026-08-18T10:37:42.562504,329,0x46,PUSCH,,,,,,2,46,6480,2865,4,0,OK,109.0,135.8,0.0,0.0,372,,,,,,,,,,,
2026-08-18T10:37:42.562602,329,0x46,PDSCH,3,450,93,4,0,,,,,,,,,,,,,,,,,,,,,,,
2026-08-18T10:37:42.607370,330,0x46,PDSCH,3,450,93,4,0,,,,,,,,,,,,,,,,,,,,,,,
2026-08-18T10:37:42.639573,331,0x46,PDSCH,3,450,93,4,0,,,,,,,,,,,,,,,,,,,,,,,
2026-08-18T10:37:42.674139,332,0x46,PDSCH,3,450,93,4,0,,,,,,,,,,,,,,,,,,,,,,,
2026-08-18T10:37:42.703670,333,0x46,PUSCH,,,,,,2,46,6480,2865,4,0,OK,109.0,135.9,0.0,-0.0,388,,,,,,,,,,,
2026-08-18T10:37:42.703768,333,0x46,PDSCH,3,450,93,4,0,,,,,,,,,,,,,,,,,,,,,,,
2026-08-18T10:37:42.729336,334,0x46,PDSCH,3,450,93,4,0,,,,,,,,,,,,,,,,,,,,,,,
2026-08-18T10:37:42.782239,336,0x46,PDSCH,6,900,193,4,0,,,,,,,,,,,,,,,,,,,,,,,
2026-08-18T10:37:42.808866,337,0x46,PDSCH,3,450,93,4,0,,,,,,,,,,,,,,,,,,,,,,,
2026-08-18T10:37:42.837437,338,0x46,PDSCH,3,450,93,4,0,,,,,,,,,,,,,,,,,,,,,,,
2026-08-18T10:37:42.863331,339,0x46,PDSCH,3,450,93,4,0,,,,,,,,,,,,,,,,,,,,,,,
2026-08-18T10:37:42.881175,340,0x46,PDSCH,3,450,93,4,0,,,,,,,,,,,,,,,,,,,,,,,
2026-08-18T10:37:42.919243,342,0x46,PDSCH,3,450,185,6,0,,,,,,,,,,,,,,,,,,,,,,,
2026-08-18T10:37:42.937735,343,0x46,PUSCH,,,,,,2,46,6480,2865,4,0,OK,109.0,135.9,0.0,-0.0,373,,,,,,,,,,,
2026-08-18T10:37:42.937833,343,0x46,PDSCH,3,450,93,4,0,,,,,,,,,,,,,,,,,,,,,,,
2026-08-18T10:37:42.959555,344,0x46,PDSCH,3,450,93,4,0,,,,,,,,,,,,,,,,,,,,,,,
2026-08-18T10:37:42.982493,345,0x46,PDSCH,3,450,93,4,0,,,,,,,,,,,,,,,,,,,,,,,
2026-08-18T10:37:43.015735,346,0x46,PDSCH,3,450,93,4,0,,,,,,,,,,,,,,,,,,,,,,,
2026-08-18T10:37:43.042028,347,0x46,PDSCH,3,450,93,4,0,,,,,,,,,,,,,,,,,,,,,,,
2026-08-18T10:37:43.070483,348,0x46,PDSCH,3,450,93,4,0,,,,,,,,,,,,,,,,,,,,,,,
2026-08-18T10:37:43.102522,349,0x46,PUSCH,,,,,,2,46,6480,2865,4,0,OK,109.0,135.9,0.0,0.0,427,,,,,,,,,,,
2026-08-18T10:37:43.102620,349,0x46,PDSCH,3,450,93,4,0,,,,,,,,,,,,,,,,,,,,,,,
2026-08-18T10:37:43.143363,350,0x46,PDSCH,3,450,93,4,0,,,,,,,,,,,,,,,,,,,,,,,
2026-08-18T10:37:43.181585,351,0x46,PDSCH,3,450,93,4,0,,,,,,,,,,,,,,,,,,,,,,,
2026-08-18T10:37:43.223263,352,0x46,PDSCH,3,450,93,4,0,,,,,,,,,,,,,,,,,,,,,,,
2026-08-18T10:37:43.264375,353,0x46,PDSCH,3,450,93,4,0,,,,,,,,,,,,,,,,,,,,,,,
2026-08-18T10:37:43.306752,354,0x46,PDSCH,3,450,105,4,0,,,,,,,,,,,,,,,,,,,,,,,
2026-08-18T10:37:43.367885,355,0x46,PDSCH,3,450,93,4,0,,,,,,,,,,,,,,,,,,,,,,,
2026-08-18T10:37:43.439137,356,0x46,PDSCH,3,450,93,4,0,,,,,,,,,,,,,,,,,,,,,,,
2026-08-18T10:37:43.496072,357,0x46,PDSCH,3,450,93,4,0,,,,,,,,,,,,,,,,,,,,,,,
2026-08-18T10:37:43.545732,358,0x46,BSR,,,,,,,,,,,,,,,,,,,,,,,,,0,0,0,63
2026-08-18T10:37:43.545833,358,0x46,PDSCH,3,450,93,4,0,,,,,,,,,,,,,,,,,,,,,,,
2026-08-18T10:37:43.677761,360,0x46,PDSCH,3,450,93,4,0,,,,,,,,,,,,,,,,,,,,,,,
2026-08-18T10:37:43.759120,362,0x46,PDSCH,3,450,185,6,0,,,,,,,,,,,,,,,,,,,,,,,
2026-08-18T10:37:43.798441,363,0x46,PDSCH,3,450,93,4,0,,,,,,,,,,,,,,,,,,,,,,,
2026-08-18T10:37:43.837619,364,0x46,PDSCH,3,450,93,4,0,,,,,,,,,,,,,,,,,,,,,,,
2026-08-18T10:37:43.879762,365,0x46,PDSCH,3,450,93,4,0,,,,,,,,,,,,,,,,,,,,,,,
2026-08-18T10:37:43.932485,366,0x46,PDSCH,3,450,93,4,0,,,,,,,,,,,,,,,,,,,,,,,
2026-08-18T10:37:43.980055,367,0x46,PUSCH,,,,,,2,46,6480,2865,4,0,OK,109.0,135.9,0.0,-0.0,386,,,,,,,,,,,
2026-08-18T10:37:43.980158,367,0x46,PDSCH,3,450,93,4,0,,,,,,,,,,,,,,,,,,,,,,,
2026-08-18T10:37:44.013719,368,0x46,PDSCH,3,450,93,4,0,,,,,,,,,,,,,,,,,,,,,,,
2026-08-18T10:37:44.044757,369,0x46,PUSCH,,,,,,2,46,6480,2865,4,0,OK,109.0,135.8,0.0,0.0,380,,,,,,,,,,,
2026-08-18T10:37:44.044863,369,0x46,PDSCH,3,450,93,4,0,,,,,,,,,,,,,,,,,,,,,,,
2026-08-18T10:37:44.077121,370,0x46,PDSCH,3,450,93,4,0,,,,,,,,,,,,,,,,,,,,,,,
2026-08-18T10:37:44.112742,371,0x46,PDSCH,3,450,93,4,0,,,,,,,,,,,,,,,,,,,,,,,
2026-08-18T10:37:44.149717,372,0x46,PDSCH,3,450,93,4,0,,,,,,,,,,,,,,,,,,,,,,,
2026-08-18T10:37:44.182192,373,0x46,PDSCH,3,450,93,4,0,,,,,,,,,,,,,,,,,,,,,,,
2026-08-18T10:37:44.214697,374,0x46,PDSCH,3,450,93,4,0,,,,,,,,,,,,,,,,,,,,,,,
2026-08-18T10:37:44.258513,375,0x46,PDSCH,3,450,93,4,0,,,,,,,,,,,,,,,,,,,,,,,
2026-08-18T10:37:44.297631,376,0x46,PDSCH,3,450,93,4,0,,,,,,,,,,,,,,,,,,,,,,,
2026-08-18T10:37:44.335104,377,0x46,PDSCH,3,450,93,4,0,,,,,,,,,,,,,,,,,,,,,,,
2026-08-18T10:37:44.373311,378,0x46,PDSCH,3,450,93,4,0,,,,,,,,,,,,,,,,,,,,,,,
2026-08-18T10:37:44.404900,379,0x46,PDSCH,3,450,93,4,0,,,,,,,,,,,,,,,,,,,,,,,
2026-08-18T10:37:44.428369,380,0x46,PDSCH,3,450,93,4,0,,,,,,,,,,,,,,,,,,,,,,,
2026-08-18T10:37:44.483348,382,0x46,PDSCH,3,450,185,6,0,,,,,,,,,,,,,,,,,,,,,,,
2026-08-18T10:37:44.514694,383,0x46,PDSCH,3,450,93,4,0,,,,,,,,,,,,,,,,,,,,,,,
2026-08-18T10:37:44.545892,384,0x46,PDSCH,3,450,93,4,0,,,,,,,,,,,,,,,,,,,,,,,
2026-08-18T10:37:44.576371,385,0x46,PDSCH,3,450,93,4,0,,,,,,,,,,,,,,,,,,,,,,,
2026-08-18T10:37:44.597217,386,0x46,PDSCH,3,450,93,4,0,,,,,,,,,,,,,,,,,,,,,,,
2026-08-18T10:37:44.620167,387,0x46,PDSCH,3,450,93,4,0,,,,,,,,,,,,,,,,,,,,,,,
2026-08-18T10:37:44.676921,388,0x46,PDSCH,3,450,93,4,0,,,,,,,,,,,,,,,,,,,,,,,
2026-08-18T10:37:44.718141,389,0x46,PUSCH,,,,,,2,46,6480,2865,4,0,OK,109.0,135.9,0.0,0.0,371,,,,,,,,,,,
2026-08-18T10:37:44.718239,389,0x46,PDSCH,3,450,93,4,0,,,,,,,,,,,,,,,,,,,,,,,
2026-08-18T10:37:44.777782,390,0x46,PDSCH,3,450,93,4,0,,,,,,,,,,,,,,,,,,,,,,,
2026-08-18T10:37:44.822605,391,0x46,PDSCH,3,450,93,4,0,,,,,,,,,,,,,,,,,,,,,,,
2026-08-18T10:37:44.870769,392,0x46,PDSCH,3,450,93,4,0,,,,,,,,,,,,,,,,,,,,,,,
2026-08-18T10:37:44.922928,393,0x46,PDSCH,3,450,93,4,0,,,,,,,,,,,,,,,,,,,,,,,
2026-08-18T10:37:44.981216,394,0x46,PDSCH,3,450,93,4,0,,,,,,,,,,,,,,,,,,,,,,,
2026-08-18T10:37:45.026411,395,0x46,PDSCH,3,450,93,4,0,,,,,,,,,,,,,,,,,,,,,,,
2026-08-18T10:37:45.064791,396,0x46,PDSCH,3,450,93,4,0,,,,,,,,,,,,,,,,,,,,,,,
2026-08-18T10:37:45.101952,397,0x46,PDSCH,3,450,93,4,0,,,,,,,,,,,,,,,,,,,,,,,
2026-08-18T10:37:45.143548,398,0x46,PDSCH,3,450,93,4,0,,,,,,,,,,,,,,,,,,,,,,,
2026-08-18T10:37:45.176222,399,0x46,PDSCH,3,450,93,4,0,,,,,,,,,,,,,,,,,,,,,,,
2026-08-18T10:37:45.208188,400,0x46,PDSCH,3,450,93,4,0,,,,,,,,,,,,,,,,,,,,,,,
2026-08-18T10:37:45.326051,402,0x46,PDSCH,3,450,185,6,0,,,,,,,,,,,,,,,,,,,,,,,
2026-08-18T10:37:45.372911,403,0x46,PDSCH,3,450,93,4,0,,,,,,,,,,,,,,,,,,,,,,,
2026-08-18T10:37:45.410460,404,0x46,PDSCH,3,450,93,4,0,,,,,,,,,,,,,,,,,,,,,,,
2026-08-18T10:37:45.444650,405,0x46,PDSCH,3,450,93,4,0,,,,,,,,,,,,,,,,,,,,,,,
2026-08-18T10:37:45.478186,406,0x46,PDSCH,3,450,93,4,0,,,,,,,,,,,,,,,,,,,,,,,
2026-08-18T10:37:45.514967,407,0x46,PDSCH,3,450,93,4,0,,,,,,,,,,,,,,,,,,,,,,,
2026-08-18T10:37:45.544954,408,0x46,BSR,,,,,,,,,,,,,,,,,,,,,,,,,0,0,0,63
2026-08-18T10:37:45.544985,408,0x46,PDSCH,3,450,93,4,0,,,,,,,,,,,,,,,,,,,,,,,
2026-08-18T10:37:45.575971,409,0x46,PUSCH,,,,,,2,46,6480,2865,4,0,OK,109.0,135.8,0.0,0.0,371,,,,,,,,,,,
2026-08-18T10:37:45.575989,409,0x46,BSR,,,,,,,,,,,,,,,,,,,,,,,,,0,0,0,63
2026-08-18T10:37:45.689196,411,0x46,PDSCH,3,450,93,4,0,,,,,,,,,,,,,,,,,,,,,,,
2026-08-18T10:37:45.736425,412,0x46,PDSCH,3,450,93,4,0,,,,,,,,,,,,,,,,,,,,,,,
2026-08-18T10:37:45.775132,413,0x46,PDSCH,3,450,93,4,0,,,,,,,,,,,,,,,,,,,,,,,
2026-08-18T10:37:45.813304,414,0x46,PDSCH,3,450,93,4,0,,,,,,,,,,,,,,,,,,,,,,,
2026-08-18T10:37:45.847798,415,0x46,PDSCH,3,450,93,4,0,,,,,,,,,,,,,,,,,,,,,,,
2026-08-18T10:37:45.881290,416,0x46,PDSCH,3,450,93,4,0,,,,,,,,,,,,,,,,,,,,,,,
2026-08-18T10:37:45.909913,417,0x46,PUSCH,,,,,,2,46,6480,2865,4,0,OK,109.0,135.9,0.0,-0.0,374,,,,,,,,,,,
2026-08-18T10:37:45.910011,417,0x46,PDSCH,3,450,93,4,0,,,,,,,,,,,,,,,,,,,,,,,
2026-08-18T10:37:45.936990,418,0x46,PUSCH,,,,,,2,46,6480,2865,4,0,OK,109.0,135.8,0.0,0.0,373,,,,,,,,,,,
2026-08-18T10:37:45.937090,418,0x46,PDSCH,3,450,93,4,0,,,,,,,,,,,,,,,,,,,,,,,
2026-08-18T10:37:45.967979,419,0x46,PDSCH,3,450,93,4,0,,,,,,,,,,,,,,,,,,,,,,,
2026-08-18T10:37:45.998509,420,0x46,PDSCH,3,450,93,4,0,,,,,,,,,,,,,,,,,,,,,,,
2026-08-18T10:37:46.088371,422,0x46,PDSCH,3,450,185,6,0,,,,,,,,,,,,,,,,,,,,,,,
2026-08-18T10:37:46.117028,423,0x46,PDSCH,3,450,93,4,0,,,,,,,,,,,,,,,,,,,,,,,
2026-08-18T10:37:46.142990,424,0x46,PDSCH,3,450,93,4,0,,,,,,,,,,,,,,,,,,,,,,,
2026-08-18T10:37:46.168295,425,0x46,PDSCH,3,450,93,4,0,,,,,,,,,,,,,,,,,,,,,,,
2026-08-18T10:37:46.191202,426,0x46,PDSCH,3,450,93,4,0,,,,,,,,,,,,,,,,,,,,,,,
2026-08-18T10:37:46.218339,427,0x46,PDSCH,3,450,93,4,0,,,,,,,,,,,,,,,,,,,,,,,
2026-08-18T10:37:46.247879,428,0x46,PHR,,,,,,,,,,,,,,,,,,,,,,,,30.0,,,,
2026-08-18T10:37:46.247934,428,0x46,PDSCH,3,450,93,4,0,,,,,,,,,,,,,,,,,,,,,,,
2026-08-18T10:37:46.279887,429,0x46,PUSCH,,,,,,2,46,6480,2865,4,0,OK,109.0,135.9,0.0,0.0,371,,,,,,,,,,,
2026-08-18T10:37:46.279983,429,0x46,PDSCH,3,450,93,4,0,,,,,,,,,,,,,,,,,,,,,,,
2026-08-18T10:37:46.320752,430,0x46,PDSCH,3,450,93,4,0,,,,,,,,,,,,,,,,,,,,,,,
2026-08-18T10:37:46.358170,431,0x46,PDSCH,3,450,121,6,0,,,,,,,,,,,,,,,,,,,,,,,
2026-08-18T10:37:46.388878,432,0x46,PDSCH,3,450,121,6,0,,,,,,,,,,,,,,,,,,,,,,,
2026-08-18T10:37:46.422538,433,0x46,PDSCH,3,450,121,6,0,,,,,,,,,,,,,,,,,,,,,,,
2026-08-18T10:37:46.453747,434,0x46,PDSCH,3,450,121,6,0,,,,,,,,,,,,,,,,,,,,,,,
2026-08-18T10:37:46.479392,435,0x46,PDSCH,3,450,121,6,0,,,,,,,,,,,,,,,,,,,,,,,
2026-08-18T10:37:46.509791,436,0x46,PDSCH,6,900,117,2,0,,,,,,,,,,,,,,,,,,,,,,,
2026-08-18T10:37:46.540323,437,0x46,PDSCH,3,450,121,6,0,,,,,,,,,,,,,,,,,,,,,,,
2026-08-18T10:37:46.590891,438,0x46,PDSCH,3,450,121,6,0,,,,,,,,,,,,,,,,,,,,,,,
2026-08-18T10:37:46.624225,439,0x46,PDSCH,3,450,121,6,0,,,,,,,,,,,,,,,,,,,,,,,
2026-08-18T10:37:46.654110,440,0x46,PDSCH,3,450,121,6,0,,,,,,,,,,,,,,,,,,,,,,,
2026-08-18T10:37:46.738271,442,0x46,PDSCH,3,450,233,6,0,,,,,,,,,,,,,,,,,,,,,,,
2026-08-18T10:37:46.778581,443,0x46,PDSCH,3,450,121,6,0,,,,,,,,,,,,,,,,,,,,,,,
2026-08-18T10:37:46.817529,444,0x46,PDSCH,3,450,121,6,0,,,,,,,,,,,,,,,,,,,,,,,
2026-08-18T10:37:46.855738,445,0x46,PDSCH,3,450,121,6,0,,,,,,,,,,,,,,,,,,,,,,,
2026-08-18T10:37:46.885645,446,0x46,PDSCH,6,900,117,2,0,,,,,,,,,,,,,,,,,,,,,,,
2026-08-18T10:37:46.917986,447,0x46,PDSCH,3,450,121,6,0,,,,,,,,,,,,,,,,,,,,,,,
2026-08-18T10:37:46.947937,448,0x46,PDSCH,3,450,121,6,0,,,,,,,,,,,,,,,,,,,,,,,
2026-08-18T10:37:46.978803,449,0x46,PUSCH,,,,,,2,46,6480,2865,4,0,OK,109.0,135.8,0.0,0.0,378,,,,,,,,,,,
2026-08-18T10:37:46.978910,449,0x46,PDSCH,3,450,121,6,0,,,,,,,,,,,,,,,,,,,,,,,
2026-08-18T10:37:47.011166,450,0x46,PDSCH,3,450,121,6,0,,,,,,,,,,,,,,,,,,,,,,,
2026-08-18T10:37:47.043008,451,0x46,PDSCH,3,450,121,6,0,,,,,,,,,,,,,,,,,,,,,,,
2026-08-18T10:37:47.096781,452,0x46,PDSCH,3,450,121,6,0,,,,,,,,,,,,,,,,,,,,,,,
2026-08-18T10:37:47.137510,453,0x46,PDSCH,3,450,121,6,0,,,,,,,,,,,,,,,,,,,,,,,
2026-08-18T10:37:47.164623,454,0x46,PDSCH,3,450,121,6,0,,,,,,,,,,,,,,,,,,,,,,,
2026-08-18T10:37:47.195174,455,0x46,PDSCH,3,450,121,6,0,,,,,,,,,,,,,,,,,,,,,,,
2026-08-18T10:37:47.225016,456,0x46,PDSCH,6,900,117,2,0,,,,,,,,,,,,,,,,,,,,,,,
2026-08-18T10:37:47.256145,457,0x46,PDSCH,3,450,121,6,0,,,,,,,,,,,,,,,,,,,,,,,
2026-08-18T10:37:47.299258,458,0x46,PDSCH,3,450,121,6,0,,,,,,,,,,,,,,,,,,,,,,,
2026-08-18T10:37:47.336250,459,0x46,BSR,,,,,,,,,,,,,,,,,,,,,,,,,0,0,0,63
2026-08-18T10:37:47.336286,459,0x46,PDSCH,3,450,121,6,0,,,,,,,,,,,,,,,,,,,,,,,
2026-08-18T10:37:47.438949,462,0x46,PDSCH,3,450,233,6,0,,,,,,,,,,,,,,,,,,,,,,,
2026-08-18T10:37:47.467010,463,0x46,PDSCH,3,450,121,6,0,,,,,,,,,,,,,,,,,,,,,,,
2026-08-18T10:37:47.498507,464,0x46,PDSCH,3,450,121,6,0,,,,,,,,,,,,,,,,,,,,,,,
2026-08-18T10:37:47.528268,465,0x46,PDSCH,3,450,121,6,0,,,,,,,,,,,,,,,,,,,,,,,
2026-08-18T10:37:47.559774,466,0x46,PDSCH,6,900,117,2,0,,,,,,,,,,,,,,,,,,,,,,,
2026-08-18T10:37:47.589575,467,0x46,PDSCH,3,450,121,6,0,,,,,,,,,,,,,,,,,,,,,,,
2026-08-18T10:37:47.845078,468,0x46,PUSCH,,,,,,2,46,6480,2865,4,0,OK,109.0,135.8,0.0,0.0,371,,,,,,,,,,,
2026-08-18T10:37:47.845177,468,0x46,PDSCH,3,450,121,6,0,,,,,,,,,,,,,,,,,,,,,,,
2026-08-18T10:37:47.874560,469,0x46,PUSCH,,,,,,2,46,6480,2865,4,0,OK,109.0,135.8,0.0,0.0,371,,,,,,,,,,,
2026-08-18T10:37:47.874659,469,0x46,PDSCH,3,450,121,6,0,,,,,,,,,,,,,,,,,,,,,,,
2026-08-18T10:37:47.906092,470,0x46,PDSCH,3,450,121,6,0,,,,,,,,,,,,,,,,,,,,,,,
2026-08-18T10:37:47.961428,471,0x46,PDSCH,3,450,121,6,0,,,,,,,,,,,,,,,,,,,,,,,
2026-08-18T10:37:48.014138,472,0x46,PDSCH,3,450,121,6,0,,,,,,,,,,,,,,,,,,,,,,,
2026-08-18T10:37:48.096332,473,0x46,PDSCH,3,450,121,6,0,,,,,,,,,,,,,,,,,,,,,,,
2026-08-18T10:37:48.151343,474,0x46,PDSCH,3,450,121,6,0,,,,,,,,,,,,,,,,,,,,,,,
2026-08-18T10:37:48.195565,475,0x46,PDSCH,3,450,121,6,0,,,,,,,,,,,,,,,,,,,,,,,
2026-08-18T10:37:48.242805,476,0x46,PDSCH,6,900,117,2,0,,,,,,,,,,,,,,,,,,,,,,,
2026-08-18T10:37:48.279556,477,0x46,PDSCH,3,450,121,6,0,,,,,,,,,,,,,,,,,,,,,,,
2026-08-18T10:37:48.314740,478,0x46,PHR,,,,,,,,,,,,,,,,,,,,,,,,30.0,,,,
2026-08-18T10:37:48.314793,478,0x46,PDSCH,3,450,121,6,0,,,,,,,,,,,,,,,,,,,,,,,
2026-08-18T10:37:48.345319,479,0x46,PDSCH,3,450,121,6,0,,,,,,,,,,,,,,,,,,,,,,,
2026-08-18T10:37:48.376669,480,0x46,PDSCH,3,450,121,6,0,,,,,,,,,,,,,,,,,,,,,,,
2026-08-18T10:37:48.474419,482,0x46,PDSCH,3,450,233,6,0,,,,,,,,,,,,,,,,,,,,,,,
2026-08-18T10:37:48.531691,483,0x46,PDSCH,3,450,121,6,0,,,,,,,,,,,,,,,,,,,,,,,
2026-08-18T10:37:48.578841,484,0x46,PDSCH,3,450,121,6,0,,,,,,,,,,,,,,,,,,,,,,,
2026-08-18T10:37:48.659094,486,0x46,PDSCH,9,1350,253,4,0,,,,,,,,,,,,,,,,,,,,,,,
2026-08-18T10:37:48.697927,487,0x46,PDSCH,3,450,121,6,0,,,,,,,,,,,,,,,,,,,,,,,
2026-08-18T10:37:48.736793,488,0x46,PDSCH,6,900,241,6,0,,,,,,,,,,,,,,,,,,,,,,,
2026-08-18T10:37:48.767324,489,0x46,PUSCH,,,,,,2,46,6480,2865,4,0,OK,109.0,135.9,0.0,0.0,463,,,,,,,,,,,
2026-08-18T10:37:48.767424,489,0x46,PDSCH,3,450,121,6,0,,,,,,,,,,,,,,,,,,,,,,,
2026-08-18T10:37:48.798221,490,0x46,PDSCH,3,450,63,4,0,,,,,,,,,,,,,,,,,,,,,,,
2026-08-18T10:37:48.826955,491,0x46,PDSCH,3,450,121,6,0,,,,,,,,,,,,,,,,,,,,,,,
2026-08-18T10:37:48.860434,492,0x46,PDSCH,3,450,63,4,0,,,,,,,,,,,,,,,,,,,,,,,
2026-08-18T10:37:48.907756,493,0x46,PUSCH,,,,,,2,46,6480,2865,4,0,OK,109.0,135.8,0.0,-0.0,381,,,,,,,,,,,
2026-08-18T10:37:48.907854,493,0x46,PDSCH,3,450,63,4,0,,,,,,,,,,,,,,,,,,,,,,,
2026-08-18T10:37:48.952627,494,0x46,PDSCH,3,450,63,4,0,,,,,,,,,,,,,,,,,,,,,,,
2026-08-18T10:37:49.031045,496,0x46,PDSCH,6,900,117,2,0,,,,,,,,,,,,,,,,,,,,,,,
2026-08-18T10:37:49.065343,497,0x46,PDSCH,3,450,63,4,0,,,,,,,,,,,,,,,,,,,,,,,
2026-08-18T10:37:49.099837,498,0x46,PDSCH,3,450,63,4,0,,,,,,,,,,,,,,,,,,,,,,,
2026-08-18T10:37:49.129505,499,0x46,PDSCH,3,450,63,4,0,,,,,,,,,,,,,,,,,,,,,,,
2026-08-18T10:37:49.161633,500,0x46,PDSCH,3,450,63,4,0,,,,,,,,,,,,,,,,,,,,,,,
2026-08-18T10:37:49.221265,502,0x46,PDSCH,3,450,121,6,0,,,,,,,,,,,,,,,,,,,,,,,
2026-08-18T10:37:49.251675,503,0x46,PUSCH,,,,,,2,46,6480,2865,4,0,OK,109.0,135.8,0.0,-0.0,393,,,,,,,,,,,
2026-08-18T10:37:49.251772,503,0x46,PDSCH,3,450,63,4,0,,,,,,,,,,,,,,,,,,,,,,,
2026-08-18T10:37:49.281311,504,0x46,PDSCH,3,450,63,4,0,,,,,,,,,,,,,,,,,,,,,,,
2026-08-18T10:37:49.307797,505,0x46,PDSCH,3,450,63,4,0,,,,,,,,,,,,,,,,,,,,,,,
2026-08-18T10:37:49.335870,506,0x46,PDSCH,3,450,63,4,0,,,,,,,,,,,,,,,,,,,,,,,
2026-08-18T10:37:49.355962,507,0x46,PDSCH,3,450,63,4,0,,,,,,,,,,,,,,,,,,,,,,,
2026-08-18T10:37:49.378935,508,0x46,PDSCH,3,450,63,4,0,,,,,,,,,,,,,,,,,,,,,,,
2026-08-18T10:37:49.428509,509,0x46,PUSCH,,,,,,2,46,6480,2865,4,0,OK,109.0,135.8,0.0,0.0,371,,,,,,,,,,,
2026-08-18T10:37:49.428579,509,0x46,BSR,,,,,,,,,,,,,,,,,,,,,,,,,0,0,0,63
2026-08-18T10:37:49.428605,509,0x46,PDSCH,3,450,63,4,0,,,,,,,,,,,,,,,,,,,,,,,
2026-08-18T10:37:49.480135,511,0x46,PDSCH,3,450,63,4,0,,,,,,,,,,,,,,,,,,,,,,,
2026-08-18T10:37:49.508219,512,0x46,PDSCH,3,450,63,4,0,,,,,,,,,,,,,,,,,,,,,,,
2026-08-18T10:37:49.537543,513,0x46,PDSCH,3,450,63,4,0,,,,,,,,,,,,,,,,,,,,,,,
2026-08-18T10:37:49.579409,514,0x46,PDSCH,3,450,63,4,0,,,,,,,,,,,,,,,,,,,,,,,
2026-08-18T10:37:49.619833,515,0x46,PDSCH,3,450,63,4,0,,,,,,,,,,,,,,,,,,,,,,,
2026-08-18T10:37:49.651574,516,0x46,PDSCH,3,450,63,4,0,,,,,,,,,,,,,,,,,,,,,,,
2026-08-18T10:37:49.681317,517,0x46,PDSCH,3,450,63,4,0,,,,,,,,,,,,,,,,,,,,,,,
2026-08-18T10:37:49.707997,518,0x46,PUSCH,,,,,,2,46,6480,2865,4,0,OK,109.0,135.8,0.0,0.0,370,,,,,,,,,,,
2026-08-18T10:37:49.708092,518,0x46,PDSCH,3,450,63,4,0,,,,,,,,,,,,,,,,,,,,,,,
2026-08-18T10:37:49.737680,519,0x46,PDSCH,3,450,63,4,0,,,,,,,,,,,,,,,,,,,,,,,
2026-08-18T10:37:49.769397,520,0x46,PDSCH,3,450,185,6,0,,,,,,,,,,,,,,,,,,,,,,,
2026-08-18T10:37:49.868850,522,0x46,PDSCH,3,450,185,6,0,,,,,,,,,,,,,,,,,,,,,,,
2026-08-18T10:37:49.908453,523,0x46,PDSCH,3,450,93,4,0,,,,,,,,,,,,,,,,,,,,,,,
2026-08-18T10:37:49.945111,524,0x46,PDSCH,3,450,93,4,0,,,,,,,,,,,,,,,,,,,,,,,
2026-08-18T10:37:49.983183,525,0x46,PDSCH,3,450,93,4,0,,,,,,,,,,,,,,,,,,,,,,,
2026-08-18T10:37:50.023575,526,0x46,PDSCH,3,450,93,4,0,,,,,,,,,,,,,,,,,,,,,,,
2026-08-18T10:37:50.067858,527,0x46,PDSCH,3,450,93,4,0,,,,,,,,,,,,,,,,,,,,,,,
2026-08-18T10:37:50.102279,528,0x46,PHR,,,,,,,,,,,,,,,,,,,,,,,,30.0,,,,
2026-08-18T10:37:50.102318,528,0x46,PDSCH,3,450,93,4,0,,,,,,,,,,,,,,,,,,,,,,,
2026-08-18T10:37:50.139200,529,0x46,PUSCH,,,,,,2,46,6480,2865,4,0,OK,109.0,135.8,0.0,0.0,373,,,,,,,,,,,
2026-08-18T10:37:50.139296,529,0x46,PDSCH,3,450,93,4,0,,,,,,,,,,,,,,,,,,,,,,,
2026-08-18T10:37:50.176983,530,0x46,PDSCH,3,450,93,4,0,,,,,,,,,,,,,,,,,,,,,,,
2026-08-18T10:37:50.208542,531,0x46,PDSCH,3,450,145,6,0,,,,,,,,,,,,,,,,,,,,,,,
2026-08-18T10:37:50.260808,532,0x46,PDSCH,3,450,49,2,0,,,,,,,,,,,,,,,,,,,,,,,
2026-08-18T10:37:50.327186,533,0x46,PDSCH,3,450,93,4,0,,,,,,,,,,,,,,,,,,,,,,,
2026-08-18T10:37:50.374760,534,0x46,PDSCH,3,450,93,4,0,,,,,,,,,,,,,,,,,,,,,,,
2026-08-18T10:37:50.421826,535,0x46,PDSCH,3,450,93,4,0,,,,,,,,,,,,,,,,,,,,,,,
2026-08-18T10:37:50.461676,536,0x46,PDSCH,3,450,93,4,0,,,,,,,,,,,,,,,,,,,,,,,
2026-08-18T10:37:50.502539,537,0x46,PDSCH,3,450,93,4,0,,,,,,,,,,,,,,,,,,,,,,,
2026-08-18T10:37:50.543598,538,0x46,PDSCH,3,450,93,4,0,,,,,,,,,,,,,,,,,,,,,,,
2026-08-18T10:37:50.572809,539,0x46,PDSCH,3,450,93,4,0,,,,,,,,,,,,,,,,,,,,,,,
2026-08-18T10:37:50.602416,540,0x46,PDSCH,3,450,145,6,0,,,,,,,,,,,,,,,,,,,,,,,
2026-08-18T10:37:50.660451,542,0x46,PDSCH,3,450,145,6,0,,,,,,,,,,,,,,,,,,,,,,,
2026-08-18T10:37:50.689565,543,0x46,PDSCH,3,450,93,4,0,,,,,,,,,,,,,,,,,,,,,,,
2026-08-18T10:37:50.718871,544,0x46,PDSCH,3,450,93,4,0,,,,,,,,,,,,,,,,,,,,,,,
2026-08-18T10:37:50.752318,545,0x46,PDSCH,3,450,93,4,0,,,,,,,,,,,,,,,,,,,,,,,
2026-08-18T10:37:50.806035,546,0x46,PDSCH,3,450,93,4,0,,,,,,,,,,,,,,,,,,,,,,,
2026-08-18T10:37:50.866506,547,0x46,PDSCH,3,450,93,4,0,,,,,,,,,,,,,,,,,,,,,,,
2026-08-18T10:37:50.914632,548,0x46,PDSCH,3,450,93,4,0,,,,,,,,,,,,,,,,,,,,,,,
2026-08-18T10:37:50.956008,549,0x46,PUSCH,,,,,,2,46,6480,2865,4,0,OK,109.0,135.8,0.0,0.0,371,,,,,,,,,,,
2026-08-18T10:37:50.956107,549,0x46,PDSCH,3,450,145,6,0,,,,,,,,,,,,,,,,,,,,,,,
2026-08-18T10:37:50.993939,550,0x46,PDSCH,3,450,93,4,0,,,,,,,,,,,,,,,,,,,,,,,
2026-08-18T10:37:51.028059,551,0x46,PDSCH,3,450,93,4,0,,,,,,,,,,,,,,,,,,,,,,,
2026-08-18T10:37:51.066564,552,0x46,PDSCH,3,450,49,2,0,,,,,,,,,,,,,,,,,,,,,,,
2026-08-18T10:37:51.096741,553,0x46,PDSCH,3,450,93,4,0,,,,,,,,,,,,,,,,,,,,,,,
2026-08-18T10:37:51.128115,554,0x46,PDSCH,3,450,105,4,0,,,,,,,,,,,,,,,,,,,,,,,
2026-08-18T10:37:51.160005,555,0x46,PDSCH,3,450,93,4,0,,,,,,,,,,,,,,,,,,,,,,,
2026-08-18T10:37:51.201933,556,0x46,PDSCH,3,450,93,4,0,,,,,,,,,,,,,,,,,,,,,,,
2026-08-18T10:37:51.259202,557,0x46,PDSCH,3,450,145,6,0,,,,,,,,,,,,,,,,,,,,,,,
2026-08-18T10:37:51.307391,558,0x46,PDSCH,3,450,93,4,0,,,,,,,,,,,,,,,,,,,,,,,
2026-08-18T10:37:51.355319,559,0x46,BSR,,,,,,,,,,,,,,,,,,,,,,,,,0,0,0,60
2026-08-18T10:37:51.355334,559,0x46,PDSCH,3,450,93,4,0,,,,,,,,,,,,,,,,,,,,,,,
2026-08-18T10:37:51.393103,560,0x46,BSR,,,,,,,,,,,,,,,,,,,,,,,,,0,0,0,60
2026-08-18T10:37:51.471683,562,0x46,PDSCH,3,450,49,2,0,,,,,,,,,,,,,,,,,,,,,,,
2026-08-18T10:37:51.502150,563,0x46,PDSCH,3,450,93,4,0,,,,,,,,,,,,,,,,,,,,,,,
2026-08-18T10:37:51.544982,564,0x46,PDSCH,3,450,161,6,0,,,,,,,,,,,,,,,,,,,,,,,
2026-08-18T10:37:51.586941,565,0x46,PDSCH,3,450,93,4,0,,,,,,,,,,,,,,,,,,,,,,,
2026-08-18T10:37:51.626663,566,0x46,PDSCH,3,450,93,4,0,,,,,,,,,,,,,,,,,,,,,,,
2026-08-18T10:37:51.668279,567,0x46,PDSCH,3,450,93,4,0,,,,,,,,,,,,,,,,,,,,,,,
2026-08-18T10:37:51.709937,568,0x46,PUSCH,,,,,,2,46,6480,2865,4,0,OK,109.0,135.8,0.0,0.0,372,,,,,,,,,,,
2026-08-18T10:37:51.710036,568,0x46,PDSCH,3,450,145,6,0,,,,,,,,,,,,,,,,,,,,,,,
2026-08-18T10:37:51.741516,569,0x46,PUSCH,,,,,,2,46,6480,2865,4,0,OK,109.0,135.9,0.0,0.0,380,,,,,,,,,,,
2026-08-18T10:37:51.741612,569,0x46,PDSCH,3,450,93,4,0,,,,,,,,,,,,,,,,,,,,,,,
2026-08-18T10:37:51.771823,570,0x46,PDSCH,3,450,93,4,0,,,,,,,,,,,,,,,,,,,,,,,
2026-08-18T10:37:51.803746,571,0x46,PDSCH,3,450,93,4,0,,,,,,,,,,,,,,,,,,,,,,,
2026-08-18T10:37:51.835598,572,0x46,PDSCH,3,450,49,2,0,,,,,,,,,,,,,,,,,,,,,,,
2026-08-18T10:37:51.886750,573,0x46,PDSCH,3,450,93,4,0,,,,,,,,,,,,,,,,,,,,,,,
2026-08-18T10:37:51.934632,574,0x46,PDSCH,3,450,93,4,0,,,,,,,,,,,,,,,,,,,,,,,
2026-08-18T10:37:51.978267,575,0x46,PDSCH,3,450,93,4,0,,,,,,,,,,,,,,,,,,,,,,,
2026-08-18T10:37:52.016019,576,0x46,PDSCH,3,450,93,4,0,,,,,,,,,,,,,,,,,,,,,,,
2026-08-18T10:37:52.055856,577,0x46,PDSCH,3,450,145,6,0,,,,,,,,,,,,,,,,,,,,,,,
2026-08-18T10:37:52.093427,578,0x46,PHR,,,,,,,,,,,,,,,,,,,,,,,,30.0,,,,
2026-08-18T10:37:52.093501,578,0x46,PDSCH,3,450,93,4,0,,,,,,,,,,,,,,,,,,,,,,,
2026-08-18T10:37:52.123993,579,0x46,PDSCH,3,450,93,4,0,,,,,,,,,,,,,,,,,,,,,,,
2026-08-18T10:37:52.155459,580,0x46,PDSCH,3,450,93,4,0,,,,,,,,,,,,,,,,,,,,,,,
2026-08-18T10:37:52.219416,582,0x46,PDSCH,3,450,145,6,0,,,,,,,,,,,,,,,,,,,,,,,
2026-08-18T10:37:52.268062,583,0x46,PDSCH,3,450,93,4,0,,,,,,,,,,,,,,,,,,,,,,,
2026-08-18T10:37:52.305476,584,0x46,PDSCH,3,450,93,4,0,,,,,,,,,,,,,,,,,,,,,,,
2026-08-18T10:37:52.339141,585,0x46,PDSCH,3,450,93,4,0,,,,,,,,,,,,,,,,,,,,,,,
2026-08-18T10:37:52.367757,586,0x46,PDSCH,6,900,149,4,0,,,,,,,,,,,,,,,,,,,,,,,
2026-08-18T10:37:52.394892,587,0x46,PDSCH,3,450,93,4,0,,,,,,,,,,,,,,,,,,,,,,,
2026-08-18T10:37:52.422973,588,0x46,PDSCH,3,450,93,4,0,,,,,,,,,,,,,,,,,,,,,,,
2026-08-18T10:37:52.452963,589,0x46,PUSCH,,,,,,2,46,6480,2865,4,0,OK,109.0,135.9,0.0,0.0,372,,,,,,,,,,,
2026-08-18T10:37:52.453061,589,0x46,PDSCH,3,450,93,4,0,,,,,,,,,,,,,,,,,,,,,,,
2026-08-18T10:37:52.484613,590,0x46,PDSCH,3,450,93,4,0,,,,,,,,,,,,,,,,,,,,,,,
2026-08-18T10:37:52.525562,591,0x46,PDSCH,3,450,93,4,0,,,,,,,,,,,,,,,,,,,,,,,
2026-08-18T10:37:52.559189,592,0x46,PDSCH,3,450,49,2,0,,,,,,,,,,,,,,,,,,,,,,,
2026-08-18T10:37:52.599492,593,0x46,PDSCH,3,450,93,4,0,,,,,,,,,,,,,,,,,,,,,,,
2026-08-18T10:37:52.629608,594,0x46,PDSCH,3,450,145,6,0,,,,,,,,,,,,,,,,,,,,,,,
2026-08-18T10:37:52.659355,595,0x46,PDSCH,3,450,93,4,0,,,,,,,,,,,,,,,,,,,,,,,
2026-08-18T10:37:52.689223,596,0x46,PDSCH,3,450,93,4,0,,,,,,,,,,,,,,,,,,,,,,,
2026-08-18T10:37:52.719651,597,0x46,PDSCH,3,450,93,4,0,,,,,,,,,,,,,,,,,,,,,,,
2026-08-18T10:37:52.763099,598,0x46,PDSCH,3,450,93,4,0,,,,,,,,,,,,,,,,,,,,,,,
2026-08-18T10:37:52.800153,599,0x46,BSR,,,,,,,,,,,,,,,,,,,,,,,,,0,0,0,0
2026-08-18T10:37:52.800228,599,0x46,PDSCH,3,450,93,4,0,,,,,,,,,,,,,,,,,,,,,,,
2026-08-18T10:37:52.822751,600,0x46,BSR,,,,,,,,,,,,,,,,,,,,,,,,,0,0,0,0
2026-08-18T10:37:52.822848,600,0x46,PDSCH,6,900,349,6,0,,,,,,,,,,,,,,,,,,,,,,,
2026-08-18T10:37:52.847881,601,0x46,BSR,,,,,,,,,,,,,,,,,,,,,,,,,0,0,0,0
2026-08-18T10:37:52.873222,602,0x46,BSR,,,,,,,,,,,,,,,,,,,,,,,,,0,0,0,0
2026-08-18T10:37:52.903282,603,0x46,BSR,,,,,,,,,,,,,,,,,,,,,,,,,0,0,0,0
2026-08-18T10:37:52.931538,604,0x46,BSR,,,,,,,,,,,,,,,,,,,,,,,,,0,0,0,0
2026-08-18T10:37:52.931604,604,0x46,PDSCH,3,450,7,2,0,,,,,,,,,,,,,,,,,,,,,,,
2026-08-18T10:37:52.960857,605,0x46,BSR,,,,,,,,,,,,,,,,,,,,,,,,,0,0,0,0
2026-08-18T10:37:52.990482,606,0x46,BSR,,,,,,,,,,,,,,,,,,,,,,,,,0,0,0,0
2026-08-18T10:37:53.021185,607,0x46,BSR,,,,,,,,,,,,,,,,,,,,,,,,,0,0,0,0
2026-08-18T10:37:53.048969,608,0x46,PUCCH,,,,,,,,,,,,,,,,,,1a,111.7,"1.000,",,,1,,,,,
2026-08-18T10:37:53.130362,612,0x46,PUCCH,,,,,,,,,,,,,,,,,,1a,111.7,"1.000,",,,1,,,,,
2026-08-18T10:37:53.342424,620,0x46,PUCCH,,,,,,,,,,,,,,,,,,1,111.8,"1.000,",,,,,,,,
2026-08-18T10:37:53.494973,628,0x46,PUSCH,,,,,,2,10,1296,517,4,0,OK,111.4,142.8,0.0,0.0,85,,,,,,,,,,,
2026-08-18T10:37:53.495076,628,0x46,PHR,,,,,,,,,,,,,,,,,,,,,,,,30.0,,,,
2026-08-18T10:37:53.514894,629,0x46,PDSCH,6,900,349,6,0,,,,,,,,,,,,,,,,,,,,,,,
2026-08-18T10:37:53.797372,637,0x46,PUCCH,,,,,,,,,,,,,,,,,,1a,111.7,"1.000,",,,1,,,,,
2026-08-18T10:37:53.993510,640,0x46,PUCCH,,,,,,,,,,,,,,,,,,1,111.8,"1.000,",,,,,,,,
2026-08-18T10:37:54.051865,641,0x46,PUCCH,,,,,,,,,,,,,,,,,,2,111.8,"1.000,",,,,,,,,
2026-08-18T10:37:54.365188,648,0x46,PUSCH,,,,,,2,10,1296,517,4,0,OK,111.4,142.8,0.0,-0.0,82,,,,,,,,,,,
2026-08-18T10:37:54.365292,648,0x46,BSR,,,,,,,,,,,,,,,,,,,,,,,,,0,0,0,0
2026-08-18T10:37:54.403998,649,0x46,PDSCH,3,450,63,4,0,,,,,,,,,,,,,,,,,,,,,,,
2026-08-18T10:37:54.585028,654,0x46,PDSCH,3,450,7,2,0,,,,,,,,,,,,,,,,,,,,,,,
2026-08-18T10:37:54.691188,657,0x46,PUCCH,,,,,,,,,,,,,,,,,,1a,111.7,"1.000,",,,1,,,,,
2026-08-18T10:37:54.779573,660,0x46,PUCCH,,,,,,,,,,,,,,,,,,1,111.8,"1.000,",,,,,,,,
2026-08-18T10:37:54.855977,662,0x46,PUCCH,,,,,,,,,,,,,,,,,,1a,111.7,"1.000,",,,1,,,,,
2026-08-18T10:37:55.158423,668,0x46,PUSCH,,,,,,2,10,1296,517,4,0,OK,111.4,142.8,0.0,-0.0,165,,,,,,,,,,,
2026-08-18T10:37:55.158434,668,0x46,BSR,,,,,,,,,,,,,,,,,,,,,,,,,0,0,0,0
2026-08-18T10:37:55.640836,680,0x46,PUCCH,,,,,,,,,,,,,,,,,,1,111.8,"1.000,",,,,,,,,
2026-08-18T10:37:55.670412,681,0x46,PUCCH,,,,,,,,,,,,,,,,,,2,111.8,"1.000,",,,,,,,,
2026-08-18T10:37:55.892807,688,0x46,PUSCH,,,,,,2,10,1296,517,4,0,OK,111.4,142.7,0.0,-0.0,150,,,,,,,,,,,
2026-08-18T10:37:55.892812,688,0x46,PHR,,,,,,,,,,,,,,,,,,,,,,,,30.0,,,,
2026-08-18T10:37:56.297021,700,0x46,PUCCH,,,,,,,,,,,,,,,,,,1,-inf,"0.000,",,,,,,,,
2026-08-18T10:37:56.463506,705,0x46,PDSCH,3,450,7,2,0,,,,,,,,,,,,,,,,,,,,,,,
2026-08-18T10:37:56.738381,713,0x46,PUCCH,,,,,,,,,,,,,,,,,,1a,111.7,"1.000,",,,1,,,,,
2026-08-18T10:37:57.029501,720,0x46,PUCCH,,,,,,,,,,,,,,,,,,1,-inf,"0.000,",,,,,,,,
2026-08-18T10:37:57.066194,721,0x46,PUCCH,,,,,,,,,,,,,,,,,,2,111.8,"1.000,",,,,,,,,
2026-08-18T10:37:57.880774,740,0x46,PUCCH,,,,,,,,,,,,,,,,,,1,-inf,"0.000,",,,,,,,,
2026-08-18T10:37:58.764375,760,0x46,PUCCH,,,,,,,,,,,,,,,,,,1,-inf,"0.000,",,,,,,,,
2026-08-18T10:37:58.808851,761,0x46,PUCCH,,,,,,,,,,,,,,,,,,2,111.8,"1.000,",,,,,,,,
2026-08-18T10:37:59.556609,780,0x46,PUCCH,,,,,,,,,,,,,,,,,,1,-inf,"0.000,",,,,,,,,
2026-08-18T10:38:00.162432,800,0x46,PUCCH,,,,,,,,,,,,,,,,,,1,-inf,"0.000,",,,,,,,,
2026-08-18T10:38:00.192601,801,0x46,PUCCH,,,,,,,,,,,,,,,,,,2,111.8,"1.000,",,,,,,,,
2026-08-18T10:38:00.897274,820,0x46,PUCCH,,,,,,,,,,,,,,,,,,1,-inf,"0.000,",,,,,,,,
2026-08-18T10:38:01.496779,840,0x46,PUCCH,,,,,,,,,,,,,,,,,,1,-inf,"0.000,",,,,,,,,
2026-08-18T10:38:01.540401,841,0x46,PUCCH,,,,,,,,,,,,,,,,,,2,111.8,"1.000,",,,,,,,,
2026-08-18T10:38:02.323789,860,0x46,PUCCH,,,,,,,,,,,,,,,,,,1,-inf,"0.000,",,,,,,,,
2026-08-18T10:38:03.076662,880,0x46,PUCCH,,,,,,,,,,,,,,,,,,1,-inf,"0.000,",,,,,,,,
2026-08-18T10:38:03.110849,881,0x46,PUCCH,,,,,,,,,,,,,,,,,,2,111.8,"1.000,",,,,,,,,
2026-08-18T10:38:03.903738,900,0x46,PUCCH,,,,,,,,,,,,,,,,,,1,-inf,"0.000,",,,,,,,,
2026-08-18T10:38:04.757134,920,0x46,PUCCH,,,,,,,,,,,,,,,,,,1,-inf,"0.000,",,,,,,,,
2026-08-18T10:38:04.793072,921,0x46,PUCCH,,,,,,,,,,,,,,,,,,2,111.8,"1.000,",,,,,,,,
2026-08-18T10:38:05.502721,940,0x46,PUCCH,,,,,,,,,,,,,,,,,,1,-inf,"0.000,",,,,,,,,
2026-08-18T10:38:06.136674,960,0x46,PUCCH,,,,,,,,,,,,,,,,,,1,-inf,"0.000,",,,,,,,,
2026-08-18T10:38:06.164818,961,0x46,PUCCH,,,,,,,,,,,,,,,,,,2,111.8,"1.000,",,,,,,,,
2026-08-18T10:38:06.675203,980,0x46,PUCCH,,,,,,,,,,,,,,,,,,1,-inf,"0.000,",,,,,,,,
2026-08-18T10:38:07.295737,1000,0x46,PUCCH,,,,,,,,,,,,,,,,,,1,-inf,"0.000,",,,,,,,,
2026-08-18T10:38:07.332839,1001,0x46,PUCCH,,,,,,,,,,,,,,,,,,2,111.8,"1.000,",,,,,,,,
2026-08-18T10:38:08.027250,1020,0x46,PUCCH,,,,,,,,,,,,,,,,,,1,-inf,"0.000,",,,,,,,,
2026-08-18T10:38:08.656442,1040,0x46,PUCCH,,,,,,,,,,,,,,,,,,1,-inf,"0.000,",,,,,,,,
2026-08-18T10:38:08.686516,1041,0x46,PUCCH,,,,,,,,,,,,,,,,,,2,111.8,"1.000,",,,,,,,,
2026-08-18T10:38:10.059477,1060,0x46,PUCCH,,,,,,,,,,,,,,,,,,1,-inf,"0.000,",,,,,,,,
2026-08-18T10:38:10.776132,1080,0x46,PUCCH,,,,,,,,,,,,,,,,,,1,-inf,"0.000,",,,,,,,,
2026-08-18T10:38:10.806963,1081,0x46,PUCCH,,,,,,,,,,,,,,,,,,2,111.8,"1.000,",,,,,,,,
2026-08-18T10:38:11.706648,1100,0x46,PUCCH,,,,,,,,,,,,,,,,,,1,-inf,"0.000,",,,,,,,,
2026-08-18T10:38:12.390399,1120,0x46,PUCCH,,,,,,,,,,,,,,,,,,1,-inf,"0.000,",,,,,,,,
2026-08-18T10:38:12.416342,1121,0x46,PUCCH,,,,,,,,,,,,,,,,,,2,111.8,"1.000,",,,,,,,,
2026-08-18T10:38:12.968264,1140,0x46,PUCCH,,,,,,,,,,,,,,,,,,1,-inf,"0.000,",,,,,,,,
2026-08-18T10:38:13.630155,1160,0x46,PUCCH,,,,,,,,,,,,,,,,,,1,-inf,"0.000,",,,,,,,,
2026-08-18T10:38:13.661474,1161,0x46,PUCCH,,,,,,,,,,,,,,,,,,2,111.8,"1.000,",,,,,,,,
2026-08-18T10:38:14.319781,1180,0x46,PUCCH,,,,,,,,,,,,,,,,,,1,-inf,"0.000,",,,,,,,,
2026-08-18T10:38:14.978167,1200,0x46,PUCCH,,,,,,,,,,,,,,,,,,1,-inf,"0.000,",,,,,,,,
2026-08-18T10:38:15.029114,1201,0x46,PUCCH,,,,,,,,,,,,,,,,,,2,111.8,"1.000,",,,,,,,,
2026-08-18T10:38:15.730204,1220,0x46,PUCCH,,,,,,,,,,,,,,,,,,1,-inf,"0.000,",,,,,,,,
2026-08-18T10:38:16.616759,1240,0x46,PUCCH,,,,,,,,,,,,,,,,,,1,-inf,"0.000,",,,,,,,,
2026-08-18T10:38:16.663310,1241,0x46,PUCCH,,,,,,,,,,,,,,,,,,2,111.8,"1.000,",,,,,,,,
2026-08-18T10:38:17.464819,1260,0x46,PUCCH,,,,,,,,,,,,,,,,,,1,-inf,"0.000,",,,,,,,,
2026-08-18T10:38:18.126302,1280,0x46,PUCCH,,,,,,,,,,,,,,,,,,1,-inf,"0.000,",,,,,,,,
2026-08-18T10:38:18.170540,1281,0x46,PUCCH,,,,,,,,,,,,,,,,,,2,111.8,"1.000,",,,,,,,,
2026-08-18T10:38:18.847829,1300,0x46,PUCCH,,,,,,,,,,,,,,,,,,1,-inf,"0.000,",,,,,,,,
2026-08-18T10:38:19.977602,1320,0x46,PUCCH,,,,,,,,,,,,,,,,,,1,-inf,"0.000,",,,,,,,,
2026-08-18T10:38:20.001085,1321,0x46,PUCCH,,,,,,,,,,,,,,,,,,2,111.8,"1.000,",,,,,,,,
2026-08-18T10:38:20.638285,1340,0x46,PUCCH,,,,,,,,,,,,,,,,,,1,-inf,"0.000,",,,,,,,,
2026-08-18T10:38:21.324448,1360,0x46,PUCCH,,,,,,,,,,,,,,,,,,1,-inf,"0.000,",,,,,,,,
2026-08-18T10:38:21.357441,1361,0x46,PUCCH,,,,,,,,,,,,,,,,,,2,111.8,"1.000,",,,,,,,,
2026-08-18T10:38:22.008098,1380,0x46,PUCCH,,,,,,,,,,,,,,,,,,1,-inf,"0.000,",,,,,,,,
2026-08-18T10:38:22.706757,1400,0x46,PUCCH,,,,,,,,,,,,,,,,,,1,-inf,"0.000,",,,,,,,,
2026-08-18T10:38:22.738443,1401,0x46,PUCCH,,,,,,,,,,,,,,,,,,2,111.8,"1.000,",,,,,,,,
2026-08-18T10:38:23.341136,1420,0x46,PUCCH,,,,,,,,,,,,,,,,,,1,-inf,"0.000,",,,,,,,,
2026-08-18T10:38:24.519707,1440,0x46,PUCCH,,,,,,,,,,,,,,,,,,1,-inf,"0.000,",,,,,,,,
2026-08-18T10:38:24.552632,1441,0x46,PUCCH,,,,,,,,,,,,,,,,,,2,111.8,"1.000,",,,,,,,,
2026-08-18T10:38:25.438352,1460,0x46,PUCCH,,,,,,,,,,,,,,,,,,1,-inf,"0.000,",,,,,,,,
2026-08-18T10:38:26.223725,1480,0x46,PUCCH,,,,,,,,,,,,,,,,,,1,-inf,"0.000,",,,,,,,,
2026-08-18T10:38:26.254205,1481,0x46,PUCCH,,,,,,,,,,,,,,,,,,2,111.8,"1.000,",,,,,,,,
2026-08-18T10:38:27.044470,1500,0x46,PUCCH,,,,,,,,,,,,,,,,,,1,-inf,"0.000,",,,,,,,,
2026-08-18T10:38:28.136985,1520,0x46,PUCCH,,,,,,,,,,,,,,,,,,1,-inf,"0.000,",,,,,,,,
2026-08-18T10:38:28.189546,1521,0x46,PUCCH,,,,,,,,,,,,,,,,,,2,111.8,"1.000,",,,,,,,,
2026-08-18T10:38:28.746970,1540,0x46,PUCCH,,,,,,,,,,,,,,,,,,1,-inf,"0.000,",,,,,,,,
2026-08-18T10:38:29.304097,1560,0x46,PUCCH,,,,,,,,,,,,,,,,,,1,-inf,"0.000,",,,,,,,,
2026-08-18T10:38:29.355429,1561,0x46,PUCCH,,,,,,,,,,,,,,,,,,2,111.8,"1.000,",,,,,,,,
2026-08-18T10:38:30.057074,1580,0x46,PUCCH,,,,,,,,,,,,,,,,,,1,-inf,"0.000,",,,,,,,,
2026-08-18T10:38:30.680981,1600,0x46,PUCCH,,,,,,,,,,,,,,,,,,1,-inf,"0.000,",,,,,,,,
2026-08-18T10:38:30.711116,1601,0x46,PUCCH,,,,,,,,,,,,,,,,,,2,111.8,"1.000,",,,,,,,,
2026-08-18T10:38:31.594573,1620,0x46,PUCCH,,,,,,,,,,,,,,,,,,1,-inf,"0.000,",,,,,,,,
2026-08-18T10:38:32.417258,1640,0x46,PUCCH,,,,,,,,,,,,,,,,,,1,-inf,"0.000,",,,,,,,,
2026-08-18T10:38:32.446502,1641,0x46,PUCCH,,,,,,,,,,,,,,,,,,2,111.8,"1.000,",,,,,,,,
2026-08-18T10:38:33.196693,1660,0x46,PUCCH,,,,,,,,,,,,,,,,,,1,-inf,"0.000,",,,,,,,,
2026-08-18T10:38:33.981367,1680,0x46,PUCCH,,,,,,,,,,,,,,,,,,1,-inf,"0.000,",,,,,,,,
2026-08-18T10:38:34.012554,1681,0x46,PUCCH,,,,,,,,,,,,,,,,,,2,111.8,"1.000,",,,,,,,,
2026-08-18T10:38:34.684457,1700,0x46,PUCCH,,,,,,,,,,,,,,,,,,1,-inf,"0.000,",,,,,,,,
2026-08-18T10:38:35.512787,1720,0x46,PUCCH,,,,,,,,,,,,,,,,,,1,-inf,"0.000,",,,,,,,,
2026-08-18T10:38:35.545656,1721,0x46,PUCCH,,,,,,,,,,,,,,,,,,2,111.8,"1.000,",,,,,,,,
2026-08-18T10:38:36.243331,1740,0x46,PUCCH,,,,,,,,,,,,,,,,,,1,-inf,"0.000,",,,,,,,,
2026-08-18T10:38:36.773889,1760,0x46,PUCCH,,,,,,,,,,,,,,,,,,1,-inf,"0.000,",,,,,,,,
2026-08-18T10:38:36.825041,1761,0x46,PUCCH,,,,,,,,,,,,,,,,,,2,111.8,"1.000,",,,,,,,,
2026-08-18T10:38:37.483093,1780,0x46,PUCCH,,,,,,,,,,,,,,,,,,1,-inf,"0.000,",,,,,,,,
2026-08-18T10:38:38.079826,1800,0x46,PUCCH,,,,,,,,,,,,,,,,,,1,-inf,"0.000,",,,,,,,,
2026-08-18T10:38:38.122694,1801,0x46,PUCCH,,,,,,,,,,,,,,,,,,2,111.8,"1.000,",,,,,,,,
2026-08-18T10:38:39.066604,1820,0x46,PUCCH,,,,,,,,,,,,,,,,,,1,-inf,"0.000,",,,,,,,,
2026-08-18T10:38:39.843783,1840,0x46,PUCCH,,,,,,,,,,,,,,,,,,1,-inf,"0.000,",,,,,,,,
2026-08-18T10:38:39.907102,1841,0x46,PUCCH,,,,,,,,,,,,,,,,,,2,111.8,"1.000,",,,,,,,,
2026-08-18T10:38:40.714479,1860,0x46,PUCCH,,,,,,,,,,,,,,,,,,1,-inf,"0.000,",,,,,,,,
2026-08-18T10:38:41.433713,1880,0x46,PUCCH,,,,,,,,,,,,,,,,,,1,-inf,"0.000,",,,,,,,,
2026-08-18T10:38:41.466099,1881,0x46,PUCCH,,,,,,,,,,,,,,,,,,2,111.8,"1.000,",,,,,,,,
2026-08-18T10:38:42.123194,1900,0x46,PUCCH,,,,,,,,,,,,,,,,,,1,-inf,"0.000,",,,,,,,,
2026-08-18T10:38:42.817867,1920,0x46,PUCCH,,,,,,,,,,,,,,,,,,1,-inf,"0.000,",,,,,,,,
2026-08-18T10:38:42.848578,1921,0x46,PUCCH,,,,,,,,,,,,,,,,,,2,111.8,"1.000,",,,,,,,,
2026-08-18T10:38:43.490725,1940,0x46,PUCCH,,,,,,,,,,,,,,,,,,1,-inf,"0.000,",,,,,,,,
2026-08-18T10:38:44.180536,1960,0x46,PUCCH,,,,,,,,,,,,,,,,,,1,-inf,"0.000,",,,,,,,,
2026-08-18T10:38:44.221489,1961,0x46,PUCCH,,,,,,,,,,,,,,,,,,2,111.8,"1.000,",,,,,,,,
2026-08-18T10:38:45.003228,1980,0x46,PUCCH,,,,,,,,,,,,,,,,,,1,-inf,"0.000,",,,,,,,,
2026-08-18T10:38:45.781481,2000,0x46,PUCCH,,,,,,,,,,,,,,,,,,1,-inf,"0.000,",,,,,,,,
2026-08-18T10:38:45.839784,2001,0x46,PUCCH,,,,,,,,,,,,,,,,,,2,111.8,"1.000,",,,,,,,,
2026-08-18T10:38:46.516814,2020,0x46,PUCCH,,,,,,,,,,,,,,,,,,1,-inf,"0.000,",,,,,,,,
2026-08-18T10:38:47.228079,2040,0x46,PUCCH,,,,,,,,,,,,,,,,,,1,-inf,"0.000,",,,,,,,,
2026-08-18T10:38:47.258516,2041,0x46,PUCCH,,,,,,,,,,,,,,,,,,2,111.8,"1.000,",,,,,,,,
2026-08-18T10:38:47.930080,2060,0x46,PUCCH,,,,,,,,,,,,,,,,,,1,-inf,"0.000,",,,,,,,,
2026-08-18T10:38:48.700560,2080,0x46,PUCCH,,,,,,,,,,,,,,,,,,1,-inf,"0.000,",,,,,,,,
2026-08-18T10:38:48.731824,2081,0x46,PUCCH,,,,,,,,,,,,,,,,,,2,111.8,"1.000,",,,,,,,,
2026-08-18T10:38:49.324048,2100,0x46,PUCCH,,,,,,,,,,,,,,,,,,1,-inf,"0.000,",,,,,,,,
2026-08-18T10:38:50.051672,2120,0x46,PUCCH,,,,,,,,,,,,,,,,,,1,-inf,"0.000,",,,,,,,,
2026-08-18T10:38:50.091841,2121,0x46,PUCCH,,,,,,,,,,,,,,,,,,2,111.8,"1.000,",,,,,,,,
2026-08-18T10:38:50.681311,2140,0x46,PUCCH,,,,,,,,,,,,,,,,,,1,-inf,"0.000,",,,,,,,,
2026-08-18T10:38:51.412476,2160,0x46,PUCCH,,,,,,,,,,,,,,,,,,1,-inf,"0.000,",,,,,,,,
2026-08-18T10:38:51.440484,2161,0x46,PUCCH,,,,,,,,,,,,,,,,,,2,111.8,"1.000,",,,,,,,,
2026-08-18T10:38:52.097885,2180,0x46,PUCCH,,,,,,,,,,,,,,,,,,1,-inf,"0.000,",,,,,,,,
2026-08-18T10:38:52.996490,2200,0x46,PUCCH,,,,,,,,,,,,,,,,,,1,-inf,"0.000,",,,,,,,,
2026-08-18T10:38:53.050354,2201,0x46,PUCCH,,,,,,,,,,,,,,,,,,2,111.8,"1.000,",,,,,,,,
2026-08-18T10:38:53.703097,2220,0x46,PUCCH,,,,,,,,,,,,,,,,,,1,-inf,"0.000,",,,,,,,,
2026-08-18T10:38:54.477110,2240,0x46,PUCCH,,,,,,,,,,,,,,,,,,1,-inf,"0.000,",,,,,,,,
2026-08-18T10:38:54.507739,2241,0x46,PUCCH,,,,,,,,,,,,,,,,,,2,111.8,"1.000,",,,,,,,,
2026-08-18T10:38:55.364163,2260,0x46,PUCCH,,,,,,,,,,,,,,,,,,1,-inf,"0.000,",,,,,,,,
2026-08-18T10:38:55.888360,2280,0x46,PUCCH,,,,,,,,,,,,,,,,,,1,-inf,"0.000,",,,,,,,,
2026-08-18T10:38:55.915956,2281,0x46,PUCCH,,,,,,,,,,,,,,,,,,2,111.8,"1.000,",,,,,,,,
2026-08-18T10:38:56.478870,2300,0x46,PUCCH,,,,,,,,,,,,,,,,,,1,-inf,"0.000,",,,,,,,,
2026-08-18T10:38:57.320085,2320,0x46,PUCCH,,,,,,,,,,,,,,,,,,1,-inf,"0.000,",,,,,,,,
2026-08-18T10:38:57.364442,2321,0x46,PUCCH,,,,,,,,,,,,,,,,,,2,111.8,"1.000,",,,,,,,,
2026-08-18T10:38:58.314560,2340,0x46,PUCCH,,,,,,,,,,,,,,,,,,1,-inf,"0.000,",,,,,,,,
2026-08-18T10:38:59.068778,2360,0x46,PUCCH,,,,,,,,,,,,,,,,,,1,-inf,"0.000,",,,,,,,,
2026-08-18T10:38:59.098149,2361,0x46,PUCCH,,,,,,,,,,,,,,,,,,2,111.8,"1.000,",,,,,,,,
2026-08-18T10:38:59.856375,2380,0x46,PUCCH,,,,,,,,,,,,,,,,,,1,-inf,"0.000,",,,,,,,,
2026-08-18T10:39:00.669372,2400,0x46,PUCCH,,,,,,,,,,,,,,,,,,1,-inf,"0.000,",,,,,,,,
2026-08-18T10:39:00.704573,2401,0x46,PUCCH,,,,,,,,,,,,,,,,,,2,111.8,"1.000,",,,,,,,,
2026-08-18T10:39:01.443800,2420,0x46,PUCCH,,,,,,,,,,,,,,,,,,1,-inf,"0.000,",,,,,,,,
2026-08-18T10:39:02.274708,2440,0x46,PUCCH,,,,,,,,,,,,,,,,,,1,-inf,"0.000,",,,,,,,,
2026-08-18T10:39:02.335519,2441,0x46,PUCCH,,,,,,,,,,,,,,,,,,2,111.8,"1.000,",,,,,,,,
2026-08-18T10:39:03.008383,2460,0x46,PUCCH,,,,,,,,,,,,,,,,,,1,-inf,"0.000,",,,,,,,,
2026-08-18T10:39:03.827000,2480,0x46,PUCCH,,,,,,,,,,,,,,,,,,1,-inf,"0.000,",,,,,,,,
2026-08-18T10:39:03.874882,2481,0x46,PUCCH,,,,,,,,,,,,,,,,,,2,111.8,"1.000,",,,,,,,,
2026-08-18T10:39:04.491601,2500,0x46,PUCCH,,,,,,,,,,,,,,,,,,1,-inf,"0.000,",,,,,,,,
2026-08-18T10:39:05.142614,2520,0x46,PUCCH,,,,,,,,,,,,,,,,,,1,-inf,"0.000,",,,,,,,,
2026-08-18T10:39:05.173018,2521,0x46,PUCCH,,,,,,,,,,,,,,,,,,2,111.8,"1.000,",,,,,,,,
2026-08-18T10:39:05.994785,2540,0x46,PUCCH,,,,,,,,,,,,,,,,,,1,-inf,"0.000,",,,,,,,,
2026-08-18T10:39:06.741708,2560,0x46,PUCCH,,,,,,,,,,,,,,,,,,1,-inf,"0.000,",,,,,,,,
2026-08-18T10:39:06.776210,2561,0x46,PUCCH,,,,,,,,,,,,,,,,,,2,111.8,"1.000,",,,,,,,,
2026-08-18T10:39:07.491750,2580,0x46,PUCCH,,,,,,,,,,,,,,,,,,1,-inf,"0.000,",,,,,,,,
2026-08-18T10:39:08.519804,2600,0x46,PUCCH,,,,,,,,,,,,,,,,,,1,-inf,"0.000,",,,,,,,,
2026-08-18T10:39:08.550483,2601,0x46,PUCCH,,,,,,,,,,,,,,,,,,2,111.8,"1.000,",,,,,,,,
2026-08-18T10:39:09.383087,2620,0x46,PUCCH,,,,,,,,,,,,,,,,,,1,-inf,"0.000,",,,,,,,,
2026-08-18T10:39:10.349088,2640,0x46,PUCCH,,,,,,,,,,,,,,,,,,1,-inf,"0.000,",,,,,,,,
2026-08-18T10:39:10.395635,2641,0x46,PUCCH,,,,,,,,,,,,,,,,,,2,111.8,"1.000,",,,,,,,,
2026-08-18T10:39:11.402924,2660,0x46,PUCCH,,,,,,,,,,,,,,,,,,1,-inf,"0.000,",,,,,,,,
2026-08-18T10:39:12.698630,2680,0x46,PUCCH,,,,,,,,,,,,,,,,,,1,-inf,"0.000,",,,,,,,,
2026-08-18T10:39:12.752808,2681,0x46,PUCCH,,,,,,,,,,,,,,,,,,2,111.8,"1.000,",,,,,,,,
2026-08-18T10:39:13.567439,2700,0x46,PUCCH,,,,,,,,,,,,,,,,,,1,-inf,"0.000,",,,,,,,,
2026-08-18T10:39:14.355549,2720,0x46,PUCCH,,,,,,,,,,,,,,,,,,1,-inf,"0.000,",,,,,,,,
2026-08-18T10:39:14.401145,2721,0x46,PUCCH,,,,,,,,,,,,,,,,,,2,111.8,"1.000,",,,,,,,,
2026-08-18T10:39:15.099348,2740,0x46,PUCCH,,,,,,,,,,,,,,,,,,1,-inf,"0.000,",,,,,,,,
2026-08-18T10:39:15.773568,2760,0x46,PUCCH,,,,,,,,,,,,,,,,,,1,-inf,"0.000,",,,,,,,,
2026-08-18T10:39:15.804485,2761,0x46,PUCCH,,,,,,,,,,,,,,,,,,2,111.8,"1.000,",,,,,,,,
2026-08-18T10:39:16.523134,2780,0x46,PUCCH,,,,,,,,,,,,,,,,,,1,-inf,"0.000,",,,,,,,,
2026-08-18T10:39:17.317141,2800,0x46,PUCCH,,,,,,,,,,,,,,,,,,1,-inf,"0.000,",,,,,,,,
2026-08-18T10:39:17.351090,2801,0x46,PUCCH,,,,,,,,,,,,,,,,,,2,111.8,"1.000,",,,,,,,,
2026-08-18T10:39:17.814707,2820,0x46,PUCCH,,,,,,,,,,,,,,,,,,1,-inf,"0.000,",,,,,,,,
2026-08-18T10:39:18.424905,2840,0x46,PUCCH,,,,,,,,,,,,,,,,,,1,-inf,"0.000,",,,,,,,,
2026-08-18T10:39:18.453443,2841,0x46,PUCCH,,,,,,,,,,,,,,,,,,2,111.8,"1.000,",,,,,,,,
2026-08-18T10:39:19.183272,2860,0x46,PUCCH,,,,,,,,,,,,,,,,,,1,-inf,"0.000,",,,,,,,,
2026-08-18T10:39:20.238878,2880,0x46,PUCCH,,,,,,,,,,,,,,,,,,1,-inf,"0.000,",,,,,,,,
2026-08-18T10:39:20.291422,2881,0x46,PUCCH,,,,,,,,,,,,,,,,,,2,111.8,"1.000,",,,,,,,,
2026-08-18T10:39:20.988438,2900,0x46,PUCCH,,,,,,,,,,,,,,,,,,1,-inf,"0.000,",,,,,,,,
2026-08-18T10:39:21.911278,2920,0x46,PUCCH,,,,,,,,,,,,,,,,,,1,-inf,"0.000,",,,,,,,,
2026-08-18T10:39:21.959200,2921,0x46,PUCCH,,,,,,,,,,,,,,,,,,2,111.8,"1.000,",,,,,,,,
2026-08-18T10:39:22.660924,2940,0x46,PUCCH,,,,,,,,,,,,,,,,,,1,-inf,"0.000,",,,,,,,,
2026-08-18T10:39:23.343454,2960,0x46,PUCCH,,,,,,,,,,,,,,,,,,1,-inf,"0.000,",,,,,,,,
2026-08-18T10:39:23.392688,2961,0x46,PUCCH,,,,,,,,,,,,,,,,,,2,111.8,"1.000,",,,,,,,,
2026-08-18T10:39:24.069499,2980,0x46,PUCCH,,,,,,,,,,,,,,,,,,1,-inf,"0.000,",,,,,,,,
2026-08-18T10:39:24.774164,3000,0x46,PUCCH,,,,,,,,,,,,,,,,,,1,-inf,"0.000,",,,,,,,,
2026-08-18T10:39:24.799190,3001,0x46,PUCCH,,,,,,,,,,,,,,,,,,2,111.8,"1.000,",,,,,,,,
2026-08-18T10:39:25.564840,3020,0x46,PUCCH,,,,,,,,,,,,,,,,,,1,-inf,"0.000,",,,,,,,,
2026-08-18T10:39:26.393005,3040,0x46,PUCCH,,,,,,,,,,,,,,,,,,1,-inf,"0.000,",,,,,,,,
2026-08-18T10:39:26.437773,3041,0x46,PUCCH,,,,,,,,,,,,,,,,,,2,111.8,"1.000,",,,,,,,,
2026-08-18T10:39:27.124511,3060,0x46,PUCCH,,,,,,,,,,,,,,,,,,1,-inf,"0.000,",,,,,,,,
2026-08-18T10:39:27.904664,3080,0x46,PUCCH,,,,,,,,,,,,,,,,,,1,-inf,"0.000,",,,,,,,,
2026-08-18T10:39:27.949156,3081,0x46,PUCCH,,,,,,,,,,,,,,,,,,2,111.8,"1.000,",,,,,,,,
2026-08-18T10:39:28.663059,3100,0x46,PUCCH,,,,,,,,,,,,,,,,,,1,-inf,"0.000,",,,,,,,,
2026-08-18T10:39:29.218168,3120,0x46,PUCCH,,,,,,,,,,,,,,,,,,1,-inf,"0.000,",,,,,,,,
2026-08-18T10:39:29.243584,3121,0x46,PUCCH,,,,,,,,,,,,,,,,,,2,111.8,"1.000,",,,,,,,,
2026-08-18T10:39:29.813441,3140,0x46,PUCCH,,,,,,,,,,,,,,,,,,1,-inf,"0.000,",,,,,,,,
2026-08-18T10:39:31.014025,3160,0x46,PUCCH,,,,,,,,,,,,,,,,,,1,-inf,"0.000,",,,,,,,,
2026-08-18T10:39:31.084464,3161,0x46,PUCCH,,,,,,,,,,,,,,,,,,2,111.8,"1.000,",,,,,,,,
2026-08-18T10:39:31.936711,3180,0x46,PUCCH,,,,,,,,,,,,,,,,,,1,-inf,"0.000,",,,,,,,,
2026-08-18T10:39:33.003742,3200,0x46,PUCCH,,,,,,,,,,,,,,,,,,1,-inf,"0.000,",,,,,,,,
2026-08-18T10:39:33.040916,3201,0x46,PUCCH,,,,,,,,,,,,,,,,,,2,111.8,"1.000,",,,,,,,,
2026-08-18T10:39:33.894835,3220,0x46,PUCCH,,,,,,,,,,,,,,,,,,1,-inf,"0.000,",,,,,,,,
2026-08-18T10:39:34.849902,3240,0x46,PUCCH,,,,,,,,,,,,,,,,,,1,-inf,"0.000,",,,,,,,,
2026-08-18T10:39:34.875936,3241,0x46,PUCCH,,,,,,,,,,,,,,,,,,2,111.8,"1.000,",,,,,,,,
2026-08-18T10:39:35.592954,3260,0x46,PUCCH,,,,,,,,,,,,,,,,,,1,-inf,"0.000,",,,,,,,,
2026-08-18T10:39:36.601351,3280,0x46,PUCCH,,,,,,,,,,,,,,,,,,1,-inf,"0.000,",,,,,,,,
2026-08-18T10:39:36.664291,3281,0x46,PUCCH,,,,,,,,,,,,,,,,,,2,111.8,"1.000,",,,,,,,,
2026-08-18T10:39:38.044763,3300,0x46,PUCCH,,,,,,,,,,,,,,,,,,1,-inf,"0.000,",,,,,,,,
2026-08-18T10:39:38.984680,3320,0x46,PUCCH,,,,,,,,,,,,,,,,,,1,-inf,"0.000,",,,,,,,,
2026-08-18T10:39:39.020759,3321,0x46,PUCCH,,,,,,,,,,,,,,,,,,2,111.8,"1.000,",,,,,,,,
2026-08-18T10:39:39.781314,3340,0x46,PUCCH,,,,,,,,,,,,,,,,,,1,-inf,"0.000,",,,,,,,,
2026-08-18T10:39:40.859873,3360,0x46,PUCCH,,,,,,,,,,,,,,,,,,1,-inf,"0.000,",,,,,,,,
2026-08-18T10:39:40.922683,3361,0x46,PUCCH,,,,,,,,,,,,,,,,,,2,111.8,"1.000,",,,,,,,,
2026-08-18T10:39:41.742276,3380,0x46,PUCCH,,,,,,,,,,,,,,,,,,1,-inf,"0.000,",,,,,,,,
2026-08-18T10:39:42.455402,3400,0x46,PUCCH,,,,,,,,,,,,,,,,,,1,-inf,"0.000,",,,,,,,,
2026-08-18T10:39:42.507341,3401,0x46,PUCCH,,,,,,,,,,,,,,,,,,2,111.8,"1.000,",,,,,,,,
2026-08-18T10:39:43.233767,3420,0x46,PUCCH,,,,,,,,,,,,,,,,,,1,-inf,"0.000,",,,,,,,,
2026-08-18T10:39:44.021644,3440,0x46,PUCCH,,,,,,,,,,,,,,,,,,1,-inf,"0.000,",,,,,,,,
2026-08-18T10:39:44.063049,3441,0x46,PUCCH,,,,,,,,,,,,,,,,,,2,111.8,"1.000,",,,,,,,,
2026-08-18T10:39:44.705748,3460,0x46,PUCCH,,,,,,,,,,,,,,,,,,1,-inf,"0.000,",,,,,,,,
2026-08-18T10:39:45.509066,3480,0x46,PUCCH,,,,,,,,,,,,,,,,,,1,-inf,"0.000,",,,,,,,,
2026-08-18T10:39:45.541357,3481,0x46,PUCCH,,,,,,,,,,,,,,,,,,2,111.8,"1.000,",,,,,,,,
2026-08-18T10:39:46.149490,3500,0x46,PUCCH,,,,,,,,,,,,,,,,,,1,-inf,"0.000,",,,,,,,,
2026-08-18T10:39:46.748146,3520,0x46,PUCCH,,,,,,,,,,,,,,,,,,1,-inf,"0.000,",,,,,,,,
2026-08-18T10:39:46.777983,3521,0x46,PUCCH,,,,,,,,,,,,,,,,,,2,111.8,"1.000,",,,,,,,,
2026-08-18T10:39:47.543500,3540,0x46,PUCCH,,,,,,,,,,,,,,,,,,1,-inf,"0.000,",,,,,,,,
2026-08-18T10:39:48.383630,3560,0x46,PUCCH,,,,,,,,,,,,,,,,,,1,-inf,"0.000,",,,,,,,,
2026-08-18T10:39:48.418478,3561,0x46,PUCCH,,,,,,,,,,,,,,,,,,2,111.8,"1.000,",,,,,,,,
2026-08-18T10:39:49.000109,3580,0x46,PUCCH,,,,,,,,,,,,,,,,,,1,-inf,"0.000,",,,,,,,,
2026-08-18T10:39:49.862560,3600,0x46,PUCCH,,,,,,,,,,,,,,,,,,1,-inf,"0.000,",,,,,,,,
2026-08-18T10:39:49.900878,3601,0x46,PUCCH,,,,,,,,,,,,,,,,,,2,111.8,"1.000,",,,,,,,,
2026-08-18T10:39:50.699114,3620,0x46,PUCCH,,,,,,,,,,,,,,,,,,1,-inf,"0.000,",,,,,,,,
2026-08-18T10:39:51.346720,3640,0x46,PUCCH,,,,,,,,,,,,,,,,,,1,-inf,"0.000,",,,,,,,,
2026-08-18T10:39:51.385656,3641,0x46,PUCCH,,,,,,,,,,,,,,,,,,2,111.8,"1.000,",,,,,,,,
2026-08-18T10:39:52.042955,3660,0x46,PUCCH,,,,,,,,,,,,,,,,,,1,-inf,"0.000,",,,,,,,,
2026-08-18T10:39:52.757665,3680,0x46,PUCCH,,,,,,,,,,,,,,,,,,1,-inf,"0.000,",,,,,,,,
2026-08-18T10:39:52.785767,3681,0x46,PUCCH,,,,,,,,,,,,,,,,,,2,111.8,"1.000,",,,,,,,,
2026-08-18T10:39:53.490834,3700,0x46,PUCCH,,,,,,,,,,,,,,,,,,1,-inf,"0.000,",,,,,,,,
2026-08-18T10:39:54.583146,3720,0x46,PUCCH,,,,,,,,,,,,,,,,,,1,-inf,"0.000,",,,,,,,,
2026-08-18T10:39:54.629815,3721,0x46,PUCCH,,,,,,,,,,,,,,,,,,2,111.8,"1.000,",,,,,,,,
2026-08-18T10:39:55.329387,3740,0x46,PUCCH,,,,,,,,,,,,,,,,,,1,-inf,"0.000,",,,,,,,,
2026-08-18T10:39:56.074586,3760,0x46,PUCCH,,,,,,,,,,,,,,,,,,1,-inf,"0.000,",,,,,,,,
2026-08-18T10:39:56.122759,3761,0x46,PUCCH,,,,,,,,,,,,,,,,,,2,111.8,"1.000,",,,,,,,,
2026-08-18T10:39:56.816496,3780,0x46,PUCCH,,,,,,,,,,,,,,,,,,1,-inf,"0.000,",,,,,,,,
2026-08-18T10:39:57.653625,3800,0x46,PUCCH,,,,,,,,,,,,,,,,,,1,-inf,"0.000,",,,,,,,,
2026-08-18T10:39:57.686674,3801,0x46,PUCCH,,,,,,,,,,,,,,,,,,2,111.8,"1.000,",,,,,,,,
2026-08-18T10:39:58.447904,3820,0x46,PUCCH,,,,,,,,,,,,,,,,,,1,-inf,"0.000,",,,,,,,,
2026-08-18T10:39:59.050807,3840,0x46,PUCCH,,,,,,,,,,,,,,,,,,1,-inf,"0.000,",,,,,,,,
2026-08-18T10:39:59.081986,3841,0x46,PUCCH,,,,,,,,,,,,,,,,,,2,111.8,"1.000,",,,,,,,,
2026-08-18T10:39:59.766677,3860,0x46,PUCCH,,,,,,,,,,,,,,,,,,1,-inf,"0.000,",,,,,,,,
2026-08-18T10:40:00.532992,3880,0x46,PUCCH,,,,,,,,,,,,,,,,,,1,-inf,"0.000,",,,,,,,,
2026-08-18T10:40:00.564005,3881,0x46,PUCCH,,,,,,,,,,,,,,,,,,2,111.8,"1.000,",,,,,,,,
2026-08-18T10:40:01.353589,3900,0x46,PUCCH,,,,,,,,,,,,,,,,,,1,-inf,"0.000,",,,,,,,,
2026-08-18T10:40:02.163098,3920,0x46,PUCCH,,,,,,,,,,,,,,,,,,1,-inf,"0.000,",,,,,,,,
2026-08-18T10:40:02.198635,3921,0x46,PUCCH,,,,,,,,,,,,,,,,,,2,111.8,"1.000,",,,,,,,,
2026-08-18T10:40:02.862602,3940,0x46,PUCCH,,,,,,,,,,,,,,,,,,1,-inf,"0.000,",,,,,,,,
2026-08-18T10:40:03.624111,3960,0x46,PUCCH,,,,,,,,,,,,,,,,,,1,-inf,"0.000,",,,,,,,,
2026-08-18T10:40:03.654125,3961,0x46,PUCCH,,,,,,,,,,,,,,,,,,2,111.8,"1.000,",,,,,,,,
2026-08-18T10:40:04.276646,3980,0x46,PUCCH,,,,,,,,,,,,,,,,,,1,-inf,"0.000,",,,,,,,,
2026-08-18T10:40:04.956599,4000,0x46,PUCCH,,,,,,,,,,,,,,,,,,1,-inf,"0.000,",,,,,,,,
2026-08-18T10:40:05.003549,4001,0x46,PUCCH,,,,,,,,,,,,,,,,,,2,111.8,"1.000,",,,,,,,,
2026-08-18T10:40:05.747393,4020,0x46,PUCCH,,,,,,,,,,,,,,,,,,1,-inf,"0.000,",,,,,,,,
2026-08-18T10:40:06.563331,4040,0x46,PUCCH,,,,,,,,,,,,,,,,,,1,-inf,"0.000,",,,,,,,,
2026-08-18T10:40:06.617921,4041,0x46,PUCCH,,,,,,,,,,,,,,,,,,2,111.8,"1.000,",,,,,,,,
2026-08-18T10:40:07.335497,4060,0x46,PUCCH,,,,,,,,,,,,,,,,,,1,-inf,"0.000,",,,,,,,,
2026-08-18T10:40:07.924339,4080,0x46,PUCCH,,,,,,,,,,,,,,,,,,1,-inf,"0.000,",,,,,,,,
2026-08-18T10:40:07.959813,4081,0x46,PUCCH,,,,,,,,,,,,,,,,,,2,111.8,"1.000,",,,,,,,,
2026-08-18T10:40:08.673990,4100,0x46,PUCCH,,,,,,,,,,,,,,,,,,1,-inf,"0.000,",,,,,,,,
2026-08-18T10:40:09.594722,4120,0x46,PUCCH,,,,,,,,,,,,,,,,,,1,-inf,"0.000,",,,,,,,,
2026-08-18T10:40:09.656549,4121,0x46,PUCCH,,,,,,,,,,,,,,,,,,2,111.8,"1.000,",,,,,,,,
2026-08-18T10:40:10.354084,4140,0x46,PUCCH,,,,,,,,,,,,,,,,,,1,-inf,"0.000,",,,,,,,,
2026-08-18T10:40:10.994912,4160,0x46,PUCCH,,,,,,,,,,,,,,,,,,1,-inf,"0.000,",,,,,,,,
2026-08-18T10:40:11.028432,4161,0x46,PUCCH,,,,,,,,,,,,,,,,,,2,111.8,"1.000,",,,,,,,,
2026-08-18T10:40:11.910615,4180,0x46,PUCCH,,,,,,,,,,,,,,,,,,1,-inf,"0.000,",,,,,,,,
2026-08-18T10:40:13.003280,4200,0x46,PUCCH,,,,,,,,,,,,,,,,,,1,-inf,"0.000,",,,,,,,,
2026-08-18T10:40:13.030154,4201,0x46,PUCCH,,,,,,,,,,,,,,,,,,2,111.8,"1.000,",,,,,,,,
2026-08-18T10:40:13.708707,4220,0x46,PUCCH,,,,,,,,,,,,,,,,,,1,-inf,"0.000,",,,,,,,,
2026-08-18T10:40:14.540905,4240,0x46,PUCCH,,,,,,,,,,,,,,,,,,1,-inf,"0.000,",,,,,,,,
2026-08-18T10:40:14.563511,4241,0x46,PUCCH,,,,,,,,,,,,,,,,,,2,111.8,"1.000,",,,,,,,,
2026-08-18T10:40:15.205438,4260,0x46,PUCCH,,,,,,,,,,,,,,,,,,1,-inf,"0.000,",,,,,,,,
2026-08-18T10:40:15.852957,4280,0x46,PUCCH,,,,,,,,,,,,,,,,,,1,-inf,"0.000,",,,,,,,,
2026-08-18T10:40:15.894704,4281,0x46,PUCCH,,,,,,,,,,,,,,,,,,2,111.8,"1.000,",,,,,,,,
2026-08-18T10:40:16.589697,4300,0x46,PUCCH,,,,,,,,,,,,,,,,,,1,-inf,"0.000,",,,,,,,,
2026-08-18T10:40:17.576988,4320,0x46,PUCCH,,,,,,,,,,,,,,,,,,1,-inf,"0.000,",,,,,,,,
2026-08-18T10:40:17.617456,4321,0x46,PUCCH,,,,,,,,,,,,,,,,,,2,111.8,"1.000,",,,,,,,,
2026-08-18T10:40:18.409302,4340,0x46,PUCCH,,,,,,,,,,,,,,,,,,1,-inf,"0.000,",,,,,,,,
2026-08-18T10:40:19.198908,4360,0x46,PUCCH,,,,,,,,,,,,,,,,,,1,-inf,"0.000,",,,,,,,,
2026-08-18T10:40:19.227130,4361,0x46,PUCCH,,,,,,,,,,,,,,,,,,2,111.8,"1.000,",,,,,,,,
2026-08-18T10:40:19.899878,4380,0x46,PUCCH,,,,,,,,,,,,,,,,,,1,-inf,"0.000,",,,,,,,,
2026-08-18T10:40:20.833091,4400,0x46,PUCCH,,,,,,,,,,,,,,,,,,1,-inf,"0.000,",,,,,,,,
2026-08-18T10:40:20.910350,4401,0x46,PUCCH,,,,,,,,,,,,,,,,,,2,111.8,"1.000,",,,,,,,,
2026-08-18T10:40:21.606423,4420,0x46,PUCCH,,,,,,,,,,,,,,,,,,1,-inf,"0.000,",,,,,,,,
2026-08-18T10:40:22.483923,4440,0x46,PUCCH,,,,,,,,,,,,,,,,,,1,-inf,"0.000,",,,,,,,,
2026-08-18T10:40:22.519015,4441,0x46,PUCCH,,,,,,,,,,,,,,,,,,2,111.8,"1.000,",,,,,,,,
2026-08-18T10:40:23.467590,4460,0x46,PUCCH,,,,,,,,,,,,,,,,,,1,-inf,"0.000,",,,,,,,,
2026-08-18T10:40:24.296705,4480,0x46,PUCCH,,,,,,,,,,,,,,,,,,1,-inf,"0.000,",,,,,,,,
2026-08-18T10:40:24.327858,4481,0x46,PUCCH,,,,,,,,,,,,,,,,,,2,111.8,"1.000,",,,,,,,,
2026-08-18T10:40:25.281959,4500,0x46,PUCCH,,,,,,,,,,,,,,,,,,1,-inf,"0.000,",,,,,,,,
2026-08-18T10:40:26.020926,4520,0x46,PUCCH,,,,,,,,,,,,,,,,,,1,-inf,"0.000,",,,,,,,,
2026-08-18T10:40:26.046539,4521,0x46,PUCCH,,,,,,,,,,,,,,,,,,2,111.8,"1.000,",,,,,,,,
2026-08-18T10:40:26.728786,4540,0x46,PUCCH,,,,,,,,,,,,,,,,,,1,-inf,"0.000,",,,,,,,,
2026-08-18T10:40:27.530931,4560,0x46,PUCCH,,,,,,,,,,,,,,,,,,1,-inf,"0.000,",,,,,,,,
2026-08-18T10:40:27.572355,4561,0x46,PUCCH,,,,,,,,,,,,,,,,,,2,111.8,"1.000,",,,,,,,,
2026-08-18T10:40:28.316087,4580,0x46,PUCCH,,,,,,,,,,,,,,,,,,1,-inf,"0.000,",,,,,,,,
2026-08-18T10:40:28.891466,4600,0x46,PUCCH,,,,,,,,,,,,,,,,,,1,-inf,"0.000,",,,,,,,,
2026-08-18T10:40:28.914678,4601,0x46,PUCCH,,,,,,,,,,,,,,,,,,2,111.8,"1.000,",,,,,,,,
2026-08-18T10:40:29.566608,4620,0x46,PUCCH,,,,,,,,,,,,,,,,,,1,-inf,"0.000,",,,,,,,,
2026-08-18T10:40:30.299479,4640,0x46,PUCCH,,,,,,,,,,,,,,,,,,1,-inf,"0.000,",,,,,,,,
2026-08-18T10:40:30.324572,4641,0x46,PUCCH,,,,,,,,,,,,,,,,,,2,111.8,"1.000,",,,,,,,,
2026-08-18T10:40:31.058036,4660,0x46,PUCCH,,,,,,,,,,,,,,,,,,1,-inf,"0.000,",,,,,,,,
2026-08-18T10:40:31.794831,4680,0x46,PUCCH,,,,,,,,,,,,,,,,,,1,-inf,"0.000,",,,,,,,,
2026-08-18T10:40:31.824329,4681,0x46,PUCCH,,,,,,,,,,,,,,,,,,2,111.8,"1.000,",,,,,,,,
2026-08-18T10:40:32.355498,4700,0x46,PUCCH,,,,,,,,,,,,,,,,,,1,-inf,"0.000,",,,,,,,,
2026-08-18T10:40:33.032895,4720,0x46,PUCCH,,,,,,,,,,,,,,,,,,1,-inf,"0.000,",,,,,,,,
2026-08-18T10:40:33.060556,4721,0x46,PUCCH,,,,,,,,,,,,,,,,,,2,111.8,"1.000,",,,,,,,,
2026-08-18T10:40:33.638178,4740,0x46,PUCCH,,,,,,,,,,,,,,,,,,1,-inf,"0.000,",,,,,,,,
2026-08-18T10:40:34.403740,4760,0x46,PUCCH,,,,,,,,,,,,,,,,,,1,-inf,"0.000,",,,,,,,,
2026-08-18T10:40:34.435462,4761,0x46,PUCCH,,,,,,,,,,,,,,,,,,2,111.8,"1.000,",,,,,,,,
2026-08-18T10:40:35.346965,4780,0x46,PUCCH,,,,,,,,,,,,,,,,,,1,-inf,"0.000,",,,,,,,,
2026-08-18T10:40:36.421546,4800,0x46,PUCCH,,,,,,,,,,,,,,,,,,1,-inf,"0.000,",,,,,,,,
2026-08-18T10:40:36.460170,4801,0x46,PUCCH,,,,,,,,,,,,,,,,,,2,111.8,"1.000,",,,,,,,,
2026-08-18T10:40:37.429492,4820,0x46,PUCCH,,,,,,,,,,,,,,,,,,1,-inf,"0.000,",,,,,,,,
2026-08-18T10:40:38.413700,4840,0x46,PUCCH,,,,,,,,,,,,,,,,,,1,-inf,"0.000,",,,,,,,,
2026-08-18T10:40:38.442509,4841,0x46,PUCCH,,,,,,,,,,,,,,,,,,2,111.8,"1.000,",,,,,,,,
2026-08-18T10:40:38.971407,4860,0x46,PUCCH,,,,,,,,,,,,,,,,,,1,-inf,"0.000,",,,,,,,,
2026-08-18T10:40:39.656085,4880,0x46,PUCCH,,,,,,,,,,,,,,,,,,1,-inf,"0.000,",,,,,,,,
2026-08-18T10:40:39.684551,4881,0x46,PUCCH,,,,,,,,,,,,,,,,,,2,111.8,"1.000,",,,,,,,,
2026-08-18T10:40:40.333302,4900,0x46,PUCCH,,,,,,,,,,,,,,,,,,1,-inf,"0.000,",,,,,,,,
2026-08-18T10:40:41.112778,4920,0x46,PUCCH,,,,,,,,,,,,,,,,,,1,-inf,"0.000,",,,,,,,,
2026-08-18T10:40:41.165582,4921,0x46,PUCCH,,,,,,,,,,,,,,,,,,2,111.8,"1.000,",,,,,,,,
2026-08-18T10:40:41.906921,4940,0x46,PUCCH,,,,,,,,,,,,,,,,,,1,-inf,"0.000,",,,,,,,,
2026-08-18T10:40:42.769890,4960,0x46,PUCCH,,,,,,,,,,,,,,,,,,1,-inf,"0.000,",,,,,,,,
2026-08-18T10:40:42.864697,4961,0x46,PUCCH,,,,,,,,,,,,,,,,,,2,111.8,"1.000,",,,,,,,,
2026-08-18T10:40:43.617516,4980,0x46,PUCCH,,,,,,,,,,,,,,,,,,1,-inf,"0.000,",,,,,,,,
2026-08-18T10:40:44.373759,5000,0x46,PUCCH,,,,,,,,,,,,,,,,,,1,-inf,"0.000,",,,,,,,,
2026-08-18T10:40:44.414521,5001,0x46,PUCCH,,,,,,,,,,,,,,,,,,2,111.8,"1.000,",,,,,,,,
2026-08-18T10:40:45.043203,5020,0x46,PUCCH,,,,,,,,,,,,,,,,,,1,-inf,"0.000,",,,,,,,,
2026-08-18T10:40:45.725364,5040,0x46,PUCCH,,,,,,,,,,,,,,,,,,1,-inf,"0.000,",,,,,,,,
2026-08-18T10:40:45.754446,5041,0x46,PUCCH,,,,,,,,,,,,,,,,,,2,111.8,"1.000,",,,,,,,,
2026-08-18T10:40:46.618731,5060,0x46,PUCCH,,,,,,,,,,,,,,,,,,1,-inf,"0.000,",,,,,,,,
2026-08-18T10:40:47.372136,5080,0x46,PUCCH,,,,,,,,,,,,,,,,,,1,-inf,"0.000,",,,,,,,,
2026-08-18T10:40:47.412562,5081,0x46,PUCCH,,,,,,,,,,,,,,,,,,2,111.8,"1.000,",,,,,,,,
2026-08-18T10:40:48.048959,5100,0x46,PUCCH,,,,,,,,,,,,,,,,,,1,-inf,"0.000,",,,,,,,,
2026-08-18T10:40:48.667137,5120,0x46,PUCCH,,,,,,,,,,,,,,,,,,1,-inf,"0.000,",,,,,,,,
2026-08-18T10:40:48.700943,5121,0x46,PUCCH,,,,,,,,,,,,,,,,,,2,111.8,"1.000,",,,,,,,,
2026-08-18T10:40:49.403356,5140,0x46,PUCCH,,,,,,,,,,,,,,,,,,1,-inf,"0.000,",,,,,,,,
2026-08-18T10:40:50.140227,5160,0x46,PUCCH,,,,,,,,,,,,,,,,,,1,-inf,"0.000,",,,,,,,,
2026-08-18T10:40:50.179372,5161,0x46,PUCCH,,,,,,,,,,,,,,,,,,2,111.8,"1.000,",,,,,,,,
2026-08-18T10:40:51.086745,5180,0x46,PUCCH,,,,,,,,,,,,,,,,,,1,-inf,"0.000,",,,,,,,,
2026-08-18T10:40:51.841122,5200,0x46,PUCCH,,,,,,,,,,,,,,,,,,1,-inf,"0.000,",,,,,,,,
2026-08-18T10:40:51.880878,5201,0x46,PUCCH,,,,,,,,,,,,,,,,,,2,111.8,"1.000,",,,,,,,,
2026-08-18T10:40:52.911345,5220,0x46,PUCCH,,,,,,,,,,,,,,,,,,1,-inf,"0.000,",,,,,,,,
2026-08-18T10:40:53.744348,5240,0x46,PUCCH,,,,,,,,,,,,,,,,,,1,-inf,"0.000,",,,,,,,,
2026-08-18T10:40:53.793877,5241,0x46,PUCCH,,,,,,,,,,,,,,,,,,2,111.8,"1.000,",,,,,,,,
2026-08-18T10:40:54.693694,5260,0x46,PUCCH,,,,,,,,,,,,,,,,,,1,-inf,"0.000,",,,,,,,,
2026-08-18T10:40:55.497685,5280,0x46,PUCCH,,,,,,,,,,,,,,,,,,1,-inf,"0.000,",,,,,,,,
2026-08-18T10:40:55.540902,5281,0x46,PUCCH,,,,,,,,,,,,,,,,,,2,111.8,"1.000,",,,,,,,,
2026-08-18T10:40:56.261045,5300,0x46,PUCCH,,,,,,,,,,,,,,,,,,1,-inf,"0.000,",,,,,,,,
2026-08-18T10:40:57.271573,5320,0x46,PUCCH,,,,,,,,,,,,,,,,,,1,-inf,"0.000,",,,,,,,,
2026-08-18T10:40:57.335666,5321,0x46,PUCCH,,,,,,,,,,,,,,,,,,2,111.8,"1.000,",,,,,,,,
2026-08-18T10:40:58.452402,5340,0x46,PUCCH,,,,,,,,,,,,,,,,,,1,-inf,"0.000,",,,,,,,,
2026-08-18T10:40:59.620116,5360,0x46,PUCCH,,,,,,,,,,,,,,,,,,1,-inf,"0.000,",,,,,,,,
2026-08-18T10:40:59.653370,5361,0x46,PUCCH,,,,,,,,,,,,,,,,,,2,111.8,"1.000,",,,,,,,,
2026-08-18T10:41:00.387153,5380,0x46,PUCCH,,,,,,,,,,,,,,,,,,1,-inf,"0.000,",,,,,,,,
2026-08-18T10:41:01.208727,5400,0x46,PUCCH,,,,,,,,,,,,,,,,,,1,-inf,"0.000,",,,,,,,,
2026-08-18T10:41:01.241227,5401,0x46,PUCCH,,,,,,,,,,,,,,,,,,2,111.8,"1.000,",,,,,,,,
2026-08-18T10:41:02.024958,5420,0x46,PUCCH,,,,,,,,,,,,,,,,,,1,-inf,"0.000,",,,,,,,,
2026-08-18T10:41:02.844693,5440,0x46,PUCCH,,,,,,,,,,,,,,,,,,1,-inf,"0.000,",,,,,,,,
2026-08-18T10:41:02.891430,5441,0x46,PUCCH,,,,,,,,,,,,,,,,,,2,111.8,"1.000,",,,,,,,,
2026-08-18T10:41:03.589167,5460,0x46,PUCCH,,,,,,,,,,,,,,,,,,1,-inf,"0.000,",,,,,,,,
2026-08-18T10:41:04.563724,5480,0x46,PUCCH,,,,,,,,,,,,,,,,,,1,-inf,"0.000,",,,,,,,,
2026-08-18T10:41:04.595732,5481,0x46,PUCCH,,,,,,,,,,,,,,,,,,2,111.8,"1.000,",,,,,,,,
2026-08-18T10:41:05.184456,5500,0x46,PUCCH,,,,,,,,,,,,,,,,,,1,-inf,"0.000,",,,,,,,,
2026-08-18T10:41:05.801557,5520,0x46,PUCCH,,,,,,,,,,,,,,,,,,1,-inf,"0.000,",,,,,,,,
2026-08-18T10:41:05.829957,5521,0x46,PUCCH,,,,,,,,,,,,,,,,,,2,111.8,"1.000,",,,,,,,,
2026-08-18T10:41:06.586592,5540,0x46,PUCCH,,,,,,,,,,,,,,,,,,1,-inf,"0.000,",,,,,,,,
2026-08-18T10:41:07.397727,5560,0x46,PUCCH,,,,,,,,,,,,,,,,,,1,-inf,"0.000,",,,,,,,,
2026-08-18T10:41:07.429751,5561,0x46,PUCCH,,,,,,,,,,,,,,,,,,2,111.8,"1.000,",,,,,,,,
2026-08-18T10:41:08.381567,5580,0x46,PUCCH,,,,,,,,,,,,,,,,,,1,-inf,"0.000,",,,,,,,,
2026-08-18T10:41:09.913693,5600,0x46,PUCCH,,,,,,,,,,,,,,,,,,1,-inf,"0.000,",,,,,,,,
2026-08-18T10:41:09.961859,5601,0x46,PUCCH,,,,,,,,,,,,,,,,,,2,111.8,"1.000,",,,,,,,,
2026-08-18T10:41:10.808807,5620,0x46,PUCCH,,,,,,,,,,,,,,,,,,1,-inf,"0.000,",,,,,,,,
2026-08-18T10:41:11.599315,5640,0x46,PUCCH,,,,,,,,,,,,,,,,,,1,-inf,"0.000,",,,,,,,,
2026-08-18T10:41:11.630091,5641,0x46,PUCCH,,,,,,,,,,,,,,,,,,2,111.8,"1.000,",,,,,,,,
2026-08-18T10:41:12.491133,5660,0x46,PUCCH,,,,,,,,,,,,,,,,,,1,-inf,"0.000,",,,,,,,,
2026-08-18T10:41:13.102511,5680,0x46,PUCCH,,,,,,,,,,,,,,,,,,1,-inf,"0.000,",,,,,,,,
2026-08-18T10:41:13.135064,5681,0x46,PUCCH,,,,,,,,,,,,,,,,,,2,111.8,"1.000,",,,,,,,,
2026-08-18T10:41:13.884429,5700,0x46,PUCCH,,,,,,,,,,,,,,,,,,1,-inf,"0.000,",,,,,,,,
2026-08-18T10:41:14.461769,5720,0x46,PUCCH,,,,,,,,,,,,,,,,,,1,-inf,"0.000,",,,,,,,,
2026-08-18T10:41:14.494306,5721,0x46,PUCCH,,,,,,,,,,,,,,,,,,2,111.8,"1.000,",,,,,,,,
2026-08-18T10:41:15.289968,5740,0x46,PUCCH,,,,,,,,,,,,,,,,,,1,-inf,"0.000,",,,,,,,,
2026-08-18T10:41:16.035495,5760,0x46,PUCCH,,,,,,,,,,,,,,,,,,1,-inf,"0.000,",,,,,,,,
2026-08-18T10:41:16.062990,5761,0x46,PUCCH,,,,,,,,,,,,,,,,,,2,111.8,"1.000,",,,,,,,,
2026-08-18T10:41:16.812748,5780,0x46,PUCCH,,,,,,,,,,,,,,,,,,1,-inf,"0.000,",,,,,,,,
2026-08-18T10:41:17.417193,5800,0x46,PUCCH,,,,,,,,,,,,,,,,,,1,-inf,"0.000,",,,,,,,,
2026-08-18T10:41:17.446199,5801,0x46,PUCCH,,,,,,,,,,,,,,,,,,2,111.8,"1.000,",,,,,,,,
2026-08-18T10:41:18.139139,5820,0x46,PUCCH,,,,,,,,,,,,,,,,,,1,-inf,"0.000,",,,,,,,,
2026-08-18T10:41:18.930347,5840,0x46,PUCCH,,,,,,,,,,,,,,,,,,1,-inf,"0.000,",,,,,,,,
2026-08-18T10:41:18.961535,5841,0x46,PUCCH,,,,,,,,,,,,,,,,,,2,111.8,"1.000,",,,,,,,,
2026-08-18T10:41:19.834803,5860,0x46,PUCCH,,,,,,,,,,,,,,,,,,1,-inf,"0.000,",,,,,,,,
2026-08-18T10:41:20.552690,5880,0x46,PUCCH,,,,,,,,,,,,,,,,,,1,-inf,"0.000,",,,,,,,,
2026-08-18T10:41:20.583349,5881,0x46,PUCCH,,,,,,,,,,,,,,,,,,2,111.8,"1.000,",,,,,,,,
2026-08-18T10:41:21.250003,5900,0x46,PUCCH,,,,,,,,,,,,,,,,,,1,-inf,"0.000,",,,,,,,,
2026-08-18T10:41:21.946749,5920,0x46,PUCCH,,,,,,,,,,,,,,,,,,1,-inf,"0.000,",,,,,,,,
2026-08-18T10:41:21.973803,5921,0x46,PUCCH,,,,,,,,,,,,,,,,,,2,111.8,"1.000,",,,,,,,,
2026-08-18T10:41:22.489624,5940,0x46,PUCCH,,,,,,,,,,,,,,,,,,1,-inf,"0.000,",,,,,,,,
2026-08-18T10:41:22.994884,5960,0x46,PUCCH,,,,,,,,,,,,,,,,,,1,-inf,"0.000,",,,,,,,,
2026-08-18T10:41:23.018521,5961,0x46,PUCCH,,,,,,,,,,,,,,,,,,2,111.8,"1.000,",,,,,,,,
2026-08-18T10:41:23.799133,5980,0x46,PUCCH,,,,,,,,,,,,,,,,,,1,-inf,"0.000,",,,,,,,,
2026-08-18T10:41:24.630087,6000,0x46,PUCCH,,,,,,,,,,,,,,,,,,1,-inf,"0.000,",,,,,,,,
2026-08-18T10:41:24.669971,6001,0x46,PUCCH,,,,,,,,,,,,,,,,,,2,111.8,"1.000,",,,,,,,,
2026-08-18T10:41:25.493389,6020,0x46,PUCCH,,,,,,,,,,,,,,,,,,1,-inf,"0.000,",,,,,,,,
2026-08-18T10:41:26.230927,6040,0x46,PUCCH,,,,,,,,,,,,,,,,,,1,-inf,"0.000,",,,,,,,,
2026-08-18T10:41:26.278349,6041,0x46,PUCCH,,,,,,,,,,,,,,,,,,2,111.8,"1.000,",,,,,,,,
2026-08-18T10:41:26.948127,6060,0x46,PUCCH,,,,,,,,,,,,,,,,,,1,-inf,"0.000,",,,,,,,,
2026-08-18T10:41:27.633741,6080,0x46,PUCCH,,,,,,,,,,,,,,,,,,1,-inf,"0.000,",,,,,,,,
2026-08-18T10:41:27.675650,6081,0x46,PUCCH,,,,,,,,,,,,,,,,,,2,111.8,"1.000,",,,,,,,,
2026-08-18T10:41:28.332657,6100,0x46,PUCCH,,,,,,,,,,,,,,,,,,1,-inf,"0.000,",,,,,,,,
2026-08-18T10:41:29.042556,6120,0x46,PUCCH,,,,,,,,,,,,,,,,,,1,-inf,"0.000,",,,,,,,,
2026-08-18T10:41:29.097162,6121,0x46,PUCCH,,,,,,,,,,,,,,,,,,2,111.8,"1.000,",,,,,,,,
2026-08-18T10:41:29.770805,6140,0x46,PUCCH,,,,,,,,,,,,,,,,,,1,-inf,"0.000,",,,,,,,,
2026-08-18T10:41:30.627364,6160,0x46,PUCCH,,,,,,,,,,,,,,,,,,1,-inf,"0.000,",,,,,,,,
2026-08-18T10:41:30.671765,6161,0x46,PUCCH,,,,,,,,,,,,,,,,,,2,111.8,"1.000,",,,,,,,,
2026-08-18T10:41:31.364946,6180,0x46,PUCCH,,,,,,,,,,,,,,,,,,1,-inf,"0.000,",,,,,,,,
2026-08-18T10:41:32.205869,6200,0x46,PUCCH,,,,,,,,,,,,,,,,,,1,-inf,"0.000,",,,,,,,,
2026-08-18T10:41:32.263741,6201,0x46,PUCCH,,,,,,,,,,,,,,,,,,2,111.8,"1.000,",,,,,,,,
2026-08-18T10:41:33.189818,6220,0x46,PUCCH,,,,,,,,,,,,,,,,,,1,-inf,"0.000,",,,,,,,,
2026-08-18T10:41:33.999112,6240,0x46,PUCCH,,,,,,,,,,,,,,,,,,1,-inf,"0.000,",,,,,,,,
2026-08-18T10:41:34.051942,6241,0x46,PUCCH,,,,,,,,,,,,,,,,,,2,111.8,"1.000,",,,,,,,,
2026-08-18T10:41:34.814286,6260,0x46,PUCCH,,,,,,,,,,,,,,,,,,1,-inf,"0.000,",,,,,,,,
2026-08-18T10:41:35.588422,6280,0x46,PUCCH,,,,,,,,,,,,,,,,,,1,-inf,"0.000,",,,,,,,,
2026-08-18T10:41:35.628149,6281,0x46,PUCCH,,,,,,,,,,,,,,,,,,2,111.8,"1.000,",,,,,,,,
2026-08-18T10:41:36.209411,6300,0x46,PUCCH,,,,,,,,,,,,,,,,,,1,-inf,"0.000,",,,,,,,,
2026-08-18T10:41:36.970013,6320,0x46,PUCCH,,,,,,,,,,,,,,,,,,1,-inf,"0.000,",,,,,,,,
2026-08-18T10:41:37.008241,6321,0x46,PUCCH,,,,,,,,,,,,,,,,,,2,111.8,"1.000,",,,,,,,,
2026-08-18T10:41:37.884291,6340,0x46,PUCCH,,,,,,,,,,,,,,,,,,1,-inf,"0.000,",,,,,,,,
2026-08-18T10:41:38.693183,6360,0x46,PUCCH,,,,,,,,,,,,,,,,,,1,-inf,"0.000,",,,,,,,,
2026-08-18T10:41:38.724940,6361,0x46,PUCCH,,,,,,,,,,,,,,,,,,2,111.8,"1.000,",,,,,,,,
2026-08-18T10:41:39.320421,6380,0x46,PUCCH,,,,,,,,,,,,,,,,,,1,-inf,"0.000,",,,,,,,,
2026-08-18T10:41:40.014796,6400,0x46,PUCCH,,,,,,,,,,,,,,,,,,1,-inf,"0.000,",,,,,,,,
2026-08-18T10:41:40.290025,6401,0x46,PUCCH,,,,,,,,,,,,,,,,,,2,111.8,"1.000,",,,,,,,,
2026-08-18T10:41:41.173886,6420,0x46,PUCCH,,,,,,,,,,,,,,,,,,1,-inf,"0.000,",,,,,,,,
2026-08-18T10:41:41.902881,6440,0x46,PUCCH,,,,,,,,,,,,,,,,,,1,-inf,"0.000,",,,,,,,,
2026-08-18T10:41:41.948310,6441,0x46,PUCCH,,,,,,,,,,,,,,,,,,2,111.8,"1.000,",,,,,,,,
2026-08-18T10:41:42.831689,6460,0x46,PUCCH,,,,,,,,,,,,,,,,,,1,-inf,"0.000,",,,,,,,,
2026-08-18T10:41:43.539697,6480,0x46,PUCCH,,,,,,,,,,,,,,,,,,1,-inf,"0.000,",,,,,,,,
2026-08-18T10:41:43.569141,6481,0x46,PUCCH,,,,,,,,,,,,,,,,,,2,111.8,"1.000,",,,,,,,,
2026-08-18T10:41:44.215770,6500,0x46,PUCCH,,,,,,,,,,,,,,,,,,1,-inf,"0.000,",,,,,,,,
2026-08-18T10:41:45.023687,6520,0x46,PUCCH,,,,,,,,,,,,,,,,,,1,-inf,"0.000,",,,,,,,,
2026-08-18T10:41:45.053995,6521,0x46,PUCCH,,,,,,,,,,,,,,,,,,2,111.8,"1.000,",,,,,,,,
2026-08-18T10:41:45.735752,6540,0x46,PUCCH,,,,,,,,,,,,,,,,,,1,-inf,"0.000,",,,,,,,,
2026-08-18T10:41:46.836937,6560,0x46,PUCCH,,,,,,,,,,,,,,,,,,1,-inf,"0.000,",,,,,,,,
2026-08-18T10:41:46.888859,6561,0x46,PUCCH,,,,,,,,,,,,,,,,,,2,111.8,"1.000,",,,,,,,,
2026-08-18T10:41:47.534815,6580,0x46,PUCCH,,,,,,,,,,,,,,,,,,1,-inf,"0.000,",,,,,,,,
2026-08-18T10:41:48.456408,6600,0x46,PUCCH,,,,,,,,,,,,,,,,,,1,-inf,"0.000,",,,,,,,,
2026-08-18T10:41:48.509236,6601,0x46,PUCCH,,,,,,,,,,,,,,,,,,2,111.8,"1.000,",,,,,,,,
2026-08-18T10:41:49.258895,6620,0x46,PUCCH,,,,,,,,,,,,,,,,,,1,-inf,"0.000,",,,,,,,,
2026-08-18T10:41:50.002977,6640,0x46,PUCCH,,,,,,,,,,,,,,,,,,1,-inf,"0.000,",,,,,,,,
2026-08-18T10:41:50.039886,6641,0x46,PUCCH,,,,,,,,,,,,,,,,,,2,111.8,"1.000,",,,,,,,,
2026-08-18T10:41:50.731528,6660,0x46,PUCCH,,,,,,,,,,,,,,,,,,1,-inf,"0.000,",,,,,,,,
2026-08-18T10:41:51.649095,6680,0x46,PUCCH,,,,,,,,,,,,,,,,,,1,-inf,"0.000,",,,,,,,,
2026-08-18T10:41:51.693778,6681,0x46,PUCCH,,,,,,,,,,,,,,,,,,2,111.8,"1.000,",,,,,,,,
2026-08-18T10:41:52.417336,6700,0x46,PUCCH,,,,,,,,,,,,,,,,,,1,-inf,"0.000,",,,,,,,,
2026-08-18T10:41:53.290063,6720,0x46,PUCCH,,,,,,,,,,,,,,,,,,1,-inf,"0.000,",,,,,,,,
2026-08-18T10:41:53.345238,6721,0x46,PUCCH,,,,,,,,,,,,,,,,,,2,111.8,"1.000,",,,,,,,,
2026-08-18T10:41:54.273789,6740,0x46,PUCCH,,,,,,,,,,,,,,,,,,1,-inf,"0.000,",,,,,,,,
2026-08-18T10:41:55.127165,6760,0x46,PUCCH,,,,,,,,,,,,,,,,,,1,-inf,"0.000,",,,,,,,,
2026-08-18T10:41:55.175014,6761,0x46,PUCCH,,,,,,,,,,,,,,,,,,2,111.8,"1.000,",,,,,,,,
2026-08-18T10:41:56.004146,6780,0x46,PUCCH,,,,,,,,,,,,,,,,,,1,-inf,"0.000,",,,,,,,,
2026-08-18T10:41:56.762178,6800,0x46,PUCCH,,,,,,,,,,,,,,,,,,1,-inf,"0.000,",,,,,,,,
2026-08-18T10:41:56.825284,6801,0x46,PUCCH,,,,,,,,,,,,,,,,,,2,111.8,"1.000,",,,,,,,,
2026-08-18T10:41:57.734390,6820,0x46,PUCCH,,,,,,,,,,,,,,,,,,1,-inf,"0.000,",,,,,,,,
2026-08-18T10:41:58.336534,6840,0x46,PUCCH,,,,,,,,,,,,,,,,,,1,-inf,"0.000,",,,,,,,,
2026-08-18T10:41:58.368932,6841,0x46,PUCCH,,,,,,,,,,,,,,,,,,2,111.8,"1.000,",,,,,,,,
2026-08-18T10:41:59.433136,6860,0x46,PUCCH,,,,,,,,,,,,,,,,,,1,-inf,"0.000,",,,,,,,,
2026-08-18T10:42:00.270508,6880,0x46,PUCCH,,,,,,,,,,,,,,,,,,1,-inf,"0.000,",,,,,,,,
2026-08-18T10:42:00.303546,6881,0x46,PUCCH,,,,,,,,,,,,,,,,,,2,111.8,"1.000,",,,,,,,,
2026-08-18T10:42:00.991246,6900,0x46,PUCCH,,,,,,,,,,,,,,,,,,1,-inf,"0.000,",,,,,,,,
2026-08-18T10:42:01.575236,6920,0x46,PUCCH,,,,,,,,,,,,,,,,,,1,-inf,"0.000,",,,,,,,,
2026-08-18T10:42:01.604656,6921,0x46,PUCCH,,,,,,,,,,,,,,,,,,2,111.8,"1.000,",,,,,,,,
2026-08-18T10:42:02.297091,6940,0x46,PUCCH,,,,,,,,,,,,,,,,,,1,-inf,"0.000,",,,,,,,,
2026-08-18T10:42:03.670359,6960,0x46,PUCCH,,,,,,,,,,,,,,,,,,1,-inf,"0.000,",,,,,,,,
2026-08-18T10:42:03.793210,6961,0x46,PUCCH,,,,,,,,,,,,,,,,,,2,111.8,"1.000,",,,,,,,,
2026-08-18T10:42:04.773598,6980,0x46,PUCCH,,,,,,,,,,,,,,,,,,1,-inf,"0.000,",,,,,,,,
2026-08-18T10:42:05.435178,7000,0x46,PUCCH,,,,,,,,,,,,,,,,,,1,-inf,"0.000,",,,,,,,,
2026-08-18T10:42:05.466094,7001,0x46,PUCCH,,,,,,,,,,,,,,,,,,2,111.8,"1.000,",,,,,,,,
2026-08-18T10:42:06.144105,7020,0x46,PUCCH,,,,,,,,,,,,,,,,,,1,-inf,"0.000,",,,,,,,,
2026-08-18T10:42:06.682221,7040,0x46,PUCCH,,,,,,,,,,,,,,,,,,1,-inf,"0.000,",,,,,,,,
2026-08-18T10:42:06.720879,7041,0x46,PUCCH,,,,,,,,,,,,,,,,,,2,111.8,"1.000,",,,,,,,,
2026-08-18T10:42:07.163105,7060,0x46,PUCCH,,,,,,,,,,,,,,,,,,1,-inf,"0.000,",,,,,,,,
2026-08-18T10:42:07.786318,7080,0x46,PUCCH,,,,,,,,,,,,,,,,,,1,-inf,"0.000,",,,,,,,,
2026-08-18T10:42:07.825823,7081,0x46,PUCCH,,,,,,,,,,,,,,,,,,2,111.8,"1.000,",,,,,,,,
2026-08-18T10:42:09.078368,7100,0x46,PUCCH,,,,,,,,,,,,,,,,,,1,-inf,"0.000,",,,,,,,,
2026-08-18T10:42:10.038485,7120,0x46,PUCCH,,,,,,,,,,,,,,,,,,1,-inf,"0.000,",,,,,,,,
2026-08-18T10:42:10.078009,7121,0x46,PUCCH,,,,,,,,,,,,,,,,,,2,111.8,"1.000,",,,,,,,,
2026-08-18T10:42:10.931420,7140,0x46,PUCCH,,,,,,,,,,,,,,,,,,1,-inf,"0.000,",,,,,,,,
2026-08-18T10:42:11.628452,7160,0x46,PUCCH,,,,,,,,,,,,,,,,,,1,-inf,"0.000,",,,,,,,,
2026-08-18T10:42:11.663872,7161,0x46,PUCCH,,,,,,,,,,,,,,,,,,2,111.8,"1.000,",,,,,,,,
2026-08-18T10:42:12.233394,7180,0x46,PUCCH,,,,,,,,,,,,,,,,,,1,-inf,"0.000,",,,,,,,,
2026-08-18T10:42:12.797447,7200,0x46,PUCCH,,,,,,,,,,,,,,,,,,1,-inf,"0.000,",,,,,,,,
2026-08-18T10:42:12.826288,7201,0x46,PUCCH,,,,,,,,,,,,,,,,,,2,111.8,"1.000,",,,,,,,,
2026-08-18T10:42:13.363757,7220,0x46,PUCCH,,,,,,,,,,,,,,,,,,1,-inf,"0.000,",,,,,,,,
2026-08-18T10:42:14.021345,7240,0x46,PUCCH,,,,,,,,,,,,,,,,,,1,-inf,"0.000,",,,,,,,,
2026-08-18T10:42:14.054718,7241,0x46,PUCCH,,,,,,,,,,,,,,,,,,2,111.8,"1.000,",,,,,,,,
2026-08-18T10:42:14.671477,7260,0x46,PUCCH,,,,,,,,,,,,,,,,,,1,-inf,"0.000,",,,,,,,,
2026-08-18T10:42:15.310408,7280,0x46,PUCCH,,,,,,,,,,,,,,,,,,1,-inf,"0.000,",,,,,,,,
2026-08-18T10:42:15.348958,7281,0x46,PUCCH,,,,,,,,,,,,,,,,,,2,111.8,"1.000,",,,,,,,,
2026-08-18T10:42:15.922986,7300,0x46,PUCCH,,,,,,,,,,,,,,,,,,1,-inf,"0.000,",,,,,,,,
2026-08-18T10:42:16.495019,7320,0x46,PUCCH,,,,,,,,,,,,,,,,,,1,-inf,"0.000,",,,,,,,,
2026-08-18T10:42:16.516309,7321,0x46,PUCCH,,,,,,,,,,,,,,,,,,2,111.8,"1.000,",,,,,,,,
2026-08-18T10:42:16.941675,7340,0x46,PUCCH,,,,,,,,,,,,,,,,,,1,-inf,"0.000,",,,,,,,,
2026-08-18T10:42:17.450392,7360,0x46,PUCCH,,,,,,,,,,,,,,,,,,1,-inf,"0.000,",,,,,,,,
2026-08-18T10:42:17.469872,7361,0x46,PUCCH,,,,,,,,,,,,,,,,,,2,111.8,"1.000,",,,,,,,,
2026-08-18T10:42:18.113476,7380,0x46,PUCCH,,,,,,,,,,,,,,,,,,1,-inf,"0.000,",,,,,,,,
2026-08-18T10:42:18.690330,7400,0x46,PUCCH,,,,,,,,,,,,,,,,,,1,-inf,"0.000,",,,,,,,,
2026-08-18T10:42:18.734346,7401,0x46,PUCCH,,,,,,,,,,,,,,,,,,2,111.8,"1.000,",,,,,,,,
2026-08-18T10:42:19.357342,7420,0x46,PUCCH,,,,,,,,,,,,,,,,,,1,-inf,"0.000,",,,,,,,,
2026-08-18T10:42:20.389074,7440,0x46,PUCCH,,,,,,,,,,,,,,,,,,1,-inf,"0.000,",,,,,,,,
2026-08-18T10:42:20.417764,7441,0x46,PUCCH,,,,,,,,,,,,,,,,,,2,111.8,"1.000,",,,,,,,,
2026-08-18T10:42:21.139475,7460,0x46,PUCCH,,,,,,,,,,,,,,,,,,1,-inf,"0.000,",,,,,,,,
2026-08-18T10:42:21.878969,7480,0x46,PUCCH,,,,,,,,,,,,,,,,,,1,-inf,"0.000,",,,,,,,,
2026-08-18T10:42:21.929818,7481,0x46,PUCCH,,,,,,,,,,,,,,,,,,2,111.8,"1.000,",,,,,,,,
2026-08-18T10:42:22.680836,7500,0x46,PUCCH,,,,,,,,,,,,,,,,,,1,-inf,"0.000,",,,,,,,,
2026-08-18T10:42:23.690218,7520,0x46,PUCCH,,,,,,,,,,,,,,,,,,1,-inf,"0.000,",,,,,,,,
2026-08-18T10:42:23.739876,7521,0x46,PUCCH,,,,,,,,,,,,,,,,,,2,111.8,"1.000,",,,,,,,,
2026-08-18T10:42:24.483187,7540,0x46,PUCCH,,,,,,,,,,,,,,,,,,1,-inf,"0.000,",,,,,,,,
2026-08-18T10:42:25.466895,7560,0x46,PUCCH,,,,,,,,,,,,,,,,,,1,-inf,"0.000,",,,,,,,,
2026-08-18T10:42:25.507995,7561,0x46,PUCCH,,,,,,,,,,,,,,,,,,2,111.8,"1.000,",,,,,,,,
2026-08-18T10:42:26.431808,7580,0x46,PUCCH,,,,,,,,,,,,,,,,,,1,-inf,"0.000,",,,,,,,,
2026-08-18T10:42:27.392640,7600,0x46,PUCCH,,,,,,,,,,,,,,,,,,1,-inf,"0.000,",,,,,,,,
2026-08-18T10:42:27.436249,7601,0x46,PUCCH,,,,,,,,,,,,,,,,,,2,111.8,"1.000,",,,,,,,,
2026-08-18T10:42:28.231178,7620,0x46,PUCCH,,,,,,,,,,,,,,,,,,1,-inf,"0.000,",,,,,,,,
2026-08-18T10:42:28.877900,7640,0x46,PUCCH,,,,,,,,,,,,,,,,,,1,-inf,"0.000,",,,,,,,,
2026-08-18T10:42:28.906586,7641,0x46,PUCCH,,,,,,,,,,,,,,,,,,2,111.8,"1.000,",,,,,,,,
2026-08-18T10:42:29.677190,7660,0x46,PUCCH,,,,,,,,,,,,,,,,,,1,-inf,"0.000,",,,,,,,,
2026-08-18T10:42:30.470119,7680,0x46,PUCCH,,,,,,,,,,,,,,,,,,1,-inf,"0.000,",,,,,,,,
2026-08-18T10:42:30.507983,7681,0x46,PUCCH,,,,,,,,,,,,,,,,,,2,111.8,"1.000,",,,,,,,,
2026-08-18T10:42:31.155142,7700,0x46,PUCCH,,,,,,,,,,,,,,,,,,1,-inf,"0.000,",,,,,,,,
2026-08-18T10:42:31.897424,7720,0x46,PUCCH,,,,,,,,,,,,,,,,,,1,-inf,"0.000,",,,,,,,,
2026-08-18T10:42:31.930397,7721,0x46,PUCCH,,,,,,,,,,,,,,,,,,2,111.8,"1.000,",,,,,,,,
2026-08-18T10:42:32.505473,7740,0x46,PUCCH,,,,,,,,,,,,,,,,,,1,-inf,"0.000,",,,,,,,,
2026-08-18T10:42:33.265649,7760,0x46,PUCCH,,,,,,,,,,,,,,,,,,1,-inf,"0.000,",,,,,,,,
2026-08-18T10:42:33.314223,7761,0x46,PUCCH,,,,,,,,,,,,,,,,,,2,111.8,"1.000,",,,,,,,,
2026-08-18T10:42:34.246324,7780,0x46,PUCCH,,,,,,,,,,,,,,,,,,1,-inf,"0.000,",,,,,,,,
2026-08-18T10:42:34.942538,7800,0x46,PUCCH,,,,,,,,,,,,,,,,,,1,-inf,"0.000,",,,,,,,,
2026-08-18T10:42:34.973811,7801,0x46,PUCCH,,,,,,,,,,,,,,,,,,2,111.8,"1.000,",,,,,,,,
2026-08-18T10:42:35.603443,7820,0x46,PUCCH,,,,,,,,,,,,,,,,,,1,-inf,"0.000,",,,,,,,,
2026-08-18T10:42:36.445539,7840,0x46,PUCCH,,,,,,,,,,,,,,,,,,1,-inf,"0.000,",,,,,,,,
2026-08-18T10:42:36.476312,7841,0x46,PUCCH,,,,,,,,,,,,,,,,,,2,111.8,"1.000,",,,,,,,,
2026-08-18T10:42:37.328246,7860,0x46,PUCCH,,,,,,,,,,,,,,,,,,1,-inf,"0.000,",,,,,,,,
2026-08-18T10:42:37.989694,7880,0x46,PUCCH,,,,,,,,,,,,,,,,,,1,-inf,"0.000,",,,,,,,,
2026-08-18T10:42:38.023823,7881,0x46,PUCCH,,,,,,,,,,,,,,,,,,2,111.8,"1.000,",,,,,,,,
2026-08-18T10:42:38.568316,7900,0x46,PUCCH,,,,,,,,,,,,,,,,,,1,-inf,"0.000,",,,,,,,,
2026-08-18T10:42:39.186705,7920,0x46,PUCCH,,,,,,,,,,,,,,,,,,1,-inf,"0.000,",,,,,,,,
2026-08-18T10:42:39.218937,7921,0x46,PUCCH,,,,,,,,,,,,,,,,,,2,111.8,"1.000,",,,,,,,,
2026-08-18T10:42:40.107616,7940,0x46,PUCCH,,,,,,,,,,,,,,,,,,1,-inf,"0.000,",,,,,,,,
2026-08-18T10:42:41.373341,7960,0x46,PUCCH,,,,,,,,,,,,,,,,,,1,-inf,"0.000,",,,,,,,,
2026-08-18T10:42:41.413418,7961,0x46,PUCCH,,,,,,,,,,,,,,,,,,2,111.8,"1.000,",,,,,,,,
2026-08-18T10:42:41.971623,7980,0x46,PUCCH,,,,,,,,,,,,,,,,,,1,-inf,"0.000,",,,,,,,,
2026-08-18T10:42:42.553260,8000,0x46,PUCCH,,,,,,,,,,,,,,,,,,1,-inf,"0.000,",,,,,,,,
2026-08-18T10:42:42.581805,8001,0x46,PUCCH,,,,,,,,,,,,,,,,,,2,111.8,"1.000,",,,,,,,,
2026-08-18T10:42:43.278408,8020,0x46,PUCCH,,,,,,,,,,,,,,,,,,1,-inf,"0.000,",,,,,,,,
2026-08-18T10:42:43.956317,8040,0x46,PUCCH,,,,,,,,,,,,,,,,,,1,-inf,"0.000,",,,,,,,,
2026-08-18T10:42:43.985562,8041,0x46,PUCCH,,,,,,,,,,,,,,,,,,2,111.8,"1.000,",,,,,,,,
2026-08-18T10:42:45.013329,8060,0x46,PUCCH,,,,,,,,,,,,,,,,,,1,-inf,"0.000,",,,,,,,,
2026-08-18T10:42:45.936246,8080,0x46,PUCCH,,,,,,,,,,,,,,,,,,1,-inf,"0.000,",,,,,,,,
2026-08-18T10:42:45.978307,8081,0x46,PUCCH,,,,,,,,,,,,,,,,,,2,111.8,"1.000,",,,,,,,,
2026-08-18T10:42:46.850170,8100,0x46,PUCCH,,,,,,,,,,,,,,,,,,1,-inf,"0.000,",,,,,,,,
2026-08-18T10:42:47.674594,8120,0x46,PUCCH,,,,,,,,,,,,,,,,,,1,-inf,"0.000,",,,,,,,,
2026-08-18T10:42:47.716207,8121,0x46,PUCCH,,,,,,,,,,,,,,,,,,2,111.8,"1.000,",,,,,,,,
2026-08-18T10:42:48.342648,8140,0x46,PUCCH,,,,,,,,,,,,,,,,,,1,-inf,"0.000,",,,,,,,,
2026-08-18T10:42:49.084094,8160,0x46,PUCCH,,,,,,,,,,,,,,,,,,1,-inf,"0.000,",,,,,,,,
2026-08-18T10:42:49.126201,8161,0x46,PUCCH,,,,,,,,,,,,,,,,,,2,111.8,"1.000,",,,,,,,,
2026-08-18T10:42:50.182673,8180,0x46,PUCCH,,,,,,,,,,,,,,,,,,1,-inf,"0.000,",,,,,,,,
2026-08-18T10:42:50.995456,8200,0x46,PUCCH,,,,,,,,,,,,,,,,,,1,-inf,"0.000,",,,,,,,,
2026-08-18T10:42:51.034690,8201,0x46,PUCCH,,,,,,,,,,,,,,,,,,2,111.8,"1.000,",,,,,,,,
2026-08-18T10:42:51.630122,8220,0x46,PUCCH,,,,,,,,,,,,,,,,,,1,-inf,"0.000,",,,,,,,,
2026-08-18T10:42:52.754736,8240,0x46,PUCCH,,,,,,,,,,,,,,,,,,1,-inf,"0.000,",,,,,,,,
2026-08-18T10:42:52.802143,8241,0x46,PUCCH,,,,,,,,,,,,,,,,,,2,111.8,"1.000,",,,,,,,,
2026-08-18T10:42:53.641448,8260,0x46,PUCCH,,,,,,,,,,,,,,,,,,1,-inf,"0.000,",,,,,,,,
2026-08-18T10:42:54.324611,8280,0x46,PUCCH,,,,,,,,,,,,,,,,,,1,-inf,"0.000,",,,,,,,,
2026-08-18T10:42:54.355816,8281,0x46,PUCCH,,,,,,,,,,,,,,,,,,2,111.8,"1.000,",,,,,,,,
2026-08-18T10:42:54.999223,8300,0x46,PUCCH,,,,,,,,,,,,,,,,,,1,-inf,"0.000,",,,,,,,,
2026-08-18T10:42:55.779613,8320,0x46,PUCCH,,,,,,,,,,,,,,,,,,1,-inf,"0.000,",,,,,,,,
2026-08-18T10:42:55.820982,8321,0x46,PUCCH,,,,,,,,,,,,,,,,,,2,111.8,"1.000,",,,,,,,,
2026-08-18T10:42:56.690449,8340,0x46,PUCCH,,,,,,,,,,,,,,,,,,1,-inf,"0.000,",,,,,,,,
2026-08-18T10:42:57.341194,8360,0x46,PUCCH,,,,,,,,,,,,,,,,,,1,-inf,"0.000,",,,,,,,,
2026-08-18T10:42:57.373980,8361,0x46,PUCCH,,,,,,,,,,,,,,,,,,2,111.8,"1.000,",,,,,,,,
2026-08-18T10:42:58.122758,8380,0x46,PUCCH,,,,,,,,,,,,,,,,,,1,-inf,"0.000,",,,,,,,,
2026-08-18T10:42:59.231318,8400,0x46,PUCCH,,,,,,,,,,,,,,,,,,1,-inf,"0.000,",,,,,,,,
2026-08-18T10:42:59.269164,8401,0x46,PUCCH,,,,,,,,,,,,,,,,,,2,111.8,"1.000,",,,,,,,,
2026-08-18T10:43:00.264289,8420,0x46,PUCCH,,,,,,,,,,,,,,,,,,1,-inf,"0.000,",,,,,,,,
2026-08-18T10:43:01.162033,8440,0x46,PUCCH,,,,,,,,,,,,,,,,,,1,-inf,"0.000,",,,,,,,,
2026-08-18T10:43:01.192510,8441,0x46,PUCCH,,,,,,,,,,,,,,,,,,2,111.8,"1.000,",,,,,,,,
2026-08-18T10:43:01.901094,8460,0x46,PUCCH,,,,,,,,,,,,,,,,,,1,-inf,"0.000,",,,,,,,,
2026-08-18T10:43:02.844566,8480,0x46,PUCCH,,,,,,,,,,,,,,,,,,1,-inf,"0.000,",,,,,,,,
2026-08-18T10:43:02.886397,8481,0x46,PUCCH,,,,,,,,,,,,,,,,,,2,111.8,"1.000,",,,,,,,,
2026-08-18T10:43:03.505805,8500,0x46,PUCCH,,,,,,,,,,,,,,,,,,1,-inf,"0.000,",,,,,,,,
2026-08-18T10:43:04.319286,8520,0x46,PUCCH,,,,,,,,,,,,,,,,,,1,-inf,"0.000,",,,,,,,,
2026-08-18T10:43:04.359579,8521,0x46,PUCCH,,,,,,,,,,,,,,,,,,2,111.8,"1.000,",,,,,,,,
2026-08-18T10:43:05.379187,8540,0x46,PUCCH,,,,,,,,,,,,,,,,,,1,-inf,"0.000,",,,,,,,,
2026-08-18T10:43:06.192309,8560,0x46,PUCCH,,,,,,,,,,,,,,,,,,1,-inf,"0.000,",,,,,,,,
2026-08-18T10:43:06.251428,8561,0x46,PUCCH,,,,,,,,,,,,,,,,,,2,111.8,"1.000,",,,,,,,,
2026-08-18T10:43:06.940753,8580,0x46,PUCCH,,,,,,,,,,,,,,,,,,1,-inf,"0.000,",,,,,,,,
2026-08-18T10:43:07.692132,8600,0x46,PUCCH,,,,,,,,,,,,,,,,,,1,-inf,"0.000,",,,,,,,,
2026-08-18T10:43:07.762584,8601,0x46,PUCCH,,,,,,,,,,,,,,,,,,2,111.8,"1.000,",,,,,,,,
2026-08-18T10:43:08.582566,8620,0x46,PUCCH,,,,,,,,,,,,,,,,,,1,-inf,"0.000,",,,,,,,,
2026-08-18T10:43:09.360906,8640,0x46,PUCCH,,,,,,,,,,,,,,,,,,1,-inf,"0.000,",,,,,,,,
2026-08-18T10:43:09.403884,8641,0x46,PUCCH,,,,,,,,,,,,,,,,,,2,111.8,"1.000,",,,,,,,,
2026-08-18T10:43:10.172290,8660,0x46,PUCCH,,,,,,,,,,,,,,,,,,1,-inf,"0.000,",,,,,,,,
2026-08-18T10:43:11.196583,8680,0x46,PUCCH,,,,,,,,,,,,,,,,,,1,-inf,"0.000,",,,,,,,,
2026-08-18T10:43:11.234957,8681,0x46,PUCCH,,,,,,,,,,,,,,,,,,2,111.8,"1.000,",,,,,,,,
2026-08-18T10:43:12.024961,8700,0x46,PUCCH,,,,,,,,,,,,,,,,,,1,-inf,"0.000,",,,,,,,,
2026-08-18T10:43:13.016512,8720,0x46,PUCCH,,,,,,,,,,,,,,,,,,1,-inf,"0.000,",,,,,,,,
2026-08-18T10:43:13.055732,8721,0x46,PUCCH,,,,,,,,,,,,,,,,,,2,111.8,"1.000,",,,,,,,,
2026-08-18T10:43:13.922497,8740,0x46,PUCCH,,,,,,,,,,,,,,,,,,1,-inf,"0.000,",,,,,,,,
2026-08-18T10:43:15.106300,8760,0x46,PUCCH,,,,,,,,,,,,,,,,,,1,-inf,"0.000,",,,,,,,,
2026-08-18T10:43:15.164796,8761,0x46,PUCCH,,,,,,,,,,,,,,,,,,2,111.8,"1.000,",,,,,,,,
2026-08-18T10:43:15.959829,8780,0x46,PUCCH,,,,,,,,,,,,,,,,,,1,-inf,"0.000,",,,,,,,,
2026-08-18T10:43:17.093949,8800,0x46,PUCCH,,,,,,,,,,,,,,,,,,1,-inf,"0.000,",,,,,,,,
2026-08-18T10:43:17.129416,8801,0x46,PUCCH,,,,,,,,,,,,,,,,,,2,111.8,"1.000,",,,,,,,,
2026-08-18T10:43:17.976362,8820,0x46,PUCCH,,,,,,,,,,,,,,,,,,1,-inf,"0.000,",,,,,,,,
2026-08-18T10:43:18.809390,8840,0x46,PUCCH,,,,,,,,,,,,,,,,,,1,-inf,"0.000,",,,,,,,,
2026-08-18T10:43:18.863268,8841,0x46,PUCCH,,,,,,,,,,,,,,,,,,2,111.8,"1.000,",,,,,,,,
2026-08-18T10:43:19.634885,8860,0x46,PUCCH,,,,,,,,,,,,,,,,,,1,-inf,"0.000,",,,,,,,,
2026-08-18T10:43:20.688016,8880,0x46,PUCCH,,,,,,,,,,,,,,,,,,1,-inf,"0.000,",,,,,,,,
2026-08-18T10:43:20.726281,8881,0x46,PUCCH,,,,,,,,,,,,,,,,,,2,111.8,"1.000,",,,,,,,,
2026-08-18T10:43:21.556474,8900,0x46,PUCCH,,,,,,,,,,,,,,,,,,1,-inf,"0.000,",,,,,,,,
2026-08-18T10:43:22.189902,8920,0x46,PUCCH,,,,,,,,,,,,,,,,,,1,-inf,"0.000,",,,,,,,,
2026-08-18T10:43:22.219562,8921,0x46,PUCCH,,,,,,,,,,,,,,,,,,2,111.8,"1.000,",,,,,,,,
2026-08-18T10:43:22.957576,8940,0x46,PUCCH,,,,,,,,,,,,,,,,,,1,-inf,"0.000,",,,,,,,,
2026-08-18T10:43:23.574966,8960,0x46,PUCCH,,,,,,,,,,,,,,,,,,1,-inf,"0.000,",,,,,,,,
2026-08-18T10:43:23.646028,8961,0x46,PUCCH,,,,,,,,,,,,,,,,,,2,111.8,"1.000,",,,,,,,,
2026-08-18T10:43:24.286371,8980,0x46,PUCCH,,,,,,,,,,,,,,,,,,1,-inf,"0.000,",,,,,,,,
2026-08-18T10:43:25.067944,9000,0x46,PUCCH,,,,,,,,,,,,,,,,,,1,-inf,"0.000,",,,,,,,,
2026-08-18T10:43:25.125295,9001,0x46,PUCCH,,,,,,,,,,,,,,,,,,2,111.8,"1.000,",,,,,,,,
2026-08-18T10:43:25.841733,9020,0x46,PUCCH,,,,,,,,,,,,,,,,,,1,-inf,"0.000,",,,,,,,,
2026-08-18T10:43:26.624839,9040,0x46,PUCCH,,,,,,,,,,,,,,,,,,1,-inf,"0.000,",,,,,,,,
2026-08-18T10:43:26.660394,9041,0x46,PUCCH,,,,,,,,,,,,,,,,,,2,111.8,"1.000,",,,,,,,,
2026-08-18T10:43:27.649097,9060,0x46,PUCCH,,,,,,,,,,,,,,,,,,1,-inf,"0.000,",,,,,,,,
2026-08-18T10:43:28.345591,9080,0x46,PUCCH,,,,,,,,,,,,,,,,,,1,-inf,"0.000,",,,,,,,,
2026-08-18T10:43:28.377100,9081,0x46,PUCCH,,,,,,,,,,,,,,,,,,2,111.8,"1.000,",,,,,,,,
2026-08-18T10:43:29.201256,9100,0x46,PUCCH,,,,,,,,,,,,,,,,,,1,-inf,"0.000,",,,,,,,,
2026-08-18T10:43:30.187276,9120,0x46,PUCCH,,,,,,,,,,,,,,,,,,1,-inf,"0.000,",,,,,,,,
2026-08-18T10:43:30.229378,9121,0x46,PUCCH,,,,,,,,,,,,,,,,,,2,111.8,"1.000,",,,,,,,,
2026-08-18T10:43:31.236580,9140,0x46,PUCCH,,,,,,,,,,,,,,,,,,1,-inf,"0.000,",,,,,,,,
2026-08-18T10:43:32.008614,9160,0x46,PUCCH,,,,,,,,,,,,,,,,,,1,-inf,"0.000,",,,,,,,,
2026-08-18T10:43:32.072042,9161,0x46,PUCCH,,,,,,,,,,,,,,,,,,2,111.8,"1.000,",,,,,,,,
2026-08-18T10:43:32.943074,9180,0x46,PUCCH,,,,,,,,,,,,,,,,,,1,-inf,"0.000,",,,,,,,,
2026-08-18T10:43:33.962210,9200,0x46,PUCCH,,,,,,,,,,,,,,,,,,1,-inf,"0.000,",,,,,,,,
2026-08-18T10:43:33.994448,9201,0x46,PUCCH,,,,,,,,,,,,,,,,,,2,111.8,"1.000,",,,,,,,,
2026-08-18T10:43:34.977513,9220,0x46,PUCCH,,,,,,,,,,,,,,,,,,1,-inf,"0.000,",,,,,,,,
2026-08-18T10:43:36.042066,9240,0x46,PUCCH,,,,,,,,,,,,,,,,,,1,-inf,"0.000,",,,,,,,,
2026-08-18T10:43:36.092876,9241,0x46,PUCCH,,,,,,,,,,,,,,,,,,2,111.8,"1.000,",,,,,,,,
2026-08-18T10:43:36.899039,9260,0x46,PUCCH,,,,,,,,,,,,,,,,,,1,-inf,"0.000,",,,,,,,,
2026-08-18T10:43:37.525342,9280,0x46,PUCCH,,,,,,,,,,,,,,,,,,1,-inf,"0.000,",,,,,,,,
2026-08-18T10:43:37.564919,9281,0x46,PUCCH,,,,,,,,,,,,,,,,,,2,111.8,"1.000,",,,,,,,,
2026-08-18T10:43:38.596279,9300,0x46,PUCCH,,,,,,,,,,,,,,,,,,1,-inf,"0.000,",,,,,,,,
2026-08-18T10:43:40.113014,9320,0x46,PUCCH,,,,,,,,,,,,,,,,,,1,-inf,"0.000,",,,,,,,,
2026-08-18T10:43:40.157215,9321,0x46,PUCCH,,,,,,,,,,,,,,,,,,2,111.8,"1.000,",,,,,,,,
2026-08-18T10:43:40.975840,9340,0x46,PUCCH,,,,,,,,,,,,,,,,,,1,-inf,"0.000,",,,,,,,,
2026-08-18T10:43:42.111408,9360,0x46,PUCCH,,,,,,,,,,,,,,,,,,1,-inf,"0.000,",,,,,,,,
2026-08-18T10:43:42.153286,9361,0x46,PUCCH,,,,,,,,,,,,,,,,,,2,111.8,"1.000,",,,,,,,,
2026-08-18T10:43:42.836962,9380,0x46,PUCCH,,,,,,,,,,,,,,,,,,1,-inf,"0.000,",,,,,,,,
2026-08-18T10:43:43.707628,9400,0x46,PUCCH,,,,,,,,,,,,,,,,,,1,-inf,"0.000,",,,,,,,,
2026-08-18T10:43:43.752970,9401,0x46,PUCCH,,,,,,,,,,,,,,,,,,2,111.8,"1.000,",,,,,,,,
2026-08-18T10:43:44.607108,9420,0x46,PUCCH,,,,,,,,,,,,,,,,,,1,-inf,"0.000,",,,,,,,,
2026-08-18T10:43:45.368125,9440,0x46,PUCCH,,,,,,,,,,,,,,,,,,1,-inf,"0.000,",,,,,,,,
2026-08-18T10:43:45.420605,9441,0x46,PUCCH,,,,,,,,,,,,,,,,,,2,111.8,"1.000,",,,,,,,,
2026-08-18T10:43:46.283449,9460,0x46,PUCCH,,,,,,,,,,,,,,,,,,1,-inf,"0.000,",,,,,,,,
2026-08-18T10:43:47.166828,9480,0x46,PUCCH,,,,,,,,,,,,,,,,,,1,-inf,"0.000,",,,,,,,,
2026-08-18T10:43:47.230544,9481,0x46,PUCCH,,,,,,,,,,,,,,,,,,2,111.8,"1.000,",,,,,,,,
2026-08-18T10:43:48.114911,9500,0x46,PUCCH,,,,,,,,,,,,,,,,,,1,-inf,"0.000,",,,,,,,,
2026-08-18T10:43:49.414976,9520,0x46,PUCCH,,,,,,,,,,,,,,,,,,1,-inf,"0.000,",,,,,,,,
2026-08-18T10:43:49.475664,9521,0x46,PUCCH,,,,,,,,,,,,,,,,,,2,111.8,"1.000,",,,,,,,,
2026-08-18T10:43:50.160380,9540,0x46,PUCCH,,,,,,,,,,,,,,,,,,1,-inf,"0.000,",,,,,,,,
2026-08-18T10:43:50.934065,9560,0x46,PUCCH,,,,,,,,,,,,,,,,,,1,-inf,"0.000,",,,,,,,,
2026-08-18T10:43:50.986071,9561,0x46,PUCCH,,,,,,,,,,,,,,,,,,2,111.8,"1.000,",,,,,,,,
2026-08-18T10:43:51.783392,9580,0x46,PUCCH,,,,,,,,,,,,,,,,,,1,-inf,"0.000,",,,,,,,,
2026-08-18T10:43:52.671878,9600,0x46,PUCCH,,,,,,,,,,,,,,,,,,1,-inf,"0.000,",,,,,,,,
2026-08-18T10:43:52.705115,9601,0x46,PUCCH,,,,,,,,,,,,,,,,,,2,111.8,"1.000,",,,,,,,,
2026-08-18T10:43:53.504250,9620,0x46,PUCCH,,,,,,,,,,,,,,,,,,1,-inf,"0.000,",,,,,,,,
2026-08-18T10:43:54.431790,9640,0x46,PUCCH,,,,,,,,,,,,,,,,,,1,-inf,"0.000,",,,,,,,,
2026-08-18T10:43:54.463082,9641,0x46,PUCCH,,,,,,,,,,,,,,,,,,2,111.8,"1.000,",,,,,,,,
2026-08-18T10:43:55.245273,9660,0x46,PUCCH,,,,,,,,,,,,,,,,,,1,-inf,"0.000,",,,,,,,,
2026-08-18T10:43:56.009612,9680,0x46,PUCCH,,,,,,,,,,,,,,,,,,1,-inf,"0.000,",,,,,,,,
2026-08-18T10:43:56.036944,9681,0x46,PUCCH,,,,,,,,,,,,,,,,,,2,111.8,"1.000,",,,,,,,,
2026-08-18T10:43:56.773196,9700,0x46,PUCCH,,,,,,,,,,,,,,,,,,1,-inf,"0.000,",,,,,,,,
2026-08-18T10:43:58.039709,9720,0x46,PUCCH,,,,,,,,,,,,,,,,,,1,-inf,"0.000,",,,,,,,,
2026-08-18T10:43:58.087535,9721,0x46,PUCCH,,,,,,,,,,,,,,,,,,2,111.8,"1.000,",,,,,,,,
2026-08-18T10:43:59.037695,9740,0x46,PUCCH,,,,,,,,,,,,,,,,,,1,-inf,"0.000,",,,,,,,,
2026-08-18T10:43:59.990593,9760,0x46,PUCCH,,,,,,,,,,,,,,,,,,1,-inf,"0.000,",,,,,,,,
2026-08-18T10:44:00.022009,9761,0x46,PUCCH,,,,,,,,,,,,,,,,,,2,111.8,"1.000,",,,,,,,,
2026-08-18T10:44:00.808527,9780,0x46,PUCCH,,,,,,,,,,,,,,,,,,1,-inf,"0.000,",,,,,,,,
2026-08-18T10:44:01.442125,9800,0x46,PUCCH,,,,,,,,,,,,,,,,,,1,-inf,"0.000,",,,,,,,,
2026-08-18T10:44:01.462517,9801,0x46,PUCCH,,,,,,,,,,,,,,,,,,2,111.8,"1.000,",,,,,,,,
2026-08-18T10:44:02.218418,9820,0x46,PUCCH,,,,,,,,,,,,,,,,,,1,-inf,"0.000,",,,,,,,,
2026-08-18T10:44:03.266116,9840,0x46,PUCCH,,,,,,,,,,,,,,,,,,1,-inf,"0.000,",,,,,,,,
2026-08-18T10:44:03.303909,9841,0x46,PUCCH,,,,,,,,,,,,,,,,,,2,111.8,"1.000,",,,,,,,,
2026-08-18T10:44:04.147219,9860,0x46,PUCCH,,,,,,,,,,,,,,,,,,1,-inf,"0.000,",,,,,,,,
2026-08-18T10:44:05.097779,9880,0x46,PUCCH,,,,,,,,,,,,,,,,,,1,-inf,"0.000,",,,,,,,,
2026-08-18T10:44:05.127749,9881,0x46,PUCCH,,,,,,,,,,,,,,,,,,2,111.8,"1.000,",,,,,,,,
2026-08-18T10:44:05.851483,9900,0x46,PUCCH,,,,,,,,,,,,,,,,,,1,-inf,"0.000,",,,,,,,,
2026-08-18T10:44:06.622954,9920,0x46,PUCCH,,,,,,,,,,,,,,,,,,1,-inf,"0.000,",,,,,,,,
2026-08-18T10:44:06.664998,9921,0x46,PUCCH,,,,,,,,,,,,,,,,,,2,111.8,"1.000,",,,,,,,,
2026-08-18T10:44:07.941441,9940,0x46,PUCCH,,,,,,,,,,,,,,,,,,1,-inf,"0.000,",,,,,,,,
2026-08-18T10:44:08.794816,9960,0x46,PUCCH,,,,,,,,,,,,,,,,,,1,-inf,"0.000,",,,,,,,,
2026-08-18T10:44:08.839139,9961,0x46,PUCCH,,,,,,,,,,,,,,,,,,2,111.8,"1.000,",,,,,,,,
2026-08-18T10:44:09.590684,9980,0x46,PUCCH,,,,,,,,,,,,,,,,,,1,-inf,"0.000,",,,,,,,,
2026-08-18T10:44:10.342309,10000,0x46,PUCCH,,,,,,,,,,,,,,,,,,1,-inf,"0.000,",,,,,,,,
2026-08-18T10:44:10.385856,10001,0x46,PUCCH,,,,,,,,,,,,,,,,,,2,111.8,"1.000,",,,,,,,,
2026-08-18T10:44:11.221634,10020,0x46,PUCCH,,,,,,,,,,,,,,,,,,1,-inf,"0.000,",,,,,,,,
2026-08-18T10:44:12.175287,10040,0x46,PUCCH,,,,,,,,,,,,,,,,,,1,-inf,"0.000,",,,,,,,,
2026-08-18T10:44:12.224583,10041,0x46,PUCCH,,,,,,,,,,,,,,,,,,2,111.8,"1.000,",,,,,,,,
2026-08-18T10:44:13.060602,10060,0x46,PUCCH,,,,,,,,,,,,,,,,,,1,-inf,"0.000,",,,,,,,,
2026-08-18T10:44:14.101711,10080,0x46,PUCCH,,,,,,,,,,,,,,,,,,1,-inf,"0.000,",,,,,,,,
2026-08-18T10:44:14.135909,10081,0x46,PUCCH,,,,,,,,,,,,,,,,,,2,111.8,"1.000,",,,,,,,,
2026-08-18T10:44:14.859053,10100,0x46,PUCCH,,,,,,,,,,,,,,,,,,1,-inf,"0.000,",,,,,,,,
2026-08-18T10:44:15.562258,10120,0x46,PUCCH,,,,,,,,,,,,,,,,,,1,-inf,"0.000,",,,,,,,,
2026-08-18T10:44:15.599804,10121,0x46,PUCCH,,,,,,,,,,,,,,,,,,2,111.8,"1.000,",,,,,,,,
2026-08-18T10:44:16.371155,10140,0x46,PUCCH,,,,,,,,,,,,,,,,,,1,-inf,"0.000,",,,,,,,,
2026-08-18T10:44:16.985934,10160,0x46,PUCCH,,,,,,,,,,,,,,,,,,1,-inf,"0.000,",,,,,,,,
2026-08-18T10:44:17.016837,10161,0x46,PUCCH,,,,,,,,,,,,,,,,,,2,111.8,"1.000,",,,,,,,,
2026-08-18T10:44:17.657510,10180,0x46,PUCCH,,,,,,,,,,,,,,,,,,1,-inf,"0.000,",,,,,,,,
2026-08-18T10:44:18.386801,10200,0x46,PUCCH,,,,,,,,,,,,,,,,,,1,-inf,"0.000,",,,,,,,,
2026-08-18T10:44:18.420775,10201,0x46,PUCCH,,,,,,,,,,,,,,,,,,2,111.8,"1.000,",,,,,,,,
2026-08-18T10:44:19.171531,10220,0x46,PUCCH,,,,,,,,,,,,,,,,,,1,-inf,"0.000,",,,,,,,,
2026-08-18T10:44:19.818460,0,0x46,PUCCH,,,,,,,,,,,,,,,,,,1,-inf,"0.000,",,,,,,,,
2026-08-18T10:44:20.079858,1,0x46,PUCCH,,,,,,,,,,,,,,,,,,2,111.8,"1.000,",,,,,,,,
2026-08-18T10:44:20.890280,20,0x46,PUCCH,,,,,,,,,,,,,,,,,,1,-inf,"0.000,",,,,,,,,
2026-08-18T10:44:21.577180,40,0x46,PUCCH,,,,,,,,,,,,,,,,,,1,-inf,"0.000,",,,,,,,,
2026-08-18T10:44:21.616312,41,0x46,PUCCH,,,,,,,,,,,,,,,,,,2,111.8,"1.000,",,,,,,,,
2026-08-18T10:44:22.394612,60,0x46,PUCCH,,,,,,,,,,,,,,,,,,1,-inf,"0.000,",,,,,,,,
2026-08-18T10:44:23.433009,80,0x46,PUCCH,,,,,,,,,,,,,,,,,,1,-inf,"0.000,",,,,,,,,
2026-08-18T10:44:23.479709,81,0x46,PUCCH,,,,,,,,,,,,,,,,,,2,111.8,"1.000,",,,,,,,,
2026-08-18T10:44:24.205876,100,0x46,PUCCH,,,,,,,,,,,,,,,,,,1,-inf,"0.000,",,,,,,,,
2026-08-18T10:44:24.985389,120,0x46,PUCCH,,,,,,,,,,,,,,,,,,1,-inf,"0.000,",,,,,,,,
2026-08-18T10:44:25.027543,121,0x46,PUCCH,,,,,,,,,,,,,,,,,,2,111.8,"1.000,",,,,,,,,
2026-08-18T10:44:25.837352,140,0x46,PUCCH,,,,,,,,,,,,,,,,,,1,-inf,"0.000,",,,,,,,,
2026-08-18T10:44:26.716333,160,0x46,PUCCH,,,,,,,,,,,,,,,,,,1,-inf,"0.000,",,,,,,,,
2026-08-18T10:44:26.763972,161,0x46,PUCCH,,,,,,,,,,,,,,,,,,2,111.8,"1.000,",,,,,,,,
2026-08-18T10:44:27.388462,180,0x46,PUCCH,,,,,,,,,,,,,,,,,,1,-inf,"0.000,",,,,,,,,
2026-08-18T10:44:28.080128,200,0x46,PUCCH,,,,,,,,,,,,,,,,,,1,-inf,"0.000,",,,,,,,,
2026-08-18T10:44:28.118150,201,0x46,PUCCH,,,,,,,,,,,,,,,,,,2,111.8,"1.000,",,,,,,,,
2026-08-18T10:44:28.856732,220,0x46,PUCCH,,,,,,,,,,,,,,,,,,1,-inf,"0.000,",,,,,,,,
2026-08-18T10:44:29.682362,240,0x46,PUCCH,,,,,,,,,,,,,,,,,,1,-inf,"0.000,",,,,,,,,
2026-08-18T10:44:29.723201,241,0x46,PUCCH,,,,,,,,,,,,,,,,,,2,111.8,"1.000,",,,,,,,,
2026-08-18T10:44:30.598710,260,0x46,PUCCH,,,,,,,,,,,,,,,,,,1,-inf,"0.000,",,,,,,,,
2026-08-18T10:44:31.459044,280,0x46,PUCCH,,,,,,,,,,,,,,,,,,1,-inf,"0.000,",,,,,,,,
2026-08-18T10:44:31.497361,281,0x46,PUCCH,,,,,,,,,,,,,,,,,,2,111.8,"1.000,",,,,,,,,
2026-08-18T10:44:32.299817,300,0x46,PUCCH,,,,,,,,,,,,,,,,,,1,-inf,"0.000,",,,,,,,,
2026-08-18T10:44:33.508743,320,0x46,PUCCH,,,,,,,,,,,,,,,,,,1,-inf,"0.000,",,,,,,,,
2026-08-18T10:44:33.551243,321,0x46,PUCCH,,,,,,,,,,,,,,,,,,2,111.8,"1.000,",,,,,,,,
2026-08-18T10:44:34.497517,340,0x46,PUCCH,,,,,,,,,,,,,,,,,,1,-inf,"0.000,",,,,,,,,
2026-08-18T10:44:35.395450,360,0x46,PUCCH,,,,,,,,,,,,,,,,,,1,-inf,"0.000,",,,,,,,,
2026-08-18T10:44:35.448187,361,0x46,PUCCH,,,,,,,,,,,,,,,,,,2,111.8,"1.000,",,,,,,,,
2026-08-18T10:44:36.699751,380,0x46,PUCCH,,,,,,,,,,,,,,,,,,1,-inf,"0.000,",,,,,,,,
2026-08-18T10:44:38.483973,400,0x46,PUCCH,,,,,,,,,,,,,,,,,,1,-inf,"0.000,",,,,,,,,
2026-08-18T10:44:38.513506,401,0x46,PUCCH,,,,,,,,,,,,,,,,,,2,111.8,"1.000,",,,,,,,,
2026-08-18T10:44:39.430193,420,0x46,PUCCH,,,,,,,,,,,,,,,,,,1,-inf,"0.000,",,,,,,,,
2026-08-18T10:44:40.707899,440,0x46,PUCCH,,,,,,,,,,,,,,,,,,1,-inf,"0.000,",,,,,,,,
2026-08-18T10:44:40.758702,441,0x46,PUCCH,,,,,,,,,,,,,,,,,,2,111.8,"1.000,",,,,,,,,
2026-08-18T10:44:41.598956,460,0x46,PUCCH,,,,,,,,,,,,,,,,,,1,-inf,"0.000,",,,,,,,,
2026-08-18T10:44:42.561142,480,0x46,PUCCH,,,,,,,,,,,,,,,,,,1,-inf,"0.000,",,,,,,,,
2026-08-18T10:44:42.597069,481,0x46,PUCCH,,,,,,,,,,,,,,,,,,2,111.8,"1.000,",,,,,,,,
2026-08-18T10:44:43.268327,500,0x46,PUCCH,,,,,,,,,,,,,,,,,,1,-inf,"0.000,",,,,,,,,
2026-08-18T10:44:44.139216,520,0x46,PUCCH,,,,,,,,,,,,,,,,,,1,-inf,"0.000,",,,,,,,,
2026-08-18T10:44:44.179339,521,0x46,PUCCH,,,,,,,,,,,,,,,,,,2,111.8,"1.000,",,,,,,,,
2026-08-18T10:44:44.922916,540,0x46,PUCCH,,,,,,,,,,,,,,,,,,1,-inf,"0.000,",,,,,,,,
2026-08-18T10:44:45.604029,560,0x46,PUCCH,,,,,,,,,,,,,,,,,,1,-inf,"0.000,",,,,,,,,
2026-08-18T10:44:45.642982,561,0x46,PUCCH,,,,,,,,,,,,,,,,,,2,111.8,"1.000,",,,,,,,,
2026-08-18T10:44:46.175662,580,0x46,PUCCH,,,,,,,,,,,,,,,,,,1,-inf,"0.000,",,,,,,,,
2026-08-18T10:44:46.871136,600,0x46,PUCCH,,,,,,,,,,,,,,,,,,1,-inf,"0.000,",,,,,,,,
2026-08-18T10:44:46.897654,601,0x46,PUCCH,,,,,,,,,,,,,,,,,,2,111.8,"1.000,",,,,,,,,
2026-08-18T10:44:47.702191,620,0x46,PUCCH,,,,,,,,,,,,,,,,,,1,-inf,"0.000,",,,,,,,,
2026-08-18T10:44:48.573701,640,0x46,PUCCH,,,,,,,,,,,,,,,,,,1,-inf,"0.000,",,,,,,,,
2026-08-18T10:44:48.631141,641,0x46,PUCCH,,,,,,,,,,,,,,,,,,2,111.8,"1.000,",,,,,,,,
2026-08-18T10:44:49.356545,660,0x46,PUCCH,,,,,,,,,,,,,,,,,,1,-inf,"0.000,",,,,,,,,
2026-08-18T10:44:50.092955,680,0x46,PUCCH,,,,,,,,,,,,,,,,,,1,-inf,"0.000,",,,,,,,,
2026-08-18T10:44:50.130738,681,0x46,PUCCH,,,,,,,,,,,,,,,,,,2,111.8,"1.000,",,,,,,,,
2026-08-18T10:44:50.878556,700,0x46,PUCCH,,,,,,,,,,,,,,,,,,1,-inf,"0.000,",,,,,,,,
2026-08-18T10:44:51.612298,720,0x46,PUCCH,,,,,,,,,,,,,,,,,,1,-inf,"0.000,",,,,,,,,
2026-08-18T10:44:51.651351,721,0x46,PUCCH,,,,,,,,,,,,,,,,,,2,111.8,"1.000,",,,,,,,,
2026-08-18T10:44:52.373947,740,0x46,PUCCH,,,,,,,,,,,,,,,,,,1,-inf,"0.000,",,,,,,,,
2026-08-18T10:44:53.193864,760,0x46,PUCCH,,,,,,,,,,,,,,,,,,1,-inf,"0.000,",,,,,,,,
2026-08-18T10:44:53.222325,761,0x46,PUCCH,,,,,,,,,,,,,,,,,,2,111.8,"1.000,",,,,,,,,
2026-08-18T10:44:53.777479,780,0x46,PUCCH,,,,,,,,,,,,,,,,,,1,-inf,"0.000,",,,,,,,,
2026-08-18T10:44:54.574184,800,0x46,PUCCH,,,,,,,,,,,,,,,,,,1,-inf,"0.000,",,,,,,,,
2026-08-18T10:44:54.596170,801,0x46,PUCCH,,,,,,,,,,,,,,,,,,2,111.8,"1.000,",,,,,,,,
2026-08-18T10:44:55.267447,820,0x46,PUCCH,,,,,,,,,,,,,,,,,,1,-inf,"0.000,",,,,,,,,
2026-08-18T10:44:55.973677,840,0x46,PUCCH,,,,,,,,,,,,,,,,,,1,-inf,"0.000,",,,,,,,,
2026-08-18T10:44:56.012557,841,0x46,PUCCH,,,,,,,,,,,,,,,,,,2,111.8,"1.000,",,,,,,,,
2026-08-18T10:44:56.712540,860,0x46,PUCCH,,,,,,,,,,,,,,,,,,1,-inf,"0.000,",,,,,,,,
2026-08-18T10:44:57.737465,880,0x46,PUCCH,,,,,,,,,,,,,,,,,,1,-inf,"0.000,",,,,,,,,
2026-08-18T10:44:57.789874,881,0x46,PUCCH,,,,,,,,,,,,,,,,,,2,111.8,"1.000,",,,,,,,,
2026-08-18T10:44:58.593266,900,0x46,PUCCH,,,,,,,,,,,,,,,,,,1,-inf,"0.000,",,,,,,,,
2026-08-18T10:44:59.794979,920,0x46,PUCCH,,,,,,,,,,,,,,,,,,1,-inf,"0.000,",,,,,,,,
2026-08-18T10:44:59.865916,921,0x46,PUCCH,,,,,,,,,,,,,,,,,,2,111.8,"1.000,",,,,,,,,
2026-08-18T10:45:00.555105,940,0x46,PUCCH,,,,,,,,,,,,,,,,,,1,-inf,"0.000,",,,,,,,,
2026-08-18T10:45:01.283947,960,0x46,PUCCH,,,,,,,,,,,,,,,,,,1,-inf,"0.000,",,,,,,,,
2026-08-18T10:45:01.315798,961,0x46,PUCCH,,,,,,,,,,,,,,,,,,2,111.8,"1.000,",,,,,,,,
2026-08-18T10:45:01.999771,980,0x46,PUCCH,,,,,,,,,,,,,,,,,,1,-inf,"0.000,",,,,,,,,
2026-08-18T10:45:02.767667,1000,0x46,PUCCH,,,,,,,,,,,,,,,,,,1,-inf,"0.000,",,,,,,,,
2026-08-18T10:45:02.808515,1001,0x46,PUCCH,,,,,,,,,,,,,,,,,,2,111.8,"1.000,",,,,,,,,
2026-08-18T10:45:03.604433,1020,0x46,PUCCH,,,,,,,,,,,,,,,,,,1,-inf,"0.000,",,,,,,,,
2026-08-18T10:45:04.373430,1040,0x46,PUCCH,,,,,,,,,,,,,,,,,,1,-inf,"0.000,",,,,,,,,
2026-08-18T10:45:04.410953,1041,0x46,PUCCH,,,,,,,,,,,,,,,,,,2,111.8,"1.000,",,,,,,,,
2026-08-18T10:45:05.210913,1060,0x46,PUCCH,,,,,,,,,,,,,,,,,,1,-inf,"0.000,",,,,,,,,
2026-08-18T10:45:05.888672,1080,0x46,PUCCH,,,,,,,,,,,,,,,,,,1,-inf,"0.000,",,,,,,,,
2026-08-18T10:45:05.945286,1081,0x46,PUCCH,,,,,,,,,,,,,,,,,,2,111.8,"1.000,",,,,,,,,
2026-08-18T10:45:06.951138,1100,0x46,PUCCH,,,,,,,,,,,,,,,,,,1,-inf,"0.000,",,,,,,,,
2026-08-18T10:45:07.619272,1120,0x46,PUCCH,,,,,,,,,,,,,,,,,,1,-inf,"0.000,",,,,,,,,
2026-08-18T10:45:07.661847,1121,0x46,PUCCH,,,,,,,,,,,,,,,,,,2,111.8,"1.000,",,,,,,,,
2026-08-18T10:45:08.444800,1140,0x46,PUCCH,,,,,,,,,,,,,,,,,,1,-inf,"0.000,",,,,,,,,
2026-08-18T10:45:09.127064,1160,0x46,PUCCH,,,,,,,,,,,,,,,,,,1,-inf,"0.000,",,,,,,,,
2026-08-18T10:45:09.172717,1161,0x46,PUCCH,,,,,,,,,,,,,,,,,,2,111.8,"1.000,",,,,,,,,
2026-08-18T10:45:10.003088,1180,0x46,PUCCH,,,,,,,,,,,,,,,,,,1,-inf,"0.000,",,,,,,,,
2026-08-18T10:45:10.825348,1200,0x46,PUCCH,,,,,,,,,,,,,,,,,,1,-inf,"0.000,",,,,,,,,
2026-08-18T10:45:10.854365,1201,0x46,PUCCH,,,,,,,,,,,,,,,,,,2,111.8,"1.000,",,,,,,,,
2026-08-18T10:45:11.555369,1220,0x46,PUCCH,,,,,,,,,,,,,,,,,,1,-inf,"0.000,",,,,,,,,
2026-08-18T10:45:12.173204,1240,0x46,PUCCH,,,,,,,,,,,,,,,,,,1,-inf,"0.000,",,,,,,,,
2026-08-18T10:45:12.200474,1241,0x46,PUCCH,,,,,,,,,,,,,,,,,,2,111.8,"1.000,",,,,,,,,
2026-08-18T10:45:12.957110,1260,0x46,PUCCH,,,,,,,,,,,,,,,,,,1,-inf,"0.000,",,,,,,,,
2026-08-18T10:45:13.968570,1280,0x46,PUCCH,,,,,,,,,,,,,,,,,,1,-inf,"0.000,",,,,,,,,
2026-08-18T10:45:14.008538,1281,0x46,PUCCH,,,,,,,,,,,,,,,,,,2,111.8,"1.000,",,,,,,,,
2026-08-18T10:45:14.910462,1300,0x46,PUCCH,,,,,,,,,,,,,,,,,,1,-inf,"0.000,",,,,,,,,
2026-08-18T10:45:15.816842,1320,0x46,PUCCH,,,,,,,,,,,,,,,,,,1,-inf,"0.000,",,,,,,,,
2026-08-18T10:45:15.868026,1321,0x46,PUCCH,,,,,,,,,,,,,,,,,,2,111.8,"1.000,",,,,,,,,
2026-08-18T10:45:16.805720,1340,0x46,PUCCH,,,,,,,,,,,,,,,,,,1,-inf,"0.000,",,,,,,,,
2026-08-18T10:45:17.643033,1360,0x46,PUCCH,,,,,,,,,,,,,,,,,,1,-inf,"0.000,",,,,,,,,
2026-08-18T10:45:17.681019,1361,0x46,PUCCH,,,,,,,,,,,,,,,,,,2,111.8,"1.000,",,,,,,,,
2026-08-18T10:45:18.567804,1380,0x46,PUCCH,,,,,,,,,,,,,,,,,,1,-inf,"0.000,",,,,,,,,
2026-08-18T10:45:19.313689,1400,0x46,PUCCH,,,,,,,,,,,,,,,,,,1,-inf,"0.000,",,,,,,,,
2026-08-18T10:45:19.339845,1401,0x46,PUCCH,,,,,,,,,,,,,,,,,,2,111.8,"1.000,",,,,,,,,
2026-08-18T10:45:20.000756,1420,0x46,PUCCH,,,,,,,,,,,,,,,,,,1,-inf,"0.000,",,,,,,,,
2026-08-18T10:45:21.166088,1440,0x46,PUCCH,,,,,,,,,,,,,,,,,,1,-inf,"0.000,",,,,,,,,
2026-08-18T10:45:21.229486,1441,0x46,PUCCH,,,,,,,,,,,,,,,,,,2,111.8,"1.000,",,,,,,,,
2026-08-18T10:45:22.017995,1460,0x46,PUCCH,,,,,,,,,,,,,,,,,,1,-inf,"0.000,",,,,,,,,
2026-08-18T10:45:22.747673,1480,0x46,PUCCH,,,,,,,,,,,,,,,,,,1,-inf,"0.000,",,,,,,,,
2026-08-18T10:45:22.776071,1481,0x46,PUCCH,,,,,,,,,,,,,,,,,,2,111.8,"1.000,",,,,,,,,
2026-08-18T10:45:23.494937,1500,0x46,PUCCH,,,,,,,,,,,,,,,,,,1,-inf,"0.000,",,,,,,,,
2026-08-18T10:45:24.472725,1520,0x46,PUCCH,,,,,,,,,,,,,,,,,,1,-inf,"0.000,",,,,,,,,
2026-08-18T10:45:24.511308,1521,0x46,PUCCH,,,,,,,,,,,,,,,,,,2,111.8,"1.000,",,,,,,,,
2026-08-18T10:45:25.367163,1540,0x46,PUCCH,,,,,,,,,,,,,,,,,,1,-inf,"0.000,",,,,,,,,
2026-08-18T10:45:26.169967,1560,0x46,PUCCH,,,,,,,,,,,,,,,,,,1,-inf,"0.000,",,,,,,,,
2026-08-18T10:45:26.219475,1561,0x46,PUCCH,,,,,,,,,,,,,,,,,,2,111.8,"1.000,",,,,,,,,
2026-08-18T10:45:27.109512,1580,0x46,PUCCH,,,,,,,,,,,,,,,,,,1,-inf,"0.000,",,,,,,,,
2026-08-18T10:45:27.882824,1600,0x46,PUCCH,,,,,,,,,,,,,,,,,,1,-inf,"0.000,",,,,,,,,
2026-08-18T10:45:27.913592,1601,0x46,PUCCH,,,,,,,,,,,,,,,,,,2,111.8,"1.000,",,,,,,,,
2026-08-18T10:45:28.588961,1620,0x46,PUCCH,,,,,,,,,,,,,,,,,,1,-inf,"0.000,",,,,,,,,
2026-08-18T10:45:29.353336,1640,0x46,PUCCH,,,,,,,,,,,,,,,,,,1,-inf,"0.000,",,,,,,,,
2026-08-18T10:45:29.384320,1641,0x46,PUCCH,,,,,,,,,,,,,,,,,,2,111.8,"1.000,",,,,,,,,
2026-08-18T10:45:29.959887,1660,0x46,PUCCH,,,,,,,,,,,,,,,,,,1,-inf,"0.000,",,,,,,,,
2026-08-18T10:45:30.667521,1680,0x46,PUCCH,,,,,,,,,,,,,,,,,,1,-inf,"0.000,",,,,,,,,
2026-08-18T10:45:30.697742,1681,0x46,PUCCH,,,,,,,,,,,,,,,,,,2,111.8,"1.000,",,,,,,,,
2026-08-18T10:45:31.690721,1700,0x46,PUCCH,,,,,,,,,,,,,,,,,,1,-inf,"0.000,",,,,,,,,
2026-08-18T10:45:32.679961,1720,0x46,PUCCH,,,,,,,,,,,,,,,,,,1,-inf,"0.000,",,,,,,,,
2026-08-18T10:45:32.727666,1721,0x46,PUCCH,,,,,,,,,,,,,,,,,,2,111.8,"1.000,",,,,,,,,
2026-08-18T10:45:33.402248,1740,0x46,PUCCH,,,,,,,,,,,,,,,,,,1,-inf,"0.000,",,,,,,,,
2026-08-18T10:45:34.683022,1760,0x46,PUCCH,,,,,,,,,,,,,,,,,,1,-inf,"0.000,",,,,,,,,
2026-08-18T10:45:34.764381,1761,0x46,PUCCH,,,,,,,,,,,,,,,,,,2,111.8,"1.000,",,,,,,,,
2026-08-18T10:45:35.656911,1780,0x46,PUCCH,,,,,,,,,,,,,,,,,,1,-inf,"0.000,",,,,,,,,
2026-08-18T10:45:36.978914,1800,0x46,PUCCH,,,,,,,,,,,,,,,,,,1,-inf,"0.000,",,,,,,,,
2026-08-18T10:45:37.028175,1801,0x46,PUCCH,,,,,,,,,,,,,,,,,,2,111.8,"1.000,",,,,,,,,
2026-08-18T10:45:38.041797,1820,0x46,PUCCH,,,,,,,,,,,,,,,,,,1,-inf,"0.000,",,,,,,,,
2026-08-18T10:45:38.658634,1840,0x46,PUCCH,,,,,,,,,,,,,,,,,,1,-inf,"0.000,",,,,,,,,
2026-08-18T10:45:38.682637,1841,0x46,PUCCH,,,,,,,,,,,,,,,,,,2,111.8,"1.000,",,,,,,,,
2026-08-18T10:45:39.137133,1860,0x46,PUCCH,,,,,,,,,,,,,,,,,,1,-inf,"0.000,",,,,,,,,
2026-08-18T10:45:40.046992,1880,0x46,PUCCH,,,,,,,,,,,,,,,,,,1,-inf,"0.000,",,,,,,,,
2026-08-18T10:45:40.079248,1881,0x46,PUCCH,,,,,,,,,,,,,,,,,,2,111.8,"1.000,",,,,,,,,
2026-08-18T10:45:40.935417,1900,0x46,PUCCH,,,,,,,,,,,,,,,,,,1,-inf,"0.000,",,,,,,,,
2026-08-18T10:45:41.718204,1920,0x46,PUCCH,,,,,,,,,,,,,,,,,,1,-inf,"0.000,",,,,,,,,
2026-08-18T10:45:41.746550,1921,0x46,PUCCH,,,,,,,,,,,,,,,,,,2,111.8,"1.000,",,,,,,,,
2026-08-18T10:45:42.680341,1940,0x46,PUCCH,,,,,,,,,,,,,,,,,,1,-inf,"0.000,",,,,,,,,
2026-08-18T10:45:43.506014,1960,0x46,PUCCH,,,,,,,,,,,,,,,,,,1,-inf,"0.000,",,,,,,,,
2026-08-18T10:45:43.534666,1961,0x46,PUCCH,,,,,,,,,,,,,,,,,,2,111.8,"1.000,",,,,,,,,
2026-08-18T10:45:44.706317,1980,0x46,PUCCH,,,,,,,,,,,,,,,,,,1,-inf,"0.000,",,,,,,,,
2026-08-18T10:45:45.644482,2000,0x46,PUCCH,,,,,,,,,,,,,,,,,,1,-inf,"0.000,",,,,,,,,
2026-08-18T10:45:45.684672,2001,0x46,PUCCH,,,,,,,,,,,,,,,,,,2,111.8,"1.000,",,,,,,,,
2026-08-18T10:45:46.433567,2020,0x46,PUCCH,,,,,,,,,,,,,,,,,,1,-inf,"0.000,",,,,,,,,
2026-08-18T10:45:47.297603,2040,0x46,PUCCH,,,,,,,,,,,,,,,,,,1,-inf,"0.000,",,,,,,,,
2026-08-18T10:45:47.331979,2041,0x46,PUCCH,,,,,,,,,,,,,,,,,,2,111.8,"1.000,",,,,,,,,
2026-08-18T10:45:48.199399,2060,0x46,PUCCH,,,,,,,,,,,,,,,,,,1,-inf,"0.000,",,,,,,,,
2026-08-18T10:45:49.369906,2080,0x46,PUCCH,,,,,,,,,,,,,,,,,,1,-inf,"0.000,",,,,,,,,
2026-08-18T10:45:49.414237,2081,0x46,PUCCH,,,,,,,,,,,,,,,,,,2,111.8,"1.000,",,,,,,,,
2026-08-18T10:45:50.601651,2100,0x46,PUCCH,,,,,,,,,,,,,,,,,,1,-inf,"0.000,",,,,,,,,
2026-08-18T10:45:51.589444,2120,0x46,PUCCH,,,,,,,,,,,,,,,,,,1,-inf,"0.000,",,,,,,,,
2026-08-18T10:45:51.641251,2121,0x46,PUCCH,,,,,,,,,,,,,,,,,,2,111.8,"1.000,",,,,,,,,
2026-08-18T10:45:52.567622,2140,0x46,PUCCH,,,,,,,,,,,,,,,,,,1,-inf,"0.000,",,,,,,,,
2026-08-18T10:45:53.572991,2160,0x46,PUCCH,,,,,,,,,,,,,,,,,,1,-inf,"0.000,",,,,,,,,
2026-08-18T10:45:53.627446,2161,0x46,PUCCH,,,,,,,,,,,,,,,,,,2,111.8,"1.000,",,,,,,,,
2026-08-18T10:45:54.448914,2180,0x46,PUCCH,,,,,,,,,,,,,,,,,,1,-inf,"0.000,",,,,,,,,
2026-08-18T10:45:55.574227,2200,0x46,PUCCH,,,,,,,,,,,,,,,,,,1,-inf,"0.000,",,,,,,,,
2026-08-18T10:45:55.615282,2201,0x46,PUCCH,,,,,,,,,,,,,,,,,,2,111.8,"1.000,",,,,,,,,
2026-08-18T10:45:56.443610,2220,0x46,PUCCH,,,,,,,,,,,,,,,,,,1,-inf,"0.000,",,,,,,,,
2026-08-18T10:45:57.356692,2240,0x46,PUCCH,,,,,,,,,,,,,,,,,,1,-inf,"0.000,",,,,,,,,
2026-08-18T10:45:57.397376,2241,0x46,PUCCH,,,,,,,,,,,,,,,,,,2,111.8,"1.000,",,,,,,,,
2026-08-18T10:45:58.017837,2260,0x46,PUCCH,,,,,,,,,,,,,,,,,,1,-inf,"0.000,",,,,,,,,
2026-08-18T10:45:59.364597,2280,0x46,PUCCH,,,,,,,,,,,,,,,,,,1,-inf,"0.000,",,,,,,,,
2026-08-18T10:45:59.422606,2281,0x46,PUCCH,,,,,,,,,,,,,,,,,,2,111.8,"1.000,",,,,,,,,
2026-08-18T10:46:00.275652,2300,0x46,PUCCH,,,,,,,,,,,,,,,,,,1,-inf,"0.000,",,,,,,,,
2026-08-18T10:46:01.282549,2320,0x46,PUCCH,,,,,,,,,,,,,,,,,,1,-inf,"0.000,",,,,,,,,
2026-08-18T10:46:01.324172,2321,0x46,PUCCH,,,,,,,,,,,,,,,,,,2,111.8,"1.000,",,,,,,,,
2026-08-18T10:46:02.101886,2340,0x46,PUCCH,,,,,,,,,,,,,,,,,,1,-inf,"0.000,",,,,,,,,
2026-08-18T10:46:02.757641,2360,0x46,PUCCH,,,,,,,,,,,,,,,,,,1,-inf,"0.000,",,,,,,,,
2026-08-18T10:46:02.799744,2361,0x46,PUCCH,,,,,,,,,,,,,,,,,,2,111.8,"1.000,",,,,,,,,
2026-08-18T10:46:03.466227,2380,0x46,PUCCH,,,,,,,,,,,,,,,,,,1,-inf,"0.000,",,,,,,,,
2026-08-18T10:46:04.173986,2400,0x46,PUCCH,,,,,,,,,,,,,,,,,,1,-inf,"0.000,",,,,,,,,
2026-08-18T10:46:04.230602,2401,0x46,PUCCH,,,,,,,,,,,,,,,,,,2,111.8,"1.000,",,,,,,,,
2026-08-18T10:46:05.367521,2420,0x46,PUCCH,,,,,,,,,,,,,,,,,,1,-inf,"0.000,",,,,,,,,
2026-08-18T10:46:06.323040,2440,0x46,PUCCH,,,,,,,,,,,,,,,,,,1,-inf,"0.000,",,,,,,,,
2026-08-18T10:46:06.359966,2441,0x46,PUCCH,,,,,,,,,,,,,,,,,,2,111.8,"1.000,",,,,,,,,
2026-08-18T10:46:07.038434,2460,0x46,PUCCH,,,,,,,,,,,,,,,,,,1,-inf,"0.000,",,,,,,,,
2026-08-18T10:46:07.806564,2480,0x46,PUCCH,,,,,,,,,,,,,,,,,,1,-inf,"0.000,",,,,,,,,
2026-08-18T10:46:07.839005,2481,0x46,PUCCH,,,,,,,,,,,,,,,,,,2,111.8,"1.000,",,,,,,,,
2026-08-18T10:46:08.602866,2500,0x46,PUCCH,,,,,,,,,,,,,,,,,,1,-inf,"0.000,",,,,,,,,
2026-08-18T10:46:09.327683,2520,0x46,PUCCH,,,,,,,,,,,,,,,,,,1,-inf,"0.000,",,,,,,,,
2026-08-18T10:46:09.357364,2521,0x46,PUCCH,,,,,,,,,,,,,,,,,,2,111.8,"1.000,",,,,,,,,
2026-08-18T10:46:10.120091,2540,0x46,PUCCH,,,,,,,,,,,,,,,,,,1,-inf,"0.000,",,,,,,,,
2026-08-18T10:46:11.050432,2560,0x46,PUCCH,,,,,,,,,,,,,,,,,,1,-inf,"0.000,",,,,,,,,
2026-08-18T10:46:11.082001,2561,0x46,PUCCH,,,,,,,,,,,,,,,,,,2,111.8,"1.000,",,,,,,,,
2026-08-18T10:46:11.788737,2580,0x46,PUCCH,,,,,,,,,,,,,,,,,,1,-inf,"0.000,",,,,,,,,
2026-08-18T10:46:12.578951,2600,0x46,PUCCH,,,,,,,,,,,,,,,,,,1,-inf,"0.000,",,,,,,,,
2026-08-18T10:46:12.632539,2601,0x46,PUCCH,,,,,,,,,,,,,,,,,,2,111.8,"1.000,",,,,,,,,
2026-08-18T10:46:13.939096,2620,0x46,PUCCH,,,,,,,,,,,,,,,,,,1,-inf,"0.000,",,,,,,,,
2026-08-18T10:46:14.932160,2640,0x46,PUCCH,,,,,,,,,,,,,,,,,,1,-inf,"0.000,",,,,,,,,
2026-08-18T10:46:14.973011,2641,0x46,PUCCH,,,,,,,,,,,,,,,,,,2,111.8,"1.000,",,,,,,,,
2026-08-18T10:46:16.081625,2660,0x46,PUCCH,,,,,,,,,,,,,,,,,,1,-inf,"0.000,",,,,,,,,
2026-08-18T10:46:16.875318,2680,0x46,PUCCH,,,,,,,,,,,,,,,,,,1,-inf,"0.000,",,,,,,,,
2026-08-18T10:46:16.916022,2681,0x46,PUCCH,,,,,,,,,,,,,,,,,,2,111.8,"1.000,",,,,,,,,
2026-08-18T10:46:17.898281,2700,0x46,PUCCH,,,,,,,,,,,,,,,,,,1,-inf,"0.000,",,,,,,,,
2026-08-18T10:46:18.827924,2720,0x46,PUCCH,,,,,,,,,,,,,,,,,,1,-inf,"0.000,",,,,,,,,
2026-08-18T10:46:18.868049,2721,0x46,PUCCH,,,,,,,,,,,,,,,,,,2,111.8,"1.000,",,,,,,,,
2026-08-18T10:46:19.502733,2740,0x46,PUCCH,,,,,,,,,,,,,,,,,,1,-inf,"0.000,",,,,,,,,
2026-08-18T10:46:20.462553,2760,0x46,PUCCH,,,,,,,,,,,,,,,,,,1,-inf,"0.000,",,,,,,,,
2026-08-18T10:46:20.527775,2761,0x46,PUCCH,,,,,,,,,,,,,,,,,,2,111.8,"1.000,",,,,,,,,
2026-08-18T10:46:21.322862,2780,0x46,PUCCH,,,,,,,,,,,,,,,,,,1,-inf,"0.000,",,,,,,,,
2026-08-18T10:46:22.486272,2800,0x46,PUCCH,,,,,,,,,,,,,,,,,,1,-inf,"0.000,",,,,,,,,
2026-08-18T10:46:22.535770,2801,0x46,PUCCH,,,,,,,,,,,,,,,,,,2,111.8,"1.000,",,,,,,,,
2026-08-18T10:46:23.497771,2820,0x46,PUCCH,,,,,,,,,,,,,,,,,,1,-inf,"0.000,",,,,,,,,
2026-08-18T10:46:24.278509,2840,0x46,PUCCH,,,,,,,,,,,,,,,,,,1,-inf,"0.000,",,,,,,,,
2026-08-18T10:46:24.342580,2841,0x46,PUCCH,,,,,,,,,,,,,,,,,,2,111.8,"1.000,",,,,,,,,
2026-08-18T10:46:25.382716,2860,0x46,PUCCH,,,,,,,,,,,,,,,,,,1,-inf,"0.000,",,,,,,,,
2026-08-18T10:46:26.294930,2880,0x46,PUCCH,,,,,,,,,,,,,,,,,,1,-inf,"0.000,",,,,,,,,
2026-08-18T10:46:26.358215,2881,0x46,PUCCH,,,,,,,,,,,,,,,,,,2,111.8,"1.000,",,,,,,,,
2026-08-18T10:46:27.483887,2900,0x46,PUCCH,,,,,,,,,,,,,,,,,,1,-inf,"0.000,",,,,,,,,
2026-08-18T10:46:28.465776,2920,0x46,PUCCH,,,,,,,,,,,,,,,,,,1,-inf,"0.000,",,,,,,,,
2026-08-18T10:46:28.495912,2921,0x46,PUCCH,,,,,,,,,,,,,,,,,,2,111.8,"1.000,",,,,,,,,
2026-08-18T10:46:29.111237,2940,0x46,PUCCH,,,,,,,,,,,,,,,,,,1,-inf,"0.000,",,,,,,,,
2026-08-18T10:46:29.771400,2960,0x46,PUCCH,,,,,,,,,,,,,,,,,,1,-inf,"0.000,",,,,,,,,
2026-08-18T10:46:29.800644,2961,0x46,PUCCH,,,,,,,,,,,,,,,,,,2,111.8,"1.000,",,,,,,,,
2026-08-18T10:46:30.529643,2980,0x46,PUCCH,,,,,,,,,,,,,,,,,,1,-inf,"0.000,",,,,,,,,
2026-08-18T10:46:31.393649,3000,0x46,PUCCH,,,,,,,,,,,,,,,,,,1,-inf,"0.000,",,,,,,,,
2026-08-18T10:46:31.420814,3001,0x46,PUCCH,,,,,,,,,,,,,,,,,,2,111.8,"1.000,",,,,,,,,
2026-08-18T10:46:32.228126,3020,0x46,PUCCH,,,,,,,,,,,,,,,,,,1,-inf,"0.000,",,,,,,,,
2026-08-18T10:46:33.182567,3040,0x46,PUCCH,,,,,,,,,,,,,,,,,,1,-inf,"0.000,",,,,,,,,
2026-08-18T10:46:33.230833,3041,0x46,PUCCH,,,,,,,,,,,,,,,,,,2,111.8,"1.000,",,,,,,,,
2026-08-18T10:46:34.016716,3060,0x46,PUCCH,,,,,,,,,,,,,,,,,,1,-inf,"0.000,",,,,,,,,
2026-08-18T10:46:34.869733,3080,0x46,PUCCH,,,,,,,,,,,,,,,,,,1,-inf,"0.000,",,,,,,,,
2026-08-18T10:46:34.917616,3081,0x46,PUCCH,,,,,,,,,,,,,,,,,,2,111.8,"1.000,",,,,,,,,
2026-08-18T10:46:35.741763,3100,0x46,PUCCH,,,,,,,,,,,,,,,,,,1,-inf,"0.000,",,,,,,,,
2026-08-18T10:46:36.685194,3120,0x46,PUCCH,,,,,,,,,,,,,,,,,,1,-inf,"0.000,",,,,,,,,
2026-08-18T10:46:36.724887,3121,0x46,PUCCH,,,,,,,,,,,,,,,,,,2,111.8,"1.000,",,,,,,,,
2026-08-18T10:46:37.521847,3140,0x46,PUCCH,,,,,,,,,,,,,,,,,,1,-inf,"0.000,",,,,,,,,
2026-08-18T10:46:38.402124,3160,0x46,PUCCH,,,,,,,,,,,,,,,,,,1,-inf,"0.000,",,,,,,,,
2026-08-18T10:46:38.439372,3161,0x46,PUCCH,,,,,,,,,,,,,,,,,,2,111.8,"1.000,",,,,,,,,
2026-08-18T10:46:39.203916,3180,0x46,PUCCH,,,,,,,,,,,,,,,,,,1,-inf,"0.000,",,,,,,,,
2026-08-18T10:46:40.189801,3200,0x46,PUCCH,,,,,,,,,,,,,,,,,,1,-inf,"0.000,",,,,,,,,
2026-08-18T10:46:40.252836,3201,0x46,PUCCH,,,,,,,,,,,,,,,,,,2,111.8,"1.000,",,,,,,,,
2026-08-18T10:46:41.308397,3220,0x46,PUCCH,,,,,,,,,,,,,,,,,,1,-inf,"0.000,",,,,,,,,
2026-08-18T10:46:42.456106,3240,0x46,PUCCH,,,,,,,,,,,,,,,,,,1,-inf,"0.000,",,,,,,,,
2026-08-18T10:46:42.495635,3241,0x46,PUCCH,,,,,,,,,,,,,,,,,,2,111.8,"1.000,",,,,,,,,
2026-08-18T10:46:43.444805,3260,0x46,PUCCH,,,,,,,,,,,,,,,,,,1,-inf,"0.000,",,,,,,,,
2026-08-18T10:46:44.445981,3280,0x46,PUCCH,,,,,,,,,,,,,,,,,,1,-inf,"0.000,",,,,,,,,
2026-08-18T10:46:44.544150,3281,0x46,PUCCH,,,,,,,,,,,,,,,,,,2,111.8,"1.000,",,,,,,,,
2026-08-18T10:46:45.429799,3300,0x46,PUCCH,,,,,,,,,,,,,,,,,,1,-inf,"0.000,",,,,,,,,
2026-08-18T10:46:46.120652,3320,0x46,PUCCH,,,,,,,,,,,,,,,,,,1,-inf,"0.000,",,,,,,,,
2026-08-18T10:46:46.171636,3321,0x46,PUCCH,,,,,,,,,,,,,,,,,,2,111.8,"1.000,",,,,,,,,
2026-08-18T10:46:47.323768,3340,0x46,PUCCH,,,,,,,,,,,,,,,,,,1,-inf,"0.000,",,,,,,,,
2026-08-18T10:46:48.237075,3360,0x46,PUCCH,,,,,,,,,,,,,,,,,,1,-inf,"0.000,",,,,,,,,
2026-08-18T10:46:48.277045,3361,0x46,PUCCH,,,,,,,,,,,,,,,,,,2,111.8,"1.000,",,,,,,,,
2026-08-18T10:46:48.997191,3380,0x46,PUCCH,,,,,,,,,,,,,,,,,,1,-inf,"0.000,",,,,,,,,
2026-08-18T10:46:49.716364,3400,0x46,PUCCH,,,,,,,,,,,,,,,,,,1,-inf,"0.000,",,,,,,,,
2026-08-18T10:46:49.755025,3401,0x46,PUCCH,,,,,,,,,,,,,,,,,,2,111.8,"1.000,",,,,,,,,
2026-08-18T10:46:50.510420,3420,0x46,PUCCH,,,,,,,,,,,,,,,,,,1,-inf,"0.000,",,,,,,,,
2026-08-18T10:46:51.570805,3440,0x46,PUCCH,,,,,,,,,,,,,,,,,,1,-inf,"0.000,",,,,,,,,
2026-08-18T10:46:51.614518,3441,0x46,PUCCH,,,,,,,,,,,,,,,,,,2,111.8,"1.000,",,,,,,,,
2026-08-18T10:46:52.674170,3460,0x46,PUCCH,,,,,,,,,,,,,,,,,,1,-inf,"0.000,",,,,,,,,
2026-08-18T10:46:53.649326,3480,0x46,PUCCH,,,,,,,,,,,,,,,,,,1,-inf,"0.000,",,,,,,,,
2026-08-18T10:46:53.693445,3481,0x46,PUCCH,,,,,,,,,,,,,,,,,,2,111.8,"1.000,",,,,,,,,
2026-08-18T10:46:54.434626,3500,0x46,PUCCH,,,,,,,,,,,,,,,,,,1,-inf,"0.000,",,,,,,,,
2026-08-18T10:46:55.368022,3520,0x46,PUCCH,,,,,,,,,,,,,,,,,,1,-inf,"0.000,",,,,,,,,
2026-08-18T10:46:55.405212,3521,0x46,PUCCH,,,,,,,,,,,,,,,,,,2,111.8,"1.000,",,,,,,,,
2026-08-18T10:46:56.156444,3540,0x46,PUCCH,,,,,,,,,,,,,,,,,,1,-inf,"0.000,",,,,,,,,
2026-08-18T10:46:56.873599,3560,0x46,PUCCH,,,,,,,,,,,,,,,,,,1,-inf,"0.000,",,,,,,,,
2026-08-18T10:46:56.910135,3561,0x46,PUCCH,,,,,,,,,,,,,,,,,,2,111.8,"1.000,",,,,,,,,
2026-08-18T10:46:57.733352,3580,0x46,PUCCH,,,,,,,,,,,,,,,,,,1,-inf,"0.000,",,,,,,,,
2026-08-18T10:46:58.635600,3600,0x46,PUCCH,,,,,,,,,,,,,,,,,,1,-inf,"0.000,",,,,,,,,
2026-08-18T10:46:58.666352,3601,0x46,PUCCH,,,,,,,,,,,,,,,,,,2,111.8,"1.000,",,,,,,,,
2026-08-18T10:46:59.842068,3620,0x46,PUCCH,,,,,,,,,,,,,,,,,,1,-inf,"0.000,",,,,,,,,
2026-08-18T10:47:00.897704,3640,0x46,PUCCH,,,,,,,,,,,,,,,,,,1,-inf,"0.000,",,,,,,,,
2026-08-18T10:47:00.938503,3641,0x46,PUCCH,,,,,,,,,,,,,,,,,,2,111.8,"1.000,",,,,,,,,
2026-08-18T10:47:01.962349,3660,0x46,PUCCH,,,,,,,,,,,,,,,,,,1,-inf,"0.000,",,,,,,,,
2026-08-18T10:47:02.774268,3680,0x46,PUCCH,,,,,,,,,,,,,,,,,,1,-inf,"0.000,",,,,,,,,
2026-08-18T10:47:02.816103,3681,0x46,PUCCH,,,,,,,,,,,,,,,,,,2,111.8,"1.000,",,,,,,,,
2026-08-18T10:47:03.662430,3700,0x46,PUCCH,,,,,,,,,,,,,,,,,,1,-inf,"0.000,",,,,,,,,
2026-08-18T10:47:04.315099,3720,0x46,PUCCH,,,,,,,,,,,,,,,,,,1,-inf,"0.000,",,,,,,,,
2026-08-18T10:47:04.343696,3721,0x46,PUCCH,,,,,,,,,,,,,,,,,,2,111.8,"1.000,",,,,,,,,
2026-08-18T10:47:04.977243,3740,0x46,PUCCH,,,,,,,,,,,,,,,,,,1,-inf,"0.000,",,,,,,,,
2026-08-18T10:47:05.972561,3760,0x46,PUCCH,,,,,,,,,,,,,,,,,,1,-inf,"0.000,",,,,,,,,
2026-08-18T10:47:06.004165,3761,0x46,PUCCH,,,,,,,,,,,,,,,,,,2,111.8,"1.000,",,,,,,,,
2026-08-18T10:47:06.800332,3780,0x46,PUCCH,,,,,,,,,,,,,,,,,,1,-inf,"0.000,",,,,,,,,
2026-08-18T10:47:07.774244,3800,0x46,PUCCH,,,,,,,,,,,,,,,,,,1,-inf,"0.000,",,,,,,,,
2026-08-18T10:47:07.824775,3801,0x46,PUCCH,,,,,,,,,,,,,,,,,,2,111.8,"1.000,",,,,,,,,
2026-08-18T10:47:08.570967,3820,0x46,PUCCH,,,,,,,,,,,,,,,,,,1,-inf,"0.000,",,,,,,,,
2026-08-18T10:47:09.373036,3840,0x46,PUCCH,,,,,,,,,,,,,,,,,,1,-inf,"0.000,",,,,,,,,
2026-08-18T10:47:09.408784,3841,0x46,PUCCH,,,,,,,,,,,,,,,,,,2,111.8,"1.000,",,,,,,,,
2026-08-18T10:47:10.385582,3860,0x46,PUCCH,,,,,,,,,,,,,,,,,,1,-inf,"0.000,",,,,,,,,
2026-08-18T10:47:11.753543,3880,0x46,PUCCH,,,,,,,,,,,,,,,,,,1,-inf,"0.000,",,,,,,,,
2026-08-18T10:47:11.806672,3881,0x46,PUCCH,,,,,,,,,,,,,,,,,,2,111.8,"1.000,",,,,,,,,
2026-08-18T10:47:12.828916,3900,0x46,PUCCH,,,,,,,,,,,,,,,,,,1,-inf,"0.000,",,,,,,,,
2026-08-18T10:47:13.631235,3920,0x46,PUCCH,,,,,,,,,,,,,,,,,,1,-inf,"0.000,",,,,,,,,
2026-08-18T10:47:13.679227,3921,0x46,PUCCH,,,,,,,,,,,,,,,,,,2,111.8,"1.000,",,,,,,,,
2026-08-18T10:47:14.396357,3940,0x46,PUCCH,,,,,,,,,,,,,,,,,,1,-inf,"0.000,",,,,,,,,
2026-08-18T10:47:15.388042,3960,0x46,PUCCH,,,,,,,,,,,,,,,,,,1,-inf,"0.000,",,,,,,,,
2026-08-18T10:47:15.421078,3961,0x46,PUCCH,,,,,,,,,,,,,,,,,,2,111.8,"1.000,",,,,,,,,
2026-08-18T10:47:16.407335,3980,0x46,PUCCH,,,,,,,,,,,,,,,,,,1,-inf,"0.000,",,,,,,,,
2026-08-18T10:47:17.527569,4000,0x46,PUCCH,,,,,,,,,,,,,,,,,,1,-inf,"0.000,",,,,,,,,
2026-08-18T10:47:17.563511,4001,0x46,PUCCH,,,,,,,,,,,,,,,,,,2,111.8,"1.000,",,,,,,,,
2026-08-18T10:47:18.683794,4020,0x46,PUCCH,,,,,,,,,,,,,,,,,,1,-inf,"0.000,",,,,,,,,
2026-08-18T10:47:19.491535,4040,0x46,PUCCH,,,,,,,,,,,,,,,,,,1,-inf,"0.000,",,,,,,,,
2026-08-18T10:47:19.535158,4041,0x46,PUCCH,,,,,,,,,,,,,,,,,,2,111.8,"1.000,",,,,,,,,
2026-08-18T10:47:20.477609,4060,0x46,PUCCH,,,,,,,,,,,,,,,,,,1,-inf,"0.000,",,,,,,,,
2026-08-18T10:47:21.266211,4080,0x46,PUCCH,,,,,,,,,,,,,,,,,,1,-inf,"0.000,",,,,,,,,
2026-08-18T10:47:21.304374,4081,0x46,PUCCH,,,,,,,,,,,,,,,,,,2,111.8,"1.000,",,,,,,,,
2026-08-18T10:47:22.038115,4100,0x46,PUCCH,,,,,,,,,,,,,,,,,,1,-inf,"0.000,",,,,,,,,
2026-08-18T10:47:23.010782,4120,0x46,PUCCH,,,,,,,,,,,,,,,,,,1,-inf,"0.000,",,,,,,,,
2026-08-18T10:47:23.086120,4121,0x46,PUCCH,,,,,,,,,,,,,,,,,,2,111.8,"1.000,",,,,,,,,
2026-08-18T10:47:24.001584,4140,0x46,PUCCH,,,,,,,,,,,,,,,,,,1,-inf,"0.000,",,,,,,,,
2026-08-18T10:47:24.880036,4160,0x46,PUCCH,,,,,,,,,,,,,,,,,,1,-inf,"0.000,",,,,,,,,
2026-08-18T10:47:24.916364,4161,0x46,PUCCH,,,,,,,,,,,,,,,,,,2,111.8,"1.000,",,,,,,,,
2026-08-18T10:47:25.604096,4180,0x46,PUCCH,,,,,,,,,,,,,,,,,,1,-inf,"0.000,",,,,,,,,
2026-08-18T10:47:26.432402,4200,0x46,PUCCH,,,,,,,,,,,,,,,,,,1,-inf,"0.000,",,,,,,,,
2026-08-18T10:47:26.476538,4201,0x46,PUCCH,,,,,,,,,,,,,,,,,,2,111.8,"1.000,",,,,,,,,
2026-08-18T10:47:27.158711,4220,0x46,PUCCH,,,,,,,,,,,,,,,,,,1,-inf,"0.000,",,,,,,,,
2026-08-18T10:47:27.854607,4240,0x46,PUCCH,,,,,,,,,,,,,,,,,,1,-inf,"0.000,",,,,,,,,
2026-08-18T10:47:27.889661,4241,0x46,PUCCH,,,,,,,,,,,,,,,,,,2,111.8,"1.000,",,,,,,,,
2026-08-18T10:47:28.681277,4260,0x46,PUCCH,,,,,,,,,,,,,,,,,,1,-inf,"0.000,",,,,,,,,
2026-08-18T10:47:29.697594,4280,0x46,PUCCH,,,,,,,,,,,,,,,,,,1,-inf,"0.000,",,,,,,,,
2026-08-18T10:47:29.729539,4281,0x46,PUCCH,,,,,,,,,,,,,,,,,,2,111.8,"1.000,",,,,,,,,
2026-08-18T10:47:30.531056,4300,0x46,PUCCH,,,,,,,,,,,,,,,,,,1,-inf,"0.000,",,,,,,,,
2026-08-18T10:47:31.571169,4320,0x46,PUCCH,,,,,,,,,,,,,,,,,,1,-inf,"0.000,",,,,,,,,
2026-08-18T10:47:31.605090,4321,0x46,PUCCH,,,,,,,,,,,,,,,,,,2,111.8,"1.000,",,,,,,,,
2026-08-18T10:47:32.490971,4340,0x46,PUCCH,,,,,,,,,,,,,,,,,,1,-inf,"0.000,",,,,,,,,
2026-08-18T10:47:33.557180,4360,0x46,PUCCH,,,,,,,,,,,,,,,,,,1,-inf,"0.000,",,,,,,,,
2026-08-18T10:47:33.608097,4361,0x46,PUCCH,,,,,,,,,,,,,,,,,,2,111.8,"1.000,",,,,,,,,
2026-08-18T10:47:34.533702,4380,0x46,PUCCH,,,,,,,,,,,,,,,,,,1,-inf,"0.000,",,,,,,,,
2026-08-18T10:47:35.366677,4400,0x46,PUCCH,,,,,,,,,,,,,,,,,,1,-inf,"0.000,",,,,,,,,
2026-08-18T10:47:35.417904,4401,0x46,PUCCH,,,,,,,,,,,,,,,,,,2,111.8,"1.000,",,,,,,,,
2026-08-18T10:47:36.144427,4420,0x46,PUCCH,,,,,,,,,,,,,,,,,,1,-inf,"0.000,",,,,,,,,
2026-08-18T10:47:36.835135,4440,0x46,PUCCH,,,,,,,,,,,,,,,,,,1,-inf,"0.000,",,,,,,,,
2026-08-18T10:47:36.865314,4441,0x46,PUCCH,,,,,,,,,,,,,,,,,,2,111.8,"1.000,",,,,,,,,
2026-08-18T10:47:37.608125,4460,0x46,PUCCH,,,,,,,,,,,,,,,,,,1,-inf,"0.000,",,,,,,,,
2026-08-18T10:47:38.293652,4480,0x46,PUCCH,,,,,,,,,,,,,,,,,,1,-inf,"0.000,",,,,,,,,
2026-08-18T10:47:38.331167,4481,0x46,PUCCH,,,,,,,,,,,,,,,,,,2,111.8,"1.000,",,,,,,,,
2026-08-18T10:47:39.259826,4500,0x46,PUCCH,,,,,,,,,,,,,,,,,,1,-inf,"0.000,",,,,,,,,
2026-08-18T10:47:40.009573,4520,0x46,PUCCH,,,,,,,,,,,,,,,,,,1,-inf,"0.000,",,,,,,,,
2026-08-18T10:47:40.039273,4521,0x46,PUCCH,,,,,,,,,,,,,,,,,,2,111.8,"1.000,",,,,,,,,
2026-08-18T10:47:40.918074,4540,0x46,PUCCH,,,,,,,,,,,,,,,,,,1,-inf,"0.000,",,,,,,,,
2026-08-18T10:47:41.798035,4560,0x46,PUCCH,,,,,,,,,,,,,,,,,,1,-inf,"0.000,",,,,,,,,
2026-08-18T10:47:41.831747,4561,0x46,PUCCH,,,,,,,,,,,,,,,,,,2,111.8,"1.000,",,,,,,,,
2026-08-18T10:47:42.707384,4580,0x46,PUCCH,,,,,,,,,,,,,,,,,,1,-inf,"0.000,",,,,,,,,
2026-08-18T10:47:43.582588,4600,0x46,PUCCH,,,,,,,,,,,,,,,,,,1,-inf,"0.000,",,,,,,,,
2026-08-18T10:47:43.631966,4601,0x46,PUCCH,,,,,,,,,,,,,,,,,,2,111.8,"1.000,",,,,,,,,
2026-08-18T10:47:44.611264,4620,0x46,PUCCH,,,,,,,,,,,,,,,,,,1,-inf,"0.000,",,,,,,,,
2026-08-18T10:47:45.554500,4640,0x46,PUCCH,,,,,,,,,,,,,,,,,,1,-inf,"0.000,",,,,,,,,
2026-08-18T10:47:45.598044,4641,0x46,PUCCH,,,,,,,,,,,,,,,,,,2,111.8,"1.000,",,,,,,,,
2026-08-18T10:47:46.797457,4660,0x46,PUCCH,,,,,,,,,,,,,,,,,,1,-inf,"0.000,",,,,,,,,
2026-08-18T10:47:47.835997,4680,0x46,PUCCH,,,,,,,,,,,,,,,,,,1,-inf,"0.000,",,,,,,,,
2026-08-18T10:47:47.914057,4681,0x46,PUCCH,,,,,,,,,,,,,,,,,,2,111.8,"1.000,",,,,,,,,
2026-08-18T10:47:48.703356,4700,0x46,PUCCH,,,,,,,,,,,,,,,,,,1,-inf,"0.000,",,,,,,,,
2026-08-18T10:47:49.724172,4720,0x46,PUCCH,,,,,,,,,,,,,,,,,,1,-inf,"0.000,",,,,,,,,
2026-08-18T10:47:49.765312,4721,0x46,PUCCH,,,,,,,,,,,,,,,,,,2,111.8,"1.000,",,,,,,,,
2026-08-18T10:47:50.521875,4740,0x46,PUCCH,,,,,,,,,,,,,,,,,,1,-inf,"0.000,",,,,,,,,
2026-08-18T10:47:51.449171,4760,0x46,PUCCH,,,,,,,,,,,,,,,,,,1,-inf,"0.000,",,,,,,,,
2026-08-18T10:47:51.504123,4761,0x46,PUCCH,,,,,,,,,,,,,,,,,,2,111.8,"1.000,",,,,,,,,
2026-08-18T10:47:52.582608,4780,0x46,PUCCH,,,,,,,,,,,,,,,,,,1,-inf,"0.000,",,,,,,,,
2026-08-18T10:47:53.289866,4800,0x46,PUCCH,,,,,,,,,,,,,,,,,,1,-inf,"0.000,",,,,,,,,
2026-08-18T10:47:53.316851,4801,0x46,PUCCH,,,,,,,,,,,,,,,,,,2,111.8,"1.000,",,,,,,,,
2026-08-18T10:47:53.980854,4820,0x46,PUCCH,,,,,,,,,,,,,,,,,,1,-inf,"0.000,",,,,,,,,
2026-08-18T10:47:54.657680,4840,0x46,PUCCH,,,,,,,,,,,,,,,,,,1,-inf,"0.000,",,,,,,,,
2026-08-18T10:47:54.699459,4841,0x46,PUCCH,,,,,,,,,,,,,,,,,,2,111.8,"1.000,",,,,,,,,
2026-08-18T10:47:55.341766,4860,0x46,PUCCH,,,,,,,,,,,,,,,,,,1,-inf,"0.000,",,,,,,,,
2026-08-18T10:47:55.930576,4880,0x46,PUCCH,,,,,,,,,,,,,,,,,,1,-inf,"0.000,",,,,,,,,
2026-08-18T10:47:55.960181,4881,0x46,PUCCH,,,,,,,,,,,,,,,,,,2,111.8,"1.000,",,,,,,,,
2026-08-18T10:47:56.698325,4900,0x46,PUCCH,,,,,,,,,,,,,,,,,,1,-inf,"0.000,",,,,,,,,
2026-08-18T10:47:57.451512,4920,0x46,PUCCH,,,,,,,,,,,,,,,,,,1,-inf,"0.000,",,,,,,,,
2026-08-18T10:47:57.480174,4921,0x46,PUCCH,,,,,,,,,,,,,,,,,,2,111.8,"1.000,",,,,,,,,
2026-08-18T10:47:58.117702,4940,0x46,PUCCH,,,,,,,,,,,,,,,,,,1,-inf,"0.000,",,,,,,,,
2026-08-18T10:47:58.806606,4960,0x46,PUCCH,,,,,,,,,,,,,,,,,,1,-inf,"0.000,",,,,,,,,
2026-08-18T10:47:58.856582,4961,0x46,PUCCH,,,,,,,,,,,,,,,,,,2,111.8,"1.000,",,,,,,,,
2026-08-18T10:47:59.635479,4980,0x46,PUCCH,,,,,,,,,,,,,,,,,,1,-inf,"0.000,",,,,,,,,
2026-08-18T10:48:00.343359,5000,0x46,PUCCH,,,,,,,,,,,,,,,,,,1,-inf,"0.000,",,,,,,,,
2026-08-18T10:48:00.375790,5001,0x46,PUCCH,,,,,,,,,,,,,,,,,,2,111.8,"1.000,",,,,,,,,
2026-08-18T10:48:01.370699,5020,0x46,PUCCH,,,,,,,,,,,,,,,,,,1,-inf,"0.000,",,,,,,,,
2026-08-18T10:48:02.228272,5040,0x46,PUCCH,,,,,,,,,,,,,,,,,,1,-inf,"0.000,",,,,,,,,
2026-08-18T10:48:02.262417,5041,0x46,PUCCH,,,,,,,,,,,,,,,,,,2,111.8,"1.000,",,,,,,,,
2026-08-18T10:48:02.889246,5060,0x46,PUCCH,,,,,,,,,,,,,,,,,,1,-inf,"0.000,",,,,,,,,
2026-08-18T10:48:03.514059,5080,0x46,PUCCH,,,,,,,,,,,,,,,,,,1,-inf,"0.000,",,,,,,,,
2026-08-18T10:48:03.549792,5081,0x46,PUCCH,,,,,,,,,,,,,,,,,,2,111.8,"1.000,",,,,,,,,
2026-08-18T10:48:04.163575,5100,0x46,PUCCH,,,,,,,,,,,,,,,,,,1,-inf,"0.000,",,,,,,,,
2026-08-18T10:48:05.098407,5120,0x46,PUCCH,,,,,,,,,,,,,,,,,,1,-inf,"0.000,",,,,,,,,
2026-08-18T10:48:05.156985,5121,0x46,PUCCH,,,,,,,,,,,,,,,,,,2,111.8,"1.000,",,,,,,,,
2026-08-18T10:48:06.157963,5140,0x46,PUCCH,,,,,,,,,,,,,,,,,,1,-inf,"0.000,",,,,,,,,
2026-08-18T10:48:07.809540,5160,0x46,PUCCH,,,,,,,,,,,,,,,,,,1,-inf,"0.000,",,,,,,,,
2026-08-18T10:48:07.864400,5161,0x46,PUCCH,,,,,,,,,,,,,,,,,,2,111.8,"1.000,",,,,,,,,
2026-08-18T10:48:08.623995,5180,0x46,PUCCH,,,,,,,,,,,,,,,,,,1,-inf,"0.000,",,,,,,,,
2026-08-18T10:48:09.595657,5200,0x46,PUCCH,,,,,,,,,,,,,,,,,,1,-inf,"0.000,",,,,,,,,
2026-08-18T10:48:09.642149,5201,0x46,PUCCH,,,,,,,,,,,,,,,,,,2,111.8,"1.000,",,,,,,,,
2026-08-18T10:48:10.294129,5220,0x46,PUCCH,,,,,,,,,,,,,,,,,,1,-inf,"0.000,",,,,,,,,
2026-08-18T10:48:10.928620,5240,0x46,PUCCH,,,,,,,,,,,,,,,,,,1,-inf,"0.000,",,,,,,,,
2026-08-18T10:48:10.957066,5241,0x46,PUCCH,,,,,,,,,,,,,,,,,,2,111.8,"1.000,",,,,,,,,
2026-08-18T10:48:11.698962,5260,0x46,PUCCH,,,,,,,,,,,,,,,,,,1,-inf,"0.000,",,,,,,,,
2026-08-18T10:48:12.935785,5280,0x46,PUCCH,,,,,,,,,,,,,,,,,,1,-inf,"0.000,",,,,,,,,
2026-08-18T10:48:13.016373,5281,0x46,PUCCH,,,,,,,,,,,,,,,,,,2,111.8,"1.000,",,,,,,,,
2026-08-18T10:48:13.748279,5300,0x46,PUCCH,,,,,,,,,,,,,,,,,,1,-inf,"0.000,",,,,,,,,
2026-08-18T10:48:14.724329,5320,0x46,PUCCH,,,,,,,,,,,,,,,,,,1,-inf,"0.000,",,,,,,,,
2026-08-18T10:48:14.753151,5321,0x46,PUCCH,,,,,,,,,,,,,,,,,,2,111.8,"1.000,",,,,,,,,
2026-08-18T10:48:15.655510,5340,0x46,PUCCH,,,,,,,,,,,,,,,,,,1,-inf,"0.000,",,,,,,,,
2026-08-18T10:48:16.409258,5360,0x46,PUCCH,,,,,,,,,,,,,,,,,,1,-inf,"0.000,",,,,,,,,
2026-08-18T10:48:16.437297,5361,0x46,PUCCH,,,,,,,,,,,,,,,,,,2,111.8,"1.000,",,,,,,,,
2026-08-18T10:48:17.159422,5380,0x46,PUCCH,,,,,,,,,,,,,,,,,,1,-inf,"0.000,",,,,,,,,
2026-08-18T10:48:17.853747,5400,0x46,PUCCH,,,,,,,,,,,,,,,,,,1,-inf,"0.000,",,,,,,,,
2026-08-18T10:48:17.881855,5401,0x46,PUCCH,,,,,,,,,,,,,,,,,,2,111.8,"1.000,",,,,,,,,
2026-08-18T10:48:18.524246,5420,0x46,PUCCH,,,,,,,,,,,,,,,,,,1,-inf,"0.000,",,,,,,,,
2026-08-18T10:48:19.307534,5440,0x46,PUCCH,,,,,,,,,,,,,,,,,,1,-inf,"0.000,",,,,,,,,
2026-08-18T10:48:19.335626,5441,0x46,PUCCH,,,,,,,,,,,,,,,,,,2,111.8,"1.000,",,,,,,,,
2026-08-18T10:48:20.132138,5460,0x46,PUCCH,,,,,,,,,,,,,,,,,,1,-inf,"0.000,",,,,,,,,
2026-08-18T10:48:21.142816,5480,0x46,PUCCH,,,,,,,,,,,,,,,,,,1,-inf,"0.000,",,,,,,,,
2026-08-18T10:48:21.183758,5481,0x46,PUCCH,,,,,,,,,,,,,,,,,,2,111.8,"1.000,",,,,,,,,
2026-08-18T10:48:21.862247,5500,0x46,PUCCH,,,,,,,,,,,,,,,,,,1,-inf,"0.000,",,,,,,,,
2026-08-18T10:48:22.595013,5520,0x46,PUCCH,,,,,,,,,,,,,,,,,,1,-inf,"0.000,",,,,,,,,
2026-08-18T10:48:22.627764,5521,0x46,PUCCH,,,,,,,,,,,,,,,,,,2,111.8,"1.000,",,,,,,,,
2026-08-18T10:48:23.389404,5540,0x46,PUCCH,,,,,,,,,,,,,,,,,,1,-inf,"0.000,",,,,,,,,
2026-08-18T10:48:24.383547,5560,0x46,PUCCH,,,,,,,,,,,,,,,,,,1,-inf,"0.000,",,,,,,,,
2026-08-18T10:48:24.405764,5561,0x46,PUCCH,,,,,,,,,,,,,,,,,,2,111.8,"1.000,",,,,,,,,
2026-08-18T10:48:25.045542,5580,0x46,PUCCH,,,,,,,,,,,,,,,,,,1,-inf,"0.000,",,,,,,,,
2026-08-18T10:48:25.817147,5600,0x46,PUCCH,,,,,,,,,,,,,,,,,,1,-inf,"0.000,",,,,,,,,
2026-08-18T10:48:25.861213,5601,0x46,PUCCH,,,,,,,,,,,,,,,,,,2,111.8,"1.000,",,,,,,,,
2026-08-18T10:48:26.637274,5620,0x46,PUCCH,,,,,,,,,,,,,,,,,,1,-inf,"0.000,",,,,,,,,
2026-08-18T10:48:27.412988,5640,0x46,PUCCH,,,,,,,,,,,,,,,,,,1,-inf,"0.000,",,,,,,,,
2026-08-18T10:48:27.467952,5641,0x46,PUCCH,,,,,,,,,,,,,,,,,,2,111.8,"1.000,",,,,,,,,
2026-08-18T10:48:28.239462,5660,0x46,PUCCH,,,,,,,,,,,,,,,,,,1,-inf,"0.000,",,,,,,,,
2026-08-18T10:48:28.822820,5680,0x46,PUCCH,,,,,,,,,,,,,,,,,,1,-inf,"0.000,",,,,,,,,
2026-08-18T10:48:28.851681,5681,0x46,PUCCH,,,,,,,,,,,,,,,,,,2,111.8,"1.000,",,,,,,,,
2026-08-18T10:48:29.447129,5700,0x46,PUCCH,,,,,,,,,,,,,,,,,,1,-inf,"0.000,",,,,,,,,
2026-08-18T10:48:30.051003,5720,0x46,PUCCH,,,,,,,,,,,,,,,,,,1,-inf,"0.000,",,,,,,,,
2026-08-18T10:48:30.090930,5721,0x46,PUCCH,,,,,,,,,,,,,,,,,,2,111.8,"1.000,",,,,,,,,
2026-08-18T10:48:30.773405,5740,0x46,PUCCH,,,,,,,,,,,,,,,,,,1,-inf,"0.000,",,,,,,,,
2026-08-18T10:48:31.493309,5760,0x46,PUCCH,,,,,,,,,,,,,,,,,,1,-inf,"0.000,",,,,,,,,
2026-08-18T10:48:31.549577,5761,0x46,PUCCH,,,,,,,,,,,,,,,,,,2,111.8,"1.000,",,,,,,,,
2026-08-18T10:48:32.490402,5780,0x46,PUCCH,,,,,,,,,,,,,,,,,,1,-inf,"0.000,",,,,,,,,
2026-08-18T10:48:33.450806,5800,0x46,PUCCH,,,,,,,,,,,,,,,,,,1,-inf,"0.000,",,,,,,,,
2026-08-18T10:48:33.487916,5801,0x46,PUCCH,,,,,,,,,,,,,,,,,,2,111.8,"1.000,",,,,,,,,
2026-08-18T10:48:34.077787,5820,0x46,PUCCH,,,,,,,,,,,,,,,,,,1,-inf,"0.000,",,,,,,,,
2026-08-18T10:48:34.754665,5840,0x46,PUCCH,,,,,,,,,,,,,,,,,,1,-inf,"0.000,",,,,,,,,
2026-08-18T10:48:34.796472,5841,0x46,PUCCH,,,,,,,,,,,,,,,,,,2,111.8,"1.000,",,,,,,,,
2026-08-18T10:48:35.281850,5860,0x46,PUCCH,,,,,,,,,,,,,,,,,,1,-inf,"0.000,",,,,,,,,
2026-08-18T10:48:35.830875,5880,0x46,PUCCH,,,,,,,,,,,,,,,,,,1,-inf,"0.000,",,,,,,,,
2026-08-18T10:48:35.864239,5881,0x46,PUCCH,,,,,,,,,,,,,,,,,,2,111.8,"1.000,",,,,,,,,
2026-08-18T10:48:36.409775,5900,0x46,PUCCH,,,,,,,,,,,,,,,,,,1,-inf,"0.000,",,,,,,,,
2026-08-18T10:48:37.049537,5920,0x46,PUCCH,,,,,,,,,,,,,,,,,,1,-inf,"0.000,",,,,,,,,
2026-08-18T10:48:37.082919,5921,0x46,PUCCH,,,,,,,,,,,,,,,,,,2,111.8,"1.000,",,,,,,,,
2026-08-18T10:48:37.709753,5940,0x46,PUCCH,,,,,,,,,,,,,,,,,,1,-inf,"0.000,",,,,,,,,
2026-08-18T10:48:38.227536,5960,0x46,PUCCH,,,,,,,,,,,,,,,,,,1,-inf,"0.000,",,,,,,,,
2026-08-18T10:48:38.278191,5961,0x46,PUCCH,,,,,,,,,,,,,,,,,,2,111.8,"1.000,",,,,,,,,
2026-08-18T10:48:38.803211,5980,0x46,PUCCH,,,,,,,,,,,,,,,,,,1,-inf,"0.000,",,,,,,,,
2026-08-18T10:48:39.401832,6000,0x46,PUCCH,,,,,,,,,,,,,,,,,,1,-inf,"0.000,",,,,,,,,
2026-08-18T10:48:39.431754,6001,0x46,PUCCH,,,,,,,,,,,,,,,,,,2,111.8,"1.000,",,,,,,,,
2026-08-18T10:48:40.240087,6020,0x46,PUCCH,,,,,,,,,,,,,,,,,,1,-inf,"0.000,",,,,,,,,
2026-08-18T10:48:40.953552,6040,0x46,PUCCH,,,,,,,,,,,,,,,,,,1,-inf,"0.000,",,,,,,,,
2026-08-18T10:48:40.985558,6041,0x46,PUCCH,,,,,,,,,,,,,,,,,,2,111.8,"1.000,",,,,,,,,
2026-08-18T10:48:41.647013,6060,0x46,PUCCH,,,,,,,,,,,,,,,,,,1,-inf,"0.000,",,,,,,,,
2026-08-18T10:48:42.241264,6080,0x46,PUCCH,,,,,,,,,,,,,,,,,,1,-inf,"0.000,",,,,,,,,
2026-08-18T10:48:42.270021,6081,0x46,PUCCH,,,,,,,,,,,,,,,,,,2,111.8,"1.000,",,,,,,,,
2026-08-18T10:48:42.995919,6100,0x46,PUCCH,,,,,,,,,,,,,,,,,,1,-inf,"0.000,",,,,,,,,
2026-08-18T10:48:43.822986,6120,0x46,PUCCH,,,,,,,,,,,,,,,,,,1,-inf,"0.000,",,,,,,,,
2026-08-18T10:48:43.866109,6121,0x46,PUCCH,,,,,,,,,,,,,,,,,,2,111.8,"1.000,",,,,,,,,
2026-08-18T10:48:44.684123,6140,0x46,PUCCH,,,,,,,,,,,,,,,,,,1,-inf,"0.000,",,,,,,,,
2026-08-18T10:48:45.652844,6160,0x46,PUCCH,,,,,,,,,,,,,,,,,,1,-inf,"0.000,",,,,,,,,
2026-08-18T10:48:45.684800,6161,0x46,PUCCH,,,,,,,,,,,,,,,,,,2,111.8,"1.000,",,,,,,,,
2026-08-18T10:48:46.359621,6180,0x46,PUCCH,,,,,,,,,,,,,,,,,,1,-inf,"0.000,",,,,,,,,
2026-08-18T10:48:46.967512,6200,0x46,PUCCH,,,,,,,,,,,,,,,,,,1,-inf,"0.000,",,,,,,,,
2026-08-18T10:48:46.987060,6201,0x46,PUCCH,,,,,,,,,,,,,,,,,,2,111.8,"1.000,",,,,,,,,
2026-08-18T10:48:47.501657,6220,0x46,PUCCH,,,,,,,,,,,,,,,,,,1,-inf,"0.000,",,,,,,,,
2026-08-18T10:48:48.185092,6240,0x46,PUCCH,,,,,,,,,,,,,,,,,,1,-inf,"0.000,",,,,,,,,
2026-08-18T10:48:48.214189,6241,0x46,PUCCH,,,,,,,,,,,,,,,,,,2,111.8,"1.000,",,,,,,,,
2026-08-18T10:48:49.021428,6260,0x46,PUCCH,,,,,,,,,,,,,,,,,,1,-inf,"0.000,",,,,,,,,
2026-08-18T10:48:49.621861,6280,0x46,PUCCH,,,,,,,,,,,,,,,,,,1,-inf,"0.000,",,,,,,,,
2026-08-18T10:48:49.672772,6281,0x46,PUCCH,,,,,,,,,,,,,,,,,,2,111.8,"1.000,",,,,,,,,
2026-08-18T10:48:50.381841,6300,0x46,PUCCH,,,,,,,,,,,,,,,,,,1,-inf,"0.000,",,,,,,,,
2026-08-18T10:48:51.054783,6320,0x46,PUCCH,,,,,,,,,,,,,,,,,,1,-inf,"0.000,",,,,,,,,
2026-08-18T10:48:51.092873,6321,0x46,PUCCH,,,,,,,,,,,,,,,,,,2,111.8,"1.000,",,,,,,,,
2026-08-18T10:48:51.725785,6340,0x46,PUCCH,,,,,,,,,,,,,,,,,,1,-inf,"0.000,",,,,,,,,
2026-08-18T10:48:52.693632,6360,0x46,PUCCH,,,,,,,,,,,,,,,,,,1,-inf,"0.000,",,,,,,,,
2026-08-18T10:48:52.769776,6361,0x46,PUCCH,,,,,,,,,,,,,,,,,,2,111.8,"1.000,",,,,,,,,
2026-08-18T10:48:53.704605,6380,0x46,PUCCH,,,,,,,,,,,,,,,,,,1,-inf,"0.000,",,,,,,,,
2026-08-18T10:48:54.442756,6400,0x46,PUCCH,,,,,,,,,,,,,,,,,,1,-inf,"0.000,",,,,,,,,
2026-08-18T10:48:54.522187,6401,0x46,PUCCH,,,,,,,,,,,,,,,,,,2,111.8,"1.000,",,,,,,,,
2026-08-18T10:48:55.256122,6420,0x46,PUCCH,,,,,,,,,,,,,,,,,,1,-inf,"0.000,",,,,,,,,
2026-08-18T10:48:55.960983,6440,0x46,PUCCH,,,,,,,,,,,,,,,,,,1,-inf,"0.000,",,,,,,,,
2026-08-18T10:48:55.989253,6441,0x46,PUCCH,,,,,,,,,,,,,,,,,,2,111.8,"1.000,",,,,,,,,
2026-08-18T10:48:56.837383,6460,0x46,PUCCH,,,,,,,,,,,,,,,,,,1,-inf,"0.000,",,,,,,,,
2026-08-18T10:48:58.110507,6480,0x46,PUCCH,,,,,,,,,,,,,,,,,,1,-inf,"0.000,",,,,,,,,
2026-08-18T10:48:58.153428,6481,0x46,PUCCH,,,,,,,,,,,,,,,,,,2,111.8,"1.000,",,,,,,,,
2026-08-18T10:48:59.016977,6500,0x46,PUCCH,,,,,,,,,,,,,,,,,,1,-inf,"0.000,",,,,,,,,
2026-08-18T10:48:59.827365,6520,0x46,PUCCH,,,,,,,,,,,,,,,,,,1,-inf,"0.000,",,,,,,,,
2026-08-18T10:48:59.876532,6521,0x46,PUCCH,,,,,,,,,,,,,,,,,,2,111.8,"1.000,",,,,,,,,
2026-08-18T10:49:00.727761,6540,0x46,PUCCH,,,,,,,,,,,,,,,,,,1,-inf,"0.000,",,,,,,,,
2026-08-18T10:49:01.459182,6560,0x46,PUCCH,,,,,,,,,,,,,,,,,,1,-inf,"0.000,",,,,,,,,
2026-08-18T10:49:01.523071,6561,0x46,PUCCH,,,,,,,,,,,,,,,,,,2,111.8,"1.000,",,,,,,,,
2026-08-18T10:49:02.266540,6580,0x46,PUCCH,,,,,,,,,,,,,,,,,,1,-inf,"0.000,",,,,,,,,
2026-08-18T10:49:03.010116,6600,0x46,PUCCH,,,,,,,,,,,,,,,,,,1,-inf,"0.000,",,,,,,,,
2026-08-18T10:49:03.038094,6601,0x46,PUCCH,,,,,,,,,,,,,,,,,,2,111.8,"1.000,",,,,,,,,
2026-08-18T10:49:03.702233,6620,0x46,PUCCH,,,,,,,,,,,,,,,,,,1,-inf,"0.000,",,,,,,,,
2026-08-18T10:49:04.542983,6640,0x46,PUCCH,,,,,,,,,,,,,,,,,,1,-inf,"0.000,",,,,,,,,
2026-08-18T10:49:04.582151,6641,0x46,PUCCH,,,,,,,,,,,,,,,,,,2,111.8,"1.000,",,,,,,,,
2026-08-18T10:49:05.295108,6660,0x46,PUCCH,,,,,,,,,,,,,,,,,,1,-inf,"0.000,",,,,,,,,
2026-08-18T10:49:05.963188,6680,0x46,PUCCH,,,,,,,,,,,,,,,,,,1,-inf,"0.000,",,,,,,,,
2026-08-18T10:49:06.000792,6681,0x46,PUCCH,,,,,,,,,,,,,,,,,,2,111.8,"1.000,",,,,,,,,
2026-08-18T10:49:06.650679,6700,0x46,PUCCH,,,,,,,,,,,,,,,,,,1,-inf,"0.000,",,,,,,,,
2026-08-18T10:49:07.349052,6720,0x46,PUCCH,,,,,,,,,,,,,,,,,,1,-inf,"0.000,",,,,,,,,
2026-08-18T10:49:07.432917,6721,0x46,PUCCH,,,,,,,,,,,,,,,,,,2,111.8,"1.000,",,,,,,,,
2026-08-18T10:49:08.111597,6740,0x46,PUCCH,,,,,,,,,,,,,,,,,,1,-inf,"0.000,",,,,,,,,
2026-08-18T10:49:08.825930,6760,0x46,PUCCH,,,,,,,,,,,,,,,,,,1,-inf,"0.000,",,,,,,,,
2026-08-18T10:49:08.863952,6761,0x46,PUCCH,,,,,,,,,,,,,,,,,,2,111.8,"1.000,",,,,,,,,
2026-08-18T10:49:09.453922,6780,0x46,PUCCH,,,,,,,,,,,,,,,,,,1,-inf,"0.000,",,,,,,,,
2026-08-18T10:49:10.289782,6800,0x46,PUCCH,,,,,,,,,,,,,,,,,,1,-inf,"0.000,",,,,,,,,
2026-08-18T10:49:10.322179,6801,0x46,PUCCH,,,,,,,,,,,,,,,,,,2,111.8,"1.000,",,,,,,,,
2026-08-18T10:49:10.926291,6820,0x46,PUCCH,,,,,,,,,,,,,,,,,,1,-inf,"0.000,",,,,,,,,
2026-08-18T10:49:11.767786,6840,0x46,PUCCH,,,,,,,,,,,,,,,,,,1,-inf,"0.000,",,,,,,,,
2026-08-18T10:49:11.843268,6841,0x46,PUCCH,,,,,,,,,,,,,,,,,,2,111.8,"1.000,",,,,,,,,
2026-08-18T10:49:12.815913,6860,0x46,PUCCH,,,,,,,,,,,,,,,,,,1,-inf,"0.000,",,,,,,,,
2026-08-18T10:49:14.083975,6880,0x46,PUCCH,,,,,,,,,,,,,,,,,,1,-inf,"0.000,",,,,,,,,
2026-08-18T10:49:14.116009,6881,0x46,PUCCH,,,,,,,,,,,,,,,,,,2,111.8,"1.000,",,,,,,,,
2026-08-18T10:49:15.153962,6900,0x46,PUCCH,,,,,,,,,,,,,,,,,,1,-inf,"0.000,",,,,,,,,
2026-08-18T10:49:16.027520,6920,0x46,PUCCH,,,,,,,,,,,,,,,,,,1,-inf,"0.000,",,,,,,,,
2026-08-18T10:49:16.065395,6921,0x46,PUCCH,,,,,,,,,,,,,,,,,,2,111.8,"1.000,",,,,,,,,
2026-08-18T10:49:16.676079,6940,0x46,PUCCH,,,,,,,,,,,,,,,,,,1,-inf,"0.000,",,,,,,,,
2026-08-18T10:49:17.573372,6960,0x46,PUCCH,,,,,,,,,,,,,,,,,,1,-inf,"0.000,",,,,,,,,
2026-08-18T10:49:17.637107,6961,0x46,PUCCH,,,,,,,,,,,,,,,,,,2,111.8,"1.000,",,,,,,,,
2026-08-18T10:49:18.401712,6980,0x46,PUCCH,,,,,,,,,,,,,,,,,,1,-inf,"0.000,",,,,,,,,
2026-08-18T10:49:19.392229,7000,0x46,PUCCH,,,,,,,,,,,,,,,,,,1,-inf,"0.000,",,,,,,,,
2026-08-18T10:49:19.429098,7001,0x46,PUCCH,,,,,,,,,,,,,,,,,,2,111.8,"1.000,",,,,,,,,
2026-08-18T10:49:20.131186,7020,0x46,PUCCH,,,,,,,,,,,,,,,,,,1,-inf,"0.000,",,,,,,,,
2026-08-18T10:49:20.903409,7040,0x46,PUCCH,,,,,,,,,,,,,,,,,,1,-inf,"0.000,",,,,,,,,
2026-08-18T10:49:20.933101,7041,0x46,PUCCH,,,,,,,,,,,,,,,,,,2,111.8,"1.000,",,,,,,,,
2026-08-18T10:49:21.588122,7060,0x46,PUCCH,,,,,,,,,,,,,,,,,,1,-inf,"0.000,",,,,,,,,
2026-08-18T10:49:22.379804,7080,0x46,PUCCH,,,,,,,,,,,,,,,,,,1,-inf,"0.000,",,,,,,,,
2026-08-18T10:49:22.412189,7081,0x46,PUCCH,,,,,,,,,,,,,,,,,,2,111.8,"1.000,",,,,,,,,
2026-08-18T10:49:23.285320,7100,0x46,PUCCH,,,,,,,,,,,,,,,,,,1,-inf,"0.000,",,,,,,,,
2026-08-18T10:49:24.025370,7120,0x46,PUCCH,,,,,,,,,,,,,,,,,,1,-inf,"0.000,",,,,,,,,
2026-08-18T10:49:24.068212,7121,0x46,PUCCH,,,,,,,,,,,,,,,,,,2,111.8,"1.000,",,,,,,,,
2026-08-18T10:49:24.972544,7140,0x46,PUCCH,,,,,,,,,,,,,,,,,,1,-inf,"0.000,",,,,,,,,
2026-08-18T10:49:25.634821,7160,0x46,PUCCH,,,,,,,,,,,,,,,,,,1,-inf,"0.000,",,,,,,,,
2026-08-18T10:49:25.687327,7161,0x46,PUCCH,,,,,,,,,,,,,,,,,,2,111.8,"1.000,",,,,,,,,
2026-08-18T10:49:26.292606,7180,0x46,PUCCH,,,,,,,,,,,,,,,,,,1,-inf,"0.000,",,,,,,,,
2026-08-18T10:49:27.288373,7200,0x46,PUCCH,,,,,,,,,,,,,,,,,,1,-inf,"0.000,",,,,,,,,
2026-08-18T10:49:27.317066,7201,0x46,PUCCH,,,,,,,,,,,,,,,,,,2,111.8,"1.000,",,,,,,,,
2026-08-18T10:49:27.942767,7220,0x46,PUCCH,,,,,,,,,,,,,,,,,,1,-inf,"0.000,",,,,,,,,
2026-08-18T10:49:28.633484,7240,0x46,PUCCH,,,,,,,,,,,,,,,,,,1,-inf,"0.000,",,,,,,,,
2026-08-18T10:49:28.671781,7241,0x46,PUCCH,,,,,,,,,,,,,,,,,,2,111.8,"1.000,",,,,,,,,
2026-08-18T10:49:29.399924,7260,0x46,PUCCH,,,,,,,,,,,,,,,,,,1,-inf,"0.000,",,,,,,,,
2026-08-18T10:49:30.100417,7280,0x46,PUCCH,,,,,,,,,,,,,,,,,,1,-inf,"0.000,",,,,,,,,
2026-08-18T10:49:30.132332,7281,0x46,PUCCH,,,,,,,,,,,,,,,,,,2,111.8,"1.000,",,,,,,,,
2026-08-18T10:49:30.786429,7300,0x46,PUCCH,,,,,,,,,,,,,,,,,,1,-inf,"0.000,",,,,,,,,
2026-08-18T10:49:31.569307,7320,0x46,PUCCH,,,,,,,,,,,,,,,,,,1,-inf,"0.000,",,,,,,,,
2026-08-18T10:49:31.599078,7321,0x46,PUCCH,,,,,,,,,,,,,,,,,,2,111.8,"1.000,",,,,,,,,
2026-08-18T10:49:32.235806,7340,0x46,PUCCH,,,,,,,,,,,,,,,,,,1,-inf,"0.000,",,,,,,,,
2026-08-18T10:49:32.998782,7360,0x46,PUCCH,,,,,,,,,,,,,,,,,,1,-inf,"0.000,",,,,,,,,
2026-08-18T10:49:33.026069,7361,0x46,PUCCH,,,,,,,,,,,,,,,,,,2,111.8,"1.000,",,,,,,,,
2026-08-18T10:49:33.608243,7380,0x46,PUCCH,,,,,,,,,,,,,,,,,,1,-inf,"0.000,",,,,,,,,
2026-08-18T10:49:34.438513,7400,0x46,PUCCH,,,,,,,,,,,,,,,,,,1,-inf,"0.000,",,,,,,,,
2026-08-18T10:49:34.473856,7401,0x46,PUCCH,,,,,,,,,,,,,,,,,,2,111.8,"1.000,",,,,,,,,
2026-08-18T10:49:35.381444,7420,0x46,PUCCH,,,,,,,,,,,,,,,,,,1,-inf,"0.000,",,,,,,,,
2026-08-18T10:49:36.314461,7440,0x46,PUCCH,,,,,,,,,,,,,,,,,,1,-inf,"0.000,",,,,,,,,
2026-08-18T10:49:36.341994,7441,0x46,PUCCH,,,,,,,,,,,,,,,,,,2,111.8,"1.000,",,,,,,,,
2026-08-18T10:49:37.225529,7460,0x46,PUCCH,,,,,,,,,,,,,,,,,,1,-inf,"0.000,",,,,,,,,
2026-08-18T10:49:38.317943,7480,0x46,PUCCH,,,,,,,,,,,,,,,,,,1,-inf,"0.000,",,,,,,,,
2026-08-18T10:49:38.361100,7481,0x46,PUCCH,,,,,,,,,,,,,,,,,,2,111.8,"1.000,",,,,,,,,
2026-08-18T10:49:39.000243,7500,0x46,PUCCH,,,,,,,,,,,,,,,,,,1,-inf,"0.000,",,,,,,,,
2026-08-18T10:49:39.709915,7520,0x46,PUCCH,,,,,,,,,,,,,,,,,,1,-inf,"0.000,",,,,,,,,
2026-08-18T10:49:39.746886,7521,0x46,PUCCH,,,,,,,,,,,,,,,,,,2,111.8,"1.000,",,,,,,,,
2026-08-18T10:49:40.576606,7540,0x46,PUCCH,,,,,,,,,,,,,,,,,,1,-inf,"0.000,",,,,,,,,
2026-08-18T10:49:41.457723,7560,0x46,PUCCH,,,,,,,,,,,,,,,,,,1,-inf,"0.000,",,,,,,,,
2026-08-18T10:49:41.499769,7561,0x46,PUCCH,,,,,,,,,,,,,,,,,,2,111.8,"1.000,",,,,,,,,
2026-08-18T10:49:42.328446,7580,0x46,PUCCH,,,,,,,,,,,,,,,,,,1,-inf,"0.000,",,,,,,,,
2026-08-18T10:49:43.025337,7600,0x46,PUCCH,,,,,,,,,,,,,,,,,,1,-inf,"0.000,",,,,,,,,
2026-08-18T10:49:43.056868,7601,0x46,PUCCH,,,,,,,,,,,,,,,,,,2,111.8,"1.000,",,,,,,,,
2026-08-18T10:49:43.745191,7620,0x46,PUCCH,,,,,,,,,,,,,,,,,,1,-inf,"0.000,",,,,,,,,
2026-08-18T10:49:44.388306,7640,0x46,PUCCH,,,,,,,,,,,,,,,,,,1,-inf,"0.000,",,,,,,,,
2026-08-18T10:49:44.416045,7641,0x46,PUCCH,,,,,,,,,,,,,,,,,,2,111.8,"1.000,",,,,,,,,
2026-08-18T10:49:45.155223,7660,0x46,PUCCH,,,,,,,,,,,,,,,,,,1,-inf,"0.000,",,,,,,,,
2026-08-18T10:49:45.993743,7680,0x46,PUCCH,,,,,,,,,,,,,,,,,,1,-inf,"0.000,",,,,,,,,
2026-08-18T10:49:46.057829,7681,0x46,PUCCH,,,,,,,,,,,,,,,,,,2,111.8,"1.000,",,,,,,,,
2026-08-18T10:49:46.839606,7700,0x46,PUCCH,,,,,,,,,,,,,,,,,,1,-inf,"0.000,",,,,,,,,
2026-08-18T10:49:47.497166,7720,0x46,PUCCH,,,,,,,,,,,,,,,,,,1,-inf,"0.000,",,,,,,,,
2026-08-18T10:49:47.530509,7721,0x46,PUCCH,,,,,,,,,,,,,,,,,,2,111.8,"1.000,",,,,,,,,
2026-08-18T10:49:48.202432,7740,0x46,PUCCH,,,,,,,,,,,,,,,,,,1,-inf,"0.000,",,,,,,,,
2026-08-18T10:49:48.946397,7760,0x46,PUCCH,,,,,,,,,,,,,,,,,,1,-inf,"0.000,",,,,,,,,
2026-08-18T10:49:48.976951,7761,0x46,PUCCH,,,,,,,,,,,,,,,,,,2,111.8,"1.000,",,,,,,,,
2026-08-18T10:49:49.785884,7780,0x46,PUCCH,,,,,,,,,,,,,,,,,,1,-inf,"0.000,",,,,,,,,
2026-08-18T10:49:50.811910,7800,0x46,PUCCH,,,,,,,,,,,,,,,,,,1,-inf,"0.000,",,,,,,,,
2026-08-18T10:49:50.898958,7801,0x46,PUCCH,,,,,,,,,,,,,,,,,,2,111.8,"1.000,",,,,,,,,
2026-08-18T10:49:51.778947,7820,0x46,PUCCH,,,,,,,,,,,,,,,,,,1,-inf,"0.000,",,,,,,,,
2026-08-18T10:49:52.551678,7840,0x46,PUCCH,,,,,,,,,,,,,,,,,,1,-inf,"0.000,",,,,,,,,
2026-08-18T10:49:52.584752,7841,0x46,PUCCH,,,,,,,,,,,,,,,,,,2,111.8,"1.000,",,,,,,,,
2026-08-18T10:49:53.630423,7860,0x46,PUCCH,,,,,,,,,,,,,,,,,,1,-inf,"0.000,",,,,,,,,
2026-08-18T10:49:54.327730,7880,0x46,PUCCH,,,,,,,,,,,,,,,,,,1,-inf,"0.000,",,,,,,,,
2026-08-18T10:49:54.389236,7881,0x46,PUCCH,,,,,,,,,,,,,,,,,,2,111.8,"1.000,",,,,,,,,
2026-08-18T10:49:55.311332,7900,0x46,PUCCH,,,,,,,,,,,,,,,,,,1,-inf,"0.000,",,,,,,,,
2026-08-18T10:49:56.070812,7920,0x46,PUCCH,,,,,,,,,,,,,,,,,,1,-inf,"0.000,",,,,,,,,
2026-08-18T10:49:56.100218,7921,0x46,PUCCH,,,,,,,,,,,,,,,,,,2,111.8,"1.000,",,,,,,,,
2026-08-18T10:49:57.025330,7940,0x46,PUCCH,,,,,,,,,,,,,,,,,,1,-inf,"0.000,",,,,,,,,
2026-08-18T10:49:57.895385,7960,0x46,PUCCH,,,,,,,,,,,,,,,,,,1,-inf,"0.000,",,,,,,,,
2026-08-18T10:49:57.933827,7961,0x46,PUCCH,,,,,,,,,,,,,,,,,,2,111.8,"1.000,",,,,,,,,
2026-08-18T10:49:58.583668,7980,0x46,PUCCH,,,,,,,,,,,,,,,,,,1,-inf,"0.000,",,,,,,,,
2026-08-18T10:49:59.430806,8000,0x46,PUCCH,,,,,,,,,,,,,,,,,,1,-inf,"0.000,",,,,,,,,
2026-08-18T10:49:59.462484,8001,0x46,PUCCH,,,,,,,,,,,,,,,,,,2,111.8,"1.000,",,,,,,,,
2026-08-18T10:50:00.179490,8020,0x46,PUCCH,,,,,,,,,,,,,,,,,,1,-inf,"0.000,",,,,,,,,
2026-08-18T10:50:00.855682,8040,0x46,PUCCH,,,,,,,,,,,,,,,,,,1,-inf,"0.000,",,,,,,,,
2026-08-18T10:50:00.892189,8041,0x46,PUCCH,,,,,,,,,,,,,,,,,,2,111.8,"1.000,",,,,,,,,
2026-08-18T10:50:01.461096,8060,0x46,PUCCH,,,,,,,,,,,,,,,,,,1,-inf,"0.000,",,,,,,,,
2026-08-18T10:50:02.149041,8080,0x46,PUCCH,,,,,,,,,,,,,,,,,,1,-inf,"0.000,",,,,,,,,
2026-08-18T10:50:02.179167,8081,0x46,PUCCH,,,,,,,,,,,,,,,,,,2,111.8,"1.000,",,,,,,,,
2026-08-18T10:50:03.086462,8100,0x46,PUCCH,,,,,,,,,,,,,,,,,,1,-inf,"0.000,",,,,,,,,
2026-08-18T10:50:03.918982,8120,0x46,PUCCH,,,,,,,,,,,,,,,,,,1,-inf,"0.000,",,,,,,,,
2026-08-18T10:50:03.956493,8121,0x46,PUCCH,,,,,,,,,,,,,,,,,,2,111.8,"1.000,",,,,,,,,
2026-08-18T10:50:04.616907,8140,0x46,PUCCH,,,,,,,,,,,,,,,,,,1,-inf,"0.000,",,,,,,,,
2026-08-18T10:50:05.416815,8160,0x46,PUCCH,,,,,,,,,,,,,,,,,,1,-inf,"0.000,",,,,,,,,
2026-08-18T10:50:05.488910,8161,0x46,PUCCH,,,,,,,,,,,,,,,,,,2,111.8,"1.000,",,,,,,,,
2026-08-18T10:50:06.366250,8180,0x46,PUCCH,,,,,,,,,,,,,,,,,,1,-inf,"0.000,",,,,,,,,
2026-08-18T10:50:07.210058,8200,0x46,PUCCH,,,,,,,,,,,,,,,,,,1,-inf,"0.000,",,,,,,,,
2026-08-18T10:50:07.249519,8201,0x46,PUCCH,,,,,,,,,,,,,,,,,,2,111.8,"1.000,",,,,,,,,
2026-08-18T10:50:07.906977,8220,0x46,PUCCH,,,,,,,,,,,,,,,,,,1,-inf,"0.000,",,,,,,,,
2026-08-18T10:50:09.265225,8240,0x46,PUCCH,,,,,,,,,,,,,,,,,,1,-inf,"0.000,",,,,,,,,
2026-08-18T10:50:09.304860,8241,0x46,PUCCH,,,,,,,,,,,,,,,,,,2,111.8,"1.000,",,,,,,,,
2026-08-18T10:50:10.153199,8260,0x46,PUCCH,,,,,,,,,,,,,,,,,,1,-inf,"0.000,",,,,,,,,
2026-08-18T10:50:10.900076,8280,0x46,PUCCH,,,,,,,,,,,,,,,,,,1,-inf,"0.000,",,,,,,,,
2026-08-18T10:50:10.933086,8281,0x46,PUCCH,,,,,,,,,,,,,,,,,,2,111.8,"1.000,",,,,,,,,
2026-08-18T10:50:11.623136,8300,0x46,PUCCH,,,,,,,,,,,,,,,,,,1,-inf,"0.000,",,,,,,,,
2026-08-18T10:50:12.325751,8320,0x46,PUCCH,,,,,,,,,,,,,,,,,,1,-inf,"0.000,",,,,,,,,
2026-08-18T10:50:12.359098,8321,0x46,PUCCH,,,,,,,,,,,,,,,,,,2,111.8,"1.000,",,,,,,,,
2026-08-18T10:50:12.963479,8340,0x46,PUCCH,,,,,,,,,,,,,,,,,,1,-inf,"0.000,",,,,,,,,
2026-08-18T10:50:13.576152,8360,0x46,PUCCH,,,,,,,,,,,,,,,,,,1,-inf,"0.000,",,,,,,,,
2026-08-18T10:50:13.636226,8361,0x46,PUCCH,,,,,,,,,,,,,,,,,,2,111.8,"1.000,",,,,,,,,
2026-08-18T10:50:14.383182,8380,0x46,PUCCH,,,,,,,,,,,,,,,,,,1,-inf,"0.000,",,,,,,,,
2026-08-18T10:50:15.085726,8400,0x46,PUCCH,,,,,,,,,,,,,,,,,,1,-inf,"0.000,",,,,,,,,
2026-08-18T10:50:15.118000,8401,0x46,PUCCH,,,,,,,,,,,,,,,,,,2,111.8,"1.000,",,,,,,,,
2026-08-18T10:50:15.861856,8420,0x46,PUCCH,,,,,,,,,,,,,,,,,,1,-inf,"0.000,",,,,,,,,
2026-08-18T10:50:16.568647,8440,0x46,PUCCH,,,,,,,,,,,,,,,,,,1,-inf,"0.000,",,,,,,,,
2026-08-18T10:50:16.626539,8441,0x46,PUCCH,,,,,,,,,,,,,,,,,,2,111.8,"1.000,",,,,,,,,
2026-08-18T10:50:17.308574,8460,0x46,PUCCH,,,,,,,,,,,,,,,,,,1,-inf,"0.000,",,,,,,,,
2026-08-18T10:50:18.070732,8480,0x46,PUCCH,,,,,,,,,,,,,,,,,,1,-inf,"0.000,",,,,,,,,
2026-08-18T10:50:18.102221,8481,0x46,PUCCH,,,,,,,,,,,,,,,,,,2,111.8,"1.000,",,,,,,,,
2026-08-18T10:50:18.600442,8500,0x46,PUCCH,,,,,,,,,,,,,,,,,,1,-inf,"0.000,",,,,,,,,
2026-08-18T10:50:19.123503,8520,0x46,PUCCH,,,,,,,,,,,,,,,,,,1,-inf,"0.000,",,,,,,,,
2026-08-18T10:50:19.146392,8521,0x46,PUCCH,,,,,,,,,,,,,,,,,,2,111.8,"1.000,",,,,,,,,
2026-08-18T10:50:19.621775,8540,0x46,PUCCH,,,,,,,,,,,,,,,,,,1,-inf,"0.000,",,,,,,,,
2026-08-18T10:50:20.195044,8560,0x46,PUCCH,,,,,,,,,,,,,,,,,,1,-inf,"0.000,",,,,,,,,
2026-08-18T10:50:20.223156,8561,0x46,PUCCH,,,,,,,,,,,,,,,,,,2,111.8,"1.000,",,,,,,,,
2026-08-18T10:50:20.845196,8580,0x46,PUCCH,,,,,,,,,,,,,,,,,,1,-inf,"0.000,",,,,,,,,
2026-08-18T10:50:21.433715,8600,0x46,PUCCH,,,,,,,,,,,,,,,,,,1,-inf,"0.000,",,,,,,,,
2026-08-18T10:50:21.472155,8601,0x46,PUCCH,,,,,,,,,,,,,,,,,,2,111.8,"1.000,",,,,,,,,
2026-08-18T10:50:22.184160,8620,0x46,PUCCH,,,,,,,,,,,,,,,,,,1,-inf,"0.000,",,,,,,,,
2026-08-18T10:50:23.046970,8640,0x46,PUCCH,,,,,,,,,,,,,,,,,,1,-inf,"0.000,",,,,,,,,
2026-08-18T10:50:23.087891,8641,0x46,PUCCH,,,,,,,,,,,,,,,,,,2,111.8,"1.000,",,,,,,,,
2026-08-18T10:50:24.174853,8660,0x46,PUCCH,,,,,,,,,,,,,,,,,,1,-inf,"0.000,",,,,,,,,
2026-08-18T10:50:25.078894,8680,0x46,PUCCH,,,,,,,,,,,,,,,,,,1,-inf,"0.000,",,,,,,,,
2026-08-18T10:50:25.115912,8681,0x46,PUCCH,,,,,,,,,,,,,,,,,,2,111.8,"1.000,",,,,,,,,
2026-08-18T10:50:25.857011,8700,0x46,PUCCH,,,,,,,,,,,,,,,,,,1,-inf,"0.000,",,,,,,,,
2026-08-18T10:50:26.695321,8720,0x46,PUCCH,,,,,,,,,,,,,,,,,,1,-inf,"0.000,",,,,,,,,
2026-08-18T10:50:26.735020,8721,0x46,PUCCH,,,,,,,,,,,,,,,,,,2,111.8,"1.000,",,,,,,,,
2026-08-18T10:50:27.734815,8740,0x46,PUCCH,,,,,,,,,,,,,,,,,,1,-inf,"0.000,",,,,,,,,
2026-08-18T10:50:28.583034,8760,0x46,PUCCH,,,,,,,,,,,,,,,,,,1,-inf,"0.000,",,,,,,,,
2026-08-18T10:50:28.655899,8761,0x46,PUCCH,,,,,,,,,,,,,,,,,,2,111.8,"1.000,",,,,,,,,
2026-08-18T10:50:29.453537,8780,0x46,PUCCH,,,,,,,,,,,,,,,,,,1,-inf,"0.000,",,,,,,,,
2026-08-18T10:50:30.072875,8800,0x46,PUCCH,,,,,,,,,,,,,,,,,,1,-inf,"0.000,",,,,,,,,
2026-08-18T10:50:30.137942,8801,0x46,PUCCH,,,,,,,,,,,,,,,,,,2,111.8,"1.000,",,,,,,,,
2026-08-18T10:50:30.940608,8820,0x46,PUCCH,,,,,,,,,,,,,,,,,,1,-inf,"0.000,",,,,,,,,
2026-08-18T10:50:31.635209,8840,0x46,PUCCH,,,,,,,,,,,,,,,,,,1,-inf,"0.000,",,,,,,,,
2026-08-18T10:50:31.667632,8841,0x46,PUCCH,,,,,,,,,,,,,,,,,,2,111.8,"1.000,",,,,,,,,
2026-08-18T10:50:32.608696,8860,0x46,PUCCH,,,,,,,,,,,,,,,,,,1,-inf,"0.000,",,,,,,,,
2026-08-18T10:50:33.246591,8880,0x46,PUCCH,,,,,,,,,,,,,,,,,,1,-inf,"0.000,",,,,,,,,
2026-08-18T10:50:33.276800,8881,0x46,PUCCH,,,,,,,,,,,,,,,,,,2,111.8,"1.000,",,,,,,,,
2026-08-18T10:50:33.985109,8900,0x46,PUCCH,,,,,,,,,,,,,,,,,,1,-inf,"0.000,",,,,,,,,
2026-08-18T10:50:34.728829,8920,0x46,PUCCH,,,,,,,,,,,,,,,,,,1,-inf,"0.000,",,,,,,,,
2026-08-18T10:50:34.764715,8921,0x46,PUCCH,,,,,,,,,,,,,,,,,,2,111.8,"1.000,",,,,,,,,
2026-08-18T10:50:35.430991,8940,0x46,PUCCH,,,,,,,,,,,,,,,,,,1,-inf,"0.000,",,,,,,,,
2026-08-18T10:50:36.270494,8960,0x46,PUCCH,,,,,,,,,,,,,,,,,,1,-inf,"0.000,",,,,,,,,
2026-08-18T10:50:36.306107,8961,0x46,PUCCH,,,,,,,,,,,,,,,,,,2,111.8,"1.000,",,,,,,,,
2026-08-18T10:50:36.926567,8980,0x46,PUCCH,,,,,,,,,,,,,,,,,,1,-inf,"0.000,",,,,,,,,
2026-08-18T10:50:37.852563,9000,0x46,PUCCH,,,,,,,,,,,,,,,,,,1,-inf,"0.000,",,,,,,,,
2026-08-18T10:50:37.898341,9001,0x46,PUCCH,,,,,,,,,,,,,,,,,,2,111.8,"1.000,",,,,,,,,
2026-08-18T10:50:38.709385,9020,0x46,PUCCH,,,,,,,,,,,,,,,,,,1,-inf,"0.000,",,,,,,,,
2026-08-18T10:50:39.482262,9040,0x46,PUCCH,,,,,,,,,,,,,,,,,,1,-inf,"0.000,",,,,,,,,
2026-08-18T10:50:39.518761,9041,0x46,PUCCH,,,,,,,,,,,,,,,,,,2,111.8,"1.000,",,,,,,,,
2026-08-18T10:50:40.258232,9060,0x46,PUCCH,,,,,,,,,,,,,,,,,,1,-inf,"0.000,",,,,,,,,
2026-08-18T10:50:40.989304,9080,0x46,PUCCH,,,,,,,,,,,,,,,,,,1,-inf,"0.000,",,,,,,,,
2026-08-18T10:50:41.028731,9081,0x46,PUCCH,,,,,,,,,,,,,,,,,,2,111.8,"1.000,",,,,,,,,
2026-08-18T10:50:41.737028,9100,0x46,PUCCH,,,,,,,,,,,,,,,,,,1,-inf,"0.000,",,,,,,,,
2026-08-18T10:50:42.457125,9120,0x46,PUCCH,,,,,,,,,,,,,,,,,,1,-inf,"0.000,",,,,,,,,
2026-08-18T10:50:42.483893,9121,0x46,PUCCH,,,,,,,,,,,,,,,,,,2,111.8,"1.000,",,,,,,,,
2026-08-18T10:50:43.326764,9140,0x46,PUCCH,,,,,,,,,,,,,,,,,,1,-inf,"0.000,",,,,,,,,
2026-08-18T10:50:44.184450,9160,0x46,PUCCH,,,,,,,,,,,,,,,,,,1,-inf,"0.000,",,,,,,,,
2026-08-18T10:50:44.206115,9161,0x46,PUCCH,,,,,,,,,,,,,,,,,,2,111.8,"1.000,",,,,,,,,
2026-08-18T10:50:44.886278,9180,0x46,PUCCH,,,,,,,,,,,,,,,,,,1,-inf,"0.000,",,,,,,,,
2026-08-18T10:50:45.476747,9200,0x46,PUCCH,,,,,,,,,,,,,,,,,,1,-inf,"0.000,",,,,,,,,
2026-08-18T10:50:45.504642,9201,0x46,PUCCH,,,,,,,,,,,,,,,,,,2,111.8,"1.000,",,,,,,,,
2026-08-18T10:50:46.029949,9220,0x46,PUCCH,,,,,,,,,,,,,,,,,,1,-inf,"0.000,",,,,,,,,
2026-08-18T10:50:46.653919,9240,0x46,PUCCH,,,,,,,,,,,,,,,,,,1,-inf,"0.000,",,,,,,,,
2026-08-18T10:50:46.679906,9241,0x46,PUCCH,,,,,,,,,,,,,,,,,,2,111.8,"1.000,",,,,,,,,
2026-08-18T10:50:47.303346,9260,0x46,PUCCH,,,,,,,,,,,,,,,,,,1,-inf,"0.000,",,,,,,,,
2026-08-18T10:50:48.443294,9280,0x46,PUCCH,,,,,,,,,,,,,,,,,,1,-inf,"0.000,",,,,,,,,
2026-08-18T10:50:48.487287,9281,0x46,PUCCH,,,,,,,,,,,,,,,,,,2,111.8,"1.000,",,,,,,,,
2026-08-18T10:50:49.036963,9300,0x46,PUCCH,,,,,,,,,,,,,,,,,,1,-inf,"0.000,",,,,,,,,
2026-08-18T10:50:49.654573,9320,0x46,PUCCH,,,,,,,,,,,,,,,,,,1,-inf,"0.000,",,,,,,,,
2026-08-18T10:50:49.676152,9321,0x46,PUCCH,,,,,,,,,,,,,,,,,,2,111.8,"1.000,",,,,,,,,
2026-08-18T10:50:50.410566,9340,0x46,PUCCH,,,,,,,,,,,,,,,,,,1,-inf,"0.000,",,,,,,,,
2026-08-18T10:50:51.274104,9360,0x46,PUCCH,,,,,,,,,,,,,,,,,,1,-inf,"0.000,",,,,,,,,
2026-08-18T10:50:51.327804,9361,0x46,PUCCH,,,,,,,,,,,,,,,,,,2,111.8,"1.000,",,,,,,,,
2026-08-18T10:50:52.165717,9380,0x46,PUCCH,,,,,,,,,,,,,,,,,,1,-inf,"0.000,",,,,,,,,
2026-08-18T10:50:52.889982,9400,0x46,PUCCH,,,,,,,,,,,,,,,,,,1,-inf,"0.000,",,,,,,,,
2026-08-18T10:50:52.931873,9401,0x46,PUCCH,,,,,,,,,,,,,,,,,,2,111.8,"1.000,",,,,,,,,
2026-08-18T10:50:53.794164,9420,0x46,PUCCH,,,,,,,,,,,,,,,,,,1,-inf,"0.000,",,,,,,,,
2026-08-18T10:50:54.545364,9440,0x46,PUCCH,,,,,,,,,,,,,,,,,,1,-inf,"0.000,",,,,,,,,
2026-08-18T10:50:54.589264,9441,0x46,PUCCH,,,,,,,,,,,,,,,,,,2,111.8,"1.000,",,,,,,,,
2026-08-18T10:50:55.265763,9460,0x46,PUCCH,,,,,,,,,,,,,,,,,,1,-inf,"0.000,",,,,,,,,
2026-08-18T10:50:55.989293,9480,0x46,PUCCH,,,,,,,,,,,,,,,,,,1,-inf,"0.000,",,,,,,,,
2026-08-18T10:50:56.018805,9481,0x46,PUCCH,,,,,,,,,,,,,,,,,,2,111.8,"1.000,",,,,,,,,
2026-08-18T10:50:56.580413,9500,0x46,PUCCH,,,,,,,,,,,,,,,,,,1,-inf,"0.000,",,,,,,,,
2026-08-18T10:50:57.436788,9520,0x46,PUCCH,,,,,,,,,,,,,,,,,,1,-inf,"0.000,",,,,,,,,
2026-08-18T10:50:57.473899,9521,0x46,PUCCH,,,,,,,,,,,,,,,,,,2,111.8,"1.000,",,,,,,,,
2026-08-18T10:50:58.175957,9540,0x46,PUCCH,,,,,,,,,,,,,,,,,,1,-inf,"0.000,",,,,,,,,
2026-08-18T10:50:58.856123,9560,0x46,PUCCH,,,,,,,,,,,,,,,,,,1,-inf,"0.000,",,,,,,,,
2026-08-18T10:50:58.900316,9561,0x46,PUCCH,,,,,,,,,,,,,,,,,,2,111.8,"1.000,",,,,,,,,
2026-08-18T10:50:59.551615,9580,0x46,PUCCH,,,,,,,,,,,,,,,,,,1,-inf,"0.000,",,,,,,,,
2026-08-18T10:51:00.353834,9600,0x46,PUCCH,,,,,,,,,,,,,,,,,,1,-inf,"0.000,",,,,,,,,
2026-08-18T10:51:00.382389,9601,0x46,PUCCH,,,,,,,,,,,,,,,,,,2,111.8,"1.000,",,,,,,,,
2026-08-18T10:51:01.247941,9620,0x46,PUCCH,,,,,,,,,,,,,,,,,,1,-inf,"0.000,",,,,,,,,
2026-08-18T10:51:02.172177,9640,0x46,PUCCH,,,,,,,,,,,,,,,,,,1,-inf,"0.000,",,,,,,,,
2026-08-18T10:51:02.208942,9641,0x46,PUCCH,,,,,,,,,,,,,,,,,,2,111.8,"1.000,",,,,,,,,
2026-08-18T10:51:03.232908,9660,0x46,PUCCH,,,,,,,,,,,,,,,,,,1,-inf,"0.000,",,,,,,,,
2026-08-18T10:51:04.014739,9680,0x46,PUCCH,,,,,,,,,,,,,,,,,,1,-inf,"0.000,",,,,,,,,
2026-08-18T10:51:04.051917,9681,0x46,PUCCH,,,,,,,,,,,,,,,,,,2,111.8,"1.000,",,,,,,,,
2026-08-18T10:51:04.777585,9700,0x46,PUCCH,,,,,,,,,,,,,,,,,,1,-inf,"0.000,",,,,,,,,
2026-08-18T10:51:05.594127,9720,0x46,PUCCH,,,,,,,,,,,,,,,,,,1,-inf,"0.000,",,,,,,,,
2026-08-18T10:51:05.649562,9721,0x46,PUCCH,,,,,,,,,,,,,,,,,,2,111.8,"1.000,",,,,,,,,
2026-08-18T10:51:06.510031,9740,0x46,PUCCH,,,,,,,,,,,,,,,,,,1,-inf,"0.000,",,,,,,,,
2026-08-18T10:51:07.247968,9760,0x46,PUCCH,,,,,,,,,,,,,,,,,,1,-inf,"0.000,",,,,,,,,
2026-08-18T10:51:07.289514,9761,0x46,PUCCH,,,,,,,,,,,,,,,,,,2,111.8,"1.000,",,,,,,,,
2026-08-18T10:51:08.040421,9780,0x46,PUCCH,,,,,,,,,,,,,,,,,,1,-inf,"0.000,",,,,,,,,
2026-08-18T10:51:08.708259,9800,0x46,PUCCH,,,,,,,,,,,,,,,,,,1,-inf,"0.000,",,,,,,,,
2026-08-18T10:51:08.738417,9801,0x46,PUCCH,,,,,,,,,,,,,,,,,,2,111.8,"1.000,",,,,,,,,
2026-08-18T10:51:09.329923,9820,0x46,PUCCH,,,,,,,,,,,,,,,,,,1,-inf,"0.000,",,,,,,,,
2026-08-18T10:51:10.157607,9840,0x46,PUCCH,,,,,,,,,,,,,,,,,,1,-inf,"0.000,",,,,,,,,
2026-08-18T10:51:10.205825,9841,0x46,PUCCH,,,,,,,,,,,,,,,,,,2,111.8,"1.000,",,,,,,,,
2026-08-18T10:51:11.212865,9860,0x46,PUCCH,,,,,,,,,,,,,,,,,,1,-inf,"0.000,",,,,,,,,
2026-08-18T10:51:11.968174,9880,0x46,PUCCH,,,,,,,,,,,,,,,,,,1,-inf,"0.000,",,,,,,,,
2026-08-18T10:51:12.008542,9881,0x46,PUCCH,,,,,,,,,,,,,,,,,,2,111.8,"1.000,",,,,,,,,
2026-08-18T10:51:12.933906,9900,0x46,PUCCH,,,,,,,,,,,,,,,,,,1,-inf,"0.000,",,,,,,,,
2026-08-18T10:51:13.607830,9920,0x46,PUCCH,,,,,,,,,,,,,,,,,,1,-inf,"0.000,",,,,,,,,
2026-08-18T10:51:13.645866,9921,0x46,PUCCH,,,,,,,,,,,,,,,,,,2,111.8,"1.000,",,,,,,,,
2026-08-18T10:51:14.330160,9940,0x46,PUCCH,,,,,,,,,,,,,,,,,,1,-inf,"0.000,",,,,,,,,
2026-08-18T10:51:15.160488,9960,0x46,PUCCH,,,,,,,,,,,,,,,,,,1,-inf,"0.000,",,,,,,,,
2026-08-18T10:51:15.196079,9961,0x46,PUCCH,,,,,,,,,,,,,,,,,,2,111.8,"1.000,",,,,,,,,
2026-08-18T10:51:16.090425,9980,0x46,PUCCH,,,,,,,,,,,,,,,,,,1,-inf,"0.000,",,,,,,,,
2026-08-18T10:51:17.095338,10000,0x46,PUCCH,,,,,,,,,,,,,,,,,,1,-inf,"0.000,",,,,,,,,
2026-08-18T10:51:17.148577,10001,0x46,PUCCH,,,,,,,,,,,,,,,,,,2,111.8,"1.000,",,,,,,,,
2026-08-18T10:51:17.966880,10020,0x46,PUCCH,,,,,,,,,,,,,,,,,,1,-inf,"0.000,",,,,,,,,
2026-08-18T10:51:18.804191,10040,0x46,PUCCH,,,,,,,,,,,,,,,,,,1,-inf,"0.000,",,,,,,,,
2026-08-18T10:51:18.839930,10041,0x46,PUCCH,,,,,,,,,,,,,,,,,,2,111.8,"1.000,",,,,,,,,
2026-08-18T10:51:19.668428,10060,0x46,PUCCH,,,,,,,,,,,,,,,,,,1,-inf,"0.000,",,,,,,,,
2026-08-18T10:51:20.845380,10080,0x46,PUCCH,,,,,,,,,,,,,,,,,,1,-inf,"0.000,",,,,,,,,
2026-08-18T10:51:20.932779,10081,0x46,PUCCH,,,,,,,,,,,,,,,,,,2,111.8,"1.000,",,,,,,,,
2026-08-18T10:51:21.668341,10100,0x46,PUCCH,,,,,,,,,,,,,,,,,,1,-inf,"0.000,",,,,,,,,
2026-08-18T10:51:22.579827,10120,0x46,PUCCH,,,,,,,,,,,,,,,,,,1,-inf,"0.000,",,,,,,,,
2026-08-18T10:51:22.622313,10121,0x46,PUCCH,,,,,,,,,,,,,,,,,,2,111.8,"1.000,",,,,,,,,
2026-08-18T10:51:24.102454,10140,0x46,PUCCH,,,,,,,,,,,,,,,,,,1,-inf,"0.000,",,,,,,,,
2026-08-18T10:51:24.983848,10160,0x46,PUCCH,,,,,,,,,,,,,,,,,,1,-inf,"0.000,",,,,,,,,
2026-08-18T10:51:25.016469,10161,0x46,PUCCH,,,,,,,,,,,,,,,,,,2,111.8,"1.000,",,,,,,,,
2026-08-18T10:51:25.758657,10180,0x46,PUCCH,,,,,,,,,,,,,,,,,,1,-inf,"0.000,",,,,,,,,
2026-08-18T10:51:26.493961,10200,0x46,PUCCH,,,,,,,,,,,,,,,,,,1,-inf,"0.000,",,,,,,,,
2026-08-18T10:51:26.516950,10201,0x46,PUCCH,,,,,,,,,,,,,,,,,,2,111.8,"1.000,",,,,,,,,
2026-08-18T10:51:27.144719,10220,0x46,PUCCH,,,,,,,,,,,,,,,,,,1,-inf,"0.000,",,,,,,,,
2026-08-18T10:51:27.950396,0,0x46,PUCCH,,,,,,,,,,,,,,,,,,1,-inf,"0.000,",,,,,,,,
2026-08-18T10:51:27.977953,1,0x46,PUCCH,,,,,,,,,,,,,,,,,,2,111.8,"1.000,",,,,,,,,
2026-08-18T10:51:28.777302,20,0x46,PUCCH,,,,,,,,,,,,,,,,,,1,-inf,"0.000,",,,,,,,,
2026-08-18T10:51:29.544377,40,0x46,PUCCH,,,,,,,,,,,,,,,,,,1,-inf,"0.000,",,,,,,,,
2026-08-18T10:51:29.581440,41,0x46,PUCCH,,,,,,,,,,,,,,,,,,2,111.8,"1.000,",,,,,,,,
2026-08-18T10:51:30.345475,60,0x46,PUCCH,,,,,,,,,,,,,,,,,,1,-inf,"0.000,",,,,,,,,
2026-08-18T10:51:31.207077,80,0x46,PUCCH,,,,,,,,,,,,,,,,,,1,-inf,"0.000,",,,,,,,,
2026-08-18T10:51:31.238296,81,0x46,PUCCH,,,,,,,,,,,,,,,,,,2,111.8,"1.000,",,,,,,,,
2026-08-18T10:51:31.953473,100,0x46,PUCCH,,,,,,,,,,,,,,,,,,1,-inf,"0.000,",,,,,,,,
2026-08-18T10:51:32.751689,120,0x46,PUCCH,,,,,,,,,,,,,,,,,,1,-inf,"0.000,",,,,,,,,
2026-08-18T10:51:32.778926,121,0x46,PUCCH,,,,,,,,,,,,,,,,,,2,111.8,"1.000,",,,,,,,,
2026-08-18T10:51:33.664084,140,0x46,PUCCH,,,,,,,,,,,,,,,,,,1,-inf,"0.000,",,,,,,,,
2026-08-18T10:51:34.351486,160,0x46,PUCCH,,,,,,,,,,,,,,,,,,1,-inf,"0.000,",,,,,,,,
2026-08-18T10:51:34.421202,161,0x46,PUCCH,,,,,,,,,,,,,,,,,,2,111.8,"1.000,",,,,,,,,
2026-08-18T10:51:35.324509,180,0x46,PUCCH,,,,,,,,,,,,,,,,,,1,-inf,"0.000,",,,,,,,,
2026-08-18T10:51:36.406883,200,0x46,PUCCH,,,,,,,,,,,,,,,,,,1,-inf,"0.000,",,,,,,,,
2026-08-18T10:51:36.460229,201,0x46,PUCCH,,,,,,,,,,,,,,,,,,2,111.8,"1.000,",,,,,,,,
2026-08-18T10:51:37.497486,220,0x46,PUCCH,,,,,,,,,,,,,,,,,,1,-inf,"0.000,",,,,,,,,
2026-08-18T10:51:38.103572,240,0x46,PUCCH,,,,,,,,,,,,,,,,,,1,-inf,"0.000,",,,,,,,,
2026-08-18T10:51:38.153847,241,0x46,PUCCH,,,,,,,,,,,,,,,,,,2,111.8,"1.000,",,,,,,,,
2026-08-18T10:51:38.918208,260,0x46,PUCCH,,,,,,,,,,,,,,,,,,1,-inf,"0.000,",,,,,,,,
2026-08-18T10:51:39.842638,280,0x46,PUCCH,,,,,,,,,,,,,,,,,,1,-inf,"0.000,",,,,,,,,
2026-08-18T10:51:39.886193,281,0x46,PUCCH,,,,,,,,,,,,,,,,,,2,111.8,"1.000,",,,,,,,,
2026-08-18T10:51:40.594663,300,0x46,PUCCH,,,,,,,,,,,,,,,,,,1,-inf,"0.000,",,,,,,,,
2026-08-18T10:51:41.297310,320,0x46,PUCCH,,,,,,,,,,,,,,,,,,1,-inf,"0.000,",,,,,,,,
2026-08-18T10:51:41.557893,321,0x46,PUCCH,,,,,,,,,,,,,,,,,,2,111.8,"1.000,",,,,,,,,
2026-08-18T10:51:42.525651,340,0x46,PUCCH,,,,,,,,,,,,,,,,,,1,-inf,"0.000,",,,,,,,,
2026-08-18T10:51:43.225277,360,0x46,PUCCH,,,,,,,,,,,,,,,,,,1,-inf,"0.000,",,,,,,,,
2026-08-18T10:51:43.253379,361,0x46,PUCCH,,,,,,,,,,,,,,,,,,2,111.8,"1.000,",,,,,,,,
2026-08-18T10:51:43.697392,380,0x46,PUCCH,,,,,,,,,,,,,,,,,,1,-inf,"0.000,",,,,,,,,
2026-08-18T10:51:44.273467,400,0x46,PUCCH,,,,,,,,,,,,,,,,,,1,-inf,"0.000,",,,,,,,,
2026-08-18T10:51:44.304686,401,0x46,PUCCH,,,,,,,,,,,,,,,,,,2,111.8,"1.000,",,,,,,,,
2026-08-18T10:51:44.994029,420,0x46,PUCCH,,,,,,,,,,,,,,,,,,1,-inf,"0.000,",,,,,,,,
2026-08-18T10:51:45.781789,440,0x46,PUCCH,,,,,,,,,,,,,,,,,,1,-inf,"0.000,",,,,,,,,
2026-08-18T10:51:45.813960,441,0x46,PUCCH,,,,,,,,,,,,,,,,,,2,111.8,"1.000,",,,,,,,,
2026-08-18T10:51:46.588257,460,0x46,PUCCH,,,,,,,,,,,,,,,,,,1,-inf,"0.000,",,,,,,,,
2026-08-18T10:51:47.457794,480,0x46,PUCCH,,,,,,,,,,,,,,,,,,1,-inf,"0.000,",,,,,,,,
2026-08-18T10:51:47.518663,481,0x46,PUCCH,,,,,,,,,,,,,,,,,,2,111.8,"1.000,",,,,,,,,
2026-08-18T10:51:48.344717,500,0x46,PUCCH,,,,,,,,,,,,,,,,,,1,-inf,"0.000,",,,,,,,,
2026-08-18T10:51:49.126810,520,0x46,PUCCH,,,,,,,,,,,,,,,,,,1,-inf,"0.000,",,,,,,,,
2026-08-18T10:51:49.173972,521,0x46,PUCCH,,,,,,,,,,,,,,,,,,2,111.8,"1.000,",,,,,,,,
2026-08-18T10:51:50.053599,540,0x46,PUCCH,,,,,,,,,,,,,,,,,,1,-inf,"0.000,",,,,,,,,
2026-08-18T10:51:51.086508,560,0x46,PUCCH,,,,,,,,,,,,,,,,,,1,-inf,"0.000,",,,,,,,,
2026-08-18T10:51:51.139007,561,0x46,PUCCH,,,,,,,,,,,,,,,,,,2,111.8,"1.000,",,,,,,,,
2026-08-18T10:51:52.149009,580,0x46,PUCCH,,,,,,,,,,,,,,,,,,1,-inf,"0.000,",,,,,,,,
2026-08-18T10:51:52.978711,600,0x46,PUCCH,,,,,,,,,,,,,,,,,,1,-inf,"0.000,",,,,,,,,
2026-08-18T10:51:53.008480,601,0x46,PUCCH,,,,,,,,,,,,,,,,,,2,111.8,"1.000,",,,,,,,,
2026-08-18T10:51:53.891466,620,0x46,PUCCH,,,,,,,,,,,,,,,,,,1,-inf,"0.000,",,,,,,,,
2026-08-18T10:51:54.783544,640,0x46,PUCCH,,,,,,,,,,,,,,,,,,1,-inf,"0.000,",,,,,,,,
2026-08-18T10:51:54.820633,641,0x46,PUCCH,,,,,,,,,,,,,,,,,,2,111.8,"1.000,",,,,,,,,
2026-08-18T10:51:55.548709,660,0x46,PUCCH,,,,,,,,,,,,,,,,,,1,-inf,"0.000,",,,,,,,,
2026-08-18T10:51:56.344420,680,0x46,PUCCH,,,,,,,,,,,,,,,,,,1,-inf,"0.000,",,,,,,,,
2026-08-18T10:51:56.375971,681,0x46,PUCCH,,,,,,,,,,,,,,,,,,2,111.8,"1.000,",,,,,,,,
2026-08-18T10:51:57.241232,700,0x46,PUCCH,,,,,,,,,,,,,,,,,,1,-inf,"0.000,",,,,,,,,
2026-08-18T10:51:58.048795,720,0x46,PUCCH,,,,,,,,,,,,,,,,,,1,-inf,"0.000,",,,,,,,,
2026-08-18T10:51:58.075859,721,0x46,PUCCH,,,,,,,,,,,,,,,,,,2,111.8,"1.000,",,,,,,,,
2026-08-18T10:51:58.897487,740,0x46,PUCCH,,,,,,,,,,,,,,,,,,1,-inf,"0.000,",,,,,,,,
2026-08-18T10:51:59.568313,760,0x46,PUCCH,,,,,,,,,,,,,,,,,,1,-inf,"0.000,",,,,,,,,
2026-08-18T10:51:59.607782,761,0x46,PUCCH,,,,,,,,,,,,,,,,,,2,111.8,"1.000,",,,,,,,,
2026-08-18T10:52:00.284619,780,0x46,PUCCH,,,,,,,,,,,,,,,,,,1,-inf,"0.000,",,,,,,,,
2026-08-18T10:52:01.045332,800,0x46,PUCCH,,,,,,,,,,,,,,,,,,1,-inf,"0.000,",,,,,,,,
2026-08-18T10:52:01.081532,801,0x46,PUCCH,,,,,,,,,,,,,,,,,,2,111.8,"1.000,",,,,,,,,
2026-08-18T10:52:01.738736,820,0x46,PUCCH,,,,,,,,,,,,,,,,,,1,-inf,"0.000,",,,,,,,,
2026-08-18T10:52:02.735386,840,0x46,PUCCH,,,,,,,,,,,,,,,,,,1,-inf,"0.000,",,,,,,,,
2026-08-18T10:52:02.787174,841,0x46,PUCCH,,,,,,,,,,,,,,,,,,2,111.8,"1.000,",,,,,,,,
2026-08-18T10:52:03.651528,860,0x46,PUCCH,,,,,,,,,,,,,,,,,,1,-inf,"0.000,",,,,,,,,
2026-08-18T10:52:04.473928,880,0x46,PUCCH,,,,,,,,,,,,,,,,,,1,-inf,"0.000,",,,,,,,,
2026-08-18T10:52:04.512491,881,0x46,PUCCH,,,,,,,,,,,,,,,,,,2,111.8,"1.000,",,,,,,,,
2026-08-18T10:52:05.287847,900,0x46,PUCCH,,,,,,,,,,,,,,,,,,1,-inf,"0.000,",,,,,,,,
2026-08-18T10:52:05.986130,920,0x46,PUCCH,,,,,,,,,,,,,,,,,,1,-inf,"0.000,",,,,,,,,
2026-08-18T10:52:06.013808,921,0x46,PUCCH,,,,,,,,,,,,,,,,,,2,111.8,"1.000,",,,,,,,,
2026-08-18T10:52:06.671912,940,0x46,PUCCH,,,,,,,,,,,,,,,,,,1,-inf,"0.000,",,,,,,,,
2026-08-18T10:52:07.502022,960,0x46,PUCCH,,,,,,,,,,,,,,,,,,1,-inf,"0.000,",,,,,,,,
2026-08-18T10:52:07.544530,961,0x46,PUCCH,,,,,,,,,,,,,,,,,,2,111.8,"1.000,",,,,,,,,
2026-08-18T10:52:08.160874,980,0x46,PUCCH,,,,,,,,,,,,,,,,,,1,-inf,"0.000,",,,,,,,,
2026-08-18T10:52:09.062581,1000,0x46,PUCCH,,,,,,,,,,,,,,,,,,1,-inf,"0.000,",,,,,,,,
2026-08-18T10:52:09.110891,1001,0x46,PUCCH,,,,,,,,,,,,,,,,,,2,111.8,"1.000,",,,,,,,,
2026-08-18T10:52:09.769607,1020,0x46,PUCCH,,,,,,,,,,,,,,,,,,1,-inf,"0.000,",,,,,,,,
2026-08-18T10:52:10.521625,1040,0x46,PUCCH,,,,,,,,,,,,,,,,,,1,-inf,"0.000,",,,,,,,,
2026-08-18T10:52:10.566620,1041,0x46,PUCCH,,,,,,,,,,,,,,,,,,2,111.8,"1.000,",,,,,,,,
2026-08-18T10:52:11.372406,1060,0x46,PUCCH,,,,,,,,,,,,,,,,,,1,-inf,"0.000,",,,,,,,,
2026-08-18T10:52:12.318257,1080,0x46,PUCCH,,,,,,,,,,,,,,,,,,1,-inf,"0.000,",,,,,,,,
2026-08-18T10:52:12.357159,1081,0x46,PUCCH,,,,,,,,,,,,,,,,,,2,111.8,"1.000,",,,,,,,,
2026-08-18T10:52:13.285202,1100,0x46,PUCCH,,,,,,,,,,,,,,,,,,1,-inf,"0.000,",,,,,,,,
2026-08-18T10:52:13.938383,1120,0x46,PUCCH,,,,,,,,,,,,,,,,,,1,-inf,"0.000,",,,,,,,,
2026-08-18T10:52:13.970228,1121,0x46,PUCCH,,,,,,,,,,,,,,,,,,2,111.8,"1.000,",,,,,,,,
2026-08-18T10:52:14.607005,1140,0x46,PUCCH,,,,,,,,,,,,,,,,,,1,-inf,"0.000,",,,,,,,,
2026-08-18T10:52:15.159641,1160,0x46,PUCCH,,,,,,,,,,,,,,,,,,1,-inf,"0.000,",,,,,,,,
2026-08-18T10:52:15.179892,1161,0x46,PUCCH,,,,,,,,,,,,,,,,,,2,111.8,"1.000,",,,,,,,,
2026-08-18T10:52:15.849402,1180,0x46,PUCCH,,,,,,,,,,,,,,,,,,1,-inf,"0.000,",,,,,,,,
2026-08-18T10:52:16.762799,1200,0x46,PUCCH,,,,,,,,,,,,,,,,,,1,-inf,"0.000,",,,,,,,,
2026-08-18T10:52:16.809489,1201,0x46,PUCCH,,,,,,,,,,,,,,,,,,2,111.8,"1.000,",,,,,,,,
2026-08-18T10:52:17.560801,1220,0x46,PUCCH,,,,,,,,,,,,,,,,,,1,-inf,"0.000,",,,,,,,,
2026-08-18T10:52:18.192818,1240,0x46,PUCCH,,,,,,,,,,,,,,,,,,1,-inf,"0.000,",,,,,,,,
2026-08-18T10:52:18.228351,1241,0x46,PUCCH,,,,,,,,,,,,,,,,,,2,111.8,"1.000,",,,,,,,,
2026-08-18T10:52:18.927006,1260,0x46,PUCCH,,,,,,,,,,,,,,,,,,1,-inf,"0.000,",,,,,,,,
2026-08-18T10:52:19.650675,1280,0x46,PUCCH,,,,,,,,,,,,,,,,,,1,-inf,"0.000,",,,,,,,,
2026-08-18T10:52:19.689536,1281,0x46,PUCCH,,,,,,,,,,,,,,,,,,2,111.8,"1.000,",,,,,,,,
2026-08-18T10:52:20.328746,1300,0x46,PUCCH,,,,,,,,,,,,,,,,,,1,-inf,"0.000,",,,,,,,,
2026-08-18T10:52:21.116063,1320,0x46,PUCCH,,,,,,,,,,,,,,,,,,1,-inf,"0.000,",,,,,,,,
2026-08-18T10:52:21.146929,1321,0x46,PUCCH,,,,,,,,,,,,,,,,,,2,111.8,"1.000,",,,,,,,,
2026-08-18T10:52:21.791994,1340,0x46,PUCCH,,,,,,,,,,,,,,,,,,1,-inf,"0.000,",,,,,,,,
2026-08-18T10:52:22.665851,1360,0x46,PUCCH,,,,,,,,,,,,,,,,,,1,-inf,"0.000,",,,,,,,,
2026-08-18T10:52:22.717896,1361,0x46,PUCCH,,,,,,,,,,,,,,,,,,2,111.8,"1.000,",,,,,,,,
2026-08-18T10:52:24.089868,1380,0x46,PUCCH,,,,,,,,,,,,,,,,,,1,-inf,"0.000,",,,,,,,,
2026-08-18T10:52:24.926221,1400,0x46,PUCCH,,,,,,,,,,,,,,,,,,1,-inf,"0.000,",,,,,,,,
2026-08-18T10:52:24.959697,1401,0x46,PUCCH,,,,,,,,,,,,,,,,,,2,111.8,"1.000,",,,,,,,,
2026-08-18T10:52:25.827695,1420,0x46,PUCCH,,,,,,,,,,,,,,,,,,1,-inf,"0.000,",,,,,,,,
2026-08-18T10:52:26.829502,1440,0x46,PUCCH,,,,,,,,,,,,,,,,,,1,-inf,"0.000,",,,,,,,,
2026-08-18T10:52:26.890649,1441,0x46,PUCCH,,,,,,,,,,,,,,,,,,2,111.8,"1.000,",,,,,,,,
2026-08-18T10:52:27.634831,1460,0x46,PUCCH,,,,,,,,,,,,,,,,,,1,-inf,"0.000,",,,,,,,,
2026-08-18T10:52:28.421981,1480,0x46,PUCCH,,,,,,,,,,,,,,,,,,1,-inf,"0.000,",,,,,,,,
2026-08-18T10:52:28.449279,1481,0x46,PUCCH,,,,,,,,,,,,,,,,,,2,111.8,"1.000,",,,,,,,,
2026-08-18T10:52:29.004518,1500,0x46,PUCCH,,,,,,,,,,,,,,,,,,1,-inf,"0.000,",,,,,,,,
2026-08-18T10:52:29.870831,1520,0x46,PUCCH,,,,,,,,,,,,,,,,,,1,-inf,"0.000,",,,,,,,,
2026-08-18T10:52:29.918396,1521,0x46,PUCCH,,,,,,,,,,,,,,,,,,2,111.8,"1.000,",,,,,,,,
2026-08-18T10:52:30.774792,1540,0x46,PUCCH,,,,,,,,,,,,,,,,,,1,-inf,"0.000,",,,,,,,,
2026-08-18T10:52:31.515854,1560,0x46,PUCCH,,,,,,,,,,,,,,,,,,1,-inf,"0.000,",,,,,,,,
2026-08-18T10:52:31.553242,1561,0x46,PUCCH,,,,,,,,,,,,,,,,,,2,111.8,"1.000,",,,,,,,,
2026-08-18T10:52:32.179078,1580,0x46,PUCCH,,,,,,,,,,,,,,,,,,1,-inf,"0.000,",,,,,,,,
2026-08-18T10:52:32.931690,1600,0x46,PUCCH,,,,,,,,,,,,,,,,,,1,-inf,"0.000,",,,,,,,,
2026-08-18T10:52:32.970513,1601,0x46,PUCCH,,,,,,,,,,,,,,,,,,2,111.8,"1.000,",,,,,,,,
2026-08-18T10:52:33.646629,1620,0x46,PUCCH,,,,,,,,,,,,,,,,,,1,-inf,"0.000,",,,,,,,,
2026-08-18T10:52:34.266190,1640,0x46,PUCCH,,,,,,,,,,,,,,,,,,1,-inf,"0.000,",,,,,,,,
2026-08-18T10:52:34.328777,1641,0x46,PUCCH,,,,,,,,,,,,,,,,,,2,111.8,"1.000,",,,,,,,,
2026-08-18T10:52:34.945615,1660,0x46,PUCCH,,,,,,,,,,,,,,,,,,1,-inf,"0.000,",,,,,,,,
2026-08-18T10:52:35.563061,1680,0x46,PUCCH,,,,,,,,,,,,,,,,,,1,-inf,"0.000,",,,,,,,,
2026-08-18T10:52:35.615230,1681,0x46,PUCCH,,,,,,,,,,,,,,,,,,2,111.8,"1.000,",,,,,,,,
2026-08-18T10:52:36.239935,1700,0x46,PUCCH,,,,,,,,,,,,,,,,,,1,-inf,"0.000,",,,,,,,,
2026-08-18T10:52:36.961495,1720,0x46,PUCCH,,,,,,,,,,,,,,,,,,1,-inf,"0.000,",,,,,,,,
2026-08-18T10:52:36.992763,1721,0x46,PUCCH,,,,,,,,,,,,,,,,,,2,111.8,"1.000,",,,,,,,,
2026-08-18T10:52:37.760161,1740,0x46,PUCCH,,,,,,,,,,,,,,,,,,1,-inf,"0.000,",,,,,,,,
2026-08-18T10:52:38.285697,1760,0x46,PUCCH,,,,,,,,,,,,,,,,,,1,-inf,"0.000,",,,,,,,,
2026-08-18T10:52:38.305366,1761,0x46,PUCCH,,,,,,,,,,,,,,,,,,2,111.8,"1.000,",,,,,,,,
2026-08-18T10:52:38.851118,1780,0x46,PUCCH,,,,,,,,,,,,,,,,,,1,-inf,"0.000,",,,,,,,,
2026-08-18T10:52:39.425157,1800,0x46,PUCCH,,,,,,,,,,,,,,,,,,1,-inf,"0.000,",,,,,,,,
2026-08-18T10:52:39.454404,1801,0x46,PUCCH,,,,,,,,,,,,,,,,,,2,111.8,"1.000,",,,,,,,,
2026-08-18T10:52:40.025359,1820,0x46,PUCCH,,,,,,,,,,,,,,,,,,1,-inf,"0.000,",,,,,,,,
2026-08-18T10:52:40.501554,1840,0x46,PUCCH,,,,,,,,,,,,,,,,,,1,-inf,"0.000,",,,,,,,,
2026-08-18T10:52:40.517839,1841,0x46,PUCCH,,,,,,,,,,,,,,,,,,2,111.8,"1.000,",,,,,,,,
2026-08-18T10:52:41.098760,1860,0x46,PUCCH,,,,,,,,,,,,,,,,,,1,-inf,"0.000,",,,,,,,,
2026-08-18T10:52:41.880134,1880,0x46,PUCCH,,,,,,,,,,,,,,,,,,1,-inf,"0.000,",,,,,,,,
2026-08-18T10:52:41.919475,1881,0x46,PUCCH,,,,,,,,,,,,,,,,,,2,111.8,"1.000,",,,,,,,,
2026-08-18T10:52:42.720745,1900,0x46,PUCCH,,,,,,,,,,,,,,,,,,1,-inf,"0.000,",,,,,,,,
2026-08-18T10:52:43.380455,1920,0x46,PUCCH,,,,,,,,,,,,,,,,,,1,-inf,"0.000,",,,,,,,,
2026-08-18T10:52:43.401521,1921,0x46,PUCCH,,,,,,,,,,,,,,,,,,2,111.8,"1.000,",,,,,,,,
2026-08-18T10:52:44.010670,1940,0x46,PUCCH,,,,,,,,,,,,,,,,,,1,-inf,"0.000,",,,,,,,,
2026-08-18T10:52:45.012599,1960,0x46,PUCCH,,,,,,,,,,,,,,,,,,1,-inf,"0.000,",,,,,,,,
2026-08-18T10:52:45.071098,1961,0x46,PUCCH,,,,,,,,,,,,,,,,,,2,111.8,"1.000,",,,,,,,,
2026-08-18T10:52:46.208775,1980,0x46,PUCCH,,,,,,,,,,,,,,,,,,1,-inf,"0.000,",,,,,,,,
2026-08-18T10:52:46.905952,2000,0x46,PUCCH,,,,,,,,,,,,,,,,,,1,-inf,"0.000,",,,,,,,,
2026-08-18T10:52:46.936242,2001,0x46,PUCCH,,,,,,,,,,,,,,,,,,2,111.8,"1.000,",,,,,,,,
2026-08-18T10:52:47.558147,2020,0x46,PUCCH,,,,,,,,,,,,,,,,,,1,-inf,"0.000,",,,,,,,,
2026-08-18T10:52:48.353466,2040,0x46,PUCCH,,,,,,,,,,,,,,,,,,1,-inf,"0.000,",,,,,,,,
2026-08-18T10:52:48.398166,2041,0x46,PUCCH,,,,,,,,,,,,,,,,,,2,111.8,"1.000,",,,,,,,,
2026-08-18T10:52:49.138471,2060,0x46,PUCCH,,,,,,,,,,,,,,,,,,1,-inf,"0.000,",,,,,,,,
2026-08-18T10:52:50.043864,2080,0x46,PUCCH,,,,,,,,,,,,,,,,,,1,-inf,"0.000,",,,,,,,,
2026-08-18T10:52:50.111991,2081,0x46,PUCCH,,,,,,,,,,,,,,,,,,2,111.8,"1.000,",,,,,,,,
2026-08-18T10:52:50.954515,2100,0x46,PUCCH,,,,,,,,,,,,,,,,,,1,-inf,"0.000,",,,,,,,,
2026-08-18T10:52:51.680050,2120,0x46,PUCCH,,,,,,,,,,,,,,,,,,1,-inf,"0.000,",,,,,,,,
2026-08-18T10:52:51.713509,2121,0x46,PUCCH,,,,,,,,,,,,,,,,,,2,111.8,"1.000,",,,,,,,,
2026-08-18T10:52:52.637322,2140,0x46,PUCCH,,,,,,,,,,,,,,,,,,1,-inf,"0.000,",,,,,,,,
2026-08-18T10:52:53.359508,2160,0x46,PUCCH,,,,,,,,,,,,,,,,,,1,-inf,"0.000,",,,,,,,,
2026-08-18T10:52:53.400607,2161,0x46,PUCCH,,,,,,,,,,,,,,,,,,2,111.8,"1.000,",,,,,,,,
2026-08-18T10:52:54.104358,2180,0x46,PUCCH,,,,,,,,,,,,,,,,,,1,-inf,"0.000,",,,,,,,,
2026-08-18T10:52:54.788815,2200,0x46,PUCCH,,,,,,,,,,,,,,,,,,1,-inf,"0.000,",,,,,,,,
2026-08-18T10:52:54.832235,2201,0x46,PUCCH,,,,,,,,,,,,,,,,,,2,111.8,"1.000,",,,,,,,,
2026-08-18T10:52:55.579599,2220,0x46,PUCCH,,,,,,,,,,,,,,,,,,1,-inf,"0.000,",,,,,,,,
2026-08-18T10:52:56.452463,2240,0x46,PUCCH,,,,,,,,,,,,,,,,,,1,-inf,"0.000,",,,,,,,,
2026-08-18T10:52:56.522270,2241,0x46,PUCCH,,,,,,,,,,,,,,,,,,2,111.8,"1.000,",,,,,,,,
2026-08-18T10:52:57.393403,2260,0x46,PUCCH,,,,,,,,,,,,,,,,,,1,-inf,"0.000,",,,,,,,,
2026-08-18T10:52:58.250498,2280,0x46,PUCCH,,,,,,,,,,,,,,,,,,1,-inf,"0.000,",,,,,,,,
2026-08-18T10:52:58.280774,2281,0x46,PUCCH,,,,,,,,,,,,,,,,,,2,111.8,"1.000,",,,,,,,,
2026-08-18T10:52:59.320221,2300,0x46,PUCCH,,,,,,,,,,,,,,,,,,1,-inf,"0.000,",,,,,,,,
2026-08-18T10:53:00.267079,2320,0x46,PUCCH,,,,,,,,,,,,,,,,,,1,-inf,"0.000,",,,,,,,,
2026-08-18T10:53:00.308424,2321,0x46,PUCCH,,,,,,,,,,,,,,,,,,2,111.8,"1.000,",,,,,,,,
2026-08-18T10:53:01.035726,2340,0x46,PUCCH,,,,,,,,,,,,,,,,,,1,-inf,"0.000,",,,,,,,,
2026-08-18T10:53:01.780939,2360,0x46,PUCCH,,,,,,,,,,,,,,,,,,1,-inf,"0.000,",,,,,,,,
2026-08-18T10:53:01.824078,2361,0x46,PUCCH,,,,,,,,,,,,,,,,,,2,111.8,"1.000,",,,,,,,,
2026-08-18T10:53:02.456070,2380,0x46,PUCCH,,,,,,,,,,,,,,,,,,1,-inf,"0.000,",,,,,,,,
2026-08-18T10:53:03.240081,2400,0x46,PUCCH,,,,,,,,,,,,,,,,,,1,-inf,"0.000,",,,,,,,,
2026-08-18T10:53:03.275650,2401,0x46,PUCCH,,,,,,,,,,,,,,,,,,2,111.8,"1.000,",,,,,,,,
2026-08-18T10:53:04.099328,2420,0x46,PUCCH,,,,,,,,,,,,,,,,,,1,-inf,"0.000,",,,,,,,,
2026-08-18T10:53:04.824475,2440,0x46,PUCCH,,,,,,,,,,,,,,,,,,1,-inf,"0.000,",,,,,,,,
2026-08-18T10:53:04.855624,2441,0x46,PUCCH,,,,,,,,,,,,,,,,,,2,111.8,"1.000,",,,,,,,,
2026-08-18T10:53:05.462349,2460,0x46,PUCCH,,,,,,,,,,,,,,,,,,1,-inf,"0.000,",,,,,,,,
2026-08-18T10:53:06.224740,2480,0x46,PUCCH,,,,,,,,,,,,,,,,,,1,-inf,"0.000,",,,,,,,,
2026-08-18T10:53:06.266997,2481,0x46,PUCCH,,,,,,,,,,,,,,,,,,2,111.8,"1.000,",,,,,,,,
2026-08-18T10:53:07.195501,2500,0x46,PUCCH,,,,,,,,,,,,,,,,,,1,-inf,"0.000,",,,,,,,,
2026-08-18T10:53:08.441898,2520,0x46,PUCCH,,,,,,,,,,,,,,,,,,1,-inf,"0.000,",,,,,,,,
2026-08-18T10:53:08.486668,2521,0x46,PUCCH,,,,,,,,,,,,,,,,,,2,111.8,"1.000,",,,,,,,,
2026-08-18T10:53:09.305291,2540,0x46,PUCCH,,,,,,,,,,,,,,,,,,1,-inf,"0.000,",,,,,,,,
2026-08-18T10:53:10.159211,2560,0x46,PUCCH,,,,,,,,,,,,,,,,,,1,-inf,"0.000,",,,,,,,,
2026-08-18T10:53:10.203427,2561,0x46,PUCCH,,,,,,,,,,,,,,,,,,2,111.8,"1.000,",,,,,,,,
2026-08-18T10:53:11.073999,2580,0x46,PUCCH,,,,,,,,,,,,,,,,,,1,-inf,"0.000,",,,,,,,,
2026-08-18T10:53:11.990267,2600,0x46,PUCCH,,,,,,,,,,,,,,,,,,1,-inf,"0.000,",,,,,,,,
2026-08-18T10:53:12.041431,2601,0x46,PUCCH,,,,,,,,,,,,,,,,,,2,111.8,"1.000,",,,,,,,,
2026-08-18T10:53:12.992028,2620,0x46,PUCCH,,,,,,,,,,,,,,,,,,1,-inf,"0.000,",,,,,,,,
2026-08-18T10:53:13.676980,2640,0x46,PUCCH,,,,,,,,,,,,,,,,,,1,-inf,"0.000,",,,,,,,,
2026-08-18T10:53:13.706074,2641,0x46,PUCCH,,,,,,,,,,,,,,,,,,2,111.8,"1.000,",,,,,,,,
2026-08-18T10:53:14.156825,2660,0x46,PUCCH,,,,,,,,,,,,,,,,,,1,-inf,"0.000,",,,,,,,,
2026-08-18T10:53:14.618791,2680,0x46,PUCCH,,,,,,,,,,,,,,,,,,1,-inf,"0.000,",,,,,,,,
2026-08-18T10:53:14.637455,2681,0x46,PUCCH,,,,,,,,,,,,,,,,,,2,111.8,"1.000,",,,,,,,,
2026-08-18T10:53:15.166764,2700,0x46,PUCCH,,,,,,,,,,,,,,,,,,1,-inf,"0.000,",,,,,,,,
2026-08-18T10:53:15.707190,2720,0x46,PUCCH,,,,,,,,,,,,,,,,,,1,-inf,"0.000,",,,,,,,,
2026-08-18T10:53:15.739921,2721,0x46,PUCCH,,,,,,,,,,,,,,,,,,2,111.8,"1.000,",,,,,,,,
2026-08-18T10:53:16.179194,2740,0x46,PUCCH,,,,,,,,,,,,,,,,,,1,-inf,"0.000,",,,,,,,,
2026-08-18T10:53:16.747714,2760,0x46,PUCCH,,,,,,,,,,,,,,,,,,1,-inf,"0.000,",,,,,,,,
2026-08-18T10:53:16.807107,2761,0x46,PUCCH,,,,,,,,,,,,,,,,,,2,111.8,"1.000,",,,,,,,,
2026-08-18T10:53:17.447066,2780,0x46,PUCCH,,,,,,,,,,,,,,,,,,1,-inf,"0.000,",,,,,,,,
2026-08-18T10:53:18.135621,2800,0x46,PUCCH,,,,,,,,,,,,,,,,,,1,-inf,"0.000,",,,,,,,,
2026-08-18T10:53:18.165957,2801,0x46,PUCCH,,,,,,,,,,,,,,,,,,2,111.8,"1.000,",,,,,,,,
2026-08-18T10:53:18.875069,2820,0x46,PUCCH,,,,,,,,,,,,,,,,,,1,-inf,"0.000,",,,,,,,,
2026-08-18T10:53:19.557466,2840,0x46,PUCCH,,,,,,,,,,,,,,,,,,1,-inf,"0.000,",,,,,,,,
2026-08-18T10:53:19.582992,2841,0x46,PUCCH,,,,,,,,,,,,,,,,,,2,111.8,"1.000,",,,,,,,,
2026-08-18T10:53:20.296795,2860,0x46,PUCCH,,,,,,,,,,,,,,,,,,1,-inf,"0.000,",,,,,,,,
2026-08-18T10:53:20.986423,2880,0x46,PUCCH,,,,,,,,,,,,,,,,,,1,-inf,"0.000,",,,,,,,,
2026-08-18T10:53:21.062184,2881,0x46,PUCCH,,,,,,,,,,,,,,,,,,2,111.8,"1.000,",,,,,,,,
2026-08-18T10:53:21.771955,2900,0x46,PUCCH,,,,,,,,,,,,,,,,,,1,-inf,"0.000,",,,,,,,,
2026-08-18T10:53:22.600746,2920,0x46,PUCCH,,,,,,,,,,,,,,,,,,1,-inf,"0.000,",,,,,,,,
2026-08-18T10:53:22.632009,2921,0x46,PUCCH,,,,,,,,,,,,,,,,,,2,111.8,"1.000,",,,,,,,,
2026-08-18T10:53:23.432826,2940,0x46,PUCCH,,,,,,,,,,,,,,,,,,1,-inf,"0.000,",,,,,,,,
2026-08-18T10:53:24.362302,2960,0x46,PUCCH,,,,,,,,,,,,,,,,,,1,-inf,"0.000,",,,,,,,,
2026-08-18T10:53:24.424912,2961,0x46,PUCCH,,,,,,,,,,,,,,,,,,2,111.8,"1.000,",,,,,,,,
2026-08-18T10:53:25.250344,2980,0x46,PUCCH,,,,,,,,,,,,,,,,,,1,-inf,"0.000,",,,,,,,,
2026-08-18T10:53:26.332832,3000,0x46,PUCCH,,,,,,,,,,,,,,,,,,1,-inf,"0.000,",,,,,,,,
2026-08-18T10:53:26.370880,3001,0x46,PUCCH,,,,,,,,,,,,,,,,,,2,111.8,"1.000,",,,,,,,,
2026-08-18T10:53:27.328364,3020,0x46,PUCCH,,,,,,,,,,,,,,,,,,1,-inf,"0.000,",,,,,,,,
2026-08-18T10:53:27.944674,3040,0x46,PUCCH,,,,,,,,,,,,,,,,,,1,-inf,"0.000,",,,,,,,,
2026-08-18T10:53:27.977555,3041,0x46,PUCCH,,,,,,,,,,,,,,,,,,2,111.8,"1.000,",,,,,,,,
2026-08-18T10:53:28.573055,3060,0x46,PUCCH,,,,,,,,,,,,,,,,,,1,-inf,"0.000,",,,,,,,,
2026-08-18T10:53:29.279622,3080,0x46,PUCCH,,,,,,,,,,,,,,,,,,1,-inf,"0.000,",,,,,,,,
2026-08-18T10:53:29.328537,3081,0x46,PUCCH,,,,,,,,,,,,,,,,,,2,111.8,"1.000,",,,,,,,,
2026-08-18T10:53:30.513985,3100,0x46,PUCCH,,,,,,,,,,,,,,,,,,1,-inf,"0.000,",,,,,,,,
2026-08-18T10:53:31.380607,3120,0x46,PUCCH,,,,,,,,,,,,,,,,,,1,-inf,"0.000,",,,,,,,,
2026-08-18T10:53:31.412822,3121,0x46,PUCCH,,,,,,,,,,,,,,,,,,2,111.8,"1.000,",,,,,,,,
2026-08-18T10:53:32.096103,3140,0x46,PUCCH,,,,,,,,,,,,,,,,,,1,-inf,"0.000,",,,,,,,,
2026-08-18T10:53:33.062636,3160,0x46,PUCCH,,,,,,,,,,,,,,,,,,1,-inf,"0.000,",,,,,,,,
2026-08-18T10:53:33.099860,3161,0x46,PUCCH,,,,,,,,,,,,,,,,,,2,111.8,"1.000,",,,,,,,,
2026-08-18T10:53:33.757468,3180,0x46,PUCCH,,,,,,,,,,,,,,,,,,1,-inf,"0.000,",,,,,,,,
2026-08-18T10:53:34.670591,3200,0x46,PUCCH,,,,,,,,,,,,,,,,,,1,-inf,"0.000,",,,,,,,,
2026-08-18T10:53:34.724782,3201,0x46,PUCCH,,,,,,,,,,,,,,,,,,2,111.8,"1.000,",,,,,,,,
2026-08-18T10:53:35.495763,3220,0x46,PUCCH,,,,,,,,,,,,,,,,,,1,-inf,"0.000,",,,,,,,,
2026-08-18T10:53:36.176284,3240,0x46,PUCCH,,,,,,,,,,,,,,,,,,1,-inf,"0.000,",,,,,,,,
2026-08-18T10:53:36.220540,3241,0x46,PUCCH,,,,,,,,,,,,,,,,,,2,111.8,"1.000,",,,,,,,,
2026-08-18T10:53:37.217043,3260,0x46,PUCCH,,,,,,,,,,,,,,,,,,1,-inf,"0.000,",,,,,,,,
2026-08-18T10:53:38.451551,3280,0x46,PUCCH,,,,,,,,,,,,,,,,,,1,-inf,"0.000,",,,,,,,,
2026-08-18T10:53:38.501041,3281,0x46,PUCCH,,,,,,,,,,,,,,,,,,2,111.8,"1.000,",,,,,,,,
2026-08-18T10:53:39.185900,3300,0x46,PUCCH,,,,,,,,,,,,,,,,,,1,-inf,"0.000,",,,,,,,,
2026-08-18T10:53:40.292867,3320,0x46,PUCCH,,,,,,,,,,,,,,,,,,1,-inf,"0.000,",,,,,,,,
2026-08-18T10:53:40.356712,3321,0x46,PUCCH,,,,,,,,,,,,,,,,,,2,111.8,"1.000,",,,,,,,,
2026-08-18T10:53:41.073277,3340,0x46,PUCCH,,,,,,,,,,,,,,,,,,1,-inf,"0.000,",,,,,,,,
2026-08-18T10:53:42.650473,3360,0x46,PUCCH,,,,,,,,,,,,,,,,,,1,-inf,"0.000,",,,,,,,,
2026-08-18T10:53:42.925028,3361,0x46,PUCCH,,,,,,,,,,,,,,,,,,2,111.8,"1.000,",,,,,,,,
2026-08-18T10:53:43.920073,3380,0x46,PUCCH,,,,,,,,,,,,,,,,,,1,-inf,"0.000,",,,,,,,,
2026-08-18T10:53:44.729484,3400,0x46,PUCCH,,,,,,,,,,,,,,,,,,1,-inf,"0.000,",,,,,,,,
2026-08-18T10:53:44.802265,3401,0x46,PUCCH,,,,,,,,,,,,,,,,,,2,111.8,"1.000,",,,,,,,,
2026-08-18T10:53:45.580206,3420,0x46,PUCCH,,,,,,,,,,,,,,,,,,1,-inf,"0.000,",,,,,,,,
2026-08-18T10:53:46.463357,3440,0x46,PUCCH,,,,,,,,,,,,,,,,,,1,-inf,"0.000,",,,,,,,,
2026-08-18T10:53:46.500650,3441,0x46,PUCCH,,,,,,,,,,,,,,,,,,2,111.8,"1.000,",,,,,,,,
2026-08-18T10:53:47.772792,3460,0x46,PUCCH,,,,,,,,,,,,,,,,,,1,-inf,"0.000,",,,,,,,,
2026-08-18T10:53:48.669011,3480,0x46,PUCCH,,,,,,,,,,,,,,,,,,1,-inf,"0.000,",,,,,,,,
2026-08-18T10:53:48.699136,3481,0x46,PUCCH,,,,,,,,,,,,,,,,,,2,111.8,"1.000,",,,,,,,,
2026-08-18T10:53:49.414572,3500,0x46,PUCCH,,,,,,,,,,,,,,,,,,1,-inf,"0.000,",,,,,,,,
2026-08-18T10:53:50.144963,3520,0x46,PUCCH,,,,,,,,,,,,,,,,,,1,-inf,"0.000,",,,,,,,,
2026-08-18T10:53:50.173965,3521,0x46,PUCCH,,,,,,,,,,,,,,,,,,2,111.8,"1.000,",,,,,,,,
2026-08-18T10:53:50.926066,3540,0x46,PUCCH,,,,,,,,,,,,,,,,,,1,-inf,"0.000,",,,,,,,,
2026-08-18T10:53:51.851084,3560,0x46,PUCCH,,,,,,,,,,,,,,,,,,1,-inf,"0.000,",,,,,,,,
2026-08-18T10:53:51.893863,3561,0x46,PUCCH,,,,,,,,,,,,,,,,,,2,111.8,"1.000,",,,,,,,,
2026-08-18T10:53:52.689295,3580,0x46,PUCCH,,,,,,,,,,,,,,,,,,1,-inf,"0.000,",,,,,,,,
2026-08-18T10:53:53.454295,3600,0x46,PUCCH,,,,,,,,,,,,,,,,,,1,-inf,"0.000,",,,,,,,,
2026-08-18T10:53:53.503552,3601,0x46,PUCCH,,,,,,,,,,,,,,,,,,2,111.8,"1.000,",,,,,,,,
2026-08-18T10:53:54.222764,3620,0x46,PUCCH,,,,,,,,,,,,,,,,,,1,-inf,"0.000,",,,,,,,,
2026-08-18T10:53:55.002205,3640,0x46,PUCCH,,,,,,,,,,,,,,,,,,1,-inf,"0.000,",,,,,,,,
2026-08-18T10:53:55.027692,3641,0x46,PUCCH,,,,,,,,,,,,,,,,,,2,111.8,"1.000,",,,,,,,,
2026-08-18T10:53:56.208006,3660,0x46,PUCCH,,,,,,,,,,,,,,,,,,1,-inf,"0.000,",,,,,,,,
2026-08-18T10:53:57.071838,3680,0x46,PUCCH,,,,,,,,,,,,,,,,,,1,-inf,"0.000,",,,,,,,,
2026-08-18T10:53:57.119667,3681,0x46,PUCCH,,,,,,,,,,,,,,,,,,2,111.8,"1.000,",,,,,,,,
2026-08-18T10:53:57.900980,3700,0x46,PUCCH,,,,,,,,,,,,,,,,,,1,-inf,"0.000,",,,,,,,,
2026-08-18T10:53:58.662777,3720,0x46,PUCCH,,,,,,,,,,,,,,,,,,1,-inf,"0.000,",,,,,,,,
2026-08-18T10:53:58.693707,3721,0x46,PUCCH,,,,,,,,,,,,,,,,,,2,111.8,"1.000,",,,,,,,,
2026-08-18T10:53:59.414671,3740,0x46,PUCCH,,,,,,,,,,,,,,,,,,1,-inf,"0.000,",,,,,,,,
2026-08-18T10:54:00.111056,3760,0x46,PUCCH,,,,,,,,,,,,,,,,,,1,-inf,"0.000,",,,,,,,,
2026-08-18T10:54:00.143243,3761,0x46,PUCCH,,,,,,,,,,,,,,,,,,2,111.8,"1.000,",,,,,,,,
2026-08-18T10:54:00.988415,3780,0x46,PUCCH,,,,,,,,,,,,,,,,,,1,-inf,"0.000,",,,,,,,,
2026-08-18T10:54:01.545391,3800,0x46,PUCCH,,,,,,,,,,,,,,,,,,1,-inf,"0.000,",,,,,,,,
2026-08-18T10:54:01.600746,3801,0x46,PUCCH,,,,,,,,,,,,,,,,,,2,111.8,"1.000,",,,,,,,,
2026-08-18T10:54:02.256582,3820,0x46,PUCCH,,,,,,,,,,,,,,,,,,1,-inf,"0.000,",,,,,,,,
2026-08-18T10:54:03.594173,3840,0x46,PUCCH,,,,,,,,,,,,,,,,,,1,-inf,"0.000,",,,,,,,,
2026-08-18T10:54:03.644021,3841,0x46,PUCCH,,,,,,,,,,,,,,,,,,2,111.8,"1.000,",,,,,,,,
2026-08-18T10:54:04.507373,3860,0x46,PUCCH,,,,,,,,,,,,,,,,,,1,-inf,"0.000,",,,,,,,,
2026-08-18T10:54:05.504042,3880,0x46,PUCCH,,,,,,,,,,,,,,,,,,1,-inf,"0.000,",,,,,,,,
2026-08-18T10:54:05.545596,3881,0x46,PUCCH,,,,,,,,,,,,,,,,,,2,111.8,"1.000,",,,,,,,,
2026-08-18T10:54:06.250363,3900,0x46,PUCCH,,,,,,,,,,,,,,,,,,1,-inf,"0.000,",,,,,,,,
2026-08-18T10:54:07.073800,3920,0x46,PUCCH,,,,,,,,,,,,,,,,,,1,-inf,"0.000,",,,,,,,,
2026-08-18T10:54:07.100748,3921,0x46,PUCCH,,,,,,,,,,,,,,,,,,2,111.8,"1.000,",,,,,,,,
2026-08-18T10:54:07.675783,3940,0x46,PUCCH,,,,,,,,,,,,,,,,,,1,-inf,"0.000,",,,,,,,,
2026-08-18T10:54:08.481436,3960,0x46,PUCCH,,,,,,,,,,,,,,,,,,1,-inf,"0.000,",,,,,,,,
2026-08-18T10:54:08.513637,3961,0x46,PUCCH,,,,,,,,,,,,,,,,,,2,111.8,"1.000,",,,,,,,,
2026-08-18T10:54:09.288163,3980,0x46,PUCCH,,,,,,,,,,,,,,,,,,1,-inf,"0.000,",,,,,,,,
2026-08-18T10:54:09.945284,4000,0x46,PUCCH,,,,,,,,,,,,,,,,,,1,-inf,"0.000,",,,,,,,,
2026-08-18T10:54:09.975694,4001,0x46,PUCCH,,,,,,,,,,,,,,,,,,2,111.8,"1.000,",,,,,,,,
2026-08-18T10:54:10.839262,4020,0x46,PUCCH,,,,,,,,,,,,,,,,,,1,-inf,"0.000,",,,,,,,,
2026-08-18T10:54:11.691065,4040,0x46,PUCCH,,,,,,,,,,,,,,,,,,1,-inf,"0.000,",,,,,,,,
2026-08-18T10:54:11.755328,4041,0x46,PUCCH,,,,,,,,,,,,,,,,,,2,111.8,"1.000,",,,,,,,,
2026-08-18T10:54:12.688834,4060,0x46,PUCCH,,,,,,,,,,,,,,,,,,1,-inf,"0.000,",,,,,,,,
2026-08-18T10:54:13.953998,4080,0x46,PUCCH,,,,,,,,,,,,,,,,,,1,-inf,"0.000,",,,,,,,,
2026-08-18T10:54:14.010526,4081,0x46,PUCCH,,,,,,,,,,,,,,,,,,2,111.8,"1.000,",,,,,,,,
2026-08-18T10:54:14.936130,4100,0x46,PUCCH,,,,,,,,,,,,,,,,,,1,-inf,"0.000,",,,,,,,,
2026-08-18T10:54:15.982451,4120,0x46,PUCCH,,,,,,,,,,,,,,,,,,1,-inf,"0.000,",,,,,,,,
2026-08-18T10:54:16.052714,4121,0x46,PUCCH,,,,,,,,,,,,,,,,,,2,111.8,"1.000,",,,,,,,,
2026-08-18T10:54:16.908635,4140,0x46,PUCCH,,,,,,,,,,,,,,,,,,1,-inf,"0.000,",,,,,,,,
2026-08-18T10:54:18.043530,4160,0x46,PUCCH,,,,,,,,,,,,,,,,,,1,-inf,"0.000,",,,,,,,,
2026-08-18T10:54:18.079633,4161,0x46,PUCCH,,,,,,,,,,,,,,,,,,2,111.8,"1.000,",,,,,,,,
2026-08-18T10:54:18.691720,4180,0x46,PUCCH,,,,,,,,,,,,,,,,,,1,-inf,"0.000,",,,,,,,,
2026-08-18T10:54:19.589969,4200,0x46,PUCCH,,,,,,,,,,,,,,,,,,1,-inf,"0.000,",,,,,,,,
2026-08-18T10:54:19.639921,4201,0x46,PUCCH,,,,,,,,,,,,,,,,,,2,111.8,"1.000,",,,,,,,,
2026-08-18T10:54:20.469886,4220,0x46,PUCCH,,,,,,,,,,,,,,,,,,1,-inf,"0.000,",,,,,,,,
2026-08-18T10:54:21.285861,4240,0x46,PUCCH,,,,,,,,,,,,,,,,,,1,-inf,"0.000,",,,,,,,,
2026-08-18T10:54:21.323318,4241,0x46,PUCCH,,,,,,,,,,,,,,,,,,2,111.8,"1.000,",,,,,,,,
2026-08-18T10:54:22.139873,4260,0x46,PUCCH,,,,,,,,,,,,,,,,,,1,-inf,"0.000,",,,,,,,,
2026-08-18T10:54:22.822363,4280,0x46,PUCCH,,,,,,,,,,,,,,,,,,1,-inf,"0.000,",,,,,,,,
2026-08-18T10:54:22.853970,4281,0x46,PUCCH,,,,,,,,,,,,,,,,,,2,111.8,"1.000,",,,,,,,,
2026-08-18T10:54:23.816660,4300,0x46,PUCCH,,,,,,,,,,,,,,,,,,1,-inf,"0.000,",,,,,,,,
2026-08-18T10:54:24.633050,4320,0x46,PUCCH,,,,,,,,,,,,,,,,,,1,-inf,"0.000,",,,,,,,,
2026-08-18T10:54:24.665101,4321,0x46,PUCCH,,,,,,,,,,,,,,,,,,2,111.8,"1.000,",,,,,,,,
2026-08-18T10:54:25.890511,4340,0x46,PUCCH,,,,,,,,,,,,,,,,,,1,-inf,"0.000,",,,,,,,,
2026-08-18T10:54:26.882440,4360,0x46,PUCCH,,,,,,,,,,,,,,,,,,1,-inf,"0.000,",,,,,,,,
2026-08-18T10:54:26.913916,4361,0x46,PUCCH,,,,,,,,,,,,,,,,,,2,111.8,"1.000,",,,,,,,,
2026-08-18T10:54:27.772368,4380,0x46,PUCCH,,,,,,,,,,,,,,,,,,1,-inf,"0.000,",,,,,,,,
2026-08-18T10:54:28.537676,4400,0x46,PUCCH,,,,,,,,,,,,,,,,,,1,-inf,"0.000,",,,,,,,,
2026-08-18T10:54:28.576956,4401,0x46,PUCCH,,,,,,,,,,,,,,,,,,2,111.8,"1.000,",,,,,,,,
2026-08-18T10:54:29.230630,4420,0x46,PUCCH,,,,,,,,,,,,,,,,,,1,-inf,"0.000,",,,,,,,,
2026-08-18T10:54:30.078626,4440,0x46,PUCCH,,,,,,,,,,,,,,,,,,1,-inf,"0.000,",,,,,,,,
2026-08-18T10:54:30.117146,4441,0x46,PUCCH,,,,,,,,,,,,,,,,,,2,111.8,"1.000,",,,,,,,,
2026-08-18T10:54:30.980255,4460,0x46,PUCCH,,,,,,,,,,,,,,,,,,1,-inf,"0.000,",,,,,,,,
2026-08-18T10:54:32.420192,4480,0x46,PUCCH,,,,,,,,,,,,,,,,,,1,-inf,"0.000,",,,,,,,,
2026-08-18T10:54:32.468503,4481,0x46,PUCCH,,,,,,,,,,,,,,,,,,2,111.8,"1.000,",,,,,,,,
2026-08-18T10:54:33.165212,4500,0x46,PUCCH,,,,,,,,,,,,,,,,,,1,-inf,"0.000,",,,,,,,,
2026-08-18T10:54:34.497039,4520,0x46,PUCCH,,,,,,,,,,,,,,,,,,1,-inf,"0.000,",,,,,,,,
2026-08-18T10:54:34.540786,4521,0x46,PUCCH,,,,,,,,,,,,,,,,,,2,111.8,"1.000,",,,,,,,,
2026-08-18T10:54:35.166092,4540,0x46,PUCCH,,,,,,,,,,,,,,,,,,1,-inf,"0.000,",,,,,,,,
2026-08-18T10:54:35.914026,4560,0x46,PUCCH,,,,,,,,,,,,,,,,,,1,-inf,"0.000,",,,,,,,,
2026-08-18T10:54:35.950482,4561,0x46,PUCCH,,,,,,,,,,,,,,,,,,2,111.8,"1.000,",,,,,,,,
2026-08-18T10:54:36.739444,4580,0x46,PUCCH,,,,,,,,,,,,,,,,,,1,-inf,"0.000,",,,,,,,,
2026-08-18T10:54:37.717224,4600,0x46,PUCCH,,,,,,,,,,,,,,,,,,1,-inf,"0.000,",,,,,,,,
2026-08-18T10:54:37.787731,4601,0x46,PUCCH,,,,,,,,,,,,,,,,,,2,111.8,"1.000,",,,,,,,,
2026-08-18T10:54:38.881851,4620,0x46,PUCCH,,,,,,,,,,,,,,,,,,1,-inf,"0.000,",,,,,,,,
2026-08-18T10:54:39.768397,4640,0x46,PUCCH,,,,,,,,,,,,,,,,,,1,-inf,"0.000,",,,,,,,,
2026-08-18T10:54:39.807924,4641,0x46,PUCCH,,,,,,,,,,,,,,,,,,2,111.8,"1.000,",,,,,,,,
2026-08-18T10:54:40.448129,4660,0x46,PUCCH,,,,,,,,,,,,,,,,,,1,-inf,"0.000,",,,,,,,,
2026-08-18T10:54:41.187824,4680,0x46,PUCCH,,,,,,,,,,,,,,,,,,1,-inf,"0.000,",,,,,,,,
2026-08-18T10:54:41.227885,4681,0x46,PUCCH,,,,,,,,,,,,,,,,,,2,111.8,"1.000,",,,,,,,,
2026-08-18T10:54:41.948170,4700,0x46,PUCCH,,,,,,,,,,,,,,,,,,1,-inf,"0.000,",,,,,,,,
2026-08-18T10:54:42.646857,4720,0x46,PUCCH,,,,,,,,,,,,,,,,,,1,-inf,"0.000,",,,,,,,,
2026-08-18T10:54:42.675950,4721,0x46,PUCCH,,,,,,,,,,,,,,,,,,2,111.8,"1.000,",,,,,,,,
2026-08-18T10:54:43.406318,4740,0x46,PUCCH,,,,,,,,,,,,,,,,,,1,-inf,"0.000,",,,,,,,,
2026-08-18T10:54:44.133934,4760,0x46,PUCCH,,,,,,,,,,,,,,,,,,1,-inf,"0.000,",,,,,,,,
2026-08-18T10:54:44.167050,4761,0x46,PUCCH,,,,,,,,,,,,,,,,,,2,111.8,"1.000,",,,,,,,,
2026-08-18T10:54:44.737828,4780,0x46,PUCCH,,,,,,,,,,,,,,,,,,1,-inf,"0.000,",,,,,,,,
2026-08-18T10:54:45.430065,4800,0x46,PUCCH,,,,,,,,,,,,,,,,,,1,-inf,"0.000,",,,,,,,,
2026-08-18T10:54:45.462327,4801,0x46,PUCCH,,,,,,,,,,,,,,,,,,2,111.8,"1.000,",,,,,,,,
2026-08-18T10:54:46.154772,4820,0x46,PUCCH,,,,,,,,,,,,,,,,,,1,-inf,"0.000,",,,,,,,,
2026-08-18T10:54:47.058747,4840,0x46,PUCCH,,,,,,,,,,,,,,,,,,1,-inf,"0.000,",,,,,,,,
2026-08-18T10:54:47.104023,4841,0x46,PUCCH,,,,,,,,,,,,,,,,,,2,111.8,"1.000,",,,,,,,,
2026-08-18T10:54:48.119628,4860,0x46,PUCCH,,,,,,,,,,,,,,,,,,1,-inf,"0.000,",,,,,,,,
2026-08-18T10:54:48.812636,4880,0x46,PUCCH,,,,,,,,,,,,,,,,,,1,-inf,"0.000,",,,,,,,,
2026-08-18T10:54:48.844937,4881,0x46,PUCCH,,,,,,,,,,,,,,,,,,2,111.8,"1.000,",,,,,,,,
2026-08-18T10:54:49.450088,4900,0x46,PUCCH,,,,,,,,,,,,,,,,,,1,-inf,"0.000,",,,,,,,,
2026-08-18T10:54:50.079483,4920,0x46,PUCCH,,,,,,,,,,,,,,,,,,1,-inf,"0.000,",,,,,,,,
2026-08-18T10:54:50.121560,4921,0x46,PUCCH,,,,,,,,,,,,,,,,,,2,111.8,"1.000,",,,,,,,,
2026-08-18T10:54:50.733153,4940,0x46,PUCCH,,,,,,,,,,,,,,,,,,1,-inf,"0.000,",,,,,,,,
2026-08-18T10:54:51.328700,4960,0x46,PUCCH,,,,,,,,,,,,,,,,,,1,-inf,"0.000,",,,,,,,,
2026-08-18T10:54:51.359092,4961,0x46,PUCCH,,,,,,,,,,,,,,,,,,2,111.8,"1.000,",,,,,,,,
2026-08-18T10:54:52.206760,4980,0x46,PUCCH,,,,,,,,,,,,,,,,,,1,-inf,"0.000,",,,,,,,,
2026-08-18T10:54:52.939357,5000,0x46,PUCCH,,,,,,,,,,,,,,,,,,1,-inf,"0.000,",,,,,,,,
2026-08-18T10:54:52.968917,5001,0x46,PUCCH,,,,,,,,,,,,,,,,,,2,111.8,"1.000,",,,,,,,,
2026-08-18T10:54:53.538262,5020,0x46,PUCCH,,,,,,,,,,,,,,,,,,1,-inf,"0.000,",,,,,,,,
2026-08-18T10:54:54.393036,5040,0x46,PUCCH,,,,,,,,,,,,,,,,,,1,-inf,"0.000,",,,,,,,,
2026-08-18T10:54:54.432464,5041,0x46,PUCCH,,,,,,,,,,,,,,,,,,2,111.8,"1.000,",,,,,,,,
2026-08-18T10:54:55.513676,5060,0x46,PUCCH,,,,,,,,,,,,,,,,,,1,-inf,"0.000,",,,,,,,,
2026-08-18T10:54:56.492573,5080,0x46,PUCCH,,,,,,,,,,,,,,,,,,1,-inf,"0.000,",,,,,,,,
2026-08-18T10:54:56.533953,5081,0x46,PUCCH,,,,,,,,,,,,,,,,,,2,111.8,"1.000,",,,,,,,,
2026-08-18T10:54:57.522144,5100,0x46,PUCCH,,,,,,,,,,,,,,,,,,1,-inf,"0.000,",,,,,,,,
2026-08-18T10:54:58.251102,5120,0x46,PUCCH,,,,,,,,,,,,,,,,,,1,-inf,"0.000,",,,,,,,,
2026-08-18T10:54:58.374748,5121,0x46,PUCCH,,,,,,,,,,,,,,,,,,2,111.8,"1.000,",,,,,,,,
2026-08-18T10:54:59.238189,5140,0x46,PUCCH,,,,,,,,,,,,,,,,,,1,-inf,"0.000,",,,,,,,,
2026-08-18T10:55:00.167071,5160,0x46,PUCCH,,,,,,,,,,,,,,,,,,1,-inf,"0.000,",,,,,,,,
2026-08-18T10:55:00.208620,5161,0x46,PUCCH,,,,,,,,,,,,,,,,,,2,111.8,"1.000,",,,,,,,,
2026-08-18T10:55:01.222160,5180,0x46,PUCCH,,,,,,,,,,,,,,,,,,1,-inf,"0.000,",,,,,,,,
2026-08-18T10:55:01.967232,5200,0x46,PUCCH,,,,,,,,,,,,,,,,,,1,-inf,"0.000,",,,,,,,,
2026-08-18T10:55:02.007232,5201,0x46,PUCCH,,,,,,,,,,,,,,,,,,2,111.8,"1.000,",,,,,,,,
2026-08-18T10:55:02.814417,5220,0x46,PUCCH,,,,,,,,,,,,,,,,,,1,-inf,"0.000,",,,,,,,,
2026-08-18T10:55:03.717493,5240,0x46,PUCCH,,,,,,,,,,,,,,,,,,1,-inf,"0.000,",,,,,,,,
2026-08-18T10:55:03.758680,5241,0x46,PUCCH,,,,,,,,,,,,,,,,,,2,111.8,"1.000,",,,,,,,,
2026-08-18T10:55:04.392949,5260,0x46,PUCCH,,,,,,,,,,,,,,,,,,1,-inf,"0.000,",,,,,,,,
2026-08-18T10:55:05.677872,5280,0x46,PUCCH,,,,,,,,,,,,,,,,,,1,-inf,"0.000,",,,,,,,,
2026-08-18T10:55:05.722240,5281,0x46,PUCCH,,,,,,,,,,,,,,,,,,2,111.8,"1.000,",,,,,,,,
2026-08-18T10:55:06.596321,5300,0x46,PUCCH,,,,,,,,,,,,,,,,,,1,-inf,"0.000,",,,,,,,,
2026-08-18T10:55:07.370079,5320,0x46,PUCCH,,,,,,,,,,,,,,,,,,1,-inf,"0.000,",,,,,,,,
2026-08-18T10:55:07.409046,5321,0x46,PUCCH,,,,,,,,,,,,,,,,,,2,111.8,"1.000,",,,,,,,,
2026-08-18T10:55:08.072285,5340,0x46,PUCCH,,,,,,,,,,,,,,,,,,1,-inf,"0.000,",,,,,,,,
2026-08-18T10:55:08.917509,5360,0x46,PUCCH,,,,,,,,,,,,,,,,,,1,-inf,"0.000,",,,,,,,,
2026-08-18T10:55:08.949692,5361,0x46,PUCCH,,,,,,,,,,,,,,,,,,2,111.8,"1.000,",,,,,,,,
2026-08-18T10:55:10.030993,5380,0x46,PUCCH,,,,,,,,,,,,,,,,,,1,-inf,"0.000,",,,,,,,,
2026-08-18T10:55:10.931978,5400,0x46,PUCCH,,,,,,,,,,,,,,,,,,1,-inf,"0.000,",,,,,,,,
2026-08-18T10:55:10.969314,5401,0x46,PUCCH,,,,,,,,,,,,,,,,,,2,111.8,"1.000,",,,,,,,,
2026-08-18T10:55:11.765556,5420,0x46,PUCCH,,,,,,,,,,,,,,,,,,1,-inf,"0.000,",,,,,,,,
2026-08-18T10:55:12.435913,5440,0x46,PUCCH,,,,,,,,,,,,,,,,,,1,-inf,"0.000,",,,,,,,,
2026-08-18T10:55:12.465057,5441,0x46,PUCCH,,,,,,,,,,,,,,,,,,2,111.8,"1.000,",,,,,,,,
2026-08-18T10:55:12.950903,5460,0x46,PUCCH,,,,,,,,,,,,,,,,,,1,-inf,"0.000,",,,,,,,,
2026-08-18T10:55:13.640481,5480,0x46,PUCCH,,,,,,,,,,,,,,,,,,1,-inf,"0.000,",,,,,,,,
2026-08-18T10:55:13.677602,5481,0x46,PUCCH,,,,,,,,,,,,,,,,,,2,111.8,"1.000,",,,,,,,,
2026-08-18T10:55:14.547624,5500,0x46,PUCCH,,,,,,,,,,,,,,,,,,1,-inf,"0.000,",,,,,,,,
2026-08-18T10:55:15.486933,5520,0x46,PUCCH,,,,,,,,,,,,,,,,,,1,-inf,"0.000,",,,,,,,,
2026-08-18T10:55:15.517855,5521,0x46,PUCCH,,,,,,,,,,,,,,,,,,2,111.8,"1.000,",,,,,,,,
2026-08-18T10:55:16.260839,5540,0x46,PUCCH,,,,,,,,,,,,,,,,,,1,-inf,"0.000,",,,,,,,,
2026-08-18T10:55:17.127842,5560,0x46,PUCCH,,,,,,,,,,,,,,,,,,1,-inf,"0.000,",,,,,,,,
2026-08-18T10:55:17.156792,5561,0x46,PUCCH,,,,,,,,,,,,,,,,,,2,111.8,"1.000,",,,,,,,,
2026-08-18T10:55:18.029002,5580,0x46,PUCCH,,,,,,,,,,,,,,,,,,1,-inf,"0.000,",,,,,,,,
2026-08-18T10:55:18.835634,5600,0x46,PUCCH,,,,,,,,,,,,,,,,,,1,-inf,"0.000,",,,,,,,,
2026-08-18T10:55:18.878018,5601,0x46,PUCCH,,,,,,,,,,,,,,,,,,2,111.8,"1.000,",,,,,,,,
2026-08-18T10:55:19.512189,5620,0x46,PUCCH,,,,,,,,,,,,,,,,,,1,-inf,"0.000,",,,,,,,,
2026-08-18T10:55:20.147310,5640,0x46,PUCCH,,,,,,,,,,,,,,,,,,1,-inf,"0.000,",,,,,,,,
2026-08-18T10:55:20.173204,5641,0x46,PUCCH,,,,,,,,,,,,,,,,,,2,111.8,"1.000,",,,,,,,,
2026-08-18T10:55:20.860880,5660,0x46,PUCCH,,,,,,,,,,,,,,,,,,1,-inf,"0.000,",,,,,,,,
2026-08-18T10:55:21.610860,5680,0x46,PUCCH,,,,,,,,,,,,,,,,,,1,-inf,"0.000,",,,,,,,,
2026-08-18T10:55:21.644746,5681,0x46,PUCCH,,,,,,,,,,,,,,,,,,2,111.8,"1.000,",,,,,,,,
2026-08-18T10:55:22.314948,5700,0x46,PUCCH,,,,,,,,,,,,,,,,,,1,-inf,"0.000,",,,,,,,,
2026-08-18T10:55:23.050053,5720,0x46,PUCCH,,,,,,,,,,,,,,,,,,1,-inf,"0.000,",,,,,,,,
2026-08-18T10:55:23.084313,5721,0x46,PUCCH,,,,,,,,,,,,,,,,,,2,111.8,"1.000,",,,,,,,,
2026-08-18T10:55:23.649993,5740,0x46,PUCCH,,,,,,,,,,,,,,,,,,1,-inf,"0.000,",,,,,,,,
2026-08-18T10:55:24.262315,5760,0x46,PUCCH,,,,,,,,,,,,,,,,,,1,-inf,"0.000,",,,,,,,,
2026-08-18T10:55:24.287891,5761,0x46,PUCCH,,,,,,,,,,,,,,,,,,2,111.8,"1.000,",,,,,,,,
2026-08-18T10:55:24.776347,5780,0x46,PUCCH,,,,,,,,,,,,,,,,,,1,-inf,"0.000,",,,,,,,,
2026-08-18T10:55:25.583805,5800,0x46,PUCCH,,,,,,,,,,,,,,,,,,1,-inf,"0.000,",,,,,,,,
2026-08-18T10:55:25.623622,5801,0x46,PUCCH,,,,,,,,,,,,,,,,,,2,111.8,"1.000,",,,,,,,,
2026-08-18T10:55:26.318466,5820,0x46,PUCCH,,,,,,,,,,,,,,,,,,1,-inf,"0.000,",,,,,,,,
2026-08-18T10:55:27.039603,5840,0x46,PUCCH,,,,,,,,,,,,,,,,,,1,-inf,"0.000,",,,,,,,,
2026-08-18T10:55:27.073995,5841,0x46,PUCCH,,,,,,,,,,,,,,,,,,2,111.8,"1.000,",,,,,,,,
2026-08-18T10:55:27.732687,5860,0x46,PUCCH,,,,,,,,,,,,,,,,,,1,-inf,"0.000,",,,,,,,,
2026-08-18T10:55:28.643363,5880,0x46,PUCCH,,,,,,,,,,,,,,,,,,1,-inf,"0.000,",,,,,,,,
2026-08-18T10:55:28.688730,5881,0x46,PUCCH,,,,,,,,,,,,,,,,,,2,111.8,"1.000,",,,,,,,,
2026-08-18T10:55:29.474699,5900,0x46,PUCCH,,,,,,,,,,,,,,,,,,1,-inf,"0.000,",,,,,,,,
2026-08-18T10:55:30.112892,5920,0x46,PUCCH,,,,,,,,,,,,,,,,,,1,-inf,"0.000,",,,,,,,,
2026-08-18T10:55:30.145417,5921,0x46,PUCCH,,,,,,,,,,,,,,,,,,2,111.8,"1.000,",,,,,,,,
2026-08-18T10:55:30.878088,5940,0x46,PUCCH,,,,,,,,,,,,,,,,,,1,-inf,"0.000,",,,,,,,,
2026-08-18T10:55:31.792491,5960,0x46,PUCCH,,,,,,,,,,,,,,,,,,1,-inf,"0.000,",,,,,,,,
2026-08-18T10:55:31.823075,5961,0x46,PUCCH,,,,,,,,,,,,,,,,,,2,111.8,"1.000,",,,,,,,,
2026-08-18T10:55:32.580127,5980,0x46,PUCCH,,,,,,,,,,,,,,,,,,1,-inf,"0.000,",,,,,,,,
2026-08-18T10:55:33.526056,6000,0x46,PUCCH,,,,,,,,,,,,,,,,,,1,-inf,"0.000,",,,,,,,,
2026-08-18T10:55:33.555226,6001,0x46,PUCCH,,,,,,,,,,,,,,,,,,2,111.8,"1.000,",,,,,,,,
2026-08-18T10:55:34.125254,6020,0x46,PUCCH,,,,,,,,,,,,,,,,,,1,-inf,"0.000,",,,,,,,,
2026-08-18T10:55:34.712031,6040,0x46,PUCCH,,,,,,,,,,,,,,,,,,1,-inf,"0.000,",,,,,,,,
2026-08-18T10:55:34.739920,6041,0x46,PUCCH,,,,,,,,,,,,,,,,,,2,111.8,"1.000,",,,,,,,,
2026-08-18T10:55:35.336547,6060,0x46,PUCCH,,,,,,,,,,,,,,,,,,1,-inf,"0.000,",,,,,,,,
2026-08-18T10:55:36.118430,6080,0x46,PUCCH,,,,,,,,,,,,,,,,,,1,-inf,"0.000,",,,,,,,,
2026-08-18T10:55:36.158345,6081,0x46,PUCCH,,,,,,,,,,,,,,,,,,2,111.8,"1.000,",,,,,,,,
2026-08-18T10:55:36.823423,6100,0x46,PUCCH,,,,,,,,,,,,,,,,,,1,-inf,"0.000,",,,,,,,,
2026-08-18T10:55:37.710019,6120,0x46,PUCCH,,,,,,,,,,,,,,,,,,1,-inf,"0.000,",,,,,,,,
2026-08-18T10:55:37.747782,6121,0x46,PUCCH,,,,,,,,,,,,,,,,,,2,111.8,"1.000,",,,,,,,,
2026-08-18T10:55:38.427099,6140,0x46,PUCCH,,,,,,,,,,,,,,,,,,1,-inf,"0.000,",,,,,,,,
2026-08-18T10:55:39.101713,6160,0x46,PUCCH,,,,,,,,,,,,,,,,,,1,-inf,"0.000,",,,,,,,,
2026-08-18T10:55:39.139946,6161,0x46,PUCCH,,,,,,,,,,,,,,,,,,2,111.8,"1.000,",,,,,,,,
2026-08-18T10:55:39.869425,6180,0x46,PUCCH,,,,,,,,,,,,,,,,,,1,-inf,"0.000,",,,,,,,,
2026-08-18T10:55:40.550288,6200,0x46,PUCCH,,,,,,,,,,,,,,,,,,1,-inf,"0.000,",,,,,,,,
2026-08-18T10:55:40.578393,6201,0x46,PUCCH,,,,,,,,,,,,,,,,,,2,111.8,"1.000,",,,,,,,,
2026-08-18T10:55:41.275796,6220,0x46,PUCCH,,,,,,,,,,,,,,,,,,1,-inf,"0.000,",,,,,,,,
2026-08-18T10:55:42.024280,6240,0x46,PUCCH,,,,,,,,,,,,,,,,,,1,-inf,"0.000,",,,,,,,,
2026-08-18T10:55:42.052272,6241,0x46,PUCCH,,,,,,,,,,,,,,,,,,2,111.8,"1.000,",,,,,,,,
2026-08-18T10:55:42.696085,6260,0x46,PUCCH,,,,,,,,,,,,,,,,,,1,-inf,"0.000,",,,,,,,,
2026-08-18T10:55:43.385910,6280,0x46,PUCCH,,,,,,,,,,,,,,,,,,1,-inf,"0.000,",,,,,,,,
2026-08-18T10:55:43.416636,6281,0x46,PUCCH,,,,,,,,,,,,,,,,,,2,111.8,"1.000,",,,,,,,,
2026-08-18T10:55:43.985632,6300,0x46,PUCCH,,,,,,,,,,,,,,,,,,1,-inf,"0.000,",,,,,,,,
2026-08-18T10:55:44.978015,6320,0x46,PUCCH,,,,,,,,,,,,,,,,,,1,-inf,"0.000,",,,,,,,,
2026-08-18T10:55:45.020338,6321,0x46,PUCCH,,,,,,,,,,,,,,,,,,2,111.8,"1.000,",,,,,,,,
2026-08-18T10:55:45.838595,6340,0x46,PUCCH,,,,,,,,,,,,,,,,,,1,-inf,"0.000,",,,,,,,,
2026-08-18T10:55:46.635863,6360,0x46,PUCCH,,,,,,,,,,,,,,,,,,1,-inf,"0.000,",,,,,,,,
2026-08-18T10:55:46.669881,6361,0x46,PUCCH,,,,,,,,,,,,,,,,,,2,111.8,"1.000,",,,,,,,,
2026-08-18T10:55:47.344836,6380,0x46,PUCCH,,,,,,,,,,,,,,,,,,1,-inf,"0.000,",,,,,,,,
2026-08-18T10:55:48.124240,6400,0x46,PUCCH,,,,,,,,,,,,,,,,,,1,-inf,"0.000,",,,,,,,,
2026-08-18T10:55:48.150712,6401,0x46,PUCCH,,,,,,,,,,,,,,,,,,2,111.8,"1.000,",,,,,,,,
2026-08-18T10:55:48.963422,6420,0x46,PUCCH,,,,,,,,,,,,,,,,,,1,-inf,"0.000,",,,,,,,,
2026-08-18T10:55:49.669731,6440,0x46,PUCCH,,,,,,,,,,,,,,,,,,1,-inf,"0.000,",,,,,,,,
2026-08-18T10:55:49.702616,6441,0x46,PUCCH,,,,,,,,,,,,,,,,,,2,111.8,"1.000,",,,,,,,,
2026-08-18T10:55:50.463138,6460,0x46,PUCCH,,,,,,,,,,,,,,,,,,1,-inf,"0.000,",,,,,,,,
2026-08-18T10:55:51.277716,6480,0x46,PUCCH,,,,,,,,,,,,,,,,,,1,-inf,"0.000,",,,,,,,,
2026-08-18T10:55:51.327642,6481,0x46,PUCCH,,,,,,,,,,,,,,,,,,2,111.8,"1.000,",,,,,,,,
2026-08-18T10:55:52.074305,6500,0x46,PUCCH,,,,,,,,,,,,,,,,,,1,-inf,"0.000,",,,,,,,,
2026-08-18T10:55:52.897998,6520,0x46,PUCCH,,,,,,,,,,,,,,,,,,1,-inf,"0.000,",,,,,,,,
2026-08-18T10:55:52.925298,6521,0x46,PUCCH,,,,,,,,,,,,,,,,,,2,111.8,"1.000,",,,,,,,,
2026-08-18T10:55:53.848105,6540,0x46,PUCCH,,,,,,,,,,,,,,,,,,1,-inf,"0.000,",,,,,,,,
2026-08-18T10:55:54.740409,6560,0x46,PUCCH,,,,,,,,,,,,,,,,,,1,-inf,"0.000,",,,,,,,,
2026-08-18T10:55:54.801627,6561,0x46,PUCCH,,,,,,,,,,,,,,,,,,2,111.8,"1.000,",,,,,,,,
2026-08-18T10:55:55.719647,6580,0x46,PUCCH,,,,,,,,,,,,,,,,,,1,-inf,"0.000,",,,,,,,,
2026-08-18T10:55:56.529241,6600,0x46,PUCCH,,,,,,,,,,,,,,,,,,1,-inf,"0.000,",,,,,,,,
2026-08-18T10:55:56.566863,6601,0x46,PUCCH,,,,,,,,,,,,,,,,,,2,111.8,"1.000,",,,,,,,,
2026-08-18T10:55:57.170115,6620,0x46,PUCCH,,,,,,,,,,,,,,,,,,1,-inf,"0.000,",,,,,,,,
2026-08-18T10:55:57.765933,6640,0x46,PUCCH,,,,,,,,,,,,,,,,,,1,-inf,"0.000,",,,,,,,,
2026-08-18T10:55:57.817077,6641,0x46,PUCCH,,,,,,,,,,,,,,,,,,2,111.8,"1.000,",,,,,,,,
2026-08-18T10:55:58.462773,6660,0x46,PUCCH,,,,,,,,,,,,,,,,,,1,-inf,"0.000,",,,,,,,,
2026-08-18T10:55:59.568491,6680,0x46,PUCCH,,,,,,,,,,,,,,,,,,1,-inf,"0.000,",,,,,,,,
2026-08-18T10:55:59.631003,6681,0x46,PUCCH,,,,,,,,,,,,,,,,,,2,111.8,"1.000,",,,,,,,,
2026-08-18T10:56:00.469351,6700,0x46,PUCCH,,,,,,,,,,,,,,,,,,1,-inf,"0.000,",,,,,,,,
2026-08-18T10:56:01.161852,6720,0x46,PUCCH,,,,,,,,,,,,,,,,,,1,-inf,"0.000,",,,,,,,,
2026-08-18T10:56:01.189420,6721,0x46,PUCCH,,,,,,,,,,,,,,,,,,2,111.8,"1.000,",,,,,,,,
2026-08-18T10:56:01.774095,6740,0x46,PUCCH,,,,,,,,,,,,,,,,,,1,-inf,"0.000,",,,,,,,,
2026-08-18T10:56:02.421901,6760,0x46,PUCCH,,,,,,,,,,,,,,,,,,1,-inf,"0.000,",,,,,,,,
2026-08-18T10:56:02.461505,6761,0x46,PUCCH,,,,,,,,,,,,,,,,,,2,111.8,"1.000,",,,,,,,,
2026-08-18T10:56:03.155610,6780,0x46,PUCCH,,,,,,,,,,,,,,,,,,1,-inf,"0.000,",,,,,,,,
2026-08-18T10:56:03.713225,6800,0x46,PUCCH,,,,,,,,,,,,,,,,,,1,-inf,"0.000,",,,,,,,,
2026-08-18T10:56:03.756302,6801,0x46,PUCCH,,,,,,,,,,,,,,,,,,2,111.8,"1.000,",,,,,,,,
2026-08-18T10:56:04.340986,6820,0x46,PUCCH,,,,,,,,,,,,,,,,,,1,-inf,"0.000,",,,,,,,,
2026-08-18T10:56:05.093837,6840,0x46,PUCCH,,,,,,,,,,,,,,,,,,1,-inf,"0.000,",,,,,,,,
2026-08-18T10:56:05.127985,6841,0x46,PUCCH,,,,,,,,,,,,,,,,,,2,111.8,"1.000,",,,,,,,,
2026-08-18T10:56:05.801823,6860,0x46,PUCCH,,,,,,,,,,,,,,,,,,1,-inf,"0.000,",,,,,,,,
2026-08-18T10:56:06.505847,6880,0x46,PUCCH,,,,,,,,,,,,,,,,,,1,-inf,"0.000,",,,,,,,,
2026-08-18T10:56:06.526221,6881,0x46,PUCCH,,,,,,,,,,,,,,,,,,2,111.8,"1.000,",,,,,,,,
2026-08-18T10:56:06.959663,6900,0x46,PUCCH,,,,,,,,,,,,,,,,,,1,-inf,"0.000,",,,,,,,,
2026-08-18T10:56:07.504149,6920,0x46,PUCCH,,,,,,,,,,,,,,,,,,1,-inf,"0.000,",,,,,,,,
2026-08-18T10:56:07.532699,6921,0x46,PUCCH,,,,,,,,,,,,,,,,,,2,111.8,"1.000,",,,,,,,,
2026-08-18T10:56:08.240243,6940,0x46,PUCCH,,,,,,,,,,,,,,,,,,1,-inf,"0.000,",,,,,,,,
2026-08-18T10:56:09.107716,6960,0x46,PUCCH,,,,,,,,,,,,,,,,,,1,-inf,"0.000,",,,,,,,,
2026-08-18T10:56:09.136770,6961,0x46,PUCCH,,,,,,,,,,,,,,,,,,2,111.8,"1.000,",,,,,,,,
2026-08-18T10:56:09.989402,6980,0x46,PUCCH,,,,,,,,,,,,,,,,,,1,-inf,"0.000,",,,,,,,,
2026-08-18T10:56:10.858181,7000,0x46,PUCCH,,,,,,,,,,,,,,,,,,1,-inf,"0.000,",,,,,,,,
2026-08-18T10:56:10.925146,7001,0x46,PUCCH,,,,,,,,,,,,,,,,,,2,111.8,"1.000,",,,,,,,,
2026-08-18T10:56:11.711054,7020,0x46,PUCCH,,,,,,,,,,,,,,,,,,1,-inf,"0.000,",,,,,,,,
2026-08-18T10:56:12.337299,7040,0x46,PUCCH,,,,,,,,,,,,,,,,,,1,-inf,"0.000,",,,,,,,,
2026-08-18T10:56:12.366498,7041,0x46,PUCCH,,,,,,,,,,,,,,,,,,2,111.8,"1.000,",,,,,,,,
2026-08-18T10:56:13.094469,7060,0x46,PUCCH,,,,,,,,,,,,,,,,,,1,-inf,"0.000,",,,,,,,,
2026-08-18T10:56:13.714030,7080,0x46,PUCCH,,,,,,,,,,,,,,,,,,1,-inf,"0.000,",,,,,,,,
2026-08-18T10:56:13.743956,7081,0x46,PUCCH,,,,,,,,,,,,,,,,,,2,111.8,"1.000,",,,,,,,,
2026-08-18T10:56:14.525616,7100,0x46,PUCCH,,,,,,,,,,,,,,,,,,1,-inf,"0.000,",,,,,,,,
2026-08-18T10:56:15.301535,7120,0x46,PUCCH,,,,,,,,,,,,,,,,,,1,-inf,"0.000,",,,,,,,,
2026-08-18T10:56:15.328286,7121,0x46,PUCCH,,,,,,,,,,,,,,,,,,2,111.8,"1.000,",,,,,,,,
2026-08-18T10:56:16.120612,7140,0x46,PUCCH,,,,,,,,,,,,,,,,,,1,-inf,"0.000,",,,,,,,,
2026-08-18T10:56:16.929282,7160,0x46,PUCCH,,,,,,,,,,,,,,,,,,1,-inf,"0.000,",,,,,,,,
2026-08-18T10:56:16.960814,7161,0x46,PUCCH,,,,,,,,,,,,,,,,,,2,111.8,"1.000,",,,,,,,,
2026-08-18T10:56:18.282585,7180,0x46,PUCCH,,,,,,,,,,,,,,,,,,1,-inf,"0.000,",,,,,,,,
2026-08-18T10:56:19.204479,7200,0x46,PUCCH,,,,,,,,,,,,,,,,,,1,-inf,"0.000,",,,,,,,,
2026-08-18T10:56:19.259024,7201,0x46,PUCCH,,,,,,,,,,,,,,,,,,2,111.8,"1.000,",,,,,,,,
2026-08-18T10:56:20.023633,7220,0x46,PUCCH,,,,,,,,,,,,,,,,,,1,-inf,"0.000,",,,,,,,,
2026-08-18T10:56:20.951234,7240,0x46,PUCCH,,,,,,,,,,,,,,,,,,1,-inf,"0.000,",,,,,,,,
2026-08-18T10:56:20.988368,7241,0x46,PUCCH,,,,,,,,,,,,,,,,,,2,111.8,"1.000,",,,,,,,,
2026-08-18T10:56:21.714701,7260,0x46,PUCCH,,,,,,,,,,,,,,,,,,1,-inf,"0.000,",,,,,,,,
2026-08-18T10:56:22.879951,7280,0x46,PUCCH,,,,,,,,,,,,,,,,,,1,-inf,"0.000,",,,,,,,,
2026-08-18T10:56:22.907655,7281,0x46,PUCCH,,,,,,,,,,,,,,,,,,2,111.8,"1.000,",,,,,,,,
2026-08-18T10:56:23.517446,7300,0x46,PUCCH,,,,,,,,,,,,,,,,,,1,-inf,"0.000,",,,,,,,,
2026-08-18T10:56:24.208488,7320,0x46,PUCCH,,,,,,,,,,,,,,,,,,1,-inf,"0.000,",,,,,,,,
2026-08-18T10:56:24.241203,7321,0x46,PUCCH,,,,,,,,,,,,,,,,,,2,111.8,"1.000,",,,,,,,,
2026-08-18T10:56:24.812033,7340,0x46,PUCCH,,,,,,,,,,,,,,,,,,1,-inf,"0.000,",,,,,,,,
2026-08-18T10:56:25.509327,7360,0x46,PUCCH,,,,,,,,,,,,,,,,,,1,-inf,"0.000,",,,,,,,,
2026-08-18T10:56:25.545687,7361,0x46,PUCCH,,,,,,,,,,,,,,,,,,2,111.8,"1.000,",,,,,,,,
2026-08-18T10:56:26.425063,7380,0x46,PUCCH,,,,,,,,,,,,,,,,,,1,-inf,"0.000,",,,,,,,,
2026-08-18T10:56:27.234750,7400,0x46,PUCCH,,,,,,,,,,,,,,,,,,1,-inf,"0.000,",,,,,,,,
2026-08-18T10:56:27.276141,7401,0x46,PUCCH,,,,,,,,,,,,,,,,,,2,111.8,"1.000,",,,,,,,,
2026-08-18T10:56:28.255789,7420,0x46,PUCCH,,,,,,,,,,,,,,,,,,1,-inf,"0.000,",,,,,,,,
2026-08-18T10:56:29.156444,7440,0x46,PUCCH,,,,,,,,,,,,,,,,,,1,-inf,"0.000,",,,,,,,,
2026-08-18T10:56:29.197861,7441,0x46,PUCCH,,,,,,,,,,,,,,,,,,2,111.8,"1.000,",,,,,,,,
2026-08-18T10:56:30.057750,7460,0x46,PUCCH,,,,,,,,,,,,,,,,,,1,-inf,"0.000,",,,,,,,,
2026-08-18T10:56:30.953528,7480,0x46,PUCCH,,,,,,,,,,,,,,,,,,1,-inf,"0.000,",,,,,,,,
2026-08-18T10:56:31.014138,7481,0x46,PUCCH,,,,,,,,,,,,,,,,,,2,111.8,"1.000,",,,,,,,,
2026-08-18T10:56:31.930219,7500,0x46,PUCCH,,,,,,,,,,,,,,,,,,1,-inf,"0.000,",,,,,,,,
2026-08-18T10:56:32.598920,7520,0x46,PUCCH,,,,,,,,,,,,,,,,,,1,-inf,"0.000,",,,,,,,,
2026-08-18T10:56:32.631392,7521,0x46,PUCCH,,,,,,,,,,,,,,,,,,2,111.8,"1.000,",,,,,,,,
2026-08-18T10:56:33.262583,7540,0x46,PUCCH,,,,,,,,,,,,,,,,,,1,-inf,"0.000,",,,,,,,,
2026-08-18T10:56:34.194971,7560,0x46,PUCCH,,,,,,,,,,,,,,,,,,1,-inf,"0.000,",,,,,,,,
2026-08-18T10:56:34.235635,7561,0x46,PUCCH,,,,,,,,,,,,,,,,,,2,111.8,"1.000,",,,,,,,,
2026-08-18T10:56:35.070049,7580,0x46,PUCCH,,,,,,,,,,,,,,,,,,1,-inf,"0.000,",,,,,,,,
2026-08-18T10:56:36.072056,7600,0x46,PUCCH,,,,,,,,,,,,,,,,,,1,-inf,"0.000,",,,,,,,,
2026-08-18T10:56:36.112155,7601,0x46,PUCCH,,,,,,,,,,,,,,,,,,2,111.8,"1.000,",,,,,,,,
2026-08-18T10:56:36.822870,7620,0x46,PUCCH,,,,,,,,,,,,,,,,,,1,-inf,"0.000,",,,,,,,,
2026-08-18T10:56:37.512313,7640,0x46,PUCCH,,,,,,,,,,,,,,,,,,1,-inf,"0.000,",,,,,,,,
2026-08-18T10:56:37.544157,7641,0x46,PUCCH,,,,,,,,,,,,,,,,,,2,111.8,"1.000,",,,,,,,,
2026-08-18T10:56:38.278932,7660,0x46,PUCCH,,,,,,,,,,,,,,,,,,1,-inf,"0.000,",,,,,,,,
2026-08-18T10:56:39.129711,7680,0x46,PUCCH,,,,,,,,,,,,,,,,,,1,-inf,"0.000,",,,,,,,,
2026-08-18T10:56:39.171024,7681,0x46,PUCCH,,,,,,,,,,,,,,,,,,2,111.8,"1.000,",,,,,,,,
2026-08-18T10:56:39.965341,7700,0x46,PUCCH,,,,,,,,,,,,,,,,,,1,-inf,"0.000,",,,,,,,,
2026-08-18T10:56:41.011873,7720,0x46,PUCCH,,,,,,,,,,,,,,,,,,1,-inf,"0.000,",,,,,,,,
2026-08-18T10:56:41.069721,7721,0x46,PUCCH,,,,,,,,,,,,,,,,,,2,111.8,"1.000,",,,,,,,,
2026-08-18T10:56:41.724076,7740,0x46,PUCCH,,,,,,,,,,,,,,,,,,1,-inf,"0.000,",,,,,,,,
2026-08-18T10:56:42.546117,7760,0x46,PUCCH,,,,,,,,,,,,,,,,,,1,-inf,"0.000,",,,,,,,,
2026-08-18T10:56:42.579274,7761,0x46,PUCCH,,,,,,,,,,,,,,,,,,2,111.8,"1.000,",,,,,,,,
2026-08-18T10:56:43.548517,7780,0x46,PUCCH,,,,,,,,,,,,,,,,,,1,-inf,"0.000,",,,,,,,,
2026-08-18T10:56:44.463041,7800,0x46,PUCCH,,,,,,,,,,,,,,,,,,1,-inf,"0.000,",,,,,,,,
2026-08-18T10:56:44.514709,7801,0x46,PUCCH,,,,,,,,,,,,,,,,,,2,111.8,"1.000,",,,,,,,,
2026-08-18T10:56:45.379757,7820,0x46,PUCCH,,,,,,,,,,,,,,,,,,1,-inf,"0.000,",,,,,,,,
2026-08-18T10:56:46.105366,7840,0x46,PUCCH,,,,,,,,,,,,,,,,,,1,-inf,"0.000,",,,,,,,,
2026-08-18T10:56:46.145859,7841,0x46,PUCCH,,,,,,,,,,,,,,,,,,2,111.8,"1.000,",,,,,,,,
2026-08-18T10:56:46.779201,7860,0x46,PUCCH,,,,,,,,,,,,,,,,,,1,-inf,"0.000,",,,,,,,,
2026-08-18T10:56:47.497589,7880,0x46,PUCCH,,,,,,,,,,,,,,,,,,1,-inf,"0.000,",,,,,,,,
2026-08-18T10:56:47.529721,7881,0x46,PUCCH,,,,,,,,,,,,,,,,,,2,111.8,"1.000,",,,,,,,,
2026-08-18T10:56:48.188812,7900,0x46,PUCCH,,,,,,,,,,,,,,,,,,1,-inf,"0.000,",,,,,,,,
2026-08-18T10:56:49.437272,7920,0x46,PUCCH,,,,,,,,,,,,,,,,,,1,-inf,"0.000,",,,,,,,,
2026-08-18T10:56:49.484359,7921,0x46,PUCCH,,,,,,,,,,,,,,,,,,2,111.8,"1.000,",,,,,,,,
2026-08-18T10:56:50.200752,7940,0x46,PUCCH,,,,,,,,,,,,,,,,,,1,-inf,"0.000,",,,,,,,,
2026-08-18T10:56:50.918579,7960,0x46,PUCCH,,,,,,,,,,,,,,,,,,1,-inf,"0.000,",,,,,,,,
2026-08-18T10:56:50.958368,7961,0x46,PUCCH,,,,,,,,,,,,,,,,,,2,111.8,"1.000,",,,,,,,,
2026-08-18T10:56:51.744662,7980,0x46,PUCCH,,,,,,,,,,,,,,,,,,1,-inf,"0.000,",,,,,,,,
2026-08-18T10:56:52.426418,8000,0x46,PUCCH,,,,,,,,,,,,,,,,,,1,-inf,"0.000,",,,,,,,,
2026-08-18T10:56:52.468336,8001,0x46,PUCCH,,,,,,,,,,,,,,,,,,2,111.8,"1.000,",,,,,,,,
2026-08-18T10:56:53.320233,8020,0x46,PUCCH,,,,,,,,,,,,,,,,,,1,-inf,"0.000,",,,,,,,,
2026-08-18T10:56:54.250401,8040,0x46,PUCCH,,,,,,,,,,,,,,,,,,1,-inf,"0.000,",,,,,,,,
2026-08-18T10:56:54.286783,8041,0x46,PUCCH,,,,,,,,,,,,,,,,,,2,111.8,"1.000,",,,,,,,,
2026-08-18T10:56:54.903221,8060,0x46,PUCCH,,,,,,,,,,,,,,,,,,1,-inf,"0.000,",,,,,,,,
2026-08-18T10:56:56.112276,8080,0x46,PUCCH,,,,,,,,,,,,,,,,,,1,-inf,"0.000,",,,,,,,,
2026-08-18T10:56:56.167009,8081,0x46,PUCCH,,,,,,,,,,,,,,,,,,2,111.8,"1.000,",,,,,,,,
2026-08-18T10:56:57.177732,8100,0x46,PUCCH,,,,,,,,,,,,,,,,,,1,-inf,"0.000,",,,,,,,,
2026-08-18T10:56:57.911415,8120,0x46,PUCCH,,,,,,,,,,,,,,,,,,1,-inf,"0.000,",,,,,,,,
2026-08-18T10:56:57.951983,8121,0x46,PUCCH,,,,,,,,,,,,,,,,,,2,111.8,"1.000,",,,,,,,,
2026-08-18T10:56:58.905474,8140,0x46,PUCCH,,,,,,,,,,,,,,,,,,1,-inf,"0.000,",,,,,,,,
2026-08-18T10:56:59.651212,8160,0x46,PUCCH,,,,,,,,,,,,,,,,,,1,-inf,"0.000,",,,,,,,,
2026-08-18T10:56:59.681184,8161,0x46,PUCCH,,,,,,,,,,,,,,,,,,2,111.8,"1.000,",,,,,,,,
2026-08-18T10:57:00.273677,8180,0x46,PUCCH,,,,,,,,,,,,,,,,,,1,-inf,"0.000,",,,,,,,,
2026-08-18T10:57:01.005559,8200,0x46,PUCCH,,,,,,,,,,,,,,,,,,1,-inf,"0.000,",,,,,,,,
2026-08-18T10:57:01.045137,8201,0x46,PUCCH,,,,,,,,,,,,,,,,,,2,111.8,"1.000,",,,,,,,,
2026-08-18T10:57:01.708425,8220,0x46,PUCCH,,,,,,,,,,,,,,,,,,1,-inf,"0.000,",,,,,,,,
2026-08-18T10:57:02.506271,8240,0x46,PUCCH,,,,,,,,,,,,,,,,,,1,-inf,"0.000,",,,,,,,,
2026-08-18T10:57:02.549738,8241,0x46,PUCCH,,,,,,,,,,,,,,,,,,2,111.8,"1.000,",,,,,,,,
2026-08-18T10:57:03.480103,8260,0x46,PUCCH,,,,,,,,,,,,,,,,,,1,-inf,"0.000,",,,,,,,,
2026-08-18T10:57:04.340936,8280,0x46,PUCCH,,,,,,,,,,,,,,,,,,1,-inf,"0.000,",,,,,,,,
2026-08-18T10:57:04.392881,8281,0x46,PUCCH,,,,,,,,,,,,,,,,,,2,111.8,"1.000,",,,,,,,,
2026-08-18T10:57:05.623765,8300,0x46,PUCCH,,,,,,,,,,,,,,,,,,1,-inf,"0.000,",,,,,,,,
2026-08-18T10:57:06.738839,8320,0x46,PUCCH,,,,,,,,,,,,,,,,,,1,-inf,"0.000,",,,,,,,,
2026-08-18T10:57:06.801647,8321,0x46,PUCCH,,,,,,,,,,,,,,,,,,2,111.8,"1.000,",,,,,,,,
2026-08-18T10:57:07.905535,8340,0x46,PUCCH,,,,,,,,,,,,,,,,,,1,-inf,"0.000,",,,,,,,,
2026-08-18T10:57:08.510546,8360,0x46,PUCCH,,,,,,,,,,,,,,,,,,1,-inf,"0.000,",,,,,,,,
2026-08-18T10:57:08.533247,8361,0x46,PUCCH,,,,,,,,,,,,,,,,,,2,111.8,"1.000,",,,,,,,,
2026-08-18T10:57:09.310504,8380,0x46,PUCCH,,,,,,,,,,,,,,,,,,1,-inf,"0.000,",,,,,,,,
2026-08-18T10:57:10.227152,8400,0x46,PUCCH,,,,,,,,,,,,,,,,,,1,-inf,"0.000,",,,,,,,,
2026-08-18T10:57:10.292130,8401,0x46,PUCCH,,,,,,,,,,,,,,,,,,2,111.8,"1.000,",,,,,,,,
2026-08-18T10:57:11.124776,8420,0x46,PUCCH,,,,,,,,,,,,,,,,,,1,-inf,"0.000,",,,,,,,,
2026-08-18T10:57:12.030040,8440,0x46,PUCCH,,,,,,,,,,,,,,,,,,1,-inf,"0.000,",,,,,,,,
2026-08-18T10:57:12.069895,8441,0x46,PUCCH,,,,,,,,,,,,,,,,,,2,111.8,"1.000,",,,,,,,,
2026-08-18T10:57:13.058930,8460,0x46,PUCCH,,,,,,,,,,,,,,,,,,1,-inf,"0.000,",,,,,,,,
2026-08-18T10:57:13.808521,8480,0x46,PUCCH,,,,,,,,,,,,,,,,,,1,-inf,"0.000,",,,,,,,,
2026-08-18T10:57:13.850000,8481,0x46,PUCCH,,,,,,,,,,,,,,,,,,2,111.8,"1.000,",,,,,,,,
2026-08-18T10:57:14.495175,8500,0x46,PUCCH,,,,,,,,,,,,,,,,,,1,-inf,"0.000,",,,,,,,,
2026-08-18T10:57:15.219329,8520,0x46,PUCCH,,,,,,,,,,,,,,,,,,1,-inf,"0.000,",,,,,,,,
2026-08-18T10:57:15.259834,8521,0x46,PUCCH,,,,,,,,,,,,,,,,,,2,111.8,"1.000,",,,,,,,,
2026-08-18T10:57:16.179394,8540,0x46,PUCCH,,,,,,,,,,,,,,,,,,1,-inf,"0.000,",,,,,,,,
2026-08-18T10:57:17.060392,8560,0x46,PUCCH,,,,,,,,,,,,,,,,,,1,-inf,"0.000,",,,,,,,,
2026-08-18T10:57:17.099107,8561,0x46,PUCCH,,,,,,,,,,,,,,,,,,2,111.8,"1.000,",,,,,,,,
2026-08-18T10:57:17.962253,8580,0x46,PUCCH,,,,,,,,,,,,,,,,,,1,-inf,"0.000,",,,,,,,,
2026-08-18T10:57:19.111834,8600,0x46,PUCCH,,,,,,,,,,,,,,,,,,1,-inf,"0.000,",,,,,,,,
2026-08-18T10:57:19.165533,8601,0x46,PUCCH,,,,,,,,,,,,,,,,,,2,111.8,"1.000,",,,,,,,,
2026-08-18T10:57:20.382808,8620,0x46,PUCCH,,,,,,,,,,,,,,,,,,1,-inf,"0.000,",,,,,,,,
2026-08-18T10:57:21.139693,8640,0x46,PUCCH,,,,,,,,,,,,,,,,,,1,-inf,"0.000,",,,,,,,,
2026-08-18T10:57:21.171924,8641,0x46,PUCCH,,,,,,,,,,,,,,,,,,2,111.8,"1.000,",,,,,,,,
2026-08-18T10:57:21.802866,8660,0x46,PUCCH,,,,,,,,,,,,,,,,,,1,-inf,"0.000,",,,,,,,,
2026-08-18T10:57:22.527253,8680,0x46,PUCCH,,,,,,,,,,,,,,,,,,1,-inf,"0.000,",,,,,,,,
2026-08-18T10:57:22.592110,8681,0x46,PUCCH,,,,,,,,,,,,,,,,,,2,111.8,"1.000,",,,,,,,,
2026-08-18T10:57:23.446485,8700,0x46,PUCCH,,,,,,,,,,,,,,,,,,1,-inf,"0.000,",,,,,,,,
2026-08-18T10:57:24.380277,8720,0x46,PUCCH,,,,,,,,,,,,,,,,,,1,-inf,"0.000,",,,,,,,,
2026-08-18T10:57:24.427733,8721,0x46,PUCCH,,,,,,,,,,,,,,,,,,2,111.8,"1.000,",,,,,,,,
2026-08-18T10:57:25.075421,8740,0x46,PUCCH,,,,,,,,,,,,,,,,,,1,-inf,"0.000,",,,,,,,,
2026-08-18T10:57:25.736769,8760,0x46,PUCCH,,,,,,,,,,,,,,,,,,1,-inf,"0.000,",,,,,,,,
2026-08-18T10:57:25.766342,8761,0x46,PUCCH,,,,,,,,,,,,,,,,,,2,111.8,"1.000,",,,,,,,,
2026-08-18T10:57:26.447256,8780,0x46,PUCCH,,,,,,,,,,,,,,,,,,1,-inf,"0.000,",,,,,,,,
2026-08-18T10:57:27.331782,8800,0x46,PUCCH,,,,,,,,,,,,,,,,,,1,-inf,"0.000,",,,,,,,,
2026-08-18T10:57:27.363792,8801,0x46,PUCCH,,,,,,,,,,,,,,,,,,2,111.8,"1.000,",,,,,,,,
2026-08-18T10:57:28.024875,8820,0x46,PUCCH,,,,,,,,,,,,,,,,,,1,-inf,"0.000,",,,,,,,,
2026-08-18T10:57:28.578300,8840,0x46,PUCCH,,,,,,,,,,,,,,,,,,1,-inf,"0.000,",,,,,,,,
2026-08-18T10:57:28.608331,8841,0x46,PUCCH,,,,,,,,,,,,,,,,,,2,111.8,"1.000,",,,,,,,,
2026-08-18T10:57:29.169602,8860,0x46,PUCCH,,,,,,,,,,,,,,,,,,1,-inf,"0.000,",,,,,,,,
2026-08-18T10:57:29.922132,8880,0x46,PUCCH,,,,,,,,,,,,,,,,,,1,-inf,"0.000,",,,,,,,,
2026-08-18T10:57:29.966395,8881,0x46,PUCCH,,,,,,,,,,,,,,,,,,2,111.8,"1.000,",,,,,,,,
2026-08-18T10:57:30.699284,8900,0x46,PUCCH,,,,,,,,,,,,,,,,,,1,-inf,"0.000,",,,,,,,,
2026-08-18T10:57:31.319647,8920,0x46,PUCCH,,,,,,,,,,,,,,,,,,1,-inf,"0.000,",,,,,,,,
2026-08-18T10:57:31.353220,8921,0x46,PUCCH,,,,,,,,,,,,,,,,,,2,111.8,"1.000,",,,,,,,,
2026-08-18T10:57:32.036598,8940,0x46,PUCCH,,,,,,,,,,,,,,,,,,1,-inf,"0.000,",,,,,,,,
2026-08-18T10:57:32.772244,8960,0x46,PUCCH,,,,,,,,,,,,,,,,,,1,-inf,"0.000,",,,,,,,,
2026-08-18T10:57:32.803413,8961,0x46,PUCCH,,,,,,,,,,,,,,,,,,2,111.8,"1.000,",,,,,,,,
2026-08-18T10:57:33.434276,8980,0x46,PUCCH,,,,,,,,,,,,,,,,,,1,-inf,"0.000,",,,,,,,,
2026-08-18T10:57:34.034453,9000,0x46,PUCCH,,,,,,,,,,,,,,,,,,1,-inf,"0.000,",,,,,,,,
2026-08-18T10:57:34.056844,9001,0x46,PUCCH,,,,,,,,,,,,,,,,,,2,111.8,"1.000,",,,,,,,,
2026-08-18T10:57:34.668450,9020,0x46,PUCCH,,,,,,,,,,,,,,,,,,1,-inf,"0.000,",,,,,,,,
2026-08-18T10:57:35.299005,9040,0x46,PUCCH,,,,,,,,,,,,,,,,,,1,-inf,"0.000,",,,,,,,,
2026-08-18T10:57:35.329160,9041,0x46,PUCCH,,,,,,,,,,,,,,,,,,2,111.8,"1.000,",,,,,,,,
2026-08-18T10:57:36.049109,9060,0x46,PUCCH,,,,,,,,,,,,,,,,,,1,-inf,"0.000,",,,,,,,,
2026-08-18T10:57:36.660021,9080,0x46,PUCCH,,,,,,,,,,,,,,,,,,1,-inf,"0.000,",,,,,,,,
2026-08-18T10:57:36.683612,9081,0x46,PUCCH,,,,,,,,,,,,,,,,,,2,111.8,"1.000,",,,,,,,,
2026-08-18T10:57:37.299451,9100,0x46,PUCCH,,,,,,,,,,,,,,,,,,1,-inf,"0.000,",,,,,,,,
2026-08-18T10:57:37.988055,9120,0x46,PUCCH,,,,,,,,,,,,,,,,,,1,-inf,"0.000,",,,,,,,,
2026-08-18T10:57:38.015735,9121,0x46,PUCCH,,,,,,,,,,,,,,,,,,2,111.8,"1.000,",,,,,,,,
2026-08-18T10:57:38.622054,9140,0x46,PUCCH,,,,,,,,,,,,,,,,,,1,-inf,"0.000,",,,,,,,,
2026-08-18T10:57:39.266224,9160,0x46,PUCCH,,,,,,,,,,,,,,,,,,1,-inf,"0.000,",,,,,,,,
2026-08-18T10:57:39.307191,9161,0x46,PUCCH,,,,,,,,,,,,,,,,,,2,111.8,"1.000,",,,,,,,,
2026-08-18T10:57:39.947337,9180,0x46,PUCCH,,,,,,,,,,,,,,,,,,1,-inf,"0.000,",,,,,,,,
2026-08-18T10:57:40.769617,9200,0x46,PUCCH,,,,,,,,,,,,,,,,,,1,-inf,"0.000,",,,,,,,,
2026-08-18T10:57:40.803973,9201,0x46,PUCCH,,,,,,,,,,,,,,,,,,2,111.8,"1.000,",,,,,,,,
2026-08-18T10:57:41.579511,9220,0x46,PUCCH,,,,,,,,,,,,,,,,,,1,-inf,"0.000,",,,,,,,,
2026-08-18T10:57:42.817246,9240,0x46,PUCCH,,,,,,,,,,,,,,,,,,1,-inf,"0.000,",,,,,,,,
2026-08-18T10:57:42.867030,9241,0x46,PUCCH,,,,,,,,,,,,,,,,,,2,111.8,"1.000,",,,,,,,,
2026-08-18T10:57:43.569488,9260,0x46,PUCCH,,,,,,,,,,,,,,,,,,1,-inf,"0.000,",,,,,,,,
2026-08-18T10:57:44.363102,9280,0x46,PUCCH,,,,,,,,,,,,,,,,,,1,-inf,"0.000,",,,,,,,,
2026-08-18T10:57:44.391970,9281,0x46,PUCCH,,,,,,,,,,,,,,,,,,2,111.8,"1.000,",,,,,,,,
2026-08-18T10:57:45.417160,9300,0x46,PUCCH,,,,,,,,,,,,,,,,,,1,-inf,"0.000,",,,,,,,,
2026-08-18T10:57:46.124634,9320,0x46,PUCCH,,,,,,,,,,,,,,,,,,1,-inf,"0.000,",,,,,,,,
2026-08-18T10:57:46.159074,9321,0x46,PUCCH,,,,,,,,,,,,,,,,,,2,111.8,"1.000,",,,,,,,,
2026-08-18T10:57:46.883071,9340,0x46,PUCCH,,,,,,,,,,,,,,,,,,1,-inf,"0.000,",,,,,,,,
2026-08-18T10:57:47.649467,9360,0x46,PUCCH,,,,,,,,,,,,,,,,,,1,-inf,"0.000,",,,,,,,,
2026-08-18T10:57:47.679478,9361,0x46,PUCCH,,,,,,,,,,,,,,,,,,2,111.8,"1.000,",,,,,,,,
2026-08-18T10:57:48.383215,9380,0x46,PUCCH,,,,,,,,,,,,,,,,,,1,-inf,"0.000,",,,,,,,,
2026-08-18T10:57:49.146111,9400,0x46,PUCCH,,,,,,,,,,,,,,,,,,1,-inf,"0.000,",,,,,,,,
2026-08-18T10:57:49.174731,9401,0x46,PUCCH,,,,,,,,,,,,,,,,,,2,111.8,"1.000,",,,,,,,,
2026-08-18T10:57:49.766292,9420,0x46,PUCCH,,,,,,,,,,,,,,,,,,1,-inf,"0.000,",,,,,,,,
2026-08-18T10:57:50.472669,9440,0x46,PUCCH,,,,,,,,,,,,,,,,,,1,-inf,"0.000,",,,,,,,,
2026-08-18T10:57:50.513392,9441,0x46,PUCCH,,,,,,,,,,,,,,,,,,2,111.8,"1.000,",,,,,,,,
2026-08-18T10:57:51.332502,9460,0x46,PUCCH,,,,,,,,,,,,,,,,,,1,-inf,"0.000,",,,,,,,,
2026-08-18T10:57:51.985659,9480,0x46,PUCCH,,,,,,,,,,,,,,,,,,1,-inf,"0.000,",,,,,,,,
2026-08-18T10:57:52.050414,9481,0x46,PUCCH,,,,,,,,,,,,,,,,,,2,111.8,"1.000,",,,,,,,,
2026-08-18T10:57:52.783108,9500,0x46,PUCCH,,,,,,,,,,,,,,,,,,1,-inf,"0.000,",,,,,,,,
2026-08-18T10:57:53.612994,9520,0x46,PUCCH,,,,,,,,,,,,,,,,,,1,-inf,"0.000,",,,,,,,,
2026-08-18T10:57:53.644089,9521,0x46,PUCCH,,,,,,,,,,,,,,,,,,2,111.8,"1.000,",,,,,,,,
2026-08-18T10:57:54.218371,9540,0x46,PUCCH,,,,,,,,,,,,,,,,,,1,-inf,"0.000,",,,,,,,,
2026-08-18T10:57:54.790749,9560,0x46,PUCCH,,,,,,,,,,,,,,,,,,1,-inf,"0.000,",,,,,,,,
2026-08-18T10:57:54.844052,9561,0x46,PUCCH,,,,,,,,,,,,,,,,,,2,111.8,"1.000,",,,,,,,,
2026-08-18T10:57:55.723450,9580,0x46,PUCCH,,,,,,,,,,,,,,,,,,1,-inf,"0.000,",,,,,,,,
2026-08-18T10:57:56.226260,9600,0x46,PUCCH,,,,,,,,,,,,,,,,,,1,-inf,"0.000,",,,,,,,,
2026-08-18T10:57:56.248246,9601,0x46,PUCCH,,,,,,,,,,,,,,,,,,2,111.8,"1.000,",,,,,,,,
2026-08-18T10:57:56.857787,9620,0x46,PUCCH,,,,,,,,,,,,,,,,,,1,-inf,"0.000,",,,,,,,,
2026-08-18T10:57:57.916420,9640,0x46,PUCCH,,,,,,,,,,,,,,,,,,1,-inf,"0.000,",,,,,,,,
2026-08-18T10:57:57.955081,9641,0x46,PUCCH,,,,,,,,,,,,,,,,,,2,111.8,"1.000,",,,,,,,,
2026-08-18T10:57:58.838246,9660,0x46,PUCCH,,,,,,,,,,,,,,,,,,1,-inf,"0.000,",,,,,,,,
2026-08-18T10:57:59.636530,9680,0x46,PUCCH,,,,,,,,,,,,,,,,,,1,-inf,"0.000,",,,,,,,,
2026-08-18T10:57:59.702170,9681,0x46,PUCCH,,,,,,,,,,,,,,,,,,2,111.8,"1.000,",,,,,,,,
2026-08-18T10:58:00.474953,9700,0x46,PUCCH,,,,,,,,,,,,,,,,,,1,-inf,"0.000,",,,,,,,,
2026-08-18T10:58:01.301580,9720,0x46,PUCCH,,,,,,,,,,,,,,,,,,1,-inf,"0.000,",,,,,,,,
2026-08-18T10:58:01.338366,9721,0x46,PUCCH,,,,,,,,,,,,,,,,,,2,111.8,"1.000,",,,,,,,,
2026-08-18T10:58:02.129172,9740,0x46,PUCCH,,,,,,,,,,,,,,,,,,1,-inf,"0.000,",,,,,,,,
2026-08-18T10:58:03.126388,9760,0x46,PUCCH,,,,,,,,,,,,,,,,,,1,-inf,"0.000,",,,,,,,,
2026-08-18T10:58:03.176067,9761,0x46,PUCCH,,,,,,,,,,,,,,,,,,2,111.8,"1.000,",,,,,,,,
2026-08-18T10:58:03.923686,9780,0x46,PUCCH,,,,,,,,,,,,,,,,,,1,-inf,"0.000,",,,,,,,,
2026-08-18T10:58:04.527331,9800,0x46,PUCCH,,,,,,,,,,,,,,,,,,1,-inf,"0.000,",,,,,,,,
2026-08-18T10:58:04.556036,9801,0x46,PUCCH,,,,,,,,,,,,,,,,,,2,111.8,"1.000,",,,,,,,,
2026-08-18T10:58:05.364012,9820,0x46,PUCCH,,,,,,,,,,,,,,,,,,1,-inf,"0.000,",,,,,,,,
2026-08-18T10:58:05.980369,9840,0x46,PUCCH,,,,,,,,,,,,,,,,,,1,-inf,"0.000,",,,,,,,,
2026-08-18T10:58:06.000151,9841,0x46,PUCCH,,,,,,,,,,,,,,,,,,2,111.8,"1.000,",,,,,,,,
2026-08-18T10:58:06.541830,9860,0x46,PUCCH,,,,,,,,,,,,,,,,,,1,-inf,"0.000,",,,,,,,,
2026-08-18T10:58:07.107322,9880,0x46,PUCCH,,,,,,,,,,,,,,,,,,1,-inf,"0.000,",,,,,,,,
2026-08-18T10:58:07.134914,9881,0x46,PUCCH,,,,,,,,,,,,,,,,,,2,111.8,"1.000,",,,,,,,,
2026-08-18T10:58:07.624288,9900,0x46,PUCCH,,,,,,,,,,,,,,,,,,1,-inf,"0.000,",,,,,,,,
2026-08-18T10:58:08.409587,9920,0x46,PUCCH,,,,,,,,,,,,,,,,,,1,-inf,"0.000,",,,,,,,,
2026-08-18T10:58:08.479943,9921,0x46,PUCCH,,,,,,,,,,,,,,,,,,2,111.8,"1.000,",,,,,,,,
2026-08-18T10:58:09.130496,9940,0x46,PUCCH,,,,,,,,,,,,,,,,,,1,-inf,"0.000,",,,,,,,,
2026-08-18T10:58:09.803194,9960,0x46,PUCCH,,,,,,,,,,,,,,,,,,1,-inf,"0.000,",,,,,,,,
2026-08-18T10:58:09.833843,9961,0x46,PUCCH,,,,,,,,,,,,,,,,,,2,111.8,"1.000,",,,,,,,,
2026-08-18T10:58:10.738843,9980,0x46,PUCCH,,,,,,,,,,,,,,,,,,1,-inf,"0.000,",,,,,,,,
2026-08-18T10:58:11.613950,10000,0x46,PUCCH,,,,,,,,,,,,,,,,,,1,-inf,"0.000,",,,,,,,,
2026-08-18T10:58:11.657710,10001,0x46,PUCCH,,,,,,,,,,,,,,,,,,2,111.8,"1.000,",,,,,,,,
2026-08-18T10:58:12.490156,10020,0x46,PUCCH,,,,,,,,,,,,,,,,,,1,-inf,"0.000,",,,,,,,,
2026-08-18T10:58:13.325845,10040,0x46,PUCCH,,,,,,,,,,,,,,,,,,1,-inf,"0.000,",,,,,,,,
2026-08-18T10:58:13.353766,10041,0x46,PUCCH,,,,,,,,,,,,,,,,,,2,111.8,"1.000,",,,,,,,,
2026-08-18T10:58:14.190719,10060,0x46,PUCCH,,,,,,,,,,,,,,,,,,1,-inf,"0.000,",,,,,,,,
2026-08-18T10:58:15.055301,10080,0x46,PUCCH,,,,,,,,,,,,,,,,,,1,-inf,"0.000,",,,,,,,,
2026-08-18T10:58:15.091314,10081,0x46,PUCCH,,,,,,,,,,,,,,,,,,2,111.8,"1.000,",,,,,,,,
2026-08-18T10:58:15.673005,10100,0x46,PUCCH,,,,,,,,,,,,,,,,,,1,-inf,"0.000,",,,,,,,,
2026-08-18T10:58:16.640317,10120,0x46,PUCCH,,,,,,,,,,,,,,,,,,1,-inf,"0.000,",,,,,,,,
2026-08-18T10:58:16.672133,10121,0x46,PUCCH,,,,,,,,,,,,,,,,,,2,111.8,"1.000,",,,,,,,,
2026-08-18T10:58:17.669262,10140,0x46,PUCCH,,,,,,,,,,,,,,,,,,1,-inf,"0.000,",,,,,,,,
2026-08-18T10:58:18.371542,10160,0x46,PUCCH,,,,,,,,,,,,,,,,,,1,-inf,"0.000,",,,,,,,,
2026-08-18T10:58:18.404858,10161,0x46,PUCCH,,,,,,,,,,,,,,,,,,2,111.8,"1.000,",,,,,,,,
2026-08-18T10:58:19.112079,10180,0x46,PUCCH,,,,,,,,,,,,,,,,,,1,-inf,"0.000,",,,,,,,,
2026-08-18T10:58:19.732074,10200,0x46,PUCCH,,,,,,,,,,,,,,,,,,1,-inf,"0.000,",,,,,,,,
2026-08-18T10:58:19.761411,10201,0x46,PUCCH,,,,,,,,,,,,,,,,,,2,111.8,"1.000,",,,,,,,,
2026-08-18T10:58:20.518688,10220,0x46,PUCCH,,,,,,,,,,,,,,,,,,1,-inf,"0.000,",,,,,,,,
2026-08-18T10:58:21.240674,0,0x46,PUCCH,,,,,,,,,,,,,,,,,,1,-inf,"0.000,",,,,,,,,
2026-08-18T10:58:21.280806,1,0x46,PUCCH,,,,,,,,,,,,,,,,,,2,111.8,"1.000,",,,,,,,,
2026-08-18T10:58:21.953607,20,0x46,PUCCH,,,,,,,,,,,,,,,,,,1,-inf,"0.000,",,,,,,,,
2026-08-18T10:58:22.662380,40,0x46,PUCCH,,,,,,,,,,,,,,,,,,1,-inf,"0.000,",,,,,,,,
2026-08-18T10:58:22.688977,41,0x46,PUCCH,,,,,,,,,,,,,,,,,,2,111.8,"1.000,",,,,,,,,
2026-08-18T10:58:23.313697,60,0x46,PUCCH,,,,,,,,,,,,,,,,,,1,-inf,"0.000,",,,,,,,,
2026-08-18T10:58:24.075278,80,0x46,PUCCH,,,,,,,,,,,,,,,,,,1,-inf,"0.000,",,,,,,,,
2026-08-18T10:58:24.106255,81,0x46,PUCCH,,,,,,,,,,,,,,,,,,2,111.8,"1.000,",,,,,,,,
2026-08-18T10:58:24.794208,100,0x46,PUCCH,,,,,,,,,,,,,,,,,,1,-inf,"0.000,",,,,,,,,
2026-08-18T10:58:25.646826,120,0x46,PUCCH,,,,,,,,,,,,,,,,,,1,-inf,"0.000,",,,,,,,,
2026-08-18T10:58:25.676656,121,0x46,PUCCH,,,,,,,,,,,,,,,,,,2,111.8,"1.000,",,,,,,,,
2026-08-18T10:58:26.628938,140,0x46,PUCCH,,,,,,,,,,,,,,,,,,1,-inf,"0.000,",,,,,,,,
2026-08-18T10:58:27.378298,160,0x46,PUCCH,,,,,,,,,,,,,,,,,,1,-inf,"0.000,",,,,,,,,
2026-08-18T10:58:27.417714,161,0x46,PUCCH,,,,,,,,,,,,,,,,,,2,111.8,"1.000,",,,,,,,,
2026-08-18T10:58:28.160380,180,0x46,PUCCH,,,,,,,,,,,,,,,,,,1,-inf,"0.000,",,,,,,,,
2026-08-18T10:58:29.051828,200,0x46,PUCCH,,,,,,,,,,,,,,,,,,1,-inf,"0.000,",,,,,,,,
2026-08-18T10:58:29.080424,201,0x46,PUCCH,,,,,,,,,,,,,,,,,,2,111.8,"1.000,",,,,,,,,
2026-08-18T10:58:29.756390,220,0x46,PUCCH,,,,,,,,,,,,,,,,,,1,-inf,"0.000,",,,,,,,,
2026-08-18T10:58:30.690573,240,0x46,PUCCH,,,,,,,,,,,,,,,,,,1,-inf,"0.000,",,,,,,,,
2026-08-18T10:58:30.730218,241,0x46,PUCCH,,,,,,,,,,,,,,,,,,2,111.8,"1.000,",,,,,,,,
2026-08-18T10:58:31.371087,260,0x46,PUCCH,,,,,,,,,,,,,,,,,,1,-inf,"0.000,",,,,,,,,
2026-08-18T10:58:32.114721,280,0x46,PUCCH,,,,,,,,,,,,,,,,,,1,-inf,"0.000,",,,,,,,,
2026-08-18T10:58:32.170733,281,0x46,PUCCH,,,,,,,,,,,,,,,,,,2,111.8,"1.000,",,,,,,,,
2026-08-18T10:58:33.210643,300,0x46,PUCCH,,,,,,,,,,,,,,,,,,1,-inf,"0.000,",,,,,,,,
2026-08-18T10:58:33.936628,320,0x46,PUCCH,,,,,,,,,,,,,,,,,,1,-inf,"0.000,",,,,,,,,
2026-08-18T10:58:33.967193,321,0x46,PUCCH,,,,,,,,,,,,,,,,,,2,111.8,"1.000,",,,,,,,,
2026-08-18T10:58:34.669934,340,0x46,PUCCH,,,,,,,,,,,,,,,,,,1,-inf,"0.000,",,,,,,,,
2026-08-18T10:58:35.253597,360,0x46,PUCCH,,,,,,,,,,,,,,,,,,1,-inf,"0.000,",,,,,,,,
2026-08-18T10:58:35.277136,361,0x46,PUCCH,,,,,,,,,,,,,,,,,,2,111.8,"1.000,",,,,,,,,
2026-08-18T10:58:35.859114,380,0x46,PUCCH,,,,,,,,,,,,,,,,,,1,-inf,"0.000,",,,,,,,,
2026-08-18T10:58:36.622168,400,0x46,PUCCH,,,,,,,,,,,,,,,,,,1,-inf,"0.000,",,,,,,,,
2026-08-18T10:58:36.659496,401,0x46,PUCCH,,,,,,,,,,,,,,,,,,2,111.8,"1.000,",,,,,,,,
2026-08-18T10:58:37.312443,420,0x46,PUCCH,,,,,,,,,,,,,,,,,,1,-inf,"0.000,",,,,,,,,
2026-08-18T10:58:38.306576,440,0x46,PUCCH,,,,,,,,,,,,,,,,,,1,-inf,"0.000,",,,,,,,,
2026-08-18T10:58:38.336917,441,0x46,PUCCH,,,,,,,,,,,,,,,,,,2,111.8,"1.000,",,,,,,,,
2026-08-18T10:58:39.021375,460,0x46,PUCCH,,,,,,,,,,,,,,,,,,1,-inf,"0.000,",,,,,,,,
2026-08-18T10:58:39.772701,480,0x46,PUCCH,,,,,,,,,,,,,,,,,,1,-inf,"0.000,",,,,,,,,
2026-08-18T10:58:39.804076,481,0x46,PUCCH,,,,,,,,,,,,,,,,,,2,111.8,"1.000,",,,,,,,,
2026-08-18T10:58:40.501368,500,0x46,PUCCH,,,,,,,,,,,,,,,,,,1,-inf,"0.000,",,,,,,,,
2026-08-18T10:58:41.422711,520,0x46,PUCCH,,,,,,,,,,,,,,,,,,1,-inf,"0.000,",,,,,,,,
2026-08-18T10:58:41.458839,521,0x46,PUCCH,,,,,,,,,,,,,,,,,,2,111.8,"1.000,",,,,,,,,
2026-08-18T10:58:42.520639,540,0x46,PUCCH,,,,,,,,,,,,,,,,,,1,-inf,"0.000,",,,,,,,,
2026-08-18T10:58:43.222431,560,0x46,PUCCH,,,,,,,,,,,,,,,,,,1,-inf,"0.000,",,,,,,,,
2026-08-18T10:58:43.258984,561,0x46,PUCCH,,,,,,,,,,,,,,,,,,2,111.8,"1.000,",,,,,,,,
2026-08-18T10:58:43.863717,580,0x46,PUCCH,,,,,,,,,,,,,,,,,,1,-inf,"0.000,",,,,,,,,
2026-08-18T10:58:44.687576,600,0x46,PUCCH,,,,,,,,,,,,,,,,,,1,-inf,"0.000,",,,,,,,,
2026-08-18T10:58:44.748574,601,0x46,PUCCH,,,,,,,,,,,,,,,,,,2,111.8,"1.000,",,,,,,,,
2026-08-18T10:58:45.396524,620,0x46,PUCCH,,,,,,,,,,,,,,,,,,1,-inf,"0.000,",,,,,,,,
2026-08-18T10:58:45.990664,640,0x46,PUCCH,,,,,,,,,,,,,,,,,,1,-inf,"0.000,",,,,,,,,
2026-08-18T10:58:46.013332,641,0x46,PUCCH,,,,,,,,,,,,,,,,,,2,111.8,"1.000,",,,,,,,,
2026-08-18T10:58:46.822861,660,0x46,PUCCH,,,,,,,,,,,,,,,,,,1,-inf,"0.000,",,,,,,,,
2026-08-18T10:58:47.949828,680,0x46,PUCCH,,,,,,,,,,,,,,,,,,1,-inf,"0.000,",,,,,,,,
2026-08-18T10:58:48.028597,681,0x46,PUCCH,,,,,,,,,,,,,,,,,,2,111.8,"1.000,",,,,,,,,
2026-08-18T10:58:48.806222,700,0x46,PUCCH,,,,,,,,,,,,,,,,,,1,-inf,"0.000,",,,,,,,,
2026-08-18T10:58:49.482840,720,0x46,PUCCH,,,,,,,,,,,,,,,,,,1,-inf,"0.000,",,,,,,,,
2026-08-18T10:58:49.517779,721,0x46,PUCCH,,,,,,,,,,,,,,,,,,2,111.8,"1.000,",,,,,,,,
2026-08-18T10:58:50.156452,740,0x46,PUCCH,,,,,,,,,,,,,,,,,,1,-inf,"0.000,",,,,,,,,
2026-08-18T10:58:50.858761,760,0x46,PUCCH,,,,,,,,,,,,,,,,,,1,-inf,"0.000,",,,,,,,,
2026-08-18T10:58:50.889382,761,0x46,PUCCH,,,,,,,,,,,,,,,,,,2,111.8,"1.000,",,,,,,,,
2026-08-18T10:58:51.622311,780,0x46,PUCCH,,,,,,,,,,,,,,,,,,1,-inf,"0.000,",,,,,,,,
2026-08-18T10:58:52.496689,800,0x46,PUCCH,,,,,,,,,,,,,,,,,,1,-inf,"0.000,",,,,,,,,
2026-08-18T10:58:52.551801,801,0x46,PUCCH,,,,,,,,,,,,,,,,,,2,111.8,"1.000,",,,,,,,,
2026-08-18T10:58:53.287620,820,0x46,PUCCH,,,,,,,,,,,,,,,,,,1,-inf,"0.000,",,,,,,,,
2026-08-18T10:58:54.023057,840,0x46,PUCCH,,,,,,,,,,,,,,,,,,1,-inf,"0.000,",,,,,,,,
2026-08-18T10:58:54.069986,841,0x46,PUCCH,,,,,,,,,,,,,,,,,,2,111.8,"1.000,",,,,,,,,
2026-08-18T10:58:54.831042,860,0x46,PUCCH,,,,,,,,,,,,,,,,,,1,-inf,"0.000,",,,,,,,,
2026-08-18T10:58:55.527361,880,0x46,PUCCH,,,,,,,,,,,,,,,,,,1,-inf,"0.000,",,,,,,,,
2026-08-18T10:58:55.559477,881,0x46,PUCCH,,,,,,,,,,,,,,,,,,2,111.8,"1.000,",,,,,,,,
2026-08-18T10:58:56.159276,900,0x46,PUCCH,,,,,,,,,,,,,,,,,,1,-inf,"0.000,",,,,,,,,
2026-08-18T10:58:57.162630,920,0x46,PUCCH,,,,,,,,,,,,,,,,,,1,-inf,"0.000,",,,,,,,,
2026-08-18T10:58:57.255719,921,0x46,PUCCH,,,,,,,,,,,,,,,,,,2,111.8,"1.000,",,,,,,,,
2026-08-18T10:58:57.922390,940,0x46,PUCCH,,,,,,,,,,,,,,,,,,1,-inf,"0.000,",,,,,,,,
2026-08-18T10:58:58.623210,960,0x46,PUCCH,,,,,,,,,,,,,,,,,,1,-inf,"0.000,",,,,,,,,
2026-08-18T10:58:58.648654,961,0x46,PUCCH,,,,,,,,,,,,,,,,,,2,111.8,"1.000,",,,,,,,,
2026-08-18T10:58:59.415494,980,0x46,PUCCH,,,,,,,,,,,,,,,,,,1,-inf,"0.000,",,,,,,,,
2026-08-18T10:59:00.043279,1000,0x46,PUCCH,,,,,,,,,,,,,,,,,,1,-inf,"0.000,",,,,,,,,
2026-08-18T10:59:00.076440,1001,0x46,PUCCH,,,,,,,,,,,,,,,,,,2,111.8,"1.000,",,,,,,,,
2026-08-18T10:59:00.822151,1020,0x46,PUCCH,,,,,,,,,,,,,,,,,,1,-inf,"0.000,",,,,,,,,
2026-08-18T10:59:01.294876,1040,0x46,PUCCH,,,,,,,,,,,,,,,,,,1,-inf,"0.000,",,,,,,,,
2026-08-18T10:59:01.325533,1041,0x46,PUCCH,,,,,,,,,,,,,,,,,,2,111.8,"1.000,",,,,,,,,
2026-08-18T10:59:02.073378,1060,0x46,PUCCH,,,,,,,,,,,,,,,,,,1,-inf,"0.000,",,,,,,,,
2026-08-18T10:59:02.730305,1080,0x46,PUCCH,,,,,,,,,,,,,,,,,,1,-inf,"0.000,",,,,,,,,
2026-08-18T10:59:02.766102,1081,0x46,PUCCH,,,,,,,,,,,,,,,,,,2,111.8,"1.000,",,,,,,,,
2026-08-18T10:59:03.528778,1100,0x46,PUCCH,,,,,,,,,,,,,,,,,,1,-inf,"0.000,",,,,,,,,
2026-08-18T10:59:04.164103,1120,0x46,PUCCH,,,,,,,,,,,,,,,,,,1,-inf,"0.000,",,,,,,,,
2026-08-18T10:59:04.186398,1121,0x46,PUCCH,,,,,,,,,,,,,,,,,,2,111.8,"1.000,",,,,,,,,
2026-08-18T10:59:04.876047,1140,0x46,PUCCH,,,,,,,,,,,,,,,,,,1,-inf,"0.000,",,,,,,,,
2026-08-18T10:59:06.011775,1160,0x46,PUCCH,,,,,,,,,,,,,,,,,,1,-inf,"0.000,",,,,,,,,
2026-08-18T10:59:06.071486,1161,0x46,PUCCH,,,,,,,,,,,,,,,,,,2,111.8,"1.000,",,,,,,,,
2026-08-18T10:59:07.054905,1180,0x46,PUCCH,,,,,,,,,,,,,,,,,,1,-inf,"0.000,",,,,,,,,
2026-08-18T10:59:07.723970,1200,0x46,PUCCH,,,,,,,,,,,,,,,,,,1,-inf,"0.000,",,,,,,,,
2026-08-18T10:59:07.745569,1201,0x46,PUCCH,,,,,,,,,,,,,,,,,,2,111.8,"1.000,",,,,,,,,
2026-08-18T10:59:08.469802,1220,0x46,PUCCH,,,,,,,,,,,,,,,,,,1,-inf,"0.000,",,,,,,,,
2026-08-18T10:59:09.248244,1240,0x46,PUCCH,,,,,,,,,,,,,,,,,,1,-inf,"0.000,",,,,,,,,
2026-08-18T10:59:09.280510,1241,0x46,PUCCH,,,,,,,,,,,,,,,,,,2,111.8,"1.000,",,,,,,,,
2026-08-18T10:59:09.965014,1260,0x46,PUCCH,,,,,,,,,,,,,,,,,,1,-inf,"0.000,",,,,,,,,
2026-08-18T10:59:10.726235,1280,0x46,PUCCH,,,,,,,,,,,,,,,,,,1,-inf,"0.000,",,,,,,,,
2026-08-18T10:59:10.763903,1281,0x46,PUCCH,,,,,,,,,,,,,,,,,,2,111.8,"1.000,",,,,,,,,
2026-08-18T10:59:11.452172,1300,0x46,PUCCH,,,,,,,,,,,,,,,,,,1,-inf,"0.000,",,,,,,,,
2026-08-18T10:59:12.005681,1320,0x46,PUCCH,,,,,,,,,,,,,,,,,,1,-inf,"0.000,",,,,,,,,
2026-08-18T10:59:12.070601,1321,0x46,PUCCH,,,,,,,,,,,,,,,,,,2,111.8,"1.000,",,,,,,,,
2026-08-18T10:59:12.897876,1340,0x46,PUCCH,,,,,,,,,,,,,,,,,,1,-inf,"0.000,",,,,,,,,
2026-08-18T10:59:13.645062,1360,0x46,PUCCH,,,,,,,,,,,,,,,,,,1,-inf,"0.000,",,,,,,,,
2026-08-18T10:59:13.690783,1361,0x46,PUCCH,,,,,,,,,,,,,,,,,,2,111.8,"1.000,",,,,,,,,
2026-08-18T10:59:14.459003,1380,0x46,PUCCH,,,,,,,,,,,,,,,,,,1,-inf,"0.000,",,,,,,,,
2026-08-18T10:59:15.402235,1400,0x46,PUCCH,,,,,,,,,,,,,,,,,,1,-inf,"0.000,",,,,,,,,
2026-08-18T10:59:15.441316,1401,0x46,PUCCH,,,,,,,,,,,,,,,,,,2,111.8,"1.000,",,,,,,,,
2026-08-18T10:59:16.280505,1420,0x46,PUCCH,,,,,,,,,,,,,,,,,,1,-inf,"0.000,",,,,,,,,
2026-08-18T10:59:17.074920,1440,0x46,PUCCH,,,,,,,,,,,,,,,,,,1,-inf,"0.000,",,,,,,,,
2026-08-18T10:59:17.106406,1441,0x46,PUCCH,,,,,,,,,,,,,,,,,,2,111.8,"1.000,",,,,,,,,
2026-08-18T10:59:18.065176,1460,0x46,PUCCH,,,,,,,,,,,,,,,,,,1,-inf,"0.000,",,,,,,,,
2026-08-18T10:59:18.952060,1480,0x46,PUCCH,,,,,,,,,,,,,,,,,,1,-inf,"0.000,",,,,,,,,
2026-08-18T10:59:18.979585,1481,0x46,PUCCH,,,,,,,,,,,,,,,,,,2,111.8,"1.000,",,,,,,,,
2026-08-18T10:59:19.830065,1500,0x46,PUCCH,,,,,,,,,,,,,,,,,,1,-inf,"0.000,",,,,,,,,
2026-08-18T10:59:20.595695,1520,0x46,PUCCH,,,,,,,,,,,,,,,,,,1,-inf,"0.000,",,,,,,,,
2026-08-18T10:59:20.622133,1521,0x46,PUCCH,,,,,,,,,,,,,,,,,,2,111.8,"1.000,",,,,,,,,
2026-08-18T10:59:21.524105,1540,0x46,PUCCH,,,,,,,,,,,,,,,,,,1,-inf,"0.000,",,,,,,,,
2026-08-18T10:59:22.420685,1560,0x46,PUCCH,,,,,,,,,,,,,,,,,,1,-inf,"0.000,",,,,,,,,
2026-08-18T10:59:22.462527,1561,0x46,PUCCH,,,,,,,,,,,,,,,,,,2,111.8,"1.000,",,,,,,,,
2026-08-18T10:59:23.378977,1580,0x46,PUCCH,,,,,,,,,,,,,,,,,,1,-inf,"0.000,",,,,,,,,
2026-08-18T10:59:24.030049,1600,0x46,PUCCH,,,,,,,,,,,,,,,,,,1,-inf,"0.000,",,,,,,,,
2026-08-18T10:59:24.051836,1601,0x46,PUCCH,,,,,,,,,,,,,,,,,,2,111.8,"1.000,",,,,,,,,
2026-08-18T10:59:24.658701,1620,0x46,PUCCH,,,,,,,,,,,,,,,,,,1,-inf,"0.000,",,,,,,,,
2026-08-18T10:59:25.406484,1640,0x46,PUCCH,,,,,,,,,,,,,,,,,,1,-inf,"0.000,",,,,,,,,
2026-08-18T10:59:25.455972,1641,0x46,PUCCH,,,,,,,,,,,,,,,,,,2,111.8,"1.000,",,,,,,,,
2026-08-18T10:59:26.375954,1660,0x46,PUCCH,,,,,,,,,,,,,,,,,,1,-inf,"0.000,",,,,,,,,
2026-08-18T10:59:27.132131,1680,0x46,PUCCH,,,,,,,,,,,,,,,,,,1,-inf,"0.000,",,,,,,,,
2026-08-18T10:59:27.160436,1681,0x46,PUCCH,,,,,,,,,,,,,,,,,,2,111.8,"1.000,",,,,,,,,
2026-08-18T10:59:28.099151,1700,0x46,PUCCH,,,,,,,,,,,,,,,,,,1,-inf,"0.000,",,,,,,,,
2026-08-18T10:59:28.755858,1720,0x46,PUCCH,,,,,,,,,,,,,,,,,,1,-inf,"0.000,",,,,,,,,
2026-08-18T10:59:28.781365,1721,0x46,PUCCH,,,,,,,,,,,,,,,,,,2,111.8,"1.000,",,,,,,,,
2026-08-18T10:59:29.544985,1740,0x46,PUCCH,,,,,,,,,,,,,,,,,,1,-inf,"0.000,",,,,,,,,
2026-08-18T10:59:30.273498,1760,0x46,PUCCH,,,,,,,,,,,,,,,,,,1,-inf,"0.000,",,,,,,,,
2026-08-18T10:59:30.321372,1761,0x46,PUCCH,,,,,,,,,,,,,,,,,,2,111.8,"1.000,",,,,,,,,
2026-08-18T10:59:31.288402,1780,0x46,PUCCH,,,,,,,,,,,,,,,,,,1,-inf,"0.000,",,,,,,,,
2026-08-18T10:59:31.894201,1800,0x46,PUCCH,,,,,,,,,,,,,,,,,,1,-inf,"0.000,",,,,,,,,
2026-08-18T10:59:31.926939,1801,0x46,PUCCH,,,,,,,,,,,,,,,,,,2,111.8,"1.000,",,,,,,,,
2026-08-18T10:59:32.744101,1820,0x46,PUCCH,,,,,,,,,,,,,,,,,,1,-inf,"0.000,",,,,,,,,
2026-08-18T10:59:33.710061,1840,0x46,PUCCH,,,,,,,,,,,,,,,,,,1,-inf,"0.000,",,,,,,,,
2026-08-18T10:59:33.756535,1841,0x46,PUCCH,,,,,,,,,,,,,,,,,,2,111.8,"1.000,",,,,,,,,
2026-08-18T10:59:34.423119,1860,0x46,PUCCH,,,,,,,,,,,,,,,,,,1,-inf,"0.000,",,,,,,,,
2026-08-18T10:59:35.196948,1880,0x46,PUCCH,,,,,,,,,,,,,,,,,,1,-inf,"0.000,",,,,,,,,
2026-08-18T10:59:35.235200,1881,0x46,PUCCH,,,,,,,,,,,,,,,,,,2,111.8,"1.000,",,,,,,,,
2026-08-18T10:59:35.957184,1900,0x46,PUCCH,,,,,,,,,,,,,,,,,,1,-inf,"0.000,",,,,,,,,
2026-08-18T10:59:36.841075,1920,0x46,PUCCH,,,,,,,,,,,,,,,,,,1,-inf,"0.000,",,,,,,,,
2026-08-18T10:59:36.882452,1921,0x46,PUCCH,,,,,,,,,,,,,,,,,,2,111.8,"1.000,",,,,,,,,
2026-08-18T10:59:37.988797,1940,0x46,PUCCH,,,,,,,,,,,,,,,,,,1,-inf,"0.000,",,,,,,,,
2026-08-18T10:59:38.864010,1960,0x46,PUCCH,,,,,,,,,,,,,,,,,,1,-inf,"0.000,",,,,,,,,
2026-08-18T10:59:38.892299,1961,0x46,PUCCH,,,,,,,,,,,,,,,,,,2,111.8,"1.000,",,,,,,,,
2026-08-18T10:59:39.734674,1980,0x46,PUCCH,,,,,,,,,,,,,,,,,,1,-inf,"0.000,",,,,,,,,
2026-08-18T10:59:40.843243,2000,0x46,PUCCH,,,,,,,,,,,,,,,,,,1,-inf,"0.000,",,,,,,,,
2026-08-18T10:59:40.903107,2001,0x46,PUCCH,,,,,,,,,,,,,,,,,,2,111.8,"1.000,",,,,,,,,
2026-08-18T10:59:41.932506,2020,0x46,PUCCH,,,,,,,,,,,,,,,,,,1,-inf,"0.000,",,,,,,,,
2026-08-18T10:59:42.730310,2040,0x46,PUCCH,,,,,,,,,,,,,,,,,,1,-inf,"0.000,",,,,,,,,
2026-08-18T10:59:42.780064,2041,0x46,PUCCH,,,,,,,,,,,,,,,,,,2,111.8,"1.000,",,,,,,,,
2026-08-18T10:59:43.450154,2060,0x46,PUCCH,,,,,,,,,,,,,,,,,,1,-inf,"0.000,",,,,,,,,
2026-08-18T10:59:44.696799,2080,0x46,PUCCH,,,,,,,,,,,,,,,,,,1,-inf,"0.000,",,,,,,,,
2026-08-18T10:59:44.764922,2081,0x46,PUCCH,,,,,,,,,,,,,,,,,,2,111.8,"1.000,",,,,,,,,
2026-08-18T10:59:45.728503,2100,0x46,PUCCH,,,,,,,,,,,,,,,,,,1,-inf,"0.000,",,,,,,,,
2026-08-18T10:59:46.661807,2120,0x46,PUCCH,,,,,,,,,,,,,,,,,,1,-inf,"0.000,",,,,,,,,
2026-08-18T10:59:46.701168,2121,0x46,PUCCH,,,,,,,,,,,,,,,,,,2,111.8,"1.000,",,,,,,,,
2026-08-18T10:59:47.470767,2140,0x46,PUCCH,,,,,,,,,,,,,,,,,,1,-inf,"0.000,",,,,,,,,
2026-08-18T10:59:48.408306,2160,0x46,PUCCH,,,,,,,,,,,,,,,,,,1,-inf,"0.000,",,,,,,,,
2026-08-18T10:59:48.433434,2161,0x46,PUCCH,,,,,,,,,,,,,,,,,,2,111.8,"1.000,",,,,,,,,
2026-08-18T10:59:49.012614,2180,0x46,PUCCH,,,,,,,,,,,,,,,,,,1,-inf,"0.000,",,,,,,,,
2026-08-18T10:59:49.690035,2200,0x46,PUCCH,,,,,,,,,,,,,,,,,,1,-inf,"0.000,",,,,,,,,
2026-08-18T10:59:49.732126,2201,0x46,PUCCH,,,,,,,,,,,,,,,,,,2,111.8,"1.000,",,,,,,,,
2026-08-18T10:59:50.586740,2220,0x46,PUCCH,,,,,,,,,,,,,,,,,,1,-inf,"0.000,",,,,,,,,
2026-08-18T10:59:51.583232,2240,0x46,PUCCH,,,,,,,,,,,,,,,,,,1,-inf,"0.000,",,,,,,,,
2026-08-18T10:59:51.617989,2241,0x46,PUCCH,,,,,,,,,,,,,,,,,,2,111.8,"1.000,",,,,,,,,
2026-08-18T10:59:52.253863,2260,0x46,PUCCH,,,,,,,,,,,,,,,,,,1,-inf,"0.000,",,,,,,,,
2026-08-18T10:59:53.226924,2280,0x46,PUCCH,,,,,,,,,,,,,,,,,,1,-inf,"0.000,",,,,,,,,
2026-08-18T10:59:53.287287,2281,0x46,PUCCH,,,,,,,,,,,,,,,,,,2,111.8,"1.000,",,,,,,,,
2026-08-18T10:59:54.025404,2300,0x46,PUCCH,,,,,,,,,,,,,,,,,,1,-inf,"0.000,",,,,,,,,
2026-08-18T10:59:55.043167,2320,0x46,PUCCH,,,,,,,,,,,,,,,,,,1,-inf,"0.000,",,,,,,,,
2026-08-18T10:59:55.080409,2321,0x46,PUCCH,,,,,,,,,,,,,,,,,,2,111.8,"1.000,",,,,,,,,
2026-08-18T10:59:55.850518,2340,0x46,PUCCH,,,,,,,,,,,,,,,,,,1,-inf,"0.000,",,,,,,,,
2026-08-18T10:59:56.696335,2360,0x46,PUCCH,,,,,,,,,,,,,,,,,,1,-inf,"0.000,",,,,,,,,
2026-08-18T10:59:56.731877,2361,0x46,PUCCH,,,,,,,,,,,,,,,,,,2,111.8,"1.000,",,,,,,,,
2026-08-18T10:59:57.514516,2380,0x46,PUCCH,,,,,,,,,,,,,,,,,,1,-inf,"0.000,",,,,,,,,
2026-08-18T10:59:58.721182,2400,0x46,PUCCH,,,,,,,,,,,,,,,,,,1,-inf,"0.000,",,,,,,,,
2026-08-18T10:59:58.771381,2401,0x46,PUCCH,,,,,,,,,,,,,,,,,,2,111.8,"1.000,",,,,,,,,
2026-08-18T10:59:59.668290,2420,0x46,PUCCH,,,,,,,,,,,,,,,,,,1,-inf,"0.000,",,,,,,,,
2026-08-18T11:00:01.052436,2440,0x46,PUCCH,,,,,,,,,,,,,,,,,,1,-inf,"0.000,",,,,,,,,
2026-08-18T11:00:01.099022,2441,0x46,PUCCH,,,,,,,,,,,,,,,,,,2,111.8,"1.000,",,,,,,,,
2026-08-18T11:00:02.035333,2460,0x46,PUCCH,,,,,,,,,,,,,,,,,,1,-inf,"0.000,",,,,,,,,
2026-08-18T11:00:02.837291,2480,0x46,PUCCH,,,,,,,,,,,,,,,,,,1,-inf,"0.000,",,,,,,,,
2026-08-18T11:00:02.899531,2481,0x46,PUCCH,,,,,,,,,,,,,,,,,,2,111.8,"1.000,",,,,,,,,
2026-08-18T11:00:03.725826,2500,0x46,PUCCH,,,,,,,,,,,,,,,,,,1,-inf,"0.000,",,,,,,,,
2026-08-18T11:00:04.798485,2520,0x46,PUCCH,,,,,,,,,,,,,,,,,,1,-inf,"0.000,",,,,,,,,
2026-08-18T11:00:04.840201,2521,0x46,PUCCH,,,,,,,,,,,,,,,,,,2,111.8,"1.000,",,,,,,,,
2026-08-18T11:00:05.808619,2540,0x46,PUCCH,,,,,,,,,,,,,,,,,,1,-inf,"0.000,",,,,,,,,
2026-08-18T11:00:06.746242,2560,0x46,PUCCH,,,,,,,,,,,,,,,,,,1,-inf,"0.000,",,,,,,,,
2026-08-18T11:00:06.780975,2561,0x46,PUCCH,,,,,,,,,,,,,,,,,,2,111.8,"1.000,",,,,,,,,
2026-08-18T11:00:07.606163,2580,0x46,PUCCH,,,,,,,,,,,,,,,,,,1,-inf,"0.000,",,,,,,,,
2026-08-18T11:00:09.030512,2600,0x46,PUCCH,,,,,,,,,,,,,,,,,,1,-inf,"0.000,",,,,,,,,
2026-08-18T11:00:09.062499,2601,0x46,PUCCH,,,,,,,,,,,,,,,,,,2,111.8,"1.000,",,,,,,,,
2026-08-18T11:00:09.746800,2620,0x46,PUCCH,,,,,,,,,,,,,,,,,,1,-inf,"0.000,",,,,,,,,
2026-08-18T11:00:10.482589,2640,0x46,PUCCH,,,,,,,,,,,,,,,,,,1,-inf,"0.000,",,,,,,,,
2026-08-18T11:00:10.521727,2641,0x46,PUCCH,,,,,,,,,,,,,,,,,,2,111.8,"1.000,",,,,,,,,
2026-08-18T11:00:11.268264,2660,0x46,PUCCH,,,,,,,,,,,,,,,,,,1,-inf,"0.000,",,,,,,,,
2026-08-18T11:00:12.374505,2680,0x46,PUCCH,,,,,,,,,,,,,,,,,,1,-inf,"0.000,",,,,,,,,
2026-08-18T11:00:12.415874,2681,0x46,PUCCH,,,,,,,,,,,,,,,,,,2,111.8,"1.000,",,,,,,,,
2026-08-18T11:00:13.078467,2700,0x46,PUCCH,,,,,,,,,,,,,,,,,,1,-inf,"0.000,",,,,,,,,
2026-08-18T11:00:13.688427,2720,0x46,PUCCH,,,,,,,,,,,,,,,,,,1,-inf,"0.000,",,,,,,,,
2026-08-18T11:00:13.717528,2721,0x46,PUCCH,,,,,,,,,,,,,,,,,,2,111.8,"1.000,",,,,,,,,
2026-08-18T11:00:14.484507,2740,0x46,PUCCH,,,,,,,,,,,,,,,,,,1,-inf,"0.000,",,,,,,,,
2026-08-18T11:00:15.344030,2760,0x46,PUCCH,,,,,,,,,,,,,,,,,,1,-inf,"0.000,",,,,,,,,
2026-08-18T11:00:15.383156,2761,0x46,PUCCH,,,,,,,,,,,,,,,,,,2,111.8,"1.000,",,,,,,,,
2026-08-18T11:00:16.245954,2780,0x46,PUCCH,,,,,,,,,,,,,,,,,,1,-inf,"0.000,",,,,,,,,
2026-08-18T11:00:16.998243,2800,0x46,PUCCH,,,,,,,,,,,,,,,,,,1,-inf,"0.000,",,,,,,,,
2026-08-18T11:00:17.027729,2801,0x46,PUCCH,,,,,,,,,,,,,,,,,,2,111.8,"1.000,",,,,,,,,
2026-08-18T11:00:17.873392,2820,0x46,PUCCH,,,,,,,,,,,,,,,,,,1,-inf,"0.000,",,,,,,,,
2026-08-18T11:00:18.758855,2840,0x46,PUCCH,,,,,,,,,,,,,,,,,,1,-inf,"0.000,",,,,,,,,
2026-08-18T11:00:18.788602,2841,0x46,PUCCH,,,,,,,,,,,,,,,,,,2,111.8,"1.000,",,,,,,,,
2026-08-18T11:00:19.565197,2860,0x46,PUCCH,,,,,,,,,,,,,,,,,,1,-inf,"0.000,",,,,,,,,
2026-08-18T11:00:20.733864,2880,0x46,PUCCH,,,,,,,,,,,,,,,,,,1,-inf,"0.000,",,,,,,,,
2026-08-18T11:00:20.774758,2881,0x46,PUCCH,,,,,,,,,,,,,,,,,,2,111.8,"1.000,",,,,,,,,
2026-08-18T11:00:21.958638,2900,0x46,PUCCH,,,,,,,,,,,,,,,,,,1,-inf,"0.000,",,,,,,,,
2026-08-18T11:00:22.945217,2920,0x46,PUCCH,,,,,,,,,,,,,,,,,,1,-inf,"0.000,",,,,,,,,
2026-08-18T11:00:22.987626,2921,0x46,PUCCH,,,,,,,,,,,,,,,,,,2,111.8,"1.000,",,,,,,,,
2026-08-18T11:00:23.974588,2940,0x46,PUCCH,,,,,,,,,,,,,,,,,,1,-inf,"0.000,",,,,,,,,
2026-08-18T11:00:24.827112,2960,0x46,PUCCH,,,,,,,,,,,,,,,,,,1,-inf,"0.000,",,,,,,,,
2026-08-18T11:00:24.869504,2961,0x46,PUCCH,,,,,,,,,,,,,,,,,,2,111.8,"1.000,",,,,,,,,
2026-08-18T11:00:25.709810,2980,0x46,PUCCH,,,,,,,,,,,,,,,,,,1,-inf,"0.000,",,,,,,,,
2026-08-18T11:00:26.907863,3000,0x46,PUCCH,,,,,,,,,,,,,,,,,,1,-inf,"0.000,",,,,,,,,
2026-08-18T11:00:26.990313,3001,0x46,PUCCH,,,,,,,,,,,,,,,,,,2,111.8,"1.000,",,,,,,,,
2026-08-18T11:00:28.008934,3020,0x46,PUCCH,,,,,,,,,,,,,,,,,,1,-inf,"0.000,",,,,,,,,
2026-08-18T11:00:29.093174,3040,0x46,PUCCH,,,,,,,,,,,,,,,,,,1,-inf,"0.000,",,,,,,,,
2026-08-18T11:00:29.132388,3041,0x46,PUCCH,,,,,,,,,,,,,,,,,,2,111.8,"1.000,",,,,,,,,
2026-08-18T11:00:30.004154,3060,0x46,PUCCH,,,,,,,,,,,,,,,,,,1,-inf,"0.000,",,,,,,,,
2026-08-18T11:00:30.989018,3080,0x46,PUCCH,,,,,,,,,,,,,,,,,,1,-inf,"0.000,",,,,,,,,
2026-08-18T11:00:31.032647,3081,0x46,PUCCH,,,,,,,,,,,,,,,,,,2,111.8,"1.000,",,,,,,,,
2026-08-18T11:00:32.024032,3100,0x46,PUCCH,,,,,,,,,,,,,,,,,,1,-inf,"0.000,",,,,,,,,
2026-08-18T11:00:33.251984,3120,0x46,PUCCH,,,,,,,,,,,,,,,,,,1,-inf,"0.000,",,,,,,,,
2026-08-18T11:00:33.299915,3121,0x46,PUCCH,,,,,,,,,,,,,,,,,,2,111.8,"1.000,",,,,,,,,
2026-08-18T11:00:34.168245,3140,0x46,PUCCH,,,,,,,,,,,,,,,,,,1,-inf,"0.000,",,,,,,,,
2026-08-18T11:00:35.281169,3160,0x46,PUCCH,,,,,,,,,,,,,,,,,,1,-inf,"0.000,",,,,,,,,
2026-08-18T11:00:35.330514,3161,0x46,PUCCH,,,,,,,,,,,,,,,,,,2,111.8,"1.000,",,,,,,,,
2026-08-18T11:00:36.249793,3180,0x46,PUCCH,,,,,,,,,,,,,,,,,,1,-inf,"0.000,",,,,,,,,
2026-08-18T11:00:37.192323,3200,0x46,PUCCH,,,,,,,,,,,,,,,,,,1,-inf,"0.000,",,,,,,,,
2026-08-18T11:00:37.230304,3201,0x46,PUCCH,,,,,,,,,,,,,,,,,,2,111.8,"1.000,",,,,,,,,
2026-08-18T11:00:38.194737,3220,0x46,PUCCH,,,,,,,,,,,,,,,,,,1,-inf,"0.000,",,,,,,,,
2026-08-18T11:00:39.224275,3240,0x46,PUCCH,,,,,,,,,,,,,,,,,,1,-inf,"0.000,",,,,,,,,
2026-08-18T11:00:39.258837,3241,0x46,PUCCH,,,,,,,,,,,,,,,,,,2,111.8,"1.000,",,,,,,,,
2026-08-18T11:00:40.229351,3260,0x46,PUCCH,,,,,,,,,,,,,,,,,,1,-inf,"0.000,",,,,,,,,
2026-08-18T11:00:41.082384,3280,0x46,PUCCH,,,,,,,,,,,,,,,,,,1,-inf,"0.000,",,,,,,,,
2026-08-18T11:00:41.120719,3281,0x46,PUCCH,,,,,,,,,,,,,,,,,,2,111.8,"1.000,",,,,,,,,
2026-08-18T11:00:41.767416,3300,0x46,PUCCH,,,,,,,,,,,,,,,,,,1,-inf,"0.000,",,,,,,,,
2026-08-18T11:00:42.393539,3320,0x46,PUCCH,,,,,,,,,,,,,,,,,,1,-inf,"0.000,",,,,,,,,
2026-08-18T11:00:42.425411,3321,0x46,PUCCH,,,,,,,,,,,,,,,,,,2,111.8,"1.000,",,,,,,,,
2026-08-18T11:00:43.624720,3340,0x46,PUCCH,,,,,,,,,,,,,,,,,,1,-inf,"0.000,",,,,,,,,
2026-08-18T11:00:44.521656,3360,0x46,PUCCH,,,,,,,,,,,,,,,,,,1,-inf,"0.000,",,,,,,,,
2026-08-18T11:00:44.562598,3361,0x46,PUCCH,,,,,,,,,,,,,,,,,,2,111.8,"1.000,",,,,,,,,
2026-08-18T11:00:45.286966,3380,0x46,PUCCH,,,,,,,,,,,,,,,,,,1,-inf,"0.000,",,,,,,,,
2026-08-18T11:00:46.062200,3400,0x46,PUCCH,,,,,,,,,,,,,,,,,,1,-inf,"0.000,",,,,,,,,
2026-08-18T11:00:46.094146,3401,0x46,PUCCH,,,,,,,,,,,,,,,,,,2,111.8,"1.000,",,,,,,,,
2026-08-18T11:00:47.064630,3420,0x46,PUCCH,,,,,,,,,,,,,,,,,,1,-inf,"0.000,",,,,,,,,
2026-08-18T11:00:47.810451,3440,0x46,PUCCH,,,,,,,,,,,,,,,,,,1,-inf,"0.000,",,,,,,,,
2026-08-18T11:00:47.840588,3441,0x46,PUCCH,,,,,,,,,,,,,,,,,,2,111.8,"1.000,",,,,,,,,
2026-08-18T11:00:48.522856,3460,0x46,PUCCH,,,,,,,,,,,,,,,,,,1,-inf,"0.000,",,,,,,,,
2026-08-18T11:00:49.209198,3480,0x46,PUCCH,,,,,,,,,,,,,,,,,,1,-inf,"0.000,",,,,,,,,
2026-08-18T11:00:49.249368,3481,0x46,PUCCH,,,,,,,,,,,,,,,,,,2,111.8,"1.000,",,,,,,,,
2026-08-18T11:00:49.962654,3500,0x46,PUCCH,,,,,,,,,,,,,,,,,,1,-inf,"0.000,",,,,,,,,
2026-08-18T11:00:50.793367,3520,0x46,PUCCH,,,,,,,,,,,,,,,,,,1,-inf,"0.000,",,,,,,,,
2026-08-18T11:00:50.855044,3521,0x46,PUCCH,,,,,,,,,,,,,,,,,,2,111.8,"1.000,",,,,,,,,
2026-08-18T11:00:51.965348,3540,0x46,PUCCH,,,,,,,,,,,,,,,,,,1,-inf,"0.000,",,,,,,,,
2026-08-18T11:00:53.058467,3560,0x46,PUCCH,,,,,,,,,,,,,,,,,,1,-inf,"0.000,",,,,,,,,
2026-08-18T11:00:53.098942,3561,0x46,PUCCH,,,,,,,,,,,,,,,,,,2,111.8,"1.000,",,,,,,,,
2026-08-18T11:00:53.989759,3580,0x46,PUCCH,,,,,,,,,,,,,,,,,,1,-inf,"0.000,",,,,,,,,
2026-08-18T11:00:54.995637,3600,0x46,PUCCH,,,,,,,,,,,,,,,,,,1,-inf,"0.000,",,,,,,,,
2026-08-18T11:00:55.065213,3601,0x46,PUCCH,,,,,,,,,,,,,,,,,,2,111.8,"1.000,",,,,,,,,
2026-08-18T11:00:55.842171,3620,0x46,PUCCH,,,,,,,,,,,,,,,,,,1,-inf,"0.000,",,,,,,,,
2026-08-18T11:00:56.684365,3640,0x46,PUCCH,,,,,,,,,,,,,,,,,,1,-inf,"0.000,",,,,,,,,
2026-08-18T11:00:56.733662,3641,0x46,PUCCH,,,,,,,,,,,,,,,,,,2,111.8,"1.000,",,,,,,,,
2026-08-18T11:00:57.592032,3660,0x46,PUCCH,,,,,,,,,,,,,,,,,,1,-inf,"0.000,",,,,,,,,
2026-08-18T11:00:58.828169,3680,0x46,PUCCH,,,,,,,,,,,,,,,,,,1,-inf,"0.000,",,,,,,,,
2026-08-18T11:00:58.867909,3681,0x46,PUCCH,,,,,,,,,,,,,,,,,,2,111.8,"1.000,",,,,,,,,
2026-08-18T11:00:59.828109,3700,0x46,PUCCH,,,,,,,,,,,,,,,,,,1,-inf,"0.000,",,,,,,,,
2026-08-18T11:01:00.722489,3720,0x46,PUCCH,,,,,,,,,,,,,,,,,,1,-inf,"0.000,",,,,,,,,
2026-08-18T11:01:00.769445,3721,0x46,PUCCH,,,,,,,,,,,,,,,,,,2,111.8,"1.000,",,,,,,,,
2026-08-18T11:01:01.713844,3740,0x46,PUCCH,,,,,,,,,,,,,,,,,,1,-inf,"0.000,",,,,,,,,
2026-08-18T11:01:02.587965,3760,0x46,PUCCH,,,,,,,,,,,,,,,,,,1,-inf,"0.000,",,,,,,,,
2026-08-18T11:01:02.618301,3761,0x46,PUCCH,,,,,,,,,,,,,,,,,,2,111.8,"1.000,",,,,,,,,
2026-08-18T11:01:03.305396,3780,0x46,PUCCH,,,,,,,,,,,,,,,,,,1,-inf,"0.000,",,,,,,,,
2026-08-18T11:01:04.128101,3800,0x46,PUCCH,,,,,,,,,,,,,,,,,,1,-inf,"0.000,",,,,,,,,
2026-08-18T11:01:04.166308,3801,0x46,PUCCH,,,,,,,,,,,,,,,,,,2,111.8,"1.000,",,,,,,,,
2026-08-18T11:01:05.046637,3820,0x46,PUCCH,,,,,,,,,,,,,,,,,,1,-inf,"0.000,",,,,,,,,
2026-08-18T11:01:05.843732,3840,0x46,PUCCH,,,,,,,,,,,,,,,,,,1,-inf,"0.000,",,,,,,,,
2026-08-18T11:01:05.884463,3841,0x46,PUCCH,,,,,,,,,,,,,,,,,,2,111.8,"1.000,",,,,,,,,
2026-08-18T11:01:06.676630,3860,0x46,PUCCH,,,,,,,,,,,,,,,,,,1,-inf,"0.000,",,,,,,,,
2026-08-18T11:01:07.613516,3880,0x46,PUCCH,,,,,,,,,,,,,,,,,,1,-inf,"0.000,",,,,,,,,
2026-08-18T11:01:07.669540,3881,0x46,PUCCH,,,,,,,,,,,,,,,,,,2,111.8,"1.000,",,,,,,,,
2026-08-18T11:01:08.489770,3900,0x46,PUCCH,,,,,,,,,,,,,,,,,,1,-inf,"0.000,",,,,,,,,
2026-08-18T11:01:09.453616,3920,0x46,PUCCH,,,,,,,,,,,,,,,,,,1,-inf,"0.000,",,,,,,,,
2026-08-18T11:01:09.483014,3921,0x46,PUCCH,,,,,,,,,,,,,,,,,,2,111.8,"1.000,",,,,,,,,
2026-08-18T11:01:10.593976,3940,0x46,PUCCH,,,,,,,,,,,,,,,,,,1,-inf,"0.000,",,,,,,,,
2026-08-18T11:01:11.532063,3960,0x46,PUCCH,,,,,,,,,,,,,,,,,,1,-inf,"0.000,",,,,,,,,
2026-08-18T11:01:11.569499,3961,0x46,PUCCH,,,,,,,,,,,,,,,,,,2,111.8,"1.000,",,,,,,,,
2026-08-18T11:01:12.514569,3980,0x46,PUCCH,,,,,,,,,,,,,,,,,,1,-inf,"0.000,",,,,,,,,
2026-08-18T11:01:13.579099,4000,0x46,PUCCH,,,,,,,,,,,,,,,,,,1,-inf,"0.000,",,,,,,,,
2026-08-18T11:01:13.619598,4001,0x46,PUCCH,,,,,,,,,,,,,,,,,,2,111.8,"1.000,",,,,,,,,
2026-08-18T11:01:14.601416,4020,0x46,PUCCH,,,,,,,,,,,,,,,,,,1,-inf,"0.000,",,,,,,,,
2026-08-18T11:01:15.571592,4040,0x46,PUCCH,,,,,,,,,,,,,,,,,,1,-inf,"0.000,",,,,,,,,
2026-08-18T11:01:15.611594,4041,0x46,PUCCH,,,,,,,,,,,,,,,,,,2,111.8,"1.000,",,,,,,,,
2026-08-18T11:01:16.667132,4060,0x46,PUCCH,,,,,,,,,,,,,,,,,,1,-inf,"0.000,",,,,,,,,
2026-08-18T11:01:17.443274,4080,0x46,PUCCH,,,,,,,,,,,,,,,,,,1,-inf,"0.000,",,,,,,,,
2026-08-18T11:01:17.480474,4081,0x46,PUCCH,,,,,,,,,,,,,,,,,,2,111.8,"1.000,",,,,,,,,
2026-08-18T11:01:18.380621,4100,0x46,PUCCH,,,,,,,,,,,,,,,,,,1,-inf,"0.000,",,,,,,,,
2026-08-18T11:01:19.364202,4120,0x46,PUCCH,,,,,,,,,,,,,,,,,,1,-inf,"0.000,",,,,,,,,
2026-08-18T11:01:19.431411,4121,0x46,PUCCH,,,,,,,,,,,,,,,,,,2,111.8,"1.000,",,,,,,,,
2026-08-18T11:01:20.374170,4140,0x46,PUCCH,,,,,,,,,,,,,,,,,,1,-inf,"0.000,",,,,,,,,
2026-08-18T11:01:21.046378,4160,0x46,PUCCH,,,,,,,,,,,,,,,,,,1,-inf,"0.000,",,,,,,,,
2026-08-18T11:01:21.074784,4161,0x46,PUCCH,,,,,,,,,,,,,,,,,,2,111.8,"1.000,",,,,,,,,
2026-08-18T11:01:21.761123,4180,0x46,PUCCH,,,,,,,,,,,,,,,,,,1,-inf,"0.000,",,,,,,,,
2026-08-18T11:01:22.600898,4200,0x46,PUCCH,,,,,,,,,,,,,,,,,,1,-inf,"0.000,",,,,,,,,
2026-08-18T11:01:22.638975,4201,0x46,PUCCH,,,,,,,,,,,,,,,,,,2,111.8,"1.000,",,,,,,,,
2026-08-18T11:01:23.573886,4220,0x46,PUCCH,,,,,,,,,,,,,,,,,,1,-inf,"0.000,",,,,,,,,
2026-08-18T11:01:24.307320,4240,0x46,PUCCH,,,,,,,,,,,,,,,,,,1,-inf,"0.000,",,,,,,,,
2026-08-18T11:01:24.338386,4241,0x46,PUCCH,,,,,,,,,,,,,,,,,,2,111.8,"1.000,",,,,,,,,
2026-08-18T11:01:25.076161,4260,0x46,PUCCH,,,,,,,,,,,,,,,,,,1,-inf,"0.000,",,,,,,,,
2026-08-18T11:01:25.939123,4280,0x46,PUCCH,,,,,,,,,,,,,,,,,,1,-inf,"0.000,",,,,,,,,
2026-08-18T11:01:25.993885,4281,0x46,PUCCH,,,,,,,,,,,,,,,,,,2,111.8,"1.000,",,,,,,,,
2026-08-18T11:01:26.920234,4300,0x46,PUCCH,,,,,,,,,,,,,,,,,,1,-inf,"0.000,",,,,,,,,
2026-08-18T11:01:27.926415,4320,0x46,PUCCH,,,,,,,,,,,,,,,,,,1,-inf,"0.000,",,,,,,,,
2026-08-18T11:01:27.962224,4321,0x46,PUCCH,,,,,,,,,,,,,,,,,,2,111.8,"1.000,",,,,,,,,
2026-08-18T11:01:28.594158,4340,0x46,PUCCH,,,,,,,,,,,,,,,,,,1,-inf,"0.000,",,,,,,,,
2026-08-18T11:01:29.741530,4360,0x46,PUCCH,,,,,,,,,,,,,,,,,,1,-inf,"0.000,",,,,,,,,
2026-08-18T11:01:29.783587,4361,0x46,PUCCH,,,,,,,,,,,,,,,,,,2,111.8,"1.000,",,,,,,,,
2026-08-18T11:01:30.690431,4380,0x46,PUCCH,,,,,,,,,,,,,,,,,,1,-inf,"0.000,",,,,,,,,
2026-08-18T11:01:31.664266,4400,0x46,PUCCH,,,,,,,,,,,,,,,,,,1,-inf,"0.000,",,,,,,,,
2026-08-18T11:01:31.725593,4401,0x46,PUCCH,,,,,,,,,,,,,,,,,,2,111.8,"1.000,",,,,,,,,
2026-08-18T11:01:32.702353,4420,0x46,PUCCH,,,,,,,,,,,,,,,,,,1,-inf,"0.000,",,,,,,,,
2026-08-18T11:01:33.606113,4440,0x46,PUCCH,,,,,,,,,,,,,,,,,,1,-inf,"0.000,",,,,,,,,
2026-08-18T11:01:33.646360,4441,0x46,PUCCH,,,,,,,,,,,,,,,,,,2,111.8,"1.000,",,,,,,,,
2026-08-18T11:01:34.617343,4460,0x46,PUCCH,,,,,,,,,,,,,,,,,,1,-inf,"0.000,",,,,,,,,
2026-08-18T11:01:35.325315,4480,0x46,PUCCH,,,,,,,,,,,,,,,,,,1,-inf,"0.000,",,,,,,,,
2026-08-18T11:01:35.366738,4481,0x46,PUCCH,,,,,,,,,,,,,,,,,,2,111.8,"1.000,",,,,,,,,
2026-08-18T11:01:36.504245,4500,0x46,PUCCH,,,,,,,,,,,,,,,,,,1,-inf,"0.000,",,,,,,,,
2026-08-18T11:01:37.476088,4520,0x46,PUCCH,,,,,,,,,,,,,,,,,,1,-inf,"0.000,",,,,,,,,
2026-08-18T11:01:37.519655,4521,0x46,PUCCH,,,,,,,,,,,,,,,,,,2,111.8,"1.000,",,,,,,,,
2026-08-18T11:01:38.275383,4540,0x46,PUCCH,,,,,,,,,,,,,,,,,,1,-inf,"0.000,",,,,,,,,
2026-08-18T11:01:38.857049,4560,0x46,PUCCH,,,,,,,,,,,,,,,,,,1,-inf,"0.000,",,,,,,,,
2026-08-18T11:01:38.887742,4561,0x46,PUCCH,,,,,,,,,,,,,,,,,,2,111.8,"1.000,",,,,,,,,
2026-08-18T11:01:39.749410,4580,0x46,PUCCH,,,,,,,,,,,,,,,,,,1,-inf,"0.000,",,,,,,,,
2026-08-18T11:01:40.592015,4600,0x46,PUCCH,,,,,,,,,,,,,,,,,,1,-inf,"0.000,",,,,,,,,
2026-08-18T11:01:40.632000,4601,0x46,PUCCH,,,,,,,,,,,,,,,,,,2,111.8,"1.000,",,,,,,,,
2026-08-18T11:01:41.429870,4620,0x46,PUCCH,,,,,,,,,,,,,,,,,,1,-inf,"0.000,",,,,,,,,
2026-08-18T11:01:42.345791,4640,0x46,PUCCH,,,,,,,,,,,,,,,,,,1,-inf,"0.000,",,,,,,,,
2026-08-18T11:01:42.381409,4641,0x46,PUCCH,,,,,,,,,,,,,,,,,,2,111.8,"1.000,",,,,,,,,
2026-08-18T11:01:43.177541,4660,0x46,PUCCH,,,,,,,,,,,,,,,,,,1,-inf,"0.000,",,,,,,,,
2026-08-18T11:01:43.985919,4680,0x46,PUCCH,,,,,,,,,,,,,,,,,,1,-inf,"0.000,",,,,,,,,
2026-08-18T11:01:44.061035,4681,0x46,PUCCH,,,,,,,,,,,,,,,,,,2,111.8,"1.000,",,,,,,,,
2026-08-18T11:01:44.913354,4700,0x46,PUCCH,,,,,,,,,,,,,,,,,,1,-inf,"0.000,",,,,,,,,
2026-08-18T11:01:45.741979,4720,0x46,PUCCH,,,,,,,,,,,,,,,,,,1,-inf,"0.000,",,,,,,,,
2026-08-18T11:01:45.767177,4721,0x46,PUCCH,,,,,,,,,,,,,,,,,,2,111.8,"1.000,",,,,,,,,
2026-08-18T11:01:46.511084,4740,0x46,PUCCH,,,,,,,,,,,,,,,,,,1,-inf,"0.000,",,,,,,,,
2026-08-18T11:01:47.324018,4760,0x46,PUCCH,,,,,,,,,,,,,,,,,,1,-inf,"0.000,",,,,,,,,
2026-08-18T11:01:47.365565,4761,0x46,PUCCH,,,,,,,,,,,,,,,,,,2,111.8,"1.000,",,,,,,,,
2026-08-18T11:01:48.208806,4780,0x46,PUCCH,,,,,,,,,,,,,,,,,,1,-inf,"0.000,",,,,,,,,
2026-08-18T11:01:49.124802,4800,0x46,PUCCH,,,,,,,,,,,,,,,,,,1,-inf,"0.000,",,,,,,,,
2026-08-18T11:01:49.160800,4801,0x46,PUCCH,,,,,,,,,,,,,,,,,,2,111.8,"1.000,",,,,,,,,
2026-08-18T11:01:49.929689,4820,0x46,PUCCH,,,,,,,,,,,,,,,,,,1,-inf,"0.000,",,,,,,,,
2026-08-18T11:01:50.733551,4840,0x46,PUCCH,,,,,,,,,,,,,,,,,,1,-inf,"0.000,",,,,,,,,
2026-08-18T11:01:50.819936,4841,0x46,PUCCH,,,,,,,,,,,,,,,,,,2,111.8,"1.000,",,,,,,,,
2026-08-18T11:01:51.855086,4860,0x46,PUCCH,,,,,,,,,,,,,,,,,,1,-inf,"0.000,",,,,,,,,
2026-08-18T11:01:52.957786,4880,0x46,PUCCH,,,,,,,,,,,,,,,,,,1,-inf,"0.000,",,,,,,,,
2026-08-18T11:01:53.008900,4881,0x46,PUCCH,,,,,,,,,,,,,,,,,,2,111.8,"1.000,",,,,,,,,
2026-08-18T11:01:53.794436,4900,0x46,PUCCH,,,,,,,,,,,,,,,,,,1,-inf,"0.000,",,,,,,,,
2026-08-18T11:01:54.964280,4920,0x46,PUCCH,,,,,,,,,,,,,,,,,,1,-inf,"0.000,",,,,,,,,
2026-08-18T11:01:55.025334,4921,0x46,PUCCH,,,,,,,,,,,,,,,,,,2,111.8,"1.000,",,,,,,,,
2026-08-18T11:01:55.818893,4940,0x46,PUCCH,,,,,,,,,,,,,,,,,,1,-inf,"0.000,",,,,,,,,
2026-08-18T11:01:56.861417,4960,0x46,PUCCH,,,,,,,,,,,,,,,,,,1,-inf,"0.000,",,,,,,,,
2026-08-18T11:01:56.907699,4961,0x46,PUCCH,,,,,,,,,,,,,,,,,,2,111.8,"1.000,",,,,,,,,
2026-08-18T11:01:57.719744,4980,0x46,PUCCH,,,,,,,,,,,,,,,,,,1,-inf,"0.000,",,,,,,,,
2026-08-18T11:01:58.393993,5000,0x46,PUCCH,,,,,,,,,,,,,,,,,,1,-inf,"0.000,",,,,,,,,
2026-08-18T11:01:58.423177,5001,0x46,PUCCH,,,,,,,,,,,,,,,,,,2,111.8,"1.000,",,,,,,,,
2026-08-18T11:01:59.085096,5020,0x46,PUCCH,,,,,,,,,,,,,,,,,,1,-inf,"0.000,",,,,,,,,
2026-08-18T11:01:59.935798,5040,0x46,PUCCH,,,,,,,,,,,,,,,,,,1,-inf,"0.000,",,,,,,,,
2026-08-18T11:02:00.005322,5041,0x46,PUCCH,,,,,,,,,,,,,,,,,,2,111.8,"1.000,",,,,,,,,
2026-08-18T11:02:00.845769,5060,0x46,PUCCH,,,,,,,,,,,,,,,,,,1,-inf,"0.000,",,,,,,,,
2026-08-18T11:02:01.851914,5080,0x46,PUCCH,,,,,,,,,,,,,,,,,,1,-inf,"0.000,",,,,,,,,
2026-08-18T11:02:01.893736,5081,0x46,PUCCH,,,,,,,,,,,,,,,,,,2,111.8,"1.000,",,,,,,,,
2026-08-18T11:02:03.040899,5100,0x46,PUCCH,,,,,,,,,,,,,,,,,,1,-inf,"0.000,",,,,,,,,
2026-08-18T11:02:04.028905,5120,0x46,PUCCH,,,,,,,,,,,,,,,,,,1,-inf,"0.000,",,,,,,,,
2026-08-18T11:02:04.069286,5121,0x46,PUCCH,,,,,,,,,,,,,,,,,,2,111.8,"1.000,",,,,,,,,
2026-08-18T11:02:05.021949,5140,0x46,PUCCH,,,,,,,,,,,,,,,,,,1,-inf,"0.000,",,,,,,,,
2026-08-18T11:02:05.739038,5160,0x46,PUCCH,,,,,,,,,,,,,,,,,,1,-inf,"0.000,",,,,,,,,
2026-08-18T11:02:05.772804,5161,0x46,PUCCH,,,,,,,,,,,,,,,,,,2,111.8,"1.000,",,,,,,,,
2026-08-18T11:02:06.713459,5180,0x46,PUCCH,,,,,,,,,,,,,,,,,,1,-inf,"0.000,",,,,,,,,
2026-08-18T11:02:07.640929,5200,0x46,PUCCH,,,,,,,,,,,,,,,,,,1,-inf,"0.000,",,,,,,,,
2026-08-18T11:02:07.692284,5201,0x46,PUCCH,,,,,,,,,,,,,,,,,,2,111.8,"1.000,",,,,,,,,
2026-08-18T11:02:08.495613,5220,0x46,PUCCH,,,,,,,,,,,,,,,,,,1,-inf,"0.000,",,,,,,,,
2026-08-18T11:02:09.210272,5240,0x46,PUCCH,,,,,,,,,,,,,,,,,,1,-inf,"0.000,",,,,,,,,
2026-08-18T11:02:09.260025,5241,0x46,PUCCH,,,,,,,,,,,,,,,,,,2,111.8,"1.000,",,,,,,,,
2026-08-18T11:02:10.009026,5260,0x46,PUCCH,,,,,,,,,,,,,,,,,,1,-inf,"0.000,",,,,,,,,
2026-08-18T11:02:10.813058,5280,0x46,PUCCH,,,,,,,,,,,,,,,,,,1,-inf,"0.000,",,,,,,,,
2026-08-18T11:02:10.861645,5281,0x46,PUCCH,,,,,,,,,,,,,,,,,,2,111.8,"1.000,",,,,,,,,
2026-08-18T11:02:11.607249,5300,0x46,PUCCH,,,,,,,,,,,,,,,,,,1,-inf,"0.000,",,,,,,,,
2026-08-18T11:02:12.398022,5320,0x46,PUCCH,,,,,,,,,,,,,,,,,,1,-inf,"0.000,",,,,,,,,
2026-08-18T11:02:12.451894,5321,0x46,PUCCH,,,,,,,,,,,,,,,,,,2,111.8,"1.000,",,,,,,,,
2026-08-18T11:02:13.408351,5340,0x46,PUCCH,,,,,,,,,,,,,,,,,,1,-inf,"0.000,",,,,,,,,
2026-08-18T11:02:14.893849,5360,0x46,PUCCH,,,,,,,,,,,,,,,,,,1,-inf,"0.000,",,,,,,,,
2026-08-18T11:02:14.954839,5361,0x46,PUCCH,,,,,,,,,,,,,,,,,,2,111.8,"1.000,",,,,,,,,
2026-08-18T11:02:16.040932,5380,0x46,PUCCH,,,,,,,,,,,,,,,,,,1,-inf,"0.000,",,,,,,,,
2026-08-18T11:02:16.747171,5400,0x46,PUCCH,,,,,,,,,,,,,,,,,,1,-inf,"0.000,",,,,,,,,
2026-08-18T11:02:16.783728,5401,0x46,PUCCH,,,,,,,,,,,,,,,,,,2,111.8,"1.000,",,,,,,,,
2026-08-18T11:02:17.416990,5420,0x46,PUCCH,,,,,,,,,,,,,,,,,,1,-inf,"0.000,",,,,,,,,
2026-08-18T11:02:18.071901,5440,0x46,PUCCH,,,,,,,,,,,,,,,,,,1,-inf,"0.000,",,,,,,,,
2026-08-18T11:02:18.126870,5441,0x46,PUCCH,,,,,,,,,,,,,,,,,,2,111.8,"1.000,",,,,,,,,
2026-08-18T11:02:18.949993,5460,0x46,PUCCH,,,,,,,,,,,,,,,,,,1,-inf,"0.000,",,,,,,,,
2026-08-18T11:02:19.898882,5480,0x46,PUCCH,,,,,,,,,,,,,,,,,,1,-inf,"0.000,",,,,,,,,
2026-08-18T11:02:19.959160,5481,0x46,PUCCH,,,,,,,,,,,,,,,,,,2,111.8,"1.000,",,,,,,,,
2026-08-18T11:02:20.997292,5500,0x46,PUCCH,,,,,,,,,,,,,,,,,,1,-inf,"0.000,",,,,,,,,
2026-08-18T11:02:21.861009,5520,0x46,PUCCH,,,,,,,,,,,,,,,,,,1,-inf,"0.000,",,,,,,,,
2026-08-18T11:02:21.904684,5521,0x46,PUCCH,,,,,,,,,,,,,,,,,,2,111.8,"1.000,",,,,,,,,
2026-08-18T11:02:22.544250,5540,0x46,PUCCH,,,,,,,,,,,,,,,,,,1,-inf,"0.000,",,,,,,,,
2026-08-18T11:02:23.254397,5560,0x46,PUCCH,,,,,,,,,,,,,,,,,,1,-inf,"0.000,",,,,,,,,
2026-08-18T11:02:23.285313,5561,0x46,PUCCH,,,,,,,,,,,,,,,,,,2,111.8,"1.000,",,,,,,,,
2026-08-18T11:02:24.230731,5580,0x46,PUCCH,,,,,,,,,,,,,,,,,,1,-inf,"0.000,",,,,,,,,
2026-08-18T11:02:24.917356,5600,0x46,PUCCH,,,,,,,,,,,,,,,,,,1,-inf,"0.000,",,,,,,,,
2026-08-18T11:02:24.948344,5601,0x46,PUCCH,,,,,,,,,,,,,,,,,,2,111.8,"1.000,",,,,,,,,
2026-08-18T11:02:25.870287,5620,0x46,PUCCH,,,,,,,,,,,,,,,,,,1,-inf,"0.000,",,,,,,,,
2026-08-18T11:02:27.187493,5640,0x46,PUCCH,,,,,,,,,,,,,,,,,,1,-inf,"0.000,",,,,,,,,
2026-08-18T11:02:27.234173,5641,0x46,PUCCH,,,,,,,,,,,,,,,,,,2,111.8,"1.000,",,,,,,,,
2026-08-18T11:02:28.241954,5660,0x46,PUCCH,,,,,,,,,,,,,,,,,,1,-inf,"0.000,",,,,,,,,
2026-08-18T11:02:29.456003,5680,0x46,PUCCH,,,,,,,,,,,,,,,,,,1,-inf,"0.000,",,,,,,,,
2026-08-18T11:02:29.509623,5681,0x46,PUCCH,,,,,,,,,,,,,,,,,,2,111.8,"1.000,",,,,,,,,
2026-08-18T11:02:31.036452,5700,0x46,PUCCH,,,,,,,,,,,,,,,,,,1,-inf,"0.000,",,,,,,,,
2026-08-18T11:02:32.132249,5720,0x46,PUCCH,,,,,,,,,,,,,,,,,,1,-inf,"0.000,",,,,,,,,
2026-08-18T11:02:32.169290,5721,0x46,PUCCH,,,,,,,,,,,,,,,,,,2,111.8,"1.000,",,,,,,,,
2026-08-18T11:02:32.710162,5740,0x46,PUCCH,,,,,,,,,,,,,,,,,,1,-inf,"0.000,",,,,,,,,
2026-08-18T11:02:33.392420,5760,0x46,PUCCH,,,,,,,,,,,,,,,,,,1,-inf,"0.000,",,,,,,,,
2026-08-18T11:02:33.421459,5761,0x46,PUCCH,,,,,,,,,,,,,,,,,,2,111.8,"1.000,",,,,,,,,
2026-08-18T11:02:34.085315,5780,0x46,PUCCH,,,,,,,,,,,,,,,,,,1,-inf,"0.000,",,,,,,,,
2026-08-18T11:02:34.887110,5800,0x46,PUCCH,,,,,,,,,,,,,,,,,,1,-inf,"0.000,",,,,,,,,
2026-08-18T11:02:34.924204,5801,0x46,PUCCH,,,,,,,,,,,,,,,,,,2,111.8,"1.000,",,,,,,,,
2026-08-18T11:02:35.686223,5820,0x46,PUCCH,,,,,,,,,,,,,,,,,,1,-inf,"0.000,",,,,,,,,
2026-08-18T11:02:36.849753,5840,0x46,PUCCH,,,,,,,,,,,,,,,,,,1,-inf,"0.000,",,,,,,,,
2026-08-18T11:02:36.886042,5841,0x46,PUCCH,,,,,,,,,,,,,,,,,,2,111.8,"1.000,",,,,,,,,
2026-08-18T11:02:37.677601,5860,0x46,PUCCH,,,,,,,,,,,,,,,,,,1,-inf,"0.000,",,,,,,,,
2026-08-18T11:02:38.502624,5880,0x46,PUCCH,,,,,,,,,,,,,,,,,,1,-inf,"0.000,",,,,,,,,
2026-08-18T11:02:38.550074,5881,0x46,PUCCH,,,,,,,,,,,,,,,,,,2,111.8,"1.000,",,,,,,,,
2026-08-18T11:02:40.194946,5900,0x46,PUCCH,,,,,,,,,,,,,,,,,,1,-inf,"0.000,",,,,,,,,
2026-08-18T11:02:41.506151,5920,0x46,PUCCH,,,,,,,,,,,,,,,,,,1,-inf,"0.000,",,,,,,,,
2026-08-18T11:02:41.571072,5921,0x46,PUCCH,,,,,,,,,,,,,,,,,,2,111.8,"1.000,",,,,,,,,
2026-08-18T11:02:42.787356,5940,0x46,PUCCH,,,,,,,,,,,,,,,,,,1,-inf,"0.000,",,,,,,,,
2026-08-18T11:02:43.706639,5960,0x46,PUCCH,,,,,,,,,,,,,,,,,,1,-inf,"0.000,",,,,,,,,
2026-08-18T11:02:43.746300,5961,0x46,PUCCH,,,,,,,,,,,,,,,,,,2,111.8,"1.000,",,,,,,,,
2026-08-18T11:02:44.702311,5980,0x46,PUCCH,,,,,,,,,,,,,,,,,,1,-inf,"0.000,",,,,,,,,
2026-08-18T11:02:45.627341,6000,0x46,PUCCH,,,,,,,,,,,,,,,,,,1,-inf,"0.000,",,,,,,,,
2026-08-18T11:02:45.665495,6001,0x46,PUCCH,,,,,,,,,,,,,,,,,,2,111.8,"1.000,",,,,,,,,
2026-08-18T11:02:46.451648,6020,0x46,PUCCH,,,,,,,,,,,,,,,,,,1,-inf,"0.000,",,,,,,,,
2026-08-18T11:02:47.581839,6040,0x46,PUCCH,,,,,,,,,,,,,,,,,,1,-inf,"0.000,",,,,,,,,
2026-08-18T11:02:47.657180,6041,0x46,PUCCH,,,,,,,,,,,,,,,,,,2,111.8,"1.000,",,,,,,,,
2026-08-18T11:02:48.699780,6060,0x46,PUCCH,,,,,,,,,,,,,,,,,,1,-inf,"0.000,",,,,,,,,
2026-08-18T11:02:49.671165,6080,0x46,PUCCH,,,,,,,,,,,,,,,,,,1,-inf,"0.000,",,,,,,,,
2026-08-18T11:02:49.705148,6081,0x46,PUCCH,,,,,,,,,,,,,,,,,,2,111.8,"1.000,",,,,,,,,
2026-08-18T11:02:50.556655,6100,0x46,PUCCH,,,,,,,,,,,,,,,,,,1,-inf,"0.000,",,,,,,,,
2026-08-18T11:02:51.572035,6120,0x46,PUCCH,,,,,,,,,,,,,,,,,,1,-inf,"0.000,",,,,,,,,
2026-08-18T11:02:51.616432,6121,0x46,PUCCH,,,,,,,,,,,,,,,,,,2,111.8,"1.000,",,,,,,,,
2026-08-18T11:02:52.422703,6140,0x46,PUCCH,,,,,,,,,,,,,,,,,,1,-inf,"0.000,",,,,,,,,
2026-08-18T11:02:53.441554,6160,0x46,PUCCH,,,,,,,,,,,,,,,,,,1,-inf,"0.000,",,,,,,,,
2026-08-18T11:02:53.484035,6161,0x46,PUCCH,,,,,,,,,,,,,,,,,,2,111.8,"1.000,",,,,,,,,
2026-08-18T11:02:54.475341,6180,0x46,PUCCH,,,,,,,,,,,,,,,,,,1,-inf,"0.000,",,,,,,,,
2026-08-18T11:02:55.320450,6200,0x46,PUCCH,,,,,,,,,,,,,,,,,,1,-inf,"0.000,",,,,,,,,
2026-08-18T11:02:55.355498,6201,0x46,PUCCH,,,,,,,,,,,,,,,,,,2,111.8,"1.000,",,,,,,,,
2026-08-18T11:02:56.259222,6220,0x46,PUCCH,,,,,,,,,,,,,,,,,,1,-inf,"0.000,",,,,,,,,
2026-08-18T11:02:57.283402,6240,0x46,PUCCH,,,,,,,,,,,,,,,,,,1,-inf,"0.000,",,,,,,,,
2026-08-18T11:02:57.323012,6241,0x46,PUCCH,,,,,,,,,,,,,,,,,,2,111.8,"1.000,",,,,,,,,
2026-08-18T11:02:58.119636,6260,0x46,PUCCH,,,,,,,,,,,,,,,,,,1,-inf,"0.000,",,,,,,,,
2026-08-18T11:02:58.768574,6280,0x46,PUCCH,,,,,,,,,,,,,,,,,,1,-inf,"0.000,",,,,,,,,
2026-08-18T11:02:58.800841,6281,0x46,PUCCH,,,,,,,,,,,,,,,,,,2,111.8,"1.000,",,,,,,,,
2026-08-18T11:02:59.743928,6300,0x46,PUCCH,,,,,,,,,,,,,,,,,,1,-inf,"0.000,",,,,,,,,
2026-08-18T11:03:00.661933,6320,0x46,PUCCH,,,,,,,,,,,,,,,,,,1,-inf,"0.000,",,,,,,,,
2026-08-18T11:03:00.701678,6321,0x46,PUCCH,,,,,,,,,,,,,,,,,,2,111.8,"1.000,",,,,,,,,
2026-08-18T11:03:01.820525,6340,0x46,PUCCH,,,,,,,,,,,,,,,,,,1,-inf,"0.000,",,,,,,,,
2026-08-18T11:03:02.784956,6360,0x46,PUCCH,,,,,,,,,,,,,,,,,,1,-inf,"0.000,",,,,,,,,
2026-08-18T11:03:02.822293,6361,0x46,PUCCH,,,,,,,,,,,,,,,,,,2,111.8,"1.000,",,,,,,,,
2026-08-18T11:03:03.594218,6380,0x46,PUCCH,,,,,,,,,,,,,,,,,,1,-inf,"0.000,",,,,,,,,
2026-08-18T11:03:04.496735,6400,0x46,PUCCH,,,,,,,,,,,,,,,,,,1,-inf,"0.000,",,,,,,,,
2026-08-18T11:03:04.544756,6401,0x46,PUCCH,,,,,,,,,,,,,,,,,,2,111.8,"1.000,",,,,,,,,
2026-08-18T11:03:05.494523,6420,0x46,PUCCH,,,,,,,,,,,,,,,,,,1,-inf,"0.000,",,,,,,,,
2026-08-18T11:03:06.598610,6440,0x46,PUCCH,,,,,,,,,,,,,,,,,,1,-inf,"0.000,",,,,,,,,
2026-08-18T11:03:06.641670,6441,0x46,PUCCH,,,,,,,,,,,,,,,,,,2,111.8,"1.000,",,,,,,,,
2026-08-18T11:03:07.340423,6460,0x46,PUCCH,,,,,,,,,,,,,,,,,,1,-inf,"0.000,",,,,,,,,
2026-08-18T11:03:08.094351,6480,0x46,PUCCH,,,,,,,,,,,,,,,,,,1,-inf,"0.000,",,,,,,,,
2026-08-18T11:03:08.124004,6481,0x46,PUCCH,,,,,,,,,,,,,,,,,,2,111.8,"1.000,",,,,,,,,
2026-08-18T11:03:09.163542,6500,0x46,PUCCH,,,,,,,,,,,,,,,,,,1,-inf,"0.000,",,,,,,,,
2026-08-18T11:03:10.012358,6520,0x46,PUCCH,,,,,,,,,,,,,,,,,,1,-inf,"0.000,",,,,,,,,
2026-08-18T11:03:10.053831,6521,0x46,PUCCH,,,,,,,,,,,,,,,,,,2,111.8,"1.000,",,,,,,,,
2026-08-18T11:03:10.997455,6540,0x46,PUCCH,,,,,,,,,,,,,,,,,,1,-inf,"0.000,",,,,,,,,
2026-08-18T11:03:11.923380,6560,0x46,PUCCH,,,,,,,,,,,,,,,,,,1,-inf,"0.000,",,,,,,,,
2026-08-18T11:03:11.966288,6561,0x46,PUCCH,,,,,,,,,,,,,,,,,,2,111.8,"1.000,",,,,,,,,
2026-08-18T11:03:12.646332,6580,0x46,PUCCH,,,,,,,,,,,,,,,,,,1,-inf,"0.000,",,,,,,,,
2026-08-18T11:03:13.600154,6600,0x46,PUCCH,,,,,,,,,,,,,,,,,,1,-inf,"0.000,",,,,,,,,
2026-08-18T11:03:13.673327,6601,0x46,PUCCH,,,,,,,,,,,,,,,,,,2,111.8,"1.000,",,,,,,,,
2026-08-18T11:03:14.841482,6620,0x46,PUCCH,,,,,,,,,,,,,,,,,,1,-inf,"0.000,",,,,,,,,
2026-08-18T11:03:16.034851,6640,0x46,PUCCH,,,,,,,,,,,,,,,,,,1,-inf,"0.000,",,,,,,,,
2026-08-18T11:03:16.094103,6641,0x46,PUCCH,,,,,,,,,,,,,,,,,,2,111.8,"1.000,",,,,,,,,
2026-08-18T11:03:17.396739,6660,0x46,PUCCH,,,,,,,,,,,,,,,,,,1,-inf,"0.000,",,,,,,,,
2026-08-18T11:03:18.505813,6680,0x46,PUCCH,,,,,,,,,,,,,,,,,,1,-inf,"0.000,",,,,,,,,
2026-08-18T11:03:18.561905,6681,0x46,PUCCH,,,,,,,,,,,,,,,,,,2,111.8,"1.000,",,,,,,,,
2026-08-18T11:03:19.375321,6700,0x46,PUCCH,,,,,,,,,,,,,,,,,,1,-inf,"0.000,",,,,,,,,
2026-08-18T11:03:20.499639,6720,0x46,PUCCH,,,,,,,,,,,,,,,,,,1,-inf,"0.000,",,,,,,,,
2026-08-18T11:03:20.558718,6721,0x46,PUCCH,,,,,,,,,,,,,,,,,,2,111.8,"1.000,",,,,,,,,
2026-08-18T11:03:21.436313,6740,0x46,PUCCH,,,,,,,,,,,,,,,,,,1,-inf,"0.000,",,,,,,,,
2026-08-18T11:03:22.985536,6760,0x46,PUCCH,,,,,,,,,,,,,,,,,,1,-inf,"0.000,",,,,,,,,
2026-08-18T11:03:23.033958,6761,0x46,PUCCH,,,,,,,,,,,,,,,,,,2,111.8,"1.000,",,,,,,,,
2026-08-18T11:03:23.814345,6780,0x46,PUCCH,,,,,,,,,,,,,,,,,,1,-inf,"0.000,",,,,,,,,
2026-08-18T11:03:24.531092,6800,0x46,PUCCH,,,,,,,,,,,,,,,,,,1,-inf,"0.000,",,,,,,,,
2026-08-18T11:03:24.609251,6801,0x46,PUCCH,,,,,,,,,,,,,,,,,,2,111.8,"1.000,",,,,,,,,
2026-08-18T11:03:26.087014,6820,0x46,PUCCH,,,,,,,,,,,,,,,,,,1,-inf,"0.000,",,,,,,,,
2026-08-18T11:03:26.947889,6840,0x46,PUCCH,,,,,,,,,,,,,,,,,,1,-inf,"0.000,",,,,,,,,
2026-08-18T11:03:26.987414,6841,0x46,PUCCH,,,,,,,,,,,,,,,,,,2,111.8,"1.000,",,,,,,,,
2026-08-18T11:03:27.840024,6860,0x46,PUCCH,,,,,,,,,,,,,,,,,,1,-inf,"0.000,",,,,,,,,
2026-08-18T11:03:28.567051,6880,0x46,PUCCH,,,,,,,,,,,,,,,,,,1,-inf,"0.000,",,,,,,,,
2026-08-18T11:03:28.621182,6881,0x46,PUCCH,,,,,,,,,,,,,,,,,,2,111.8,"1.000,",,,,,,,,
2026-08-18T11:03:29.325833,6900,0x46,PUCCH,,,,,,,,,,,,,,,,,,1,-inf,"0.000,",,,,,,,,
2026-08-18T11:03:30.310904,6920,0x46,PUCCH,,,,,,,,,,,,,,,,,,1,-inf,"0.000,",,,,,,,,
2026-08-18T11:03:30.411656,6921,0x46,PUCCH,,,,,,,,,,,,,,,,,,2,111.8,"1.000,",,,,,,,,
2026-08-18T11:03:31.445417,6940,0x46,PUCCH,,,,,,,,,,,,,,,,,,1,-inf,"0.000,",,,,,,,,
2026-08-18T11:03:32.151247,6960,0x46,PUCCH,,,,,,,,,,,,,,,,,,1,-inf,"0.000,",,,,,,,,
2026-08-18T11:03:32.191058,6961,0x46,PUCCH,,,,,,,,,,,,,,,,,,2,111.8,"1.000,",,,,,,,,
2026-08-18T11:03:33.055488,6980,0x46,PUCCH,,,,,,,,,,,,,,,,,,1,-inf,"0.000,",,,,,,,,
2026-08-18T11:03:34.572174,7000,0x46,PUCCH,,,,,,,,,,,,,,,,,,1,-inf,"0.000,",,,,,,,,
2026-08-18T11:03:34.607053,7001,0x46,PUCCH,,,,,,,,,,,,,,,,,,2,111.8,"1.000,",,,,,,,,
2026-08-18T11:03:35.675552,7020,0x46,PUCCH,,,,,,,,,,,,,,,,,,1,-inf,"0.000,",,,,,,,,
2026-08-18T11:03:36.882977,7040,0x46,PUCCH,,,,,,,,,,,,,,,,,,1,-inf,"0.000,",,,,,,,,
2026-08-18T11:03:36.922206,7041,0x46,PUCCH,,,,,,,,,,,,,,,,,,2,111.8,"1.000,",,,,,,,,
2026-08-18T11:03:37.880239,7060,0x46,PUCCH,,,,,,,,,,,,,,,,,,1,-inf,"0.000,",,,,,,,,
2026-08-18T11:03:38.624944,7080,0x46,PUCCH,,,,,,,,,,,,,,,,,,1,-inf,"0.000,",,,,,,,,
2026-08-18T11:03:38.654003,7081,0x46,PUCCH,,,,,,,,,,,,,,,,,,2,111.8,"1.000,",,,,,,,,
2026-08-18T11:03:39.439806,7100,0x46,PUCCH,,,,,,,,,,,,,,,,,,1,-inf,"0.000,",,,,,,,,
2026-08-18T11:03:40.205491,7120,0x46,PUCCH,,,,,,,,,,,,,,,,,,1,-inf,"0.000,",,,,,,,,
2026-08-18T11:03:40.244523,7121,0x46,PUCCH,,,,,,,,,,,,,,,,,,2,111.8,"1.000,",,,,,,,,
2026-08-18T11:03:40.814723,7140,0x46,PUCCH,,,,,,,,,,,,,,,,,,1,-inf,"0.000,",,,,,,,,
2026-08-18T11:03:41.597294,7160,0x46,PUCCH,,,,,,,,,,,,,,,,,,1,-inf,"0.000,",,,,,,,,
2026-08-18T11:03:41.661247,7161,0x46,PUCCH,,,,,,,,,,,,,,,,,,2,111.8,"1.000,",,,,,,,,
2026-08-18T11:03:42.515030,7180,0x46,PUCCH,,,,,,,,,,,,,,,,,,1,-inf,"0.000,",,,,,,,,
2026-08-18T11:03:43.328524,7200,0x46,PUCCH,,,,,,,,,,,,,,,,,,1,-inf,"0.000,",,,,,,,,
2026-08-18T11:03:43.389833,7201,0x46,PUCCH,,,,,,,,,,,,,,,,,,2,111.8,"1.000,",,,,,,,,
2026-08-18T11:03:44.144671,7220,0x46,PUCCH,,,,,,,,,,,,,,,,,,1,-inf,"0.000,",,,,,,,,
2026-08-18T11:03:44.908082,7240,0x46,PUCCH,,,,,,,,,,,,,,,,,,1,-inf,"0.000,",,,,,,,,
2026-08-18T11:03:44.941234,7241,0x46,PUCCH,,,,,,,,,,,,,,,,,,2,111.8,"1.000,",,,,,,,,
2026-08-18T11:03:45.629781,7260,0x46,PUCCH,,,,,,,,,,,,,,,,,,1,-inf,"0.000,",,,,,,,,
2026-08-18T11:03:46.295370,7280,0x46,PUCCH,,,,,,,,,,,,,,,,,,1,-inf,"0.000,",,,,,,,,
2026-08-18T11:03:46.325420,7281,0x46,PUCCH,,,,,,,,,,,,,,,,,,2,111.8,"1.000,",,,,,,,,
2026-08-18T11:03:46.987202,7300,0x46,PUCCH,,,,,,,,,,,,,,,,,,1,-inf,"0.000,",,,,,,,,
2026-08-18T11:03:47.754923,7320,0x46,PUCCH,,,,,,,,,,,,,,,,,,1,-inf,"0.000,",,,,,,,,
2026-08-18T11:03:47.807170,7321,0x46,PUCCH,,,,,,,,,,,,,,,,,,2,111.8,"1.000,",,,,,,,,
2026-08-18T11:03:48.711606,7340,0x46,PUCCH,,,,,,,,,,,,,,,,,,1,-inf,"0.000,",,,,,,,,
2026-08-18T11:03:49.662035,7360,0x46,PUCCH,,,,,,,,,,,,,,,,,,1,-inf,"0.000,",,,,,,,,
2026-08-18T11:03:49.708844,7361,0x46,PUCCH,,,,,,,,,,,,,,,,,,2,111.8,"1.000,",,,,,,,,
2026-08-18T11:03:50.769793,7380,0x46,PUCCH,,,,,,,,,,,,,,,,,,1,-inf,"0.000,",,,,,,,,
2026-08-18T11:03:51.769771,7400,0x46,PUCCH,,,,,,,,,,,,,,,,,,1,-inf,"0.000,",,,,,,,,
2026-08-18T11:03:51.888234,7401,0x46,PUCCH,,,,,,,,,,,,,,,,,,2,111.8,"1.000,",,,,,,,,
2026-08-18T11:03:53.035349,7420,0x46,PUCCH,,,,,,,,,,,,,,,,,,1,-inf,"0.000,",,,,,,,,
2026-08-18T11:03:54.255450,7440,0x46,PUCCH,,,,,,,,,,,,,,,,,,1,-inf,"0.000,",,,,,,,,
2026-08-18T11:03:54.306064,7441,0x46,PUCCH,,,,,,,,,,,,,,,,,,2,111.8,"1.000,",,,,,,,,
2026-08-18T11:03:54.968588,7460,0x46,PUCCH,,,,,,,,,,,,,,,,,,1,-inf,"0.000,",,,,,,,,
2026-08-18T11:03:55.650681,7480,0x46,PUCCH,,,,,,,,,,,,,,,,,,1,-inf,"0.000,",,,,,,,,
2026-08-18T11:03:55.682439,7481,0x46,PUCCH,,,,,,,,,,,,,,,,,,2,111.8,"1.000,",,,,,,,,
2026-08-18T11:03:56.504809,7500,0x46,PUCCH,,,,,,,,,,,,,,,,,,1,-inf,"0.000,",,,,,,,,
2026-08-18T11:03:57.671326,7520,0x46,PUCCH,,,,,,,,,,,,,,,,,,1,-inf,"0.000,",,,,,,,,
2026-08-18T11:03:57.711382,7521,0x46,PUCCH,,,,,,,,,,,,,,,,,,2,111.8,"1.000,",,,,,,,,
2026-08-18T11:03:58.839773,7540,0x46,PUCCH,,,,,,,,,,,,,,,,,,1,-inf,"0.000,",,,,,,,,
2026-08-18T11:03:59.699353,7560,0x46,PUCCH,,,,,,,,,,,,,,,,,,1,-inf,"0.000,",,,,,,,,
2026-08-18T11:03:59.752783,7561,0x46,PUCCH,,,,,,,,,,,,,,,,,,2,111.8,"1.000,",,,,,,,,
2026-08-18T11:04:00.387843,7580,0x46,PUCCH,,,,,,,,,,,,,,,,,,1,-inf,"0.000,",,,,,,,,
2026-08-18T11:04:01.256227,7600,0x46,PUCCH,,,,,,,,,,,,,,,,,,1,-inf,"0.000,",,,,,,,,
2026-08-18T11:04:01.312233,7601,0x46,PUCCH,,,,,,,,,,,,,,,,,,2,111.8,"1.000,",,,,,,,,
2026-08-18T11:04:02.430449,7620,0x46,PUCCH,,,,,,,,,,,,,,,,,,1,-inf,"0.000,",,,,,,,,
2026-08-18T11:04:03.444174,7640,0x46,PUCCH,,,,,,,,,,,,,,,,,,1,-inf,"0.000,",,,,,,,,
2026-08-18T11:04:03.481900,7641,0x46,PUCCH,,,,,,,,,,,,,,,,,,2,111.8,"1.000,",,,,,,,,
2026-08-18T11:04:04.314497,7660,0x46,PUCCH,,,,,,,,,,,,,,,,,,1,-inf,"0.000,",,,,,,,,
2026-08-18T11:04:05.299097,7680,0x46,PUCCH,,,,,,,,,,,,,,,,,,1,-inf,"0.000,",,,,,,,,
2026-08-18T11:04:05.335684,7681,0x46,PUCCH,,,,,,,,,,,,,,,,,,2,111.8,"1.000,",,,,,,,,
2026-08-18T11:04:06.244526,7700,0x46,PUCCH,,,,,,,,,,,,,,,,,,1,-inf,"0.000,",,,,,,,,
2026-08-18T11:04:07.135616,7720,0x46,PUCCH,,,,,,,,,,,,,,,,,,1,-inf,"0.000,",,,,,,,,
2026-08-18T11:04:07.166519,7721,0x46,PUCCH,,,,,,,,,,,,,,,,,,2,111.8,"1.000,",,,,,,,,
2026-08-18T11:04:07.700861,7740,0x46,PUCCH,,,,,,,,,,,,,,,,,,1,-inf,"0.000,",,,,,,,,
2026-08-18T11:04:08.413203,7760,0x46,PUCCH,,,,,,,,,,,,,,,,,,1,-inf,"0.000,",,,,,,,,
2026-08-18T11:04:08.453127,7761,0x46,PUCCH,,,,,,,,,,,,,,,,,,2,111.8,"1.000,",,,,,,,,
2026-08-18T11:04:09.148559,7780,0x46,PUCCH,,,,,,,,,,,,,,,,,,1,-inf,"0.000,",,,,,,,,
2026-08-18T11:04:10.023060,7800,0x46,PUCCH,,,,,,,,,,,,,,,,,,1,-inf,"0.000,",,,,,,,,
2026-08-18T11:04:10.066821,7801,0x46,PUCCH,,,,,,,,,,,,,,,,,,2,111.8,"1.000,",,,,,,,,
2026-08-18T11:04:10.436369,7820,0x46,PUCCH,,,,,,,,,,,,,,,,,,1,-inf,"0.000,",,,,,,,,
2026-08-18T11:04:10.942609,7840,0x46,PUCCH,,,,,,,,,,,,,,,,,,1,-inf,"0.000,",,,,,,,,
2026-08-18T11:04:10.982767,7841,0x46,PUCCH,,,,,,,,,,,,,,,,,,2,111.8,"1.000,",,,,,,,,
2026-08-18T11:04:11.643979,7860,0x46,PUCCH,,,,,,,,,,,,,,,,,,1,-inf,"0.000,",,,,,,,,
2026-08-18T11:04:12.214147,7880,0x46,PUCCH,,,,,,,,,,,,,,,,,,1,-inf,"0.000,",,,,,,,,
2026-08-18T11:04:12.254822,7881,0x46,PUCCH,,,,,,,,,,,,,,,,,,2,111.8,"1.000,",,,,,,,,
2026-08-18T11:04:12.950688,7900,0x46,PUCCH,,,,,,,,,,,,,,,,,,1,-inf,"0.000,",,,,,,,,
2026-08-18T11:04:13.726521,7920,0x46,PUCCH,,,,,,,,,,,,,,,,,,1,-inf,"0.000,",,,,,,,,
2026-08-18T11:04:13.768947,7921,0x46,PUCCH,,,,,,,,,,,,,,,,,,2,111.8,"1.000,",,,,,,,,
2026-08-18T11:04:14.511671,7940,0x46,PUCCH,,,,,,,,,,,,,,,,,,1,-inf,"0.000,",,,,,,,,
2026-08-18T11:04:15.223099,7960,0x46,PUCCH,,,,,,,,,,,,,,,,,,1,-inf,"0.000,",,,,,,,,
2026-08-18T11:04:15.248132,7961,0x46,PUCCH,,,,,,,,,,,,,,,,,,2,111.8,"1.000,",,,,,,,,
2026-08-18T11:04:15.872270,7980,0x46,PUCCH,,,,,,,,,,,,,,,,,,1,-inf,"0.000,",,,,,,,,
2026-08-18T11:04:16.681272,8000,0x46,PUCCH,,,,,,,,,,,,,,,,,,1,-inf,"0.000,",,,,,,,,
2026-08-18T11:04:16.720493,8001,0x46,PUCCH,,,,,,,,,,,,,,,,,,2,111.8,"1.000,",,,,,,,,
2026-08-18T11:04:17.515278,8020,0x46,PUCCH,,,,,,,,,,,,,,,,,,1,-inf,"0.000,",,,,,,,,
2026-08-18T11:04:18.416667,8040,0x46,PUCCH,,,,,,,,,,,,,,,,,,1,-inf,"0.000,",,,,,,,,
2026-08-18T11:04:18.459326,8041,0x46,PUCCH,,,,,,,,,,,,,,,,,,2,111.8,"1.000,",,,,,,,,
2026-08-18T11:04:19.461717,8060,0x46,PUCCH,,,,,,,,,,,,,,,,,,1,-inf,"0.000,",,,,,,,,
2026-08-18T11:04:20.178212,8080,0x46,PUCCH,,,,,,,,,,,,,,,,,,1,-inf,"0.000,",,,,,,,,
2026-08-18T11:04:20.209681,8081,0x46,PUCCH,,,,,,,,,,,,,,,,,,2,111.8,"1.000,",,,,,,,,
2026-08-18T11:04:20.891813,8100,0x46,PUCCH,,,,,,,,,,,,,,,,,,1,-inf,"0.000,",,,,,,,,
2026-08-18T11:04:21.584110,8120,0x46,PUCCH,,,,,,,,,,,,,,,,,,1,-inf,"0.000,",,,,,,,,
2026-08-18T11:04:21.621318,8121,0x46,PUCCH,,,,,,,,,,,,,,,,,,2,111.8,"1.000,",,,,,,,,
2026-08-18T11:04:22.477235,8140,0x46,PUCCH,,,,,,,,,,,,,,,,,,1,-inf,"0.000,",,,,,,,,
2026-08-18T11:04:23.225626,8160,0x46,PUCCH,,,,,,,,,,,,,,,,,,1,-inf,"0.000,",,,,,,,,
2026-08-18T11:04:23.256829,8161,0x46,PUCCH,,,,,,,,,,,,,,,,,,2,111.8,"1.000,",,,,,,,,
2026-08-18T11:04:24.037796,8180,0x46,PUCCH,,,,,,,,,,,,,,,,,,1,-inf,"0.000,",,,,,,,,
2026-08-18T11:04:24.831241,8200,0x46,PUCCH,,,,,,,,,,,,,,,,,,1,-inf,"0.000,",,,,,,,,
2026-08-18T11:04:24.865279,8201,0x46,PUCCH,,,,,,,,,,,,,,,,,,2,111.8,"1.000,",,,,,,,,
2026-08-18T11:04:25.399958,8220,0x46,PUCCH,,,,,,,,,,,,,,,,,,1,-inf,"0.000,",,,,,,,,
2026-08-18T11:04:25.981480,8240,0x46,PUCCH,,,,,,,,,,,,,,,,,,1,-inf,"0.000,",,,,,,,,
2026-08-18T11:04:26.004388,8241,0x46,PUCCH,,,,,,,,,,,,,,,,,,2,111.8,"1.000,",,,,,,,,
2026-08-18T11:04:26.813360,8260,0x46,PUCCH,,,,,,,,,,,,,,,,,,1,-inf,"0.000,",,,,,,,,
2026-08-18T11:04:27.615404,8280,0x46,PUCCH,,,,,,,,,,,,,,,,,,1,-inf,"0.000,",,,,,,,,
2026-08-18T11:04:27.645102,8281,0x46,PUCCH,,,,,,,,,,,,,,,,,,2,111.8,"1.000,",,,,,,,,
2026-08-18T11:04:28.295583,8300,0x46,PUCCH,,,,,,,,,,,,,,,,,,1,-inf,"0.000,",,,,,,,,
2026-08-18T11:04:28.867199,8320,0x46,PUCCH,,,,,,,,,,,,,,,,,,1,-inf,"0.000,",,,,,,,,
2026-08-18T11:04:28.898587,8321,0x46,PUCCH,,,,,,,,,,,,,,,,,,2,111.8,"1.000,",,,,,,,,
2026-08-18T11:04:29.614342,8340,0x46,PUCCH,,,,,,,,,,,,,,,,,,1,-inf,"0.000,",,,,,,,,
2026-08-18T11:04:30.223241,8360,0x46,PUCCH,,,,,,,,,,,,,,,,,,1,-inf,"0.000,",,,,,,,,
2026-08-18T11:04:30.241062,8361,0x46,PUCCH,,,,,,,,,,,,,,,,,,2,111.8,"1.000,",,,,,,,,
2026-08-18T11:04:30.846992,8380,0x46,PUCCH,,,,,,,,,,,,,,,,,,1,-inf,"0.000,",,,,,,,,
2026-08-18T11:04:31.882228,8400,0x46,PUCCH,,,,,,,,,,,,,,,,,,1,-inf,"0.000,",,,,,,,,
2026-08-18T11:04:31.917488,8401,0x46,PUCCH,,,,,,,,,,,,,,,,,,2,111.8,"1.000,",,,,,,,,
2026-08-18T11:04:32.918398,8420,0x46,PUCCH,,,,,,,,,,,,,,,,,,1,-inf,"0.000,",,,,,,,,
2026-08-18T11:04:34.157183,8440,0x46,PUCCH,,,,,,,,,,,,,,,,,,1,-inf,"0.000,",,,,,,,,
2026-08-18T11:04:34.193868,8441,0x46,PUCCH,,,,,,,,,,,,,,,,,,2,111.8,"1.000,",,,,,,,,
2026-08-18T11:04:34.951673,8460,0x46,PUCCH,,,,,,,,,,,,,,,,,,1,-inf,"0.000,",,,,,,,,
2026-08-18T11:04:35.716016,8480,0x46,PUCCH,,,,,,,,,,,,,,,,,,1,-inf,"0.000,",,,,,,,,
2026-08-18T11:04:35.751502,8481,0x46,PUCCH,,,,,,,,,,,,,,,,,,2,111.8,"1.000,",,,,,,,,
2026-08-18T11:04:36.456935,8500,0x46,PUCCH,,,,,,,,,,,,,,,,,,1,-inf,"0.000,",,,,,,,,
2026-08-18T11:04:37.186119,8520,0x46,PUCCH,,,,,,,,,,,,,,,,,,1,-inf,"0.000,",,,,,,,,
2026-08-18T11:04:37.452954,8521,0x46,PUCCH,,,,,,,,,,,,,,,,,,2,111.8,"1.000,",,,,,,,,
2026-08-18T11:04:38.418775,8540,0x46,PUCCH,,,,,,,,,,,,,,,,,,1,-inf,"0.000,",,,,,,,,
2026-08-18T11:04:39.657294,8560,0x46,PUCCH,,,,,,,,,,,,,,,,,,1,-inf,"0.000,",,,,,,,,
2026-08-18T11:04:39.692596,8561,0x46,PUCCH,,,,,,,,,,,,,,,,,,2,111.8,"1.000,",,,,,,,,
2026-08-18T11:04:40.334955,8580,0x46,PUCCH,,,,,,,,,,,,,,,,,,1,-inf,"0.000,",,,,,,,,
2026-08-18T11:04:41.160301,8600,0x46,PUCCH,,,,,,,,,,,,,,,,,,1,-inf,"0.000,",,,,,,,,
2026-08-18T11:04:41.188728,8601,0x46,PUCCH,,,,,,,,,,,,,,,,,,2,111.8,"1.000,",,,,,,,,
2026-08-18T11:04:41.877580,8620,0x46,PUCCH,,,,,,,,,,,,,,,,,,1,-inf,"0.000,",,,,,,,,
2026-08-18T11:04:42.626437,8640,0x46,PUCCH,,,,,,,,,,,,,,,,,,1,-inf,"0.000,",,,,,,,,
2026-08-18T11:04:42.684315,8641,0x46,PUCCH,,,,,,,,,,,,,,,,,,2,111.8,"1.000,",,,,,,,,
2026-08-18T11:04:43.439914,8660,0x46,PUCCH,,,,,,,,,,,,,,,,,,1,-inf,"0.000,",,,,,,,,
2026-08-18T11:04:44.376697,8680,0x46,PUCCH,,,,,,,,,,,,,,,,,,1,-inf,"0.000,",,,,,,,,
2026-08-18T11:04:44.405307,8681,0x46,PUCCH,,,,,,,,,,,,,,,,,,2,111.8,"1.000,",,,,,,,,
2026-08-18T11:04:45.056748,8700,0x46,PUCCH,,,,,,,,,,,,,,,,,,1,-inf,"0.000,",,,,,,,,
2026-08-18T11:04:45.600055,8720,0x46,PUCCH,,,,,,,,,,,,,,,,,,1,-inf,"0.000,",,,,,,,,
2026-08-18T11:04:45.629295,8721,0x46,PUCCH,,,,,,,,,,,,,,,,,,2,111.8,"1.000,",,,,,,,,
2026-08-18T11:04:46.528800,8740,0x46,PUCCH,,,,,,,,,,,,,,,,,,1,-inf,"0.000,",,,,,,,,
2026-08-18T11:04:47.212062,8760,0x46,PUCCH,,,,,,,,,,,,,,,,,,1,-inf,"0.000,",,,,,,,,
2026-08-18T11:04:47.241721,8761,0x46,PUCCH,,,,,,,,,,,,,,,,,,2,111.8,"1.000,",,,,,,,,
2026-08-18T11:04:47.980715,8780,0x46,PUCCH,,,,,,,,,,,,,,,,,,1,-inf,"0.000,",,,,,,,,
2026-08-18T11:04:48.885799,8800,0x46,PUCCH,,,,,,,,,,,,,,,,,,1,-inf,"0.000,",,,,,,,,
2026-08-18T11:04:48.982237,8801,0x46,PUCCH,,,,,,,,,,,,,,,,,,2,111.8,"1.000,",,,,,,,,
2026-08-18T11:04:50.506424,8820,0x46,PUCCH,,,,,,,,,,,,,,,,,,1,-inf,"0.000,",,,,,,,,
2026-08-18T11:04:51.502059,8840,0x46,PUCCH,,,,,,,,,,,,,,,,,,1,-inf,"0.000,",,,,,,,,
2026-08-18T11:04:51.532592,8841,0x46,PUCCH,,,,,,,,,,,,,,,,,,2,111.8,"1.000,",,,,,,,,
2026-08-18T11:04:52.206509,8860,0x46,PUCCH,,,,,,,,,,,,,,,,,,1,-inf,"0.000,",,,,,,,,
2026-08-18T11:04:52.789209,8880,0x46,PUCCH,,,,,,,,,,,,,,,,,,1,-inf,"0.000,",,,,,,,,
2026-08-18T11:04:52.816617,8881,0x46,PUCCH,,,,,,,,,,,,,,,,,,2,111.8,"1.000,",,,,,,,,
2026-08-18T11:04:53.525878,8900,0x46,PUCCH,,,,,,,,,,,,,,,,,,1,-inf,"0.000,",,,,,,,,
2026-08-18T11:04:54.416540,8920,0x46,PUCCH,,,,,,,,,,,,,,,,,,1,-inf,"0.000,",,,,,,,,
2026-08-18T11:04:54.464331,8921,0x46,PUCCH,,,,,,,,,,,,,,,,,,2,111.8,"1.000,",,,,,,,,
2026-08-18T11:04:55.129352,8940,0x46,PUCCH,,,,,,,,,,,,,,,,,,1,-inf,"0.000,",,,,,,,,
2026-08-18T11:04:55.813175,8960,0x46,PUCCH,,,,,,,,,,,,,,,,,,1,-inf,"0.000,",,,,,,,,
2026-08-18T11:04:55.855164,8961,0x46,PUCCH,,,,,,,,,,,,,,,,,,2,111.8,"1.000,",,,,,,,,
2026-08-18T11:04:56.565326,8980,0x46,PUCCH,,,,,,,,,,,,,,,,,,1,-inf,"0.000,",,,,,,,,
2026-08-18T11:04:57.342884,9000,0x46,PUCCH,,,,,,,,,,,,,,,,,,1,-inf,"0.000,",,,,,,,,
2026-08-18T11:04:57.402002,9001,0x46,PUCCH,,,,,,,,,,,,,,,,,,2,111.8,"1.000,",,,,,,,,
2026-08-18T11:04:58.425927,9020,0x46,PUCCH,,,,,,,,,,,,,,,,,,1,-inf,"0.000,",,,,,,,,
2026-08-18T11:04:59.345566,9040,0x46,PUCCH,,,,,,,,,,,,,,,,,,1,-inf,"0.000,",,,,,,,,
2026-08-18T11:04:59.376796,9041,0x46,PUCCH,,,,,,,,,,,,,,,,,,2,111.8,"1.000,",,,,,,,,
2026-08-18T11:05:00.474681,9060,0x46,PUCCH,,,,,,,,,,,,,,,,,,1,-inf,"0.000,",,,,,,,,
2026-08-18T11:05:01.469515,9080,0x46,PUCCH,,,,,,,,,,,,,,,,,,1,-inf,"0.000,",,,,,,,,
2026-08-18T11:05:01.520878,9081,0x46,PUCCH,,,,,,,,,,,,,,,,,,2,111.8,"1.000,",,,,,,,,
2026-08-18T11:05:02.252591,9100,0x46,PUCCH,,,,,,,,,,,,,,,,,,1,-inf,"0.000,",,,,,,,,
2026-08-18T11:05:02.982937,9120,0x46,PUCCH,,,,,,,,,,,,,,,,,,1,-inf,"0.000,",,,,,,,,
2026-08-18T11:05:03.008449,9121,0x46,PUCCH,,,,,,,,,,,,,,,,,,2,111.8,"1.000,",,,,,,,,
2026-08-18T11:05:03.543203,9140,0x46,PUCCH,,,,,,,,,,,,,,,,,,1,-inf,"0.000,",,,,,,,,
2026-08-18T11:05:04.370876,9160,0x46,PUCCH,,,,,,,,,,,,,,,,,,1,-inf,"0.000,",,,,,,,,
2026-08-18T11:05:04.432174,9161,0x46,PUCCH,,,,,,,,,,,,,,,,,,2,111.8,"1.000,",,,,,,,,
2026-08-18T11:05:05.440012,9180,0x46,PUCCH,,,,,,,,,,,,,,,,,,1,-inf,"0.000,",,,,,,,,
2026-08-18T11:05:06.130471,9200,0x46,PUCCH,,,,,,,,,,,,,,,,,,1,-inf,"0.000,",,,,,,,,
2026-08-18T11:05:06.173249,9201,0x46,PUCCH,,,,,,,,,,,,,,,,,,2,111.8,"1.000,",,,,,,,,
2026-08-18T11:05:07.219427,9220,0x46,PUCCH,,,,,,,,,,,,,,,,,,1,-inf,"0.000,",,,,,,,,
2026-08-18T11:05:08.195968,9240,0x46,PUCCH,,,,,,,,,,,,,,,,,,1,-inf,"0.000,",,,,,,,,
2026-08-18T11:05:08.247254,9241,0x46,PUCCH,,,,,,,,,,,,,,,,,,2,111.8,"1.000,",,,,,,,,
2026-08-18T11:05:09.041091,9260,0x46,PUCCH,,,,,,,,,,,,,,,,,,1,-inf,"0.000,",,,,,,,,
2026-08-18T11:05:09.806899,9280,0x46,PUCCH,,,,,,,,,,,,,,,,,,1,-inf,"0.000,",,,,,,,,
2026-08-18T11:05:09.858191,9281,0x46,PUCCH,,,,,,,,,,,,,,,,,,2,111.8,"1.000,",,,,,,,,
2026-08-18T11:05:10.689929,9300,0x46,PUCCH,,,,,,,,,,,,,,,,,,1,-inf,"0.000,",,,,,,,,
2026-08-18T11:05:11.610177,9320,0x46,PUCCH,,,,,,,,,,,,,,,,,,1,-inf,"0.000,",,,,,,,,
2026-08-18T11:05:11.664791,9321,0x46,PUCCH,,,,,,,,,,,,,,,,,,2,111.8,"1.000,",,,,,,,,
2026-08-18T11:05:12.792888,9340,0x46,PUCCH,,,,,,,,,,,,,,,,,,1,-inf,"0.000,",,,,,,,,
2026-08-18T11:05:13.775176,9360,0x46,PUCCH,,,,,,,,,,,,,,,,,,1,-inf,"0.000,",,,,,,,,
2026-08-18T11:05:13.826125,9361,0x46,PUCCH,,,,,,,,,,,,,,,,,,2,111.8,"1.000,",,,,,,,,
2026-08-18T11:05:14.779494,9380,0x46,PUCCH,,,,,,,,,,,,,,,,,,1,-inf,"0.000,",,,,,,,,
2026-08-18T11:05:15.505412,9400,0x46,PUCCH,,,,,,,,,,,,,,,,,,1,-inf,"0.000,",,,,,,,,
2026-08-18T11:05:15.581644,9401,0x46,PUCCH,,,,,,,,,,,,,,,,,,2,111.8,"1.000,",,,,,,,,
2026-08-18T11:05:16.423424,9420,0x46,PUCCH,,,,,,,,,,,,,,,,,,1,-inf,"0.000,",,,,,,,,
2026-08-18T11:05:17.144823,9440,0x46,PUCCH,,,,,,,,,,,,,,,,,,1,-inf,"0.000,",,,,,,,,
2026-08-18T11:05:17.171775,9441,0x46,PUCCH,,,,,,,,,,,,,,,,,,2,111.8,"1.000,",,,,,,,,
2026-08-18T11:05:17.814666,9460,0x46,PUCCH,,,,,,,,,,,,,,,,,,1,-inf,"0.000,",,,,,,,,
2026-08-18T11:05:18.744314,9480,0x46,PUCCH,,,,,,,,,,,,,,,,,,1,-inf,"0.000,",,,,,,,,
2026-08-18T11:05:18.776316,9481,0x46,PUCCH,,,,,,,,,,,,,,,,,,2,111.8,"1.000,",,,,,,,,
2026-08-18T11:05:19.441985,9500,0x46,PUCCH,,,,,,,,,,,,,,,,,,1,-inf,"0.000,",,,,,,,,
2026-08-18T11:05:20.254905,9520,0x46,PUCCH,,,,,,,,,,,,,,,,,,1,-inf,"0.000,",,,,,,,,
2026-08-18T11:05:20.286220,9521,0x46,PUCCH,,,,,,,,,,,,,,,,,,2,111.8,"1.000,",,,,,,,,
2026-08-18T11:05:20.997085,9540,0x46,PUCCH,,,,,,,,,,,,,,,,,,1,-inf,"0.000,",,,,,,,,
2026-08-18T11:05:21.975992,9560,0x46,PUCCH,,,,,,,,,,,,,,,,,,1,-inf,"0.000,",,,,,,,,
2026-08-18T11:05:22.005541,9561,0x46,PUCCH,,,,,,,,,,,,,,,,,,2,111.8,"1.000,",,,,,,,,
2026-08-18T11:05:22.792186,9580,0x46,PUCCH,,,,,,,,,,,,,,,,,,1,-inf,"0.000,",,,,,,,,
2026-08-18T11:05:23.437057,9600,0x46,PUCCH,,,,,,,,,,,,,,,,,,1,-inf,"0.000,",,,,,,,,
2026-08-18T11:05:23.468121,9601,0x46,PUCCH,,,,,,,,,,,,,,,,,,2,111.8,"1.000,",,,,,,,,
2026-08-18T11:05:24.297315,9620,0x46,PUCCH,,,,,,,,,,,,,,,,,,1,-inf,"0.000,",,,,,,,,
2026-08-18T11:05:25.650205,9640,0x46,PUCCH,,,,,,,,,,,,,,,,,,1,-inf,"0.000,",,,,,,,,
2026-08-18T11:05:25.691812,9641,0x46,PUCCH,,,,,,,,,,,,,,,,,,2,111.8,"1.000,",,,,,,,,
2026-08-18T11:05:26.477931,9660,0x46,PUCCH,,,,,,,,,,,,,,,,,,1,-inf,"0.000,",,,,,,,,
2026-08-18T11:05:27.225848,9680,0x46,PUCCH,,,,,,,,,,,,,,,,,,1,-inf,"0.000,",,,,,,,,
2026-08-18T11:05:27.265579,9681,0x46,PUCCH,,,,,,,,,,,,,,,,,,2,111.8,"1.000,",,,,,,,,
2026-08-18T11:05:27.962124,9700,0x46,PUCCH,,,,,,,,,,,,,,,,,,1,-inf,"0.000,",,,,,,,,
2026-08-18T11:05:28.989195,9720,0x46,PUCCH,,,,,,,,,,,,,,,,,,1,-inf,"0.000,",,,,,,,,
2026-08-18T11:05:29.050913,9721,0x46,PUCCH,,,,,,,,,,,,,,,,,,2,111.8,"1.000,",,,,,,,,
2026-08-18T11:05:29.966837,9740,0x46,PUCCH,,,,,,,,,,,,,,,,,,1,-inf,"0.000,",,,,,,,,
2026-08-18T11:05:31.125775,9760,0x46,PUCCH,,,,,,,,,,,,,,,,,,1,-inf,"0.000,",,,,,,,,
2026-08-18T11:05:31.158869,9761,0x46,PUCCH,,,,,,,,,,,,,,,,,,2,111.8,"1.000,",,,,,,,,
2026-08-18T11:05:31.823561,9780,0x46,PUCCH,,,,,,,,,,,,,,,,,,1,-inf,"0.000,",,,,,,,,
2026-08-18T11:05:32.784697,9800,0x46,PUCCH,,,,,,,,,,,,,,,,,,1,-inf,"0.000,",,,,,,,,
2026-08-18T11:05:32.830025,9801,0x46,PUCCH,,,,,,,,,,,,,,,,,,2,111.8,"1.000,",,,,,,,,
2026-08-18T11:05:33.814367,9820,0x46,PUCCH,,,,,,,,,,,,,,,,,,1,-inf,"0.000,",,,,,,,,
2026-08-18T11:05:34.726328,9840,0x46,PUCCH,,,,,,,,,,,,,,,,,,1,-inf,"0.000,",,,,,,,,
2026-08-18T11:05:34.765144,9841,0x46,PUCCH,,,,,,,,,,,,,,,,,,2,111.8,"1.000,",,,,,,,,
2026-08-18T11:05:35.496364,9860,0x46,PUCCH,,,,,,,,,,,,,,,,,,1,-inf,"0.000,",,,,,,,,
2026-08-18T11:05:36.373447,9880,0x46,PUCCH,,,,,,,,,,,,,,,,,,1,-inf,"0.000,",,,,,,,,
2026-08-18T11:05:36.442408,9881,0x46,PUCCH,,,,,,,,,,,,,,,,,,2,111.8,"1.000,",,,,,,,,
2026-08-18T11:05:37.524086,9900,0x46,PUCCH,,,,,,,,,,,,,,,,,,1,-inf,"0.000,",,,,,,,,
2026-08-18T11:05:38.247354,9920,0x46,PUCCH,,,,,,,,,,,,,,,,,,1,-inf,"0.000,",,,,,,,,
2026-08-18T11:05:38.274334,9921,0x46,PUCCH,,,,,,,,,,,,,,,,,,2,111.8,"1.000,",,,,,,,,
2026-08-18T11:05:39.009595,9940,0x46,PUCCH,,,,,,,,,,,,,,,,,,1,-inf,"0.000,",,,,,,,,
2026-08-18T11:05:39.747741,9960,0x46,PUCCH,,,,,,,,,,,,,,,,,,1,-inf,"0.000,",,,,,,,,
2026-08-18T11:05:39.778191,9961,0x46,PUCCH,,,,,,,,,,,,,,,,,,2,111.8,"1.000,",,,,,,,,
2026-08-18T11:05:40.476835,9980,0x46,PUCCH,,,,,,,,,,,,,,,,,,1,-inf,"0.000,",,,,,,,,
2026-08-18T11:05:41.589689,10000,0x46,PUCCH,,,,,,,,,,,,,,,,,,1,-inf,"0.000,",,,,,,,,
2026-08-18T11:05:41.630554,10001,0x46,PUCCH,,,,,,,,,,,,,,,,,,2,111.8,"1.000,",,,,,,,,
2026-08-18T11:05:42.334192,10020,0x46,PUCCH,,,,,,,,,,,,,,,,,,1,-inf,"0.000,",,,,,,,,
2026-08-18T11:05:43.016234,10040,0x46,PUCCH,,,,,,,,,,,,,,,,,,1,-inf,"0.000,",,,,,,,,
2026-08-18T11:05:43.059196,10041,0x46,PUCCH,,,,,,,,,,,,,,,,,,2,111.8,"1.000,",,,,,,,,
2026-08-18T11:05:43.783085,10060,0x46,PUCCH,,,,,,,,,,,,,,,,,,1,-inf,"0.000,",,,,,,,,
2026-08-18T11:05:44.720512,10080,0x46,PUCCH,,,,,,,,,,,,,,,,,,1,-inf,"0.000,",,,,,,,,
2026-08-18T11:05:44.764537,10081,0x46,PUCCH,,,,,,,,,,,,,,,,,,2,111.8,"1.000,",,,,,,,,
2026-08-18T11:05:45.792753,10100,0x46,PUCCH,,,,,,,,,,,,,,,,,,1,-inf,"0.000,",,,,,,,,
2026-08-18T11:05:46.904245,10120,0x46,PUCCH,,,,,,,,,,,,,,,,,,1,-inf,"0.000,",,,,,,,,
2026-08-18T11:05:46.965564,10121,0x46,PUCCH,,,,,,,,,,,,,,,,,,2,111.8,"1.000,",,,,,,,,
2026-08-18T11:05:47.752797,10140,0x46,PUCCH,,,,,,,,,,,,,,,,,,1,-inf,"0.000,",,,,,,,,
2026-08-18T11:05:48.689305,10160,0x46,PUCCH,,,,,,,,,,,,,,,,,,1,-inf,"0.000,",,,,,,,,
2026-08-18T11:05:48.734126,10161,0x46,PUCCH,,,,,,,,,,,,,,,,,,2,111.8,"1.000,",,,,,,,,
2026-08-18T11:05:49.679278,10180,0x46,PUCCH,,,,,,,,,,,,,,,,,,1,-inf,"0.000,",,,,,,,,
2026-08-18T11:05:50.842582,10200,0x46,PUCCH,,,,,,,,,,,,,,,,,,1,-inf,"0.000,",,,,,,,,
2026-08-18T11:05:50.880562,10201,0x46,PUCCH,,,,,,,,,,,,,,,,,,2,111.8,"1.000,",,,,,,,,
2026-08-18T11:05:52.518974,10220,0x46,PUCCH,,,,,,,,,,,,,,,,,,1,-inf,"0.000,",,,,,,,,
2026-08-18T11:05:53.348201,0,0x46,PUCCH,,,,,,,,,,,,,,,,,,1,-inf,"0.000,",,,,,,,,
2026-08-18T11:05:53.384992,1,0x46,PUCCH,,,,,,,,,,,,,,,,,,2,111.8,"1.000,",,,,,,,,
2026-08-18T11:05:54.093860,20,0x46,PUCCH,,,,,,,,,,,,,,,,,,1,-inf,"0.000,",,,,,,,,
2026-08-18T11:05:54.720710,40,0x46,PUCCH,,,,,,,,,,,,,,,,,,1,-inf,"0.000,",,,,,,,,
2026-08-18T11:05:54.751749,41,0x46,PUCCH,,,,,,,,,,,,,,,,,,2,111.8,"1.000,",,,,,,,,
2026-08-18T11:05:55.395166,60,0x46,PUCCH,,,,,,,,,,,,,,,,,,1,-inf,"0.000,",,,,,,,,
2026-08-18T11:05:56.165002,80,0x46,PUCCH,,,,,,,,,,,,,,,,,,1,-inf,"0.000,",,,,,,,,
2026-08-18T11:05:56.203890,81,0x46,PUCCH,,,,,,,,,,,,,,,,,,2,111.8,"1.000,",,,,,,,,
2026-08-18T11:05:56.932494,100,0x46,PUCCH,,,,,,,,,,,,,,,,,,1,-inf,"0.000,",,,,,,,,
2026-08-18T11:05:57.614054,120,0x46,PUCCH,,,,,,,,,,,,,,,,,,1,-inf,"0.000,",,,,,,,,
2026-08-18T11:05:57.645527,121,0x46,PUCCH,,,,,,,,,,,,,,,,,,2,111.8,"1.000,",,,,,,,,
2026-08-18T11:05:58.381150,140,0x46,PUCCH,,,,,,,,,,,,,,,,,,1,-inf,"0.000,",,,,,,,,
2026-08-18T11:05:59.076196,160,0x46,PUCCH,,,,,,,,,,,,,,,,,,1,-inf,"0.000,",,,,,,,,
2026-08-18T11:05:59.107337,161,0x46,PUCCH,,,,,,,,,,,,,,,,,,2,111.8,"1.000,",,,,,,,,
2026-08-18T11:05:59.850011,180,0x46,PUCCH,,,,,,,,,,,,,,,,,,1,-inf,"0.000,",,,,,,,,
2026-08-18T11:06:00.826217,200,0x46,PUCCH,,,,,,,,,,,,,,,,,,1,-inf,"0.000,",,,,,,,,
2026-08-18T11:06:00.884365,201,0x46,PUCCH,,,,,,,,,,,,,,,,,,2,111.8,"1.000,",,,,,,,,
2026-08-18T11:06:01.894798,220,0x46,PUCCH,,,,,,,,,,,,,,,,,,1,-inf,"0.000,",,,,,,,,
2026-08-18T11:06:02.878060,240,0x46,PUCCH,,,,,,,,,,,,,,,,,,1,-inf,"0.000,",,,,,,,,
2026-08-18T11:06:02.935954,241,0x46,PUCCH,,,,,,,,,,,,,,,,,,2,111.8,"1.000,",,,,,,,,
2026-08-18T11:06:03.829773,260,0x46,PUCCH,,,,,,,,,,,,,,,,,,1,-inf,"0.000,",,,,,,,,
2026-08-18T11:06:04.741374,280,0x46,PUCCH,,,,,,,,,,,,,,,,,,1,-inf,"0.000,",,,,,,,,
2026-08-18T11:06:04.799856,281,0x46,PUCCH,,,,,,,,,,,,,,,,,,2,111.8,"1.000,",,,,,,,,
2026-08-18T11:06:05.688795,300,0x46,PUCCH,,,,,,,,,,,,,,,,,,1,-inf,"0.000,",,,,,,,,
2026-08-18T11:06:06.366574,320,0x46,PUCCH,,,,,,,,,,,,,,,,,,1,-inf,"0.000,",,,,,,,,
2026-08-18T11:06:06.397495,321,0x46,PUCCH,,,,,,,,,,,,,,,,,,2,111.8,"1.000,",,,,,,,,
2026-08-18T11:06:07.162732,340,0x46,PUCCH,,,,,,,,,,,,,,,,,,1,-inf,"0.000,",,,,,,,,
2026-08-18T11:06:08.191979,360,0x46,PUCCH,,,,,,,,,,,,,,,,,,1,-inf,"0.000,",,,,,,,,
2026-08-18T11:06:08.246460,361,0x46,PUCCH,,,,,,,,,,,,,,,,,,2,111.8,"1.000,",,,,,,,,
2026-08-18T11:06:08.972996,380,0x46,PUCCH,,,,,,,,,,,,,,,,,,1,-inf,"0.000,",,,,,,,,
2026-08-18T11:06:09.619257,400,0x46,PUCCH,,,,,,,,,,,,,,,,,,1,-inf,"0.000,",,,,,,,,
2026-08-18T11:06:09.672888,401,0x46,PUCCH,,,,,,,,,,,,,,,,,,2,111.8,"1.000,",,,,,,,,
2026-08-18T11:06:10.449708,420,0x46,PUCCH,,,,,,,,,,,,,,,,,,1,-inf,"0.000,",,,,,,,,
2026-08-18T11:06:11.336584,440,0x46,PUCCH,,,,,,,,,,,,,,,,,,1,-inf,"0.000,",,,,,,,,
2026-08-18T11:06:11.375306,441,0x46,PUCCH,,,,,,,,,,,,,,,,,,2,111.8,"1.000,",,,,,,,,
2026-08-18T11:06:12.199803,460,0x46,PUCCH,,,,,,,,,,,,,,,,,,1,-inf,"0.000,",,,,,,,,
2026-08-18T11:06:13.032671,480,0x46,PUCCH,,,,,,,,,,,,,,,,,,1,-inf,"0.000,",,,,,,,,
2026-08-18T11:06:13.074277,481,0x46,PUCCH,,,,,,,,,,,,,,,,,,2,111.8,"1.000,",,,,,,,,
2026-08-18T11:06:14.110886,500,0x46,PUCCH,,,,,,,,,,,,,,,,,,1,-inf,"0.000,",,,,,,,,
2026-08-18T11:06:14.997887,520,0x46,PUCCH,,,,,,,,,,,,,,,,,,1,-inf,"0.000,",,,,,,,,
2026-08-18T11:06:15.041450,521,0x46,PUCCH,,,,,,,,,,,,,,,,,,2,111.8,"1.000,",,,,,,,,
2026-08-18T11:06:15.679560,540,0x46,PUCCH,,,,,,,,,,,,,,,,,,1,-inf,"0.000,",,,,,,,,
2026-08-18T11:06:17.033142,560,0x46,PUCCH,,,,,,,,,,,,,,,,,,1,-inf,"0.000,",,,,,,,,
2026-08-18T11:06:17.069508,561,0x46,PUCCH,,,,,,,,,,,,,,,,,,2,111.8,"1.000,",,,,,,,,
2026-08-18T11:06:17.772178,580,0x46,PUCCH,,,,,,,,,,,,,,,,,,1,-inf,"0.000,",,,,,,,,
2026-08-18T11:06:18.470333,600,0x46,PUCCH,,,,,,,,,,,,,,,,,,1,-inf,"0.000,",,,,,,,,
2026-08-18T11:06:18.514697,601,0x46,PUCCH,,,,,,,,,,,,,,,,,,2,111.8,"1.000,",,,,,,,,
2026-08-18T11:06:19.161129,620,0x46,PUCCH,,,,,,,,,,,,,,,,,,1,-inf,"0.000,",,,,,,,,
2026-08-18T11:06:20.055597,640,0x46,PUCCH,,,,,,,,,,,,,,,,,,1,-inf,"0.000,",,,,,,,,
2026-08-18T11:06:20.086237,641,0x46,PUCCH,,,,,,,,,,,,,,,,,,2,111.8,"1.000,",,,,,,,,
2026-08-18T11:06:21.253194,660,0x46,PUCCH,,,,,,,,,,,,,,,,,,1,-inf,"0.000,",,,,,,,,
2026-08-18T11:06:22.054479,680,0x46,PUCCH,,,,,,,,,,,,,,,,,,1,-inf,"0.000,",,,,,,,,
2026-08-18T11:06:22.084477,681,0x46,PUCCH,,,,,,,,,,,,,,,,,,2,111.8,"1.000,",,,,,,,,
2026-08-18T11:06:22.981803,700,0x46,PUCCH,,,,,,,,,,,,,,,,,,1,-inf,"0.000,",,,,,,,,
2026-08-18T11:06:24.120228,720,0x46,PUCCH,,,,,,,,,,,,,,,,,,1,-inf,"0.000,",,,,,,,,
2026-08-18T11:06:24.161822,721,0x46,PUCCH,,,,,,,,,,,,,,,,,,2,111.8,"1.000,",,,,,,,,
2026-08-18T11:06:24.997742,740,0x46,PUCCH,,,,,,,,,,,,,,,,,,1,-inf,"0.000,",,,,,,,,
2026-08-18T11:06:26.032850,760,0x46,PUCCH,,,,,,,,,,,,,,,,,,1,-inf,"0.000,",,,,,,,,
2026-08-18T11:06:26.061708,761,0x46,PUCCH,,,,,,,,,,,,,,,,,,2,111.8,"1.000,",,,,,,,,
2026-08-18T11:06:27.044195,780,0x46,PUCCH,,,,,,,,,,,,,,,,,,1,-inf,"0.000,",,,,,,,,
2026-08-18T11:06:28.029777,800,0x46,PUCCH,,,,,,,,,,,,,,,,,,1,-inf,"0.000,",,,,,,,,
2026-08-18T11:06:28.057973,801,0x46,PUCCH,,,,,,,,,,,,,,,,,,2,111.8,"1.000,",,,,,,,,
2026-08-18T11:06:28.729332,820,0x46,PUCCH,,,,,,,,,,,,,,,,,,1,-inf,"0.000,",,,,,,,,
2026-08-18T11:06:29.305596,840,0x46,PUCCH,,,,,,,,,,,,,,,,,,1,-inf,"0.000,",,,,,,,,
2026-08-18T11:06:29.337883,841,0x46,PUCCH,,,,,,,,,,,,,,,,,,2,111.8,"1.000,",,,,,,,,
2026-08-18T11:06:30.141983,860,0x46,PUCCH,,,,,,,,,,,,,,,,,,1,-inf,"0.000,",,,,,,,,
2026-08-18T11:06:31.008858,880,0x46,PUCCH,,,,,,,,,,,,,,,,,,1,-inf,"0.000,",,,,,,,,
2026-08-18T11:06:31.052105,881,0x46,PUCCH,,,,,,,,,,,,,,,,,,2,111.8,"1.000,",,,,,,,,
2026-08-18T11:06:32.211383,900,0x46,PUCCH,,,,,,,,,,,,,,,,,,1,-inf,"0.000,",,,,,,,,
2026-08-18T11:06:32.984102,920,0x46,PUCCH,,,,,,,,,,,,,,,,,,1,-inf,"0.000,",,,,,,,,
2026-08-18T11:06:33.012033,921,0x46,PUCCH,,,,,,,,,,,,,,,,,,2,111.8,"1.000,",,,,,,,,
2026-08-18T11:06:33.704084,940,0x46,PUCCH,,,,,,,,,,,,,,,,,,1,-inf,"0.000,",,,,,,,,
2026-08-18T11:06:34.519732,960,0x46,PUCCH,,,,,,,,,,,,,,,,,,1,-inf,"0.000,",,,,,,,,
2026-08-18T11:06:34.562587,961,0x46,PUCCH,,,,,,,,,,,,,,,,,,2,111.8,"1.000,",,,,,,,,
2026-08-18T11:06:35.541179,980,0x46,PUCCH,,,,,,,,,,,,,,,,,,1,-inf,"0.000,",,,,,,,,
2026-08-18T11:06:36.573061,1000,0x46,PUCCH,,,,,,,,,,,,,,,,,,1,-inf,"0.000,",,,,,,,,
2026-08-18T11:06:36.848963,1001,0x46,PUCCH,,,,,,,,,,,,,,,,,,2,111.8,"1.000,",,,,,,,,
2026-08-18T11:06:37.676480,1020,0x46,PUCCH,,,,,,,,,,,,,,,,,,1,-inf,"0.000,",,,,,,,,
2026-08-18T11:06:38.497111,1040,0x46,PUCCH,,,,,,,,,,,,,,,,,,1,-inf,"0.000,",,,,,,,,
2026-08-18T11:06:38.533411,1041,0x46,PUCCH,,,,,,,,,,,,,,,,,,2,111.8,"1.000,",,,,,,,,
2026-08-18T11:06:39.351635,1060,0x46,PUCCH,,,,,,,,,,,,,,,,,,1,-inf,"0.000,",,,,,,,,
2026-08-18T11:06:40.124507,1080,0x46,PUCCH,,,,,,,,,,,,,,,,,,1,-inf,"0.000,",,,,,,,,
2026-08-18T11:06:40.155840,1081,0x46,PUCCH,,,,,,,,,,,,,,,,,,2,111.8,"1.000,",,,,,,,,
2026-08-18T11:06:40.907618,1100,0x46,PUCCH,,,,,,,,,,,,,,,,,,1,-inf,"0.000,",,,,,,,,
2026-08-18T11:06:41.593322,1120,0x46,PUCCH,,,,,,,,,,,,,,,,,,1,-inf,"0.000,",,,,,,,,
2026-08-18T11:06:41.621107,1121,0x46,PUCCH,,,,,,,,,,,,,,,,,,2,111.8,"1.000,",,,,,,,,
2026-08-18T11:06:42.314323,1140,0x46,PUCCH,,,,,,,,,,,,,,,,,,1,-inf,"0.000,",,,,,,,,
2026-08-18T11:06:43.140684,1160,0x46,PUCCH,,,,,,,,,,,,,,,,,,1,-inf,"0.000,",,,,,,,,
2026-08-18T11:06:43.178010,1161,0x46,PUCCH,,,,,,,,,,,,,,,,,,2,111.8,"1.000,",,,,,,,,
2026-08-18T11:06:44.273731,1180,0x46,PUCCH,,,,,,,,,,,,,,,,,,1,-inf,"0.000,",,,,,,,,
2026-08-18T11:06:45.212339,1200,0x46,PUCCH,,,,,,,,,,,,,,,,,,1,-inf,"0.000,",,,,,,,,
2026-08-18T11:06:45.255656,1201,0x46,PUCCH,,,,,,,,,,,,,,,,,,2,111.8,"1.000,",,,,,,,,
2026-08-18T11:06:46.354756,1220,0x46,PUCCH,,,,,,,,,,,,,,,,,,1,-inf,"0.000,",,,,,,,,
2026-08-18T11:06:47.334913,1240,0x46,PUCCH,,,,,,,,,,,,,,,,,,1,-inf,"0.000,",,,,,,,,
2026-08-18T11:06:47.373427,1241,0x46,PUCCH,,,,,,,,,,,,,,,,,,2,111.8,"1.000,",,,,,,,,
2026-08-18T11:06:48.498383,1260,0x46,PUCCH,,,,,,,,,,,,,,,,,,1,-inf,"0.000,",,,,,,,,
2026-08-18T11:06:49.417849,1280,0x46,PUCCH,,,,,,,,,,,,,,,,,,1,-inf,"0.000,",,,,,,,,
2026-08-18T11:06:49.455050,1281,0x46,PUCCH,,,,,,,,,,,,,,,,,,2,111.8,"1.000,",,,,,,,,
2026-08-18T11:06:50.285121,1300,0x46,PUCCH,,,,,,,,,,,,,,,,,,1,-inf,"0.000,",,,,,,,,
2026-08-18T11:06:51.032295,1320,0x46,PUCCH,,,,,,,,,,,,,,,,,,1,-inf,"0.000,",,,,,,,,
2026-08-18T11:06:51.064601,1321,0x46,PUCCH,,,,,,,,,,,,,,,,,,2,111.8,"1.000,",,,,,,,,
2026-08-18T11:06:51.782987,1340,0x46,PUCCH,,,,,,,,,,,,,,,,,,1,-inf,"0.000,",,,,,,,,
2026-08-18T11:06:52.436772,1360,0x46,PUCCH,,,,,,,,,,,,,,,,,,1,-inf,"0.000,",,,,,,,,
2026-08-18T11:06:52.491748,1361,0x46,PUCCH,,,,,,,,,,,,,,,,,,2,111.8,"1.000,",,,,,,,,
2026-08-18T11:06:53.574492,1380,0x46,PUCCH,,,,,,,,,,,,,,,,,,1,-inf,"0.000,",,,,,,,,
2026-08-18T11:06:54.522399,1400,0x46,PUCCH,,,,,,,,,,,,,,,,,,1,-inf,"0.000,",,,,,,,,
2026-08-18T11:06:54.564660,1401,0x46,PUCCH,,,,,,,,,,,,,,,,,,2,111.8,"1.000,",,,,,,,,
2026-08-18T11:06:55.322318,1420,0x46,PUCCH,,,,,,,,,,,,,,,,,,1,-inf,"0.000,",,,,,,,,
2026-08-18T11:06:56.554379,1440,0x46,PUCCH,,,,,,,,,,,,,,,,,,1,-inf,"0.000,",,,,,,,,
2026-08-18T11:06:56.595774,1441,0x46,PUCCH,,,,,,,,,,,,,,,,,,2,111.8,"1.000,",,,,,,,,
2026-08-18T11:06:57.371313,1460,0x46,PUCCH,,,,,,,,,,,,,,,,,,1,-inf,"0.000,",,,,,,,,
2026-08-18T11:06:58.664342,1480,0x46,PUCCH,,,,,,,,,,,,,,,,,,1,-inf,"0.000,",,,,,,,,
2026-08-18T11:06:58.705059,1481,0x46,PUCCH,,,,,,,,,,,,,,,,,,2,111.8,"1.000,",,,,,,,,
2026-08-18T11:06:59.588705,1500,0x46,PUCCH,,,,,,,,,,,,,,,,,,1,-inf,"0.000,",,,,,,,,
2026-08-18T11:07:00.526256,1520,0x46,PUCCH,,,,,,,,,,,,,,,,,,1,-inf,"0.000,",,,,,,,,
2026-08-18T11:07:00.555965,1521,0x46,PUCCH,,,,,,,,,,,,,,,,,,2,111.8,"1.000,",,,,,,,,
2026-08-18T11:07:01.621408,1540,0x46,PUCCH,,,,,,,,,,,,,,,,,,1,-inf,"0.000,",,,,,,,,
2026-08-18T11:07:02.492523,1560,0x46,PUCCH,,,,,,,,,,,,,,,,,,1,-inf,"0.000,",,,,,,,,
2026-08-18T11:07:02.528223,1561,0x46,PUCCH,,,,,,,,,,,,,,,,,,2,111.8,"1.000,",,,,,,,,
2026-08-18T11:07:03.396387,1580,0x46,PUCCH,,,,,,,,,,,,,,,,,,1,-inf,"0.000,",,,,,,,,
2026-08-18T11:07:04.198783,1600,0x46,PUCCH,,,,,,,,,,,,,,,,,,1,-inf,"0.000,",,,,,,,,
2026-08-18T11:07:04.230000,1601,0x46,PUCCH,,,,,,,,,,,,,,,,,,2,111.8,"1.000,",,,,,,,,
2026-08-18T11:07:04.961744,1620,0x46,PUCCH,,,,,,,,,,,,,,,,,,1,-inf,"0.000,",,,,,,,,
2026-08-18T11:07:05.709521,1640,0x46,PUCCH,,,,,,,,,,,,,,,,,,1,-inf,"0.000,",,,,,,,,
2026-08-18T11:07:05.749051,1641,0x46,PUCCH,,,,,,,,,,,,,,,,,,2,111.8,"1.000,",,,,,,,,
2026-08-18T11:07:06.610118,1660,0x46,PUCCH,,,,,,,,,,,,,,,,,,1,-inf,"0.000,",,,,,,,,
2026-08-18T11:07:07.607424,1680,0x46,PUCCH,,,,,,,,,,,,,,,,,,1,-inf,"0.000,",,,,,,,,
2026-08-18T11:07:07.638463,1681,0x46,PUCCH,,,,,,,,,,,,,,,,,,2,111.8,"1.000,",,,,,,,,
2026-08-18T11:07:08.425588,1700,0x46,PUCCH,,,,,,,,,,,,,,,,,,1,-inf,"0.000,",,,,,,,,
2026-08-18T11:07:09.273756,1720,0x46,PUCCH,,,,,,,,,,,,,,,,,,1,-inf,"0.000,",,,,,,,,
2026-08-18T11:07:09.306855,1721,0x46,PUCCH,,,,,,,,,,,,,,,,,,2,111.8,"1.000,",,,,,,,,
2026-08-18T11:07:10.603865,1740,0x46,PUCCH,,,,,,,,,,,,,,,,,,1,-inf,"0.000,",,,,,,,,
2026-08-18T11:07:11.445193,1760,0x46,PUCCH,,,,,,,,,,,,,,,,,,1,-inf,"0.000,",,,,,,,,
2026-08-18T11:07:11.484625,1761,0x46,PUCCH,,,,,,,,,,,,,,,,,,2,111.8,"1.000,",,,,,,,,
2026-08-18T11:07:12.302510,1780,0x46,PUCCH,,,,,,,,,,,,,,,,,,1,-inf,"0.000,",,,,,,,,
2026-08-18T11:07:13.023743,1800,0x46,PUCCH,,,,,,,,,,,,,,,,,,1,-inf,"0.000,",,,,,,,,
2026-08-18T11:07:13.060442,1801,0x46,PUCCH,,,,,,,,,,,,,,,,,,2,111.8,"1.000,",,,,,,,,
2026-08-18T11:07:14.057306,1820,0x46,PUCCH,,,,,,,,,,,,,,,,,,1,-inf,"0.000,",,,,,,,,
2026-08-18T11:07:15.004680,1840,0x46,PUCCH,,,,,,,,,,,,,,,,,,1,-inf,"0.000,",,,,,,,,
2026-08-18T11:07:15.032196,1841,0x46,PUCCH,,,,,,,,,,,,,,,,,,2,111.8,"1.000,",,,,,,,,
2026-08-18T11:07:15.918821,1860,0x46,PUCCH,,,,,,,,,,,,,,,,,,1,-inf,"0.000,",,,,,,,,
2026-08-18T11:07:16.876737,1880,0x46,PUCCH,,,,,,,,,,,,,,,,,,1,-inf,"0.000,",,,,,,,,
2026-08-18T11:07:16.918005,1881,0x46,PUCCH,,,,,,,,,,,,,,,,,,2,111.8,"1.000,",,,,,,,,
2026-08-18T11:07:17.704837,1900,0x46,PUCCH,,,,,,,,,,,,,,,,,,1,-inf,"0.000,",,,,,,,,
2026-08-18T11:07:18.519886,1920,0x46,PUCCH,,,,,,,,,,,,,,,,,,1,-inf,"0.000,",,,,,,,,
2026-08-18T11:07:18.548755,1921,0x46,PUCCH,,,,,,,,,,,,,,,,,,2,111.8,"1.000,",,,,,,,,
2026-08-18T11:07:19.447807,1940,0x46,PUCCH,,,,,,,,,,,,,,,,,,1,-inf,"0.000,",,,,,,,,
2026-08-18T11:07:20.383016,1960,0x46,PUCCH,,,,,,,,,,,,,,,,,,1,-inf,"0.000,",,,,,,,,
2026-08-18T11:07:20.421015,1961,0x46,PUCCH,,,,,,,,,,,,,,,,,,2,111.8,"1.000,",,,,,,,,
2026-08-18T11:07:21.161714,1980,0x46,PUCCH,,,,,,,,,,,,,,,,,,1,-inf,"0.000,",,,,,,,,
2026-08-18T11:07:22.343954,2000,0x46,PUCCH,,,,,,,,,,,,,,,,,,1,-inf,"0.000,",,,,,,,,
2026-08-18T11:07:22.380265,2001,0x46,PUCCH,,,,,,,,,,,,,,,,,,2,111.8,"1.000,",,,,,,,,
2026-08-18T11:07:23.332074,2020,0x46,PUCCH,,,,,,,,,,,,,,,,,,1,-inf,"0.000,",,,,,,,,
2026-08-18T11:07:24.533452,2040,0x46,PUCCH,,,,,,,,,,,,,,,,,,1,-inf,"0.000,",,,,,,,,
2026-08-18T11:07:24.569999,2041,0x46,PUCCH,,,,,,,,,,,,,,,,,,2,111.8,"1.000,",,,,,,,,
2026-08-18T11:07:25.417420,2060,0x46,PUCCH,,,,,,,,,,,,,,,,,,1,-inf,"0.000,",,,,,,,,
2026-08-18T11:07:26.156799,2080,0x46,PUCCH,,,,,,,,,,,,,,,,,,1,-inf,"0.000,",,,,,,,,
2026-08-18T11:07:26.177965,2081,0x46,PUCCH,,,,,,,,,,,,,,,,,,2,111.8,"1.000,",,,,,,,,
2026-08-18T11:07:26.859624,2100,0x46,PUCCH,,,,,,,,,,,,,,,,,,1,-inf,"0.000,",,,,,,,,
2026-08-18T11:07:28.103883,2120,0x46,PUCCH,,,,,,,,,,,,,,,,,,1,-inf,"0.000,",,,,,,,,
2026-08-18T11:07:28.148986,2121,0x46,PUCCH,,,,,,,,,,,,,,,,,,2,111.8,"1.000,",,,,,,,,
2026-08-18T11:07:29.073837,2140,0x46,PUCCH,,,,,,,,,,,,,,,,,,1,-inf,"0.000,",,,,,,,,
2026-08-18T11:07:30.248414,2160,0x46,PUCCH,,,,,,,,,,,,,,,,,,1,-inf,"0.000,",,,,,,,,
2026-08-18T11:07:30.334767,2161,0x46,PUCCH,,,,,,,,,,,,,,,,,,2,111.8,"1.000,",,,,,,,,
2026-08-18T11:07:31.346250,2180,0x46,PUCCH,,,,,,,,,,,,,,,,,,1,-inf,"0.000,",,,,,,,,
2026-08-18T11:07:32.490457,2200,0x46,PUCCH,,,,,,,,,,,,,,,,,,1,-inf,"0.000,",,,,,,,,
2026-08-18T11:07:32.547409,2201,0x46,PUCCH,,,,,,,,,,,,,,,,,,2,111.8,"1.000,",,,,,,,,
2026-08-18T11:07:33.581667,2220,0x46,PUCCH,,,,,,,,,,,,,,,,,,1,-inf,"0.000,",,,,,,,,
2026-08-18T11:07:34.364113,2240,0x46,PUCCH,,,,,,,,,,,,,,,,,,1,-inf,"0.000,",,,,,,,,
2026-08-18T11:07:34.396885,2241,0x46,PUCCH,,,,,,,,,,,,,,,,,,2,111.8,"1.000,",,,,,,,,
2026-08-18T11:07:35.062834,2260,0x46,PUCCH,,,,,,,,,,,,,,,,,,1,-inf,"0.000,",,,,,,,,
2026-08-18T11:07:35.886246,2280,0x46,PUCCH,,,,,,,,,,,,,,,,,,1,-inf,"0.000,",,,,,,,,
2026-08-18T11:07:35.939941,2281,0x46,PUCCH,,,,,,,,,,,,,,,,,,2,111.8,"1.000,",,,,,,,,
2026-08-18T11:07:36.971406,2300,0x46,PUCCH,,,,,,,,,,,,,,,,,,1,-inf,"0.000,",,,,,,,,
2026-08-18T11:07:37.752389,2320,0x46,PUCCH,,,,,,,,,,,,,,,,,,1,-inf,"0.000,",,,,,,,,
2026-08-18T11:07:37.794182,2321,0x46,PUCCH,,,,,,,,,,,,,,,,,,2,111.8,"1.000,",,,,,,,,
2026-08-18T11:07:38.383594,2340,0x46,PUCCH,,,,,,,,,,,,,,,,,,1,-inf,"0.000,",,,,,,,,
2026-08-18T11:07:38.954152,2360,0x46,PUCCH,,,,,,,,,,,,,,,,,,1,-inf,"0.000,",,,,,,,,
2026-08-18T11:07:38.983495,2361,0x46,PUCCH,,,,,,,,,,,,,,,,,,2,111.8,"1.000,",,,,,,,,
2026-08-18T11:07:39.986114,2380,0x46,PUCCH,,,,,,,,,,,,,,,,,,1,-inf,"0.000,",,,,,,,,
2026-08-18T11:07:40.870192,2400,0x46,PUCCH,,,,,,,,,,,,,,,,,,1,-inf,"0.000,",,,,,,,,
2026-08-18T11:07:40.913321,2401,0x46,PUCCH,,,,,,,,,,,,,,,,,,2,111.8,"1.000,",,,,,,,,
2026-08-18T11:07:42.068759,2420,0x46,PUCCH,,,,,,,,,,,,,,,,,,1,-inf,"0.000,",,,,,,,,
2026-08-18T11:07:42.930313,2440,0x46,PUCCH,,,,,,,,,,,,,,,,,,1,-inf,"0.000,",,,,,,,,
2026-08-18T11:07:42.959887,2441,0x46,PUCCH,,,,,,,,,,,,,,,,,,2,111.8,"1.000,",,,,,,,,
2026-08-18T11:07:43.686735,2460,0x46,PUCCH,,,,,,,,,,,,,,,,,,1,-inf,"0.000,",,,,,,,,
2026-08-18T11:07:44.413433,2480,0x46,PUCCH,,,,,,,,,,,,,,,,,,1,-inf,"0.000,",,,,,,,,
2026-08-18T11:07:44.443341,2481,0x46,PUCCH,,,,,,,,,,,,,,,,,,2,111.8,"1.000,",,,,,,,,
2026-08-18T11:07:45.267808,2500,0x46,PUCCH,,,,,,,,,,,,,,,,,,1,-inf,"0.000,",,,,,,,,
2026-08-18T11:07:46.025027,2520,0x46,PUCCH,,,,,,,,,,,,,,,,,,1,-inf,"0.000,",,,,,,,,
2026-08-18T11:07:46.055364,2521,0x46,PUCCH,,,,,,,,,,,,,,,,,,2,111.8,"1.000,",,,,,,,,
2026-08-18T11:07:46.811267,2540,0x46,PUCCH,,,,,,,,,,,,,,,,,,1,-inf,"0.000,",,,,,,,,
2026-08-18T11:07:47.970484,2560,0x46,PUCCH,,,,,,,,,,,,,,,,,,1,-inf,"0.000,",,,,,,,,
2026-08-18T11:07:48.002848,2561,0x46,PUCCH,,,,,,,,,,,,,,,,,,2,111.8,"1.000,",,,,,,,,
2026-08-18T11:07:48.748955,2580,0x46,PUCCH,,,,,,,,,,,,,,,,,,1,-inf,"0.000,",,,,,,,,
2026-08-18T11:07:49.462303,2600,0x46,PUCCH,,,,,,,,,,,,,,,,,,1,-inf,"0.000,",,,,,,,,
2026-08-18T11:07:49.494611,2601,0x46,PUCCH,,,,,,,,,,,,,,,,,,2,111.8,"1.000,",,,,,,,,
2026-08-18T11:07:50.473261,2620,0x46,PUCCH,,,,,,,,,,,,,,,,,,1,-inf,"0.000,",,,,,,,,
2026-08-18T11:07:51.300771,2640,0x46,PUCCH,,,,,,,,,,,,,,,,,,1,-inf,"0.000,",,,,,,,,
2026-08-18T11:07:51.333725,2641,0x46,PUCCH,,,,,,,,,,,,,,,,,,2,111.8,"1.000,",,,,,,,,
2026-08-18T11:07:52.067652,2660,0x46,PUCCH,,,,,,,,,,,,,,,,,,1,-inf,"0.000,",,,,,,,,
2026-08-18T11:07:53.000816,2680,0x46,PUCCH,,,,,,,,,,,,,,,,,,1,-inf,"0.000,",,,,,,,,
2026-08-18T11:07:53.036342,2681,0x46,PUCCH,,,,,,,,,,,,,,,,,,2,111.8,"1.000,",,,,,,,,
2026-08-18T11:07:53.931482,2700,0x46,PUCCH,,,,,,,,,,,,,,,,,,1,-inf,"0.000,",,,,,,,,
2026-08-18T11:07:55.015854,2720,0x46,PUCCH,,,,,,,,,,,,,,,,,,1,-inf,"0.000,",,,,,,,,
2026-08-18T11:07:55.081942,2721,0x46,PUCCH,,,,,,,,,,,,,,,,,,2,111.8,"1.000,",,,,,,,,
2026-08-18T11:07:56.053993,2740,0x46,PUCCH,,,,,,,,,,,,,,,,,,1,-inf,"0.000,",,,,,,,,
2026-08-18T11:07:56.815527,2760,0x46,PUCCH,,,,,,,,,,,,,,,,,,1,-inf,"0.000,",,,,,,,,
2026-08-18T11:07:56.840016,2761,0x46,PUCCH,,,,,,,,,,,,,,,,,,2,111.8,"1.000,",,,,,,,,
2026-08-18T11:07:57.512143,2780,0x46,PUCCH,,,,,,,,,,,,,,,,,,1,-inf,"0.000,",,,,,,,,
2026-08-18T11:07:58.756608,2800,0x46,PUCCH,,,,,,,,,,,,,,,,,,1,-inf,"0.000,",,,,,,,,
2026-08-18T11:07:58.807648,2801,0x46,PUCCH,,,,,,,,,,,,,,,,,,2,111.8,"1.000,",,,,,,,,
2026-08-18T11:07:59.806242,2820,0x46,PUCCH,,,,,,,,,,,,,,,,,,1,-inf,"0.000,",,,,,,,,
2026-08-18T11:08:00.524783,2840,0x46,PUCCH,,,,,,,,,,,,,,,,,,1,-inf,"0.000,",,,,,,,,
2026-08-18T11:08:00.576570,2841,0x46,PUCCH,,,,,,,,,,,,,,,,,,2,111.8,"1.000,",,,,,,,,
2026-08-18T11:08:01.418398,2860,0x46,PUCCH,,,,,,,,,,,,,,,,,,1,-inf,"0.000,",,,,,,,,
2026-08-18T11:08:02.397988,2880,0x46,PUCCH,,,,,,,,,,,,,,,,,,1,-inf,"0.000,",,,,,,,,
2026-08-18T11:08:02.446883,2881,0x46,PUCCH,,,,,,,,,,,,,,,,,,2,111.8,"1.000,",,,,,,,,
2026-08-18T11:08:03.335722,2900,0x46,PUCCH,,,,,,,,,,,,,,,,,,1,-inf,"0.000,",,,,,,,,
2026-08-18T11:08:04.392098,2920,0x46,PUCCH,,,,,,,,,,,,,,,,,,1,-inf,"0.000,",,,,,,,,
2026-08-18T11:08:04.458878,2921,0x46,PUCCH,,,,,,,,,,,,,,,,,,2,111.8,"1.000,",,,,,,,,
2026-08-18T11:08:05.171953,2940,0x46,PUCCH,,,,,,,,,,,,,,,,,,1,-inf,"0.000,",,,,,,,,
2026-08-18T11:08:05.829122,2960,0x46,PUCCH,,,,,,,,,,,,,,,,,,1,-inf,"0.000,",,,,,,,,
2026-08-18T11:08:05.865226,2961,0x46,PUCCH,,,,,,,,,,,,,,,,,,2,111.8,"1.000,",,,,,,,,
2026-08-18T11:08:07.109855,2980,0x46,PUCCH,,,,,,,,,,,,,,,,,,1,-inf,"0.000,",,,,,,,,
2026-08-18T11:08:07.896308,3000,0x46,PUCCH,,,,,,,,,,,,,,,,,,1,-inf,"0.000,",,,,,,,,
2026-08-18T11:08:07.936408,3001,0x46,PUCCH,,,,,,,,,,,,,,,,,,2,111.8,"1.000,",,,,,,,,
2026-08-18T11:08:08.710200,3020,0x46,PUCCH,,,,,,,,,,,,,,,,,,1,-inf,"0.000,",,,,,,,,
2026-08-18T11:08:09.627402,3040,0x46,PUCCH,,,,,,,,,,,,,,,,,,1,-inf,"0.000,",,,,,,,,
2026-08-18T11:08:09.715259,3041,0x46,PUCCH,,,,,,,,,,,,,,,,,,2,111.8,"1.000,",,,,,,,,
2026-08-18T11:08:10.473812,3060,0x46,PUCCH,,,,,,,,,,,,,,,,,,1,-inf,"0.000,",,,,,,,,
2026-08-18T11:08:11.287984,3080,0x46,PUCCH,,,,,,,,,,,,,,,,,,1,-inf,"0.000,",,,,,,,,
2026-08-18T11:08:11.329530,3081,0x46,PUCCH,,,,,,,,,,,,,,,,,,2,111.8,"1.000,",,,,,,,,
2026-08-18T11:08:12.275787,3100,0x46,PUCCH,,,,,,,,,,,,,,,,,,1,-inf,"0.000,",,,,,,,,
2026-08-18T11:08:13.154328,3120,0x46,PUCCH,,,,,,,,,,,,,,,,,,1,-inf,"0.000,",,,,,,,,
2026-08-18T11:08:13.205699,3121,0x46,PUCCH,,,,,,,,,,,,,,,,,,2,111.8,"1.000,",,,,,,,,
2026-08-18T11:08:13.948968,3140,0x46,PUCCH,,,,,,,,,,,,,,,,,,1,-inf,"0.000,",,,,,,,,
2026-08-18T11:08:15.045403,3160,0x46,PUCCH,,,,,,,,,,,,,,,,,,1,-inf,"0.000,",,,,,,,,
2026-08-18T11:08:15.097661,3161,0x46,PUCCH,,,,,,,,,,,,,,,,,,2,111.8,"1.000,",,,,,,,,
2026-08-18T11:08:16.062044,3180,0x46,PUCCH,,,,,,,,,,,,,,,,,,1,-inf,"0.000,",,,,,,,,
2026-08-18T11:08:16.843914,3200,0x46,PUCCH,,,,,,,,,,,,,,,,,,1,-inf,"0.000,",,,,,,,,
2026-08-18T11:08:16.901882,3201,0x46,PUCCH,,,,,,,,,,,,,,,,,,2,111.8,"1.000,",,,,,,,,
2026-08-18T11:08:17.876823,3220,0x46,PUCCH,,,,,,,,,,,,,,,,,,1,-inf,"0.000,",,,,,,,,
2026-08-18T11:08:18.726296,3240,0x46,PUCCH,,,,,,,,,,,,,,,,,,1,-inf,"0.000,",,,,,,,,
2026-08-18T11:08:18.765256,3241,0x46,PUCCH,,,,,,,,,,,,,,,,,,2,111.8,"1.000,",,,,,,,,
2026-08-18T11:08:19.616542,3260,0x46,PUCCH,,,,,,,,,,,,,,,,,,1,-inf,"0.000,",,,,,,,,
2026-08-18T11:08:20.467497,3280,0x46,PUCCH,,,,,,,,,,,,,,,,,,1,-inf,"0.000,",,,,,,,,
2026-08-18T11:08:20.505184,3281,0x46,PUCCH,,,,,,,,,,,,,,,,,,2,111.8,"1.000,",,,,,,,,
2026-08-18T11:08:21.434496,3300,0x46,PUCCH,,,,,,,,,,,,,,,,,,1,-inf,"0.000,",,,,,,,,
2026-08-18T11:08:22.411106,3320,0x46,PUCCH,,,,,,,,,,,,,,,,,,1,-inf,"0.000,",,,,,,,,
2026-08-18T11:08:22.461475,3321,0x46,PUCCH,,,,,,,,,,,,,,,,,,2,111.8,"1.000,",,,,,,,,
2026-08-18T11:08:23.305444,3340,0x46,PUCCH,,,,,,,,,,,,,,,,,,1,-inf,"0.000,",,,,,,,,
2026-08-18T11:08:24.449251,3360,0x46,PUCCH,,,,,,,,,,,,,,,,,,1,-inf,"0.000,",,,,,,,,
2026-08-18T11:08:24.490747,3361,0x46,PUCCH,,,,,,,,,,,,,,,,,,2,111.8,"1.000,",,,,,,,,
2026-08-18T11:08:25.335639,3380,0x46,PUCCH,,,,,,,,,,,,,,,,,,1,-inf,"0.000,",,,,,,,,
2026-08-18T11:08:26.146364,3400,0x46,PUCCH,,,,,,,,,,,,,,,,,,1,-inf,"0.000,",,,,,,,,
2026-08-18T11:08:26.212883,3401,0x46,PUCCH,,,,,,,,,,,,,,,,,,2,111.8,"1.000,",,,,,,,,
2026-08-18T11:08:27.286922,3420,0x46,PUCCH,,,,,,,,,,,,,,,,,,1,-inf,"0.000,",,,,,,,,
2026-08-18T11:08:28.124580,3440,0x46,PUCCH,,,,,,,,,,,,,,,,,,1,-inf,"0.000,",,,,,,,,
2026-08-18T11:08:28.171875,3441,0x46,PUCCH,,,,,,,,,,,,,,,,,,2,111.8,"1.000,",,,,,,,,
2026-08-18T11:08:28.974699,3460,0x46,PUCCH,,,,,,,,,,,,,,,,,,1,-inf,"0.000,",,,,,,,,
2026-08-18T11:08:29.851367,3480,0x46,PUCCH,,,,,,,,,,,,,,,,,,1,-inf,"0.000,",,,,,,,,
2026-08-18T11:08:29.903910,3481,0x46,PUCCH,,,,,,,,,,,,,,,,,,2,111.8,"1.000,",,,,,,,,
2026-08-18T11:08:30.857107,3500,0x46,PUCCH,,,,,,,,,,,,,,,,,,1,-inf,"0.000,",,,,,,,,
2026-08-18T11:08:31.920387,3520,0x46,PUCCH,,,,,,,,,,,,,,,,,,1,-inf,"0.000,",,,,,,,,
2026-08-18T11:08:31.956582,3521,0x46,PUCCH,,,,,,,,,,,,,,,,,,2,111.8,"1.000,",,,,,,,,
2026-08-18T11:08:32.984544,3540,0x46,PUCCH,,,,,,,,,,,,,,,,,,1,-inf,"0.000,",,,,,,,,
2026-08-18T11:08:34.034588,3560,0x46,PUCCH,,,,,,,,,,,,,,,,,,1,-inf,"0.000,",,,,,,,,
2026-08-18T11:08:34.066944,3561,0x46,PUCCH,,,,,,,,,,,,,,,,,,2,111.8,"1.000,",,,,,,,,
2026-08-18T11:08:35.027550,3580,0x46,PUCCH,,,,,,,,,,,,,,,,,,1,-inf,"0.000,",,,,,,,,
2026-08-18T11:08:36.446355,3600,0x46,PUCCH,,,,,,,,,,,,,,,,,,1,-inf,"0.000,",,,,,,,,
2026-08-18T11:08:36.518647,3601,0x46,PUCCH,,,,,,,,,,,,,,,,,,2,111.8,"1.000,",,,,,,,,
2026-08-18T11:08:37.701934,3620,0x46,PUCCH,,,,,,,,,,,,,,,,,,1,-inf,"0.000,",,,,,,,,
2026-08-18T11:08:38.763364,3640,0x46,PUCCH,,,,,,,,,,,,,,,,,,1,-inf,"0.000,",,,,,,,,
2026-08-18T11:08:38.812122,3641,0x46,PUCCH,,,,,,,,,,,,,,,,,,2,111.8,"1.000,",,,,,,,,
2026-08-18T11:08:39.893347,3660,0x46,PUCCH,,,,,,,,,,,,,,,,,,1,-inf,"0.000,",,,,,,,,
2026-08-18T11:08:40.797212,3680,0x46,PUCCH,,,,,,,,,,,,,,,,,,1,-inf,"0.000,",,,,,,,,
2026-08-18T11:08:40.827738,3681,0x46,PUCCH,,,,,,,,,,,,,,,,,,2,111.8,"1.000,",,,,,,,,
2026-08-18T11:08:41.656940,3700,0x46,PUCCH,,,,,,,,,,,,,,,,,,1,-inf,"0.000,",,,,,,,,
2026-08-18T11:08:42.420752,3720,0x46,PUCCH,,,,,,,,,,,,,,,,,,1,-inf,"0.000,",,,,,,,,
2026-08-18T11:08:42.450752,3721,0x46,PUCCH,,,,,,,,,,,,,,,,,,2,111.8,"1.000,",,,,,,,,
2026-08-18T11:08:43.431524,3740,0x46,PUCCH,,,,,,,,,,,,,,,,,,1,-inf,"0.000,",,,,,,,,
2026-08-18T11:08:44.284946,3760,0x46,PUCCH,,,,,,,,,,,,,,,,,,1,-inf,"0.000,",,,,,,,,
2026-08-18T11:08:44.320292,3761,0x46,PUCCH,,,,,,,,,,,,,,,,,,2,111.8,"1.000,",,,,,,,,
2026-08-18T11:08:45.065389,3780,0x46,PUCCH,,,,,,,,,,,,,,,,,,1,-inf,"0.000,",,,,,,,,
2026-08-18T11:08:45.974777,3800,0x46,PUCCH,,,,,,,,,,,,,,,,,,1,-inf,"0.000,",,,,,,,,
2026-08-18T11:08:46.004840,3801,0x46,PUCCH,,,,,,,,,,,,,,,,,,2,111.8,"1.000,",,,,,,,,
2026-08-18T11:08:47.015834,3820,0x46,PUCCH,,,,,,,,,,,,,,,,,,1,-inf,"0.000,",,,,,,,,
2026-08-18T11:08:48.088081,3840,0x46,PUCCH,,,,,,,,,,,,,,,,,,1,-inf,"0.000,",,,,,,,,
2026-08-18T11:08:48.127441,3841,0x46,PUCCH,,,,,,,,,,,,,,,,,,2,111.8,"1.000,",,,,,,,,
2026-08-18T11:08:49.331316,3860,0x46,PUCCH,,,,,,,,,,,,,,,,,,1,-inf,"0.000,",,,,,,,,
2026-08-18T11:08:50.320308,3880,0x46,PUCCH,,,,,,,,,,,,,,,,,,1,-inf,"0.000,",,,,,,,,
2026-08-18T11:08:50.380971,3881,0x46,PUCCH,,,,,,,,,,,,,,,,,,2,111.8,"1.000,",,,,,,,,
2026-08-18T11:08:51.181881,3900,0x46,PUCCH,,,,,,,,,,,,,,,,,,1,-inf,"0.000,",,,,,,,,
2026-08-18T11:08:52.238977,3920,0x46,PUCCH,,,,,,,,,,,,,,,,,,1,-inf,"0.000,",,,,,,,,
2026-08-18T11:08:52.300180,3921,0x46,PUCCH,,,,,,,,,,,,,,,,,,2,111.8,"1.000,",,,,,,,,
2026-08-18T11:08:53.433315,3940,0x46,PUCCH,,,,,,,,,,,,,,,,,,1,-inf,"0.000,",,,,,,,,
2026-08-18T11:08:55.013349,3960,0x46,PUCCH,,,,,,,,,,,,,,,,,,1,-inf,"0.000,",,,,,,,,
2026-08-18T11:08:55.052485,3961,0x46,PUCCH,,,,,,,,,,,,,,,,,,2,111.8,"1.000,",,,,,,,,
2026-08-18T11:08:56.141004,3980,0x46,PUCCH,,,,,,,,,,,,,,,,,,1,-inf,"0.000,",,,,,,,,
2026-08-18T11:08:57.096513,4000,0x46,PUCCH,,,,,,,,,,,,,,,,,,1,-inf,"0.000,",,,,,,,,
2026-08-18T11:08:57.132682,4001,0x46,PUCCH,,,,,,,,,,,,,,,,,,2,111.8,"1.000,",,,,,,,,
2026-08-18T11:08:57.930586,4020,0x46,PUCCH,,,,,,,,,,,,,,,,,,1,-inf,"0.000,",,,,,,,,
2026-08-18T11:08:58.674529,4040,0x46,PUCCH,,,,,,,,,,,,,,,,,,1,-inf,"0.000,",,,,,,,,
2026-08-18T11:08:58.732170,4041,0x46,PUCCH,,,,,,,,,,,,,,,,,,2,111.8,"1.000,",,,,,,,,
2026-08-18T11:08:59.820900,4060,0x46,PUCCH,,,,,,,,,,,,,,,,,,1,-inf,"0.000,",,,,,,,,
2026-08-18T11:09:00.929943,4080,0x46,PUCCH,,,,,,,,,,,,,,,,,,1,-inf,"0.000,",,,,,,,,
2026-08-18T11:09:01.031789,4081,0x46,PUCCH,,,,,,,,,,,,,,,,,,2,111.8,"1.000,",,,,,,,,
2026-08-18T11:09:02.119027,4100,0x46,PUCCH,,,,,,,,,,,,,,,,,,1,-inf,"0.000,",,,,,,,,
2026-08-18T11:09:02.946447,4120,0x46,PUCCH,,,,,,,,,,,,,,,,,,1,-inf,"0.000,",,,,,,,,
2026-08-18T11:09:02.989945,4121,0x46,PUCCH,,,,,,,,,,,,,,,,,,2,111.8,"1.000,",,,,,,,,
2026-08-18T11:09:03.992118,4140,0x46,PUCCH,,,,,,,,,,,,,,,,,,1,-inf,"0.000,",,,,,,,,
2026-08-18T11:09:05.182412,4160,0x46,PUCCH,,,,,,,,,,,,,,,,,,1,-inf,"0.000,",,,,,,,,
2026-08-18T11:09:05.232615,4161,0x46,PUCCH,,,,,,,,,,,,,,,,,,2,111.8,"1.000,",,,,,,,,
2026-08-18T11:09:06.303073,4180,0x46,PUCCH,,,,,,,,,,,,,,,,,,1,-inf,"0.000,",,,,,,,,
2026-08-18T11:09:07.501702,4200,0x46,PUCCH,,,,,,,,,,,,,,,,,,1,-inf,"0.000,",,,,,,,,
2026-08-18T11:09:07.626206,4201,0x46,PUCCH,,,,,,,,,,,,,,,,,,2,111.8,"1.000,",,,,,,,,
2026-08-18T11:09:08.956208,4220,0x46,PUCCH,,,,,,,,,,,,,,,,,,1,-inf,"0.000,",,,,,,,,
2026-08-18T11:09:10.133214,4240,0x46,PUCCH,,,,,,,,,,,,,,,,,,1,-inf,"0.000,",,,,,,,,
2026-08-18T11:09:10.166304,4241,0x46,PUCCH,,,,,,,,,,,,,,,,,,2,111.8,"1.000,",,,,,,,,
2026-08-18T11:09:10.753824,4260,0x46,PUCCH,,,,,,,,,,,,,,,,,,1,-inf,"0.000,",,,,,,,,
2026-08-18T11:09:11.589022,4280,0x46,PUCCH,,,,,,,,,,,,,,,,,,1,-inf,"0.000,",,,,,,,,
2026-08-18T11:09:11.661280,4281,0x46,PUCCH,,,,,,,,,,,,,,,,,,2,111.8,"1.000,",,,,,,,,
2026-08-18T11:09:12.383928,4300,0x46,PUCCH,,,,,,,,,,,,,,,,,,1,-inf,"0.000,",,,,,,,,
2026-08-18T11:09:13.448015,4320,0x46,PUCCH,,,,,,,,,,,,,,,,,,1,-inf,"0.000,",,,,,,,,
2026-08-18T11:09:13.510184,4321,0x46,PUCCH,,,,,,,,,,,,,,,,,,2,111.8,"1.000,",,,,,,,,
2026-08-18T11:09:14.493231,4340,0x46,PUCCH,,,,,,,,,,,,,,,,,,1,-inf,"0.000,",,,,,,,,
2026-08-18T11:09:15.320907,4360,0x46,PUCCH,,,,,,,,,,,,,,,,,,1,-inf,"0.000,",,,,,,,,
2026-08-18T11:09:15.369232,4361,0x46,PUCCH,,,,,,,,,,,,,,,,,,2,111.8,"1.000,",,,,,,,,
2026-08-18T11:09:16.244366,4380,0x46,PUCCH,,,,,,,,,,,,,,,,,,1,-inf,"0.000,",,,,,,,,
2026-08-18T11:09:17.710837,4400,0x46,PUCCH,,,,,,,,,,,,,,,,,,1,-inf,"0.000,",,,,,,,,
2026-08-18T11:09:17.758059,4401,0x46,PUCCH,,,,,,,,,,,,,,,,,,2,111.8,"1.000,",,,,,,,,
2026-08-18T11:09:18.585183,4420,0x46,PUCCH,,,,,,,,,,,,,,,,,,1,-inf,"0.000,",,,,,,,,
2026-08-18T11:09:19.558077,4440,0x46,PUCCH,,,,,,,,,,,,,,,,,,1,-inf,"0.000,",,,,,,,,
2026-08-18T11:09:19.611613,4441,0x46,PUCCH,,,,,,,,,,,,,,,,,,2,111.8,"1.000,",,,,,,,,
2026-08-18T11:09:20.563827,4460,0x46,PUCCH,,,,,,,,,,,,,,,,,,1,-inf,"0.000,",,,,,,,,
2026-08-18T11:09:21.715616,4480,0x46,PUCCH,,,,,,,,,,,,,,,,,,1,-inf,"0.000,",,,,,,,,
2026-08-18T11:09:21.766038,4481,0x46,PUCCH,,,,,,,,,,,,,,,,,,2,111.8,"1.000,",,,,,,,,
2026-08-18T11:09:23.166831,4500,0x46,PUCCH,,,,,,,,,,,,,,,,,,1,-inf,"0.000,",,,,,,,,
2026-08-18T11:09:24.104662,4520,0x46,PUCCH,,,,,,,,,,,,,,,,,,1,-inf,"0.000,",,,,,,,,
2026-08-18T11:09:24.155211,4521,0x46,PUCCH,,,,,,,,,,,,,,,,,,2,111.8,"1.000,",,,,,,,,
2026-08-18T11:09:25.236618,4540,0x46,PUCCH,,,,,,,,,,,,,,,,,,1,-inf,"0.000,",,,,,,,,
2026-08-18T11:09:26.278146,4560,0x46,PUCCH,,,,,,,,,,,,,,,,,,1,-inf,"0.000,",,,,,,,,
2026-08-18T11:09:26.333888,4561,0x46,PUCCH,,,,,,,,,,,,,,,,,,2,111.8,"1.000,",,,,,,,,
2026-08-18T11:09:27.097025,4580,0x46,PUCCH,,,,,,,,,,,,,,,,,,1,-inf,"0.000,",,,,,,,,
2026-08-18T11:09:27.822481,4600,0x46,PUCCH,,,,,,,,,,,,,,,,,,1,-inf,"0.000,",,,,,,,,
2026-08-18T11:09:27.864205,4601,0x46,PUCCH,,,,,,,,,,,,,,,,,,2,111.8,"1.000,",,,,,,,,
2026-08-18T11:09:28.741131,4620,0x46,PUCCH,,,,,,,,,,,,,,,,,,1,-inf,"0.000,",,,,,,,,
2026-08-18T11:09:29.857231,4640,0x46,PUCCH,,,,,,,,,,,,,,,,,,1,-inf,"0.000,",,,,,,,,
2026-08-18T11:09:29.886672,4641,0x46,PUCCH,,,,,,,,,,,,,,,,,,2,111.8,"1.000,",,,,,,,,
2026-08-18T11:09:31.185705,4660,0x46,PUCCH,,,,,,,,,,,,,,,,,,1,-inf,"0.000,",,,,,,,,
2026-08-18T11:09:32.160273,4680,0x46,PUCCH,,,,,,,,,,,,,,,,,,1,-inf,"0.000,",,,,,,,,
2026-08-18T11:09:32.198861,4681,0x46,PUCCH,,,,,,,,,,,,,,,,,,2,111.8,"1.000,",,,,,,,,
2026-08-18T11:09:32.906757,4700,0x46,PUCCH,,,,,,,,,,,,,,,,,,1,-inf,"0.000,",,,,,,,,
2026-08-18T11:09:34.020788,4720,0x46,PUCCH,,,,,,,,,,,,,,,,,,1,-inf,"0.000,",,,,,,,,
2026-08-18T11:09:34.084986,4721,0x46,PUCCH,,,,,,,,,,,,,,,,,,2,111.8,"1.000,",,,,,,,,
2026-08-18T11:09:35.100744,4740,0x46,PUCCH,,,,,,,,,,,,,,,,,,1,-inf,"0.000,",,,,,,,,
2026-08-18T11:09:36.054096,4760,0x46,PUCCH,,,,,,,,,,,,,,,,,,1,-inf,"0.000,",,,,,,,,
2026-08-18T11:09:36.081681,4761,0x46,PUCCH,,,,,,,,,,,,,,,,,,2,111.8,"1.000,",,,,,,,,
2026-08-18T11:09:36.885845,4780,0x46,PUCCH,,,,,,,,,,,,,,,,,,1,-inf,"0.000,",,,,,,,,
2026-08-18T11:09:37.938804,4800,0x46,PUCCH,,,,,,,,,,,,,,,,,,1,-inf,"0.000,",,,,,,,,
2026-08-18T11:09:37.981457,4801,0x46,PUCCH,,,,,,,,,,,,,,,,,,2,111.8,"1.000,",,,,,,,,
2026-08-18T11:09:38.649020,4820,0x46,PUCCH,,,,,,,,,,,,,,,,,,1,-inf,"0.000,",,,,,,,,
2026-08-18T11:09:39.375551,4840,0x46,PUCCH,,,,,,,,,,,,,,,,,,1,-inf,"0.000,",,,,,,,,
2026-08-18T11:09:39.407681,4841,0x46,PUCCH,,,,,,,,,,,,,,,,,,2,111.8,"1.000,",,,,,,,,
2026-08-18T11:09:40.535445,4860,0x46,PUCCH,,,,,,,,,,,,,,,,,,1,-inf,"0.000,",,,,,,,,
2026-08-18T11:09:41.762016,4880,0x46,PUCCH,,,,,,,,,,,,,,,,,,1,-inf,"0.000,",,,,,,,,
2026-08-18T11:09:41.810677,4881,0x46,PUCCH,,,,,,,,,,,,,,,,,,2,111.8,"1.000,",,,,,,,,
2026-08-18T11:09:42.638816,4900,0x46,PUCCH,,,,,,,,,,,,,,,,,,1,-inf,"0.000,",,,,,,,,
2026-08-18T11:09:43.536619,4920,0x46,PUCCH,,,,,,,,,,,,,,,,,,1,-inf,"0.000,",,,,,,,,
2026-08-18T11:09:43.574474,4921,0x46,PUCCH,,,,,,,,,,,,,,,,,,2,111.8,"1.000,",,,,,,,,
2026-08-18T11:09:44.617730,4940,0x46,PUCCH,,,,,,,,,,,,,,,,,,1,-inf,"0.000,",,,,,,,,
2026-08-18T11:09:45.416990,4960,0x46,PUCCH,,,,,,,,,,,,,,,,,,1,-inf,"0.000,",,,,,,,,
2026-08-18T11:09:45.447462,4961,0x46,PUCCH,,,,,,,,,,,,,,,,,,2,111.8,"1.000,",,,,,,,,
2026-08-18T11:09:46.025511,4980,0x46,PUCCH,,,,,,,,,,,,,,,,,,1,-inf,"0.000,",,,,,,,,
2026-08-18T11:09:46.873204,5000,0x46,PUCCH,,,,,,,,,,,,,,,,,,1,-inf,"0.000,",,,,,,,,
2026-08-18T11:09:46.909423,5001,0x46,PUCCH,,,,,,,,,,,,,,,,,,2,111.8,"1.000,",,,,,,,,
2026-08-18T11:09:47.841125,5020,0x46,PUCCH,,,,,,,,,,,,,,,,,,1,-inf,"0.000,",,,,,,,,
2026-08-18T11:09:48.821453,5040,0x46,PUCCH,,,,,,,,,,,,,,,,,,1,-inf,"0.000,",,,,,,,,
2026-08-18T11:09:48.860977,5041,0x46,PUCCH,,,,,,,,,,,,,,,,,,2,111.8,"1.000,",,,,,,,,
2026-08-18T11:09:49.896755,5060,0x46,PUCCH,,,,,,,,,,,,,,,,,,1,-inf,"0.000,",,,,,,,,
2026-08-18T11:09:50.963916,5080,0x46,PUCCH,,,,,,,,,,,,,,,,,,1,-inf,"0.000,",,,,,,,,
2026-08-18T11:09:51.000239,5081,0x46,PUCCH,,,,,,,,,,,,,,,,,,2,111.8,"1.000,",,,,,,,,
2026-08-18T11:09:51.821781,5100,0x46,PUCCH,,,,,,,,,,,,,,,,,,1,-inf,"0.000,",,,,,,,,
2026-08-18T11:09:52.923525,5120,0x46,PUCCH,,,,,,,,,,,,,,,,,,1,-inf,"0.000,",,,,,,,,
2026-08-18T11:09:52.971973,5121,0x46,PUCCH,,,,,,,,,,,,,,,,,,2,111.8,"1.000,",,,,,,,,
2026-08-18T11:09:53.868212,5140,0x46,PUCCH,,,,,,,,,,,,,,,,,,1,-inf,"0.000,",,,,,,,,
2026-08-18T11:09:54.719811,5160,0x46,PUCCH,,,,,,,,,,,,,,,,,,1,-inf,"0.000,",,,,,,,,
2026-08-18T11:09:54.762964,5161,0x46,PUCCH,,,,,,,,,,,,,,,,,,2,111.8,"1.000,",,,,,,,,
2026-08-18T11:09:55.695396,5180,0x46,PUCCH,,,,,,,,,,,,,,,,,,1,-inf,"0.000,",,,,,,,,
2026-08-18T11:09:56.615105,5200,0x46,PUCCH,,,,,,,,,,,,,,,,,,1,-inf,"0.000,",,,,,,,,
2026-08-18T11:09:56.665157,5201,0x46,PUCCH,,,,,,,,,,,,,,,,,,2,111.8,"1.000,",,,,,,,,
2026-08-18T11:09:57.928436,5220,0x46,PUCCH,,,,,,,,,,,,,,,,,,1,-inf,"0.000,",,,,,,,,
2026-08-18T11:09:59.276424,5240,0x46,PUCCH,,,,,,,,,,,,,,,,,,1,-inf,"0.000,",,,,,,,,
2026-08-18T11:09:59.375250,5241,0x46,PUCCH,,,,,,,,,,,,,,,,,,2,111.8,"1.000,",,,,,,,,
2026-08-18T11:10:00.297755,5260,0x46,PUCCH,,,,,,,,,,,,,,,,,,1,-inf,"0.000,",,,,,,,,
2026-08-18T11:10:01.321056,5280,0x46,PUCCH,,,,,,,,,,,,,,,,,,1,-inf,"0.000,",,,,,,,,
2026-08-18T11:10:01.362168,5281,0x46,PUCCH,,,,,,,,,,,,,,,,,,2,111.8,"1.000,",,,,,,,,
2026-08-18T11:10:02.485435,5300,0x46,PUCCH,,,,,,,,,,,,,,,,,,1,-inf,"0.000,",,,,,,,,
2026-08-18T11:10:03.833165,5320,0x46,PUCCH,,,,,,,,,,,,,,,,,,1,-inf,"0.000,",,,,,,,,
2026-08-18T11:10:03.905334,5321,0x46,PUCCH,,,,,,,,,,,,,,,,,,2,111.8,"1.000,",,,,,,,,
2026-08-18T11:10:04.977821,5340,0x46,PUCCH,,,,,,,,,,,,,,,,,,1,-inf,"0.000,",,,,,,,,
2026-08-18T11:10:05.852333,5360,0x46,PUCCH,,,,,,,,,,,,,,,,,,1,-inf,"0.000,",,,,,,,,
2026-08-18T11:10:05.910115,5361,0x46,PUCCH,,,,,,,,,,,,,,,,,,2,111.8,"1.000,",,,,,,,,
2026-08-18T11:10:06.773753,5380,0x46,PUCCH,,,,,,,,,,,,,,,,,,1,-inf,"0.000,",,,,,,,,
2026-08-18T11:10:07.731527,5400,0x46,PUCCH,,,,,,,,,,,,,,,,,,1,-inf,"0.000,",,,,,,,,
2026-08-18T11:10:07.775830,5401,0x46,PUCCH,,,,,,,,,,,,,,,,,,2,111.8,"1.000,",,,,,,,,
2026-08-18T11:10:08.934970,5420,0x46,PUCCH,,,,,,,,,,,,,,,,,,1,-inf,"0.000,",,,,,,,,
2026-08-18T11:10:10.093055,5440,0x46,PUCCH,,,,,,,,,,,,,,,,,,1,-inf,"0.000,",,,,,,,,
2026-08-18T11:10:10.137112,5441,0x46,PUCCH,,,,,,,,,,,,,,,,,,2,111.8,"1.000,",,,,,,,,
2026-08-18T11:10:10.911388,5460,0x46,PUCCH,,,,,,,,,,,,,,,,,,1,-inf,"0.000,",,,,,,,,
2026-08-18T11:10:12.032939,5480,0x46,PUCCH,,,,,,,,,,,,,,,,,,1,-inf,"0.000,",,,,,,,,
2026-08-18T11:10:12.088129,5481,0x46,PUCCH,,,,,,,,,,,,,,,,,,2,111.8,"1.000,",,,,,,,,
2026-08-18T11:10:13.037954,5500,0x46,PUCCH,,,,,,,,,,,,,,,,,,1,-inf,"0.000,",,,,,,,,
2026-08-18T11:10:13.939556,5520,0x46,PUCCH,,,,,,,,,,,,,,,,,,1,-inf,"0.000,",,,,,,,,
2026-08-18T11:10:13.995163,5521,0x46,PUCCH,,,,,,,,,,,,,,,,,,2,111.8,"1.000,",,,,,,,,
2026-08-18T11:10:14.988624,5540,0x46,PUCCH,,,,,,,,,,,,,,,,,,1,-inf,"0.000,",,,,,,,,
2026-08-18T11:10:15.868967,5560,0x46,PUCCH,,,,,,,,,,,,,,,,,,1,-inf,"0.000,",,,,,,,,
2026-08-18T11:10:15.897375,5561,0x46,PUCCH,,,,,,,,,,,,,,,,,,2,111.8,"1.000,",,,,,,,,
2026-08-18T11:10:16.829303,5580,0x46,PUCCH,,,,,,,,,,,,,,,,,,1,-inf,"0.000,",,,,,,,,
2026-08-18T11:10:17.679018,5600,0x46,PUCCH,,,,,,,,,,,,,,,,,,1,-inf,"0.000,",,,,,,,,
2026-08-18T11:10:17.732893,5601,0x46,PUCCH,,,,,,,,,,,,,,,,,,2,111.8,"1.000,",,,,,,,,
2026-08-18T11:10:18.423361,5620,0x46,PUCCH,,,,,,,,,,,,,,,,,,1,-inf,"0.000,",,,,,,,,
2026-08-18T11:10:19.242158,5640,0x46,PUCCH,,,,,,,,,,,,,,,,,,1,-inf,"0.000,",,,,,,,,
2026-08-18T11:10:19.283246,5641,0x46,PUCCH,,,,,,,,,,,,,,,,,,2,111.8,"1.000,",,,,,,,,
2026-08-18T11:10:20.100021,5660,0x46,PUCCH,,,,,,,,,,,,,,,,,,1,-inf,"0.000,",,,,,,,,
2026-08-18T11:10:21.047228,5680,0x46,PUCCH,,,,,,,,,,,,,,,,,,1,-inf,"0.000,",,,,,,,,
2026-08-18T11:10:21.101748,5681,0x46,PUCCH,,,,,,,,,,,,,,,,,,2,111.8,"1.000,",,,,,,,,
2026-08-18T11:10:21.942994,5700,0x46,PUCCH,,,,,,,,,,,,,,,,,,1,-inf,"0.000,",,,,,,,,
2026-08-18T11:10:22.961641,5720,0x46,PUCCH,,,,,,,,,,,,,,,,,,1,-inf,"0.000,",,,,,,,,
2026-08-18T11:10:22.994329,5721,0x46,PUCCH,,,,,,,,,,,,,,,,,,2,111.8,"1.000,",,,,,,,,
2026-08-18T11:10:24.471191,5740,0x46,PUCCH,,,,,,,,,,,,,,,,,,1,-inf,"0.000,",,,,,,,,
2026-08-18T11:10:25.441619,5760,0x46,PUCCH,,,,,,,,,,,,,,,,,,1,-inf,"0.000,",,,,,,,,
2026-08-18T11:10:25.480919,5761,0x46,PUCCH,,,,,,,,,,,,,,,,,,2,111.8,"1.000,",,,,,,,,
2026-08-18T11:10:26.342963,5780,0x46,PUCCH,,,,,,,,,,,,,,,,,,1,-inf,"0.000,",,,,,,,,
2026-08-18T11:10:27.136633,5800,0x46,PUCCH,,,,,,,,,,,,,,,,,,1,-inf,"0.000,",,,,,,,,
2026-08-18T11:10:27.208933,5801,0x46,PUCCH,,,,,,,,,,,,,,,,,,2,111.8,"1.000,",,,,,,,,
2026-08-18T11:10:28.091541,5820,0x46,PUCCH,,,,,,,,,,,,,,,,,,1,-inf,"0.000,",,,,,,,,
2026-08-18T11:10:29.411227,5840,0x46,PUCCH,,,,,,,,,,,,,,,,,,1,-inf,"0.000,",,,,,,,,
2026-08-18T11:10:29.465791,5841,0x46,PUCCH,,,,,,,,,,,,,,,,,,2,111.8,"1.000,",,,,,,,,
2026-08-18T11:10:30.448772,5860,0x46,PUCCH,,,,,,,,,,,,,,,,,,1,-inf,"0.000,",,,,,,,,
2026-08-18T11:10:31.429119,5880,0x46,PUCCH,,,,,,,,,,,,,,,,,,1,-inf,"0.000,",,,,,,,,
2026-08-18T11:10:31.504531,5881,0x46,PUCCH,,,,,,,,,,,,,,,,,,2,111.8,"1.000,",,,,,,,,
2026-08-18T11:10:32.522621,5900,0x46,PUCCH,,,,,,,,,,,,,,,,,,1,-inf,"0.000,",,,,,,,,
2026-08-18T11:10:33.354346,5920,0x46,PUCCH,,,,,,,,,,,,,,,,,,1,-inf,"0.000,",,,,,,,,
2026-08-18T11:10:33.398083,5921,0x46,PUCCH,,,,,,,,,,,,,,,,,,2,111.8,"1.000,",,,,,,,,
2026-08-18T11:10:34.335737,5940,0x46,PUCCH,,,,,,,,,,,,,,,,,,1,-inf,"0.000,",,,,,,,,
2026-08-18T11:10:35.586073,5960,0x46,PUCCH,,,,,,,,,,,,,,,,,,1,-inf,"0.000,",,,,,,,,
2026-08-18T11:10:35.639773,5961,0x46,PUCCH,,,,,,,,,,,,,,,,,,2,111.8,"1.000,",,,,,,,,
2026-08-18T11:10:36.792718,5980,0x46,PUCCH,,,,,,,,,,,,,,,,,,1,-inf,"0.000,",,,,,,,,
2026-08-18T11:10:37.811453,6000,0x46,PUCCH,,,,,,,,,,,,,,,,,,1,-inf,"0.000,",,,,,,,,
2026-08-18T11:10:37.853082,6001,0x46,PUCCH,,,,,,,,,,,,,,,,,,2,111.8,"1.000,",,,,,,,,
2026-08-18T11:10:38.947144,6020,0x46,PUCCH,,,,,,,,,,,,,,,,,,1,-inf,"0.000,",,,,,,,,
2026-08-18T11:10:39.879577,6040,0x46,PUCCH,,,,,,,,,,,,,,,,,,1,-inf,"0.000,",,,,,,,,
2026-08-18T11:10:39.922550,6041,0x46,PUCCH,,,,,,,,,,,,,,,,,,2,111.8,"1.000,",,,,,,,,
2026-08-18T11:10:40.816692,6060,0x46,PUCCH,,,,,,,,,,,,,,,,,,1,-inf,"0.000,",,,,,,,,
2026-08-18T11:10:41.897228,6080,0x46,PUCCH,,,,,,,,,,,,,,,,,,1,-inf,"0.000,",,,,,,,,
2026-08-18T11:10:41.937982,6081,0x46,PUCCH,,,,,,,,,,,,,,,,,,2,111.8,"1.000,",,,,,,,,
2026-08-18T11:10:42.893005,6100,0x46,PUCCH,,,,,,,,,,,,,,,,,,1,-inf,"0.000,",,,,,,,,
2026-08-18T11:10:44.430980,6120,0x46,PUCCH,,,,,,,,,,,,,,,,,,1,-inf,"0.000,",,,,,,,,
2026-08-18T11:10:44.521337,6121,0x46,PUCCH,,,,,,,,,,,,,,,,,,2,111.8,"1.000,",,,,,,,,
2026-08-18T11:10:45.558152,6140,0x46,PUCCH,,,,,,,,,,,,,,,,,,1,-inf,"0.000,",,,,,,,,
2026-08-18T11:10:46.768966,6160,0x46,PUCCH,,,,,,,,,,,,,,,,,,1,-inf,"0.000,",,,,,,,,
2026-08-18T11:10:46.820298,6161,0x46,PUCCH,,,,,,,,,,,,,,,,,,2,111.8,"1.000,",,,,,,,,
2026-08-18T11:10:48.007040,6180,0x46,PUCCH,,,,,,,,,,,,,,,,,,1,-inf,"0.000,",,,,,,,,
2026-08-18T11:10:49.335699,6200,0x46,PUCCH,,,,,,,,,,,,,,,,,,1,-inf,"0.000,",,,,,,,,
2026-08-18T11:10:49.386900,6201,0x46,PUCCH,,,,,,,,,,,,,,,,,,2,111.8,"1.000,",,,,,,,,
2026-08-18T11:10:50.323461,6220,0x46,PUCCH,,,,,,,,,,,,,,,,,,1,-inf,"0.000,",,,,,,,,
2026-08-18T11:10:51.124312,6240,0x46,PUCCH,,,,,,,,,,,,,,,,,,1,-inf,"0.000,",,,,,,,,
2026-08-18T11:10:51.166553,6241,0x46,PUCCH,,,,,,,,,,,,,,,,,,2,111.8,"1.000,",,,,,,,,
2026-08-18T11:10:51.976604,6260,0x46,PUCCH,,,,,,,,,,,,,,,,,,1,-inf,"0.000,",,,,,,,,
2026-08-18T11:10:53.405891,6280,0x46,PUCCH,,,,,,,,,,,,,,,,,,1,-inf,"0.000,",,,,,,,,
2026-08-18T11:10:53.489642,6281,0x46,PUCCH,,,,,,,,,,,,,,,,,,2,111.8,"1.000,",,,,,,,,
2026-08-18T11:10:54.705047,6300,0x46,PUCCH,,,,,,,,,,,,,,,,,,1,-inf,"0.000,",,,,,,,,
2026-08-18T11:10:55.917046,6320,0x46,PUCCH,,,,,,,,,,,,,,,,,,1,-inf,"0.000,",,,,,,,,
2026-08-18T11:10:55.976192,6321,0x46,PUCCH,,,,,,,,,,,,,,,,,,2,111.8,"1.000,",,,,,,,,
2026-08-18T11:10:57.224727,6340,0x46,PUCCH,,,,,,,,,,,,,,,,,,1,-inf,"0.000,",,,,,,,,
2026-08-18T11:10:58.292922,6360,0x46,PUCCH,,,,,,,,,,,,,,,,,,1,-inf,"0.000,",,,,,,,,
2026-08-18T11:10:58.333813,6361,0x46,PUCCH,,,,,,,,,,,,,,,,,,2,111.8,"1.000,",,,,,,,,
2026-08-18T11:10:59.336015,6380,0x46,PUCCH,,,,,,,,,,,,,,,,,,1,-inf,"0.000,",,,,,,,,
2026-08-18T11:11:00.225839,6400,0x46,PUCCH,,,,,,,,,,,,,,,,,,1,-inf,"0.000,",,,,,,,,
2026-08-18T11:11:00.289365,6401,0x46,PUCCH,,,,,,,,,,,,,,,,,,2,111.8,"1.000,",,,,,,,,
2026-08-18T11:11:01.332152,6420,0x46,PUCCH,,,,,,,,,,,,,,,,,,1,-inf,"0.000,",,,,,,,,
2026-08-18T11:11:02.540858,6440,0x46,PUCCH,,,,,,,,,,,,,,,,,,1,-inf,"0.000,",,,,,,,,
2026-08-18T11:11:02.601651,6441,0x46,PUCCH,,,,,,,,,,,,,,,,,,2,111.8,"1.000,",,,,,,,,
2026-08-18T11:11:03.499478,6460,0x46,PUCCH,,,,,,,,,,,,,,,,,,1,-inf,"0.000,",,,,,,,,
2026-08-18T11:11:05.210151,6480,0x46,PUCCH,,,,,,,,,,,,,,,,,,1,-inf,"0.000,",,,,,,,,
2026-08-18T11:11:05.255152,6481,0x46,PUCCH,,,,,,,,,,,,,,,,,,2,111.8,"1.000,",,,,,,,,
2026-08-18T11:11:06.110061,6500,0x46,PUCCH,,,,,,,,,,,,,,,,,,1,-inf,"0.000,",,,,,,,,
2026-08-18T11:11:06.852839,6520,0x46,PUCCH,,,,,,,,,,,,,,,,,,1,-inf,"0.000,",,,,,,,,
2026-08-18T11:11:06.883697,6521,0x46,PUCCH,,,,,,,,,,,,,,,,,,2,111.8,"1.000,",,,,,,,,
2026-08-18T11:11:08.251116,6540,0x46,PUCCH,,,,,,,,,,,,,,,,,,1,-inf,"0.000,",,,,,,,,
2026-08-18T11:11:09.287361,6560,0x46,PUCCH,,,,,,,,,,,,,,,,,,1,-inf,"0.000,",,,,,,,,
2026-08-18T11:11:09.323877,6561,0x46,PUCCH,,,,,,,,,,,,,,,,,,2,111.8,"1.000,",,,,,,,,
2026-08-18T11:11:10.405881,6580,0x46,PUCCH,,,,,,,,,,,,,,,,,,1,-inf,"0.000,",,,,,,,,
2026-08-18T11:11:11.533582,6600,0x46,PUCCH,,,,,,,,,,,,,,,,,,1,-inf,"0.000,",,,,,,,,
2026-08-18T11:11:11.636185,6601,0x46,PUCCH,,,,,,,,,,,,,,,,,,2,111.8,"1.000,",,,,,,,,
2026-08-18T11:11:13.113631,6620,0x46,PUCCH,,,,,,,,,,,,,,,,,,1,-inf,"0.000,",,,,,,,,
2026-08-18T11:11:14.330753,6640,0x46,PUCCH,,,,,,,,,,,,,,,,,,1,-inf,"0.000,",,,,,,,,
2026-08-18T11:11:14.383700,6641,0x46,PUCCH,,,,,,,,,,,,,,,,,,2,111.8,"1.000,",,,,,,,,
2026-08-18T11:11:15.426703,6660,0x46,PUCCH,,,,,,,,,,,,,,,,,,1,-inf,"0.000,",,,,,,,,
2026-08-18T11:11:16.791037,6680,0x46,PUCCH,,,,,,,,,,,,,,,,,,1,-inf,"0.000,",,,,,,,,
2026-08-18T11:11:16.856871,6681,0x46,PUCCH,,,,,,,,,,,,,,,,,,2,111.8,"1.000,",,,,,,,,
2026-08-18T11:11:17.928244,6700,0x46,PUCCH,,,,,,,,,,,,,,,,,,1,-inf,"0.000,",,,,,,,,
2026-08-18T11:11:19.412213,6720,0x46,PUCCH,,,,,,,,,,,,,,,,,,1,-inf,"0.000,",,,,,,,,
2026-08-18T11:11:19.487551,6721,0x46,PUCCH,,,,,,,,,,,,,,,,,,2,111.8,"1.000,",,,,,,,,
2026-08-18T11:11:21.068557,6740,0x46,PUCCH,,,,,,,,,,,,,,,,,,1,-inf,"0.000,",,,,,,,,
2026-08-18T11:11:21.994638,6760,0x46,PUCCH,,,,,,,,,,,,,,,,,,1,-inf,"0.000,",,,,,,,,
2026-08-18T11:11:22.045002,6761,0x46,PUCCH,,,,,,,,,,,,,,,,,,2,111.8,"1.000,",,,,,,,,
2026-08-18T11:11:23.282888,6780,0x46,PUCCH,,,,,,,,,,,,,,,,,,1,-inf,"0.000,",,,,,,,,
2026-08-18T11:11:24.270385,6800,0x46,PUCCH,,,,,,,,,,,,,,,,,,1,-inf,"0.000,",,,,,,,,
2026-08-18T11:11:24.337730,6801,0x46,PUCCH,,,,,,,,,,,,,,,,,,2,111.8,"1.000,",,,,,,,,
2026-08-18T11:11:25.565893,6820,0x46,PUCCH,,,,,,,,,,,,,,,,,,1,-inf,"0.000,",,,,,,,,
2026-08-18T11:11:26.768737,6840,0x46,PUCCH,,,,,,,,,,,,,,,,,,1,-inf,"0.000,",,,,,,,,
2026-08-18T11:11:26.817488,6841,0x46,PUCCH,,,,,,,,,,,,,,,,,,2,111.8,"1.000,",,,,,,,,
2026-08-18T11:11:27.610971,6860,0x46,PUCCH,,,,,,,,,,,,,,,,,,1,-inf,"0.000,",,,,,,,,
2026-08-18T11:11:28.531628,6880,0x46,PUCCH,,,,,,,,,,,,,,,,,,1,-inf,"0.000,",,,,,,,,
2026-08-18T11:11:28.599908,6881,0x46,PUCCH,,,,,,,,,,,,,,,,,,2,111.8,"1.000,",,,,,,,,
2026-08-18T11:11:29.462015,6900,0x46,PUCCH,,,,,,,,,,,,,,,,,,1,-inf,"0.000,",,,,,,,,
2026-08-18T11:11:30.562817,6920,0x46,PUCCH,,,,,,,,,,,,,,,,,,1,-inf,"0.000,",,,,,,,,
2026-08-18T11:11:30.613867,6921,0x46,PUCCH,,,,,,,,,,,,,,,,,,2,111.8,"1.000,",,,,,,,,
2026-08-18T11:11:31.635055,6940,0x46,PUCCH,,,,,,,,,,,,,,,,,,1,-inf,"0.000,",,,,,,,,
2026-08-18T11:11:32.719866,6960,0x46,PUCCH,,,,,,,,,,,,,,,,,,1,-inf,"0.000,",,,,,,,,
2026-08-18T11:11:32.772055,6961,0x46,PUCCH,,,,,,,,,,,,,,,,,,2,111.8,"1.000,",,,,,,,,
2026-08-18T11:11:33.734745,6980,0x46,PUCCH,,,,,,,,,,,,,,,,,,1,-inf,"0.000,",,,,,,,,
2026-08-18T11:11:35.088461,7000,0x46,PUCCH,,,,,,,,,,,,,,,,,,1,-inf,"0.000,",,,,,,,,
2026-08-18T11:11:35.141998,7001,0x46,PUCCH,,,,,,,,,,,,,,,,,,2,111.8,"1.000,",,,,,,,,
2026-08-18T11:11:35.972922,7020,0x46,PUCCH,,,,,,,,,,,,,,,,,,1,-inf,"0.000,",,,,,,,,
2026-08-18T11:11:37.255456,7040,0x46,PUCCH,,,,,,,,,,,,,,,,,,1,-inf,"0.000,",,,,,,,,
2026-08-18T11:11:37.555886,7041,0x46,PUCCH,,,,,,,,,,,,,,,,,,2,111.8,"1.000,",,,,,,,,
2026-08-18T11:11:38.741587,7060,0x46,PUCCH,,,,,,,,,,,,,,,,,,1,-inf,"0.000,",,,,,,,,
2026-08-18T11:11:39.772888,7080,0x46,PUCCH,,,,,,,,,,,,,,,,,,1,-inf,"0.000,",,,,,,,,
2026-08-18T11:11:39.825080,7081,0x46,PUCCH,,,,,,,,,,,,,,,,,,2,111.8,"1.000,",,,,,,,,
2026-08-18T11:11:40.795801,7100,0x46,PUCCH,,,,,,,,,,,,,,,,,,1,-inf,"0.000,",,,,,,,,
2026-08-18T11:11:41.634936,7120,0x46,PUCCH,,,,,,,,,,,,,,,,,,1,-inf,"0.000,",,,,,,,,
2026-08-18T11:11:41.667310,7121,0x46,PUCCH,,,,,,,,,,,,,,,,,,2,111.8,"1.000,",,,,,,,,
2026-08-18T11:11:42.749273,7140,0x46,PUCCH,,,,,,,,,,,,,,,,,,1,-inf,"0.000,",,,,,,,,
2026-08-18T11:11:43.747928,7160,0x46,PUCCH,,,,,,,,,,,,,,,,,,1,-inf,"0.000,",,,,,,,,
2026-08-18T11:11:43.790924,7161,0x46,PUCCH,,,,,,,,,,,,,,,,,,2,111.8,"1.000,",,,,,,,,
2026-08-18T11:11:44.641506,7180,0x46,PUCCH,,,,,,,,,,,,,,,,,,1,-inf,"0.000,",,,,,,,,
2026-08-18T11:11:45.851499,7200,0x46,PUCCH,,,,,,,,,,,,,,,,,,1,-inf,"0.000,",,,,,,,,
2026-08-18T11:11:45.882584,7201,0x46,PUCCH,,,,,,,,,,,,,,,,,,2,111.8,"1.000,",,,,,,,,
2026-08-18T11:11:46.856407,7220,0x46,PUCCH,,,,,,,,,,,,,,,,,,1,-inf,"0.000,",,,,,,,,
2026-08-18T11:11:47.728353,7240,0x46,PUCCH,,,,,,,,,,,,,,,,,,1,-inf,"0.000,",,,,,,,,
2026-08-18T11:11:47.769760,7241,0x46,PUCCH,,,,,,,,,,,,,,,,,,2,111.8,"1.000,",,,,,,,,
2026-08-18T11:11:48.824889,7260,0x46,PUCCH,,,,,,,,,,,,,,,,,,1,-inf,"0.000,",,,,,,,,
2026-08-18T11:11:49.882133,7280,0x46,PUCCH,,,,,,,,,,,,,,,,,,1,-inf,"0.000,",,,,,,,,
2026-08-18T11:11:49.925253,7281,0x46,PUCCH,,,,,,,,,,,,,,,,,,2,111.8,"1.000,",,,,,,,,
2026-08-18T11:11:51.230137,7300,0x46,PUCCH,,,,,,,,,,,,,,,,,,1,-inf,"0.000,",,,,,,,,
2026-08-18T11:11:52.313329,7320,0x46,PUCCH,,,,,,,,,,,,,,,,,,1,-inf,"0.000,",,,,,,,,
2026-08-18T11:11:52.359821,7321,0x46,PUCCH,,,,,,,,,,,,,,,,,,2,111.8,"1.000,",,,,,,,,
2026-08-18T11:11:53.271281,7340,0x46,PUCCH,,,,,,,,,,,,,,,,,,1,-inf,"0.000,",,,,,,,,
2026-08-18T11:11:54.238925,7360,0x46,PUCCH,,,,,,,,,,,,,,,,,,1,-inf,"0.000,",,,,,,,,
2026-08-18T11:11:54.273572,7361,0x46,PUCCH,,,,,,,,,,,,,,,,,,2,111.8,"1.000,",,,,,,,,
2026-08-18T11:11:55.076076,7380,0x46,PUCCH,,,,,,,,,,,,,,,,,,1,-inf,"0.000,",,,,,,,,
2026-08-18T11:11:56.015931,7400,0x46,PUCCH,,,,,,,,,,,,,,,,,,1,-inf,"0.000,",,,,,,,,
2026-08-18T11:11:56.049796,7401,0x46,PUCCH,,,,,,,,,,,,,,,,,,2,111.8,"1.000,",,,,,,,,
2026-08-18T11:11:57.043411,7420,0x46,PUCCH,,,,,,,,,,,,,,,,,,1,-inf,"0.000,",,,,,,,,
2026-08-18T11:11:57.962991,7440,0x46,PUCCH,,,,,,,,,,,,,,,,,,1,-inf,"0.000,",,,,,,,,
2026-08-18T11:11:58.010348,7441,0x46,PUCCH,,,,,,,,,,,,,,,,,,2,111.8,"1.000,",,,,,,,,
2026-08-18T11:11:58.853507,7460,0x46,PUCCH,,,,,,,,,,,,,,,,,,1,-inf,"0.000,",,,,,,,,
2026-08-18T11:11:59.776084,7480,0x46,PUCCH,,,,,,,,,,,,,,,,,,1,-inf,"0.000,",,,,,,,,
2026-08-18T11:11:59.819901,7481,0x46,PUCCH,,,,,,,,,,,,,,,,,,2,111.8,"1.000,",,,,,,,,
2026-08-18T11:12:00.802414,7500,0x46,PUCCH,,,,,,,,,,,,,,,,,,1,-inf,"0.000,",,,,,,,,
2026-08-18T11:12:01.931845,7520,0x46,PUCCH,,,,,,,,,,,,,,,,,,1,-inf,"0.000,",,,,,,,,
2026-08-18T11:12:01.986081,7521,0x46,PUCCH,,,,,,,,,,,,,,,,,,2,111.8,"1.000,",,,,,,,,
2026-08-18T11:12:03.024987,7540,0x46,PUCCH,,,,,,,,,,,,,,,,,,1,-inf,"0.000,",,,,,,,,
2026-08-18T11:12:03.791580,7560,0x46,PUCCH,,,,,,,,,,,,,,,,,,1,-inf,"0.000,",,,,,,,,
2026-08-18T11:12:03.820363,7561,0x46,PUCCH,,,,,,,,,,,,,,,,,,2,111.8,"1.000,",,,,,,,,
2026-08-18T11:12:04.629231,7580,0x46,PUCCH,,,,,,,,,,,,,,,,,,1,-inf,"0.000,",,,,,,,,
2026-08-18T11:12:05.547107,7600,0x46,PUCCH,,,,,,,,,,,,,,,,,,1,-inf,"0.000,",,,,,,,,
2026-08-18T11:12:05.607899,7601,0x46,PUCCH,,,,,,,,,,,,,,,,,,2,111.8,"1.000,",,,,,,,,
2026-08-18T11:12:06.988105,7620,0x46,PUCCH,,,,,,,,,,,,,,,,,,1,-inf,"0.000,",,,,,,,,
2026-08-18T11:12:07.937919,7640,0x46,PUCCH,,,,,,,,,,,,,,,,,,1,-inf,"0.000,",,,,,,,,
2026-08-18T11:12:07.983685,7641,0x46,PUCCH,,,,,,,,,,,,,,,,,,2,111.8,"1.000,",,,,,,,,
2026-08-18T11:12:09.014782,7660,0x46,PUCCH,,,,,,,,,,,,,,,,,,1,-inf,"0.000,",,,,,,,,
2026-08-18T11:12:09.809906,7680,0x46,PUCCH,,,,,,,,,,,,,,,,,,1,-inf,"0.000,",,,,,,,,
2026-08-18T11:12:09.841580,7681,0x46,PUCCH,,,,,,,,,,,,,,,,,,2,111.8,"1.000,",,,,,,,,
2026-08-18T11:12:10.737362,7700,0x46,PUCCH,,,,,,,,,,,,,,,,,,1,-inf,"0.000,",,,,,,,,
2026-08-18T11:12:11.561091,7720,0x46,PUCCH,,,,,,,,,,,,,,,,,,1,-inf,"0.000,",,,,,,,,
2026-08-18T11:12:11.591986,7721,0x46,PUCCH,,,,,,,,,,,,,,,,,,2,111.8,"1.000,",,,,,,,,
2026-08-18T11:12:12.260054,7740,0x46,PUCCH,,,,,,,,,,,,,,,,,,1,-inf,"0.000,",,,,,,,,
2026-08-18T11:12:13.357555,7760,0x46,PUCCH,,,,,,,,,,,,,,,,,,1,-inf,"0.000,",,,,,,,,
2026-08-18T11:12:13.396017,7761,0x46,PUCCH,,,,,,,,,,,,,,,,,,2,111.8,"1.000,",,,,,,,,
2026-08-18T11:12:14.173385,7780,0x46,PUCCH,,,,,,,,,,,,,,,,,,1,-inf,"0.000,",,,,,,,,
2026-08-18T11:12:15.032865,7800,0x46,PUCCH,,,,,,,,,,,,,,,,,,1,-inf,"0.000,",,,,,,,,
2026-08-18T11:12:15.058741,7801,0x46,PUCCH,,,,,,,,,,,,,,,,,,2,111.8,"1.000,",,,,,,,,
2026-08-18T11:12:15.793453,7820,0x46,PUCCH,,,,,,,,,,,,,,,,,,1,-inf,"0.000,",,,,,,,,
2026-08-18T11:12:16.505010,7840,0x46,PUCCH,,,,,,,,,,,,,,,,,,1,-inf,"0.000,",,,,,,,,
2026-08-18T11:12:16.534152,7841,0x46,PUCCH,,,,,,,,,,,,,,,,,,2,111.8,"1.000,",,,,,,,,
2026-08-18T11:12:17.368914,7860,0x46,PUCCH,,,,,,,,,,,,,,,,,,1,-inf,"0.000,",,,,,,,,
2026-08-18T11:12:18.549587,7880,0x46,PUCCH,,,,,,,,,,,,,,,,,,1,-inf,"0.000,",,,,,,,,
2026-08-18T11:12:18.658736,7881,0x46,PUCCH,,,,,,,,,,,,,,,,,,2,111.8,"1.000,",,,,,,,,
2026-08-18T11:12:19.652057,7900,0x46,PUCCH,,,,,,,,,,,,,,,,,,1,-inf,"0.000,",,,,,,,,
2026-08-18T11:12:20.639673,7920,0x46,PUCCH,,,,,,,,,,,,,,,,,,1,-inf,"0.000,",,,,,,,,
2026-08-18T11:12:20.676847,7921,0x46,PUCCH,,,,,,,,,,,,,,,,,,2,111.8,"1.000,",,,,,,,,
2026-08-18T11:12:21.547067,7940,0x46,PUCCH,,,,,,,,,,,,,,,,,,1,-inf,"0.000,",,,,,,,,
2026-08-18T11:12:22.523670,7960,0x46,PUCCH,,,,,,,,,,,,,,,,,,1,-inf,"0.000,",,,,,,,,
2026-08-18T11:12:22.556094,7961,0x46,PUCCH,,,,,,,,,,,,,,,,,,2,111.8,"1.000,",,,,,,,,
2026-08-18T11:12:23.368385,7980,0x46,PUCCH,,,,,,,,,,,,,,,,,,1,-inf,"0.000,",,,,,,,,
2026-08-18T11:12:24.186159,8000,0x46,PUCCH,,,,,,,,,,,,,,,,,,1,-inf,"0.000,",,,,,,,,
2026-08-18T11:12:24.218560,8001,0x46,PUCCH,,,,,,,,,,,,,,,,,,2,111.8,"1.000,",,,,,,,,
2026-08-18T11:12:25.066699,8020,0x46,PUCCH,,,,,,,,,,,,,,,,,,1,-inf,"0.000,",,,,,,,,
2026-08-18T11:12:25.739036,8040,0x46,PUCCH,,,,,,,,,,,,,,,,,,1,-inf,"0.000,",,,,,,,,
2026-08-18T11:12:25.777184,8041,0x46,PUCCH,,,,,,,,,,,,,,,,,,2,111.8,"1.000,",,,,,,,,
2026-08-18T11:12:26.484656,8060,0x46,PUCCH,,,,,,,,,,,,,,,,,,1,-inf,"0.000,",,,,,,,,
2026-08-18T11:12:27.333838,8080,0x46,PUCCH,,,,,,,,,,,,,,,,,,1,-inf,"0.000,",,,,,,,,
2026-08-18T11:12:27.376975,8081,0x46,PUCCH,,,,,,,,,,,,,,,,,,2,111.8,"1.000,",,,,,,,,
2026-08-18T11:12:28.184575,8100,0x46,PUCCH,,,,,,,,,,,,,,,,,,1,-inf,"0.000,",,,,,,,,
2026-08-18T11:12:29.082753,8120,0x46,PUCCH,,,,,,,,,,,,,,,,,,1,-inf,"0.000,",,,,,,,,
2026-08-18T11:12:29.123404,8121,0x46,PUCCH,,,,,,,,,,,,,,,,,,2,111.8,"1.000,",,,,,,,,
2026-08-18T11:12:29.810278,8140,0x46,PUCCH,,,,,,,,,,,,,,,,,,1,-inf,"0.000,",,,,,,,,
2026-08-18T11:12:30.733840,8160,0x46,PUCCH,,,,,,,,,,,,,,,,,,1,-inf,"0.000,",,,,,,,,
2026-08-18T11:12:30.775582,8161,0x46,PUCCH,,,,,,,,,,,,,,,,,,2,111.8,"1.000,",,,,,,,,
2026-08-18T11:12:31.395738,8180,0x46,PUCCH,,,,,,,,,,,,,,,,,,1,-inf,"0.000,",,,,,,,,
2026-08-18T11:12:32.099899,8200,0x46,PUCCH,,,,,,,,,,,,,,,,,,1,-inf,"0.000,",,,,,,,,
2026-08-18T11:12:32.138313,8201,0x46,PUCCH,,,,,,,,,,,,,,,,,,2,111.8,"1.000,",,,,,,,,
2026-08-18T11:12:32.829226,8220,0x46,PUCCH,,,,,,,,,,,,,,,,,,1,-inf,"0.000,",,,,,,,,
2026-08-18T11:12:33.667988,8240,0x46,PUCCH,,,,,,,,,,,,,,,,,,1,-inf,"0.000,",,,,,,,,
2026-08-18T11:12:33.697005,8241,0x46,PUCCH,,,,,,,,,,,,,,,,,,2,111.8,"1.000,",,,,,,,,
2026-08-18T11:12:34.602546,8260,0x46,PUCCH,,,,,,,,,,,,,,,,,,1,-inf,"0.000,",,,,,,,,
2026-08-18T11:12:35.327469,8280,0x46,PUCCH,,,,,,,,,,,,,,,,,,1,-inf,"0.000,",,,,,,,,
2026-08-18T11:12:35.359809,8281,0x46,PUCCH,,,,,,,,,,,,,,,,,,2,111.8,"1.000,",,,,,,,,
2026-08-18T11:12:36.222761,8300,0x46,PUCCH,,,,,,,,,,,,,,,,,,1,-inf,"0.000,",,,,,,,,
2026-08-18T11:12:36.995427,8320,0x46,PUCCH,,,,,,,,,,,,,,,,,,1,-inf,"0.000,",,,,,,,,
2026-08-18T11:12:37.032353,8321,0x46,PUCCH,,,,,,,,,,,,,,,,,,2,111.8,"1.000,",,,,,,,,
2026-08-18T11:12:37.690647,8340,0x46,PUCCH,,,,,,,,,,,,,,,,,,1,-inf,"0.000,",,,,,,,,
2026-08-18T11:12:38.602592,8360,0x46,PUCCH,,,,,,,,,,,,,,,,,,1,-inf,"0.000,",,,,,,,,
2026-08-18T11:12:38.645404,8361,0x46,PUCCH,,,,,,,,,,,,,,,,,,2,111.8,"1.000,",,,,,,,,
2026-08-18T11:12:39.472303,8380,0x46,PUCCH,,,,,,,,,,,,,,,,,,1,-inf,"0.000,",,,,,,,,
2026-08-18T11:12:40.188041,8400,0x46,PUCCH,,,,,,,,,,,,,,,,,,1,-inf,"0.000,",,,,,,,,
2026-08-18T11:12:40.216885,8401,0x46,PUCCH,,,,,,,,,,,,,,,,,,2,111.8,"1.000,",,,,,,,,
2026-08-18T11:12:41.004594,8420,0x46,PUCCH,,,,,,,,,,,,,,,,,,1,-inf,"0.000,",,,,,,,,
2026-08-18T11:12:41.961437,8440,0x46,PUCCH,,,,,,,,,,,,,,,,,,1,-inf,"0.000,",,,,,,,,
2026-08-18T11:12:41.993172,8441,0x46,PUCCH,,,,,,,,,,,,,,,,,,2,111.8,"1.000,",,,,,,,,
2026-08-18T11:12:42.711714,8460,0x46,PUCCH,,,,,,,,,,,,,,,,,,1,-inf,"0.000,",,,,,,,,
2026-08-18T11:12:43.435949,8480,0x46,PUCCH,,,,,,,,,,,,,,,,,,1,-inf,"0.000,",,,,,,,,
2026-08-18T11:12:43.456805,8481,0x46,PUCCH,,,,,,,,,,,,,,,,,,2,111.8,"1.000,",,,,,,,,
2026-08-18T11:12:44.994783,8500,0x46,PUCCH,,,,,,,,,,,,,,,,,,1,-inf,"0.000,",,,,,,,,
2026-08-18T11:12:45.826442,8520,0x46,PUCCH,,,,,,,,,,,,,,,,,,1,-inf,"0.000,",,,,,,,,
2026-08-18T11:12:45.854324,8521,0x46,PUCCH,,,,,,,,,,,,,,,,,,2,111.8,"1.000,",,,,,,,,
2026-08-18T11:12:46.500784,8540,0x46,PUCCH,,,,,,,,,,,,,,,,,,1,-inf,"0.000,",,,,,,,,
2026-08-18T11:12:47.495989,8560,0x46,PUCCH,,,,,,,,,,,,,,,,,,1,-inf,"0.000,",,,,,,,,
2026-08-18T11:12:47.525676,8561,0x46,PUCCH,,,,,,,,,,,,,,,,,,2,111.8,"1.000,",,,,,,,,
2026-08-18T11:12:48.264386,8580,0x46,PUCCH,,,,,,,,,,,,,,,,,,1,-inf,"0.000,",,,,,,,,
2026-08-18T11:12:48.983720,8600,0x46,PUCCH,,,,,,,,,,,,,,,,,,1,-inf,"0.000,",,,,,,,,
2026-08-18T11:12:49.023885,8601,0x46,PUCCH,,,,,,,,,,,,,,,,,,2,111.8,"1.000,",,,,,,,,
2026-08-18T11:12:49.676576,8620,0x46,PUCCH,,,,,,,,,,,,,,,,,,1,-inf,"0.000,",,,,,,,,
2026-08-18T11:12:50.735614,8640,0x46,PUCCH,,,,,,,,,,,,,,,,,,1,-inf,"0.000,",,,,,,,,
2026-08-18T11:12:50.802758,8641,0x46,PUCCH,,,,,,,,,,,,,,,,,,2,111.8,"1.000,",,,,,,,,
2026-08-18T11:12:51.745412,8660,0x46,PUCCH,,,,,,,,,,,,,,,,,,1,-inf,"0.000,",,,,,,,,
2026-08-18T11:12:52.628383,8680,0x46,PUCCH,,,,,,,,,,,,,,,,,,1,-inf,"0.000,",,,,,,,,
2026-08-18T11:12:52.657340,8681,0x46,PUCCH,,,,,,,,,,,,,,,,,,2,111.8,"1.000,",,,,,,,,
2026-08-18T11:12:53.269811,8700,0x46,PUCCH,,,,,,,,,,,,,,,,,,1,-inf,"0.000,",,,,,,,,
2026-08-18T11:12:53.997340,8720,0x46,PUCCH,,,,,,,,,,,,,,,,,,1,-inf,"0.000,",,,,,,,,
2026-08-18T11:12:54.036373,8721,0x46,PUCCH,,,,,,,,,,,,,,,,,,2,111.8,"1.000,",,,,,,,,
2026-08-18T11:12:54.776189,8740,0x46,PUCCH,,,,,,,,,,,,,,,,,,1,-inf,"0.000,",,,,,,,,
2026-08-18T11:12:55.459194,8760,0x46,PUCCH,,,,,,,,,,,,,,,,,,1,-inf,"0.000,",,,,,,,,
2026-08-18T11:12:55.490645,8761,0x46,PUCCH,,,,,,,,,,,,,,,,,,2,111.8,"1.000,",,,,,,,,
2026-08-18T11:12:56.363056,8780,0x46,PUCCH,,,,,,,,,,,,,,,,,,1,-inf,"0.000,",,,,,,,,
2026-08-18T11:12:57.247179,8800,0x46,PUCCH,,,,,,,,,,,,,,,,,,1,-inf,"0.000,",,,,,,,,
2026-08-18T11:12:57.280913,8801,0x46,PUCCH,,,,,,,,,,,,,,,,,,2,111.8,"1.000,",,,,,,,,
2026-08-18T11:12:58.088851,8820,0x46,PUCCH,,,,,,,,,,,,,,,,,,1,-inf,"0.000,",,,,,,,,
2026-08-18T11:12:58.833534,8840,0x46,PUCCH,,,,,,,,,,,,,,,,,,1,-inf,"0.000,",,,,,,,,
2026-08-18T11:12:58.865076,8841,0x46,PUCCH,,,,,,,,,,,,,,,,,,2,111.8,"1.000,",,,,,,,,
2026-08-18T11:12:59.629881,8860,0x46,PUCCH,,,,,,,,,,,,,,,,,,1,-inf,"0.000,",,,,,,,,
2026-08-18T11:13:00.607656,8880,0x46,PUCCH,,,,,,,,,,,,,,,,,,1,-inf,"0.000,",,,,,,,,
2026-08-18T11:13:00.638937,8881,0x46,PUCCH,,,,,,,,,,,,,,,,,,2,111.8,"1.000,",,,,,,,,
2026-08-18T11:13:01.359609,8900,0x46,PUCCH,,,,,,,,,,,,,,,,,,1,-inf,"0.000,",,,,,,,,
2026-08-18T11:13:02.187372,8920,0x46,PUCCH,,,,,,,,,,,,,,,,,,1,-inf,"0.000,",,,,,,,,
2026-08-18T11:13:02.224893,8921,0x46,PUCCH,,,,,,,,,,,,,,,,,,2,111.8,"1.000,",,,,,,,,
2026-08-18T11:13:03.117419,8940,0x46,PUCCH,,,,,,,,,,,,,,,,,,1,-inf,"0.000,",,,,,,,,
2026-08-18T11:13:03.767779,8960,0x46,PUCCH,,,,,,,,,,,,,,,,,,1,-inf,"0.000,",,,,,,,,
2026-08-18T11:13:03.810825,8961,0x46,PUCCH,,,,,,,,,,,,,,,,,,2,111.8,"1.000,",,,,,,,,
2026-08-18T11:13:04.512886,8980,0x46,PUCCH,,,,,,,,,,,,,,,,,,1,-inf,"0.000,",,,,,,,,
2026-08-18T11:13:05.583421,9000,0x46,PUCCH,,,,,,,,,,,,,,,,,,1,-inf,"0.000,",,,,,,,,
2026-08-18T11:13:05.638293,9001,0x46,PUCCH,,,,,,,,,,,,,,,,,,2,111.8,"1.000,",,,,,,,,
2026-08-18T11:13:06.459377,9020,0x46,PUCCH,,,,,,,,,,,,,,,,,,1,-inf,"0.000,",,,,,,,,
2026-08-18T11:13:07.390043,9040,0x46,PUCCH,,,,,,,,,,,,,,,,,,1,-inf,"0.000,",,,,,,,,
2026-08-18T11:13:07.421955,9041,0x46,PUCCH,,,,,,,,,,,,,,,,,,2,111.8,"1.000,",,,,,,,,
2026-08-18T11:13:08.230424,9060,0x46,PUCCH,,,,,,,,,,,,,,,,,,1,-inf,"0.000,",,,,,,,,
2026-08-18T11:13:09.126036,9080,0x46,PUCCH,,,,,,,,,,,,,,,,,,1,-inf,"0.000,",,,,,,,,
2026-08-18T11:13:09.182131,9081,0x46,PUCCH,,,,,,,,,,,,,,,,,,2,111.8,"1.000,",,,,,,,,
2026-08-18T11:13:09.996573,9100,0x46,PUCCH,,,,,,,,,,,,,,,,,,1,-inf,"0.000,",,,,,,,,
2026-08-18T11:13:10.680044,9120,0x46,PUCCH,,,,,,,,,,,,,,,,,,1,-inf,"0.000,",,,,,,,,
2026-08-18T11:13:10.712782,9121,0x46,PUCCH,,,,,,,,,,,,,,,,,,2,111.8,"1.000,",,,,,,,,
2026-08-18T11:13:11.786618,9140,0x46,PUCCH,,,,,,,,,,,,,,,,,,1,-inf,"0.000,",,,,,,,,
2026-08-18T11:13:13.368189,9160,0x46,PUCCH,,,,,,,,,,,,,,,,,,1,-inf,"0.000,",,,,,,,,
2026-08-18T11:13:13.494487,9161,0x46,PUCCH,,,,,,,,,,,,,,,,,,2,111.8,"1.000,",,,,,,,,
2026-08-18T11:13:14.445372,9180,0x46,PUCCH,,,,,,,,,,,,,,,,,,1,-inf,"0.000,",,,,,,,,
2026-08-18T11:13:15.573735,9200,0x46,PUCCH,,,,,,,,,,,,,,,,,,1,-inf,"0.000,",,,,,,,,
2026-08-18T11:13:15.620071,9201,0x46,PUCCH,,,,,,,,,,,,,,,,,,2,111.8,"1.000,",,,,,,,,
2026-08-18T11:13:16.798708,9220,0x46,PUCCH,,,,,,,,,,,,,,,,,,1,-inf,"0.000,",,,,,,,,
2026-08-18T11:13:17.650687,9240,0x46,PUCCH,,,,,,,,,,,,,,,,,,1,-inf,"0.000,",,,,,,,,
2026-08-18T11:13:17.732849,9241,0x46,PUCCH,,,,,,,,,,,,,,,,,,2,111.8,"1.000,",,,,,,,,
2026-08-18T11:13:18.618473,9260,0x46,PUCCH,,,,,,,,,,,,,,,,,,1,-inf,"0.000,",,,,,,,,
2026-08-18T11:13:19.510975,9280,0x46,PUCCH,,,,,,,,,,,,,,,,,,1,-inf,"0.000,",,,,,,,,
2026-08-18T11:13:19.549460,9281,0x46,PUCCH,,,,,,,,,,,,,,,,,,2,111.8,"1.000,",,,,,,,,
2026-08-18T11:13:20.407790,9300,0x46,PUCCH,,,,,,,,,,,,,,,,,,1,-inf,"0.000,",,,,,,,,
2026-08-18T11:13:21.286388,9320,0x46,PUCCH,,,,,,,,,,,,,,,,,,1,-inf,"0.000,",,,,,,,,
2026-08-18T11:13:21.325157,9321,0x46,PUCCH,,,,,,,,,,,,,,,,,,2,111.8,"1.000,",,,,,,,,
2026-08-18T11:13:22.012725,9340,0x46,PUCCH,,,,,,,,,,,,,,,,,,1,-inf,"0.000,",,,,,,,,
2026-08-18T11:13:22.744081,9360,0x46,PUCCH,,,,,,,,,,,,,,,,,,1,-inf,"0.000,",,,,,,,,
2026-08-18T11:13:22.783405,9361,0x46,PUCCH,,,,,,,,,,,,,,,,,,2,111.8,"1.000,",,,,,,,,
2026-08-18T11:13:23.562770,9380,0x46,PUCCH,,,,,,,,,,,,,,,,,,1,-inf,"0.000,",,,,,,,,
2026-08-18T11:13:24.371082,9400,0x46,PUCCH,,,,,,,,,,,,,,,,,,1,-inf,"0.000,",,,,,,,,
2026-08-18T11:13:24.410042,9401,0x46,PUCCH,,,,,,,,,,,,,,,,,,2,111.8,"1.000,",,,,,,,,
2026-08-18T11:13:25.148575,9420,0x46,PUCCH,,,,,,,,,,,,,,,,,,1,-inf,"0.000,",,,,,,,,
2026-08-18T11:13:25.837942,9440,0x46,PUCCH,,,,,,,,,,,,,,,,,,1,-inf,"0.000,",,,,,,,,
2026-08-18T11:13:25.865622,9441,0x46,PUCCH,,,,,,,,,,,,,,,,,,2,111.8,"1.000,",,,,,,,,
2026-08-18T11:13:26.579062,9460,0x46,PUCCH,,,,,,,,,,,,,,,,,,1,-inf,"0.000,",,,,,,,,
2026-08-18T11:13:27.357970,9480,0x46,PUCCH,,,,,,,,,,,,,,,,,,1,-inf,"0.000,",,,,,,,,
2026-08-18T11:13:27.409459,9481,0x46,PUCCH,,,,,,,,,,,,,,,,,,2,111.8,"1.000,",,,,,,,,
2026-08-18T11:13:28.308192,9500,0x46,PUCCH,,,,,,,,,,,,,,,,,,1,-inf,"0.000,",,,,,,,,
2026-08-18T11:13:29.251290,9520,0x46,PUCCH,,,,,,,,,,,,,,,,,,1,-inf,"0.000,",,,,,,,,
2026-08-18T11:13:29.294072,9521,0x46,PUCCH,,,,,,,,,,,,,,,,,,2,111.8,"1.000,",,,,,,,,
2026-08-18T11:13:30.166605,9540,0x46,PUCCH,,,,,,,,,,,,,,,,,,1,-inf,"0.000,",,,,,,,,
2026-08-18T11:13:31.058995,9560,0x46,PUCCH,,,,,,,,,,,,,,,,,,1,-inf,"0.000,",,,,,,,,
2026-08-18T11:13:31.089150,9561,0x46,PUCCH,,,,,,,,,,,,,,,,,,2,111.8,"1.000,",,,,,,,,
2026-08-18T11:13:31.849864,9580,0x46,PUCCH,,,,,,,,,,,,,,,,,,1,-inf,"0.000,",,,,,,,,
2026-08-18T11:13:32.729769,9600,0x46,PUCCH,,,,,,,,,,,,,,,,,,1,-inf,"0.000,",,,,,,,,
2026-08-18T11:13:32.767287,9601,0x46,PUCCH,,,,,,,,,,,,,,,,,,2,111.8,"1.000,",,,,,,,,
2026-08-18T11:13:33.280176,9620,0x46,PUCCH,,,,,,,,,,,,,,,,,,1,-inf,"0.000,",,,,,,,,
2026-08-18T11:13:34.073110,9640,0x46,PUCCH,,,,,,,,,,,,,,,,,,1,-inf,"0.000,",,,,,,,,
2026-08-18T11:13:34.112692,9641,0x46,PUCCH,,,,,,,,,,,,,,,,,,2,111.8,"1.000,",,,,,,,,
2026-08-18T11:13:34.913292,9660,0x46,PUCCH,,,,,,,,,,,,,,,,,,1,-inf,"0.000,",,,,,,,,
2026-08-18T11:13:35.858436,9680,0x46,PUCCH,,,,,,,,,,,,,,,,,,1,-inf,"0.000,",,,,,,,,
2026-08-18T11:13:35.908981,9681,0x46,PUCCH,,,,,,,,,,,,,,,,,,2,111.8,"1.000,",,,,,,,,
2026-08-18T11:13:37.046847,9700,0x46,PUCCH,,,,,,,,,,,,,,,,,,1,-inf,"0.000,",,,,,,,,
2026-08-18T11:13:38.037393,9720,0x46,PUCCH,,,,,,,,,,,,,,,,,,1,-inf,"0.000,",,,,,,,,
2026-08-18T11:13:38.078136,9721,0x46,PUCCH,,,,,,,,,,,,,,,,,,2,111.8,"1.000,",,,,,,,,
2026-08-18T11:13:38.914739,9740,0x46,PUCCH,,,,,,,,,,,,,,,,,,1,-inf,"0.000,",,,,,,,,
2026-08-18T11:13:39.756220,9760,0x46,PUCCH,,,,,,,,,,,,,,,,,,1,-inf,"0.000,",,,,,,,,
2026-08-18T11:13:39.808706,9761,0x46,PUCCH,,,,,,,,,,,,,,,,,,2,111.8,"1.000,",,,,,,,,
2026-08-18T11:13:40.426713,9780,0x46,PUCCH,,,,,,,,,,,,,,,,,,1,-inf,"0.000,",,,,,,,,
2026-08-18T11:13:41.323428,9800,0x46,PUCCH,,,,,,,,,,,,,,,,,,1,-inf,"0.000,",,,,,,,,
2026-08-18T11:13:41.396734,9801,0x46,PUCCH,,,,,,,,,,,,,,,,,,2,111.8,"1.000,",,,,,,,,
2026-08-18T11:13:42.227139,9820,0x46,PUCCH,,,,,,,,,,,,,,,,,,1,-inf,"0.000,",,,,,,,,
2026-08-18T11:13:43.170498,9840,0x46,PUCCH,,,,,,,,,,,,,,,,,,1,-inf,"0.000,",,,,,,,,
2026-08-18T11:13:43.214693,9841,0x46,PUCCH,,,,,,,,,,,,,,,,,,2,111.8,"1.000,",,,,,,,,
2026-08-18T11:13:44.128077,9860,0x46,PUCCH,,,,,,,,,,,,,,,,,,1,-inf,"0.000,",,,,,,,,
2026-08-18T11:13:45.244279,9880,0x46,PUCCH,,,,,,,,,,,,,,,,,,1,-inf,"0.000,",,,,,,,,
2026-08-18T11:13:45.297311,9881,0x46,PUCCH,,,,,,,,,,,,,,,,,,2,111.8,"1.000,",,,,,,,,
2026-08-18T11:13:46.223512,9900,0x46,PUCCH,,,,,,,,,,,,,,,,,,1,-inf,"0.000,",,,,,,,,
2026-08-18T11:13:46.972280,9920,0x46,PUCCH,,,,,,,,,,,,,,,,,,1,-inf,"0.000,",,,,,,,,
2026-08-18T11:13:47.004589,9921,0x46,PUCCH,,,,,,,,,,,,,,,,,,2,111.8,"1.000,",,,,,,,,
2026-08-18T11:13:47.730981,9940,0x46,PUCCH,,,,,,,,,,,,,,,,,,1,-inf,"0.000,",,,,,,,,
2026-08-18T11:13:48.553172,9960,0x46,PUCCH,,,,,,,,,,,,,,,,,,1,-inf,"0.000,",,,,,,,,
2026-08-18T11:13:48.602758,9961,0x46,PUCCH,,,,,,,,,,,,,,,,,,2,111.8,"1.000,",,,,,,,,
2026-08-18T11:13:49.629434,9980,0x46,PUCCH,,,,,,,,,,,,,,,,,,1,-inf,"0.000,",,,,,,,,
2026-08-18T11:13:50.735021,10000,0x46,PUCCH,,,,,,,,,,,,,,,,,,1,-inf,"0.000,",,,,,,,,
2026-08-18T11:13:50.794346,10001,0x46,PUCCH,,,,,,,,,,,,,,,,,,2,111.8,"1.000,",,,,,,,,
2026-08-18T11:13:51.581630,10020,0x46,PUCCH,,,,,,,,,,,,,,,,,,1,-inf,"0.000,",,,,,,,,
2026-08-18T11:13:52.600495,10040,0x46,PUCCH,,,,,,,,,,,,,,,,,,1,-inf,"0.000,",,,,,,,,
2026-08-18T11:13:52.652463,10041,0x46,PUCCH,,,,,,,,,,,,,,,,,,2,111.8,"1.000,",,,,,,,,
2026-08-18T11:13:53.575509,10060,0x46,PUCCH,,,,,,,,,,,,,,,,,,1,-inf,"0.000,",,,,,,,,
2026-08-18T11:13:54.382525,10080,0x46,PUCCH,,,,,,,,,,,,,,,,,,1,-inf,"0.000,",,,,,,,,
2026-08-18T11:13:54.414490,10081,0x46,PUCCH,,,,,,,,,,,,,,,,,,2,111.8,"1.000,",,,,,,,,
2026-08-18T11:13:55.141961,10100,0x46,PUCCH,,,,,,,,,,,,,,,,,,1,-inf,"0.000,",,,,,,,,
2026-08-18T11:13:55.992721,10120,0x46,PUCCH,,,,,,,,,,,,,,,,,,1,-inf,"0.000,",,,,,,,,
2026-08-18T11:13:56.039799,10121,0x46,PUCCH,,,,,,,,,,,,,,,,,,2,111.8,"1.000,",,,,,,,,
2026-08-18T11:13:56.653363,10140,0x46,PUCCH,,,,,,,,,,,,,,,,,,1,-inf,"0.000,",,,,,,,,
2026-08-18T11:13:57.408597,10160,0x46,PUCCH,,,,,,,,,,,,,,,,,,1,-inf,"0.000,",,,,,,,,
2026-08-18T11:13:57.468271,10161,0x46,PUCCH,,,,,,,,,,,,,,,,,,2,111.8,"1.000,",,,,,,,,
2026-08-18T11:13:58.270698,10180,0x46,PUCCH,,,,,,,,,,,,,,,,,,1,-inf,"0.000,",,,,,,,,
2026-08-18T11:13:59.215602,10200,0x46,PUCCH,,,,,,,,,,,,,,,,,,1,-inf,"0.000,",,,,,,,,
2026-08-18T11:13:59.257229,10201,0x46,PUCCH,,,,,,,,,,,,,,,,,,2,111.8,"1.000,",,,,,,,,
2026-08-18T11:14:00.268847,10220,0x46,PUCCH,,,,,,,,,,,,,,,,,,1,-inf,"0.000,",,,,,,,,
2026-08-18T11:14:01.028950,0,0x46,PUCCH,,,,,,,,,,,,,,,,,,1,-inf,"0.000,",,,,,,,,
2026-08-18T11:14:01.089224,1,0x46,PUCCH,,,,,,,,,,,,,,,,,,2,111.8,"1.000,",,,,,,,,
2026-08-18T11:14:01.695098,20,0x46,PUCCH,,,,,,,,,,,,,,,,,,1,-inf,"0.000,",,,,,,,,
2026-08-18T11:14:02.668202,40,0x46,PUCCH,,,,,,,,,,,,,,,,,,1,-inf,"0.000,",,,,,,,,
2026-08-18T11:14:02.732779,41,0x46,PUCCH,,,,,,,,,,,,,,,,,,2,111.8,"1.000,",,,,,,,,
2026-08-18T11:14:04.325724,60,0x46,PUCCH,,,,,,,,,,,,,,,,,,1,-inf,"0.000,",,,,,,,,
2026-08-18T11:14:05.326719,80,0x46,PUCCH,,,,,,,,,,,,,,,,,,1,-inf,"0.000,",,,,,,,,
2026-08-18T11:14:05.377605,81,0x46,PUCCH,,,,,,,,,,,,,,,,,,2,111.8,"1.000,",,,,,,,,
2026-08-18T11:14:06.607539,100,0x46,PUCCH,,,,,,,,,,,,,,,,,,1,-inf,"0.000,",,,,,,,,
2026-08-18T11:14:07.633640,120,0x46,PUCCH,,,,,,,,,,,,,,,,,,1,-inf,"0.000,",,,,,,,,
2026-08-18T11:14:07.675075,121,0x46,PUCCH,,,,,,,,,,,,,,,,,,2,111.8,"1.000,",,,,,,,,
2026-08-18T11:14:08.514476,140,0x46,PUCCH,,,,,,,,,,,,,,,,,,1,-inf,"0.000,",,,,,,,,
2026-08-18T11:14:09.502228,160,0x46,PUCCH,,,,,,,,,,,,,,,,,,1,-inf,"0.000,",,,,,,,,
2026-08-18T11:14:09.534221,161,0x46,PUCCH,,,,,,,,,,,,,,,,,,2,111.8,"1.000,",,,,,,,,
2026-08-18T11:14:10.243868,180,0x46,PUCCH,,,,,,,,,,,,,,,,,,1,-inf,"0.000,",,,,,,,,
2026-08-18T11:14:11.266794,200,0x46,PUCCH,,,,,,,,,,,,,,,,,,1,-inf,"0.000,",,,,,,,,
2026-08-18T11:14:11.303676,201,0x46,PUCCH,,,,,,,,,,,,,,,,,,2,111.8,"1.000,",,,,,,,,
2026-08-18T11:14:11.999101,220,0x46,PUCCH,,,,,,,,,,,,,,,,,,1,-inf,"0.000,",,,,,,,,
2026-08-18T11:14:13.170970,240,0x46,PUCCH,,,,,,,,,,,,,,,,,,1,-inf,"0.000,",,,,,,,,
2026-08-18T11:14:13.242138,241,0x46,PUCCH,,,,,,,,,,,,,,,,,,2,111.8,"1.000,",,,,,,,,
2026-08-18T11:14:14.102814,260,0x46,PUCCH,,,,,,,,,,,,,,,,,,1,-inf,"0.000,",,,,,,,,
2026-08-18T11:14:15.369679,280,0x46,PUCCH,,,,,,,,,,,,,,,,,,1,-inf,"0.000,",,,,,,,,
2026-08-18T11:14:15.409667,281,0x46,PUCCH,,,,,,,,,,,,,,,,,,2,111.8,"1.000,",,,,,,,,
2026-08-18T11:14:16.429305,300,0x46,PUCCH,,,,,,,,,,,,,,,,,,1,-inf,"0.000,",,,,,,,,
2026-08-18T11:14:17.532272,320,0x46,PUCCH,,,,,,,,,,,,,,,,,,1,-inf,"0.000,",,,,,,,,
2026-08-18T11:14:17.570181,321,0x46,PUCCH,,,,,,,,,,,,,,,,,,2,111.8,"1.000,",,,,,,,,
2026-08-18T11:14:18.432746,340,0x46,PUCCH,,,,,,,,,,,,,,,,,,1,-inf,"0.000,",,,,,,,,
2026-08-18T11:14:19.262170,360,0x46,PUCCH,,,,,,,,,,,,,,,,,,1,-inf,"0.000,",,,,,,,,
2026-08-18T11:14:19.285354,361,0x46,PUCCH,,,,,,,,,,,,,,,,,,2,111.8,"1.000,",,,,,,,,
2026-08-18T11:14:20.341581,380,0x46,PUCCH,,,,,,,,,,,,,,,,,,1,-inf,"0.000,",,,,,,,,
2026-08-18T11:14:21.015671,400,0x46,PUCCH,,,,,,,,,,,,,,,,,,1,-inf,"0.000,",,,,,,,,
2026-08-18T11:14:21.045537,401,0x46,PUCCH,,,,,,,,,,,,,,,,,,2,111.8,"1.000,",,,,,,,,
2026-08-18T11:14:21.920449,420,0x46,PUCCH,,,,,,,,,,,,,,,,,,1,-inf,"0.000,",,,,,,,,
2026-08-18T11:14:22.731076,440,0x46,PUCCH,,,,,,,,,,,,,,,,,,1,-inf,"0.000,",,,,,,,,
2026-08-18T11:14:22.759142,441,0x46,PUCCH,,,,,,,,,,,,,,,,,,2,111.8,"1.000,",,,,,,,,
2026-08-18T11:14:23.504586,460,0x46,PUCCH,,,,,,,,,,,,,,,,,,1,-inf,"0.000,",,,,,,,,
2026-08-18T11:14:24.693422,480,0x46,PUCCH,,,,,,,,,,,,,,,,,,1,-inf,"0.000,",,,,,,,,
2026-08-18T11:14:24.721214,481,0x46,PUCCH,,,,,,,,,,,,,,,,,,2,111.8,"1.000,",,,,,,,,
2026-08-18T11:14:25.399233,500,0x46,PUCCH,,,,,,,,,,,,,,,,,,1,-inf,"0.000,",,,,,,,,
2026-08-18T11:14:26.036524,520,0x46,PUCCH,,,,,,,,,,,,,,,,,,1,-inf,"0.000,",,,,,,,,
2026-08-18T11:14:26.074587,521,0x46,PUCCH,,,,,,,,,,,,,,,,,,2,111.8,"1.000,",,,,,,,,
2026-08-18T11:14:26.841876,540,0x46,PUCCH,,,,,,,,,,,,,,,,,,1,-inf,"0.000,",,,,,,,,
2026-08-18T11:14:27.685028,560,0x46,PUCCH,,,,,,,,,,,,,,,,,,1,-inf,"0.000,",,,,,,,,
2026-08-18T11:14:27.716149,561,0x46,PUCCH,,,,,,,,,,,,,,,,,,2,111.8,"1.000,",,,,,,,,
2026-08-18T11:14:28.512490,580,0x46,PUCCH,,,,,,,,,,,,,,,,,,1,-inf,"0.000,",,,,,,,,
2026-08-18T11:14:29.353930,600,0x46,PUCCH,,,,,,,,,,,,,,,,,,1,-inf,"0.000,",,,,,,,,
2026-08-18T11:14:29.406876,601,0x46,PUCCH,,,,,,,,,,,,,,,,,,2,111.8,"1.000,",,,,,,,,
2026-08-18T11:14:30.663489,620,0x46,PUCCH,,,,,,,,,,,,,,,,,,1,-inf,"0.000,",,,,,,,,
2026-08-18T11:14:32.002127,640,0x46,PUCCH,,,,,,,,,,,,,,,,,,1,-inf,"0.000,",,,,,,,,
2026-08-18T11:14:32.031887,641,0x46,PUCCH,,,,,,,,,,,,,,,,,,2,111.8,"1.000,",,,,,,,,
2026-08-18T11:14:32.796083,660,0x46,PUCCH,,,,,,,,,,,,,,,,,,1,-inf,"0.000,",,,,,,,,
2026-08-18T11:14:34.040347,680,0x46,PUCCH,,,,,,,,,,,,,,,,,,1,-inf,"0.000,",,,,,,,,
2026-08-18T11:14:34.079236,681,0x46,PUCCH,,,,,,,,,,,,,,,,,,2,111.8,"1.000,",,,,,,,,
2026-08-18T11:14:34.834726,700,0x46,PUCCH,,,,,,,,,,,,,,,,,,1,-inf,"0.000,",,,,,,,,
2026-08-18T11:14:35.607308,720,0x46,PUCCH,,,,,,,,,,,,,,,,,,1,-inf,"0.000,",,,,,,,,
2026-08-18T11:14:35.658348,721,0x46,PUCCH,,,,,,,,,,,,,,,,,,2,111.8,"1.000,",,,,,,,,
2026-08-18T11:14:36.880534,740,0x46,PUCCH,,,,,,,,,,,,,,,,,,1,-inf,"0.000,",,,,,,,,
2026-08-18T11:14:37.761185,760,0x46,PUCCH,,,,,,,,,,,,,,,,,,1,-inf,"0.000,",,,,,,,,
2026-08-18T11:14:37.791791,761,0x46,PUCCH,,,,,,,,,,,,,,,,,,2,111.8,"1.000,",,,,,,,,
2026-08-18T11:14:38.439515,780,0x46,PUCCH,,,,,,,,,,,,,,,,,,1,-inf,"0.000,",,,,,,,,
2026-08-18T11:14:39.303911,800,0x46,PUCCH,,,,,,,,,,,,,,,,,,1,-inf,"0.000,",,,,,,,,
2026-08-18T11:14:39.337836,801,0x46,PUCCH,,,,,,,,,,,,,,,,,,2,111.8,"1.000,",,,,,,,,
2026-08-18T11:14:40.185285,820,0x46,PUCCH,,,,,,,,,,,,,,,,,,1,-inf,"0.000,",,,,,,,,
2026-08-18T11:14:41.133726,840,0x46,PUCCH,,,,,,,,,,,,,,,,,,1,-inf,"0.000,",,,,,,,,
2026-08-18T11:14:41.175676,841,0x46,PUCCH,,,,,,,,,,,,,,,,,,2,111.8,"1.000,",,,,,,,,
2026-08-18T11:14:41.850818,860,0x46,PUCCH,,,,,,,,,,,,,,,,,,1,-inf,"0.000,",,,,,,,,
2026-08-18T11:14:42.564698,880,0x46,PUCCH,,,,,,,,,,,,,,,,,,1,-inf,"0.000,",,,,,,,,
2026-08-18T11:14:42.594566,881,0x46,PUCCH,,,,,,,,,,,,,,,,,,2,111.8,"1.000,",,,,,,,,
2026-08-18T11:14:43.566222,900,0x46,PUCCH,,,,,,,,,,,,,,,,,,1,-inf,"0.000,",,,,,,,,
2026-08-18T11:14:44.348535,920,0x46,PUCCH,,,,,,,,,,,,,,,,,,1,-inf,"0.000,",,,,,,,,
2026-08-18T11:14:44.385382,921,0x46,PUCCH,,,,,,,,,,,,,,,,,,2,111.8,"1.000,",,,,,,,,
2026-08-18T11:14:45.027512,940,0x46,PUCCH,,,,,,,,,,,,,,,,,,1,-inf,"0.000,",,,,,,,,
2026-08-18T11:14:46.084289,960,0x46,PUCCH,,,,,,,,,,,,,,,,,,1,-inf,"0.000,",,,,,,,,
2026-08-18T11:14:46.138178,961,0x46,PUCCH,,,,,,,,,,,,,,,,,,2,111.8,"1.000,",,,,,,,,
2026-08-18T11:14:46.878385,980,0x46,PUCCH,,,,,,,,,,,,,,,,,,1,-inf,"0.000,",,,,,,,,
2026-08-18T11:14:47.604093,1000,0x46,PUCCH,,,,,,,,,,,,,,,,,,1,-inf,"0.000,",,,,,,,,
2026-08-18T11:14:47.629348,1001,0x46,PUCCH,,,,,,,,,,,,,,,,,,2,111.8,"1.000,",,,,,,,,
2026-08-18T11:14:48.228248,1020,0x46,PUCCH,,,,,,,,,,,,,,,,,,1,-inf,"0.000,",,,,,,,,
2026-08-18T11:14:49.222349,1040,0x46,PUCCH,,,,,,,,,,,,,,,,,,1,-inf,"0.000,",,,,,,,,
2026-08-18T11:14:49.254542,1041,0x46,PUCCH,,,,,,,,,,,,,,,,,,2,111.8,"1.000,",,,,,,,,
2026-08-18T11:14:49.803880,1060,0x46,PUCCH,,,,,,,,,,,,,,,,,,1,-inf,"0.000,",,,,,,,,
2026-08-18T11:14:50.828790,1080,0x46,PUCCH,,,,,,,,,,,,,,,,,,1,-inf,"0.000,",,,,,,,,
2026-08-18T11:14:50.869868,1081,0x46,PUCCH,,,,,,,,,,,,,,,,,,2,111.8,"1.000,",,,,,,,,
2026-08-18T11:14:51.536152,1100,0x46,PUCCH,,,,,,,,,,,,,,,,,,1,-inf,"0.000,",,,,,,,,
2026-08-18T11:14:52.284565,1120,0x46,PUCCH,,,,,,,,,,,,,,,,,,1,-inf,"0.000,",,,,,,,,
2026-08-18T11:14:52.315949,1121,0x46,PUCCH,,,,,,,,,,,,,,,,,,2,111.8,"1.000,",,,,,,,,
2026-08-18T11:14:53.222004,1140,0x46,PUCCH,,,,,,,,,,,,,,,,,,1,-inf,"0.000,",,,,,,,,
2026-08-18T11:14:54.001558,1160,0x46,PUCCH,,,,,,,,,,,,,,,,,,1,-inf,"0.000,",,,,,,,,
2026-08-18T11:14:54.035245,1161,0x46,PUCCH,,,,,,,,,,,,,,,,,,2,111.8,"1.000,",,,,,,,,
2026-08-18T11:14:54.905951,1180,0x46,PUCCH,,,,,,,,,,,,,,,,,,1,-inf,"0.000,",,,,,,,,
2026-08-18T11:14:55.637130,1200,0x46,PUCCH,,,,,,,,,,,,,,,,,,1,-inf,"0.000,",,,,,,,,
2026-08-18T11:14:55.667412,1201,0x46,PUCCH,,,,,,,,,,,,,,,,,,2,111.8,"1.000,",,,,,,,,
2026-08-18T11:14:56.346074,1220,0x46,PUCCH,,,,,,,,,,,,,,,,,,1,-inf,"0.000,",,,,,,,,
2026-08-18T11:14:56.983501,1240,0x46,PUCCH,,,,,,,,,,,,,,,,,,1,-inf,"0.000,",,,,,,,,
2026-08-18T11:14:57.014684,1241,0x46,PUCCH,,,,,,,,,,,,,,,,,,2,111.8,"1.000,",,,,,,,,
2026-08-18T11:14:57.812979,1260,0x46,PUCCH,,,,,,,,,,,,,,,,,,1,-inf,"0.000,",,,,,,,,
2026-08-18T11:14:58.492062,1280,0x46,PUCCH,,,,,,,,,,,,,,,,,,1,-inf,"0.000,",,,,,,,,
2026-08-18T11:14:58.524745,1281,0x46,PUCCH,,,,,,,,,,,,,,,,,,2,111.8,"1.000,",,,,,,,,
2026-08-18T11:14:59.335186,1300,0x46,PUCCH,,,,,,,,,,,,,,,,,,1,-inf,"0.000,",,,,,,,,
2026-08-18T11:15:00.004861,1320,0x46,PUCCH,,,,,,,,,,,,,,,,,,1,-inf,"0.000,",,,,,,,,
2026-08-18T11:15:00.037624,1321,0x46,PUCCH,,,,,,,,,,,,,,,,,,2,111.8,"1.000,",,,,,,,,
2026-08-18T11:15:00.937044,1340,0x46,PUCCH,,,,,,,,,,,,,,,,,,1,-inf,"0.000,",,,,,,,,
2026-08-18T11:15:02.002148,1360,0x46,PUCCH,,,,,,,,,,,,,,,,,,1,-inf,"0.000,",,,,,,,,
2026-08-18T11:15:02.055524,1361,0x46,PUCCH,,,,,,,,,,,,,,,,,,2,111.8,"1.000,",,,,,,,,
2026-08-18T11:15:02.995972,1380,0x46,PUCCH,,,,,,,,,,,,,,,,,,1,-inf,"0.000,",,,,,,,,
2026-08-18T11:15:04.137109,1400,0x46,PUCCH,,,,,,,,,,,,,,,,,,1,-inf,"0.000,",,,,,,,,
2026-08-18T11:15:04.183385,1401,0x46,PUCCH,,,,,,,,,,,,,,,,,,2,111.8,"1.000,",,,,,,,,
2026-08-18T11:15:05.028712,1420,0x46,PUCCH,,,,,,,,,,,,,,,,,,1,-inf,"0.000,",,,,,,,,
2026-08-18T11:15:05.923061,1440,0x46,PUCCH,,,,,,,,,,,,,,,,,,1,-inf,"0.000,",,,,,,,,
2026-08-18T11:15:05.970877,1441,0x46,PUCCH,,,,,,,,,,,,,,,,,,2,111.8,"1.000,",,,,,,,,
2026-08-18T11:15:06.745434,1460,0x46,PUCCH,,,,,,,,,,,,,,,,,,1,-inf,"0.000,",,,,,,,,
2026-08-18T11:15:07.529581,1480,0x46,PUCCH,,,,,,,,,,,,,,,,,,1,-inf,"0.000,",,,,,,,,
2026-08-18T11:15:07.559941,1481,0x46,PUCCH,,,,,,,,,,,,,,,,,,2,111.8,"1.000,",,,,,,,,
2026-08-18T11:15:08.178188,1500,0x46,PUCCH,,,,,,,,,,,,,,,,,,1,-inf,"0.000,",,,,,,,,
2026-08-18T11:15:08.967319,1520,0x46,PUCCH,,,,,,,,,,,,,,,,,,1,-inf,"0.000,",,,,,,,,
2026-08-18T11:15:09.005596,1521,0x46,PUCCH,,,,,,,,,,,,,,,,,,2,111.8,"1.000,",,,,,,,,
2026-08-18T11:15:09.677342,1540,0x46,PUCCH,,,,,,,,,,,,,,,,,,1,-inf,"0.000,",,,,,,,,
2026-08-18T11:15:10.507839,1560,0x46,PUCCH,,,,,,,,,,,,,,,,,,1,-inf,"0.000,",,,,,,,,
2026-08-18T11:15:10.539256,1561,0x46,PUCCH,,,,,,,,,,,,,,,,,,2,111.8,"1.000,",,,,,,,,
2026-08-18T11:15:11.191705,1580,0x46,PUCCH,,,,,,,,,,,,,,,,,,1,-inf,"0.000,",,,,,,,,
2026-08-18T11:15:11.794759,1600,0x46,PUCCH,,,,,,,,,,,,,,,,,,1,-inf,"0.000,",,,,,,,,
2026-08-18T11:15:11.833457,1601,0x46,PUCCH,,,,,,,,,,,,,,,,,,2,111.8,"1.000,",,,,,,,,
2026-08-18T11:15:12.544434,1620,0x46,PUCCH,,,,,,,,,,,,,,,,,,1,-inf,"0.000,",,,,,,,,
2026-08-18T11:15:13.339463,1640,0x46,PUCCH,,,,,,,,,,,,,,,,,,1,-inf,"0.000,",,,,,,,,
2026-08-18T11:15:13.370731,1641,0x46,PUCCH,,,,,,,,,,,,,,,,,,2,111.8,"1.000,",,,,,,,,
2026-08-18T11:15:14.465783,1660,0x46,PUCCH,,,,,,,,,,,,,,,,,,1,-inf,"0.000,",,,,,,,,
2026-08-18T11:15:15.155766,1680,0x46,PUCCH,,,,,,,,,,,,,,,,,,1,-inf,"0.000,",,,,,,,,
2026-08-18T11:15:15.189115,1681,0x46,PUCCH,,,,,,,,,,,,,,,,,,2,111.8,"1.000,",,,,,,,,
2026-08-18T11:15:16.432174,1700,0x46,PUCCH,,,,,,,,,,,,,,,,,,1,-inf,"0.000,",,,,,,,,
2026-08-18T11:15:17.314834,1720,0x46,PUCCH,,,,,,,,,,,,,,,,,,1,-inf,"0.000,",,,,,,,,
2026-08-18T11:15:17.389258,1721,0x46,PUCCH,,,,,,,,,,,,,,,,,,2,111.8,"1.000,",,,,,,,,
2026-08-18T11:15:18.210122,1740,0x46,PUCCH,,,,,,,,,,,,,,,,,,1,-inf,"0.000,",,,,,,,,
2026-08-18T11:15:18.908829,1760,0x46,PUCCH,,,,,,,,,,,,,,,,,,1,-inf,"0.000,",,,,,,,,
2026-08-18T11:15:18.930627,1761,0x46,PUCCH,,,,,,,,,,,,,,,,,,2,111.8,"1.000,",,,,,,,,
2026-08-18T11:15:19.696671,1780,0x46,PUCCH,,,,,,,,,,,,,,,,,,1,-inf,"0.000,",,,,,,,,
2026-08-18T11:15:20.557729,1800,0x46,PUCCH,,,,,,,,,,,,,,,,,,1,-inf,"0.000,",,,,,,,,
2026-08-18T11:15:20.608187,1801,0x46,PUCCH,,,,,,,,,,,,,,,,,,2,111.8,"1.000,",,,,,,,,
2026-08-18T11:15:21.322619,1820,0x46,PUCCH,,,,,,,,,,,,,,,,,,1,-inf,"0.000,",,,,,,,,
2026-08-18T11:15:22.205864,1840,0x46,PUCCH,,,,,,,,,,,,,,,,,,1,-inf,"0.000,",,,,,,,,
2026-08-18T11:15:22.239464,1841,0x46,PUCCH,,,,,,,,,,,,,,,,,,2,111.8,"1.000,",,,,,,,,
2026-08-18T11:15:22.936904,1860,0x46,PUCCH,,,,,,,,,,,,,,,,,,1,-inf,"0.000,",,,,,,,,
2026-08-18T11:15:23.549106,1880,0x46,PUCCH,,,,,,,,,,,,,,,,,,1,-inf,"0.000,",,,,,,,,
2026-08-18T11:15:23.603741,1881,0x46,PUCCH,,,,,,,,,,,,,,,,,,2,111.8,"1.000,",,,,,,,,
2026-08-18T11:15:24.572770,1900,0x46,PUCCH,,,,,,,,,,,,,,,,,,1,-inf,"0.000,",,,,,,,,
2026-08-18T11:15:25.551296,1920,0x46,PUCCH,,,,,,,,,,,,,,,,,,1,-inf,"0.000,",,,,,,,,
2026-08-18T11:15:25.602141,1921,0x46,PUCCH,,,,,,,,,,,,,,,,,,2,111.8,"1.000,",,,,,,,,
2026-08-18T11:15:26.294730,1940,0x46,PUCCH,,,,,,,,,,,,,,,,,,1,-inf,"0.000,",,,,,,,,
2026-08-18T11:15:26.937619,1960,0x46,PUCCH,,,,,,,,,,,,,,,,,,1,-inf,"0.000,",,,,,,,,
2026-08-18T11:15:26.964353,1961,0x46,PUCCH,,,,,,,,,,,,,,,,,,2,111.8,"1.000,",,,,,,,,
2026-08-18T11:15:27.725820,1980,0x46,PUCCH,,,,,,,,,,,,,,,,,,1,-inf,"0.000,",,,,,,,,
2026-08-18T11:15:28.414525,2000,0x46,PUCCH,,,,,,,,,,,,,,,,,,1,-inf,"0.000,",,,,,,,,
2026-08-18T11:15:28.457353,2001,0x46,PUCCH,,,,,,,,,,,,,,,,,,2,111.8,"1.000,",,,,,,,,
2026-08-18T11:15:29.002707,2020,0x46,PUCCH,,,,,,,,,,,,,,,,,,1,-inf,"0.000,",,,,,,,,
2026-08-18T11:15:30.024940,2040,0x46,PUCCH,,,,,,,,,,,,,,,,,,1,-inf,"0.000,",,,,,,,,
2026-08-18T11:15:30.085876,2041,0x46,PUCCH,,,,,,,,,,,,,,,,,,2,111.8,"1.000,",,,,,,,,
2026-08-18T11:15:30.895206,2060,0x46,PUCCH,,,,,,,,,,,,,,,,,,1,-inf,"0.000,",,,,,,,,
2026-08-18T11:15:31.876358,2080,0x46,PUCCH,,,,,,,,,,,,,,,,,,1,-inf,"0.000,",,,,,,,,
2026-08-18T11:15:31.913917,2081,0x46,PUCCH,,,,,,,,,,,,,,,,,,2,111.8,"1.000,",,,,,,,,
2026-08-18T11:15:32.597412,2100,0x46,PUCCH,,,,,,,,,,,,,,,,,,1,-inf,"0.000,",,,,,,,,
2026-08-18T11:15:33.303267,2120,0x46,PUCCH,,,,,,,,,,,,,,,,,,1,-inf,"0.000,",,,,,,,,
2026-08-18T11:15:33.349847,2121,0x46,PUCCH,,,,,,,,,,,,,,,,,,2,111.8,"1.000,",,,,,,,,
2026-08-18T11:15:34.101283,2140,0x46,PUCCH,,,,,,,,,,,,,,,,,,1,-inf,"0.000,",,,,,,,,
2026-08-18T11:15:35.113658,2160,0x46,PUCCH,,,,,,,,,,,,,,,,,,1,-inf,"0.000,",,,,,,,,
2026-08-18T11:15:35.146080,2161,0x46,PUCCH,,,,,,,,,,,,,,,,,,2,111.8,"1.000,",,,,,,,,
2026-08-18T11:15:35.836183,2180,0x46,PUCCH,,,,,,,,,,,,,,,,,,1,-inf,"0.000,",,,,,,,,
2026-08-18T11:15:36.973729,2200,0x46,PUCCH,,,,,,,,,,,,,,,,,,1,-inf,"0.000,",,,,,,,,
2026-08-18T11:15:37.037161,2201,0x46,PUCCH,,,,,,,,,,,,,,,,,,2,111.8,"1.000,",,,,,,,,
2026-08-18T11:15:37.744219,2220,0x46,PUCCH,,,,,,,,,,,,,,,,,,1,-inf,"0.000,",,,,,,,,
2026-08-18T11:15:38.797238,2240,0x46,PUCCH,,,,,,,,,,,,,,,,,,1,-inf,"0.000,",,,,,,,,
2026-08-18T11:15:38.837447,2241,0x46,PUCCH,,,,,,,,,,,,,,,,,,2,111.8,"1.000,",,,,,,,,
2026-08-18T11:15:39.930651,2260,0x46,PUCCH,,,,,,,,,,,,,,,,,,1,-inf,"0.000,",,,,,,,,
2026-08-18T11:15:40.817290,2280,0x46,PUCCH,,,,,,,,,,,,,,,,,,1,-inf,"0.000,",,,,,,,,
2026-08-18T11:15:40.865318,2281,0x46,PUCCH,,,,,,,,,,,,,,,,,,2,111.8,"1.000,",,,,,,,,
2026-08-18T11:15:41.667543,2300,0x46,PUCCH,,,,,,,,,,,,,,,,,,1,-inf,"0.000,",,,,,,,,
2026-08-18T11:15:42.489814,2320,0x46,PUCCH,,,,,,,,,,,,,,,,,,1,-inf,"0.000,",,,,,,,,
2026-08-18T11:15:42.541786,2321,0x46,PUCCH,,,,,,,,,,,,,,,,,,2,111.8,"1.000,",,,,,,,,
2026-08-18T11:15:43.215349,2340,0x46,PUCCH,,,,,,,,,,,,,,,,,,1,-inf,"0.000,",,,,,,,,
2026-08-18T11:15:43.866311,2360,0x46,PUCCH,,,,,,,,,,,,,,,,,,1,-inf,"0.000,",,,,,,,,
2026-08-18T11:15:43.893826,2361,0x46,PUCCH,,,,,,,,,,,,,,,,,,2,111.8,"1.000,",,,,,,,,
2026-08-18T11:15:44.647239,2380,0x46,PUCCH,,,,,,,,,,,,,,,,,,1,-inf,"0.000,",,,,,,,,
2026-08-18T11:15:45.611348,2400,0x46,PUCCH,,,,,,,,,,,,,,,,,,1,-inf,"0.000,",,,,,,,,
2026-08-18T11:15:45.670105,2401,0x46,PUCCH,,,,,,,,,,,,,,,,,,2,111.8,"1.000,",,,,,,,,
2026-08-18T11:15:46.539615,2420,0x46,PUCCH,,,,,,,,,,,,,,,,,,1,-inf,"0.000,",,,,,,,,
2026-08-18T11:15:47.200049,2440,0x46,PUCCH,,,,,,,,,,,,,,,,,,1,-inf,"0.000,",,,,,,,,
2026-08-18T11:15:47.239168,2441,0x46,PUCCH,,,,,,,,,,,,,,,,,,2,111.8,"1.000,",,,,,,,,
2026-08-18T11:15:47.903794,2460,0x46,PUCCH,,,,,,,,,,,,,,,,,,1,-inf,"0.000,",,,,,,,,
2026-08-18T11:15:48.621125,2480,0x46,PUCCH,,,,,,,,,,,,,,,,,,1,-inf,"0.000,",,,,,,,,
2026-08-18T11:15:48.665676,2481,0x46,PUCCH,,,,,,,,,,,,,,,,,,2,111.8,"1.000,",,,,,,,,
2026-08-18T11:15:49.451153,2500,0x46,PUCCH,,,,,,,,,,,,,,,,,,1,-inf,"0.000,",,,,,,,,
2026-08-18T11:15:50.183099,2520,0x46,PUCCH,,,,,,,,,,,,,,,,,,1,-inf,"0.000,",,,,,,,,
2026-08-18T11:15:50.220792,2521,0x46,PUCCH,,,,,,,,,,,,,,,,,,2,111.8,"1.000,",,,,,,,,
2026-08-18T11:15:50.872087,2540,0x46,PUCCH,,,,,,,,,,,,,,,,,,1,-inf,"0.000,",,,,,,,,
2026-08-18T11:15:51.916859,2560,0x46,PUCCH,,,,,,,,,,,,,,,,,,1,-inf,"0.000,",,,,,,,,
2026-08-18T11:15:51.977205,2561,0x46,PUCCH,,,,,,,,,,,,,,,,,,2,111.8,"1.000,",,,,,,,,
2026-08-18T11:15:53.163928,2580,0x46,PUCCH,,,,,,,,,,,,,,,,,,1,-inf,"0.000,",,,,,,,,
2026-08-18T11:15:53.986098,2600,0x46,PUCCH,,,,,,,,,,,,,,,,,,1,-inf,"0.000,",,,,,,,,
2026-08-18T11:15:54.032507,2601,0x46,PUCCH,,,,,,,,,,,,,,,,,,2,111.8,"1.000,",,,,,,,,
2026-08-18T11:15:54.647698,2620,0x46,PUCCH,,,,,,,,,,,,,,,,,,1,-inf,"0.000,",,,,,,,,
2026-08-18T11:15:55.537402,2640,0x46,PUCCH,,,,,,,,,,,,,,,,,,1,-inf,"0.000,",,,,,,,,
2026-08-18T11:15:55.573956,2641,0x46,PUCCH,,,,,,,,,,,,,,,,,,2,111.8,"1.000,",,,,,,,,
2026-08-18T11:15:56.188425,2660,0x46,PUCCH,,,,,,,,,,,,,,,,,,1,-inf,"0.000,",,,,,,,,
2026-08-18T11:15:56.943129,2680,0x46,PUCCH,,,,,,,,,,,,,,,,,,1,-inf,"0.000,",,,,,,,,
2026-08-18T11:15:56.981776,2681,0x46,PUCCH,,,,,,,,,,,,,,,,,,2,111.8,"1.000,",,,,,,,,
2026-08-18T11:15:57.758931,2700,0x46,PUCCH,,,,,,,,,,,,,,,,,,1,-inf,"0.000,",,,,,,,,
2026-08-18T11:15:58.503516,2720,0x46,PUCCH,,,,,,,,,,,,,,,,,,1,-inf,"0.000,",,,,,,,,
2026-08-18T11:15:58.534029,2721,0x46,PUCCH,,,,,,,,,,,,,,,,,,2,111.8,"1.000,",,,,,,,,
2026-08-18T11:15:59.622781,2740,0x46,PUCCH,,,,,,,,,,,,,,,,,,1,-inf,"0.000,",,,,,,,,
2026-08-18T11:16:00.684097,2760,0x46,PUCCH,,,,,,,,,,,,,,,,,,1,-inf,"0.000,",,,,,,,,
2026-08-18T11:16:00.723718,2761,0x46,PUCCH,,,,,,,,,,,,,,,,,,2,111.8,"1.000,",,,,,,,,
2026-08-18T11:16:01.677919,2780,0x46,PUCCH,,,,,,,,,,,,,,,,,,1,-inf,"0.000,",,,,,,,,
2026-08-18T11:16:02.917833,2800,0x46,PUCCH,,,,,,,,,,,,,,,,,,1,-inf,"0.000,",,,,,,,,
2026-08-18T11:16:02.949198,2801,0x46,PUCCH,,,,,,,,,,,,,,,,,,2,111.8,"1.000,",,,,,,,,
2026-08-18T11:16:03.717943,2820,0x46,PUCCH,,,,,,,,,,,,,,,,,,1,-inf,"0.000,",,,,,,,,
2026-08-18T11:16:04.754335,2840,0x46,PUCCH,,,,,,,,,,,,,,,,,,1,-inf,"0.000,",,,,,,,,
2026-08-18T11:16:04.799184,2841,0x46,PUCCH,,,,,,,,,,,,,,,,,,2,111.8,"1.000,",,,,,,,,
2026-08-18T11:16:06.097328,2860,0x46,PUCCH,,,,,,,,,,,,,,,,,,1,-inf,"0.000,",,,,,,,,
2026-08-18T11:16:07.028438,2880,0x46,PUCCH,,,,,,,,,,,,,,,,,,1,-inf,"0.000,",,,,,,,,
2026-08-18T11:16:07.059376,2881,0x46,PUCCH,,,,,,,,,,,,,,,,,,2,111.8,"1.000,",,,,,,,,
2026-08-18T11:16:07.696482,2900,0x46,PUCCH,,,,,,,,,,,,,,,,,,1,-inf,"0.000,",,,,,,,,
2026-08-18T11:16:08.312180,2920,0x46,PUCCH,,,,,,,,,,,,,,,,,,1,-inf,"0.000,",,,,,,,,
2026-08-18T11:16:08.343263,2921,0x46,PUCCH,,,,,,,,,,,,,,,,,,2,111.8,"1.000,",,,,,,,,
2026-08-18T11:16:09.166324,2940,0x46,PUCCH,,,,,,,,,,,,,,,,,,1,-inf,"0.000,",,,,,,,,
2026-08-18T11:16:10.067988,2960,0x46,PUCCH,,,,,,,,,,,,,,,,,,1,-inf,"0.000,",,,,,,,,
2026-08-18T11:16:10.127129,2961,0x46,PUCCH,,,,,,,,,,,,,,,,,,2,111.8,"1.000,",,,,,,,,
2026-08-18T11:16:10.901321,2980,0x46,PUCCH,,,,,,,,,,,,,,,,,,1,-inf,"0.000,",,,,,,,,
2026-08-18T11:16:11.746004,3000,0x46,PUCCH,,,,,,,,,,,,,,,,,,1,-inf,"0.000,",,,,,,,,
2026-08-18T11:16:11.798676,3001,0x46,PUCCH,,,,,,,,,,,,,,,,,,2,111.8,"1.000,",,,,,,,,
2026-08-18T11:16:12.536395,3020,0x46,PUCCH,,,,,,,,,,,,,,,,,,1,-inf,"0.000,",,,,,,,,
2026-08-18T11:16:13.322120,3040,0x46,PUCCH,,,,,,,,,,,,,,,,,,1,-inf,"0.000,",,,,,,,,
2026-08-18T11:16:13.360348,3041,0x46,PUCCH,,,,,,,,,,,,,,,,,,2,111.8,"1.000,",,,,,,,,
2026-08-18T11:16:13.983428,3060,0x46,PUCCH,,,,,,,,,,,,,,,,,,1,-inf,"0.000,",,,,,,,,
2026-08-18T11:16:14.886672,3080,0x46,PUCCH,,,,,,,,,,,,,,,,,,1,-inf,"0.000,",,,,,,,,
2026-08-18T11:16:14.932586,3081,0x46,PUCCH,,,,,,,,,,,,,,,,,,2,111.8,"1.000,",,,,,,,,
2026-08-18T11:16:15.852355,3100,0x46,PUCCH,,,,,,,,,,,,,,,,,,1,-inf,"0.000,",,,,,,,,
2026-08-18T11:16:16.746919,3120,0x46,PUCCH,,,,,,,,,,,,,,,,,,1,-inf,"0.000,",,,,,,,,
2026-08-18T11:16:16.781762,3121,0x46,PUCCH,,,,,,,,,,,,,,,,,,2,111.8,"1.000,",,,,,,,,
2026-08-18T11:16:17.753722,3140,0x46,PUCCH,,,,,,,,,,,,,,,,,,1,-inf,"0.000,",,,,,,,,
2026-08-18T11:16:18.610444,3160,0x46,PUCCH,,,,,,,,,,,,,,,,,,1,-inf,"0.000,",,,,,,,,
2026-08-18T11:16:18.669460,3161,0x46,PUCCH,,,,,,,,,,,,,,,,,,2,111.8,"1.000,",,,,,,,,
2026-08-18T11:16:19.868693,3180,0x46,PUCCH,,,,,,,,,,,,,,,,,,1,-inf,"0.000,",,,,,,,,
2026-08-18T11:16:20.756730,3200,0x46,PUCCH,,,,,,,,,,,,,,,,,,1,-inf,"0.000,",,,,,,,,
2026-08-18T11:16:20.806704,3201,0x46,PUCCH,,,,,,,,,,,,,,,,,,2,111.8,"1.000,",,,,,,,,
2026-08-18T11:16:21.794358,3220,0x46,PUCCH,,,,,,,,,,,,,,,,,,1,-inf,"0.000,",,,,,,,,
2026-08-18T11:16:22.808989,3240,0x46,PUCCH,,,,,,,,,,,,,,,,,,1,-inf,"0.000,",,,,,,,,
2026-08-18T11:16:22.852038,3241,0x46,PUCCH,,,,,,,,,,,,,,,,,,2,111.8,"1.000,",,,,,,,,
2026-08-18T11:16:23.679912,3260,0x46,PUCCH,,,,,,,,,,,,,,,,,,1,-inf,"0.000,",,,,,,,,
2026-08-18T11:16:24.357848,3280,0x46,PUCCH,,,,,,,,,,,,,,,,,,1,-inf,"0.000,",,,,,,,,
2026-08-18T11:16:24.385903,3281,0x46,PUCCH,,,,,,,,,,,,,,,,,,2,111.8,"1.000,",,,,,,,,
2026-08-18T11:16:25.193087,3300,0x46,PUCCH,,,,,,,,,,,,,,,,,,1,-inf,"0.000,",,,,,,,,
2026-08-18T11:16:25.906451,3320,0x46,PUCCH,,,,,,,,,,,,,,,,,,1,-inf,"0.000,",,,,,,,,
2026-08-18T11:16:25.930650,3321,0x46,PUCCH,,,,,,,,,,,,,,,,,,2,111.8,"1.000,",,,,,,,,
2026-08-18T11:16:26.594372,3340,0x46,PUCCH,,,,,,,,,,,,,,,,,,1,-inf,"0.000,",,,,,,,,
2026-08-18T11:16:27.479897,3360,0x46,PUCCH,,,,,,,,,,,,,,,,,,1,-inf,"0.000,",,,,,,,,
2026-08-18T11:16:27.519653,3361,0x46,PUCCH,,,,,,,,,,,,,,,,,,2,111.8,"1.000,",,,,,,,,
2026-08-18T11:16:28.343528,3380,0x46,PUCCH,,,,,,,,,,,,,,,,,,1,-inf,"0.000,",,,,,,,,
2026-08-18T11:16:28.979237,3400,0x46,PUCCH,,,,,,,,,,,,,,,,,,1,-inf,"0.000,",,,,,,,,
2026-08-18T11:16:29.014289,3401,0x46,PUCCH,,,,,,,,,,,,,,,,,,2,111.8,"1.000,",,,,,,,,
2026-08-18T11:16:29.767828,3420,0x46,PUCCH,,,,,,,,,,,,,,,,,,1,-inf,"0.000,",,,,,,,,
2026-08-18T11:16:30.553255,3440,0x46,PUCCH,,,,,,,,,,,,,,,,,,1,-inf,"0.000,",,,,,,,,
2026-08-18T11:16:30.584194,3441,0x46,PUCCH,,,,,,,,,,,,,,,,,,2,111.8,"1.000,",,,,,,,,
2026-08-18T11:16:31.645958,3460,0x46,PUCCH,,,,,,,,,,,,,,,,,,1,-inf,"0.000,",,,,,,,,
2026-08-18T11:16:32.454013,3480,0x46,PUCCH,,,,,,,,,,,,,,,,,,1,-inf,"0.000,",,,,,,,,
2026-08-18T11:16:32.484279,3481,0x46,PUCCH,,,,,,,,,,,,,,,,,,2,111.8,"1.000,",,,,,,,,
2026-08-18T11:16:33.106041,3500,0x46,PUCCH,,,,,,,,,,,,,,,,,,1,-inf,"0.000,",,,,,,,,
2026-08-18T11:16:33.995745,3520,0x46,PUCCH,,,,,,,,,,,,,,,,,,1,-inf,"0.000,",,,,,,,,
2026-08-18T11:16:34.101371,3521,0x46,PUCCH,,,,,,,,,,,,,,,,,,2,111.8,"1.000,",,,,,,,,
2026-08-18T11:16:35.192447,3540,0x46,PUCCH,,,,,,,,,,,,,,,,,,1,-inf,"0.000,",,,,,,,,
2026-08-18T11:16:36.027835,3560,0x46,PUCCH,,,,,,,,,,,,,,,,,,1,-inf,"0.000,",,,,,,,,
2026-08-18T11:16:36.067021,3561,0x46,PUCCH,,,,,,,,,,,,,,,,,,2,111.8,"1.000,",,,,,,,,
2026-08-18T11:16:36.801565,3580,0x46,PUCCH,,,,,,,,,,,,,,,,,,1,-inf,"0.000,",,,,,,,,
2026-08-18T11:16:37.714506,3600,0x46,PUCCH,,,,,,,,,,,,,,,,,,1,-inf,"0.000,",,,,,,,,
2026-08-18T11:16:37.766161,3601,0x46,PUCCH,,,,,,,,,,,,,,,,,,2,111.8,"1.000,",,,,,,,,
2026-08-18T11:16:38.694196,3620,0x46,PUCCH,,,,,,,,,,,,,,,,,,1,-inf,"0.000,",,,,,,,,
2026-08-18T11:16:39.458361,3640,0x46,PUCCH,,,,,,,,,,,,,,,,,,1,-inf,"0.000,",,,,,,,,
2026-08-18T11:16:39.491199,3641,0x46,PUCCH,,,,,,,,,,,,,,,,,,2,111.8,"1.000,",,,,,,,,
2026-08-18T11:16:40.341683,3660,0x46,PUCCH,,,,,,,,,,,,,,,,,,1,-inf,"0.000,",,,,,,,,
2026-08-18T11:16:41.079328,3680,0x46,PUCCH,,,,,,,,,,,,,,,,,,1,-inf,"0.000,",,,,,,,,
2026-08-18T11:16:41.118084,3681,0x46,PUCCH,,,,,,,,,,,,,,,,,,2,111.8,"1.000,",,,,,,,,
2026-08-18T11:16:41.812989,3700,0x46,PUCCH,,,,,,,,,,,,,,,,,,1,-inf,"0.000,",,,,,,,,
2026-08-18T11:16:42.680700,3720,0x46,PUCCH,,,,,,,,,,,,,,,,,,1,-inf,"0.000,",,,,,,,,
2026-08-18T11:16:42.720658,3721,0x46,PUCCH,,,,,,,,,,,,,,,,,,2,111.8,"1.000,",,,,,,,,
2026-08-18T11:16:43.289529,3740,0x46,PUCCH,,,,,,,,,,,,,,,,,,1,-inf,"0.000,",,,,,,,,
2026-08-18T11:16:43.886634,3760,0x46,PUCCH,,,,,,,,,,,,,,,,,,1,-inf,"0.000,",,,,,,,,
2026-08-18T11:16:43.908997,3761,0x46,PUCCH,,,,,,,,,,,,,,,,,,2,111.8,"1.000,",,,,,,,,
2026-08-18T11:16:44.576684,3780,0x46,PUCCH,,,,,,,,,,,,,,,,,,1,-inf,"0.000,",,,,,,,,
2026-08-18T11:16:45.382978,3800,0x46,PUCCH,,,,,,,,,,,,,,,,,,1,-inf,"0.000,",,,,,,,,
2026-08-18T11:16:45.434079,3801,0x46,PUCCH,,,,,,,,,,,,,,,,,,2,111.8,"1.000,",,,,,,,,
2026-08-18T11:16:46.026352,3820,0x46,PUCCH,,,,,,,,,,,,,,,,,,1,-inf,"0.000,",,,,,,,,
2026-08-18T11:16:46.714908,3840,0x46,PUCCH,,,,,,,,,,,,,,,,,,1,-inf,"0.000,",,,,,,,,
2026-08-18T11:16:46.755082,3841,0x46,PUCCH,,,,,,,,,,,,,,,,,,2,111.8,"1.000,",,,,,,,,
2026-08-18T11:16:47.464262,3860,0x46,PUCCH,,,,,,,,,,,,,,,,,,1,-inf,"0.000,",,,,,,,,
2026-08-18T11:16:48.152775,3880,0x46,PUCCH,,,,,,,,,,,,,,,,,,1,-inf,"0.000,",,,,,,,,
2026-08-18T11:16:48.186282,3881,0x46,PUCCH,,,,,,,,,,,,,,,,,,2,111.8,"1.000,",,,,,,,,
2026-08-18T11:16:49.071521,3900,0x46,PUCCH,,,,,,,,,,,,,,,,,,1,-inf,"0.000,",,,,,,,,
2026-08-18T11:16:49.951777,3920,0x46,PUCCH,,,,,,,,,,,,,,,,,,1,-inf,"0.000,",,,,,,,,
2026-08-18T11:16:49.976781,3921,0x46,PUCCH,,,,,,,,,,,,,,,,,,2,111.8,"1.000,",,,,,,,,
2026-08-18T11:16:50.475777,3940,0x46,PUCCH,,,,,,,,,,,,,,,,,,1,-inf,"0.000,",,,,,,,,
2026-08-18T11:16:51.211347,3960,0x46,PUCCH,,,,,,,,,,,,,,,,,,1,-inf,"0.000,",,,,,,,,
2026-08-18T11:16:51.253868,3961,0x46,PUCCH,,,,,,,,,,,,,,,,,,2,111.8,"1.000,",,,,,,,,
2026-08-18T11:16:52.125072,3980,0x46,PUCCH,,,,,,,,,,,,,,,,,,1,-inf,"0.000,",,,,,,,,
2026-08-18T11:16:52.951557,4000,0x46,PUCCH,,,,,,,,,,,,,,,,,,1,-inf,"0.000,",,,,,,,,
2026-08-18T11:16:53.000788,4001,0x46,PUCCH,,,,,,,,,,,,,,,,,,2,111.8,"1.000,",,,,,,,,
2026-08-18T11:16:54.170426,4020,0x46,PUCCH,,,,,,,,,,,,,,,,,,1,-inf,"0.000,",,,,,,,,
2026-08-18T11:16:54.964161,4040,0x46,PUCCH,,,,,,,,,,,,,,,,,,1,-inf,"0.000,",,,,,,,,
2026-08-18T11:16:54.999832,4041,0x46,PUCCH,,,,,,,,,,,,,,,,,,2,111.8,"1.000,",,,,,,,,
2026-08-18T11:16:55.790232,4060,0x46,PUCCH,,,,,,,,,,,,,,,,,,1,-inf,"0.000,",,,,,,,,
2026-08-18T11:16:56.603564,4080,0x46,PUCCH,,,,,,,,,,,,,,,,,,1,-inf,"0.000,",,,,,,,,
2026-08-18T11:16:56.637330,4081,0x46,PUCCH,,,,,,,,,,,,,,,,,,2,111.8,"1.000,",,,,,,,,
2026-08-18T11:16:57.473009,4100,0x46,PUCCH,,,,,,,,,,,,,,,,,,1,-inf,"0.000,",,,,,,,,
2026-08-18T11:16:58.226571,4120,0x46,PUCCH,,,,,,,,,,,,,,,,,,1,-inf,"0.000,",,,,,,,,
2026-08-18T11:16:58.251847,4121,0x46,PUCCH,,,,,,,,,,,,,,,,,,2,111.8,"1.000,",,,,,,,,
2026-08-18T11:16:59.290415,4140,0x46,PUCCH,,,,,,,,,,,,,,,,,,1,-inf,"0.000,",,,,,,,,
2026-08-18T11:17:00.242760,4160,0x46,PUCCH,,,,,,,,,,,,,,,,,,1,-inf,"0.000,",,,,,,,,
2026-08-18T11:17:00.290258,4161,0x46,PUCCH,,,,,,,,,,,,,,,,,,2,111.8,"1.000,",,,,,,,,
2026-08-18T11:17:01.016770,4180,0x46,PUCCH,,,,,,,,,,,,,,,,,,1,-inf,"0.000,",,,,,,,,
2026-08-18T11:17:02.017104,4200,0x46,PUCCH,,,,,,,,,,,,,,,,,,1,-inf,"0.000,",,,,,,,,
2026-08-18T11:17:02.056665,4201,0x46,PUCCH,,,,,,,,,,,,,,,,,,2,111.8,"1.000,",,,,,,,,
2026-08-18T11:17:02.951881,4220,0x46,PUCCH,,,,,,,,,,,,,,,,,,1,-inf,"0.000,",,,,,,,,
2026-08-18T11:17:03.739493,4240,0x46,PUCCH,,,,,,,,,,,,,,,,,,1,-inf,"0.000,",,,,,,,,
2026-08-18T11:17:03.771971,4241,0x46,PUCCH,,,,,,,,,,,,,,,,,,2,111.8,"1.000,",,,,,,,,
2026-08-18T11:17:04.571031,4260,0x46,PUCCH,,,,,,,,,,,,,,,,,,1,-inf,"0.000,",,,,,,,,
2026-08-18T11:17:05.543683,4280,0x46,PUCCH,,,,,,,,,,,,,,,,,,1,-inf,"0.000,",,,,,,,,
2026-08-18T11:17:05.586164,4281,0x46,PUCCH,,,,,,,,,,,,,,,,,,2,111.8,"1.000,",,,,,,,,
2026-08-18T11:17:06.194624,4300,0x46,PUCCH,,,,,,,,,,,,,,,,,,1,-inf,"0.000,",,,,,,,,
2026-08-18T11:17:07.114081,4320,0x46,PUCCH,,,,,,,,,,,,,,,,,,1,-inf,"0.000,",,,,,,,,
2026-08-18T11:17:07.152311,4321,0x46,PUCCH,,,,,,,,,,,,,,,,,,2,111.8,"1.000,",,,,,,,,
2026-08-18T11:17:07.857391,4340,0x46,PUCCH,,,,,,,,,,,,,,,,,,1,-inf,"0.000,",,,,,,,,
2026-08-18T11:17:08.553767,4360,0x46,PUCCH,,,,,,,,,,,,,,,,,,1,-inf,"0.000,",,,,,,,,
2026-08-18T11:17:08.594742,4361,0x46,PUCCH,,,,,,,,,,,,,,,,,,2,111.8,"1.000,",,,,,,,,
2026-08-18T11:17:09.187664,4380,0x46,PUCCH,,,,,,,,,,,,,,,,,,1,-inf,"0.000,",,,,,,,,
2026-08-18T11:17:09.977859,4400,0x46,PUCCH,,,,,,,,,,,,,,,,,,1,-inf,"0.000,",,,,,,,,
2026-08-18T11:17:10.020905,4401,0x46,PUCCH,,,,,,,,,,,,,,,,,,2,111.8,"1.000,",,,,,,,,
2026-08-18T11:17:10.708375,4420,0x46,PUCCH,,,,,,,,,,,,,,,,,,1,-inf,"0.000,",,,,,,,,
2026-08-18T11:17:11.385148,4440,0x46,PUCCH,,,,,,,,,,,,,,,,,,1,-inf,"0.000,",,,,,,,,
2026-08-18T11:17:11.435121,4441,0x46,PUCCH,,,,,,,,,,,,,,,,,,2,111.8,"1.000,",,,,,,,,
2026-08-18T11:17:12.188603,4460,0x46,PUCCH,,,,,,,,,,,,,,,,,,1,-inf,"0.000,",,,,,,,,
2026-08-18T11:17:12.896428,4480,0x46,PUCCH,,,,,,,,,,,,,,,,,,1,-inf,"0.000,",,,,,,,,
2026-08-18T11:17:12.936791,4481,0x46,PUCCH,,,,,,,,,,,,,,,,,,2,111.8,"1.000,",,,,,,,,
2026-08-18T11:17:13.730137,4500,0x46,PUCCH,,,,,,,,,,,,,,,,,,1,-inf,"0.000,",,,,,,,,
2026-08-18T11:17:14.568444,4520,0x46,PUCCH,,,,,,,,,,,,,,,,,,1,-inf,"0.000,",,,,,,,,
2026-08-18T11:17:14.612031,4521,0x46,PUCCH,,,,,,,,,,,,,,,,,,2,111.8,"1.000,",,,,,,,,
2026-08-18T11:17:15.334389,4540,0x46,PUCCH,,,,,,,,,,,,,,,,,,1,-inf,"0.000,",,,,,,,,
2026-08-18T11:17:16.082965,4560,0x46,PUCCH,,,,,,,,,,,,,,,,,,1,-inf,"0.000,",,,,,,,,
2026-08-18T11:17:16.156630,4561,0x46,PUCCH,,,,,,,,,,,,,,,,,,2,111.8,"1.000,",,,,,,,,
2026-08-18T11:17:16.930569,4580,0x46,PUCCH,,,,,,,,,,,,,,,,,,1,-inf,"0.000,",,,,,,,,
2026-08-18T11:17:17.768217,4600,0x46,PUCCH,,,,,,,,,,,,,,,,,,1,-inf,"0.000,",,,,,,,,
2026-08-18T11:17:17.844840,4601,0x46,PUCCH,,,,,,,,,,,,,,,,,,2,111.8,"1.000,",,,,,,,,
2026-08-18T11:17:18.733146,4620,0x46,PUCCH,,,,,,,,,,,,,,,,,,1,-inf,"0.000,",,,,,,,,
2026-08-18T11:17:19.837139,4640,0x46,PUCCH,,,,,,,,,,,,,,,,,,1,-inf,"0.000,",,,,,,,,
2026-08-18T11:17:19.864758,4641,0x46,PUCCH,,,,,,,,,,,,,,,,,,2,111.8,"1.000,",,,,,,,,
2026-08-18T11:17:20.525021,4660,0x46,PUCCH,,,,,,,,,,,,,,,,,,1,-inf,"0.000,",,,,,,,,
2026-08-18T11:17:21.487636,4680,0x46,PUCCH,,,,,,,,,,,,,,,,,,1,-inf,"0.000,",,,,,,,,
2026-08-18T11:17:21.529526,4681,0x46,PUCCH,,,,,,,,,,,,,,,,,,2,111.8,"1.000,",,,,,,,,
2026-08-18T11:17:22.338436,4700,0x46,PUCCH,,,,,,,,,,,,,,,,,,1,-inf,"0.000,",,,,,,,,
2026-08-18T11:17:23.131139,4720,0x46,PUCCH,,,,,,,,,,,,,,,,,,1,-inf,"0.000,",,,,,,,,
2026-08-18T11:17:23.162534,4721,0x46,PUCCH,,,,,,,,,,,,,,,,,,2,111.8,"1.000,",,,,,,,,
2026-08-18T11:17:23.858142,4740,0x46,PUCCH,,,,,,,,,,,,,,,,,,1,-inf,"0.000,",,,,,,,,
2026-08-18T11:17:24.673624,4760,0x46,PUCCH,,,,,,,,,,,,,,,,,,1,-inf,"0.000,",,,,,,,,
2026-08-18T11:17:24.735557,4761,0x46,PUCCH,,,,,,,,,,,,,,,,,,2,111.8,"1.000,",,,,,,,,
2026-08-18T11:17:25.446575,4780,0x46,PUCCH,,,,,,,,,,,,,,,,,,1,-inf,"0.000,",,,,,,,,
2026-08-18T11:17:26.269074,4800,0x46,PUCCH,,,,,,,,,,,,,,,,,,1,-inf,"0.000,",,,,,,,,
2026-08-18T11:17:26.312956,4801,0x46,PUCCH,,,,,,,,,,,,,,,,,,2,111.8,"1.000,",,,,,,,,
2026-08-18T11:17:27.059539,4820,0x46,PUCCH,,,,,,,,,,,,,,,,,,1,-inf,"0.000,",,,,,,,,
2026-08-18T11:17:27.659040,4840,0x46,PUCCH,,,,,,,,,,,,,,,,,,1,-inf,"0.000,",,,,,,,,
2026-08-18T11:17:27.691392,4841,0x46,PUCCH,,,,,,,,,,,,,,,,,,2,111.8,"1.000,",,,,,,,,
2026-08-18T11:17:28.351825,4860,0x46,PUCCH,,,,,,,,,,,,,,,,,,1,-inf,"0.000,",,,,,,,,
2026-08-18T11:17:29.208714,4880,0x46,PUCCH,,,,,,,,,,,,,,,,,,1,-inf,"0.000,",,,,,,,,
2026-08-18T11:17:29.242739,4881,0x46,PUCCH,,,,,,,,,,,,,,,,,,2,111.8,"1.000,",,,,,,,,
2026-08-18T11:17:29.857773,4900,0x46,PUCCH,,,,,,,,,,,,,,,,,,1,-inf,"0.000,",,,,,,,,
2026-08-18T11:17:30.468061,4920,0x46,PUCCH,,,,,,,,,,,,,,,,,,1,-inf,"0.000,",,,,,,,,
2026-08-18T11:17:30.514599,4921,0x46,PUCCH,,,,,,,,,,,,,,,,,,2,111.8,"1.000,",,,,,,,,
2026-08-18T11:17:31.206821,4940,0x46,PUCCH,,,,,,,,,,,,,,,,,,1,-inf,"0.000,",,,,,,,,
2026-08-18T11:17:32.178323,4960,0x46,PUCCH,,,,,,,,,,,,,,,,,,1,-inf,"0.000,",,,,,,,,
2026-08-18T11:17:32.220627,4961,0x46,PUCCH,,,,,,,,,,,,,,,,,,2,111.8,"1.000,",,,,,,,,
2026-08-18T11:17:33.259154,4980,0x46,PUCCH,,,,,,,,,,,,,,,,,,1,-inf,"0.000,",,,,,,,,
2026-08-18T11:17:34.255966,5000,0x46,PUCCH,,,,,,,,,,,,,,,,,,1,-inf,"0.000,",,,,,,,,
2026-08-18T11:17:34.287595,5001,0x46,PUCCH,,,,,,,,,,,,,,,,,,2,111.8,"1.000,",,,,,,,,
2026-08-18T11:17:35.212946,5020,0x46,PUCCH,,,,,,,,,,,,,,,,,,1,-inf,"0.000,",,,,,,,,
2026-08-18T11:17:36.348996,5040,0x46,PUCCH,,,,,,,,,,,,,,,,,,1,-inf,"0.000,",,,,,,,,
2026-08-18T11:17:36.402113,5041,0x46,PUCCH,,,,,,,,,,,,,,,,,,2,111.8,"1.000,",,,,,,,,
2026-08-18T11:17:37.320866,5060,0x46,PUCCH,,,,,,,,,,,,,,,,,,1,-inf,"0.000,",,,,,,,,
2026-08-18T11:17:38.214942,5080,0x46,PUCCH,,,,,,,,,,,,,,,,,,1,-inf,"0.000,",,,,,,,,
2026-08-18T11:17:38.281534,5081,0x46,PUCCH,,,,,,,,,,,,,,,,,,2,111.8,"1.000,",,,,,,,,
2026-08-18T11:17:39.058882,5100,0x46,PUCCH,,,,,,,,,,,,,,,,,,1,-inf,"0.000,",,,,,,,,
2026-08-18T11:17:39.778073,5120,0x46,PUCCH,,,,,,,,,,,,,,,,,,1,-inf,"0.000,",,,,,,,,
2026-08-18T11:17:39.843015,5121,0x46,PUCCH,,,,,,,,,,,,,,,,,,2,111.8,"1.000,",,,,,,,,
2026-08-18T11:17:40.746699,5140,0x46,PUCCH,,,,,,,,,,,,,,,,,,1,-inf,"0.000,",,,,,,,,
2026-08-18T11:17:41.508224,5160,0x46,PUCCH,,,,,,,,,,,,,,,,,,1,-inf,"0.000,",,,,,,,,
2026-08-18T11:17:41.551734,5161,0x46,PUCCH,,,,,,,,,,,,,,,,,,2,111.8,"1.000,",,,,,,,,
2026-08-18T11:17:42.376872,5180,0x46,PUCCH,,,,,,,,,,,,,,,,,,1,-inf,"0.000,",,,,,,,,
2026-08-18T11:17:43.379687,5200,0x46,PUCCH,,,,,,,,,,,,,,,,,,1,-inf,"0.000,",,,,,,,,
2026-08-18T11:17:43.417258,5201,0x46,PUCCH,,,,,,,,,,,,,,,,,,2,111.8,"1.000,",,,,,,,,
2026-08-18T11:17:44.112786,5220,0x46,PUCCH,,,,,,,,,,,,,,,,,,1,-inf,"0.000,",,,,,,,,
2026-08-18T11:17:45.189336,5240,0x46,PUCCH,,,,,,,,,,,,,,,,,,1,-inf,"0.000,",,,,,,,,
2026-08-18T11:17:45.231598,5241,0x46,PUCCH,,,,,,,,,,,,,,,,,,2,111.8,"1.000,",,,,,,,,
2026-08-18T11:17:46.107984,5260,0x46,PUCCH,,,,,,,,,,,,,,,,,,1,-inf,"0.000,",,,,,,,,
2026-08-18T11:17:47.102808,5280,0x46,PUCCH,,,,,,,,,,,,,,,,,,1,-inf,"0.000,",,,,,,,,
2026-08-18T11:17:47.143534,5281,0x46,PUCCH,,,,,,,,,,,,,,,,,,2,111.8,"1.000,",,,,,,,,
2026-08-18T11:17:48.100136,5300,0x46,PUCCH,,,,,,,,,,,,,,,,,,1,-inf,"0.000,",,,,,,,,
2026-08-18T11:17:49.046297,5320,0x46,PUCCH,,,,,,,,,,,,,,,,,,1,-inf,"0.000,",,,,,,,,
2026-08-18T11:17:49.087630,5321,0x46,PUCCH,,,,,,,,,,,,,,,,,,2,111.8,"1.000,",,,,,,,,
2026-08-18T11:17:49.797960,5340,0x46,PUCCH,,,,,,,,,,,,,,,,,,1,-inf,"0.000,",,,,,,,,
2026-08-18T11:17:50.372676,5360,0x46,PUCCH,,,,,,,,,,,,,,,,,,1,-inf,"0.000,",,,,,,,,
2026-08-18T11:17:50.404424,5361,0x46,PUCCH,,,,,,,,,,,,,,,,,,2,111.8,"1.000,",,,,,,,,
2026-08-18T11:17:51.209226,5380,0x46,PUCCH,,,,,,,,,,,,,,,,,,1,-inf,"0.000,",,,,,,,,
2026-08-18T11:17:52.050732,5400,0x46,PUCCH,,,,,,,,,,,,,,,,,,1,-inf,"0.000,",,,,,,,,
2026-08-18T11:17:52.081294,5401,0x46,PUCCH,,,,,,,,,,,,,,,,,,2,111.8,"1.000,",,,,,,,,
2026-08-18T11:17:52.753763,5420,0x46,PUCCH,,,,,,,,,,,,,,,,,,1,-inf,"0.000,",,,,,,,,
2026-08-18T11:17:53.364535,5440,0x46,PUCCH,,,,,,,,,,,,,,,,,,1,-inf,"0.000,",,,,,,,,
2026-08-18T11:17:53.404158,5441,0x46,PUCCH,,,,,,,,,,,,,,,,,,2,111.8,"1.000,",,,,,,,,
2026-08-18T11:17:54.268006,5460,0x46,PUCCH,,,,,,,,,,,,,,,,,,1,-inf,"0.000,",,,,,,,,
2026-08-18T11:17:54.887023,5480,0x46,PUCCH,,,,,,,,,,,,,,,,,,1,-inf,"0.000,",,,,,,,,
2026-08-18T11:17:54.918553,5481,0x46,PUCCH,,,,,,,,,,,,,,,,,,2,111.8,"1.000,",,,,,,,,
2026-08-18T11:17:55.602297,5500,0x46,PUCCH,,,,,,,,,,,,,,,,,,1,-inf,"0.000,",,,,,,,,
2026-08-18T11:17:56.213605,5520,0x46,PUCCH,,,,,,,,,,,,,,,,,,1,-inf,"0.000,",,,,,,,,
2026-08-18T11:17:56.246849,5521,0x46,PUCCH,,,,,,,,,,,,,,,,,,2,111.8,"1.000,",,,,,,,,
2026-08-18T11:17:56.927398,5540,0x46,PUCCH,,,,,,,,,,,,,,,,,,1,-inf,"0.000,",,,,,,,,
2026-08-18T11:17:57.625535,5560,0x46,PUCCH,,,,,,,,,,,,,,,,,,1,-inf,"0.000,",,,,,,,,
2026-08-18T11:17:57.654646,5561,0x46,PUCCH,,,,,,,,,,,,,,,,,,2,111.8,"1.000,",,,,,,,,
2026-08-18T11:17:58.452615,5580,0x46,PUCCH,,,,,,,,,,,,,,,,,,1,-inf,"0.000,",,,,,,,,
2026-08-18T11:17:59.208143,5600,0x46,PUCCH,,,,,,,,,,,,,,,,,,1,-inf,"0.000,",,,,,,,,
2026-08-18T11:17:59.252605,5601,0x46,PUCCH,,,,,,,,,,,,,,,,,,2,111.8,"1.000,",,,,,,,,
2026-08-18T11:17:59.992407,5620,0x46,PUCCH,,,,,,,,,,,,,,,,,,1,-inf,"0.000,",,,,,,,,
2026-08-18T11:18:00.813126,5640,0x46,PUCCH,,,,,,,,,,,,,,,,,,1,-inf,"0.000,",,,,,,,,
2026-08-18T11:18:00.862865,5641,0x46,PUCCH,,,,,,,,,,,,,,,,,,2,111.8,"1.000,",,,,,,,,
2026-08-18T11:18:01.640943,5660,0x46,PUCCH,,,,,,,,,,,,,,,,,,1,-inf,"0.000,",,,,,,,,
2026-08-18T11:18:02.486218,5680,0x46,PUCCH,,,,,,,,,,,,,,,,,,1,-inf,"0.000,",,,,,,,,
2026-08-18T11:18:02.516507,5681,0x46,PUCCH,,,,,,,,,,,,,,,,,,2,111.8,"1.000,",,,,,,,,
2026-08-18T11:18:03.305777,5700,0x46,PUCCH,,,,,,,,,,,,,,,,,,1,-inf,"0.000,",,,,,,,,
2026-08-18T11:18:03.988832,5720,0x46,PUCCH,,,,,,,,,,,,,,,,,,1,-inf,"0.000,",,,,,,,,
2026-08-18T11:18:04.033545,5721,0x46,PUCCH,,,,,,,,,,,,,,,,,,2,111.8,"1.000,",,,,,,,,
2026-08-18T11:18:04.753875,5740,0x46,PUCCH,,,,,,,,,,,,,,,,,,1,-inf,"0.000,",,,,,,,,
2026-08-18T11:18:05.620095,5760,0x46,PUCCH,,,,,,,,,,,,,,,,,,1,-inf,"0.000,",,,,,,,,
2026-08-18T11:18:05.652329,5761,0x46,PUCCH,,,,,,,,,,,,,,,,,,2,111.8,"1.000,",,,,,,,,
2026-08-18T11:18:06.310499,5780,0x46,PUCCH,,,,,,,,,,,,,,,,,,1,-inf,"0.000,",,,,,,,,
2026-08-18T11:18:07.504765,5800,0x46,PUCCH,,,,,,,,,,,,,,,,,,1,-inf,"0.000,",,,,,,,,
2026-08-18T11:18:07.569694,5801,0x46,PUCCH,,,,,,,,,,,,,,,,,,2,111.8,"1.000,",,,,,,,,
2026-08-18T11:18:08.176994,5820,0x46,PUCCH,,,,,,,,,,,,,,,,,,1,-inf,"0.000,",,,,,,,,
2026-08-18T11:18:08.777420,5840,0x46,PUCCH,,,,,,,,,,,,,,,,,,1,-inf,"0.000,",,,,,,,,
2026-08-18T11:18:08.809455,5841,0x46,PUCCH,,,,,,,,,,,,,,,,,,2,111.8,"1.000,",,,,,,,,
2026-08-18T11:18:09.480367,5860,0x46,PUCCH,,,,,,,,,,,,,,,,,,1,-inf,"0.000,",,,,,,,,
2026-08-18T11:18:10.581836,5880,0x46,PUCCH,,,,,,,,,,,,,,,,,,1,-inf,"0.000,",,,,,,,,
2026-08-18T11:18:10.629228,5881,0x46,PUCCH,,,,,,,,,,,,,,,,,,2,111.8,"1.000,",,,,,,,,
2026-08-18T11:18:11.534255,5900,0x46,PUCCH,,,,,,,,,,,,,,,,,,1,-inf,"0.000,",,,,,,,,
2026-08-18T11:18:12.293139,5920,0x46,PUCCH,,,,,,,,,,,,,,,,,,1,-inf,"0.000,",,,,,,,,
2026-08-18T11:18:12.319800,5921,0x46,PUCCH,,,,,,,,,,,,,,,,,,2,111.8,"1.000,",,,,,,,,
2026-08-18T11:18:12.998001,5940,0x46,PUCCH,,,,,,,,,,,,,,,,,,1,-inf,"0.000,",,,,,,,,
2026-08-18T11:18:13.784697,5960,0x46,PUCCH,,,,,,,,,,,,,,,,,,1,-inf,"0.000,",,,,,,,,
2026-08-18T11:18:13.824753,5961,0x46,PUCCH,,,,,,,,,,,,,,,,,,2,111.8,"1.000,",,,,,,,,
2026-08-18T11:18:14.726063,5980,0x46,PUCCH,,,,,,,,,,,,,,,,,,1,-inf,"0.000,",,,,,,,,
2026-08-18T11:18:15.417372,6000,0x46,PUCCH,,,,,,,,,,,,,,,,,,1,-inf,"0.000,",,,,,,,,
2026-08-18T11:18:15.474256,6001,0x46,PUCCH,,,,,,,,,,,,,,,,,,2,111.8,"1.000,",,,,,,,,
2026-08-18T11:18:16.161810,6020,0x46,PUCCH,,,,,,,,,,,,,,,,,,1,-inf,"0.000,",,,,,,,,
2026-08-18T11:18:16.909230,6040,0x46,PUCCH,,,,,,,,,,,,,,,,,,1,-inf,"0.000,",,,,,,,,
2026-08-18T11:18:16.966343,6041,0x46,PUCCH,,,,,,,,,,,,,,,,,,2,111.8,"1.000,",,,,,,,,
2026-08-18T11:18:17.687856,6060,0x46,PUCCH,,,,,,,,,,,,,,,,,,1,-inf,"0.000,",,,,,,,,
2026-08-18T11:18:18.403020,6080,0x46,PUCCH,,,,,,,,,,,,,,,,,,1,-inf,"0.000,",,,,,,,,
2026-08-18T11:18:18.433613,6081,0x46,PUCCH,,,,,,,,,,,,,,,,,,2,111.8,"1.000,",,,,,,,,
2026-08-18T11:18:19.152655,6100,0x46,PUCCH,,,,,,,,,,,,,,,,,,1,-inf,"0.000,",,,,,,,,
2026-08-18T11:18:20.384888,6120,0x46,PUCCH,,,,,,,,,,,,,,,,,,1,-inf,"0.000,",,,,,,,,
2026-08-18T11:18:20.452000,6121,0x46,PUCCH,,,,,,,,,,,,,,,,,,2,111.8,"1.000,",,,,,,,,
2026-08-18T11:18:21.172144,6140,0x46,PUCCH,,,,,,,,,,,,,,,,,,1,-inf,"0.000,",,,,,,,,
2026-08-18T11:18:21.822551,6160,0x46,PUCCH,,,,,,,,,,,,,,,,,,1,-inf,"0.000,",,,,,,,,
2026-08-18T11:18:21.854992,6161,0x46,PUCCH,,,,,,,,,,,,,,,,,,2,111.8,"1.000,",,,,,,,,
2026-08-18T11:18:22.683309,6180,0x46,PUCCH,,,,,,,,,,,,,,,,,,1,-inf,"0.000,",,,,,,,,
2026-08-18T11:18:23.583019,6200,0x46,PUCCH,,,,,,,,,,,,,,,,,,1,-inf,"0.000,",,,,,,,,
2026-08-18T11:18:23.611209,6201,0x46,PUCCH,,,,,,,,,,,,,,,,,,2,111.8,"1.000,",,,,,,,,
2026-08-18T11:18:24.274783,6220,0x46,PUCCH,,,,,,,,,,,,,,,,,,1,-inf,"0.000,",,,,,,,,
2026-08-18T11:18:25.082291,6240,0x46,PUCCH,,,,,,,,,,,,,,,,,,1,-inf,"0.000,",,,,,,,,
2026-08-18T11:18:25.125886,6241,0x46,PUCCH,,,,,,,,,,,,,,,,,,2,111.8,"1.000,",,,,,,,,
2026-08-18T11:18:25.747385,6260,0x46,PUCCH,,,,,,,,,,,,,,,,,,1,-inf,"0.000,",,,,,,,,
2026-08-18T11:18:26.686045,6280,0x46,PUCCH,,,,,,,,,,,,,,,,,,1,-inf,"0.000,",,,,,,,,
2026-08-18T11:18:26.719832,6281,0x46,PUCCH,,,,,,,,,,,,,,,,,,2,111.8,"1.000,",,,,,,,,
2026-08-18T11:18:27.285251,6300,0x46,PUCCH,,,,,,,,,,,,,,,,,,1,-inf,"0.000,",,,,,,,,
2026-08-18T11:18:27.955384,6320,0x46,PUCCH,,,,,,,,,,,,,,,,,,1,-inf,"0.000,",,,,,,,,
2026-08-18T11:18:27.980892,6321,0x46,PUCCH,,,,,,,,,,,,,,,,,,2,111.8,"1.000,",,,,,,,,
2026-08-18T11:18:28.544486,6340,0x46,PUCCH,,,,,,,,,,,,,,,,,,1,-inf,"0.000,",,,,,,,,
2026-08-18T11:18:29.357848,6360,0x46,PUCCH,,,,,,,,,,,,,,,,,,1,-inf,"0.000,",,,,,,,,
2026-08-18T11:18:29.385319,6361,0x46,PUCCH,,,,,,,,,,,,,,,,,,2,111.8,"1.000,",,,,,,,,
2026-08-18T11:18:30.550480,6380,0x46,PUCCH,,,,,,,,,,,,,,,,,,1,-inf,"0.000,",,,,,,,,
2026-08-18T11:18:31.187247,6400,0x46,PUCCH,,,,,,,,,,,,,,,,,,1,-inf,"0.000,",,,,,,,,
2026-08-18T11:18:31.210040,6401,0x46,PUCCH,,,,,,,,,,,,,,,,,,2,111.8,"1.000,",,,,,,,,
2026-08-18T11:18:31.741503,6420,0x46,PUCCH,,,,,,,,,,,,,,,,,,1,-inf,"0.000,",,,,,,,,
2026-08-18T11:18:32.414180,6440,0x46,PUCCH,,,,,,,,,,,,,,,,,,1,-inf,"0.000,",,,,,,,,
2026-08-18T11:18:32.435238,6441,0x46,PUCCH,,,,,,,,,,,,,,,,,,2,111.8,"1.000,",,,,,,,,
2026-08-18T11:18:32.962012,6460,0x46,PUCCH,,,,,,,,,,,,,,,,,,1,-inf,"0.000,",,,,,,,,
2026-08-18T11:18:33.580662,6480,0x46,PUCCH,,,,,,,,,,,,,,,,,,1,-inf,"0.000,",,,,,,,,
2026-08-18T11:18:33.619870,6481,0x46,PUCCH,,,,,,,,,,,,,,,,,,2,111.8,"1.000,",,,,,,,,
2026-08-18T11:18:34.439305,6500,0x46,PUCCH,,,,,,,,,,,,,,,,,,1,-inf,"0.000,",,,,,,,,
2026-08-18T11:18:35.245648,6520,0x46,PUCCH,,,,,,,,,,,,,,,,,,1,-inf,"0.000,",,,,,,,,
2026-08-18T11:18:35.270703,6521,0x46,PUCCH,,,,,,,,,,,,,,,,,,2,111.8,"1.000,",,,,,,,,
2026-08-18T11:18:35.813263,6540,0x46,PUCCH,,,,,,,,,,,,,,,,,,1,-inf,"0.000,",,,,,,,,
2026-08-18T11:18:36.384605,6560,0x46,PUCCH,,,,,,,,,,,,,,,,,,1,-inf,"0.000,",,,,,,,,
2026-08-18T11:18:36.408953,6561,0x46,PUCCH,,,,,,,,,,,,,,,,,,2,111.8,"1.000,",,,,,,,,
2026-08-18T11:18:37.036326,6580,0x46,PUCCH,,,,,,,,,,,,,,,,,,1,-inf,"0.000,",,,,,,,,
2026-08-18T11:18:37.749898,6600,0x46,PUCCH,,,,,,,,,,,,,,,,,,1,-inf,"0.000,",,,,,,,,
2026-08-18T11:18:37.777529,6601,0x46,PUCCH,,,,,,,,,,,,,,,,,,2,111.8,"1.000,",,,,,,,,
2026-08-18T11:18:38.389766,6620,0x46,PUCCH,,,,,,,,,,,,,,,,,,1,-inf,"0.000,",,,,,,,,
2026-08-18T11:18:39.548206,6640,0x46,PUCCH,,,,,,,,,,,,,,,,,,1,-inf,"0.000,",,,,,,,,
2026-08-18T11:18:39.617507,6641,0x46,PUCCH,,,,,,,,,,,,,,,,,,2,111.8,"1.000,",,,,,,,,
2026-08-18T11:18:40.414534,6660,0x46,PUCCH,,,,,,,,,,,,,,,,,,1,-inf,"0.000,",,,,,,,,
2026-08-18T11:18:41.124436,6680,0x46,PUCCH,,,,,,,,,,,,,,,,,,1,-inf,"0.000,",,,,,,,,
2026-08-18T11:18:41.156956,6681,0x46,PUCCH,,,,,,,,,,,,,,,,,,2,111.8,"1.000,",,,,,,,,
2026-08-18T11:18:41.883497,6700,0x46,PUCCH,,,,,,,,,,,,,,,,,,1,-inf,"0.000,",,,,,,,,
2026-08-18T11:18:42.645020,6720,0x46,PUCCH,,,,,,,,,,,,,,,,,,1,-inf,"0.000,",,,,,,,,
2026-08-18T11:18:42.691018,6721,0x46,PUCCH,,,,,,,,,,,,,,,,,,2,111.8,"1.000,",,,,,,,,
2026-08-18T11:18:43.403531,6740,0x46,PUCCH,,,,,,,,,,,,,,,,,,1,-inf,"0.000,",,,,,,,,
2026-08-18T11:18:44.180652,6760,0x46,PUCCH,,,,,,,,,,,,,,,,,,1,-inf,"0.000,",,,,,,,,
2026-08-18T11:18:44.218768,6761,0x46,PUCCH,,,,,,,,,,,,,,,,,,2,111.8,"1.000,",,,,,,,,
2026-08-18T11:18:45.326605,6780,0x46,PUCCH,,,,,,,,,,,,,,,,,,1,-inf,"0.000,",,,,,,,,
2026-08-18T11:18:46.129261,6800,0x46,PUCCH,,,,,,,,,,,,,,,,,,1,-inf,"0.000,",,,,,,,,
2026-08-18T11:18:46.184412,6801,0x46,PUCCH,,,,,,,,,,,,,,,,,,2,111.8,"1.000,",,,,,,,,
2026-08-18T11:18:46.808586,6820,0x46,PUCCH,,,,,,,,,,,,,,,,,,1,-inf,"0.000,",,,,,,,,
2026-08-18T11:18:47.441563,6840,0x46,PUCCH,,,,,,,,,,,,,,,,,,1,-inf,"0.000,",,,,,,,,
2026-08-18T11:18:47.473377,6841,0x46,PUCCH,,,,,,,,,,,,,,,,,,2,111.8,"1.000,",,,,,,,,
2026-08-18T11:18:48.181180,6860,0x46,PUCCH,,,,,,,,,,,,,,,,,,1,-inf,"0.000,",,,,,,,,
2026-08-18T11:18:48.805056,6880,0x46,PUCCH,,,,,,,,,,,,,,,,,,1,-inf,"0.000,",,,,,,,,
2026-08-18T11:18:48.826659,6881,0x46,PUCCH,,,,,,,,,,,,,,,,,,2,111.8,"1.000,",,,,,,,,
2026-08-18T11:18:49.427146,6900,0x46,PUCCH,,,,,,,,,,,,,,,,,,1,-inf,"0.000,",,,,,,,,
2026-08-18T11:18:50.030167,6920,0x46,PUCCH,,,,,,,,,,,,,,,,,,1,-inf,"0.000,",,,,,,,,
2026-08-18T11:18:50.049605,6921,0x46,PUCCH,,,,,,,,,,,,,,,,,,2,111.8,"1.000,",,,,,,,,
2026-08-18T11:18:50.611245,6940,0x46,PUCCH,,,,,,,,,,,,,,,,,,1,-inf,"0.000,",,,,,,,,
2026-08-18T11:18:51.552545,6960,0x46,PUCCH,,,,,,,,,,,,,,,,,,1,-inf,"0.000,",,,,,,,,
2026-08-18T11:18:51.596519,6961,0x46,PUCCH,,,,,,,,,,,,,,,,,,2,111.8,"1.000,",,,,,,,,
2026-08-18T11:18:52.346991,6980,0x46,PUCCH,,,,,,,,,,,,,,,,,,1,-inf,"0.000,",,,,,,,,
2026-08-18T11:18:53.249991,7000,0x46,PUCCH,,,,,,,,,,,,,,,,,,1,-inf,"0.000,",,,,,,,,
2026-08-18T11:18:53.298397,7001,0x46,PUCCH,,,,,,,,,,,,,,,,,,2,111.8,"1.000,",,,,,,,,
2026-08-18T11:18:53.882081,7020,0x46,PUCCH,,,,,,,,,,,,,,,,,,1,-inf,"0.000,",,,,,,,,
2026-08-18T11:18:54.522678,7040,0x46,PUCCH,,,,,,,,,,,,,,,,,,1,-inf,"0.000,",,,,,,,,
2026-08-18T11:18:54.568989,7041,0x46,PUCCH,,,,,,,,,,,,,,,,,,2,111.8,"1.000,",,,,,,,,
2026-08-18T11:18:55.309073,7060,0x46,PUCCH,,,,,,,,,,,,,,,,,,1,-inf,"0.000,",,,,,,,,
2026-08-18T11:18:56.114456,7080,0x46,PUCCH,,,,,,,,,,,,,,,,,,1,-inf,"0.000,",,,,,,,,
2026-08-18T11:18:56.146282,7081,0x46,PUCCH,,,,,,,,,,,,,,,,,,2,111.8,"1.000,",,,,,,,,
2026-08-18T11:18:56.683022,7100,0x46,PUCCH,,,,,,,,,,,,,,,,,,1,-inf,"0.000,",,,,,,,,
2026-08-18T11:18:57.167961,7120,0x46,PUCCH,,,,,,,,,,,,,,,,,,1,-inf,"0.000,",,,,,,,,
2026-08-18T11:18:57.213211,7121,0x46,PUCCH,,,,,,,,,,,,,,,,,,2,111.8,"1.000,",,,,,,,,
2026-08-18T11:18:57.855669,7140,0x46,PUCCH,,,,,,,,,,,,,,,,,,1,-inf,"0.000,",,,,,,,,
2026-08-18T11:18:58.542111,7160,0x46,PUCCH,,,,,,,,,,,,,,,,,,1,-inf,"0.000,",,,,,,,,
2026-08-18T11:18:58.574612,7161,0x46,PUCCH,,,,,,,,,,,,,,,,,,2,111.8,"1.000,",,,,,,,,
2026-08-18T11:18:59.299727,7180,0x46,PUCCH,,,,,,,,,,,,,,,,,,1,-inf,"0.000,",,,,,,,,
2026-08-18T11:19:00.064309,7200,0x46,PUCCH,,,,,,,,,,,,,,,,,,1,-inf,"0.000,",,,,,,,,
2026-08-18T11:19:00.106594,7201,0x46,PUCCH,,,,,,,,,,,,,,,,,,2,111.8,"1.000,",,,,,,,,
2026-08-18T11:19:01.099601,7220,0x46,PUCCH,,,,,,,,,,,,,,,,,,1,-inf,"0.000,",,,,,,,,
2026-08-18T11:19:01.664011,7240,0x46,PUCCH,,,,,,,,,,,,,,,,,,1,-inf,"0.000,",,,,,,,,
2026-08-18T11:19:01.695634,7241,0x46,PUCCH,,,,,,,,,,,,,,,,,,2,111.8,"1.000,",,,,,,,,
2026-08-18T11:19:02.860834,7260,0x46,PUCCH,,,,,,,,,,,,,,,,,,1,-inf,"0.000,",,,,,,,,
2026-08-18T11:19:03.711218,7280,0x46,PUCCH,,,,,,,,,,,,,,,,,,1,-inf,"0.000,",,,,,,,,
2026-08-18T11:19:03.764834,7281,0x46,PUCCH,,,,,,,,,,,,,,,,,,2,111.8,"1.000,",,,,,,,,
2026-08-18T11:19:04.617211,7300,0x46,PUCCH,,,,,,,,,,,,,,,,,,1,-inf,"0.000,",,,,,,,,
2026-08-18T11:19:05.479967,7320,0x46,PUCCH,,,,,,,,,,,,,,,,,,1,-inf,"0.000,",,,,,,,,
2026-08-18T11:19:05.506007,7321,0x46,PUCCH,,,,,,,,,,,,,,,,,,2,111.8,"1.000,",,,,,,,,
2026-08-18T11:19:06.209798,7340,0x46,PUCCH,,,,,,,,,,,,,,,,,,1,-inf,"0.000,",,,,,,,,
2026-08-18T11:19:07.093123,7360,0x46,PUCCH,,,,,,,,,,,,,,,,,,1,-inf,"0.000,",,,,,,,,
2026-08-18T11:19:07.131130,7361,0x46,PUCCH,,,,,,,,,,,,,,,,,,2,111.8,"1.000,",,,,,,,,
2026-08-18T11:19:07.871155,7380,0x46,PUCCH,,,,,,,,,,,,,,,,,,1,-inf,"0.000,",,,,,,,,
2026-08-18T11:19:08.404527,7400,0x46,PUCCH,,,,,,,,,,,,,,,,,,1,-inf,"0.000,",,,,,,,,
2026-08-18T11:19:08.428070,7401,0x46,PUCCH,,,,,,,,,,,,,,,,,,2,111.8,"1.000,",,,,,,,,
2026-08-18T11:19:08.901637,7420,0x46,PUCCH,,,,,,,,,,,,,,,,,,1,-inf,"0.000,",,,,,,,,
2026-08-18T11:19:09.581572,7440,0x46,PUCCH,,,,,,,,,,,,,,,,,,1,-inf,"0.000,",,,,,,,,
2026-08-18T11:19:09.609271,7441,0x46,PUCCH,,,,,,,,,,,,,,,,,,2,111.8,"1.000,",,,,,,,,
2026-08-18T11:19:10.766508,7460,0x46,PUCCH,,,,,,,,,,,,,,,,,,1,-inf,"0.000,",,,,,,,,
2026-08-18T11:19:11.512832,7480,0x46,PUCCH,,,,,,,,,,,,,,,,,,1,-inf,"0.000,",,,,,,,,
2026-08-18T11:19:11.546486,7481,0x46,PUCCH,,,,,,,,,,,,,,,,,,2,111.8,"1.000,",,,,,,,,
2026-08-18T11:19:12.129071,7500,0x46,PUCCH,,,,,,,,,,,,,,,,,,1,-inf,"0.000,",,,,,,,,
2026-08-18T11:19:12.789316,7520,0x46,PUCCH,,,,,,,,,,,,,,,,,,1,-inf,"0.000,",,,,,,,,
2026-08-18T11:19:12.838753,7521,0x46,PUCCH,,,,,,,,,,,,,,,,,,2,111.8,"1.000,",,,,,,,,
2026-08-18T11:19:13.543019,7540,0x46,PUCCH,,,,,,,,,,,,,,,,,,1,-inf,"0.000,",,,,,,,,
2026-08-18T11:19:14.390054,7560,0x46,PUCCH,,,,,,,,,,,,,,,,,,1,-inf,"0.000,",,,,,,,,
2026-08-18T11:19:14.420713,7561,0x46,PUCCH,,,,,,,,,,,,,,,,,,2,111.8,"1.000,",,,,,,,,
2026-08-18T11:19:15.707428,7580,0x46,PUCCH,,,,,,,,,,,,,,,,,,1,-inf,"0.000,",,,,,,,,
2026-08-18T11:19:16.777172,7600,0x46,PUCCH,,,,,,,,,,,,,,,,,,1,-inf,"0.000,",,,,,,,,
2026-08-18T11:19:16.839995,7601,0x46,PUCCH,,,,,,,,,,,,,,,,,,2,111.8,"1.000,",,,,,,,,
2026-08-18T11:19:17.493163,7620,0x46,PUCCH,,,,,,,,,,,,,,,,,,1,-inf,"0.000,",,,,,,,,
2026-08-18T11:19:18.161161,7640,0x46,PUCCH,,,,,,,,,,,,,,,,,,1,-inf,"0.000,",,,,,,,,
2026-08-18T11:19:18.190919,7641,0x46,PUCCH,,,,,,,,,,,,,,,,,,2,111.8,"1.000,",,,,,,,,
2026-08-18T11:19:18.775426,7660,0x46,PUCCH,,,,,,,,,,,,,,,,,,1,-inf,"0.000,",,,,,,,,
2026-08-18T11:19:19.527156,7680,0x46,PUCCH,,,,,,,,,,,,,,,,,,1,-inf,"0.000,",,,,,,,,
2026-08-18T11:19:19.573093,7681,0x46,PUCCH,,,,,,,,,,,,,,,,,,2,111.8,"1.000,",,,,,,,,
2026-08-18T11:19:20.260656,7700,0x46,PUCCH,,,,,,,,,,,,,,,,,,1,-inf,"0.000,",,,,,,,,
2026-08-18T11:19:21.067060,7720,0x46,PUCCH,,,,,,,,,,,,,,,,,,1,-inf,"0.000,",,,,,,,,
2026-08-18T11:19:21.097516,7721,0x46,PUCCH,,,,,,,,,,,,,,,,,,2,111.8,"1.000,",,,,,,,,
2026-08-18T11:19:21.730997,7740,0x46,PUCCH,,,,,,,,,,,,,,,,,,1,-inf,"0.000,",,,,,,,,
2026-08-18T11:19:22.312303,7760,0x46,PUCCH,,,,,,,,,,,,,,,,,,1,-inf,"0.000,",,,,,,,,
2026-08-18T11:19:22.332433,7761,0x46,PUCCH,,,,,,,,,,,,,,,,,,2,111.8,"1.000,",,,,,,,,
2026-08-18T11:19:22.963185,7780,0x46,PUCCH,,,,,,,,,,,,,,,,,,1,-inf,"0.000,",,,,,,,,
2026-08-18T11:19:23.896320,7800,0x46,PUCCH,,,,,,,,,,,,,,,,,,1,-inf,"0.000,",,,,,,,,
2026-08-18T11:19:23.951934,7801,0x46,PUCCH,,,,,,,,,,,,,,,,,,2,111.8,"1.000,",,,,,,,,
2026-08-18T11:19:24.824973,7820,0x46,PUCCH,,,,,,,,,,,,,,,,,,1,-inf,"0.000,",,,,,,,,
2026-08-18T11:19:25.752842,7840,0x46,PUCCH,,,,,,,,,,,,,,,,,,1,-inf,"0.000,",,,,,,,,
2026-08-18T11:19:25.789027,7841,0x46,PUCCH,,,,,,,,,,,,,,,,,,2,111.8,"1.000,",,,,,,,,
2026-08-18T11:19:26.429823,7860,0x46,PUCCH,,,,,,,,,,,,,,,,,,1,-inf,"0.000,",,,,,,,,
2026-08-18T11:19:27.006087,7880,0x46,PUCCH,,,,,,,,,,,,,,,,,,1,-inf,"0.000,",,,,,,,,
2026-08-18T11:19:27.032587,7881,0x46,PUCCH,,,,,,,,,,,,,,,,,,2,111.8,"1.000,",,,,,,,,
2026-08-18T11:19:27.628796,7900,0x46,PUCCH,,,,,,,,,,,,,,,,,,1,-inf,"0.000,",,,,,,,,
2026-08-18T11:19:28.242546,7920,0x46,PUCCH,,,,,,,,,,,,,,,,,,1,-inf,"0.000,",,,,,,,,
2026-08-18T11:19:28.291591,7921,0x46,PUCCH,,,,,,,,,,,,,,,,,,2,111.8,"1.000,",,,,,,,,
2026-08-18T11:19:29.047058,7940,0x46,PUCCH,,,,,,,,,,,,,,,,,,1,-inf,"0.000,",,,,,,,,
2026-08-18T11:19:30.061560,7960,0x46,PUCCH,,,,,,,,,,,,,,,,,,1,-inf,"0.000,",,,,,,,,
2026-08-18T11:19:30.088224,7961,0x46,PUCCH,,,,,,,,,,,,,,,,,,2,111.8,"1.000,",,,,,,,,
2026-08-18T11:19:31.001594,7980,0x46,PUCCH,,,,,,,,,,,,,,,,,,1,-inf,"0.000,",,,,,,,,
2026-08-18T11:19:31.804259,8000,0x46,PUCCH,,,,,,,,,,,,,,,,,,1,-inf,"0.000,",,,,,,,,
2026-08-18T11:19:31.837198,8001,0x46,PUCCH,,,,,,,,,,,,,,,,,,2,111.8,"1.000,",,,,,,,,
2026-08-18T11:19:32.607387,8020,0x46,PUCCH,,,,,,,,,,,,,,,,,,1,-inf,"0.000,",,,,,,,,
2026-08-18T11:19:33.609336,8040,0x46,PUCCH,,,,,,,,,,,,,,,,,,1,-inf,"0.000,",,,,,,,,
2026-08-18T11:19:33.657705,8041,0x46,PUCCH,,,,,,,,,,,,,,,,,,2,111.8,"1.000,",,,,,,,,
2026-08-18T11:19:34.452880,8060,0x46,PUCCH,,,,,,,,,,,,,,,,,,1,-inf,"0.000,",,,,,,,,
2026-08-18T11:19:35.148873,8080,0x46,PUCCH,,,,,,,,,,,,,,,,,,1,-inf,"0.000,",,,,,,,,
2026-08-18T11:19:35.167720,8081,0x46,PUCCH,,,,,,,,,,,,,,,,,,2,111.8,"1.000,",,,,,,,,
2026-08-18T11:19:35.776312,8100,0x46,PUCCH,,,,,,,,,,,,,,,,,,1,-inf,"0.000,",,,,,,,,
2026-08-18T11:19:36.449978,8120,0x46,PUCCH,,,,,,,,,,,,,,,,,,1,-inf,"0.000,",,,,,,,,
2026-08-18T11:19:36.476652,8121,0x46,PUCCH,,,,,,,,,,,,,,,,,,2,111.8,"1.000,",,,,,,,,
2026-08-18T11:19:36.970425,8140,0x46,PUCCH,,,,,,,,,,,,,,,,,,1,-inf,"0.000,",,,,,,,,
2026-08-18T11:19:37.473626,8160,0x46,PUCCH,,,,,,,,,,,,,,,,,,1,-inf,"0.000,",,,,,,,,
2026-08-18T11:19:37.509109,8161,0x46,PUCCH,,,,,,,,,,,,,,,,,,2,111.8,"1.000,",,,,,,,,
2026-08-18T11:19:38.240464,8180,0x46,PUCCH,,,,,,,,,,,,,,,,,,1,-inf,"0.000,",,,,,,,,
2026-08-18T11:19:38.885985,8200,0x46,PUCCH,,,,,,,,,,,,,,,,,,1,-inf,"0.000,",,,,,,,,
2026-08-18T11:19:38.915644,8201,0x46,PUCCH,,,,,,,,,,,,,,,,,,2,111.8,"1.000,",,,,,,,,
2026-08-18T11:19:39.615047,8220,0x46,PUCCH,,,,,,,,,,,,,,,,,,1,-inf,"0.000,",,,,,,,,
2026-08-18T11:19:40.346704,8240,0x46,PUCCH,,,,,,,,,,,,,,,,,,1,-inf,"0.000,",,,,,,,,
2026-08-18T11:19:40.382312,8241,0x46,PUCCH,,,,,,,,,,,,,,,,,,2,111.8,"1.000,",,,,,,,,
2026-08-18T11:19:41.230067,8260,0x46,PUCCH,,,,,,,,,,,,,,,,,,1,-inf,"0.000,",,,,,,,,
2026-08-18T11:19:41.965904,8280,0x46,PUCCH,,,,,,,,,,,,,,,,,,1,-inf,"0.000,",,,,,,,,
2026-08-18T11:19:42.017937,8281,0x46,PUCCH,,,,,,,,,,,,,,,,,,2,111.8,"1.000,",,,,,,,,
2026-08-18T11:19:42.783067,8300,0x46,PUCCH,,,,,,,,,,,,,,,,,,1,-inf,"0.000,",,,,,,,,
2026-08-18T11:19:43.391761,8320,0x46,PUCCH,,,,,,,,,,,,,,,,,,1,-inf,"0.000,",,,,,,,,
2026-08-18T11:19:43.437809,8321,0x46,PUCCH,,,,,,,,,,,,,,,,,,2,111.8,"1.000,",,,,,,,,
2026-08-18T11:19:44.288516,8340,0x46,PUCCH,,,,,,,,,,,,,,,,,,1,-inf,"0.000,",,,,,,,,
2026-08-18T11:19:45.039859,8360,0x46,PUCCH,,,,,,,,,,,,,,,,,,1,-inf,"0.000,",,,,,,,,
2026-08-18T11:19:45.089219,8361,0x46,PUCCH,,,,,,,,,,,,,,,,,,2,111.8,"1.000,",,,,,,,,
2026-08-18T11:19:46.214616,8380,0x46,PUCCH,,,,,,,,,,,,,,,,,,1,-inf,"0.000,",,,,,,,,
2026-08-18T11:19:46.901670,8400,0x46,PUCCH,,,,,,,,,,,,,,,,,,1,-inf,"0.000,",,,,,,,,
2026-08-18T11:19:46.933530,8401,0x46,PUCCH,,,,,,,,,,,,,,,,,,2,111.8,"1.000,",,,,,,,,
2026-08-18T11:19:47.802918,8420,0x46,PUCCH,,,,,,,,,,,,,,,,,,1,-inf,"0.000,",,,,,,,,
2026-08-18T11:19:48.894327,8440,0x46,PUCCH,,,,,,,,,,,,,,,,,,1,-inf,"0.000,",,,,,,,,
2026-08-18T11:19:48.955410,8441,0x46,PUCCH,,,,,,,,,,,,,,,,,,2,111.8,"1.000,",,,,,,,,
2026-08-18T11:19:49.632647,8460,0x46,PUCCH,,,,,,,,,,,,,,,,,,1,-inf,"0.000,",,,,,,,,
2026-08-18T11:19:50.582231,8480,0x46,PUCCH,,,,,,,,,,,,,,,,,,1,-inf,"0.000,",,,,,,,,
2026-08-18T11:19:50.634454,8481,0x46,PUCCH,,,,,,,,,,,,,,,,,,2,111.8,"1.000,",,,,,,,,
2026-08-18T11:19:51.347927,8500,0x46,PUCCH,,,,,,,,,,,,,,,,,,1,-inf,"0.000,",,,,,,,,
2026-08-18T11:19:52.545044,8520,0x46,PUCCH,,,,,,,,,,,,,,,,,,1,-inf,"0.000,",,,,,,,,
2026-08-18T11:19:52.595493,8521,0x46,PUCCH,,,,,,,,,,,,,,,,,,2,111.8,"1.000,",,,,,,,,
2026-08-18T11:19:53.378589,8540,0x46,PUCCH,,,,,,,,,,,,,,,,,,1,-inf,"0.000,",,,,,,,,
2026-08-18T11:19:54.294281,8560,0x46,PUCCH,,,,,,,,,,,,,,,,,,1,-inf,"0.000,",,,,,,,,
2026-08-18T11:19:54.342033,8561,0x46,PUCCH,,,,,,,,,,,,,,,,,,2,111.8,"1.000,",,,,,,,,
2026-08-18T11:19:55.107578,8580,0x46,PUCCH,,,,,,,,,,,,,,,,,,1,-inf,"0.000,",,,,,,,,
2026-08-18T11:19:55.842409,8600,0x46,PUCCH,,,,,,,,,,,,,,,,,,1,-inf,"0.000,",,,,,,,,
2026-08-18T11:19:55.885469,8601,0x46,PUCCH,,,,,,,,,,,,,,,,,,2,111.8,"1.000,",,,,,,,,
2026-08-18T11:19:56.642780,8620,0x46,PUCCH,,,,,,,,,,,,,,,,,,1,-inf,"0.000,",,,,,,,,
2026-08-18T11:19:57.844858,8640,0x46,PUCCH,,,,,,,,,,,,,,,,,,1,-inf,"0.000,",,,,,,,,
2026-08-18T11:19:57.891210,8641,0x46,PUCCH,,,,,,,,,,,,,,,,,,2,111.8,"1.000,",,,,,,,,
2026-08-18T11:19:58.741417,8660,0x46,PUCCH,,,,,,,,,,,,,,,,,,1,-inf,"0.000,",,,,,,,,
2026-08-18T11:20:00.025940,8680,0x46,PUCCH,,,,,,,,,,,,,,,,,,1,-inf,"0.000,",,,,,,,,
2026-08-18T11:20:00.065144,8681,0x46,PUCCH,,,,,,,,,,,,,,,,,,2,111.8,"1.000,",,,,,,,,
2026-08-18T11:20:01.066059,8700,0x46,PUCCH,,,,,,,,,,,,,,,,,,1,-inf,"0.000,",,,,,,,,
2026-08-18T11:20:01.938274,8720,0x46,PUCCH,,,,,,,,,,,,,,,,,,1,-inf,"0.000,",,,,,,,,
2026-08-18T11:20:01.990688,8721,0x46,PUCCH,,,,,,,,,,,,,,,,,,2,111.8,"1.000,",,,,,,,,
2026-08-18T11:20:02.888054,8740,0x46,PUCCH,,,,,,,,,,,,,,,,,,1,-inf,"0.000,",,,,,,,,
2026-08-18T11:20:03.595881,8760,0x46,PUCCH,,,,,,,,,,,,,,,,,,1,-inf,"0.000,",,,,,,,,
2026-08-18T11:20:03.632440,8761,0x46,PUCCH,,,,,,,,,,,,,,,,,,2,111.8,"1.000,",,,,,,,,
2026-08-18T11:20:04.420501,8780,0x46,PUCCH,,,,,,,,,,,,,,,,,,1,-inf,"0.000,",,,,,,,,
2026-08-18T11:20:05.592297,8800,0x46,PUCCH,,,,,,,,,,,,,,,,,,1,-inf,"0.000,",,,,,,,,
2026-08-18T11:20:05.647456,8801,0x46,PUCCH,,,,,,,,,,,,,,,,,,2,111.8,"1.000,",,,,,,,,
2026-08-18T11:20:06.420619,8820,0x46,PUCCH,,,,,,,,,,,,,,,,,,1,-inf,"0.000,",,,,,,,,
2026-08-18T11:20:07.157507,8840,0x46,PUCCH,,,,,,,,,,,,,,,,,,1,-inf,"0.000,",,,,,,,,
2026-08-18T11:20:07.183254,8841,0x46,PUCCH,,,,,,,,,,,,,,,,,,2,111.8,"1.000,",,,,,,,,
2026-08-18T11:20:07.726659,8860,0x46,PUCCH,,,,,,,,,,,,,,,,,,1,-inf,"0.000,",,,,,,,,
2026-08-18T11:20:08.458367,8880,0x46,PUCCH,,,,,,,,,,,,,,,,,,1,-inf,"0.000,",,,,,,,,
2026-08-18T11:20:08.479759,8881,0x46,PUCCH,,,,,,,,,,,,,,,,,,2,111.8,"1.000,",,,,,,,,
2026-08-18T11:20:09.261031,8900,0x46,PUCCH,,,,,,,,,,,,,,,,,,1,-inf,"0.000,",,,,,,,,
2026-08-18T11:20:10.074783,8920,0x46,PUCCH,,,,,,,,,,,,,,,,,,1,-inf,"0.000,",,,,,,,,
2026-08-18T11:20:10.119614,8921,0x46,PUCCH,,,,,,,,,,,,,,,,,,2,111.8,"1.000,",,,,,,,,
2026-08-18T11:20:11.174424,8940,0x46,PUCCH,,,,,,,,,,,,,,,,,,1,-inf,"0.000,",,,,,,,,
2026-08-18T11:20:12.325777,8960,0x46,PUCCH,,,,,,,,,,,,,,,,,,1,-inf,"0.000,",,,,,,,,
2026-08-18T11:20:12.353258,8961,0x46,PUCCH,,,,,,,,,,,,,,,,,,2,111.8,"1.000,",,,,,,,,
2026-08-18T11:20:13.215773,8980,0x46,PUCCH,,,,,,,,,,,,,,,,,,1,-inf,"0.000,",,,,,,,,
2026-08-18T11:20:14.091987,9000,0x46,PUCCH,,,,,,,,,,,,,,,,,,1,-inf,"0.000,",,,,,,,,
2026-08-18T11:20:14.122868,9001,0x46,PUCCH,,,,,,,,,,,,,,,,,,2,111.8,"1.000,",,,,,,,,
2026-08-18T11:20:15.177315,9020,0x46,PUCCH,,,,,,,,,,,,,,,,,,1,-inf,"0.000,",,,,,,,,
2026-08-18T11:20:16.193004,9040,0x46,PUCCH,,,,,,,,,,,,,,,,,,1,-inf,"0.000,",,,,,,,,
2026-08-18T11:20:16.233826,9041,0x46,PUCCH,,,,,,,,,,,,,,,,,,2,111.8,"1.000,",,,,,,,,
2026-08-18T11:20:16.971858,9060,0x46,PUCCH,,,,,,,,,,,,,,,,,,1,-inf,"0.000,",,,,,,,,
2026-08-18T11:20:17.714224,9080,0x46,PUCCH,,,,,,,,,,,,,,,,,,1,-inf,"0.000,",,,,,,,,
2026-08-18T11:20:17.745295,9081,0x46,PUCCH,,,,,,,,,,,,,,,,,,2,111.8,"1.000,",,,,,,,,
2026-08-18T11:20:18.404773,9100,0x46,PUCCH,,,,,,,,,,,,,,,,,,1,-inf,"0.000,",,,,,,,,
2026-08-18T11:20:19.048960,9120,0x46,PUCCH,,,,,,,,,,,,,,,,,,1,-inf,"0.000,",,,,,,,,
2026-08-18T11:20:19.096998,9121,0x46,PUCCH,,,,,,,,,,,,,,,,,,2,111.8,"1.000,",,,,,,,,
2026-08-18T11:20:20.115078,9140,0x46,PUCCH,,,,,,,,,,,,,,,,,,1,-inf,"0.000,",,,,,,,,
2026-08-18T11:20:20.991288,9160,0x46,PUCCH,,,,,,,,,,,,,,,,,,1,-inf,"0.000,",,,,,,,,
2026-08-18T11:20:21.022636,9161,0x46,PUCCH,,,,,,,,,,,,,,,,,,2,111.8,"1.000,",,,,,,,,
2026-08-18T11:20:21.693533,9180,0x46,PUCCH,,,,,,,,,,,,,,,,,,1,-inf,"0.000,",,,,,,,,
2026-08-18T11:20:22.482084,9200,0x46,PUCCH,,,,,,,,,,,,,,,,,,1,-inf,"0.000,",,,,,,,,
2026-08-18T11:20:22.515575,9201,0x46,PUCCH,,,,,,,,,,,,,,,,,,2,111.8,"1.000,",,,,,,,,
2026-08-18T11:20:23.214641,9220,0x46,PUCCH,,,,,,,,,,,,,,,,,,1,-inf,"0.000,",,,,,,,,
2026-08-18T11:20:23.783874,9240,0x46,PUCCH,,,,,,,,,,,,,,,,,,1,-inf,"0.000,",,,,,,,,
2026-08-18T11:20:23.814578,9241,0x46,PUCCH,,,,,,,,,,,,,,,,,,2,111.8,"1.000,",,,,,,,,
2026-08-18T11:20:24.658429,9260,0x46,PUCCH,,,,,,,,,,,,,,,,,,1,-inf,"0.000,",,,,,,,,
2026-08-18T11:20:25.499077,9280,0x46,PUCCH,,,,,,,,,,,,,,,,,,1,-inf,"0.000,",,,,,,,,
2026-08-18T11:20:25.536790,9281,0x46,PUCCH,,,,,,,,,,,,,,,,,,2,111.8,"1.000,",,,,,,,,
2026-08-18T11:20:26.166624,9300,0x46,PUCCH,,,,,,,,,,,,,,,,,,1,-inf,"0.000,",,,,,,,,
2026-08-18T11:20:26.981471,9320,0x46,PUCCH,,,,,,,,,,,,,,,,,,1,-inf,"0.000,",,,,,,,,
2026-08-18T11:20:27.013215,9321,0x46,PUCCH,,,,,,,,,,,,,,,,,,2,111.8,"1.000,",,,,,,,,
2026-08-18T11:20:27.989573,9340,0x46,PUCCH,,,,,,,,,,,,,,,,,,1,-inf,"0.000,",,,,,,,,
2026-08-18T11:20:28.905908,9360,0x46,PUCCH,,,,,,,,,,,,,,,,,,1,-inf,"0.000,",,,,,,,,
2026-08-18T11:20:28.943279,9361,0x46,PUCCH,,,,,,,,,,,,,,,,,,2,111.8,"1.000,",,,,,,,,
2026-08-18T11:20:29.558864,9380,0x46,PUCCH,,,,,,,,,,,,,,,,,,1,-inf,"0.000,",,,,,,,,
2026-08-18T11:20:30.595353,9400,0x46,PUCCH,,,,,,,,,,,,,,,,,,1,-inf,"0.000,",,,,,,,,
2026-08-18T11:20:30.643251,9401,0x46,PUCCH,,,,,,,,,,,,,,,,,,2,111.8,"1.000,",,,,,,,,
2026-08-18T11:20:31.409629,9420,0x46,PUCCH,,,,,,,,,,,,,,,,,,1,-inf,"0.000,",,,,,,,,
2026-08-18T11:20:32.096373,9440,0x46,PUCCH,,,,,,,,,,,,,,,,,,1,-inf,"0.000,",,,,,,,,
2026-08-18T11:20:32.126180,9441,0x46,PUCCH,,,,,,,,,,,,,,,,,,2,111.8,"1.000,",,,,,,,,
2026-08-18T11:20:32.983903,9460,0x46,PUCCH,,,,,,,,,,,,,,,,,,1,-inf,"0.000,",,,,,,,,
2026-08-18T11:20:34.031017,9480,0x46,PUCCH,,,,,,,,,,,,,,,,,,1,-inf,"0.000,",,,,,,,,
2026-08-18T11:20:34.129364,9481,0x46,PUCCH,,,,,,,,,,,,,,,,,,2,111.8,"1.000,",,,,,,,,
2026-08-18T11:20:35.071681,9500,0x46,PUCCH,,,,,,,,,,,,,,,,,,1,-inf,"0.000,",,,,,,,,
2026-08-18T11:20:35.852752,9520,0x46,PUCCH,,,,,,,,,,,,,,,,,,1,-inf,"0.000,",,,,,,,,
2026-08-18T11:20:35.886643,9521,0x46,PUCCH,,,,,,,,,,,,,,,,,,2,111.8,"1.000,",,,,,,,,
2026-08-18T11:20:36.679161,9540,0x46,PUCCH,,,,,,,,,,,,,,,,,,1,-inf,"0.000,",,,,,,,,
2026-08-18T11:20:37.629113,9560,0x46,PUCCH,,,,,,,,,,,,,,,,,,1,-inf,"0.000,",,,,,,,,
2026-08-18T11:20:37.670174,9561,0x46,PUCCH,,,,,,,,,,,,,,,,,,2,111.8,"1.000,",,,,,,,,
2026-08-18T11:20:38.472289,9580,0x46,PUCCH,,,,,,,,,,,,,,,,,,1,-inf,"0.000,",,,,,,,,
2026-08-18T11:20:39.228169,9600,0x46,PUCCH,,,,,,,,,,,,,,,,,,1,-inf,"0.000,",,,,,,,,
2026-08-18T11:20:39.279611,9601,0x46,PUCCH,,,,,,,,,,,,,,,,,,2,111.8,"1.000,",,,,,,,,
2026-08-18T11:20:40.560020,9620,0x46,PUCCH,,,,,,,,,,,,,,,,,,1,-inf,"0.000,",,,,,,,,
2026-08-18T11:20:41.552969,9640,0x46,PUCCH,,,,,,,,,,,,,,,,,,1,-inf,"0.000,",,,,,,,,
2026-08-18T11:20:41.593828,9641,0x46,PUCCH,,,,,,,,,,,,,,,,,,2,111.8,"1.000,",,,,,,,,
2026-08-18T11:20:42.418618,9660,0x46,PUCCH,,,,,,,,,,,,,,,,,,1,-inf,"0.000,",,,,,,,,
2026-08-18T11:20:43.109598,9680,0x46,PUCCH,,,,,,,,,,,,,,,,,,1,-inf,"0.000,",,,,,,,,
2026-08-18T11:20:43.150898,9681,0x46,PUCCH,,,,,,,,,,,,,,,,,,2,111.8,"1.000,",,,,,,,,
2026-08-18T11:20:44.160520,9700,0x46,PUCCH,,,,,,,,,,,,,,,,,,1,-inf,"0.000,",,,,,,,,
2026-08-18T11:20:44.900720,9720,0x46,PUCCH,,,,,,,,,,,,,,,,,,1,-inf,"0.000,",,,,,,,,
2026-08-18T11:20:44.942747,9721,0x46,PUCCH,,,,,,,,,,,,,,,,,,2,111.8,"1.000,",,,,,,,,
2026-08-18T11:20:45.490017,9740,0x46,PUCCH,,,,,,,,,,,,,,,,,,1,-inf,"0.000,",,,,,,,,
2026-08-18T11:20:46.075746,9760,0x46,PUCCH,,,,,,,,,,,,,,,,,,1,-inf,"0.000,",,,,,,,,
2026-08-18T11:20:46.107094,9761,0x46,PUCCH,,,,,,,,,,,,,,,,,,2,111.8,"1.000,",,,,,,,,
2026-08-18T11:20:46.905389,9780,0x46,PUCCH,,,,,,,,,,,,,,,,,,1,-inf,"0.000,",,,,,,,,
2026-08-18T11:20:47.818595,9800,0x46,PUCCH,,,,,,,,,,,,,,,,,,1,-inf,"0.000,",,,,,,,,
2026-08-18T11:20:47.853997,9801,0x46,PUCCH,,,,,,,,,,,,,,,,,,2,111.8,"1.000,",,,,,,,,
2026-08-18T11:20:48.898286,9820,0x46,PUCCH,,,,,,,,,,,,,,,,,,1,-inf,"0.000,",,,,,,,,
2026-08-18T11:20:50.118411,9840,0x46,PUCCH,,,,,,,,,,,,,,,,,,1,-inf,"0.000,",,,,,,,,
2026-08-18T11:20:50.158405,9841,0x46,PUCCH,,,,,,,,,,,,,,,,,,2,111.8,"1.000,",,,,,,,,
2026-08-18T11:20:50.998094,9860,0x46,PUCCH,,,,,,,,,,,,,,,,,,1,-inf,"0.000,",,,,,,,,
2026-08-18T11:20:51.824927,9880,0x46,PUCCH,,,,,,,,,,,,,,,,,,1,-inf,"0.000,",,,,,,,,
2026-08-18T11:20:51.865359,9881,0x46,PUCCH,,,,,,,,,,,,,,,,,,2,111.8,"1.000,",,,,,,,,
2026-08-18T11:20:52.790755,9900,0x46,PUCCH,,,,,,,,,,,,,,,,,,1,-inf,"0.000,",,,,,,,,
2026-08-18T11:20:53.483590,9920,0x46,PUCCH,,,,,,,,,,,,,,,,,,1,-inf,"0.000,",,,,,,,,
2026-08-18T11:20:53.508960,9921,0x46,PUCCH,,,,,,,,,,,,,,,,,,2,111.8,"1.000,",,,,,,,,
2026-08-18T11:20:54.006889,9940,0x46,PUCCH,,,,,,,,,,,,,,,,,,1,-inf,"0.000,",,,,,,,,
2026-08-18T11:20:55.159678,9960,0x46,PUCCH,,,,,,,,,,,,,,,,,,1,-inf,"0.000,",,,,,,,,
2026-08-18T11:20:55.246493,9961,0x46,PUCCH,,,,,,,,,,,,,,,,,,2,111.8,"1.000,",,,,,,,,
2026-08-18T11:20:56.575770,9980,0x46,PUCCH,,,,,,,,,,,,,,,,,,1,-inf,"0.000,",,,,,,,,
2026-08-18T11:20:57.916467,10000,0x46,PUCCH,,,,,,,,,,,,,,,,,,1,-inf,"0.000,",,,,,,,,
2026-08-18T11:20:57.957889,10001,0x46,PUCCH,,,,,,,,,,,,,,,,,,2,111.8,"1.000,",,,,,,,,
2026-08-18T11:20:58.659550,10020,0x46,PUCCH,,,,,,,,,,,,,,,,,,1,-inf,"0.000,",,,,,,,,
2026-08-18T11:20:59.372810,10040,0x46,PUCCH,,,,,,,,,,,,,,,,,,1,-inf,"0.000,",,,,,,,,
2026-08-18T11:20:59.415820,10041,0x46,PUCCH,,,,,,,,,,,,,,,,,,2,111.8,"1.000,",,,,,,,,
2026-08-18T11:21:00.315913,10060,0x46,PUCCH,,,,,,,,,,,,,,,,,,1,-inf,"0.000,",,,,,,,,
2026-08-18T11:21:01.080449,10080,0x46,PUCCH,,,,,,,,,,,,,,,,,,1,-inf,"0.000,",,,,,,,,
2026-08-18T11:21:01.127018,10081,0x46,PUCCH,,,,,,,,,,,,,,,,,,2,111.8,"1.000,",,,,,,,,
2026-08-18T11:21:02.075976,10100,0x46,PUCCH,,,,,,,,,,,,,,,,,,1,-inf,"0.000,",,,,,,,,
2026-08-18T11:21:02.950599,10120,0x46,PUCCH,,,,,,,,,,,,,,,,,,1,-inf,"0.000,",,,,,,,,
2026-08-18T11:21:03.003359,10121,0x46,PUCCH,,,,,,,,,,,,,,,,,,2,111.8,"1.000,",,,,,,,,
2026-08-18T11:21:03.596420,10140,0x46,PUCCH,,,,,,,,,,,,,,,,,,1,-inf,"0.000,",,,,,,,,
2026-08-18T11:21:04.305681,10160,0x46,PUCCH,,,,,,,,,,,,,,,,,,1,-inf,"0.000,",,,,,,,,
2026-08-18T11:21:04.346295,10161,0x46,PUCCH,,,,,,,,,,,,,,,,,,2,111.8,"1.000,",,,,,,,,
2026-08-18T11:21:05.295779,10180,0x46,PUCCH,,,,,,,,,,,,,,,,,,1,-inf,"0.000,",,,,,,,,
2026-08-18T11:21:05.863995,10200,0x46,PUCCH,,,,,,,,,,,,,,,,,,1,-inf,"0.000,",,,,,,,,
2026-08-18T11:21:05.893785,10201,0x46,PUCCH,,,,,,,,,,,,,,,,,,2,111.8,"1.000,",,,,,,,,
2026-08-18T11:21:06.656811,10220,0x46,PUCCH,,,,,,,,,,,,,,,,,,1,-inf,"0.000,",,,,,,,,
2026-08-18T11:21:07.426120,0,0x46,PUCCH,,,,,,,,,,,,,,,,,,1,-inf,"0.000,",,,,,,,,
2026-08-18T11:21:07.437656,1,0x46,PUCCH,,,,,,,,,,,,,,,,,,2,111.8,"1.000,",,,,,,,,
2026-08-18T11:21:07.881509,20,0x46,PUCCH,,,,,,,,,,,,,,,,,,1,-inf,"0.000,",,,,,,,,
2026-08-18T11:21:08.521245,40,0x46,PUCCH,,,,,,,,,,,,,,,,,,1,-inf,"0.000,",,,,,,,,
2026-08-18T11:21:08.560124,41,0x46,PUCCH,,,,,,,,,,,,,,,,,,2,111.8,"1.000,",,,,,,,,
2026-08-18T11:21:09.802651,60,0x46,PUCCH,,,,,,,,,,,,,,,,,,1,-inf,"0.000,",,,,,,,,
2026-08-18T11:21:10.511338,80,0x46,PUCCH,,,,,,,,,,,,,,,,,,1,-inf,"0.000,",,,,,,,,
2026-08-18T11:21:10.544434,81,0x46,PUCCH,,,,,,,,,,,,,,,,,,2,111.8,"1.000,",,,,,,,,
2026-08-18T11:21:11.414386,100,0x46,PUCCH,,,,,,,,,,,,,,,,,,1,-inf,"0.000,",,,,,,,,
2026-08-18T11:21:12.179222,120,0x46,PUCCH,,,,,,,,,,,,,,,,,,1,-inf,"0.000,",,,,,,,,
2026-08-18T11:21:12.205054,121,0x46,PUCCH,,,,,,,,,,,,,,,,,,2,111.8,"1.000,",,,,,,,,
2026-08-18T11:21:12.885855,140,0x46,PUCCH,,,,,,,,,,,,,,,,,,1,-inf,"0.000,",,,,,,,,
2026-08-18T11:21:13.515496,160,0x46,PUCCH,,,,,,,,,,,,,,,,,,1,-inf,"0.000,",,,,,,,,
2026-08-18T11:21:13.566173,161,0x46,PUCCH,,,,,,,,,,,,,,,,,,2,111.8,"1.000,",,,,,,,,
2026-08-18T11:21:14.327179,180,0x46,PUCCH,,,,,,,,,,,,,,,,,,1,-inf,"0.000,",,,,,,,,
2026-08-18T11:21:15.195859,200,0x46,PUCCH,,,,,,,,,,,,,,,,,,1,-inf,"0.000,",,,,,,,,
2026-08-18T11:21:15.247970,201,0x46,PUCCH,,,,,,,,,,,,,,,,,,2,111.8,"1.000,",,,,,,,,
2026-08-18T11:21:16.219217,220,0x46,PUCCH,,,,,,,,,,,,,,,,,,1,-inf,"0.000,",,,,,,,,
2026-08-18T11:21:16.913786,240,0x46,PUCCH,,,,,,,,,,,,,,,,,,1,-inf,"0.000,",,,,,,,,
2026-08-18T11:21:16.975294,241,0x46,PUCCH,,,,,,,,,,,,,,,,,,2,111.8,"1.000,",,,,,,,,
2026-08-18T11:21:17.718735,260,0x46,PUCCH,,,,,,,,,,,,,,,,,,1,-inf,"0.000,",,,,,,,,
2026-08-18T11:21:18.455385,280,0x46,PUCCH,,,,,,,,,,,,,,,,,,1,-inf,"0.000,",,,,,,,,
2026-08-18T11:21:18.489169,281,0x46,PUCCH,,,,,,,,,,,,,,,,,,2,111.8,"1.000,",,,,,,,,
2026-08-18T11:21:19.091375,300,0x46,PUCCH,,,,,,,,,,,,,,,,,,1,-inf,"0.000,",,,,,,,,
2026-08-18T11:21:19.818913,320,0x46,PUCCH,,,,,,,,,,,,,,,,,,1,-inf,"0.000,",,,,,,,,
2026-08-18T11:21:19.863681,321,0x46,PUCCH,,,,,,,,,,,,,,,,,,2,111.8,"1.000,",,,,,,,,
2026-08-18T11:21:20.621576,340,0x46,PUCCH,,,,,,,,,,,,,,,,,,1,-inf,"0.000,",,,,,,,,
2026-08-18T11:21:21.340607,360,0x46,PUCCH,,,,,,,,,,,,,,,,,,1,-inf,"0.000,",,,,,,,,
2026-08-18T11:21:21.369001,361,0x46,PUCCH,,,,,,,,,,,,,,,,,,2,111.8,"1.000,",,,,,,,,
2026-08-18T11:21:21.927956,380,0x46,PUCCH,,,,,,,,,,,,,,,,,,1,-inf,"0.000,",,,,,,,,
2026-08-18T11:21:22.840963,400,0x46,PUCCH,,,,,,,,,,,,,,,,,,1,-inf,"0.000,",,,,,,,,
2026-08-18T11:21:22.873175,401,0x46,PUCCH,,,,,,,,,,,,,,,,,,2,111.8,"1.000,",,,,,,,,
2026-08-18T11:21:23.659683,420,0x46,PUCCH,,,,,,,,,,,,,,,,,,1,-inf,"0.000,",,,,,,,,
2026-08-18T11:21:24.444513,440,0x46,PUCCH,,,,,,,,,,,,,,,,,,1,-inf,"0.000,",,,,,,,,
2026-08-18T11:21:24.474714,441,0x46,PUCCH,,,,,,,,,,,,,,,,,,2,111.8,"1.000,",,,,,,,,
2026-08-18T11:21:25.435505,460,0x46,PUCCH,,,,,,,,,,,,,,,,,,1,-inf,"0.000,",,,,,,,,
2026-08-18T11:21:26.105713,480,0x46,PUCCH,,,,,,,,,,,,,,,,,,1,-inf,"0.000,",,,,,,,,
2026-08-18T11:21:26.139006,481,0x46,PUCCH,,,,,,,,,,,,,,,,,,2,111.8,"1.000,",,,,,,,,
2026-08-18T11:21:27.059415,500,0x46,PUCCH,,,,,,,,,,,,,,,,,,1,-inf,"0.000,",,,,,,,,
2026-08-18T11:21:27.847797,520,0x46,PUCCH,,,,,,,,,,,,,,,,,,1,-inf,"0.000,",,,,,,,,
2026-08-18T11:21:27.877769,521,0x46,PUCCH,,,,,,,,,,,,,,,,,,2,111.8,"1.000,",,,,,,,,
2026-08-18T11:21:28.518767,540,0x46,PUCCH,,,,,,,,,,,,,,,,,,1,-inf,"0.000,",,,,,,,,
2026-08-18T11:21:29.102654,560,0x46,PUCCH,,,,,,,,,,,,,,,,,,1,-inf,"0.000,",,,,,,,,
2026-08-18T11:21:29.135741,561,0x46,PUCCH,,,,,,,,,,,,,,,,,,2,111.8,"1.000,",,,,,,,,
2026-08-18T11:21:29.723124,580,0x46,PUCCH,,,,,,,,,,,,,,,,,,1,-inf,"0.000,",,,,,,,,
2026-08-18T11:21:30.640560,600,0x46,PUCCH,,,,,,,,,,,,,,,,,,1,-inf,"0.000,",,,,,,,,
2026-08-18T11:21:30.671570,601,0x46,PUCCH,,,,,,,,,,,,,,,,,,2,111.8,"1.000,",,,,,,,,
2026-08-18T11:21:31.544399,620,0x46,PUCCH,,,,,,,,,,,,,,,,,,1,-inf,"0.000,",,,,,,,,
2026-08-18T11:21:32.429549,640,0x46,PUCCH,,,,,,,,,,,,,,,,,,1,-inf,"0.000,",,,,,,,,
2026-08-18T11:21:32.459795,641,0x46,PUCCH,,,,,,,,,,,,,,,,,,2,111.8,"1.000,",,,,,,,,
2026-08-18T11:21:33.137680,660,0x46,PUCCH,,,,,,,,,,,,,,,,,,1,-inf,"0.000,",,,,,,,,
2026-08-18T11:21:33.912005,680,0x46,PUCCH,,,,,,,,,,,,,,,,,,1,-inf,"0.000,",,,,,,,,
2026-08-18T11:21:33.965490,681,0x46,PUCCH,,,,,,,,,,,,,,,,,,2,111.8,"1.000,",,,,,,,,
2026-08-18T11:21:34.947304,700,0x46,PUCCH,,,,,,,,,,,,,,,,,,1,-inf,"0.000,",,,,,,,,
2026-08-18T11:21:35.852750,720,0x46,PUCCH,,,,,,,,,,,,,,,,,,1,-inf,"0.000,",,,,,,,,
2026-08-18T11:21:35.882402,721,0x46,PUCCH,,,,,,,,,,,,,,,,,,2,111.8,"1.000,",,,,,,,,
2026-08-18T11:21:36.861052,740,0x46,PUCCH,,,,,,,,,,,,,,,,,,1,-inf,"0.000,",,,,,,,,
2026-08-18T11:21:37.764652,760,0x46,PUCCH,,,,,,,,,,,,,,,,,,1,-inf,"0.000,",,,,,,,,
2026-08-18T11:21:37.804038,761,0x46,PUCCH,,,,,,,,,,,,,,,,,,2,111.8,"1.000,",,,,,,,,
2026-08-18T11:21:38.737692,780,0x46,PUCCH,,,,,,,,,,,,,,,,,,1,-inf,"0.000,",,,,,,,,
2026-08-18T11:21:39.713312,800,0x46,PUCCH,,,,,,,,,,,,,,,,,,1,-inf,"0.000,",,,,,,,,
2026-08-18T11:21:39.756703,801,0x46,PUCCH,,,,,,,,,,,,,,,,,,2,111.8,"1.000,",,,,,,,,
2026-08-18T11:21:40.400008,820,0x46,PUCCH,,,,,,,,,,,,,,,,,,1,-inf,"0.000,",,,,,,,,
2026-08-18T11:21:41.002105,840,0x46,PUCCH,,,,,,,,,,,,,,,,,,1,-inf,"0.000,",,,,,,,,
2026-08-18T11:21:41.032880,841,0x46,PUCCH,,,,,,,,,,,,,,,,,,2,111.8,"1.000,",,,,,,,,
2026-08-18T11:21:42.130799,860,0x46,PUCCH,,,,,,,,,,,,,,,,,,1,-inf,"0.000,",,,,,,,,
2026-08-18T11:21:43.125619,880,0x46,PUCCH,,,,,,,,,,,,,,,,,,1,-inf,"0.000,",,,,,,,,
2026-08-18T11:21:43.170288,881,0x46,PUCCH,,,,,,,,,,,,,,,,,,2,111.8,"1.000,",,,,,,,,
2026-08-18T11:21:44.050606,900,0x46,PUCCH,,,,,,,,,,,,,,,,,,1,-inf,"0.000,",,,,,,,,
2026-08-18T11:21:44.816532,920,0x46,PUCCH,,,,,,,,,,,,,,,,,,1,-inf,"0.000,",,,,,,,,
2026-08-18T11:21:44.858319,921,0x46,PUCCH,,,,,,,,,,,,,,,,,,2,111.8,"1.000,",,,,,,,,
2026-08-18T11:21:45.656890,940,0x46,PUCCH,,,,,,,,,,,,,,,,,,1,-inf,"0.000,",,,,,,,,
2026-08-18T11:21:46.560570,960,0x46,PUCCH,,,,,,,,,,,,,,,,,,1,-inf,"0.000,",,,,,,,,
2026-08-18T11:21:46.624611,961,0x46,PUCCH,,,,,,,,,,,,,,,,,,2,111.8,"1.000,",,,,,,,,
2026-08-18T11:21:47.225153,980,0x46,PUCCH,,,,,,,,,,,,,,,,,,1,-inf,"0.000,",,,,,,,,
2026-08-18T11:21:47.904118,1000,0x46,PUCCH,,,,,,,,,,,,,,,,,,1,-inf,"0.000,",,,,,,,,
2026-08-18T11:21:47.935649,1001,0x46,PUCCH,,,,,,,,,,,,,,,,,,2,111.8,"1.000,",,,,,,,,
2026-08-18T11:21:48.735766,1020,0x46,PUCCH,,,,,,,,,,,,,,,,,,1,-inf,"0.000,",,,,,,,,
2026-08-18T11:21:49.523825,1040,0x46,PUCCH,,,,,,,,,,,,,,,,,,1,-inf,"0.000,",,,,,,,,
2026-08-18T11:21:49.580716,1041,0x46,PUCCH,,,,,,,,,,,,,,,,,,2,111.8,"1.000,",,,,,,,,
2026-08-18T11:21:50.337880,1060,0x46,PUCCH,,,,,,,,,,,,,,,,,,1,-inf,"0.000,",,,,,,,,
2026-08-18T11:21:51.289754,1080,0x46,PUCCH,,,,,,,,,,,,,,,,,,1,-inf,"0.000,",,,,,,,,
2026-08-18T11:21:51.348335,1081,0x46,PUCCH,,,,,,,,,,,,,,,,,,2,111.8,"1.000,",,,,,,,,
2026-08-18T11:21:52.203908,1100,0x46,PUCCH,,,,,,,,,,,,,,,,,,1,-inf,"0.000,",,,,,,,,
2026-08-18T11:21:52.932004,1120,0x46,PUCCH,,,,,,,,,,,,,,,,,,1,-inf,"0.000,",,,,,,,,
2026-08-18T11:21:52.983847,1121,0x46,PUCCH,,,,,,,,,,,,,,,,,,2,111.8,"1.000,",,,,,,,,
2026-08-18T11:21:53.740872,1140,0x46,PUCCH,,,,,,,,,,,,,,,,,,1,-inf,"0.000,",,,,,,,,
2026-08-18T11:21:54.393076,1160,0x46,PUCCH,,,,,,,,,,,,,,,,,,1,-inf,"0.000,",,,,,,,,
2026-08-18T11:21:54.438726,1161,0x46,PUCCH,,,,,,,,,,,,,,,,,,2,111.8,"1.000,",,,,,,,,
2026-08-18T11:21:55.254824,1180,0x46,PUCCH,,,,,,,,,,,,,,,,,,1,-inf,"0.000,",,,,,,,,
2026-08-18T11:21:56.043686,1200,0x46,PUCCH,,,,,,,,,,,,,,,,,,1,-inf,"0.000,",,,,,,,,
2026-08-18T11:21:56.080044,1201,0x46,PUCCH,,,,,,,,,,,,,,,,,,2,111.8,"1.000,",,,,,,,,
2026-08-18T11:21:56.593305,1220,0x46,PUCCH,,,,,,,,,,,,,,,,,,1,-inf,"0.000,",,,,,,,,
2026-08-18T11:21:57.299627,1240,0x46,PUCCH,,,,,,,,,,,,,,,,,,1,-inf,"0.000,",,,,,,,,
2026-08-18T11:21:57.348644,1241,0x46,PUCCH,,,,,,,,,,,,,,,,,,2,111.8,"1.000,",,,,,,,,
2026-08-18T11:21:58.021893,1260,0x46,PUCCH,,,,,,,,,,,,,,,,,,1,-inf,"0.000,",,,,,,,,
2026-08-18T11:21:59.049447,1280,0x46,PUCCH,,,,,,,,,,,,,,,,,,1,-inf,"0.000,",,,,,,,,
2026-08-18T11:21:59.099773,1281,0x46,PUCCH,,,,,,,,,,,,,,,,,,2,111.8,"1.000,",,,,,,,,
2026-08-18T11:21:59.879838,1300,0x46,PUCCH,,,,,,,,,,,,,,,,,,1,-inf,"0.000,",,,,,,,,
2026-08-18T11:22:00.922380,1320,0x46,PUCCH,,,,,,,,,,,,,,,,,,1,-inf,"0.000,",,,,,,,,
2026-08-18T11:22:00.964021,1321,0x46,PUCCH,,,,,,,,,,,,,,,,,,2,111.8,"1.000,",,,,,,,,
2026-08-18T11:22:02.219497,1340,0x46,PUCCH,,,,,,,,,,,,,,,,,,1,-inf,"0.000,",,,,,,,,
2026-08-18T11:22:03.029857,1360,0x46,PUCCH,,,,,,,,,,,,,,,,,,1,-inf,"0.000,",,,,,,,,
2026-08-18T11:22:03.059494,1361,0x46,PUCCH,,,,,,,,,,,,,,,,,,2,111.8,"1.000,",,,,,,,,
2026-08-18T11:22:03.669184,1380,0x46,PUCCH,,,,,,,,,,,,,,,,,,1,-inf,"0.000,",,,,,,,,
2026-08-18T11:22:04.681976,1400,0x46,PUCCH,,,,,,,,,,,,,,,,,,1,-inf,"0.000,",,,,,,,,
2026-08-18T11:22:04.720529,1401,0x46,PUCCH,,,,,,,,,,,,,,,,,,2,111.8,"1.000,",,,,,,,,
2026-08-18T11:22:05.742243,1420,0x46,PUCCH,,,,,,,,,,,,,,,,,,1,-inf,"0.000,",,,,,,,,
2026-08-18T11:22:06.493802,1440,0x46,PUCCH,,,,,,,,,,,,,,,,,,1,-inf,"0.000,",,,,,,,,
2026-08-18T11:22:06.546911,1441,0x46,PUCCH,,,,,,,,,,,,,,,,,,2,111.8,"1.000,",,,,,,,,
2026-08-18T11:22:07.399364,1460,0x46,PUCCH,,,,,,,,,,,,,,,,,,1,-inf,"0.000,",,,,,,,,
2026-08-18T11:22:08.192354,1480,0x46,PUCCH,,,,,,,,,,,,,,,,,,1,-inf,"0.000,",,,,,,,,
2026-08-18T11:22:08.222499,1481,0x46,PUCCH,,,,,,,,,,,,,,,,,,2,111.8,"1.000,",,,,,,,,
2026-08-18T11:22:08.852355,1500,0x46,PUCCH,,,,,,,,,,,,,,,,,,1,-inf,"0.000,",,,,,,,,
2026-08-18T11:22:09.481123,1520,0x46,PUCCH,,,,,,,,,,,,,,,,,,1,-inf,"0.000,",,,,,,,,
2026-08-18T11:22:09.509291,1521,0x46,PUCCH,,,,,,,,,,,,,,,,,,2,111.8,"1.000,",,,,,,,,
2026-08-18T11:22:10.166573,1540,0x46,PUCCH,,,,,,,,,,,,,,,,,,1,-inf,"0.000,",,,,,,,,
2026-08-18T11:22:10.927141,1560,0x46,PUCCH,,,,,,,,,,,,,,,,,,1,-inf,"0.000,",,,,,,,,
2026-08-18T11:22:10.962105,1561,0x46,PUCCH,,,,,,,,,,,,,,,,,,2,111.8,"1.000,",,,,,,,,
2026-08-18T11:22:11.707325,1580,0x46,PUCCH,,,,,,,,,,,,,,,,,,1,-inf,"0.000,",,,,,,,,
2026-08-18T11:22:12.420687,1600,0x46,PUCCH,,,,,,,,,,,,,,,,,,1,-inf,"0.000,",,,,,,,,
2026-08-18T11:22:12.450850,1601,0x46,PUCCH,,,,,,,,,,,,,,,,,,2,111.8,"1.000,",,,,,,,,
2026-08-18T11:22:13.071580,1620,0x46,PUCCH,,,,,,,,,,,,,,,,,,1,-inf,"0.000,",,,,,,,,
2026-08-18T11:22:13.913193,1640,0x46,PUCCH,,,,,,,,,,,,,,,,,,1,-inf,"0.000,",,,,,,,,
2026-08-18T11:22:13.943402,1641,0x46,PUCCH,,,,,,,,,,,,,,,,,,2,111.8,"1.000,",,,,,,,,
2026-08-18T11:22:14.736814,1660,0x46,PUCCH,,,,,,,,,,,,,,,,,,1,-inf,"0.000,",,,,,,,,
2026-08-18T11:22:15.624077,1680,0x46,PUCCH,,,,,,,,,,,,,,,,,,1,-inf,"0.000,",,,,,,,,
2026-08-18T11:22:15.662793,1681,0x46,PUCCH,,,,,,,,,,,,,,,,,,2,111.8,"1.000,",,,,,,,,
2026-08-18T11:22:16.613458,1700,0x46,PUCCH,,,,,,,,,,,,,,,,,,1,-inf,"0.000,",,,,,,,,
2026-08-18T11:22:17.531394,1720,0x46,PUCCH,,,,,,,,,,,,,,,,,,1,-inf,"0.000,",,,,,,,,
2026-08-18T11:22:17.591408,1721,0x46,PUCCH,,,,,,,,,,,,,,,,,,2,111.8,"1.000,",,,,,,,,
2026-08-18T11:22:18.357661,1740,0x46,PUCCH,,,,,,,,,,,,,,,,,,1,-inf,"0.000,",,,,,,,,
2026-08-18T11:22:19.486370,1760,0x46,PUCCH,,,,,,,,,,,,,,,,,,1,-inf,"0.000,",,,,,,,,
2026-08-18T11:22:19.570918,1761,0x46,PUCCH,,,,,,,,,,,,,,,,,,2,111.8,"1.000,",,,,,,,,
2026-08-18T11:22:20.561273,1780,0x46,PUCCH,,,,,,,,,,,,,,,,,,1,-inf,"0.000,",,,,,,,,
2026-08-18T11:22:21.260693,1800,0x46,PUCCH,,,,,,,,,,,,,,,,,,1,-inf,"0.000,",,,,,,,,
2026-08-18T11:22:21.306449,1801,0x46,PUCCH,,,,,,,,,,,,,,,,,,2,111.8,"1.000,",,,,,,,,
2026-08-18T11:22:22.374761,1820,0x46,PUCCH,,,,,,,,,,,,,,,,,,1,-inf,"0.000,",,,,,,,,
2026-08-18T11:22:23.252937,1840,0x46,PUCCH,,,,,,,,,,,,,,,,,,1,-inf,"0.000,",,,,,,,,
2026-08-18T11:22:23.284918,1841,0x46,PUCCH,,,,,,,,,,,,,,,,,,2,111.8,"1.000,",,,,,,,,
2026-08-18T11:22:24.056312,1860,0x46,PUCCH,,,,,,,,,,,,,,,,,,1,-inf,"0.000,",,,,,,,,
2026-08-18T11:22:25.198837,1880,0x46,PUCCH,,,,,,,,,,,,,,,,,,1,-inf,"0.000,",,,,,,,,
2026-08-18T11:22:25.246244,1881,0x46,PUCCH,,,,,,,,,,,,,,,,,,2,111.8,"1.000,",,,,,,,,
2026-08-18T11:22:26.051194,1900,0x46,PUCCH,,,,,,,,,,,,,,,,,,1,-inf,"0.000,",,,,,,,,
2026-08-18T11:22:26.749090,1920,0x46,PUCCH,,,,,,,,,,,,,,,,,,1,-inf,"0.000,",,,,,,,,
2026-08-18T11:22:26.798781,1921,0x46,PUCCH,,,,,,,,,,,,,,,,,,2,111.8,"1.000,",,,,,,,,
2026-08-18T11:22:27.458851,1940,0x46,PUCCH,,,,,,,,,,,,,,,,,,1,-inf,"0.000,",,,,,,,,
2026-08-18T11:22:28.505589,1960,0x46,PUCCH,,,,,,,,,,,,,,,,,,1,-inf,"0.000,",,,,,,,,
2026-08-18T11:22:28.552881,1961,0x46,PUCCH,,,,,,,,,,,,,,,,,,2,111.8,"1.000,",,,,,,,,
2026-08-18T11:22:29.443783,1980,0x46,PUCCH,,,,,,,,,,,,,,,,,,1,-inf,"0.000,",,,,,,,,
2026-08-18T11:22:30.418467,2000,0x46,PUCCH,,,,,,,,,,,,,,,,,,1,-inf,"0.000,",,,,,,,,
2026-08-18T11:22:30.465425,2001,0x46,PUCCH,,,,,,,,,,,,,,,,,,2,111.8,"1.000,",,,,,,,,
2026-08-18T11:22:31.286597,2020,0x46,PUCCH,,,,,,,,,,,,,,,,,,1,-inf,"0.000,",,,,,,,,
2026-08-18T11:22:32.037172,2040,0x46,PUCCH,,,,,,,,,,,,,,,,,,1,-inf,"0.000,",,,,,,,,
2026-08-18T11:22:32.062000,2041,0x46,PUCCH,,,,,,,,,,,,,,,,,,2,111.8,"1.000,",,,,,,,,
2026-08-18T11:22:32.861178,2060,0x46,PUCCH,,,,,,,,,,,,,,,,,,1,-inf,"0.000,",,,,,,,,
2026-08-18T11:22:33.690573,2080,0x46,PUCCH,,,,,,,,,,,,,,,,,,1,-inf,"0.000,",,,,,,,,
2026-08-18T11:22:33.730251,2081,0x46,PUCCH,,,,,,,,,,,,,,,,,,2,111.8,"1.000,",,,,,,,,
2026-08-18T11:22:34.383405,2100,0x46,PUCCH,,,,,,,,,,,,,,,,,,1,-inf,"0.000,",,,,,,,,
2026-08-18T11:22:35.005077,2120,0x46,PUCCH,,,,,,,,,,,,,,,,,,1,-inf,"0.000,",,,,,,,,
2026-08-18T11:22:35.035389,2121,0x46,PUCCH,,,,,,,,,,,,,,,,,,2,111.8,"1.000,",,,,,,,,
2026-08-18T11:22:35.810760,2140,0x46,PUCCH,,,,,,,,,,,,,,,,,,1,-inf,"0.000,",,,,,,,,
2026-08-18T11:22:36.621716,2160,0x46,PUCCH,,,,,,,,,,,,,,,,,,1,-inf,"0.000,",,,,,,,,
2026-08-18T11:22:36.670812,2161,0x46,PUCCH,,,,,,,,,,,,,,,,,,2,111.8,"1.000,",,,,,,,,
2026-08-18T11:22:37.533642,2180,0x46,PUCCH,,,,,,,,,,,,,,,,,,1,-inf,"0.000,",,,,,,,,
2026-08-18T11:22:39.423672,2200,0x46,PUCCH,,,,,,,,,,,,,,,,,,1,-inf,"0.000,",,,,,,,,
2026-08-18T11:22:39.489999,2201,0x46,PUCCH,,,,,,,,,,,,,,,,,,2,111.8,"1.000,",,,,,,,,
2026-08-18T11:22:40.352731,2220,0x46,PUCCH,,,,,,,,,,,,,,,,,,1,-inf,"0.000,",,,,,,,,
2026-08-18T11:22:41.219693,2240,0x46,PUCCH,,,,,,,,,,,,,,,,,,1,-inf,"0.000,",,,,,,,,
2026-08-18T11:22:41.274739,2241,0x46,PUCCH,,,,,,,,,,,,,,,,,,2,111.8,"1.000,",,,,,,,,
2026-08-18T11:22:42.015024,2260,0x46,PUCCH,,,,,,,,,,,,,,,,,,1,-inf,"0.000,",,,,,,,,
2026-08-18T11:22:43.187413,2280,0x46,PUCCH,,,,,,,,,,,,,,,,,,1,-inf,"0.000,",,,,,,,,
2026-08-18T11:22:43.225127,2281,0x46,PUCCH,,,,,,,,,,,,,,,,,,2,111.8,"1.000,",,,,,,,,
2026-08-18T11:22:43.809303,2300,0x46,PUCCH,,,,,,,,,,,,,,,,,,1,-inf,"0.000,",,,,,,,,
2026-08-18T11:22:44.403372,2320,0x46,PUCCH,,,,,,,,,,,,,,,,,,1,-inf,"0.000,",,,,,,,,
2026-08-18T11:22:44.433406,2321,0x46,PUCCH,,,,,,,,,,,,,,,,,,2,111.8,"1.000,",,,,,,,,
2026-08-18T11:22:45.224502,2340,0x46,PUCCH,,,,,,,,,,,,,,,,,,1,-inf,"0.000,",,,,,,,,
2026-08-18T11:22:46.068600,2360,0x46,PUCCH,,,,,,,,,,,,,,,,,,1,-inf,"0.000,",,,,,,,,
2026-08-18T11:22:46.118930,2361,0x46,PUCCH,,,,,,,,,,,,,,,,,,2,111.8,"1.000,",,,,,,,,
2026-08-18T11:22:47.049645,2380,0x46,PUCCH,,,,,,,,,,,,,,,,,,1,-inf,"0.000,",,,,,,,,
2026-08-18T11:22:48.045396,2400,0x46,PUCCH,,,,,,,,,,,,,,,,,,1,-inf,"0.000,",,,,,,,,
2026-08-18T11:22:48.119833,2401,0x46,PUCCH,,,,,,,,,,,,,,,,,,2,111.8,"1.000,",,,,,,,,
2026-08-18T11:22:48.931288,2420,0x46,PUCCH,,,,,,,,,,,,,,,,,,1,-inf,"0.000,",,,,,,,,
2026-08-18T11:22:49.753691,2440,0x46,PUCCH,,,,,,,,,,,,,,,,,,1,-inf,"0.000,",,,,,,,,
2026-08-18T11:22:49.783319,2441,0x46,PUCCH,,,,,,,,,,,,,,,,,,2,111.8,"1.000,",,,,,,,,
2026-08-18T11:22:50.476921,2460,0x46,PUCCH,,,,,,,,,,,,,,,,,,1,-inf,"0.000,",,,,,,,,
2026-08-18T11:22:51.203417,2480,0x46,PUCCH,,,,,,,,,,,,,,,,,,1,-inf,"0.000,",,,,,,,,
2026-08-18T11:22:51.229386,2481,0x46,PUCCH,,,,,,,,,,,,,,,,,,2,111.8,"1.000,",,,,,,,,
2026-08-18T11:22:52.012608,2500,0x46,PUCCH,,,,,,,,,,,,,,,,,,1,-inf,"0.000,",,,,,,,,
2026-08-18T11:22:53.043954,2520,0x46,PUCCH,,,,,,,,,,,,,,,,,,1,-inf,"0.000,",,,,,,,,
2026-08-18T11:22:53.080389,2521,0x46,PUCCH,,,,,,,,,,,,,,,,,,2,111.8,"1.000,",,,,,,,,
2026-08-18T11:22:53.740924,2540,0x46,PUCCH,,,,,,,,,,,,,,,,,,1,-inf,"0.000,",,,,,,,,
2026-08-18T11:22:54.328723,2560,0x46,PUCCH,,,,,,,,,,,,,,,,,,1,-inf,"0.000,",,,,,,,,
2026-08-18T11:22:54.347213,2561,0x46,PUCCH,,,,,,,,,,,,,,,,,,2,111.8,"1.000,",,,,,,,,
2026-08-18T11:22:54.877892,2580,0x46,PUCCH,,,,,,,,,,,,,,,,,,1,-inf,"0.000,",,,,,,,,
2026-08-18T11:22:55.697358,2600,0x46,PUCCH,,,,,,,,,,,,,,,,,,1,-inf,"0.000,",,,,,,,,
2026-08-18T11:22:55.746332,2601,0x46,PUCCH,,,,,,,,,,,,,,,,,,2,111.8,"1.000,",,,,,,,,
2026-08-18T11:22:56.479990,2620,0x46,PUCCH,,,,,,,,,,,,,,,,,,1,-inf,"0.000,",,,,,,,,
2026-08-18T11:22:57.082937,2640,0x46,PUCCH,,,,,,,,,,,,,,,,,,1,-inf,"0.000,",,,,,,,,
2026-08-18T11:22:57.103345,2641,0x46,PUCCH,,,,,,,,,,,,,,,,,,2,111.8,"1.000,",,,,,,,,
2026-08-18T11:22:57.708536,2660,0x46,PUCCH,,,,,,,,,,,,,,,,,,1,-inf,"0.000,",,,,,,,,
2026-08-18T11:22:58.337182,2680,0x46,PUCCH,,,,,,,,,,,,,,,,,,1,-inf,"0.000,",,,,,,,,
2026-08-18T11:22:58.369319,2681,0x46,PUCCH,,,,,,,,,,,,,,,,,,2,111.8,"1.000,",,,,,,,,
2026-08-18T11:22:59.446323,2700,0x46,PUCCH,,,,,,,,,,,,,,,,,,1,-inf,"0.000,",,,,,,,,
2026-08-18T11:23:00.509176,2720,0x46,PUCCH,,,,,,,,,,,,,,,,,,1,-inf,"0.000,",,,,,,,,
2026-08-18T11:23:00.541722,2721,0x46,PUCCH,,,,,,,,,,,,,,,,,,2,111.8,"1.000,",,,,,,,,
2026-08-18T11:23:01.654533,2740,0x46,PUCCH,,,,,,,,,,,,,,,,,,1,-inf,"0.000,",,,,,,,,
2026-08-18T11:23:02.551153,2760,0x46,PUCCH,,,,,,,,,,,,,,,,,,1,-inf,"0.000,",,,,,,,,
2026-08-18T11:23:02.591925,2761,0x46,PUCCH,,,,,,,,,,,,,,,,,,2,111.8,"1.000,",,,,,,,,
2026-08-18T11:23:03.407542,2780,0x46,PUCCH,,,,,,,,,,,,,,,,,,1,-inf,"0.000,",,,,,,,,
2026-08-18T11:23:04.086305,2800,0x46,PUCCH,,,,,,,,,,,,,,,,,,1,-inf,"0.000,",,,,,,,,
2026-08-18T11:23:04.140508,2801,0x46,PUCCH,,,,,,,,,,,,,,,,,,2,111.8,"1.000,",,,,,,,,
2026-08-18T11:23:04.936038,2820,0x46,PUCCH,,,,,,,,,,,,,,,,,,1,-inf,"0.000,",,,,,,,,
2026-08-18T11:23:05.834666,2840,0x46,PUCCH,,,,,,,,,,,,,,,,,,1,-inf,"0.000,",,,,,,,,
2026-08-18T11:23:05.889468,2841,0x46,PUCCH,,,,,,,,,,,,,,,,,,2,111.8,"1.000,",,,,,,,,
2026-08-18T11:23:06.677884,2860,0x46,PUCCH,,,,,,,,,,,,,,,,,,1,-inf,"0.000,",,,,,,,,
2026-08-18T11:23:07.323923,2880,0x46,PUCCH,,,,,,,,,,,,,,,,,,1,-inf,"0.000,",,,,,,,,
2026-08-18T11:23:07.354705,2881,0x46,PUCCH,,,,,,,,,,,,,,,,,,2,111.8,"1.000,",,,,,,,,
2026-08-18T11:23:08.224956,2900,0x46,PUCCH,,,,,,,,,,,,,,,,,,1,-inf,"0.000,",,,,,,,,
2026-08-18T11:23:09.064076,2920,0x46,PUCCH,,,,,,,,,,,,,,,,,,1,-inf,"0.000,",,,,,,,,
2026-08-18T11:23:09.100363,2921,0x46,PUCCH,,,,,,,,,,,,,,,,,,2,111.8,"1.000,",,,,,,,,
2026-08-18T11:23:09.946212,2940,0x46,PUCCH,,,,,,,,,,,,,,,,,,1,-inf,"0.000,",,,,,,,,
2026-08-18T11:23:10.623703,2960,0x46,PUCCH,,,,,,,,,,,,,,,,,,1,-inf,"0.000,",,,,,,,,
2026-08-18T11:23:10.645538,2961,0x46,PUCCH,,,,,,,,,,,,,,,,,,2,111.8,"1.000,",,,,,,,,
2026-08-18T11:23:11.343787,2980,0x46,PUCCH,,,,,,,,,,,,,,,,,,1,-inf,"0.000,",,,,,,,,
2026-08-18T11:23:12.380334,3000,0x46,PUCCH,,,,,,,,,,,,,,,,,,1,-inf,"0.000,",,,,,,,,
2026-08-18T11:23:12.413106,3001,0x46,PUCCH,,,,,,,,,,,,,,,,,,2,111.8,"1.000,",,,,,,,,
2026-08-18T11:23:13.036388,3020,0x46,PUCCH,,,,,,,,,,,,,,,,,,1,-inf,"0.000,",,,,,,,,
2026-08-18T11:23:13.883151,3040,0x46,PUCCH,,,,,,,,,,,,,,,,,,1,-inf,"0.000,",,,,,,,,
2026-08-18T11:23:13.912092,3041,0x46,PUCCH,,,,,,,,,,,,,,,,,,2,111.8,"1.000,",,,,,,,,
2026-08-18T11:23:14.877180,3060,0x46,PUCCH,,,,,,,,,,,,,,,,,,1,-inf,"0.000,",,,,,,,,
2026-08-18T11:23:15.979851,3080,0x46,PUCCH,,,,,,,,,,,,,,,,,,1,-inf,"0.000,",,,,,,,,
2026-08-18T11:23:16.036784,3081,0x46,PUCCH,,,,,,,,,,,,,,,,,,2,111.8,"1.000,",,,,,,,,
2026-08-18T11:23:17.061300,3100,0x46,PUCCH,,,,,,,,,,,,,,,,,,1,-inf,"0.000,",,,,,,,,
2026-08-18T11:23:17.966855,3120,0x46,PUCCH,,,,,,,,,,,,,,,,,,1,-inf,"0.000,",,,,,,,,
2026-08-18T11:23:17.998232,3121,0x46,PUCCH,,,,,,,,,,,,,,,,,,2,111.8,"1.000,",,,,,,,,
2026-08-18T11:23:18.957226,3140,0x46,PUCCH,,,,,,,,,,,,,,,,,,1,-inf,"0.000,",,,,,,,,
2026-08-18T11:23:20.097287,3160,0x46,PUCCH,,,,,,,,,,,,,,,,,,1,-inf,"0.000,",,,,,,,,
2026-08-18T11:23:20.151286,3161,0x46,PUCCH,,,,,,,,,,,,,,,,,,2,111.8,"1.000,",,,,,,,,
2026-08-18T11:23:20.911578,3180,0x46,PUCCH,,,,,,,,,,,,,,,,,,1,-inf,"0.000,",,,,,,,,
2026-08-18T11:23:21.814866,3200,0x46,PUCCH,,,,,,,,,,,,,,,,,,1,-inf,"0.000,",,,,,,,,
2026-08-18T11:23:21.851704,3201,0x46,PUCCH,,,,,,,,,,,,,,,,,,2,111.8,"1.000,",,,,,,,,
2026-08-18T11:23:22.848429,3220,0x46,PUCCH,,,,,,,,,,,,,,,,,,1,-inf,"0.000,",,,,,,,,
2026-08-18T11:23:23.612956,3240,0x46,PUCCH,,,,,,,,,,,,,,,,,,1,-inf,"0.000,",,,,,,,,
2026-08-18T11:23:23.641999,3241,0x46,PUCCH,,,,,,,,,,,,,,,,,,2,111.8,"1.000,",,,,,,,,
2026-08-18T11:23:24.611665,3260,0x46,PUCCH,,,,,,,,,,,,,,,,,,1,-inf,"0.000,",,,,,,,,
2026-08-18T11:23:25.467246,3280,0x46,PUCCH,,,,,,,,,,,,,,,,,,1,-inf,"0.000,",,,,,,,,
2026-08-18T11:23:25.506721,3281,0x46,PUCCH,,,,,,,,,,,,,,,,,,2,111.8,"1.000,",,,,,,,,
2026-08-18T11:23:26.188151,3300,0x46,PUCCH,,,,,,,,,,,,,,,,,,1,-inf,"0.000,",,,,,,,,
2026-08-18T11:23:27.004223,3320,0x46,PUCCH,,,,,,,,,,,,,,,,,,1,-inf,"0.000,",,,,,,,,
2026-08-18T11:23:27.043503,3321,0x46,PUCCH,,,,,,,,,,,,,,,,,,2,111.8,"1.000,",,,,,,,,
2026-08-18T11:23:27.773282,3340,0x46,PUCCH,,,,,,,,,,,,,,,,,,1,-inf,"0.000,",,,,,,,,
2026-08-18T11:23:28.659614,3360,0x46,PUCCH,,,,,,,,,,,,,,,,,,1,-inf,"0.000,",,,,,,,,
2026-08-18T11:23:28.693491,3361,0x46,PUCCH,,,,,,,,,,,,,,,,,,2,111.8,"1.000,",,,,,,,,
2026-08-18T11:23:29.366212,3380,0x46,PUCCH,,,,,,,,,,,,,,,,,,1,-inf,"0.000,",,,,,,,,
2026-08-18T11:23:30.212895,3400,0x46,PUCCH,,,,,,,,,,,,,,,,,,1,-inf,"0.000,",,,,,,,,
2026-08-18T11:23:30.248822,3401,0x46,PUCCH,,,,,,,,,,,,,,,,,,2,111.8,"1.000,",,,,,,,,
2026-08-18T11:23:31.290822,3420,0x46,PUCCH,,,,,,,,,,,,,,,,,,1,-inf,"0.000,",,,,,,,,
2026-08-18T11:23:32.084960,3440,0x46,PUCCH,,,,,,,,,,,,,,,,,,1,-inf,"0.000,",,,,,,,,
2026-08-18T11:23:32.127460,3441,0x46,PUCCH,,,,,,,,,,,,,,,,,,2,111.8,"1.000,",,,,,,,,
2026-08-18T11:23:32.850840,3460,0x46,PUCCH,,,,,,,,,,,,,,,,,,1,-inf,"0.000,",,,,,,,,
2026-08-18T11:23:33.625583,3480,0x46,PUCCH,,,,,,,,,,,,,,,,,,1,-inf,"0.000,",,,,,,,,
2026-08-18T11:23:33.655992,3481,0x46,PUCCH,,,,,,,,,,,,,,,,,,2,111.8,"1.000,",,,,,,,,
2026-08-18T11:23:34.291291,3500,0x46,PUCCH,,,,,,,,,,,,,,,,,,1,-inf,"0.000,",,,,,,,,
2026-08-18T11:23:35.216131,3520,0x46,PUCCH,,,,,,,,,,,,,,,,,,1,-inf,"0.000,",,,,,,,,
2026-08-18T11:23:35.267961,3521,0x46,PUCCH,,,,,,,,,,,,,,,,,,2,111.8,"1.000,",,,,,,,,
2026-08-18T11:23:36.061615,3540,0x46,PUCCH,,,,,,,,,,,,,,,,,,1,-inf,"0.000,",,,,,,,,
2026-08-18T11:23:37.305295,3560,0x46,PUCCH,,,,,,,,,,,,,,,,,,1,-inf,"0.000,",,,,,,,,
2026-08-18T11:23:37.348501,3561,0x46,PUCCH,,,,,,,,,,,,,,,,,,2,111.8,"1.000,",,,,,,,,
2026-08-18T11:23:38.615919,3580,0x46,PUCCH,,,,,,,,,,,,,,,,,,1,-inf,"0.000,",,,,,,,,
2026-08-18T11:23:39.467305,3600,0x46,PUCCH,,,,,,,,,,,,,,,,,,1,-inf,"0.000,",,,,,,,,
2026-08-18T11:23:39.506442,3601,0x46,PUCCH,,,,,,,,,,,,,,,,,,2,111.8,"1.000,",,,,,,,,
2026-08-18T11:23:40.333069,3620,0x46,PUCCH,,,,,,,,,,,,,,,,,,1,-inf,"0.000,",,,,,,,,
2026-08-18T11:23:41.558737,3640,0x46,PUCCH,,,,,,,,,,,,,,,,,,1,-inf,"0.000,",,,,,,,,
2026-08-18T11:23:41.847988,3641,0x46,PUCCH,,,,,,,,,,,,,,,,,,2,111.8,"1.000,",,,,,,,,
2026-08-18T11:23:43.334344,3660,0x46,PUCCH,,,,,,,,,,,,,,,,,,1,-inf,"0.000,",,,,,,,,
2026-08-18T11:23:44.861271,3680,0x46,PUCCH,,,,,,,,,,,,,,,,,,1,-inf,"0.000,",,,,,,,,
2026-08-18T11:23:44.910967,3681,0x46,PUCCH,,,,,,,,,,,,,,,,,,2,111.8,"1.000,",,,,,,,,
2026-08-18T11:23:45.763591,3700,0x46,PUCCH,,,,,,,,,,,,,,,,,,1,-inf,"0.000,",,,,,,,,
2026-08-18T11:23:46.377990,3720,0x46,PUCCH,,,,,,,,,,,,,,,,,,1,-inf,"0.000,",,,,,,,,
2026-08-18T11:23:46.395537,3721,0x46,PUCCH,,,,,,,,,,,,,,,,,,2,111.8,"1.000,",,,,,,,,
2026-08-18T11:23:47.077970,3740,0x46,PUCCH,,,,,,,,,,,,,,,,,,1,-inf,"0.000,",,,,,,,,
2026-08-18T11:23:47.937735,3760,0x46,PUCCH,,,,,,,,,,,,,,,,,,1,-inf,"0.000,",,,,,,,,
2026-08-18T11:23:47.975551,3761,0x46,PUCCH,,,,,,,,,,,,,,,,,,2,111.8,"1.000,",,,,,,,,
2026-08-18T11:23:48.712274,3780,0x46,PUCCH,,,,,,,,,,,,,,,,,,1,-inf,"0.000,",,,,,,,,
2026-08-18T11:23:49.563877,3800,0x46,PUCCH,,,,,,,,,,,,,,,,,,1,-inf,"0.000,",,,,,,,,
2026-08-18T11:23:49.617614,3801,0x46,PUCCH,,,,,,,,,,,,,,,,,,2,111.8,"1.000,",,,,,,,,
2026-08-18T11:23:50.415816,3820,0x46,PUCCH,,,,,,,,,,,,,,,,,,1,-inf,"0.000,",,,,,,,,
2026-08-18T11:23:51.690060,3840,0x46,PUCCH,,,,,,,,,,,,,,,,,,1,-inf,"0.000,",,,,,,,,
2026-08-18T11:23:51.752498,3841,0x46,PUCCH,,,,,,,,,,,,,,,,,,2,111.8,"1.000,",,,,,,,,
2026-08-18T11:23:52.922643,3860,0x46,PUCCH,,,,,,,,,,,,,,,,,,1,-inf,"0.000,",,,,,,,,
2026-08-18T11:23:53.829393,3880,0x46,PUCCH,,,,,,,,,,,,,,,,,,1,-inf,"0.000,",,,,,,,,
2026-08-18T11:23:53.858170,3881,0x46,PUCCH,,,,,,,,,,,,,,,,,,2,111.8,"1.000,",,,,,,,,
2026-08-18T11:23:54.622462,3900,0x46,PUCCH,,,,,,,,,,,,,,,,,,1,-inf,"0.000,",,,,,,,,
2026-08-18T11:23:55.615160,3920,0x46,PUCCH,,,,,,,,,,,,,,,,,,1,-inf,"0.000,",,,,,,,,
2026-08-18T11:23:55.667446,3921,0x46,PUCCH,,,,,,,,,,,,,,,,,,2,111.8,"1.000,",,,,,,,,
2026-08-18T11:23:56.502630,3940,0x46,PUCCH,,,,,,,,,,,,,,,,,,1,-inf,"0.000,",,,,,,,,
2026-08-18T11:23:58.088484,3960,0x46,PUCCH,,,,,,,,,,,,,,,,,,1,-inf,"0.000,",,,,,,,,
2026-08-18T11:23:58.142776,3961,0x46,PUCCH,,,,,,,,,,,,,,,,,,2,111.8,"1.000,",,,,,,,,
2026-08-18T11:23:59.078658,3980,0x46,PUCCH,,,,,,,,,,,,,,,,,,1,-inf,"0.000,",,,,,,,,
2026-08-18T11:23:59.834798,4000,0x46,PUCCH,,,,,,,,,,,,,,,,,,1,-inf,"0.000,",,,,,,,,
2026-08-18T11:23:59.881408,4001,0x46,PUCCH,,,,,,,,,,,,,,,,,,2,111.8,"1.000,",,,,,,,,
2026-08-18T11:24:01.403198,4020,0x46,PUCCH,,,,,,,,,,,,,,,,,,1,-inf,"0.000,",,,,,,,,
2026-08-18T11:24:03.045862,4040,0x46,PUCCH,,,,,,,,,,,,,,,,,,1,-inf,"0.000,",,,,,,,,
2026-08-18T11:24:03.110859,4041,0x46,PUCCH,,,,,,,,,,,,,,,,,,2,111.8,"1.000,",,,,,,,,
2026-08-18T11:24:03.900964,4060,0x46,PUCCH,,,,,,,,,,,,,,,,,,1,-inf,"0.000,",,,,,,,,
2026-08-18T11:24:04.831504,4080,0x46,PUCCH,,,,,,,,,,,,,,,,,,1,-inf,"0.000,",,,,,,,,
2026-08-18T11:24:04.945048,4081,0x46,PUCCH,,,,,,,,,,,,,,,,,,2,111.8,"1.000,",,,,,,,,
2026-08-18T11:24:05.647575,4100,0x46,PUCCH,,,,,,,,,,,,,,,,,,1,-inf,"0.000,",,,,,,,,
2026-08-18T11:24:06.550275,4120,0x46,PUCCH,,,,,,,,,,,,,,,,,,1,-inf,"0.000,",,,,,,,,
2026-08-18T11:24:06.588805,4121,0x46,PUCCH,,,,,,,,,,,,,,,,,,2,111.8,"1.000,",,,,,,,,
2026-08-18T11:24:07.582616,4140,0x46,PUCCH,,,,,,,,,,,,,,,,,,1,-inf,"0.000,",,,,,,,,
2026-08-18T11:24:08.640515,4160,0x46,PUCCH,,,,,,,,,,,,,,,,,,1,-inf,"0.000,",,,,,,,,
2026-08-18T11:24:08.673829,4161,0x46,PUCCH,,,,,,,,,,,,,,,,,,2,111.8,"1.000,",,,,,,,,
2026-08-18T11:24:09.488816,4180,0x46,PUCCH,,,,,,,,,,,,,,,,,,1,-inf,"0.000,",,,,,,,,
2026-08-18T11:24:10.603302,4200,0x46,PUCCH,,,,,,,,,,,,,,,,,,1,-inf,"0.000,",,,,,,,,
2026-08-18T11:24:10.640403,4201,0x46,PUCCH,,,,,,,,,,,,,,,,,,2,111.8,"1.000,",,,,,,,,
2026-08-18T11:24:11.556603,4220,0x46,PUCCH,,,,,,,,,,,,,,,,,,1,-inf,"0.000,",,,,,,,,
2026-08-18T11:24:12.342558,4240,0x46,PUCCH,,,,,,,,,,,,,,,,,,1,-inf,"0.000,",,,,,,,,
2026-08-18T11:24:12.399113,4241,0x46,PUCCH,,,,,,,,,,,,,,,,,,2,111.8,"1.000,",,,,,,,,
2026-08-18T11:24:13.191980,4260,0x46,PUCCH,,,,,,,,,,,,,,,,,,1,-inf,"0.000,",,,,,,,,
2026-08-18T11:24:14.108084,4280,0x46,PUCCH,,,,,,,,,,,,,,,,,,1,-inf,"0.000,",,,,,,,,
2026-08-18T11:24:14.185713,4281,0x46,PUCCH,,,,,,,,,,,,,,,,,,2,111.8,"1.000,",,,,,,,,
2026-08-18T11:24:15.338305,4300,0x46,PUCCH,,,,,,,,,,,,,,,,,,1,-inf,"0.000,",,,,,,,,
2026-08-18T11:24:16.594591,4320,0x46,PUCCH,,,,,,,,,,,,,,,,,,1,-inf,"0.000,",,,,,,,,
2026-08-18T11:24:16.635035,4321,0x46,PUCCH,,,,,,,,,,,,,,,,,,2,111.8,"1.000,",,,,,,,,
2026-08-18T11:24:17.249125,4340,0x46,PUCCH,,,,,,,,,,,,,,,,,,1,-inf,"0.000,",,,,,,,,
2026-08-18T11:24:18.133916,4360,0x46,PUCCH,,,,,,,,,,,,,,,,,,1,-inf,"0.000,",,,,,,,,
2026-08-18T11:24:18.171251,4361,0x46,PUCCH,,,,,,,,,,,,,,,,,,2,111.8,"1.000,",,,,,,,,
2026-08-18T11:24:18.965433,4380,0x46,PUCCH,,,,,,,,,,,,,,,,,,1,-inf,"0.000,",,,,,,,,
2026-08-18T11:24:20.070708,4400,0x46,PUCCH,,,,,,,,,,,,,,,,,,1,-inf,"0.000,",,,,,,,,
2026-08-18T11:24:20.115238,4401,0x46,PUCCH,,,,,,,,,,,,,,,,,,2,111.8,"1.000,",,,,,,,,
2026-08-18T11:24:20.993943,4420,0x46,PUCCH,,,,,,,,,,,,,,,,,,1,-inf,"0.000,",,,,,,,,
2026-08-18T11:24:21.761683,4440,0x46,PUCCH,,,,,,,,,,,,,,,,,,1,-inf,"0.000,",,,,,,,,
2026-08-18T11:24:21.789009,4441,0x46,PUCCH,,,,,,,,,,,,,,,,,,2,111.8,"1.000,",,,,,,,,
2026-08-18T11:24:22.472610,4460,0x46,PUCCH,,,,,,,,,,,,,,,,,,1,-inf,"0.000,",,,,,,,,
2026-08-18T11:24:23.480599,4480,0x46,PUCCH,,,,,,,,,,,,,,,,,,1,-inf,"0.000,",,,,,,,,
2026-08-18T11:24:23.521783,4481,0x46,PUCCH,,,,,,,,,,,,,,,,,,2,111.8,"1.000,",,,,,,,,
2026-08-18T11:24:24.337892,4500,0x46,PUCCH,,,,,,,,,,,,,,,,,,1,-inf,"0.000,",,,,,,,,
2026-08-18T11:24:25.125007,4520,0x46,PUCCH,,,,,,,,,,,,,,,,,,1,-inf,"0.000,",,,,,,,,
2026-08-18T11:24:25.171650,4521,0x46,PUCCH,,,,,,,,,,,,,,,,,,2,111.8,"1.000,",,,,,,,,
2026-08-18T11:24:25.817561,4540,0x46,PUCCH,,,,,,,,,,,,,,,,,,1,-inf,"0.000,",,,,,,,,
2026-08-18T11:24:26.697889,4560,0x46,PUCCH,,,,,,,,,,,,,,,,,,1,-inf,"0.000,",,,,,,,,
2026-08-18T11:24:26.732453,4561,0x46,PUCCH,,,,,,,,,,,,,,,,,,2,111.8,"1.000,",,,,,,,,
2026-08-18T11:24:27.402193,4580,0x46,PUCCH,,,,,,,,,,,,,,,,,,1,-inf,"0.000,",,,,,,,,
2026-08-18T11:24:28.234018,4600,0x46,PUCCH,,,,,,,,,,,,,,,,,,1,-inf,"0.000,",,,,,,,,
2026-08-18T11:24:28.287272,4601,0x46,PUCCH,,,,,,,,,,,,,,,,,,2,111.8,"1.000,",,,,,,,,
2026-08-18T11:24:29.149214,4620,0x46,PUCCH,,,,,,,,,,,,,,,,,,1,-inf,"0.000,",,,,,,,,
2026-08-18T11:24:29.776684,4640,0x46,PUCCH,,,,,,,,,,,,,,,,,,1,-inf,"0.000,",,,,,,,,
2026-08-18T11:24:29.819003,4641,0x46,PUCCH,,,,,,,,,,,,,,,,,,2,111.8,"1.000,",,,,,,,,
2026-08-18T11:24:30.561211,4660,0x46,PUCCH,,,,,,,,,,,,,,,,,,1,-inf,"0.000,",,,,,,,,
2026-08-18T11:24:31.422904,4680,0x46,PUCCH,,,,,,,,,,,,,,,,,,1,-inf,"0.000,",,,,,,,,
2026-08-18T11:24:31.455535,4681,0x46,PUCCH,,,,,,,,,,,,,,,,,,2,111.8,"1.000,",,,,,,,,
2026-08-18T11:24:32.074715,4700,0x46,PUCCH,,,,,,,,,,,,,,,,,,1,-inf,"0.000,",,,,,,,,
2026-08-18T11:24:32.983223,4720,0x46,PUCCH,,,,,,,,,,,,,,,,,,1,-inf,"0.000,",,,,,,,,
2026-08-18T11:24:33.016618,4721,0x46,PUCCH,,,,,,,,,,,,,,,,,,2,111.8,"1.000,",,,,,,,,
2026-08-18T11:24:33.727986,4740,0x46,PUCCH,,,,,,,,,,,,,,,,,,1,-inf,"0.000,",,,,,,,,
2026-08-18T11:24:34.716477,4760,0x46,PUCCH,,,,,,,,,,,,,,,,,,1,-inf,"0.000,",,,,,,,,
2026-08-18T11:24:34.769781,4761,0x46,PUCCH,,,,,,,,,,,,,,,,,,2,111.8,"1.000,",,,,,,,,
2026-08-18T11:24:36.136962,4780,0x46,PUCCH,,,,,,,,,,,,,,,,,,1,-inf,"0.000,",,,,,,,,
2026-08-18T11:24:36.967445,4800,0x46,PUCCH,,,,,,,,,,,,,,,,,,1,-inf,"0.000,",,,,,,,,
2026-08-18T11:24:37.031193,4801,0x46,PUCCH,,,,,,,,,,,,,,,,,,2,111.8,"1.000,",,,,,,,,
2026-08-18T11:24:37.885004,4820,0x46,PUCCH,,,,,,,,,,,,,,,,,,1,-inf,"0.000,",,,,,,,,
2026-08-18T11:24:38.903241,4840,0x46,PUCCH,,,,,,,,,,,,,,,,,,1,-inf,"0.000,",,,,,,,,
2026-08-18T11:24:38.944703,4841,0x46,PUCCH,,,,,,,,,,,,,,,,,,2,111.8,"1.000,",,,,,,,,
2026-08-18T11:24:39.776370,4860,0x46,PUCCH,,,,,,,,,,,,,,,,,,1,-inf,"0.000,",,,,,,,,
2026-08-18T11:24:40.763361,4880,0x46,PUCCH,,,,,,,,,,,,,,,,,,1,-inf,"0.000,",,,,,,,,
2026-08-18T11:24:40.799424,4881,0x46,PUCCH,,,,,,,,,,,,,,,,,,2,111.8,"1.000,",,,,,,,,
2026-08-18T11:24:41.819374,4900,0x46,PUCCH,,,,,,,,,,,,,,,,,,1,-inf,"0.000,",,,,,,,,
2026-08-18T11:24:42.660849,4920,0x46,PUCCH,,,,,,,,,,,,,,,,,,1,-inf,"0.000,",,,,,,,,
2026-08-18T11:24:42.714652,4921,0x46,PUCCH,,,,,,,,,,,,,,,,,,2,111.8,"1.000,",,,,,,,,
2026-08-18T11:24:43.368139,4940,0x46,PUCCH,,,,,,,,,,,,,,,,,,1,-inf,"0.000,",,,,,,,,
2026-08-18T11:24:43.983508,4960,0x46,PUCCH,,,,,,,,,,,,,,,,,,1,-inf,"0.000,",,,,,,,,
2026-08-18T11:24:44.013964,4961,0x46,PUCCH,,,,,,,,,,,,,,,,,,2,111.8,"1.000,",,,,,,,,
2026-08-18T11:24:44.898357,4980,0x46,PUCCH,,,,,,,,,,,,,,,,,,1,-inf,"0.000,",,,,,,,,
2026-08-18T11:24:45.935156,5000,0x46,PUCCH,,,,,,,,,,,,,,,,,,1,-inf,"0.000,",,,,,,,,
2026-08-18T11:24:45.970715,5001,0x46,PUCCH,,,,,,,,,,,,,,,,,,2,111.8,"1.000,",,,,,,,,
2026-08-18T11:24:47.138306,5020,0x46,PUCCH,,,,,,,,,,,,,,,,,,1,-inf,"0.000,",,,,,,,,
2026-08-18T11:24:48.453734,5040,0x46,PUCCH,,,,,,,,,,,,,,,,,,1,-inf,"0.000,",,,,,,,,
2026-08-18T11:24:48.493061,5041,0x46,PUCCH,,,,,,,,,,,,,,,,,,2,111.8,"1.000,",,,,,,,,
2026-08-18T11:24:50.108977,5060,0x46,PUCCH,,,,,,,,,,,,,,,,,,1,-inf,"0.000,",,,,,,,,
2026-08-18T11:24:51.052139,5080,0x46,PUCCH,,,,,,,,,,,,,,,,,,1,-inf,"0.000,",,,,,,,,
2026-08-18T11:24:51.100035,5081,0x46,PUCCH,,,,,,,,,,,,,,,,,,2,111.8,"1.000,",,,,,,,,
2026-08-18T11:24:51.712451,5100,0x46,PUCCH,,,,,,,,,,,,,,,,,,1,-inf,"0.000,",,,,,,,,
2026-08-18T11:24:52.519123,5120,0x46,PUCCH,,,,,,,,,,,,,,,,,,1,-inf,"0.000,",,,,,,,,
2026-08-18T11:24:52.558751,5121,0x46,PUCCH,,,,,,,,,,,,,,,,,,2,111.8,"1.000,",,,,,,,,
2026-08-18T11:24:53.336617,5140,0x46,PUCCH,,,,,,,,,,,,,,,,,,1,-inf,"0.000,",,,,,,,,
2026-08-18T11:24:54.122811,5160,0x46,PUCCH,,,,,,,,,,,,,,,,,,1,-inf,"0.000,",,,,,,,,
2026-08-18T11:24:54.153060,5161,0x46,PUCCH,,,,,,,,,,,,,,,,,,2,111.8,"1.000,",,,,,,,,
2026-08-18T11:24:55.122754,5180,0x46,PUCCH,,,,,,,,,,,,,,,,,,1,-inf,"0.000,",,,,,,,,
2026-08-18T11:24:56.018357,5200,0x46,PUCCH,,,,,,,,,,,,,,,,,,1,-inf,"0.000,",,,,,,,,
2026-08-18T11:24:56.057718,5201,0x46,PUCCH,,,,,,,,,,,,,,,,,,2,111.8,"1.000,",,,,,,,,
2026-08-18T11:24:57.136172,5220,0x46,PUCCH,,,,,,,,,,,,,,,,,,1,-inf,"0.000,",,,,,,,,
2026-08-18T11:24:58.033691,5240,0x46,PUCCH,,,,,,,,,,,,,,,,,,1,-inf,"0.000,",,,,,,,,
2026-08-18T11:24:58.064356,5241,0x46,PUCCH,,,,,,,,,,,,,,,,,,2,111.8,"1.000,",,,,,,,,
2026-08-18T11:24:58.874709,5260,0x46,PUCCH,,,,,,,,,,,,,,,,,,1,-inf,"0.000,",,,,,,,,
2026-08-18T11:24:59.785746,5280,0x46,PUCCH,,,,,,,,,,,,,,,,,,1,-inf,"0.000,",,,,,,,,
2026-08-18T11:24:59.822534,5281,0x46,PUCCH,,,,,,,,,,,,,,,,,,2,111.8,"1.000,",,,,,,,,
2026-08-18T11:25:00.492791,5300,0x46,PUCCH,,,,,,,,,,,,,,,,,,1,-inf,"0.000,",,,,,,,,
2026-08-18T11:25:01.284073,5320,0x46,PUCCH,,,,,,,,,,,,,,,,,,1,-inf,"0.000,",,,,,,,,
2026-08-18T11:25:01.325773,5321,0x46,PUCCH,,,,,,,,,,,,,,,,,,2,111.8,"1.000,",,,,,,,,
2026-08-18T11:25:02.128486,5340,0x46,PUCCH,,,,,,,,,,,,,,,,,,1,-inf,"0.000,",,,,,,,,
2026-08-18T11:25:02.793393,5360,0x46,PUCCH,,,,,,,,,,,,,,,,,,1,-inf,"0.000,",,,,,,,,
2026-08-18T11:25:02.811721,5361,0x46,PUCCH,,,,,,,,,,,,,,,,,,2,111.8,"1.000,",,,,,,,,
2026-08-18T11:25:03.917390,5380,0x46,PUCCH,,,,,,,,,,,,,,,,,,1,-inf,"0.000,",,,,,,,,
2026-08-18T11:25:04.643590,5400,0x46,PUCCH,,,,,,,,,,,,,,,,,,1,-inf,"0.000,",,,,,,,,
2026-08-18T11:25:04.687659,5401,0x46,PUCCH,,,,,,,,,,,,,,,,,,2,111.8,"1.000,",,,,,,,,
2026-08-18T11:25:05.719900,5420,0x46,PUCCH,,,,,,,,,,,,,,,,,,1,-inf,"0.000,",,,,,,,,
2026-08-18T11:25:06.679147,5440,0x46,PUCCH,,,,,,,,,,,,,,,,,,1,-inf,"0.000,",,,,,,,,
2026-08-18T11:25:06.723292,5441,0x46,PUCCH,,,,,,,,,,,,,,,,,,2,111.8,"1.000,",,,,,,,,
2026-08-18T11:25:07.399059,5460,0x46,PUCCH,,,,,,,,,,,,,,,,,,1,-inf,"0.000,",,,,,,,,
2026-08-18T11:25:08.201675,5480,0x46,PUCCH,,,,,,,,,,,,,,,,,,1,-inf,"0.000,",,,,,,,,
2026-08-18T11:25:08.237279,5481,0x46,PUCCH,,,,,,,,,,,,,,,,,,2,111.8,"1.000,",,,,,,,,
2026-08-18T11:25:09.017754,5500,0x46,PUCCH,,,,,,,,,,,,,,,,,,1,-inf,"0.000,",,,,,,,,
2026-08-18T11:25:09.727875,5520,0x46,PUCCH,,,,,,,,,,,,,,,,,,1,-inf,"0.000,",,,,,,,,
2026-08-18T11:25:09.816125,5521,0x46,PUCCH,,,,,,,,,,,,,,,,,,2,111.8,"1.000,",,,,,,,,
2026-08-18T11:25:10.601615,5540,0x46,PUCCH,,,,,,,,,,,,,,,,,,1,-inf,"0.000,",,,,,,,,
2026-08-18T11:25:11.390247,5560,0x46,PUCCH,,,,,,,,,,,,,,,,,,1,-inf,"0.000,",,,,,,,,
2026-08-18T11:25:11.421766,5561,0x46,PUCCH,,,,,,,,,,,,,,,,,,2,111.8,"1.000,",,,,,,,,
2026-08-18T11:25:12.268416,5580,0x46,PUCCH,,,,,,,,,,,,,,,,,,1,-inf,"0.000,",,,,,,,,
2026-08-18T11:25:13.211085,5600,0x46,PUCCH,,,,,,,,,,,,,,,,,,1,-inf,"0.000,",,,,,,,,
2026-08-18T11:25:13.264466,5601,0x46,PUCCH,,,,,,,,,,,,,,,,,,2,111.8,"1.000,",,,,,,,,
2026-08-18T11:25:14.011901,5620,0x46,PUCCH,,,,,,,,,,,,,,,,,,1,-inf,"0.000,",,,,,,,,
2026-08-18T11:25:14.708082,5640,0x46,PUCCH,,,,,,,,,,,,,,,,,,1,-inf,"0.000,",,,,,,,,
2026-08-18T11:25:14.734017,5641,0x46,PUCCH,,,,,,,,,,,,,,,,,,2,111.8,"1.000,",,,,,,,,
2026-08-18T11:25:15.388134,5660,0x46,PUCCH,,,,,,,,,,,,,,,,,,1,-inf,"0.000,",,,,,,,,
2026-08-18T11:25:15.991763,5680,0x46,PUCCH,,,,,,,,,,,,,,,,,,1,-inf,"0.000,",,,,,,,,
2026-08-18T11:25:16.033729,5681,0x46,PUCCH,,,,,,,,,,,,,,,,,,2,111.8,"1.000,",,,,,,,,
2026-08-18T11:25:17.017075,5700,0x46,PUCCH,,,,,,,,,,,,,,,,,,1,-inf,"0.000,",,,,,,,,
2026-08-18T11:25:17.655611,5720,0x46,PUCCH,,,,,,,,,,,,,,,,,,1,-inf,"0.000,",,,,,,,,
2026-08-18T11:25:17.901207,5721,0x46,PUCCH,,,,,,,,,,,,,,,,,,2,111.8,"1.000,",,,,,,,,
2026-08-18T11:25:18.740870,5740,0x46,PUCCH,,,,,,,,,,,,,,,,,,1,-inf,"0.000,",,,,,,,,
2026-08-18T11:25:19.596822,5760,0x46,PUCCH,,,,,,,,,,,,,,,,,,1,-inf,"0.000,",,,,,,,,
2026-08-18T11:25:19.643326,5761,0x46,PUCCH,,,,,,,,,,,,,,,,,,2,111.8,"1.000,",,,,,,,,
2026-08-18T11:25:20.392279,5780,0x46,PUCCH,,,,,,,,,,,,,,,,,,1,-inf,"0.000,",,,,,,,,
2026-08-18T11:25:21.469337,5800,0x46,PUCCH,,,,,,,,,,,,,,,,,,1,-inf,"0.000,",,,,,,,,
2026-08-18T11:25:21.509689,5801,0x46,PUCCH,,,,,,,,,,,,,,,,,,2,111.8,"1.000,",,,,,,,,
2026-08-18T11:25:22.490675,5820,0x46,PUCCH,,,,,,,,,,,,,,,,,,1,-inf,"0.000,",,,,,,,,
2026-08-18T11:25:23.454966,5840,0x46,PUCCH,,,,,,,,,,,,,,,,,,1,-inf,"0.000,",,,,,,,,
2026-08-18T11:25:23.489835,5841,0x46,PUCCH,,,,,,,,,,,,,,,,,,2,111.8,"1.000,",,,,,,,,
2026-08-18T11:25:24.222268,5860,0x46,PUCCH,,,,,,,,,,,,,,,,,,1,-inf,"0.000,",,,,,,,,
2026-08-18T11:25:25.217194,5880,0x46,PUCCH,,,,,,,,,,,,,,,,,,1,-inf,"0.000,",,,,,,,,
2026-08-18T11:25:25.253662,5881,0x46,PUCCH,,,,,,,,,,,,,,,,,,2,111.8,"1.000,",,,,,,,,
2026-08-18T11:25:26.208734,5900,0x46,PUCCH,,,,,,,,,,,,,,,,,,1,-inf,"0.000,",,,,,,,,
2026-08-18T11:25:27.106964,5920,0x46,PUCCH,,,,,,,,,,,,,,,,,,1,-inf,"0.000,",,,,,,,,
2026-08-18T11:25:27.141272,5921,0x46,PUCCH,,,,,,,,,,,,,,,,,,2,111.8,"1.000,",,,,,,,,
2026-08-18T11:25:27.907488,5940,0x46,PUCCH,,,,,,,,,,,,,,,,,,1,-inf,"0.000,",,,,,,,,
2026-08-18T11:25:28.994191,5960,0x46,PUCCH,,,,,,,,,,,,,,,,,,1,-inf,"0.000,",,,,,,,,
2026-08-18T11:25:29.036344,5961,0x46,PUCCH,,,,,,,,,,,,,,,,,,2,111.8,"1.000,",,,,,,,,
2026-08-18T11:25:29.940316,5980,0x46,PUCCH,,,,,,,,,,,,,,,,,,1,-inf,"0.000,",,,,,,,,
2026-08-18T11:25:30.968017,6000,0x46,PUCCH,,,,,,,,,,,,,,,,,,1,-inf,"0.000,",,,,,,,,
2026-08-18T11:25:31.026705,6001,0x46,PUCCH,,,,,,,,,,,,,,,,,,2,111.8,"1.000,",,,,,,,,
2026-08-18T11:25:31.781403,6020,0x46,PUCCH,,,,,,,,,,,,,,,,,,1,-inf,"0.000,",,,,,,,,
2026-08-18T11:25:32.742268,6040,0x46,PUCCH,,,,,,,,,,,,,,,,,,1,-inf,"0.000,",,,,,,,,
2026-08-18T11:25:32.772257,6041,0x46,PUCCH,,,,,,,,,,,,,,,,,,2,111.8,"1.000,",,,,,,,,
2026-08-18T11:25:33.823334,6060,0x46,PUCCH,,,,,,,,,,,,,,,,,,1,-inf,"0.000,",,,,,,,,
2026-08-18T11:25:34.911203,6080,0x46,PUCCH,,,,,,,,,,,,,,,,,,1,-inf,"0.000,",,,,,,,,
2026-08-18T11:25:34.950836,6081,0x46,PUCCH,,,,,,,,,,,,,,,,,,2,111.8,"1.000,",,,,,,,,
2026-08-18T11:25:35.792082,6100,0x46,PUCCH,,,,,,,,,,,,,,,,,,1,-inf,"0.000,",,,,,,,,
2026-08-18T11:25:36.445394,6120,0x46,PUCCH,,,,,,,,,,,,,,,,,,1,-inf,"0.000,",,,,,,,,
2026-08-18T11:25:36.472431,6121,0x46,PUCCH,,,,,,,,,,,,,,,,,,2,111.8,"1.000,",,,,,,,,
2026-08-18T11:25:37.166224,6140,0x46,PUCCH,,,,,,,,,,,,,,,,,,1,-inf,"0.000,",,,,,,,,
2026-08-18T11:25:37.918737,6160,0x46,PUCCH,,,,,,,,,,,,,,,,,,1,-inf,"0.000,",,,,,,,,
2026-08-18T11:25:37.971300,6161,0x46,PUCCH,,,,,,,,,,,,,,,,,,2,111.8,"1.000,",,,,,,,,
2026-08-18T11:25:38.800187,6180,0x46,PUCCH,,,,,,,,,,,,,,,,,,1,-inf,"0.000,",,,,,,,,
2026-08-18T11:25:39.653110,6200,0x46,PUCCH,,,,,,,,,,,,,,,,,,1,-inf,"0.000,",,,,,,,,
2026-08-18T11:25:39.682095,6201,0x46,PUCCH,,,,,,,,,,,,,,,,,,2,111.8,"1.000,",,,,,,,,
2026-08-18T11:25:40.483794,6220,0x46,PUCCH,,,,,,,,,,,,,,,,,,1,-inf,"0.000,",,,,,,,,
2026-08-18T11:25:41.311573,6240,0x46,PUCCH,,,,,,,,,,,,,,,,,,1,-inf,"0.000,",,,,,,,,
2026-08-18T11:25:41.340671,6241,0x46,PUCCH,,,,,,,,,,,,,,,,,,2,111.8,"1.000,",,,,,,,,
2026-08-18T11:25:42.017883,6260,0x46,PUCCH,,,,,,,,,,,,,,,,,,1,-inf,"0.000,",,,,,,,,
2026-08-18T11:25:42.780323,6280,0x46,PUCCH,,,,,,,,,,,,,,,,,,1,-inf,"0.000,",,,,,,,,
2026-08-18T11:25:42.811426,6281,0x46,PUCCH,,,,,,,,,,,,,,,,,,2,111.8,"1.000,",,,,,,,,
2026-08-18T11:25:43.668257,6300,0x46,PUCCH,,,,,,,,,,,,,,,,,,1,-inf,"0.000,",,,,,,,,
2026-08-18T11:25:44.290694,6320,0x46,PUCCH,,,,,,,,,,,,,,,,,,1,-inf,"0.000,",,,,,,,,
2026-08-18T11:25:44.320980,6321,0x46,PUCCH,,,,,,,,,,,,,,,,,,2,111.8,"1.000,",,,,,,,,
2026-08-18T11:25:45.610871,6340,0x46,PUCCH,,,,,,,,,,,,,,,,,,1,-inf,"0.000,",,,,,,,,
2026-08-18T11:25:46.685153,6360,0x46,PUCCH,,,,,,,,,,,,,,,,,,1,-inf,"0.000,",,,,,,,,
2026-08-18T11:25:46.725835,6361,0x46,PUCCH,,,,,,,,,,,,,,,,,,2,111.8,"1.000,",,,,,,,,
2026-08-18T11:25:47.660006,6380,0x46,PUCCH,,,,,,,,,,,,,,,,,,1,-inf,"0.000,",,,,,,,,
2026-08-18T11:25:48.496575,6400,0x46,PUCCH,,,,,,,,,,,,,,,,,,1,-inf,"0.000,",,,,,,,,
2026-08-18T11:25:48.534401,6401,0x46,PUCCH,,,,,,,,,,,,,,,,,,2,111.8,"1.000,",,,,,,,,
2026-08-18T11:25:49.608876,6420,0x46,PUCCH,,,,,,,,,,,,,,,,,,1,-inf,"0.000,",,,,,,,,
2026-08-18T11:25:50.679301,6440,0x46,PUCCH,,,,,,,,,,,,,,,,,,1,-inf,"0.000,",,,,,,,,
2026-08-18T11:25:50.751367,6441,0x46,PUCCH,,,,,,,,,,,,,,,,,,2,111.8,"1.000,",,,,,,,,
2026-08-18T11:25:51.500167,6460,0x46,PUCCH,,,,,,,,,,,,,,,,,,1,-inf,"0.000,",,,,,,,,
2026-08-18T11:25:52.249674,6480,0x46,PUCCH,,,,,,,,,,,,,,,,,,1,-inf,"0.000,",,,,,,,,
2026-08-18T11:25:52.288637,6481,0x46,PUCCH,,,,,,,,,,,,,,,,,,2,111.8,"1.000,",,,,,,,,
2026-08-18T11:25:53.079004,6500,0x46,PUCCH,,,,,,,,,,,,,,,,,,1,-inf,"0.000,",,,,,,,,
2026-08-18T11:25:53.932568,6520,0x46,PUCCH,,,,,,,,,,,,,,,,,,1,-inf,"0.000,",,,,,,,,
2026-08-18T11:25:53.973196,6521,0x46,PUCCH,,,,,,,,,,,,,,,,,,2,111.8,"1.000,",,,,,,,,
2026-08-18T11:25:54.687546,6540,0x46,PUCCH,,,,,,,,,,,,,,,,,,1,-inf,"0.000,",,,,,,,,
2026-08-18T11:25:55.348279,6560,0x46,PUCCH,,,,,,,,,,,,,,,,,,1,-inf,"0.000,",,,,,,,,
2026-08-18T11:25:55.377119,6561,0x46,PUCCH,,,,,,,,,,,,,,,,,,2,111.8,"1.000,",,,,,,,,
2026-08-18T11:25:56.142810,6580,0x46,PUCCH,,,,,,,,,,,,,,,,,,1,-inf,"0.000,",,,,,,,,
2026-08-18T11:25:57.065068,6600,0x46,PUCCH,,,,,,,,,,,,,,,,,,1,-inf,"0.000,",,,,,,,,
2026-08-18T11:25:57.104561,6601,0x46,PUCCH,,,,,,,,,,,,,,,,,,2,111.8,"1.000,",,,,,,,,
2026-08-18T11:25:57.854022,6620,0x46,PUCCH,,,,,,,,,,,,,,,,,,1,-inf,"0.000,",,,,,,,,
2026-08-18T11:25:58.489257,6640,0x46,PUCCH,,,,,,,,,,,,,,,,,,1,-inf,"0.000,",,,,,,,,
2026-08-18T11:25:58.519826,6641,0x46,PUCCH,,,,,,,,,,,,,,,,,,2,111.8,"1.000,",,,,,,,,
2026-08-18T11:25:59.163097,6660,0x46,PUCCH,,,,,,,,,,,,,,,,,,1,-inf,"0.000,",,,,,,,,
2026-08-18T11:25:59.935300,6680,0x46,PUCCH,,,,,,,,,,,,,,,,,,1,-inf,"0.000,",,,,,,,,
2026-08-18T11:25:59.965151,6681,0x46,PUCCH,,,,,,,,,,,,,,,,,,2,111.8,"1.000,",,,,,,,,
2026-08-18T11:26:00.803302,6700,0x46,PUCCH,,,,,,,,,,,,,,,,,,1,-inf,"0.000,",,,,,,,,
2026-08-18T11:26:01.463255,6720,0x46,PUCCH,,,,,,,,,,,,,,,,,,1,-inf,"0.000,",,,,,,,,
2026-08-18T11:26:01.492915,6721,0x46,PUCCH,,,,,,,,,,,,,,,,,,2,111.8,"1.000,",,,,,,,,
2026-08-18T11:26:02.217733,6740,0x46,PUCCH,,,,,,,,,,,,,,,,,,1,-inf,"0.000,",,,,,,,,
2026-08-18T11:26:03.326316,6760,0x46,PUCCH,,,,,,,,,,,,,,,,,,1,-inf,"0.000,",,,,,,,,
2026-08-18T11:26:03.584170,6761,0x46,PUCCH,,,,,,,,,,,,,,,,,,2,111.8,"1.000,",,,,,,,,
2026-08-18T11:26:04.314113,6780,0x46,PUCCH,,,,,,,,,,,,,,,,,,1,-inf,"0.000,",,,,,,,,
2026-08-18T11:26:05.052547,6800,0x46,PUCCH,,,,,,,,,,,,,,,,,,1,-inf,"0.000,",,,,,,,,
2026-08-18T11:26:05.104213,6801,0x46,PUCCH,,,,,,,,,,,,,,,,,,2,111.8,"1.000,",,,,,,,,
2026-08-18T11:26:05.873155,6820,0x46,PUCCH,,,,,,,,,,,,,,,,,,1,-inf,"0.000,",,,,,,,,
2026-08-18T11:26:06.598843,6840,0x46,PUCCH,,,,,,,,,,,,,,,,,,1,-inf,"0.000,",,,,,,,,
2026-08-18T11:26:06.649698,6841,0x46,PUCCH,,,,,,,,,,,,,,,,,,2,111.8,"1.000,",,,,,,,,
2026-08-18T11:26:07.216043,6860,0x46,PUCCH,,,,,,,,,,,,,,,,,,1,-inf,"0.000,",,,,,,,,
2026-08-18T11:26:07.984214,6880,0x46,PUCCH,,,,,,,,,,,,,,,,,,1,-inf,"0.000,",,,,,,,,
2026-08-18T11:26:08.023955,6881,0x46,PUCCH,,,,,,,,,,,,,,,,,,2,111.8,"1.000,",,,,,,,,
2026-08-18T11:26:08.778003,6900,0x46,PUCCH,,,,,,,,,,,,,,,,,,1,-inf,"0.000,",,,,,,,,
2026-08-18T11:26:09.537698,6920,0x46,PUCCH,,,,,,,,,,,,,,,,,,1,-inf,"0.000,",,,,,,,,
2026-08-18T11:26:09.600149,6921,0x46,PUCCH,,,,,,,,,,,,,,,,,,2,111.8,"1.000,",,,,,,,,
2026-08-18T11:26:10.477523,6940,0x46,PUCCH,,,,,,,,,,,,,,,,,,1,-inf,"0.000,",,,,,,,,
2026-08-18T11:26:11.421291,6960,0x46,PUCCH,,,,,,,,,,,,,,,,,,1,-inf,"0.000,",,,,,,,,
2026-08-18T11:26:11.451564,6961,0x46,PUCCH,,,,,,,,,,,,,,,,,,2,111.8,"1.000,",,,,,,,,
2026-08-18T11:26:12.195146,6980,0x46,PUCCH,,,,,,,,,,,,,,,,,,1,-inf,"0.000,",,,,,,,,
2026-08-18T11:26:12.944165,7000,0x46,PUCCH,,,,,,,,,,,,,,,,,,1,-inf,"0.000,",,,,,,,,
2026-08-18T11:26:12.972663,7001,0x46,PUCCH,,,,,,,,,,,,,,,,,,2,111.8,"1.000,",,,,,,,,
2026-08-18T11:26:13.777981,7020,0x46,PUCCH,,,,,,,,,,,,,,,,,,1,-inf,"0.000,",,,,,,,,
2026-08-18T11:26:14.647359,7040,0x46,PUCCH,,,,,,,,,,,,,,,,,,1,-inf,"0.000,",,,,,,,,
2026-08-18T11:26:14.676676,7041,0x46,PUCCH,,,,,,,,,,,,,,,,,,2,111.8,"1.000,",,,,,,,,
2026-08-18T11:26:15.392817,7060,0x46,PUCCH,,,,,,,,,,,,,,,,,,1,-inf,"0.000,",,,,,,,,
2026-08-18T11:26:16.346655,7080,0x46,PUCCH,,,,,,,,,,,,,,,,,,1,-inf,"0.000,",,,,,,,,
2026-08-18T11:26:16.402674,7081,0x46,PUCCH,,,,,,,,,,,,,,,,,,2,111.8,"1.000,",,,,,,,,
2026-08-18T11:26:17.189886,7100,0x46,PUCCH,,,,,,,,,,,,,,,,,,1,-inf,"0.000,",,,,,,,,
2026-08-18T11:26:18.031423,7120,0x46,PUCCH,,,,,,,,,,,,,,,,,,1,-inf,"0.000,",,,,,,,,
2026-08-18T11:26:18.058862,7121,0x46,PUCCH,,,,,,,,,,,,,,,,,,2,111.8,"1.000,",,,,,,,,
2026-08-18T11:26:18.598480,7140,0x46,PUCCH,,,,,,,,,,,,,,,,,,1,-inf,"0.000,",,,,,,,,
2026-08-18T11:26:19.568588,7160,0x46,PUCCH,,,,,,,,,,,,,,,,,,1,-inf,"0.000,",,,,,,,,
2026-08-18T11:26:19.602437,7161,0x46,PUCCH,,,,,,,,,,,,,,,,,,2,111.8,"1.000,",,,,,,,,
2026-08-18T11:26:20.503039,7180,0x46,PUCCH,,,,,,,,,,,,,,,,,,1,-inf,"0.000,",,,,,,,,
2026-08-18T11:26:21.231590,7200,0x46,PUCCH,,,,,,,,,,,,,,,,,,1,-inf,"0.000,",,,,,,,,
2026-08-18T11:26:21.257834,7201,0x46,PUCCH,,,,,,,,,,,,,,,,,,2,111.8,"1.000,",,,,,,,,
2026-08-18T11:26:21.935453,7220,0x46,PUCCH,,,,,,,,,,,,,,,,,,1,-inf,"0.000,",,,,,,,,
2026-08-18T11:26:22.515408,7240,0x46,PUCCH,,,,,,,,,,,,,,,,,,1,-inf,"0.000,",,,,,,,,
2026-08-18T11:26:22.536067,7241,0x46,PUCCH,,,,,,,,,,,,,,,,,,2,111.8,"1.000,",,,,,,,,
2026-08-18T11:26:23.238005,7260,0x46,PUCCH,,,,,,,,,,,,,,,,,,1,-inf,"0.000,",,,,,,,,
2026-08-18T11:26:23.888535,7280,0x46,PUCCH,,,,,,,,,,,,,,,,,,1,-inf,"0.000,",,,,,,,,
2026-08-18T11:26:23.922670,7281,0x46,PUCCH,,,,,,,,,,,,,,,,,,2,111.8,"1.000,",,,,,,,,
2026-08-18T11:26:24.634725,7300,0x46,PUCCH,,,,,,,,,,,,,,,,,,1,-inf,"0.000,",,,,,,,,
2026-08-18T11:26:25.310029,7320,0x46,PUCCH,,,,,,,,,,,,,,,,,,1,-inf,"0.000,",,,,,,,,
2026-08-18T11:26:25.339540,7321,0x46,PUCCH,,,,,,,,,,,,,,,,,,2,111.8,"1.000,",,,,,,,,
2026-08-18T11:26:25.859236,7340,0x46,PUCCH,,,,,,,,,,,,,,,,,,1,-inf,"0.000,",,,,,,,,
2026-08-18T11:26:26.497723,7360,0x46,PUCCH,,,,,,,,,,,,,,,,,,1,-inf,"0.000,",,,,,,,,
2026-08-18T11:26:26.529846,7361,0x46,PUCCH,,,,,,,,,,,,,,,,,,2,111.8,"1.000,",,,,,,,,
2026-08-18T11:26:27.297773,7380,0x46,PUCCH,,,,,,,,,,,,,,,,,,1,-inf,"0.000,",,,,,,,,
2026-08-18T11:26:28.201633,7400,0x46,PUCCH,,,,,,,,,,,,,,,,,,1,-inf,"0.000,",,,,,,,,
2026-08-18T11:26:28.253702,7401,0x46,PUCCH,,,,,,,,,,,,,,,,,,2,111.8,"1.000,",,,,,,,,
2026-08-18T11:26:29.074930,7420,0x46,PUCCH,,,,,,,,,,,,,,,,,,1,-inf,"0.000,",,,,,,,,
2026-08-18T11:26:29.875377,7440,0x46,PUCCH,,,,,,,,,,,,,,,,,,1,-inf,"0.000,",,,,,,,,
2026-08-18T11:26:29.919503,7441,0x46,PUCCH,,,,,,,,,,,,,,,,,,2,111.8,"1.000,",,,,,,,,
2026-08-18T11:26:30.601057,7460,0x46,PUCCH,,,,,,,,,,,,,,,,,,1,-inf,"0.000,",,,,,,,,
2026-08-18T11:26:31.399931,7480,0x46,PUCCH,,,,,,,,,,,,,,,,,,1,-inf,"0.000,",,,,,,,,
2026-08-18T11:26:31.426752,7481,0x46,PUCCH,,,,,,,,,,,,,,,,,,2,111.8,"1.000,",,,,,,,,
2026-08-18T11:26:32.032747,7500,0x46,PUCCH,,,,,,,,,,,,,,,,,,1,-inf,"0.000,",,,,,,,,
2026-08-18T11:26:32.710752,7520,0x46,PUCCH,,,,,,,,,,,,,,,,,,1,-inf,"0.000,",,,,,,,,
2026-08-18T11:26:32.766523,7521,0x46,PUCCH,,,,,,,,,,,,,,,,,,2,111.8,"1.000,",,,,,,,,
2026-08-18T11:26:33.626752,7540,0x46,PUCCH,,,,,,,,,,,,,,,,,,1,-inf,"0.000,",,,,,,,,
2026-08-18T11:26:34.552076,7560,0x46,PUCCH,,,,,,,,,,,,,,,,,,1,-inf,"0.000,",,,,,,,,
2026-08-18T11:26:34.584870,7561,0x46,PUCCH,,,,,,,,,,,,,,,,,,2,111.8,"1.000,",,,,,,,,
2026-08-18T11:26:35.191777,7580,0x46,PUCCH,,,,,,,,,,,,,,,,,,1,-inf,"0.000,",,,,,,,,
2026-08-18T11:26:35.930120,7600,0x46,PUCCH,,,,,,,,,,,,,,,,,,1,-inf,"0.000,",,,,,,,,
2026-08-18T11:26:35.967474,7601,0x46,PUCCH,,,,,,,,,,,,,,,,,,2,111.8,"1.000,",,,,,,,,
2026-08-18T11:26:36.612572,7620,0x46,PUCCH,,,,,,,,,,,,,,,,,,1,-inf,"0.000,",,,,,,,,
2026-08-18T11:26:37.344827,7640,0x46,PUCCH,,,,,,,,,,,,,,,,,,1,-inf,"0.000,",,,,,,,,
2026-08-18T11:26:37.374995,7641,0x46,PUCCH,,,,,,,,,,,,,,,,,,2,111.8,"1.000,",,,,,,,,
2026-08-18T11:26:38.186508,7660,0x46,PUCCH,,,,,,,,,,,,,,,,,,1,-inf,"0.000,",,,,,,,,
2026-08-18T11:26:39.165856,7680,0x46,PUCCH,,,,,,,,,,,,,,,,,,1,-inf,"0.000,",,,,,,,,
2026-08-18T11:26:39.198758,7681,0x46,PUCCH,,,,,,,,,,,,,,,,,,2,111.8,"1.000,",,,,,,,,
2026-08-18T11:26:39.948841,7700,0x46,PUCCH,,,,,,,,,,,,,,,,,,1,-inf,"0.000,",,,,,,,,
2026-08-18T11:26:40.718157,7720,0x46,PUCCH,,,,,,,,,,,,,,,,,,1,-inf,"0.000,",,,,,,,,
2026-08-18T11:26:40.751135,7721,0x46,PUCCH,,,,,,,,,,,,,,,,,,2,111.8,"1.000,",,,,,,,,
2026-08-18T11:26:41.384379,7740,0x46,PUCCH,,,,,,,,,,,,,,,,,,1,-inf,"0.000,",,,,,,,,
2026-08-18T11:26:42.180904,7760,0x46,PUCCH,,,,,,,,,,,,,,,,,,1,-inf,"0.000,",,,,,,,,
2026-08-18T11:26:42.220533,7761,0x46,PUCCH,,,,,,,,,,,,,,,,,,2,111.8,"1.000,",,,,,,,,
2026-08-18T11:26:42.890260,7780,0x46,PUCCH,,,,,,,,,,,,,,,,,,1,-inf,"0.000,",,,,,,,,
2026-08-18T11:26:43.937658,7800,0x46,PUCCH,,,,,,,,,,,,,,,,,,1,-inf,"0.000,",,,,,,,,
2026-08-18T11:26:43.969650,7801,0x46,PUCCH,,,,,,,,,,,,,,,,,,2,111.8,"1.000,",,,,,,,,
2026-08-18T11:26:44.666689,7820,0x46,PUCCH,,,,,,,,,,,,,,,,,,1,-inf,"0.000,",,,,,,,,
2026-08-18T11:26:45.396107,7840,0x46,PUCCH,,,,,,,,,,,,,,,,,,1,-inf,"0.000,",,,,,,,,
2026-08-18T11:26:45.426762,7841,0x46,PUCCH,,,,,,,,,,,,,,,,,,2,111.8,"1.000,",,,,,,,,
2026-08-18T11:26:46.223000,7860,0x46,PUCCH,,,,,,,,,,,,,,,,,,1,-inf,"0.000,",,,,,,,,
2026-08-18T11:26:46.823677,7880,0x46,PUCCH,,,,,,,,,,,,,,,,,,1,-inf,"0.000,",,,,,,,,
2026-08-18T11:26:46.856405,7881,0x46,PUCCH,,,,,,,,,,,,,,,,,,2,111.8,"1.000,",,,,,,,,
2026-08-18T11:26:47.391392,7900,0x46,PUCCH,,,,,,,,,,,,,,,,,,1,-inf,"0.000,",,,,,,,,
2026-08-18T11:26:47.978272,7920,0x46,PUCCH,,,,,,,,,,,,,,,,,,1,-inf,"0.000,",,,,,,,,
2026-08-18T11:26:48.007347,7921,0x46,PUCCH,,,,,,,,,,,,,,,,,,2,111.8,"1.000,",,,,,,,,
2026-08-18T11:26:48.576408,7940,0x46,PUCCH,,,,,,,,,,,,,,,,,,1,-inf,"0.000,",,,,,,,,
2026-08-18T11:26:49.293147,7960,0x46,PUCCH,,,,,,,,,,,,,,,,,,1,-inf,"0.000,",,,,,,,,
2026-08-18T11:26:49.323052,7961,0x46,PUCCH,,,,,,,,,,,,,,,,,,2,111.8,"1.000,",,,,,,,,
2026-08-18T11:26:49.921722,7980,0x46,PUCCH,,,,,,,,,,,,,,,,,,1,-inf,"0.000,",,,,,,,,
2026-08-18T11:26:50.685062,8000,0x46,PUCCH,,,,,,,,,,,,,,,,,,1,-inf,"0.000,",,,,,,,,
2026-08-18T11:26:50.714678,8001,0x46,PUCCH,,,,,,,,,,,,,,,,,,2,111.8,"1.000,",,,,,,,,
2026-08-18T11:26:51.386837,8020,0x46,PUCCH,,,,,,,,,,,,,,,,,,1,-inf,"0.000,",,,,,,,,
2026-08-18T11:26:52.565818,8040,0x46,PUCCH,,,,,,,,,,,,,,,,,,1,-inf,"0.000,",,,,,,,,
2026-08-18T11:26:52.617153,8041,0x46,PUCCH,,,,,,,,,,,,,,,,,,2,111.8,"1.000,",,,,,,,,
2026-08-18T11:26:53.676793,8060,0x46,PUCCH,,,,,,,,,,,,,,,,,,1,-inf,"0.000,",,,,,,,,
2026-08-18T11:26:54.354875,8080,0x46,PUCCH,,,,,,,,,,,,,,,,,,1,-inf,"0.000,",,,,,,,,
2026-08-18T11:26:54.385151,8081,0x46,PUCCH,,,,,,,,,,,,,,,,,,2,111.8,"1.000,",,,,,,,,
2026-08-18T11:26:55.107529,8100,0x46,PUCCH,,,,,,,,,,,,,,,,,,1,-inf,"0.000,",,,,,,,,
2026-08-18T11:26:55.917447,8120,0x46,PUCCH,,,,,,,,,,,,,,,,,,1,-inf,"0.000,",,,,,,,,
2026-08-18T11:26:55.941203,8121,0x46,PUCCH,,,,,,,,,,,,,,,,,,2,111.8,"1.000,",,,,,,,,
2026-08-18T11:26:56.509820,8140,0x46,PUCCH,,,,,,,,,,,,,,,,,,1,-inf,"0.000,",,,,,,,,
2026-08-18T11:26:57.149891,8160,0x46,PUCCH,,,,,,,,,,,,,,,,,,1,-inf,"0.000,",,,,,,,,
2026-08-18T11:26:57.184912,8161,0x46,PUCCH,,,,,,,,,,,,,,,,,,2,111.8,"1.000,",,,,,,,,
2026-08-18T11:26:57.826227,8180,0x46,PUCCH,,,,,,,,,,,,,,,,,,1,-inf,"0.000,",,,,,,,,
2026-08-18T11:26:59.069353,8200,0x46,PUCCH,,,,,,,,,,,,,,,,,,1,-inf,"0.000,",,,,,,,,
2026-08-18T11:26:59.127368,8201,0x46,PUCCH,,,,,,,,,,,,,,,,,,2,111.8,"1.000,",,,,,,,,
2026-08-18T11:26:59.973995,8220,0x46,PUCCH,,,,,,,,,,,,,,,,,,1,-inf,"0.000,",,,,,,,,
2026-08-18T11:27:00.748146,8240,0x46,PUCCH,,,,,,,,,,,,,,,,,,1,-inf,"0.000,",,,,,,,,
2026-08-18T11:27:00.809291,8241,0x46,PUCCH,,,,,,,,,,,,,,,,,,2,111.8,"1.000,",,,,,,,,
2026-08-18T11:27:01.652530,8260,0x46,PUCCH,,,,,,,,,,,,,,,,,,1,-inf,"0.000,",,,,,,,,
2026-08-18T11:27:02.419888,8280,0x46,PUCCH,,,,,,,,,,,,,,,,,,1,-inf,"0.000,",,,,,,,,
2026-08-18T11:27:02.448470,8281,0x46,PUCCH,,,,,,,,,,,,,,,,,,2,111.8,"1.000,",,,,,,,,
2026-08-18T11:27:03.189779,8300,0x46,PUCCH,,,,,,,,,,,,,,,,,,1,-inf,"0.000,",,,,,,,,
2026-08-18T11:27:04.378013,8320,0x46,PUCCH,,,,,,,,,,,,,,,,,,1,-inf,"0.000,",,,,,,,,
2026-08-18T11:27:04.410431,8321,0x46,PUCCH,,,,,,,,,,,,,,,,,,2,111.8,"1.000,",,,,,,,,
2026-08-18T11:27:05.123446,8340,0x46,PUCCH,,,,,,,,,,,,,,,,,,1,-inf,"0.000,",,,,,,,,
2026-08-18T11:27:05.971908,8360,0x46,PUCCH,,,,,,,,,,,,,,,,,,1,-inf,"0.000,",,,,,,,,
2026-08-18T11:27:06.004265,8361,0x46,PUCCH,,,,,,,,,,,,,,,,,,2,111.8,"1.000,",,,,,,,,
2026-08-18T11:27:06.750857,8380,0x46,PUCCH,,,,,,,,,,,,,,,,,,1,-inf,"0.000,",,,,,,,,
2026-08-18T11:27:07.618359,8400,0x46,PUCCH,,,,,,,,,,,,,,,,,,1,-inf,"0.000,",,,,,,,,
2026-08-18T11:27:07.671227,8401,0x46,PUCCH,,,,,,,,,,,,,,,,,,2,111.8,"1.000,",,,,,,,,
2026-08-18T11:27:08.523448,8420,0x46,PUCCH,,,,,,,,,,,,,,,,,,1,-inf,"0.000,",,,,,,,,
2026-08-18T11:27:09.323356,8440,0x46,PUCCH,,,,,,,,,,,,,,,,,,1,-inf,"0.000,",,,,,,,,
2026-08-18T11:27:09.362517,8441,0x46,PUCCH,,,,,,,,,,,,,,,,,,2,111.8,"1.000,",,,,,,,,
2026-08-18T11:27:10.374347,8460,0x46,PUCCH,,,,,,,,,,,,,,,,,,1,-inf,"0.000,",,,,,,,,
2026-08-18T11:27:11.221611,8480,0x46,PUCCH,,,,,,,,,,,,,,,,,,1,-inf,"0.000,",,,,,,,,
2026-08-18T11:27:11.256193,8481,0x46,PUCCH,,,,,,,,,,,,,,,,,,2,111.8,"1.000,",,,,,,,,
2026-08-18T11:27:12.086628,8500,0x46,PUCCH,,,,,,,,,,,,,,,,,,1,-inf,"0.000,",,,,,,,,
2026-08-18T11:27:13.165403,8520,0x46,PUCCH,,,,,,,,,,,,,,,,,,1,-inf,"0.000,",,,,,,,,
2026-08-18T11:27:13.218817,8521,0x46,PUCCH,,,,,,,,,,,,,,,,,,2,111.8,"1.000,",,,,,,,,
2026-08-18T11:27:14.169779,8540,0x46,PUCCH,,,,,,,,,,,,,,,,,,1,-inf,"0.000,",,,,,,,,
2026-08-18T11:27:14.973746,8560,0x46,PUCCH,,,,,,,,,,,,,,,,,,1,-inf,"0.000,",,,,,,,,
2026-08-18T11:27:15.001656,8561,0x46,PUCCH,,,,,,,,,,,,,,,,,,2,111.8,"1.000,",,,,,,,,
2026-08-18T11:27:15.629665,8580,0x46,PUCCH,,,,,,,,,,,,,,,,,,1,-inf,"0.000,",,,,,,,,
2026-08-18T11:27:16.293289,8600,0x46,PUCCH,,,,,,,,,,,,,,,,,,1,-inf,"0.000,",,,,,,,,
2026-08-18T11:27:16.343512,8601,0x46,PUCCH,,,,,,,,,,,,,,,,,,2,111.8,"1.000,",,,,,,,,
2026-08-18T11:27:17.227373,8620,0x46,PUCCH,,,,,,,,,,,,,,,,,,1,-inf,"0.000,",,,,,,,,
2026-08-18T11:27:18.192437,8640,0x46,PUCCH,,,,,,,,,,,,,,,,,,1,-inf,"0.000,",,,,,,,,
2026-08-18T11:27:18.245853,8641,0x46,PUCCH,,,,,,,,,,,,,,,,,,2,111.8,"1.000,",,,,,,,,
2026-08-18T11:27:19.027830,8660,0x46,PUCCH,,,,,,,,,,,,,,,,,,1,-inf,"0.000,",,,,,,,,
2026-08-18T11:27:19.687824,8680,0x46,PUCCH,,,,,,,,,,,,,,,,,,1,-inf,"0.000,",,,,,,,,
2026-08-18T11:27:19.716719,8681,0x46,PUCCH,,,,,,,,,,,,,,,,,,2,111.8,"1.000,",,,,,,,,
2026-08-18T11:27:20.378530,8700,0x46,PUCCH,,,,,,,,,,,,,,,,,,1,-inf,"0.000,",,,,,,,,
2026-08-18T11:27:21.033744,8720,0x46,PUCCH,,,,,,,,,,,,,,,,,,1,-inf,"0.000,",,,,,,,,
2026-08-18T11:27:21.063250,8721,0x46,PUCCH,,,,,,,,,,,,,,,,,,2,111.8,"1.000,",,,,,,,,
2026-08-18T11:27:21.763214,8740,0x46,PUCCH,,,,,,,,,,,,,,,,,,1,-inf,"0.000,",,,,,,,,
2026-08-18T11:27:22.676409,8760,0x46,PUCCH,,,,,,,,,,,,,,,,,,1,-inf,"0.000,",,,,,,,,
2026-08-18T11:27:22.717180,8761,0x46,PUCCH,,,,,,,,,,,,,,,,,,2,111.8,"1.000,",,,,,,,,
2026-08-18T11:27:23.481629,8780,0x46,PUCCH,,,,,,,,,,,,,,,,,,1,-inf,"0.000,",,,,,,,,
2026-08-18T11:27:24.542214,8800,0x46,PUCCH,,,,,,,,,,,,,,,,,,1,-inf,"0.000,",,,,,,,,
2026-08-18T11:27:24.586905,8801,0x46,PUCCH,,,,,,,,,,,,,,,,,,2,111.8,"1.000,",,,,,,,,
2026-08-18T11:27:25.338073,8820,0x46,PUCCH,,,,,,,,,,,,,,,,,,1,-inf,"0.000,",,,,,,,,
2026-08-18T11:27:26.152337,8840,0x46,PUCCH,,,,,,,,,,,,,,,,,,1,-inf,"0.000,",,,,,,,,
2026-08-18T11:27:26.181549,8841,0x46,PUCCH,,,,,,,,,,,,,,,,,,2,111.8,"1.000,",,,,,,,,
2026-08-18T11:27:26.887092,8860,0x46,PUCCH,,,,,,,,,,,,,,,,,,1,-inf,"0.000,",,,,,,,,
2026-08-18T11:27:27.917904,8880,0x46,PUCCH,,,,,,,,,,,,,,,,,,1,-inf,"0.000,",,,,,,,,
2026-08-18T11:27:27.972482,8881,0x46,PUCCH,,,,,,,,,,,,,,,,,,2,111.8,"1.000,",,,,,,,,
2026-08-18T11:27:28.841688,8900,0x46,PUCCH,,,,,,,,,,,,,,,,,,1,-inf,"0.000,",,,,,,,,
2026-08-18T11:27:29.844155,8920,0x46,PUCCH,,,,,,,,,,,,,,,,,,1,-inf,"0.000,",,,,,,,,
2026-08-18T11:27:29.873380,8921,0x46,PUCCH,,,,,,,,,,,,,,,,,,2,111.8,"1.000,",,,,,,,,
2026-08-18T11:27:30.769261,8940,0x46,PUCCH,,,,,,,,,,,,,,,,,,1,-inf,"0.000,",,,,,,,,
2026-08-18T11:27:31.436868,8960,0x46,PUCCH,,,,,,,,,,,,,,,,,,1,-inf,"0.000,",,,,,,,,
2026-08-18T11:27:31.464747,8961,0x46,PUCCH,,,,,,,,,,,,,,,,,,2,111.8,"1.000,",,,,,,,,
2026-08-18T11:27:32.157838,8980,0x46,PUCCH,,,,,,,,,,,,,,,,,,1,-inf,"0.000,",,,,,,,,
2026-08-18T11:27:32.892376,9000,0x46,PUCCH,,,,,,,,,,,,,,,,,,1,-inf,"0.000,",,,,,,,,
2026-08-18T11:27:32.930501,9001,0x46,PUCCH,,,,,,,,,,,,,,,,,,2,111.8,"1.000,",,,,,,,,
2026-08-18T11:27:33.732870,9020,0x46,PUCCH,,,,,,,,,,,,,,,,,,1,-inf,"0.000,",,,,,,,,
2026-08-18T11:27:34.780712,9040,0x46,PUCCH,,,,,,,,,,,,,,,,,,1,-inf,"0.000,",,,,,,,,
2026-08-18T11:27:35.056637,9041,0x46,PUCCH,,,,,,,,,,,,,,,,,,2,111.8,"1.000,",,,,,,,,
2026-08-18T11:27:35.879069,9060,0x46,PUCCH,,,,,,,,,,,,,,,,,,1,-inf,"0.000,",,,,,,,,
2026-08-18T11:27:36.852491,9080,0x46,PUCCH,,,,,,,,,,,,,,,,,,1,-inf,"0.000,",,,,,,,,
2026-08-18T11:27:36.892599,9081,0x46,PUCCH,,,,,,,,,,,,,,,,,,2,111.8,"1.000,",,,,,,,,
2026-08-18T11:27:37.675813,9100,0x46,PUCCH,,,,,,,,,,,,,,,,,,1,-inf,"0.000,",,,,,,,,
2026-08-18T11:27:38.711627,9120,0x46,PUCCH,,,,,,,,,,,,,,,,,,1,-inf,"0.000,",,,,,,,,
2026-08-18T11:27:38.748811,9121,0x46,PUCCH,,,,,,,,,,,,,,,,,,2,111.8,"1.000,",,,,,,,,
2026-08-18T11:27:39.769144,9140,0x46,PUCCH,,,,,,,,,,,,,,,,,,1,-inf,"0.000,",,,,,,,,
2026-08-18T11:27:40.610358,9160,0x46,PUCCH,,,,,,,,,,,,,,,,,,1,-inf,"0.000,",,,,,,,,
2026-08-18T11:27:40.650136,9161,0x46,PUCCH,,,,,,,,,,,,,,,,,,2,111.8,"1.000,",,,,,,,,
2026-08-18T11:27:41.506015,9180,0x46,PUCCH,,,,,,,,,,,,,,,,,,1,-inf,"0.000,",,,,,,,,
2026-08-18T11:27:42.222880,9200,0x46,PUCCH,,,,,,,,,,,,,,,,,,1,-inf,"0.000,",,,,,,,,
2026-08-18T11:27:42.279116,9201,0x46,PUCCH,,,,,,,,,,,,,,,,,,2,111.8,"1.000,",,,,,,,,
2026-08-18T11:27:43.354818,9220,0x46,PUCCH,,,,,,,,,,,,,,,,,,1,-inf,"0.000,",,,,,,,,
2026-08-18T11:27:44.324807,9240,0x46,PUCCH,,,,,,,,,,,,,,,,,,1,-inf,"0.000,",,,,,,,,
2026-08-18T11:27:44.380083,9241,0x46,PUCCH,,,,,,,,,,,,,,,,,,2,111.8,"1.000,",,,,,,,,
2026-08-18T11:27:45.364814,9260,0x46,PUCCH,,,,,,,,,,,,,,,,,,1,-inf,"0.000,",,,,,,,,
2026-08-18T11:27:46.266140,9280,0x46,PUCCH,,,,,,,,,,,,,,,,,,1,-inf,"0.000,",,,,,,,,
2026-08-18T11:27:46.307158,9281,0x46,PUCCH,,,,,,,,,,,,,,,,,,2,111.8,"1.000,",,,,,,,,
2026-08-18T11:27:47.032400,9300,0x46,PUCCH,,,,,,,,,,,,,,,,,,1,-inf,"0.000,",,,,,,,,
2026-08-18T11:27:47.880193,9320,0x46,PUCCH,,,,,,,,,,,,,,,,,,1,-inf,"0.000,",,,,,,,,
2026-08-18T11:27:47.934302,9321,0x46,PUCCH,,,,,,,,,,,,,,,,,,2,111.8,"1.000,",,,,,,,,
2026-08-18T11:27:48.910681,9340,0x46,PUCCH,,,,,,,,,,,,,,,,,,1,-inf,"0.000,",,,,,,,,
2026-08-18T11:27:49.961889,9360,0x46,PUCCH,,,,,,,,,,,,,,,,,,1,-inf,"0.000,",,,,,,,,
2026-08-18T11:27:50.014288,9361,0x46,PUCCH,,,,,,,,,,,,,,,,,,2,111.8,"1.000,",,,,,,,,
2026-08-18T11:27:50.841882,9380,0x46,PUCCH,,,,,,,,,,,,,,,,,,1,-inf,"0.000,",,,,,,,,
2026-08-18T11:27:51.518321,9400,0x46,PUCCH,,,,,,,,,,,,,,,,,,1,-inf,"0.000,",,,,,,,,
2026-08-18T11:27:51.549770,9401,0x46,PUCCH,,,,,,,,,,,,,,,,,,2,111.8,"1.000,",,,,,,,,
2026-08-18T11:27:52.631330,9420,0x46,PUCCH,,,,,,,,,,,,,,,,,,1,-inf,"0.000,",,,,,,,,
2026-08-18T11:27:53.465165,9440,0x46,PUCCH,,,,,,,,,,,,,,,,,,1,-inf,"0.000,",,,,,,,,
2026-08-18T11:27:53.497695,9441,0x46,PUCCH,,,,,,,,,,,,,,,,,,2,111.8,"1.000,",,,,,,,,
2026-08-18T11:27:54.172498,9460,0x46,PUCCH,,,,,,,,,,,,,,,,,,1,-inf,"0.000,",,,,,,,,
2026-08-18T11:27:54.972458,9480,0x46,PUCCH,,,,,,,,,,,,,,,,,,1,-inf,"0.000,",,,,,,,,
2026-08-18T11:27:55.008635,9481,0x46,PUCCH,,,,,,,,,,,,,,,,,,2,111.8,"1.000,",,,,,,,,
2026-08-18T11:27:55.672554,9500,0x46,PUCCH,,,,,,,,,,,,,,,,,,1,-inf,"0.000,",,,,,,,,
2026-08-18T11:27:56.597912,9520,0x46,PUCCH,,,,,,,,,,,,,,,,,,1,-inf,"0.000,",,,,,,,,
2026-08-18T11:27:56.638293,9521,0x46,PUCCH,,,,,,,,,,,,,,,,,,2,111.8,"1.000,",,,,,,,,
2026-08-18T11:27:57.587689,9540,0x46,PUCCH,,,,,,,,,,,,,,,,,,1,-inf,"0.000,",,,,,,,,
2026-08-18T11:27:58.540974,9560,0x46,PUCCH,,,,,,,,,,,,,,,,,,1,-inf,"0.000,",,,,,,,,
2026-08-18T11:27:58.578641,9561,0x46,PUCCH,,,,,,,,,,,,,,,,,,2,111.8,"1.000,",,,,,,,,
2026-08-18T11:27:59.577887,9580,0x46,PUCCH,,,,,,,,,,,,,,,,,,1,-inf,"0.000,",,,,,,,,
2026-08-18T11:28:00.546865,9600,0x46,PUCCH,,,,,,,,,,,,,,,,,,1,-inf,"0.000,",,,,,,,,
2026-08-18T11:28:00.588174,9601,0x46,PUCCH,,,,,,,,,,,,,,,,,,2,111.8,"1.000,",,,,,,,,
2026-08-18T11:28:01.659493,9620,0x46,PUCCH,,,,,,,,,,,,,,,,,,1,-inf,"0.000,",,,,,,,,
2026-08-18T11:28:02.441346,9640,0x46,PUCCH,,,,,,,,,,,,,,,,,,1,-inf,"0.000,",,,,,,,,
2026-08-18T11:28:02.484050,9641,0x46,PUCCH,,,,,,,,,,,,,,,,,,2,111.8,"1.000,",,,,,,,,
2026-08-18T11:28:03.487811,9660,0x46,PUCCH,,,,,,,,,,,,,,,,,,1,-inf,"0.000,",,,,,,,,
2026-08-18T11:28:04.552756,9680,0x46,PUCCH,,,,,,,,,,,,,,,,,,1,-inf,"0.000,",,,,,,,,
2026-08-18T11:28:04.596000,9681,0x46,PUCCH,,,,,,,,,,,,,,,,,,2,111.8,"1.000,",,,,,,,,
2026-08-18T11:28:05.328131,9700,0x46,PUCCH,,,,,,,,,,,,,,,,,,1,-inf,"0.000,",,,,,,,,
2026-08-18T11:28:06.237206,9720,0x46,PUCCH,,,,,,,,,,,,,,,,,,1,-inf,"0.000,",,,,,,,,
2026-08-18T11:28:06.301786,9721,0x46,PUCCH,,,,,,,,,,,,,,,,,,2,111.8,"1.000,",,,,,,,,
2026-08-18T11:28:07.394726,9740,0x46,PUCCH,,,,,,,,,,,,,,,,,,1,-inf,"0.000,",,,,,,,,
2026-08-18T11:28:08.327223,9760,0x46,PUCCH,,,,,,,,,,,,,,,,,,1,-inf,"0.000,",,,,,,,,
2026-08-18T11:28:08.370897,9761,0x46,PUCCH,,,,,,,,,,,,,,,,,,2,111.8,"1.000,",,,,,,,,
2026-08-18T11:28:09.317247,9780,0x46,PUCCH,,,,,,,,,,,,,,,,,,1,-inf,"0.000,",,,,,,,,
2026-08-18T11:28:10.232744,9800,0x46,PUCCH,,,,,,,,,,,,,,,,,,1,-inf,"0.000,",,,,,,,,
2026-08-18T11:28:10.261548,9801,0x46,PUCCH,,,,,,,,,,,,,,,,,,2,111.8,"1.000,",,,,,,,,
2026-08-18T11:28:10.892964,9820,0x46,PUCCH,,,,,,,,,,,,,,,,,,1,-inf,"0.000,",,,,,,,,
2026-08-18T11:28:11.953334,9840,0x46,PUCCH,,,,,,,,,,,,,,,,,,1,-inf,"0.000,",,,,,,,,
2026-08-18T11:28:12.036100,9841,0x46,PUCCH,,,,,,,,,,,,,,,,,,2,111.8,"1.000,",,,,,,,,
2026-08-18T11:28:12.841754,9860,0x46,PUCCH,,,,,,,,,,,,,,,,,,1,-inf,"0.000,",,,,,,,,
2026-08-18T11:28:13.819547,9880,0x46,PUCCH,,,,,,,,,,,,,,,,,,1,-inf,"0.000,",,,,,,,,
2026-08-18T11:28:13.858626,9881,0x46,PUCCH,,,,,,,,,,,,,,,,,,2,111.8,"1.000,",,,,,,,,
2026-08-18T11:28:14.782230,9900,0x46,PUCCH,,,,,,,,,,,,,,,,,,1,-inf,"0.000,",,,,,,,,
2026-08-18T11:28:15.482718,9920,0x46,PUCCH,,,,,,,,,,,,,,,,,,1,-inf,"0.000,",,,,,,,,
2026-08-18T11:28:15.523723,9921,0x46,PUCCH,,,,,,,,,,,,,,,,,,2,111.8,"1.000,",,,,,,,,
2026-08-18T11:28:16.210817,9940,0x46,PUCCH,,,,,,,,,,,,,,,,,,1,-inf,"0.000,",,,,,,,,
2026-08-18T11:28:16.874478,9960,0x46,PUCCH,,,,,,,,,,,,,,,,,,1,-inf,"0.000,",,,,,,,,
2026-08-18T11:28:16.914646,9961,0x46,PUCCH,,,,,,,,,,,,,,,,,,2,111.8,"1.000,",,,,,,,,
2026-08-18T11:28:17.924711,9980,0x46,PUCCH,,,,,,,,,,,,,,,,,,1,-inf,"0.000,",,,,,,,,
2026-08-18T11:28:18.712194,10000,0x46,PUCCH,,,,,,,,,,,,,,,,,,1,-inf,"0.000,",,,,,,,,
2026-08-18T11:28:18.751279,10001,0x46,PUCCH,,,,,,,,,,,,,,,,,,2,111.8,"1.000,",,,,,,,,
2026-08-18T11:28:19.831791,10020,0x46,PUCCH,,,,,,,,,,,,,,,,,,1,-inf,"0.000,",,,,,,,,
2026-08-18T11:28:21.104112,10040,0x46,PUCCH,,,,,,,,,,,,,,,,,,1,-inf,"0.000,",,,,,,,,
2026-08-18T11:28:21.146889,10041,0x46,PUCCH,,,,,,,,,,,,,,,,,,2,111.8,"1.000,",,,,,,,,
2026-08-18T11:28:21.932253,10060,0x46,PUCCH,,,,,,,,,,,,,,,,,,1,-inf,"0.000,",,,,,,,,
2026-08-18T11:28:23.001330,10080,0x46,PUCCH,,,,,,,,,,,,,,,,,,1,-inf,"0.000,",,,,,,,,
2026-08-18T11:28:23.035721,10081,0x46,PUCCH,,,,,,,,,,,,,,,,,,2,111.8,"1.000,",,,,,,,,
2026-08-18T11:28:24.024560,10100,0x46,PUCCH,,,,,,,,,,,,,,,,,,1,-inf,"0.000,",,,,,,,,
2026-08-18T11:28:25.203164,10120,0x46,PUCCH,,,,,,,,,,,,,,,,,,1,-inf,"0.000,",,,,,,,,
2026-08-18T11:28:25.276487,10121,0x46,PUCCH,,,,,,,,,,,,,,,,,,2,111.8,"1.000,",,,,,,,,
2026-08-18T11:28:26.110609,10140,0x46,PUCCH,,,,,,,,,,,,,,,,,,1,-inf,"0.000,",,,,,,,,
2026-08-18T11:28:26.862571,10160,0x46,PUCCH,,,,,,,,,,,,,,,,,,1,-inf,"0.000,",,,,,,,,
2026-08-18T11:28:26.894474,10161,0x46,PUCCH,,,,,,,,,,,,,,,,,,2,111.8,"1.000,",,,,,,,,
2026-08-18T11:28:27.908265,10180,0x46,PUCCH,,,,,,,,,,,,,,,,,,1,-inf,"0.000,",,,,,,,,
2026-08-18T11:28:28.719556,10200,0x46,PUCCH,,,,,,,,,,,,,,,,,,1,-inf,"0.000,",,,,,,,,
2026-08-18T11:28:28.749415,10201,0x46,PUCCH,,,,,,,,,,,,,,,,,,2,111.8,"1.000,",,,,,,,,
2026-08-18T11:28:29.367883,10220,0x46,PUCCH,,,,,,,,,,,,,,,,,,1,-inf,"0.000,",,,,,,,,
2026-08-18T11:28:30.212958,0,0x46,PUCCH,,,,,,,,,,,,,,,,,,1,-inf,"0.000,",,,,,,,,
2026-08-18T11:28:30.288011,1,0x46,PUCCH,,,,,,,,,,,,,,,,,,2,111.8,"1.000,",,,,,,,,
2026-08-18T11:28:31.257480,20,0x46,PUCCH,,,,,,,,,,,,,,,,,,1,-inf,"0.000,",,,,,,,,
2026-08-18T11:28:32.090277,40,0x46,PUCCH,,,,,,,,,,,,,,,,,,1,-inf,"0.000,",,,,,,,,
2026-08-18T11:28:32.141311,41,0x46,PUCCH,,,,,,,,,,,,,,,,,,2,111.8,"1.000,",,,,,,,,
2026-08-18T11:28:33.251496,60,0x46,PUCCH,,,,,,,,,,,,,,,,,,1,-inf,"0.000,",,,,,,,,
2026-08-18T11:28:34.192114,80,0x46,PUCCH,,,,,,,,,,,,,,,,,,1,-inf,"0.000,",,,,,,,,
2026-08-18T11:28:34.248104,81,0x46,PUCCH,,,,,,,,,,,,,,,,,,2,111.8,"1.000,",,,,,,,,
2026-08-18T11:28:34.973428,100,0x46,PUCCH,,,,,,,,,,,,,,,,,,1,-inf,"0.000,",,,,,,,,
2026-08-18T11:28:35.903521,120,0x46,PUCCH,,,,,,,,,,,,,,,,,,1,-inf,"0.000,",,,,,,,,
2026-08-18T11:28:35.934691,121,0x46,PUCCH,,,,,,,,,,,,,,,,,,2,111.8,"1.000,",,,,,,,,
2026-08-18T11:28:36.575605,140,0x46,PUCCH,,,,,,,,,,,,,,,,,,1,-inf,"0.000,",,,,,,,,
2026-08-18T11:28:37.212726,160,0x46,PUCCH,,,,,,,,,,,,,,,,,,1,-inf,"0.000,",,,,,,,,
2026-08-18T11:28:37.243503,161,0x46,PUCCH,,,,,,,,,,,,,,,,,,2,111.8,"1.000,",,,,,,,,
2026-08-18T11:28:38.002289,180,0x46,PUCCH,,,,,,,,,,,,,,,,,,1,-inf,"0.000,",,,,,,,,
2026-08-18T11:28:38.969326,200,0x46,PUCCH,,,,,,,,,,,,,,,,,,1,-inf,"0.000,",,,,,,,,
2026-08-18T11:28:39.002375,201,0x46,PUCCH,,,,,,,,,,,,,,,,,,2,111.8,"1.000,",,,,,,,,
2026-08-18T11:28:39.884484,220,0x46,PUCCH,,,,,,,,,,,,,,,,,,1,-inf,"0.000,",,,,,,,,
2026-08-18T11:28:40.612650,240,0x46,PUCCH,,,,,,,,,,,,,,,,,,1,-inf,"0.000,",,,,,,,,
2026-08-18T11:28:40.643064,241,0x46,PUCCH,,,,,,,,,,,,,,,,,,2,111.8,"1.000,",,,,,,,,
2026-08-18T11:28:41.208276,260,0x46,PUCCH,,,,,,,,,,,,,,,,,,1,-inf,"0.000,",,,,,,,,
2026-08-18T11:28:41.980197,280,0x46,PUCCH,,,,,,,,,,,,,,,,,,1,-inf,"0.000,",,,,,,,,
2026-08-18T11:28:42.007593,281,0x46,PUCCH,,,,,,,,,,,,,,,,,,2,111.8,"1.000,",,,,,,,,
2026-08-18T11:28:42.631204,300,0x46,PUCCH,,,,,,,,,,,,,,,,,,1,-inf,"0.000,",,,,,,,,
2026-08-18T11:28:43.453747,320,0x46,PUCCH,,,,,,,,,,,,,,,,,,1,-inf,"0.000,",,,,,,,,
2026-08-18T11:28:43.496853,321,0x46,PUCCH,,,,,,,,,,,,,,,,,,2,111.8,"1.000,",,,,,,,,
2026-08-18T11:28:44.103241,340,0x46,PUCCH,,,,,,,,,,,,,,,,,,1,-inf,"0.000,",,,,,,,,
2026-08-18T11:28:44.877451,360,0x46,PUCCH,,,,,,,,,,,,,,,,,,1,-inf,"0.000,",,,,,,,,
2026-08-18T11:28:44.908278,361,0x46,PUCCH,,,,,,,,,,,,,,,,,,2,111.8,"1.000,",,,,,,,,
2026-08-18T11:28:45.554456,380,0x46,PUCCH,,,,,,,,,,,,,,,,,,1,-inf,"0.000,",,,,,,,,
2026-08-18T11:28:46.229192,400,0x46,PUCCH,,,,,,,,,,,,,,,,,,1,-inf,"0.000,",,,,,,,,
2026-08-18T11:28:46.257642,401,0x46,PUCCH,,,,,,,,,,,,,,,,,,2,111.8,"1.000,",,,,,,,,
2026-08-18T11:28:47.045969,420,0x46,PUCCH,,,,,,,,,,,,,,,,,,1,-inf,"0.000,",,,,,,,,
2026-08-18T11:28:48.283082,440,0x46,PUCCH,,,,,,,,,,,,,,,,,,1,-inf,"0.000,",,,,,,,,
2026-08-18T11:28:48.326814,441,0x46,PUCCH,,,,,,,,,,,,,,,,,,2,111.8,"1.000,",,,,,,,,
2026-08-18T11:28:49.602175,460,0x46,PUCCH,,,,,,,,,,,,,,,,,,1,-inf,"0.000,",,,,,,,,
2026-08-18T11:28:50.329842,480,0x46,PUCCH,,,,,,,,,,,,,,,,,,1,-inf,"0.000,",,,,,,,,
2026-08-18T11:28:50.359443,481,0x46,PUCCH,,,,,,,,,,,,,,,,,,2,111.8,"1.000,",,,,,,,,
2026-08-18T11:28:51.043829,500,0x46,PUCCH,,,,,,,,,,,,,,,,,,1,-inf,"0.000,",,,,,,,,
2026-08-18T11:28:51.760968,520,0x46,PUCCH,,,,,,,,,,,,,,,,,,1,-inf,"0.000,",,,,,,,,
2026-08-18T11:28:51.797678,521,0x46,PUCCH,,,,,,,,,,,,,,,,,,2,111.8,"1.000,",,,,,,,,
2026-08-18T11:28:52.566871,540,0x46,PUCCH,,,,,,,,,,,,,,,,,,1,-inf,"0.000,",,,,,,,,
2026-08-18T11:28:53.360928,560,0x46,PUCCH,,,,,,,,,,,,,,,,,,1,-inf,"0.000,",,,,,,,,
2026-08-18T11:28:53.403819,561,0x46,PUCCH,,,,,,,,,,,,,,,,,,2,111.8,"1.000,",,,,,,,,
2026-08-18T11:28:54.106811,580,0x46,PUCCH,,,,,,,,,,,,,,,,,,1,-inf,"0.000,",,,,,,,,
2026-08-18T11:28:54.954010,600,0x46,PUCCH,,,,,,,,,,,,,,,,,,1,-inf,"0.000,",,,,,,,,
2026-08-18T11:28:54.981052,601,0x46,PUCCH,,,,,,,,,,,,,,,,,,2,111.8,"1.000,",,,,,,,,
2026-08-18T11:28:55.565453,620,0x46,PUCCH,,,,,,,,,,,,,,,,,,1,-inf,"0.000,",,,,,,,,
2026-08-18T11:28:56.260299,640,0x46,PUCCH,,,,,,,,,,,,,,,,,,1,-inf,"0.000,",,,,,,,,
2026-08-18T11:28:56.288046,641,0x46,PUCCH,,,,,,,,,,,,,,,,,,2,111.8,"1.000,",,,,,,,,
2026-08-18T11:28:56.859615,660,0x46,PUCCH,,,,,,,,,,,,,,,,,,1,-inf,"0.000,",,,,,,,,
2026-08-18T11:28:57.725006,680,0x46,PUCCH,,,,,,,,,,,,,,,,,,1,-inf,"0.000,",,,,,,,,
2026-08-18T11:28:57.757386,681,0x46,PUCCH,,,,,,,,,,,,,,,,,,2,111.8,"1.000,",,,,,,,,
2026-08-18T11:28:58.627177,700,0x46,PUCCH,,,,,,,,,,,,,,,,,,1,-inf,"0.000,",,,,,,,,
2026-08-18T11:28:59.422762,720,0x46,PUCCH,,,,,,,,,,,,,,,,,,1,-inf,"0.000,",,,,,,,,
2026-08-18T11:28:59.453822,721,0x46,PUCCH,,,,,,,,,,,,,,,,,,2,111.8,"1.000,",,,,,,,,
2026-08-18T11:29:00.375602,740,0x46,PUCCH,,,,,,,,,,,,,,,,,,1,-inf,"0.000,",,,,,,,,
2026-08-18T11:29:01.201458,760,0x46,PUCCH,,,,,,,,,,,,,,,,,,1,-inf,"0.000,",,,,,,,,
2026-08-18T11:29:01.238078,761,0x46,PUCCH,,,,,,,,,,,,,,,,,,2,111.8,"1.000,",,,,,,,,
2026-08-18T11:29:01.925207,780,0x46,PUCCH,,,,,,,,,,,,,,,,,,1,-inf,"0.000,",,,,,,,,
2026-08-18T11:29:03.151825,800,0x46,PUCCH,,,,,,,,,,,,,,,,,,1,-inf,"0.000,",,,,,,,,
2026-08-18T11:29:03.221597,801,0x46,PUCCH,,,,,,,,,,,,,,,,,,2,111.8,"1.000,",,,,,,,,
2026-08-18T11:29:04.051460,820,0x46,PUCCH,,,,,,,,,,,,,,,,,,1,-inf,"0.000,",,,,,,,,
2026-08-18T11:29:04.878986,840,0x46,PUCCH,,,,,,,,,,,,,,,,,,1,-inf,"0.000,",,,,,,,,
2026-08-18T11:29:04.912688,841,0x46,PUCCH,,,,,,,,,,,,,,,,,,2,111.8,"1.000,",,,,,,,,
2026-08-18T11:29:05.726494,860,0x46,PUCCH,,,,,,,,,,,,,,,,,,1,-inf,"0.000,",,,,,,,,
2026-08-18T11:29:06.551318,880,0x46,PUCCH,,,,,,,,,,,,,,,,,,1,-inf,"0.000,",,,,,,,,
2026-08-18T11:29:06.582137,881,0x46,PUCCH,,,,,,,,,,,,,,,,,,2,111.8,"1.000,",,,,,,,,
2026-08-18T11:29:07.179926,900,0x46,PUCCH,,,,,,,,,,,,,,,,,,1,-inf,"0.000,",,,,,,,,
2026-08-18T11:29:07.839907,920,0x46,PUCCH,,,,,,,,,,,,,,,,,,1,-inf,"0.000,",,,,,,,,
2026-08-18T11:29:07.878320,921,0x46,PUCCH,,,,,,,,,,,,,,,,,,2,111.8,"1.000,",,,,,,,,
2026-08-18T11:29:08.893130,940,0x46,PUCCH,,,,,,,,,,,,,,,,,,1,-inf,"0.000,",,,,,,,,
2026-08-18T11:29:09.792903,960,0x46,PUCCH,,,,,,,,,,,,,,,,,,1,-inf,"0.000,",,,,,,,,
2026-08-18T11:29:09.835451,961,0x46,PUCCH,,,,,,,,,,,,,,,,,,2,111.8,"1.000,",,,,,,,,
2026-08-18T11:29:10.716627,980,0x46,PUCCH,,,,,,,,,,,,,,,,,,1,-inf,"0.000,",,,,,,,,
2026-08-18T11:29:11.600626,1000,0x46,PUCCH,,,,,,,,,,,,,,,,,,1,-inf,"0.000,",,,,,,,,
2026-08-18T11:29:11.639610,1001,0x46,PUCCH,,,,,,,,,,,,,,,,,,2,111.8,"1.000,",,,,,,,,
2026-08-18T11:29:12.511688,1020,0x46,PUCCH,,,,,,,,,,,,,,,,,,1,-inf,"0.000,",,,,,,,,
2026-08-18T11:29:13.239987,1040,0x46,PUCCH,,,,,,,,,,,,,,,,,,1,-inf,"0.000,",,,,,,,,
2026-08-18T11:29:13.269592,1041,0x46,PUCCH,,,,,,,,,,,,,,,,,,2,111.8,"1.000,",,,,,,,,
2026-08-18T11:29:13.852288,1060,0x46,PUCCH,,,,,,,,,,,,,,,,,,1,-inf,"0.000,",,,,,,,,
2026-08-18T11:29:14.578058,1080,0x46,PUCCH,,,,,,,,,,,,,,,,,,1,-inf,"0.000,",,,,,,,,
2026-08-18T11:29:14.615191,1081,0x46,PUCCH,,,,,,,,,,,,,,,,,,2,111.8,"1.000,",,,,,,,,
2026-08-18T11:29:15.482114,1100,0x46,PUCCH,,,,,,,,,,,,,,,,,,1,-inf,"0.000,",,,,,,,,
2026-08-18T11:29:16.306949,1120,0x46,PUCCH,,,,,,,,,,,,,,,,,,1,-inf,"0.000,",,,,,,,,
2026-08-18T11:29:16.347482,1121,0x46,PUCCH,,,,,,,,,,,,,,,,,,2,111.8,"1.000,",,,,,,,,
2026-08-18T11:29:17.037397,1140,0x46,PUCCH,,,,,,,,,,,,,,,,,,1,-inf,"0.000,",,,,,,,,
2026-08-18T11:29:17.790372,1160,0x46,PUCCH,,,,,,,,,,,,,,,,,,1,-inf,"0.000,",,,,,,,,
2026-08-18T11:29:17.842546,1161,0x46,PUCCH,,,,,,,,,,,,,,,,,,2,111.8,"1.000,",,,,,,,,
2026-08-18T11:29:18.597463,1180,0x46,PUCCH,,,,,,,,,,,,,,,,,,1,-inf,"0.000,",,,,,,,,
2026-08-18T11:29:19.325235,1200,0x46,PUCCH,,,,,,,,,,,,,,,,,,1,-inf,"0.000,",,,,,,,,
2026-08-18T11:29:19.353889,1201,0x46,PUCCH,,,,,,,,,,,,,,,,,,2,111.8,"1.000,",,,,,,,,
2026-08-18T11:29:19.845243,1220,0x46,PUCCH,,,,,,,,,,,,,,,,,,1,-inf,"0.000,",,,,,,,,
2026-08-18T11:29:20.581291,1240,0x46,PUCCH,,,,,,,,,,,,,,,,,,1,-inf,"0.000,",,,,,,,,
2026-08-18T11:29:20.633665,1241,0x46,PUCCH,,,,,,,,,,,,,,,,,,2,111.8,"1.000,",,,,,,,,
2026-08-18T11:29:21.283815,1260,0x46,PUCCH,,,,,,,,,,,,,,,,,,1,-inf,"0.000,",,,,,,,,
2026-08-18T11:29:21.906460,1280,0x46,PUCCH,,,,,,,,,,,,,,,,,,1,-inf,"0.000,",,,,,,,,
2026-08-18T11:29:21.931719,1281,0x46,PUCCH,,,,,,,,,,,,,,,,,,2,111.8,"1.000,",,,,,,,,
2026-08-18T11:29:22.624289,1300,0x46,PUCCH,,,,,,,,,,,,,,,,,,1,-inf,"0.000,",,,,,,,,
2026-08-18T11:29:23.373977,1320,0x46,PUCCH,,,,,,,,,,,,,,,,,,1,-inf,"0.000,",,,,,,,,
2026-08-18T11:29:23.415810,1321,0x46,PUCCH,,,,,,,,,,,,,,,,,,2,111.8,"1.000,",,,,,,,,
2026-08-18T11:29:24.216221,1340,0x46,PUCCH,,,,,,,,,,,,,,,,,,1,-inf,"0.000,",,,,,,,,
2026-08-18T11:29:24.844214,1360,0x46,PUCCH,,,,,,,,,,,,,,,,,,1,-inf,"0.000,",,,,,,,,
2026-08-18T11:29:24.874324,1361,0x46,PUCCH,,,,,,,,,,,,,,,,,,2,111.8,"1.000,",,,,,,,,
2026-08-18T11:29:25.504566,1380,0x46,PUCCH,,,,,,,,,,,,,,,,,,1,-inf,"0.000,",,,,,,,,
2026-08-18T11:29:26.077563,1400,0x46,PUCCH,,,,,,,,,,,,,,,,,,1,-inf,"0.000,",,,,,,,,
2026-08-18T11:29:26.107816,1401,0x46,PUCCH,,,,,,,,,,,,,,,,,,2,111.8,"1.000,",,,,,,,,
2026-08-18T11:29:26.672580,1420,0x46,PUCCH,,,,,,,,,,,,,,,,,,1,-inf,"0.000,",,,,,,,,
2026-08-18T11:29:27.428871,1440,0x46,PUCCH,,,,,,,,,,,,,,,,,,1,-inf,"0.000,",,,,,,,,
2026-08-18T11:29:27.471174,1441,0x46,PUCCH,,,,,,,,,,,,,,,,,,2,111.8,"1.000,",,,,,,,,
2026-08-18T11:29:28.154999,1460,0x46,PUCCH,,,,,,,,,,,,,,,,,,1,-inf,"0.000,",,,,,,,,
2026-08-18T11:29:28.840295,1480,0x46,PUCCH,,,,,,,,,,,,,,,,,,1,-inf,"0.000,",,,,,,,,
2026-08-18T11:29:28.869728,1481,0x46,PUCCH,,,,,,,,,,,,,,,,,,2,111.8,"1.000,",,,,,,,,
2026-08-18T11:29:29.456677,1500,0x46,PUCCH,,,,,,,,,,,,,,,,,,1,-inf,"0.000,",,,,,,,,
2026-08-18T11:29:29.990472,1520,0x46,PUCCH,,,,,,,,,,,,,,,,,,1,-inf,"0.000,",,,,,,,,
2026-08-18T11:29:30.012237,1521,0x46,PUCCH,,,,,,,,,,,,,,,,,,2,111.8,"1.000,",,,,,,,,
2026-08-18T11:29:30.793004,1540,0x46,PUCCH,,,,,,,,,,,,,,,,,,1,-inf,"0.000,",,,,,,,,
2026-08-18T11:29:31.806321,1560,0x46,PUCCH,,,,,,,,,,,,,,,,,,1,-inf,"0.000,",,,,,,,,
2026-08-18T11:29:31.883061,1561,0x46,PUCCH,,,,,,,,,,,,,,,,,,2,111.8,"1.000,",,,,,,,,
2026-08-18T11:29:32.662379,1580,0x46,PUCCH,,,,,,,,,,,,,,,,,,1,-inf,"0.000,",,,,,,,,
2026-08-18T11:29:33.596287,1600,0x46,PUCCH,,,,,,,,,,,,,,,,,,1,-inf,"0.000,",,,,,,,,
2026-08-18T11:29:33.634429,1601,0x46,PUCCH,,,,,,,,,,,,,,,,,,2,111.8,"1.000,",,,,,,,,
2026-08-18T11:29:34.169128,1620,0x46,PUCCH,,,,,,,,,,,,,,,,,,1,-inf,"0.000,",,,,,,,,
2026-08-18T11:29:34.829293,1640,0x46,PUCCH,,,,,,,,,,,,,,,,,,1,-inf,"0.000,",,,,,,,,
2026-08-18T11:29:34.864074,1641,0x46,PUCCH,,,,,,,,,,,,,,,,,,2,111.8,"1.000,",,,,,,,,
2026-08-18T11:29:35.583113,1660,0x46,PUCCH,,,,,,,,,,,,,,,,,,1,-inf,"0.000,",,,,,,,,
2026-08-18T11:29:37.146814,1680,0x46,PUCCH,,,,,,,,,,,,,,,,,,1,-inf,"0.000,",,,,,,,,
2026-08-18T11:29:37.208248,1681,0x46,PUCCH,,,,,,,,,,,,,,,,,,2,111.8,"1.000,",,,,,,,,
2026-08-18T11:29:38.041622,1700,0x46,PUCCH,,,,,,,,,,,,,,,,,,1,-inf,"0.000,",,,,,,,,
2026-08-18T11:29:38.931366,1720,0x46,PUCCH,,,,,,,,,,,,,,,,,,1,-inf,"0.000,",,,,,,,,
2026-08-18T11:29:38.993770,1721,0x46,PUCCH,,,,,,,,,,,,,,,,,,2,111.8,"1.000,",,,,,,,,
2026-08-18T11:29:39.910253,1740,0x46,PUCCH,,,,,,,,,,,,,,,,,,1,-inf,"0.000,",,,,,,,,
2026-08-18T11:29:40.506010,1760,0x46,PUCCH,,,,,,,,,,,,,,,,,,1,-inf,"0.000,",,,,,,,,
2026-08-18T11:29:40.549310,1761,0x46,PUCCH,,,,,,,,,,,,,,,,,,2,111.8,"1.000,",,,,,,,,
2026-08-18T11:29:41.197409,1780,0x46,PUCCH,,,,,,,,,,,,,,,,,,1,-inf,"0.000,",,,,,,,,
2026-08-18T11:29:41.942159,1800,0x46,PUCCH,,,,,,,,,,,,,,,,,,1,-inf,"0.000,",,,,,,,,
2026-08-18T11:29:41.986091,1801,0x46,PUCCH,,,,,,,,,,,,,,,,,,2,111.8,"1.000,",,,,,,,,
2026-08-18T11:29:42.703056,1820,0x46,PUCCH,,,,,,,,,,,,,,,,,,1,-inf,"0.000,",,,,,,,,
2026-08-18T11:29:43.459771,1840,0x46,PUCCH,,,,,,,,,,,,,,,,,,1,-inf,"0.000,",,,,,,,,
2026-08-18T11:29:43.493948,1841,0x46,PUCCH,,,,,,,,,,,,,,,,,,2,111.8,"1.000,",,,,,,,,
2026-08-18T11:29:44.297128,1860,0x46,PUCCH,,,,,,,,,,,,,,,,,,1,-inf,"0.000,",,,,,,,,
2026-08-18T11:29:44.936669,1880,0x46,PUCCH,,,,,,,,,,,,,,,,,,1,-inf,"0.000,",,,,,,,,
2026-08-18T11:29:44.969823,1881,0x46,PUCCH,,,,,,,,,,,,,,,,,,2,111.8,"1.000,",,,,,,,,
2026-08-18T11:29:45.597797,1900,0x46,PUCCH,,,,,,,,,,,,,,,,,,1,-inf,"0.000,",,,,,,,,
2026-08-18T11:29:46.439639,1920,0x46,PUCCH,,,,,,,,,,,,,,,,,,1,-inf,"0.000,",,,,,,,,
2026-08-18T11:29:46.471429,1921,0x46,PUCCH,,,,,,,,,,,,,,,,,,2,111.8,"1.000,",,,,,,,,
2026-08-18T11:29:47.507033,1940,0x46,PUCCH,,,,,,,,,,,,,,,,,,1,-inf,"0.000,",,,,,,,,
2026-08-18T11:29:48.201169,1960,0x46,PUCCH,,,,,,,,,,,,,,,,,,1,-inf,"0.000,",,,,,,,,
2026-08-18T11:29:48.222487,1961,0x46,PUCCH,,,,,,,,,,,,,,,,,,2,111.8,"1.000,",,,,,,,,
2026-08-18T11:29:48.658986,1980,0x46,PUCCH,,,,,,,,,,,,,,,,,,1,-inf,"0.000,",,,,,,,,
2026-08-18T11:29:49.252520,2000,0x46,PUCCH,,,,,,,,,,,,,,,,,,1,-inf,"0.000,",,,,,,,,
2026-08-18T11:29:49.294325,2001,0x46,PUCCH,,,,,,,,,,,,,,,,,,2,111.8,"1.000,",,,,,,,,
2026-08-18T11:29:50.048385,2020,0x46,PUCCH,,,,,,,,,,,,,,,,,,1,-inf,"0.000,",,,,,,,,
2026-08-18T11:29:50.808625,2040,0x46,PUCCH,,,,,,,,,,,,,,,,,,1,-inf,"0.000,",,,,,,,,
2026-08-18T11:29:50.859318,2041,0x46,PUCCH,,,,,,,,,,,,,,,,,,2,111.8,"1.000,",,,,,,,,
2026-08-18T11:29:51.538228,2060,0x46,PUCCH,,,,,,,,,,,,,,,,,,1,-inf,"0.000,",,,,,,,,
2026-08-18T11:29:52.324541,2080,0x46,PUCCH,,,,,,,,,,,,,,,,,,1,-inf,"0.000,",,,,,,,,
2026-08-18T11:29:52.356862,2081,0x46,PUCCH,,,,,,,,,,,,,,,,,,2,111.8,"1.000,",,,,,,,,
2026-08-18T11:29:53.049133,2100,0x46,PUCCH,,,,,,,,,,,,,,,,,,1,-inf,"0.000,",,,,,,,,
2026-08-18T11:29:53.945411,2120,0x46,PUCCH,,,,,,,,,,,,,,,,,,1,-inf,"0.000,",,,,,,,,
2026-08-18T11:29:53.996578,2121,0x46,PUCCH,,,,,,,,,,,,,,,,,,2,111.8,"1.000,",,,,,,,,
2026-08-18T11:29:54.616308,2140,0x46,PUCCH,,,,,,,,,,,,,,,,,,1,-inf,"0.000,",,,,,,,,
2026-08-18T11:29:55.297809,2160,0x46,PUCCH,,,,,,,,,,,,,,,,,,1,-inf,"0.000,",,,,,,,,
2026-08-18T11:29:55.343959,2161,0x46,PUCCH,,,,,,,,,,,,,,,,,,2,111.8,"1.000,",,,,,,,,
2026-08-18T11:29:56.110309,2180,0x46,PUCCH,,,,,,,,,,,,,,,,,,1,-inf,"0.000,",,,,,,,,
2026-08-18T11:29:56.953948,2200,0x46,PUCCH,,,,,,,,,,,,,,,,,,1,-inf,"0.000,",,,,,,,,
2026-08-18T11:29:57.209955,2201,0x46,PUCCH,,,,,,,,,,,,,,,,,,2,111.8,"1.000,",,,,,,,,
2026-08-18T11:29:58.258350,2220,0x46,PUCCH,,,,,,,,,,,,,,,,,,1,-inf,"0.000,",,,,,,,,
2026-08-18T11:29:58.917705,2240,0x46,PUCCH,,,,,,,,,,,,,,,,,,1,-inf,"0.000,",,,,,,,,
2026-08-18T11:29:58.949668,2241,0x46,PUCCH,,,,,,,,,,,,,,,,,,2,111.8,"1.000,",,,,,,,,
2026-08-18T11:29:59.735202,2260,0x46,PUCCH,,,,,,,,,,,,,,,,,,1,-inf,"0.000,",,,,,,,,
2026-08-18T11:30:00.493860,2280,0x46,PUCCH,,,,,,,,,,,,,,,,,,1,-inf,"0.000,",,,,,,,,
2026-08-18T11:30:00.533004,2281,0x46,PUCCH,,,,,,,,,,,,,,,,,,2,111.8,"1.000,",,,,,,,,
2026-08-18T11:30:01.324127,2300,0x46,PUCCH,,,,,,,,,,,,,,,,,,1,-inf,"0.000,",,,,,,,,
2026-08-18T11:30:02.038228,2320,0x46,PUCCH,,,,,,,,,,,,,,,,,,1,-inf,"0.000,",,,,,,,,
2026-08-18T11:30:02.292867,2321,0x46,PUCCH,,,,,,,,,,,,,,,,,,2,111.8,"1.000,",,,,,,,,
2026-08-18T11:30:03.030205,2340,0x46,PUCCH,,,,,,,,,,,,,,,,,,1,-inf,"0.000,",,,,,,,,
2026-08-18T11:30:03.824430,2360,0x46,PUCCH,,,,,,,,,,,,,,,,,,1,-inf,"0.000,",,,,,,,,
2026-08-18T11:30:03.868050,2361,0x46,PUCCH,,,,,,,,,,,,,,,,,,2,111.8,"1.000,",,,,,,,,
2026-08-18T11:30:04.442306,2380,0x46,PUCCH,,,,,,,,,,,,,,,,,,1,-inf,"0.000,",,,,,,,,
2026-08-18T11:30:05.143294,2400,0x46,PUCCH,,,,,,,,,,,,,,,,,,1,-inf,"0.000,",,,,,,,,
2026-08-18T11:30:05.224395,2401,0x46,PUCCH,,,,,,,,,,,,,,,,,,2,111.8,"1.000,",,,,,,,,
2026-08-18T11:30:06.132772,2420,0x46,PUCCH,,,,,,,,,,,,,,,,,,1,-inf,"0.000,",,,,,,,,
2026-08-18T11:30:06.949984,2440,0x46,PUCCH,,,,,,,,,,,,,,,,,,1,-inf,"0.000,",,,,,,,,
2026-08-18T11:30:06.976866,2441,0x46,PUCCH,,,,,,,,,,,,,,,,,,2,111.8,"1.000,",,,,,,,,
2026-08-18T11:30:07.624372,2460,0x46,PUCCH,,,,,,,,,,,,,,,,,,1,-inf,"0.000,",,,,,,,,
2026-08-18T11:30:08.373086,2480,0x46,PUCCH,,,,,,,,,,,,,,,,,,1,-inf,"0.000,",,,,,,,,
2026-08-18T11:30:08.418886,2481,0x46,PUCCH,,,,,,,,,,,,,,,,,,2,111.8,"1.000,",,,,,,,,
2026-08-18T11:30:09.055564,2500,0x46,PUCCH,,,,,,,,,,,,,,,,,,1,-inf,"0.000,",,,,,,,,
2026-08-18T11:30:09.810970,2520,0x46,PUCCH,,,,,,,,,,,,,,,,,,1,-inf,"0.000,",,,,,,,,
2026-08-18T11:30:09.845109,2521,0x46,PUCCH,,,,,,,,,,,,,,,,,,2,111.8,"1.000,",,,,,,,,
2026-08-18T11:30:10.382779,2540,0x46,PUCCH,,,,,,,,,,,,,,,,,,1,-inf,"0.000,",,,,,,,,
2026-08-18T11:30:11.035052,2560,0x46,PUCCH,,,,,,,,,,,,,,,,,,1,-inf,"0.000,",,,,,,,,
2026-08-18T11:30:11.068350,2561,0x46,PUCCH,,,,,,,,,,,,,,,,,,2,111.8,"1.000,",,,,,,,,
2026-08-18T11:30:11.827179,2580,0x46,PUCCH,,,,,,,,,,,,,,,,,,1,-inf,"0.000,",,,,,,,,
2026-08-18T11:30:12.815300,2600,0x46,PUCCH,,,,,,,,,,,,,,,,,,1,-inf,"0.000,",,,,,,,,
2026-08-18T11:30:12.843164,2601,0x46,PUCCH,,,,,,,,,,,,,,,,,,2,111.8,"1.000,",,,,,,,,
2026-08-18T11:30:13.492986,2620,0x46,PUCCH,,,,,,,,,,,,,,,,,,1,-inf,"0.000,",,,,,,,,
2026-08-18T11:30:14.198675,2640,0x46,PUCCH,,,,,,,,,,,,,,,,,,1,-inf,"0.000,",,,,,,,,
2026-08-18T11:30:14.245173,2641,0x46,PUCCH,,,,,,,,,,,,,,,,,,2,111.8,"1.000,",,,,,,,,
2026-08-18T11:30:15.068435,2660,0x46,PUCCH,,,,,,,,,,,,,,,,,,1,-inf,"0.000,",,,,,,,,
2026-08-18T11:30:16.267252,2680,0x46,PUCCH,,,,,,,,,,,,,,,,,,1,-inf,"0.000,",,,,,,,,
2026-08-18T11:30:16.304272,2681,0x46,PUCCH,,,,,,,,,,,,,,,,,,2,111.8,"1.000,",,,,,,,,
2026-08-18T11:30:17.267278,2700,0x46,PUCCH,,,,,,,,,,,,,,,,,,1,-inf,"0.000,",,,,,,,,
2026-08-18T11:30:18.004355,2720,0x46,PUCCH,,,,,,,,,,,,,,,,,,1,-inf,"0.000,",,,,,,,,
2026-08-18T11:30:18.044843,2721,0x46,PUCCH,,,,,,,,,,,,,,,,,,2,111.8,"1.000,",,,,,,,,
2026-08-18T11:30:18.796418,2740,0x46,PUCCH,,,,,,,,,,,,,,,,,,1,-inf,"0.000,",,,,,,,,
2026-08-18T11:30:19.545946,2760,0x46,PUCCH,,,,,,,,,,,,,,,,,,1,-inf,"0.000,",,,,,,,,
2026-08-18T11:30:19.586428,2761,0x46,PUCCH,,,,,,,,,,,,,,,,,,2,111.8,"1.000,",,,,,,,,
2026-08-18T11:30:20.486561,2780,0x46,PUCCH,,,,,,,,,,,,,,,,,,1,-inf,"0.000,",,,,,,,,
2026-08-18T11:30:21.488516,2800,0x46,PUCCH,,,,,,,,,,,,,,,,,,1,-inf,"0.000,",,,,,,,,
2026-08-18T11:30:21.576102,2801,0x46,PUCCH,,,,,,,,,,,,,,,,,,2,111.8,"1.000,",,,,,,,,
2026-08-18T11:30:22.476667,2820,0x46,PUCCH,,,,,,,,,,,,,,,,,,1,-inf,"0.000,",,,,,,,,
2026-08-18T11:30:23.613142,2840,0x46,PUCCH,,,,,,,,,,,,,,,,,,1,-inf,"0.000,",,,,,,,,
2026-08-18T11:30:23.655263,2841,0x46,PUCCH,,,,,,,,,,,,,,,,,,2,111.8,"1.000,",,,,,,,,
2026-08-18T11:30:24.369425,2860,0x46,PUCCH,,,,,,,,,,,,,,,,,,1,-inf,"0.000,",,,,,,,,
2026-08-18T11:30:25.189149,2880,0x46,PUCCH,,,,,,,,,,,,,,,,,,1,-inf,"0.000,",,,,,,,,
2026-08-18T11:30:25.235538,2881,0x46,PUCCH,,,,,,,,,,,,,,,,,,2,111.8,"1.000,",,,,,,,,
2026-08-18T11:30:25.798358,2900,0x46,PUCCH,,,,,,,,,,,,,,,,,,1,-inf,"0.000,",,,,,,,,
2026-08-18T11:30:26.510583,2920,0x46,PUCCH,,,,,,,,,,,,,,,,,,1,-inf,"0.000,",,,,,,,,
2026-08-18T11:30:26.547796,2921,0x46,PUCCH,,,,,,,,,,,,,,,,,,2,111.8,"1.000,",,,,,,,,
2026-08-18T11:30:27.250668,2940,0x46,PUCCH,,,,,,,,,,,,,,,,,,1,-inf,"0.000,",,,,,,,,
2026-08-18T11:30:28.150689,2960,0x46,PUCCH,,,,,,,,,,,,,,,,,,1,-inf,"0.000,",,,,,,,,
2026-08-18T11:30:28.187995,2961,0x46,PUCCH,,,,,,,,,,,,,,,,,,2,111.8,"1.000,",,,,,,,,
2026-08-18T11:30:29.043164,2980,0x46,PUCCH,,,,,,,,,,,,,,,,,,1,-inf,"0.000,",,,,,,,,
2026-08-18T11:30:30.068459,3000,0x46,PUCCH,,,,,,,,,,,,,,,,,,1,-inf,"0.000,",,,,,,,,
2026-08-18T11:30:30.107519,3001,0x46,PUCCH,,,,,,,,,,,,,,,,,,2,111.8,"1.000,",,,,,,,,
2026-08-18T11:30:30.992985,3020,0x46,PUCCH,,,,,,,,,,,,,,,,,,1,-inf,"0.000,",,,,,,,,
2026-08-18T11:30:31.638502,3040,0x46,PUCCH,,,,,,,,,,,,,,,,,,1,-inf,"0.000,",,,,,,,,
2026-08-18T11:30:31.668772,3041,0x46,PUCCH,,,,,,,,,,,,,,,,,,2,111.8,"1.000,",,,,,,,,
2026-08-18T11:30:32.508293,3060,0x46,PUCCH,,,,,,,,,,,,,,,,,,1,-inf,"0.000,",,,,,,,,
2026-08-18T11:30:33.142975,3080,0x46,PUCCH,,,,,,,,,,,,,,,,,,1,-inf,"0.000,",,,,,,,,
2026-08-18T11:30:33.171820,3081,0x46,PUCCH,,,,,,,,,,,,,,,,,,2,111.8,"1.000,",,,,,,,,
2026-08-18T11:30:33.938411,3100,0x46,PUCCH,,,,,,,,,,,,,,,,,,1,-inf,"0.000,",,,,,,,,
2026-08-18T11:30:34.888869,3120,0x46,PUCCH,,,,,,,,,,,,,,,,,,1,-inf,"0.000,",,,,,,,,
2026-08-18T11:30:34.924246,3121,0x46,PUCCH,,,,,,,,,,,,,,,,,,2,111.8,"1.000,",,,,,,,,
2026-08-18T11:30:35.667071,3140,0x46,PUCCH,,,,,,,,,,,,,,,,,,1,-inf,"0.000,",,,,,,,,
2026-08-18T11:30:36.194755,3160,0x46,PUCCH,,,,,,,,,,,,,,,,,,1,-inf,"0.000,",,,,,,,,
2026-08-18T11:30:36.214583,3161,0x46,PUCCH,,,,,,,,,,,,,,,,,,2,111.8,"1.000,",,,,,,,,
2026-08-18T11:30:36.629894,3180,0x46,PUCCH,,,,,,,,,,,,,,,,,,1,-inf,"0.000,",,,,,,,,
2026-08-18T11:30:37.226346,3200,0x46,PUCCH,,,,,,,,,,,,,,,,,,1,-inf,"0.000,",,,,,,,,
2026-08-18T11:30:37.257972,3201,0x46,PUCCH,,,,,,,,,,,,,,,,,,2,111.8,"1.000,",,,,,,,,
2026-08-18T11:30:37.984634,3220,0x46,PUCCH,,,,,,,,,,,,,,,,,,1,-inf,"0.000,",,,,,,,,
2026-08-18T11:30:38.952661,3240,0x46,PUCCH,,,,,,,,,,,,,,,,,,1,-inf,"0.000,",,,,,,,,
2026-08-18T11:30:39.001437,3241,0x46,PUCCH,,,,,,,,,,,,,,,,,,2,111.8,"1.000,",,,,,,,,
2026-08-18T11:30:39.912738,3260,0x46,PUCCH,,,,,,,,,,,,,,,,,,1,-inf,"0.000,",,,,,,,,
2026-08-18T11:30:40.974420,3280,0x46,PUCCH,,,,,,,,,,,,,,,,,,1,-inf,"0.000,",,,,,,,,
2026-08-18T11:30:41.004553,3281,0x46,PUCCH,,,,,,,,,,,,,,,,,,2,111.8,"1.000,",,,,,,,,
2026-08-18T11:30:41.749881,3300,0x46,PUCCH,,,,,,,,,,,,,,,,,,1,-inf,"0.000,",,,,,,,,
2026-08-18T11:30:42.724441,3320,0x46,PUCCH,,,,,,,,,,,,,,,,,,1,-inf,"0.000,",,,,,,,,
2026-08-18T11:30:42.755195,3321,0x46,PUCCH,,,,,,,,,,,,,,,,,,2,111.8,"1.000,",,,,,,,,
2026-08-18T11:30:43.560751,3340,0x46,PUCCH,,,,,,,,,,,,,,,,,,1,-inf,"0.000,",,,,,,,,
2026-08-18T11:30:44.233089,3360,0x46,PUCCH,,,,,,,,,,,,,,,,,,1,-inf,"0.000,",,,,,,,,
2026-08-18T11:30:44.286913,3361,0x46,PUCCH,,,,,,,,,,,,,,,,,,2,111.8,"1.000,",,,,,,,,
2026-08-18T11:30:45.030088,3380,0x46,PUCCH,,,,,,,,,,,,,,,,,,1,-inf,"0.000,",,,,,,,,
2026-08-18T11:30:45.933227,3400,0x46,PUCCH,,,,,,,,,,,,,,,,,,1,-inf,"0.000,",,,,,,,,
2026-08-18T11:30:45.966701,3401,0x46,PUCCH,,,,,,,,,,,,,,,,,,2,111.8,"1.000,",,,,,,,,
2026-08-18T11:30:46.927719,3420,0x46,PUCCH,,,,,,,,,,,,,,,,,,1,-inf,"0.000,",,,,,,,,
2026-08-18T11:30:47.539800,3440,0x46,PUCCH,,,,,,,,,,,,,,,,,,1,-inf,"0.000,",,,,,,,,
2026-08-18T11:30:47.603507,3441,0x46,PUCCH,,,,,,,,,,,,,,,,,,2,111.8,"1.000,",,,,,,,,
2026-08-18T11:30:48.621706,3460,0x46,PUCCH,,,,,,,,,,,,,,,,,,1,-inf,"0.000,",,,,,,,,
2026-08-18T11:30:49.486384,3480,0x46,PUCCH,,,,,,,,,,,,,,,,,,1,-inf,"0.000,",,,,,,,,
2026-08-18T11:30:49.517587,3481,0x46,PUCCH,,,,,,,,,,,,,,,,,,2,111.8,"1.000,",,,,,,,,
2026-08-18T11:30:50.375390,3500,0x46,PUCCH,,,,,,,,,,,,,,,,,,1,-inf,"0.000,",,,,,,,,
2026-08-18T11:30:50.984012,3520,0x46,PUCCH,,,,,,,,,,,,,,,,,,1,-inf,"0.000,",,,,,,,,
2026-08-18T11:30:51.007108,3521,0x46,PUCCH,,,,,,,,,,,,,,,,,,2,111.8,"1.000,",,,,,,,,
2026-08-18T11:30:51.605438,3540,0x46,PUCCH,,,,,,,,,,,,,,,,,,1,-inf,"0.000,",,,,,,,,
2026-08-18T11:30:52.238790,3560,0x46,PUCCH,,,,,,,,,,,,,,,,,,1,-inf,"0.000,",,,,,,,,
2026-08-18T11:30:52.278568,3561,0x46,PUCCH,,,,,,,,,,,,,,,,,,2,111.8,"1.000,",,,,,,,,
2026-08-18T11:30:52.983975,3580,0x46,PUCCH,,,,,,,,,,,,,,,,,,1,-inf,"0.000,",,,,,,,,
2026-08-18T11:30:53.664230,3600,0x46,PUCCH,,,,,,,,,,,,,,,,,,1,-inf,"0.000,",,,,,,,,
2026-08-18T11:30:53.721257,3601,0x46,PUCCH,,,,,,,,,,,,,,,,,,2,111.8,"1.000,",,,,,,,,
2026-08-18T11:30:54.405418,3620,0x46,PUCCH,,,,,,,,,,,,,,,,,,1,-inf,"0.000,",,,,,,,,
2026-08-18T11:30:55.327398,3640,0x46,PUCCH,,,,,,,,,,,,,,,,,,1,-inf,"0.000,",,,,,,,,
2026-08-18T11:30:55.363022,3641,0x46,PUCCH,,,,,,,,,,,,,,,,,,2,111.8,"1.000,",,,,,,,,
2026-08-18T11:30:56.124075,3660,0x46,PUCCH,,,,,,,,,,,,,,,,,,1,-inf,"0.000,",,,,,,,,
2026-08-18T11:30:56.853827,3680,0x46,PUCCH,,,,,,,,,,,,,,,,,,1,-inf,"0.000,",,,,,,,,
2026-08-18T11:30:56.888860,3681,0x46,PUCCH,,,,,,,,,,,,,,,,,,2,111.8,"1.000,",,,,,,,,
2026-08-18T11:30:57.577226,3700,0x46,PUCCH,,,,,,,,,,,,,,,,,,1,-inf,"0.000,",,,,,,,,
2026-08-18T11:30:58.377432,3720,0x46,PUCCH,,,,,,,,,,,,,,,,,,1,-inf,"0.000,",,,,,,,,
2026-08-18T11:30:58.409061,3721,0x46,PUCCH,,,,,,,,,,,,,,,,,,2,111.8,"1.000,",,,,,,,,
2026-08-18T11:30:59.202834,3740,0x46,PUCCH,,,,,,,,,,,,,,,,,,1,-inf,"0.000,",,,,,,,,
2026-08-18T11:30:59.963677,3760,0x46,PUCCH,,,,,,,,,,,,,,,,,,1,-inf,"0.000,",,,,,,,,
2026-08-18T11:30:59.993337,3761,0x46,PUCCH,,,,,,,,,,,,,,,,,,2,111.8,"1.000,",,,,,,,,
2026-08-18T11:31:00.606945,3780,0x46,PUCCH,,,,,,,,,,,,,,,,,,1,-inf,"0.000,",,,,,,,,
2026-08-18T11:31:01.306247,3800,0x46,PUCCH,,,,,,,,,,,,,,,,,,1,-inf,"0.000,",,,,,,,,
2026-08-18T11:31:01.334596,3801,0x46,PUCCH,,,,,,,,,,,,,,,,,,2,111.8,"1.000,",,,,,,,,
2026-08-18T11:31:02.148582,3820,0x46,PUCCH,,,,,,,,,,,,,,,,,,1,-inf,"0.000,",,,,,,,,
2026-08-18T11:31:03.185400,3840,0x46,PUCCH,,,,,,,,,,,,,,,,,,1,-inf,"0.000,",,,,,,,,
2026-08-18T11:31:03.235245,3841,0x46,PUCCH,,,,,,,,,,,,,,,,,,2,111.8,"1.000,",,,,,,,,
2026-08-18T11:31:03.919769,3860,0x46,PUCCH,,,,,,,,,,,,,,,,,,1,-inf,"0.000,",,,,,,,,
2026-08-18T11:31:04.744740,3880,0x46,PUCCH,,,,,,,,,,,,,,,,,,1,-inf,"0.000,",,,,,,,,
2026-08-18T11:31:04.786592,3881,0x46,PUCCH,,,,,,,,,,,,,,,,,,2,111.8,"1.000,",,,,,,,,
2026-08-18T11:31:05.439692,3900,0x46,PUCCH,,,,,,,,,,,,,,,,,,1,-inf,"0.000,",,,,,,,,
2026-08-18T11:31:06.149303,3920,0x46,PUCCH,,,,,,,,,,,,,,,,,,1,-inf,"0.000,",,,,,,,,
2026-08-18T11:31:06.178471,3921,0x46,PUCCH,,,,,,,,,,,,,,,,,,2,111.8,"1.000,",,,,,,,,
2026-08-18T11:31:07.096439,3940,0x46,PUCCH,,,,,,,,,,,,,,,,,,1,-inf,"0.000,",,,,,,,,
2026-08-18T11:31:08.006295,3960,0x46,PUCCH,,,,,,,,,,,,,,,,,,1,-inf,"0.000,",,,,,,,,
2026-08-18T11:31:08.033261,3961,0x46,PUCCH,,,,,,,,,,,,,,,,,,2,111.8,"1.000,",,,,,,,,
2026-08-18T11:31:08.602380,3980,0x46,PUCCH,,,,,,,,,,,,,,,,,,1,-inf,"0.000,",,,,,,,,
2026-08-18T11:31:09.117149,4000,0x46,PUCCH,,,,,,,,,,,,,,,,,,1,-inf,"0.000,",,,,,,,,
2026-08-18T11:31:09.147521,4001,0x46,PUCCH,,,,,,,,,,,,,,,,,,2,111.8,"1.000,",,,,,,,,
2026-08-18T11:31:09.681920,4020,0x46,PUCCH,,,,,,,,,,,,,,,,,,1,-inf,"0.000,",,,,,,,,
2026-08-18T11:31:10.661979,4040,0x46,PUCCH,,,,,,,,,,,,,,,,,,1,-inf,"0.000,",,,,,,,,
2026-08-18T11:31:10.705687,4041,0x46,PUCCH,,,,,,,,,,,,,,,,,,2,111.8,"1.000,",,,,,,,,
2026-08-18T11:31:11.302297,4060,0x46,PUCCH,,,,,,,,,,,,,,,,,,1,-inf,"0.000,",,,,,,,,
2026-08-18T11:31:12.057935,4080,0x46,PUCCH,,,,,,,,,,,,,,,,,,1,-inf,"0.000,",,,,,,,,
2026-08-18T11:31:12.089604,4081,0x46,PUCCH,,,,,,,,,,,,,,,,,,2,111.8,"1.000,",,,,,,,,
2026-08-18T11:31:12.887345,4100,0x46,PUCCH,,,,,,,,,,,,,,,,,,1,-inf,"0.000,",,,,,,,,
2026-08-18T11:31:14.021462,4120,0x46,PUCCH,,,,,,,,,,,,,,,,,,1,-inf,"0.000,",,,,,,,,
2026-08-18T11:31:14.092354,4121,0x46,PUCCH,,,,,,,,,,,,,,,,,,2,111.8,"1.000,",,,,,,,,
2026-08-18T11:31:15.132407,4140,0x46,PUCCH,,,,,,,,,,,,,,,,,,1,-inf,"0.000,",,,,,,,,
2026-08-18T11:31:15.963836,4160,0x46,PUCCH,,,,,,,,,,,,,,,,,,1,-inf,"0.000,",,,,,,,,
2026-08-18T11:31:16.018021,4161,0x46,PUCCH,,,,,,,,,,,,,,,,,,2,111.8,"1.000,",,,,,,,,
2026-08-18T11:31:16.956963,4180,0x46,PUCCH,,,,,,,,,,,,,,,,,,1,-inf,"0.000,",,,,,,,,
2026-08-18T11:31:17.856967,4200,0x46,PUCCH,,,,,,,,,,,,,,,,,,1,-inf,"0.000,",,,,,,,,
2026-08-18T11:31:17.969729,4201,0x46,PUCCH,,,,,,,,,,,,,,,,,,2,111.8,"1.000,",,,,,,,,
2026-08-18T11:31:19.142560,4220,0x46,PUCCH,,,,,,,,,,,,,,,,,,1,-inf,"0.000,",,,,,,,,
2026-08-18T11:31:19.770966,4240,0x46,PUCCH,,,,,,,,,,,,,,,,,,1,-inf,"0.000,",,,,,,,,
2026-08-18T11:31:19.791724,4241,0x46,PUCCH,,,,,,,,,,,,,,,,,,2,111.8,"1.000,",,,,,,,,
2026-08-18T11:31:20.751445,4260,0x46,PUCCH,,,,,,,,,,,,,,,,,,1,-inf,"0.000,",,,,,,,,
2026-08-18T11:31:21.543207,4280,0x46,PUCCH,,,,,,,,,,,,,,,,,,1,-inf,"0.000,",,,,,,,,
2026-08-18T11:31:21.581965,4281,0x46,PUCCH,,,,,,,,,,,,,,,,,,2,111.8,"1.000,",,,,,,,,
2026-08-18T11:31:22.267154,4300,0x46,PUCCH,,,,,,,,,,,,,,,,,,1,-inf,"0.000,",,,,,,,,
2026-08-18T11:31:23.222075,4320,0x46,PUCCH,,,,,,,,,,,,,,,,,,1,-inf,"0.000,",,,,,,,,
2026-08-18T11:31:23.254918,4321,0x46,PUCCH,,,,,,,,,,,,,,,,,,2,111.8,"1.000,",,,,,,,,
2026-08-18T11:31:24.060600,4340,0x46,PUCCH,,,,,,,,,,,,,,,,,,1,-inf,"0.000,",,,,,,,,
2026-08-18T11:31:24.760589,4360,0x46,PUCCH,,,,,,,,,,,,,,,,,,1,-inf,"0.000,",,,,,,,,
2026-08-18T11:31:24.799325,4361,0x46,PUCCH,,,,,,,,,,,,,,,,,,2,111.8,"1.000,",,,,,,,,
2026-08-18T11:31:25.412912,4380,0x46,PUCCH,,,,,,,,,,,,,,,,,,1,-inf,"0.000,",,,,,,,,
2026-08-18T11:31:26.130670,4400,0x46,PUCCH,,,,,,,,,,,,,,,,,,1,-inf,"0.000,",,,,,,,,
2026-08-18T11:31:26.161333,4401,0x46,PUCCH,,,,,,,,,,,,,,,,,,2,111.8,"1.000,",,,,,,,,
2026-08-18T11:31:26.769218,4420,0x46,PUCCH,,,,,,,,,,,,,,,,,,1,-inf,"0.000,",,,,,,,,
2026-08-18T11:31:27.385845,4440,0x46,PUCCH,,,,,,,,,,,,,,,,,,1,-inf,"0.000,",,,,,,,,
2026-08-18T11:31:27.414264,4441,0x46,PUCCH,,,,,,,,,,,,,,,,,,2,111.8,"1.000,",,,,,,,,
2026-08-18T11:31:28.087785,4460,0x46,PUCCH,,,,,,,,,,,,,,,,,,1,-inf,"0.000,",,,,,,,,
2026-08-18T11:31:28.940673,4480,0x46,PUCCH,,,,,,,,,,,,,,,,,,1,-inf,"0.000,",,,,,,,,
2026-08-18T11:31:29.206009,4481,0x46,PUCCH,,,,,,,,,,,,,,,,,,2,111.8,"1.000,",,,,,,,,
2026-08-18T11:31:29.795241,4500,0x46,PUCCH,,,,,,,,,,,,,,,,,,1,-inf,"0.000,",,,,,,,,
2026-08-18T11:31:30.483499,4520,0x46,PUCCH,,,,,,,,,,,,,,,,,,1,-inf,"0.000,",,,,,,,,
2026-08-18T11:31:30.515339,4521,0x46,PUCCH,,,,,,,,,,,,,,,,,,2,111.8,"1.000,",,,,,,,,
2026-08-18T11:31:31.123553,4540,0x46,PUCCH,,,,,,,,,,,,,,,,,,1,-inf,"0.000,",,,,,,,,
2026-08-18T11:31:31.864860,4560,0x46,PUCCH,,,,,,,,,,,,,,,,,,1,-inf,"0.000,",,,,,,,,
2026-08-18T11:31:31.921968,4561,0x46,PUCCH,,,,,,,,,,,,,,,,,,2,111.8,"1.000,",,,,,,,,
2026-08-18T11:31:32.507367,4580,0x46,PUCCH,,,,,,,,,,,,,,,,,,1,-inf,"0.000,",,,,,,,,
2026-08-18T11:31:33.306657,4600,0x46,PUCCH,,,,,,,,,,,,,,,,,,1,-inf,"0.000,",,,,,,,,
2026-08-18T11:31:33.346557,4601,0x46,PUCCH,,,,,,,,,,,,,,,,,,2,111.8,"1.000,",,,,,,,,
2026-08-18T11:31:34.125428,4620,0x46,PUCCH,,,,,,,,,,,,,,,,,,1,-inf,"0.000,",,,,,,,,
2026-08-18T11:31:34.839184,4640,0x46,PUCCH,,,,,,,,,,,,,,,,,,1,-inf,"0.000,",,,,,,,,
2026-08-18T11:31:34.873065,4641,0x46,PUCCH,,,,,,,,,,,,,,,,,,2,111.8,"1.000,",,,,,,,,
2026-08-18T11:31:35.484538,4660,0x46,PUCCH,,,,,,,,,,,,,,,,,,1,-inf,"0.000,",,,,,,,,
2026-08-18T11:31:36.161284,4680,0x46,PUCCH,,,,,,,,,,,,,,,,,,1,-inf,"0.000,",,,,,,,,
2026-08-18T11:31:36.189820,4681,0x46,PUCCH,,,,,,,,,,,,,,,,,,2,111.8,"1.000,",,,,,,,,
2026-08-18T11:31:37.153301,4700,0x46,PUCCH,,,,,,,,,,,,,,,,,,1,-inf,"0.000,",,,,,,,,
2026-08-18T11:31:37.862820,4720,0x46,PUCCH,,,,,,,,,,,,,,,,,,1,-inf,"0.000,",,,,,,,,
2026-08-18T11:31:37.884362,4721,0x46,PUCCH,,,,,,,,,,,,,,,,,,2,111.8,"1.000,",,,,,,,,
2026-08-18T11:31:38.436117,4740,0x46,PUCCH,,,,,,,,,,,,,,,,,,1,-inf,"0.000,",,,,,,,,
2026-08-18T11:31:39.001121,4760,0x46,PUCCH,,,,,,,,,,,,,,,,,,1,-inf,"0.000,",,,,,,,,
2026-08-18T11:31:39.020436,4761,0x46,PUCCH,,,,,,,,,,,,,,,,,,2,111.8,"1.000,",,,,,,,,
2026-08-18T11:31:39.586985,4780,0x46,PUCCH,,,,,,,,,,,,,,,,,,1,-inf,"0.000,",,,,,,,,
2026-08-18T11:31:40.184672,4800,0x46,PUCCH,,,,,,,,,,,,,,,,,,1,-inf,"0.000,",,,,,,,,
2026-08-18T11:31:40.240933,4801,0x46,PUCCH,,,,,,,,,,,,,,,,,,2,111.8,"1.000,",,,,,,,,
2026-08-18T11:31:40.958151,4820,0x46,PUCCH,,,,,,,,,,,,,,,,,,1,-inf,"0.000,",,,,,,,,
2026-08-18T11:31:41.775582,4840,0x46,PUCCH,,,,,,,,,,,,,,,,,,1,-inf,"0.000,",,,,,,,,
2026-08-18T11:31:41.810189,4841,0x46,PUCCH,,,,,,,,,,,,,,,,,,2,111.8,"1.000,",,,,,,,,
2026-08-18T11:31:42.506404,4860,0x46,PUCCH,,,,,,,,,,,,,,,,,,1,-inf,"0.000,",,,,,,,,
2026-08-18T11:31:43.212996,4880,0x46,PUCCH,,,,,,,,,,,,,,,,,,1,-inf,"0.000,",,,,,,,,
2026-08-18T11:31:43.250661,4881,0x46,PUCCH,,,,,,,,,,,,,,,,,,2,111.8,"1.000,",,,,,,,,
2026-08-18T11:31:43.913355,4900,0x46,PUCCH,,,,,,,,,,,,,,,,,,1,-inf,"0.000,",,,,,,,,
2026-08-18T11:31:44.670412,4920,0x46,PUCCH,,,,,,,,,,,,,,,,,,1,-inf,"0.000,",,,,,,,,
2026-08-18T11:31:44.701212,4921,0x46,PUCCH,,,,,,,,,,,,,,,,,,2,111.8,"1.000,",,,,,,,,
2026-08-18T11:31:45.317764,4940,0x46,PUCCH,,,,,,,,,,,,,,,,,,1,-inf,"0.000,",,,,,,,,
2026-08-18T11:31:46.003608,4960,0x46,PUCCH,,,,,,,,,,,,,,,,,,1,-inf,"0.000,",,,,,,,,
2026-08-18T11:31:46.031896,4961,0x46,PUCCH,,,,,,,,,,,,,,,,,,2,111.8,"1.000,",,,,,,,,
2026-08-18T11:31:46.638918,4980,0x46,PUCCH,,,,,,,,,,,,,,,,,,1,-inf,"0.000,",,,,,,,,
2026-08-18T11:31:47.347601,5000,0x46,PUCCH,,,,,,,,,,,,,,,,,,1,-inf,"0.000,",,,,,,,,
2026-08-18T11:31:47.386220,5001,0x46,PUCCH,,,,,,,,,,,,,,,,,,2,111.8,"1.000,",,,,,,,,
2026-08-18T11:31:48.040015,5020,0x46,PUCCH,,,,,,,,,,,,,,,,,,1,-inf,"0.000,",,,,,,,,
2026-08-18T11:31:48.776432,5040,0x46,PUCCH,,,,,,,,,,,,,,,,,,1,-inf,"0.000,",,,,,,,,
2026-08-18T11:31:48.806388,5041,0x46,PUCCH,,,,,,,,,,,,,,,,,,2,111.8,"1.000,",,,,,,,,
2026-08-18T11:31:49.534763,5060,0x46,PUCCH,,,,,,,,,,,,,,,,,,1,-inf,"0.000,",,,,,,,,
2026-08-18T11:31:50.403986,5080,0x46,PUCCH,,,,,,,,,,,,,,,,,,1,-inf,"0.000,",,,,,,,,
2026-08-18T11:31:50.440223,5081,0x46,PUCCH,,,,,,,,,,,,,,,,,,2,111.8,"1.000,",,,,,,,,
2026-08-18T11:31:51.299802,5100,0x46,PUCCH,,,,,,,,,,,,,,,,,,1,-inf,"0.000,",,,,,,,,
2026-08-18T11:31:52.022819,5120,0x46,PUCCH,,,,,,,,,,,,,,,,,,1,-inf,"0.000,",,,,,,,,
2026-08-18T11:31:52.052584,5121,0x46,PUCCH,,,,,,,,,,,,,,,,,,2,111.8,"1.000,",,,,,,,,
2026-08-18T11:31:52.733703,5140,0x46,PUCCH,,,,,,,,,,,,,,,,,,1,-inf,"0.000,",,,,,,,,
2026-08-18T11:31:53.426094,5160,0x46,PUCCH,,,,,,,,,,,,,,,,,,1,-inf,"0.000,",,,,,,,,
2026-08-18T11:31:53.457853,5161,0x46,PUCCH,,,,,,,,,,,,,,,,,,2,111.8,"1.000,",,,,,,,,
2026-08-18T11:31:54.309152,5180,0x46,PUCCH,,,,,,,,,,,,,,,,,,1,-inf,"0.000,",,,,,,,,
2026-08-18T11:31:55.219506,5200,0x46,PUCCH,,,,,,,,,,,,,,,,,,1,-inf,"0.000,",,,,,,,,
2026-08-18T11:31:55.249632,5201,0x46,PUCCH,,,,,,,,,,,,,,,,,,2,111.8,"1.000,",,,,,,,,
2026-08-18T11:31:55.933658,5220,0x46,PUCCH,,,,,,,,,,,,,,,,,,1,-inf,"0.000,",,,,,,,,
2026-08-18T11:31:56.613240,5240,0x46,PUCCH,,,,,,,,,,,,,,,,,,1,-inf,"0.000,",,,,,,,,
2026-08-18T11:31:56.639641,5241,0x46,PUCCH,,,,,,,,,,,,,,,,,,2,111.8,"1.000,",,,,,,,,
2026-08-18T11:31:57.126313,5260,0x46,PUCCH,,,,,,,,,,,,,,,,,,1,-inf,"0.000,",,,,,,,,
2026-08-18T11:31:57.914549,5280,0x46,PUCCH,,,,,,,,,,,,,,,,,,1,-inf,"0.000,",,,,,,,,
2026-08-18T11:31:57.948159,5281,0x46,PUCCH,,,,,,,,,,,,,,,,,,2,111.8,"1.000,",,,,,,,,
2026-08-18T11:31:58.520806,5300,0x46,PUCCH,,,,,,,,,,,,,,,,,,1,-inf,"0.000,",,,,,,,,
2026-08-18T11:31:59.358857,5320,0x46,PUCCH,,,,,,,,,,,,,,,,,,1,-inf,"0.000,",,,,,,,,
2026-08-18T11:31:59.389830,5321,0x46,PUCCH,,,,,,,,,,,,,,,,,,2,111.8,"1.000,",,,,,,,,
2026-08-18T11:31:59.943698,5340,0x46,PUCCH,,,,,,,,,,,,,,,,,,1,-inf,"0.000,",,,,,,,,
2026-08-18T11:32:00.801632,5360,0x46,PUCCH,,,,,,,,,,,,,,,,,,1,-inf,"0.000,",,,,,,,,
2026-08-18T11:32:00.833155,5361,0x46,PUCCH,,,,,,,,,,,,,,,,,,2,111.8,"1.000,",,,,,,,,
2026-08-18T11:32:01.415609,5380,0x46,PUCCH,,,,,,,,,,,,,,,,,,1,-inf,"0.000,",,,,,,,,
2026-08-18T11:32:02.137314,5400,0x46,PUCCH,,,,,,,,,,,,,,,,,,1,-inf,"0.000,",,,,,,,,
2026-08-18T11:32:02.176404,5401,0x46,PUCCH,,,,,,,,,,,,,,,,,,2,111.8,"1.000,",,,,,,,,
2026-08-18T11:32:02.781758,5420,0x46,PUCCH,,,,,,,,,,,,,,,,,,1,-inf,"0.000,",,,,,,,,
2026-08-18T11:32:03.581461,5440,0x46,PUCCH,,,,,,,,,,,,,,,,,,1,-inf,"0.000,",,,,,,,,
2026-08-18T11:32:03.625319,5441,0x46,PUCCH,,,,,,,,,,,,,,,,,,2,111.8,"1.000,",,,,,,,,
2026-08-18T11:32:04.543484,5460,0x46,PUCCH,,,,,,,,,,,,,,,,,,1,-inf,"0.000,",,,,,,,,
2026-08-18T11:32:05.239744,5480,0x46,PUCCH,,,,,,,,,,,,,,,,,,1,-inf,"0.000,",,,,,,,,
2026-08-18T11:32:05.289030,5481,0x46,PUCCH,,,,,,,,,,,,,,,,,,2,111.8,"1.000,",,,,,,,,
2026-08-18T11:32:05.992304,5500,0x46,PUCCH,,,,,,,,,,,,,,,,,,1,-inf,"0.000,",,,,,,,,
2026-08-18T11:32:06.869459,5520,0x46,PUCCH,,,,,,,,,,,,,,,,,,1,-inf,"0.000,",,,,,,,,
2026-08-18T11:32:06.916372,5521,0x46,PUCCH,,,,,,,,,,,,,,,,,,2,111.8,"1.000,",,,,,,,,
2026-08-18T11:32:07.626944,5540,0x46,PUCCH,,,,,,,,,,,,,,,,,,1,-inf,"0.000,",,,,,,,,
2026-08-18T11:32:08.390036,5560,0x46,PUCCH,,,,,,,,,,,,,,,,,,1,-inf,"0.000,",,,,,,,,
2026-08-18T11:32:08.442531,5561,0x46,PUCCH,,,,,,,,,,,,,,,,,,2,111.8,"1.000,",,,,,,,,
2026-08-18T11:32:09.026006,5580,0x46,PUCCH,,,,,,,,,,,,,,,,,,1,-inf,"0.000,",,,,,,,,
2026-08-18T11:32:09.811298,5600,0x46,PUCCH,,,,,,,,,,,,,,,,,,1,-inf,"0.000,",,,,,,,,
2026-08-18T11:32:09.846098,5601,0x46,PUCCH,,,,,,,,,,,,,,,,,,2,111.8,"1.000,",,,,,,,,
2026-08-18T11:32:10.528443,5620,0x46,PUCCH,,,,,,,,,,,,,,,,,,1,-inf,"0.000,",,,,,,,,
2026-08-18T11:32:11.143584,5640,0x46,PUCCH,,,,,,,,,,,,,,,,,,1,-inf,"0.000,",,,,,,,,
2026-08-18T11:32:11.171520,5641,0x46,PUCCH,,,,,,,,,,,,,,,,,,2,111.8,"1.000,",,,,,,,,
2026-08-18T11:32:11.850233,5660,0x46,PUCCH,,,,,,,,,,,,,,,,,,1,-inf,"0.000,",,,,,,,,
2026-08-18T11:32:12.757857,5680,0x46,PUCCH,,,,,,,,,,,,,,,,,,1,-inf,"0.000,",,,,,,,,
2026-08-18T11:32:12.786662,5681,0x46,PUCCH,,,,,,,,,,,,,,,,,,2,111.8,"1.000,",,,,,,,,
2026-08-18T11:32:13.417922,5700,0x46,PUCCH,,,,,,,,,,,,,,,,,,1,-inf,"0.000,",,,,,,,,
2026-08-18T11:32:14.192412,5720,0x46,PUCCH,,,,,,,,,,,,,,,,,,1,-inf,"0.000,",,,,,,,,
2026-08-18T11:32:14.225035,5721,0x46,PUCCH,,,,,,,,,,,,,,,,,,2,111.8,"1.000,",,,,,,,,
2026-08-18T11:32:14.827703,5740,0x46,PUCCH,,,,,,,,,,,,,,,,,,1,-inf,"0.000,",,,,,,,,
2026-08-18T11:32:15.523468,5760,0x46,PUCCH,,,,,,,,,,,,,,,,,,1,-inf,"0.000,",,,,,,,,
2026-08-18T11:32:15.600284,5761,0x46,PUCCH,,,,,,,,,,,,,,,,,,2,111.8,"1.000,",,,,,,,,
2026-08-18T11:32:16.474732,5780,0x46,PUCCH,,,,,,,,,,,,,,,,,,1,-inf,"0.000,",,,,,,,,
2026-08-18T11:32:17.363581,5800,0x46,PUCCH,,,,,,,,,,,,,,,,,,1,-inf,"0.000,",,,,,,,,
2026-08-18T11:32:17.403563,5801,0x46,PUCCH,,,,,,,,,,,,,,,,,,2,111.8,"1.000,",,,,,,,,
2026-08-18T11:32:18.153347,5820,0x46,PUCCH,,,,,,,,,,,,,,,,,,1,-inf,"0.000,",,,,,,,,
2026-08-18T11:32:18.724289,5840,0x46,PUCCH,,,,,,,,,,,,,,,,,,1,-inf,"0.000,",,,,,,,,
2026-08-18T11:32:18.768738,5841,0x46,PUCCH,,,,,,,,,,,,,,,,,,2,111.8,"1.000,",,,,,,,,
2026-08-18T11:32:19.447112,5860,0x46,PUCCH,,,,,,,,,,,,,,,,,,1,-inf,"0.000,",,,,,,,,
2026-08-18T11:32:20.180936,5880,0x46,PUCCH,,,,,,,,,,,,,,,,,,1,-inf,"0.000,",,,,,,,,
2026-08-18T11:32:20.212581,5881,0x46,PUCCH,,,,,,,,,,,,,,,,,,2,111.8,"1.000,",,,,,,,,
2026-08-18T11:32:20.768912,5900,0x46,PUCCH,,,,,,,,,,,,,,,,,,1,-inf,"0.000,",,,,,,,,
2026-08-18T11:32:21.357870,5920,0x46,PUCCH,,,,,,,,,,,,,,,,,,1,-inf,"0.000,",,,,,,,,
2026-08-18T11:32:21.382257,5921,0x46,PUCCH,,,,,,,,,,,,,,,,,,2,111.8,"1.000,",,,,,,,,
2026-08-18T11:32:21.829572,5940,0x46,PUCCH,,,,,,,,,,,,,,,,,,1,-inf,"0.000,",,,,,,,,
2026-08-18T11:32:22.412898,5960,0x46,PUCCH,,,,,,,,,,,,,,,,,,1,-inf,"0.000,",,,,,,,,
2026-08-18T11:32:22.451170,5961,0x46,PUCCH,,,,,,,,,,,,,,,,,,2,111.8,"1.000,",,,,,,,,
2026-08-18T11:32:23.162091,5980,0x46,PUCCH,,,,,,,,,,,,,,,,,,1,-inf,"0.000,",,,,,,,,
2026-08-18T11:32:23.837836,6000,0x46,PUCCH,,,,,,,,,,,,,,,,,,1,-inf,"0.000,",,,,,,,,
2026-08-18T11:32:23.866995,6001,0x46,PUCCH,,,,,,,,,,,,,,,,,,2,111.8,"1.000,",,,,,,,,
2026-08-18T11:32:24.460453,6020,0x46,PUCCH,,,,,,,,,,,,,,,,,,1,-inf,"0.000,",,,,,,,,
2026-08-18T11:32:25.309621,6040,0x46,PUCCH,,,,,,,,,,,,,,,,,,1,-inf,"0.000,",,,,,,,,
2026-08-18T11:32:25.338499,6041,0x46,PUCCH,,,,,,,,,,,,,,,,,,2,111.8,"1.000,",,,,,,,,
2026-08-18T11:32:26.201907,6060,0x46,PUCCH,,,,,,,,,,,,,,,,,,1,-inf,"0.000,",,,,,,,,
2026-08-18T11:32:27.121729,6080,0x46,PUCCH,,,,,,,,,,,,,,,,,,1,-inf,"0.000,",,,,,,,,
2026-08-18T11:32:27.152027,6081,0x46,PUCCH,,,,,,,,,,,,,,,,,,2,111.8,"1.000,",,,,,,,,
2026-08-18T11:32:27.802947,6100,0x46,PUCCH,,,,,,,,,,,,,,,,,,1,-inf,"0.000,",,,,,,,,
2026-08-18T11:32:28.660353,6120,0x46,PUCCH,,,,,,,,,,,,,,,,,,1,-inf,"0.000,",,,,,,,,
2026-08-18T11:32:28.709605,6121,0x46,PUCCH,,,,,,,,,,,,,,,,,,2,111.8,"1.000,",,,,,,,,
2026-08-18T11:32:29.403490,6140,0x46,PUCCH,,,,,,,,,,,,,,,,,,1,-inf,"0.000,",,,,,,,,
2026-08-18T11:32:30.104029,6160,0x46,PUCCH,,,,,,,,,,,,,,,,,,1,-inf,"0.000,",,,,,,,,
2026-08-18T11:32:30.166634,6161,0x46,PUCCH,,,,,,,,,,,,,,,,,,2,111.8,"1.000,",,,,,,,,
2026-08-18T11:32:31.111840,6180,0x46,PUCCH,,,,,,,,,,,,,,,,,,1,-inf,"0.000,",,,,,,,,
2026-08-18T11:32:32.142838,6200,0x46,PUCCH,,,,,,,,,,,,,,,,,,1,-inf,"0.000,",,,,,,,,
2026-08-18T11:32:32.188942,6201,0x46,PUCCH,,,,,,,,,,,,,,,,,,2,111.8,"1.000,",,,,,,,,
2026-08-18T11:32:33.079828,6220,0x46,PUCCH,,,,,,,,,,,,,,,,,,1,-inf,"0.000,",,,,,,,,
2026-08-18T11:32:33.760334,6240,0x46,PUCCH,,,,,,,,,,,,,,,,,,1,-inf,"0.000,",,,,,,,,
2026-08-18T11:32:33.786961,6241,0x46,PUCCH,,,,,,,,,,,,,,,,,,2,111.8,"1.000,",,,,,,,,
2026-08-18T11:32:34.457754,6260,0x46,PUCCH,,,,,,,,,,,,,,,,,,1,-inf,"0.000,",,,,,,,,
2026-08-18T11:32:35.195867,6280,0x46,PUCCH,,,,,,,,,,,,,,,,,,1,-inf,"0.000,",,,,,,,,
2026-08-18T11:32:35.228018,6281,0x46,PUCCH,,,,,,,,,,,,,,,,,,2,111.8,"1.000,",,,,,,,,
2026-08-18T11:32:35.783367,6300,0x46,PUCCH,,,,,,,,,,,,,,,,,,1,-inf,"0.000,",,,,,,,,
2026-08-18T11:32:36.643816,6320,0x46,PUCCH,,,,,,,,,,,,,,,,,,1,-inf,"0.000,",,,,,,,,
2026-08-18T11:32:36.687913,6321,0x46,PUCCH,,,,,,,,,,,,,,,,,,2,111.8,"1.000,",,,,,,,,
2026-08-18T11:32:37.325684,6340,0x46,PUCCH,,,,,,,,,,,,,,,,,,1,-inf,"0.000,",,,,,,,,
2026-08-18T11:32:38.153584,6360,0x46,PUCCH,,,,,,,,,,,,,,,,,,1,-inf,"0.000,",,,,,,,,
2026-08-18T11:32:38.207192,6361,0x46,PUCCH,,,,,,,,,,,,,,,,,,2,111.8,"1.000,",,,,,,,,
2026-08-18T11:32:39.096367,6380,0x46,PUCCH,,,,,,,,,,,,,,,,,,1,-inf,"0.000,",,,,,,,,
2026-08-18T11:32:39.904057,6400,0x46,PUCCH,,,,,,,,,,,,,,,,,,1,-inf,"0.000,",,,,,,,,
2026-08-18T11:32:39.939708,6401,0x46,PUCCH,,,,,,,,,,,,,,,,,,2,111.8,"1.000,",,,,,,,,
2026-08-18T11:32:40.754125,6420,0x46,PUCCH,,,,,,,,,,,,,,,,,,1,-inf,"0.000,",,,,,,,,
2026-08-18T11:32:41.340581,6440,0x46,PUCCH,,,,,,,,,,,,,,,,,,1,-inf,"0.000,",,,,,,,,
2026-08-18T11:32:41.371570,6441,0x46,PUCCH,,,,,,,,,,,,,,,,,,2,111.8,"1.000,",,,,,,,,
2026-08-18T11:32:42.062824,6460,0x46,PUCCH,,,,,,,,,,,,,,,,,,1,-inf,"0.000,",,,,,,,,
2026-08-18T11:32:42.733424,6480,0x46,PUCCH,,,,,,,,,,,,,,,,,,1,-inf,"0.000,",,,,,,,,
2026-08-18T11:32:42.765203,6481,0x46,PUCCH,,,,,,,,,,,,,,,,,,2,111.8,"1.000,",,,,,,,,
2026-08-18T11:32:43.431514,6500,0x46,PUCCH,,,,,,,,,,,,,,,,,,1,-inf,"0.000,",,,,,,,,
2026-08-18T11:32:43.890898,6520,0x46,PUCCH,,,,,,,,,,,,,,,,,,1,-inf,"0.000,",,,,,,,,
2026-08-18T11:32:43.914806,6521,0x46,PUCCH,,,,,,,,,,,,,,,,,,2,111.8,"1.000,",,,,,,,,
2026-08-18T11:32:44.512080,6540,0x46,PUCCH,,,,,,,,,,,,,,,,,,1,-inf,"0.000,",,,,,,,,
2026-08-18T11:32:45.286301,6560,0x46,PUCCH,,,,,,,,,,,,,,,,,,1,-inf,"0.000,",,,,,,,,
2026-08-18T11:32:45.328038,6561,0x46,PUCCH,,,,,,,,,,,,,,,,,,2,111.8,"1.000,",,,,,,,,
2026-08-18T11:32:46.038062,6580,0x46,PUCCH,,,,,,,,,,,,,,,,,,1,-inf,"0.000,",,,,,,,,
2026-08-18T11:32:46.828809,6600,0x46,PUCCH,,,,,,,,,,,,,,,,,,1,-inf,"0.000,",,,,,,,,
2026-08-18T11:32:46.859894,6601,0x46,PUCCH,,,,,,,,,,,,,,,,,,2,111.8,"1.000,",,,,,,,,
2026-08-18T11:32:47.576993,6620,0x46,PUCCH,,,,,,,,,,,,,,,,,,1,-inf,"0.000,",,,,,,,,
2026-08-18T11:32:48.226657,6640,0x46,PUCCH,,,,,,,,,,,,,,,,,,1,-inf,"0.000,",,,,,,,,
2026-08-18T11:32:48.257593,6641,0x46,PUCCH,,,,,,,,,,,,,,,,,,2,111.8,"1.000,",,,,,,,,
2026-08-18T11:32:48.756012,6660,0x46,PUCCH,,,,,,,,,,,,,,,,,,1,-inf,"0.000,",,,,,,,,
2026-08-18T11:32:49.424893,6680,0x46,PUCCH,,,,,,,,,,,,,,,,,,1,-inf,"0.000,",,,,,,,,
2026-08-18T11:32:49.465718,6681,0x46,PUCCH,,,,,,,,,,,,,,,,,,2,111.8,"1.000,",,,,,,,,
2026-08-18T11:32:50.008256,6700,0x46,PUCCH,,,,,,,,,,,,,,,,,,1,-inf,"0.000,",,,,,,,,
2026-08-18T11:32:50.558868,6720,0x46,PUCCH,,,,,,,,,,,,,,,,,,1,-inf,"0.000,",,,,,,,,
2026-08-18T11:32:50.596823,6721,0x46,PUCCH,,,,,,,,,,,,,,,,,,2,111.8,"1.000,",,,,,,,,
2026-08-18T11:32:51.344916,6740,0x46,PUCCH,,,,,,,,,,,,,,,,,,1,-inf,"0.000,",,,,,,,,
2026-08-18T11:32:51.932923,6760,0x46,PUCCH,,,,,,,,,,,,,,,,,,1,-inf,"0.000,",,,,,,,,
2026-08-18T11:32:51.985031,6761,0x46,PUCCH,,,,,,,,,,,,,,,,,,2,111.8,"1.000,",,,,,,,,
2026-08-18T11:32:52.732968,6780,0x46,PUCCH,,,,,,,,,,,,,,,,,,1,-inf,"0.000,",,,,,,,,
2026-08-18T11:32:53.459861,6800,0x46,PUCCH,,,,,,,,,,,,,,,,,,1,-inf,"0.000,",,,,,,,,
2026-08-18T11:32:53.480731,6801,0x46,PUCCH,,,,,,,,,,,,,,,,,,2,111.8,"1.000,",,,,,,,,
2026-08-18T11:32:54.048829,6820,0x46,PUCCH,,,,,,,,,,,,,,,,,,1,-inf,"0.000,",,,,,,,,
2026-08-18T11:32:54.823986,6840,0x46,PUCCH,,,,,,,,,,,,,,,,,,1,-inf,"0.000,",,,,,,,,
2026-08-18T11:32:54.856216,6841,0x46,PUCCH,,,,,,,,,,,,,,,,,,2,111.8,"1.000,",,,,,,,,
2026-08-18T11:32:55.497114,6860,0x46,PUCCH,,,,,,,,,,,,,,,,,,1,-inf,"0.000,",,,,,,,,
2026-08-18T11:32:56.073600,6880,0x46,PUCCH,,,,,,,,,,,,,,,,,,1,-inf,"0.000,",,,,,,,,
2026-08-18T11:32:56.100981,6881,0x46,PUCCH,,,,,,,,,,,,,,,,,,2,111.8,"1.000,",,,,,,,,
2026-08-18T11:32:56.639961,6900,0x46,PUCCH,,,,,,,,,,,,,,,,,,1,-inf,"0.000,",,,,,,,,
2026-08-18T11:32:57.280724,6920,0x46,PUCCH,,,,,,,,,,,,,,,,,,1,-inf,"0.000,",,,,,,,,
2026-08-18T11:32:57.319469,6921,0x46,PUCCH,,,,,,,,,,,,,,,,,,2,111.8,"1.000,",,,,,,,,
2026-08-18T11:32:57.892061,6940,0x46,PUCCH,,,,,,,,,,,,,,,,,,1,-inf,"0.000,",,,,,,,,
2026-08-18T11:32:58.625257,6960,0x46,PUCCH,,,,,,,,,,,,,,,,,,1,-inf,"0.000,",,,,,,,,
2026-08-18T11:32:58.662803,6961,0x46,PUCCH,,,,,,,,,,,,,,,,,,2,111.8,"1.000,",,,,,,,,
2026-08-18T11:32:59.224660,6980,0x46,PUCCH,,,,,,,,,,,,,,,,,,1,-inf,"0.000,",,,,,,,,
2026-08-18T11:32:59.963601,7000,0x46,PUCCH,,,,,,,,,,,,,,,,,,1,-inf,"0.000,",,,,,,,,
2026-08-18T11:33:00.021182,7001,0x46,PUCCH,,,,,,,,,,,,,,,,,,2,111.8,"1.000,",,,,,,,,
2026-08-18T11:33:00.809879,7020,0x46,PUCCH,,,,,,,,,,,,,,,,,,1,-inf,"0.000,",,,,,,,,
2026-08-18T11:33:01.749323,7040,0x46,PUCCH,,,,,,,,,,,,,,,,,,1,-inf,"0.000,",,,,,,,,
2026-08-18T11:33:01.791805,7041,0x46,PUCCH,,,,,,,,,,,,,,,,,,2,111.8,"1.000,",,,,,,,,
2026-08-18T11:33:02.866513,7060,0x46,PUCCH,,,,,,,,,,,,,,,,,,1,-inf,"0.000,",,,,,,,,
2026-08-18T11:33:03.893490,7080,0x46,PUCCH,,,,,,,,,,,,,,,,,,1,-inf,"0.000,",,,,,,,,
2026-08-18T11:33:03.939576,7081,0x46,PUCCH,,,,,,,,,,,,,,,,,,2,111.8,"1.000,",,,,,,,,
2026-08-18T11:33:04.615398,7100,0x46,PUCCH,,,,,,,,,,,,,,,,,,1,-inf,"0.000,",,,,,,,,
2026-08-18T11:33:05.335355,7120,0x46,PUCCH,,,,,,,,,,,,,,,,,,1,-inf,"0.000,",,,,,,,,
2026-08-18T11:33:05.364332,7121,0x46,PUCCH,,,,,,,,,,,,,,,,,,2,111.8,"1.000,",,,,,,,,
2026-08-18T11:33:06.145768,7140,0x46,PUCCH,,,,,,,,,,,,,,,,,,1,-inf,"0.000,",,,,,,,,
2026-08-18T11:33:06.873487,7160,0x46,PUCCH,,,,,,,,,,,,,,,,,,1,-inf,"0.000,",,,,,,,,
2026-08-18T11:33:06.903157,7161,0x46,PUCCH,,,,,,,,,,,,,,,,,,2,111.8,"1.000,",,,,,,,,
2026-08-18T11:33:07.613264,7180,0x46,PUCCH,,,,,,,,,,,,,,,,,,1,-inf,"0.000,",,,,,,,,
2026-08-18T11:33:08.252303,7200,0x46,PUCCH,,,,,,,,,,,,,,,,,,1,-inf,"0.000,",,,,,,,,
2026-08-18T11:33:08.285031,7201,0x46,PUCCH,,,,,,,,,,,,,,,,,,2,111.8,"1.000,",,,,,,,,
2026-08-18T11:33:08.899156,7220,0x46,PUCCH,,,,,,,,,,,,,,,,,,1,-inf,"0.000,",,,,,,,,
2026-08-18T11:33:09.634346,7240,0x46,PUCCH,,,,,,,,,,,,,,,,,,1,-inf,"0.000,",,,,,,,,
2026-08-18T11:33:09.670069,7241,0x46,PUCCH,,,,,,,,,,,,,,,,,,2,111.8,"1.000,",,,,,,,,
2026-08-18T11:33:10.391358,7260,0x46,PUCCH,,,,,,,,,,,,,,,,,,1,-inf,"0.000,",,,,,,,,
2026-08-18T11:33:11.060116,7280,0x46,PUCCH,,,,,,,,,,,,,,,,,,1,-inf,"0.000,",,,,,,,,
2026-08-18T11:33:11.098321,7281,0x46,PUCCH,,,,,,,,,,,,,,,,,,2,111.8,"1.000,",,,,,,,,
2026-08-18T11:33:11.767266,7300,0x46,PUCCH,,,,,,,,,,,,,,,,,,1,-inf,"0.000,",,,,,,,,
2026-08-18T11:33:12.476100,7320,0x46,PUCCH,,,,,,,,,,,,,,,,,,1,-inf,"0.000,",,,,,,,,
2026-08-18T11:33:12.507474,7321,0x46,PUCCH,,,,,,,,,,,,,,,,,,2,111.8,"1.000,",,,,,,,,
2026-08-18T11:33:13.130598,7340,0x46,PUCCH,,,,,,,,,,,,,,,,,,1,-inf,"0.000,",,,,,,,,
2026-08-18T11:33:13.891224,7360,0x46,PUCCH,,,,,,,,,,,,,,,,,,1,-inf,"0.000,",,,,,,,,
2026-08-18T11:33:13.922515,7361,0x46,PUCCH,,,,,,,,,,,,,,,,,,2,111.8,"1.000,",,,,,,,,
2026-08-18T11:33:14.552439,7380,0x46,PUCCH,,,,,,,,,,,,,,,,,,1,-inf,"0.000,",,,,,,,,
2026-08-18T11:33:15.356512,7400,0x46,PUCCH,,,,,,,,,,,,,,,,,,1,-inf,"0.000,",,,,,,,,
2026-08-18T11:33:15.395694,7401,0x46,PUCCH,,,,,,,,,,,,,,,,,,2,111.8,"1.000,",,,,,,,,
2026-08-18T11:33:16.171030,7420,0x46,PUCCH,,,,,,,,,,,,,,,,,,1,-inf,"0.000,",,,,,,,,
2026-08-18T11:33:16.915034,7440,0x46,PUCCH,,,,,,,,,,,,,,,,,,1,-inf,"0.000,",,,,,,,,
2026-08-18T11:33:16.941226,7441,0x46,PUCCH,,,,,,,,,,,,,,,,,,2,111.8,"1.000,",,,,,,,,
2026-08-18T11:33:17.638692,7460,0x46,PUCCH,,,,,,,,,,,,,,,,,,1,-inf,"0.000,",,,,,,,,
2026-08-18T11:33:18.456831,7480,0x46,PUCCH,,,,,,,,,,,,,,,,,,1,-inf,"0.000,",,,,,,,,
2026-08-18T11:33:18.488993,7481,0x46,PUCCH,,,,,,,,,,,,,,,,,,2,111.8,"1.000,",,,,,,,,
2026-08-18T11:33:19.116529,7500,0x46,PUCCH,,,,,,,,,,,,,,,,,,1,-inf,"0.000,",,,,,,,,
2026-08-18T11:33:19.852915,7520,0x46,PUCCH,,,,,,,,,,,,,,,,,,1,-inf,"0.000,",,,,,,,,
2026-08-18T11:33:19.880713,7521,0x46,PUCCH,,,,,,,,,,,,,,,,,,2,111.8,"1.000,",,,,,,,,
2026-08-18T11:33:20.443241,7540,0x46,PUCCH,,,,,,,,,,,,,,,,,,1,-inf,"0.000,",,,,,,,,
2026-08-18T11:33:21.012006,7560,0x46,PUCCH,,,,,,,,,,,,,,,,,,1,-inf,"0.000,",,,,,,,,
2026-08-18T11:33:21.031615,7561,0x46,PUCCH,,,,,,,,,,,,,,,,,,2,111.8,"1.000,",,,,,,,,
2026-08-18T11:33:21.744117,7580,0x46,PUCCH,,,,,,,,,,,,,,,,,,1,-inf,"0.000,",,,,,,,,
2026-08-18T11:33:22.381638,7600,0x46,PUCCH,,,,,,,,,,,,,,,,,,1,-inf,"0.000,",,,,,,,,
2026-08-18T11:33:22.412773,7601,0x46,PUCCH,,,,,,,,,,,,,,,,,,2,111.8,"1.000,",,,,,,,,
2026-08-18T11:33:23.255494,7620,0x46,PUCCH,,,,,,,,,,,,,,,,,,1,-inf,"0.000,",,,,,,,,
2026-08-18T11:33:24.097551,7640,0x46,PUCCH,,,,,,,,,,,,,,,,,,1,-inf,"0.000,",,,,,,,,
2026-08-18T11:33:24.139590,7641,0x46,PUCCH,,,,,,,,,,,,,,,,,,2,111.8,"1.000,",,,,,,,,
2026-08-18T11:33:25.022867,7660,0x46,PUCCH,,,,,,,,,,,,,,,,,,1,-inf,"0.000,",,,,,,,,
2026-08-18T11:33:25.742995,7680,0x46,PUCCH,,,,,,,,,,,,,,,,,,1,-inf,"0.000,",,,,,,,,
2026-08-18T11:33:25.773937,7681,0x46,PUCCH,,,,,,,,,,,,,,,,,,2,111.8,"1.000,",,,,,,,,
2026-08-18T11:33:26.603150,7700,0x46,PUCCH,,,,,,,,,,,,,,,,,,1,-inf,"0.000,",,,,,,,,
2026-08-18T11:33:27.302529,7720,0x46,PUCCH,,,,,,,,,,,,,,,,,,1,-inf,"0.000,",,,,,,,,
2026-08-18T11:33:27.344313,7721,0x46,PUCCH,,,,,,,,,,,,,,,,,,2,111.8,"1.000,",,,,,,,,
2026-08-18T11:33:27.965473,7740,0x46,PUCCH,,,,,,,,,,,,,,,,,,1,-inf,"0.000,",,,,,,,,
2026-08-18T11:33:28.690003,7760,0x46,PUCCH,,,,,,,,,,,,,,,,,,1,-inf,"0.000,",,,,,,,,
2026-08-18T11:33:28.717280,7761,0x46,PUCCH,,,,,,,,,,,,,,,,,,2,111.8,"1.000,",,,,,,,,
2026-08-18T11:33:29.298978,7780,0x46,PUCCH,,,,,,,,,,,,,,,,,,1,-inf,"0.000,",,,,,,,,
2026-08-18T11:33:30.035425,7800,0x46,PUCCH,,,,,,,,,,,,,,,,,,1,-inf,"0.000,",,,,,,,,
2026-08-18T11:33:30.063964,7801,0x46,PUCCH,,,,,,,,,,,,,,,,,,2,111.8,"1.000,",,,,,,,,
2026-08-18T11:33:30.763063,7820,0x46,PUCCH,,,,,,,,,,,,,,,,,,1,-inf,"0.000,",,,,,,,,
2026-08-18T11:33:31.548528,7840,0x46,PUCCH,,,,,,,,,,,,,,,,,,1,-inf,"0.000,",,,,,,,,
2026-08-18T11:33:31.579977,7841,0x46,PUCCH,,,,,,,,,,,,,,,,,,2,111.8,"1.000,",,,,,,,,
2026-08-18T11:33:32.274726,7860,0x46,PUCCH,,,,,,,,,,,,,,,,,,1,-inf,"0.000,",,,,,,,,
2026-08-18T11:33:33.010959,7880,0x46,PUCCH,,,,,,,,,,,,,,,,,,1,-inf,"0.000,",,,,,,,,
2026-08-18T11:33:33.032410,7881,0x46,PUCCH,,,,,,,,,,,,,,,,,,2,111.8,"1.000,",,,,,,,,
2026-08-18T11:33:33.659248,7900,0x46,PUCCH,,,,,,,,,,,,,,,,,,1,-inf,"0.000,",,,,,,,,
2026-08-18T11:33:34.352297,7920,0x46,PUCCH,,,,,,,,,,,,,,,,,,1,-inf,"0.000,",,,,,,,,
2026-08-18T11:33:34.383774,7921,0x46,PUCCH,,,,,,,,,,,,,,,,,,2,111.8,"1.000,",,,,,,,,
2026-08-18T11:33:35.145773,7940,0x46,PUCCH,,,,,,,,,,,,,,,,,,1,-inf,"0.000,",,,,,,,,
2026-08-18T11:33:35.769718,7960,0x46,PUCCH,,,,,,,,,,,,,,,,,,1,-inf,"0.000,",,,,,,,,
2026-08-18T11:33:35.821309,7961,0x46,PUCCH,,,,,,,,,,,,,,,,,,2,111.8,"1.000,",,,,,,,,
2026-08-18T11:33:36.386022,7980,0x46,PUCCH,,,,,,,,,,,,,,,,,,1,-inf,"0.000,",,,,,,,,
2026-08-18T11:33:37.373731,8000,0x46,PUCCH,,,,,,,,,,,,,,,,,,1,-inf,"0.000,",,,,,,,,
2026-08-18T11:33:37.413156,8001,0x46,PUCCH,,,,,,,,,,,,,,,,,,2,111.8,"1.000,",,,,,,,,
2026-08-18T11:33:38.126083,8020,0x46,PUCCH,,,,,,,,,,,,,,,,,,1,-inf,"0.000,",,,,,,,,
2026-08-18T11:33:38.662554,8040,0x46,PUCCH,,,,,,,,,,,,,,,,,,1,-inf,"0.000,",,,,,,,,
2026-08-18T11:33:38.692103,8041,0x46,PUCCH,,,,,,,,,,,,,,,,,,2,111.8,"1.000,",,,,,,,,
2026-08-18T11:33:39.311456,8060,0x46,PUCCH,,,,,,,,,,,,,,,,,,1,-inf,"0.000,",,,,,,,,
2026-08-18T11:33:39.951418,8080,0x46,PUCCH,,,,,,,,,,,,,,,,,,1,-inf,"0.000,",,,,,,,,
2026-08-18T11:33:39.983533,8081,0x46,PUCCH,,,,,,,,,,,,,,,,,,2,111.8,"1.000,",,,,,,,,
2026-08-18T11:33:40.824452,8100,0x46,PUCCH,,,,,,,,,,,,,,,,,,1,-inf,"0.000,",,,,,,,,
2026-08-18T11:33:41.592559,8120,0x46,PUCCH,,,,,,,,,,,,,,,,,,1,-inf,"0.000,",,,,,,,,
2026-08-18T11:33:41.625574,8121,0x46,PUCCH,,,,,,,,,,,,,,,,,,2,111.8,"1.000,",,,,,,,,
2026-08-18T11:33:42.232921,8140,0x46,PUCCH,,,,,,,,,,,,,,,,,,1,-inf,"0.000,",,,,,,,,
2026-08-18T11:33:42.802216,8160,0x46,PUCCH,,,,,,,,,,,,,,,,,,1,-inf,"0.000,",,,,,,,,
2026-08-18T11:33:42.822882,8161,0x46,PUCCH,,,,,,,,,,,,,,,,,,2,111.8,"1.000,",,,,,,,,
2026-08-18T11:33:43.667156,8180,0x46,PUCCH,,,,,,,,,,,,,,,,,,1,-inf,"0.000,",,,,,,,,
2026-08-18T11:33:44.446158,8200,0x46,PUCCH,,,,,,,,,,,,,,,,,,1,-inf,"0.000,",,,,,,,,
2026-08-18T11:33:44.499117,8201,0x46,PUCCH,,,,,,,,,,,,,,,,,,2,111.8,"1.000,",,,,,,,,
2026-08-18T11:33:45.112077,8220,0x46,PUCCH,,,,,,,,,,,,,,,,,,1,-inf,"0.000,",,,,,,,,
2026-08-18T11:33:45.791246,8240,0x46,PUCCH,,,,,,,,,,,,,,,,,,1,-inf,"0.000,",,,,,,,,
2026-08-18T11:33:45.821351,8241,0x46,PUCCH,,,,,,,,,,,,,,,,,,2,111.8,"1.000,",,,,,,,,
2026-08-18T11:33:46.447785,8260,0x46,PUCCH,,,,,,,,,,,,,,,,,,1,-inf,"0.000,",,,,,,,,
2026-08-18T11:33:47.101290,8280,0x46,PUCCH,,,,,,,,,,,,,,,,,,1,-inf,"0.000,",,,,,,,,
2026-08-18T11:33:47.135252,8281,0x46,PUCCH,,,,,,,,,,,,,,,,,,2,111.8,"1.000,",,,,,,,,
2026-08-18T11:33:47.712811,8300,0x46,PUCCH,,,,,,,,,,,,,,,,,,1,-inf,"0.000,",,,,,,,,
2026-08-18T11:33:48.528258,8320,0x46,PUCCH,,,,,,,,,,,,,,,,,,1,-inf,"0.000,",,,,,,,,
2026-08-18T11:33:48.556182,8321,0x46,PUCCH,,,,,,,,,,,,,,,,,,2,111.8,"1.000,",,,,,,,,
2026-08-18T11:33:49.282379,8340,0x46,PUCCH,,,,,,,,,,,,,,,,,,1,-inf,"0.000,",,,,,,,,
2026-08-18T11:33:50.043676,8360,0x46,PUCCH,,,,,,,,,,,,,,,,,,1,-inf,"0.000,",,,,,,,,
2026-08-18T11:33:50.066586,8361,0x46,PUCCH,,,,,,,,,,,,,,,,,,2,111.8,"1.000,",,,,,,,,
2026-08-18T11:33:50.689961,8380,0x46,PUCCH,,,,,,,,,,,,,,,,,,1,-inf,"0.000,",,,,,,,,
2026-08-18T11:33:51.325969,8400,0x46,PUCCH,,,,,,,,,,,,,,,,,,1,-inf,"0.000,",,,,,,,,
2026-08-18T11:33:51.347767,8401,0x46,PUCCH,,,,,,,,,,,,,,,,,,2,111.8,"1.000,",,,,,,,,
2026-08-18T11:33:52.145803,8420,0x46,PUCCH,,,,,,,,,,,,,,,,,,1,-inf,"0.000,",,,,,,,,
2026-08-18T11:33:52.840339,8440,0x46,PUCCH,,,,,,,,,,,,,,,,,,1,-inf,"0.000,",,,,,,,,
2026-08-18T11:33:52.871330,8441,0x46,PUCCH,,,,,,,,,,,,,,,,,,2,111.8,"1.000,",,,,,,,,
2026-08-18T11:33:53.432091,8460,0x46,PUCCH,,,,,,,,,,,,,,,,,,1,-inf,"0.000,",,,,,,,,
2026-08-18T11:33:54.178558,8480,0x46,PUCCH,,,,,,,,,,,,,,,,,,1,-inf,"0.000,",,,,,,,,
2026-08-18T11:33:54.209116,8481,0x46,PUCCH,,,,,,,,,,,,,,,,,,2,111.8,"1.000,",,,,,,,,
2026-08-18T11:33:54.813669,8500,0x46,PUCCH,,,,,,,,,,,,,,,,,,1,-inf,"0.000,",,,,,,,,
2026-08-18T11:33:55.421604,8520,0x46,PUCCH,,,,,,,,,,,,,,,,,,1,-inf,"0.000,",,,,,,,,
2026-08-18T11:33:55.441628,8521,0x46,PUCCH,,,,,,,,,,,,,,,,,,2,111.8,"1.000,",,,,,,,,
2026-08-18T11:33:56.073947,8540,0x46,PUCCH,,,,,,,,,,,,,,,,,,1,-inf,"0.000,",,,,,,,,
2026-08-18T11:33:56.677884,8560,0x46,PUCCH,,,,,,,,,,,,,,,,,,1,-inf,"0.000,",,,,,,,,
2026-08-18T11:33:56.719483,8561,0x46,PUCCH,,,,,,,,,,,,,,,,,,2,111.8,"1.000,",,,,,,,,
2026-08-18T11:33:57.545848,8580,0x46,PUCCH,,,,,,,,,,,,,,,,,,1,-inf,"0.000,",,,,,,,,
2026-08-18T11:33:58.601844,8600,0x46,PUCCH,,,,,,,,,,,,,,,,,,1,-inf,"0.000,",,,,,,,,
2026-08-18T11:33:58.663077,8601,0x46,PUCCH,,,,,,,,,,,,,,,,,,2,111.8,"1.000,",,,,,,,,
2026-08-18T11:33:59.473827,8620,0x46,PUCCH,,,,,,,,,,,,,,,,,,1,-inf,"0.000,",,,,,,,,
2026-08-18T11:34:00.327592,8640,0x46,PUCCH,,,,,,,,,,,,,,,,,,1,-inf,"0.000,",,,,,,,,
2026-08-18T11:34:00.364823,8641,0x46,PUCCH,,,,,,,,,,,,,,,,,,2,111.8,"1.000,",,,,,,,,
2026-08-18T11:34:01.148334,8660,0x46,PUCCH,,,,,,,,,,,,,,,,,,1,-inf,"0.000,",,,,,,,,
2026-08-18T11:34:01.923982,8680,0x46,PUCCH,,,,,,,,,,,,,,,,,,1,-inf,"0.000,",,,,,,,,
2026-08-18T11:34:01.967873,8681,0x46,PUCCH,,,,,,,,,,,,,,,,,,2,111.8,"1.000,",,,,,,,,
2026-08-18T11:34:02.688870,8700,0x46,PUCCH,,,,,,,,,,,,,,,,,,1,-inf,"0.000,",,,,,,,,
2026-08-18T11:34:03.237777,8720,0x46,PUCCH,,,,,,,,,,,,,,,,,,1,-inf,"0.000,",,,,,,,,
2026-08-18T11:34:03.256801,8721,0x46,PUCCH,,,,,,,,,,,,,,,,,,2,111.8,"1.000,",,,,,,,,
2026-08-18T11:34:03.815798,8740,0x46,PUCCH,,,,,,,,,,,,,,,,,,1,-inf,"0.000,",,,,,,,,
2026-08-18T11:34:04.829915,8760,0x46,PUCCH,,,,,,,,,,,,,,,,,,1,-inf,"0.000,",,,,,,,,
2026-08-18T11:34:04.858391,8761,0x46,PUCCH,,,,,,,,,,,,,,,,,,2,111.8,"1.000,",,,,,,,,
2026-08-18T11:34:05.483981,8780,0x46,PUCCH,,,,,,,,,,,,,,,,,,1,-inf,"0.000,",,,,,,,,
2026-08-18T11:34:06.103934,8800,0x46,PUCCH,,,,,,,,,,,,,,,,,,1,-inf,"0.000,",,,,,,,,
2026-08-18T11:34:06.145143,8801,0x46,PUCCH,,,,,,,,,,,,,,,,,,2,111.8,"1.000,",,,,,,,,
2026-08-18T11:34:06.836139,8820,0x46,PUCCH,,,,,,,,,,,,,,,,,,1,-inf,"0.000,",,,,,,,,
2026-08-18T11:34:07.697730,8840,0x46,PUCCH,,,,,,,,,,,,,,,,,,1,-inf,"0.000,",,,,,,,,
2026-08-18T11:34:07.741349,8841,0x46,PUCCH,,,,,,,,,,,,,,,,,,2,111.8,"1.000,",,,,,,,,
2026-08-18T11:34:08.538242,8860,0x46,PUCCH,,,,,,,,,,,,,,,,,,1,-inf,"0.000,",,,,,,,,
2026-08-18T11:34:09.229051,8880,0x46,PUCCH,,,,,,,,,,,,,,,,,,1,-inf,"0.000,",,,,,,,,
2026-08-18T11:34:09.272972,8881,0x46,PUCCH,,,,,,,,,,,,,,,,,,2,111.8,"1.000,",,,,,,,,
2026-08-18T11:34:09.929566,8900,0x46,PUCCH,,,,,,,,,,,,,,,,,,1,-inf,"0.000,",,,,,,,,
2026-08-18T11:34:10.758702,8920,0x46,PUCCH,,,,,,,,,,,,,,,,,,1,-inf,"0.000,",,,,,,,,
2026-08-18T11:34:10.786020,8921,0x46,PUCCH,,,,,,,,,,,,,,,,,,2,111.8,"1.000,",,,,,,,,
2026-08-18T11:34:11.391293,8940,0x46,PUCCH,,,,,,,,,,,,,,,,,,1,-inf,"0.000,",,,,,,,,
2026-08-18T11:34:12.413473,8960,0x46,PUCCH,,,,,,,,,,,,,,,,,,1,-inf,"0.000,",,,,,,,,
2026-08-18T11:34:12.443176,8961,0x46,PUCCH,,,,,,,,,,,,,,,,,,2,111.8,"1.000,",,,,,,,,
2026-08-18T11:34:13.148795,8980,0x46,PUCCH,,,,,,,,,,,,,,,,,,1,-inf,"0.000,",,,,,,,,
2026-08-18T11:34:13.995045,9000,0x46,PUCCH,,,,,,,,,,,,,,,,,,1,-inf,"0.000,",,,,,,,,
2026-08-18T11:34:14.025909,9001,0x46,PUCCH,,,,,,,,,,,,,,,,,,2,111.8,"1.000,",,,,,,,,
2026-08-18T11:34:14.672027,9020,0x46,PUCCH,,,,,,,,,,,,,,,,,,1,-inf,"0.000,",,,,,,,,
2026-08-18T11:34:15.479025,9040,0x46,PUCCH,,,,,,,,,,,,,,,,,,1,-inf,"0.000,",,,,,,,,
2026-08-18T11:34:15.512177,9041,0x46,PUCCH,,,,,,,,,,,,,,,,,,2,111.8,"1.000,",,,,,,,,
2026-08-18T11:34:16.022898,9060,0x46,PUCCH,,,,,,,,,,,,,,,,,,1,-inf,"0.000,",,,,,,,,
2026-08-18T11:34:16.586711,9080,0x46,PUCCH,,,,,,,,,,,,,,,,,,1,-inf,"0.000,",,,,,,,,
2026-08-18T11:34:16.629478,9081,0x46,PUCCH,,,,,,,,,,,,,,,,,,2,111.8,"1.000,",,,,,,,,
2026-08-18T11:34:17.401039,9100,0x46,PUCCH,,,,,,,,,,,,,,,,,,1,-inf,"0.000,",,,,,,,,
2026-08-18T11:34:18.100819,9120,0x46,PUCCH,,,,,,,,,,,,,,,,,,1,-inf,"0.000,",,,,,,,,
2026-08-18T11:34:18.131324,9121,0x46,PUCCH,,,,,,,,,,,,,,,,,,2,111.8,"1.000,",,,,,,,,
2026-08-18T11:34:18.720899,9140,0x46,PUCCH,,,,,,,,,,,,,,,,,,1,-inf,"0.000,",,,,,,,,
2026-08-18T11:34:19.368832,9160,0x46,PUCCH,,,,,,,,,,,,,,,,,,1,-inf,"0.000,",,,,,,,,
2026-08-18T11:34:19.396725,9161,0x46,PUCCH,,,,,,,,,,,,,,,,,,2,111.8,"1.000,",,,,,,,,
2026-08-18T11:34:20.049571,9180,0x46,PUCCH,,,,,,,,,,,,,,,,,,1,-inf,"0.000,",,,,,,,,
2026-08-18T11:34:20.677537,9200,0x46,PUCCH,,,,,,,,,,,,,,,,,,1,-inf,"0.000,",,,,,,,,
2026-08-18T11:34:20.935296,9201,0x46,PUCCH,,,,,,,,,,,,,,,,,,2,111.8,"1.000,",,,,,,,,
2026-08-18T11:34:21.754766,9220,0x46,PUCCH,,,,,,,,,,,,,,,,,,1,-inf,"0.000,",,,,,,,,
2026-08-18T11:34:22.578452,9240,0x46,PUCCH,,,,,,,,,,,,,,,,,,1,-inf,"0.000,",,,,,,,,
2026-08-18T11:34:22.610347,9241,0x46,PUCCH,,,,,,,,,,,,,,,,,,2,111.8,"1.000,",,,,,,,,
2026-08-18T11:34:23.437561,9260,0x46,PUCCH,,,,,,,,,,,,,,,,,,1,-inf,"0.000,",,,,,,,,
2026-08-18T11:34:24.485560,9280,0x46,PUCCH,,,,,,,,,,,,,,,,,,1,-inf,"0.000,",,,,,,,,
2026-08-18T11:34:24.530114,9281,0x46,PUCCH,,,,,,,,,,,,,,,,,,2,111.8,"1.000,",,,,,,,,
2026-08-18T11:34:25.248632,9300,0x46,PUCCH,,,,,,,,,,,,,,,,,,1,-inf,"0.000,",,,,,,,,
2026-08-18T11:34:25.863156,9320,0x46,PUCCH,,,,,,,,,,,,,,,,,,1,-inf,"0.000,",,,,,,,,
2026-08-18T11:34:25.892695,9321,0x46,PUCCH,,,,,,,,,,,,,,,,,,2,111.8,"1.000,",,,,,,,,
2026-08-18T11:34:26.560149,9340,0x46,PUCCH,,,,,,,,,,,,,,,,,,1,-inf,"0.000,",,,,,,,,
2026-08-18T11:34:27.144879,9360,0x46,PUCCH,,,,,,,,,,,,,,,,,,1,-inf,"0.000,",,,,,,,,
2026-08-18T11:34:27.172953,9361,0x46,PUCCH,,,,,,,,,,,,,,,,,,2,111.8,"1.000,",,,,,,,,
2026-08-18T11:34:27.723440,9380,0x46,PUCCH,,,,,,,,,,,,,,,,,,1,-inf,"0.000,",,,,,,,,
2026-08-18T11:34:28.358889,9400,0x46,PUCCH,,,,,,,,,,,,,,,,,,1,-inf,"0.000,",,,,,,,,
2026-08-18T11:34:28.393309,9401,0x46,PUCCH,,,,,,,,,,,,,,,,,,2,111.8,"1.000,",,,,,,,,
2026-08-18T11:34:29.035218,9420,0x46,PUCCH,,,,,,,,,,,,,,,,,,1,-inf,"0.000,",,,,,,,,
2026-08-18T11:34:29.637776,9440,0x46,PUCCH,,,,,,,,,,,,,,,,,,1,-inf,"0.000,",,,,,,,,
2026-08-18T11:34:29.665849,9441,0x46,PUCCH,,,,,,,,,,,,,,,,,,2,111.8,"1.000,",,,,,,,,
2026-08-18T11:34:30.220815,9460,0x46,PUCCH,,,,,,,,,,,,,,,,,,1,-inf,"0.000,",,,,,,,,
2026-08-18T11:34:30.724873,9480,0x46,PUCCH,,,,,,,,,,,,,,,,,,1,-inf,"0.000,",,,,,,,,
2026-08-18T11:34:30.746154,9481,0x46,PUCCH,,,,,,,,,,,,,,,,,,2,111.8,"1.000,",,,,,,,,
2026-08-18T11:34:31.218269,9500,0x46,PUCCH,,,,,,,,,,,,,,,,,,1,-inf,"0.000,",,,,,,,,
2026-08-18T11:34:31.787479,9520,0x46,PUCCH,,,,,,,,,,,,,,,,,,1,-inf,"0.000,",,,,,,,,
2026-08-18T11:34:31.808388,9521,0x46,PUCCH,,,,,,,,,,,,,,,,,,2,111.8,"1.000,",,,,,,,,
2026-08-18T11:34:32.419814,9540,0x46,PUCCH,,,,,,,,,,,,,,,,,,1,-inf,"0.000,",,,,,,,,
2026-08-18T11:34:33.300231,9560,0x46,PUCCH,,,,,,,,,,,,,,,,,,1,-inf,"0.000,",,,,,,,,
2026-08-18T11:34:33.328109,9561,0x46,PUCCH,,,,,,,,,,,,,,,,,,2,111.8,"1.000,",,,,,,,,
2026-08-18T11:34:33.908425,9580,0x46,PUCCH,,,,,,,,,,,,,,,,,,1,-inf,"0.000,",,,,,,,,
2026-08-18T11:34:34.633668,9600,0x46,PUCCH,,,,,,,,,,,,,,,,,,1,-inf,"0.000,",,,,,,,,
2026-08-18T11:34:34.678570,9601,0x46,PUCCH,,,,,,,,,,,,,,,,,,2,111.8,"1.000,",,,,,,,,
2026-08-18T11:34:35.217098,9620,0x46,PUCCH,,,,,,,,,,,,,,,,,,1,-inf,"0.000,",,,,,,,,
2026-08-18T11:34:35.950379,9640,0x46,PUCCH,,,,,,,,,,,,,,,,,,1,-inf,"0.000,",,,,,,,,
2026-08-18T11:34:35.982096,9641,0x46,PUCCH,,,,,,,,,,,,,,,,,,2,111.8,"1.000,",,,,,,,,
2026-08-18T11:34:36.763375,9660,0x46,PUCCH,,,,,,,,,,,,,,,,,,1,-inf,"0.000,",,,,,,,,
2026-08-18T11:34:37.784261,9680,0x46,PUCCH,,,,,,,,,,,,,,,,,,1,-inf,"0.000,",,,,,,,,
2026-08-18T11:34:37.825110,9681,0x46,PUCCH,,,,,,,,,,,,,,,,,,2,111.8,"1.000,",,,,,,,,
2026-08-18T11:34:38.439287,9700,0x46,PUCCH,,,,,,,,,,,,,,,,,,1,-inf,"0.000,",,,,,,,,
2026-08-18T11:34:39.132179,9720,0x46,PUCCH,,,,,,,,,,,,,,,,,,1,-inf,"0.000,",,,,,,,,
2026-08-18T11:34:39.172573,9721,0x46,PUCCH,,,,,,,,,,,,,,,,,,2,111.8,"1.000,",,,,,,,,
2026-08-18T11:34:40.063343,9740,0x46,PUCCH,,,,,,,,,,,,,,,,,,1,-inf,"0.000,",,,,,,,,
2026-08-18T11:34:40.640222,9760,0x46,PUCCH,,,,,,,,,,,,,,,,,,1,-inf,"0.000,",,,,,,,,
2026-08-18T11:34:40.659158,9761,0x46,PUCCH,,,,,,,,,,,,,,,,,,2,111.8,"1.000,",,,,,,,,
2026-08-18T11:34:41.600990,9780,0x46,PUCCH,,,,,,,,,,,,,,,,,,1,-inf,"0.000,",,,,,,,,
2026-08-18T11:34:42.410134,9800,0x46,PUCCH,,,,,,,,,,,,,,,,,,1,-inf,"0.000,",,,,,,,,
2026-08-18T11:34:42.447950,9801,0x46,PUCCH,,,,,,,,,,,,,,,,,,2,111.8,"1.000,",,,,,,,,
2026-08-18T11:34:43.399425,9820,0x46,PUCCH,,,,,,,,,,,,,,,,,,1,-inf,"0.000,",,,,,,,,
2026-08-18T11:34:44.462599,9840,0x46,PUCCH,,,,,,,,,,,,,,,,,,1,-inf,"0.000,",,,,,,,,
2026-08-18T11:34:44.506762,9841,0x46,PUCCH,,,,,,,,,,,,,,,,,,2,111.8,"1.000,",,,,,,,,
2026-08-18T11:34:45.318504,9860,0x46,PUCCH,,,,,,,,,,,,,,,,,,1,-inf,"0.000,",,,,,,,,
2026-08-18T11:34:45.879033,9880,0x46,PUCCH,,,,,,,,,,,,,,,,,,1,-inf,"0.000,",,,,,,,,
2026-08-18T11:34:45.903266,9881,0x46,PUCCH,,,,,,,,,,,,,,,,,,2,111.8,"1.000,",,,,,,,,
2026-08-18T11:34:46.366389,9900,0x46,PUCCH,,,,,,,,,,,,,,,,,,1,-inf,"0.000,",,,,,,,,
2026-08-18T11:34:46.833523,9920,0x46,PUCCH,,,,,,,,,,,,,,,,,,1,-inf,"0.000,",,,,,,,,
2026-08-18T11:34:46.854335,9921,0x46,PUCCH,,,,,,,,,,,,,,,,,,2,111.8,"1.000,",,,,,,,,
2026-08-18T11:34:47.409777,9940,0x46,PUCCH,,,,,,,,,,,,,,,,,,1,-inf,"0.000,",,,,,,,,
2026-08-18T11:34:48.292099,9960,0x46,PUCCH,,,,,,,,,,,,,,,,,,1,-inf,"0.000,",,,,,,,,
2026-08-18T11:34:48.323058,9961,0x46,PUCCH,,,,,,,,,,,,,,,,,,2,111.8,"1.000,",,,,,,,,
2026-08-18T11:34:49.092597,9980,0x46,PUCCH,,,,,,,,,,,,,,,,,,1,-inf,"0.000,",,,,,,,,
2026-08-18T11:34:49.829820,10000,0x46,PUCCH,,,,,,,,,,,,,,,,,,1,-inf,"0.000,",,,,,,,,
2026-08-18T11:34:49.860827,10001,0x46,PUCCH,,,,,,,,,,,,,,,,,,2,111.8,"1.000,",,,,,,,,
2026-08-18T11:34:50.814033,10020,0x46,PUCCH,,,,,,,,,,,,,,,,,,1,-inf,"0.000,",,,,,,,,
2026-08-18T11:34:51.713944,10040,0x46,PUCCH,,,,,,,,,,,,,,,,,,1,-inf,"0.000,",,,,,,,,
2026-08-18T11:34:51.758265,10041,0x46,PUCCH,,,,,,,,,,,,,,,,,,2,111.8,"1.000,",,,,,,,,
2026-08-18T11:34:52.566057,10060,0x46,PUCCH,,,,,,,,,,,,,,,,,,1,-inf,"0.000,",,,,,,,,
2026-08-18T11:34:53.749002,10080,0x46,PUCCH,,,,,,,,,,,,,,,,,,1,-inf,"0.000,",,,,,,,,
2026-08-18T11:34:53.841259,10081,0x46,PUCCH,,,,,,,,,,,,,,,,,,2,111.8,"1.000,",,,,,,,,
2026-08-18T11:34:54.600086,10100,0x46,PUCCH,,,,,,,,,,,,,,,,,,1,-inf,"0.000,",,,,,,,,
2026-08-18T11:34:55.269041,10120,0x46,PUCCH,,,,,,,,,,,,,,,,,,1,-inf,"0.000,",,,,,,,,
2026-08-18T11:34:55.339514,10121,0x46,PUCCH,,,,,,,,,,,,,,,,,,2,111.8,"1.000,",,,,,,,,
2026-08-18T11:34:56.055237,10140,0x46,PUCCH,,,,,,,,,,,,,,,,,,1,-inf,"0.000,",,,,,,,,
2026-08-18T11:34:56.743519,10160,0x46,PUCCH,,,,,,,,,,,,,,,,,,1,-inf,"0.000,",,,,,,,,
2026-08-18T11:34:56.775097,10161,0x46,PUCCH,,,,,,,,,,,,,,,,,,2,111.8,"1.000,",,,,,,,,
2026-08-18T11:34:57.446404,10180,0x46,PUCCH,,,,,,,,,,,,,,,,,,1,-inf,"0.000,",,,,,,,,
2026-08-18T11:34:58.419671,10200,0x46,PUCCH,,,,,,,,,,,,,,,,,,1,-inf,"0.000,",,,,,,,,
2026-08-18T11:34:58.446484,10201,0x46,PUCCH,,,,,,,,,,,,,,,,,,2,111.8,"1.000,",,,,,,,,
2026-08-18T11:34:59.138961,10220,0x46,PUCCH,,,,,,,,,,,,,,,,,,1,-inf,"0.000,",,,,,,,,
2026-08-18T11:34:59.826529,0,0x46,PUCCH,,,,,,,,,,,,,,,,,,1,-inf,"0.000,",,,,,,,,
2026-08-18T11:34:59.856362,1,0x46,PUCCH,,,,,,,,,,,,,,,,,,2,111.8,"1.000,",,,,,,,,
2026-08-18T11:35:00.676499,20,0x46,PUCCH,,,,,,,,,,,,,,,,,,1,-inf,"0.000,",,,,,,,,
2026-08-18T11:35:01.625937,40,0x46,PUCCH,,,,,,,,,,,,,,,,,,1,-inf,"0.000,",,,,,,,,
2026-08-18T11:35:01.668897,41,0x46,PUCCH,,,,,,,,,,,,,,,,,,2,111.8,"1.000,",,,,,,,,
2026-08-18T11:35:02.236697,60,0x46,PUCCH,,,,,,,,,,,,,,,,,,1,-inf,"0.000,",,,,,,,,
2026-08-18T11:35:03.072948,80,0x46,PUCCH,,,,,,,,,,,,,,,,,,1,-inf,"0.000,",,,,,,,,
2026-08-18T11:35:03.105506,81,0x46,PUCCH,,,,,,,,,,,,,,,,,,2,111.8,"1.000,",,,,,,,,
2026-08-18T11:35:03.787347,100,0x46,PUCCH,,,,,,,,,,,,,,,,,,1,-inf,"0.000,",,,,,,,,
2026-08-18T11:35:04.446364,120,0x46,PUCCH,,,,,,,,,,,,,,,,,,1,-inf,"0.000,",,,,,,,,
2026-08-18T11:35:04.472718,121,0x46,PUCCH,,,,,,,,,,,,,,,,,,2,111.8,"1.000,",,,,,,,,
2026-08-18T11:35:05.157445,140,0x46,PUCCH,,,,,,,,,,,,,,,,,,1,-inf,"0.000,",,,,,,,,
2026-08-18T11:35:05.732237,160,0x46,PUCCH,,,,,,,,,,,,,,,,,,1,-inf,"0.000,",,,,,,,,
2026-08-18T11:35:05.753744,161,0x46,PUCCH,,,,,,,,,,,,,,,,,,2,111.8,"1.000,",,,,,,,,
2026-08-18T11:35:06.504324,180,0x46,PUCCH,,,,,,,,,,,,,,,,,,1,-inf,"0.000,",,,,,,,,
2026-08-18T11:35:07.311086,200,0x46,PUCCH,,,,,,,,,,,,,,,,,,1,-inf,"0.000,",,,,,,,,
2026-08-18T11:35:07.344972,201,0x46,PUCCH,,,,,,,,,,,,,,,,,,2,111.8,"1.000,",,,,,,,,
2026-08-18T11:35:08.005329,220,0x46,PUCCH,,,,,,,,,,,,,,,,,,1,-inf,"0.000,",,,,,,,,
2026-08-18T11:35:08.698099,240,0x46,PUCCH,,,,,,,,,,,,,,,,,,1,-inf,"0.000,",,,,,,,,
2026-08-18T11:35:08.733723,241,0x46,PUCCH,,,,,,,,,,,,,,,,,,2,111.8,"1.000,",,,,,,,,
2026-08-18T11:35:09.307543,260,0x46,PUCCH,,,,,,,,,,,,,,,,,,1,-inf,"0.000,",,,,,,,,
2026-08-18T11:35:10.000453,280,0x46,PUCCH,,,,,,,,,,,,,,,,,,1,-inf,"0.000,",,,,,,,,
2026-08-18T11:35:10.031932,281,0x46,PUCCH,,,,,,,,,,,,,,,,,,2,111.8,"1.000,",,,,,,,,
2026-08-18T11:35:10.612375,300,0x46,PUCCH,,,,,,,,,,,,,,,,,,1,-inf,"0.000,",,,,,,,,
2026-08-18T11:35:11.399419,320,0x46,PUCCH,,,,,,,,,,,,,,,,,,1,-inf,"0.000,",,,,,,,,
2026-08-18T11:35:11.430002,321,0x46,PUCCH,,,,,,,,,,,,,,,,,,2,111.8,"1.000,",,,,,,,,
2026-08-18T11:35:12.055144,340,0x46,PUCCH,,,,,,,,,,,,,,,,,,1,-inf,"0.000,",,,,,,,,
2026-08-18T11:35:12.719916,360,0x46,PUCCH,,,,,,,,,,,,,,,,,,1,-inf,"0.000,",,,,,,,,
2026-08-18T11:35:12.767041,361,0x46,PUCCH,,,,,,,,,,,,,,,,,,2,111.8,"1.000,",,,,,,,,
2026-08-18T11:35:13.323295,380,0x46,PUCCH,,,,,,,,,,,,,,,,,,1,-inf,"0.000,",,,,,,,,
2026-08-18T11:35:13.770747,400,0x46,PUCCH,,,,,,,,,,,,,,,,,,1,-inf,"0.000,",,,,,,,,
2026-08-18T11:35:13.791206,401,0x46,PUCCH,,,,,,,,,,,,,,,,,,2,111.8,"1.000,",,,,,,,,
2026-08-18T11:35:14.250121,420,0x46,PUCCH,,,,,,,,,,,,,,,,,,1,-inf,"0.000,",,,,,,,,
2026-08-18T11:35:14.783264,440,0x46,PUCCH,,,,,,,,,,,,,,,,,,1,-inf,"0.000,",,,,,,,,
2026-08-18T11:35:14.806266,441,0x46,PUCCH,,,,,,,,,,,,,,,,,,2,111.8,"1.000,",,,,,,,,
2026-08-18T11:35:15.382305,460,0x46,PUCCH,,,,,,,,,,,,,,,,,,1,-inf,"0.000,",,,,,,,,
2026-08-18T11:35:16.037060,480,0x46,PUCCH,,,,,,,,,,,,,,,,,,1,-inf,"0.000,",,,,,,,,
2026-08-18T11:35:16.066619,481,0x46,PUCCH,,,,,,,,,,,,,,,,,,2,111.8,"1.000,",,,,,,,,
2026-08-18T11:35:16.972832,500,0x46,PUCCH,,,,,,,,,,,,,,,,,,1,-inf,"0.000,",,,,,,,,
2026-08-18T11:35:17.725092,520,0x46,PUCCH,,,,,,,,,,,,,,,,,,1,-inf,"0.000,",,,,,,,,
2026-08-18T11:35:17.766432,521,0x46,PUCCH,,,,,,,,,,,,,,,,,,2,111.8,"1.000,",,,,,,,,
2026-08-18T11:35:18.503606,540,0x46,PUCCH,,,,,,,,,,,,,,,,,,1,-inf,"0.000,",,,,,,,,
2026-08-18T11:35:19.161954,560,0x46,PUCCH,,,,,,,,,,,,,,,,,,1,-inf,"0.000,",,,,,,,,
2026-08-18T11:35:19.182999,561,0x46,PUCCH,,,,,,,,,,,,,,,,,,2,111.8,"1.000,",,,,,,,,
2026-08-18T11:35:20.001632,580,0x46,PUCCH,,,,,,,,,,,,,,,,,,1,-inf,"0.000,",,,,,,,,
2026-08-18T11:35:20.861830,600,0x46,PUCCH,,,,,,,,,,,,,,,,,,1,-inf,"0.000,",,,,,,,,
2026-08-18T11:35:20.915754,601,0x46,PUCCH,,,,,,,,,,,,,,,,,,2,111.8,"1.000,",,,,,,,,
2026-08-18T11:35:21.773264,620,0x46,PUCCH,,,,,,,,,,,,,,,,,,1,-inf,"0.000,",,,,,,,,
2026-08-18T11:35:22.632402,640,0x46,PUCCH,,,,,,,,,,,,,,,,,,1,-inf,"0.000,",,,,,,,,
2026-08-18T11:35:22.888588,641,0x46,PUCCH,,,,,,,,,,,,,,,,,,2,111.8,"1.000,",,,,,,,,
2026-08-18T11:35:23.558928,660,0x46,PUCCH,,,,,,,,,,,,,,,,,,1,-inf,"0.000,",,,,,,,,
2026-08-18T11:35:24.223453,680,0x46,PUCCH,,,,,,,,,,,,,,,,,,1,-inf,"0.000,",,,,,,,,
2026-08-18T11:35:24.252037,681,0x46,PUCCH,,,,,,,,,,,,,,,,,,2,111.8,"1.000,",,,,,,,,
2026-08-18T11:35:24.790603,700,0x46,PUCCH,,,,,,,,,,,,,,,,,,1,-inf,"0.000,",,,,,,,,
2026-08-18T11:35:25.426151,720,0x46,PUCCH,,,,,,,,,,,,,,,,,,1,-inf,"0.000,",,,,,,,,
2026-08-18T11:35:25.466112,721,0x46,PUCCH,,,,,,,,,,,,,,,,,,2,111.8,"1.000,",,,,,,,,
2026-08-18T11:35:26.175429,740,0x46,PUCCH,,,,,,,,,,,,,,,,,,1,-inf,"0.000,",,,,,,,,
2026-08-18T11:35:27.238445,760,0x46,PUCCH,,,,,,,,,,,,,,,,,,1,-inf,"0.000,",,,,,,,,
2026-08-18T11:35:27.301636,761,0x46,PUCCH,,,,,,,,,,,,,,,,,,2,111.8,"1.000,",,,,,,,,
2026-08-18T11:35:28.190821,780,0x46,PUCCH,,,,,,,,,,,,,,,,,,1,-inf,"0.000,",,,,,,,,
2026-08-18T11:35:29.245115,800,0x46,PUCCH,,,,,,,,,,,,,,,,,,1,-inf,"0.000,",,,,,,,,
2026-08-18T11:35:29.282993,801,0x46,PUCCH,,,,,,,,,,,,,,,,,,2,111.8,"1.000,",,,,,,,,
2026-08-18T11:35:29.963857,820,0x46,PUCCH,,,,,,,,,,,,,,,,,,1,-inf,"0.000,",,,,,,,,
2026-08-18T11:35:30.647236,840,0x46,PUCCH,,,,,,,,,,,,,,,,,,1,-inf,"0.000,",,,,,,,,
2026-08-18T11:35:30.685185,841,0x46,PUCCH,,,,,,,,,,,,,,,,,,2,111.8,"1.000,",,,,,,,,
2026-08-18T11:35:31.483247,860,0x46,PUCCH,,,,,,,,,,,,,,,,,,1,-inf,"0.000,",,,,,,,,
2026-08-18T11:35:32.164693,880,0x46,PUCCH,,,,,,,,,,,,,,,,,,1,-inf,"0.000,",,,,,,,,
2026-08-18T11:35:32.207235,881,0x46,PUCCH,,,,,,,,,,,,,,,,,,2,111.8,"1.000,",,,,,,,,
2026-08-18T11:35:33.018856,900,0x46,PUCCH,,,,,,,,,,,,,,,,,,1,-inf,"0.000,",,,,,,,,
2026-08-18T11:35:33.907172,920,0x46,PUCCH,,,,,,,,,,,,,,,,,,1,-inf,"0.000,",,,,,,,,
2026-08-18T11:35:33.958596,921,0x46,PUCCH,,,,,,,,,,,,,,,,,,2,111.8,"1.000,",,,,,,,,
2026-08-18T11:35:34.702762,940,0x46,PUCCH,,,,,,,,,,,,,,,,,,1,-inf,"0.000,",,,,,,,,
2026-08-18T11:35:35.841178,960,0x46,PUCCH,,,,,,,,,,,,,,,,,,1,-inf,"0.000,",,,,,,,,
2026-08-18T11:35:35.872483,961,0x46,PUCCH,,,,,,,,,,,,,,,,,,2,111.8,"1.000,",,,,,,,,
2026-08-18T11:35:36.948040,980,0x46,PUCCH,,,,,,,,,,,,,,,,,,1,-inf,"0.000,",,,,,,,,
2026-08-18T11:35:37.821980,1000,0x46,PUCCH,,,,,,,,,,,,,,,,,,1,-inf,"0.000,",,,,,,,,
2026-08-18T11:35:37.863766,1001,0x46,PUCCH,,,,,,,,,,,,,,,,,,2,111.8,"1.000,",,,,,,,,
2026-08-18T11:35:38.551116,1020,0x46,PUCCH,,,,,,,,,,,,,,,,,,1,-inf,"0.000,",,,,,,,,
2026-08-18T11:35:39.254246,1040,0x46,PUCCH,,,,,,,,,,,,,,,,,,1,-inf,"0.000,",,,,,,,,
2026-08-18T11:35:39.293594,1041,0x46,PUCCH,,,,,,,,,,,,,,,,,,2,111.8,"1.000,",,,,,,,,
2026-08-18T11:35:40.030595,1060,0x46,PUCCH,,,,,,,,,,,,,,,,,,1,-inf,"0.000,",,,,,,,,
2026-08-18T11:35:40.961168,1080,0x46,PUCCH,,,,,,,,,,,,,,,,,,1,-inf,"0.000,",,,,,,,,
2026-08-18T11:35:41.005078,1081,0x46,PUCCH,,,,,,,,,,,,,,,,,,2,111.8,"1.000,",,,,,,,,
2026-08-18T11:35:41.751301,1100,0x46,PUCCH,,,,,,,,,,,,,,,,,,1,-inf,"0.000,",,,,,,,,
2026-08-18T11:35:42.297633,1120,0x46,PUCCH,,,,,,,,,,,,,,,,,,1,-inf,"0.000,",,,,,,,,
2026-08-18T11:35:42.326194,1121,0x46,PUCCH,,,,,,,,,,,,,,,,,,2,111.8,"1.000,",,,,,,,,
2026-08-18T11:35:43.008428,1140,0x46,PUCCH,,,,,,,,,,,,,,,,,,1,-inf,"0.000,",,,,,,,,
2026-08-18T11:35:43.946045,1160,0x46,PUCCH,,,,,,,,,,,,,,,,,,1,-inf,"0.000,",,,,,,,,
2026-08-18T11:35:44.028564,1161,0x46,PUCCH,,,,,,,,,,,,,,,,,,2,111.8,"1.000,",,,,,,,,
2026-08-18T11:35:44.697512,1180,0x46,PUCCH,,,,,,,,,,,,,,,,,,1,-inf,"0.000,",,,,,,,,
2026-08-18T11:35:45.456585,1200,0x46,PUCCH,,,,,,,,,,,,,,,,,,1,-inf,"0.000,",,,,,,,,
2026-08-18T11:35:45.487023,1201,0x46,PUCCH,,,,,,,,,,,,,,,,,,2,111.8,"1.000,",,,,,,,,
2026-08-18T11:35:46.076528,1220,0x46,PUCCH,,,,,,,,,,,,,,,,,,1,-inf,"0.000,",,,,,,,,
2026-08-18T11:35:46.784389,1240,0x46,PUCCH,,,,,,,,,,,,,,,,,,1,-inf,"0.000,",,,,,,,,
2026-08-18T11:35:46.822299,1241,0x46,PUCCH,,,,,,,,,,,,,,,,,,2,111.8,"1.000,",,,,,,,,
2026-08-18T11:35:47.484304,1260,0x46,PUCCH,,,,,,,,,,,,,,,,,,1,-inf,"0.000,",,,,,,,,
2026-08-18T11:35:48.198658,1280,0x46,PUCCH,,,,,,,,,,,,,,,,,,1,-inf,"0.000,",,,,,,,,
2026-08-18T11:35:48.231605,1281,0x46,PUCCH,,,,,,,,,,,,,,,,,,2,111.8,"1.000,",,,,,,,,
2026-08-18T11:35:48.781949,1300,0x46,PUCCH,,,,,,,,,,,,,,,,,,1,-inf,"0.000,",,,,,,,,
2026-08-18T11:35:49.389483,1320,0x46,PUCCH,,,,,,,,,,,,,,,,,,1,-inf,"0.000,",,,,,,,,
2026-08-18T11:35:49.422890,1321,0x46,PUCCH,,,,,,,,,,,,,,,,,,2,111.8,"1.000,",,,,,,,,
2026-08-18T11:35:49.955124,1340,0x46,PUCCH,,,,,,,,,,,,,,,,,,1,-inf,"0.000,",,,,,,,,
2026-08-18T11:35:50.696262,1360,0x46,PUCCH,,,,,,,,,,,,,,,,,,1,-inf,"0.000,",,,,,,,,
2026-08-18T11:35:50.729090,1361,0x46,PUCCH,,,,,,,,,,,,,,,,,,2,111.8,"1.000,",,,,,,,,
2026-08-18T11:35:51.447215,1380,0x46,PUCCH,,,,,,,,,,,,,,,,,,1,-inf,"0.000,",,,,,,,,
2026-08-18T11:35:52.078876,1400,0x46,PUCCH,,,,,,,,,,,,,,,,,,1,-inf,"0.000,",,,,,,,,
2026-08-18T11:35:52.106975,1401,0x46,PUCCH,,,,,,,,,,,,,,,,,,2,111.8,"1.000,",,,,,,,,
2026-08-18T11:35:52.716567,1420,0x46,PUCCH,,,,,,,,,,,,,,,,,,1,-inf,"0.000,",,,,,,,,
2026-08-18T11:35:53.351535,1440,0x46,PUCCH,,,,,,,,,,,,,,,,,,1,-inf,"0.000,",,,,,,,,
2026-08-18T11:35:53.385101,1441,0x46,PUCCH,,,,,,,,,,,,,,,,,,2,111.8,"1.000,",,,,,,,,
2026-08-18T11:35:54.070525,1460,0x46,PUCCH,,,,,,,,,,,,,,,,,,1,-inf,"0.000,",,,,,,,,
2026-08-18T11:35:54.793920,1480,0x46,PUCCH,,,,,,,,,,,,,,,,,,1,-inf,"0.000,",,,,,,,,
2026-08-18T11:35:54.846878,1481,0x46,PUCCH,,,,,,,,,,,,,,,,,,2,111.8,"1.000,",,,,,,,,
2026-08-18T11:35:55.891171,1500,0x46,PUCCH,,,,,,,,,,,,,,,,,,1,-inf,"0.000,",,,,,,,,
2026-08-18T11:35:56.800150,1520,0x46,PUCCH,,,,,,,,,,,,,,,,,,1,-inf,"0.000,",,,,,,,,
2026-08-18T11:35:56.834701,1521,0x46,PUCCH,,,,,,,,,,,,,,,,,,2,111.8,"1.000,",,,,,,,,
2026-08-18T11:35:57.536350,1540,0x46,PUCCH,,,,,,,,,,,,,,,,,,1,-inf,"0.000,",,,,,,,,
2026-08-18T11:35:58.400107,1560,0x46,PUCCH,,,,,,,,,,,,,,,,,,1,-inf,"0.000,",,,,,,,,
2026-08-18T11:35:58.440724,1561,0x46,PUCCH,,,,,,,,,,,,,,,,,,2,111.8,"1.000,",,,,,,,,
2026-08-18T11:35:59.122459,1580,0x46,PUCCH,,,,,,,,,,,,,,,,,,1,-inf,"0.000,",,,,,,,,
2026-08-18T11:35:59.899546,1600,0x46,PUCCH,,,,,,,,,,,,,,,,,,1,-inf,"0.000,",,,,,,,,
2026-08-18T11:35:59.953846,1601,0x46,PUCCH,,,,,,,,,,,,,,,,,,2,111.8,"1.000,",,,,,,,,
2026-08-18T11:36:00.734051,1620,0x46,PUCCH,,,,,,,,,,,,,,,,,,1,-inf,"0.000,",,,,,,,,
2026-08-18T11:36:01.426884,1640,0x46,PUCCH,,,,,,,,,,,,,,,,,,1,-inf,"0.000,",,,,,,,,
2026-08-18T11:36:01.455682,1641,0x46,PUCCH,,,,,,,,,,,,,,,,,,2,111.8,"1.000,",,,,,,,,
2026-08-18T11:36:02.157808,1660,0x46,PUCCH,,,,,,,,,,,,,,,,,,1,-inf,"0.000,",,,,,,,,
2026-08-18T11:36:02.761002,1680,0x46,PUCCH,,,,,,,,,,,,,,,,,,1,-inf,"0.000,",,,,,,,,
2026-08-18T11:36:02.792198,1681,0x46,PUCCH,,,,,,,,,,,,,,,,,,2,111.8,"1.000,",,,,,,,,
2026-08-18T11:36:03.588057,1700,0x46,PUCCH,,,,,,,,,,,,,,,,,,1,-inf,"0.000,",,,,,,,,
2026-08-18T11:36:04.350309,1720,0x46,PUCCH,,,,,,,,,,,,,,,,,,1,-inf,"0.000,",,,,,,,,
2026-08-18T11:36:04.379887,1721,0x46,PUCCH,,,,,,,,,,,,,,,,,,2,111.8,"1.000,",,,,,,,,
2026-08-18T11:36:04.969708,1740,0x46,PUCCH,,,,,,,,,,,,,,,,,,1,-inf,"0.000,",,,,,,,,
2026-08-18T11:36:05.525529,1760,0x46,PUCCH,,,,,,,,,,,,,,,,,,1,-inf,"0.000,",,,,,,,,
2026-08-18T11:36:05.565841,1761,0x46,PUCCH,,,,,,,,,,,,,,,,,,2,111.8,"1.000,",,,,,,,,
2026-08-18T11:36:06.541270,1780,0x46,PUCCH,,,,,,,,,,,,,,,,,,1,-inf,"0.000,",,,,,,,,
2026-08-18T11:36:07.319080,1800,0x46,PUCCH,,,,,,,,,,,,,,,,,,1,-inf,"0.000,",,,,,,,,
2026-08-18T11:36:07.360722,1801,0x46,PUCCH,,,,,,,,,,,,,,,,,,2,111.8,"1.000,",,,,,,,,
2026-08-18T11:36:08.330280,1820,0x46,PUCCH,,,,,,,,,,,,,,,,,,1,-inf,"0.000,",,,,,,,,
2026-08-18T11:36:09.095718,1840,0x46,PUCCH,,,,,,,,,,,,,,,,,,1,-inf,"0.000,",,,,,,,,
2026-08-18T11:36:09.130074,1841,0x46,PUCCH,,,,,,,,,,,,,,,,,,2,111.8,"1.000,",,,,,,,,
2026-08-18T11:36:09.720882,1860,0x46,PUCCH,,,,,,,,,,,,,,,,,,1,-inf,"0.000,",,,,,,,,
2026-08-18T11:36:10.483815,1880,0x46,PUCCH,,,,,,,,,,,,,,,,,,1,-inf,"0.000,",,,,,,,,
2026-08-18T11:36:10.535471,1881,0x46,PUCCH,,,,,,,,,,,,,,,,,,2,111.8,"1.000,",,,,,,,,
2026-08-18T11:36:11.317621,1900,0x46,PUCCH,,,,,,,,,,,,,,,,,,1,-inf,"0.000,",,,,,,,,
2026-08-18T11:36:11.988534,1920,0x46,PUCCH,,,,,,,,,,,,,,,,,,1,-inf,"0.000,",,,,,,,,
2026-08-18T11:36:12.019136,1921,0x46,PUCCH,,,,,,,,,,,,,,,,,,2,111.8,"1.000,",,,,,,,,
2026-08-18T11:36:12.588123,1940,0x46,PUCCH,,,,,,,,,,,,,,,,,,1,-inf,"0.000,",,,,,,,,
2026-08-18T11:36:13.201273,1960,0x46,PUCCH,,,,,,,,,,,,,,,,,,1,-inf,"0.000,",,,,,,,,
2026-08-18T11:36:13.227901,1961,0x46,PUCCH,,,,,,,,,,,,,,,,,,2,111.8,"1.000,",,,,,,,,
2026-08-18T11:36:14.099338,1980,0x46,PUCCH,,,,,,,,,,,,,,,,,,1,-inf,"0.000,",,,,,,,,
2026-08-18T11:36:14.845383,2000,0x46,PUCCH,,,,,,,,,,,,,,,,,,1,-inf,"0.000,",,,,,,,,
2026-08-18T11:36:14.878082,2001,0x46,PUCCH,,,,,,,,,,,,,,,,,,2,111.8,"1.000,",,,,,,,,
2026-08-18T11:36:15.569976,2020,0x46,PUCCH,,,,,,,,,,,,,,,,,,1,-inf,"0.000,",,,,,,,,
2026-08-18T11:36:16.447469,2040,0x46,PUCCH,,,,,,,,,,,,,,,,,,1,-inf,"0.000,",,,,,,,,
2026-08-18T11:36:16.490449,2041,0x46,PUCCH,,,,,,,,,,,,,,,,,,2,111.8,"1.000,",,,,,,,,
2026-08-18T11:36:17.281799,2060,0x46,PUCCH,,,,,,,,,,,,,,,,,,1,-inf,"0.000,",,,,,,,,
2026-08-18T11:36:18.214920,2080,0x46,PUCCH,,,,,,,,,,,,,,,,,,1,-inf,"0.000,",,,,,,,,
2026-08-18T11:36:18.255690,2081,0x46,PUCCH,,,,,,,,,,,,,,,,,,2,111.8,"1.000,",,,,,,,,
2026-08-18T11:36:18.913318,2100,0x46,PUCCH,,,,,,,,,,,,,,,,,,1,-inf,"0.000,",,,,,,,,
2026-08-18T11:36:19.455452,2120,0x46,PUCCH,,,,,,,,,,,,,,,,,,1,-inf,"0.000,",,,,,,,,
2026-08-18T11:36:19.485327,2121,0x46,PUCCH,,,,,,,,,,,,,,,,,,2,111.8,"1.000,",,,,,,,,
2026-08-18T11:36:20.425026,2140,0x46,PUCCH,,,,,,,,,,,,,,,,,,1,-inf,"0.000,",,,,,,,,
2026-08-18T11:36:21.174129,2160,0x46,PUCCH,,,,,,,,,,,,,,,,,,1,-inf,"0.000,",,,,,,,,
2026-08-18T11:36:21.204425,2161,0x46,PUCCH,,,,,,,,,,,,,,,,,,2,111.8,"1.000,",,,,,,,,
2026-08-18T11:36:21.942735,2180,0x46,PUCCH,,,,,,,,,,,,,,,,,,1,-inf,"0.000,",,,,,,,,
2026-08-18T11:36:22.629703,2200,0x46,PUCCH,,,,,,,,,,,,,,,,,,1,-inf,"0.000,",,,,,,,,
2026-08-18T11:36:22.676686,2201,0x46,PUCCH,,,,,,,,,,,,,,,,,,2,111.8,"1.000,",,,,,,,,
2026-08-18T11:36:23.431312,2220,0x46,PUCCH,,,,,,,,,,,,,,,,,,1,-inf,"0.000,",,,,,,,,
2026-08-18T11:36:24.133305,2240,0x46,PUCCH,,,,,,,,,,,,,,,,,,1,-inf,"0.000,",,,,,,,,
2026-08-18T11:36:24.163407,2241,0x46,PUCCH,,,,,,,,,,,,,,,,,,2,111.8,"1.000,",,,,,,,,
2026-08-18T11:36:24.821182,2260,0x46,PUCCH,,,,,,,,,,,,,,,,,,1,-inf,"0.000,",,,,,,,,
2026-08-18T11:36:25.811828,2280,0x46,PUCCH,,,,,,,,,,,,,,,,,,1,-inf,"0.000,",,,,,,,,
2026-08-18T11:36:25.844968,2281,0x46,PUCCH,,,,,,,,,,,,,,,,,,2,111.8,"1.000,",,,,,,,,
2026-08-18T11:36:26.723969,2300,0x46,PUCCH,,,,,,,,,,,,,,,,,,1,-inf,"0.000,",,,,,,,,
2026-08-18T11:36:27.453074,2320,0x46,PUCCH,,,,,,,,,,,,,,,,,,1,-inf,"0.000,",,,,,,,,
2026-08-18T11:36:27.481489,2321,0x46,PUCCH,,,,,,,,,,,,,,,,,,2,111.8,"1.000,",,,,,,,,
2026-08-18T11:36:28.145023,2340,0x46,PUCCH,,,,,,,,,,,,,,,,,,1,-inf,"0.000,",,,,,,,,
2026-08-18T11:36:29.022822,2360,0x46,PUCCH,,,,,,,,,,,,,,,,,,1,-inf,"0.000,",,,,,,,,
2026-08-18T11:36:29.056636,2361,0x46,PUCCH,,,,,,,,,,,,,,,,,,2,111.8,"1.000,",,,,,,,,
2026-08-18T11:36:29.741390,2380,0x46,PUCCH,,,,,,,,,,,,,,,,,,1,-inf,"0.000,",,,,,,,,
2026-08-18T11:36:30.545074,2400,0x46,PUCCH,,,,,,,,,,,,,,,,,,1,-inf,"0.000,",,,,,,,,
2026-08-18T11:36:30.575025,2401,0x46,PUCCH,,,,,,,,,,,,,,,,,,2,111.8,"1.000,",,,,,,,,
2026-08-18T11:36:31.144905,2420,0x46,PUCCH,,,,,,,,,,,,,,,,,,1,-inf,"0.000,",,,,,,,,
2026-08-18T11:36:32.109817,2440,0x46,PUCCH,,,,,,,,,,,,,,,,,,1,-inf,"0.000,",,,,,,,,
2026-08-18T11:36:32.148793,2441,0x46,PUCCH,,,,,,,,,,,,,,,,,,2,111.8,"1.000,",,,,,,,,
2026-08-18T11:36:33.060003,2460,0x46,PUCCH,,,,,,,,,,,,,,,,,,1,-inf,"0.000,",,,,,,,,
2026-08-18T11:36:33.926436,2480,0x46,PUCCH,,,,,,,,,,,,,,,,,,1,-inf,"0.000,",,,,,,,,
2026-08-18T11:36:33.966677,2481,0x46,PUCCH,,,,,,,,,,,,,,,,,,2,111.8,"1.000,",,,,,,,,
2026-08-18T11:36:34.785056,2500,0x46,PUCCH,,,,,,,,,,,,,,,,,,1,-inf,"0.000,",,,,,,,,
2026-08-18T11:36:35.416053,2520,0x46,PUCCH,,,,,,,,,,,,,,,,,,1,-inf,"0.000,",,,,,,,,
2026-08-18T11:36:35.450790,2521,0x46,PUCCH,,,,,,,,,,,,,,,,,,2,111.8,"1.000,",,,,,,,,
2026-08-18T11:36:36.106381,2540,0x46,PUCCH,,,,,,,,,,,,,,,,,,1,-inf,"0.000,",,,,,,,,
2026-08-18T11:36:36.822833,2560,0x46,PUCCH,,,,,,,,,,,,,,,,,,1,-inf,"0.000,",,,,,,,,
2026-08-18T11:36:36.861666,2561,0x46,PUCCH,,,,,,,,,,,,,,,,,,2,111.8,"1.000,",,,,,,,,
2026-08-18T11:36:37.590948,2580,0x46,PUCCH,,,,,,,,,,,,,,,,,,1,-inf,"0.000,",,,,,,,,
2026-08-18T11:36:38.231775,2600,0x46,PUCCH,,,,,,,,,,,,,,,,,,1,-inf,"0.000,",,,,,,,,
2026-08-18T11:36:38.263293,2601,0x46,PUCCH,,,,,,,,,,,,,,,,,,2,111.8,"1.000,",,,,,,,,
2026-08-18T11:36:38.849929,2620,0x46,PUCCH,,,,,,,,,,,,,,,,,,1,-inf,"0.000,",,,,,,,,
2026-08-18T11:36:39.763913,2640,0x46,PUCCH,,,,,,,,,,,,,,,,,,1,-inf,"0.000,",,,,,,,,
2026-08-18T11:36:39.800400,2641,0x46,PUCCH,,,,,,,,,,,,,,,,,,2,111.8,"1.000,",,,,,,,,
2026-08-18T11:36:40.491600,2660,0x46,PUCCH,,,,,,,,,,,,,,,,,,1,-inf,"0.000,",,,,,,,,
2026-08-18T11:36:41.174914,2680,0x46,PUCCH,,,,,,,,,,,,,,,,,,1,-inf,"0.000,",,,,,,,,
2026-08-18T11:36:41.205818,2681,0x46,PUCCH,,,,,,,,,,,,,,,,,,2,111.8,"1.000,",,,,,,,,
2026-08-18T11:36:42.281137,2700,0x46,PUCCH,,,,,,,,,,,,,,,,,,1,-inf,"0.000,",,,,,,,,
2026-08-18T11:36:42.921650,2720,0x46,PUCCH,,,,,,,,,,,,,,,,,,1,-inf,"0.000,",,,,,,,,
2026-08-18T11:36:42.948116,2721,0x46,PUCCH,,,,,,,,,,,,,,,,,,2,111.8,"1.000,",,,,,,,,
2026-08-18T11:36:43.622619,2740,0x46,PUCCH,,,,,,,,,,,,,,,,,,1,-inf,"0.000,",,,,,,,,
2026-08-18T11:36:44.379482,2760,0x46,PUCCH,,,,,,,,,,,,,,,,,,1,-inf,"0.000,",,,,,,,,
2026-08-18T11:36:44.425294,2761,0x46,PUCCH,,,,,,,,,,,,,,,,,,2,111.8,"1.000,",,,,,,,,
2026-08-18T11:36:45.067264,2780,0x46,PUCCH,,,,,,,,,,,,,,,,,,1,-inf,"0.000,",,,,,,,,
2026-08-18T11:36:45.666894,2800,0x46,PUCCH,,,,,,,,,,,,,,,,,,1,-inf,"0.000,",,,,,,,,
2026-08-18T11:36:45.696443,2801,0x46,PUCCH,,,,,,,,,,,,,,,,,,2,111.8,"1.000,",,,,,,,,
2026-08-18T11:36:46.295668,2820,0x46,PUCCH,,,,,,,,,,,,,,,,,,1,-inf,"0.000,",,,,,,,,
2026-08-18T11:36:46.891035,2840,0x46,PUCCH,,,,,,,,,,,,,,,,,,1,-inf,"0.000,",,,,,,,,
2026-08-18T11:36:46.918250,2841,0x46,PUCCH,,,,,,,,,,,,,,,,,,2,111.8,"1.000,",,,,,,,,
2026-08-18T11:36:47.802383,2860,0x46,PUCCH,,,,,,,,,,,,,,,,,,1,-inf,"0.000,",,,,,,,,
2026-08-18T11:36:48.817964,2880,0x46,PUCCH,,,,,,,,,,,,,,,,,,1,-inf,"0.000,",,,,,,,,
2026-08-18T11:36:48.903458,2881,0x46,PUCCH,,,,,,,,,,,,,,,,,,2,111.8,"1.000,",,,,,,,,
2026-08-18T11:36:49.770635,2900,0x46,PUCCH,,,,,,,,,,,,,,,,,,1,-inf,"0.000,",,,,,,,,
2026-08-18T11:36:50.816115,2920,0x46,PUCCH,,,,,,,,,,,,,,,,,,1,-inf,"0.000,",,,,,,,,
2026-08-18T11:36:50.854563,2921,0x46,PUCCH,,,,,,,,,,,,,,,,,,2,111.8,"1.000,",,,,,,,,
2026-08-18T11:36:51.716131,2940,0x46,PUCCH,,,,,,,,,,,,,,,,,,1,-inf,"0.000,",,,,,,,,
2026-08-18T11:36:52.822811,2960,0x46,PUCCH,,,,,,,,,,,,,,,,,,1,-inf,"0.000,",,,,,,,,
2026-08-18T11:36:52.886193,2961,0x46,PUCCH,,,,,,,,,,,,,,,,,,2,111.8,"1.000,",,,,,,,,
2026-08-18T11:36:53.787532,2980,0x46,PUCCH,,,,,,,,,,,,,,,,,,1,-inf,"0.000,",,,,,,,,
2026-08-18T11:36:54.647707,3000,0x46,PUCCH,,,,,,,,,,,,,,,,,,1,-inf,"0.000,",,,,,,,,
2026-08-18T11:36:54.688981,3001,0x46,PUCCH,,,,,,,,,,,,,,,,,,2,111.8,"1.000,",,,,,,,,
2026-08-18T11:36:55.349767,3020,0x46,PUCCH,,,,,,,,,,,,,,,,,,1,-inf,"0.000,",,,,,,,,
2026-08-18T11:36:56.212513,3040,0x46,PUCCH,,,,,,,,,,,,,,,,,,1,-inf,"0.000,",,,,,,,,
2026-08-18T11:36:56.255351,3041,0x46,PUCCH,,,,,,,,,,,,,,,,,,2,111.8,"1.000,",,,,,,,,
2026-08-18T11:36:56.943042,3060,0x46,PUCCH,,,,,,,,,,,,,,,,,,1,-inf,"0.000,",,,,,,,,
2026-08-18T11:36:57.609664,3080,0x46,PUCCH,,,,,,,,,,,,,,,,,,1,-inf,"0.000,",,,,,,,,
2026-08-18T11:36:57.640865,3081,0x46,PUCCH,,,,,,,,,,,,,,,,,,2,111.8,"1.000,",,,,,,,,
2026-08-18T11:36:58.346272,3100,0x46,PUCCH,,,,,,,,,,,,,,,,,,1,-inf,"0.000,",,,,,,,,
2026-08-18T11:36:59.181365,3120,0x46,PUCCH,,,,,,,,,,,,,,,,,,1,-inf,"0.000,",,,,,,,,
2026-08-18T11:36:59.210419,3121,0x46,PUCCH,,,,,,,,,,,,,,,,,,2,111.8,"1.000,",,,,,,,,
2026-08-18T11:36:59.791106,3140,0x46,PUCCH,,,,,,,,,,,,,,,,,,1,-inf,"0.000,",,,,,,,,
2026-08-18T11:37:00.349983,3160,0x46,PUCCH,,,,,,,,,,,,,,,,,,1,-inf,"0.000,",,,,,,,,
2026-08-18T11:37:00.369887,3161,0x46,PUCCH,,,,,,,,,,,,,,,,,,2,111.8,"1.000,",,,,,,,,
2026-08-18T11:37:00.907843,3180,0x46,PUCCH,,,,,,,,,,,,,,,,,,1,-inf,"0.000,",,,,,,,,
2026-08-18T11:37:01.573538,3200,0x46,PUCCH,,,,,,,,,,,,,,,,,,1,-inf,"0.000,",,,,,,,,
2026-08-18T11:37:01.616299,3201,0x46,PUCCH,,,,,,,,,,,,,,,,,,2,111.8,"1.000,",,,,,,,,
2026-08-18T11:37:02.274705,3220,0x46,PUCCH,,,,,,,,,,,,,,,,,,1,-inf,"0.000,",,,,,,,,
2026-08-18T11:37:02.956268,3240,0x46,PUCCH,,,,,,,,,,,,,,,,,,1,-inf,"0.000,",,,,,,,,
2026-08-18T11:37:02.986078,3241,0x46,PUCCH,,,,,,,,,,,,,,,,,,2,111.8,"1.000,",,,,,,,,
2026-08-18T11:37:03.648760,3260,0x46,PUCCH,,,,,,,,,,,,,,,,,,1,-inf,"0.000,",,,,,,,,
2026-08-18T11:37:04.780233,3280,0x46,PUCCH,,,,,,,,,,,,,,,,,,1,-inf,"0.000,",,,,,,,,
2026-08-18T11:37:04.818435,3281,0x46,PUCCH,,,,,,,,,,,,,,,,,,2,111.8,"1.000,",,,,,,,,
2026-08-18T11:37:05.489642,3300,0x46,PUCCH,,,,,,,,,,,,,,,,,,1,-inf,"0.000,",,,,,,,,
2026-08-18T11:37:06.386012,3320,0x46,PUCCH,,,,,,,,,,,,,,,,,,1,-inf,"0.000,",,,,,,,,
2026-08-18T11:37:06.432444,3321,0x46,PUCCH,,,,,,,,,,,,,,,,,,2,111.8,"1.000,",,,,,,,,
2026-08-18T11:37:07.163903,3340,0x46,PUCCH,,,,,,,,,,,,,,,,,,1,-inf,"0.000,",,,,,,,,
2026-08-18T11:37:08.087776,3360,0x46,PUCCH,,,,,,,,,,,,,,,,,,1,-inf,"0.000,",,,,,,,,
2026-08-18T11:37:08.122428,3361,0x46,PUCCH,,,,,,,,,,,,,,,,,,2,111.8,"1.000,",,,,,,,,
2026-08-18T11:37:09.075697,3380,0x46,PUCCH,,,,,,,,,,,,,,,,,,1,-inf,"0.000,",,,,,,,,
2026-08-18T11:37:09.810226,3400,0x46,PUCCH,,,,,,,,,,,,,,,,,,1,-inf,"0.000,",,,,,,,,
2026-08-18T11:37:09.840452,3401,0x46,PUCCH,,,,,,,,,,,,,,,,,,2,111.8,"1.000,",,,,,,,,
2026-08-18T11:37:10.364035,3420,0x46,PUCCH,,,,,,,,,,,,,,,,,,1,-inf,"0.000,",,,,,,,,
2026-08-18T11:37:10.955863,3440,0x46,PUCCH,,,,,,,,,,,,,,,,,,1,-inf,"0.000,",,,,,,,,
2026-08-18T11:37:10.987101,3441,0x46,PUCCH,,,,,,,,,,,,,,,,,,2,111.8,"1.000,",,,,,,,,
2026-08-18T11:37:11.554913,3460,0x46,PUCCH,,,,,,,,,,,,,,,,,,1,-inf,"0.000,",,,,,,,,
2026-08-18T11:37:12.517210,3480,0x46,PUCCH,,,,,,,,,,,,,,,,,,1,-inf,"0.000,",,,,,,,,
2026-08-18T11:37:12.585301,3481,0x46,PUCCH,,,,,,,,,,,,,,,,,,2,111.8,"1.000,",,,,,,,,
2026-08-18T11:37:13.300237,3500,0x46,PUCCH,,,,,,,,,,,,,,,,,,1,-inf,"0.000,",,,,,,,,
2026-08-18T11:37:13.942955,3520,0x46,PUCCH,,,,,,,,,,,,,,,,,,1,-inf,"0.000,",,,,,,,,
2026-08-18T11:37:13.982258,3521,0x46,PUCCH,,,,,,,,,,,,,,,,,,2,111.8,"1.000,",,,,,,,,
2026-08-18T11:37:14.796914,3540,0x46,PUCCH,,,,,,,,,,,,,,,,,,1,-inf,"0.000,",,,,,,,,
2026-08-18T11:37:15.684109,3560,0x46,PUCCH,,,,,,,,,,,,,,,,,,1,-inf,"0.000,",,,,,,,,
2026-08-18T11:37:15.726102,3561,0x46,PUCCH,,,,,,,,,,,,,,,,,,2,111.8,"1.000,",,,,,,,,
2026-08-18T11:37:16.353087,3580,0x46,PUCCH,,,,,,,,,,,,,,,,,,1,-inf,"0.000,",,,,,,,,
2026-08-18T11:37:16.814827,3600,0x46,PUCCH,,,,,,,,,,,,,,,,,,1,-inf,"0.000,",,,,,,,,
2026-08-18T11:37:16.860694,3601,0x46,PUCCH,,,,,,,,,,,,,,,,,,2,111.8,"1.000,",,,,,,,,
2026-08-18T11:37:17.452547,3620,0x46,PUCCH,,,,,,,,,,,,,,,,,,1,-inf,"0.000,",,,,,,,,
2026-08-18T11:37:18.093611,3640,0x46,PUCCH,,,,,,,,,,,,,,,,,,1,-inf,"0.000,",,,,,,,,
2026-08-18T11:37:18.133778,3641,0x46,PUCCH,,,,,,,,,,,,,,,,,,2,111.8,"1.000,",,,,,,,,
2026-08-18T11:37:18.905657,3660,0x46,PUCCH,,,,,,,,,,,,,,,,,,1,-inf,"0.000,",,,,,,,,
2026-08-18T11:37:19.749678,3680,0x46,PUCCH,,,,,,,,,,,,,,,,,,1,-inf,"0.000,",,,,,,,,
2026-08-18T11:37:19.789661,3681,0x46,PUCCH,,,,,,,,,,,,,,,,,,2,111.8,"1.000,",,,,,,,,
2026-08-18T11:37:20.652103,3700,0x46,PUCCH,,,,,,,,,,,,,,,,,,1,-inf,"0.000,",,,,,,,,
2026-08-18T11:37:21.509834,3720,0x46,PUCCH,,,,,,,,,,,,,,,,,,1,-inf,"0.000,",,,,,,,,
2026-08-18T11:37:21.539704,3721,0x46,PUCCH,,,,,,,,,,,,,,,,,,2,111.8,"1.000,",,,,,,,,
2026-08-18T11:37:22.157137,3740,0x46,PUCCH,,,,,,,,,,,,,,,,,,1,-inf,"0.000,",,,,,,,,
2026-08-18T11:37:22.755257,3760,0x46,PUCCH,,,,,,,,,,,,,,,,,,1,-inf,"0.000,",,,,,,,,
2026-08-18T11:37:22.787260,3761,0x46,PUCCH,,,,,,,,,,,,,,,,,,2,111.8,"1.000,",,,,,,,,
2026-08-18T11:37:23.565924,3780,0x46,PUCCH,,,,,,,,,,,,,,,,,,1,-inf,"0.000,",,,,,,,,
2026-08-18T11:37:24.247217,3800,0x46,PUCCH,,,,,,,,,,,,,,,,,,1,-inf,"0.000,",,,,,,,,
2026-08-18T11:37:24.275935,3801,0x46,PUCCH,,,,,,,,,,,,,,,,,,2,111.8,"1.000,",,,,,,,,
2026-08-18T11:37:24.901144,3820,0x46,PUCCH,,,,,,,,,,,,,,,,,,1,-inf,"0.000,",,,,,,,,
2026-08-18T11:37:25.778242,3840,0x46,PUCCH,,,,,,,,,,,,,,,,,,1,-inf,"0.000,",,,,,,,,
2026-08-18T11:37:25.808933,3841,0x46,PUCCH,,,,,,,,,,,,,,,,,,2,111.8,"1.000,",,,,,,,,
2026-08-18T11:37:26.390601,3860,0x46,PUCCH,,,,,,,,,,,,,,,,,,1,-inf,"0.000,",,,,,,,,
2026-08-18T11:37:27.071917,3880,0x46,PUCCH,,,,,,,,,,,,,,,,,,1,-inf,"0.000,",,,,,,,,
2026-08-18T11:37:27.104610,3881,0x46,PUCCH,,,,,,,,,,,,,,,,,,2,111.8,"1.000,",,,,,,,,
2026-08-18T11:37:28.026688,3900,0x46,PUCCH,,,,,,,,,,,,,,,,,,1,-inf,"0.000,",,,,,,,,
2026-08-18T11:37:28.759257,3920,0x46,PUCCH,,,,,,,,,,,,,,,,,,1,-inf,"0.000,",,,,,,,,
2026-08-18T11:37:28.785305,3921,0x46,PUCCH,,,,,,,,,,,,,,,,,,2,111.8,"1.000,",,,,,,,,
2026-08-18T11:37:29.355999,3940,0x46,PUCCH,,,,,,,,,,,,,,,,,,1,-inf,"0.000,",,,,,,,,
2026-08-18T11:37:30.094412,3960,0x46,PUCCH,,,,,,,,,,,,,,,,,,1,-inf,"0.000,",,,,,,,,
2026-08-18T11:37:30.120278,3961,0x46,PUCCH,,,,,,,,,,,,,,,,,,2,111.8,"1.000,",,,,,,,,
2026-08-18T11:37:30.969031,3980,0x46,PUCCH,,,,,,,,,,,,,,,,,,1,-inf,"0.000,",,,,,,,,
2026-08-18T11:37:31.708144,4000,0x46,PUCCH,,,,,,,,,,,,,,,,,,1,-inf,"0.000,",,,,,,,,
2026-08-18T11:37:31.746466,4001,0x46,PUCCH,,,,,,,,,,,,,,,,,,2,111.8,"1.000,",,,,,,,,
2026-08-18T11:37:32.487087,4020,0x46,PUCCH,,,,,,,,,,,,,,,,,,1,-inf,"0.000,",,,,,,,,
2026-08-18T11:37:33.197066,4040,0x46,PUCCH,,,,,,,,,,,,,,,,,,1,-inf,"0.000,",,,,,,,,
2026-08-18T11:37:33.228707,4041,0x46,PUCCH,,,,,,,,,,,,,,,,,,2,111.8,"1.000,",,,,,,,,
2026-08-18T11:37:33.799456,4060,0x46,PUCCH,,,,,,,,,,,,,,,,,,1,-inf,"0.000,",,,,,,,,
2026-08-18T11:37:34.350936,4080,0x46,PUCCH,,,,,,,,,,,,,,,,,,1,-inf,"0.000,",,,,,,,,
2026-08-18T11:37:34.376229,4081,0x46,PUCCH,,,,,,,,,,,,,,,,,,2,111.8,"1.000,",,,,,,,,
2026-08-18T11:37:34.977162,4100,0x46,PUCCH,,,,,,,,,,,,,,,,,,1,-inf,"0.000,",,,,,,,,
2026-08-18T11:37:35.506681,4120,0x46,PUCCH,,,,,,,,,,,,,,,,,,1,-inf,"0.000,",,,,,,,,
2026-08-18T11:37:35.545858,4121,0x46,PUCCH,,,,,,,,,,,,,,,,,,2,111.8,"1.000,",,,,,,,,
2026-08-18T11:37:36.248775,4140,0x46,PUCCH,,,,,,,,,,,,,,,,,,1,-inf,"0.000,",,,,,,,,
2026-08-18T11:37:37.039427,4160,0x46,PUCCH,,,,,,,,,,,,,,,,,,1,-inf,"0.000,",,,,,,,,
2026-08-18T11:37:37.071733,4161,0x46,PUCCH,,,,,,,,,,,,,,,,,,2,111.8,"1.000,",,,,,,,,
2026-08-18T11:37:37.725827,4180,0x46,PUCCH,,,,,,,,,,,,,,,,,,1,-inf,"0.000,",,,,,,,,
2026-08-18T11:37:38.354282,4200,0x46,PUCCH,,,,,,,,,,,,,,,,,,1,-inf,"0.000,",,,,,,,,
2026-08-18T11:37:38.392599,4201,0x46,PUCCH,,,,,,,,,,,,,,,,,,2,111.8,"1.000,",,,,,,,,
2026-08-18T11:37:39.355749,4220,0x46,PUCCH,,,,,,,,,,,,,,,,,,1,-inf,"0.000,",,,,,,,,
2026-08-18T11:37:40.252762,4240,0x46,PUCCH,,,,,,,,,,,,,,,,,,1,-inf,"0.000,",,,,,,,,
2026-08-18T11:37:40.303973,4241,0x46,PUCCH,,,,,,,,,,,,,,,,,,2,111.8,"1.000,",,,,,,,,
2026-08-18T11:37:41.170045,4260,0x46,PUCCH,,,,,,,,,,,,,,,,,,1,-inf,"0.000,",,,,,,,,
2026-08-18T11:37:41.971684,4280,0x46,PUCCH,,,,,,,,,,,,,,,,,,1,-inf,"0.000,",,,,,,,,
2026-08-18T11:37:42.010689,4281,0x46,PUCCH,,,,,,,,,,,,,,,,,,2,111.8,"1.000,",,,,,,,,
2026-08-18T11:37:42.610591,4300,0x46,PUCCH,,,,,,,,,,,,,,,,,,1,-inf,"0.000,",,,,,,,,
2026-08-18T11:37:43.392200,4320,0x46,PUCCH,,,,,,,,,,,,,,,,,,1,-inf,"0.000,",,,,,,,,
2026-08-18T11:37:43.424255,4321,0x46,PUCCH,,,,,,,,,,,,,,,,,,2,111.8,"1.000,",,,,,,,,
2026-08-18T11:37:44.286507,4340,0x46,PUCCH,,,,,,,,,,,,,,,,,,1,-inf,"0.000,",,,,,,,,
2026-08-18T11:37:45.090207,4360,0x46,PUCCH,,,,,,,,,,,,,,,,,,1,-inf,"0.000,",,,,,,,,
2026-08-18T11:37:45.126797,4361,0x46,PUCCH,,,,,,,,,,,,,,,,,,2,111.8,"1.000,",,,,,,,,
2026-08-18T11:37:45.939509,4380,0x46,PUCCH,,,,,,,,,,,,,,,,,,1,-inf,"0.000,",,,,,,,,
2026-08-18T11:37:46.883951,4400,0x46,PUCCH,,,,,,,,,,,,,,,,,,1,-inf,"0.000,",,,,,,,,
2026-08-18T11:37:46.926155,4401,0x46,PUCCH,,,,,,,,,,,,,,,,,,2,111.8,"1.000,",,,,,,,,
2026-08-18T11:37:47.613534,4420,0x46,PUCCH,,,,,,,,,,,,,,,,,,1,-inf,"0.000,",,,,,,,,
2026-08-18T11:37:48.701835,4440,0x46,PUCCH,,,,,,,,,,,,,,,,,,1,-inf,"0.000,",,,,,,,,
2026-08-18T11:37:48.752082,4441,0x46,PUCCH,,,,,,,,,,,,,,,,,,2,111.8,"1.000,",,,,,,,,
2026-08-18T11:37:49.457137,4460,0x46,PUCCH,,,,,,,,,,,,,,,,,,1,-inf,"0.000,",,,,,,,,
2026-08-18T11:37:50.341284,4480,0x46,PUCCH,,,,,,,,,,,,,,,,,,1,-inf,"0.000,",,,,,,,,
2026-08-18T11:37:50.377657,4481,0x46,PUCCH,,,,,,,,,,,,,,,,,,2,111.8,"1.000,",,,,,,,,
2026-08-18T11:37:50.994532,4500,0x46,PUCCH,,,,,,,,,,,,,,,,,,1,-inf,"0.000,",,,,,,,,
2026-08-18T11:37:51.709180,4520,0x46,PUCCH,,,,,,,,,,,,,,,,,,1,-inf,"0.000,",,,,,,,,
2026-08-18T11:37:51.737102,4521,0x46,PUCCH,,,,,,,,,,,,,,,,,,2,111.8,"1.000,",,,,,,,,
2026-08-18T11:37:52.380908,4540,0x46,PUCCH,,,,,,,,,,,,,,,,,,1,-inf,"0.000,",,,,,,,,
2026-08-18T11:37:53.123903,4560,0x46,PUCCH,,,,,,,,,,,,,,,,,,1,-inf,"0.000,",,,,,,,,
2026-08-18T11:37:53.152536,4561,0x46,PUCCH,,,,,,,,,,,,,,,,,,2,111.8,"1.000,",,,,,,,,
2026-08-18T11:37:53.839919,4580,0x46,PUCCH,,,,,,,,,,,,,,,,,,1,-inf,"0.000,",,,,,,,,
2026-08-18T11:37:54.796871,4600,0x46,PUCCH,,,,,,,,,,,,,,,,,,1,-inf,"0.000,",,,,,,,,
2026-08-18T11:37:54.827296,4601,0x46,PUCCH,,,,,,,,,,,,,,,,,,2,111.8,"1.000,",,,,,,,,
2026-08-18T11:37:55.987729,4620,0x46,PUCCH,,,,,,,,,,,,,,,,,,1,-inf,"0.000,",,,,,,,,
2026-08-18T11:37:56.747482,4640,0x46,PUCCH,,,,,,,,,,,,,,,,,,1,-inf,"0.000,",,,,,,,,
2026-08-18T11:37:56.775972,4641,0x46,PUCCH,,,,,,,,,,,,,,,,,,2,111.8,"1.000,",,,,,,,,
2026-08-18T11:37:57.363053,4660,0x46,PUCCH,,,,,,,,,,,,,,,,,,1,-inf,"0.000,",,,,,,,,
2026-08-18T11:37:57.976631,4680,0x46,PUCCH,,,,,,,,,,,,,,,,,,1,-inf,"0.000,",,,,,,,,
2026-08-18T11:37:58.004498,4681,0x46,PUCCH,,,,,,,,,,,,,,,,,,2,111.8,"1.000,",,,,,,,,
2026-08-18T11:37:59.024256,4700,0x46,PUCCH,,,,,,,,,,,,,,,,,,1,-inf,"0.000,",,,,,,,,
2026-08-18T11:37:59.754401,4720,0x46,PUCCH,,,,,,,,,,,,,,,,,,1,-inf,"0.000,",,,,,,,,
2026-08-18T11:37:59.784301,4721,0x46,PUCCH,,,,,,,,,,,,,,,,,,2,111.8,"1.000,",,,,,,,,
2026-08-18T11:38:00.448661,4740,0x46,PUCCH,,,,,,,,,,,,,,,,,,1,-inf,"0.000,",,,,,,,,
2026-08-18T11:38:01.313188,4760,0x46,PUCCH,,,,,,,,,,,,,,,,,,1,-inf,"0.000,",,,,,,,,
2026-08-18T11:38:01.355555,4761,0x46,PUCCH,,,,,,,,,,,,,,,,,,2,111.8,"1.000,",,,,,,,,
2026-08-18T11:38:02.312186,4780,0x46,PUCCH,,,,,,,,,,,,,,,,,,1,-inf,"0.000,",,,,,,,,
2026-08-18T11:38:03.053399,4800,0x46,PUCCH,,,,,,,,,,,,,,,,,,1,-inf,"0.000,",,,,,,,,
2026-08-18T11:38:03.088247,4801,0x46,PUCCH,,,,,,,,,,,,,,,,,,2,111.8,"1.000,",,,,,,,,
2026-08-18T11:38:03.658214,4820,0x46,PUCCH,,,,,,,,,,,,,,,,,,1,-inf,"0.000,",,,,,,,,
2026-08-18T11:38:04.370876,4840,0x46,PUCCH,,,,,,,,,,,,,,,,,,1,-inf,"0.000,",,,,,,,,
2026-08-18T11:38:04.411375,4841,0x46,PUCCH,,,,,,,,,,,,,,,,,,2,111.8,"1.000,",,,,,,,,
2026-08-18T11:38:05.261154,4860,0x46,PUCCH,,,,,,,,,,,,,,,,,,1,-inf,"0.000,",,,,,,,,
2026-08-18T11:38:06.141483,4880,0x46,PUCCH,,,,,,,,,,,,,,,,,,1,-inf,"0.000,",,,,,,,,
2026-08-18T11:38:06.200072,4881,0x46,PUCCH,,,,,,,,,,,,,,,,,,2,111.8,"1.000,",,,,,,,,
2026-08-18T11:38:06.997503,4900,0x46,PUCCH,,,,,,,,,,,,,,,,,,1,-inf,"0.000,",,,,,,,,
2026-08-18T11:38:07.671995,4920,0x46,PUCCH,,,,,,,,,,,,,,,,,,1,-inf,"0.000,",,,,,,,,
2026-08-18T11:38:07.705488,4921,0x46,PUCCH,,,,,,,,,,,,,,,,,,2,111.8,"1.000,",,,,,,,,
2026-08-18T11:38:08.338839,4940,0x46,PUCCH,,,,,,,,,,,,,,,,,,1,-inf,"0.000,",,,,,,,,
2026-08-18T11:38:09.244704,4960,0x46,PUCCH,,,,,,,,,,,,,,,,,,1,-inf,"0.000,",,,,,,,,
2026-08-18T11:38:09.290020,4961,0x46,PUCCH,,,,,,,,,,,,,,,,,,2,111.8,"1.000,",,,,,,,,
2026-08-18T11:38:09.998190,4980,0x46,PUCCH,,,,,,,,,,,,,,,,,,1,-inf,"0.000,",,,,,,,,
2026-08-18T11:38:10.806765,5000,0x46,PUCCH,,,,,,,,,,,,,,,,,,1,-inf,"0.000,",,,,,,,,
2026-08-18T11:38:10.859165,5001,0x46,PUCCH,,,,,,,,,,,,,,,,,,2,111.8,"1.000,",,,,,,,,
2026-08-18T11:38:11.726226,5020,0x46,PUCCH,,,,,,,,,,,,,,,,,,1,-inf,"0.000,",,,,,,,,
2026-08-18T11:38:13.029588,5040,0x46,PUCCH,,,,,,,,,,,,,,,,,,1,-inf,"0.000,",,,,,,,,
2026-08-18T11:38:13.078523,5041,0x46,PUCCH,,,,,,,,,,,,,,,,,,2,111.8,"1.000,",,,,,,,,
2026-08-18T11:38:13.892441,5060,0x46,PUCCH,,,,,,,,,,,,,,,,,,1,-inf,"0.000,",,,,,,,,
2026-08-18T11:38:14.747977,5080,0x46,PUCCH,,,,,,,,,,,,,,,,,,1,-inf,"0.000,",,,,,,,,
2026-08-18T11:38:14.796495,5081,0x46,PUCCH,,,,,,,,,,,,,,,,,,2,111.8,"1.000,",,,,,,,,
2026-08-18T11:38:15.725937,5100,0x46,PUCCH,,,,,,,,,,,,,,,,,,1,-inf,"0.000,",,,,,,,,
2026-08-18T11:38:16.739423,5120,0x46,PUCCH,,,,,,,,,,,,,,,,,,1,-inf,"0.000,",,,,,,,,
2026-08-18T11:38:16.768827,5121,0x46,PUCCH,,,,,,,,,,,,,,,,,,2,111.8,"1.000,",,,,,,,,
2026-08-18T11:38:17.528885,5140,0x46,PUCCH,,,,,,,,,,,,,,,,,,1,-inf,"0.000,",,,,,,,,
2026-08-18T11:38:18.325523,5160,0x46,PUCCH,,,,,,,,,,,,,,,,,,1,-inf,"0.000,",,,,,,,,
2026-08-18T11:38:18.357819,5161,0x46,PUCCH,,,,,,,,,,,,,,,,,,2,111.8,"1.000,",,,,,,,,
2026-08-18T11:38:19.150388,5180,0x46,PUCCH,,,,,,,,,,,,,,,,,,1,-inf,"0.000,",,,,,,,,
2026-08-18T11:38:20.017460,5200,0x46,PUCCH,,,,,,,,,,,,,,,,,,1,-inf,"0.000,",,,,,,,,
2026-08-18T11:38:20.049010,5201,0x46,PUCCH,,,,,,,,,,,,,,,,,,2,111.8,"1.000,",,,,,,,,
2026-08-18T11:38:20.715337,5220,0x46,PUCCH,,,,,,,,,,,,,,,,,,1,-inf,"0.000,",,,,,,,,
2026-08-18T11:38:21.543393,5240,0x46,PUCCH,,,,,,,,,,,,,,,,,,1,-inf,"0.000,",,,,,,,,
2026-08-18T11:38:21.589151,5241,0x46,PUCCH,,,,,,,,,,,,,,,,,,2,111.8,"1.000,",,,,,,,,
2026-08-18T11:38:22.268620,5260,0x46,PUCCH,,,,,,,,,,,,,,,,,,1,-inf,"0.000,",,,,,,,,
2026-08-18T11:38:23.063526,5280,0x46,PUCCH,,,,,,,,,,,,,,,,,,1,-inf,"0.000,",,,,,,,,
2026-08-18T11:38:23.102465,5281,0x46,PUCCH,,,,,,,,,,,,,,,,,,2,111.8,"1.000,",,,,,,,,
2026-08-18T11:38:23.971178,5300,0x46,PUCCH,,,,,,,,,,,,,,,,,,1,-inf,"0.000,",,,,,,,,
2026-08-18T11:38:24.694729,5320,0x46,PUCCH,,,,,,,,,,,,,,,,,,1,-inf,"0.000,",,,,,,,,
2026-08-18T11:38:24.722793,5321,0x46,PUCCH,,,,,,,,,,,,,,,,,,2,111.8,"1.000,",,,,,,,,
2026-08-18T11:38:25.403710,5340,0x46,PUCCH,,,,,,,,,,,,,,,,,,1,-inf,"0.000,",,,,,,,,
2026-08-18T11:38:26.150148,5360,0x46,PUCCH,,,,,,,,,,,,,,,,,,1,-inf,"0.000,",,,,,,,,
2026-08-18T11:38:26.181276,5361,0x46,PUCCH,,,,,,,,,,,,,,,,,,2,111.8,"1.000,",,,,,,,,
2026-08-18T11:38:26.991592,5380,0x46,PUCCH,,,,,,,,,,,,,,,,,,1,-inf,"0.000,",,,,,,,,
2026-08-18T11:38:27.746898,5400,0x46,PUCCH,,,,,,,,,,,,,,,,,,1,-inf,"0.000,",,,,,,,,
2026-08-18T11:38:27.778032,5401,0x46,PUCCH,,,,,,,,,,,,,,,,,,2,111.8,"1.000,",,,,,,,,
2026-08-18T11:38:28.554774,5420,0x46,PUCCH,,,,,,,,,,,,,,,,,,1,-inf,"0.000,",,,,,,,,
2026-08-18T11:38:29.360294,5440,0x46,PUCCH,,,,,,,,,,,,,,,,,,1,-inf,"0.000,",,,,,,,,
2026-08-18T11:38:29.421151,5441,0x46,PUCCH,,,,,,,,,,,,,,,,,,2,111.8,"1.000,",,,,,,,,
2026-08-18T11:38:30.428884,5460,0x46,PUCCH,,,,,,,,,,,,,,,,,,1,-inf,"0.000,",,,,,,,,
2026-08-18T11:38:31.483814,5480,0x46,PUCCH,,,,,,,,,,,,,,,,,,1,-inf,"0.000,",,,,,,,,
2026-08-18T11:38:31.520785,5481,0x46,PUCCH,,,,,,,,,,,,,,,,,,2,111.8,"1.000,",,,,,,,,
2026-08-18T11:38:32.274879,5500,0x46,PUCCH,,,,,,,,,,,,,,,,,,1,-inf,"0.000,",,,,,,,,
2026-08-18T11:38:33.452958,5520,0x46,PUCCH,,,,,,,,,,,,,,,,,,1,-inf,"0.000,",,,,,,,,
2026-08-18T11:38:33.488171,5521,0x46,PUCCH,,,,,,,,,,,,,,,,,,2,111.8,"1.000,",,,,,,,,
2026-08-18T11:38:34.187854,5540,0x46,PUCCH,,,,,,,,,,,,,,,,,,1,-inf,"0.000,",,,,,,,,
2026-08-18T11:38:35.031205,5560,0x46,PUCCH,,,,,,,,,,,,,,,,,,1,-inf,"0.000,",,,,,,,,
2026-08-18T11:38:35.063730,5561,0x46,PUCCH,,,,,,,,,,,,,,,,,,2,111.8,"1.000,",,,,,,,,
2026-08-18T11:38:35.889161,5580,0x46,PUCCH,,,,,,,,,,,,,,,,,,1,-inf,"0.000,",,,,,,,,
2026-08-18T11:38:37.124201,5600,0x46,PUCCH,,,,,,,,,,,,,,,,,,1,-inf,"0.000,",,,,,,,,
2026-08-18T11:38:37.163336,5601,0x46,PUCCH,,,,,,,,,,,,,,,,,,2,111.8,"1.000,",,,,,,,,
2026-08-18T11:38:37.993355,5620,0x46,PUCCH,,,,,,,,,,,,,,,,,,1,-inf,"0.000,",,,,,,,,
2026-08-18T11:38:38.668350,5640,0x46,PUCCH,,,,,,,,,,,,,,,,,,1,-inf,"0.000,",,,,,,,,
2026-08-18T11:38:38.697416,5641,0x46,PUCCH,,,,,,,,,,,,,,,,,,2,111.8,"1.000,",,,,,,,,
2026-08-18T11:38:39.550314,5660,0x46,PUCCH,,,,,,,,,,,,,,,,,,1,-inf,"0.000,",,,,,,,,
2026-08-18T11:38:40.641913,5680,0x46,PUCCH,,,,,,,,,,,,,,,,,,1,-inf,"0.000,",,,,,,,,
2026-08-18T11:38:40.705268,5681,0x46,PUCCH,,,,,,,,,,,,,,,,,,2,111.8,"1.000,",,,,,,,,
2026-08-18T11:38:41.461348,5700,0x46,PUCCH,,,,,,,,,,,,,,,,,,1,-inf,"0.000,",,,,,,,,
2026-08-18T11:38:42.249272,5720,0x46,PUCCH,,,,,,,,,,,,,,,,,,1,-inf,"0.000,",,,,,,,,
2026-08-18T11:38:42.280510,5721,0x46,PUCCH,,,,,,,,,,,,,,,,,,2,111.8,"1.000,",,,,,,,,
2026-08-18T11:38:42.858787,5740,0x46,PUCCH,,,,,,,,,,,,,,,,,,1,-inf,"0.000,",,,,,,,,
2026-08-18T11:38:43.614174,5760,0x46,PUCCH,,,,,,,,,,,,,,,,,,1,-inf,"0.000,",,,,,,,,
2026-08-18T11:38:43.662129,5761,0x46,PUCCH,,,,,,,,,,,,,,,,,,2,111.8,"1.000,",,,,,,,,
2026-08-18T11:38:44.456354,5780,0x46,PUCCH,,,,,,,,,,,,,,,,,,1,-inf,"0.000,",,,,,,,,
2026-08-18T11:38:45.145057,5800,0x46,PUCCH,,,,,,,,,,,,,,,,,,1,-inf,"0.000,",,,,,,,,
2026-08-18T11:38:45.168945,5801,0x46,PUCCH,,,,,,,,,,,,,,,,,,2,111.8,"1.000,",,,,,,,,
2026-08-18T11:38:46.121755,5820,0x46,PUCCH,,,,,,,,,,,,,,,,,,1,-inf,"0.000,",,,,,,,,
2026-08-18T11:38:46.797084,5840,0x46,PUCCH,,,,,,,,,,,,,,,,,,1,-inf,"0.000,",,,,,,,,
2026-08-18T11:38:46.820899,5841,0x46,PUCCH,,,,,,,,,,,,,,,,,,2,111.8,"1.000,",,,,,,,,
2026-08-18T11:38:47.414046,5860,0x46,PUCCH,,,,,,,,,,,,,,,,,,1,-inf,"0.000,",,,,,,,,
2026-08-18T11:38:48.799003,5880,0x46,PUCCH,,,,,,,,,,,,,,,,,,1,-inf,"0.000,",,,,,,,,
2026-08-18T11:38:48.863834,5881,0x46,PUCCH,,,,,,,,,,,,,,,,,,2,111.8,"1.000,",,,,,,,,
2026-08-18T11:38:49.845988,5900,0x46,PUCCH,,,,,,,,,,,,,,,,,,1,-inf,"0.000,",,,,,,,,
2026-08-18T11:38:50.681596,5920,0x46,PUCCH,,,,,,,,,,,,,,,,,,1,-inf,"0.000,",,,,,,,,
2026-08-18T11:38:50.722031,5921,0x46,PUCCH,,,,,,,,,,,,,,,,,,2,111.8,"1.000,",,,,,,,,
2026-08-18T11:38:51.455969,5940,0x46,PUCCH,,,,,,,,,,,,,,,,,,1,-inf,"0.000,",,,,,,,,
2026-08-18T11:38:52.244879,5960,0x46,PUCCH,,,,,,,,,,,,,,,,,,1,-inf,"0.000,",,,,,,,,
2026-08-18T11:38:52.276816,5961,0x46,PUCCH,,,,,,,,,,,,,,,,,,2,111.8,"1.000,",,,,,,,,
2026-08-18T11:38:52.882226,5980,0x46,PUCCH,,,,,,,,,,,,,,,,,,1,-inf,"0.000,",,,,,,,,
2026-08-18T11:38:53.713504,6000,0x46,PUCCH,,,,,,,,,,,,,,,,,,1,-inf,"0.000,",,,,,,,,
2026-08-18T11:38:53.751304,6001,0x46,PUCCH,,,,,,,,,,,,,,,,,,2,111.8,"1.000,",,,,,,,,
2026-08-18T11:38:54.422570,6020,0x46,PUCCH,,,,,,,,,,,,,,,,,,1,-inf,"0.000,",,,,,,,,
2026-08-18T11:38:55.130702,6040,0x46,PUCCH,,,,,,,,,,,,,,,,,,1,-inf,"0.000,",,,,,,,,
2026-08-18T11:38:55.169770,6041,0x46,PUCCH,,,,,,,,,,,,,,,,,,2,111.8,"1.000,",,,,,,,,
2026-08-18T11:38:55.870130,6060,0x46,PUCCH,,,,,,,,,,,,,,,,,,1,-inf,"0.000,",,,,,,,,
2026-08-18T11:38:56.647909,6080,0x46,PUCCH,,,,,,,,,,,,,,,,,,1,-inf,"0.000,",,,,,,,,
2026-08-18T11:38:56.680045,6081,0x46,PUCCH,,,,,,,,,,,,,,,,,,2,111.8,"1.000,",,,,,,,,
2026-08-18T11:38:57.340075,6100,0x46,PUCCH,,,,,,,,,,,,,,,,,,1,-inf,"0.000,",,,,,,,,
2026-08-18T11:38:58.449867,6120,0x46,PUCCH,,,,,,,,,,,,,,,,,,1,-inf,"0.000,",,,,,,,,
2026-08-18T11:38:58.506836,6121,0x46,PUCCH,,,,,,,,,,,,,,,,,,2,111.8,"1.000,",,,,,,,,
2026-08-18T11:38:59.217414,6140,0x46,PUCCH,,,,,,,,,,,,,,,,,,1,-inf,"0.000,",,,,,,,,
2026-08-18T11:39:00.096097,6160,0x46,PUCCH,,,,,,,,,,,,,,,,,,1,-inf,"0.000,",,,,,,,,
2026-08-18T11:39:00.137202,6161,0x46,PUCCH,,,,,,,,,,,,,,,,,,2,111.8,"1.000,",,,,,,,,
2026-08-18T11:39:00.837522,6180,0x46,PUCCH,,,,,,,,,,,,,,,,,,1,-inf,"0.000,",,,,,,,,
2026-08-18T11:39:01.543165,6200,0x46,PUCCH,,,,,,,,,,,,,,,,,,1,-inf,"0.000,",,,,,,,,
2026-08-18T11:39:01.571955,6201,0x46,PUCCH,,,,,,,,,,,,,,,,,,2,111.8,"1.000,",,,,,,,,
2026-08-18T11:39:02.104346,6220,0x46,PUCCH,,,,,,,,,,,,,,,,,,1,-inf,"0.000,",,,,,,,,
2026-08-18T11:39:03.248931,6240,0x46,PUCCH,,,,,,,,,,,,,,,,,,1,-inf,"0.000,",,,,,,,,
2026-08-18T11:39:03.291568,6241,0x46,PUCCH,,,,,,,,,,,,,,,,,,2,111.8,"1.000,",,,,,,,,
2026-08-18T11:39:04.180514,6260,0x46,PUCCH,,,,,,,,,,,,,,,,,,1,-inf,"0.000,",,,,,,,,
2026-08-18T11:39:05.075346,6280,0x46,PUCCH,,,,,,,,,,,,,,,,,,1,-inf,"0.000,",,,,,,,,
2026-08-18T11:39:05.107921,6281,0x46,PUCCH,,,,,,,,,,,,,,,,,,2,111.8,"1.000,",,,,,,,,
2026-08-18T11:39:05.914660,6300,0x46,PUCCH,,,,,,,,,,,,,,,,,,1,-inf,"0.000,",,,,,,,,
2026-08-18T11:39:06.612556,6320,0x46,PUCCH,,,,,,,,,,,,,,,,,,1,-inf,"0.000,",,,,,,,,
2026-08-18T11:39:06.657515,6321,0x46,PUCCH,,,,,,,,,,,,,,,,,,2,111.8,"1.000,",,,,,,,,
2026-08-18T11:39:07.285337,6340,0x46,PUCCH,,,,,,,,,,,,,,,,,,1,-inf,"0.000,",,,,,,,,
2026-08-18T11:39:08.197343,6360,0x46,PUCCH,,,,,,,,,,,,,,,,,,1,-inf,"0.000,",,,,,,,,
2026-08-18T11:39:08.240215,6361,0x46,PUCCH,,,,,,,,,,,,,,,,,,2,111.8,"1.000,",,,,,,,,
2026-08-18T11:39:08.842273,6380,0x46,PUCCH,,,,,,,,,,,,,,,,,,1,-inf,"0.000,",,,,,,,,
2026-08-18T11:39:09.804289,6400,0x46,PUCCH,,,,,,,,,,,,,,,,,,1,-inf,"0.000,",,,,,,,,
2026-08-18T11:39:09.833779,6401,0x46,PUCCH,,,,,,,,,,,,,,,,,,2,111.8,"1.000,",,,,,,,,
2026-08-18T11:39:10.516820,6420,0x46,PUCCH,,,,,,,,,,,,,,,,,,1,-inf,"0.000,",,,,,,,,
2026-08-18T11:39:11.295615,6440,0x46,PUCCH,,,,,,,,,,,,,,,,,,1,-inf,"0.000,",,,,,,,,
2026-08-18T11:39:11.328881,6441,0x46,PUCCH,,,,,,,,,,,,,,,,,,2,111.8,"1.000,",,,,,,,,
2026-08-18T11:39:12.021122,6460,0x46,PUCCH,,,,,,,,,,,,,,,,,,1,-inf,"0.000,",,,,,,,,
2026-08-18T11:39:12.785423,6480,0x46,PUCCH,,,,,,,,,,,,,,,,,,1,-inf,"0.000,",,,,,,,,
2026-08-18T11:39:12.837716,6481,0x46,PUCCH,,,,,,,,,,,,,,,,,,2,111.8,"1.000,",,,,,,,,
2026-08-18T11:39:13.532035,6500,0x46,PUCCH,,,,,,,,,,,,,,,,,,1,-inf,"0.000,",,,,,,,,
2026-08-18T11:39:14.538055,6520,0x46,PUCCH,,,,,,,,,,,,,,,,,,1,-inf,"0.000,",,,,,,,,
2026-08-18T11:39:14.569106,6521,0x46,PUCCH,,,,,,,,,,,,,,,,,,2,111.8,"1.000,",,,,,,,,
2026-08-18T11:39:15.374074,6540,0x46,PUCCH,,,,,,,,,,,,,,,,,,1,-inf,"0.000,",,,,,,,,
2026-08-18T11:39:16.215446,6560,0x46,PUCCH,,,,,,,,,,,,,,,,,,1,-inf,"0.000,",,,,,,,,
2026-08-18T11:39:16.252525,6561,0x46,PUCCH,,,,,,,,,,,,,,,,,,2,111.8,"1.000,",,,,,,,,
2026-08-18T11:39:17.124550,6580,0x46,PUCCH,,,,,,,,,,,,,,,,,,1,-inf,"0.000,",,,,,,,,
2026-08-18T11:39:17.906377,6600,0x46,PUCCH,,,,,,,,,,,,,,,,,,1,-inf,"0.000,",,,,,,,,
2026-08-18T11:39:17.937445,6601,0x46,PUCCH,,,,,,,,,,,,,,,,,,2,111.8,"1.000,",,,,,,,,
2026-08-18T11:39:18.741991,6620,0x46,PUCCH,,,,,,,,,,,,,,,,,,1,-inf,"0.000,",,,,,,,,
2026-08-18T11:39:19.576234,6640,0x46,PUCCH,,,,,,,,,,,,,,,,,,1,-inf,"0.000,",,,,,,,,
2026-08-18T11:39:19.602275,6641,0x46,PUCCH,,,,,,,,,,,,,,,,,,2,111.8,"1.000,",,,,,,,,
2026-08-18T11:39:20.212979,6660,0x46,PUCCH,,,,,,,,,,,,,,,,,,1,-inf,"0.000,",,,,,,,,
2026-08-18T11:39:21.281125,6680,0x46,PUCCH,,,,,,,,,,,,,,,,,,1,-inf,"0.000,",,,,,,,,
2026-08-18T11:39:21.322997,6681,0x46,PUCCH,,,,,,,,,,,,,,,,,,2,111.8,"1.000,",,,,,,,,
2026-08-18T11:39:21.992892,6700,0x46,PUCCH,,,,,,,,,,,,,,,,,,1,-inf,"0.000,",,,,,,,,
2026-08-18T11:39:22.702717,6720,0x46,PUCCH,,,,,,,,,,,,,,,,,,1,-inf,"0.000,",,,,,,,,
2026-08-18T11:39:22.729811,6721,0x46,PUCCH,,,,,,,,,,,,,,,,,,2,111.8,"1.000,",,,,,,,,
2026-08-18T11:39:23.489002,6740,0x46,PUCCH,,,,,,,,,,,,,,,,,,1,-inf,"0.000,",,,,,,,,
2026-08-18T11:39:24.192512,6760,0x46,PUCCH,,,,,,,,,,,,,,,,,,1,-inf,"0.000,",,,,,,,,
2026-08-18T11:39:24.234053,6761,0x46,PUCCH,,,,,,,,,,,,,,,,,,2,111.8,"1.000,",,,,,,,,
2026-08-18T11:39:24.998592,6780,0x46,PUCCH,,,,,,,,,,,,,,,,,,1,-inf,"0.000,",,,,,,,,
2026-08-18T11:39:25.940685,6800,0x46,PUCCH,,,,,,,,,,,,,,,,,,1,-inf,"0.000,",,,,,,,,
2026-08-18T11:39:25.987214,6801,0x46,PUCCH,,,,,,,,,,,,,,,,,,2,111.8,"1.000,",,,,,,,,
2026-08-18T11:39:26.723352,6820,0x46,PUCCH,,,,,,,,,,,,,,,,,,1,-inf,"0.000,",,,,,,,,
2026-08-18T11:39:27.490602,6840,0x46,PUCCH,,,,,,,,,,,,,,,,,,1,-inf,"0.000,",,,,,,,,
2026-08-18T11:39:27.528545,6841,0x46,PUCCH,,,,,,,,,,,,,,,,,,2,111.8,"1.000,",,,,,,,,
2026-08-18T11:39:28.148155,6860,0x46,PUCCH,,,,,,,,,,,,,,,,,,1,-inf,"0.000,",,,,,,,,
2026-08-18T11:39:28.877273,6880,0x46,PUCCH,,,,,,,,,,,,,,,,,,1,-inf,"0.000,",,,,,,,,
2026-08-18T11:39:28.910511,6881,0x46,PUCCH,,,,,,,,,,,,,,,,,,2,111.8,"1.000,",,,,,,,,
2026-08-18T11:39:29.481219,6900,0x46,PUCCH,,,,,,,,,,,,,,,,,,1,-inf,"0.000,",,,,,,,,
2026-08-18T11:39:30.135635,6920,0x46,PUCCH,,,,,,,,,,,,,,,,,,1,-inf,"0.000,",,,,,,,,
2026-08-18T11:39:30.166417,6921,0x46,PUCCH,,,,,,,,,,,,,,,,,,2,111.8,"1.000,",,,,,,,,
2026-08-18T11:39:30.788785,6940,0x46,PUCCH,,,,,,,,,,,,,,,,,,1,-inf,"0.000,",,,,,,,,
2026-08-18T11:39:31.520930,6960,0x46,PUCCH,,,,,,,,,,,,,,,,,,1,-inf,"0.000,",,,,,,,,
2026-08-18T11:39:31.566639,6961,0x46,PUCCH,,,,,,,,,,,,,,,,,,2,111.8,"1.000,",,,,,,,,
2026-08-18T11:39:32.373051,6980,0x46,PUCCH,,,,,,,,,,,,,,,,,,1,-inf,"0.000,",,,,,,,,
2026-08-18T11:39:33.185990,7000,0x46,PUCCH,,,,,,,,,,,,,,,,,,1,-inf,"0.000,",,,,,,,,
2026-08-18T11:39:33.232664,7001,0x46,PUCCH,,,,,,,,,,,,,,,,,,2,111.8,"1.000,",,,,,,,,
2026-08-18T11:39:33.809234,7020,0x46,PUCCH,,,,,,,,,,,,,,,,,,1,-inf,"0.000,",,,,,,,,
2026-08-18T11:39:34.569672,7040,0x46,PUCCH,,,,,,,,,,,,,,,,,,1,-inf,"0.000,",,,,,,,,
2026-08-18T11:39:34.606048,7041,0x46,PUCCH,,,,,,,,,,,,,,,,,,2,111.8,"1.000,",,,,,,,,
2026-08-18T11:39:35.955529,7060,0x46,PUCCH,,,,,,,,,,,,,,,,,,1,-inf,"0.000,",,,,,,,,
2026-08-18T11:39:36.676653,7080,0x46,PUCCH,,,,,,,,,,,,,,,,,,1,-inf,"0.000,",,,,,,,,
2026-08-18T11:39:36.719721,7081,0x46,PUCCH,,,,,,,,,,,,,,,,,,2,111.8,"1.000,",,,,,,,,
2026-08-18T11:39:37.438178,7100,0x46,PUCCH,,,,,,,,,,,,,,,,,,1,-inf,"0.000,",,,,,,,,
2026-08-18T11:39:38.217703,7120,0x46,PUCCH,,,,,,,,,,,,,,,,,,1,-inf,"0.000,",,,,,,,,
2026-08-18T11:39:38.257482,7121,0x46,PUCCH,,,,,,,,,,,,,,,,,,2,111.8,"1.000,",,,,,,,,
2026-08-18T11:39:38.980242,7140,0x46,PUCCH,,,,,,,,,,,,,,,,,,1,-inf,"0.000,",,,,,,,,
2026-08-18T11:39:39.553616,7160,0x46,PUCCH,,,,,,,,,,,,,,,,,,1,-inf,"0.000,",,,,,,,,
2026-08-18T11:39:39.626594,7161,0x46,PUCCH,,,,,,,,,,,,,,,,,,2,111.8,"1.000,",,,,,,,,
2026-08-18T11:39:40.540022,7180,0x46,PUCCH,,,,,,,,,,,,,,,,,,1,-inf,"0.000,",,,,,,,,
2026-08-18T11:39:41.374707,7200,0x46,PUCCH,,,,,,,,,,,,,,,,,,1,-inf,"0.000,",,,,,,,,
2026-08-18T11:39:41.429009,7201,0x46,PUCCH,,,,,,,,,,,,,,,,,,2,111.8,"1.000,",,,,,,,,
2026-08-18T11:39:42.277717,7220,0x46,PUCCH,,,,,,,,,,,,,,,,,,1,-inf,"0.000,",,,,,,,,
2026-08-18T11:39:43.126959,7240,0x46,PUCCH,,,,,,,,,,,,,,,,,,1,-inf,"0.000,",,,,,,,,
2026-08-18T11:39:43.169267,7241,0x46,PUCCH,,,,,,,,,,,,,,,,,,2,111.8,"1.000,",,,,,,,,
2026-08-18T11:39:43.934538,7260,0x46,PUCCH,,,,,,,,,,,,,,,,,,1,-inf,"0.000,",,,,,,,,
2026-08-18T11:39:44.739852,7280,0x46,PUCCH,,,,,,,,,,,,,,,,,,1,-inf,"0.000,",,,,,,,,
2026-08-18T11:39:44.776848,7281,0x46,PUCCH,,,,,,,,,,,,,,,,,,2,111.8,"1.000,",,,,,,,,
2026-08-18T11:39:45.461343,7300,0x46,PUCCH,,,,,,,,,,,,,,,,,,1,-inf,"0.000,",,,,,,,,
2026-08-18T11:39:46.282904,7320,0x46,PUCCH,,,,,,,,,,,,,,,,,,1,-inf,"0.000,",,,,,,,,
2026-08-18T11:39:46.367285,7321,0x46,PUCCH,,,,,,,,,,,,,,,,,,2,111.8,"1.000,",,,,,,,,
2026-08-18T11:39:47.188466,7340,0x46,PUCCH,,,,,,,,,,,,,,,,,,1,-inf,"0.000,",,,,,,,,
2026-08-18T11:39:48.051094,7360,0x46,PUCCH,,,,,,,,,,,,,,,,,,1,-inf,"0.000,",,,,,,,,
2026-08-18T11:39:48.085609,7361,0x46,PUCCH,,,,,,,,,,,,,,,,,,2,111.8,"1.000,",,,,,,,,
2026-08-18T11:39:48.757967,7380,0x46,PUCCH,,,,,,,,,,,,,,,,,,1,-inf,"0.000,",,,,,,,,
2026-08-18T11:39:49.757162,7400,0x46,PUCCH,,,,,,,,,,,,,,,,,,1,-inf,"0.000,",,,,,,,,
2026-08-18T11:39:49.798128,7401,0x46,PUCCH,,,,,,,,,,,,,,,,,,2,111.8,"1.000,",,,,,,,,
2026-08-18T11:39:50.467240,7420,0x46,PUCCH,,,,,,,,,,,,,,,,,,1,-inf,"0.000,",,,,,,,,
2026-08-18T11:39:51.161600,7440,0x46,PUCCH,,,,,,,,,,,,,,,,,,1,-inf,"0.000,",,,,,,,,
2026-08-18T11:39:51.190910,7441,0x46,PUCCH,,,,,,,,,,,,,,,,,,2,111.8,"1.000,",,,,,,,,
2026-08-18T11:39:51.787826,7460,0x46,PUCCH,,,,,,,,,,,,,,,,,,1,-inf,"0.000,",,,,,,,,
2026-08-18T11:39:52.508570,7480,0x46,PUCCH,,,,,,,,,,,,,,,,,,1,-inf,"0.000,",,,,,,,,
2026-08-18T11:39:52.550350,7481,0x46,PUCCH,,,,,,,,,,,,,,,,,,2,111.8,"1.000,",,,,,,,,
2026-08-18T11:39:53.337594,7500,0x46,PUCCH,,,,,,,,,,,,,,,,,,1,-inf,"0.000,",,,,,,,,
2026-08-18T11:39:54.123162,7520,0x46,PUCCH,,,,,,,,,,,,,,,,,,1,-inf,"0.000,",,,,,,,,
2026-08-18T11:39:54.150386,7521,0x46,PUCCH,,,,,,,,,,,,,,,,,,2,111.8,"1.000,",,,,,,,,
2026-08-18T11:39:54.730487,7540,0x46,PUCCH,,,,,,,,,,,,,,,,,,1,-inf,"0.000,",,,,,,,,
2026-08-18T11:39:55.527773,7560,0x46,PUCCH,,,,,,,,,,,,,,,,,,1,-inf,"0.000,",,,,,,,,
2026-08-18T11:39:55.590974,7561,0x46,PUCCH,,,,,,,,,,,,,,,,,,2,111.8,"1.000,",,,,,,,,
2026-08-18T11:39:56.436291,7580,0x46,PUCCH,,,,,,,,,,,,,,,,,,1,-inf,"0.000,",,,,,,,,
2026-08-18T11:39:57.193458,7600,0x46,PUCCH,,,,,,,,,,,,,,,,,,1,-inf,"0.000,",,,,,,,,
2026-08-18T11:39:57.225717,7601,0x46,PUCCH,,,,,,,,,,,,,,,,,,2,111.8,"1.000,",,,,,,,,
2026-08-18T11:39:57.851349,7620,0x46,PUCCH,,,,,,,,,,,,,,,,,,1,-inf,"0.000,",,,,,,,,
2026-08-18T11:39:58.392680,7640,0x46,PUCCH,,,,,,,,,,,,,,,,,,1,-inf,"0.000,",,,,,,,,
2026-08-18T11:39:58.430983,7641,0x46,PUCCH,,,,,,,,,,,,,,,,,,2,111.8,"1.000,",,,,,,,,
2026-08-18T11:39:59.106384,7660,0x46,PUCCH,,,,,,,,,,,,,,,,,,1,-inf,"0.000,",,,,,,,,
2026-08-18T11:39:59.877505,7680,0x46,PUCCH,,,,,,,,,,,,,,,,,,1,-inf,"0.000,",,,,,,,,
2026-08-18T11:39:59.907623,7681,0x46,PUCCH,,,,,,,,,,,,,,,,,,2,111.8,"1.000,",,,,,,,,
2026-08-18T11:40:00.671774,7700,0x46,PUCCH,,,,,,,,,,,,,,,,,,1,-inf,"0.000,",,,,,,,,
2026-08-18T11:40:01.471355,7720,0x46,PUCCH,,,,,,,,,,,,,,,,,,1,-inf,"0.000,",,,,,,,,
2026-08-18T11:40:01.512164,7721,0x46,PUCCH,,,,,,,,,,,,,,,,,,2,111.8,"1.000,",,,,,,,,
2026-08-18T11:40:02.631613,7740,0x46,PUCCH,,,,,,,,,,,,,,,,,,1,-inf,"0.000,",,,,,,,,
2026-08-18T11:40:03.503190,7760,0x46,PUCCH,,,,,,,,,,,,,,,,,,1,-inf,"0.000,",,,,,,,,
2026-08-18T11:40:03.551987,7761,0x46,PUCCH,,,,,,,,,,,,,,,,,,2,111.8,"1.000,",,,,,,,,
2026-08-18T11:40:04.428897,7780,0x46,PUCCH,,,,,,,,,,,,,,,,,,1,-inf,"0.000,",,,,,,,,
2026-08-18T11:40:05.327853,7800,0x46,PUCCH,,,,,,,,,,,,,,,,,,1,-inf,"0.000,",,,,,,,,
2026-08-18T11:40:05.375141,7801,0x46,PUCCH,,,,,,,,,,,,,,,,,,2,111.8,"1.000,",,,,,,,,
2026-08-18T11:40:06.121989,7820,0x46,PUCCH,,,,,,,,,,,,,,,,,,1,-inf,"0.000,",,,,,,,,
2026-08-18T11:40:06.724348,7840,0x46,PUCCH,,,,,,,,,,,,,,,,,,1,-inf,"0.000,",,,,,,,,
2026-08-18T11:40:06.795678,7841,0x46,PUCCH,,,,,,,,,,,,,,,,,,2,111.8,"1.000,",,,,,,,,
2026-08-18T11:40:07.465159,7860,0x46,PUCCH,,,,,,,,,,,,,,,,,,1,-inf,"0.000,",,,,,,,,
2026-08-18T11:40:08.163370,7880,0x46,PUCCH,,,,,,,,,,,,,,,,,,1,-inf,"0.000,",,,,,,,,
2026-08-18T11:40:08.199951,7881,0x46,PUCCH,,,,,,,,,,,,,,,,,,2,111.8,"1.000,",,,,,,,,
2026-08-18T11:40:08.879211,7900,0x46,PUCCH,,,,,,,,,,,,,,,,,,1,-inf,"0.000,",,,,,,,,
2026-08-18T11:40:09.732020,7920,0x46,PUCCH,,,,,,,,,,,,,,,,,,1,-inf,"0.000,",,,,,,,,
2026-08-18T11:40:09.763628,7921,0x46,PUCCH,,,,,,,,,,,,,,,,,,2,111.8,"1.000,",,,,,,,,
2026-08-18T11:40:10.482794,7940,0x46,PUCCH,,,,,,,,,,,,,,,,,,1,-inf,"0.000,",,,,,,,,
2026-08-18T11:40:11.269628,7960,0x46,PUCCH,,,,,,,,,,,,,,,,,,1,-inf,"0.000,",,,,,,,,
2026-08-18T11:40:11.300083,7961,0x46,PUCCH,,,,,,,,,,,,,,,,,,2,111.8,"1.000,",,,,,,,,
2026-08-18T11:40:12.211054,7980,0x46,PUCCH,,,,,,,,,,,,,,,,,,1,-inf,"0.000,",,,,,,,,
2026-08-18T11:40:13.423742,8000,0x46,PUCCH,,,,,,,,,,,,,,,,,,1,-inf,"0.000,",,,,,,,,
2026-08-18T11:40:13.463636,8001,0x46,PUCCH,,,,,,,,,,,,,,,,,,2,111.8,"1.000,",,,,,,,,
2026-08-18T11:40:14.369237,8020,0x46,PUCCH,,,,,,,,,,,,,,,,,,1,-inf,"0.000,",,,,,,,,
2026-08-18T11:40:15.270569,8040,0x46,PUCCH,,,,,,,,,,,,,,,,,,1,-inf,"0.000,",,,,,,,,
2026-08-18T11:40:15.317474,8041,0x46,PUCCH,,,,,,,,,,,,,,,,,,2,111.8,"1.000,",,,,,,,,
2026-08-18T11:40:16.396711,8060,0x46,PUCCH,,,,,,,,,,,,,,,,,,1,-inf,"0.000,",,,,,,,,
2026-08-18T11:40:17.267655,8080,0x46,PUCCH,,,,,,,,,,,,,,,,,,1,-inf,"0.000,",,,,,,,,
2026-08-18T11:40:17.524692,8081,0x46,PUCCH,,,,,,,,,,,,,,,,,,2,111.8,"1.000,",,,,,,,,
2026-08-18T11:40:18.543904,8100,0x46,PUCCH,,,,,,,,,,,,,,,,,,1,-inf,"0.000,",,,,,,,,
2026-08-18T11:40:19.465416,8120,0x46,PUCCH,,,,,,,,,,,,,,,,,,1,-inf,"0.000,",,,,,,,,
2026-08-18T11:40:19.505641,8121,0x46,PUCCH,,,,,,,,,,,,,,,,,,2,111.8,"1.000,",,,,,,,,
2026-08-18T11:40:20.272687,8140,0x46,PUCCH,,,,,,,,,,,,,,,,,,1,-inf,"0.000,",,,,,,,,
2026-08-18T11:40:21.425064,8160,0x46,PUCCH,,,,,,,,,,,,,,,,,,1,-inf,"0.000,",,,,,,,,
2026-08-18T11:40:21.476107,8161,0x46,PUCCH,,,,,,,,,,,,,,,,,,2,111.8,"1.000,",,,,,,,,
2026-08-18T11:40:22.555954,8180,0x46,PUCCH,,,,,,,,,,,,,,,,,,1,-inf,"0.000,",,,,,,,,
2026-08-18T11:40:23.354770,8200,0x46,PUCCH,,,,,,,,,,,,,,,,,,1,-inf,"0.000,",,,,,,,,
2026-08-18T11:40:23.389856,8201,0x46,PUCCH,,,,,,,,,,,,,,,,,,2,111.8,"1.000,",,,,,,,,
2026-08-18T11:40:24.091184,8220,0x46,PUCCH,,,,,,,,,,,,,,,,,,1,-inf,"0.000,",,,,,,,,
2026-08-18T11:40:25.230438,8240,0x46,PUCCH,,,,,,,,,,,,,,,,,,1,-inf,"0.000,",,,,,,,,
2026-08-18T11:40:25.303571,8241,0x46,PUCCH,,,,,,,,,,,,,,,,,,2,111.8,"1.000,",,,,,,,,
2026-08-18T11:40:26.240393,8260,0x46,PUCCH,,,,,,,,,,,,,,,,,,1,-inf,"0.000,",,,,,,,,
2026-08-18T11:40:26.956539,8280,0x46,PUCCH,,,,,,,,,,,,,,,,,,1,-inf,"0.000,",,,,,,,,
2026-08-18T11:40:26.992888,8281,0x46,PUCCH,,,,,,,,,,,,,,,,,,2,111.8,"1.000,",,,,,,,,
2026-08-18T11:40:27.867627,8300,0x46,PUCCH,,,,,,,,,,,,,,,,,,1,-inf,"0.000,",,,,,,,,
2026-08-18T11:40:28.985680,8320,0x46,PUCCH,,,,,,,,,,,,,,,,,,1,-inf,"0.000,",,,,,,,,
2026-08-18T11:40:29.036917,8321,0x46,PUCCH,,,,,,,,,,,,,,,,,,2,111.8,"1.000,",,,,,,,,
2026-08-18T11:40:30.025806,8340,0x46,PUCCH,,,,,,,,,,,,,,,,,,1,-inf,"0.000,",,,,,,,,
2026-08-18T11:40:30.765796,8360,0x46,PUCCH,,,,,,,,,,,,,,,,,,1,-inf,"0.000,",,,,,,,,
2026-08-18T11:40:30.833333,8361,0x46,PUCCH,,,,,,,,,,,,,,,,,,2,111.8,"1.000,",,,,,,,,
2026-08-18T11:40:31.766530,8380,0x46,PUCCH,,,,,,,,,,,,,,,,,,1,-inf,"0.000,",,,,,,,,
2026-08-18T11:40:32.662843,8400,0x46,PUCCH,,,,,,,,,,,,,,,,,,1,-inf,"0.000,",,,,,,,,
2026-08-18T11:40:32.705024,8401,0x46,PUCCH,,,,,,,,,,,,,,,,,,2,111.8,"1.000,",,,,,,,,
2026-08-18T11:40:33.491634,8420,0x46,PUCCH,,,,,,,,,,,,,,,,,,1,-inf,"0.000,",,,,,,,,
2026-08-18T11:40:34.552926,8440,0x46,PUCCH,,,,,,,,,,,,,,,,,,1,-inf,"0.000,",,,,,,,,
2026-08-18T11:40:34.605587,8441,0x46,PUCCH,,,,,,,,,,,,,,,,,,2,111.8,"1.000,",,,,,,,,
2026-08-18T11:40:35.821771,8460,0x46,PUCCH,,,,,,,,,,,,,,,,,,1,-inf,"0.000,",,,,,,,,
2026-08-18T11:40:36.839421,8480,0x46,PUCCH,,,,,,,,,,,,,,,,,,1,-inf,"0.000,",,,,,,,,
2026-08-18T11:40:36.876990,8481,0x46,PUCCH,,,,,,,,,,,,,,,,,,2,111.8,"1.000,",,,,,,,,
2026-08-18T11:40:37.853345,8500,0x46,PUCCH,,,,,,,,,,,,,,,,,,1,-inf,"0.000,",,,,,,,,
2026-08-18T11:40:38.787071,8520,0x46,PUCCH,,,,,,,,,,,,,,,,,,1,-inf,"0.000,",,,,,,,,
2026-08-18T11:40:38.829580,8521,0x46,PUCCH,,,,,,,,,,,,,,,,,,2,111.8,"1.000,",,,,,,,,
2026-08-18T11:40:40.087885,8540,0x46,PUCCH,,,,,,,,,,,,,,,,,,1,-inf,"0.000,",,,,,,,,
2026-08-18T11:40:40.966944,8560,0x46,PUCCH,,,,,,,,,,,,,,,,,,1,-inf,"0.000,",,,,,,,,
2026-08-18T11:40:40.997137,8561,0x46,PUCCH,,,,,,,,,,,,,,,,,,2,111.8,"1.000,",,,,,,,,
2026-08-18T11:40:41.892097,8580,0x46,PUCCH,,,,,,,,,,,,,,,,,,1,-inf,"0.000,",,,,,,,,
2026-08-18T11:40:42.914656,8600,0x46,PUCCH,,,,,,,,,,,,,,,,,,1,-inf,"0.000,",,,,,,,,
2026-08-18T11:40:42.963492,8601,0x46,PUCCH,,,,,,,,,,,,,,,,,,2,111.8,"1.000,",,,,,,,,
2026-08-18T11:40:44.003683,8620,0x46,PUCCH,,,,,,,,,,,,,,,,,,1,-inf,"0.000,",,,,,,,,
2026-08-18T11:40:45.103564,8640,0x46,PUCCH,,,,,,,,,,,,,,,,,,1,-inf,"0.000,",,,,,,,,
2026-08-18T11:40:45.143876,8641,0x46,PUCCH,,,,,,,,,,,,,,,,,,2,111.8,"1.000,",,,,,,,,
2026-08-18T11:40:45.906811,8660,0x46,PUCCH,,,,,,,,,,,,,,,,,,1,-inf,"0.000,",,,,,,,,
2026-08-18T11:40:46.759328,8680,0x46,PUCCH,,,,,,,,,,,,,,,,,,1,-inf,"0.000,",,,,,,,,
2026-08-18T11:40:46.784186,8681,0x46,PUCCH,,,,,,,,,,,,,,,,,,2,111.8,"1.000,",,,,,,,,
2026-08-18T11:40:47.596764,8700,0x46,PUCCH,,,,,,,,,,,,,,,,,,1,-inf,"0.000,",,,,,,,,
2026-08-18T11:40:48.525766,8720,0x46,PUCCH,,,,,,,,,,,,,,,,,,1,-inf,"0.000,",,,,,,,,
2026-08-18T11:40:48.564474,8721,0x46,PUCCH,,,,,,,,,,,,,,,,,,2,111.8,"1.000,",,,,,,,,
2026-08-18T11:40:49.501645,8740,0x46,PUCCH,,,,,,,,,,,,,,,,,,1,-inf,"0.000,",,,,,,,,
2026-08-18T11:40:50.274827,8760,0x46,PUCCH,,,,,,,,,,,,,,,,,,1,-inf,"0.000,",,,,,,,,
2026-08-18T11:40:50.322474,8761,0x46,PUCCH,,,,,,,,,,,,,,,,,,2,111.8,"1.000,",,,,,,,,
2026-08-18T11:40:51.059305,8780,0x46,PUCCH,,,,,,,,,,,,,,,,,,1,-inf,"0.000,",,,,,,,,
2026-08-18T11:40:51.959119,8800,0x46,PUCCH,,,,,,,,,,,,,,,,,,1,-inf,"0.000,",,,,,,,,
2026-08-18T11:40:51.997688,8801,0x46,PUCCH,,,,,,,,,,,,,,,,,,2,111.8,"1.000,",,,,,,,,
2026-08-18T11:40:52.810199,8820,0x46,PUCCH,,,,,,,,,,,,,,,,,,1,-inf,"0.000,",,,,,,,,
2026-08-18T11:40:53.619023,8840,0x46,PUCCH,,,,,,,,,,,,,,,,,,1,-inf,"0.000,",,,,,,,,
2026-08-18T11:40:53.656882,8841,0x46,PUCCH,,,,,,,,,,,,,,,,,,2,111.8,"1.000,",,,,,,,,
2026-08-18T11:40:54.410980,8860,0x46,PUCCH,,,,,,,,,,,,,,,,,,1,-inf,"0.000,",,,,,,,,
2026-08-18T11:40:55.199840,8880,0x46,PUCCH,,,,,,,,,,,,,,,,,,1,-inf,"0.000,",,,,,,,,
2026-08-18T11:40:55.243098,8881,0x46,PUCCH,,,,,,,,,,,,,,,,,,2,111.8,"1.000,",,,,,,,,
2026-08-18T11:40:55.996911,8900,0x46,PUCCH,,,,,,,,,,,,,,,,,,1,-inf,"0.000,",,,,,,,,
2026-08-18T11:40:57.076660,8920,0x46,PUCCH,,,,,,,,,,,,,,,,,,1,-inf,"0.000,",,,,,,,,
2026-08-18T11:40:57.119537,8921,0x46,PUCCH,,,,,,,,,,,,,,,,,,2,111.8,"1.000,",,,,,,,,
2026-08-18T11:40:58.283419,8940,0x46,PUCCH,,,,,,,,,,,,,,,,,,1,-inf,"0.000,",,,,,,,,
2026-08-18T11:40:59.393229,8960,0x46,PUCCH,,,,,,,,,,,,,,,,,,1,-inf,"0.000,",,,,,,,,
2026-08-18T11:40:59.426289,8961,0x46,PUCCH,,,,,,,,,,,,,,,,,,2,111.8,"1.000,",,,,,,,,
2026-08-18T11:41:00.240822,8980,0x46,PUCCH,,,,,,,,,,,,,,,,,,1,-inf,"0.000,",,,,,,,,
2026-08-18T11:41:01.115488,9000,0x46,PUCCH,,,,,,,,,,,,,,,,,,1,-inf,"0.000,",,,,,,,,
2026-08-18T11:41:01.152028,9001,0x46,PUCCH,,,,,,,,,,,,,,,,,,2,111.8,"1.000,",,,,,,,,
2026-08-18T11:41:02.569705,9020,0x46,PUCCH,,,,,,,,,,,,,,,,,,1,-inf,"0.000,",,,,,,,,
2026-08-18T11:41:03.705329,9040,0x46,PUCCH,,,,,,,,,,,,,,,,,,1,-inf,"0.000,",,,,,,,,
2026-08-18T11:41:03.755604,9041,0x46,PUCCH,,,,,,,,,,,,,,,,,,2,111.8,"1.000,",,,,,,,,
2026-08-18T11:41:04.534862,9060,0x46,PUCCH,,,,,,,,,,,,,,,,,,1,-inf,"0.000,",,,,,,,,
2026-08-18T11:41:05.543803,9080,0x46,PUCCH,,,,,,,,,,,,,,,,,,1,-inf,"0.000,",,,,,,,,
2026-08-18T11:41:05.573348,9081,0x46,PUCCH,,,,,,,,,,,,,,,,,,2,111.8,"1.000,",,,,,,,,
2026-08-18T11:41:06.208802,9100,0x46,PUCCH,,,,,,,,,,,,,,,,,,1,-inf,"0.000,",,,,,,,,
2026-08-18T11:41:07.416147,9120,0x46,PUCCH,,,,,,,,,,,,,,,,,,1,-inf,"0.000,",,,,,,,,
2026-08-18T11:41:07.486106,9121,0x46,PUCCH,,,,,,,,,,,,,,,,,,2,111.8,"1.000,",,,,,,,,
2026-08-18T11:41:09.287389,9140,0x46,PUCCH,,,,,,,,,,,,,,,,,,1,-inf,"0.000,",,,,,,,,
2026-08-18T11:41:10.457799,9160,0x46,PUCCH,,,,,,,,,,,,,,,,,,1,-inf,"0.000,",,,,,,,,
2026-08-18T11:41:10.503551,9161,0x46,PUCCH,,,,,,,,,,,,,,,,,,2,111.8,"1.000,",,,,,,,,
2026-08-18T11:41:11.315567,9180,0x46,PUCCH,,,,,,,,,,,,,,,,,,1,-inf,"0.000,",,,,,,,,
2026-08-18T11:41:12.075160,9200,0x46,PUCCH,,,,,,,,,,,,,,,,,,1,-inf,"0.000,",,,,,,,,
2026-08-18T11:41:12.106022,9201,0x46,PUCCH,,,,,,,,,,,,,,,,,,2,111.8,"1.000,",,,,,,,,
2026-08-18T11:41:12.796267,9220,0x46,PUCCH,,,,,,,,,,,,,,,,,,1,-inf,"0.000,",,,,,,,,
2026-08-18T11:41:13.666450,9240,0x46,PUCCH,,,,,,,,,,,,,,,,,,1,-inf,"0.000,",,,,,,,,
2026-08-18T11:41:13.708363,9241,0x46,PUCCH,,,,,,,,,,,,,,,,,,2,111.8,"1.000,",,,,,,,,
2026-08-18T11:41:14.712908,9260,0x46,PUCCH,,,,,,,,,,,,,,,,,,1,-inf,"0.000,",,,,,,,,
2026-08-18T11:41:15.610471,9280,0x46,PUCCH,,,,,,,,,,,,,,,,,,1,-inf,"0.000,",,,,,,,,
2026-08-18T11:41:15.660006,9281,0x46,PUCCH,,,,,,,,,,,,,,,,,,2,111.8,"1.000,",,,,,,,,
2026-08-18T11:41:16.785338,9300,0x46,PUCCH,,,,,,,,,,,,,,,,,,1,-inf,"0.000,",,,,,,,,
2026-08-18T11:41:17.721911,9320,0x46,PUCCH,,,,,,,,,,,,,,,,,,1,-inf,"0.000,",,,,,,,,
2026-08-18T11:41:17.763755,9321,0x46,PUCCH,,,,,,,,,,,,,,,,,,2,111.8,"1.000,",,,,,,,,
2026-08-18T11:41:18.513705,9340,0x46,PUCCH,,,,,,,,,,,,,,,,,,1,-inf,"0.000,",,,,,,,,
2026-08-18T11:41:19.221048,9360,0x46,PUCCH,,,,,,,,,,,,,,,,,,1,-inf,"0.000,",,,,,,,,
2026-08-18T11:41:19.253209,9361,0x46,PUCCH,,,,,,,,,,,,,,,,,,2,111.8,"1.000,",,,,,,,,
2026-08-18T11:41:20.057295,9380,0x46,PUCCH,,,,,,,,,,,,,,,,,,1,-inf,"0.000,",,,,,,,,
2026-08-18T11:41:21.094610,9400,0x46,PUCCH,,,,,,,,,,,,,,,,,,1,-inf,"0.000,",,,,,,,,
2026-08-18T11:41:21.160340,9401,0x46,PUCCH,,,,,,,,,,,,,,,,,,2,111.8,"1.000,",,,,,,,,
2026-08-18T11:41:22.042038,9420,0x46,PUCCH,,,,,,,,,,,,,,,,,,1,-inf,"0.000,",,,,,,,,
2026-08-18T11:41:22.712097,9440,0x46,PUCCH,,,,,,,,,,,,,,,,,,1,-inf,"0.000,",,,,,,,,
2026-08-18T11:41:22.739533,9441,0x46,PUCCH,,,,,,,,,,,,,,,,,,2,111.8,"1.000,",,,,,,,,
2026-08-18T11:41:23.404917,9460,0x46,PUCCH,,,,,,,,,,,,,,,,,,1,-inf,"0.000,",,,,,,,,
2026-08-18T11:41:24.019556,9480,0x46,PUCCH,,,,,,,,,,,,,,,,,,1,-inf,"0.000,",,,,,,,,
2026-08-18T11:41:24.039497,9481,0x46,PUCCH,,,,,,,,,,,,,,,,,,2,111.8,"1.000,",,,,,,,,
2026-08-18T11:41:24.680554,9500,0x46,PUCCH,,,,,,,,,,,,,,,,,,1,-inf,"0.000,",,,,,,,,
2026-08-18T11:41:25.813234,9520,0x46,PUCCH,,,,,,,,,,,,,,,,,,1,-inf,"0.000,",,,,,,,,
2026-08-18T11:41:25.873599,9521,0x46,PUCCH,,,,,,,,,,,,,,,,,,2,111.8,"1.000,",,,,,,,,
2026-08-18T11:41:26.904979,9540,0x46,PUCCH,,,,,,,,,,,,,,,,,,1,-inf,"0.000,",,,,,,,,
2026-08-18T11:41:27.914536,9560,0x46,PUCCH,,,,,,,,,,,,,,,,,,1,-inf,"0.000,",,,,,,,,
2026-08-18T11:41:27.955564,9561,0x46,PUCCH,,,,,,,,,,,,,,,,,,2,111.8,"1.000,",,,,,,,,
2026-08-18T11:41:28.705660,9580,0x46,PUCCH,,,,,,,,,,,,,,,,,,1,-inf,"0.000,",,,,,,,,
2026-08-18T11:41:29.610582,9600,0x46,PUCCH,,,,,,,,,,,,,,,,,,1,-inf,"0.000,",,,,,,,,
2026-08-18T11:41:29.650457,9601,0x46,PUCCH,,,,,,,,,,,,,,,,,,2,111.8,"1.000,",,,,,,,,
2026-08-18T11:41:30.329789,9620,0x46,PUCCH,,,,,,,,,,,,,,,,,,1,-inf,"0.000,",,,,,,,,
2026-08-18T11:41:31.096664,9640,0x46,PUCCH,,,,,,,,,,,,,,,,,,1,-inf,"0.000,",,,,,,,,
2026-08-18T11:41:31.148556,9641,0x46,PUCCH,,,,,,,,,,,,,,,,,,2,111.8,"1.000,",,,,,,,,
2026-08-18T11:41:32.229842,9660,0x46,PUCCH,,,,,,,,,,,,,,,,,,1,-inf,"0.000,",,,,,,,,
2026-08-18T11:41:33.232544,9680,0x46,PUCCH,,,,,,,,,,,,,,,,,,1,-inf,"0.000,",,,,,,,,
2026-08-18T11:41:33.268278,9681,0x46,PUCCH,,,,,,,,,,,,,,,,,,2,111.8,"1.000,",,,,,,,,
2026-08-18T11:41:34.153023,9700,0x46,PUCCH,,,,,,,,,,,,,,,,,,1,-inf,"0.000,",,,,,,,,
2026-08-18T11:41:34.843201,9720,0x46,PUCCH,,,,,,,,,,,,,,,,,,1,-inf,"0.000,",,,,,,,,
2026-08-18T11:41:34.875268,9721,0x46,PUCCH,,,,,,,,,,,,,,,,,,2,111.8,"1.000,",,,,,,,,
2026-08-18T11:41:35.730716,9740,0x46,PUCCH,,,,,,,,,,,,,,,,,,1,-inf,"0.000,",,,,,,,,
2026-08-18T11:41:36.903032,9760,0x46,PUCCH,,,,,,,,,,,,,,,,,,1,-inf,"0.000,",,,,,,,,
2026-08-18T11:41:36.950351,9761,0x46,PUCCH,,,,,,,,,,,,,,,,,,2,111.8,"1.000,",,,,,,,,
2026-08-18T11:41:37.767466,9780,0x46,PUCCH,,,,,,,,,,,,,,,,,,1,-inf,"0.000,",,,,,,,,
2026-08-18T11:41:38.742643,9800,0x46,PUCCH,,,,,,,,,,,,,,,,,,1,-inf,"0.000,",,,,,,,,
2026-08-18T11:41:38.787952,9801,0x46,PUCCH,,,,,,,,,,,,,,,,,,2,111.8,"1.000,",,,,,,,,
2026-08-18T11:41:39.606569,9820,0x46,PUCCH,,,,,,,,,,,,,,,,,,1,-inf,"0.000,",,,,,,,,
2026-08-18T11:41:40.558319,9840,0x46,PUCCH,,,,,,,,,,,,,,,,,,1,-inf,"0.000,",,,,,,,,
2026-08-18T11:41:40.600925,9841,0x46,PUCCH,,,,,,,,,,,,,,,,,,2,111.8,"1.000,",,,,,,,,
2026-08-18T11:41:41.356290,9860,0x46,PUCCH,,,,,,,,,,,,,,,,,,1,-inf,"0.000,",,,,,,,,
2026-08-18T11:41:42.450302,9880,0x46,PUCCH,,,,,,,,,,,,,,,,,,1,-inf,"0.000,",,,,,,,,
2026-08-18T11:41:42.485752,9881,0x46,PUCCH,,,,,,,,,,,,,,,,,,2,111.8,"1.000,",,,,,,,,
2026-08-18T11:41:43.435944,9900,0x46,PUCCH,,,,,,,,,,,,,,,,,,1,-inf,"0.000,",,,,,,,,
2026-08-18T11:41:44.414110,9920,0x46,PUCCH,,,,,,,,,,,,,,,,,,1,-inf,"0.000,",,,,,,,,
2026-08-18T11:41:44.445640,9921,0x46,PUCCH,,,,,,,,,,,,,,,,,,2,111.8,"1.000,",,,,,,,,
2026-08-18T11:41:45.593684,9940,0x46,PUCCH,,,,,,,,,,,,,,,,,,1,-inf,"0.000,",,,,,,,,
2026-08-18T11:41:46.627800,9960,0x46,PUCCH,,,,,,,,,,,,,,,,,,1,-inf,"0.000,",,,,,,,,
2026-08-18T11:41:46.665834,9961,0x46,PUCCH,,,,,,,,,,,,,,,,,,2,111.8,"1.000,",,,,,,,,
2026-08-18T11:41:47.549312,9980,0x46,PUCCH,,,,,,,,,,,,,,,,,,1,-inf,"0.000,",,,,,,,,
2026-08-18T11:41:48.461383,10000,0x46,PUCCH,,,,,,,,,,,,,,,,,,1,-inf,"0.000,",,,,,,,,
2026-08-18T11:41:48.502505,10001,0x46,PUCCH,,,,,,,,,,,,,,,,,,2,111.8,"1.000,",,,,,,,,
2026-08-18T11:41:49.407006,10020,0x46,PUCCH,,,,,,,,,,,,,,,,,,1,-inf,"0.000,",,,,,,,,
2026-08-18T11:41:50.696902,10040,0x46,PUCCH,,,,,,,,,,,,,,,,,,1,-inf,"0.000,",,,,,,,,
2026-08-18T11:41:50.755095,10041,0x46,PUCCH,,,,,,,,,,,,,,,,,,2,111.8,"1.000,",,,,,,,,
2026-08-18T11:41:51.777273,10060,0x46,PUCCH,,,,,,,,,,,,,,,,,,1,-inf,"0.000,",,,,,,,,
2026-08-18T11:41:52.784315,10080,0x46,PUCCH,,,,,,,,,,,,,,,,,,1,-inf,"0.000,",,,,,,,,
2026-08-18T11:41:52.816109,10081,0x46,PUCCH,,,,,,,,,,,,,,,,,,2,111.8,"1.000,",,,,,,,,
2026-08-18T11:41:53.799758,10100,0x46,PUCCH,,,,,,,,,,,,,,,,,,1,-inf,"0.000,",,,,,,,,
2026-08-18T11:41:54.758957,10120,0x46,PUCCH,,,,,,,,,,,,,,,,,,1,-inf,"0.000,",,,,,,,,
2026-08-18T11:41:54.808003,10121,0x46,PUCCH,,,,,,,,,,,,,,,,,,2,111.8,"1.000,",,,,,,,,
2026-08-18T11:41:56.461236,10140,0x46,PUCCH,,,,,,,,,,,,,,,,,,1,-inf,"0.000,",,,,,,,,
2026-08-18T11:41:57.584654,10160,0x46,PUCCH,,,,,,,,,,,,,,,,,,1,-inf,"0.000,",,,,,,,,
2026-08-18T11:41:57.656738,10161,0x46,PUCCH,,,,,,,,,,,,,,,,,,2,111.8,"1.000,",,,,,,,,
2026-08-18T11:41:58.734590,10180,0x46,PUCCH,,,,,,,,,,,,,,,,,,1,-inf,"0.000,",,,,,,,,
2026-08-18T11:41:59.696261,10200,0x46,PUCCH,,,,,,,,,,,,,,,,,,1,-inf,"0.000,",,,,,,,,
2026-08-18T11:41:59.739526,10201,0x46,PUCCH,,,,,,,,,,,,,,,,,,2,111.8,"1.000,",,,,,,,,
2026-08-18T11:42:01.249524,10220,0x46,PUCCH,,,,,,,,,,,,,,,,,,1,-inf,"0.000,",,,,,,,,
2026-08-18T11:42:02.087446,0,0x46,PUCCH,,,,,,,,,,,,,,,,,,1,-inf,"0.000,",,,,,,,,
2026-08-18T11:42:02.122063,1,0x46,PUCCH,,,,,,,,,,,,,,,,,,2,111.8,"1.000,",,,,,,,,
2026-08-18T11:42:03.073719,20,0x46,PUCCH,,,,,,,,,,,,,,,,,,1,-inf,"0.000,",,,,,,,,
2026-08-18T11:42:03.894631,40,0x46,PUCCH,,,,,,,,,,,,,,,,,,1,-inf,"0.000,",,,,,,,,
2026-08-18T11:42:03.950474,41,0x46,PUCCH,,,,,,,,,,,,,,,,,,2,111.8,"1.000,",,,,,,,,
2026-08-18T11:42:04.825936,60,0x46,PUCCH,,,,,,,,,,,,,,,,,,1,-inf,"0.000,",,,,,,,,
2026-08-18T11:42:05.946786,80,0x46,PUCCH,,,,,,,,,,,,,,,,,,1,-inf,"0.000,",,,,,,,,
2026-08-18T11:42:05.986290,81,0x46,PUCCH,,,,,,,,,,,,,,,,,,2,111.8,"1.000,",,,,,,,,
2026-08-18T11:42:06.976095,100,0x46,PUCCH,,,,,,,,,,,,,,,,,,1,-inf,"0.000,",,,,,,,,
2026-08-18T11:42:07.860333,120,0x46,PUCCH,,,,,,,,,,,,,,,,,,1,-inf,"0.000,",,,,,,,,
2026-08-18T11:42:07.900009,121,0x46,PUCCH,,,,,,,,,,,,,,,,,,2,111.8,"1.000,",,,,,,,,
2026-08-18T11:42:08.720478,140,0x46,PUCCH,,,,,,,,,,,,,,,,,,1,-inf,"0.000,",,,,,,,,
2026-08-18T11:42:09.519299,160,0x46,PUCCH,,,,,,,,,,,,,,,,,,1,-inf,"0.000,",,,,,,,,
2026-08-18T11:42:09.549645,161,0x46,PUCCH,,,,,,,,,,,,,,,,,,2,111.8,"1.000,",,,,,,,,
2026-08-18T11:42:10.538266,180,0x46,PUCCH,,,,,,,,,,,,,,,,,,1,-inf,"0.000,",,,,,,,,
2026-08-18T11:42:11.469937,200,0x46,PUCCH,,,,,,,,,,,,,,,,,,1,-inf,"0.000,",,,,,,,,
2026-08-18T11:42:11.510554,201,0x46,PUCCH,,,,,,,,,,,,,,,,,,2,111.8,"1.000,",,,,,,,,
2026-08-18T11:42:12.216458,220,0x46,PUCCH,,,,,,,,,,,,,,,,,,1,-inf,"0.000,",,,,,,,,
2026-08-18T11:42:13.200855,240,0x46,PUCCH,,,,,,,,,,,,,,,,,,1,-inf,"0.000,",,,,,,,,
2026-08-18T11:42:13.262550,241,0x46,PUCCH,,,,,,,,,,,,,,,,,,2,111.8,"1.000,",,,,,,,,
2026-08-18T11:42:13.890227,260,0x46,PUCCH,,,,,,,,,,,,,,,,,,1,-inf,"0.000,",,,,,,,,
2026-08-18T11:42:14.696909,280,0x46,PUCCH,,,,,,,,,,,,,,,,,,1,-inf,"0.000,",,,,,,,,
2026-08-18T11:42:14.729815,281,0x46,PUCCH,,,,,,,,,,,,,,,,,,2,111.8,"1.000,",,,,,,,,
2026-08-18T11:42:15.544590,300,0x46,PUCCH,,,,,,,,,,,,,,,,,,1,-inf,"0.000,",,,,,,,,
2026-08-18T11:42:16.258490,320,0x46,PUCCH,,,,,,,,,,,,,,,,,,1,-inf,"0.000,",,,,,,,,
2026-08-18T11:42:16.284526,321,0x46,PUCCH,,,,,,,,,,,,,,,,,,2,111.8,"1.000,",,,,,,,,
2026-08-18T11:42:17.198538,340,0x46,PUCCH,,,,,,,,,,,,,,,,,,1,-inf,"0.000,",,,,,,,,
2026-08-18T11:42:18.721050,360,0x46,PUCCH,,,,,,,,,,,,,,,,,,1,-inf,"0.000,",,,,,,,,
2026-08-18T11:42:18.782497,361,0x46,PUCCH,,,,,,,,,,,,,,,,,,2,111.8,"1.000,",,,,,,,,
2026-08-18T11:42:19.637328,380,0x46,PUCCH,,,,,,,,,,,,,,,,,,1,-inf,"0.000,",,,,,,,,
2026-08-18T11:42:21.111083,400,0x46,PUCCH,,,,,,,,,,,,,,,,,,1,-inf,"0.000,",,,,,,,,
2026-08-18T11:42:21.161285,401,0x46,PUCCH,,,,,,,,,,,,,,,,,,2,111.8,"1.000,",,,,,,,,
2026-08-18T11:42:22.247809,420,0x46,PUCCH,,,,,,,,,,,,,,,,,,1,-inf,"0.000,",,,,,,,,
2026-08-18T11:42:23.661244,440,0x46,PUCCH,,,,,,,,,,,,,,,,,,1,-inf,"0.000,",,,,,,,,
2026-08-18T11:42:23.724846,441,0x46,PUCCH,,,,,,,,,,,,,,,,,,2,111.8,"1.000,",,,,,,,,
2026-08-18T11:42:24.920667,460,0x46,PUCCH,,,,,,,,,,,,,,,,,,1,-inf,"0.000,",,,,,,,,
2026-08-18T11:42:25.806561,480,0x46,PUCCH,,,,,,,,,,,,,,,,,,1,-inf,"0.000,",,,,,,,,
2026-08-18T11:42:25.836211,481,0x46,PUCCH,,,,,,,,,,,,,,,,,,2,111.8,"1.000,",,,,,,,,
2026-08-18T11:42:26.559535,500,0x46,PUCCH,,,,,,,,,,,,,,,,,,1,-inf,"0.000,",,,,,,,,
2026-08-18T11:42:27.425872,520,0x46,PUCCH,,,,,,,,,,,,,,,,,,1,-inf,"0.000,",,,,,,,,
2026-08-18T11:42:27.482599,521,0x46,PUCCH,,,,,,,,,,,,,,,,,,2,111.8,"1.000,",,,,,,,,
2026-08-18T11:42:28.537167,540,0x46,PUCCH,,,,,,,,,,,,,,,,,,1,-inf,"0.000,",,,,,,,,
2026-08-18T11:42:29.467172,560,0x46,PUCCH,,,,,,,,,,,,,,,,,,1,-inf,"0.000,",,,,,,,,
2026-08-18T11:42:29.544120,561,0x46,PUCCH,,,,,,,,,,,,,,,,,,2,111.8,"1.000,",,,,,,,,
2026-08-18T11:42:30.418693,580,0x46,PUCCH,,,,,,,,,,,,,,,,,,1,-inf,"0.000,",,,,,,,,
2026-08-18T11:42:31.390138,600,0x46,PUCCH,,,,,,,,,,,,,,,,,,1,-inf,"0.000,",,,,,,,,
2026-08-18T11:42:31.423698,601,0x46,PUCCH,,,,,,,,,,,,,,,,,,2,111.8,"1.000,",,,,,,,,
2026-08-18T11:42:32.113192,620,0x46,PUCCH,,,,,,,,,,,,,,,,,,1,-inf,"0.000,",,,,,,,,
2026-08-18T11:42:33.043772,640,0x46,PUCCH,,,,,,,,,,,,,,,,,,1,-inf,"0.000,",,,,,,,,
2026-08-18T11:42:33.079043,641,0x46,PUCCH,,,,,,,,,,,,,,,,,,2,111.8,"1.000,",,,,,,,,
2026-08-18T11:42:34.014677,660,0x46,PUCCH,,,,,,,,,,,,,,,,,,1,-inf,"0.000,",,,,,,,,
2026-08-18T11:42:34.934070,680,0x46,PUCCH,,,,,,,,,,,,,,,,,,1,-inf,"0.000,",,,,,,,,
2026-08-18T11:42:34.967613,681,0x46,PUCCH,,,,,,,,,,,,,,,,,,2,111.8,"1.000,",,,,,,,,
2026-08-18T11:42:35.599265,700,0x46,PUCCH,,,,,,,,,,,,,,,,,,1,-inf,"0.000,",,,,,,,,
2026-08-18T11:42:36.477896,720,0x46,PUCCH,,,,,,,,,,,,,,,,,,1,-inf,"0.000,",,,,,,,,
2026-08-18T11:42:36.587628,721,0x46,PUCCH,,,,,,,,,,,,,,,,,,2,111.8,"1.000,",,,,,,,,
2026-08-18T11:42:37.482810,740,0x46,PUCCH,,,,,,,,,,,,,,,,,,1,-inf,"0.000,",,,,,,,,
2026-08-18T11:42:38.593066,760,0x46,PUCCH,,,,,,,,,,,,,,,,,,1,-inf,"0.000,",,,,,,,,
2026-08-18T11:42:38.638512,761,0x46,PUCCH,,,,,,,,,,,,,,,,,,2,111.8,"1.000,",,,,,,,,
2026-08-18T11:42:39.466461,780,0x46,PUCCH,,,,,,,,,,,,,,,,,,1,-inf,"0.000,",,,,,,,,
2026-08-18T11:42:40.317232,800,0x46,PUCCH,,,,,,,,,,,,,,,,,,1,-inf,"0.000,",,,,,,,,
2026-08-18T11:42:40.411852,801,0x46,PUCCH,,,,,,,,,,,,,,,,,,2,111.8,"1.000,",,,,,,,,
2026-08-18T11:42:41.567028,820,0x46,PUCCH,,,,,,,,,,,,,,,,,,1,-inf,"0.000,",,,,,,,,
2026-08-18T11:42:42.870384,840,0x46,PUCCH,,,,,,,,,,,,,,,,,,1,-inf,"0.000,",,,,,,,,
2026-08-18T11:42:42.919356,841,0x46,PUCCH,,,,,,,,,,,,,,,,,,2,111.8,"1.000,",,,,,,,,
2026-08-18T11:42:43.992959,860,0x46,PUCCH,,,,,,,,,,,,,,,,,,1,-inf,"0.000,",,,,,,,,
2026-08-18T11:42:44.775575,880,0x46,PUCCH,,,,,,,,,,,,,,,,,,1,-inf,"0.000,",,,,,,,,
2026-08-18T11:42:44.807811,881,0x46,PUCCH,,,,,,,,,,,,,,,,,,2,111.8,"1.000,",,,,,,,,
2026-08-18T11:42:45.710615,900,0x46,PUCCH,,,,,,,,,,,,,,,,,,1,-inf,"0.000,",,,,,,,,
2026-08-18T11:42:46.831896,920,0x46,PUCCH,,,,,,,,,,,,,,,,,,1,-inf,"0.000,",,,,,,,,
2026-08-18T11:42:46.891791,921,0x46,PUCCH,,,,,,,,,,,,,,,,,,2,111.8,"1.000,",,,,,,,,
2026-08-18T11:42:47.792124,940,0x46,PUCCH,,,,,,,,,,,,,,,,,,1,-inf,"0.000,",,,,,,,,
2026-08-18T11:42:48.692024,960,0x46,PUCCH,,,,,,,,,,,,,,,,,,1,-inf,"0.000,",,,,,,,,
2026-08-18T11:42:48.728983,961,0x46,PUCCH,,,,,,,,,,,,,,,,,,2,111.8,"1.000,",,,,,,,,
2026-08-18T11:42:49.618697,980,0x46,PUCCH,,,,,,,,,,,,,,,,,,1,-inf,"0.000,",,,,,,,,
2026-08-18T11:42:50.539135,1000,0x46,PUCCH,,,,,,,,,,,,,,,,,,1,-inf,"0.000,",,,,,,,,
2026-08-18T11:42:50.584845,1001,0x46,PUCCH,,,,,,,,,,,,,,,,,,2,111.8,"1.000,",,,,,,,,
2026-08-18T11:42:51.516758,1020,0x46,PUCCH,,,,,,,,,,,,,,,,,,1,-inf,"0.000,",,,,,,,,
2026-08-18T11:42:52.278754,1040,0x46,PUCCH,,,,,,,,,,,,,,,,,,1,-inf,"0.000,",,,,,,,,
2026-08-18T11:42:52.325022,1041,0x46,PUCCH,,,,,,,,,,,,,,,,,,2,111.8,"1.000,",,,,,,,,
2026-08-18T11:42:53.330000,1060,0x46,PUCCH,,,,,,,,,,,,,,,,,,1,-inf,"0.000,",,,,,,,,
2026-08-18T11:42:54.383916,1080,0x46,PUCCH,,,,,,,,,,,,,,,,,,1,-inf,"0.000,",,,,,,,,
2026-08-18T11:42:54.431932,1081,0x46,PUCCH,,,,,,,,,,,,,,,,,,2,111.8,"1.000,",,,,,,,,
2026-08-18T11:42:55.505014,1100,0x46,PUCCH,,,,,,,,,,,,,,,,,,1,-inf,"0.000,",,,,,,,,
2026-08-18T11:42:56.520276,1120,0x46,PUCCH,,,,,,,,,,,,,,,,,,1,-inf,"0.000,",,,,,,,,
2026-08-18T11:42:56.551545,1121,0x46,PUCCH,,,,,,,,,,,,,,,,,,2,111.8,"1.000,",,,,,,,,
2026-08-18T11:42:57.508379,1140,0x46,PUCCH,,,,,,,,,,,,,,,,,,1,-inf,"0.000,",,,,,,,,
2026-08-18T11:42:58.405611,1160,0x46,PUCCH,,,,,,,,,,,,,,,,,,1,-inf,"0.000,",,,,,,,,
2026-08-18T11:42:58.455138,1161,0x46,PUCCH,,,,,,,,,,,,,,,,,,2,111.8,"1.000,",,,,,,,,
2026-08-18T11:42:59.405020,1180,0x46,PUCCH,,,,,,,,,,,,,,,,,,1,-inf,"0.000,",,,,,,,,
2026-08-18T11:43:00.494303,1200,0x46,PUCCH,,,,,,,,,,,,,,,,,,1,-inf,"0.000,",,,,,,,,
2026-08-18T11:43:00.536121,1201,0x46,PUCCH,,,,,,,,,,,,,,,,,,2,111.8,"1.000,",,,,,,,,
2026-08-18T11:43:01.568060,1220,0x46,PUCCH,,,,,,,,,,,,,,,,,,1,-inf,"0.000,",,,,,,,,
2026-08-18T11:43:02.671095,1240,0x46,PUCCH,,,,,,,,,,,,,,,,,,1,-inf,"0.000,",,,,,,,,
2026-08-18T11:43:02.734260,1241,0x46,PUCCH,,,,,,,,,,,,,,,,,,2,111.8,"1.000,",,,,,,,,
2026-08-18T11:43:03.801999,1260,0x46,PUCCH,,,,,,,,,,,,,,,,,,1,-inf,"0.000,",,,,,,,,
2026-08-18T11:43:05.075491,1280,0x46,PUCCH,,,,,,,,,,,,,,,,,,1,-inf,"0.000,",,,,,,,,
2026-08-18T11:43:05.134263,1281,0x46,PUCCH,,,,,,,,,,,,,,,,,,2,111.8,"1.000,",,,,,,,,
2026-08-18T11:43:06.186642,1300,0x46,PUCCH,,,,,,,,,,,,,,,,,,1,-inf,"0.000,",,,,,,,,
2026-08-18T11:43:07.107275,1320,0x46,PUCCH,,,,,,,,,,,,,,,,,,1,-inf,"0.000,",,,,,,,,
2026-08-18T11:43:07.178722,1321,0x46,PUCCH,,,,,,,,,,,,,,,,,,2,111.8,"1.000,",,,,,,,,
2026-08-18T11:43:08.091833,1340,0x46,PUCCH,,,,,,,,,,,,,,,,,,1,-inf,"0.000,",,,,,,,,
2026-08-18T11:43:09.569012,1360,0x46,PUCCH,,,,,,,,,,,,,,,,,,1,-inf,"0.000,",,,,,,,,
2026-08-18T11:43:09.623157,1361,0x46,PUCCH,,,,,,,,,,,,,,,,,,2,111.8,"1.000,",,,,,,,,
2026-08-18T11:43:11.136992,1380,0x46,PUCCH,,,,,,,,,,,,,,,,,,1,-inf,"0.000,",,,,,,,,
2026-08-18T11:43:12.201031,1400,0x46,PUCCH,,,,,,,,,,,,,,,,,,1,-inf,"0.000,",,,,,,,,
2026-08-18T11:43:12.269318,1401,0x46,PUCCH,,,,,,,,,,,,,,,,,,2,111.8,"1.000,",,,,,,,,
2026-08-18T11:43:13.517773,1420,0x46,PUCCH,,,,,,,,,,,,,,,,,,1,-inf,"0.000,",,,,,,,,
2026-08-18T11:43:14.514184,1440,0x46,PUCCH,,,,,,,,,,,,,,,,,,1,-inf,"0.000,",,,,,,,,
2026-08-18T11:43:14.554860,1441,0x46,PUCCH,,,,,,,,,,,,,,,,,,2,111.8,"1.000,",,,,,,,,
2026-08-18T11:43:15.428581,1460,0x46,PUCCH,,,,,,,,,,,,,,,,,,1,-inf,"0.000,",,,,,,,,
2026-08-18T11:43:16.391556,1480,0x46,PUCCH,,,,,,,,,,,,,,,,,,1,-inf,"0.000,",,,,,,,,
2026-08-18T11:43:16.451487,1481,0x46,PUCCH,,,,,,,,,,,,,,,,,,2,111.8,"1.000,",,,,,,,,
2026-08-18T11:43:17.498738,1500,0x46,PUCCH,,,,,,,,,,,,,,,,,,1,-inf,"0.000,",,,,,,,,
2026-08-18T11:43:18.598430,1520,0x46,PUCCH,,,,,,,,,,,,,,,,,,1,-inf,"0.000,",,,,,,,,
2026-08-18T11:43:18.646439,1521,0x46,PUCCH,,,,,,,,,,,,,,,,,,2,111.8,"1.000,",,,,,,,,
2026-08-18T11:43:19.747510,1540,0x46,PUCCH,,,,,,,,,,,,,,,,,,1,-inf,"0.000,",,,,,,,,
2026-08-18T11:43:20.836711,1560,0x46,PUCCH,,,,,,,,,,,,,,,,,,1,-inf,"0.000,",,,,,,,,
2026-08-18T11:43:20.883742,1561,0x46,PUCCH,,,,,,,,,,,,,,,,,,2,111.8,"1.000,",,,,,,,,
2026-08-18T11:43:21.743545,1580,0x46,PUCCH,,,,,,,,,,,,,,,,,,1,-inf,"0.000,",,,,,,,,
2026-08-18T11:43:22.470399,1600,0x46,PUCCH,,,,,,,,,,,,,,,,,,1,-inf,"0.000,",,,,,,,,
2026-08-18T11:43:22.498914,1601,0x46,PUCCH,,,,,,,,,,,,,,,,,,2,111.8,"1.000,",,,,,,,,
2026-08-18T11:43:23.597519,1620,0x46,PUCCH,,,,,,,,,,,,,,,,,,1,-inf,"0.000,",,,,,,,,
2026-08-18T11:43:24.751371,1640,0x46,PUCCH,,,,,,,,,,,,,,,,,,1,-inf,"0.000,",,,,,,,,
2026-08-18T11:43:24.803308,1641,0x46,PUCCH,,,,,,,,,,,,,,,,,,2,111.8,"1.000,",,,,,,,,
2026-08-18T11:43:25.663386,1660,0x46,PUCCH,,,,,,,,,,,,,,,,,,1,-inf,"0.000,",,,,,,,,
2026-08-18T11:43:26.468582,1680,0x46,PUCCH,,,,,,,,,,,,,,,,,,1,-inf,"0.000,",,,,,,,,
2026-08-18T11:43:26.507885,1681,0x46,PUCCH,,,,,,,,,,,,,,,,,,2,111.8,"1.000,",,,,,,,,
2026-08-18T11:43:27.587501,1700,0x46,PUCCH,,,,,,,,,,,,,,,,,,1,-inf,"0.000,",,,,,,,,
2026-08-18T11:43:29.027475,1720,0x46,PUCCH,,,,,,,,,,,,,,,,,,1,-inf,"0.000,",,,,,,,,
2026-08-18T11:43:29.068303,1721,0x46,PUCCH,,,,,,,,,,,,,,,,,,2,111.8,"1.000,",,,,,,,,
2026-08-18T11:43:30.257498,1740,0x46,PUCCH,,,,,,,,,,,,,,,,,,1,-inf,"0.000,",,,,,,,,
2026-08-18T11:43:31.472500,1760,0x46,PUCCH,,,,,,,,,,,,,,,,,,1,-inf,"0.000,",,,,,,,,
2026-08-18T11:43:31.514779,1761,0x46,PUCCH,,,,,,,,,,,,,,,,,,2,111.8,"1.000,",,,,,,,,
2026-08-18T11:43:32.250421,1780,0x46,PUCCH,,,,,,,,,,,,,,,,,,1,-inf,"0.000,",,,,,,,,
2026-08-18T11:43:33.162076,1800,0x46,PUCCH,,,,,,,,,,,,,,,,,,1,-inf,"0.000,",,,,,,,,
2026-08-18T11:43:33.204756,1801,0x46,PUCCH,,,,,,,,,,,,,,,,,,2,111.8,"1.000,",,,,,,,,
2026-08-18T11:43:34.264902,1820,0x46,PUCCH,,,,,,,,,,,,,,,,,,1,-inf,"0.000,",,,,,,,,
2026-08-18T11:43:35.308092,1840,0x46,PUCCH,,,,,,,,,,,,,,,,,,1,-inf,"0.000,",,,,,,,,
2026-08-18T11:43:35.342786,1841,0x46,PUCCH,,,,,,,,,,,,,,,,,,2,111.8,"1.000,",,,,,,,,
2026-08-18T11:43:36.292705,1860,0x46,PUCCH,,,,,,,,,,,,,,,,,,1,-inf,"0.000,",,,,,,,,
2026-08-18T11:43:37.210682,1880,0x46,PUCCH,,,,,,,,,,,,,,,,,,1,-inf,"0.000,",,,,,,,,
2026-08-18T11:43:37.252509,1881,0x46,PUCCH,,,,,,,,,,,,,,,,,,2,111.8,"1.000,",,,,,,,,
2026-08-18T11:43:38.119250,1900,0x46,PUCCH,,,,,,,,,,,,,,,,,,1,-inf,"0.000,",,,,,,,,
2026-08-18T11:43:39.713678,1920,0x46,PUCCH,,,,,,,,,,,,,,,,,,1,-inf,"0.000,",,,,,,,,
2026-08-18T11:43:39.794454,1921,0x46,PUCCH,,,,,,,,,,,,,,,,,,2,111.8,"1.000,",,,,,,,,
2026-08-18T11:43:40.785128,1940,0x46,PUCCH,,,,,,,,,,,,,,,,,,1,-inf,"0.000,",,,,,,,,
2026-08-18T11:43:41.866696,1960,0x46,PUCCH,,,,,,,,,,,,,,,,,,1,-inf,"0.000,",,,,,,,,
2026-08-18T11:43:41.909755,1961,0x46,PUCCH,,,,,,,,,,,,,,,,,,2,111.8,"1.000,",,,,,,,,
2026-08-18T11:43:42.964136,1980,0x46,PUCCH,,,,,,,,,,,,,,,,,,1,-inf,"0.000,",,,,,,,,
2026-08-18T11:43:44.077269,2000,0x46,PUCCH,,,,,,,,,,,,,,,,,,1,-inf,"0.000,",,,,,,,,
2026-08-18T11:43:44.128044,2001,0x46,PUCCH,,,,,,,,,,,,,,,,,,2,111.8,"1.000,",,,,,,,,
2026-08-18T11:43:45.362927,2020,0x46,PUCCH,,,,,,,,,,,,,,,,,,1,-inf,"0.000,",,,,,,,,
2026-08-18T11:43:46.486062,2040,0x46,PUCCH,,,,,,,,,,,,,,,,,,1,-inf,"0.000,",,,,,,,,
2026-08-18T11:43:46.526304,2041,0x46,PUCCH,,,,,,,,,,,,,,,,,,2,111.8,"1.000,",,,,,,,,
2026-08-18T11:43:47.460982,2060,0x46,PUCCH,,,,,,,,,,,,,,,,,,1,-inf,"0.000,",,,,,,,,
2026-08-18T11:43:48.288661,2080,0x46,PUCCH,,,,,,,,,,,,,,,,,,1,-inf,"0.000,",,,,,,,,
2026-08-18T11:43:48.320650,2081,0x46,PUCCH,,,,,,,,,,,,,,,,,,2,111.8,"1.000,",,,,,,,,
2026-08-18T11:43:49.142957,2100,0x46,PUCCH,,,,,,,,,,,,,,,,,,1,-inf,"0.000,",,,,,,,,
2026-08-18T11:43:49.913359,2120,0x46,PUCCH,,,,,,,,,,,,,,,,,,1,-inf,"0.000,",,,,,,,,
2026-08-18T11:43:49.944067,2121,0x46,PUCCH,,,,,,,,,,,,,,,,,,2,111.8,"1.000,",,,,,,,,
2026-08-18T11:43:50.651959,2140,0x46,PUCCH,,,,,,,,,,,,,,,,,,1,-inf,"0.000,",,,,,,,,
2026-08-18T11:43:51.586690,2160,0x46,PUCCH,,,,,,,,,,,,,,,,,,1,-inf,"0.000,",,,,,,,,
2026-08-18T11:43:51.634486,2161,0x46,PUCCH,,,,,,,,,,,,,,,,,,2,111.8,"1.000,",,,,,,,,
2026-08-18T11:43:52.844329,2180,0x46,PUCCH,,,,,,,,,,,,,,,,,,1,-inf,"0.000,",,,,,,,,
2026-08-18T11:43:54.060585,2200,0x46,PUCCH,,,,,,,,,,,,,,,,,,1,-inf,"0.000,",,,,,,,,
2026-08-18T11:43:54.092270,2201,0x46,PUCCH,,,,,,,,,,,,,,,,,,2,111.8,"1.000,",,,,,,,,
2026-08-18T11:43:54.944987,2220,0x46,PUCCH,,,,,,,,,,,,,,,,,,1,-inf,"0.000,",,,,,,,,
2026-08-18T11:43:55.768315,2240,0x46,PUCCH,,,,,,,,,,,,,,,,,,1,-inf,"0.000,",,,,,,,,
2026-08-18T11:43:55.805728,2241,0x46,PUCCH,,,,,,,,,,,,,,,,,,2,111.8,"1.000,",,,,,,,,
2026-08-18T11:43:56.505670,2260,0x46,PUCCH,,,,,,,,,,,,,,,,,,1,-inf,"0.000,",,,,,,,,
2026-08-18T11:43:57.523496,2280,0x46,PUCCH,,,,,,,,,,,,,,,,,,1,-inf,"0.000,",,,,,,,,
2026-08-18T11:43:57.584836,2281,0x46,PUCCH,,,,,,,,,,,,,,,,,,2,111.8,"1.000,",,,,,,,,
2026-08-18T11:43:58.404786,2300,0x46,PUCCH,,,,,,,,,,,,,,,,,,1,-inf,"0.000,",,,,,,,,
2026-08-18T11:43:59.217316,2320,0x46,PUCCH,,,,,,,,,,,,,,,,,,1,-inf,"0.000,",,,,,,,,
2026-08-18T11:43:59.247743,2321,0x46,PUCCH,,,,,,,,,,,,,,,,,,2,111.8,"1.000,",,,,,,,,
2026-08-18T11:43:59.959029,2340,0x46,PUCCH,,,,,,,,,,,,,,,,,,1,-inf,"0.000,",,,,,,,,
2026-08-18T11:44:00.776505,2360,0x46,PUCCH,,,,,,,,,,,,,,,,,,1,-inf,"0.000,",,,,,,,,
2026-08-18T11:44:00.816965,2361,0x46,PUCCH,,,,,,,,,,,,,,,,,,2,111.8,"1.000,",,,,,,,,
2026-08-18T11:44:01.589496,2380,0x46,PUCCH,,,,,,,,,,,,,,,,,,1,-inf,"0.000,",,,,,,,,
2026-08-18T11:44:02.343528,2400,0x46,PUCCH,,,,,,,,,,,,,,,,,,1,-inf,"0.000,",,,,,,,,
2026-08-18T11:44:02.398846,2401,0x46,PUCCH,,,,,,,,,,,,,,,,,,2,111.8,"1.000,",,,,,,,,
2026-08-18T11:44:03.344612,2420,0x46,PUCCH,,,,,,,,,,,,,,,,,,1,-inf,"0.000,",,,,,,,,
2026-08-18T11:44:04.474870,2440,0x46,PUCCH,,,,,,,,,,,,,,,,,,1,-inf,"0.000,",,,,,,,,
2026-08-18T11:44:04.513407,2441,0x46,PUCCH,,,,,,,,,,,,,,,,,,2,111.8,"1.000,",,,,,,,,
2026-08-18T11:44:05.452493,2460,0x46,PUCCH,,,,,,,,,,,,,,,,,,1,-inf,"0.000,",,,,,,,,
2026-08-18T11:44:06.507889,2480,0x46,PUCCH,,,,,,,,,,,,,,,,,,1,-inf,"0.000,",,,,,,,,
2026-08-18T11:44:06.539550,2481,0x46,PUCCH,,,,,,,,,,,,,,,,,,2,111.8,"1.000,",,,,,,,,
2026-08-18T11:44:07.360660,2500,0x46,PUCCH,,,,,,,,,,,,,,,,,,1,-inf,"0.000,",,,,,,,,
2026-08-18T11:44:08.379113,2520,0x46,PUCCH,,,,,,,,,,,,,,,,,,1,-inf,"0.000,",,,,,,,,
2026-08-18T11:44:08.413584,2521,0x46,PUCCH,,,,,,,,,,,,,,,,,,2,111.8,"1.000,",,,,,,,,
2026-08-18T11:44:09.525708,2540,0x46,PUCCH,,,,,,,,,,,,,,,,,,1,-inf,"0.000,",,,,,,,,
2026-08-18T11:44:10.281953,2560,0x46,PUCCH,,,,,,,,,,,,,,,,,,1,-inf,"0.000,",,,,,,,,
2026-08-18T11:44:10.339312,2561,0x46,PUCCH,,,,,,,,,,,,,,,,,,2,111.8,"1.000,",,,,,,,,
2026-08-18T11:44:11.200123,2580,0x46,PUCCH,,,,,,,,,,,,,,,,,,1,-inf,"0.000,",,,,,,,,
2026-08-18T11:44:12.106544,2600,0x46,PUCCH,,,,,,,,,,,,,,,,,,1,-inf,"0.000,",,,,,,,,
2026-08-18T11:44:12.153981,2601,0x46,PUCCH,,,,,,,,,,,,,,,,,,2,111.8,"1.000,",,,,,,,,
2026-08-18T11:44:12.950330,2620,0x46,PUCCH,,,,,,,,,,,,,,,,,,1,-inf,"0.000,",,,,,,,,
2026-08-18T11:44:13.763649,2640,0x46,PUCCH,,,,,,,,,,,,,,,,,,1,-inf,"0.000,",,,,,,,,
2026-08-18T11:44:13.800719,2641,0x46,PUCCH,,,,,,,,,,,,,,,,,,2,111.8,"1.000,",,,,,,,,
2026-08-18T11:44:14.489449,2660,0x46,PUCCH,,,,,,,,,,,,,,,,,,1,-inf,"0.000,",,,,,,,,
2026-08-18T11:44:15.517662,2680,0x46,PUCCH,,,,,,,,,,,,,,,,,,1,-inf,"0.000,",,,,,,,,
2026-08-18T11:44:15.557905,2681,0x46,PUCCH,,,,,,,,,,,,,,,,,,2,111.8,"1.000,",,,,,,,,
2026-08-18T11:44:16.545614,2700,0x46,PUCCH,,,,,,,,,,,,,,,,,,1,-inf,"0.000,",,,,,,,,
2026-08-18T11:44:17.345792,2720,0x46,PUCCH,,,,,,,,,,,,,,,,,,1,-inf,"0.000,",,,,,,,,
2026-08-18T11:44:17.376827,2721,0x46,PUCCH,,,,,,,,,,,,,,,,,,2,111.8,"1.000,",,,,,,,,
2026-08-18T11:44:17.984801,2740,0x46,PUCCH,,,,,,,,,,,,,,,,,,1,-inf,"0.000,",,,,,,,,
2026-08-18T11:44:18.619950,2760,0x46,PUCCH,,,,,,,,,,,,,,,,,,1,-inf,"0.000,",,,,,,,,
2026-08-18T11:44:18.656236,2761,0x46,PUCCH,,,,,,,,,,,,,,,,,,2,111.8,"1.000,",,,,,,,,
2026-08-18T11:44:19.366339,2780,0x46,PUCCH,,,,,,,,,,,,,,,,,,1,-inf,"0.000,",,,,,,,,
2026-08-18T11:44:20.074768,2800,0x46,PUCCH,,,,,,,,,,,,,,,,,,1,-inf,"0.000,",,,,,,,,
2026-08-18T11:44:20.128898,2801,0x46,PUCCH,,,,,,,,,,,,,,,,,,2,111.8,"1.000,",,,,,,,,
2026-08-18T11:44:21.004945,2820,0x46,PUCCH,,,,,,,,,,,,,,,,,,1,-inf,"0.000,",,,,,,,,
2026-08-18T11:44:21.921364,2840,0x46,PUCCH,,,,,,,,,,,,,,,,,,1,-inf,"0.000,",,,,,,,,
2026-08-18T11:44:21.959485,2841,0x46,PUCCH,,,,,,,,,,,,,,,,,,2,111.8,"1.000,",,,,,,,,
2026-08-18T11:44:22.735790,2860,0x46,PUCCH,,,,,,,,,,,,,,,,,,1,-inf,"0.000,",,,,,,,,
2026-08-18T11:44:23.598874,2880,0x46,PUCCH,,,,,,,,,,,,,,,,,,1,-inf,"0.000,",,,,,,,,
2026-08-18T11:44:23.637290,2881,0x46,PUCCH,,,,,,,,,,,,,,,,,,2,111.8,"1.000,",,,,,,,,
2026-08-18T11:44:24.576515,2900,0x46,PUCCH,,,,,,,,,,,,,,,,,,1,-inf,"0.000,",,,,,,,,
2026-08-18T11:44:25.268390,2920,0x46,PUCCH,,,,,,,,,,,,,,,,,,1,-inf,"0.000,",,,,,,,,
2026-08-18T11:44:25.301538,2921,0x46,PUCCH,,,,,,,,,,,,,,,,,,2,111.8,"1.000,",,,,,,,,
2026-08-18T11:44:26.516483,2940,0x46,PUCCH,,,,,,,,,,,,,,,,,,1,-inf,"0.000,",,,,,,,,
2026-08-18T11:44:27.327463,2960,0x46,PUCCH,,,,,,,,,,,,,,,,,,1,-inf,"0.000,",,,,,,,,
2026-08-18T11:44:27.368145,2961,0x46,PUCCH,,,,,,,,,,,,,,,,,,2,111.8,"1.000,",,,,,,,,
2026-08-18T11:44:28.223122,2980,0x46,PUCCH,,,,,,,,,,,,,,,,,,1,-inf,"0.000,",,,,,,,,
2026-08-18T11:44:29.074526,3000,0x46,PUCCH,,,,,,,,,,,,,,,,,,1,-inf,"0.000,",,,,,,,,
2026-08-18T11:44:29.117655,3001,0x46,PUCCH,,,,,,,,,,,,,,,,,,2,111.8,"1.000,",,,,,,,,
2026-08-18T11:44:29.836886,3020,0x46,PUCCH,,,,,,,,,,,,,,,,,,1,-inf,"0.000,",,,,,,,,
2026-08-18T11:44:30.539511,3040,0x46,PUCCH,,,,,,,,,,,,,,,,,,1,-inf,"0.000,",,,,,,,,
2026-08-18T11:44:30.580839,3041,0x46,PUCCH,,,,,,,,,,,,,,,,,,2,111.8,"1.000,",,,,,,,,
2026-08-18T11:44:31.359118,3060,0x46,PUCCH,,,,,,,,,,,,,,,,,,1,-inf,"0.000,",,,,,,,,
2026-08-18T11:44:32.132984,3080,0x46,PUCCH,,,,,,,,,,,,,,,,,,1,-inf,"0.000,",,,,,,,,
2026-08-18T11:44:32.176288,3081,0x46,PUCCH,,,,,,,,,,,,,,,,,,2,111.8,"1.000,",,,,,,,,
2026-08-18T11:44:33.432261,3100,0x46,PUCCH,,,,,,,,,,,,,,,,,,1,-inf,"0.000,",,,,,,,,
2026-08-18T11:44:34.374641,3120,0x46,PUCCH,,,,,,,,,,,,,,,,,,1,-inf,"0.000,",,,,,,,,
2026-08-18T11:44:34.425765,3121,0x46,PUCCH,,,,,,,,,,,,,,,,,,2,111.8,"1.000,",,,,,,,,
2026-08-18T11:44:35.839528,3140,0x46,PUCCH,,,,,,,,,,,,,,,,,,1,-inf,"0.000,",,,,,,,,
2026-08-18T11:44:36.688479,3160,0x46,PUCCH,,,,,,,,,,,,,,,,,,1,-inf,"0.000,",,,,,,,,
2026-08-18T11:44:36.719060,3161,0x46,PUCCH,,,,,,,,,,,,,,,,,,2,111.8,"1.000,",,,,,,,,
2026-08-18T11:44:37.573075,3180,0x46,PUCCH,,,,,,,,,,,,,,,,,,1,-inf,"0.000,",,,,,,,,
2026-08-18T11:44:38.320063,3200,0x46,PUCCH,,,,,,,,,,,,,,,,,,1,-inf,"0.000,",,,,,,,,
2026-08-18T11:44:38.350880,3201,0x46,PUCCH,,,,,,,,,,,,,,,,,,2,111.8,"1.000,",,,,,,,,
2026-08-18T11:44:39.119553,3220,0x46,PUCCH,,,,,,,,,,,,,,,,,,1,-inf,"0.000,",,,,,,,,
2026-08-18T11:44:39.883807,3240,0x46,PUCCH,,,,,,,,,,,,,,,,,,1,-inf,"0.000,",,,,,,,,
2026-08-18T11:44:39.915664,3241,0x46,PUCCH,,,,,,,,,,,,,,,,,,2,111.8,"1.000,",,,,,,,,
2026-08-18T11:44:40.704560,3260,0x46,PUCCH,,,,,,,,,,,,,,,,,,1,-inf,"0.000,",,,,,,,,
2026-08-18T11:44:41.565229,3280,0x46,PUCCH,,,,,,,,,,,,,,,,,,1,-inf,"0.000,",,,,,,,,
2026-08-18T11:44:41.604483,3281,0x46,PUCCH,,,,,,,,,,,,,,,,,,2,111.8,"1.000,",,,,,,,,
2026-08-18T11:44:42.482648,3300,0x46,PUCCH,,,,,,,,,,,,,,,,,,1,-inf,"0.000,",,,,,,,,
2026-08-18T11:44:43.418786,3320,0x46,PUCCH,,,,,,,,,,,,,,,,,,1,-inf,"0.000,",,,,,,,,
2026-08-18T11:44:43.452934,3321,0x46,PUCCH,,,,,,,,,,,,,,,,,,2,111.8,"1.000,",,,,,,,,
2026-08-18T11:44:44.245786,3340,0x46,PUCCH,,,,,,,,,,,,,,,,,,1,-inf,"0.000,",,,,,,,,
2026-08-18T11:44:45.023706,3360,0x46,PUCCH,,,,,,,,,,,,,,,,,,1,-inf,"0.000,",,,,,,,,
2026-08-18T11:44:45.079121,3361,0x46,PUCCH,,,,,,,,,,,,,,,,,,2,111.8,"1.000,",,,,,,,,
2026-08-18T11:44:45.830245,3380,0x46,PUCCH,,,,,,,,,,,,,,,,,,1,-inf,"0.000,",,,,,,,,
2026-08-18T11:44:46.684691,3400,0x46,PUCCH,,,,,,,,,,,,,,,,,,1,-inf,"0.000,",,,,,,,,
2026-08-18T11:44:46.721372,3401,0x46,PUCCH,,,,,,,,,,,,,,,,,,2,111.8,"1.000,",,,,,,,,
2026-08-18T11:44:47.506028,3420,0x46,PUCCH,,,,,,,,,,,,,,,,,,1,-inf,"0.000,",,,,,,,,
2026-08-18T11:44:48.600840,3440,0x46,PUCCH,,,,,,,,,,,,,,,,,,1,-inf,"0.000,",,,,,,,,
2026-08-18T11:44:48.631522,3441,0x46,PUCCH,,,,,,,,,,,,,,,,,,2,111.8,"1.000,",,,,,,,,
2026-08-18T11:44:49.500455,3460,0x46,PUCCH,,,,,,,,,,,,,,,,,,1,-inf,"0.000,",,,,,,,,
2026-08-18T11:44:50.508375,3480,0x46,PUCCH,,,,,,,,,,,,,,,,,,1,-inf,"0.000,",,,,,,,,
2026-08-18T11:44:50.547414,3481,0x46,PUCCH,,,,,,,,,,,,,,,,,,2,111.8,"1.000,",,,,,,,,
2026-08-18T11:44:51.492213,3500,0x46,PUCCH,,,,,,,,,,,,,,,,,,1,-inf,"0.000,",,,,,,,,
2026-08-18T11:44:52.536237,3520,0x46,PUCCH,,,,,,,,,,,,,,,,,,1,-inf,"0.000,",,,,,,,,
2026-08-18T11:44:52.589406,3521,0x46,PUCCH,,,,,,,,,,,,,,,,,,2,111.8,"1.000,",,,,,,,,
2026-08-18T11:44:53.642687,3540,0x46,PUCCH,,,,,,,,,,,,,,,,,,1,-inf,"0.000,",,,,,,,,
2026-08-18T11:44:54.573950,3560,0x46,PUCCH,,,,,,,,,,,,,,,,,,1,-inf,"0.000,",,,,,,,,
2026-08-18T11:44:54.603768,3561,0x46,PUCCH,,,,,,,,,,,,,,,,,,2,111.8,"1.000,",,,,,,,,
2026-08-18T11:44:55.422175,3580,0x46,PUCCH,,,,,,,,,,,,,,,,,,1,-inf,"0.000,",,,,,,,,
2026-08-18T11:44:56.393193,3600,0x46,PUCCH,,,,,,,,,,,,,,,,,,1,-inf,"0.000,",,,,,,,,
2026-08-18T11:44:56.428566,3601,0x46,PUCCH,,,,,,,,,,,,,,,,,,2,111.8,"1.000,",,,,,,,,
2026-08-18T11:44:57.204974,3620,0x46,PUCCH,,,,,,,,,,,,,,,,,,1,-inf,"0.000,",,,,,,,,
2026-08-18T11:44:58.017954,3640,0x46,PUCCH,,,,,,,,,,,,,,,,,,1,-inf,"0.000,",,,,,,,,
2026-08-18T11:44:58.052784,3641,0x46,PUCCH,,,,,,,,,,,,,,,,,,2,111.8,"1.000,",,,,,,,,
2026-08-18T11:44:58.971561,3660,0x46,PUCCH,,,,,,,,,,,,,,,,,,1,-inf,"0.000,",,,,,,,,
2026-08-18T11:44:59.649952,3680,0x46,PUCCH,,,,,,,,,,,,,,,,,,1,-inf,"0.000,",,,,,,,,
2026-08-18T11:44:59.714329,3681,0x46,PUCCH,,,,,,,,,,,,,,,,,,2,111.8,"1.000,",,,,,,,,
2026-08-18T11:45:00.442310,3700,0x46,PUCCH,,,,,,,,,,,,,,,,,,1,-inf,"0.000,",,,,,,,,
2026-08-18T11:45:01.237210,3720,0x46,PUCCH,,,,,,,,,,,,,,,,,,1,-inf,"0.000,",,,,,,,,
2026-08-18T11:45:01.265190,3721,0x46,PUCCH,,,,,,,,,,,,,,,,,,2,111.8,"1.000,",,,,,,,,
2026-08-18T11:45:01.879116,3740,0x46,PUCCH,,,,,,,,,,,,,,,,,,1,-inf,"0.000,",,,,,,,,
2026-08-18T11:45:02.813559,3760,0x46,PUCCH,,,,,,,,,,,,,,,,,,1,-inf,"0.000,",,,,,,,,
2026-08-18T11:45:02.842353,3761,0x46,PUCCH,,,,,,,,,,,,,,,,,,2,111.8,"1.000,",,,,,,,,
2026-08-18T11:45:03.523383,3780,0x46,PUCCH,,,,,,,,,,,,,,,,,,1,-inf,"0.000,",,,,,,,,
2026-08-18T11:45:04.449410,3800,0x46,PUCCH,,,,,,,,,,,,,,,,,,1,-inf,"0.000,",,,,,,,,
2026-08-18T11:45:04.479679,3801,0x46,PUCCH,,,,,,,,,,,,,,,,,,2,111.8,"1.000,",,,,,,,,
2026-08-18T11:45:05.497033,3820,0x46,PUCCH,,,,,,,,,,,,,,,,,,1,-inf,"0.000,",,,,,,,,
2026-08-18T11:45:06.308763,3840,0x46,PUCCH,,,,,,,,,,,,,,,,,,1,-inf,"0.000,",,,,,,,,
2026-08-18T11:45:06.400623,3841,0x46,PUCCH,,,,,,,,,,,,,,,,,,2,111.8,"1.000,",,,,,,,,
2026-08-18T11:45:07.427137,3860,0x46,PUCCH,,,,,,,,,,,,,,,,,,1,-inf,"0.000,",,,,,,,,
2026-08-18T11:45:08.473020,3880,0x46,PUCCH,,,,,,,,,,,,,,,,,,1,-inf,"0.000,",,,,,,,,
2026-08-18T11:45:08.511407,3881,0x46,PUCCH,,,,,,,,,,,,,,,,,,2,111.8,"1.000,",,,,,,,,
2026-08-18T11:45:09.437474,3900,0x46,PUCCH,,,,,,,,,,,,,,,,,,1,-inf,"0.000,",,,,,,,,
2026-08-18T11:45:10.358737,3920,0x46,PUCCH,,,,,,,,,,,,,,,,,,1,-inf,"0.000,",,,,,,,,
2026-08-18T11:45:10.400019,3921,0x46,PUCCH,,,,,,,,,,,,,,,,,,2,111.8,"1.000,",,,,,,,,
2026-08-18T11:45:11.367817,3940,0x46,PUCCH,,,,,,,,,,,,,,,,,,1,-inf,"0.000,",,,,,,,,
2026-08-18T11:45:12.602698,3960,0x46,PUCCH,,,,,,,,,,,,,,,,,,1,-inf,"0.000,",,,,,,,,
2026-08-18T11:45:12.639176,3961,0x46,PUCCH,,,,,,,,,,,,,,,,,,2,111.8,"1.000,",,,,,,,,
2026-08-18T11:45:13.610286,3980,0x46,PUCCH,,,,,,,,,,,,,,,,,,1,-inf,"0.000,",,,,,,,,
2026-08-18T11:45:14.479949,4000,0x46,PUCCH,,,,,,,,,,,,,,,,,,1,-inf,"0.000,",,,,,,,,
2026-08-18T11:45:14.509194,4001,0x46,PUCCH,,,,,,,,,,,,,,,,,,2,111.8,"1.000,",,,,,,,,
2026-08-18T11:45:15.236582,4020,0x46,PUCCH,,,,,,,,,,,,,,,,,,1,-inf,"0.000,",,,,,,,,
2026-08-18T11:45:15.995003,4040,0x46,PUCCH,,,,,,,,,,,,,,,,,,1,-inf,"0.000,",,,,,,,,
2026-08-18T11:45:16.032567,4041,0x46,PUCCH,,,,,,,,,,,,,,,,,,2,111.8,"1.000,",,,,,,,,
2026-08-18T11:45:16.736608,4060,0x46,PUCCH,,,,,,,,,,,,,,,,,,1,-inf,"0.000,",,,,,,,,
2026-08-18T11:45:17.503150,4080,0x46,PUCCH,,,,,,,,,,,,,,,,,,1,-inf,"0.000,",,,,,,,,
2026-08-18T11:45:17.533604,4081,0x46,PUCCH,,,,,,,,,,,,,,,,,,2,111.8,"1.000,",,,,,,,,
2026-08-18T11:45:18.272861,4100,0x46,PUCCH,,,,,,,,,,,,,,,,,,1,-inf,"0.000,",,,,,,,,
2026-08-18T11:45:19.166695,4120,0x46,PUCCH,,,,,,,,,,,,,,,,,,1,-inf,"0.000,",,,,,,,,
2026-08-18T11:45:19.197902,4121,0x46,PUCCH,,,,,,,,,,,,,,,,,,2,111.8,"1.000,",,,,,,,,
2026-08-18T11:45:19.889207,4140,0x46,PUCCH,,,,,,,,,,,,,,,,,,1,-inf,"0.000,",,,,,,,,
2026-08-18T11:45:20.586535,4160,0x46,PUCCH,,,,,,,,,,,,,,,,,,1,-inf,"0.000,",,,,,,,,
2026-08-18T11:45:20.618196,4161,0x46,PUCCH,,,,,,,,,,,,,,,,,,2,111.8,"1.000,",,,,,,,,
2026-08-18T11:45:21.489792,4180,0x46,PUCCH,,,,,,,,,,,,,,,,,,1,-inf,"0.000,",,,,,,,,
2026-08-18T11:45:22.147375,4200,0x46,PUCCH,,,,,,,,,,,,,,,,,,1,-inf,"0.000,",,,,,,,,
2026-08-18T11:45:22.179621,4201,0x46,PUCCH,,,,,,,,,,,,,,,,,,2,111.8,"1.000,",,,,,,,,
2026-08-18T11:45:23.089509,4220,0x46,PUCCH,,,,,,,,,,,,,,,,,,1,-inf,"0.000,",,,,,,,,
2026-08-18T11:45:23.819461,4240,0x46,PUCCH,,,,,,,,,,,,,,,,,,1,-inf,"0.000,",,,,,,,,
2026-08-18T11:45:23.852358,4241,0x46,PUCCH,,,,,,,,,,,,,,,,,,2,111.8,"1.000,",,,,,,,,
2026-08-18T11:45:24.553709,4260,0x46,PUCCH,,,,,,,,,,,,,,,,,,1,-inf,"0.000,",,,,,,,,
2026-08-18T11:45:25.493541,4280,0x46,PUCCH,,,,,,,,,,,,,,,,,,1,-inf,"0.000,",,,,,,,,
2026-08-18T11:45:25.534387,4281,0x46,PUCCH,,,,,,,,,,,,,,,,,,2,111.8,"1.000,",,,,,,,,
2026-08-18T11:45:26.204366,4300,0x46,PUCCH,,,,,,,,,,,,,,,,,,1,-inf,"0.000,",,,,,,,,
2026-08-18T11:45:26.800433,4320,0x46,PUCCH,,,,,,,,,,,,,,,,,,1,-inf,"0.000,",,,,,,,,
2026-08-18T11:45:26.838533,4321,0x46,PUCCH,,,,,,,,,,,,,,,,,,2,111.8,"1.000,",,,,,,,,
2026-08-18T11:45:27.716318,4340,0x46,PUCCH,,,,,,,,,,,,,,,,,,1,-inf,"0.000,",,,,,,,,
2026-08-18T11:45:28.509480,4360,0x46,PUCCH,,,,,,,,,,,,,,,,,,1,-inf,"0.000,",,,,,,,,
2026-08-18T11:45:28.568861,4361,0x46,PUCCH,,,,,,,,,,,,,,,,,,2,111.8,"1.000,",,,,,,,,
2026-08-18T11:45:29.512077,4380,0x46,PUCCH,,,,,,,,,,,,,,,,,,1,-inf,"0.000,",,,,,,,,
2026-08-18T11:45:30.114161,4400,0x46,PUCCH,,,,,,,,,,,,,,,,,,1,-inf,"0.000,",,,,,,,,
2026-08-18T11:45:30.154793,4401,0x46,PUCCH,,,,,,,,,,,,,,,,,,2,111.8,"1.000,",,,,,,,,
2026-08-18T11:45:30.836040,4420,0x46,PUCCH,,,,,,,,,,,,,,,,,,1,-inf,"0.000,",,,,,,,,
2026-08-18T11:45:31.459624,4440,0x46,PUCCH,,,,,,,,,,,,,,,,,,1,-inf,"0.000,",,,,,,,,
2026-08-18T11:45:31.489067,4441,0x46,PUCCH,,,,,,,,,,,,,,,,,,2,111.8,"1.000,",,,,,,,,
2026-08-18T11:45:32.408402,4460,0x46,PUCCH,,,,,,,,,,,,,,,,,,1,-inf,"0.000,",,,,,,,,
2026-08-18T11:45:33.164703,4480,0x46,PUCCH,,,,,,,,,,,,,,,,,,1,-inf,"0.000,",,,,,,,,
2026-08-18T11:45:33.204204,4481,0x46,PUCCH,,,,,,,,,,,,,,,,,,2,111.8,"1.000,",,,,,,,,
2026-08-18T11:45:33.870119,4500,0x46,PUCCH,,,,,,,,,,,,,,,,,,1,-inf,"0.000,",,,,,,,,
2026-08-18T11:45:34.605716,4520,0x46,PUCCH,,,,,,,,,,,,,,,,,,1,-inf,"0.000,",,,,,,,,
2026-08-18T11:45:34.640504,4521,0x46,PUCCH,,,,,,,,,,,,,,,,,,2,111.8,"1.000,",,,,,,,,
2026-08-18T11:45:35.450533,4540,0x46,PUCCH,,,,,,,,,,,,,,,,,,1,-inf,"0.000,",,,,,,,,
2026-08-18T11:45:36.350130,4560,0x46,PUCCH,,,,,,,,,,,,,,,,,,1,-inf,"0.000,",,,,,,,,
2026-08-18T11:45:36.398233,4561,0x46,PUCCH,,,,,,,,,,,,,,,,,,2,111.8,"1.000,",,,,,,,,
2026-08-18T11:45:37.317728,4580,0x46,PUCCH,,,,,,,,,,,,,,,,,,1,-inf,"0.000,",,,,,,,,
2026-08-18T11:45:38.220848,4600,0x46,PUCCH,,,,,,,,,,,,,,,,,,1,-inf,"0.000,",,,,,,,,
2026-08-18T11:45:38.278763,4601,0x46,PUCCH,,,,,,,,,,,,,,,,,,2,111.8,"1.000,",,,,,,,,
2026-08-18T11:45:39.037846,4620,0x46,PUCCH,,,,,,,,,,,,,,,,,,1,-inf,"0.000,",,,,,,,,
2026-08-18T11:45:39.896613,4640,0x46,PUCCH,,,,,,,,,,,,,,,,,,1,-inf,"0.000,",,,,,,,,
2026-08-18T11:45:39.925819,4641,0x46,PUCCH,,,,,,,,,,,,,,,,,,2,111.8,"1.000,",,,,,,,,
2026-08-18T11:45:40.647061,4660,0x46,PUCCH,,,,,,,,,,,,,,,,,,1,-inf,"0.000,",,,,,,,,
2026-08-18T11:45:41.335380,4680,0x46,PUCCH,,,,,,,,,,,,,,,,,,1,-inf,"0.000,",,,,,,,,
2026-08-18T11:45:41.364452,4681,0x46,PUCCH,,,,,,,,,,,,,,,,,,2,111.8,"1.000,",,,,,,,,
2026-08-18T11:45:42.107120,4700,0x46,PUCCH,,,,,,,,,,,,,,,,,,1,-inf,"0.000,",,,,,,,,
2026-08-18T11:45:43.069611,4720,0x46,PUCCH,,,,,,,,,,,,,,,,,,1,-inf,"0.000,",,,,,,,,
2026-08-18T11:45:43.101030,4721,0x46,PUCCH,,,,,,,,,,,,,,,,,,2,111.8,"1.000,",,,,,,,,
2026-08-18T11:45:43.894555,4740,0x46,PUCCH,,,,,,,,,,,,,,,,,,1,-inf,"0.000,",,,,,,,,
2026-08-18T11:45:44.606288,4760,0x46,PUCCH,,,,,,,,,,,,,,,,,,1,-inf,"0.000,",,,,,,,,
2026-08-18T11:45:44.638105,4761,0x46,PUCCH,,,,,,,,,,,,,,,,,,2,111.8,"1.000,",,,,,,,,
2026-08-18T11:45:45.374474,4780,0x46,PUCCH,,,,,,,,,,,,,,,,,,1,-inf,"0.000,",,,,,,,,
2026-08-18T11:45:46.081734,4800,0x46,PUCCH,,,,,,,,,,,,,,,,,,1,-inf,"0.000,",,,,,,,,
2026-08-18T11:45:46.117012,4801,0x46,PUCCH,,,,,,,,,,,,,,,,,,2,111.8,"1.000,",,,,,,,,
2026-08-18T11:45:46.593859,4820,0x46,PUCCH,,,,,,,,,,,,,,,,,,1,-inf,"0.000,",,,,,,,,
2026-08-18T11:45:47.330803,4840,0x46,PUCCH,,,,,,,,,,,,,,,,,,1,-inf,"0.000,",,,,,,,,
2026-08-18T11:45:47.363011,4841,0x46,PUCCH,,,,,,,,,,,,,,,,,,2,111.8,"1.000,",,,,,,,,
2026-08-18T11:45:48.083344,4860,0x46,PUCCH,,,,,,,,,,,,,,,,,,1,-inf,"0.000,",,,,,,,,
2026-08-18T11:45:48.866183,4880,0x46,PUCCH,,,,,,,,,,,,,,,,,,1,-inf,"0.000,",,,,,,,,
2026-08-18T11:45:48.902933,4881,0x46,PUCCH,,,,,,,,,,,,,,,,,,2,111.8,"1.000,",,,,,,,,
2026-08-18T11:45:49.662569,4900,0x46,PUCCH,,,,,,,,,,,,,,,,,,1,-inf,"0.000,",,,,,,,,
2026-08-18T11:45:50.430452,4920,0x46,PUCCH,,,,,,,,,,,,,,,,,,1,-inf,"0.000,",,,,,,,,
2026-08-18T11:45:50.470101,4921,0x46,PUCCH,,,,,,,,,,,,,,,,,,2,111.8,"1.000,",,,,,,,,
2026-08-18T11:45:51.116416,4940,0x46,PUCCH,,,,,,,,,,,,,,,,,,1,-inf,"0.000,",,,,,,,,
2026-08-18T11:45:51.679186,4960,0x46,PUCCH,,,,,,,,,,,,,,,,,,1,-inf,"0.000,",,,,,,,,
2026-08-18T11:45:51.712415,4961,0x46,PUCCH,,,,,,,,,,,,,,,,,,2,111.8,"1.000,",,,,,,,,
2026-08-18T11:45:52.509740,4980,0x46,PUCCH,,,,,,,,,,,,,,,,,,1,-inf,"0.000,",,,,,,,,
2026-08-18T11:45:53.300671,5000,0x46,PUCCH,,,,,,,,,,,,,,,,,,1,-inf,"0.000,",,,,,,,,
2026-08-18T11:45:53.335559,5001,0x46,PUCCH,,,,,,,,,,,,,,,,,,2,111.8,"1.000,",,,,,,,,
2026-08-18T11:45:54.355016,5020,0x46,PUCCH,,,,,,,,,,,,,,,,,,1,-inf,"0.000,",,,,,,,,
2026-08-18T11:45:55.057303,5040,0x46,PUCCH,,,,,,,,,,,,,,,,,,1,-inf,"0.000,",,,,,,,,
2026-08-18T11:45:55.085260,5041,0x46,PUCCH,,,,,,,,,,,,,,,,,,2,111.8,"1.000,",,,,,,,,
2026-08-18T11:45:55.785842,5060,0x46,PUCCH,,,,,,,,,,,,,,,,,,1,-inf,"0.000,",,,,,,,,
2026-08-18T11:45:56.586084,5080,0x46,PUCCH,,,,,,,,,,,,,,,,,,1,-inf,"0.000,",,,,,,,,
2026-08-18T11:45:56.638284,5081,0x46,PUCCH,,,,,,,,,,,,,,,,,,2,111.8,"1.000,",,,,,,,,
2026-08-18T11:45:57.428040,5100,0x46,PUCCH,,,,,,,,,,,,,,,,,,1,-inf,"0.000,",,,,,,,,
2026-08-18T11:45:58.210029,5120,0x46,PUCCH,,,,,,,,,,,,,,,,,,1,-inf,"0.000,",,,,,,,,
2026-08-18T11:45:58.240877,5121,0x46,PUCCH,,,,,,,,,,,,,,,,,,2,111.8,"1.000,",,,,,,,,
2026-08-18T11:45:59.011865,5140,0x46,PUCCH,,,,,,,,,,,,,,,,,,1,-inf,"0.000,",,,,,,,,
2026-08-18T11:45:59.922362,5160,0x46,PUCCH,,,,,,,,,,,,,,,,,,1,-inf,"0.000,",,,,,,,,
2026-08-18T11:45:59.969071,5161,0x46,PUCCH,,,,,,,,,,,,,,,,,,2,111.8,"1.000,",,,,,,,,
2026-08-18T11:46:00.764795,5180,0x46,PUCCH,,,,,,,,,,,,,,,,,,1,-inf,"0.000,",,,,,,,,
2026-08-18T11:46:01.622894,5200,0x46,PUCCH,,,,,,,,,,,,,,,,,,1,-inf,"0.000,",,,,,,,,
2026-08-18T11:46:01.676153,5201,0x46,PUCCH,,,,,,,,,,,,,,,,,,2,111.8,"1.000,",,,,,,,,
2026-08-18T11:46:02.244198,5220,0x46,PUCCH,,,,,,,,,,,,,,,,,,1,-inf,"0.000,",,,,,,,,
2026-08-18T11:46:02.893035,5240,0x46,PUCCH,,,,,,,,,,,,,,,,,,1,-inf,"0.000,",,,,,,,,
2026-08-18T11:46:03.149071,5241,0x46,PUCCH,,,,,,,,,,,,,,,,,,2,111.8,"1.000,",,,,,,,,
2026-08-18T11:46:04.028275,5260,0x46,PUCCH,,,,,,,,,,,,,,,,,,1,-inf,"0.000,",,,,,,,,
2026-08-18T11:46:04.784158,5280,0x46,PUCCH,,,,,,,,,,,,,,,,,,1,-inf,"0.000,",,,,,,,,
2026-08-18T11:46:04.839321,5281,0x46,PUCCH,,,,,,,,,,,,,,,,,,2,111.8,"1.000,",,,,,,,,
2026-08-18T11:46:05.669326,5300,0x46,PUCCH,,,,,,,,,,,,,,,,,,1,-inf,"0.000,",,,,,,,,
2026-08-18T11:46:06.411509,5320,0x46,PUCCH,,,,,,,,,,,,,,,,,,1,-inf,"0.000,",,,,,,,,
2026-08-18T11:46:06.441415,5321,0x46,PUCCH,,,,,,,,,,,,,,,,,,2,111.8,"1.000,",,,,,,,,
2026-08-18T11:46:07.248183,5340,0x46,PUCCH,,,,,,,,,,,,,,,,,,1,-inf,"0.000,",,,,,,,,
2026-08-18T11:46:08.136818,5360,0x46,PUCCH,,,,,,,,,,,,,,,,,,1,-inf,"0.000,",,,,,,,,
2026-08-18T11:46:08.178017,5361,0x46,PUCCH,,,,,,,,,,,,,,,,,,2,111.8,"1.000,",,,,,,,,
2026-08-18T11:46:08.889759,5380,0x46,PUCCH,,,,,,,,,,,,,,,,,,1,-inf,"0.000,",,,,,,,,
2026-08-18T11:46:09.406437,5400,0x46,PUCCH,,,,,,,,,,,,,,,,,,1,-inf,"0.000,",,,,,,,,
2026-08-18T11:46:09.438410,5401,0x46,PUCCH,,,,,,,,,,,,,,,,,,2,111.8,"1.000,",,,,,,,,
2026-08-18T11:46:10.114577,5420,0x46,PUCCH,,,,,,,,,,,,,,,,,,1,-inf,"0.000,",,,,,,,,
2026-08-18T11:46:10.955749,5440,0x46,PUCCH,,,,,,,,,,,,,,,,,,1,-inf,"0.000,",,,,,,,,
2026-08-18T11:46:10.977022,5441,0x46,PUCCH,,,,,,,,,,,,,,,,,,2,111.8,"1.000,",,,,,,,,
2026-08-18T11:46:11.505681,5460,0x46,PUCCH,,,,,,,,,,,,,,,,,,1,-inf,"0.000,",,,,,,,,
2026-08-18T11:46:12.402589,5480,0x46,PUCCH,,,,,,,,,,,,,,,,,,1,-inf,"0.000,",,,,,,,,
2026-08-18T11:46:12.465440,5481,0x46,PUCCH,,,,,,,,,,,,,,,,,,2,111.8,"1.000,",,,,,,,,
2026-08-18T11:46:13.435627,5500,0x46,PUCCH,,,,,,,,,,,,,,,,,,1,-inf,"0.000,",,,,,,,,
2026-08-18T11:46:14.291886,5520,0x46,PUCCH,,,,,,,,,,,,,,,,,,1,-inf,"0.000,",,,,,,,,
2026-08-18T11:46:14.323357,5521,0x46,PUCCH,,,,,,,,,,,,,,,,,,2,111.8,"1.000,",,,,,,,,
2026-08-18T11:46:15.111898,5540,0x46,PUCCH,,,,,,,,,,,,,,,,,,1,-inf,"0.000,",,,,,,,,
2026-08-18T11:46:15.743059,5560,0x46,PUCCH,,,,,,,,,,,,,,,,,,1,-inf,"0.000,",,,,,,,,
2026-08-18T11:46:15.766410,5561,0x46,PUCCH,,,,,,,,,,,,,,,,,,2,111.8,"1.000,",,,,,,,,
2026-08-18T11:46:16.618923,5580,0x46,PUCCH,,,,,,,,,,,,,,,,,,1,-inf,"0.000,",,,,,,,,
2026-08-18T11:46:17.325622,5600,0x46,PUCCH,,,,,,,,,,,,,,,,,,1,-inf,"0.000,",,,,,,,,
2026-08-18T11:46:17.358365,5601,0x46,PUCCH,,,,,,,,,,,,,,,,,,2,111.8,"1.000,",,,,,,,,
2026-08-18T11:46:18.146590,5620,0x46,PUCCH,,,,,,,,,,,,,,,,,,1,-inf,"0.000,",,,,,,,,
2026-08-18T11:46:18.885126,5640,0x46,PUCCH,,,,,,,,,,,,,,,,,,1,-inf,"0.000,",,,,,,,,
2026-08-18T11:46:18.914005,5641,0x46,PUCCH,,,,,,,,,,,,,,,,,,2,111.8,"1.000,",,,,,,,,
2026-08-18T11:46:19.696704,5660,0x46,PUCCH,,,,,,,,,,,,,,,,,,1,-inf,"0.000,",,,,,,,,
2026-08-18T11:46:20.514138,5680,0x46,PUCCH,,,,,,,,,,,,,,,,,,1,-inf,"0.000,",,,,,,,,
2026-08-18T11:46:20.544104,5681,0x46,PUCCH,,,,,,,,,,,,,,,,,,2,111.8,"1.000,",,,,,,,,
2026-08-18T11:46:21.387317,5700,0x46,PUCCH,,,,,,,,,,,,,,,,,,1,-inf,"0.000,",,,,,,,,
2026-08-18T11:46:22.225884,5720,0x46,PUCCH,,,,,,,,,,,,,,,,,,1,-inf,"0.000,",,,,,,,,
2026-08-18T11:46:22.265832,5721,0x46,PUCCH,,,,,,,,,,,,,,,,,,2,111.8,"1.000,",,,,,,,,
2026-08-18T11:46:22.963226,5740,0x46,PUCCH,,,,,,,,,,,,,,,,,,1,-inf,"0.000,",,,,,,,,
2026-08-18T11:46:24.049554,5760,0x46,PUCCH,,,,,,,,,,,,,,,,,,1,-inf,"0.000,",,,,,,,,
2026-08-18T11:46:24.122844,5761,0x46,PUCCH,,,,,,,,,,,,,,,,,,2,111.8,"1.000,",,,,,,,,
2026-08-18T11:46:25.073383,5780,0x46,PUCCH,,,,,,,,,,,,,,,,,,1,-inf,"0.000,",,,,,,,,
2026-08-18T11:46:26.084773,5800,0x46,PUCCH,,,,,,,,,,,,,,,,,,1,-inf,"0.000,",,,,,,,,
2026-08-18T11:46:26.128284,5801,0x46,PUCCH,,,,,,,,,,,,,,,,,,2,111.8,"1.000,",,,,,,,,
2026-08-18T11:46:27.065967,5820,0x46,PUCCH,,,,,,,,,,,,,,,,,,1,-inf,"0.000,",,,,,,,,
2026-08-18T11:46:27.758601,5840,0x46,PUCCH,,,,,,,,,,,,,,,,,,1,-inf,"0.000,",,,,,,,,
2026-08-18T11:46:27.811570,5841,0x46,PUCCH,,,,,,,,,,,,,,,,,,2,111.8,"1.000,",,,,,,,,
2026-08-18T11:46:28.639815,5860,0x46,PUCCH,,,,,,,,,,,,,,,,,,1,-inf,"0.000,",,,,,,,,
2026-08-18T11:46:29.409791,5880,0x46,PUCCH,,,,,,,,,,,,,,,,,,1,-inf,"0.000,",,,,,,,,
2026-08-18T11:46:29.450545,5881,0x46,PUCCH,,,,,,,,,,,,,,,,,,2,111.8,"1.000,",,,,,,,,
2026-08-18T11:46:30.368874,5900,0x46,PUCCH,,,,,,,,,,,,,,,,,,1,-inf,"0.000,",,,,,,,,
2026-08-18T11:46:31.442984,5920,0x46,PUCCH,,,,,,,,,,,,,,,,,,1,-inf,"0.000,",,,,,,,,
2026-08-18T11:46:31.514379,5921,0x46,PUCCH,,,,,,,,,,,,,,,,,,2,111.8,"1.000,",,,,,,,,
2026-08-18T11:46:32.510596,5940,0x46,PUCCH,,,,,,,,,,,,,,,,,,1,-inf,"0.000,",,,,,,,,
2026-08-18T11:46:33.517943,5960,0x46,PUCCH,,,,,,,,,,,,,,,,,,1,-inf,"0.000,",,,,,,,,
2026-08-18T11:46:33.559271,5961,0x46,PUCCH,,,,,,,,,,,,,,,,,,2,111.8,"1.000,",,,,,,,,
2026-08-18T11:46:34.540443,5980,0x46,PUCCH,,,,,,,,,,,,,,,,,,1,-inf,"0.000,",,,,,,,,
2026-08-18T11:46:35.114728,6000,0x46,PUCCH,,,,,,,,,,,,,,,,,,1,-inf,"0.000,",,,,,,,,
2026-08-18T11:46:35.189748,6001,0x46,PUCCH,,,,,,,,,,,,,,,,,,2,111.8,"1.000,",,,,,,,,
2026-08-18T11:46:36.089163,6020,0x46,PUCCH,,,,,,,,,,,,,,,,,,1,-inf,"0.000,",,,,,,,,
2026-08-18T11:46:37.098268,6040,0x46,PUCCH,,,,,,,,,,,,,,,,,,1,-inf,"0.000,",,,,,,,,
2026-08-18T11:46:37.150915,6041,0x46,PUCCH,,,,,,,,,,,,,,,,,,2,111.8,"1.000,",,,,,,,,
2026-08-18T11:46:38.035270,6060,0x46,PUCCH,,,,,,,,,,,,,,,,,,1,-inf,"0.000,",,,,,,,,
2026-08-18T11:46:38.931511,6080,0x46,PUCCH,,,,,,,,,,,,,,,,,,1,-inf,"0.000,",,,,,,,,
2026-08-18T11:46:38.964056,6081,0x46,PUCCH,,,,,,,,,,,,,,,,,,2,111.8,"1.000,",,,,,,,,
2026-08-18T11:46:39.734188,6100,0x46,PUCCH,,,,,,,,,,,,,,,,,,1,-inf,"0.000,",,,,,,,,
2026-08-18T11:46:40.456993,6120,0x46,PUCCH,,,,,,,,,,,,,,,,,,1,-inf,"0.000,",,,,,,,,
2026-08-18T11:46:40.495044,6121,0x46,PUCCH,,,,,,,,,,,,,,,,,,2,111.8,"1.000,",,,,,,,,
2026-08-18T11:46:41.551445,6140,0x46,PUCCH,,,,,,,,,,,,,,,,,,1,-inf,"0.000,",,,,,,,,
2026-08-18T11:46:42.431316,6160,0x46,PUCCH,,,,,,,,,,,,,,,,,,1,-inf,"0.000,",,,,,,,,
2026-08-18T11:46:42.465428,6161,0x46,PUCCH,,,,,,,,,,,,,,,,,,2,111.8,"1.000,",,,,,,,,
2026-08-18T11:46:43.275863,6180,0x46,PUCCH,,,,,,,,,,,,,,,,,,1,-inf,"0.000,",,,,,,,,
2026-08-18T11:46:44.138544,6200,0x46,PUCCH,,,,,,,,,,,,,,,,,,1,-inf,"0.000,",,,,,,,,
2026-08-18T11:46:44.179302,6201,0x46,PUCCH,,,,,,,,,,,,,,,,,,2,111.8,"1.000,",,,,,,,,
2026-08-18T11:46:45.087959,6220,0x46,PUCCH,,,,,,,,,,,,,,,,,,1,-inf,"0.000,",,,,,,,,
2026-08-18T11:46:45.997762,6240,0x46,PUCCH,,,,,,,,,,,,,,,,,,1,-inf,"0.000,",,,,,,,,
2026-08-18T11:46:46.029963,6241,0x46,PUCCH,,,,,,,,,,,,,,,,,,2,111.8,"1.000,",,,,,,,,
2026-08-18T11:46:46.836294,6260,0x46,PUCCH,,,,,,,,,,,,,,,,,,1,-inf,"0.000,",,,,,,,,
2026-08-18T11:46:47.748038,6280,0x46,PUCCH,,,,,,,,,,,,,,,,,,1,-inf,"0.000,",,,,,,,,
2026-08-18T11:46:47.867184,6281,0x46,PUCCH,,,,,,,,,,,,,,,,,,2,111.8,"1.000,",,,,,,,,
2026-08-18T11:46:48.818363,6300,0x46,PUCCH,,,,,,,,,,,,,,,,,,1,-inf,"0.000,",,,,,,,,
2026-08-18T11:46:49.545088,6320,0x46,PUCCH,,,,,,,,,,,,,,,,,,1,-inf,"0.000,",,,,,,,,
2026-08-18T11:46:49.572804,6321,0x46,PUCCH,,,,,,,,,,,,,,,,,,2,111.8,"1.000,",,,,,,,,
2026-08-18T11:46:50.480152,6340,0x46,PUCCH,,,,,,,,,,,,,,,,,,1,-inf,"0.000,",,,,,,,,
2026-08-18T11:46:51.253332,6360,0x46,PUCCH,,,,,,,,,,,,,,,,,,1,-inf,"0.000,",,,,,,,,
2026-08-18T11:46:51.286152,6361,0x46,PUCCH,,,,,,,,,,,,,,,,,,2,111.8,"1.000,",,,,,,,,
2026-08-18T11:46:52.240898,6380,0x46,PUCCH,,,,,,,,,,,,,,,,,,1,-inf,"0.000,",,,,,,,,
2026-08-18T11:46:53.098587,6400,0x46,PUCCH,,,,,,,,,,,,,,,,,,1,-inf,"0.000,",,,,,,,,
2026-08-18T11:46:53.138097,6401,0x46,PUCCH,,,,,,,,,,,,,,,,,,2,111.8,"1.000,",,,,,,,,
2026-08-18T11:46:53.932214,6420,0x46,PUCCH,,,,,,,,,,,,,,,,,,1,-inf,"0.000,",,,,,,,,
2026-08-18T11:46:54.703337,6440,0x46,PUCCH,,,,,,,,,,,,,,,,,,1,-inf,"0.000,",,,,,,,,
2026-08-18T11:46:54.734603,6441,0x46,PUCCH,,,,,,,,,,,,,,,,,,2,111.8,"1.000,",,,,,,,,
2026-08-18T11:46:55.338945,6460,0x46,PUCCH,,,,,,,,,,,,,,,,,,1,-inf,"0.000,",,,,,,,,
2026-08-18T11:46:55.987692,6480,0x46,PUCCH,,,,,,,,,,,,,,,,,,1,-inf,"0.000,",,,,,,,,
2026-08-18T11:46:56.015042,6481,0x46,PUCCH,,,,,,,,,,,,,,,,,,2,111.8,"1.000,",,,,,,,,
2026-08-18T11:46:56.675342,6500,0x46,PUCCH,,,,,,,,,,,,,,,,,,1,-inf,"0.000,",,,,,,,,
2026-08-18T11:46:57.423999,6520,0x46,PUCCH,,,,,,,,,,,,,,,,,,1,-inf,"0.000,",,,,,,,,
2026-08-18T11:46:57.472486,6521,0x46,PUCCH,,,,,,,,,,,,,,,,,,2,111.8,"1.000,",,,,,,,,
2026-08-18T11:46:58.290398,6540,0x46,PUCCH,,,,,,,,,,,,,,,,,,1,-inf,"0.000,",,,,,,,,
2026-08-18T11:46:59.046557,6560,0x46,PUCCH,,,,,,,,,,,,,,,,,,1,-inf,"0.000,",,,,,,,,
2026-08-18T11:46:59.075625,6561,0x46,PUCCH,,,,,,,,,,,,,,,,,,2,111.8,"1.000,",,,,,,,,
2026-08-18T11:46:59.865280,6580,0x46,PUCCH,,,,,,,,,,,,,,,,,,1,-inf,"0.000,",,,,,,,,
2026-08-18T11:47:00.415665,6600,0x46,PUCCH,,,,,,,,,,,,,,,,,,1,-inf,"0.000,",,,,,,,,
2026-08-18T11:47:00.471005,6601,0x46,PUCCH,,,,,,,,,,,,,,,,,,2,111.8,"1.000,",,,,,,,,
2026-08-18T11:47:01.438859,6620,0x46,PUCCH,,,,,,,,,,,,,,,,,,1,-inf,"0.000,",,,,,,,,
2026-08-18T11:47:02.382754,6640,0x46,PUCCH,,,,,,,,,,,,,,,,,,1,-inf,"0.000,",,,,,,,,
2026-08-18T11:47:02.438352,6641,0x46,PUCCH,,,,,,,,,,,,,,,,,,2,111.8,"1.000,",,,,,,,,
2026-08-18T11:47:03.178699,6660,0x46,PUCCH,,,,,,,,,,,,,,,,,,1,-inf,"0.000,",,,,,,,,
2026-08-18T11:47:03.859237,6680,0x46,PUCCH,,,,,,,,,,,,,,,,,,1,-inf,"0.000,",,,,,,,,
2026-08-18T11:47:03.909403,6681,0x46,PUCCH,,,,,,,,,,,,,,,,,,2,111.8,"1.000,",,,,,,,,
2026-08-18T11:47:04.861030,6700,0x46,PUCCH,,,,,,,,,,,,,,,,,,1,-inf,"0.000,",,,,,,,,
2026-08-18T11:47:05.725345,6720,0x46,PUCCH,,,,,,,,,,,,,,,,,,1,-inf,"0.000,",,,,,,,,
2026-08-18T11:47:05.767917,6721,0x46,PUCCH,,,,,,,,,,,,,,,,,,2,111.8,"1.000,",,,,,,,,
2026-08-18T11:47:06.483566,6740,0x46,PUCCH,,,,,,,,,,,,,,,,,,1,-inf,"0.000,",,,,,,,,
2026-08-18T11:47:07.236714,6760,0x46,PUCCH,,,,,,,,,,,,,,,,,,1,-inf,"0.000,",,,,,,,,
2026-08-18T11:47:07.275140,6761,0x46,PUCCH,,,,,,,,,,,,,,,,,,2,111.8,"1.000,",,,,,,,,
2026-08-18T11:47:08.322540,6780,0x46,PUCCH,,,,,,,,,,,,,,,,,,1,-inf,"0.000,",,,,,,,,
2026-08-18T11:47:09.455466,6800,0x46,PUCCH,,,,,,,,,,,,,,,,,,1,-inf,"0.000,",,,,,,,,
2026-08-18T11:47:09.527273,6801,0x46,PUCCH,,,,,,,,,,,,,,,,,,2,111.8,"1.000,",,,,,,,,
2026-08-18T11:47:10.424544,6820,0x46,PUCCH,,,,,,,,,,,,,,,,,,1,-inf,"0.000,",,,,,,,,
2026-08-18T11:47:11.196418,6840,0x46,PUCCH,,,,,,,,,,,,,,,,,,1,-inf,"0.000,",,,,,,,,
2026-08-18T11:47:11.239226,6841,0x46,PUCCH,,,,,,,,,,,,,,,,,,2,111.8,"1.000,",,,,,,,,
2026-08-18T11:47:12.099528,6860,0x46,PUCCH,,,,,,,,,,,,,,,,,,1,-inf,"0.000,",,,,,,,,
2026-08-18T11:47:12.854637,6880,0x46,PUCCH,,,,,,,,,,,,,,,,,,1,-inf,"0.000,",,,,,,,,
2026-08-18T11:47:12.906521,6881,0x46,PUCCH,,,,,,,,,,,,,,,,,,2,111.8,"1.000,",,,,,,,,
2026-08-18T11:47:13.612074,6900,0x46,PUCCH,,,,,,,,,,,,,,,,,,1,-inf,"0.000,",,,,,,,,
2026-08-18T11:47:14.642520,6920,0x46,PUCCH,,,,,,,,,,,,,,,,,,1,-inf,"0.000,",,,,,,,,
2026-08-18T11:47:14.684565,6921,0x46,PUCCH,,,,,,,,,,,,,,,,,,2,111.8,"1.000,",,,,,,,,
2026-08-18T11:47:15.708900,6940,0x46,PUCCH,,,,,,,,,,,,,,,,,,1,-inf,"0.000,",,,,,,,,
2026-08-18T11:47:16.555057,6960,0x46,PUCCH,,,,,,,,,,,,,,,,,,1,-inf,"0.000,",,,,,,,,
2026-08-18T11:47:16.599511,6961,0x46,PUCCH,,,,,,,,,,,,,,,,,,2,111.8,"1.000,",,,,,,,,
2026-08-18T11:47:17.472092,6980,0x46,PUCCH,,,,,,,,,,,,,,,,,,1,-inf,"0.000,",,,,,,,,
2026-08-18T11:47:18.508548,7000,0x46,PUCCH,,,,,,,,,,,,,,,,,,1,-inf,"0.000,",,,,,,,,
2026-08-18T11:47:18.550832,7001,0x46,PUCCH,,,,,,,,,,,,,,,,,,2,111.8,"1.000,",,,,,,,,
2026-08-18T11:47:19.194870,7020,0x46,PUCCH,,,,,,,,,,,,,,,,,,1,-inf,"0.000,",,,,,,,,
2026-08-18T11:47:20.202851,7040,0x46,PUCCH,,,,,,,,,,,,,,,,,,1,-inf,"0.000,",,,,,,,,
2026-08-18T11:47:20.253185,7041,0x46,PUCCH,,,,,,,,,,,,,,,,,,2,111.8,"1.000,",,,,,,,,
2026-08-18T11:47:21.146677,7060,0x46,PUCCH,,,,,,,,,,,,,,,,,,1,-inf,"0.000,",,,,,,,,
2026-08-18T11:47:21.935253,7080,0x46,PUCCH,,,,,,,,,,,,,,,,,,1,-inf,"0.000,",,,,,,,,
2026-08-18T11:47:21.987397,7081,0x46,PUCCH,,,,,,,,,,,,,,,,,,2,111.8,"1.000,",,,,,,,,
2026-08-18T11:47:22.976441,7100,0x46,PUCCH,,,,,,,,,,,,,,,,,,1,-inf,"0.000,",,,,,,,,
2026-08-18T11:47:24.143815,7120,0x46,PUCCH,,,,,,,,,,,,,,,,,,1,-inf,"0.000,",,,,,,,,
2026-08-18T11:47:24.174956,7121,0x46,PUCCH,,,,,,,,,,,,,,,,,,2,111.8,"1.000,",,,,,,,,
2026-08-18T11:47:25.162216,7140,0x46,PUCCH,,,,,,,,,,,,,,,,,,1,-inf,"0.000,",,,,,,,,
2026-08-18T11:47:26.145861,7160,0x46,PUCCH,,,,,,,,,,,,,,,,,,1,-inf,"0.000,",,,,,,,,
2026-08-18T11:47:26.183353,7161,0x46,PUCCH,,,,,,,,,,,,,,,,,,2,111.8,"1.000,",,,,,,,,
2026-08-18T11:47:27.152875,7180,0x46,PUCCH,,,,,,,,,,,,,,,,,,1,-inf,"0.000,",,,,,,,,
2026-08-18T11:47:27.812682,7200,0x46,PUCCH,,,,,,,,,,,,,,,,,,1,-inf,"0.000,",,,,,,,,
2026-08-18T11:47:27.852834,7201,0x46,PUCCH,,,,,,,,,,,,,,,,,,2,111.8,"1.000,",,,,,,,,
2026-08-18T11:47:28.622469,7220,0x46,PUCCH,,,,,,,,,,,,,,,,,,1,-inf,"0.000,",,,,,,,,
2026-08-18T11:47:29.575998,7240,0x46,PUCCH,,,,,,,,,,,,,,,,,,1,-inf,"0.000,",,,,,,,,
2026-08-18T11:47:29.626922,7241,0x46,PUCCH,,,,,,,,,,,,,,,,,,2,111.8,"1.000,",,,,,,,,
2026-08-18T11:47:30.470292,7260,0x46,PUCCH,,,,,,,,,,,,,,,,,,1,-inf,"0.000,",,,,,,,,
2026-08-18T11:47:31.205024,7280,0x46,PUCCH,,,,,,,,,,,,,,,,,,1,-inf,"0.000,",,,,,,,,
2026-08-18T11:47:31.255520,7281,0x46,PUCCH,,,,,,,,,,,,,,,,,,2,111.8,"1.000,",,,,,,,,
2026-08-18T11:47:32.051616,7300,0x46,PUCCH,,,,,,,,,,,,,,,,,,1,-inf,"0.000,",,,,,,,,
2026-08-18T11:47:32.908431,7320,0x46,PUCCH,,,,,,,,,,,,,,,,,,1,-inf,"0.000,",,,,,,,,
2026-08-18T11:47:32.954921,7321,0x46,PUCCH,,,,,,,,,,,,,,,,,,2,111.8,"1.000,",,,,,,,,
2026-08-18T11:47:33.911249,7340,0x46,PUCCH,,,,,,,,,,,,,,,,,,1,-inf,"0.000,",,,,,,,,
2026-08-18T11:47:34.764704,7360,0x46,PUCCH,,,,,,,,,,,,,,,,,,1,-inf,"0.000,",,,,,,,,
2026-08-18T11:47:34.795925,7361,0x46,PUCCH,,,,,,,,,,,,,,,,,,2,111.8,"1.000,",,,,,,,,
2026-08-18T11:47:35.837233,7380,0x46,PUCCH,,,,,,,,,,,,,,,,,,1,-inf,"0.000,",,,,,,,,
2026-08-18T11:47:36.814238,7400,0x46,PUCCH,,,,,,,,,,,,,,,,,,1,-inf,"0.000,",,,,,,,,
2026-08-18T11:47:36.855654,7401,0x46,PUCCH,,,,,,,,,,,,,,,,,,2,111.8,"1.000,",,,,,,,,
2026-08-18T11:47:37.687302,7420,0x46,PUCCH,,,,,,,,,,,,,,,,,,1,-inf,"0.000,",,,,,,,,
2026-08-18T11:47:38.550187,7440,0x46,PUCCH,,,,,,,,,,,,,,,,,,1,-inf,"0.000,",,,,,,,,
2026-08-18T11:47:38.580992,7441,0x46,PUCCH,,,,,,,,,,,,,,,,,,2,111.8,"1.000,",,,,,,,,
2026-08-18T11:47:39.423087,7460,0x46,PUCCH,,,,,,,,,,,,,,,,,,1,-inf,"0.000,",,,,,,,,
2026-08-18T11:47:40.327952,7480,0x46,PUCCH,,,,,,,,,,,,,,,,,,1,-inf,"0.000,",,,,,,,,
2026-08-18T11:47:40.368845,7481,0x46,PUCCH,,,,,,,,,,,,,,,,,,2,111.8,"1.000,",,,,,,,,
2026-08-18T11:47:41.083027,7500,0x46,PUCCH,,,,,,,,,,,,,,,,,,1,-inf,"0.000,",,,,,,,,
2026-08-18T11:47:41.814057,7520,0x46,PUCCH,,,,,,,,,,,,,,,,,,1,-inf,"0.000,",,,,,,,,
2026-08-18T11:47:41.858618,7521,0x46,PUCCH,,,,,,,,,,,,,,,,,,2,111.8,"1.000,",,,,,,,,
2026-08-18T11:47:42.779783,7540,0x46,PUCCH,,,,,,,,,,,,,,,,,,1,-inf,"0.000,",,,,,,,,
2026-08-18T11:47:43.786923,7560,0x46,PUCCH,,,,,,,,,,,,,,,,,,1,-inf,"0.000,",,,,,,,,
2026-08-18T11:47:43.823689,7561,0x46,PUCCH,,,,,,,,,,,,,,,,,,2,111.8,"1.000,",,,,,,,,
2026-08-18T11:47:44.505388,7580,0x46,PUCCH,,,,,,,,,,,,,,,,,,1,-inf,"0.000,",,,,,,,,
2026-08-18T11:47:45.246988,7600,0x46,PUCCH,,,,,,,,,,,,,,,,,,1,-inf,"0.000,",,,,,,,,
2026-08-18T11:47:45.328831,7601,0x46,PUCCH,,,,,,,,,,,,,,,,,,2,111.8,"1.000,",,,,,,,,
2026-08-18T11:47:46.321962,7620,0x46,PUCCH,,,,,,,,,,,,,,,,,,1,-inf,"0.000,",,,,,,,,
2026-08-18T11:47:48.014844,7640,0x46,PUCCH,,,,,,,,,,,,,,,,,,1,-inf,"0.000,",,,,,,,,
2026-08-18T11:47:48.069912,7641,0x46,PUCCH,,,,,,,,,,,,,,,,,,2,111.8,"1.000,",,,,,,,,
2026-08-18T11:47:49.032794,7660,0x46,PUCCH,,,,,,,,,,,,,,,,,,1,-inf,"0.000,",,,,,,,,
2026-08-18T11:47:49.965314,7680,0x46,PUCCH,,,,,,,,,,,,,,,,,,1,-inf,"0.000,",,,,,,,,
2026-08-18T11:47:50.004927,7681,0x46,PUCCH,,,,,,,,,,,,,,,,,,2,111.8,"1.000,",,,,,,,,
2026-08-18T11:47:50.606404,7700,0x46,PUCCH,,,,,,,,,,,,,,,,,,1,-inf,"0.000,",,,,,,,,
2026-08-18T11:47:51.231735,7720,0x46,PUCCH,,,,,,,,,,,,,,,,,,1,-inf,"0.000,",,,,,,,,
2026-08-18T11:47:51.275017,7721,0x46,PUCCH,,,,,,,,,,,,,,,,,,2,111.8,"1.000,",,,,,,,,
2026-08-18T11:47:51.974476,7740,0x46,PUCCH,,,,,,,,,,,,,,,,,,1,-inf,"0.000,",,,,,,,,
2026-08-18T11:47:52.899968,7760,0x46,PUCCH,,,,,,,,,,,,,,,,,,1,-inf,"0.000,",,,,,,,,
2026-08-18T11:47:52.933161,7761,0x46,PUCCH,,,,,,,,,,,,,,,,,,2,111.8,"1.000,",,,,,,,,
2026-08-18T11:47:53.806799,7780,0x46,PUCCH,,,,,,,,,,,,,,,,,,1,-inf,"0.000,",,,,,,,,
2026-08-18T11:47:54.570823,7800,0x46,PUCCH,,,,,,,,,,,,,,,,,,1,-inf,"0.000,",,,,,,,,
2026-08-18T11:47:54.601472,7801,0x46,PUCCH,,,,,,,,,,,,,,,,,,2,111.8,"1.000,",,,,,,,,
2026-08-18T11:47:55.281395,7820,0x46,PUCCH,,,,,,,,,,,,,,,,,,1,-inf,"0.000,",,,,,,,,
2026-08-18T11:47:56.048070,7840,0x46,PUCCH,,,,,,,,,,,,,,,,,,1,-inf,"0.000,",,,,,,,,
2026-08-18T11:47:56.077803,7841,0x46,PUCCH,,,,,,,,,,,,,,,,,,2,111.8,"1.000,",,,,,,,,
2026-08-18T11:47:56.676698,7860,0x46,PUCCH,,,,,,,,,,,,,,,,,,1,-inf,"0.000,",,,,,,,,
2026-08-18T11:47:57.494987,7880,0x46,PUCCH,,,,,,,,,,,,,,,,,,1,-inf,"0.000,",,,,,,,,
2026-08-18T11:47:57.548024,7881,0x46,PUCCH,,,,,,,,,,,,,,,,,,2,111.8,"1.000,",,,,,,,,
2026-08-18T11:47:58.183727,7900,0x46,PUCCH,,,,,,,,,,,,,,,,,,1,-inf,"0.000,",,,,,,,,
2026-08-18T11:47:59.298068,7920,0x46,PUCCH,,,,,,,,,,,,,,,,,,1,-inf,"0.000,",,,,,,,,
2026-08-18T11:47:59.340220,7921,0x46,PUCCH,,,,,,,,,,,,,,,,,,2,111.8,"1.000,",,,,,,,,
2026-08-18T11:48:00.235909,7940,0x46,PUCCH,,,,,,,,,,,,,,,,,,1,-inf,"0.000,",,,,,,,,
2026-08-18T11:48:00.903623,7960,0x46,PUCCH,,,,,,,,,,,,,,,,,,1,-inf,"0.000,",,,,,,,,
2026-08-18T11:48:00.932075,7961,0x46,PUCCH,,,,,,,,,,,,,,,,,,2,111.8,"1.000,",,,,,,,,
2026-08-18T11:48:01.580231,7980,0x46,PUCCH,,,,,,,,,,,,,,,,,,1,-inf,"0.000,",,,,,,,,
2026-08-18T11:48:02.367990,8000,0x46,PUCCH,,,,,,,,,,,,,,,,,,1,-inf,"0.000,",,,,,,,,
