timestamp,tti,rnti,event_type,pdsch_nof_prb,pdsch_nof_re,pdsch_tbs,pdsch_mod,pdsch_rv,pusch_rb_start,pusch_rb_len,pusch_nof_re,pusch_tbs,pusch_mod,pusch_rv,pusch_crc,pusch_snr_db,pusch_epre_dbfs,pusch_ta_us,pusch_cfo_hz,pusch_proc_us,pucch_format,pucch_snr_db,pucch_corr,pucch_sr,pucch_cqi,pucch_ack,phr_db,bsr_lc0,bsr_lc1,bsr_lc2,bsr_lc3,epoch_s,gnb,phase,handover_phase,prb_util_pct,dl_mod_label,ul_mod_label
2026-08-18T10:08:00.321478,5840,0x46,PUCCH,,,,,,,,,,,,,,,,,,1,-inf,"0.000,",,,,,,,,,1787047680.321478,gnb1,ramp,pre,,,
2026-08-18T10:08:01.585233,5880,0x46,PUCCH,,,,,,,,,,,,,,,,,,1,-inf,"0.000,",,,,,,,,,1787047681.585233,gnb1,ramp,pre,,,
2026-08-18T10:08:02.163953,5900,0x46,PUCCH,,,,,,,,,,,,,,,,,,1,-inf,"0.000,",,,,,,,,,1787047682.163953,gnb1,ramp,pre,,,
2026-08-18T10:08:03.478512,5940,0x46,PUCCH,,,,,,,,,,,,,,,,,,1,-inf,"0.000,",,,,,,,,,1787047683.478512,gnb1,ramp,pre,,,
2026-08-18T10:08:04.152466,5960,0x46,PUCCH,,,,,,,,,,,,,,,,,,1,-inf,"0.000,",,,,,,,,,1787047684.152466,gnb1,ramp,pre,,,
2026-08-18T10:08:05.425090,6000,0x46,PUCCH,,,,,,,,,,,,,,,,,,1,-inf,"0.000,",,,,,,,,,1787047685.425090,gnb1,ramp,pre,,,
2026-08-18T10:08:06.115338,6020,0x46,PUCCH,,,,,,,,,,,,,,,,,,1,-inf,"0.000,",,,,,,,,,1787047686.115338,gnb1,ramp,pre,,,
2026-08-18T10:08:07.361448,6060,0x46,PUCCH,,,,,,,,,,,,,,,,,,1,-inf,"0.000,",,,,,,,,,1787047687.361448,gnb1,ramp,pre,,,
2026-08-18T10:08:08.010516,6080,0x46,PUCCH,,,,,,,,,,,,,,,,,,1,-inf,"0.000,",,,,,,,,,1787047688.010516,gnb1,ramp,pre,,,
2026-08-18T10:08:09.280320,6120,0x46,PUCCH,,,,,,,,,,,,,,,,,,1,-inf,"0.000,",,,,,,,,,1787047689.280320,gnb1,ramp,pre,,,
2026-08-18T10:08:10.567116,6160,0x46,PUCCH,,,,,,,,,,,,,,,,,,1,-inf,"0.000,",,,,,,,,,1787047690.567116,gnb1,ramp,pre,,,
2026-08-18T10:08:11.230282,6180,0x46,PUCCH,,,,,,,,,,,,,,,,,,1,-inf,"0.000,",,,,,,,,,1787047691.230282,gnb1,ramp,pre,,,
2026-08-18T10:08:12.466823,6220,0x46,PUCCH,,,,,,,,,,,,,,,,,,1,-inf,"0.000,",,,,,,,,,1787047692.466823,gnb1,ramp,pre,,,
2026-08-18T10:08:13.142244,6240,0x46,PUCCH,,,,,,,,,,,,,,,,,,1,-inf,"0.000,",,,,,,,,,1787047693.142244,gnb1,ramp,pre,,,
2026-08-18T10:08:14.385870,6280,0x46,PUCCH,,,,,,,,,,,,,,,,,,1,-inf,"0.000,",,,,,,,,,1787047694.385870,gnb1,ramp,pre,,,
2026-08-18T10:08:15.035987,6300,0x46,PUCCH,,,,,,,,,,,,,,,,,,1,-inf,"0.000,",,,,,,,,,1787047695.035987,gnb1,ramp,pre,,,
2026-08-18T10:08:16.306308,6340,0x46,PUCCH,,,,,,,,,,,,,,,,,,1,-inf,"0.000,",,,,,,,,,1787047696.306308,gnb1,ramp,pre,,,
2026-08-18T10:08:17.573948,6380,0x46,PUCCH,,,,,,,,,,,,,,,,,,1,-inf,"0.000,",,,,,,,,,1787047697.573948,gnb1,ramp,pre,,,
2026-08-18T10:08:18.188696,6400,0x46,PUCCH,,,,,,,,,,,,,,,,,,1,-inf,"0.000,",,,,,,,,,1787047698.188696,gnb1,ramp,pre,,,
2026-08-18T10:08:19.415750,6440,0x46,PUCCH,,,,,,,,,,,,,,,,,,1,-inf,"0.000,",,,,,,,,,1787047699.415750,gnb1,ramp,pre,,,
2026-08-18T10:08:20.608767,6480,0x46,PUCCH,,,,,,,,,,,,,,,,,,1,-inf,"0.000,",,,,,,,,,1787047700.608767,gnb1,ramp,pre,,,
2026-08-18T10:08:21.225787,6500,0x46,PUCCH,,,,,,,,,,,,,,,,,,1,-inf,"0.000,",,,,,,,,,1787047701.225787,gnb1,ramp,pre,,,
2026-08-18T10:08:22.474462,6540,0x46,PUCCH,,,,,,,,,,,,,,,,,,1,-inf,"0.000,",,,,,,,,,1787047702.474462,gnb1,ramp,pre,,,
2026-08-18T10:08:23.073832,6560,0x46,PUCCH,,,,,,,,,,,,,,,,,,1,-inf,"0.000,",,,,,,,,,1787047703.073832,gnb1,ramp,pre,,,
2026-08-18T10:08:24.359724,6600,0x46,PUCCH,,,,,,,,,,,,,,,,,,1,-inf,"0.000,",,,,,,,,,1787047704.359724,gnb1,ramp,pre,,,
2026-08-18T10:08:25.608678,6640,0x46,PUCCH,,,,,,,,,,,,,,,,,,1,-inf,"0.000,",,,,,,,,,1787047705.608678,gnb1,ramp,pre,,,
2026-08-18T10:08:26.239984,6660,0x46,PUCCH,,,,,,,,,,,,,,,,,,1,-inf,"0.000,",,,,,,,,,1787047706.239984,gnb1,ramp,pre,,,
2026-08-18T10:08:27.496558,6700,0x46,PUCCH,,,,,,,,,,,,,,,,,,1,-inf,"0.000,",,,,,,,,,1787047707.496558,gnb1,ramp,pre,,,
2026-08-18T10:08:28.146262,6720,0x46,PUCCH,,,,,,,,,,,,,,,,,,1,-inf,"0.000,",,,,,,,,,1787047708.146262,gnb1,ramp,pre,,,
2026-08-18T10:08:29.406921,6760,0x46,PUCCH,,,,,,,,,,,,,,,,,,1,-inf,"0.000,",,,,,,,,,1787047709.406921,gnb1,ramp,pre,,,
2026-08-18T10:08:30.013907,6780,0x46,PUCCH,,,,,,,,,,,,,,,,,,1,-inf,"0.000,",,,,,,,,,1787047710.013907,gnb1,ramp,pre,,,
2026-08-18T10:08:31.233067,6820,0x46,PUCCH,,,,,,,,,,,,,,,,,,1,-inf,"0.000,",,,,,,,,,1787047711.233067,gnb1,ramp,pre,,,
2026-08-18T10:08:32.454350,6860,0x46,PUCCH,,,,,,,,,,,,,,,,,,1,-inf,"0.000,",,,,,,,,,1787047712.454350,gnb1,ramp,pre,,,
2026-08-18T10:08:33.044986,6880,0x46,PUCCH,,,,,,,,,,,,,,,,,,1,-inf,"0.000,",,,,,,,,,1787047713.044986,gnb1,ramp,pre,,,
2026-08-18T10:08:34.281660,6920,0x46,PUCCH,,,,,,,,,,,,,,,,,,1,111.8,"1.000,",,,,,,,,,1787047714.281660,gnb1,ramp,pre,,,
2026-08-18T10:08:35.471322,6957,0x46,PUCCH,,,,,,,,,,,,,,,,,,1a,111.7,"1.000,",,,1,,,,,,1787047715.471322,gnb1,ramp,pre,,,
2026-08-18T10:08:36.119251,6978,0x46,PUCCH,,,,,,,,,,,,,,,,,,1a,111.8,"1.000,",,,1,,,,,,1787047716.119251,gnb1,ramp,pre,,,
2026-08-18T10:08:37.316867,7017,0x46,PUCCH,,,,,,,,,,,,,,,,,,1a,111.8,"1.000,",,,1,,,,,,1787047717.316867,gnb1,ramp,pre,,,
2026-08-18T10:08:38.034957,7039,0x46,PUCCH,,,,,,,,,,,,,,,,,,1a,111.8,"1.000,",,,1,,,,,,1787047718.034957,gnb1,ramp,pre,,,
2026-08-18T10:08:39.212289,7078,0x46,PUCCH,,,,,,,,,,,,,,,,,,1a,111.8,"1.000,",,,1,,,,,,1787047719.212289,gnb1,ramp,pre,,,
2026-08-18T10:08:40.002039,7103,0x46,PUCCH,,,,,,,,,,,,,,,,,,1a,111.8,"1.000,",,,1,,,,,,1787047720.002039,gnb1,ramp,pre,,,
2026-08-18T10:08:41.020726,7136,0x46,PUCCH,,,,,,,,,,,,,,,,,,1a,111.8,"1.000,",,,1,,,,,,1787047721.020726,gnb1,ramp,pre,,,
2026-08-18T10:08:42.017539,7168,0x46,PUCCH,,,,,,,,,,,,,,,,,,1a,111.8,"1.000,",,,1,,,,,,1787047722.017539,gnb1,ramp,pre,,,
2026-08-18T10:08:43.021672,7201,0x46,PUCCH,,,,,,,,,,,,,,,,,,2a,111.8,"1.000,",,,1,,,,,,1787047723.021672,gnb1,ramp,pre,,,
2026-08-18T10:08:44.120552,7236,0x46,PUCCH,,,,,,,,,,,,,,,,,,1a,111.8,"1.000,",,,1,,,,,,1787047724.120552,gnb1,ramp,pre,,,
2026-08-18T10:08:45.006331,7260,0x46,PUCCH,,,,,,,,,,,,,,,,,,1,111.8,"1.000,",,,,,,,,,1787047725.006331,gnb1,ramp,pre,,,
2026-08-18T10:08:46.295437,7298,0x46,PUCCH,,,,,,,,,,,,,,,,,,1a,111.8,"1.000,",,,1,,,,,,1787047726.295437,gnb1,ramp,pre,,,
2026-08-18T10:08:47.014668,7320,0x46,PUCCH,,,,,,,,,,,,,,,,,,1,111.8,"1.000,",,,,,,,,,1787047727.014668,gnb1,ramp,pre,,,
2026-08-18T10:08:48.010610,7349,0x46,PUCCH,,,,,,,,,,,,,,,,,,1a,111.8,"1.000,",,,1,,,,,,1787047728.010610,gnb1,ramp,pre,,,
2026-08-18T10:08:49.171686,7387,0x46,PUCCH,,,,,,,,,,,,,,,,,,1a,111.7,"1.000,",,,1,,,,,,1787047729.171686,gnb1,ramp,pre,,,
2026-08-18T10:08:50.086636,7418,0x46,PUCCH,,,,,,,,,,,,,,,,,,1a,111.8,"1.000,",,,1,,,,,,1787047730.086636,gnb1,ramp,pre,,,
2026-08-18T10:08:51.040358,7452,0x46,PUCCH,,,,,,,,,,,,,,,,,,1a,111.8,"1.000,",,,1,,,,,,1787047731.040358,gnb1,ramp,pre,,,
2026-08-18T10:08:52.081418,7486,0x46,PUCCH,,,,,,,,,,,,,,,,,,1a,111.8,"1.000,",,,1,,,,,,1787047732.081418,gnb1,ramp,pre,,,
2026-08-18T10:08:53.036110,7511,0x46,PUCCH,,,,,,,,,,,,,,,,,,1a,111.8,"1.000,",,,1,,,,,,1787047733.036110,gnb1,ramp,pre,,,
2026-08-18T10:08:54.043475,7540,0x46,PUCCH,,,,,,,,,,,,,,,,,,1,111.8,"1.000,",,,,,,,,,1787047734.043475,gnb1,ramp,pre,,,
2026-08-18T10:08:55.217045,7574,0x46,PUCCH,,,,,,,,,,,,,,,,,,1a,111.7,"1.000,",,,1,,,,,,1787047735.217045,gnb1,ramp,pre,,,
2026-08-18T10:08:56.024297,7598,0x46,PUCCH,,,,,,,,,,,,,,,,,,1a,111.8,"1.000,",,,1,,,,,,1787047736.024297,gnb1,ramp,pre,,,
2026-08-18T10:08:57.184850,7637,0x46,PUCCH,,,,,,,,,,,,,,,,,,1a,111.7,"1.000,",,,1,,,,,,1787047737.184850,gnb1,ramp,pre,,,
2026-08-18T10:08:58.345901,7677,0x46,PUCCH,,,,,,,,,,,,,,,,,,1a,111.7,"1.000,",,,1,,,,,,1787047738.345901,gnb1,ramp,pre,,,
2026-08-18T10:08:59.018337,7699,0x46,PUCCH,,,,,,,,,,,,,,,,,,1a,111.8,"1.000,",,,1,,,,,,1787047739.018337,gnb1,ramp,pre,,,
2026-08-18T10:09:00.094877,7737,0x46,PUCCH,,,,,,,,,,,,,,,,,,1a,111.7,"1.000,",,,1,,,,,,1787047740.094877,gnb1,ramp,pre,,,
2026-08-18T10:09:01.312057,7777,0x46,PUCCH,,,,,,,,,,,,,,,,,,1a,111.8,"1.000,",,,1,,,,,,1787047741.312057,gnb1,ramp,pre,,,
2026-08-18T10:09:02.053190,7800,0x46,PUCCH,,,,,,,,,,,,,,,,,,1,111.8,"1.000,",,,,,,,,,1787047742.053190,gnb1,ramp,pre,,,
2026-08-18T10:09:03.177644,7837,0x46,PUCCH,,,,,,,,,,,,,,,,,,1a,111.8,"1.000,",,,1,,,,,,1787047743.177644,gnb1,ramp,pre,,,
2026-08-18T10:09:04.526914,7877,0x46,PUCCH,,,,,,,,,,,,,,,,,,1a,111.7,"1.000,",,,1,,,,,,1787047744.526914,gnb1,ramp,pre,,,
2026-08-18T10:09:05.183603,7897,0x46,PUCCH,,,,,,,,,,,,,,,,,,1a,111.7,"1.000,",,,1,,,,,,1787047745.183603,gnb1,ramp,pre,,,
2026-08-18T10:09:06.424998,7937,0x46,PUCCH,,,,,,,,,,,,,,,,,,1a,111.8,"1.000,",,,1,,,,,,1787047746.424998,gnb1,ramp,pre,,,
2026-08-18T10:09:07.065895,7957,0x46,PUCCH,,,,,,,,,,,,,,,,,,1a,111.8,"1.000,",,,1,,,,,,1787047747.065895,gnb1,ramp,pre,,,
2026-08-18T10:09:08.069189,7987,0x46,PUCCH,,,,,,,,,,,,,,,,,,1a,111.7,"1.000,",,,1,,,,,,1787047748.069189,gnb1,ramp,pre,,,
2026-08-18T10:09:09.051701,8017,0x46,PUCCH,,,,,,,,,,,,,,,,,,1a,111.7,"1.000,",,,1,,,,,,1787047749.051701,gnb1,ramp,pre,,,
2026-08-18T10:09:10.384777,8057,0x46,PUCCH,,,,,,,,,,,,,,,,,,1a,111.7,"1.000,",,,1,,,,,,1787047750.384777,gnb1,ramp,pre,,,
2026-08-18T10:09:11.101855,8077,0x46,PUCCH,,,,,,,,,,,,,,,,,,1a,111.7,"1.000,",,,1,,,,,,1787047751.101855,gnb1,ramp,pre,,,
2026-08-18T10:09:12.494038,8117,0x46,PUCCH,,,,,,,,,,,,,,,,,,1a,111.7,"1.000,",,,1,,,,,,1787047752.494038,gnb1,ramp,pre,,,
2026-08-18T10:09:13.049725,8137,0x46,PUCCH,,,,,,,,,,,,,,,,,,1a,111.7,"1.000,",,,1,,,,,,1787047753.049725,gnb1,ramp,pre,,,
2026-08-18T10:09:14.415916,8177,0x46,PUCCH,,,,,,,,,,,,,,,,,,1a,111.7,"1.000,",,,1,,,,,,1787047754.415916,gnb1,ramp,pre,,,
2026-08-18T10:09:15.050696,8197,0x46,PUCCH,,,,,,,,,,,,,,,,,,1a,111.7,"1.000,",,,1,,,,,,1787047755.050696,gnb1,ramp,pre,,,
2026-08-18T10:09:16.320069,8237,0x46,PUCCH,,,,,,,,,,,,,,,,,,1a,111.7,"1.000,",,,1,,,,,,1787047756.320069,gnb1,ramp,pre,,,
2026-08-18T10:09:17.556881,8277,0x46,PUCCH,,,,,,,,,,,,,,,,,,1a,111.7,"1.000,",,,1,,,,,,1787047757.556881,gnb1,ramp,pre,,,
2026-08-18T10:09:18.239876,8297,0x46,PUCCH,,,,,,,,,,,,,,,,,,1a,111.8,"1.000,",,,1,,,,,,1787047758.239876,gnb1,ramp,pre,,,
2026-08-18T10:09:19.064639,8320,0x46,PUCCH,,,,,,,,,,,,,,,,,,1,111.8,"1.000,",,,,,,,,,1787047759.064639,gnb1,ramp,pre,,,
2026-08-18T10:09:20.333177,8357,0x46,PUCCH,,,,,,,,,,,,,,,,,,1a,111.8,"1.000,",,,1,,,,,,1787047760.333177,gnb1,ramp,pre,,,
2026-08-18T10:09:21.065938,8377,0x46,PUCCH,,,,,,,,,,,,,,,,,,1a,111.7,"1.000,",,,1,,,,,,1787047761.065938,gnb1,ramp,pre,,,
2026-08-18T10:09:22.286983,8417,0x46,PUCCH,,,,,,,,,,,,,,,,,,1a,111.7,"1.000,",,,1,,,,,,1787047762.286983,gnb1,ramp,pre,,,
2026-08-18T10:09:23.053165,8440,0x46,PUCCH,,,,,,,,,,,,,,,,,,1,111.8,"1.000,",,,,,,,,,1787047763.053165,gnb1,ramp,pre,,,
2026-08-18T10:09:24.266320,8477,0x46,PUCCH,,,,,,,,,,,,,,,,,,1a,111.7,"1.000,",,,1,,,,,,1787047764.266320,gnb1,ramp,pre,,,
2026-08-18T10:09:25.060105,8500,0x46,PUCCH,,,,,,,,,,,,,,,,,,1,111.8,"1.000,",,,,,,,,,1787047765.060105,gnb1,ramp,pre,,,
2026-08-18T10:09:26.337075,8537,0x46,PUCCH,,,,,,,,,,,,,,,,,,1a,111.7,"1.000,",,,1,,,,,,1787047766.337075,gnb1,ramp,pre,,,
2026-08-18T10:09:27.057085,8557,0x46,PUCCH,,,,,,,,,,,,,,,,,,1a,111.7,"1.000,",,,1,,,,,,1787047767.057085,gnb1,ramp,pre,,,
2026-08-18T10:09:28.353744,8597,0x46,PUCCH,,,,,,,,,,,,,,,,,,1a,111.7,"1.000,",,,1,,,,,,1787047768.353744,gnb1,ramp,pre,,,
2026-08-18T10:09:29.029696,8617,0x46,PUCCH,,,,,,,,,,,,,,,,,,1a,111.8,"1.000,",,,1,,,,,,1787047769.029696,gnb1,ramp,pre,,,
2026-08-18T10:09:30.447751,8657,0x46,PUCCH,,,,,,,,,,,,,,,,,,1a,111.7,"1.000,",,,1,,,,,,1787047770.447751,gnb1,ramp,pre,,,
2026-08-18T10:09:31.142820,8677,0x46,PUCCH,,,,,,,,,,,,,,,,,,1a,111.7,"1.000,",,,1,,,,,,1787047771.142820,gnb1,ramp,pre,,,
2026-08-18T10:09:32.088507,8706,0x46,PUCCH,,,,,,,,,,,,,,,,,,1a,111.8,"1.000,",,,1,,,,,,1787047772.088507,gnb1,ramp,pre,,,
2026-08-18T10:09:33.133535,8737,0x46,PUCCH,,,,,,,,,,,,,,,,,,1a,111.8,"1.000,",,,1,,,,,,1787047773.133535,gnb1,ramp,pre,,,
2026-08-18T10:09:34.383063,8777,0x46,PUCCH,,,,,,,,,,,,,,,,,,1a,111.7,"1.000,",,,1,,,,,,1787047774.383063,gnb1,ramp,pre,,,
2026-08-18T10:09:35.225111,8800,0x46,PUCCH,,,,,,,,,,,,,,,,,,1,-inf,"0.000,",,,,,,,,,1787047775.225111,gnb1,ramp,pre,,,
2026-08-18T10:09:36.334841,8837,0x46,PUCCH,,,,,,,,,,,,,,,,,,1a,111.7,"1.000,",,,1,,,,,,1787047776.334841,gnb1,ramp,pre,,,
2026-08-18T10:09:37.077951,8860,0x46,PUCCH,,,,,,,,,,,,,,,,,,1,-inf,"0.000,",,,,,,,,,1787047777.077951,gnb1,ramp,pre,,,
2026-08-18T10:09:38.346327,8900,0x46,PUCCH,,,,,,,,,,,,,,,,,,1,-inf,"0.000,",,,,,,,,,1787047778.346327,gnb1,ramp,pre,,,
2026-08-18T10:09:39.518721,8937,0x46,PUCCH,,,,,,,,,,,,,,,,,,1a,111.7,"1.000,",,,1,,,,,,1787047779.518721,gnb1,ramp,pre,,,
2026-08-18T10:09:40.179616,8957,0x46,PUCCH,,,,,,,,,,,,,,,,,,1a,111.7,"1.000,",,,1,,,,,,1787047780.179616,gnb1,ramp,pre,,,
2026-08-18T10:09:41.122202,8987,0x46,PUCCH,,,,,,,,,,,,,,,,,,1a,111.7,"1.000,",,,1,,,,,,1787047781.122202,gnb1,ramp,pre,,,
2026-08-18T10:09:42.104086,9017,0x46,PUCCH,,,,,,,,,,,,,,,,,,1a,111.7,"1.000,",,,1,,,,,,1787047782.104086,gnb1,ramp,pre,,,
2026-08-18T10:09:43.434554,9057,0x46,PUCCH,,,,,,,,,,,,,,,,,,1a,111.7,"1.000,",,,1,,,,,,1787047783.434554,gnb1,ramp,pre,,,
2026-08-18T10:09:44.556805,9091,0x46,PUCCH,,,,,,,,,,,,,,,,,,1a,111.8,"1.000,",,,1,,,,,,1787047784.556805,gnb1,ramp,pre,,,
2026-08-18T10:09:45.993727,9136,0x46,PUCCH,,,,,,,,,,,,,,,,,,1a,111.8,"1.000,",,,1,,,,,,1787047785.993727,gnb1,ramp,pre,,,
2026-08-18T10:09:46.034688,9137,0x46,PUCCH,,,,,,,,,,,,,,,,,,1a,111.7,"1.000,",,,1,,,,,,1787047786.034688,gnb1,ramp,pre,,,
2026-08-18T10:10:17.409164,10055,0x46,PUCCH,,,,,,,,,,,,,,,,,,1a,111.8,"1.000,",,,1,,,,,,1787047817.409164,gnb1,ramp,pre,,,
2026-08-18T10:10:18.106092,10075,0x46,PUCCH,,,,,,,,,,,,,,,,,,1a,111.8,"1.000,",,,1,,,,,,1787047818.106092,gnb1,ramp,pre,,,
2026-08-18T10:10:19.495744,10117,0x46,PUCCH,,,,,,,,,,,,,,,,,,1a,111.7,"1.000,",,,1,,,,,,1787047819.495744,gnb1,ramp,pre,,,
2026-08-18T10:10:20.191544,10137,0x46,PUCCH,,,,,,,,,,,,,,,,,,1a,111.7,"1.000,",,,1,,,,,,1787047820.191544,gnb1,ramp,pre,,,
2026-08-18T10:10:21.418547,10175,0x46,PUCCH,,,,,,,,,,,,,,,,,,1a,111.8,"1.000,",,,1,,,,,,1787047821.418547,gnb1,ramp,pre,,,
2026-08-18T10:10:22.208415,10200,0x46,PUCCH,,,,,,,,,,,,,,,,,,1,-inf,"0.000,",,,,,,,,,1787047822.208415,gnb1,ramp,pre,,,
2026-08-18T10:10:23.508447,0,0x46,PUCCH,,,,,,,,,,,,,,,,,,1,-inf,"0.000,",,,,,,,,,1787047823.508447,gnb1,ramp,pre,,,
2026-08-18T10:10:24.122025,20,0x46,PUCCH,,,,,,,,,,,,,,,,,,1,-inf,"0.000,",,,,,,,,,1787047824.122025,gnb1,ramp,pre,,,
2026-08-18T10:10:25.376309,57,0x46,PUCCH,,,,,,,,,,,,,,,,,,1a,111.7,"1.000,",,,1,,,,,,1787047825.376309,gnb1,ramp,pre,,,
2026-08-18T10:10:26.057470,77,0x46,PUCCH,,,,,,,,,,,,,,,,,,1a,111.7,"1.000,",,,1,,,,,,1787047826.057470,gnb1,ramp,pre,,,
2026-08-18T10:10:27.051352,107,0x46,PUCCH,,,,,,,,,,,,,,,,,,1a,111.8,"1.000,",,,1,,,,,,1787047827.051352,gnb1,ramp,pre,,,
2026-08-18T10:10:28.027082,140,0x46,PUCCH,,,,,,,,,,,,,,,,,,1,111.8,"1.000,",,,,,,,,,1787047828.027082,gnb1,ramp,pre,,,
2026-08-18T10:10:29.259242,178,0x46,PUCCH,,,,,,,,,,,,,,,,,,1a,111.8,"1.000,",,,1,,,,,,1787047829.259242,gnb1,ramp,pre,,,
2026-08-18T10:10:30.031222,200,0x46,PUCCH,,,,,,,,,,,,,,,,,,1,111.8,"1.000,",,,,,,,,,1787047830.031222,gnb1,ramp,pre,,,
2026-08-18T10:10:31.081651,230,0x46,PUCCH,,,,,,,,,,,,,,,,,,1a,111.8,"1.000,",,,1,,,,,,1787047831.081651,gnb1,ramp,pre,,,
2026-08-18T10:10:32.022843,260,0x46,PUCCH,,,,,,,,,,,,,,,,,,1,111.8,"1.000,",,,,,,,,,1787047832.022843,gnb1,ramp,pre,,,
2026-08-18T10:10:33.032060,287,0x46,PUCCH,,,,,,,,,,,,,,,,,,1a,111.7,"1.000,",,,1,,,,,,1787047833.032060,gnb1,ramp,pre,,,
2026-08-18T10:10:34.068031,315,0x46,PUCCH,,,,,,,,,,,,,,,,,,1a,111.8,"1.000,",,,1,,,,,,1787047834.068031,gnb1,ramp,pre,,,
2026-08-18T10:10:35.029279,340,0x46,PUCCH,,,,,,,,,,,,,,,,,,1a,111.8,"1.000,",,,1,,,,,,1787047835.029279,gnb1,ramp,pre,,,
2026-08-18T10:10:36.142871,371,0x46,PUCCH,,,,,,,,,,,,,,,,,,1a,111.8,"1.000,",,,1,,,,,,1787047836.142871,gnb1,ramp,pre,,,
2026-08-18T10:10:37.134309,398,0x46,PUCCH,,,,,,,,,,,,,,,,,,1a,111.8,"1.000,",,,1,,,,,,1787047837.134309,gnb1,ramp,pre,,,
2026-08-18T10:10:38.097732,425,0x46,PUCCH,,,,,,,,,,,,,,,,,,1a,111.8,"1.000,",,,1,,,,,,1787047838.097732,gnb1,ramp,pre,,,
2026-08-18T10:10:39.241132,457,0x46,PUCCH,,,,,,,,,,,,,,,,,,1a,111.7,"1.000,",,,1,,,,,,1787047839.241132,gnb1,ramp,pre,,,
2026-08-18T10:10:40.011772,478,0x46,PUCCH,,,,,,,,,,,,,,,,,,1a,111.8,"1.000,",,,1,,,,,,1787047840.011772,gnb1,ramp,pre,,,
2026-08-18T10:10:41.076608,507,0x46,PUCCH,,,,,,,,,,,,,,,,,,1a,111.7,"1.000,",,,1,,,,,,1787047841.076608,gnb1,ramp,pre,,,
2026-08-18T10:10:42.213932,537,0x46,PUCCH,,,,,,,,,,,,,,,,,,1a,111.7,"1.000,",,,1,,,,,,1787047842.213932,gnb1,ramp,pre,,,
2026-08-18T10:10:43.481294,577,0x46,PUCCH,,,,,,,,,,,,,,,,,,1a,111.7,"1.000,",,,1,,,,,,1787047843.481294,gnb1,ramp,pre,,,
2026-08-18T10:10:44.204084,597,0x46,PUCCH,,,,,,,,,,,,,,,,,,1a,111.7,"1.000,",,,1,,,,,,1787047844.204084,gnb1,ramp,pre,,,
2026-08-18T10:10:45.497059,637,0x46,PUCCH,,,,,,,,,,,,,,,,,,1a,111.7,"1.000,",,,1,,,,,,1787047845.497059,gnb1,ramp,pre,,,
2026-08-18T10:10:46.237664,657,0x46,PUCCH,,,,,,,,,,,,,,,,,,1a,111.7,"1.000,",,,1,,,,,,1787047846.237664,gnb1,ramp,pre,,,
2026-08-18T10:10:47.016888,678,0x46,PUCCH,,,,,,,,,,,,,,,,,,1a,111.8,"1.000,",,,1,,,,,,1787047847.016888,gnb1,ramp,pre,,,
2026-08-18T10:10:48.001601,707,0x46,PUCCH,,,,,,,,,,,,,,,,,,1a,111.7,"1.000,",,,1,,,,,,1787047848.001601,gnb1,ramp,pre,,,
2026-08-18T10:10:49.165259,737,0x46,PUCCH,,,,,,,,,,,,,,,,,,1a,111.7,"1.000,",,,1,,,,,,1787047849.165259,gnb1,ramp,pre,,,
2026-08-18T10:10:50.127786,765,0x46,PUCCH,,,,,,,,,,,,,,,,,,1a,111.8,"1.000,",,,1,,,,,,1787047850.127786,gnb1,ramp,pre,,,
2026-08-18T10:10:51.226920,797,0x46,PUCCH,,,,,,,,,,,,,,,,,,1a,111.7,"1.000,",,,1,,,,,,1787047851.226920,gnb1,ramp,pre,,,
2026-08-18T10:10:52.008474,820,0x46,PUCCH,,,,,,,,,,,,,,,,,,1,111.8,"1.000,",,,,,,,,,1787047852.008474,gnb1,ramp,pre,,,
2026-08-18T10:10:53.324625,857,0x46,PUCCH,,,,,,,,,,,,,,,,,,1a,111.8,"1.000,",,,1,,,,,,1787047853.324625,gnb1,ramp,pre,,,
2026-08-18T10:10:54.004776,878,0x46,PUCCH,,,,,,,,,,,,,,,,,,1a,111.8,"1.000,",,,1,,,,,,1787047854.004776,gnb1,ramp,pre,,,
2026-08-18T10:10:55.075137,907,0x46,PUCCH,,,,,,,,,,,,,,,,,,1a,111.7,"1.000,",,,1,,,,,,1787047855.075137,gnb1,ramp,pre,,,
2026-08-18T10:10:56.037074,937,0x46,PUCCH,,,,,,,,,,,,,,,,,,1a,111.8,"1.000,",,,1,,,,,,1787047856.037074,gnb1,ramp,pre,,,
2026-08-18T10:10:57.419537,977,0x46,PUCCH,,,,,,,,,,,,,,,,,,1a,111.8,"1.000,",,,1,,,,,,1787047857.419537,gnb1,ramp,pre,,,
2026-08-18T10:10:58.082864,997,0x46,PUCCH,,,,,,,,,,,,,,,,,,1a,111.7,"1.000,",,,1,,,,,,1787047858.082864,gnb1,ramp,pre,,,
2026-08-18T10:10:59.402132,1037,0x46,PUCCH,,,,,,,,,,,,,,,,,,1a,111.7,"1.000,",,,1,,,,,,1787047859.402132,gnb1,ramp,pre,,,
2026-08-18T10:11:00.073570,1057,0x46,PUCCH,,,,,,,,,,,,,,,,,,1a,111.7,"1.000,",,,1,,,,,,1787047860.073570,gnb1,ramp,pre,,,
2026-08-18T10:11:01.439545,1097,0x46,PUCCH,,,,,,,,,,,,,,,,,,1a,111.7,"1.000,",,,1,,,,,,1787047861.439545,gnb1,ramp,pre,,,
2026-08-18T10:11:02.096124,1117,0x46,PUCCH,,,,,,,,,,,,,,,,,,1a,111.7,"1.000,",,,1,,,,,,1787047862.096124,gnb1,ramp,pre,,,
2026-08-18T10:11:03.421973,1157,0x46,PUCCH,,,,,,,,,,,,,,,,,,1a,111.7,"1.000,",,,1,,,,,,1787047863.421973,gnb1,ramp,pre,,,
2026-08-18T10:11:04.110853,1177,0x46,PUCCH,,,,,,,,,,,,,,,,,,1a,111.7,"1.000,",,,1,,,,,,1787047864.110853,gnb1,ramp,pre,,,
2026-08-18T10:11:05.035563,1203,0x46,PUCCH,,,,,,,,,,,,,,,,,,1a,111.8,"1.000,",,,1,,,,,,1787047865.035563,gnb1,ramp,pre,,,
2026-08-18T10:11:06.165311,1237,0x46,PUCCH,,,,,,,,,,,,,,,,,,1a,111.7,"1.000,",,,1,,,,,,1787047866.165311,gnb1,ramp,pre,,,
2026-08-18T10:11:07.503617,1277,0x46,PUCCH,,,,,,,,,,,,,,,,,,1a,111.7,"1.000,",,,1,,,,,,1787047867.503617,gnb1,ramp,pre,,,
2026-08-18T10:11:08.166770,1297,0x46,PUCCH,,,,,,,,,,,,,,,,,,1a,111.8,"1.000,",,,1,,,,,,1787047868.166770,gnb1,ramp,pre,,,
2026-08-18T10:11:09.498301,1337,0x46,PUCCH,,,,,,,,,,,,,,,,,,1a,111.7,"1.000,",,,1,,,,,,1787047869.498301,gnb1,ramp,pre,,,
2026-08-18T10:11:10.177211,1357,0x46,PUCCH,,,,,,,,,,,,,,,,,,1a,111.7,"1.000,",,,1,,,,,,1787047870.177211,gnb1,ramp,pre,,,
2026-08-18T10:11:11.500777,1397,0x46,PUCCH,,,,,,,,,,,,,,,,,,1a,111.7,"1.000,",,,1,,,,,,1787047871.500777,gnb1,ramp,pre,,,
2026-08-18T10:11:12.343288,1420,0x46,PUCCH,,,,,,,,,,,,,,,,,,1,-inf,"0.000,",,,,,,,,,1787047872.343288,gnb1,ramp,pre,,,
2026-08-18T10:11:13.138578,1440,0x46,PUCCH,,,,,,,,,,,,,,,,,,1,111.8,"1.000,",,,,,,,,,1787047873.138578,gnb1,ramp,pre,,,
2026-08-18T10:11:14.036614,1470,0x46,PUCCH,,,,,,,,,,,,,,,,,,1a,111.8,"1.000,",,,1,,,,,,1787047874.036614,gnb1,ramp,pre,,,
2026-08-18T10:11:15.043808,1500,0x46,PUCCH,,,,,,,,,,,,,,,,,,1,111.8,"1.000,",,,,,,,,,1787047875.043808,gnb1,ramp,pre,,,
2026-08-18T10:11:16.213423,1537,0x46,PUCCH,,,,,,,,,,,,,,,,,,1a,111.7,"1.000,",,,1,,,,,,1787047876.213423,gnb1,ramp,pre,,,
2026-08-18T10:11:17.453818,1577,0x46,PUCCH,,,,,,,,,,,,,,,,,,1a,111.7,"1.000,",,,1,,,,,,1787047877.453818,gnb1,ramp,pre,,,
2026-08-18T10:11:18.132037,1597,0x46,PUCCH,,,,,,,,,,,,,,,,,,1a,111.7,"1.000,",,,1,,,,,,1787047878.132037,gnb1,ramp,pre,,,
2026-08-18T10:11:19.542451,1637,0x46,PUCCH,,,,,,,,,,,,,,,,,,1a,111.7,"1.000,",,,1,,,,,,1787047879.542451,gnb1,ramp,pre,,,
2026-08-18T10:11:20.274545,1657,0x46,PUCCH,,,,,,,,,,,,,,,,,,1a,111.8,"1.000,",,,1,,,,,,1787047880.274545,gnb1,ramp,pre,,,
2026-08-18T10:11:21.023492,1680,0x46,PUCCH,,,,,,,,,,,,,,,,,,1,111.8,"1.000,",,,,,,,,,1787047881.023492,gnb1,ramp,pre,,,
2026-08-18T10:11:22.253249,1717,0x46,PUCCH,,,,,,,,,,,,,,,,,,1a,111.7,"1.000,",,,1,,,,,,1787047882.253249,gnb1,ramp,pre,,,
2026-08-18T10:11:23.046264,1740,0x46,PUCCH,,,,,,,,,,,,,,,,,,1,-inf,"0.000,",,,,,,,,,1787047883.046264,gnb1,ramp,pre,,,
2026-08-18T10:11:24.413612,1780,0x46,PUCCH,,,,,,,,,,,,,,,,,,1,-inf,"0.000,",,,,,,,,,1787047884.413612,gnb1,ramp,pre,,,
2026-08-18T10:11:25.059741,1800,0x46,PUCCH,,,,,,,,,,,,,,,,,,1,-inf,"0.000,",,,,,,,,,1787047885.059741,gnb1,ramp,pre,,,
2026-08-18T10:11:26.297925,1840,0x46,PUCCH,,,,,,,,,,,,,,,,,,1,-inf,"0.000,",,,,,,,,,1787047886.297925,gnb1,ramp,pre,,,
2026-08-18T10:11:27.412206,1877,0x46,PUCCH,,,,,,,,,,,,,,,,,,1a,111.7,"1.000,",,,1,,,,,,1787047887.412206,gnb1,ramp,pre,,,
2026-08-18T10:11:28.048607,1897,0x46,PUCCH,,,,,,,,,,,,,,,,,,1a,111.7,"1.000,",,,1,,,,,,1787047888.048607,gnb1,ramp,pre,,,
2026-08-18T10:11:29.022834,1927,0x46,PUCCH,,,,,,,,,,,,,,,,,,1a,111.7,"1.000,",,,1,,,,,,1787047889.022834,gnb1,ramp,pre,,,
2026-08-18T10:11:30.050935,1960,0x46,PUCCH,,,,,,,,,,,,,,,,,,1,111.8,"1.000,",,,,,,,,,1787047890.050935,gnb1,ramp,pre,,,
2026-08-18T10:11:31.322775,1997,0x46,PUCCH,,,,,,,,,,,,,,,,,,1a,111.7,"1.000,",,,1,,,,,,1787047891.322775,gnb1,ramp,pre,,,
2026-08-18T10:11:32.452821,2031,0x46,PUCCH,,,,,,,,,,,,,,,,,,1a,111.8,"1.000,",,,1,,,,,,1787047892.452821,gnb1,ramp,pre,,,
2026-08-18T10:12:09.462489,3097,0x46,PUCCH,,,,,,,,,,,,,,,,,,1a,111.7,"1.000,",,,1,,,,,,1787047929.462489,gnb1,ramp,pre,,,
2026-08-18T10:12:10.184703,3117,0x46,PUCCH,,,,,,,,,,,,,,,,,,1a,111.7,"1.000,",,,1,,,,,,1787047930.184703,gnb1,ramp,pre,,,
2026-08-18T10:12:11.617058,3160,0x46,PUCCH,,,,,,,,,,,,,,,,,,1a,111.8,"1.000,",,,1,,,,,,1787047931.617058,gnb1,ramp,pre,,,
2026-08-18T10:12:12.289112,3180,0x46,PUCCH,,,,,,,,,,,,,,,,,,1,111.8,"1.000,",,,,,,,,,1787047932.289112,gnb1,ramp,pre,,,
2026-08-18T10:12:13.572522,3220,0x46,PUCCH,,,,,,,,,,,,,,,,,,1,-inf,"0.000,",,,,,,,,,1787047933.572522,gnb1,ramp,pre,,,
2026-08-18T10:12:14.258020,3240,0x46,PUCCH,,,,,,,,,,,,,,,,,,1,-inf,"0.000,",,,,,,,,,1787047934.258020,gnb1,ramp,pre,,,
2026-08-18T10:12:15.527717,3280,0x46,PUCCH,,,,,,,,,,,,,,,,,,1,111.8,"1.000,",,,,,,,,,1787047935.527717,gnb1,ramp,pre,,,
2026-08-18T10:12:16.060773,3297,0x46,PUCCH,,,,,,,,,,,,,,,,,,1a,111.7,"1.000,",,,1,,,,,,1787047936.060773,gnb1,ramp,pre,,,
2026-08-18T10:12:17.434304,3338,0x46,PUCCH,,,,,,,,,,,,,,,,,,1a,111.8,"1.000,",,,1,,,,,,1787047937.434304,gnb1,ramp,pre,,,
2026-08-18T10:12:18.034650,3357,0x46,PUCCH,,,,,,,,,,,,,,,,,,1a,111.7,"1.000,",,,1,,,,,,1787047938.034650,gnb1,ramp,pre,,,
2026-08-18T10:12:19.393359,3397,0x46,PUCCH,,,,,,,,,,,,,,,,,,1a,111.7,"1.000,",,,1,,,,,,1787047939.393359,gnb1,ramp,pre,,,
2026-08-18T10:12:20.052628,3418,0x46,PUCCH,,,,,,,,,,,,,,,,,,1a,111.8,"1.000,",,,1,,,,,,1787047940.052628,gnb1,ramp,pre,,,
2026-08-18T10:12:21.003001,3446,0x46,PUCCH,,,,,,,,,,,,,,,,,,1a,111.8,"1.000,",,,1,,,,,,1787047941.003001,gnb1,ramp,pre,,,
2026-08-18T10:12:22.223947,3480,0x46,PUCCH,,,,,,,,,,,,,,,,,,1a,111.8,"1.000,",,,1,,,,,,1787047942.223947,gnb1,ramp,pre,,,
2026-08-18T10:12:23.068248,3500,0x46,PUCCH,,,,,,,,,,,,,,,,,,1,111.8,"1.000,",,,,,,,,,1787047943.068248,gnb1,ramp,pre,,,
2026-08-18T10:12:24.006444,3525,0x46,PUCCH,,,,,,,,,,,,,,,,,,1a,111.8,"1.000,",,,1,,,,,,1787047944.006444,gnb1,ramp,pre,,,
2026-08-18T10:12:25.146090,3560,0x46,PUCCH,,,,,,,,,,,,,,,,,,1,111.8,"1.000,",,,,,,,,,1787047945.146090,gnb1,ramp,pre,,,
2026-08-18T10:12:26.365681,3597,0x46,PUCCH,,,,,,,,,,,,,,,,,,1a,111.7,"1.000,",,,1,,,,,,1787047946.365681,gnb1,ramp,pre,,,
2026-08-18T10:12:27.027876,3617,0x46,PUCCH,,,,,,,,,,,,,,,,,,1a,111.7,"1.000,",,,1,,,,,,1787047947.027876,gnb1,ramp,pre,,,
2026-08-18T10:12:28.018887,3647,0x46,PUCCH,,,,,,,,,,,,,,,,,,1a,111.8,"1.000,",,,1,,,,,,1787047948.018887,gnb1,ramp,pre,,,
2026-08-18T10:12:29.086176,3677,0x46,PUCCH,,,,,,,,,,,,,,,,,,1a,111.8,"1.000,",,,1,,,,,,1787047949.086176,gnb1,ramp,pre,,,
2026-08-18T10:12:30.528096,3717,0x46,PUCCH,,,,,,,,,,,,,,,,,,1a,111.7,"1.000,",,,1,,,,,,1787047950.528096,gnb1,ramp,pre,,,
2026-08-18T10:12:31.179621,3737,0x46,PUCCH,,,,,,,,,,,,,,,,,,1a,111.7,"1.000,",,,1,,,,,,1787047951.179621,gnb1,ramp,pre,,,
2026-08-18T10:12:32.460192,3777,0x46,PUCCH,,,,,,,,,,,,,,,,,,1a,111.7,"1.000,",,,1,,,,,,1787047952.460192,gnb1,ramp,pre,,,
2026-08-18T10:12:33.130736,3797,0x46,PUCCH,,,,,,,,,,,,,,,,,,1a,111.7,"1.000,",,,1,,,,,,1787047953.130736,gnb1,ramp,pre,,,
2026-08-18T10:12:34.007850,3820,0x46,PUCCH,,,,,,,,,,,,,,,,,,1,111.8,"1.000,",,,,,,,,,1787047954.007850,gnb1,ramp,pre,,,
2026-08-18T10:12:35.275065,3857,0x46,PUCCH,,,,,,,,,,,,,,,,,,1a,111.8,"1.000,",,,1,,,,,,1787047955.275065,gnb1,ramp,pre,,,
2026-08-18T10:12:36.010395,3878,0x46,PUCCH,,,,,,,,,,,,,,,,,,1a,111.8,"1.000,",,,1,,,,,,1787047956.010395,gnb1,ramp,pre,,,
2026-08-18T10:12:37.372927,3917,0x46,PUCCH,,,,,,,,,,,,,,,,,,1a,111.7,"1.000,",,,1,,,,,,1787047957.372927,gnb1,ramp,pre,,,
2026-08-18T10:12:38.019079,3938,0x46,PUCCH,,,,,,,,,,,,,,,,,,1a,111.8,"1.000,",,,1,,,,,,1787047958.019079,gnb1,ramp,pre,,,
2026-08-18T10:12:39.115537,3977,0x46,PUCCH,,,,,,,,,,,,,,,,,,1a,111.7,"1.000,",,,1,,,,,,1787047959.115537,gnb1,ramp,pre,,,
2026-08-18T10:12:40.662952,4020,0x46,PUCCH,,,,,,,,,,,,,,,,,,1,111.8,"1.000,",,,,,,,,,1787047960.662952,gnb1,ramp,pre,,,
2026-08-18T10:12:41.005265,4029,0x46,PUCCH,,,,,,,,,,,,,,,,,,1a,111.8,"1.000,",,,1,,,,,,1787047961.005265,gnb1,ramp,pre,,,
2026-08-18T10:12:42.190887,4061,0x46,PUCCH,,,,,,,,,,,,,,,,,,1a,111.8,"1.000,",,,1,,,,,,1787047962.190887,gnb1,ramp,pre,,,
2026-08-18T10:12:43.254074,4094,0x46,PUCCH,,,,,,,,,,,,,,,,,,1a,111.7,"1.000,",,,1,,,,,,1787047963.254074,gnb1,ramp,pre,,,
2026-08-18T10:12:44.228547,4120,0x46,PUCCH,,,,,,,,,,,,,,,,,,1,111.8,"1.000,",,,,,,,,,1787047964.228547,gnb1,ramp,pre,,,
2026-08-18T10:12:45.039110,4142,0x46,PUCCH,,,,,,,,,,,,,,,,,,1a,111.8,"1.000,",,,1,,,,,,1787047965.039110,gnb1,ramp,pre,,,
2026-08-18T10:12:46.240809,4177,0x46,PUCCH,,,,,,,,,,,,,,,,,,1a,111.8,"1.000,",,,1,,,,,,1787047966.240809,gnb1,ramp,pre,,,
2026-08-18T10:12:47.015307,4201,0x46,PUCCH,,,,,,,,,,,,,,,,,,2,111.8,"1.000,",,,,,,,,,1787047967.015307,gnb1,ramp,pre,,,
2026-08-18T10:12:48.352905,4237,0x46,PUCCH,,,,,,,,,,,,,,,,,,1a,111.7,"1.000,",,,1,,,,,,1787047968.352905,gnb1,ramp,pre,,,
2026-08-18T10:12:49.042132,4257,0x46,PUCCH,,,,,,,,,,,,,,,,,,1a,111.7,"1.000,",,,1,,,,,,1787047969.042132,gnb1,ramp,pre,,,
2026-08-18T10:12:50.318551,4297,0x46,PUCCH,,,,,,,,,,,,,,,,,,1a,111.8,"1.000,",,,1,,,,,,1787047970.318551,gnb1,ramp,pre,,,
2026-08-18T10:12:51.023506,4318,0x46,PUCCH,,,,,,,,,,,,,,,,,,1a,111.8,"1.000,",,,1,,,,,,1787047971.023506,gnb1,ramp,pre,,,
2026-08-18T10:12:52.346807,4357,0x46,PUCCH,,,,,,,,,,,,,,,,,,1a,111.7,"1.000,",,,1,,,,,,1787047972.346807,gnb1,ramp,pre,,,
2026-08-18T10:12:53.035575,4378,0x46,PUCCH,,,,,,,,,,,,,,,,,,1a,111.8,"1.000,",,,1,,,,,,1787047973.035575,gnb1,ramp,pre,,,
2026-08-18T10:12:54.417049,4417,0x46,PUCCH,,,,,,,,,,,,,,,,,,1a,111.7,"1.000,",,,1,,,,,,1787047974.417049,gnb1,ramp,pre,,,
2026-08-18T10:12:55.096963,4437,0x46,PUCCH,,,,,,,,,,,,,,,,,,1a,111.7,"1.000,",,,1,,,,,,1787047975.096963,gnb1,ramp,pre,,,
2026-08-18T10:12:56.443836,4477,0x46,PUCCH,,,,,,,,,,,,,,,,,,1a,111.7,"1.000,",,,1,,,,,,1787047976.443836,gnb1,ramp,pre,,,
2026-08-18T10:12:57.092286,4497,0x46,PUCCH,,,,,,,,,,,,,,,,,,1a,111.7,"1.000,",,,1,,,,,,1787047977.092286,gnb1,ramp,pre,,,
2026-08-18T10:12:58.449542,4537,0x46,PUCCH,,,,,,,,,,,,,,,,,,1a,111.7,"1.000,",,,1,,,,,,1787047978.449542,gnb1,ramp,pre,,,
2026-08-18T10:12:59.129913,4557,0x46,PUCCH,,,,,,,,,,,,,,,,,,1a,111.7,"1.000,",,,1,,,,,,1787047979.129913,gnb1,ramp,pre,,,
2026-08-18T10:13:00.437188,4597,0x46,PUCCH,,,,,,,,,,,,,,,,,,1a,111.7,"1.000,",,,1,,,,,,1787047980.437188,gnb1,ramp,pre,,,
2026-08-18T10:13:01.107196,4617,0x46,PUCCH,,,,,,,,,,,,,,,,,,1a,111.7,"1.000,",,,1,,,,,,1787047981.107196,gnb1,ramp,pre,,,
2026-08-18T10:13:02.113928,4647,0x46,PUCCH,,,,,,,,,,,,,,,,,,1a,111.8,"1.000,",,,1,,,,,,1787047982.113928,gnb1,ramp,pre,,,
2026-08-18T10:13:03.189923,4677,0x46,PUCCH,,,,,,,,,,,,,,,,,,1a,111.7,"1.000,",,,1,,,,,,1787047983.189923,gnb1,ramp,pre,,,
2026-08-18T10:13:04.400148,4717,0x46,PUCCH,,,,,,,,,,,,,,,,,,1a,111.7,"1.000,",,,1,,,,,,1787047984.400148,gnb1,ramp,pre,,,
2026-08-18T10:13:05.029387,4737,0x46,PUCCH,,,,,,,,,,,,,,,,,,1a,111.7,"1.000,",,,1,,,,,,1787047985.029387,gnb1,ramp,pre,,,
2026-08-18T10:13:06.303556,4777,0x46,PUCCH,,,,,,,,,,,,,,,,,,1a,111.7,"1.000,",,,1,,,,,,1787047986.303556,gnb1,ramp,pre,,,
2026-08-18T10:13:07.015785,4797,0x46,PUCCH,,,,,,,,,,,,,,,,,,1a,111.8,"1.000,",,,1,,,,,,1787047987.015785,gnb1,ramp,pre,,,
2026-08-18T10:13:08.445394,4837,0x46,PUCCH,,,,,,,,,,,,,,,,,,1a,111.8,"1.000,",,,1,,,,,,1787047988.445394,gnb1,ramp,pre,,,
2026-08-18T10:13:09.191516,4857,0x46,PUCCH,,,,,,,,,,,,,,,,,,1a,111.8,"1.000,",,,1,,,,,,1787047989.191516,gnb1,ramp,pre,,,
2026-08-18T10:13:10.424945,4897,0x46,PUCCH,,,,,,,,,,,,,,,,,,1a,111.7,"1.000,",,,1,,,,,,1787047990.424945,gnb1,ramp,pre,,,
2026-08-18T10:13:11.134120,4920,0x46,PUCCH,,,,,,,,,,,,,,,,,,1,-inf,"0.000,",,,,,,,,,1787047991.134120,gnb1,ramp,pre,,,
2026-08-18T10:13:12.518623,4960,0x46,PUCCH,,,,,,,,,,,,,,,,,,1,-inf,"0.000,",,,,,,,,,1787047992.518623,gnb1,ramp,pre,,,
2026-08-18T10:13:13.194828,4980,0x46,PUCCH,,,,,,,,,,,,,,,,,,1,-inf,"0.000,",,,,,,,,,1787047993.194828,gnb1,ramp,pre,,,
2026-08-18T10:13:14.538116,5020,0x46,PUCCH,,,,,,,,,,,,,,,,,,1,111.8,"1.000,",,,,,,,,,1787047994.538116,gnb1,ramp,pre,,,
2026-08-18T10:13:15.061363,5037,0x46,PUCCH,,,,,,,,,,,,,,,,,,1a,111.7,"1.000,",,,1,,,,,,1787047995.061363,gnb1,ramp,pre,,,
2026-08-18T10:13:16.352118,5077,0x46,PUCCH,,,,,,,,,,,,,,,,,,1a,111.7,"1.000,",,,1,,,,,,1787047996.352118,gnb1,ramp,pre,,,
2026-08-18T10:13:17.078926,5100,0x46,PUCCH,,,,,,,,,,,,,,,,,,1,111.8,"1.000,",,,,,,,,,1787047997.078926,gnb1,ramp,pre,,,
2026-08-18T10:13:18.329121,5137,0x46,PUCCH,,,,,,,,,,,,,,,,,,1a,111.8,"1.000,",,,1,,,,,,1787047998.329121,gnb1,ramp,pre,,,
2026-08-18T10:13:19.064004,5160,0x46,PUCCH,,,,,,,,,,,,,,,,,,1,111.8,"1.000,",,,,,,,,,1787047999.064004,gnb1,ramp,pre,,,
2026-08-18T10:13:20.064310,5191,0x46,PUCCH,,,,,,,,,,,,,,,,,,1a,111.8,"1.000,",,,1,,,,,,1787048000.064310,gnb1,ramp,pre,,,
2026-08-18T10:13:21.415315,5236,0x46,PUCCH,,,,,,,,,,,,,,,,,,1a,111.8,"1.000,",,,1,,,,,,1787048001.415315,gnb1,ramp,pre,,,
2026-08-18T10:13:22.771290,5277,0x46,PUCCH,,,,,,,,,,,,,,,,,,1a,111.7,"1.000,",,,1,,,,,,1787048002.771290,gnb1,ramp,pre,,,
2026-08-18T10:13:23.102916,5286,0x46,PUCCH,,,,,,,,,,,,,,,,,,1a,111.8,"1.000,",,,1,,,,,,1787048003.102916,gnb1,ramp,pre,,,
2026-08-18T10:13:24.144166,5317,0x46,PUCCH,,,,,,,,,,,,,,,,,,1a,111.7,"1.000,",,,1,,,,,,1787048004.144166,gnb1,ramp,pre,,,
2026-08-18T10:13:57.281307,6272,0x46,PUCCH,,,,,,,,,,,,,,,,,,1a,111.8,"1.000,",,,1,,,,,,1787048037.281307,gnb1,ramp,pre,,,
2026-08-18T10:13:58.149057,6297,0x46,PUCCH,,,,,,,,,,,,,,,,,,1a,111.7,"1.000,",,,1,,,,,,1787048038.149057,gnb1,ramp,pre,,,
2026-08-18T10:13:59.621670,6340,0x46,PUCCH,,,,,,,,,,,,,,,,,,1,111.8,"1.000,",,,,,,,,,1787048039.621670,gnb1,ramp,pre,,,
2026-08-18T10:14:00.305824,6360,0x46,PUCCH,,,,,,,,,,,,,,,,,,1,-inf,"0.000,",,,,,,,,,1787048040.305824,gnb1,ramp,pre,,,
2026-08-18T10:14:01.619193,6400,0x46,PUCCH,,,,,,,,,,,,,,,,,,1,-inf,"0.000,",,,,,,,,,1787048041.619193,gnb1,ramp,pre,,,
2026-08-18T10:14:02.266007,6420,0x46,PUCCH,,,,,,,,,,,,,,,,,,1,-inf,"0.000,",,,,,,,,,1787048042.266007,gnb1,ramp,pre,,,
2026-08-18T10:14:03.648345,6460,0x46,PUCCH,,,,,,,,,,,,,,,,,,1,111.8,"1.000,",,,,,,,,,1787048043.648345,gnb1,ramp,pre,,,
2026-08-18T10:14:04.231579,6477,0x46,PUCCH,,,,,,,,,,,,,,,,,,1a,111.7,"1.000,",,,1,,,,,,1787048044.231579,gnb1,ramp,pre,,,
2026-08-18T10:14:05.026215,6500,0x46,PUCCH,,,,,,,,,,,,,,,,,,1,111.8,"1.000,",,,,,,,,,1787048045.026215,gnb1,ramp,pre,,,
2026-08-18T10:14:06.238713,6537,0x46,PUCCH,,,,,,,,,,,,,,,,,,1a,111.8,"1.000,",,,1,,,,,,1787048046.238713,gnb1,ramp,pre,,,
2026-08-18T10:14:07.023428,6561,0x46,PUCCH,,,,,,,,,,,,,,,,,,2,111.8,"1.000,",,,,,,,,,1787048047.023428,gnb1,ramp,pre,,,
2026-08-18T10:14:08.148717,6598,0x46,PUCCH,,,,,,,,,,,,,,,,,,1a,111.8,"1.000,",,,1,,,,,,1787048048.148717,gnb1,ramp,pre,,,
2026-08-18T10:14:09.074070,6625,0x46,PUCCH,,,,,,,,,,,,,,,,,,1a,111.8,"1.000,",,,1,,,,,,1787048049.074070,gnb1,ramp,pre,,,
2026-08-18T10:14:10.054423,6651,0x46,PUCCH,,,,,,,,,,,,,,,,,,1a,111.8,"1.000,",,,1,,,,,,1787048050.054423,gnb1,ramp,pre,,,
2026-08-18T10:14:11.028644,6680,0x46,PUCCH,,,,,,,,,,,,,,,,,,1a,111.8,"1.000,",,,1,,,,,,1787048051.028644,gnb1,ramp,pre,,,
2026-08-18T10:14:12.091538,6710,0x46,PUCCH,,,,,,,,,,,,,,,,,,1a,111.8,"1.000,",,,1,,,,,,1787048052.091538,gnb1,ramp,pre,,,
2026-08-18T10:14:13.067857,6740,0x46,PUCCH,,,,,,,,,,,,,,,,,,1a,111.8,"1.000,",,,1,,,,,,1787048053.067857,gnb1,ramp,pre,,,
2026-08-18T10:14:14.066045,6768,0x46,PUCCH,,,,,,,,,,,,,,,,,,1a,111.8,"1.000,",,,1,,,,,,1787048054.066045,gnb1,ramp,pre,,,
2026-08-18T10:14:15.203644,6798,0x46,PUCCH,,,,,,,,,,,,,,,,,,1a,111.8,"1.000,",,,1,,,,,,1787048055.203644,gnb1,ramp,pre,,,
2026-08-18T10:14:16.027968,6820,0x46,PUCCH,,,,,,,,,,,,,,,,,,1,111.8,"1.000,",,,,,,,,,1787048056.027968,gnb1,ramp,pre,,,
2026-08-18T10:14:17.278196,6857,0x46,PUCCH,,,,,,,,,,,,,,,,,,1a,111.7,"1.000,",,,1,,,,,,1787048057.278196,gnb1,ramp,pre,,,
2026-08-18T10:14:18.051330,6880,0x46,PUCCH,,,,,,,,,,,,,,,,,,1,-inf,"0.000,",,,,,,,,,1787048058.051330,gnb1,ramp,pre,,,
2026-08-18T10:14:19.426324,6917,0x46,PUCCH,,,,,,,,,,,,,,,,,,1a,111.7,"1.000,",,,1,,,,,,1787048059.426324,gnb1,ramp,pre,,,
2026-08-18T10:14:20.143410,6937,0x46,PUCCH,,,,,,,,,,,,,,,,,,1a,111.7,"1.000,",,,1,,,,,,1787048060.143410,gnb1,ramp,pre,,,
2026-08-18T10:14:21.501602,6977,0x46,PUCCH,,,,,,,,,,,,,,,,,,1a,111.7,"1.000,",,,1,,,,,,1787048061.501602,gnb1,ramp,pre,,,
2026-08-18T10:14:22.187373,6997,0x46,PUCCH,,,,,,,,,,,,,,,,,,1a,111.7,"1.000,",,,1,,,,,,1787048062.187373,gnb1,ramp,pre,,,
2026-08-18T10:14:23.100244,7027,0x46,PUCCH,,,,,,,,,,,,,,,,,,1a,111.7,"1.000,",,,1,,,,,,1787048063.100244,gnb1,ramp,pre,,,
2026-08-18T10:14:24.057296,7057,0x46,PUCCH,,,,,,,,,,,,,,,,,,1a,111.7,"1.000,",,,1,,,,,,1787048064.057296,gnb1,ramp,pre,,,
2026-08-18T10:14:25.413815,7097,0x46,PUCCH,,,,,,,,,,,,,,,,,,1a,111.7,"1.000,",,,1,,,,,,1787048065.413815,gnb1,ramp,pre,,,
2026-08-18T10:14:26.202247,7117,0x46,PUCCH,,,,,,,,,,,,,,,,,,1a,111.7,"1.000,",,,1,,,,,,1787048066.202247,gnb1,ramp,pre,,,
2026-08-18T10:14:27.052026,7140,0x46,PUCCH,,,,,,,,,,,,,,,,,,1,111.8,"1.000,",,,,,,,,,1787048067.052026,gnb1,ramp,pre,,,
2026-08-18T10:14:28.414684,7177,0x46,PUCCH,,,,,,,,,,,,,,,,,,1a,111.7,"1.000,",,,1,,,,,,1787048068.414684,gnb1,ramp,pre,,,
2026-08-18T10:14:29.067395,7197,0x46,PUCCH,,,,,,,,,,,,,,,,,,1a,111.7,"1.000,",,,1,,,,,,1787048069.067395,gnb1,ramp,pre,,,
2026-08-18T10:14:30.079851,7227,0x46,PUCCH,,,,,,,,,,,,,,,,,,1a,111.7,"1.000,",,,1,,,,,,1787048070.079851,gnb1,ramp,pre,,,
2026-08-18T10:14:31.170335,7257,0x46,PUCCH,,,,,,,,,,,,,,,,,,1a,111.7,"1.000,",,,1,,,,,,1787048071.170335,gnb1,ramp,pre,,,
2026-08-18T10:14:32.438020,7297,0x46,PUCCH,,,,,,,,,,,,,,,,,,1a,111.8,"1.000,",,,1,,,,,,1787048072.438020,gnb1,ramp,pre,,,
2026-08-18T10:14:33.122965,7317,0x46,PUCCH,,,,,,,,,,,,,,,,,,1a,111.8,"1.000,",,,1,,,,,,1787048073.122965,gnb1,ramp,pre,,,
2026-08-18T10:14:34.465853,7357,0x46,PUCCH,,,,,,,,,,,,,,,,,,1a,111.7,"1.000,",,,1,,,,,,1787048074.465853,gnb1,ramp,pre,,,
2026-08-18T10:14:35.228829,7377,0x46,PUCCH,,,,,,,,,,,,,,,,,,1a,111.7,"1.000,",,,1,,,,,,1787048075.228829,gnb1,ramp,pre,,,
2026-08-18T10:14:36.005865,7399,0x46,PUCCH,,,,,,,,,,,,,,,,,,1a,111.8,"1.000,",,,1,,,,,,1787048076.005865,gnb1,ramp,pre,,,
2026-08-18T10:14:37.013743,7427,0x46,PUCCH,,,,,,,,,,,,,,,,,,1a,111.7,"1.000,",,,1,,,,,,1787048077.013743,gnb1,ramp,pre,,,
2026-08-18T10:14:38.067567,7457,0x46,PUCCH,,,,,,,,,,,,,,,,,,1a,111.7,"1.000,",,,1,,,,,,1787048078.067567,gnb1,ramp,pre,,,
2026-08-18T10:14:39.413703,7497,0x46,PUCCH,,,,,,,,,,,,,,,,,,1a,111.7,"1.000,",,,1,,,,,,1787048079.413703,gnb1,ramp,pre,,,
2026-08-18T10:14:40.115939,7517,0x46,PUCCH,,,,,,,,,,,,,,,,,,1a,111.7,"1.000,",,,1,,,,,,1787048080.115939,gnb1,ramp,pre,,,
2026-08-18T10:14:41.413086,7557,0x46,PUCCH,,,,,,,,,,,,,,,,,,1a,111.7,"1.000,",,,1,,,,,,1787048081.413086,gnb1,ramp,pre,,,
2026-08-18T10:14:42.059833,7577,0x46,PUCCH,,,,,,,,,,,,,,,,,,1a,111.7,"1.000,",,,1,,,,,,1787048082.059833,gnb1,ramp,pre,,,
2026-08-18T10:14:43.363900,7617,0x46,PUCCH,,,,,,,,,,,,,,,,,,1a,111.7,"1.000,",,,1,,,,,,1787048083.363900,gnb1,ramp,pre,,,
2026-08-18T10:14:44.023507,7637,0x46,PUCCH,,,,,,,,,,,,,,,,,,1a,111.7,"1.000,",,,1,,,,,,1787048084.023507,gnb1,ramp,pre,,,
2026-08-18T10:14:45.416785,7677,0x46,PUCCH,,,,,,,,,,,,,,,,,,1a,111.7,"1.000,",,,1,,,,,,1787048085.416785,gnb1,ramp,pre,,,
2026-08-18T10:14:46.060738,7697,0x46,PUCCH,,,,,,,,,,,,,,,,,,1a,111.7,"1.000,",,,1,,,,,,1787048086.060738,gnb1,ramp,pre,,,
2026-08-18T10:14:47.095866,7727,0x46,PUCCH,,,,,,,,,,,,,,,,,,1a,111.7,"1.000,",,,1,,,,,,1787048087.095866,gnb1,ramp,pre,,,
2026-08-18T10:14:48.242800,7757,0x46,PUCCH,,,,,,,,,,,,,,,,,,1a,111.7,"1.000,",,,1,,,,,,1787048088.242800,gnb1,ramp,pre,,,
2026-08-18T10:14:49.521121,7797,0x46,PUCCH,,,,,,,,,,,,,,,,,,1a,111.8,"1.000,",,,1,,,,,,1787048089.521121,gnb1,ramp,pre,,,
2026-08-18T10:14:50.162236,7817,0x46,PUCCH,,,,,,,,,,,,,,,,,,1a,111.8,"1.000,",,,1,,,,,,1787048090.162236,gnb1,ramp,pre,,,
2026-08-18T10:14:51.492291,7857,0x46,PUCCH,,,,,,,,,,,,,,,,,,1a,111.7,"1.000,",,,1,,,,,,1787048091.492291,gnb1,ramp,pre,,,
2026-08-18T10:14:52.185100,7877,0x46,PUCCH,,,,,,,,,,,,,,,,,,1a,111.7,"1.000,",,,1,,,,,,1787048092.185100,gnb1,ramp,pre,,,
2026-08-18T10:14:53.479454,7917,0x46,PUCCH,,,,,,,,,,,,,,,,,,1a,111.8,"1.000,",,,1,,,,,,1787048093.479454,gnb1,ramp,pre,,,
2026-08-18T10:14:54.083404,7937,0x46,PUCCH,,,,,,,,,,,,,,,,,,1a,111.7,"1.000,",,,1,,,,,,1787048094.083404,gnb1,ramp,pre,,,
2026-08-18T10:14:55.397099,7977,0x46,PUCCH,,,,,,,,,,,,,,,,,,1a,111.7,"1.000,",,,1,,,,,,1787048095.397099,gnb1,ramp,pre,,,
2026-08-18T10:14:56.035339,7997,0x46,PUCCH,,,,,,,,,,,,,,,,,,1a,111.7,"1.000,",,,1,,,,,,1787048096.035339,gnb1,ramp,pre,,,
2026-08-18T10:14:57.319478,8037,0x46,PUCCH,,,,,,,,,,,,,,,,,,1a,111.7,"1.000,",,,1,,,,,,1787048097.319478,gnb1,ramp,pre,,,
2026-08-18T10:14:58.050766,8060,0x46,PUCCH,,,,,,,,,,,,,,,,,,1,111.8,"1.000,",,,,,,,,,1787048098.050766,gnb1,ramp,pre,,,
2026-08-18T10:14:59.305554,8097,0x46,PUCCH,,,,,,,,,,,,,,,,,,1a,111.7,"1.000,",,,1,,,,,,1787048099.305554,gnb1,ramp,pre,,,
2026-08-18T10:15:00.031518,8118,0x46,PUCCH,,,,,,,,,,,,,,,,,,1a,111.8,"1.000,",,,1,,,,,,1787048100.031518,gnb1,ramp,pre,,,
2026-08-18T10:15:01.310739,8160,0x46,PUCCH,,,,,,,,,,,,,,,,,,1,-inf,"0.000,",,,,,,,,,1787048101.310739,gnb1,ramp,pre,,,
2026-08-18T10:15:02.470479,8197,0x46,PUCCH,,,,,,,,,,,,,,,,,,1a,111.7,"1.000,",,,1,,,,,,1787048102.470479,gnb1,ramp,pre,,,
2026-08-18T10:15:03.141652,8220,0x46,PUCCH,,,,,,,,,,,,,,,,,,1,-inf,"0.000,",,,,,,,,,1787048103.141652,gnb1,ramp,pre,,,
2026-08-18T10:15:04.447334,8260,0x46,PUCCH,,,,,,,,,,,,,,,,,,1,-inf,"0.000,",,,,,,,,,1787048104.447334,gnb1,ramp,pre,,,
2026-08-18T10:15:05.103075,8280,0x46,PUCCH,,,,,,,,,,,,,,,,,,1,-inf,"0.000,",,,,,,,,,1787048105.103075,gnb1,ramp,pre,,,
2026-08-18T10:15:06.324339,8317,0x46,PUCCH,,,,,,,,,,,,,,,,,,1a,111.7,"1.000,",,,1,,,,,,1787048106.324339,gnb1,ramp,pre,,,
2026-08-18T10:15:07.079512,8340,0x46,PUCCH,,,,,,,,,,,,,,,,,,1,111.8,"1.000,",,,,,,,,,1787048107.079512,gnb1,ramp,pre,,,
2026-08-18T10:15:08.247970,8377,0x46,PUCCH,,,,,,,,,,,,,,,,,,1a,111.7,"1.000,",,,1,,,,,,1787048108.247970,gnb1,ramp,pre,,,
2026-08-18T10:15:09.051013,8400,0x46,PUCCH,,,,,,,,,,,,,,,,,,1,111.8,"1.000,",,,,,,,,,1787048109.051013,gnb1,ramp,pre,,,
2026-08-18T10:15:10.277195,8437,0x46,PUCCH,,,,,,,,,,,,,,,,,,1a,111.7,"1.000,",,,1,,,,,,1787048110.277195,gnb1,ramp,pre,,,
2026-08-18T10:15:11.318313,8471,0x46,PUCCH,,,,,,,,,,,,,,,,,,1a,111.8,"1.000,",,,1,,,,,,1787048111.318313,gnb1,ramp,pre,,,
2026-08-18T10:15:12.760500,8516,0x46,PUCCH,,,,,,,,,,,,,,,,,,1a,111.8,"1.000,",,,1,,,,,,1787048112.760500,gnb1,ramp,pre,,,
2026-08-18T10:15:52.449688,9648,0x46,PUCCH,,,,,,,,,,,,,,,,,,1a,111.8,"1.000,",,,1,,,,,,1787048152.449688,gnb1,ramp,pre,,,
2026-08-18T10:15:53.559314,9677,0x46,PUCCH,,,,,,,,,,,,,,,,,,1a,111.7,"1.000,",,,1,,,,,,1787048153.559314,gnb1,ramp,pre,,,
2026-08-18T10:15:54.264483,9697,0x46,PUCCH,,,,,,,,,,,,,,,,,,1a,111.7,"1.000,",,,1,,,,,,1787048154.264483,gnb1,ramp,pre,,,
2026-08-18T10:15:55.023726,9720,0x46,PUCCH,,,,,,,,,,,,,,,,,,1,111.8,"1.000,",,,,,,,,,1787048155.023726,gnb1,ramp,pre,,,
2026-08-18T10:15:56.093694,9750,0x46,PUCCH,,,,,,,,,,,,,,,,,,1a,111.8,"1.000,",,,1,,,,,,1787048156.093694,gnb1,ramp,pre,,,
2026-08-18T10:15:57.117397,9780,0x46,PUCCH,,,,,,,,,,,,,,,,,,1,-inf,"0.000,",,,,,,,,,1787048157.117397,gnb1,ramp,pre,,,
2026-08-18T10:15:58.531240,9820,0x46,PUCCH,,,,,,,,,,,,,,,,,,1,-inf,"0.000,",,,,,,,,,1787048158.531240,gnb1,ramp,pre,,,
2026-08-18T10:15:59.276279,9840,0x46,PUCCH,,,,,,,,,,,,,,,,,,1,111.8,"1.000,",,,,,,,,,1787048159.276279,gnb1,ramp,pre,,,
2026-08-18T10:16:00.585347,9877,0x46,PUCCH,,,,,,,,,,,,,,,,,,1a,111.8,"1.000,",,,1,,,,,,1787048160.585347,gnb1,ramp,pre,,,
2026-08-18T10:16:01.339002,9898,0x46,PUCCH,,,,,,,,,,,,,,,,,,1a,111.8,"1.000,",,,1,,,,,,1787048161.339002,gnb1,ramp,pre,,,
2026-08-18T10:16:02.070997,9920,0x46,PUCCH,,,,,,,,,,,,,,,,,,1,111.8,"1.000,",,,,,,,,,1787048162.070997,gnb1,ramp,pre,,,
2026-08-18T10:16:03.274380,9957,0x46,PUCCH,,,,,,,,,,,,,,,,,,1a,111.7,"1.000,",,,1,,,,,,1787048163.274380,gnb1,ramp,pre,,,
2026-08-18T10:16:04.020118,9978,0x46,PUCCH,,,,,,,,,,,,,,,,,,1a,111.8,"1.000,",,,1,,,,,,1787048164.020118,gnb1,ramp,pre,,,
2026-08-18T10:16:05.119279,10011,0x46,PUCCH,,,,,,,,,,,,,,,,,,1a,111.8,"1.000,",,,1,,,,,,1787048165.119279,gnb1,ramp,pre,,,
2026-08-18T10:16:06.188492,10040,0x46,PUCCH,,,,,,,,,,,,,,,,,,1a,111.8,"1.000,",,,1,,,,,,1787048166.188492,gnb1,ramp,pre,,,
2026-08-18T10:16:07.089856,10063,0x46,PUCCH,,,,,,,,,,,,,,,,,,1a,111.8,"1.000,",,,1,,,,,,1787048167.089856,gnb1,ramp,pre,,,
2026-08-18T10:16:08.065139,10090,0x46,PUCCH,,,,,,,,,,,,,,,,,,1a,111.8,"1.000,",,,1,,,,,,1787048168.065139,gnb1,ramp,pre,,,
2026-08-18T10:16:09.299964,10127,0x46,PUCCH,,,,,,,,,,,,,,,,,,1a,111.7,"1.000,",,,1,,,,,,1787048169.299964,gnb1,ramp,pre,,,
2026-08-18T10:16:10.449160,10159,0x46,PUCCH,,,,,,,,,,,,,,,,,,1a,111.8,"1.000,",,,1,,,,,,1787048170.449160,gnb1,ramp,pre,,,
2026-08-18T10:16:11.125036,10176,0x46,PUCCH,,,,,,,,,,,,,,,,,,1a,111.8,"1.000,",,,1,,,,,,1787048171.125036,gnb1,ramp,pre,,,
2026-08-18T10:16:12.026926,10200,0x46,PUCCH,,,,,,,,,,,,,,,,,,1a,111.8,"1.000,",,,1,,,,,,1787048172.026926,gnb1,ramp,pre,,,
2026-08-18T10:16:13.013218,10225,0x46,PUCCH,,,,,,,,,,,,,,,,,,1a,111.8,"1.000,",,,1,,,,,,1787048173.013218,gnb1,ramp,pre,,,
2026-08-18T10:16:14.206268,18,0x46,PUCCH,,,,,,,,,,,,,,,,,,1a,111.8,"1.000,",,,1,,,,,,1787048174.206268,gnb1,ramp,pre,,,
2026-08-18T10:16:15.090458,45,0x46,PUCCH,,,,,,,,,,,,,,,,,,1a,111.8,"1.000,",,,1,,,,,,1787048175.090458,gnb1,ramp,pre,,,
2026-08-18T10:16:16.022118,70,0x46,PUCCH,,,,,,,,,,,,,,,,,,1a,111.8,"1.000,",,,1,,,,,,1787048176.022118,gnb1,ramp,pre,,,
2026-08-18T10:16:17.022398,99,0x46,PUCCH,,,,,,,,,,,,,,,,,,1a,111.8,"1.000,",,,1,,,,,,1787048177.022398,gnb1,ramp,pre,,,
2026-08-18T10:16:18.374757,137,0x46,PUCCH,,,,,,,,,,,,,,,,,,1a,111.7,"1.000,",,,1,,,,,,1787048178.374757,gnb1,ramp,pre,,,
2026-08-18T10:16:19.082251,157,0x46,PUCCH,,,,,,,,,,,,,,,,,,1a,111.7,"1.000,",,,1,,,,,,1787048179.082251,gnb1,ramp,pre,,,
2026-08-18T10:16:20.368405,197,0x46,PUCCH,,,,,,,,,,,,,,,,,,1a,111.7,"1.000,",,,1,,,,,,1787048180.368405,gnb1,ramp,pre,,,
2026-08-18T10:16:21.042219,217,0x46,PUCCH,,,,,,,,,,,,,,,,,,1a,111.7,"1.000,",,,1,,,,,,1787048181.042219,gnb1,ramp,pre,,,
2026-08-18T10:16:22.151922,252,0x46,PUCCH,,,,,,,,,,,,,,,,,,1a,111.8,"1.000,",,,1,,,,,,1787048182.151922,gnb1,ramp,pre,,,
2026-08-18T10:16:23.046859,280,0x46,PUCCH,,,,,,,,,,,,,,,,,,1,111.8,"1.000,",,,,,,,,,1787048183.046859,gnb1,ramp,pre,,,
2026-08-18T10:16:24.233332,317,0x46,PUCCH,,,,,,,,,,,,,,,,,,1a,111.7,"1.000,",,,1,,,,,,1787048184.233332,gnb1,ramp,pre,,,
2026-08-18T10:16:25.533155,357,0x46,PUCCH,,,,,,,,,,,,,,,,,,1a,111.7,"1.000,",,,1,,,,,,1787048185.533155,gnb1,ramp,pre,,,
2026-08-18T10:16:26.208970,377,0x46,PUCCH,,,,,,,,,,,,,,,,,,1a,111.7,"1.000,",,,1,,,,,,1787048186.208970,gnb1,ramp,pre,,,
2026-08-18T10:16:27.033143,398,0x46,PUCCH,,,,,,,,,,,,,,,,,,1a,111.8,"1.000,",,,1,,,,,,1787048187.033143,gnb1,ramp,pre,,,
2026-08-18T10:16:28.310671,437,0x46,PUCCH,,,,,,,,,,,,,,,,,,1a,111.7,"1.000,",,,1,,,,,,1787048188.310671,gnb1,ramp,pre,,,
2026-08-18T10:16:29.009352,457,0x46,PUCCH,,,,,,,,,,,,,,,,,,1a,111.7,"1.000,",,,1,,,,,,1787048189.009352,gnb1,ramp,pre,,,
2026-08-18T10:16:30.343192,497,0x46,PUCCH,,,,,,,,,,,,,,,,,,1a,111.7,"1.000,",,,1,,,,,,1787048190.343192,gnb1,ramp,pre,,,
2026-08-18T10:16:31.009324,518,0x46,PUCCH,,,,,,,,,,,,,,,,,,1a,111.8,"1.000,",,,1,,,,,,1787048191.009324,gnb1,ramp,pre,,,
2026-08-18T10:16:32.383392,557,0x46,PUCCH,,,,,,,,,,,,,,,,,,1a,111.7,"1.000,",,,1,,,,,,1787048192.383392,gnb1,ramp,pre,,,
2026-08-18T10:16:33.076398,577,0x46,PUCCH,,,,,,,,,,,,,,,,,,1a,111.7,"1.000,",,,1,,,,,,1787048193.076398,gnb1,ramp,pre,,,
2026-08-18T10:16:34.258851,617,0x46,PUCCH,,,,,,,,,,,,,,,,,,1a,111.7,"1.000,",,,1,,,,,,1787048194.258851,gnb1,ramp,pre,,,
2026-08-18T10:16:35.026794,639,0x46,PUCCH,,,,,,,,,,,,,,,,,,1a,111.8,"1.000,",,,1,,,,,,1787048195.026794,gnb1,ramp,pre,,,
2026-08-18T10:16:36.059461,670,0x46,PUCCH,,,,,,,,,,,,,,,,,,1a,111.8,"1.000,",,,1,,,,,,1787048196.059461,gnb1,ramp,pre,,,
2026-08-18T10:16:37.007009,699,0x46,PUCCH,,,,,,,,,,,,,,,,,,1a,111.8,"1.000,",,,1,,,,,,1787048197.007009,gnb1,ramp,pre,,,
2026-08-18T10:16:38.324650,737,0x46,PUCCH,,,,,,,,,,,,,,,,,,1a,111.7,"1.000,",,,1,,,,,,1787048198.324650,gnb1,ramp,pre,,,
2026-08-18T10:16:39.058240,757,0x46,PUCCH,,,,,,,,,,,,,,,,,,1a,111.7,"1.000,",,,1,,,,,,1787048199.058240,gnb1,ramp,pre,,,
2026-08-18T10:16:40.419347,797,0x46,PUCCH,,,,,,,,,,,,,,,,,,1a,111.7,"1.000,",,,1,,,,,,1787048200.419347,gnb1,ramp,pre,,,
2026-08-18T10:16:41.085037,817,0x46,PUCCH,,,,,,,,,,,,,,,,,,1a,111.7,"1.000,",,,1,,,,,,1787048201.085037,gnb1,ramp,pre,,,
2026-08-18T10:16:42.422453,857,0x46,PUCCH,,,,,,,,,,,,,,,,,,1a,111.8,"1.000,",,,1,,,,,,1787048202.422453,gnb1,ramp,pre,,,
2026-08-18T10:16:43.112870,877,0x46,PUCCH,,,,,,,,,,,,,,,,,,1a,111.7,"1.000,",,,1,,,,,,1787048203.112870,gnb1,ramp,pre,,,
2026-08-18T10:16:44.417488,917,0x46,PUCCH,,,,,,,,,,,,,,,,,,1a,111.7,"1.000,",,,1,,,,,,1787048204.417488,gnb1,ramp,pre,,,
2026-08-18T10:16:45.052416,937,0x46,PUCCH,,,,,,,,,,,,,,,,,,1a,111.7,"1.000,",,,1,,,,,,1787048205.052416,gnb1,ramp,pre,,,
2026-08-18T10:16:46.002083,964,0x46,PUCCH,,,,,,,,,,,,,,,,,,1a,111.7,"1.000,",,,1,,,,,,1787048206.002083,gnb1,ramp,pre,,,
2026-08-18T10:16:47.128985,997,0x46,PUCCH,,,,,,,,,,,,,,,,,,1a,111.7,"1.000,",,,1,,,,,,1787048207.128985,gnb1,ramp,pre,,,
2026-08-18T10:16:48.555128,1037,0x46,PUCCH,,,,,,,,,,,,,,,,,,1a,111.7,"1.000,",,,1,,,,,,1787048208.555128,gnb1,ramp,pre,,,
2026-08-18T10:16:49.171740,1057,0x46,PUCCH,,,,,,,,,,,,,,,,,,1a,111.7,"1.000,",,,1,,,,,,1787048209.171740,gnb1,ramp,pre,,,
2026-08-18T10:16:50.008162,1081,0x46,PUCCH,,,,,,,,,,,,,,,,,,2,111.8,"1.000,",,,,,,,,,1787048210.008162,gnb1,ramp,pre,,,
2026-08-18T10:16:51.171386,1117,0x46,PUCCH,,,,,,,,,,,,,,,,,,1a,111.7,"1.000,",,,1,,,,,,1787048211.171386,gnb1,ramp,pre,,,
2026-08-18T10:16:52.552632,1157,0x46,PUCCH,,,,,,,,,,,,,,,,,,1a,111.7,"1.000,",,,1,,,,,,1787048212.552632,gnb1,ramp,pre,,,
2026-08-18T10:16:53.211623,1177,0x46,PUCCH,,,,,,,,,,,,,,,,,,1a,111.7,"1.000,",,,1,,,,,,1787048213.211623,gnb1,ramp,pre,,,
2026-08-18T10:16:54.027532,1200,0x46,PUCCH,,,,,,,,,,,,,,,,,,1a,111.8,"1.000,",,,1,,,,,,1787048214.027532,gnb1,ramp,pre,,,
2026-08-18T10:16:55.527123,1240,0x46,PUCCH,,,,,,,,,,,,,,,,,,1,-inf,"0.000,",,,,,,,,,1787048215.527123,gnb1,ramp,pre,,,
2026-08-18T10:16:56.235573,1260,0x46,PUCCH,,,,,,,,,,,,,,,,,,1,111.8,"1.000,",,,,,,,,,1787048216.235573,gnb1,ramp,pre,,,
2026-08-18T10:16:57.549737,1300,0x46,PUCCH,,,,,,,,,,,,,,,,,,1,111.8,"1.000,",,,,,,,,,1787048217.549737,gnb1,ramp,pre,,,
2026-08-18T10:16:58.132523,1317,0x46,PUCCH,,,,,,,,,,,,,,,,,,1a,111.7,"1.000,",,,1,,,,,,1787048218.132523,gnb1,ramp,pre,,,
2026-08-18T10:16:59.623585,1360,0x46,PUCCH,,,,,,,,,,,,,,,,,,1,-inf,"0.000,",,,,,,,,,1787048219.623585,gnb1,ramp,pre,,,
2026-08-18T10:17:00.273957,1380,0x46,PUCCH,,,,,,,,,,,,,,,,,,1,-inf,"0.000,",,,,,,,,,1787048220.273957,gnb1,ramp,pre,,,
2026-08-18T10:17:01.009116,1401,0x46,PUCCH,,,,,,,,,,,,,,,,,,2,111.8,"1.000,",,,,,,,,,1787048221.009116,gnb1,ramp,pre,,,
2026-08-18T10:17:02.329298,1440,0x46,PUCCH,,,,,,,,,,,,,,,,,,1,111.8,"1.000,",,,,,,,,,1787048222.329298,gnb1,ramp,pre,,,
2026-08-18T10:17:03.042211,1460,0x46,PUCCH,,,,,,,,,,,,,,,,,,1,111.8,"1.000,",,,,,,,,,1787048223.042211,gnb1,ramp,pre,,,
2026-08-18T10:17:04.208623,1497,0x46,PUCCH,,,,,,,,,,,,,,,,,,1a,111.7,"1.000,",,,1,,,,,,1787048224.208623,gnb1,ramp,pre,,,
2026-08-18T10:17:05.010508,1521,0x46,PUCCH,,,,,,,,,,,,,,,,,,2,111.8,"1.000,",,,,,,,,,1787048225.010508,gnb1,ramp,pre,,,
2026-08-18T10:17:06.273510,1557,0x46,PUCCH,,,,,,,,,,,,,,,,,,1a,111.7,"1.000,",,,1,,,,,,1787048226.273510,gnb1,ramp,pre,,,
2026-08-18T10:17:07.022433,1580,0x46,PUCCH,,,,,,,,,,,,,,,,,,1,111.8,"1.000,",,,,,,,,,1787048227.022433,gnb1,ramp,pre,,,
2026-08-18T10:17:08.027762,1611,0x46,PUCCH,,,,,,,,,,,,,,,,,,1a,111.8,"1.000,",,,1,,,,,,1787048228.027762,gnb1,ramp,pre,,,
2026-08-18T10:17:09.496569,1657,0x46,PUCCH,,,,,,,,,,,,,,,,,,1a,111.7,"1.000,",,,1,,,,,,1787048229.496569,gnb1,ramp,pre,,,
2026-08-18T10:17:10.790037,1696,0x46,PUCCH,,,,,,,,,,,,,,,,,,1a,111.8,"1.000,",,,1,,,,,,1787048230.790037,gnb1,ramp,pre,,,
2026-08-18T10:17:11.552284,1719,0x46,PUCCH,,,,,,,,,,,,,,,,,,1a,111.8,"1.000,",,,1,,,,,,1787048231.552284,gnb1,ramp,pre,,,
2026-08-18T10:17:45.089199,2693,0x46,PUCCH,,,,,,,,,,,,,,,,,,1a,111.8,"1.000,",,,1,,,,,,1787048265.089199,gnb1,ramp,pre,,,
2026-08-18T10:17:46.071802,2720,0x46,PUCCH,,,,,,,,,,,,,,,,,,1,111.8,"1.000,",,,,,,,,,1787048266.071802,gnb1,ramp,pre,,,
2026-08-18T10:17:47.457608,2760,0x46,PUCCH,,,,,,,,,,,,,,,,,,1,111.8,"1.000,",,,,,,,,,1787048267.457608,gnb1,ramp,pre,,,
2026-08-18T10:17:48.106694,2780,0x46,PUCCH,,,,,,,,,,,,,,,,,,1,-inf,"0.000,",,,,,,,,,1787048268.106694,gnb1,ramp,pre,,,
2026-08-18T10:17:49.492872,2820,0x46,PUCCH,,,,,,,,,,,,,,,,,,1,-inf,"0.000,",,,,,,,,,1787048269.492872,gnb1,ramp,pre,,,
2026-08-18T10:17:50.239971,2840,0x46,PUCCH,,,,,,,,,,,,,,,,,,1,-inf,"0.000,",,,,,,,,,1787048270.239971,gnb1,ramp,pre,,,
2026-08-18T10:17:51.664330,2880,0x46,PUCCH,,,,,,,,,,,,,,,,,,1,111.8,"1.000,",,,,,,,,,1787048271.664330,gnb1,ramp,pre,,,
2026-08-18T10:17:52.236134,2897,0x46,PUCCH,,,,,,,,,,,,,,,,,,1a,111.7,"1.000,",,,1,,,,,,1787048272.236134,gnb1,ramp,pre,,,
2026-08-18T10:17:53.042499,2920,0x46,PUCCH,,,,,,,,,,,,,,,,,,1,111.8,"1.000,",,,,,,,,,1787048273.042499,gnb1,ramp,pre,,,
2026-08-18T10:17:54.303129,2957,0x46,PUCCH,,,,,,,,,,,,,,,,,,1a,111.7,"1.000,",,,1,,,,,,1787048274.303129,gnb1,ramp,pre,,,
2026-08-18T10:17:55.106344,2980,0x46,PUCCH,,,,,,,,,,,,,,,,,,1,111.8,"1.000,",,,,,,,,,1787048275.106344,gnb1,ramp,pre,,,
2026-08-18T10:17:56.472433,3018,0x46,PUCCH,,,,,,,,,,,,,,,,,,1a,111.8,"1.000,",,,1,,,,,,1787048276.472433,gnb1,ramp,pre,,,
2026-08-18T10:17:57.103865,3038,0x46,PUCCH,,,,,,,,,,,,,,,,,,1a,111.8,"1.000,",,,1,,,,,,1787048277.103865,gnb1,ramp,pre,,,
2026-08-18T10:17:58.002476,3060,0x46,PUCCH,,,,,,,,,,,,,,,,,,1,111.8,"1.000,",,,,,,,,,1787048278.002476,gnb1,ramp,pre,,,
2026-08-18T10:17:59.101514,3089,0x46,PUCCH,,,,,,,,,,,,,,,,,,1a,111.8,"1.000,",,,1,,,,,,1787048279.101514,gnb1,ramp,pre,,,
2026-08-18T10:18:00.151708,3118,0x46,PUCCH,,,,,,,,,,,,,,,,,,1a,111.8,"1.000,",,,1,,,,,,1787048280.151708,gnb1,ramp,pre,,,
2026-08-18T10:18:01.006740,3140,0x46,PUCCH,,,,,,,,,,,,,,,,,,1,111.8,"1.000,",,,,,,,,,1787048281.006740,gnb1,ramp,pre,,,
2026-08-18T10:18:02.007350,3167,0x46,PUCCH,,,,,,,,,,,,,,,,,,1a,111.8,"1.000,",,,1,,,,,,1787048282.007350,gnb1,ramp,pre,,,
2026-08-18T10:18:03.132966,3200,0x46,PUCCH,,,,,,,,,,,,,,,,,,1,111.8,"1.000,",,,,,,,,,1787048283.132966,gnb1,ramp,pre,,,
2026-08-18T10:18:04.100856,3229,0x46,PUCCH,,,,,,,,,,,,,,,,,,1a,111.8,"1.000,",,,1,,,,,,1787048284.100856,gnb1,ramp,pre,,,
2026-08-18T10:18:05.113176,3257,0x46,PUCCH,,,,,,,,,,,,,,,,,,1a,111.8,"1.000,",,,1,,,,,,1787048285.113176,gnb1,ramp,pre,,,
2026-08-18T10:18:06.494719,3297,0x46,PUCCH,,,,,,,,,,,,,,,,,,1a,111.7,"1.000,",,,1,,,,,,1787048286.494719,gnb1,ramp,pre,,,
2026-08-18T10:18:07.246936,3317,0x46,PUCCH,,,,,,,,,,,,,,,,,,1a,111.8,"1.000,",,,1,,,,,,1787048287.246936,gnb1,ramp,pre,,,
2026-08-18T10:18:08.097969,3338,0x46,PUCCH,,,,,,,,,,,,,,,,,,1a,111.8,"1.000,",,,1,,,,,,1787048288.097969,gnb1,ramp,pre,,,
2026-08-18T10:18:09.137676,3371,0x46,PUCCH,,,,,,,,,,,,,,,,,,1a,111.8,"1.000,",,,1,,,,,,1787048289.137676,gnb1,ramp,pre,,,
2026-08-18T10:18:10.108447,3397,0x46,PUCCH,,,,,,,,,,,,,,,,,,1a,111.7,"1.000,",,,1,,,,,,1787048290.108447,gnb1,ramp,pre,,,
2026-08-18T10:18:11.529905,3438,0x46,PUCCH,,,,,,,,,,,,,,,,,,1a,111.8,"1.000,",,,1,,,,,,1787048291.529905,gnb1,ramp,pre,,,
2026-08-18T10:18:12.185308,3457,0x46,PUCCH,,,,,,,,,,,,,,,,,,1a,111.7,"1.000,",,,1,,,,,,1787048292.185308,gnb1,ramp,pre,,,
2026-08-18T10:18:13.550987,3497,0x46,PUCCH,,,,,,,,,,,,,,,,,,1a,111.8,"1.000,",,,1,,,,,,1787048293.550987,gnb1,ramp,pre,,,
2026-08-18T10:18:14.268377,3517,0x46,PUCCH,,,,,,,,,,,,,,,,,,1a,111.8,"1.000,",,,1,,,,,,1787048294.268377,gnb1,ramp,pre,,,
2026-08-18T10:18:15.169211,3547,0x46,PUCCH,,,,,,,,,,,,,,,,,,1a,111.7,"1.000,",,,1,,,,,,1787048295.169211,gnb1,ramp,pre,,,
2026-08-18T10:18:16.134357,3577,0x46,PUCCH,,,,,,,,,,,,,,,,,,1a,111.8,"1.000,",,,1,,,,,,1787048296.134357,gnb1,ramp,pre,,,
2026-08-18T10:18:17.461883,3617,0x46,PUCCH,,,,,,,,,,,,,,,,,,1a,111.7,"1.000,",,,1,,,,,,1787048297.461883,gnb1,ramp,pre,,,
2026-08-18T10:18:18.177569,3637,0x46,PUCCH,,,,,,,,,,,,,,,,,,1a,111.7,"1.000,",,,1,,,,,,1787048298.177569,gnb1,ramp,pre,,,
2026-08-18T10:18:19.482859,3677,0x46,PUCCH,,,,,,,,,,,,,,,,,,1a,111.7,"1.000,",,,1,,,,,,1787048299.482859,gnb1,ramp,pre,,,
2026-08-18T10:18:20.213530,3697,0x46,PUCCH,,,,,,,,,,,,,,,,,,1a,111.7,"1.000,",,,1,,,,,,1787048300.213530,gnb1,ramp,pre,,,
2026-08-18T10:18:21.003057,3718,0x46,PUCCH,,,,,,,,,,,,,,,,,,1a,111.8,"1.000,",,,1,,,,,,1787048301.003057,gnb1,ramp,pre,,,
2026-08-18T10:18:22.045437,3747,0x46,PUCCH,,,,,,,,,,,,,,,,,,1a,111.7,"1.000,",,,1,,,,,,1787048302.045437,gnb1,ramp,pre,,,
2026-08-18T10:18:23.122435,3777,0x46,PUCCH,,,,,,,,,,,,,,,,,,1a,111.7,"1.000,",,,1,,,,,,1787048303.122435,gnb1,ramp,pre,,,
2026-08-18T10:18:24.354927,3817,0x46,PUCCH,,,,,,,,,,,,,,,,,,1a,111.7,"1.000,",,,1,,,,,,1787048304.354927,gnb1,ramp,pre,,,
2026-08-18T10:18:25.086400,3837,0x46,PUCCH,,,,,,,,,,,,,,,,,,1a,111.7,"1.000,",,,1,,,,,,1787048305.086400,gnb1,ramp,pre,,,
2026-08-18T10:18:26.382377,3877,0x46,PUCCH,,,,,,,,,,,,,,,,,,1a,111.7,"1.000,",,,1,,,,,,1787048306.382377,gnb1,ramp,pre,,,
2026-08-18T10:18:27.039325,3897,0x46,PUCCH,,,,,,,,,,,,,,,,,,1a,111.7,"1.000,",,,1,,,,,,1787048307.039325,gnb1,ramp,pre,,,
2026-08-18T10:18:28.284816,3937,0x46,PUCCH,,,,,,,,,,,,,,,,,,1a,111.7,"1.000,",,,1,,,,,,1787048308.284816,gnb1,ramp,pre,,,
2026-08-18T10:18:29.018981,3957,0x46,PUCCH,,,,,,,,,,,,,,,,,,1a,111.8,"1.000,",,,1,,,,,,1787048309.018981,gnb1,ramp,pre,,,
2026-08-18T10:18:30.467660,3997,0x46,PUCCH,,,,,,,,,,,,,,,,,,1a,111.7,"1.000,",,,1,,,,,,1787048310.467660,gnb1,ramp,pre,,,
2026-08-18T10:18:31.035386,4017,0x46,PUCCH,,,,,,,,,,,,,,,,,,1a,111.8,"1.000,",,,1,,,,,,1787048311.035386,gnb1,ramp,pre,,,
2026-08-18T10:18:32.116226,4047,0x46,PUCCH,,,,,,,,,,,,,,,,,,1a,111.7,"1.000,",,,1,,,,,,1787048312.116226,gnb1,ramp,pre,,,
2026-08-18T10:18:33.028207,4077,0x46,PUCCH,,,,,,,,,,,,,,,,,,1a,111.7,"1.000,",,,1,,,,,,1787048313.028207,gnb1,ramp,pre,,,
2026-08-18T10:18:34.452831,4117,0x46,PUCCH,,,,,,,,,,,,,,,,,,1a,111.7,"1.000,",,,1,,,,,,1787048314.452831,gnb1,ramp,pre,,,
2026-08-18T10:18:35.122720,4137,0x46,PUCCH,,,,,,,,,,,,,,,,,,1a,111.7,"1.000,",,,1,,,,,,1787048315.122720,gnb1,ramp,pre,,,
2026-08-18T10:18:36.525406,4177,0x46,PUCCH,,,,,,,,,,,,,,,,,,1a,111.7,"1.000,",,,1,,,,,,1787048316.525406,gnb1,ramp,pre,,,
2026-08-18T10:18:37.194495,4197,0x46,PUCCH,,,,,,,,,,,,,,,,,,1a,111.7,"1.000,",,,1,,,,,,1787048317.194495,gnb1,ramp,pre,,,
2026-08-18T10:18:38.004274,4219,0x46,PUCCH,,,,,,,,,,,,,,,,,,1a,111.8,"1.000,",,,1,,,,,,1787048318.004274,gnb1,ramp,pre,,,
2026-08-18T10:18:39.016271,4247,0x46,PUCCH,,,,,,,,,,,,,,,,,,1a,111.7,"1.000,",,,1,,,,,,1787048319.016271,gnb1,ramp,pre,,,
2026-08-18T10:18:40.014935,4277,0x46,PUCCH,,,,,,,,,,,,,,,,,,1a,111.7,"1.000,",,,1,,,,,,1787048320.014935,gnb1,ramp,pre,,,
2026-08-18T10:18:41.416431,4320,0x46,PUCCH,,,,,,,,,,,,,,,,,,1,-inf,"0.000,",,,,,,,,,1787048321.416431,gnb1,ramp,pre,,,
2026-08-18T10:18:42.100550,4340,0x46,PUCCH,,,,,,,,,,,,,,,,,,1,111.8,"1.000,",,,,,,,,,1787048322.100550,gnb1,ramp,pre,,,
2026-08-18T10:18:43.264374,4377,0x46,PUCCH,,,,,,,,,,,,,,,,,,1a,111.7,"1.000,",,,1,,,,,,1787048323.264374,gnb1,ramp,pre,,,
2026-08-18T10:18:44.028111,4400,0x46,PUCCH,,,,,,,,,,,,,,,,,,1,111.8,"1.000,",,,,,,,,,1787048324.028111,gnb1,ramp,pre,,,
2026-08-18T10:18:45.489996,4440,0x46,PUCCH,,,,,,,,,,,,,,,,,,1,-inf,"0.000,",,,,,,,,,1787048325.489996,gnb1,ramp,pre,,,
2026-08-18T10:18:46.054912,4457,0x46,PUCCH,,,,,,,,,,,,,,,,,,1a,111.8,"1.000,",,,1,,,,,,1787048326.054912,gnb1,ramp,pre,,,
2026-08-18T10:18:47.374844,4497,0x46,PUCCH,,,,,,,,,,,,,,,,,,1a,111.7,"1.000,",,,1,,,,,,1787048327.374844,gnb1,ramp,pre,,,
2026-08-18T10:18:48.076525,4520,0x46,PUCCH,,,,,,,,,,,,,,,,,,1,-inf,"0.000,",,,,,,,,,1787048328.076525,gnb1,ramp,pre,,,
2026-08-18T10:18:49.333446,4560,0x46,PUCCH,,,,,,,,,,,,,,,,,,1,111.8,"1.000,",,,,,,,,,1787048329.333446,gnb1,ramp,pre,,,
2026-08-18T10:18:50.573014,4597,0x46,PUCCH,,,,,,,,,,,,,,,,,,1a,111.7,"1.000,",,,1,,,,,,1787048330.573014,gnb1,ramp,pre,,,
2026-08-18T10:18:51.237140,4617,0x46,PUCCH,,,,,,,,,,,,,,,,,,1a,111.7,"1.000,",,,1,,,,,,1787048331.237140,gnb1,ramp,pre,,,
2026-08-18T10:18:52.042444,4640,0x46,PUCCH,,,,,,,,,,,,,,,,,,1,111.8,"1.000,",,,,,,,,,1787048332.042444,gnb1,ramp,pre,,,
2026-08-18T10:18:53.247452,4677,0x46,PUCCH,,,,,,,,,,,,,,,,,,1a,111.7,"1.000,",,,1,,,,,,1787048333.247452,gnb1,ramp,pre,,,
2026-08-18T10:18:54.919640,4731,0x46,PUCCH,,,,,,,,,,,,,,,,,,1a,111.8,"1.000,",,,1,,,,,,1787048334.919640,gnb1,ramp,pre,,,
2026-08-18T10:18:55.129908,4736,0x46,PUCCH,,,,,,,,,,,,,,,,,,1a,111.8,"1.000,",,,1,,,,,,1787048335.129908,gnb1,ramp,pre,,,
2026-08-18T10:18:56.497659,4776,0x46,PUCCH,,,,,,,,,,,,,,,,,,1a,111.8,"1.000,",,,1,,,,,,1787048336.497659,gnb1,ramp,pre,,,
2026-08-18T10:18:57.118930,4794,0x46,PUCCH,,,,,,,,,,,,,,,,,,1a,111.7,"1.000,",,,1,,,,,,1787048337.118930,gnb1,ramp,pre,,,
2026-08-18T10:18:58.815088,4846,0x46,PUCCH,,,,,,,,,,,,,,,,,,1a,111.8,"1.000,",,,1,,,,,,1787048338.815088,gnb1,ramp,pre,,,
2026-08-18T10:19:35.544887,5877,0x46,PUCCH,,,,,,,,,,,,,,,,,,1a,111.7,"1.000,",,,1,,,,,,1787048375.544887,gnb1,ramp,pre,,,
2026-08-18T10:19:36.181847,5897,0x46,PUCCH,,,,,,,,,,,,,,,,,,1a,111.7,"1.000,",,,1,,,,,,1787048376.181847,gnb1,ramp,pre,,,
2026-08-18T10:19:37.499029,5940,0x46,PUCCH,,,,,,,,,,,,,,,,,,1,-inf,"0.000,",,,,,,,,,1787048377.499029,gnb1,ramp,pre,,,
2026-08-18T10:19:38.112971,5960,0x46,PUCCH,,,,,,,,,,,,,,,,,,1,-inf,"0.000,",,,,,,,,,1787048378.112971,gnb1,ramp,pre,,,
2026-08-18T10:19:39.446711,6000,0x46,PUCCH,,,,,,,,,,,,,,,,,,1,-inf,"0.000,",,,,,,,,,1787048379.446711,gnb1,ramp,pre,,,
2026-08-18T10:19:40.062206,6020,0x46,PUCCH,,,,,,,,,,,,,,,,,,1,-inf,"0.000,",,,,,,,,,1787048380.062206,gnb1,ramp,pre,,,
2026-08-18T10:19:41.409225,6060,0x46,PUCCH,,,,,,,,,,,,,,,,,,1,-inf,"0.000,",,,,,,,,,1787048381.409225,gnb1,ramp,pre,,,
2026-08-18T10:19:42.087878,6080,0x46,PUCCH,,,,,,,,,,,,,,,,,,1,-inf,"0.000,",,,,,,,,,1787048382.087878,gnb1,ramp,pre,,,
2026-08-18T10:19:43.395520,6120,0x46,PUCCH,,,,,,,,,,,,,,,,,,1,-inf,"0.000,",,,,,,,,,1787048383.395520,gnb1,ramp,pre,,,
2026-08-18T10:19:44.056492,6140,0x46,PUCCH,,,,,,,,,,,,,,,,,,1,-inf,"0.000,",,,,,,,,,1787048384.056492,gnb1,ramp,pre,,,
2026-08-18T10:19:45.491500,6180,0x46,PUCCH,,,,,,,,,,,,,,,,,,1,-inf,"0.000,",,,,,,,,,1787048385.491500,gnb1,ramp,pre,,,
2026-08-18T10:19:46.228632,6200,0x46,PUCCH,,,,,,,,,,,,,,,,,,1,-inf,"0.000,",,,,,,,,,1787048386.228632,gnb1,ramp,pre,,,
2026-08-18T10:19:47.542172,6240,0x46,PUCCH,,,,,,,,,,,,,,,,,,1,-inf,"0.000,",,,,,,,,,1787048387.542172,gnb1,ramp,pre,,,
2026-08-18T10:19:48.204404,6260,0x46,PUCCH,,,,,,,,,,,,,,,,,,1,-inf,"0.000,",,,,,,,,,1787048388.204404,gnb1,ramp,pre,,,
2026-08-18T10:19:49.588026,6300,0x46,PUCCH,,,,,,,,,,,,,,,,,,1,-inf,"0.000,",,,,,,,,,1787048389.588026,gnb1,ramp,pre,,,
2026-08-18T10:19:50.280214,6320,0x46,PUCCH,,,,,,,,,,,,,,,,,,1,-inf,"0.000,",,,,,,,,,1787048390.280214,gnb1,ramp,pre,,,
2026-08-18T10:19:51.588324,6360,0x46,PUCCH,,,,,,,,,,,,,,,,,,1,-inf,"0.000,",,,,,,,,,1787048391.588324,gnb1,ramp,pre,,,
2026-08-18T10:19:52.206620,6380,0x46,PUCCH,,,,,,,,,,,,,,,,,,1,-inf,"0.000,",,,,,,,,,1787048392.206620,gnb1,ramp,pre,,,
2026-08-18T10:19:53.575041,6420,0x46,PUCCH,,,,,,,,,,,,,,,,,,1,-inf,"0.000,",,,,,,,,,1787048393.575041,gnb1,ramp,pre,,,
2026-08-18T10:19:54.261331,6440,0x46,PUCCH,,,,,,,,,,,,,,,,,,1,-inf,"0.000,",,,,,,,,,1787048394.261331,gnb1,ramp,pre,,,
2026-08-18T10:19:55.627134,6480,0x46,PUCCH,,,,,,,,,,,,,,,,,,1,-inf,"0.000,",,,,,,,,,1787048395.627134,gnb1,ramp,pre,,,
2026-08-18T10:19:56.259687,6500,0x46,PUCCH,,,,,,,,,,,,,,,,,,1,-inf,"0.000,",,,,,,,,,1787048396.259687,gnb1,ramp,pre,,,
2026-08-18T10:19:57.531422,6540,0x46,PUCCH,,,,,,,,,,,,,,,,,,1,-inf,"0.000,",,,,,,,,,1787048397.531422,gnb1,ramp,pre,,,
2026-08-18T10:19:58.227912,6560,0x46,PUCCH,,,,,,,,,,,,,,,,,,1,-inf,"0.000,",,,,,,,,,1787048398.227912,gnb1,ramp,pre,,,
2026-08-18T10:19:59.523376,6600,0x46,PUCCH,,,,,,,,,,,,,,,,,,1,-inf,"0.000,",,,,,,,,,1787048399.523376,gnb1,ramp,pre,,,
2026-08-18T10:20:00.172961,6620,0x46,PUCCH,,,,,,,,,,,,,,,,,,1,-inf,"0.000,",,,,,,,,,1787048400.172961,gnb1,ramp,pre,,,
2026-08-18T10:20:01.472535,6660,0x46,PUCCH,,,,,,,,,,,,,,,,,,1,-inf,"0.000,",,,,,,,,,1787048401.472535,gnb1,ramp,pre,,,
2026-08-18T10:20:02.149201,6680,0x46,PUCCH,,,,,,,,,,,,,,,,,,1,-inf,"0.000,",,,,,,,,,1787048402.149201,gnb1,ramp,pre,,,
2026-08-18T10:20:03.472950,6720,0x46,PUCCH,,,,,,,,,,,,,,,,,,1,-inf,"0.000,",,,,,,,,,1787048403.472950,gnb1,ramp,pre,,,
2026-08-18T10:20:04.140319,6740,0x46,PUCCH,,,,,,,,,,,,,,,,,,1,-inf,"0.000,",,,,,,,,,1787048404.140319,gnb1,ramp,pre,,,
2026-08-18T10:20:05.378203,6780,0x46,PUCCH,,,,,,,,,,,,,,,,,,1,-inf,"0.000,",,,,,,,,,1787048405.378203,gnb1,ramp,pre,,,
2026-08-18T10:20:06.024036,6800,0x46,PUCCH,,,,,,,,,,,,,,,,,,1,-inf,"0.000,",,,,,,,,,1787048406.024036,gnb1,ramp,pre,,,
2026-08-18T10:20:07.381035,6840,0x46,PUCCH,,,,,,,,,,,,,,,,,,1,-inf,"0.000,",,,,,,,,,1787048407.381035,gnb1,ramp,pre,,,
2026-08-18T10:20:08.013138,6860,0x46,PUCCH,,,,,,,,,,,,,,,,,,1,-inf,"0.000,",,,,,,,,,1787048408.013138,gnb1,ramp,pre,,,
2026-08-18T10:20:09.414194,6900,0x46,PUCCH,,,,,,,,,,,,,,,,,,1,-inf,"0.000,",,,,,,,,,1787048409.414194,gnb1,ramp,pre,,,
2026-08-18T10:20:10.163500,6920,0x46,PUCCH,,,,,,,,,,,,,,,,,,1,-inf,"0.000,",,,,,,,,,1787048410.163500,gnb1,ramp,pre,,,
2026-08-18T10:20:11.589775,6960,0x46,PUCCH,,,,,,,,,,,,,,,,,,1,-inf,"0.000,",,,,,,,,,1787048411.589775,gnb1,ramp,pre,,,
2026-08-18T10:20:12.247289,6980,0x46,PUCCH,,,,,,,,,,,,,,,,,,1,-inf,"0.000,",,,,,,,,,1787048412.247289,gnb1,ramp,pre,,,
2026-08-18T10:20:13.005239,7001,0x46,PUCCH,,,,,,,,,,,,,,,,,,2,111.8,"1.000,",,,,,,,,,1787048413.005239,gnb1,ramp,pre,,,
2026-08-18T10:20:14.304251,7040,0x46,PUCCH,,,,,,,,,,,,,,,,,,1,-inf,"0.000,",,,,,,,,,1787048414.304251,gnb1,ramp,pre,,,
2026-08-18T10:20:15.624247,7080,0x46,PUCCH,,,,,,,,,,,,,,,,,,1,-inf,"0.000,",,,,,,,,,1787048415.624247,gnb1,ramp,pre,,,
2026-08-18T10:20:16.296957,7100,0x46,PUCCH,,,,,,,,,,,,,,,,,,1,-inf,"0.000,",,,,,,,,,1787048416.296957,gnb1,ramp,pre,,,
2026-08-18T10:20:17.013801,7121,0x46,PUCCH,,,,,,,,,,,,,,,,,,2,111.8,"1.000,",,,,,,,,,1787048417.013801,gnb1,ramp,pre,,,
2026-08-18T10:20:18.339068,7160,0x46,PUCCH,,,,,,,,,,,,,,,,,,1,-inf,"0.000,",,,,,,,,,1787048418.339068,gnb1,ramp,pre,,,
2026-08-18T10:20:19.022516,7180,0x46,PUCCH,,,,,,,,,,,,,,,,,,1,-inf,"0.000,",,,,,,,,,1787048419.022516,gnb1,ramp,pre,,,
2026-08-18T10:20:20.327467,7220,0x46,PUCCH,,,,,,,,,,,,,,,,,,1,-inf,"0.000,",,,,,,,,,1787048420.327467,gnb1,ramp,pre,,,
2026-08-18T10:20:21.009312,7240,0x46,PUCCH,,,,,,,,,,,,,,,,,,1,-inf,"0.000,",,,,,,,,,1787048421.009312,gnb1,ramp,pre,,,
2026-08-18T10:20:22.286488,7280,0x46,PUCCH,,,,,,,,,,,,,,,,,,1,-inf,"0.000,",,,,,,,,,1787048422.286488,gnb1,ramp,pre,,,
2026-08-18T10:20:23.588443,7320,0x46,PUCCH,,,,,,,,,,,,,,,,,,1,-inf,"0.000,",,,,,,,,,1787048423.588443,gnb1,ramp,pre,,,
2026-08-18T10:20:24.251032,7340,0x46,PUCCH,,,,,,,,,,,,,,,,,,1,-inf,"0.000,",,,,,,,,,1787048424.251032,gnb1,ramp,pre,,,
2026-08-18T10:20:25.595010,7380,0x46,PUCCH,,,,,,,,,,,,,,,,,,1,-inf,"0.000,",,,,,,,,,1787048425.595010,gnb1,ramp,pre,,,
2026-08-18T10:20:26.261463,7400,0x46,PUCCH,,,,,,,,,,,,,,,,,,1,-inf,"0.000,",,,,,,,,,1787048426.261463,gnb1,ramp,pre,,,
2026-08-18T10:20:27.646057,7440,0x46,PUCCH,,,,,,,,,,,,,,,,,,1,-inf,"0.000,",,,,,,,,,1787048427.646057,gnb1,ramp,pre,,,
2026-08-18T10:20:28.317803,7460,0x46,PUCCH,,,,,,,,,,,,,,,,,,1,-inf,"0.000,",,,,,,,,,1787048428.317803,gnb1,ramp,pre,,,
2026-08-18T10:20:29.007069,7480,0x46,PUCCH,,,,,,,,,,,,,,,,,,1,-inf,"0.000,",,,,,,,,,1787048429.007069,gnb1,ramp,pre,,,
2026-08-18T10:20:30.366591,7520,0x46,PUCCH,,,,,,,,,,,,,,,,,,1,-inf,"0.000,",,,,,,,,,1787048430.366591,gnb1,ramp,pre,,,
2026-08-18T10:20:31.029957,7540,0x46,PUCCH,,,,,,,,,,,,,,,,,,1,-inf,"0.000,",,,,,,,,,1787048431.029957,gnb1,ramp,pre,,,
2026-08-18T10:20:32.425545,7580,0x46,PUCCH,,,,,,,,,,,,,,,,,,1,-inf,"0.000,",,,,,,,,,1787048432.425545,gnb1,ramp,pre,,,
2026-08-18T10:20:33.091557,7600,0x46,PUCCH,,,,,,,,,,,,,,,,,,1,-inf,"0.000,",,,,,,,,,1787048433.091557,gnb1,ramp,pre,,,
2026-08-18T10:20:34.423185,7640,0x46,PUCCH,,,,,,,,,,,,,,,,,,1,-inf,"0.000,",,,,,,,,,1787048434.423185,gnb1,ramp,pre,,,
2026-08-18T10:20:35.047491,7660,0x46,PUCCH,,,,,,,,,,,,,,,,,,1,-inf,"0.000,",,,,,,,,,1787048435.047491,gnb1,ramp,pre,,,
2026-08-18T10:20:36.394179,7700,0x46,PUCCH,,,,,,,,,,,,,,,,,,1,-inf,"0.000,",,,,,,,,,1787048436.394179,gnb1,ramp,pre,,,
2026-08-18T10:20:37.089778,7720,0x46,PUCCH,,,,,,,,,,,,,,,,,,1,-inf,"0.000,",,,,,,,,,1787048437.089778,gnb1,ramp,pre,,,
2026-08-18T10:20:38.395507,7760,0x46,PUCCH,,,,,,,,,,,,,,,,,,1,-inf,"0.000,",,,,,,,,,1787048438.395507,gnb1,ramp,pre,,,
2026-08-18T10:20:39.097018,7780,0x46,PUCCH,,,,,,,,,,,,,,,,,,1,-inf,"0.000,",,,,,,,,,1787048439.097018,gnb1,ramp,pre,,,
2026-08-18T10:20:40.421694,7820,0x46,PUCCH,,,,,,,,,,,,,,,,,,1,-inf,"0.000,",,,,,,,,,1787048440.421694,gnb1,ramp,pre,,,
2026-08-18T10:20:41.121503,7840,0x46,PUCCH,,,,,,,,,,,,,,,,,,1,-inf,"0.000,",,,,,,,,,1787048441.121503,gnb1,ramp,pre,,,
2026-08-18T10:20:42.474258,7880,0x46,PUCCH,,,,,,,,,,,,,,,,,,1,-inf,"0.000,",,,,,,,,,1787048442.474258,gnb1,ramp,pre,,,
2026-08-18T10:20:43.146565,7900,0x46,PUCCH,,,,,,,,,,,,,,,,,,1,-inf,"0.000,",,,,,,,,,1787048443.146565,gnb1,ramp,pre,,,
2026-08-18T10:20:44.492941,7940,0x46,PUCCH,,,,,,,,,,,,,,,,,,1,-inf,"0.000,",,,,,,,,,1787048444.492941,gnb1,ramp,pre,,,
2026-08-18T10:20:45.166709,7960,0x46,PUCCH,,,,,,,,,,,,,,,,,,1,-inf,"0.000,",,,,,,,,,1787048445.166709,gnb1,ramp,pre,,,
2026-08-18T10:20:46.462111,8000,0x46,PUCCH,,,,,,,,,,,,,,,,,,1,-inf,"0.000,",,,,,,,,,1787048446.462111,gnb1,ramp,pre,,,
2026-08-18T10:20:47.113914,8020,0x46,PUCCH,,,,,,,,,,,,,,,,,,1,-inf,"0.000,",,,,,,,,,1787048447.113914,gnb1,ramp,pre,,,
2026-08-18T10:20:48.507096,8060,0x46,PUCCH,,,,,,,,,,,,,,,,,,1,-inf,"0.000,",,,,,,,,,1787048448.507096,gnb1,ramp,pre,,,
2026-08-18T10:20:49.131020,8080,0x46,PUCCH,,,,,,,,,,,,,,,,,,1,-inf,"0.000,",,,,,,,,,1787048449.131020,gnb1,ramp,pre,,,
2026-08-18T10:20:50.313498,8117,0x46,PUCCH,,,,,,,,,,,,,,,,,,1a,111.7,"1.000,",,,1,,,,,,1787048450.313498,gnb1,ramp,pre,,,
2026-08-18T10:20:51.105226,8140,0x46,PUCCH,,,,,,,,,,,,,,,,,,1,111.8,"1.000,",,,,,,,,,1787048451.105226,gnb1,ramp,pre,,,
2026-08-18T10:20:52.302367,8178,0x46,PUCCH,,,,,,,,,,,,,,,,,,1a,111.8,"1.000,",,,1,,,,,,1787048452.302367,gnb1,ramp,pre,,,
2026-08-18T10:20:53.065423,8200,0x46,PUCCH,,,,,,,,,,,,,,,,,,1,111.8,"1.000,",,,,,,,,,1787048453.065423,gnb1,ramp,pre,,,
2026-08-18T10:20:54.367162,8238,0x46,PUCCH,,,,,,,,,,,,,,,,,,1a,111.8,"1.000,",,,1,,,,,,1787048454.367162,gnb1,ramp,pre,,,
2026-08-18T10:20:55.032263,8259,0x46,PUCCH,,,,,,,,,,,,,,,,,,1a,111.8,"1.000,",,,1,,,,,,1787048455.032263,gnb1,ramp,pre,,,
2026-08-18T10:20:56.226565,8292,0x46,PUCCH,,,,,,,,,,,,,,,,,,1a,111.8,"1.000,",,,1,,,,,,1787048456.226565,gnb1,ramp,pre,,,
2026-08-18T10:20:57.156156,8317,0x46,PUCCH,,,,,,,,,,,,,,,,,,1a,111.7,"1.000,",,,1,,,,,,1787048457.156156,gnb1,ramp,pre,,,
2026-08-18T10:20:58.269313,8348,0x46,PUCCH,,,,,,,,,,,,,,,,,,1a,111.8,"1.000,",,,1,,,,,,1787048458.269313,gnb1,ramp,pre,,,
2026-08-18T10:20:59.300405,8378,0x46,PUCCH,,,,,,,,,,,,,,,,,,1a,111.8,"1.000,",,,1,,,,,,1787048459.300405,gnb1,ramp,pre,,,
2026-08-18T10:21:00.020753,8397,0x46,PUCCH,,,,,,,,,,,,,,,,,,1a,111.7,"1.000,",,,1,,,,,,1787048460.020753,gnb1,ramp,pre,,,
2026-08-18T10:21:01.293308,8430,0x46,PUCCH,,,,,,,,,,,,,,,,,,1a,111.8,"1.000,",,,1,,,,,,1787048461.293308,gnb1,ramp,pre,,,
2026-08-18T10:21:02.269657,8458,0x46,PUCCH,,,,,,,,,,,,,,,,,,1a,111.8,"1.000,",,,1,,,,,,1787048462.269657,gnb1,ramp,pre,,,
2026-08-18T10:21:03.014823,8481,0x46,PUCCH,,,,,,,,,,,,,,,,,,2,111.8,"1.000,",,,,,,,,,1787048463.014823,gnb1,ramp,pre,,,
2026-08-18T10:21:04.035642,8510,0x46,PUCCH,,,,,,,,,,,,,,,,,,1a,111.8,"1.000,",,,1,,,,,,1787048464.035642,gnb1,ramp,pre,,,
2026-08-18T10:21:05.090088,8540,0x46,PUCCH,,,,,,,,,,,,,,,,,,1,-inf,"0.000,",,,,,,,,,1787048465.090088,gnb1,ramp,pre,,,
2026-08-18T10:21:06.386571,8578,0x46,PUCCH,,,,,,,,,,,,,,,,,,1a,111.8,"1.000,",,,1,,,,,,1787048466.386571,gnb1,ramp,pre,,,
2026-08-18T10:21:07.088120,8598,0x46,PUCCH,,,,,,,,,,,,,,,,,,1a,111.8,"1.000,",,,1,,,,,,1787048467.088120,gnb1,ramp,pre,,,
2026-08-18T10:21:08.479354,8639,0x46,PUCCH,,,,,,,,,,,,,,,,,,1a,111.8,"1.000,",,,1,,,,,,1787048468.479354,gnb1,ramp,pre,,,
2026-08-18T10:21:09.010876,8655,0x46,PUCCH,,,,,,,,,,,,,,,,,,1a,111.8,"1.000,",,,1,,,,,,1787048469.010876,gnb1,ramp,pre,,,
2026-08-18T10:21:10.402797,8697,0x46,PUCCH,,,,,,,,,,,,,,,,,,1a,111.7,"1.000,",,,1,,,,,,1787048470.402797,gnb1,ramp,pre,,,
2026-08-18T10:21:11.107087,8717,0x46,PUCCH,,,,,,,,,,,,,,,,,,1a,111.7,"1.000,",,,1,,,,,,1787048471.107087,gnb1,ramp,pre,,,
2026-08-18T10:21:12.032199,8740,0x46,PUCCH,,,,,,,,,,,,,,,,,,1,111.8,"1.000,",,,,,,,,,1787048472.032199,gnb1,ramp,pre,,,
2026-08-18T10:21:13.404421,8778,0x46,PUCCH,,,,,,,,,,,,,,,,,,1a,111.8,"1.000,",,,1,,,,,,1787048473.404421,gnb1,ramp,pre,,,
2026-08-18T10:21:14.027671,8798,0x46,PUCCH,,,,,,,,,,,,,,,,,,1a,111.8,"1.000,",,,1,,,,,,1787048474.027671,gnb1,ramp,pre,,,
2026-08-18T10:21:15.154997,8832,0x46,PUCCH,,,,,,,,,,,,,,,,,,1a,111.8,"1.000,",,,1,,,,,,1787048475.154997,gnb1,ramp,pre,,,
2026-08-18T10:21:16.011321,8857,0x46,PUCCH,,,,,,,,,,,,,,,,,,1a,111.7,"1.000,",,,1,,,,,,1787048476.011321,gnb1,ramp,pre,,,
2026-08-18T10:21:17.381322,8897,0x46,PUCCH,,,,,,,,,,,,,,,,,,1a,111.7,"1.000,",,,1,,,,,,1787048477.381322,gnb1,ramp,pre,,,
2026-08-18T10:21:18.020242,8917,0x46,PUCCH,,,,,,,,,,,,,,,,,,1a,111.7,"1.000,",,,1,,,,,,1787048478.020242,gnb1,ramp,pre,,,
2026-08-18T10:21:19.281892,8957,0x46,PUCCH,,,,,,,,,,,,,,,,,,1a,111.8,"1.000,",,,1,,,,,,1787048479.281892,gnb1,ramp,pre,,,
2026-08-18T10:21:20.012770,8980,0x46,PUCCH,,,,,,,,,,,,,,,,,,1,111.8,"1.000,",,,,,,,,,1787048480.012770,gnb1,ramp,pre,,,
2026-08-18T10:21:21.228518,9017,0x46,PUCCH,,,,,,,,,,,,,,,,,,1a,111.7,"1.000,",,,1,,,,,,1787048481.228518,gnb1,ramp,pre,,,
2026-08-18T10:21:22.034156,9041,0x46,PUCCH,,,,,,,,,,,,,,,,,,2,111.8,"1.000,",,,,,,,,,1787048482.034156,gnb1,ramp,pre,,,
2026-08-18T10:21:23.272433,9077,0x46,PUCCH,,,,,,,,,,,,,,,,,,1a,111.7,"1.000,",,,1,,,,,,1787048483.272433,gnb1,ramp,pre,,,
2026-08-18T10:21:24.047338,9100,0x46,PUCCH,,,,,,,,,,,,,,,,,,1,111.8,"1.000,",,,,,,,,,1787048484.047338,gnb1,ramp,pre,,,
2026-08-18T10:21:25.244834,9137,0x46,PUCCH,,,,,,,,,,,,,,,,,,1a,111.7,"1.000,",,,1,,,,,,1787048485.244834,gnb1,ramp,pre,,,
2026-08-18T10:21:26.003265,9158,0x46,PUCCH,,,,,,,,,,,,,,,,,,1a,111.8,"1.000,",,,1,,,,,,1787048486.003265,gnb1,ramp,pre,,,
2026-08-18T10:21:27.318087,9197,0x46,PUCCH,,,,,,,,,,,,,,,,,,1a,111.7,"1.000,",,,1,,,,,,1787048487.318087,gnb1,ramp,pre,,,
2026-08-18T10:21:28.020933,9218,0x46,PUCCH,,,,,,,,,,,,,,,,,,1a,111.8,"1.000,",,,1,,,,,,1787048488.020933,gnb1,ramp,pre,,,
2026-08-18T10:21:29.445223,9260,0x46,PUCCH,,,,,,,,,,,,,,,,,,1,-inf,"0.000,",,,,,,,,,1787048489.445223,gnb1,ramp,pre,,,
2026-08-18T10:21:30.086388,9280,0x46,PUCCH,,,,,,,,,,,,,,,,,,1,-inf,"0.000,",,,,,,,,,1787048490.086388,gnb1,ramp,pre,,,
2026-08-18T10:21:31.406642,9320,0x46,PUCCH,,,,,,,,,,,,,,,,,,1,-inf,"0.000,",,,,,,,,,1787048491.406642,gnb1,ramp,pre,,,
2026-08-18T10:21:32.033596,9340,0x46,PUCCH,,,,,,,,,,,,,,,,,,1,-inf,"0.000,",,,,,,,,,1787048492.033596,gnb1,ramp,pre,,,
2026-08-18T10:21:33.330876,9380,0x46,PUCCH,,,,,,,,,,,,,,,,,,1,-inf,"0.000,",,,,,,,,,1787048493.330876,gnb1,ramp,pre,,,
2026-08-18T10:21:34.610743,9420,0x46,PUCCH,,,,,,,,,,,,,,,,,,1,-inf,"0.000,",,,,,,,,,1787048494.610743,gnb1,ramp,pre,,,
2026-08-18T10:21:35.280320,9440,0x46,PUCCH,,,,,,,,,,,,,,,,,,1,111.8,"1.000,",,,,,,,,,1787048495.280320,gnb1,ramp,pre,,,
2026-08-18T10:21:36.532146,9477,0x46,PUCCH,,,,,,,,,,,,,,,,,,1a,111.8,"1.000,",,,1,,,,,,1787048496.532146,gnb1,ramp,pre,,,
2026-08-18T10:21:37.255539,9498,0x46,PUCCH,,,,,,,,,,,,,,,,,,1a,111.8,"1.000,",,,1,,,,,,1787048497.255539,gnb1,ramp,pre,,,
2026-08-18T10:21:38.494864,9537,0x46,PUCCH,,,,,,,,,,,,,,,,,,1a,111.7,"1.000,",,,1,,,,,,1787048498.494864,gnb1,ramp,pre,,,
2026-08-18T10:21:39.163000,9557,0x46,PUCCH,,,,,,,,,,,,,,,,,,1a,111.8,"1.000,",,,1,,,,,,1787048499.163000,gnb1,ramp,pre,,,
2026-08-18T10:21:40.119076,9586,0x46,PUCCH,,,,,,,,,,,,,,,,,,1a,111.8,"1.000,",,,1,,,,,,1787048500.119076,gnb1,ramp,pre,,,
2026-08-18T10:21:41.025051,9611,0x46,PUCCH,,,,,,,,,,,,,,,,,,1a,111.8,"1.000,",,,1,,,,,,1787048501.025051,gnb1,ramp,pre,,,
2026-08-18T10:21:42.015043,9639,0x46,PUCCH,,,,,,,,,,,,,,,,,,1a,111.8,"1.000,",,,1,,,,,,1787048502.015043,gnb1,ramp,pre,,,
2026-08-18T10:21:43.033900,9668,0x46,PUCCH,,,,,,,,,,,,,,,,,,1a,111.8,"1.000,",,,1,,,,,,1787048503.033900,gnb1,ramp,pre,,,
2026-08-18T10:21:44.097144,9698,0x46,PUCCH,,,,,,,,,,,,,,,,,,1a,111.8,"1.000,",,,1,,,,,,1787048504.097144,gnb1,ramp,pre,,,
2026-08-18T10:21:45.012441,9725,0x46,PUCCH,,,,,,,,,,,,,,,,,,1a,111.8,"1.000,",,,1,,,,,,1787048505.012441,gnb1,ramp,pre,,,
2026-08-18T10:21:46.288134,9757,0x46,PUCCH,,,,,,,,,,,,,,,,,,1a,111.7,"1.000,",,,1,,,,,,1787048506.288134,gnb1,ramp,pre,,,
2026-08-18T10:21:47.035194,9780,0x46,PUCCH,,,,,,,,,,,,,,,,,,1,-inf,"0.000,",,,,,,,,,1787048507.035194,gnb1,ramp,pre,,,
2026-08-18T10:21:48.257089,9817,0x46,PUCCH,,,,,,,,,,,,,,,,,,1a,111.8,"1.000,",,,1,,,,,,1787048508.257089,gnb1,ramp,pre,,,
2026-08-18T10:21:49.101465,9840,0x46,PUCCH,,,,,,,,,,,,,,,,,,1,-inf,"0.000,",,,,,,,,,1787048509.101465,gnb1,ramp,pre,,,
2026-08-18T10:21:50.287695,9877,0x46,PUCCH,,,,,,,,,,,,,,,,,,1a,111.8,"1.000,",,,1,,,,,,1787048510.287695,gnb1,ramp,pre,,,
2026-08-18T10:21:51.090922,9897,0x46,PUCCH,,,,,,,,,,,,,,,,,,1a,111.8,"1.000,",,,1,,,,,,1787048511.090922,gnb1,ramp,pre,,,
2026-08-18T10:21:52.001422,9920,0x46,PUCCH,,,,,,,,,,,,,,,,,,1,111.8,"1.000,",,,,,,,,,1787048512.001422,gnb1,ramp,pre,,,
2026-08-18T10:21:53.261359,9957,0x46,PUCCH,,,,,,,,,,,,,,,,,,1a,111.7,"1.000,",,,1,,,,,,1787048513.261359,gnb1,ramp,pre,,,
2026-08-18T10:21:54.018641,9977,0x46,PUCCH,,,,,,,,,,,,,,,,,,1a,111.7,"1.000,",,,1,,,,,,1787048514.018641,gnb1,ramp,pre,,,
2026-08-18T10:21:55.447044,10020,0x46,PUCCH,,,,,,,,,,,,,,,,,,1,-inf,"0.000,",,,,,,,,,1787048515.447044,gnb1,ramp,pre,,,
2026-08-18T10:21:56.004769,10035,0x46,PUCCH,,,,,,,,,,,,,,,,,,1a,111.8,"1.000,",,,1,,,,,,1787048516.004769,gnb1,ramp,pre,,,
2026-08-18T10:21:57.080900,10066,0x46,PUCCH,,,,,,,,,,,,,,,,,,1a,111.8,"1.000,",,,1,,,,,,1787048517.080900,gnb1,ramp,pre,,,
2026-08-18T10:21:58.069464,10096,0x46,PUCCH,,,,,,,,,,,,,,,,,,1a,111.8,"1.000,",,,1,,,,,,1787048518.069464,gnb1,ramp,pre,,,
2026-08-18T10:21:59.054628,10125,0x46,PUCCH,,,,,,,,,,,,,,,,,,1a,111.8,"1.000,",,,1,,,,,,1787048519.054628,gnb1,ramp,pre,,,
2026-08-18T10:22:00.119516,10157,0x46,PUCCH,,,,,,,,,,,,,,,,,,1a,111.8,"1.000,",,,1,,,,,,1787048520.119516,gnb1,ramp,pre,,,
2026-08-18T10:22:01.439415,10197,0x46,PUCCH,,,,,,,,,,,,,,,,,,1a,111.7,"1.000,",,,1,,,,,,1787048521.439415,gnb1,ramp,pre,,,
2026-08-18T10:22:02.051230,10217,0x46,PUCCH,,,,,,,,,,,,,,,,,,1a,111.7,"1.000,",,,1,,,,,,1787048522.051230,gnb1,ramp,pre,,,
2026-08-18T10:22:03.519035,17,0x46,PUCCH,,,,,,,,,,,,,,,,,,1a,111.7,"1.000,",,,1,,,,,,1787048523.519035,gnb1,ramp,pre,,,
2026-08-18T10:22:04.250725,37,0x46,PUCCH,,,,,,,,,,,,,,,,,,1a,111.7,"1.000,",,,1,,,,,,1787048524.250725,gnb1,ramp,pre,,,
2026-08-18T10:22:05.030199,59,0x46,PUCCH,,,,,,,,,,,,,,,,,,1a,111.8,"1.000,",,,1,,,,,,1787048525.030199,gnb1,ramp,pre,,,
2026-08-18T10:22:06.312345,97,0x46,PUCCH,,,,,,,,,,,,,,,,,,1a,111.7,"1.000,",,,1,,,,,,1787048526.312345,gnb1,ramp,pre,,,
2026-08-18T10:22:07.105223,117,0x46,PUCCH,,,,,,,,,,,,,,,,,,1a,111.7,"1.000,",,,1,,,,,,1787048527.105223,gnb1,ramp,pre,,,
2026-08-18T10:22:08.452738,157,0x46,PUCCH,,,,,,,,,,,,,,,,,,1a,111.7,"1.000,",,,1,,,,,,1787048528.452738,gnb1,ramp,pre,,,
2026-08-18T10:22:09.055353,177,0x46,PUCCH,,,,,,,,,,,,,,,,,,1a,111.7,"1.000,",,,1,,,,,,1787048529.055353,gnb1,ramp,pre,,,
2026-08-18T10:22:10.386616,217,0x46,PUCCH,,,,,,,,,,,,,,,,,,1a,111.8,"1.000,",,,1,,,,,,1787048530.386616,gnb1,ramp,pre,,,
2026-08-18T10:22:11.069995,237,0x46,PUCCH,,,,,,,,,,,,,,,,,,1a,111.7,"1.000,",,,1,,,,,,1787048531.069995,gnb1,ramp,pre,,,
2026-08-18T10:22:12.144740,267,0x46,PUCCH,,,,,,,,,,,,,,,,,,1a,111.7,"1.000,",,,1,,,,,,1787048532.144740,gnb1,ramp,pre,,,
2026-08-18T10:22:13.165917,297,0x46,PUCCH,,,,,,,,,,,,,,,,,,1a,111.7,"1.000,",,,1,,,,,,1787048533.165917,gnb1,ramp,pre,,,
2026-08-18T10:22:14.512483,337,0x46,PUCCH,,,,,,,,,,,,,,,,,,1a,111.7,"1.000,",,,1,,,,,,1787048534.512483,gnb1,ramp,pre,,,
2026-08-18T10:22:15.254239,357,0x46,PUCCH,,,,,,,,,,,,,,,,,,1a,111.7,"1.000,",,,1,,,,,,1787048535.254239,gnb1,ramp,pre,,,
2026-08-18T10:22:16.054358,380,0x46,PUCCH,,,,,,,,,,,,,,,,,,1,111.8,"1.000,",,,,,,,,,1787048536.054358,gnb1,ramp,pre,,,
2026-08-18T10:22:17.310221,417,0x46,PUCCH,,,,,,,,,,,,,,,,,,1a,111.8,"1.000,",,,1,,,,,,1787048537.310221,gnb1,ramp,pre,,,
2026-08-18T10:22:18.007645,437,0x46,PUCCH,,,,,,,,,,,,,,,,,,1a,111.8,"1.000,",,,1,,,,,,1787048538.007645,gnb1,ramp,pre,,,
2026-08-18T10:22:19.063310,467,0x46,PUCCH,,,,,,,,,,,,,,,,,,1a,111.7,"1.000,",,,1,,,,,,1787048539.063310,gnb1,ramp,pre,,,
2026-08-18T10:22:20.085452,497,0x46,PUCCH,,,,,,,,,,,,,,,,,,1a,111.8,"1.000,",,,1,,,,,,1787048540.085452,gnb1,ramp,pre,,,
2026-08-18T10:22:21.421753,537,0x46,PUCCH,,,,,,,,,,,,,,,,,,1a,111.7,"1.000,",,,1,,,,,,1787048541.421753,gnb1,ramp,pre,,,
2026-08-18T10:22:22.080388,557,0x46,PUCCH,,,,,,,,,,,,,,,,,,1a,111.7,"1.000,",,,1,,,,,,1787048542.080388,gnb1,ramp,pre,,,
2026-08-18T10:22:23.453794,597,0x46,PUCCH,,,,,,,,,,,,,,,,,,1a,111.7,"1.000,",,,1,,,,,,1787048543.453794,gnb1,ramp,pre,,,
2026-08-18T10:22:24.108140,617,0x46,PUCCH,,,,,,,,,,,,,,,,,,1a,111.7,"1.000,",,,1,,,,,,1787048544.108140,gnb1,ramp,pre,,,
2026-08-18T10:22:25.012974,641,0x46,PUCCH,,,,,,,,,,,,,,,,,,2,111.8,"1.000,",,,,,,,,,1787048545.012974,gnb1,ramp,pre,,,
2026-08-18T10:22:26.166874,677,0x46,PUCCH,,,,,,,,,,,,,,,,,,1a,111.7,"1.000,",,,1,,,,,,1787048546.166874,gnb1,ramp,pre,,,
2026-08-18T10:22:27.459337,717,0x46,PUCCH,,,,,,,,,,,,,,,,,,1a,111.7,"1.000,",,,1,,,,,,1787048547.459337,gnb1,ramp,pre,,,
2026-08-18T10:22:28.141386,740,0x46,PUCCH,,,,,,,,,,,,,,,,,,1,-inf,"0.000,",,,,,,,,,1787048548.141386,gnb1,ramp,pre,,,
2026-08-18T10:22:29.479150,780,0x46,PUCCH,,,,,,,,,,,,,,,,,,1,-inf,"0.000,",,,,,,,,,1787048549.479150,gnb1,ramp,pre,,,
2026-08-18T10:22:30.111217,800,0x46,PUCCH,,,,,,,,,,,,,,,,,,1,-inf,"0.000,",,,,,,,,,1787048550.111217,gnb1,ramp,pre,,,
2026-08-18T10:22:31.457150,840,0x46,PUCCH,,,,,,,,,,,,,,,,,,1,-inf,"0.000,",,,,,,,,,1787048551.457150,gnb1,ramp,pre,,,
2026-08-18T10:22:32.093315,860,0x46,PUCCH,,,,,,,,,,,,,,,,,,1,-inf,"0.000,",,,,,,,,,1787048552.093315,gnb1,ramp,pre,,,
2026-08-18T10:22:33.338015,900,0x46,PUCCH,,,,,,,,,,,,,,,,,,1,-inf,"0.000,",,,,,,,,,1787048553.338015,gnb1,ramp,pre,,,
2026-08-18T10:22:34.040649,920,0x46,PUCCH,,,,,,,,,,,,,,,,,,1,111.8,"1.000,",,,,,,,,,1787048554.040649,gnb1,ramp,pre,,,
2026-08-18T10:22:35.266250,957,0x46,PUCCH,,,,,,,,,,,,,,,,,,1a,111.7,"1.000,",,,1,,,,,,1787048555.266250,gnb1,ramp,pre,,,
2026-08-18T10:22:36.206575,987,0x46,PUCCH,,,,,,,,,,,,,,,,,,1a,111.7,"1.000,",,,1,,,,,,1787048556.206575,gnb1,ramp,pre,,,
2026-08-18T10:22:37.184501,1017,0x46,PUCCH,,,,,,,,,,,,,,,,,,1a,111.7,"1.000,",,,1,,,,,,1787048557.184501,gnb1,ramp,pre,,,
2026-08-18T10:22:38.520519,1059,0x46,PUCCH,,,,,,,,,,,,,,,,,,1a,111.8,"1.000,",,,1,,,,,,1787048558.520519,gnb1,ramp,pre,,,
2026-08-18T10:22:39.185776,1078,0x46,PUCCH,,,,,,,,,,,,,,,,,,1a,111.8,"1.000,",,,1,,,,,,1787048559.185776,gnb1,ramp,pre,,,
2026-08-18T10:22:40.288486,1111,0x46,PUCCH,,,,,,,,,,,,,,,,,,1a,111.8,"1.000,",,,1,,,,,,1787048560.288486,gnb1,ramp,pre,,,
2026-08-18T10:22:41.334804,1138,0x46,PUCCH,,,,,,,,,,,,,,,,,,1a,111.8,"1.000,",,,1,,,,,,1787048561.334804,gnb1,ramp,pre,,,
2026-08-18T10:22:42.006019,1156,0x46,PUCCH,,,,,,,,,,,,,,,,,,1a,111.8,"1.000,",,,1,,,,,,1787048562.006019,gnb1,ramp,pre,,,
2026-08-18T10:22:43.055370,1187,0x46,PUCCH,,,,,,,,,,,,,,,,,,1a,111.8,"1.000,",,,1,,,,,,1787048563.055370,gnb1,ramp,pre,,,
2026-08-18T10:22:44.187080,1218,0x46,PUCCH,,,,,,,,,,,,,,,,,,1a,111.8,"1.000,",,,1,,,,,,1787048564.187080,gnb1,ramp,pre,,,
2026-08-18T10:22:45.052440,1240,0x46,PUCCH,,,,,,,,,,,,,,,,,,1,111.8,"1.000,",,,,,,,,,1787048565.052440,gnb1,ramp,pre,,,
2026-08-18T10:22:46.432711,1277,0x46,PUCCH,,,,,,,,,,,,,,,,,,1a,111.7,"1.000,",,,1,,,,,,1787048566.432711,gnb1,ramp,pre,,,
2026-08-18T10:22:47.134731,1297,0x46,PUCCH,,,,,,,,,,,,,,,,,,1a,111.7,"1.000,",,,1,,,,,,1787048567.134731,gnb1,ramp,pre,,,
2026-08-18T10:22:48.588654,1337,0x46,PUCCH,,,,,,,,,,,,,,,,,,1a,111.7,"1.000,",,,1,,,,,,1787048568.588654,gnb1,ramp,pre,,,
2026-08-18T10:22:49.320687,1357,0x46,PUCCH,,,,,,,,,,,,,,,,,,1a,111.7,"1.000,",,,1,,,,,,1787048569.320687,gnb1,ramp,pre,,,
2026-08-18T10:22:50.017162,1378,0x46,PUCCH,,,,,,,,,,,,,,,,,,1a,111.8,"1.000,",,,1,,,,,,1787048570.017162,gnb1,ramp,pre,,,
2026-08-18T10:22:51.383693,1417,0x46,PUCCH,,,,,,,,,,,,,,,,,,1a,111.7,"1.000,",,,1,,,,,,1787048571.383693,gnb1,ramp,pre,,,
2026-08-18T10:22:52.052750,1437,0x46,PUCCH,,,,,,,,,,,,,,,,,,1a,111.7,"1.000,",,,1,,,,,,1787048572.052750,gnb1,ramp,pre,,,
2026-08-18T10:22:53.498937,1478,0x46,PUCCH,,,,,,,,,,,,,,,,,,1a,111.8,"1.000,",,,1,,,,,,1787048573.498937,gnb1,ramp,pre,,,
2026-08-18T10:22:54.182688,1497,0x46,PUCCH,,,,,,,,,,,,,,,,,,1a,111.8,"1.000,",,,1,,,,,,1787048574.182688,gnb1,ramp,pre,,,
2026-08-18T10:22:55.023763,1521,0x46,PUCCH,,,,,,,,,,,,,,,,,,2,111.8,"1.000,",,,,,,,,,1787048575.023763,gnb1,ramp,pre,,,
2026-08-18T10:22:56.136212,1554,0x46,PUCCH,,,,,,,,,,,,,,,,,,1a,111.7,"1.000,",,,1,,,,,,1787048576.136212,gnb1,ramp,pre,,,
2026-08-18T10:22:57.243905,1587,0x46,PUCCH,,,,,,,,,,,,,,,,,,1a,111.7,"1.000,",,,1,,,,,,1787048577.243905,gnb1,ramp,pre,,,
2026-08-18T10:22:58.124024,1617,0x46,PUCCH,,,,,,,,,,,,,,,,,,1a,111.7,"1.000,",,,1,,,,,,1787048578.124024,gnb1,ramp,pre,,,
2026-08-18T10:22:59.283310,1657,0x46,PUCCH,,,,,,,,,,,,,,,,,,1a,111.8,"1.000,",,,1,,,,,,1787048579.283310,gnb1,ramp,pre,,,
2026-08-18T10:23:00.012020,1680,0x46,PUCCH,,,,,,,,,,,,,,,,,,1,111.8,"1.000,",,,,,,,,,1787048580.012020,gnb1,ramp,pre,,,
2026-08-18T10:23:01.137015,1717,0x46,PUCCH,,,,,,,,,,,,,,,,,,1a,111.8,"1.000,",,,1,,,,,,1787048581.137015,gnb1,ramp,pre,,,
2026-08-18T10:23:02.544663,1757,0x46,PUCCH,,,,,,,,,,,,,,,,,,1a,111.7,"1.000,",,,1,,,,,,1787048582.544663,gnb1,ramp,pre,,,
2026-08-18T10:23:03.179042,1777,0x46,PUCCH,,,,,,,,,,,,,,,,,,1a,111.7,"1.000,",,,1,,,,,,1787048583.179042,gnb1,ramp,pre,,,
2026-08-18T10:23:04.003821,1800,0x46,PUCCH,,,,,,,,,,,,,,,,,,1,111.8,"1.000,",,,,,,,,,1787048584.003821,gnb1,ramp,pre,,,
2026-08-18T10:23:05.231401,1837,0x46,PUCCH,,,,,,,,,,,,,,,,,,1a,111.7,"1.000,",,,1,,,,,,1787048585.231401,gnb1,ramp,pre,,,
2026-08-18T10:23:06.445044,1877,0x46,PUCCH,,,,,,,,,,,,,,,,,,1a,111.8,"1.000,",,,1,,,,,,1787048586.445044,gnb1,ramp,pre,,,
2026-08-18T10:23:07.098354,1897,0x46,PUCCH,,,,,,,,,,,,,,,,,,1a,111.7,"1.000,",,,1,,,,,,1787048587.098354,gnb1,ramp,pre,,,
2026-08-18T10:23:08.412838,1937,0x46,PUCCH,,,,,,,,,,,,,,,,,,1a,111.7,"1.000,",,,1,,,,,,1787048588.412838,gnb1,ramp,pre,,,
2026-08-18T10:23:09.121045,1957,0x46,PUCCH,,,,,,,,,,,,,,,,,,1a,111.7,"1.000,",,,1,,,,,,1787048589.121045,gnb1,ramp,pre,,,
2026-08-18T10:23:10.014811,1983,0x46,PUCCH,,,,,,,,,,,,,,,,,,1a,111.8,"1.000,",,,1,,,,,,1787048590.014811,gnb1,ramp,pre,,,
2026-08-18T10:23:11.181755,2017,0x46,PUCCH,,,,,,,,,,,,,,,,,,1a,111.7,"1.000,",,,1,,,,,,1787048591.181755,gnb1,ramp,pre,,,
2026-08-18T10:23:12.456782,2057,0x46,PUCCH,,,,,,,,,,,,,,,,,,1a,111.7,"1.000,",,,1,,,,,,1787048592.456782,gnb1,ramp,pre,,,
2026-08-18T10:23:13.147099,2077,0x46,PUCCH,,,,,,,,,,,,,,,,,,1a,111.7,"1.000,",,,1,,,,,,1787048593.147099,gnb1,ramp,pre,,,
2026-08-18T10:23:14.044186,2100,0x46,PUCCH,,,,,,,,,,,,,,,,,,1,111.8,"1.000,",,,,,,,,,1787048594.044186,gnb1,ramp,pre,,,
2026-08-18T10:23:15.274517,2137,0x46,PUCCH,,,,,,,,,,,,,,,,,,1a,111.7,"1.000,",,,1,,,,,,1787048595.274517,gnb1,ramp,pre,,,
2026-08-18T10:23:16.034460,2160,0x46,PUCCH,,,,,,,,,,,,,,,,,,1,-inf,"0.000,",,,,,,,,,1787048596.034460,gnb1,ramp,pre,,,
2026-08-18T10:23:17.415515,2200,0x46,PUCCH,,,,,,,,,,,,,,,,,,1,-inf,"0.000,",,,,,,,,,1787048597.415515,gnb1,ramp,pre,,,
2026-08-18T10:23:18.064208,2220,0x46,PUCCH,,,,,,,,,,,,,,,,,,1,-inf,"0.000,",,,,,,,,,1787048598.064208,gnb1,ramp,pre,,,
2026-08-18T10:23:19.312095,2260,0x46,PUCCH,,,,,,,,,,,,,,,,,,1,-inf,"0.000,",,,,,,,,,1787048599.312095,gnb1,ramp,pre,,,
2026-08-18T10:23:20.522257,2300,0x46,PUCCH,,,,,,,,,,,,,,,,,,1,-inf,"0.000,",,,,,,,,,1787048600.522257,gnb1,ramp,pre,,,
2026-08-18T10:23:21.127578,2320,0x46,PUCCH,,,,,,,,,,,,,,,,,,1a,111.8,"1.000,",,,1,,,,,,1787048601.127578,gnb1,ramp,pre,,,
2026-08-18T10:23:22.391573,2357,0x46,PUCCH,,,,,,,,,,,,,,,,,,1a,111.7,"1.000,",,,1,,,,,,1787048602.391573,gnb1,ramp,pre,,,
2026-08-18T10:23:23.129333,2380,0x46,PUCCH,,,,,,,,,,,,,,,,,,1,-inf,"0.000,",,,,,,,,,1787048603.129333,gnb1,ramp,pre,,,
2026-08-18T10:23:24.486905,2420,0x46,PUCCH,,,,,,,,,,,,,,,,,,1,-inf,"0.000,",,,,,,,,,1787048604.486905,gnb1,ramp,pre,,,
2026-08-18T10:23:25.144147,2440,0x46,PUCCH,,,,,,,,,,,,,,,,,,1,-inf,"0.000,",,,,,,,,,1787048605.144147,gnb1,ramp,pre,,,
2026-08-18T10:23:26.528807,2480,0x46,PUCCH,,,,,,,,,,,,,,,,,,1,-inf,"0.000,",,,,,,,,,1787048606.528807,gnb1,ramp,pre,,,
2026-08-18T10:23:27.184148,2500,0x46,PUCCH,,,,,,,,,,,,,,,,,,1,-inf,"0.000,",,,,,,,,,1787048607.184148,gnb1,ramp,pre,,,
2026-08-18T10:23:28.469851,2540,0x46,PUCCH,,,,,,,,,,,,,,,,,,1,-inf,"0.000,",,,,,,,,,1787048608.469851,gnb1,ramp,pre,,,
2026-08-18T10:23:29.127574,2560,0x46,PUCCH,,,,,,,,,,,,,,,,,,1,-inf,"0.000,",,,,,,,,,1787048609.127574,gnb1,ramp,pre,,,
2026-08-18T10:23:30.369905,2597,0x46,PUCCH,,,,,,,,,,,,,,,,,,1a,111.7,"1.000,",,,1,,,,,,1787048610.369905,gnb1,ramp,pre,,,
2026-08-18T10:23:31.075602,2620,0x46,PUCCH,,,,,,,,,,,,,,,,,,1,111.8,"1.000,",,,,,,,,,1787048611.075602,gnb1,ramp,pre,,,
2026-08-18T10:23:32.290060,2657,0x46,PUCCH,,,,,,,,,,,,,,,,,,1a,111.7,"1.000,",,,1,,,,,,1787048612.290060,gnb1,ramp,pre,,,
2026-08-18T10:23:33.074784,2680,0x46,PUCCH,,,,,,,,,,,,,,,,,,1,111.8,"1.000,",,,,,,,,,1787048613.074784,gnb1,ramp,pre,,,
2026-08-18T10:23:34.405680,2718,0x46,PUCCH,,,,,,,,,,,,,,,,,,1a,111.8,"1.000,",,,1,,,,,,1787048614.405680,gnb1,ramp,pre,,,
2026-08-18T10:23:35.170296,2738,0x46,PUCCH,,,,,,,,,,,,,,,,,,1a,111.8,"1.000,",,,1,,,,,,1787048615.170296,gnb1,ramp,pre,,,
2026-08-18T10:23:36.065820,2760,0x46,PUCCH,,,,,,,,,,,,,,,,,,1,-inf,"0.000,",,,,,,,,,1787048616.065820,gnb1,ramp,pre,,,
2026-08-18T10:23:37.184058,2791,0x46,PUCCH,,,,,,,,,,,,,,,,,,1a,111.8,"1.000,",,,1,,,,,,1787048617.184058,gnb1,ramp,pre,,,
2026-08-18T10:23:38.200677,2817,0x46,PUCCH,,,,,,,,,,,,,,,,,,1a,111.7,"1.000,",,,1,,,,,,1787048618.200677,gnb1,ramp,pre,,,
2026-08-18T10:23:39.000157,2840,0x46,PUCCH,,,,,,,,,,,,,,,,,,1,-inf,"0.000,",,,,,,,,,1787048619.000157,gnb1,ramp,pre,,,
2026-08-18T10:23:40.366288,2877,0x46,PUCCH,,,,,,,,,,,,,,,,,,1a,111.7,"1.000,",,,1,,,,,,1787048620.366288,gnb1,ramp,pre,,,
2026-08-18T10:23:41.061762,2900,0x46,PUCCH,,,,,,,,,,,,,,,,,,1,-inf,"0.000,",,,,,,,,,1787048621.061762,gnb1,ramp,pre,,,
2026-08-18T10:23:42.273209,2938,0x46,PUCCH,,,,,,,,,,,,,,,,,,1a,111.8,"1.000,",,,1,,,,,,1787048622.273209,gnb1,ramp,pre,,,
2026-08-18T10:23:43.070526,2960,0x46,PUCCH,,,,,,,,,,,,,,,,,,1,111.8,"1.000,",,,,,,,,,1787048623.070526,gnb1,ramp,pre,,,
2026-08-18T10:23:44.262672,2997,0x46,PUCCH,,,,,,,,,,,,,,,,,,1a,111.7,"1.000,",,,1,,,,,,1787048624.262672,gnb1,ramp,pre,,,
2026-08-18T10:23:45.012283,3020,0x46,PUCCH,,,,,,,,,,,,,,,,,,1,111.8,"1.000,",,,,,,,,,1787048625.012283,gnb1,ramp,pre,,,
2026-08-18T10:23:46.258846,3057,0x46,PUCCH,,,,,,,,,,,,,,,,,,1a,111.7,"1.000,",,,1,,,,,,1787048626.258846,gnb1,ramp,pre,,,
2026-08-18T10:23:47.035452,3081,0x46,PUCCH,,,,,,,,,,,,,,,,,,2,111.8,"1.000,",,,,,,,,,1787048627.035452,gnb1,ramp,pre,,,
2026-08-18T10:23:48.309338,3118,0x46,PUCCH,,,,,,,,,,,,,,,,,,1a,111.8,"1.000,",,,1,,,,,,1787048628.309338,gnb1,ramp,pre,,,
2026-08-18T10:23:49.074275,3140,0x46,PUCCH,,,,,,,,,,,,,,,,,,1,-inf,"0.000,",,,,,,,,,1787048629.074275,gnb1,ramp,pre,,,
2026-08-18T10:23:50.268710,3178,0x46,PUCCH,,,,,,,,,,,,,,,,,,1a,111.8,"1.000,",,,1,,,,,,1787048630.268710,gnb1,ramp,pre,,,
2026-08-18T10:23:51.028506,3200,0x46,PUCCH,,,,,,,,,,,,,,,,,,1,111.8,"1.000,",,,,,,,,,1787048631.028506,gnb1,ramp,pre,,,
2026-08-18T10:23:52.322249,3240,0x46,PUCCH,,,,,,,,,,,,,,,,,,1,111.8,"1.000,",,,,,,,,,1787048632.322249,gnb1,ramp,pre,,,
2026-08-18T10:23:53.663004,3280,0x46,PUCCH,,,,,,,,,,,,,,,,,,1,111.8,"1.000,",,,,,,,,,1787048633.663004,gnb1,ramp,pre,,,
2026-08-18T10:23:54.311692,3297,0x46,PUCCH,,,,,,,,,,,,,,,,,,1a,111.7,"1.000,",,,1,,,,,,1787048634.311692,gnb1,ramp,pre,,,
2026-08-18T10:23:55.082914,3318,0x46,PUCCH,,,,,,,,,,,,,,,,,,1a,111.8,"1.000,",,,1,,,,,,1787048635.082914,gnb1,ramp,pre,,,
2026-08-18T10:23:56.140433,3347,0x46,PUCCH,,,,,,,,,,,,,,,,,,1a,111.7,"1.000,",,,1,,,,,,1787048636.140433,gnb1,ramp,pre,,,
2026-08-18T10:23:57.336092,3378,0x46,PUCCH,,,,,,,,,,,,,,,,,,1a,111.8,"1.000,",,,1,,,,,,1787048637.336092,gnb1,ramp,pre,,,
2026-08-18T10:23:58.141345,3400,0x46,PUCCH,,,,,,,,,,,,,,,,,,1,111.8,"1.000,",,,,,,,,,1787048638.141345,gnb1,ramp,pre,,,
2026-08-18T10:23:59.083908,3430,0x46,PUCCH,,,,,,,,,,,,,,,,,,1a,111.8,"1.000,",,,1,,,,,,1787048639.083908,gnb1,ramp,pre,,,
2026-08-18T10:24:00.063580,3457,0x46,PUCCH,,,,,,,,,,,,,,,,,,1a,111.8,"1.000,",,,1,,,,,,1787048640.063580,gnb1,ramp,pre,,,
2026-08-18T10:24:01.432548,3497,0x46,PUCCH,,,,,,,,,,,,,,,,,,1a,111.7,"1.000,",,,1,,,,,,1787048641.432548,gnb1,ramp,pre,,,
2026-08-18T10:24:02.161709,3517,0x46,PUCCH,,,,,,,,,,,,,,,,,,1a,111.8,"1.000,",,,1,,,,,,1787048642.161709,gnb1,ramp,pre,,,
2026-08-18T10:24:03.020408,3540,0x46,PUCCH,,,,,,,,,,,,,,,,,,1,111.8,"1.000,",,,,,,,,,1787048643.020408,gnb1,ramp,pre,,,
2026-08-18T10:24:04.324062,3580,0x46,PUCCH,,,,,,,,,,,,,,,,,,1,111.8,"1.000,",,,,,,,,,1787048644.324062,gnb1,ramp,pre,,,
2026-08-18T10:24:05.002416,3599,0x46,PUCCH,,,,,,,,,,,,,,,,,,1a,111.8,"1.000,",,,1,,,,,,1787048645.002416,gnb1,ramp,pre,,,
2026-08-18T10:24:06.359733,3640,0x46,PUCCH,,,,,,,,,,,,,,,,,,1,-inf,"0.000,",,,,,,,,,1787048646.359733,gnb1,ramp,pre,,,
2026-08-18T10:24:07.090992,3660,0x46,PUCCH,,,,,,,,,,,,,,,,,,1,111.8,"1.000,",,,,,,,,,1787048647.090992,gnb1,ramp,pre,,,
2026-08-18T10:24:08.357789,3700,0x46,PUCCH,,,,,,,,,,,,,,,,,,1,-inf,"0.000,",,,,,,,,,1787048648.357789,gnb1,ramp,pre,,,
2026-08-18T10:24:09.019891,3721,0x46,PUCCH,,,,,,,,,,,,,,,,,,2,111.8,"1.000,",,,,,,,,,1787048649.019891,gnb1,ramp,pre,,,
2026-08-18T10:24:10.271561,3760,0x46,PUCCH,,,,,,,,,,,,,,,,,,1,-inf,"0.000,",,,,,,,,,1787048650.271561,gnb1,ramp,pre,,,
2026-08-18T10:24:11.493523,3800,0x46,PUCCH,,,,,,,,,,,,,,,,,,1,-inf,"0.000,",,,,,,,,,1787048651.493523,gnb1,ramp,pre,,,
2026-08-18T10:24:12.149202,3820,0x46,PUCCH,,,,,,,,,,,,,,,,,,1,-inf,"0.000,",,,,,,,,,1787048652.149202,gnb1,ramp,pre,,,
2026-08-18T10:24:13.439831,3860,0x46,PUCCH,,,,,,,,,,,,,,,,,,1,-inf,"0.000,",,,,,,,,,1787048653.439831,gnb1,ramp,pre,,,
2026-08-18T10:24:14.066584,3880,0x46,PUCCH,,,,,,,,,,,,,,,,,,1,-inf,"0.000,",,,,,,,,,1787048654.066584,gnb1,ramp,pre,,,
2026-08-18T10:24:15.325594,3920,0x46,PUCCH,,,,,,,,,,,,,,,,,,1,-inf,"0.000,",,,,,,,,,1787048655.325594,gnb1,ramp,pre,,,
2026-08-18T10:24:16.667810,3960,0x46,PUCCH,,,,,,,,,,,,,,,,,,1,-inf,"0.000,",,,,,,,,,1787048656.667810,gnb1,ramp,pre,,,
2026-08-18T10:24:17.372129,3980,0x46,PUCCH,,,,,,,,,,,,,,,,,,1,-inf,"0.000,",,,,,,,,,1787048657.372129,gnb1,ramp,pre,,,
2026-08-18T10:24:18.027581,4000,0x46,PUCCH,,,,,,,,,,,,,,,,,,1,-inf,"0.000,",,,,,,,,,1787048658.027581,gnb1,ramp,pre,,,
2026-08-18T10:24:19.345881,4040,0x46,PUCCH,,,,,,,,,,,,,,,,,,1,-inf,"0.000,",,,,,,,,,1787048659.345881,gnb1,ramp,pre,,,
2026-08-18T10:24:20.000739,4060,0x46,PUCCH,,,,,,,,,,,,,,,,,,1,-inf,"0.000,",,,,,,,,,1787048660.000739,gnb1,ramp,pre,,,
2026-08-18T10:24:21.302389,4100,0x46,PUCCH,,,,,,,,,,,,,,,,,,1,-inf,"0.000,",,,,,,,,,1787048661.302389,gnb1,ramp,pre,,,
2026-08-18T10:24:22.013424,4121,0x46,PUCCH,,,,,,,,,,,,,,,,,,2,111.8,"1.000,",,,,,,,,,1787048662.013424,gnb1,ramp,pre,,,
2026-08-18T10:24:23.303043,4160,0x46,PUCCH,,,,,,,,,,,,,,,,,,1,-inf,"0.000,",,,,,,,,,1787048663.303043,gnb1,ramp,pre,,,
2026-08-18T10:24:24.663853,4200,0x46,PUCCH,,,,,,,,,,,,,,,,,,1,-inf,"0.000,",,,,,,,,,1787048664.663853,gnb1,ramp,pre,,,
2026-08-18T10:24:25.372595,4220,0x46,PUCCH,,,,,,,,,,,,,,,,,,1,-inf,"0.000,",,,,,,,,,1787048665.372595,gnb1,ramp,pre,,,
2026-08-18T10:24:26.116402,4240,0x46,PUCCH,,,,,,,,,,,,,,,,,,1,-inf,"0.000,",,,,,,,,,1787048666.116402,gnb1,ramp,pre,,,
2026-08-18T10:24:27.526232,4280,0x46,PUCCH,,,,,,,,,,,,,,,,,,1,-inf,"0.000,",,,,,,,,,1787048667.526232,gnb1,ramp,pre,,,
2026-08-18T10:24:28.151073,4300,0x46,PUCCH,,,,,,,,,,,,,,,,,,1,-inf,"0.000,",,,,,,,,,1787048668.151073,gnb1,ramp,pre,,,
2026-08-18T10:24:29.565500,4340,0x46,PUCCH,,,,,,,,,,,,,,,,,,1,-inf,"0.000,",,,,,,,,,1787048669.565500,gnb1,ramp,pre,,,
2026-08-18T10:24:30.282374,4360,0x46,PUCCH,,,,,,,,,,,,,,,,,,1,-inf,"0.000,",,,,,,,,,1787048670.282374,gnb1,ramp,pre,,,
2026-08-18T10:24:31.609618,4400,0x46,PUCCH,,,,,,,,,,,,,,,,,,1,-inf,"0.000,",,,,,,,,,1787048671.609618,gnb1,ramp,pre,,,
2026-08-18T10:24:32.196678,4420,0x46,PUCCH,,,,,,,,,,,,,,,,,,1,-inf,"0.000,",,,,,,,,,1787048672.196678,gnb1,ramp,pre,,,
2026-08-18T10:24:33.448935,4460,0x46,PUCCH,,,,,,,,,,,,,,,,,,1,-inf,"0.000,",,,,,,,,,1787048673.448935,gnb1,ramp,pre,,,
2026-08-18T10:24:34.054001,4480,0x46,PUCCH,,,,,,,,,,,,,,,,,,1,-inf,"0.000,",,,,,,,,,1787048674.054001,gnb1,ramp,pre,,,
2026-08-18T10:24:35.403184,4520,0x46,PUCCH,,,,,,,,,,,,,,,,,,1,-inf,"0.000,",,,,,,,,,1787048675.403184,gnb1,ramp,pre,,,
2026-08-18T10:24:36.066030,4540,0x46,PUCCH,,,,,,,,,,,,,,,,,,1,-inf,"0.000,",,,,,,,,,1787048676.066030,gnb1,ramp,pre,,,
2026-08-18T10:24:37.393503,4580,0x46,PUCCH,,,,,,,,,,,,,,,,,,1,-inf,"0.000,",,,,,,,,,1787048677.393503,gnb1,ramp,pre,,,
2026-08-18T10:24:38.062182,4600,0x46,PUCCH,,,,,,,,,,,,,,,,,,1,-inf,"0.000,",,,,,,,,,1787048678.062182,gnb1,ramp,pre,,,
2026-08-18T10:24:39.404796,4640,0x46,PUCCH,,,,,,,,,,,,,,,,,,1,-inf,"0.000,",,,,,,,,,1787048679.404796,gnb1,ramp,pre,,,
2026-08-18T10:24:40.060512,4660,0x46,PUCCH,,,,,,,,,,,,,,,,,,1,-inf,"0.000,",,,,,,,,,1787048680.060512,gnb1,ramp,pre,,,
2026-08-18T10:24:41.409001,4700,0x46,PUCCH,,,,,,,,,,,,,,,,,,1,-inf,"0.000,",,,,,,,,,1787048681.409001,gnb1,ramp,pre,,,
2026-08-18T10:24:42.048125,4720,0x46,PUCCH,,,,,,,,,,,,,,,,,,1,-inf,"0.000,",,,,,,,,,1787048682.048125,gnb1,ramp,pre,,,
2026-08-18T10:24:43.263203,4760,0x46,PUCCH,,,,,,,,,,,,,,,,,,1,-inf,"0.000,",,,,,,,,,1787048683.263203,gnb1,ramp,pre,,,
2026-08-18T10:24:44.582410,4800,0x46,PUCCH,,,,,,,,,,,,,,,,,,1,-inf,"0.000,",,,,,,,,,1787048684.582410,gnb1,ramp,pre,,,
2026-08-18T10:24:45.192930,4820,0x46,PUCCH,,,,,,,,,,,,,,,,,,1,-inf,"0.000,",,,,,,,,,1787048685.192930,gnb1,ramp,pre,,,
2026-08-18T10:24:46.499201,4860,0x46,PUCCH,,,,,,,,,,,,,,,,,,1,-inf,"0.000,",,,,,,,,,1787048686.499201,gnb1,ramp,pre,,,
2026-08-18T10:24:47.126893,4880,0x46,PUCCH,,,,,,,,,,,,,,,,,,1,-inf,"0.000,",,,,,,,,,1787048687.126893,gnb1,ramp,pre,,,
2026-08-18T10:24:48.503582,4920,0x46,PUCCH,,,,,,,,,,,,,,,,,,1,-inf,"0.000,",,,,,,,,,1787048688.503582,gnb1,ramp,pre,,,
2026-08-18T10:24:49.197562,4940,0x46,PUCCH,,,,,,,,,,,,,,,,,,1,-inf,"0.000,",,,,,,,,,1787048689.197562,gnb1,ramp,pre,,,
2026-08-18T10:24:50.507770,4980,0x46,PUCCH,,,,,,,,,,,,,,,,,,1,-inf,"0.000,",,,,,,,,,1787048690.507770,gnb1,ramp,pre,,,
2026-08-18T10:24:51.166606,5000,0x46,PUCCH,,,,,,,,,,,,,,,,,,1,-inf,"0.000,",,,,,,,,,1787048691.166606,gnb1,ramp,pre,,,
2026-08-18T10:24:52.443056,5040,0x46,PUCCH,,,,,,,,,,,,,,,,,,1,-inf,"0.000,",,,,,,,,,1787048692.443056,gnb1,ramp,pre,,,
2026-08-18T10:24:53.132499,5060,0x46,PUCCH,,,,,,,,,,,,,,,,,,1,-inf,"0.000,",,,,,,,,,1787048693.132499,gnb1,ramp,pre,,,
2026-08-18T10:24:54.450329,5100,0x46,PUCCH,,,,,,,,,,,,,,,,,,1,-inf,"0.000,",,,,,,,,,1787048694.450329,gnb1,ramp,pre,,,
2026-08-18T10:24:55.127926,5120,0x46,PUCCH,,,,,,,,,,,,,,,,,,1,-inf,"0.000,",,,,,,,,,1787048695.127926,gnb1,ramp,pre,,,
2026-08-18T10:24:56.360274,5160,0x46,PUCCH,,,,,,,,,,,,,,,,,,1,-inf,"0.000,",,,,,,,,,1787048696.360274,gnb1,ramp,pre,,,
2026-08-18T10:24:57.041034,5180,0x46,PUCCH,,,,,,,,,,,,,,,,,,1,-inf,"0.000,",,,,,,,,,1787048697.041034,gnb1,ramp,pre,,,
2026-08-18T10:24:58.323269,5220,0x46,PUCCH,,,,,,,,,,,,,,,,,,1,-inf,"0.000,",,,,,,,,,1787048698.323269,gnb1,ramp,pre,,,
2026-08-18T10:24:59.015121,5240,0x46,PUCCH,,,,,,,,,,,,,,,,,,1,-inf,"0.000,",,,,,,,,,1787048699.015121,gnb1,ramp,pre,,,
2026-08-18T10:25:00.296632,5280,0x46,PUCCH,,,,,,,,,,,,,,,,,,1,-inf,"0.000,",,,,,,,,,1787048700.296632,gnb1,ramp,pre,,,
2026-08-18T10:25:01.589630,5320,0x46,PUCCH,,,,,,,,,,,,,,,,,,1,-inf,"0.000,",,,,,,,,,1787048701.589630,gnb1,ramp,pre,,,
2026-08-18T10:25:02.259118,5340,0x46,PUCCH,,,,,,,,,,,,,,,,,,1,-inf,"0.000,",,,,,,,,,1787048702.259118,gnb1,ramp,pre,,,
2026-08-18T10:25:03.007617,5361,0x46,PUCCH,,,,,,,,,,,,,,,,,,2,111.8,"1.000,",,,,,,,,,1787048703.007617,gnb1,ramp,pre,,,
2026-08-18T10:25:04.379646,5400,0x46,PUCCH,,,,,,,,,,,,,,,,,,1,-inf,"0.000,",,,,,,,,,1787048704.379646,gnb1,ramp,pre,,,
2026-08-18T10:25:05.021550,5420,0x46,PUCCH,,,,,,,,,,,,,,,,,,1,-inf,"0.000,",,,,,,,,,1787048705.021550,gnb1,ramp,pre,,,
2026-08-18T10:25:06.308349,5460,0x46,PUCCH,,,,,,,,,,,,,,,,,,1,-inf,"0.000,",,,,,,,,,1787048706.308349,gnb1,ramp,pre,,,
2026-08-18T10:25:07.650229,5500,0x46,PUCCH,,,,,,,,,,,,,,,,,,1,-inf,"0.000,",,,,,,,,,1787048707.650229,gnb1,ramp,pre,,,
2026-08-18T10:25:08.336932,5520,0x46,PUCCH,,,,,,,,,,,,,,,,,,1,-inf,"0.000,",,,,,,,,,1787048708.336932,gnb1,ramp,pre,,,
2026-08-18T10:25:09.003830,5540,0x46,PUCCH,,,,,,,,,,,,,,,,,,1,-inf,"0.000,",,,,,,,,,1787048709.003830,gnb1,ramp,pre,,,
2026-08-18T10:25:10.240666,5580,0x46,PUCCH,,,,,,,,,,,,,,,,,,1,-inf,"0.000,",,,,,,,,,1787048710.240666,gnb1,ramp,pre,,,
2026-08-18T10:25:11.632795,5620,0x46,PUCCH,,,,,,,,,,,,,,,,,,1,-inf,"0.000,",,,,,,,,,1787048711.632795,gnb1,ramp,pre,,,
2026-08-18T10:25:12.353017,5640,0x46,PUCCH,,,,,,,,,,,,,,,,,,1,-inf,"0.000,",,,,,,,,,1787048712.353017,gnb1,ramp,pre,,,
2026-08-18T10:25:13.016543,5660,0x46,PUCCH,,,,,,,,,,,,,,,,,,1,-inf,"0.000,",,,,,,,,,1787048713.016543,gnb1,ramp,pre,,,
2026-08-18T10:25:14.332888,5700,0x46,PUCCH,,,,,,,,,,,,,,,,,,1,-inf,"0.000,",,,,,,,,,1787048714.332888,gnb1,ramp,pre,,,
2026-08-18T10:25:15.583394,5740,0x46,PUCCH,,,,,,,,,,,,,,,,,,1,-inf,"0.000,",,,,,,,,,1787048715.583394,gnb1,ramp,pre,,,
2026-08-18T10:25:16.285316,5760,0x46,PUCCH,,,,,,,,,,,,,,,,,,1,-inf,"0.000,",,,,,,,,,1787048716.285316,gnb1,ramp,pre,,,
2026-08-18T10:25:17.653041,5800,0x46,PUCCH,,,,,,,,,,,,,,,,,,1,-inf,"0.000,",,,,,,,,,1787048717.653041,gnb1,ramp,pre,,,
2026-08-18T10:25:18.405363,5820,0x46,PUCCH,,,,,,,,,,,,,,,,,,1,-inf,"0.000,",,,,,,,,,1787048718.405363,gnb1,ramp,pre,,,
2026-08-18T10:25:19.112579,5840,0x46,PUCCH,,,,,,,,,,,,,,,,,,1,-inf,"0.000,",,,,,,,,,1787048719.112579,gnb1,ramp,pre,,,
2026-08-18T10:25:20.481659,5880,0x46,PUCCH,,,,,,,,,,,,,,,,,,1,-inf,"0.000,",,,,,,,,,1787048720.481659,gnb1,ramp,pre,,,
2026-08-18T10:25:21.211375,5900,0x46,PUCCH,,,,,,,,,,,,,,,,,,1,-inf,"0.000,",,,,,,,,,1787048721.211375,gnb1,ramp,pre,,,
2026-08-18T10:25:22.639441,5940,0x46,PUCCH,,,,,,,,,,,,,,,,,,1,-inf,"0.000,",,,,,,,,,1787048722.639441,gnb1,ramp,pre,,,
2026-08-18T10:25:23.251942,5960,0x46,PUCCH,,,,,,,,,,,,,,,,,,1,-inf,"0.000,",,,,,,,,,1787048723.251942,gnb1,ramp,pre,,,
2026-08-18T10:25:24.639652,6000,0x46,PUCCH,,,,,,,,,,,,,,,,,,1,-inf,"0.000,",,,,,,,,,1787048724.639652,gnb1,ramp,pre,,,
2026-08-18T10:25:25.347481,6020,0x46,PUCCH,,,,,,,,,,,,,,,,,,1,-inf,"0.000,",,,,,,,,,1787048725.347481,gnb1,ramp,pre,,,
2026-08-18T10:25:26.628118,6060,0x46,PUCCH,,,,,,,,,,,,,,,,,,1,-inf,"0.000,",,,,,,,,,1787048726.628118,gnb1,ramp,pre,,,
2026-08-18T10:25:27.295553,6080,0x46,PUCCH,,,,,,,,,,,,,,,,,,1,-inf,"0.000,",,,,,,,,,1787048727.295553,gnb1,ramp,pre,,,
2026-08-18T10:25:28.661095,6120,0x46,PUCCH,,,,,,,,,,,,,,,,,,1,-inf,"0.000,",,,,,,,,,1787048728.661095,gnb1,ramp,pre,,,
2026-08-18T10:25:29.330642,6140,0x46,PUCCH,,,,,,,,,,,,,,,,,,1,-inf,"0.000,",,,,,,,,,1787048729.330642,gnb1,ramp,pre,,,
2026-08-18T10:25:30.001199,6160,0x46,PUCCH,,,,,,,,,,,,,,,,,,1,-inf,"0.000,",,,,,,,,,1787048730.001199,gnb1,ramp,pre,,,
2026-08-18T10:25:31.272782,6200,0x46,PUCCH,,,,,,,,,,,,,,,,,,1,-inf,"0.000,",,,,,,,,,1787048731.272782,gnb1,ramp,pre,,,
2026-08-18T10:25:32.639319,6240,0x46,PUCCH,,,,,,,,,,,,,,,,,,1,-inf,"0.000,",,,,,,,,,1787048732.639319,gnb1,ramp,pre,,,
2026-08-18T10:25:33.265529,6260,0x46,PUCCH,,,,,,,,,,,,,,,,,,1,-inf,"0.000,",,,,,,,,,1787048733.265529,gnb1,ramp,pre,,,
2026-08-18T10:25:34.551665,6300,0x46,PUCCH,,,,,,,,,,,,,,,,,,1,-inf,"0.000,",,,,,,,,,1787048734.551665,gnb1,ramp,pre,,,
2026-08-18T10:25:35.171961,6320,0x46,PUCCH,,,,,,,,,,,,,,,,,,1,-inf,"0.000,",,,,,,,,,1787048735.171961,gnb1,ramp,pre,,,
2026-08-18T10:25:36.484592,6360,0x46,PUCCH,,,,,,,,,,,,,,,,,,1,-inf,"0.000,",,,,,,,,,1787048736.484592,gnb1,ramp,pre,,,
2026-08-18T10:25:37.156022,6380,0x46,PUCCH,,,,,,,,,,,,,,,,,,1,-inf,"0.000,",,,,,,,,,1787048737.156022,gnb1,ramp,pre,,,
2026-08-18T10:25:38.460125,6420,0x46,PUCCH,,,,,,,,,,,,,,,,,,1,-inf,"0.000,",,,,,,,,,1787048738.460125,gnb1,ramp,pre,,,
2026-08-18T10:25:39.094148,6440,0x46,PUCCH,,,,,,,,,,,,,,,,,,1,-inf,"0.000,",,,,,,,,,1787048739.094148,gnb1,ramp,pre,,,
2026-08-18T10:25:40.478692,6480,0x46,PUCCH,,,,,,,,,,,,,,,,,,1,-inf,"0.000,",,,,,,,,,1787048740.478692,gnb1,ramp,pre,,,
2026-08-18T10:25:41.118606,6500,0x46,PUCCH,,,,,,,,,,,,,,,,,,1,-inf,"0.000,",,,,,,,,,1787048741.118606,gnb1,ramp,pre,,,
2026-08-18T10:25:42.475177,6540,0x46,PUCCH,,,,,,,,,,,,,,,,,,1,-inf,"0.000,",,,,,,,,,1787048742.475177,gnb1,ramp,pre,,,
2026-08-18T10:25:43.190946,6560,0x46,PUCCH,,,,,,,,,,,,,,,,,,1,-inf,"0.000,",,,,,,,,,1787048743.190946,gnb1,ramp,pre,,,
2026-08-18T10:25:44.584198,6600,0x46,PUCCH,,,,,,,,,,,,,,,,,,1,-inf,"0.000,",,,,,,,,,1787048744.584198,gnb1,ramp,pre,,,
2026-08-18T10:25:45.277312,6620,0x46,PUCCH,,,,,,,,,,,,,,,,,,1,-inf,"0.000,",,,,,,,,,1787048745.277312,gnb1,ramp,pre,,,
2026-08-18T10:25:46.604407,6660,0x46,PUCCH,,,,,,,,,,,,,,,,,,1,-inf,"0.000,",,,,,,,,,1787048746.604407,gnb1,ramp,pre,,,
2026-08-18T10:25:47.316172,6680,0x46,PUCCH,,,,,,,,,,,,,,,,,,1,-inf,"0.000,",,,,,,,,,1787048747.316172,gnb1,ramp,pre,,,
2026-08-18T10:25:48.600963,6720,0x46,PUCCH,,,,,,,,,,,,,,,,,,1,-inf,"0.000,",,,,,,,,,1787048748.600963,gnb1,ramp,pre,,,
2026-08-18T10:25:49.217030,6740,0x46,PUCCH,,,,,,,,,,,,,,,,,,1,-inf,"0.000,",,,,,,,,,1787048749.217030,gnb1,ramp,pre,,,
2026-08-18T10:25:50.532279,6780,0x46,PUCCH,,,,,,,,,,,,,,,,,,1,-inf,"0.000,",,,,,,,,,1787048750.532279,gnb1,ramp,pre,,,
2026-08-18T10:25:51.192823,6800,0x46,PUCCH,,,,,,,,,,,,,,,,,,1,-inf,"0.000,",,,,,,,,,1787048751.192823,gnb1,ramp,pre,,,
2026-08-18T10:25:52.579870,6840,0x46,PUCCH,,,,,,,,,,,,,,,,,,1,-inf,"0.000,",,,,,,,,,1787048752.579870,gnb1,ramp,pre,,,
2026-08-18T10:25:53.263539,6860,0x46,PUCCH,,,,,,,,,,,,,,,,,,1,-inf,"0.000,",,,,,,,,,1787048753.263539,gnb1,ramp,pre,,,
2026-08-18T10:25:54.606452,6900,0x46,PUCCH,,,,,,,,,,,,,,,,,,1,-inf,"0.000,",,,,,,,,,1787048754.606452,gnb1,ramp,pre,,,
2026-08-18T10:25:55.300725,6920,0x46,PUCCH,,,,,,,,,,,,,,,,,,1,-inf,"0.000,",,,,,,,,,1787048755.300725,gnb1,ramp,pre,,,
2026-08-18T10:25:56.639399,6960,0x46,PUCCH,,,,,,,,,,,,,,,,,,1,-inf,"0.000,",,,,,,,,,1787048756.639399,gnb1,ramp,pre,,,
2026-08-18T10:25:57.293094,6980,0x46,PUCCH,,,,,,,,,,,,,,,,,,1,-inf,"0.000,",,,,,,,,,1787048757.293094,gnb1,ramp,pre,,,
2026-08-18T10:25:58.637232,7020,0x46,PUCCH,,,,,,,,,,,,,,,,,,1,-inf,"0.000,",,,,,,,,,1787048758.637232,gnb1,ramp,pre,,,
2026-08-18T10:25:59.327508,7040,0x46,PUCCH,,,,,,,,,,,,,,,,,,1,-inf,"0.000,",,,,,,,,,1787048759.327508,gnb1,ramp,pre,,,
2026-08-18T10:26:00.623910,7080,0x46,PUCCH,,,,,,,,,,,,,,,,,,1,-inf,"0.000,",,,,,,,,,1787048760.623910,gnb1,ramp,pre,,,
2026-08-18T10:26:01.266057,7100,0x46,PUCCH,,,,,,,,,,,,,,,,,,1,-inf,"0.000,",,,,,,,,,1787048761.266057,gnb1,ramp,pre,,,
2026-08-18T10:26:02.524177,7140,0x46,PUCCH,,,,,,,,,,,,,,,,,,1,-inf,"0.000,",,,,,,,,,1787048762.524177,gnb1,ramp,pre,,,
2026-08-18T10:26:03.141043,7160,0x46,PUCCH,,,,,,,,,,,,,,,,,,1,-inf,"0.000,",,,,,,,,,1787048763.141043,gnb1,ramp,pre,,,
2026-08-18T10:26:04.437373,7200,0x46,PUCCH,,,,,,,,,,,,,,,,,,1,-inf,"0.000,",,,,,,,,,1787048764.437373,gnb1,ramp,pre,,,
2026-08-18T10:26:05.038788,7220,0x46,PUCCH,,,,,,,,,,,,,,,,,,1,-inf,"0.000,",,,,,,,,,1787048765.038788,gnb1,ramp,pre,,,
2026-08-18T10:26:06.340404,7260,0x46,PUCCH,,,,,,,,,,,,,,,,,,1,-inf,"0.000,",,,,,,,,,1787048766.340404,gnb1,ramp,pre,,,
2026-08-18T10:26:07.002188,7281,0x46,PUCCH,,,,,,,,,,,,,,,,,,2,111.8,"1.000,",,,,,,,,,1787048767.002188,gnb1,ramp,pre,,,
2026-08-18T10:26:08.348782,7320,0x46,PUCCH,,,,,,,,,,,,,,,,,,1,-inf,"0.000,",,,,,,,,,1787048768.348782,gnb1,ramp,pre,,,
2026-08-18T10:26:09.603911,7360,0x46,PUCCH,,,,,,,,,,,,,,,,,,1,-inf,"0.000,",,,,,,,,,1787048769.603911,gnb1,ramp,pre,,,
2026-08-18T10:26:10.279509,7380,0x46,PUCCH,,,,,,,,,,,,,,,,,,1,-inf,"0.000,",,,,,,,,,1787048770.279509,gnb1,ramp,pre,,,
2026-08-18T10:26:11.000171,7400,0x46,PUCCH,,,,,,,,,,,,,,,,,,1,-inf,"0.000,",,,,,,,,,1787048771.000171,gnb1,ramp,pre,,,
2026-08-18T10:26:12.277358,7440,0x46,PUCCH,,,,,,,,,,,,,,,,,,1,-inf,"0.000,",,,,,,,,,1787048772.277358,gnb1,ramp,pre,,,
2026-08-18T10:26:13.544029,7480,0x46,PUCCH,,,,,,,,,,,,,,,,,,1,-inf,"0.000,",,,,,,,,,1787048773.544029,gnb1,ramp,pre,,,
2026-08-18T10:26:14.220139,7500,0x46,PUCCH,,,,,,,,,,,,,,,,,,1,-inf,"0.000,",,,,,,,,,1787048774.220139,gnb1,ramp,pre,,,
2026-08-18T10:26:15.583616,7540,0x46,PUCCH,,,,,,,,,,,,,,,,,,1,-inf,"0.000,",,,,,,,,,1787048775.583616,gnb1,ramp,pre,,,
2026-08-18T10:26:16.239668,7560,0x46,PUCCH,,,,,,,,,,,,,,,,,,1,-inf,"0.000,",,,,,,,,,1787048776.239668,gnb1,ramp,pre,,,
2026-08-18T10:26:17.601101,7600,0x46,PUCCH,,,,,,,,,,,,,,,,,,1,-inf,"0.000,",,,,,,,,,1787048777.601101,gnb1,ramp,pre,,,
2026-08-18T10:26:18.257452,7620,0x46,PUCCH,,,,,,,,,,,,,,,,,,1,-inf,"0.000,",,,,,,,,,1787048778.257452,gnb1,ramp,pre,,,
2026-08-18T10:26:19.491017,7660,0x46,PUCCH,,,,,,,,,,,,,,,,,,1,-inf,"0.000,",,,,,,,,,1787048779.491017,gnb1,ramp,pre,,,
2026-08-18T10:26:20.146014,7680,0x46,PUCCH,,,,,,,,,,,,,,,,,,1,-inf,"0.000,",,,,,,,,,1787048780.146014,gnb1,ramp,pre,,,
2026-08-18T10:26:21.427750,7720,0x46,PUCCH,,,,,,,,,,,,,,,,,,1,-inf,"0.000,",,,,,,,,,1787048781.427750,gnb1,ramp,pre,,,
2026-08-18T10:26:22.045244,7740,0x46,PUCCH,,,,,,,,,,,,,,,,,,1,-inf,"0.000,",,,,,,,,,1787048782.045244,gnb1,ramp,pre,,,
2026-08-18T10:26:23.364266,7780,0x46,PUCCH,,,,,,,,,,,,,,,,,,1,-inf,"0.000,",,,,,,,,,1787048783.364266,gnb1,ramp,pre,,,
2026-08-18T10:26:24.011111,7800,0x46,PUCCH,,,,,,,,,,,,,,,,,,1,-inf,"0.000,",,,,,,,,,1787048784.011111,gnb1,ramp,pre,,,
2026-08-18T10:26:25.324409,7840,0x46,PUCCH,,,,,,,,,,,,,,,,,,1,-inf,"0.000,",,,,,,,,,1787048785.324409,gnb1,ramp,pre,,,
2026-08-18T10:26:26.648201,7880,0x46,PUCCH,,,,,,,,,,,,,,,,,,1,-inf,"0.000,",,,,,,,,,1787048786.648201,gnb1,ramp,pre,,,
2026-08-18T10:26:27.282998,7900,0x46,PUCCH,,,,,,,,,,,,,,,,,,1,-inf,"0.000,",,,,,,,,,1787048787.282998,gnb1,ramp,pre,,,
2026-08-18T10:26:28.617377,7940,0x46,PUCCH,,,,,,,,,,,,,,,,,,1,-inf,"0.000,",,,,,,,,,1787048788.617377,gnb1,ramp,pre,,,
2026-08-18T10:26:29.328990,7960,0x46,PUCCH,,,,,,,,,,,,,,,,,,1,-inf,"0.000,",,,,,,,,,1787048789.328990,gnb1,ramp,pre,,,
2026-08-18T10:26:30.583810,8000,0x46,PUCCH,,,,,,,,,,,,,,,,,,1,-inf,"0.000,",,,,,,,,,1787048790.583810,gnb1,ramp,pre,,,
2026-08-18T10:26:31.237292,8020,0x46,PUCCH,,,,,,,,,,,,,,,,,,1,-inf,"0.000,",,,,,,,,,1787048791.237292,gnb1,ramp,pre,,,
2026-08-18T10:26:32.549557,8060,0x46,PUCCH,,,,,,,,,,,,,,,,,,1,-inf,"0.000,",,,,,,,,,1787048792.549557,gnb1,ramp,pre,,,
2026-08-18T10:26:33.202918,8080,0x46,PUCCH,,,,,,,,,,,,,,,,,,1,-inf,"0.000,",,,,,,,,,1787048793.202918,gnb1,ramp,pre,,,
2026-08-18T10:26:34.461253,8120,0x46,PUCCH,,,,,,,,,,,,,,,,,,1,-inf,"0.000,",,,,,,,,,1787048794.461253,gnb1,ramp,pre,,,
2026-08-18T10:26:35.132706,8140,0x46,PUCCH,,,,,,,,,,,,,,,,,,1,-inf,"0.000,",,,,,,,,,1787048795.132706,gnb1,ramp,pre,,,
2026-08-18T10:26:36.436515,8180,0x46,PUCCH,,,,,,,,,,,,,,,,,,1,-inf,"0.000,",,,,,,,,,1787048796.436515,gnb1,ramp,pre,,,
2026-08-18T10:26:37.119206,8200,0x46,PUCCH,,,,,,,,,,,,,,,,,,1,-inf,"0.000,",,,,,,,,,1787048797.119206,gnb1,ramp,pre,,,
2026-08-18T10:26:38.438641,8240,0x46,PUCCH,,,,,,,,,,,,,,,,,,1,-inf,"0.000,",,,,,,,,,1787048798.438641,gnb1,ramp,pre,,,
2026-08-18T10:26:39.161237,8260,0x46,PUCCH,,,,,,,,,,,,,,,,,,1,-inf,"0.000,",,,,,,,,,1787048799.161237,gnb1,ramp,pre,,,
2026-08-18T10:26:40.559499,8300,0x46,PUCCH,,,,,,,,,,,,,,,,,,1,-inf,"0.000,",,,,,,,,,1787048800.559499,gnb1,ramp,pre,,,
2026-08-18T10:26:41.213052,8320,0x46,PUCCH,,,,,,,,,,,,,,,,,,1,-inf,"0.000,",,,,,,,,,1787048801.213052,gnb1,ramp,pre,,,
2026-08-18T10:26:42.675479,8360,0x46,PUCCH,,,,,,,,,,,,,,,,,,1,-inf,"0.000,",,,,,,,,,1787048802.675479,gnb1,ramp,pre,,,
2026-08-18T10:26:43.338223,8380,0x46,PUCCH,,,,,,,,,,,,,,,,,,1,-inf,"0.000,",,,,,,,,,1787048803.338223,gnb1,ramp,pre,,,
2026-08-18T10:26:44.040470,8400,0x46,PUCCH,,,,,,,,,,,,,,,,,,1,-inf,"0.000,",,,,,,,,,1787048804.040470,gnb1,ramp,pre,,,
2026-08-18T10:26:45.380426,8440,0x46,PUCCH,,,,,,,,,,,,,,,,,,1,-inf,"0.000,",,,,,,,,,1787048805.380426,gnb1,ramp,pre,,,
2026-08-18T10:26:46.066618,8460,0x46,PUCCH,,,,,,,,,,,,,,,,,,1,-inf,"0.000,",,,,,,,,,1787048806.066618,gnb1,ramp,pre,,,
2026-08-18T10:26:47.420993,8500,0x46,PUCCH,,,,,,,,,,,,,,,,,,1,-inf,"0.000,",,,,,,,,,1787048807.420993,gnb1,ramp,pre,,,
2026-08-18T10:26:48.073433,8520,0x46,PUCCH,,,,,,,,,,,,,,,,,,1,-inf,"0.000,",,,,,,,,,1787048808.073433,gnb1,ramp,pre,,,
2026-08-18T10:26:49.369686,8560,0x46,PUCCH,,,,,,,,,,,,,,,,,,1,-inf,"0.000,",,,,,,,,,1787048809.369686,gnb1,ramp,pre,,,
2026-08-18T10:26:50.080959,8580,0x46,PUCCH,,,,,,,,,,,,,,,,,,1,-inf,"0.000,",,,,,,,,,1787048810.080959,gnb1,ramp,pre,,,
2026-08-18T10:26:51.484166,8620,0x46,PUCCH,,,,,,,,,,,,,,,,,,1,-inf,"0.000,",,,,,,,,,1787048811.484166,gnb1,ramp,pre,,,
2026-08-18T10:26:52.179732,8640,0x46,PUCCH,,,,,,,,,,,,,,,,,,1,-inf,"0.000,",,,,,,,,,1787048812.179732,gnb1,ramp,pre,,,
2026-08-18T10:26:53.481669,8680,0x46,PUCCH,,,,,,,,,,,,,,,,,,1,-inf,"0.000,",,,,,,,,,1787048813.481669,gnb1,ramp,pre,,,
2026-08-18T10:26:54.198179,8700,0x46,PUCCH,,,,,,,,,,,,,,,,,,1,-inf,"0.000,",,,,,,,,,1787048814.198179,gnb1,ramp,pre,,,
2026-08-18T10:26:55.494356,8740,0x46,PUCCH,,,,,,,,,,,,,,,,,,1,-inf,"0.000,",,,,,,,,,1787048815.494356,gnb1,ramp,pre,,,
2026-08-18T10:26:56.158173,8760,0x46,PUCCH,,,,,,,,,,,,,,,,,,1,-inf,"0.000,",,,,,,,,,1787048816.158173,gnb1,ramp,pre,,,
2026-08-18T10:26:57.521641,8800,0x46,PUCCH,,,,,,,,,,,,,,,,,,1,-inf,"0.000,",,,,,,,,,1787048817.521641,gnb1,ramp,pre,,,
2026-08-18T10:26:58.163674,8820,0x46,PUCCH,,,,,,,,,,,,,,,,,,1,-inf,"0.000,",,,,,,,,,1787048818.163674,gnb1,ramp,pre,,,
2026-08-18T10:26:59.477748,8860,0x46,PUCCH,,,,,,,,,,,,,,,,,,1,-inf,"0.000,",,,,,,,,,1787048819.477748,gnb1,ramp,pre,,,
2026-08-18T10:27:00.228614,8880,0x46,PUCCH,,,,,,,,,,,,,,,,,,1,-inf,"0.000,",,,,,,,,,1787048820.228614,gnb1,ramp,pre,,,
2026-08-18T10:27:01.457214,8920,0x46,PUCCH,,,,,,,,,,,,,,,,,,1,-inf,"0.000,",,,,,,,,,1787048821.457214,gnb1,ramp,pre,,,
2026-08-18T10:27:02.115531,8940,0x46,PUCCH,,,,,,,,,,,,,,,,,,1,-inf,"0.000,",,,,,,,,,1787048822.115531,gnb1,ramp,pre,,,
2026-08-18T10:27:03.403841,8980,0x46,PUCCH,,,,,,,,,,,,,,,,,,1,-inf,"0.000,",,,,,,,,,1787048823.403841,gnb1,ramp,pre,,,
2026-08-18T10:27:04.019896,9000,0x46,PUCCH,,,,,,,,,,,,,,,,,,1,-inf,"0.000,",,,,,,,,,1787048824.019896,gnb1,ramp,pre,,,
2026-08-18T10:27:05.353322,9040,0x46,PUCCH,,,,,,,,,,,,,,,,,,1,-inf,"0.000,",,,,,,,,,1787048825.353322,gnb1,ramp,pre,,,
2026-08-18T10:27:06.033786,9060,0x46,PUCCH,,,,,,,,,,,,,,,,,,1,-inf,"0.000,",,,,,,,,,1787048826.033786,gnb1,ramp,pre,,,
2026-08-18T10:27:07.390795,9100,0x46,PUCCH,,,,,,,,,,,,,,,,,,1,-inf,"0.000,",,,,,,,,,1787048827.390795,gnb1,ramp,pre,,,
2026-08-18T10:27:08.032241,9121,0x46,PUCCH,,,,,,,,,,,,,,,,,,2,111.8,"1.000,",,,,,,,,,1787048828.032241,gnb1,ramp,pre,,,
2026-08-18T10:27:09.319513,9160,0x46,PUCCH,,,,,,,,,,,,,,,,,,1,-inf,"0.000,",,,,,,,,,1787048829.319513,gnb1,ramp,pre,,,
2026-08-18T10:27:10.012656,9180,0x46,PUCCH,,,,,,,,,,,,,,,,,,1,-inf,"0.000,",,,,,,,,,1787048830.012656,gnb1,ramp,pre,,,
2026-08-18T10:27:11.373269,9220,0x46,PUCCH,,,,,,,,,,,,,,,,,,1,-inf,"0.000,",,,,,,,,,1787048831.373269,gnb1,ramp,pre,,,
2026-08-18T10:27:12.099917,9240,0x46,PUCCH,,,,,,,,,,,,,,,,,,1,-inf,"0.000,",,,,,,,,,1787048832.099917,gnb1,ramp,pre,,,
2026-08-18T10:27:13.329217,9280,0x46,PUCCH,,,,,,,,,,,,,,,,,,1,-inf,"0.000,",,,,,,,,,1787048833.329217,gnb1,ramp,pre,,,
2026-08-18T10:27:14.554432,9320,0x46,PUCCH,,,,,,,,,,,,,,,,,,1,-inf,"0.000,",,,,,,,,,1787048834.554432,gnb1,ramp,pre,,,
2026-08-18T10:27:15.250770,9340,0x46,PUCCH,,,,,,,,,,,,,,,,,,1,-inf,"0.000,",,,,,,,,,1787048835.250770,gnb1,ramp,pre,,,
2026-08-18T10:27:16.504507,9380,0x46,PUCCH,,,,,,,,,,,,,,,,,,1,-inf,"0.000,",,,,,,,,,1787048836.504507,gnb1,ramp,pre,,,
2026-08-18T10:27:17.101061,9400,0x46,PUCCH,,,,,,,,,,,,,,,,,,1,-inf,"0.000,",,,,,,,,,1787048837.101061,gnb1,ramp,pre,,,
2026-08-18T10:27:18.300374,9440,0x46,PUCCH,,,,,,,,,,,,,,,,,,1,-inf,"0.000,",,,,,,,,,1787048838.300374,gnb1,ramp,pre,,,
2026-08-18T10:27:19.577291,9480,0x46,PUCCH,,,,,,,,,,,,,,,,,,1,-inf,"0.000,",,,,,,,,,1787048839.577291,gnb1,ramp,pre,,,
2026-08-18T10:27:20.228717,9500,0x46,PUCCH,,,,,,,,,,,,,,,,,,1,-inf,"0.000,",,,,,,,,,1787048840.228717,gnb1,ramp,pre,,,
2026-08-18T10:27:21.549313,9540,0x46,PUCCH,,,,,,,,,,,,,,,,,,1,-inf,"0.000,",,,,,,,,,1787048841.549313,gnb1,ramp,pre,,,
2026-08-18T10:27:22.249202,9560,0x46,PUCCH,,,,,,,,,,,,,,,,,,1,-inf,"0.000,",,,,,,,,,1787048842.249202,gnb1,ramp,pre,,,
2026-08-18T10:27:23.581286,9600,0x46,PUCCH,,,,,,,,,,,,,,,,,,1,-inf,"0.000,",,,,,,,,,1787048843.581286,gnb1,ramp,pre,,,
2026-08-18T10:27:24.219153,9620,0x46,PUCCH,,,,,,,,,,,,,,,,,,1,-inf,"0.000,",,,,,,,,,1787048844.219153,gnb1,ramp,pre,,,
2026-08-18T10:27:25.508162,9660,0x46,PUCCH,,,,,,,,,,,,,,,,,,1,-inf,"0.000,",,,,,,,,,1787048845.508162,gnb1,ramp,pre,,,
2026-08-18T10:27:26.195345,9680,0x46,PUCCH,,,,,,,,,,,,,,,,,,1,-inf,"0.000,",,,,,,,,,1787048846.195345,gnb1,ramp,pre,,,
2026-08-18T10:27:27.600557,9720,0x46,PUCCH,,,,,,,,,,,,,,,,,,1,-inf,"0.000,",,,,,,,,,1787048847.600557,gnb1,ramp,pre,,,
2026-08-18T10:27:28.265569,9740,0x46,PUCCH,,,,,,,,,,,,,,,,,,1,-inf,"0.000,",,,,,,,,,1787048848.265569,gnb1,ramp,pre,,,
2026-08-18T10:27:29.624294,9780,0x46,PUCCH,,,,,,,,,,,,,,,,,,1,-inf,"0.000,",,,,,,,,,1787048849.624294,gnb1,ramp,pre,,,
2026-08-18T10:27:30.246132,9800,0x46,PUCCH,,,,,,,,,,,,,,,,,,1,-inf,"0.000,",,,,,,,,,1787048850.246132,gnb1,ramp,pre,,,
2026-08-18T10:27:31.539528,9840,0x46,PUCCH,,,,,,,,,,,,,,,,,,1,-inf,"0.000,",,,,,,,,,1787048851.539528,gnb1,ramp,pre,,,
2026-08-18T10:27:32.167627,9860,0x46,PUCCH,,,,,,,,,,,,,,,,,,1,-inf,"0.000,",,,,,,,,,1787048852.167627,gnb1,ramp,pre,,,
2026-08-18T10:27:33.403412,9900,0x46,PUCCH,,,,,,,,,,,,,,,,,,1,-inf,"0.000,",,,,,,,,,1787048853.403412,gnb1,ramp,pre,,,
2026-08-18T10:27:34.021920,9920,0x46,PUCCH,,,,,,,,,,,,,,,,,,1,-inf,"0.000,",,,,,,,,,1787048854.021920,gnb1,ramp,pre,,,
2026-08-18T10:27:35.316670,9960,0x46,PUCCH,,,,,,,,,,,,,,,,,,1,-inf,"0.000,",,,,,,,,,1787048855.316670,gnb1,ramp,pre,,,
2026-08-18T10:27:36.579754,10000,0x46,PUCCH,,,,,,,,,,,,,,,,,,1,-inf,"0.000,",,,,,,,,,1787048856.579754,gnb1,ramp,pre,,,
2026-08-18T10:27:37.316826,10020,0x46,PUCCH,,,,,,,,,,,,,,,,,,1,-inf,"0.000,",,,,,,,,,1787048857.316826,gnb1,ramp,pre,,,
2026-08-18T10:27:38.040583,10041,0x46,PUCCH,,,,,,,,,,,,,,,,,,2,111.8,"1.000,",,,,,,,,,1787048858.040583,gnb1,ramp,pre,,,
2026-08-18T10:27:39.281607,10080,0x46,PUCCH,,,,,,,,,,,,,,,,,,1,-inf,"0.000,",,,,,,,,,1787048859.281607,gnb1,ramp,pre,,,
2026-08-18T10:27:40.622390,10120,0x46,PUCCH,,,,,,,,,,,,,,,,,,1,-inf,"0.000,",,,,,,,,,1787048860.622390,gnb1,ramp,pre,,,
2026-08-18T10:27:41.225682,10140,0x46,PUCCH,,,,,,,,,,,,,,,,,,1,-inf,"0.000,",,,,,,,,,1787048861.225682,gnb1,ramp,pre,,,
2026-08-18T10:27:42.534079,10180,0x46,PUCCH,,,,,,,,,,,,,,,,,,1,-inf,"0.000,",,,,,,,,,1787048862.534079,gnb1,ramp,pre,,,
2026-08-18T10:27:43.191256,10200,0x46,PUCCH,,,,,,,,,,,,,,,,,,1,-inf,"0.000,",,,,,,,,,1787048863.191256,gnb1,ramp,pre,,,
2026-08-18T10:27:44.556715,0,0x46,PUCCH,,,,,,,,,,,,,,,,,,1,-inf,"0.000,",,,,,,,,,1787048864.556715,gnb1,ramp,pre,,,
2026-08-18T10:27:45.205515,20,0x46,PUCCH,,,,,,,,,,,,,,,,,,1,-inf,"0.000,",,,,,,,,,1787048865.205515,gnb1,ramp,pre,,,
2026-08-18T10:27:46.391711,60,0x46,PUCCH,,,,,,,,,,,,,,,,,,1,-inf,"0.000,",,,,,,,,,1787048866.391711,gnb1,ramp,pre,,,
2026-08-18T10:27:47.057502,80,0x46,PUCCH,,,,,,,,,,,,,,,,,,1,-inf,"0.000,",,,,,,,,,1787048867.057502,gnb1,ramp,pre,,,
2026-08-18T10:27:48.277418,120,0x46,PUCCH,,,,,,,,,,,,,,,,,,1,-inf,"0.000,",,,,,,,,,1787048868.277418,gnb1,ramp,pre,,,
2026-08-18T10:27:49.590823,160,0x46,PUCCH,,,,,,,,,,,,,,,,,,1,-inf,"0.000,",,,,,,,,,1787048869.590823,gnb1,ramp,pre,,,
2026-08-18T10:27:50.214007,180,0x46,PUCCH,,,,,,,,,,,,,,,,,,1,-inf,"0.000,",,,,,,,,,1787048870.214007,gnb1,ramp,pre,,,
2026-08-18T10:27:51.493666,220,0x46,PUCCH,,,,,,,,,,,,,,,,,,1,-inf,"0.000,",,,,,,,,,1787048871.493666,gnb1,ramp,pre,,,
2026-08-18T10:27:52.130500,240,0x46,PUCCH,,,,,,,,,,,,,,,,,,1,-inf,"0.000,",,,,,,,,,1787048872.130500,gnb1,ramp,pre,,,
2026-08-18T10:27:53.470453,280,0x46,PUCCH,,,,,,,,,,,,,,,,,,1,-inf,"0.000,",,,,,,,,,1787048873.470453,gnb1,ramp,pre,,,
2026-08-18T10:27:54.147973,300,0x46,PUCCH,,,,,,,,,,,,,,,,,,1,-inf,"0.000,",,,,,,,,,1787048874.147973,gnb1,ramp,pre,,,
2026-08-18T10:27:55.392409,340,0x46,PUCCH,,,,,,,,,,,,,,,,,,1,-inf,"0.000,",,,,,,,,,1787048875.392409,gnb1,ramp,pre,,,
2026-08-18T10:27:56.004926,361,0x46,PUCCH,,,,,,,,,,,,,,,,,,2,111.8,"1.000,",,,,,,,,,1787048876.004926,gnb1,ramp,pre,,,
2026-08-18T10:27:57.276029,400,0x46,PUCCH,,,,,,,,,,,,,,,,,,1,-inf,"0.000,",,,,,,,,,1787048877.276029,gnb1,ramp,pre,,,
2026-08-18T10:27:58.550234,440,0x46,PUCCH,,,,,,,,,,,,,,,,,,1,-inf,"0.000,",,,,,,,,,1787048878.550234,gnb1,ramp,pre,,,
2026-08-18T10:27:59.250462,460,0x46,PUCCH,,,,,,,,,,,,,,,,,,1,-inf,"0.000,",,,,,,,,,1787048879.250462,gnb1,ramp,pre,,,
2026-08-18T10:28:00.450730,500,0x46,PUCCH,,,,,,,,,,,,,,,,,,1,-inf,"0.000,",,,,,,,,,1787048880.450730,gnb1,ramp,pre,,,
2026-08-18T10:28:01.079053,520,0x46,PUCCH,,,,,,,,,,,,,,,,,,1,-inf,"0.000,",,,,,,,,,1787048881.079053,gnb1,ramp,pre,,,
2026-08-18T10:28:02.280549,560,0x46,PUCCH,,,,,,,,,,,,,,,,,,1,-inf,"0.000,",,,,,,,,,1787048882.280549,gnb1,ramp,pre,,,
2026-08-18T10:28:03.593543,600,0x46,PUCCH,,,,,,,,,,,,,,,,,,1,-inf,"0.000,",,,,,,,,,1787048883.593543,gnb1,ramp,pre,,,
2026-08-18T10:28:04.270894,620,0x46,PUCCH,,,,,,,,,,,,,,,,,,1,-inf,"0.000,",,,,,,,,,1787048884.270894,gnb1,ramp,pre,,,
2026-08-18T10:28:05.590786,660,0x46,PUCCH,,,,,,,,,,,,,,,,,,1,-inf,"0.000,",,,,,,,,,1787048885.590786,gnb1,ramp,pre,,,
2026-08-18T10:28:06.216595,680,0x46,PUCCH,,,,,,,,,,,,,,,,,,1,-inf,"0.000,",,,,,,,,,1787048886.216595,gnb1,ramp,pre,,,
2026-08-18T10:28:07.456860,720,0x46,PUCCH,,,,,,,,,,,,,,,,,,1,-inf,"0.000,",,,,,,,,,1787048887.456860,gnb1,ramp,pre,,,
2026-08-18T10:28:08.129415,740,0x46,PUCCH,,,,,,,,,,,,,,,,,,1,-inf,"0.000,",,,,,,,,,1787048888.129415,gnb1,ramp,pre,,,
2026-08-18T10:28:09.437633,780,0x46,PUCCH,,,,,,,,,,,,,,,,,,1,-inf,"0.000,",,,,,,,,,1787048889.437633,gnb1,ramp,pre,,,
2026-08-18T10:28:10.050522,800,0x46,PUCCH,,,,,,,,,,,,,,,,,,1,-inf,"0.000,",,,,,,,,,1787048890.050522,gnb1,ramp,pre,,,
2026-08-18T10:28:11.322788,840,0x46,PUCCH,,,,,,,,,,,,,,,,,,1,-inf,"0.000,",,,,,,,,,1787048891.322788,gnb1,ramp,pre,,,
2026-08-18T10:28:12.019570,860,0x46,PUCCH,,,,,,,,,,,,,,,,,,1,-inf,"0.000,",,,,,,,,,1787048892.019570,gnb1,ramp,pre,,,
2026-08-18T10:28:13.316957,900,0x46,PUCCH,,,,,,,,,,,,,,,,,,1,-inf,"0.000,",,,,,,,,,1787048893.316957,gnb1,ramp,pre,,,
2026-08-18T10:28:14.003192,921,0x46,PUCCH,,,,,,,,,,,,,,,,,,2,111.8,"1.000,",,,,,,,,,1787048894.003192,gnb1,ramp,pre,,,
2026-08-18T10:28:15.302907,960,0x46,PUCCH,,,,,,,,,,,,,,,,,,1,-inf,"0.000,",,,,,,,,,1787048895.302907,gnb1,ramp,pre,,,
2026-08-18T10:28:16.545009,1000,0x46,PUCCH,,,,,,,,,,,,,,,,,,1,-inf,"0.000,",,,,,,,,,1787048896.545009,gnb1,ramp,pre,,,
2026-08-18T10:28:17.191065,1020,0x46,PUCCH,,,,,,,,,,,,,,,,,,1,-inf,"0.000,",,,,,,,,,1787048897.191065,gnb1,ramp,pre,,,
2026-08-18T10:28:18.461471,1060,0x46,PUCCH,,,,,,,,,,,,,,,,,,1,-inf,"0.000,",,,,,,,,,1787048898.461471,gnb1,ramp,pre,,,
2026-08-18T10:28:19.144537,1080,0x46,PUCCH,,,,,,,,,,,,,,,,,,1,-inf,"0.000,",,,,,,,,,1787048899.144537,gnb1,ramp,pre,,,
2026-08-18T10:28:20.400656,1120,0x46,PUCCH,,,,,,,,,,,,,,,,,,1,-inf,"0.000,",,,,,,,,,1787048900.400656,gnb1,ramp,pre,,,
2026-08-18T10:28:21.035127,1140,0x46,PUCCH,,,,,,,,,,,,,,,,,,1,-inf,"0.000,",,,,,,,,,1787048901.035127,gnb1,ramp,pre,,,
2026-08-18T10:28:22.284420,1180,0x46,PUCCH,,,,,,,,,,,,,,,,,,1,-inf,"0.000,",,,,,,,,,1787048902.284420,gnb1,ramp,pre,,,
2026-08-18T10:28:23.567673,1220,0x46,PUCCH,,,,,,,,,,,,,,,,,,1,-inf,"0.000,",,,,,,,,,1787048903.567673,gnb1,ramp,pre,,,
2026-08-18T10:28:24.233261,1240,0x46,PUCCH,,,,,,,,,,,,,,,,,,1,-inf,"0.000,",,,,,,,,,1787048904.233261,gnb1,ramp,pre,,,
2026-08-18T10:28:25.410448,1280,0x46,PUCCH,,,,,,,,,,,,,,,,,,1,-inf,"0.000,",,,,,,,,,1787048905.410448,gnb1,ramp,pre,,,
2026-08-18T10:28:26.008246,1300,0x46,PUCCH,,,,,,,,,,,,,,,,,,1,-inf,"0.000,",,,,,,,,,1787048906.008246,gnb1,ramp,pre,,,
2026-08-18T10:28:27.298001,1340,0x46,PUCCH,,,,,,,,,,,,,,,,,,1,-inf,"0.000,",,,,,,,,,1787048907.298001,gnb1,ramp,pre,,,
2026-08-18T10:28:28.552607,1380,0x46,PUCCH,,,,,,,,,,,,,,,,,,1,-inf,"0.000,",,,,,,,,,1787048908.552607,gnb1,ramp,pre,,,
2026-08-18T10:28:29.183859,1400,0x46,PUCCH,,,,,,,,,,,,,,,,,,1,-inf,"0.000,",,,,,,,,,1787048909.183859,gnb1,ramp,pre,,,
2026-08-18T10:28:30.502395,1440,0x46,PUCCH,,,,,,,,,,,,,,,,,,1,-inf,"0.000,",,,,,,,,,1787048910.502395,gnb1,ramp,pre,,,
2026-08-18T10:28:31.197674,1460,0x46,PUCCH,,,,,,,,,,,,,,,,,,1,-inf,"0.000,",,,,,,,,,1787048911.197674,gnb1,ramp,pre,,,
2026-08-18T10:28:32.473623,1500,0x46,PUCCH,,,,,,,,,,,,,,,,,,1,-inf,"0.000,",,,,,,,,,1787048912.473623,gnb1,ramp,pre,,,
2026-08-18T10:28:33.152591,1520,0x46,PUCCH,,,,,,,,,,,,,,,,,,1,-inf,"0.000,",,,,,,,,,1787048913.152591,gnb1,ramp,pre,,,
2026-08-18T10:28:34.481476,1560,0x46,PUCCH,,,,,,,,,,,,,,,,,,1,-inf,"0.000,",,,,,,,,,1787048914.481476,gnb1,ramp,pre,,,
2026-08-18T10:28:35.179692,1580,0x46,PUCCH,,,,,,,,,,,,,,,,,,1,-inf,"0.000,",,,,,,,,,1787048915.179692,gnb1,ramp,pre,,,
2026-08-18T10:28:36.489526,1620,0x46,PUCCH,,,,,,,,,,,,,,,,,,1,-inf,"0.000,",,,,,,,,,1787048916.489526,gnb1,ramp,pre,,,
2026-08-18T10:28:37.164218,1640,0x46,PUCCH,,,,,,,,,,,,,,,,,,1,-inf,"0.000,",,,,,,,,,1787048917.164218,gnb1,ramp,pre,,,
2026-08-18T10:28:38.483250,1680,0x46,PUCCH,,,,,,,,,,,,,,,,,,1,-inf,"0.000,",,,,,,,,,1787048918.483250,gnb1,ramp,pre,,,
2026-08-18T10:28:39.150846,1700,0x46,PUCCH,,,,,,,,,,,,,,,,,,1,-inf,"0.000,",,,,,,,,,1787048919.150846,gnb1,ramp,pre,,,
2026-08-18T10:28:40.395515,1740,0x46,PUCCH,,,,,,,,,,,,,,,,,,1,-inf,"0.000,",,,,,,,,,1787048920.395515,gnb1,ramp,pre,,,
2026-08-18T10:28:41.043935,1760,0x46,PUCCH,,,,,,,,,,,,,,,,,,1,-inf,"0.000,",,,,,,,,,1787048921.043935,gnb1,ramp,pre,,,
2026-08-18T10:28:42.275520,1800,0x46,PUCCH,,,,,,,,,,,,,,,,,,1,-inf,"0.000,",,,,,,,,,1787048922.275520,gnb1,ramp,pre,,,
2026-08-18T10:28:43.553661,1840,0x46,PUCCH,,,,,,,,,,,,,,,,,,1,-inf,"0.000,",,,,,,,,,1787048923.553661,gnb1,ramp,pre,,,
2026-08-18T10:28:44.186944,1860,0x46,PUCCH,,,,,,,,,,,,,,,,,,1,-inf,"0.000,",,,,,,,,,1787048924.186944,gnb1,ramp,pre,,,
2026-08-18T10:28:45.456362,1900,0x46,PUCCH,,,,,,,,,,,,,,,,,,1,-inf,"0.000,",,,,,,,,,1787048925.456362,gnb1,ramp,pre,,,
2026-08-18T10:28:46.111989,1920,0x46,PUCCH,,,,,,,,,,,,,,,,,,1,-inf,"0.000,",,,,,,,,,1787048926.111989,gnb1,ramp,pre,,,
2026-08-18T10:28:47.336381,1960,0x46,PUCCH,,,,,,,,,,,,,,,,,,1,-inf,"0.000,",,,,,,,,,1787048927.336381,gnb1,ramp,pre,,,
2026-08-18T10:28:48.496767,2000,0x46,PUCCH,,,,,,,,,,,,,,,,,,1,-inf,"0.000,",,,,,,,,,1787048928.496767,gnb1,ramp,pre,,,
2026-08-18T10:28:49.127081,2020,0x46,PUCCH,,,,,,,,,,,,,,,,,,1,-inf,"0.000,",,,,,,,,,1787048929.127081,gnb1,ramp,pre,,,
2026-08-18T10:28:50.432136,2060,0x46,PUCCH,,,,,,,,,,,,,,,,,,1,-inf,"0.000,",,,,,,,,,1787048930.432136,gnb1,ramp,pre,,,
2026-08-18T10:28:51.119246,2080,0x46,PUCCH,,,,,,,,,,,,,,,,,,1,-inf,"0.000,",,,,,,,,,1787048931.119246,gnb1,ramp,pre,,,
2026-08-18T10:28:52.396858,2120,0x46,PUCCH,,,,,,,,,,,,,,,,,,1,-inf,"0.000,",,,,,,,,,1787048932.396858,gnb1,ramp,pre,,,
2026-08-18T10:31:06.095484,360,0x46,PUCCH,,,,,,,,,,,,,,,,,,1,-inf,"0.000,",,,,,,,,,1787049066.095484,gnb2,post,post,,,
2026-08-18T10:31:07.616284,397,0x46,PUCCH,,,,,,,,,,,,,,,,,,1a,111.8,"1.000,",,,1,,,,,,1787049067.616284,gnb2,post,post,,,
2026-08-18T10:31:08.245132,417,0x46,PUCCH,,,,,,,,,,,,,,,,,,1a,111.7,"1.000,",,,1,,,,,,1787049068.245132,gnb2,post,post,,,
2026-08-18T10:31:09.256321,457,0x46,PUCCH,,,,,,,,,,,,,,,,,,1a,111.7,"1.000,",,,1,,,,,,1787049069.256321,gnb2,post,post,,,
2026-08-18T10:31:10.057960,477,0x46,PUCCH,,,,,,,,,,,,,,,,,,1a,111.7,"1.000,",,,1,,,,,,1787049070.057960,gnb2,post,post,,,
2026-08-18T10:31:11.207172,517,0x46,PUCCH,,,,,,,,,,,,,,,,,,1a,111.7,"1.000,",,,1,,,,,,1787049071.207172,gnb2,post,post,,,
2026-08-18T10:31:12.105979,540,0x46,PUCCH,,,,,,,,,,,,,,,,,,1,111.8,"1.000,",,,,,,,,,1787049072.105979,gnb2,post,post,,,
2026-08-18T10:31:13.463083,580,0x46,PUCCH,,,,,,,,,,,,,,,,,,1,-inf,"0.000,",,,,,,,,,1787049073.463083,gnb2,post,post,,,
2026-08-18T10:31:14.680027,620,0x46,PUCCH,,,,,,,,,,,,,,,,,,1,-inf,"0.000,",,,,,,,,,1787049074.680027,gnb2,post,post,,,
2026-08-18T10:31:15.442351,640,0x46,PUCCH,,,,,,,,,,,,,,,,,,1,-inf,"0.000,",,,,,,,,,1787049075.442351,gnb2,post,post,,,
2026-08-18T10:31:16.139088,660,0x46,PUCCH,,,,,,,,,,,,,,,,,,1,-inf,"0.000,",,,,,,,,,1787049076.139088,gnb2,post,post,,,
2026-08-18T10:31:17.542134,700,0x46,PUCCH,,,,,,,,,,,,,,,,,,1,-inf,"0.000,",,,,,,,,,1787049077.542134,gnb2,post,post,,,
2026-08-18T10:31:18.284998,720,0x46,PUCCH,,,,,,,,,,,,,,,,,,1,-inf,"0.000,",,,,,,,,,1787049078.284998,gnb2,post,post,,,
2026-08-18T10:31:19.436147,760,0x46,PUCCH,,,,,,,,,,,,,,,,,,1,-inf,"0.000,",,,,,,,,,1787049079.436147,gnb2,post,post,,,
2026-08-18T10:31:20.263010,780,0x46,PUCCH,,,,,,,,,,,,,,,,,,1,-inf,"0.000,",,,,,,,,,1787049080.263010,gnb2,post,post,,,
2026-08-18T10:31:21.666029,820,0x46,PUCCH,,,,,,,,,,,,,,,,,,1,-inf,"0.000,",,,,,,,,,1787049081.666029,gnb2,post,post,,,
2026-08-18T10:31:22.443358,840,0x46,PUCCH,,,,,,,,,,,,,,,,,,1,-inf,"0.000,",,,,,,,,,1787049082.443358,gnb2,post,post,,,
2026-08-18T10:31:23.118276,860,0x46,PUCCH,,,,,,,,,,,,,,,,,,1,-inf,"0.000,",,,,,,,,,1787049083.118276,gnb2,post,post,,,
2026-08-18T10:31:24.533047,900,0x46,PUCCH,,,,,,,,,,,,,,,,,,1,-inf,"0.000,",,,,,,,,,1787049084.533047,gnb2,post,post,,,
2026-08-18T10:31:25.442397,920,0x46,PUCCH,,,,,,,,,,,,,,,,,,1,-inf,"0.000,",,,,,,,,,1787049085.442397,gnb2,post,post,,,
2026-08-18T10:31:26.145667,940,0x46,PUCCH,,,,,,,,,,,,,,,,,,1,-inf,"0.000,",,,,,,,,,1787049086.145667,gnb2,post,post,,,
2026-08-18T10:31:27.122301,960,0x46,PUCCH,,,,,,,,,,,,,,,,,,1,-inf,"0.000,",,,,,,,,,1787049087.122301,gnb2,post,post,,,
2026-08-18T10:31:28.238690,1000,0x46,PUCCH,,,,,,,,,,,,,,,,,,1,-inf,"0.000,",,,,,,,,,1787049088.238690,gnb2,post,post,,,
2026-08-18T10:31:29.603662,1040,0x46,PUCCH,,,,,,,,,,,,,,,,,,1,-inf,"0.000,",,,,,,,,,1787049089.603662,gnb2,post,post,,,
2026-08-18T10:31:30.265195,1060,0x46,PUCCH,,,,,,,,,,,,,,,,,,1,-inf,"0.000,",,,,,,,,,1787049090.265195,gnb2,post,post,,,
2026-08-18T10:31:31.397569,1100,0x46,PUCCH,,,,,,,,,,,,,,,,,,1,-inf,"0.000,",,,,,,,,,1787049091.397569,gnb2,post,post,,,
2026-08-18T10:31:32.152930,1120,0x46,PUCCH,,,,,,,,,,,,,,,,,,1,-inf,"0.000,",,,,,,,,,1787049092.152930,gnb2,post,post,,,
2026-08-18T10:31:33.290224,1160,0x46,PUCCH,,,,,,,,,,,,,,,,,,1,-inf,"0.000,",,,,,,,,,1787049093.290224,gnb2,post,post,,,
2026-08-18T10:31:34.495218,1200,0x46,PUCCH,,,,,,,,,,,,,,,,,,1,-inf,"0.000,",,,,,,,,,1787049094.495218,gnb2,post,post,,,
2026-08-18T10:31:35.343783,1220,0x46,PUCCH,,,,,,,,,,,,,,,,,,1,-inf,"0.000,",,,,,,,,,1787049095.343783,gnb2,post,post,,,
2026-08-18T10:31:36.099152,1240,0x46,PUCCH,,,,,,,,,,,,,,,,,,1,-inf,"0.000,",,,,,,,,,1787049096.099152,gnb2,post,post,,,
2026-08-18T10:31:37.440697,1280,0x46,PUCCH,,,,,,,,,,,,,,,,,,1,-inf,"0.000,",,,,,,,,,1787049097.440697,gnb2,post,post,,,
2026-08-18T10:31:38.299605,1300,0x46,PUCCH,,,,,,,,,,,,,,,,,,1,-inf,"0.000,",,,,,,,,,1787049098.299605,gnb2,post,post,,,
2026-08-18T10:31:39.082343,1320,0x46,PUCCH,,,,,,,,,,,,,,,,,,1,-inf,"0.000,",,,,,,,,,1787049099.082343,gnb2,post,post,,,
2026-08-18T10:31:40.444744,1360,0x46,PUCCH,,,,,,,,,,,,,,,,,,1,-inf,"0.000,",,,,,,,,,1787049100.444744,gnb2,post,post,,,
2026-08-18T10:31:41.099389,1380,0x46,PUCCH,,,,,,,,,,,,,,,,,,1,-inf,"0.000,",,,,,,,,,1787049101.099389,gnb2,post,post,,,
2026-08-18T10:31:42.243711,1420,0x46,PUCCH,,,,,,,,,,,,,,,,,,1,-inf,"0.000,",,,,,,,,,1787049102.243711,gnb2,post,post,,,
2026-08-18T10:31:43.422554,1460,0x46,PUCCH,,,,,,,,,,,,,,,,,,1,-inf,"0.000,",,,,,,,,,1787049103.422554,gnb2,post,post,,,
2026-08-18T10:31:44.128989,1480,0x46,PUCCH,,,,,,,,,,,,,,,,,,1,-inf,"0.000,",,,,,,,,,1787049104.128989,gnb2,post,post,,,
2026-08-18T10:31:45.705276,1520,0x46,PUCCH,,,,,,,,,,,,,,,,,,1,-inf,"0.000,",,,,,,,,,1787049105.705276,gnb2,post,post,,,
2026-08-18T10:31:46.743518,1540,0x46,PUCCH,,,,,,,,,,,,,,,,,,1,-inf,"0.000,",,,,,,,,,1787049106.743518,gnb2,post,post,,,
2026-08-18T10:31:47.559697,1560,0x46,PUCCH,,,,,,,,,,,,,,,,,,1,-inf,"0.000,",,,,,,,,,1787049107.559697,gnb2,post,post,,,
2026-08-18T10:31:48.669446,1580,0x46,PUCCH,,,,,,,,,,,,,,,,,,1,-inf,"0.000,",,,,,,,,,1787049108.669446,gnb2,post,post,,,
2026-08-18T10:31:49.366510,1600,0x46,PUCCH,,,,,,,,,,,,,,,,,,1,-inf,"0.000,",,,,,,,,,1787049109.366510,gnb2,post,post,,,
2026-08-18T10:31:50.018486,1620,0x46,PUCCH,,,,,,,,,,,,,,,,,,1,-inf,"0.000,",,,,,,,,,1787049110.018486,gnb2,post,post,,,
2026-08-18T10:31:51.305309,1660,0x46,PUCCH,,,,,,,,,,,,,,,,,,1,-inf,"0.000,",,,,,,,,,1787049111.305309,gnb2,post,post,,,
2026-08-18T10:31:52.583224,1700,0x46,PUCCH,,,,,,,,,,,,,,,,,,1,-inf,"0.000,",,,,,,,,,1787049112.583224,gnb2,post,post,,,
2026-08-18T10:31:53.172184,1720,0x46,PUCCH,,,,,,,,,,,,,,,,,,1,-inf,"0.000,",,,,,,,,,1787049113.172184,gnb2,post,post,,,
2026-08-18T10:31:54.549465,1760,0x46,PUCCH,,,,,,,,,,,,,,,,,,1,-inf,"0.000,",,,,,,,,,1787049114.549465,gnb2,post,post,,,
2026-08-18T10:31:55.349933,1780,0x46,PUCCH,,,,,,,,,,,,,,,,,,1,-inf,"0.000,",,,,,,,,,1787049115.349933,gnb2,post,post,,,
2026-08-18T10:31:56.200660,1800,0x46,PUCCH,,,,,,,,,,,,,,,,,,1,-inf,"0.000,",,,,,,,,,1787049116.200660,gnb2,post,post,,,
2026-08-18T10:31:57.625472,1840,0x46,PUCCH,,,,,,,,,,,,,,,,,,1,-inf,"0.000,",,,,,,,,,1787049117.625472,gnb2,post,post,,,
2026-08-18T10:31:58.540873,1860,0x46,PUCCH,,,,,,,,,,,,,,,,,,1,-inf,"0.000,",,,,,,,,,1787049118.540873,gnb2,post,post,,,
2026-08-18T10:31:59.321600,1880,0x46,PUCCH,,,,,,,,,,,,,,,,,,1,-inf,"0.000,",,,,,,,,,1787049119.321600,gnb2,post,post,,,
2026-08-18T10:32:00.552668,1920,0x46,PUCCH,,,,,,,,,,,,,,,,,,1,-inf,"0.000,",,,,,,,,,1787049120.552668,gnb2,post,post,,,
2026-08-18T10:32:01.954155,1940,0x46,PUCCH,,,,,,,,,,,,,,,,,,1,-inf,"0.000,",,,,,,,,,1787049121.954155,gnb2,post,post,,,
2026-08-18T10:32:02.742407,1960,0x46,PUCCH,,,,,,,,,,,,,,,,,,1,-inf,"0.000,",,,,,,,,,1787049122.742407,gnb2,post,post,,,
2026-08-18T10:32:03.603556,1980,0x46,PUCCH,,,,,,,,,,,,,,,,,,1,-inf,"0.000,",,,,,,,,,1787049123.603556,gnb2,post,post,,,
2026-08-18T10:32:04.357386,2000,0x46,PUCCH,,,,,,,,,,,,,,,,,,1,-inf,"0.000,",,,,,,,,,1787049124.357386,gnb2,post,post,,,
2026-08-18T10:32:05.609764,2020,0x46,PUCCH,,,,,,,,,,,,,,,,,,1,-inf,"0.000,",,,,,,,,,1787049125.609764,gnb2,post,post,,,
2026-08-18T10:32:06.375231,2040,0x46,PUCCH,,,,,,,,,,,,,,,,,,1,-inf,"0.000,",,,,,,,,,1787049126.375231,gnb2,post,post,,,
2026-08-18T10:32:07.101616,2060,0x46,PUCCH,,,,,,,,,,,,,,,,,,1,-inf,"0.000,",,,,,,,,,1787049127.101616,gnb2,post,post,,,
2026-08-18T10:32:08.008984,2080,0x46,PUCCH,,,,,,,,,,,,,,,,,,1,-inf,"0.000,",,,,,,,,,1787049128.008984,gnb2,post,post,,,
2026-08-18T10:32:09.863392,2120,0x46,PUCCH,,,,,,,,,,,,,,,,,,1,-inf,"0.000,",,,,,,,,,1787049129.863392,gnb2,post,post,,,
2026-08-18T10:32:10.601478,2140,0x46,PUCCH,,,,,,,,,,,,,,,,,,1,-inf,"0.000,",,,,,,,,,1787049130.601478,gnb2,post,post,,,
2026-08-18T10:32:11.348070,2160,0x46,PUCCH,,,,,,,,,,,,,,,,,,1,-inf,"0.000,",,,,,,,,,1787049131.348070,gnb2,post,post,,,
2026-08-18T10:32:12.117793,2180,0x46,PUCCH,,,,,,,,,,,,,,,,,,1,-inf,"0.000,",,,,,,,,,1787049132.117793,gnb2,post,post,,,
2026-08-18T10:32:13.345554,2220,0x46,PUCCH,,,,,,,,,,,,,,,,,,1,-inf,"0.000,",,,,,,,,,1787049133.345554,gnb2,post,post,,,
2026-08-18T10:32:14.038333,2240,0x46,PUCCH,,,,,,,,,,,,,,,,,,1,-inf,"0.000,",,,,,,,,,1787049134.038333,gnb2,post,post,,,
2026-08-18T10:32:15.420804,2280,0x46,PUCCH,,,,,,,,,,,,,,,,,,1,-inf,"0.000,",,,,,,,,,1787049135.420804,gnb2,post,post,,,
2026-08-18T10:32:16.140845,2300,0x46,PUCCH,,,,,,,,,,,,,,,,,,1,-inf,"0.000,",,,,,,,,,1787049136.140845,gnb2,post,post,,,
2026-08-18T10:32:17.498656,2340,0x46,PUCCH,,,,,,,,,,,,,,,,,,1,-inf,"0.000,",,,,,,,,,1787049137.498656,gnb2,post,post,,,
2026-08-18T10:32:18.461145,2360,0x46,PUCCH,,,,,,,,,,,,,,,,,,1,-inf,"0.000,",,,,,,,,,1787049138.461145,gnb2,post,post,,,
2026-08-18T10:32:19.264883,2380,0x46,PUCCH,,,,,,,,,,,,,,,,,,1,-inf,"0.000,",,,,,,,,,1787049139.264883,gnb2,post,post,,,
2026-08-18T10:32:20.127597,2400,0x46,PUCCH,,,,,,,,,,,,,,,,,,1,-inf,"0.000,",,,,,,,,,1787049140.127597,gnb2,post,post,,,
2026-08-18T10:32:21.163403,2420,0x46,PUCCH,,,,,,,,,,,,,,,,,,1,-inf,"0.000,",,,,,,,,,1787049141.163403,gnb2,post,post,,,
2026-08-18T10:32:22.644989,2440,0x46,PUCCH,,,,,,,,,,,,,,,,,,1,-inf,"0.000,",,,,,,,,,1787049142.644989,gnb2,post,post,,,
2026-08-18T10:32:23.493543,2460,0x46,PUCCH,,,,,,,,,,,,,,,,,,1,-inf,"0.000,",,,,,,,,,1787049143.493543,gnb2,post,post,,,
2026-08-18T10:32:24.424592,2480,0x46,PUCCH,,,,,,,,,,,,,,,,,,1,-inf,"0.000,",,,,,,,,,1787049144.424592,gnb2,post,post,,,
2026-08-18T10:32:25.502844,2500,0x46,PUCCH,,,,,,,,,,,,,,,,,,1,-inf,"0.000,",,,,,,,,,1787049145.502844,gnb2,post,post,,,
2026-08-18T10:32:26.066079,2520,0x46,PUCCH,,,,,,,,,,,,,,,,,,1,-inf,"0.000,",,,,,,,,,1787049146.066079,gnb2,post,post,,,
2026-08-18T10:32:27.824309,2560,0x46,PUCCH,,,,,,,,,,,,,,,,,,1,-inf,"0.000,",,,,,,,,,1787049147.824309,gnb2,post,post,,,
2026-08-18T10:32:28.660999,2580,0x46,PUCCH,,,,,,,,,,,,,,,,,,1,-inf,"0.000,",,,,,,,,,1787049148.660999,gnb2,post,post,,,
2026-08-18T10:32:29.712504,2600,0x46,PUCCH,,,,,,,,,,,,,,,,,,1,-inf,"0.000,",,,,,,,,,1787049149.712504,gnb2,post,post,,,
2026-08-18T10:32:30.469582,2620,0x46,PUCCH,,,,,,,,,,,,,,,,,,1,-inf,"0.000,",,,,,,,,,1787049150.469582,gnb2,post,post,,,
2026-08-18T10:32:31.276278,2640,0x46,PUCCH,,,,,,,,,,,,,,,,,,1,-inf,"0.000,",,,,,,,,,1787049151.276278,gnb2,post,post,,,
2026-08-18T10:32:32.681403,2680,0x46,PUCCH,,,,,,,,,,,,,,,,,,1,-inf,"0.000,",,,,,,,,,1787049152.681403,gnb2,post,post,,,
2026-08-18T10:32:33.333996,2700,0x46,PUCCH,,,,,,,,,,,,,,,,,,1,-inf,"0.000,",,,,,,,,,1787049153.333996,gnb2,post,post,,,
2026-08-18T10:32:34.713552,2740,0x46,PUCCH,,,,,,,,,,,,,,,,,,1,-inf,"0.000,",,,,,,,,,1787049154.713552,gnb2,post,post,,,
2026-08-18T10:32:35.681484,2760,0x46,PUCCH,,,,,,,,,,,,,,,,,,1,-inf,"0.000,",,,,,,,,,1787049155.681484,gnb2,post,post,,,
2026-08-18T10:32:36.440740,2780,0x46,PUCCH,,,,,,,,,,,,,,,,,,1,-inf,"0.000,",,,,,,,,,1787049156.440740,gnb2,post,post,,,
2026-08-18T10:32:37.154913,2800,0x46,PUCCH,,,,,,,,,,,,,,,,,,1,-inf,"0.000,",,,,,,,,,1787049157.154913,gnb2,post,post,,,
2026-08-18T10:32:39.349346,2840,0x46,PUCCH,,,,,,,,,,,,,,,,,,1,-inf,"0.000,",,,,,,,,,1787049159.349346,gnb2,post,post,,,
2026-08-18T10:32:40.147327,2860,0x46,PUCCH,,,,,,,,,,,,,,,,,,1,-inf,"0.000,",,,,,,,,,1787049160.147327,gnb2,post,post,,,
2026-08-18T10:32:41.284196,2900,0x46,PUCCH,,,,,,,,,,,,,,,,,,1,-inf,"0.000,",,,,,,,,,1787049161.284196,gnb2,post,post,,,
2026-08-18T10:32:42.912557,2940,0x46,PUCCH,,,,,,,,,,,,,,,,,,1,-inf,"0.000,",,,,,,,,,1787049162.912557,gnb2,post,post,,,
2026-08-18T10:32:43.618617,2960,0x46,PUCCH,,,,,,,,,,,,,,,,,,1,-inf,"0.000,",,,,,,,,,1787049163.618617,gnb2,post,post,,,
2026-08-18T10:32:44.398413,2980,0x46,PUCCH,,,,,,,,,,,,,,,,,,1,-inf,"0.000,",,,,,,,,,1787049164.398413,gnb2,post,post,,,
2026-08-18T10:32:45.053966,3000,0x46,PUCCH,,,,,,,,,,,,,,,,,,1,-inf,"0.000,",,,,,,,,,1787049165.053966,gnb2,post,post,,,
2026-08-18T10:32:46.905263,3040,0x46,PUCCH,,,,,,,,,,,,,,,,,,1,-inf,"0.000,",,,,,,,,,1787049166.905263,gnb2,post,post,,,
2026-08-18T10:32:47.923463,3060,0x46,PUCCH,,,,,,,,,,,,,,,,,,1,-inf,"0.000,",,,,,,,,,1787049167.923463,gnb2,post,post,,,
2026-08-18T10:32:48.813577,3080,0x46,PUCCH,,,,,,,,,,,,,,,,,,1,-inf,"0.000,",,,,,,,,,1787049168.813577,gnb2,post,post,,,
2026-08-18T10:32:49.742532,3100,0x46,PUCCH,,,,,,,,,,,,,,,,,,1,-inf,"0.000,",,,,,,,,,1787049169.742532,gnb2,post,post,,,
2026-08-18T10:32:50.638174,3120,0x46,PUCCH,,,,,,,,,,,,,,,,,,1,111.8,"1.000,",,,,,,,,,1787049170.638174,gnb2,post,post,,,
2026-08-18T10:32:51.284730,3137,0x46,PUCCH,,,,,,,,,,,,,,,,,,1a,111.7,"1.000,",,,1,,,,,,1787049171.284730,gnb2,post,post,,,
2026-08-18T10:32:52.360757,3160,0x46,PUCCH,,,,,,,,,,,,,,,,,,1,111.8,"1.000,",,,,,,,,,1787049172.360757,gnb2,post,post,,,
2026-08-18T10:32:53.190494,3180,0x46,PUCCH,,,,,,,,,,,,,,,,,,1,111.8,"1.000,",,,,,,,,,1787049173.190494,gnb2,post,post,,,
2026-08-18T10:32:54.029364,3201,0x46,PUCCH,,,,,,,,,,,,,,,,,,2,111.8,"1.000,",,,,,,,,,1787049174.029364,gnb2,post,post,,,
2026-08-18T10:32:55.857258,3238,0x46,PUCCH,,,,,,,,,,,,,,,,,,1a,111.7,"1.000,",,,1,,,,,,1787049175.857258,gnb2,post,post,,,
2026-08-18T10:32:56.045623,3241,0x46,PUCCH,,,,,,,,,,,,,,,,,,2,111.8,"1.000,",,,,,,,,,1787049176.045623,gnb2,post,post,,,
2026-08-18T10:32:57.810948,3280,0x46,PUCCH,,,,,,,,,,,,,,,,,,1,-inf,"0.000,",,,,,,,,,1787049177.810948,gnb2,post,post,,,
2026-08-18T10:32:58.459182,3300,0x46,PUCCH,,,,,,,,,,,,,,,,,,1,-inf,"0.000,",,,,,,,,,1787049178.459182,gnb2,post,post,,,
2026-08-18T10:32:59.096446,3320,0x46,PUCCH,,,,,,,,,,,,,,,,,,1,-inf,"0.000,",,,,,,,,,1787049179.096446,gnb2,post,post,,,
2026-08-18T10:33:00.533373,3360,0x46,PUCCH,,,,,,,,,,,,,,,,,,1,-inf,"0.000,",,,,,,,,,1787049180.533373,gnb2,post,post,,,
2026-08-18T10:33:01.181569,3380,0x46,PUCCH,,,,,,,,,,,,,,,,,,1,-inf,"0.000,",,,,,,,,,1787049181.181569,gnb2,post,post,,,
2026-08-18T10:33:02.674300,3420,0x46,PUCCH,,,,,,,,,,,,,,,,,,1,-inf,"0.000,",,,,,,,,,1787049182.674300,gnb2,post,post,,,
2026-08-18T10:33:03.502429,3440,0x46,PUCCH,,,,,,,,,,,,,,,,,,1,-inf,"0.000,",,,,,,,,,1787049183.502429,gnb2,post,post,,,
2026-08-18T10:33:04.338228,3460,0x46,PUCCH,,,,,,,,,,,,,,,,,,1,-inf,"0.000,",,,,,,,,,1787049184.338228,gnb2,post,post,,,
2026-08-18T10:33:05.005669,3480,0x46,PUCCH,,,,,,,,,,,,,,,,,,1,-inf,"0.000,",,,,,,,,,1787049185.005669,gnb2,post,post,,,
2026-08-18T10:33:06.544439,3540,0x46,PUCCH,,,,,,,,,,,,,,,,,,1,-inf,"0.000,",,,,,,,,,1787049186.544439,gnb2,post,post,,,
2026-08-18T10:33:07.387670,3560,0x46,PUCCH,,,,,,,,,,,,,,,,,,1,-inf,"0.000,",,,,,,,,,1787049187.387670,gnb2,post,post,,,
2026-08-18T10:33:08.173371,3580,0x46,PUCCH,,,,,,,,,,,,,,,,,,1,-inf,"0.000,",,,,,,,,,1787049188.173371,gnb2,post,post,,,
2026-08-18T10:33:09.692833,3620,0x46,PUCCH,,,,,,,,,,,,,,,,,,1,-inf,"0.000,",,,,,,,,,1787049189.692833,gnb2,post,post,,,
2026-08-18T10:33:10.565952,3640,0x46,PUCCH,,,,,,,,,,,,,,,,,,1,-inf,"0.000,",,,,,,,,,1787049190.565952,gnb2,post,post,,,
2026-08-18T10:33:11.409621,3660,0x46,PUCCH,,,,,,,,,,,,,,,,,,1,-inf,"0.000,",,,,,,,,,1787049191.409621,gnb2,post,post,,,
2026-08-18T10:33:12.189382,3680,0x46,PUCCH,,,,,,,,,,,,,,,,,,1,-inf,"0.000,",,,,,,,,,1787049192.189382,gnb2,post,post,,,
2026-08-18T10:33:13.733641,3717,0x46,PUCCH,,,,,,,,,,,,,,,,,,1a,111.7,"1.000,",,,1,,,,,,1787049193.733641,gnb2,post,post,,,
2026-08-18T10:33:14.554448,3737,0x46,PUCCH,,,,,,,,,,,,,,,,,,1a,111.7,"1.000,",,,1,,,,,,1787049194.554448,gnb2,post,post,,,
2026-08-18T10:33:15.461793,3760,0x46,PUCCH,,,,,,,,,,,,,,,,,,1,111.8,"1.000,",,,,,,,,,1787049195.461793,gnb2,post,post,,,
2026-08-18T10:33:16.012629,3777,0x46,PUCCH,,,,,,,,,,,,,,,,,,1a,111.7,"1.000,",,,1,,,,,,1787049196.012629,gnb2,post,post,,,
2026-08-18T10:33:17.346559,3817,0x46,PUCCH,,,,,,,,,,,,,,,,,,1a,111.7,"1.000,",,,1,,,,,,1787049197.346559,gnb2,post,post,,,
2026-08-18T10:33:18.402286,3840,0x46,PUCCH,,,,,,,,,,,,,,,,,,1,111.8,"1.000,",,,,,,,,,1787049198.402286,gnb2,post,post,,,
2026-08-18T10:33:19.163801,3860,0x46,PUCCH,,,,,,,,,,,,,,,,,,1,-inf,"0.000,",,,,,,,,,1787049199.163801,gnb2,post,post,,,
2026-08-18T10:33:20.503499,3900,0x46,PUCCH,,,,,,,,,,,,,,,,,,1,-inf,"0.000,",,,,,,,,,1787049200.503499,gnb2,post,post,,,
2026-08-18T10:33:21.237359,3920,0x46,PUCCH,,,,,,,,,,,,,,,,,,1,-inf,"0.000,",,,,,,,,,1787049201.237359,gnb2,post,post,,,
2026-08-18T10:33:22.111850,3940,0x46,PUCCH,,,,,,,,,,,,,,,,,,1,-inf,"0.000,",,,,,,,,,1787049202.111850,gnb2,post,post,,,
2026-08-18T10:33:23.559423,3980,0x46,PUCCH,,,,,,,,,,,,,,,,,,1,-inf,"0.000,",,,,,,,,,1787049203.559423,gnb2,post,post,,,
2026-08-18T10:33:24.628216,4000,0x46,PUCCH,,,,,,,,,,,,,,,,,,1,-inf,"0.000,",,,,,,,,,1787049204.628216,gnb2,post,post,,,
2026-08-18T10:33:25.345444,4020,0x46,PUCCH,,,,,,,,,,,,,,,,,,1,-inf,"0.000,",,,,,,,,,1787049205.345444,gnb2,post,post,,,
2026-08-18T10:33:26.047045,4040,0x46,PUCCH,,,,,,,,,,,,,,,,,,1,-inf,"0.000,",,,,,,,,,1787049206.047045,gnb2,post,post,,,
2026-08-18T10:33:27.467491,4080,0x46,PUCCH,,,,,,,,,,,,,,,,,,1,-inf,"0.000,",,,,,,,,,1787049207.467491,gnb2,post,post,,,
2026-08-18T10:33:28.481448,4100,0x46,PUCCH,,,,,,,,,,,,,,,,,,1,-inf,"0.000,",,,,,,,,,1787049208.481448,gnb2,post,post,,,
2026-08-18T10:33:29.281552,4120,0x46,PUCCH,,,,,,,,,,,,,,,,,,1,-inf,"0.000,",,,,,,,,,1787049209.281552,gnb2,post,post,,,
2026-08-18T10:33:30.133927,4140,0x46,PUCCH,,,,,,,,,,,,,,,,,,1,-inf,"0.000,",,,,,,,,,1787049210.133927,gnb2,post,post,,,
2026-08-18T10:33:31.639022,4180,0x46,PUCCH,,,,,,,,,,,,,,,,,,1,-inf,"0.000,",,,,,,,,,1787049211.639022,gnb2,post,post,,,
2026-08-18T10:33:32.379213,4200,0x46,PUCCH,,,,,,,,,,,,,,,,,,1,-inf,"0.000,",,,,,,,,,1787049212.379213,gnb2,post,post,,,
2026-08-18T10:33:33.126028,4220,0x46,PUCCH,,,,,,,,,,,,,,,,,,1,-inf,"0.000,",,,,,,,,,1787049213.126028,gnb2,post,post,,,
2026-08-18T10:33:34.420558,4260,0x46,PUCCH,,,,,,,,,,,,,,,,,,1,-inf,"0.000,",,,,,,,,,1787049214.420558,gnb2,post,post,,,
2026-08-18T10:33:35.202966,4280,0x46,PUCCH,,,,,,,,,,,,,,,,,,1,-inf,"0.000,",,,,,,,,,1787049215.202966,gnb2,post,post,,,
2026-08-18T10:33:36.428897,4320,0x46,PUCCH,,,,,,,,,,,,,,,,,,1,-inf,"0.000,",,,,,,,,,1787049216.428897,gnb2,post,post,,,
2026-08-18T10:33:37.060833,4340,0x46,PUCCH,,,,,,,,,,,,,,,,,,1,-inf,"0.000,",,,,,,,,,1787049217.060833,gnb2,post,post,,,
2026-08-18T10:33:38.509373,4380,0x46,PUCCH,,,,,,,,,,,,,,,,,,1,-inf,"0.000,",,,,,,,,,1787049218.509373,gnb2,post,post,,,
2026-08-18T10:33:39.121333,4400,0x46,PUCCH,,,,,,,,,,,,,,,,,,1,-inf,"0.000,",,,,,,,,,1787049219.121333,gnb2,post,post,,,
2026-08-18T10:33:40.497507,4440,0x46,PUCCH,,,,,,,,,,,,,,,,,,1,-inf,"0.000,",,,,,,,,,1787049220.497507,gnb2,post,post,,,
2026-08-18T10:33:41.281204,4460,0x46,PUCCH,,,,,,,,,,,,,,,,,,1,-inf,"0.000,",,,,,,,,,1787049221.281204,gnb2,post,post,,,
2026-08-18T10:33:42.064284,4480,0x46,PUCCH,,,,,,,,,,,,,,,,,,1,-inf,"0.000,",,,,,,,,,1787049222.064284,gnb2,post,post,,,
2026-08-18T10:33:43.283163,4520,0x46,PUCCH,,,,,,,,,,,,,,,,,,1,-inf,"0.000,",,,,,,,,,1787049223.283163,gnb2,post,post,,,
2026-08-18T10:33:44.247487,4540,0x46,PUCCH,,,,,,,,,,,,,,,,,,1,-inf,"0.000,",,,,,,,,,1787049224.247487,gnb2,post,post,,,
2026-08-18T10:33:45.437915,4560,0x46,PUCCH,,,,,,,,,,,,,,,,,,1,-inf,"0.000,",,,,,,,,,1787049225.437915,gnb2,post,post,,,
2026-08-18T10:33:46.387253,4580,0x46,PUCCH,,,,,,,,,,,,,,,,,,1,-inf,"0.000,",,,,,,,,,1787049226.387253,gnb2,post,post,,,
2026-08-18T10:33:47.152874,4600,0x46,PUCCH,,,,,,,,,,,,,,,,,,1,-inf,"0.000,",,,,,,,,,1787049227.152874,gnb2,post,post,,,
2026-08-18T10:33:48.039867,4620,0x46,PUCCH,,,,,,,,,,,,,,,,,,1,-inf,"0.000,",,,,,,,,,1787049228.039867,gnb2,post,post,,,
2026-08-18T10:33:49.897675,4660,0x46,PUCCH,,,,,,,,,,,,,,,,,,1,-inf,"0.000,",,,,,,,,,1787049229.897675,gnb2,post,post,,,
2026-08-18T10:33:50.620456,4680,0x46,PUCCH,,,,,,,,,,,,,,,,,,1,-inf,"0.000,",,,,,,,,,1787049230.620456,gnb2,post,post,,,
2026-08-18T10:33:51.386606,4700,0x46,PUCCH,,,,,,,,,,,,,,,,,,1,-inf,"0.000,",,,,,,,,,1787049231.386606,gnb2,post,post,,,
2026-08-18T10:33:52.154553,4720,0x46,PUCCH,,,,,,,,,,,,,,,,,,1,-inf,"0.000,",,,,,,,,,1787049232.154553,gnb2,post,post,,,
2026-08-18T10:33:53.568507,4760,0x46,PUCCH,,,,,,,,,,,,,,,,,,1,-inf,"0.000,",,,,,,,,,1787049233.568507,gnb2,post,post,,,
2026-08-18T10:33:54.429187,4780,0x46,PUCCH,,,,,,,,,,,,,,,,,,1,-inf,"0.000,",,,,,,,,,1787049234.429187,gnb2,post,post,,,
2026-08-18T10:33:55.383570,4800,0x46,PUCCH,,,,,,,,,,,,,,,,,,1,-inf,"0.000,",,,,,,,,,1787049235.383570,gnb2,post,post,,,
2026-08-18T10:33:56.594231,4840,0x46,PUCCH,,,,,,,,,,,,,,,,,,1,-inf,"0.000,",,,,,,,,,1787049236.594231,gnb2,post,post,,,
2026-08-18T10:33:57.330018,4860,0x46,PUCCH,,,,,,,,,,,,,,,,,,1,-inf,"0.000,",,,,,,,,,1787049237.330018,gnb2,post,post,,,
2026-08-18T10:33:58.081092,4880,0x46,PUCCH,,,,,,,,,,,,,,,,,,1,-inf,"0.000,",,,,,,,,,1787049238.081092,gnb2,post,post,,,
2026-08-18T10:33:59.401853,4920,0x46,PUCCH,,,,,,,,,,,,,,,,,,1,-inf,"0.000,",,,,,,,,,1787049239.401853,gnb2,post,post,,,
2026-08-18T10:34:00.000203,4940,0x46,PUCCH,,,,,,,,,,,,,,,,,,1,-inf,"0.000,",,,,,,,,,1787049240.000203,gnb2,post,post,,,
2026-08-18T10:34:01.580286,4980,0x46,PUCCH,,,,,,,,,,,,,,,,,,1,-inf,"0.000,",,,,,,,,,1787049241.580286,gnb2,post,post,,,
2026-08-18T10:34:02.302616,5000,0x46,PUCCH,,,,,,,,,,,,,,,,,,1,-inf,"0.000,",,,,,,,,,1787049242.302616,gnb2,post,post,,,
2026-08-18T10:34:03.080690,5020,0x46,PUCCH,,,,,,,,,,,,,,,,,,1,-inf,"0.000,",,,,,,,,,1787049243.080690,gnb2,post,post,,,
2026-08-18T10:34:04.606778,5060,0x46,PUCCH,,,,,,,,,,,,,,,,,,1,-inf,"0.000,",,,,,,,,,1787049244.606778,gnb2,post,post,,,
2026-08-18T10:34:05.306812,5080,0x46,PUCCH,,,,,,,,,,,,,,,,,,1,-inf,"0.000,",,,,,,,,,1787049245.306812,gnb2,post,post,,,
2026-08-18T10:34:06.165772,5100,0x46,PUCCH,,,,,,,,,,,,,,,,,,1,-inf,"0.000,",,,,,,,,,1787049246.165772,gnb2,post,post,,,
2026-08-18T10:34:07.079343,5120,0x46,PUCCH,,,,,,,,,,,,,,,,,,1,-inf,"0.000,",,,,,,,,,1787049247.079343,gnb2,post,post,,,
2026-08-18T10:34:08.062873,5140,0x46,PUCCH,,,,,,,,,,,,,,,,,,1,-inf,"0.000,",,,,,,,,,1787049248.062873,gnb2,post,post,,,
2026-08-18T10:34:09.006620,5160,0x46,PUCCH,,,,,,,,,,,,,,,,,,1,-inf,"0.000,",,,,,,,,,1787049249.006620,gnb2,post,post,,,
2026-08-18T10:34:10.848326,5200,0x46,PUCCH,,,,,,,,,,,,,,,,,,1,-inf,"0.000,",,,,,,,,,1787049250.848326,gnb2,post,post,,,
2026-08-18T10:34:11.675835,5220,0x46,PUCCH,,,,,,,,,,,,,,,,,,1,-inf,"0.000,",,,,,,,,,1787049251.675835,gnb2,post,post,,,
2026-08-18T10:34:12.647110,5240,0x46,PUCCH,,,,,,,,,,,,,,,,,,1,-inf,"0.000,",,,,,,,,,1787049252.647110,gnb2,post,post,,,
2026-08-18T10:34:13.748874,5260,0x46,PUCCH,,,,,,,,,,,,,,,,,,1,-inf,"0.000,",,,,,,,,,1787049253.748874,gnb2,post,post,,,
2026-08-18T10:34:14.570213,5280,0x46,PUCCH,,,,,,,,,,,,,,,,,,1,-inf,"0.000,",,,,,,,,,1787049254.570213,gnb2,post,post,,,
2026-08-18T10:34:15.629871,5300,0x46,PUCCH,,,,,,,,,,,,,,,,,,1,-inf,"0.000,",,,,,,,,,1787049255.629871,gnb2,post,post,,,
2026-08-18T10:34:16.345750,5320,0x46,PUCCH,,,,,,,,,,,,,,,,,,1,-inf,"0.000,",,,,,,,,,1787049256.345750,gnb2,post,post,,,
2026-08-18T10:34:17.102867,5340,0x46,PUCCH,,,,,,,,,,,,,,,,,,1,-inf,"0.000,",,,,,,,,,1787049257.102867,gnb2,post,post,,,
2026-08-18T10:34:18.736566,5380,0x46,PUCCH,,,,,,,,,,,,,,,,,,1,-inf,"0.000,",,,,,,,,,1787049258.736566,gnb2,post,post,,,
2026-08-18T10:34:19.242718,5400,0x46,PUCCH,,,,,,,,,,,,,,,,,,1,-inf,"0.000,",,,,,,,,,1787049259.242718,gnb2,post,post,,,
2026-08-18T10:34:20.459487,5440,0x46,PUCCH,,,,,,,,,,,,,,,,,,1,-inf,"0.000,",,,,,,,,,1787049260.459487,gnb2,post,post,,,
2026-08-18T10:34:21.128356,5460,0x46,PUCCH,,,,,,,,,,,,,,,,,,1,-inf,"0.000,",,,,,,,,,1787049261.128356,gnb2,post,post,,,
2026-08-18T10:34:22.486930,5500,0x46,PUCCH,,,,,,,,,,,,,,,,,,1,-inf,"0.000,",,,,,,,,,1787049262.486930,gnb2,post,post,,,
2026-08-18T10:34:23.371532,5520,0x46,PUCCH,,,,,,,,,,,,,,,,,,1,-inf,"0.000,",,,,,,,,,1787049263.371532,gnb2,post,post,,,
2026-08-18T10:34:24.116291,5540,0x46,PUCCH,,,,,,,,,,,,,,,,,,1,-inf,"0.000,",,,,,,,,,1787049264.116291,gnb2,post,post,,,
2026-08-18T10:34:25.084244,5560,0x46,PUCCH,,,,,,,,,,,,,,,,,,1,-inf,"0.000,",,,,,,,,,1787049265.084244,gnb2,post,post,,,
2026-08-18T10:34:26.572766,5600,0x46,PUCCH,,,,,,,,,,,,,,,,,,1,-inf,"0.000,",,,,,,,,,1787049266.572766,gnb2,post,post,,,
2026-08-18T10:34:27.205622,5620,0x46,PUCCH,,,,,,,,,,,,,,,,,,1,-inf,"0.000,",,,,,,,,,1787049267.205622,gnb2,post,post,,,
2026-08-18T10:34:28.367471,5640,0x46,PUCCH,,,,,,,,,,,,,,,,,,1,-inf,"0.000,",,,,,,,,,1787049268.367471,gnb2,post,post,,,
2026-08-18T10:34:29.340561,5660,0x46,PUCCH,,,,,,,,,,,,,,,,,,1,-inf,"0.000,",,,,,,,,,1787049269.340561,gnb2,post,post,,,
2026-08-18T10:34:30.186369,5680,0x46,PUCCH,,,,,,,,,,,,,,,,,,1,-inf,"0.000,",,,,,,,,,1787049270.186369,gnb2,post,post,,,
2026-08-18T10:34:31.216446,5700,0x46,PUCCH,,,,,,,,,,,,,,,,,,1,-inf,"0.000,",,,,,,,,,1787049271.216446,gnb2,post,post,,,
2026-08-18T10:34:32.340699,5720,0x46,PUCCH,,,,,,,,,,,,,,,,,,1,-inf,"0.000,",,,,,,,,,1787049272.340699,gnb2,post,post,,,
2026-08-18T10:34:33.106921,5740,0x46,PUCCH,,,,,,,,,,,,,,,,,,1,-inf,"0.000,",,,,,,,,,1787049273.106921,gnb2,post,post,,,
2026-08-18T10:34:34.386899,5780,0x46,PUCCH,,,,,,,,,,,,,,,,,,1,-inf,"0.000,",,,,,,,,,1787049274.386899,gnb2,post,post,,,
2026-08-18T10:34:35.113541,5800,0x46,PUCCH,,,,,,,,,,,,,,,,,,1,-inf,"0.000,",,,,,,,,,1787049275.113541,gnb2,post,post,,,
2026-08-18T10:34:36.530666,5840,0x46,PUCCH,,,,,,,,,,,,,,,,,,1,-inf,"0.000,",,,,,,,,,1787049276.530666,gnb2,post,post,,,
2026-08-18T10:34:37.243270,5860,0x46,PUCCH,,,,,,,,,,,,,,,,,,1,-inf,"0.000,",,,,,,,,,1787049277.243270,gnb2,post,post,,,
2026-08-18T10:34:38.560027,5900,0x46,PUCCH,,,,,,,,,,,,,,,,,,1,-inf,"0.000,",,,,,,,,,1787049278.560027,gnb2,post,post,,,
2026-08-18T10:34:39.357945,5920,0x46,PUCCH,,,,,,,,,,,,,,,,,,1,-inf,"0.000,",,,,,,,,,1787049279.357945,gnb2,post,post,,,
2026-08-18T10:34:40.120938,5940,0x46,PUCCH,,,,,,,,,,,,,,,,,,1,-inf,"0.000,",,,,,,,,,1787049280.120938,gnb2,post,post,,,
2026-08-18T10:34:41.516031,5980,0x46,PUCCH,,,,,,,,,,,,,,,,,,1,-inf,"0.000,",,,,,,,,,1787049281.516031,gnb2,post,post,,,
2026-08-18T10:34:42.153482,6000,0x46,PUCCH,,,,,,,,,,,,,,,,,,1,-inf,"0.000,",,,,,,,,,1787049282.153482,gnb2,post,post,,,
2026-08-18T10:34:43.055246,6020,0x46,PUCCH,,,,,,,,,,,,,,,,,,1,-inf,"0.000,",,,,,,,,,1787049283.055246,gnb2,post,post,,,
2026-08-18T10:34:44.606792,6060,0x46,PUCCH,,,,,,,,,,,,,,,,,,1,-inf,"0.000,",,,,,,,,,1787049284.606792,gnb2,post,post,,,
2026-08-18T10:34:45.333401,6080,0x46,PUCCH,,,,,,,,,,,,,,,,,,1,-inf,"0.000,",,,,,,,,,1787049285.333401,gnb2,post,post,,,
2026-08-18T10:34:46.084607,6100,0x46,PUCCH,,,,,,,,,,,,,,,,,,1,-inf,"0.000,",,,,,,,,,1787049286.084607,gnb2,post,post,,,
2026-08-18T10:34:47.052286,6120,0x46,PUCCH,,,,,,,,,,,,,,,,,,1,-inf,"0.000,",,,,,,,,,1787049287.052286,gnb2,post,post,,,
2026-08-18T10:34:48.582172,6160,0x46,PUCCH,,,,,,,,,,,,,,,,,,1,-inf,"0.000,",,,,,,,,,1787049288.582172,gnb2,post,post,,,
2026-08-18T10:34:49.356851,6180,0x46,PUCCH,,,,,,,,,,,,,,,,,,1,-inf,"0.000,",,,,,,,,,1787049289.356851,gnb2,post,post,,,
2026-08-18T10:34:50.132987,6200,0x46,PUCCH,,,,,,,,,,,,,,,,,,1,-inf,"0.000,",,,,,,,,,1787049290.132987,gnb2,post,post,,,
2026-08-18T10:34:51.635306,6240,0x46,PUCCH,,,,,,,,,,,,,,,,,,1,-inf,"0.000,",,,,,,,,,1787049291.635306,gnb2,post,post,,,
2026-08-18T10:34:52.346173,6260,0x46,PUCCH,,,,,,,,,,,,,,,,,,1,-inf,"0.000,",,,,,,,,,1787049292.346173,gnb2,post,post,,,
2026-08-18T10:34:53.356815,6280,0x46,PUCCH,,,,,,,,,,,,,,,,,,1,-inf,"0.000,",,,,,,,,,1787049293.356815,gnb2,post,post,,,
2026-08-18T10:34:54.075498,6300,0x46,PUCCH,,,,,,,,,,,,,,,,,,1,-inf,"0.000,",,,,,,,,,1787049294.075498,gnb2,post,post,,,
2026-08-18T10:34:55.448337,6340,0x46,PUCCH,,,,,,,,,,,,,,,,,,1,-inf,"0.000,",,,,,,,,,1787049295.448337,gnb2,post,post,,,
2026-08-18T10:34:56.342609,6360,0x46,PUCCH,,,,,,,,,,,,,,,,,,1,-inf,"0.000,",,,,,,,,,1787049296.342609,gnb2,post,post,,,
2026-08-18T10:34:57.238394,6380,0x46,PUCCH,,,,,,,,,,,,,,,,,,1,-inf,"0.000,",,,,,,,,,1787049297.238394,gnb2,post,post,,,
2026-08-18T10:34:58.130969,6400,0x46,PUCCH,,,,,,,,,,,,,,,,,,1,-inf,"0.000,",,,,,,,,,1787049298.130969,gnb2,post,post,,,
2026-08-18T10:34:59.359314,6440,0x46,PUCCH,,,,,,,,,,,,,,,,,,1,-inf,"0.000,",,,,,,,,,1787049299.359314,gnb2,post,post,,,
2026-08-18T10:35:00.171344,6460,0x46,PUCCH,,,,,,,,,,,,,,,,,,1,-inf,"0.000,",,,,,,,,,1787049300.171344,gnb2,post,post,,,
2026-08-18T10:35:01.686550,6500,0x46,PUCCH,,,,,,,,,,,,,,,,,,1,-inf,"0.000,",,,,,,,,,1787049301.686550,gnb2,post,post,,,
2026-08-18T10:35:02.295271,6520,0x46,PUCCH,,,,,,,,,,,,,,,,,,1,-inf,"0.000,",,,,,,,,,1787049302.295271,gnb2,post,post,,,
2026-08-18T10:35:03.633341,6560,0x46,PUCCH,,,,,,,,,,,,,,,,,,1,-inf,"0.000,",,,,,,,,,1787049303.633341,gnb2,post,post,,,
2026-08-18T10:35:04.456040,6580,0x46,PUCCH,,,,,,,,,,,,,,,,,,1,-inf,"0.000,",,,,,,,,,1787049304.456040,gnb2,post,post,,,
2026-08-18T10:35:05.239515,6600,0x46,PUCCH,,,,,,,,,,,,,,,,,,1,-inf,"0.000,",,,,,,,,,1787049305.239515,gnb2,post,post,,,
2026-08-18T10:35:06.004126,6620,0x46,PUCCH,,,,,,,,,,,,,,,,,,1,-inf,"0.000,",,,,,,,,,1787049306.004126,gnb2,post,post,,,
2026-08-18T10:35:07.001681,6641,0x46,PUCCH,,,,,,,,,,,,,,,,,,2,111.8,"1.000,",,,,,,,,,1787049307.001681,gnb2,post,post,,,
2026-08-18T10:35:08.917799,6680,0x46,PUCCH,,,,,,,,,,,,,,,,,,1,-inf,"0.000,",,,,,,,,,1787049308.917799,gnb2,post,post,,,
2026-08-18T10:35:09.660896,6700,0x46,PUCCH,,,,,,,,,,,,,,,,,,1,-inf,"0.000,",,,,,,,,,1787049309.660896,gnb2,post,post,,,
2026-08-18T10:35:10.495348,6720,0x46,PUCCH,,,,,,,,,,,,,,,,,,1,-inf,"0.000,",,,,,,,,,1787049310.495348,gnb2,post,post,,,
2026-08-18T10:35:11.248061,6740,0x46,PUCCH,,,,,,,,,,,,,,,,,,1,-inf,"0.000,",,,,,,,,,1787049311.248061,gnb2,post,post,,,
2026-08-18T10:35:12.026331,6760,0x46,PUCCH,,,,,,,,,,,,,,,,,,1,-inf,"0.000,",,,,,,,,,1787049312.026331,gnb2,post,post,,,
2026-08-18T10:35:13.431110,6800,0x46,PUCCH,,,,,,,,,,,,,,,,,,1,-inf,"0.000,",,,,,,,,,1787049313.431110,gnb2,post,post,,,
2026-08-18T10:35:14.757930,6840,0x46,PUCCH,,,,,,,,,,,,,,,,,,1,-inf,"0.000,",,,,,,,,,1787049314.757930,gnb2,post,post,,,
2026-08-18T10:35:15.624328,6860,0x46,PUCCH,,,,,,,,,,,,,,,,,,1,-inf,"0.000,",,,,,,,,,1787049315.624328,gnb2,post,post,,,
2026-08-18T10:35:16.385197,6880,0x46,PUCCH,,,,,,,,,,,,,,,,,,1,-inf,"0.000,",,,,,,,,,1787049316.385197,gnb2,post,post,,,
2026-08-18T10:35:17.214327,6900,0x46,PUCCH,,,,,,,,,,,,,,,,,,1,-inf,"0.000,",,,,,,,,,1787049317.214327,gnb2,post,post,,,
2026-08-18T10:35:18.180729,6920,0x46,PUCCH,,,,,,,,,,,,,,,,,,1,-inf,"0.000,",,,,,,,,,1787049318.180729,gnb2,post,post,,,
2026-08-18T10:35:19.496863,6960,0x46,PUCCH,,,,,,,,,,,,,,,,,,1,-inf,"0.000,",,,,,,,,,1787049319.496863,gnb2,post,post,,,
2026-08-18T10:35:20.243524,6980,0x46,PUCCH,,,,,,,,,,,,,,,,,,1,-inf,"0.000,",,,,,,,,,1787049320.243524,gnb2,post,post,,,
2026-08-18T10:35:21.019414,7001,0x46,PUCCH,,,,,,,,,,,,,,,,,,2,111.8,"1.000,",,,,,,,,,1787049321.019414,gnb2,post,post,,,
2026-08-18T10:35:22.648373,7040,0x46,PUCCH,,,,,,,,,,,,,,,,,,1,-inf,"0.000,",,,,,,,,,1787049322.648373,gnb2,post,post,,,
2026-08-18T10:35:23.430475,7060,0x46,PUCCH,,,,,,,,,,,,,,,,,,1,-inf,"0.000,",,,,,,,,,1787049323.430475,gnb2,post,post,,,
2026-08-18T10:35:24.209641,7080,0x46,PUCCH,,,,,,,,,,,,,,,,,,1,-inf,"0.000,",,,,,,,,,1787049324.209641,gnb2,post,post,,,
2026-08-18T10:35:25.037788,7100,0x46,PUCCH,,,,,,,,,,,,,,,,,,1,-inf,"0.000,",,,,,,,,,1787049325.037788,gnb2,post,post,,,
2026-08-18T10:35:26.234157,7120,0x46,PUCCH,,,,,,,,,,,,,,,,,,1,-inf,"0.000,",,,,,,,,,1787049326.234157,gnb2,post,post,,,
2026-08-18T10:35:27.227179,7140,0x46,PUCCH,,,,,,,,,,,,,,,,,,1,-inf,"0.000,",,,,,,,,,1787049327.227179,gnb2,post,post,,,
2026-08-18T10:35:28.232744,7160,0x46,PUCCH,,,,,,,,,,,,,,,,,,1,-inf,"0.000,",,,,,,,,,1787049328.232744,gnb2,post,post,,,
2026-08-18T10:35:29.692229,7200,0x46,PUCCH,,,,,,,,,,,,,,,,,,1,-inf,"0.000,",,,,,,,,,1787049329.692229,gnb2,post,post,,,
2026-08-18T10:35:30.653926,7220,0x46,PUCCH,,,,,,,,,,,,,,,,,,1,-inf,"0.000,",,,,,,,,,1787049330.653926,gnb2,post,post,,,
2026-08-18T10:35:31.482250,7240,0x46,PUCCH,,,,,,,,,,,,,,,,,,1,-inf,"0.000,",,,,,,,,,1787049331.482250,gnb2,post,post,,,
2026-08-18T10:35:32.252739,7260,0x46,PUCCH,,,,,,,,,,,,,,,,,,1,-inf,"0.000,",,,,,,,,,1787049332.252739,gnb2,post,post,,,
2026-08-18T10:35:33.837024,7300,0x46,PUCCH,,,,,,,,,,,,,,,,,,1,-inf,"0.000,",,,,,,,,,1787049333.837024,gnb2,post,post,,,
2026-08-18T10:35:34.847640,7320,0x46,PUCCH,,,,,,,,,,,,,,,,,,1,-inf,"0.000,",,,,,,,,,1787049334.847640,gnb2,post,post,,,
2026-08-18T10:35:35.626789,7340,0x46,PUCCH,,,,,,,,,,,,,,,,,,1,-inf,"0.000,",,,,,,,,,1787049335.626789,gnb2,post,post,,,
2026-08-18T10:35:36.438702,7360,0x46,PUCCH,,,,,,,,,,,,,,,,,,1,-inf,"0.000,",,,,,,,,,1787049336.438702,gnb2,post,post,,,
2026-08-18T10:35:37.165176,7380,0x46,PUCCH,,,,,,,,,,,,,,,,,,1,-inf,"0.000,",,,,,,,,,1787049337.165176,gnb2,post,post,,,
2026-08-18T10:35:38.874411,7420,0x46,PUCCH,,,,,,,,,,,,,,,,,,1,-inf,"0.000,",,,,,,,,,1787049338.874411,gnb2,post,post,,,
2026-08-18T10:35:39.665168,7440,0x46,PUCCH,,,,,,,,,,,,,,,,,,1,-inf,"0.000,",,,,,,,,,1787049339.665168,gnb2,post,post,,,
2026-08-18T10:35:40.354152,7460,0x46,PUCCH,,,,,,,,,,,,,,,,,,1,-inf,"0.000,",,,,,,,,,1787049340.354152,gnb2,post,post,,,
2026-08-18T10:35:41.247117,7480,0x46,PUCCH,,,,,,,,,,,,,,,,,,1,-inf,"0.000,",,,,,,,,,1787049341.247117,gnb2,post,post,,,
2026-08-18T10:35:42.070922,7500,0x46,PUCCH,,,,,,,,,,,,,,,,,,1,-inf,"0.000,",,,,,,,,,1787049342.070922,gnb2,post,post,,,
2026-08-18T10:35:43.859493,7540,0x46,PUCCH,,,,,,,,,,,,,,,,,,1,-inf,"0.000,",,,,,,,,,1787049343.859493,gnb2,post,post,,,
2026-08-18T10:35:44.723167,7560,0x46,PUCCH,,,,,,,,,,,,,,,,,,1,111.8,"1.000,",,,,,,,,,1787049344.723167,gnb2,post,post,,,
2026-08-18T10:35:45.352369,7577,0x46,PUCCH,,,,,,,,,,,,,,,,,,1a,111.7,"1.000,",,,1,,,,,,1787049345.352369,gnb2,post,post,,,
2026-08-18T10:35:46.054829,7597,0x46,PUCCH,,,,,,,,,,,,,,,,,,1a,111.7,"1.000,",,,1,,,,,,1787049346.054829,gnb2,post,post,,,
2026-08-18T10:35:47.181459,7627,0x46,PUCCH,,,,,,,,,,,,,,,,,,1a,111.7,"1.000,",,,1,,,,,,1787049347.181459,gnb2,post,post,,,
2026-08-18T10:35:48.295241,7657,0x46,PUCCH,,,,,,,,,,,,,,,,,,1a,111.7,"1.000,",,,1,,,,,,1787049348.295241,gnb2,post,post,,,
2026-08-18T10:35:49.161532,7677,0x46,PUCCH,,,,,,,,,,,,,,,,,,1a,111.7,"1.000,",,,1,,,,,,1787049349.161532,gnb2,post,post,,,
2026-08-18T10:35:50.009458,7699,0x46,PUCCH,,,,,,,,,,,,,,,,,,1a,111.7,"1.000,",,,1,,,,,,1787049350.009458,gnb2,post,post,,,
2026-08-18T10:35:51.006463,7726,0x46,PUCCH,,,,,,,,,,,,,,,,,,1a,111.8,"1.000,",,,1,,,,,,1787049351.006463,gnb2,post,post,,,
2026-08-18T10:35:52.022666,7751,0x46,PUCCH,,,,,,,,,,,,,,,,,,1a,111.7,"1.000,",,,1,,,,,,1787049352.022666,gnb2,post,post,,,
2026-08-18T10:35:53.096660,7771,0x46,PUCCH,,,,,,,,,,,,,,,,,,1a,111.7,"1.000,",,,1,,,,,,1787049353.096660,gnb2,post,post,,,
2026-08-18T10:35:54.017393,7794,0x46,PUCCH,,,,,,,,,,,,,,,,,,1a,111.7,"1.000,",,,1,,,,,,1787049354.017393,gnb2,post,post,,,
2026-08-18T10:35:55.020299,7824,0x46,PUCCH,,,,,,,,,,,,,,,,,,1a,111.7,"1.000,",,,1,,,,,,1787049355.020299,gnb2,post,post,,,
2026-08-18T10:35:56.030009,7843,0x46,PUCCH,,,,,,,,,,,,,,,,,,1a,111.7,"1.000,",,,1,,,,,,1787049356.030009,gnb2,post,post,,,
2026-08-18T10:35:57.022958,7866,0x46,PUCCH,,,,,,,,,,,,,,,,,,1a,111.8,"1.000,",,,1,,,,,,1787049357.022958,gnb2,post,post,,,
2026-08-18T10:35:58.027952,7885,0x46,PUCCH,,,,,,,,,,,,,,,,,,1a,111.8,"1.000,",,,1,,,,,,1787049358.027952,gnb2,post,post,,,
2026-08-18T10:35:59.011646,7912,0x46,PUCCH,,,,,,,,,,,,,,,,,,1a,111.7,"1.000,",,,1,,,,,,1787049359.011646,gnb2,post,post,,,
2026-08-18T10:36:00.027567,7936,0x46,PUCCH,,,,,,,,,,,,,,,,,,1a,111.8,"1.000,",,,1,,,,,,1787049360.027567,gnb2,post,post,,,
2026-08-18T10:36:01.007603,7960,0x46,PUCCH,,,,,,,,,,,,,,,,,,1a,111.8,"1.000,",,,1,,,,,,1787049361.007603,gnb2,post,post,,,
2026-08-18T10:36:02.030083,7990,0x46,PUCCH,,,,,,,,,,,,,,,,,,1a,111.7,"1.000,",,,1,,,,,,1787049362.030083,gnb2,post,post,,,
2026-08-18T10:36:03.039395,8018,0x46,PUCCH,,,,,,,,,,,,,,,,,,1a,111.7,"1.000,",,,1,,,,,,1787049363.039395,gnb2,post,post,,,
2026-08-18T10:36:04.009841,8046,0x46,PUCCH,,,,,,,,,,,,,,,,,,1a,111.8,"1.000,",,,1,,,,,,1787049364.009841,gnb2,post,post,,,
2026-08-18T10:36:05.022720,8069,0x46,PUCCH,,,,,,,,,,,,,,,,,,1a,111.7,"1.000,",,,1,,,,,,1787049365.022720,gnb2,post,post,,,
2026-08-18T10:36:06.192089,8095,0x46,PUCCH,,,,,,,,,,,,,,,,,,1a,111.8,"1.000,",,,1,,,,,,1787049366.192089,gnb2,post,post,,,
2026-08-18T10:36:07.014347,8114,0x46,PUCCH,,,,,,,,,,,,,,,,,,1a,111.7,"1.000,",,,1,,,,,,1787049367.014347,gnb2,post,post,,,
2026-08-18T10:36:08.038367,8131,0x46,PUCCH,,,,,,,,,,,,,,,,,,1a,111.7,"1.000,",,,1,,,,,,1787049368.038367,gnb2,post,post,,,
2026-08-18T10:36:09.070634,8154,0x46,PUCCH,,,,,,,,,,,,,,,,,,1a,111.7,"1.000,",,,1,,,,,,1787049369.070634,gnb2,post,post,,,
2026-08-18T10:36:10.045061,8174,0x46,PUCCH,,,,,,,,,,,,,,,,,,1a,111.7,"1.000,",,,1,,,,,,1787049370.045061,gnb2,post,post,,,
2026-08-18T10:36:11.025546,8198,0x46,PUCCH,,,,,,,,,,,,,,,,,,1a,111.7,"1.000,",,,1,,,,,,1787049371.025546,gnb2,post,post,,,
2026-08-18T10:36:12.047345,8215,0x46,PUCCH,,,,,,,,,,,,,,,,,,1a,111.8,"1.000,",,,1,,,,,,1787049372.047345,gnb2,post,post,,,
2026-08-18T10:36:13.203477,8237,0x46,PUCCH,,,,,,,,,,,,,,,,,,1a,111.7,"1.000,",,,1,,,,,,1787049373.203477,gnb2,post,post,,,
2026-08-18T10:36:14.019853,8256,0x46,PUCCH,,,,,,,,,,,,,,,,,,1a,111.8,"1.000,",,,1,,,,,,1787049374.019853,gnb2,post,post,,,
2026-08-18T10:36:15.091505,8279,0x46,PUCCH,,,,,,,,,,,,,,,,,,1a,111.7,"1.000,",,,1,,,,,,1787049375.091505,gnb2,post,post,,,
2026-08-18T10:36:16.045841,8305,0x46,PUCCH,,,,,,,,,,,,,,,,,,1a,111.8,"1.000,",,,1,,,,,,1787049376.045841,gnb2,post,post,,,
2026-08-18T10:36:17.013474,8332,0x46,PUCCH,,,,,,,,,,,,,,,,,,1a,111.7,"1.000,",,,1,,,,,,1787049377.013474,gnb2,post,post,,,
2026-08-18T10:36:18.029267,8362,0x46,PUCCH,,,,,,,,,,,,,,,,,,1a,111.7,"1.000,",,,1,,,,,,1787049378.029267,gnb2,post,post,,,
2026-08-18T10:36:19.019478,8388,0x46,PUCCH,,,,,,,,,,,,,,,,,,1a,111.7,"1.000,",,,1,,,,,,1787049379.019478,gnb2,post,post,,,
2026-08-18T10:36:20.035526,8411,0x46,PUCCH,,,,,,,,,,,,,,,,,,1a,111.7,"1.000,",,,1,,,,,,1787049380.035526,gnb2,post,post,,,
2026-08-18T10:36:21.014213,8432,0x46,PUCCH,,,,,,,,,,,,,,,,,,1a,111.7,"1.000,",,,1,,,,,,1787049381.014213,gnb2,post,post,,,
2026-08-18T10:36:22.001116,8457,0x46,PUCCH,,,,,,,,,,,,,,,,,,1a,111.7,"1.000,",,,1,,,,,,1787049382.001116,gnb2,post,post,,,
2026-08-18T10:36:23.022597,8474,0x46,PUCCH,,,,,,,,,,,,,,,,,,1a,111.7,"1.000,",,,1,,,,,,1787049383.022597,gnb2,post,post,,,
2026-08-18T10:36:24.009804,8500,0x46,PUCCH,,,,,,,,,,,,,,,,,,1a,111.8,"1.000,",,,1,,,,,,1787049384.009804,gnb2,post,post,,,
2026-08-18T10:36:25.108920,8521,0x46,PUCCH,,,,,,,,,,,,,,,,,,2a,111.8,"1.000,",,,1,,,,,,1787049385.108920,gnb2,post,post,,,
2026-08-18T10:36:26.023620,8542,0x46,PUCCH,,,,,,,,,,,,,,,,,,1a,111.7,"1.000,",,,1,,,,,,1787049386.023620,gnb2,post,post,,,
2026-08-18T10:36:27.015959,8560,0x46,PUCCH,,,,,,,,,,,,,,,,,,1a,111.8,"1.000,",,,1,,,,,,1787049387.015959,gnb2,post,post,,,
2026-08-18T10:36:28.022080,8589,0x46,PUCCH,,,,,,,,,,,,,,,,,,1a,111.7,"1.000,",,,1,,,,,,1787049388.022080,gnb2,post,post,,,
2026-08-18T10:36:29.014548,8621,0x46,PUCCH,,,,,,,,,,,,,,,,,,1a,111.7,"1.000,",,,1,,,,,,1787049389.014548,gnb2,post,post,,,
2026-08-18T10:36:30.026591,8651,0x46,PUCCH,,,,,,,,,,,,,,,,,,1a,111.7,"1.000,",,,1,,,,,,1787049390.026591,gnb2,post,post,,,
2026-08-18T10:36:31.139403,8684,0x46,PUCCH,,,,,,,,,,,,,,,,,,1a,111.7,"1.000,",,,1,,,,,,1787049391.139403,gnb2,post,post,,,
2026-08-18T10:36:32.052396,8710,0x46,PUCCH,,,,,,,,,,,,,,,,,,1a,111.8,"1.000,",,,1,,,,,,1787049392.052396,gnb2,post,post,,,
2026-08-18T10:36:33.024118,8744,0x46,PUCCH,,,,,,,,,,,,,,,,,,1a,111.7,"1.000,",,,1,,,,,,1787049393.024118,gnb2,post,post,,,
2026-08-18T10:36:34.066524,8776,0x46,PUCCH,,,,,,,,,,,,,,,,,,1a,111.8,"1.000,",,,1,,,,,,1787049394.066524,gnb2,post,post,,,
2026-08-18T10:36:35.263883,8820,0x46,PUCCH,,,,,,,,,,,,,,,,,,1,-inf,"0.000,",,,,,,,,,1787049395.263883,gnb2,post,post,,,
2026-08-18T10:36:36.083672,8840,0x46,PUCCH,,,,,,,,,,,,,,,,,,1,-inf,"0.000,",,,,,,,,,1787049396.083672,gnb2,post,post,,,
2026-08-18T10:36:37.036548,8860,0x46,PUCCH,,,,,,,,,,,,,,,,,,1,111.8,"1.000,",,,,,,,,,1787049397.036548,gnb2,post,post,,,
2026-08-18T10:36:38.498620,8900,0x46,PUCCH,,,,,,,,,,,,,,,,,,1,-inf,"0.000,",,,,,,,,,1787049398.498620,gnb2,post,post,,,
2026-08-18T10:36:39.123959,8920,0x46,PUCCH,,,,,,,,,,,,,,,,,,1,-inf,"0.000,",,,,,,,,,1787049399.123959,gnb2,post,post,,,
2026-08-18T10:36:40.018404,8940,0x46,PUCCH,,,,,,,,,,,,,,,,,,1,-inf,"0.000,",,,,,,,,,1787049400.018404,gnb2,post,post,,,
2026-08-18T10:36:41.220312,8980,0x46,PUCCH,,,,,,,,,,,,,,,,,,1,-inf,"0.000,",,,,,,,,,1787049401.220312,gnb2,post,post,,,
2026-08-18T10:36:42.135201,9000,0x46,PUCCH,,,,,,,,,,,,,,,,,,1,-inf,"0.000,",,,,,,,,,1787049402.135201,gnb2,post,post,,,
2026-08-18T10:36:43.458830,9040,0x46,PUCCH,,,,,,,,,,,,,,,,,,1,-inf,"0.000,",,,,,,,,,1787049403.458830,gnb2,post,post,,,
2026-08-18T10:36:44.159137,9060,0x46,PUCCH,,,,,,,,,,,,,,,,,,1,-inf,"0.000,",,,,,,,,,1787049404.159137,gnb2,post,post,,,
2026-08-18T10:36:45.499626,9100,0x46,PUCCH,,,,,,,,,,,,,,,,,,1,-inf,"0.000,",,,,,,,,,1787049405.499626,gnb2,post,post,,,
2026-08-18T10:36:46.145844,9120,0x46,PUCCH,,,,,,,,,,,,,,,,,,1,-inf,"0.000,",,,,,,,,,1787049406.145844,gnb2,post,post,,,
2026-08-18T10:36:47.523788,9160,0x46,PUCCH,,,,,,,,,,,,,,,,,,1,-inf,"0.000,",,,,,,,,,1787049407.523788,gnb2,post,post,,,
2026-08-18T10:36:48.143392,9180,0x46,PUCCH,,,,,,,,,,,,,,,,,,1,-inf,"0.000,",,,,,,,,,1787049408.143392,gnb2,post,post,,,
2026-08-18T10:36:49.354086,9220,0x46,PUCCH,,,,,,,,,,,,,,,,,,1,-inf,"0.000,",,,,,,,,,1787049409.354086,gnb2,post,post,,,
2026-08-18T10:36:50.401591,9240,0x46,PUCCH,,,,,,,,,,,,,,,,,,1,-inf,"0.000,",,,,,,,,,1787049410.401591,gnb2,post,post,,,
2026-08-18T10:36:51.435917,9260,0x46,PUCCH,,,,,,,,,,,,,,,,,,1,-inf,"0.000,",,,,,,,,,1787049411.435917,gnb2,post,post,,,
2026-08-18T10:36:52.226030,9280,0x46,PUCCH,,,,,,,,,,,,,,,,,,1,-inf,"0.000,",,,,,,,,,1787049412.226030,gnb2,post,post,,,
2026-08-18T10:36:53.595709,9320,0x46,PUCCH,,,,,,,,,,,,,,,,,,1,-inf,"0.000,",,,,,,,,,1787049413.595709,gnb2,post,post,,,
2026-08-18T10:36:54.391260,9340,0x46,PUCCH,,,,,,,,,,,,,,,,,,1,-inf,"0.000,",,,,,,,,,1787049414.391260,gnb2,post,post,,,
2026-08-18T10:36:55.313870,9360,0x46,PUCCH,,,,,,,,,,,,,,,,,,1,-inf,"0.000,",,,,,,,,,1787049415.313870,gnb2,post,post,,,
2026-08-18T10:36:56.133955,9380,0x46,PUCCH,,,,,,,,,,,,,,,,,,1,-inf,"0.000,",,,,,,,,,1787049416.133955,gnb2,post,post,,,
2026-08-18T10:36:57.062827,9400,0x46,PUCCH,,,,,,,,,,,,,,,,,,1,-inf,"0.000,",,,,,,,,,1787049417.062827,gnb2,post,post,,,
2026-08-18T10:36:58.386323,9440,0x46,PUCCH,,,,,,,,,,,,,,,,,,1,-inf,"0.000,",,,,,,,,,1787049418.386323,gnb2,post,post,,,
2026-08-18T10:36:59.161149,9460,0x46,PUCCH,,,,,,,,,,,,,,,,,,1,-inf,"0.000,",,,,,,,,,1787049419.161149,gnb2,post,post,,,
2026-08-18T10:37:00.181458,9480,0x46,PUCCH,,,,,,,,,,,,,,,,,,1,-inf,"0.000,",,,,,,,,,1787049420.181458,gnb2,post,post,,,
2026-08-18T10:37:01.600845,9517,0x46,PUCCH,,,,,,,,,,,,,,,,,,1a,111.7,"1.000,",,,1,,,,,,1787049421.600845,gnb2,post,post,,,
2026-08-18T10:37:02.875906,9537,0x46,PUCCH,,,,,,,,,,,,,,,,,,1a,111.7,"1.000,",,,1,,,,,,1787049422.875906,gnb2,post,post,,,
2026-08-18T10:37:03.022111,9540,0x46,PUCCH,,,,,,,,,,,,,,,,,,1,111.8,"1.000,",,,,,,,,,1787049423.022111,gnb2,post,post,,,
2026-08-18T10:37:04.261728,9567,0x46,PUCCH,,,,,,,,,,,,,,,,,,1a,111.7,"1.000,",,,1,,,,,,1787049424.261728,gnb2,post,post,,,
2026-08-18T10:37:05.597431,9597,0x46,PUCCH,,,,,,,,,,,,,,,,,,1a,111.7,"1.000,",,,1,,,,,,1787049425.597431,gnb2,post,post,,,
2026-08-18T10:37:06.364480,9617,0x46,PUCCH,,,,,,,,,,,,,,,,,,1a,111.7,"1.000,",,,1,,,,,,1787049426.364480,gnb2,post,post,,,
2026-08-18T10:37:07.560295,9637,0x46,PUCCH,,,,,,,,,,,,,,,,,,1a,111.7,"1.000,",,,1,,,,,,1787049427.560295,gnb2,post,post,,,
2026-08-18T10:37:08.419036,9657,0x46,PUCCH,,,,,,,,,,,,,,,,,,1a,111.7,"1.000,",,,1,,,,,,1787049428.419036,gnb2,post,post,,,
2026-08-18T10:37:09.306291,9677,0x46,PUCCH,,,,,,,,,,,,,,,,,,1a,111.7,"1.000,",,,1,,,,,,1787049429.306291,gnb2,post,post,,,
2026-08-18T10:37:10.588965,9717,0x46,PUCCH,,,,,,,,,,,,,,,,,,1a,111.7,"1.000,",,,1,,,,,,1787049430.588965,gnb2,post,post,,,
2026-08-18T10:37:11.242859,9737,0x46,PUCCH,,,,,,,,,,,,,,,,,,1a,111.7,"1.000,",,,1,,,,,,1787049431.242859,gnb2,post,post,,,
2026-08-18T10:37:12.021386,9760,0x46,PUCCH,,,,,,,,,,,,,,,,,,1,111.8,"1.000,",,,,,,,,,1787049432.021386,gnb2,post,post,,,
2026-08-18T10:37:13.325912,9798,0x46,PUCCH,,,,,,,,,,,,,,,,,,1a,111.7,"1.000,",,,1,,,,,,1787049433.325912,gnb2,post,post,,,
2026-08-18T10:37:14.115994,9817,0x46,PUCCH,,,,,,,,,,,,,,,,,,1a,111.7,"1.000,",,,1,,,,,,1787049434.115994,gnb2,post,post,,,
2026-08-18T10:37:15.639334,9857,0x46,PUCCH,,,,,,,,,,,,,,,,,,1a,111.7,"1.000,",,,1,,,,,,1787049435.639334,gnb2,post,post,,,
2026-08-18T10:37:16.037725,9867,0x46,PUCCH,,,,,,,,,,,,,,,,,,1a,111.7,"1.000,",,,1,,,,,,1787049436.037725,gnb2,post,post,,,
2026-08-18T10:37:17.589149,9911,0x46,PUCCH,,,,,,,,,,,,,,,,,,1a,111.7,"1.000,",,,1,,,,,,1787049437.589149,gnb2,post,post,,,
2026-08-18T10:37:53.048969,608,0x46,PUCCH,,,,,,,,,,,,,,,,,,1a,111.7,"1.000,",,,1,,,,,,1787049473.048969,gnb2,post,post,,,
2026-08-18T10:37:54.051865,641,0x46,PUCCH,,,,,,,,,,,,,,,,,,2,111.8,"1.000,",,,,,,,,,1787049474.051865,gnb2,post,post,,,
2026-08-18T10:37:55.640836,680,0x46,PUCCH,,,,,,,,,,,,,,,,,,1,111.8,"1.000,",,,,,,,,,1787049475.640836,gnb2,post,post,,,
2026-08-18T10:37:56.297021,700,0x46,PUCCH,,,,,,,,,,,,,,,,,,1,-inf,"0.000,",,,,,,,,,1787049476.297021,gnb2,post,post,,,
2026-08-18T10:37:57.029501,720,0x46,PUCCH,,,,,,,,,,,,,,,,,,1,-inf,"0.000,",,,,,,,,,1787049477.029501,gnb2,post,post,,,
2026-08-18T10:37:58.764375,760,0x46,PUCCH,,,,,,,,,,,,,,,,,,1,-inf,"0.000,",,,,,,,,,1787049478.764375,gnb2,post,post,,,
2026-08-18T10:37:59.556609,780,0x46,PUCCH,,,,,,,,,,,,,,,,,,1,-inf,"0.000,",,,,,,,,,1787049479.556609,gnb2,post,post,,,
2026-08-18T10:38:00.162432,800,0x46,PUCCH,,,,,,,,,,,,,,,,,,1,-inf,"0.000,",,,,,,,,,1787049480.162432,gnb2,post,post,,,
2026-08-18T10:38:01.496779,840,0x46,PUCCH,,,,,,,,,,,,,,,,,,1,-inf,"0.000,",,,,,,,,,1787049481.496779,gnb2,post,post,,,
2026-08-18T10:38:02.323789,860,0x46,PUCCH,,,,,,,,,,,,,,,,,,1,-inf,"0.000,",,,,,,,,,1787049482.323789,gnb2,post,post,,,
2026-08-18T10:38:03.076662,880,0x46,PUCCH,,,,,,,,,,,,,,,,,,1,-inf,"0.000,",,,,,,,,,1787049483.076662,gnb2,post,post,,,
2026-08-18T10:38:04.757134,920,0x46,PUCCH,,,,,,,,,,,,,,,,,,1,-inf,"0.000,",,,,,,,,,1787049484.757134,gnb2,post,post,,,
2026-08-18T10:38:05.502721,940,0x46,PUCCH,,,,,,,,,,,,,,,,,,1,-inf,"0.000,",,,,,,,,,1787049485.502721,gnb2,post,post,,,
2026-08-18T10:38:06.136674,960,0x46,PUCCH,,,,,,,,,,,,,,,,,,1,-inf,"0.000,",,,,,,,,,1787049486.136674,gnb2,post,post,,,
2026-08-18T10:38:07.295737,1000,0x46,PUCCH,,,,,,,,,,,,,,,,,,1,-inf,"0.000,",,,,,,,,,1787049487.295737,gnb2,post,post,,,
2026-08-18T10:38:08.027250,1020,0x46,PUCCH,,,,,,,,,,,,,,,,,,1,-inf,"0.000,",,,,,,,,,1787049488.027250,gnb2,post,post,,,
2026-08-18T10:38:10.059477,1060,0x46,PUCCH,,,,,,,,,,,,,,,,,,1,-inf,"0.000,",,,,,,,,,1787049490.059477,gnb2,post,post,,,
2026-08-18T10:38:11.706648,1100,0x46,PUCCH,,,,,,,,,,,,,,,,,,1,-inf,"0.000,",,,,,,,,,1787049491.706648,gnb2,post,post,,,
2026-08-18T10:38:12.390399,1120,0x46,PUCCH,,,,,,,,,,,,,,,,,,1,-inf,"0.000,",,,,,,,,,1787049492.390399,gnb2,post,post,,,
2026-08-18T10:38:13.630155,1160,0x46,PUCCH,,,,,,,,,,,,,,,,,,1,-inf,"0.000,",,,,,,,,,1787049493.630155,gnb2,post,post,,,
2026-08-18T10:38:14.319781,1180,0x46,PUCCH,,,,,,,,,,,,,,,,,,1,-inf,"0.000,",,,,,,,,,1787049494.319781,gnb2,post,post,,,
2026-08-18T10:38:15.029114,1201,0x46,PUCCH,,,,,,,,,,,,,,,,,,2,111.8,"1.000,",,,,,,,,,1787049495.029114,gnb2,post,post,,,
2026-08-18T10:38:16.616759,1240,0x46,PUCCH,,,,,,,,,,,,,,,,,,1,-inf,"0.000,",,,,,,,,,1787049496.616759,gnb2,post,post,,,
2026-08-18T10:38:17.464819,1260,0x46,PUCCH,,,,,,,,,,,,,,,,,,1,-inf,"0.000,",,,,,,,,,1787049497.464819,gnb2,post,post,,,
2026-08-18T10:38:18.126302,1280,0x46,PUCCH,,,,,,,,,,,,,,,,,,1,-inf,"0.000,",,,,,,,,,1787049498.126302,gnb2,post,post,,,
2026-08-18T10:38:19.977602,1320,0x46,PUCCH,,,,,,,,,,,,,,,,,,1,-inf,"0.000,",,,,,,,,,1787049499.977602,gnb2,post,post,,,
2026-08-18T10:38:20.001085,1321,0x46,PUCCH,,,,,,,,,,,,,,,,,,2,111.8,"1.000,",,,,,,,,,1787049500.001085,gnb2,post,post,,,
2026-08-18T10:38:21.324448,1360,0x46,PUCCH,,,,,,,,,,,,,,,,,,1,-inf,"0.000,",,,,,,,,,1787049501.324448,gnb2,post,post,,,
2026-08-18T10:38:22.008098,1380,0x46,PUCCH,,,,,,,,,,,,,,,,,,1,-inf,"0.000,",,,,,,,,,1787049502.008098,gnb2,post,post,,,
2026-08-18T10:38:23.341136,1420,0x46,PUCCH,,,,,,,,,,,,,,,,,,1,-inf,"0.000,",,,,,,,,,1787049503.341136,gnb2,post,post,,,
2026-08-18T10:38:24.519707,1440,0x46,PUCCH,,,,,,,,,,,,,,,,,,1,-inf,"0.000,",,,,,,,,,1787049504.519707,gnb2,post,post,,,
2026-08-18T10:38:25.438352,1460,0x46,PUCCH,,,,,,,,,,,,,,,,,,1,-inf,"0.000,",,,,,,,,,1787049505.438352,gnb2,post,post,,,
2026-08-18T10:38:26.223725,1480,0x46,PUCCH,,,,,,,,,,,,,,,,,,1,-inf,"0.000,",,,,,,,,,1787049506.223725,gnb2,post,post,,,
2026-08-18T10:38:27.044470,1500,0x46,PUCCH,,,,,,,,,,,,,,,,,,1,-inf,"0.000,",,,,,,,,,1787049507.044470,gnb2,post,post,,,
2026-08-18T10:38:28.136985,1520,0x46,PUCCH,,,,,,,,,,,,,,,,,,1,-inf,"0.000,",,,,,,,,,1787049508.136985,gnb2,post,post,,,
2026-08-18T10:38:29.304097,1560,0x46,PUCCH,,,,,,,,,,,,,,,,,,1,-inf,"0.000,",,,,,,,,,1787049509.304097,gnb2,post,post,,,
2026-08-18T10:38:30.057074,1580,0x46,PUCCH,,,,,,,,,,,,,,,,,,1,-inf,"0.000,",,,,,,,,,1787049510.057074,gnb2,post,post,,,
2026-08-18T10:38:31.594573,1620,0x46,PUCCH,,,,,,,,,,,,,,,,,,1,-inf,"0.000,",,,,,,,,,1787049511.594573,gnb2,post,post,,,
2026-08-18T10:38:32.417258,1640,0x46,PUCCH,,,,,,,,,,,,,,,,,,1,-inf,"0.000,",,,,,,,,,1787049512.417258,gnb2,post,post,,,
2026-08-18T10:38:33.196693,1660,0x46,PUCCH,,,,,,,,,,,,,,,,,,1,-inf,"0.000,",,,,,,,,,1787049513.196693,gnb2,post,post,,,
2026-08-18T10:38:34.012554,1681,0x46,PUCCH,,,,,,,,,,,,,,,,,,2,111.8,"1.000,",,,,,,,,,1787049514.012554,gnb2,post,post,,,
2026-08-18T10:38:35.512787,1720,0x46,PUCCH,,,,,,,,,,,,,,,,,,1,-inf,"0.000,",,,,,,,,,1787049515.512787,gnb2,post,post,,,
2026-08-18T10:38:36.243331,1740,0x46,PUCCH,,,,,,,,,,,,,,,,,,1,-inf,"0.000,",,,,,,,,,1787049516.243331,gnb2,post,post,,,
2026-08-18T10:38:37.483093,1780,0x46,PUCCH,,,,,,,,,,,,,,,,,,1,-inf,"0.000,",,,,,,,,,1787049517.483093,gnb2,post,post,,,
2026-08-18T10:38:38.079826,1800,0x46,PUCCH,,,,,,,,,,,,,,,,,,1,-inf,"0.000,",,,,,,,,,1787049518.079826,gnb2,post,post,,,
2026-08-18T10:38:39.066604,1820,0x46,PUCCH,,,,,,,,,,,,,,,,,,1,-inf,"0.000,",,,,,,,,,1787049519.066604,gnb2,post,post,,,
2026-08-18T10:38:40.714479,1860,0x46,PUCCH,,,,,,,,,,,,,,,,,,1,-inf,"0.000,",,,,,,,,,1787049520.714479,gnb2,post,post,,,
2026-08-18T10:38:41.433713,1880,0x46,PUCCH,,,,,,,,,,,,,,,,,,1,-inf,"0.000,",,,,,,,,,1787049521.433713,gnb2,post,post,,,
2026-08-18T10:38:42.123194,1900,0x46,PUCCH,,,,,,,,,,,,,,,,,,1,-inf,"0.000,",,,,,,,,,1787049522.123194,gnb2,post,post,,,
2026-08-18T10:38:43.490725,1940,0x46,PUCCH,,,,,,,,,,,,,,,,,,1,-inf,"0.000,",,,,,,,,,1787049523.490725,gnb2,post,post,,,
2026-08-18T10:38:44.180536,1960,0x46,PUCCH,,,,,,,,,,,,,,,,,,1,-inf,"0.000,",,,,,,,,,1787049524.180536,gnb2,post,post,,,
2026-08-18T10:38:45.003228,1980,0x46,PUCCH,,,,,,,,,,,,,,,,,,1,-inf,"0.000,",,,,,,,,,1787049525.003228,gnb2,post,post,,,
2026-08-18T10:38:46.516814,2020,0x46,PUCCH,,,,,,,,,,,,,,,,,,1,-inf,"0.000,",,,,,,,,,1787049526.516814,gnb2,post,post,,,
2026-08-18T10:38:47.228079,2040,0x46,PUCCH,,,,,,,,,,,,,,,,,,1,-inf,"0.000,",,,,,,,,,1787049527.228079,gnb2,post,post,,,
2026-08-18T10:38:48.700560,2080,0x46,PUCCH,,,,,,,,,,,,,,,,,,1,-inf,"0.000,",,,,,,,,,1787049528.700560,gnb2,post,post,,,
2026-08-18T10:38:49.324048,2100,0x46,PUCCH,,,,,,,,,,,,,,,,,,1,-inf,"0.000,",,,,,,,,,1787049529.324048,gnb2,post,post,,,
2026-08-18T10:38:50.051672,2120,0x46,PUCCH,,,,,,,,,,,,,,,,,,1,-inf,"0.000,",,,,,,,,,1787049530.051672,gnb2,post,post,,,
2026-08-18T10:38:51.412476,2160,0x46,PUCCH,,,,,,,,,,,,,,,,,,1,-inf,"0.000,",,,,,,,,,1787049531.412476,gnb2,post,post,,,
2026-08-18T10:38:52.097885,2180,0x46,PUCCH,,,,,,,,,,,,,,,,,,1,-inf,"0.000,",,,,,,,,,1787049532.097885,gnb2,post,post,,,
2026-08-18T10:38:53.050354,2201,0x46,PUCCH,,,,,,,,,,,,,,,,,,2,111.8,"1.000,",,,,,,,,,1787049533.050354,gnb2,post,post,,,
2026-08-18T10:38:54.477110,2240,0x46,PUCCH,,,,,,,,,,,,,,,,,,1,-inf,"0.000,",,,,,,,,,1787049534.477110,gnb2,post,post,,,
2026-08-18T10:38:55.364163,2260,0x46,PUCCH,,,,,,,,,,,,,,,,,,1,-inf,"0.000,",,,,,,,,,1787049535.364163,gnb2,post,post,,,
2026-08-18T10:38:56.478870,2300,0x46,PUCCH,,,,,,,,,,,,,,,,,,1,-inf,"0.000,",,,,,,,,,1787049536.478870,gnb2,post,post,,,
2026-08-18T10:38:57.320085,2320,0x46,PUCCH,,,,,,,,,,,,,,,,,,1,-inf,"0.000,",,,,,,,,,1787049537.320085,gnb2,post,post,,,
2026-08-18T10:38:58.314560,2340,0x46,PUCCH,,,,,,,,,,,,,,,,,,1,-inf,"0.000,",,,,,,,,,1787049538.314560,gnb2,post,post,,,
2026-08-18T10:38:59.068778,2360,0x46,PUCCH,,,,,,,,,,,,,,,,,,1,-inf,"0.000,",,,,,,,,,1787049539.068778,gnb2,post,post,,,
2026-08-18T10:39:00.669372,2400,0x46,PUCCH,,,,,,,,,,,,,,,,,,1,-inf,"0.000,",,,,,,,,,1787049540.669372,gnb2,post,post,,,
2026-08-18T10:39:01.443800,2420,0x46,PUCCH,,,,,,,,,,,,,,,,,,1,-inf,"0.000,",,,,,,,,,1787049541.443800,gnb2,post,post,,,
2026-08-18T10:39:02.274708,2440,0x46,PUCCH,,,,,,,,,,,,,,,,,,1,-inf,"0.000,",,,,,,,,,1787049542.274708,gnb2,post,post,,,
2026-08-18T10:39:03.008383,2460,0x46,PUCCH,,,,,,,,,,,,,,,,,,1,-inf,"0.000,",,,,,,,,,1787049543.008383,gnb2,post,post,,,
2026-08-18T10:39:04.491601,2500,0x46,PUCCH,,,,,,,,,,,,,,,,,,1,-inf,"0.000,",,,,,,,,,1787049544.491601,gnb2,post,post,,,
2026-08-18T10:39:05.142614,2520,0x46,PUCCH,,,,,,,,,,,,,,,,,,1,-inf,"0.000,",,,,,,,,,1787049545.142614,gnb2,post,post,,,
2026-08-18T10:39:06.741708,2560,0x46,PUCCH,,,,,,,,,,,,,,,,,,1,-inf,"0.000,",,,,,,,,,1787049546.741708,gnb2,post,post,,,
2026-08-18T10:39:07.491750,2580,0x46,PUCCH,,,,,,,,,,,,,,,,,,1,-inf,"0.000,",,,,,,,,,1787049547.491750,gnb2,post,post,,,
2026-08-18T10:39:08.519804,2600,0x46,PUCCH,,,,,,,,,,,,,,,,,,1,-inf,"0.000,",,,,,,,,,1787049548.519804,gnb2,post,post,,,
2026-08-18T10:39:09.383087,2620,0x46,PUCCH,,,,,,,,,,,,,,,,,,1,-inf,"0.000,",,,,,,,,,1787049549.383087,gnb2,post,post,,,
2026-08-18T10:39:10.349088,2640,0x46,PUCCH,,,,,,,,,,,,,,,,,,1,-inf,"0.000,",,,,,,,,,1787049550.349088,gnb2,post,post,,,
2026-08-18T10:39:11.402924,2660,0x46,PUCCH,,,,,,,,,,,,,,,,,,1,-inf,"0.000,",,,,,,,,,1787049551.402924,gnb2,post,post,,,
2026-08-18T10:39:12.698630,2680,0x46,PUCCH,,,,,,,,,,,,,,,,,,1,-inf,"0.000,",,,,,,,,,1787049552.698630,gnb2,post,post,,,
2026-08-18T10:39:13.567439,2700,0x46,PUCCH,,,,,,,,,,,,,,,,,,1,-inf,"0.000,",,,,,,,,,1787049553.567439,gnb2,post,post,,,
2026-08-18T10:39:14.355549,2720,0x46,PUCCH,,,,,,,,,,,,,,,,,,1,-inf,"0.000,",,,,,,,,,1787049554.355549,gnb2,post,post,,,
2026-08-18T10:39:15.099348,2740,0x46,PUCCH,,,,,,,,,,,,,,,,,,1,-inf,"0.000,",,,,,,,,,1787049555.099348,gnb2,post,post,,,
2026-08-18T10:39:16.523134,2780,0x46,PUCCH,,,,,,,,,,,,,,,,,,1,-inf,"0.000,",,,,,,,,,1787049556.523134,gnb2,post,post,,,
2026-08-18T10:39:17.317141,2800,0x46,PUCCH,,,,,,,,,,,,,,,,,,1,-inf,"0.000,",,,,,,,,,1787049557.317141,gnb2,post,post,,,
2026-08-18T10:39:18.424905,2840,0x46,PUCCH,,,,,,,,,,,,,,,,,,1,-inf,"0.000,",,,,,,,,,1787049558.424905,gnb2,post,post,,,
2026-08-18T10:39:19.183272,2860,0x46,PUCCH,,,,,,,,,,,,,,,,,,1,-inf,"0.000,",,,,,,,,,1787049559.183272,gnb2,post,post,,,
2026-08-18T10:39:20.238878,2880,0x46,PUCCH,,,,,,,,,,,,,,,,,,1,-inf,"0.000,",,,,,,,,,1787049560.238878,gnb2,post,post,,,
2026-08-18T10:39:21.911278,2920,0x46,PUCCH,,,,,,,,,,,,,,,,,,1,-inf,"0.000,",,,,,,,,,1787049561.911278,gnb2,post,post,,,
2026-08-18T10:39:22.660924,2940,0x46,PUCCH,,,,,,,,,,,,,,,,,,1,-inf,"0.000,",,,,,,,,,1787049562.660924,gnb2,post,post,,,
2026-08-18T10:39:23.343454,2960,0x46,PUCCH,,,,,,,,,,,,,,,,,,1,-inf,"0.000,",,,,,,,,,1787049563.343454,gnb2,post,post,,,
2026-08-18T10:39:24.069499,2980,0x46,PUCCH,,,,,,,,,,,,,,,,,,1,-inf,"0.000,",,,,,,,,,1787049564.069499,gnb2,post,post,,,
2026-08-18T10:39:25.564840,3020,0x46,PUCCH,,,,,,,,,,,,,,,,,,1,-inf,"0.000,",,,,,,,,,1787049565.564840,gnb2,post,post,,,
2026-08-18T10:39:26.393005,3040,0x46,PUCCH,,,,,,,,,,,,,,,,,,1,-inf,"0.000,",,,,,,,,,1787049566.393005,gnb2,post,post,,,
2026-08-18T10:39:27.124511,3060,0x46,PUCCH,,,,,,,,,,,,,,,,,,1,-inf,"0.000,",,,,,,,,,1787049567.124511,gnb2,post,post,,,
2026-08-18T10:39:28.663059,3100,0x46,PUCCH,,,,,,,,,,,,,,,,,,1,-inf,"0.000,",,,,,,,,,1787049568.663059,gnb2,post,post,,,
2026-08-18T10:39:29.218168,3120,0x46,PUCCH,,,,,,,,,,,,,,,,,,1,-inf,"0.000,",,,,,,,,,1787049569.218168,gnb2,post,post,,,
2026-08-18T10:39:31.014025,3160,0x46,PUCCH,,,,,,,,,,,,,,,,,,1,-inf,"0.000,",,,,,,,,,1787049571.014025,gnb2,post,post,,,
2026-08-18T10:39:33.003742,3200,0x46,PUCCH,,,,,,,,,,,,,,,,,,1,-inf,"0.000,",,,,,,,,,1787049573.003742,gnb2,post,post,,,
2026-08-18T10:39:34.849902,3240,0x46,PUCCH,,,,,,,,,,,,,,,,,,1,-inf,"0.000,",,,,,,,,,1787049574.849902,gnb2,post,post,,,
2026-08-18T10:39:35.592954,3260,0x46,PUCCH,,,,,,,,,,,,,,,,,,1,-inf,"0.000,",,,,,,,,,1787049575.592954,gnb2,post,post,,,
2026-08-18T10:39:36.601351,3280,0x46,PUCCH,,,,,,,,,,,,,,,,,,1,-inf,"0.000,",,,,,,,,,1787049576.601351,gnb2,post,post,,,
2026-08-18T10:39:38.044763,3300,0x46,PUCCH,,,,,,,,,,,,,,,,,,1,-inf,"0.000,",,,,,,,,,1787049578.044763,gnb2,post,post,,,
2026-08-18T10:39:39.020759,3321,0x46,PUCCH,,,,,,,,,,,,,,,,,,2,111.8,"1.000,",,,,,,,,,1787049579.020759,gnb2,post,post,,,
2026-08-18T10:39:40.859873,3360,0x46,PUCCH,,,,,,,,,,,,,,,,,,1,-inf,"0.000,",,,,,,,,,1787049580.859873,gnb2,post,post,,,
2026-08-18T10:39:41.742276,3380,0x46,PUCCH,,,,,,,,,,,,,,,,,,1,-inf,"0.000,",,,,,,,,,1787049581.742276,gnb2,post,post,,,
2026-08-18T10:39:42.455402,3400,0x46,PUCCH,,,,,,,,,,,,,,,,,,1,-inf,"0.000,",,,,,,,,,1787049582.455402,gnb2,post,post,,,
2026-08-18T10:39:43.233767,3420,0x46,PUCCH,,,,,,,,,,,,,,,,,,1,-inf,"0.000,",,,,,,,,,1787049583.233767,gnb2,post,post,,,
2026-08-18T10:39:44.021644,3440,0x46,PUCCH,,,,,,,,,,,,,,,,,,1,-inf,"0.000,",,,,,,,,,1787049584.021644,gnb2,post,post,,,
2026-08-18T10:39:45.509066,3480,0x46,PUCCH,,,,,,,,,,,,,,,,,,1,-inf,"0.000,",,,,,,,,,1787049585.509066,gnb2,post,post,,,
2026-08-18T10:39:46.149490,3500,0x46,PUCCH,,,,,,,,,,,,,,,,,,1,-inf,"0.000,",,,,,,,,,1787049586.149490,gnb2,post,post,,,
2026-08-18T10:39:47.543500,3540,0x46,PUCCH,,,,,,,,,,,,,,,,,,1,-inf,"0.000,",,,,,,,,,1787049587.543500,gnb2,post,post,,,
2026-08-18T10:39:48.383630,3560,0x46,PUCCH,,,,,,,,,,,,,,,,,,1,-inf,"0.000,",,,,,,,,,1787049588.383630,gnb2,post,post,,,
2026-08-18T10:39:49.000109,3580,0x46,PUCCH,,,,,,,,,,,,,,,,,,1,-inf,"0.000,",,,,,,,,,1787049589.000109,gnb2,post,post,,,
2026-08-18T10:39:50.699114,3620,0x46,PUCCH,,,,,,,,,,,,,,,,,,1,-inf,"0.000,",,,,,,,,,1787049590.699114,gnb2,post,post,,,
2026-08-18T10:39:51.346720,3640,0x46,PUCCH,,,,,,,,,,,,,,,,,,1,-inf,"0.000,",,,,,,,,,1787049591.346720,gnb2,post,post,,,
2026-08-18T10:39:52.042955,3660,0x46,PUCCH,,,,,,,,,,,,,,,,,,1,-inf,"0.000,",,,,,,,,,1787049592.042955,gnb2,post,post,,,
2026-08-18T10:39:53.490834,3700,0x46,PUCCH,,,,,,,,,,,,,,,,,,1,-inf,"0.000,",,,,,,,,,1787049593.490834,gnb2,post,post,,,
2026-08-18T10:39:54.583146,3720,0x46,PUCCH,,,,,,,,,,,,,,,,,,1,-inf,"0.000,",,,,,,,,,1787049594.583146,gnb2,post,post,,,
2026-08-18T10:39:55.329387,3740,0x46,PUCCH,,,,,,,,,,,,,,,,,,1,-inf,"0.000,",,,,,,,,,1787049595.329387,gnb2,post,post,,,
2026-08-18T10:39:56.074586,3760,0x46,PUCCH,,,,,,,,,,,,,,,,,,1,-inf,"0.000,",,,,,,,,,1787049596.074586,gnb2,post,post,,,
2026-08-18T10:39:57.653625,3800,0x46,PUCCH,,,,,,,,,,,,,,,,,,1,-inf,"0.000,",,,,,,,,,1787049597.653625,gnb2,post,post,,,
2026-08-18T10:39:58.447904,3820,0x46,PUCCH,,,,,,,,,,,,,,,,,,1,-inf,"0.000,",,,,,,,,,1787049598.447904,gnb2,post,post,,,
2026-08-18T10:39:59.050807,3840,0x46,PUCCH,,,,,,,,,,,,,,,,,,1,-inf,"0.000,",,,,,,,,,1787049599.050807,gnb2,post,post,,,
2026-08-18T10:40:00.532992,3880,0x46,PUCCH,,,,,,,,,,,,,,,,,,1,-inf,"0.000,",,,,,,,,,1787049600.532992,gnb2,post,post,,,
2026-08-18T10:40:01.353589,3900,0x46,PUCCH,,,,,,,,,,,,,,,,,,1,-inf,"0.000,",,,,,,,,,1787049601.353589,gnb2,post,post,,,
2026-08-18T10:40:02.163098,3920,0x46,PUCCH,,,,,,,,,,,,,,,,,,1,-inf,"0.000,",,,,,,,,,1787049602.163098,gnb2,post,post,,,
2026-08-18T10:40:03.624111,3960,0x46,PUCCH,,,,,,,,,,,,,,,,,,1,-inf,"0.000,",,,,,,,,,1787049603.624111,gnb2,post,post,,,
2026-08-18T10:40:04.276646,3980,0x46,PUCCH,,,,,,,,,,,,,,,,,,1,-inf,"0.000,",,,,,,,,,1787049604.276646,gnb2,post,post,,,
2026-08-18T10:40:05.003549,4001,0x46,PUCCH,,,,,,,,,,,,,,,,,,2,111.8,"1.000,",,,,,,,,,1787049605.003549,gnb2,post,post,,,
2026-08-18T10:40:06.563331,4040,0x46,PUCCH,,,,,,,,,,,,,,,,,,1,-inf,"0.000,",,,,,,,,,1787049606.563331,gnb2,post,post,,,
2026-08-18T10:40:07.335497,4060,0x46,PUCCH,,,,,,,,,,,,,,,,,,1,-inf,"0.000,",,,,,,,,,1787049607.335497,gnb2,post,post,,,
2026-08-18T10:40:08.673990,4100,0x46,PUCCH,,,,,,,,,,,,,,,,,,1,-inf,"0.000,",,,,,,,,,1787049608.673990,gnb2,post,post,,,
2026-08-18T10:40:09.594722,4120,0x46,PUCCH,,,,,,,,,,,,,,,,,,1,-inf,"0.000,",,,,,,,,,1787049609.594722,gnb2,post,post,,,
2026-08-18T10:40:10.354084,4140,0x46,PUCCH,,,,,,,,,,,,,,,,,,1,-inf,"0.000,",,,,,,,,,1787049610.354084,gnb2,post,post,,,
2026-08-18T10:40:11.028432,4161,0x46,PUCCH,,,,,,,,,,,,,,,,,,2,111.8,"1.000,",,,,,,,,,1787049611.028432,gnb2,post,post,,,
2026-08-18T10:40:13.003280,4200,0x46,PUCCH,,,,,,,,,,,,,,,,,,1,-inf,"0.000,",,,,,,,,,1787049613.003280,gnb2,post,post,,,
2026-08-18T10:40:14.540905,4240,0x46,PUCCH,,,,,,,,,,,,,,,,,,1,-inf,"0.000,",,,,,,,,,1787049614.540905,gnb2,post,post,,,
2026-08-18T10:40:15.205438,4260,0x46,PUCCH,,,,,,,,,,,,,,,,,,1,-inf,"0.000,",,,,,,,,,1787049615.205438,gnb2,post,post,,,
2026-08-18T10:40:16.589697,4300,0x46,PUCCH,,,,,,,,,,,,,,,,,,1,-inf,"0.000,",,,,,,,,,1787049616.589697,gnb2,post,post,,,
2026-08-18T10:40:17.576988,4320,0x46,PUCCH,,,,,,,,,,,,,,,,,,1,-inf,"0.000,",,,,,,,,,1787049617.576988,gnb2,post,post,,,
2026-08-18T10:40:18.409302,4340,0x46,PUCCH,,,,,,,,,,,,,,,,,,1,-inf,"0.000,",,,,,,,,,1787049618.409302,gnb2,post,post,,,
2026-08-18T10:40:19.198908,4360,0x46,PUCCH,,,,,,,,,,,,,,,,,,1,-inf,"0.000,",,,,,,,,,1787049619.198908,gnb2,post,post,,,
2026-08-18T10:40:20.833091,4400,0x46,PUCCH,,,,,,,,,,,,,,,,,,1,-inf,"0.000,",,,,,,,,,1787049620.833091,gnb2,post,post,,,
2026-08-18T10:40:21.606423,4420,0x46,PUCCH,,,,,,,,,,,,,,,,,,1,-inf,"0.000,",,,,,,,,,1787049621.606423,gnb2,post,post,,,
2026-08-18T10:40:22.483923,4440,0x46,PUCCH,,,,,,,,,,,,,,,,,,1,-inf,"0.000,",,,,,,,,,1787049622.483923,gnb2,post,post,,,
2026-08-18T10:40:23.467590,4460,0x46,PUCCH,,,,,,,,,,,,,,,,,,1,-inf,"0.000,",,,,,,,,,1787049623.467590,gnb2,post,post,,,
2026-08-18T10:40:24.296705,4480,0x46,PUCCH,,,,,,,,,,,,,,,,,,1,-inf,"0.000,",,,,,,,,,1787049624.296705,gnb2,post,post,,,
2026-08-18T10:40:25.281959,4500,0x46,PUCCH,,,,,,,,,,,,,,,,,,1,-inf,"0.000,",,,,,,,,,1787049625.281959,gnb2,post,post,,,
2026-08-18T10:40:26.020926,4520,0x46,PUCCH,,,,,,,,,,,,,,,,,,1,-inf,"0.000,",,,,,,,,,1787049626.020926,gnb2,post,post,,,
2026-08-18T10:40:27.530931,4560,0x46,PUCCH,,,,,,,,,,,,,,,,,,1,-inf,"0.000,",,,,,,,,,1787049627.530931,gnb2,post,post,,,
2026-08-18T10:40:28.316087,4580,0x46,PUCCH,,,,,,,,,,,,,,,,,,1,-inf,"0.000,",,,,,,,,,1787049628.316087,gnb2,post,post,,,
2026-08-18T10:40:29.566608,4620,0x46,PUCCH,,,,,,,,,,,,,,,,,,1,-inf,"0.000,",,,,,,,,,1787049629.566608,gnb2,post,post,,,
2026-08-18T10:40:30.299479,4640,0x46,PUCCH,,,,,,,,,,,,,,,,,,1,-inf,"0.000,",,,,,,,,,1787049630.299479,gnb2,post,post,,,
2026-08-18T10:40:31.058036,4660,0x46,PUCCH,,,,,,,,,,,,,,,,,,1,-inf,"0.000,",,,,,,,,,1787049631.058036,gnb2,post,post,,,
2026-08-18T10:40:32.355498,4700,0x46,PUCCH,,,,,,,,,,,,,,,,,,1,-inf,"0.000,",,,,,,,,,1787049632.355498,gnb2,post,post,,,
2026-08-18T10:40:33.032895,4720,0x46,PUCCH,,,,,,,,,,,,,,,,,,1,-inf,"0.000,",,,,,,,,,1787049633.032895,gnb2,post,post,,,
2026-08-18T10:40:34.403740,4760,0x46,PUCCH,,,,,,,,,,,,,,,,,,1,-inf,"0.000,",,,,,,,,,1787049634.403740,gnb2,post,post,,,
2026-08-18T10:40:35.346965,4780,0x46,PUCCH,,,,,,,,,,,,,,,,,,1,-inf,"0.000,",,,,,,,,,1787049635.346965,gnb2,post,post,,,
2026-08-18T10:40:36.421546,4800,0x46,PUCCH,,,,,,,,,,,,,,,,,,1,-inf,"0.000,",,,,,,,,,1787049636.421546,gnb2,post,post,,,
2026-08-18T10:40:37.429492,4820,0x46,PUCCH,,,,,,,,,,,,,,,,,,1,-inf,"0.000,",,,,,,,,,1787049637.429492,gnb2,post,post,,,
2026-08-18T10:40:38.413700,4840,0x46,PUCCH,,,,,,,,,,,,,,,,,,1,-inf,"0.000,",,,,,,,,,1787049638.413700,gnb2,post,post,,,
2026-08-18T10:40:39.656085,4880,0x46,PUCCH,,,,,,,,,,,,,,,,,,1,-inf,"0.000,",,,,,,,,,1787049639.656085,gnb2,post,post,,,
2026-08-18T10:40:40.333302,4900,0x46,PUCCH,,,,,,,,,,,,,,,,,,1,-inf,"0.000,",,,,,,,,,1787049640.333302,gnb2,post,post,,,
2026-08-18T10:40:41.112778,4920,0x46,PUCCH,,,,,,,,,,,,,,,,,,1,-inf,"0.000,",,,,,,,,,1787049641.112778,gnb2,post,post,,,
2026-08-18T10:40:42.769890,4960,0x46,PUCCH,,,,,,,,,,,,,,,,,,1,-inf,"0.000,",,,,,,,,,1787049642.769890,gnb2,post,post,,,
2026-08-18T10:40:43.617516,4980,0x46,PUCCH,,,,,,,,,,,,,,,,,,1,-inf,"0.000,",,,,,,,,,1787049643.617516,gnb2,post,post,,,
2026-08-18T10:40:44.373759,5000,0x46,PUCCH,,,,,,,,,,,,,,,,,,1,-inf,"0.000,",,,,,,,,,1787049644.373759,gnb2,post,post,,,
2026-08-18T10:40:45.043203,5020,0x46,PUCCH,,,,,,,,,,,,,,,,,,1,-inf,"0.000,",,,,,,,,,1787049645.043203,gnb2,post,post,,,
2026-08-18T10:40:46.618731,5060,0x46,PUCCH,,,,,,,,,,,,,,,,,,1,-inf,"0.000,",,,,,,,,,1787049646.618731,gnb2,post,post,,,
2026-08-18T10:40:47.372136,5080,0x46,PUCCH,,,,,,,,,,,,,,,,,,1,-inf,"0.000,",,,,,,,,,1787049647.372136,gnb2,post,post,,,
2026-08-18T10:40:48.048959,5100,0x46,PUCCH,,,,,,,,,,,,,,,,,,1,-inf,"0.000,",,,,,,,,,1787049648.048959,gnb2,post,post,,,
2026-08-18T10:40:49.403356,5140,0x46,PUCCH,,,,,,,,,,,,,,,,,,1,-inf,"0.000,",,,,,,,,,1787049649.403356,gnb2,post,post,,,
2026-08-18T10:40:50.140227,5160,0x46,PUCCH,,,,,,,,,,,,,,,,,,1,-inf,"0.000,",,,,,,,,,1787049650.140227,gnb2,post,post,,,
2026-08-18T10:40:51.086745,5180,0x46,PUCCH,,,,,,,,,,,,,,,,,,1,-inf,"0.000,",,,,,,,,,1787049651.086745,gnb2,post,post,,,
2026-08-18T10:40:52.911345,5220,0x46,PUCCH,,,,,,,,,,,,,,,,,,1,-inf,"0.000,",,,,,,,,,1787049652.911345,gnb2,post,post,,,
2026-08-18T10:40:53.744348,5240,0x46,PUCCH,,,,,,,,,,,,,,,,,,1,-inf,"0.000,",,,,,,,,,1787049653.744348,gnb2,post,post,,,
2026-08-18T10:40:54.693694,5260,0x46,PUCCH,,,,,,,,,,,,,,,,,,1,-inf,"0.000,",,,,,,,,,1787049654.693694,gnb2,post,post,,,
2026-08-18T10:40:55.497685,5280,0x46,PUCCH,,,,,,,,,,,,,,,,,,1,-inf,"0.000,",,,,,,,,,1787049655.497685,gnb2,post,post,,,
2026-08-18T10:40:56.261045,5300,0x46,PUCCH,,,,,,,,,,,,,,,,,,1,-inf,"0.000,",,,,,,,,,1787049656.261045,gnb2,post,post,,,
2026-08-18T10:40:57.271573,5320,0x46,PUCCH,,,,,,,,,,,,,,,,,,1,-inf,"0.000,",,,,,,,,,1787049657.271573,gnb2,post,post,,,
2026-08-18T10:40:58.452402,5340,0x46,PUCCH,,,,,,,,,,,,,,,,,,1,-inf,"0.000,",,,,,,,,,1787049658.452402,gnb2,post,post,,,
2026-08-18T10:40:59.620116,5360,0x46,PUCCH,,,,,,,,,,,,,,,,,,1,-inf,"0.000,",,,,,,,,,1787049659.620116,gnb2,post,post,,,
2026-08-18T10:41:00.387153,5380,0x46,PUCCH,,,,,,,,,,,,,,,,,,1,-inf,"0.000,",,,,,,,,,1787049660.387153,gnb2,post,post,,,
2026-08-18T10:41:01.208727,5400,0x46,PUCCH,,,,,,,,,,,,,,,,,,1,-inf,"0.000,",,,,,,,,,1787049661.208727,gnb2,post,post,,,
2026-08-18T10:41:02.024958,5420,0x46,PUCCH,,,,,,,,,,,,,,,,,,1,-inf,"0.000,",,,,,,,,,1787049662.024958,gnb2,post,post,,,
2026-08-18T10:41:03.589167,5460,0x46,PUCCH,,,,,,,,,,,,,,,,,,1,-inf,"0.000,",,,,,,,,,1787049663.589167,gnb2,post,post,,,
2026-08-18T10:41:04.563724,5480,0x46,PUCCH,,,,,,,,,,,,,,,,,,1,-inf,"0.000,",,,,,,,,,1787049664.563724,gnb2,post,post,,,
2026-08-18T10:41:05.184456,5500,0x46,PUCCH,,,,,,,,,,,,,,,,,,1,-inf,"0.000,",,,,,,,,,1787049665.184456,gnb2,post,post,,,
2026-08-18T10:41:06.586592,5540,0x46,PUCCH,,,,,,,,,,,,,,,,,,1,-inf,"0.000,",,,,,,,,,1787049666.586592,gnb2,post,post,,,
2026-08-18T10:41:07.397727,5560,0x46,PUCCH,,,,,,,,,,,,,,,,,,1,-inf,"0.000,",,,,,,,,,1787049667.397727,gnb2,post,post,,,
2026-08-18T10:41:08.381567,5580,0x46,PUCCH,,,,,,,,,,,,,,,,,,1,-inf,"0.000,",,,,,,,,,1787049668.381567,gnb2,post,post,,,
2026-08-18T10:41:09.913693,5600,0x46,PUCCH,,,,,,,,,,,,,,,,,,1,-inf,"0.000,",,,,,,,,,1787049669.913693,gnb2,post,post,,,
2026-08-18T10:41:10.808807,5620,0x46,PUCCH,,,,,,,,,,,,,,,,,,1,-inf,"0.000,",,,,,,,,,1787049670.808807,gnb2,post,post,,,
2026-08-18T10:41:11.599315,5640,0x46,PUCCH,,,,,,,,,,,,,,,,,,1,-inf,"0.000,",,,,,,,,,1787049671.599315,gnb2,post,post,,,
2026-08-18T10:41:12.491133,5660,0x46,PUCCH,,,,,,,,,,,,,,,,,,1,-inf,"0.000,",,,,,,,,,1787049672.491133,gnb2,post,post,,,
2026-08-18T10:41:13.102511,5680,0x46,PUCCH,,,,,,,,,,,,,,,,,,1,-inf,"0.000,",,,,,,,,,1787049673.102511,gnb2,post,post,,,
2026-08-18T10:41:14.461769,5720,0x46,PUCCH,,,,,,,,,,,,,,,,,,1,-inf,"0.000,",,,,,,,,,1787049674.461769,gnb2,post,post,,,
2026-08-18T10:41:15.289968,5740,0x46,PUCCH,,,,,,,,,,,,,,,,,,1,-inf,"0.000,",,,,,,,,,1787049675.289968,gnb2,post,post,,,
2026-08-18T10:41:16.035495,5760,0x46,PUCCH,,,,,,,,,,,,,,,,,,1,-inf,"0.000,",,,,,,,,,1787049676.035495,gnb2,post,post,,,
2026-08-18T10:41:17.417193,5800,0x46,PUCCH,,,,,,,,,,,,,,,,,,1,-inf,"0.000,",,,,,,,,,1787049677.417193,gnb2,post,post,,,
2026-08-18T10:41:18.139139,5820,0x46,PUCCH,,,,,,,,,,,,,,,,,,1,-inf,"0.000,",,,,,,,,,1787049678.139139,gnb2,post,post,,,
2026-08-18T10:41:19.834803,5860,0x46,PUCCH,,,,,,,,,,,,,,,,,,1,-inf,"0.000,",,,,,,,,,1787049679.834803,gnb2,post,post,,,
2026-08-18T10:41:20.552690,5880,0x46,PUCCH,,,,,,,,,,,,,,,,,,1,-inf,"0.000,",,,,,,,,,1787049680.552690,gnb2,post,post,,,
2026-08-18T10:41:21.250003,5900,0x46,PUCCH,,,,,,,,,,,,,,,,,,1,-inf,"0.000,",,,,,,,,,1787049681.250003,gnb2,post,post,,,
2026-08-18T10:41:22.489624,5940,0x46,PUCCH,,,,,,,,,,,,,,,,,,1,-inf,"0.000,",,,,,,,,,1787049682.489624,gnb2,post,post,,,
2026-08-18T10:41:23.018521,5961,0x46,PUCCH,,,,,,,,,,,,,,,,,,2,111.8,"1.000,",,,,,,,,,1787049683.018521,gnb2,post,post,,,
2026-08-18T10:41:24.630087,6000,0x46,PUCCH,,,,,,,,,,,,,,,,,,1,-inf,"0.000,",,,,,,,,,1787049684.630087,gnb2,post,post,,,
2026-08-18T10:41:25.493389,6020,0x46,PUCCH,,,,,,,,,,,,,,,,,,1,-inf,"0.000,",,,,,,,,,1787049685.493389,gnb2,post,post,,,
2026-08-18T10:41:26.230927,6040,0x46,PUCCH,,,,,,,,,,,,,,,,,,1,-inf,"0.000,",,,,,,,,,1787049686.230927,gnb2,post,post,,,
2026-08-18T10:41:27.633741,6080,0x46,PUCCH,,,,,,,,,,,,,,,,,,1,-inf,"0.000,",,,,,,,,,1787049687.633741,gnb2,post,post,,,
2026-08-18T10:41:28.332657,6100,0x46,PUCCH,,,,,,,,,,,,,,,,,,1,-inf,"0.000,",,,,,,,,,1787049688.332657,gnb2,post,post,,,
2026-08-18T10:41:29.042556,6120,0x46,PUCCH,,,,,,,,,,,,,,,,,,1,-inf,"0.000,",,,,,,,,,1787049689.042556,gnb2,post,post,,,
2026-08-18T10:41:30.627364,6160,0x46,PUCCH,,,,,,,,,,,,,,,,,,1,-inf,"0.000,",,,,,,,,,1787049690.627364,gnb2,post,post,,,
2026-08-18T10:41:31.364946,6180,0x46,PUCCH,,,,,,,,,,,,,,,,,,1,-inf,"0.000,",,,,,,,,,1787049691.364946,gnb2,post,post,,,
2026-08-18T10:41:32.205869,6200,0x46,PUCCH,,,,,,,,,,,,,,,,,,1,-inf,"0.000,",,,,,,,,,1787049692.205869,gnb2,post,post,,,
2026-08-18T10:41:33.189818,6220,0x46,PUCCH,,,,,,,,,,,,,,,,,,1,-inf,"0.000,",,,,,,,,,1787049693.189818,gnb2,post,post,,,
2026-08-18T10:41:34.051942,6241,0x46,PUCCH,,,,,,,,,,,,,,,,,,2,111.8,"1.000,",,,,,,,,,1787049694.051942,gnb2,post,post,,,
2026-08-18T10:41:35.588422,6280,0x46,PUCCH,,,,,,,,,,,,,,,,,,1,-inf,"0.000,",,,,,,,,,1787049695.588422,gnb2,post,post,,,
2026-08-18T10:41:36.209411,6300,0x46,PUCCH,,,,,,,,,,,,,,,,,,1,-inf,"0.000,",,,,,,,,,1787049696.209411,gnb2,post,post,,,
2026-08-18T10:41:37.008241,6321,0x46,PUCCH,,,,,,,,,,,,,,,,,,2,111.8,"1.000,",,,,,,,,,1787049697.008241,gnb2,post,post,,,
2026-08-18T10:41:38.693183,6360,0x46,PUCCH,,,,,,,,,,,,,,,,,,1,-inf,"0.000,",,,,,,,,,1787049698.693183,gnb2,post,post,,,
2026-08-18T10:41:39.320421,6380,0x46,PUCCH,,,,,,,,,,,,,,,,,,1,-inf,"0.000,",,,,,,,,,1787049699.320421,gnb2,post,post,,,
2026-08-18T10:41:40.014796,6400,0x46,PUCCH,,,,,,,,,,,,,,,,,,1,-inf,"0.000,",,,,,,,,,1787049700.014796,gnb2,post,post,,,
2026-08-18T10:41:41.173886,6420,0x46,PUCCH,,,,,,,,,,,,,,,,,,1,-inf,"0.000,",,,,,,,,,1787049701.173886,gnb2,post,post,,,
2026-08-18T10:41:42.831689,6460,0x46,PUCCH,,,,,,,,,,,,,,,,,,1,-inf,"0.000,",,,,,,,,,1787049702.831689,gnb2,post,post,,,
2026-08-18T10:41:43.539697,6480,0x46,PUCCH,,,,,,,,,,,,,,,,,,1,-inf,"0.000,",,,,,,,,,1787049703.539697,gnb2,post,post,,,
2026-08-18T10:41:44.215770,6500,0x46,PUCCH,,,,,,,,,,,,,,,,,,1,-inf,"0.000,",,,,,,,,,1787049704.215770,gnb2,post,post,,,
2026-08-18T10:41:45.023687,6520,0x46,PUCCH,,,,,,,,,,,,,,,,,,1,-inf,"0.000,",,,,,,,,,1787049705.023687,gnb2,post,post,,,
2026-08-18T10:41:46.836937,6560,0x46,PUCCH,,,,,,,,,,,,,,,,,,1,-inf,"0.000,",,,,,,,,,1787049706.836937,gnb2,post,post,,,
2026-08-18T10:41:47.534815,6580,0x46,PUCCH,,,,,,,,,,,,,,,,,,1,-inf,"0.000,",,,,,,,,,1787049707.534815,gnb2,post,post,,,
2026-08-18T10:41:48.456408,6600,0x46,PUCCH,,,,,,,,,,,,,,,,,,1,-inf,"0.000,",,,,,,,,,1787049708.456408,gnb2,post,post,,,
2026-08-18T10:41:49.258895,6620,0x46,PUCCH,,,,,,,,,,,,,,,,,,1,-inf,"0.000,",,,,,,,,,1787049709.258895,gnb2,post,post,,,
2026-08-18T10:41:50.002977,6640,0x46,PUCCH,,,,,,,,,,,,,,,,,,1,-inf,"0.000,",,,,,,,,,1787049710.002977,gnb2,post,post,,,
2026-08-18T10:41:51.649095,6680,0x46,PUCCH,,,,,,,,,,,,,,,,,,1,-inf,"0.000,",,,,,,,,,1787049711.649095,gnb2,post,post,,,
2026-08-18T10:41:52.417336,6700,0x46,PUCCH,,,,,,,,,,,,,,,,,,1,-inf,"0.000,",,,,,,,,,1787049712.417336,gnb2,post,post,,,
2026-08-18T10:41:53.290063,6720,0x46,PUCCH,,,,,,,,,,,,,,,,,,1,-inf,"0.000,",,,,,,,,,1787049713.290063,gnb2,post,post,,,
2026-08-18T10:41:54.273789,6740,0x46,PUCCH,,,,,,,,,,,,,,,,,,1,-inf,"0.000,",,,,,,,,,1787049714.273789,gnb2,post,post,,,
2026-08-18T10:41:55.127165,6760,0x46,PUCCH,,,,,,,,,,,,,,,,,,1,-inf,"0.000,",,,,,,,,,1787049715.127165,gnb2,post,post,,,
2026-08-18T10:41:56.004146,6780,0x46,PUCCH,,,,,,,,,,,,,,,,,,1,-inf,"0.000,",,,,,,,,,1787049716.004146,gnb2,post,post,,,
2026-08-18T10:41:57.734390,6820,0x46,PUCCH,,,,,,,,,,,,,,,,,,1,-inf,"0.000,",,,,,,,,,1787049717.734390,gnb2,post,post,,,
2026-08-18T10:41:58.336534,6840,0x46,PUCCH,,,,,,,,,,,,,,,,,,1,-inf,"0.000,",,,,,,,,,1787049718.336534,gnb2,post,post,,,
2026-08-18T10:41:59.433136,6860,0x46,PUCCH,,,,,,,,,,,,,,,,,,1,-inf,"0.000,",,,,,,,,,1787049719.433136,gnb2,post,post,,,
2026-08-18T10:42:00.270508,6880,0x46,PUCCH,,,,,,,,,,,,,,,,,,1,-inf,"0.000,",,,,,,,,,1787049720.270508,gnb2,post,post,,,
2026-08-18T10:42:01.575236,6920,0x46,PUCCH,,,,,,,,,,,,,,,,,,1,-inf,"0.000,",,,,,,,,,1787049721.575236,gnb2,post,post,,,
2026-08-18T10:42:02.297091,6940,0x46,PUCCH,,,,,,,,,,,,,,,,,,1,-inf,"0.000,",,,,,,,,,1787049722.297091,gnb2,post,post,,,
2026-08-18T10:42:03.670359,6960,0x46,PUCCH,,,,,,,,,,,,,,,,,,1,-inf,"0.000,",,,,,,,,,1787049723.670359,gnb2,post,post,,,
2026-08-18T10:42:04.773598,6980,0x46,PUCCH,,,,,,,,,,,,,,,,,,1,-inf,"0.000,",,,,,,,,,1787049724.773598,gnb2,post,post,,,
2026-08-18T10:42:05.435178,7000,0x46,PUCCH,,,,,,,,,,,,,,,,,,1,-inf,"0.000,",,,,,,,,,1787049725.435178,gnb2,post,post,,,
2026-08-18T10:42:06.144105,7020,0x46,PUCCH,,,,,,,,,,,,,,,,,,1,-inf,"0.000,",,,,,,,,,1787049726.144105,gnb2,post,post,,,
2026-08-18T10:42:07.163105,7060,0x46,PUCCH,,,,,,,,,,,,,,,,,,1,-inf,"0.000,",,,,,,,,,1787049727.163105,gnb2,post,post,,,
2026-08-18T10:42:09.078368,7100,0x46,PUCCH,,,,,,,,,,,,,,,,,,1,-inf,"0.000,",,,,,,,,,1787049729.078368,gnb2,post,post,,,
2026-08-18T10:42:10.038485,7120,0x46,PUCCH,,,,,,,,,,,,,,,,,,1,-inf,"0.000,",,,,,,,,,1787049730.038485,gnb2,post,post,,,
2026-08-18T10:42:11.628452,7160,0x46,PUCCH,,,,,,,,,,,,,,,,,,1,-inf,"0.000,",,,,,,,,,1787049731.628452,gnb2,post,post,,,
2026-08-18T10:42:12.233394,7180,0x46,PUCCH,,,,,,,,,,,,,,,,,,1,-inf,"0.000,",,,,,,,,,1787049732.233394,gnb2,post,post,,,
2026-08-18T10:42:13.363757,7220,0x46,PUCCH,,,,,,,,,,,,,,,,,,1,-inf,"0.000,",,,,,,,,,1787049733.363757,gnb2,post,post,,,
2026-08-18T10:42:14.021345,7240,0x46,PUCCH,,,,,,,,,,,,,,,,,,1,-inf,"0.000,",,,,,,,,,1787049734.021345,gnb2,post,post,,,
2026-08-18T10:42:15.310408,7280,0x46,PUCCH,,,,,,,,,,,,,,,,,,1,-inf,"0.000,",,,,,,,,,1787049735.310408,gnb2,post,post,,,
2026-08-18T10:42:16.495019,7320,0x46,PUCCH,,,,,,,,,,,,,,,,,,1,-inf,"0.000,",,,,,,,,,1787049736.495019,gnb2,post,post,,,
2026-08-18T10:42:17.450392,7360,0x46,PUCCH,,,,,,,,,,,,,,,,,,1,-inf,"0.000,",,,,,,,,,1787049737.450392,gnb2,post,post,,,
2026-08-18T10:42:18.113476,7380,0x46,PUCCH,,,,,,,,,,,,,,,,,,1,-inf,"0.000,",,,,,,,,,1787049738.113476,gnb2,post,post,,,
2026-08-18T10:42:19.357342,7420,0x46,PUCCH,,,,,,,,,,,,,,,,,,1,-inf,"0.000,",,,,,,,,,1787049739.357342,gnb2,post,post,,,
2026-08-18T10:42:20.389074,7440,0x46,PUCCH,,,,,,,,,,,,,,,,,,1,-inf,"0.000,",,,,,,,,,1787049740.389074,gnb2,post,post,,,
2026-08-18T10:42:21.139475,7460,0x46,PUCCH,,,,,,,,,,,,,,,,,,1,-inf,"0.000,",,,,,,,,,1787049741.139475,gnb2,post,post,,,
2026-08-18T10:42:22.680836,7500,0x46,PUCCH,,,,,,,,,,,,,,,,,,1,-inf,"0.000,",,,,,,,,,1787049742.680836,gnb2,post,post,,,
2026-08-18T10:42:23.690218,7520,0x46,PUCCH,,,,,,,,,,,,,,,,,,1,-inf,"0.000,",,,,,,,,,1787049743.690218,gnb2,post,post,,,
2026-08-18T10:42:24.483187,7540,0x46,PUCCH,,,,,,,,,,,,,,,,,,1,-inf,"0.000,",,,,,,,,,1787049744.483187,gnb2,post,post,,,
2026-08-18T10:42:25.466895,7560,0x46,PUCCH,,,,,,,,,,,,,,,,,,1,-inf,"0.000,",,,,,,,,,1787049745.466895,gnb2,post,post,,,
2026-08-18T10:42:26.431808,7580,0x46,PUCCH,,,,,,,,,,,,,,,,,,1,-inf,"0.000,",,,,,,,,,1787049746.431808,gnb2,post,post,,,
2026-08-18T10:42:27.392640,7600,0x46,PUCCH,,,,,,,,,,,,,,,,,,1,-inf,"0.000,",,,,,,,,,1787049747.392640,gnb2,post,post,,,
2026-08-18T10:42:28.231178,7620,0x46,PUCCH,,,,,,,,,,,,,,,,,,1,-inf,"0.000,",,,,,,,,,1787049748.231178,gnb2,post,post,,,
2026-08-18T10:42:29.677190,7660,0x46,PUCCH,,,,,,,,,,,,,,,,,,1,-inf,"0.000,",,,,,,,,,1787049749.677190,gnb2,post,post,,,
2026-08-18T10:42:30.470119,7680,0x46,PUCCH,,,,,,,,,,,,,,,,,,1,-inf,"0.000,",,,,,,,,,1787049750.470119,gnb2,post,post,,,
2026-08-18T10:42:31.155142,7700,0x46,PUCCH,,,,,,,,,,,,,,,,,,1,-inf,"0.000,",,,,,,,,,1787049751.155142,gnb2,post,post,,,
2026-08-18T10:42:32.505473,7740,0x46,PUCCH,,,,,,,,,,,,,,,,,,1,-inf,"0.000,",,,,,,,,,1787049752.505473,gnb2,post,post,,,
2026-08-18T10:42:33.265649,7760,0x46,PUCCH,,,,,,,,,,,,,,,,,,1,-inf,"0.000,",,,,,,,,,1787049753.265649,gnb2,post,post,,,
2026-08-18T10:42:34.246324,7780,0x46,PUCCH,,,,,,,,,,,,,,,,,,1,-inf,"0.000,",,,,,,,,,1787049754.246324,gnb2,post,post,,,
2026-08-18T10:42:35.603443,7820,0x46,PUCCH,,,,,,,,,,,,,,,,,,1,-inf,"0.000,",,,,,,,,,1787049755.603443,gnb2,post,post,,,
2026-08-18T10:42:36.445539,7840,0x46,PUCCH,,,,,,,,,,,,,,,,,,1,-inf,"0.000,",,,,,,,,,1787049756.445539,gnb2,post,post,,,
2026-08-18T10:42:37.328246,7860,0x46,PUCCH,,,,,,,,,,,,,,,,,,1,-inf,"0.000,",,,,,,,,,1787049757.328246,gnb2,post,post,,,
2026-08-18T10:42:38.023823,7881,0x46,PUCCH,,,,,,,,,,,,,,,,,,2,111.8,"1.000,",,,,,,,,,1787049758.023823,gnb2,post,post,,,
2026-08-18T10:42:39.186705,7920,0x46,PUCCH,,,,,,,,,,,,,,,,,,1,-inf,"0.000,",,,,,,,,,1787049759.186705,gnb2,post,post,,,
2026-08-18T10:42:40.107616,7940,0x46,PUCCH,,,,,,,,,,,,,,,,,,1,-inf,"0.000,",,,,,,,,,1787049760.107616,gnb2,post,post,,,
2026-08-18T10:42:41.373341,7960,0x46,PUCCH,,,,,,,,,,,,,,,,,,1,-inf,"0.000,",,,,,,,,,1787049761.373341,gnb2,post,post,,,
2026-08-18T10:42:42.553260,8000,0x46,PUCCH,,,,,,,,,,,,,,,,,,1,-inf,"0.000,",,,,,,,,,1787049762.553260,gnb2,post,post,,,
2026-08-18T10:42:43.278408,8020,0x46,PUCCH,,,,,,,,,,,,,,,,,,1,-inf,"0.000,",,,,,,,,,1787049763.278408,gnb2,post,post,,,
2026-08-18T10:42:45.013329,8060,0x46,PUCCH,,,,,,,,,,,,,,,,,,1,-inf,"0.000,",,,,,,,,,1787049765.013329,gnb2,post,post,,,
2026-08-18T10:42:46.850170,8100,0x46,PUCCH,,,,,,,,,,,,,,,,,,1,-inf,"0.000,",,,,,,,,,1787049766.850170,gnb2,post,post,,,
2026-08-18T10:42:47.674594,8120,0x46,PUCCH,,,,,,,,,,,,,,,,,,1,-inf,"0.000,",,,,,,,,,1787049767.674594,gnb2,post,post,,,
2026-08-18T10:42:48.342648,8140,0x46,PUCCH,,,,,,,,,,,,,,,,,,1,-inf,"0.000,",,,,,,,,,1787049768.342648,gnb2,post,post,,,
2026-08-18T10:42:49.084094,8160,0x46,PUCCH,,,,,,,,,,,,,,,,,,1,-inf,"0.000,",,,,,,,,,1787049769.084094,gnb2,post,post,,,
2026-08-18T10:42:50.182673,8180,0x46,PUCCH,,,,,,,,,,,,,,,,,,1,-inf,"0.000,",,,,,,,,,1787049770.182673,gnb2,post,post,,,
2026-08-18T10:42:51.034690,8201,0x46,PUCCH,,,,,,,,,,,,,,,,,,2,111.8,"1.000,",,,,,,,,,1787049771.034690,gnb2,post,post,,,
2026-08-18T10:42:52.754736,8240,0x46,PUCCH,,,,,,,,,,,,,,,,,,1,-inf,"0.000,",,,,,,,,,1787049772.754736,gnb2,post,post,,,
2026-08-18T10:42:53.641448,8260,0x46,PUCCH,,,,,,,,,,,,,,,,,,1,-inf,"0.000,",,,,,,,,,1787049773.641448,gnb2,post,post,,,
2026-08-18T10:42:54.324611,8280,0x46,PUCCH,,,,,,,,,,,,,,,,,,1,-inf,"0.000,",,,,,,,,,1787049774.324611,gnb2,post,post,,,
2026-08-18T10:42:55.779613,8320,0x46,PUCCH,,,,,,,,,,,,,,,,,,1,-inf,"0.000,",,,,,,,,,1787049775.779613,gnb2,post,post,,,
2026-08-18T10:42:56.690449,8340,0x46,PUCCH,,,,,,,,,,,,,,,,,,1,-inf,"0.000,",,,,,,,,,1787049776.690449,gnb2,post,post,,,
2026-08-18T10:42:57.341194,8360,0x46,PUCCH,,,,,,,,,,,,,,,,,,1,-inf,"0.000,",,,,,,,,,1787049777.341194,gnb2,post,post,,,
2026-08-18T10:42:58.122758,8380,0x46,PUCCH,,,,,,,,,,,,,,,,,,1,-inf,"0.000,",,,,,,,,,1787049778.122758,gnb2,post,post,,,
2026-08-18T10:42:59.231318,8400,0x46,PUCCH,,,,,,,,,,,,,,,,,,1,-inf,"0.000,",,,,,,,,,1787049779.231318,gnb2,post,post,,,
2026-08-18T10:43:00.264289,8420,0x46,PUCCH,,,,,,,,,,,,,,,,,,1,-inf,"0.000,",,,,,,,,,1787049780.264289,gnb2,post,post,,,
2026-08-18T10:43:01.162033,8440,0x46,PUCCH,,,,,,,,,,,,,,,,,,1,-inf,"0.000,",,,,,,,,,1787049781.162033,gnb2,post,post,,,
2026-08-18T10:43:02.844566,8480,0x46,PUCCH,,,,,,,,,,,,,,,,,,1,-inf,"0.000,",,,,,,,,,1787049782.844566,gnb2,post,post,,,
2026-08-18T10:43:03.505805,8500,0x46,PUCCH,,,,,,,,,,,,,,,,,,1,-inf,"0.000,",,,,,,,,,1787049783.505805,gnb2,post,post,,,
2026-08-18T10:43:04.319286,8520,0x46,PUCCH,,,,,,,,,,,,,,,,,,1,-inf,"0.000,",,,,,,,,,1787049784.319286,gnb2,post,post,,,
2026-08-18T10:43:05.379187,8540,0x46,PUCCH,,,,,,,,,,,,,,,,,,1,-inf,"0.000,",,,,,,,,,1787049785.379187,gnb2,post,post,,,
2026-08-18T10:43:06.192309,8560,0x46,PUCCH,,,,,,,,,,,,,,,,,,1,-inf,"0.000,",,,,,,,,,1787049786.192309,gnb2,post,post,,,
2026-08-18T10:43:07.692132,8600,0x46,PUCCH,,,,,,,,,,,,,,,,,,1,-inf,"0.000,",,,,,,,,,1787049787.692132,gnb2,post,post,,,
2026-08-18T10:43:08.582566,8620,0x46,PUCCH,,,,,,,,,,,,,,,,,,1,-inf,"0.000,",,,,,,,,,1787049788.582566,gnb2,post,post,,,
2026-08-18T10:43:09.360906,8640,0x46,PUCCH,,,,,,,,,,,,,,,,,,1,-inf,"0.000,",,,,,,,,,1787049789.360906,gnb2,post,post,,,
2026-08-18T10:43:10.172290,8660,0x46,PUCCH,,,,,,,,,,,,,,,,,,1,-inf,"0.000,",,,,,,,,,1787049790.172290,gnb2,post,post,,,
2026-08-18T10:43:11.196583,8680,0x46,PUCCH,,,,,,,,,,,,,,,,,,1,-inf,"0.000,",,,,,,,,,1787049791.196583,gnb2,post,post,,,
2026-08-18T10:43:12.024961,8700,0x46,PUCCH,,,,,,,,,,,,,,,,,,1,-inf,"0.000,",,,,,,,,,1787049792.024961,gnb2,post,post,,,
2026-08-18T10:43:13.016512,8720,0x46,PUCCH,,,,,,,,,,,,,,,,,,1,-inf,"0.000,",,,,,,,,,1787049793.016512,gnb2,post,post,,,
2026-08-18T10:43:15.106300,8760,0x46,PUCCH,,,,,,,,,,,,,,,,,,1,-inf,"0.000,",,,,,,,,,1787049795.106300,gnb2,post,post,,,
2026-08-18T10:43:17.093949,8800,0x46,PUCCH,,,,,,,,,,,,,,,,,,1,-inf,"0.000,",,,,,,,,,1787049797.093949,gnb2,post,post,,,
2026-08-18T10:43:18.809390,8840,0x46,PUCCH,,,,,,,,,,,,,,,,,,1,-inf,"0.000,",,,,,,,,,1787049798.809390,gnb2,post,post,,,
2026-08-18T10:43:19.634885,8860,0x46,PUCCH,,,,,,,,,,,,,,,,,,1,-inf,"0.000,",,,,,,,,,1787049799.634885,gnb2,post,post,,,
2026-08-18T10:43:20.688016,8880,0x46,PUCCH,,,,,,,,,,,,,,,,,,1,-inf,"0.000,",,,,,,,,,1787049800.688016,gnb2,post,post,,,
2026-08-18T10:43:21.556474,8900,0x46,PUCCH,,,,,,,,,,,,,,,,,,1,-inf,"0.000,",,,,,,,,,1787049801.556474,gnb2,post,post,,,
2026-08-18T10:43:22.189902,8920,0x46,PUCCH,,,,,,,,,,,,,,,,,,1,-inf,"0.000,",,,,,,,,,1787049802.189902,gnb2,post,post,,,
2026-08-18T10:43:23.574966,8960,0x46,PUCCH,,,,,,,,,,,,,,,,,,1,-inf,"0.000,",,,,,,,,,1787049803.574966,gnb2,post,post,,,
2026-08-18T10:43:24.286371,8980,0x46,PUCCH,,,,,,,,,,,,,,,,,,1,-inf,"0.000,",,,,,,,,,1787049804.286371,gnb2,post,post,,,
2026-08-18T10:43:25.067944,9000,0x46,PUCCH,,,,,,,,,,,,,,,,,,1,-inf,"0.000,",,,,,,,,,1787049805.067944,gnb2,post,post,,,
2026-08-18T10:43:26.624839,9040,0x46,PUCCH,,,,,,,,,,,,,,,,,,1,-inf,"0.000,",,,,,,,,,1787049806.624839,gnb2,post,post,,,
2026-08-18T10:43:27.649097,9060,0x46,PUCCH,,,,,,,,,,,,,,,,,,1,-inf,"0.000,",,,,,,,,,1787049807.649097,gnb2,post,post,,,
2026-08-18T10:43:28.345591,9080,0x46,PUCCH,,,,,,,,,,,,,,,,,,1,-inf,"0.000,",,,,,,,,,1787049808.345591,gnb2,post,post,,,
2026-08-18T10:43:29.201256,9100,0x46,PUCCH,,,,,,,,,,,,,,,,,,1,-inf,"0.000,",,,,,,,,,1787049809.201256,gnb2,post,post,,,
2026-08-18T10:43:30.187276,9120,0x46,PUCCH,,,,,,,,,,,,,,,,,,1,-inf,"0.000,",,,,,,,,,1787049810.187276,gnb2,post,post,,,
2026-08-18T10:43:31.236580,9140,0x46,PUCCH,,,,,,,,,,,,,,,,,,1,-inf,"0.000,",,,,,,,,,1787049811.236580,gnb2,post,post,,,
2026-08-18T10:43:32.008614,9160,0x46,PUCCH,,,,,,,,,,,,,,,,,,1,-inf,"0.000,",,,,,,,,,1787049812.008614,gnb2,post,post,,,
2026-08-18T10:43:33.962210,9200,0x46,PUCCH,,,,,,,,,,,,,,,,,,1,-inf,"0.000,",,,,,,,,,1787049813.962210,gnb2,post,post,,,
2026-08-18T10:43:34.977513,9220,0x46,PUCCH,,,,,,,,,,,,,,,,,,1,-inf,"0.000,",,,,,,,,,1787049814.977513,gnb2,post,post,,,
2026-08-18T10:43:36.042066,9240,0x46,PUCCH,,,,,,,,,,,,,,,,,,1,-inf,"0.000,",,,,,,,,,1787049816.042066,gnb2,post,post,,,
2026-08-18T10:43:37.525342,9280,0x46,PUCCH,,,,,,,,,,,,,,,,,,1,-inf,"0.000,",,,,,,,,,1787049817.525342,gnb2,post,post,,,
2026-08-18T10:43:38.596279,9300,0x46,PUCCH,,,,,,,,,,,,,,,,,,1,-inf,"0.000,",,,,,,,,,1787049818.596279,gnb2,post,post,,,
2026-08-18T10:43:40.113014,9320,0x46,PUCCH,,,,,,,,,,,,,,,,,,1,-inf,"0.000,",,,,,,,,,1787049820.113014,gnb2,post,post,,,
2026-08-18T10:43:42.111408,9360,0x46,PUCCH,,,,,,,,,,,,,,,,,,1,-inf,"0.000,",,,,,,,,,1787049822.111408,gnb2,post,post,,,
2026-08-18T10:43:43.707628,9400,0x46,PUCCH,,,,,,,,,,,,,,,,,,1,-inf,"0.000,",,,,,,,,,1787049823.707628,gnb2,post,post,,,
2026-08-18T10:43:44.607108,9420,0x46,PUCCH,,,,,,,,,,,,,,,,,,1,-inf,"0.000,",,,,,,,,,1787049824.607108,gnb2,post,post,,,
2026-08-18T10:43:45.368125,9440,0x46,PUCCH,,,,,,,,,,,,,,,,,,1,-inf,"0.000,",,,,,,,,,1787049825.368125,gnb2,post,post,,,
2026-08-18T10:43:46.283449,9460,0x46,PUCCH,,,,,,,,,,,,,,,,,,1,-inf,"0.000,",,,,,,,,,1787049826.283449,gnb2,post,post,,,
2026-08-18T10:43:47.166828,9480,0x46,PUCCH,,,,,,,,,,,,,,,,,,1,-inf,"0.000,",,,,,,,,,1787049827.166828,gnb2,post,post,,,
2026-08-18T10:43:48.114911,9500,0x46,PUCCH,,,,,,,,,,,,,,,,,,1,-inf,"0.000,",,,,,,,,,1787049828.114911,gnb2,post,post,,,
2026-08-18T10:43:49.414976,9520,0x46,PUCCH,,,,,,,,,,,,,,,,,,1,-inf,"0.000,",,,,,,,,,1787049829.414976,gnb2,post,post,,,
2026-08-18T10:43:50.160380,9540,0x46,PUCCH,,,,,,,,,,,,,,,,,,1,-inf,"0.000,",,,,,,,,,1787049830.160380,gnb2,post,post,,,
2026-08-18T10:43:51.783392,9580,0x46,PUCCH,,,,,,,,,,,,,,,,,,1,-inf,"0.000,",,,,,,,,,1787049831.783392,gnb2,post,post,,,
2026-08-18T10:43:52.671878,9600,0x46,PUCCH,,,,,,,,,,,,,,,,,,1,-inf,"0.000,",,,,,,,,,1787049832.671878,gnb2,post,post,,,
2026-08-18T10:43:53.504250,9620,0x46,PUCCH,,,,,,,,,,,,,,,,,,1,-inf,"0.000,",,,,,,,,,1787049833.504250,gnb2,post,post,,,
2026-08-18T10:43:54.431790,9640,0x46,PUCCH,,,,,,,,,,,,,,,,,,1,-inf,"0.000,",,,,,,,,,1787049834.431790,gnb2,post,post,,,
2026-08-18T10:43:55.245273,9660,0x46,PUCCH,,,,,,,,,,,,,,,,,,1,-inf,"0.000,",,,,,,,,,1787049835.245273,gnb2,post,post,,,
2026-08-18T10:43:56.009612,9680,0x46,PUCCH,,,,,,,,,,,,,,,,,,1,-inf,"0.000,",,,,,,,,,1787049836.009612,gnb2,post,post,,,
2026-08-18T10:43:58.039709,9720,0x46,PUCCH,,,,,,,,,,,,,,,,,,1,-inf,"0.000,",,,,,,,,,1787049838.039709,gnb2,post,post,,,
2026-08-18T10:43:59.037695,9740,0x46,PUCCH,,,,,,,,,,,,,,,,,,1,-inf,"0.000,",,,,,,,,,1787049839.037695,gnb2,post,post,,,
2026-08-18T10:44:00.022009,9761,0x46,PUCCH,,,,,,,,,,,,,,,,,,2,111.8,"1.000,",,,,,,,,,1787049840.022009,gnb2,post,post,,,
2026-08-18T10:44:01.442125,9800,0x46,PUCCH,,,,,,,,,,,,,,,,,,1,-inf,"0.000,",,,,,,,,,1787049841.442125,gnb2,post,post,,,
2026-08-18T10:44:02.218418,9820,0x46,PUCCH,,,,,,,,,,,,,,,,,,1,-inf,"0.000,",,,,,,,,,1787049842.218418,gnb2,post,post,,,
2026-08-18T10:44:03.266116,9840,0x46,PUCCH,,,,,,,,,,,,,,,,,,1,-inf,"0.000,",,,,,,,,,1787049843.266116,gnb2,post,post,,,
2026-08-18T10:44:04.147219,9860,0x46,PUCCH,,,,,,,,,,,,,,,,,,1,-inf,"0.000,",,,,,,,,,1787049844.147219,gnb2,post,post,,,
2026-08-18T10:44:05.097779,9880,0x46,PUCCH,,,,,,,,,,,,,,,,,,1,-inf,"0.000,",,,,,,,,,1787049845.097779,gnb2,post,post,,,
2026-08-18T10:44:06.622954,9920,0x46,PUCCH,,,,,,,,,,,,,,,,,,1,-inf,"0.000,",,,,,,,,,1787049846.622954,gnb2,post,post,,,
2026-08-18T10:44:07.941441,9940,0x46,PUCCH,,,,,,,,,,,,,,,,,,1,-inf,"0.000,",,,,,,,,,1787049847.941441,gnb2,post,post,,,
2026-08-18T10:44:08.794816,9960,0x46,PUCCH,,,,,,,,,,,,,,,,,,1,-inf,"0.000,",,,,,,,,,1787049848.794816,gnb2,post,post,,,
2026-08-18T10:44:09.590684,9980,0x46,PUCCH,,,,,,,,,,,,,,,,,,1,-inf,"0.000,",,,,,,,,,1787049849.590684,gnb2,post,post,,,
2026-08-18T10:44:10.342309,10000,0x46,PUCCH,,,,,,,,,,,,,,,,,,1,-inf,"0.000,",,,,,,,,,1787049850.342309,gnb2,post,post,,,
2026-08-18T10:44:11.221634,10020,0x46,PUCCH,,,,,,,,,,,,,,,,,,1,-inf,"0.000,",,,,,,,,,1787049851.221634,gnb2,post,post,,,
2026-08-18T10:44:12.175287,10040,0x46,PUCCH,,,,,,,,,,,,,,,,,,1,-inf,"0.000,",,,,,,,,,1787049852.175287,gnb2,post,post,,,
2026-08-18T10:44:13.060602,10060,0x46,PUCCH,,,,,,,,,,,,,,,,,,1,-inf,"0.000,",,,,,,,,,1787049853.060602,gnb2,post,post,,,
2026-08-18T10:44:14.101711,10080,0x46,PUCCH,,,,,,,,,,,,,,,,,,1,-inf,"0.000,",,,,,,,,,1787049854.101711,gnb2,post,post,,,
2026-08-18T10:44:15.562258,10120,0x46,PUCCH,,,,,,,,,,,,,,,,,,1,-inf,"0.000,",,,,,,,,,1787049855.562258,gnb2,post,post,,,
2026-08-18T10:44:16.371155,10140,0x46,PUCCH,,,,,,,,,,,,,,,,,,1,-inf,"0.000,",,,,,,,,,1787049856.371155,gnb2,post,post,,,
2026-08-18T10:44:17.016837,10161,0x46,PUCCH,,,,,,,,,,,,,,,,,,2,111.8,"1.000,",,,,,,,,,1787049857.016837,gnb2,post,post,,,
2026-08-18T10:44:18.386801,10200,0x46,PUCCH,,,,,,,,,,,,,,,,,,1,-inf,"0.000,",,,,,,,,,1787049858.386801,gnb2,post,post,,,
2026-08-18T10:44:19.171531,10220,0x46,PUCCH,,,,,,,,,,,,,,,,,,1,-inf,"0.000,",,,,,,,,,1787049859.171531,gnb2,post,post,,,
2026-08-18T10:44:20.079858,1,0x46,PUCCH,,,,,,,,,,,,,,,,,,2,111.8,"1.000,",,,,,,,,,1787049860.079858,gnb2,post,post,,,
2026-08-18T10:44:21.577180,40,0x46,PUCCH,,,,,,,,,,,,,,,,,,1,-inf,"0.000,",,,,,,,,,1787049861.577180,gnb2,post,post,,,
2026-08-18T10:44:22.394612,60,0x46,PUCCH,,,,,,,,,,,,,,,,,,1,-inf,"0.000,",,,,,,,,,1787049862.394612,gnb2,post,post,,,
2026-08-18T10:44:23.433009,80,0x46,PUCCH,,,,,,,,,,,,,,,,,,1,-inf,"0.000,",,,,,,,,,1787049863.433009,gnb2,post,post,,,
2026-08-18T10:44:24.205876,100,0x46,PUCCH,,,,,,,,,,,,,,,,,,1,-inf,"0.000,",,,,,,,,,1787049864.205876,gnb2,post,post,,,
2026-08-18T10:44:25.027543,121,0x46,PUCCH,,,,,,,,,,,,,,,,,,2,111.8,"1.000,",,,,,,,,,1787049865.027543,gnb2,post,post,,,
2026-08-18T10:44:26.716333,160,0x46,PUCCH,,,,,,,,,,,,,,,,,,1,-inf,"0.000,",,,,,,,,,1787049866.716333,gnb2,post,post,,,
2026-08-18T10:44:27.388462,180,0x46,PUCCH,,,,,,,,,,,,,,,,,,1,-inf,"0.000,",,,,,,,,,1787049867.388462,gnb2,post,post,,,
2026-08-18T10:44:28.080128,200,0x46,PUCCH,,,,,,,,,,,,,,,,,,1,-inf,"0.000,",,,,,,,,,1787049868.080128,gnb2,post,post,,,
2026-08-18T10:44:29.682362,240,0x46,PUCCH,,,,,,,,,,,,,,,,,,1,-inf,"0.000,",,,,,,,,,1787049869.682362,gnb2,post,post,,,
2026-08-18T10:44:30.598710,260,0x46,PUCCH,,,,,,,,,,,,,,,,,,1,-inf,"0.000,",,,,,,,,,1787049870.598710,gnb2,post,post,,,
2026-08-18T10:44:31.459044,280,0x46,PUCCH,,,,,,,,,,,,,,,,,,1,-inf,"0.000,",,,,,,,,,1787049871.459044,gnb2,post,post,,,
2026-08-18T10:44:32.299817,300,0x46,PUCCH,,,,,,,,,,,,,,,,,,1,-inf,"0.000,",,,,,,,,,1787049872.299817,gnb2,post,post,,,
2026-08-18T10:44:33.508743,320,0x46,PUCCH,,,,,,,,,,,,,,,,,,1,-inf,"0.000,",,,,,,,,,1787049873.508743,gnb2,post,post,,,
2026-08-18T10:44:34.497517,340,0x46,PUCCH,,,,,,,,,,,,,,,,,,1,-inf,"0.000,",,,,,,,,,1787049874.497517,gnb2,post,post,,,
2026-08-18T10:44:35.395450,360,0x46,PUCCH,,,,,,,,,,,,,,,,,,1,-inf,"0.000,",,,,,,,,,1787049875.395450,gnb2,post,post,,,
2026-08-18T10:44:36.699751,380,0x46,PUCCH,,,,,,,,,,,,,,,,,,1,-inf,"0.000,",,,,,,,,,1787049876.699751,gnb2,post,post,,,
2026-08-18T10:44:38.483973,400,0x46,PUCCH,,,,,,,,,,,,,,,,,,1,-inf,"0.000,",,,,,,,,,1787049878.483973,gnb2,post,post,,,
2026-08-18T10:44:39.430193,420,0x46,PUCCH,,,,,,,,,,,,,,,,,,1,-inf,"0.000,",,,,,,,,,1787049879.430193,gnb2,post,post,,,
2026-08-18T10:44:40.707899,440,0x46,PUCCH,,,,,,,,,,,,,,,,,,1,-inf,"0.000,",,,,,,,,,1787049880.707899,gnb2,post,post,,,
2026-08-18T10:44:41.598956,460,0x46,PUCCH,,,,,,,,,,,,,,,,,,1,-inf,"0.000,",,,,,,,,,1787049881.598956,gnb2,post,post,,,
2026-08-18T10:44:42.561142,480,0x46,PUCCH,,,,,,,,,,,,,,,,,,1,-inf,"0.000,",,,,,,,,,1787049882.561142,gnb2,post,post,,,
2026-08-18T10:44:43.268327,500,0x46,PUCCH,,,,,,,,,,,,,,,,,,1,-inf,"0.000,",,,,,,,,,1787049883.268327,gnb2,post,post,,,
2026-08-18T10:44:44.139216,520,0x46,PUCCH,,,,,,,,,,,,,,,,,,1,-inf,"0.000,",,,,,,,,,1787049884.139216,gnb2,post,post,,,
2026-08-18T10:44:45.604029,560,0x46,PUCCH,,,,,,,,,,,,,,,,,,1,-inf,"0.000,",,,,,,,,,1787049885.604029,gnb2,post,post,,,
2026-08-18T10:44:46.175662,580,0x46,PUCCH,,,,,,,,,,,,,,,,,,1,-inf,"0.000,",,,,,,,,,1787049886.175662,gnb2,post,post,,,
2026-08-18T10:44:47.702191,620,0x46,PUCCH,,,,,,,,,,,,,,,,,,1,-inf,"0.000,",,,,,,,,,1787049887.702191,gnb2,post,post,,,
2026-08-18T10:44:48.573701,640,0x46,PUCCH,,,,,,,,,,,,,,,,,,1,-inf,"0.000,",,,,,,,,,1787049888.573701,gnb2,post,post,,,
2026-08-18T10:44:49.356545,660,0x46,PUCCH,,,,,,,,,,,,,,,,,,1,-inf,"0.000,",,,,,,,,,1787049889.356545,gnb2,post,post,,,
2026-08-18T10:44:50.092955,680,0x46,PUCCH,,,,,,,,,,,,,,,,,,1,-inf,"0.000,",,,,,,,,,1787049890.092955,gnb2,post,post,,,
2026-08-18T10:44:51.612298,720,0x46,PUCCH,,,,,,,,,,,,,,,,,,1,-inf,"0.000,",,,,,,,,,1787049891.612298,gnb2,post,post,,,
2026-08-18T10:44:52.373947,740,0x46,PUCCH,,,,,,,,,,,,,,,,,,1,-inf,"0.000,",,,,,,,,,1787049892.373947,gnb2,post,post,,,
2026-08-18T10:44:53.193864,760,0x46,PUCCH,,,,,,,,,,,,,,,,,,1,-inf,"0.000,",,,,,,,,,1787049893.193864,gnb2,post,post,,,
2026-08-18T10:44:54.574184,800,0x46,PUCCH,,,,,,,,,,,,,,,,,,1,-inf,"0.000,",,,,,,,,,1787049894.574184,gnb2,post,post,,,
2026-08-18T10:44:55.267447,820,0x46,PUCCH,,,,,,,,,,,,,,,,,,1,-inf,"0.000,",,,,,,,,,1787049895.267447,gnb2,post,post,,,
2026-08-18T10:44:56.012557,841,0x46,PUCCH,,,,,,,,,,,,,,,,,,2,111.8,"1.000,",,,,,,,,,1787049896.012557,gnb2,post,post,,,
2026-08-18T10:44:57.737465,880,0x46,PUCCH,,,,,,,,,,,,,,,,,,1,-inf,"0.000,",,,,,,,,,1787049897.737465,gnb2,post,post,,,
2026-08-18T10:44:58.593266,900,0x46,PUCCH,,,,,,,,,,,,,,,,,,1,-inf,"0.000,",,,,,,,,,1787049898.593266,gnb2,post,post,,,
2026-08-18T10:44:59.794979,920,0x46,PUCCH,,,,,,,,,,,,,,,,,,1,-inf,"0.000,",,,,,,,,,1787049899.794979,gnb2,post,post,,,
2026-08-18T10:45:00.555105,940,0x46,PUCCH,,,,,,,,,,,,,,,,,,1,-inf,"0.000,",,,,,,,,,1787049900.555105,gnb2,post,post,,,
2026-08-18T10:45:01.283947,960,0x46,PUCCH,,,,,,,,,,,,,,,,,,1,-inf,"0.000,",,,,,,,,,1787049901.283947,gnb2,post,post,,,
2026-08-18T10:45:02.767667,1000,0x46,PUCCH,,,,,,,,,,,,,,,,,,1,-inf,"0.000,",,,,,,,,,1787049902.767667,gnb2,post,post,,,
2026-08-18T10:45:03.604433,1020,0x46,PUCCH,,,,,,,,,,,,,,,,,,1,-inf,"0.000,",,,,,,,,,1787049903.604433,gnb2,post,post,,,
2026-08-18T10:45:04.373430,1040,0x46,PUCCH,,,,,,,,,,,,,,,,,,1,-inf,"0.000,",,,,,,,,,1787049904.373430,gnb2,post,post,,,
2026-08-18T10:45:05.210913,1060,0x46,PUCCH,,,,,,,,,,,,,,,,,,1,-inf,"0.000,",,,,,,,,,1787049905.210913,gnb2,post,post,,,
2026-08-18T10:45:06.951138,1100,0x46,PUCCH,,,,,,,,,,,,,,,,,,1,-inf,"0.000,",,,,,,,,,1787049906.951138,gnb2,post,post,,,
2026-08-18T10:45:07.619272,1120,0x46,PUCCH,,,,,,,,,,,,,,,,,,1,-inf,"0.000,",,,,,,,,,1787049907.619272,gnb2,post,post,,,
2026-08-18T10:45:08.444800,1140,0x46,PUCCH,,,,,,,,,,,,,,,,,,1,-inf,"0.000,",,,,,,,,,1787049908.444800,gnb2,post,post,,,
2026-08-18T10:45:09.127064,1160,0x46,PUCCH,,,,,,,,,,,,,,,,,,1,-inf,"0.000,",,,,,,,,,1787049909.127064,gnb2,post,post,,,
2026-08-18T10:45:10.003088,1180,0x46,PUCCH,,,,,,,,,,,,,,,,,,1,-inf,"0.000,",,,,,,,,,1787049910.003088,gnb2,post,post,,,
2026-08-18T10:45:11.555369,1220,0x46,PUCCH,,,,,,,,,,,,,,,,,,1,-inf,"0.000,",,,,,,,,,1787049911.555369,gnb2,post,post,,,
2026-08-18T10:45:12.173204,1240,0x46,PUCCH,,,,,,,,,,,,,,,,,,1,-inf,"0.000,",,,,,,,,,1787049912.173204,gnb2,post,post,,,
2026-08-18T10:45:13.968570,1280,0x46,PUCCH,,,,,,,,,,,,,,,,,,1,-inf,"0.000,",,,,,,,,,1787049913.968570,gnb2,post,post,,,
2026-08-18T10:45:14.008538,1281,0x46,PUCCH,,,,,,,,,,,,,,,,,,2,111.8,"1.000,",,,,,,,,,1787049914.008538,gnb2,post,post,,,
2026-08-18T10:45:15.816842,1320,0x46,PUCCH,,,,,,,,,,,,,,,,,,1,-inf,"0.000,",,,,,,,,,1787049915.816842,gnb2,post,post,,,
2026-08-18T10:45:16.805720,1340,0x46,PUCCH,,,,,,,,,,,,,,,,,,1,-inf,"0.000,",,,,,,,,,1787049916.805720,gnb2,post,post,,,
2026-08-18T10:45:17.643033,1360,0x46,PUCCH,,,,,,,,,,,,,,,,,,1,-inf,"0.000,",,,,,,,,,1787049917.643033,gnb2,post,post,,,
2026-08-18T10:45:18.567804,1380,0x46,PUCCH,,,,,,,,,,,,,,,,,,1,-inf,"0.000,",,,,,,,,,1787049918.567804,gnb2,post,post,,,
2026-08-18T10:45:19.313689,1400,0x46,PUCCH,,,,,,,,,,,,,,,,,,1,-inf,"0.000,",,,,,,,,,1787049919.313689,gnb2,post,post,,,
2026-08-18T10:45:20.000756,1420,0x46,PUCCH,,,,,,,,,,,,,,,,,,1,-inf,"0.000,",,,,,,,,,1787049920.000756,gnb2,post,post,,,
2026-08-18T10:45:21.166088,1440,0x46,PUCCH,,,,,,,,,,,,,,,,,,1,-inf,"0.000,",,,,,,,,,1787049921.166088,gnb2,post,post,,,
2026-08-18T10:45:22.017995,1460,0x46,PUCCH,,,,,,,,,,,,,,,,,,1,-inf,"0.000,",,,,,,,,,1787049922.017995,gnb2,post,post,,,
2026-08-18T10:45:23.494937,1500,0x46,PUCCH,,,,,,,,,,,,,,,,,,1,-inf,"0.000,",,,,,,,,,1787049923.494937,gnb2,post,post,,,
2026-08-18T10:45:24.472725,1520,0x46,PUCCH,,,,,,,,,,,,,,,,,,1,-inf,"0.000,",,,,,,,,,1787049924.472725,gnb2,post,post,,,
2026-08-18T10:45:25.367163,1540,0x46,PUCCH,,,,,,,,,,,,,,,,,,1,-inf,"0.000,",,,,,,,,,1787049925.367163,gnb2,post,post,,,
2026-08-18T10:45:26.169967,1560,0x46,PUCCH,,,,,,,,,,,,,,,,,,1,-inf,"0.000,",,,,,,,,,1787049926.169967,gnb2,post,post,,,
2026-08-18T10:45:27.109512,1580,0x46,PUCCH,,,,,,,,,,,,,,,,,,1,-inf,"0.000,",,,,,,,,,1787049927.109512,gnb2,post,post,,,
2026-08-18T10:45:28.588961,1620,0x46,PUCCH,,,,,,,,,,,,,,,,,,1,-inf,"0.000,",,,,,,,,,1787049928.588961,gnb2,post,post,,,
2026-08-18T10:45:29.353336,1640,0x46,PUCCH,,,,,,,,,,,,,,,,,,1,-inf,"0.000,",,,,,,,,,1787049929.353336,gnb2,post,post,,,
2026-08-18T10:45:30.667521,1680,0x46,PUCCH,,,,,,,,,,,,,,,,,,1,-inf,"0.000,",,,,,,,,,1787049930.667521,gnb2,post,post,,,
2026-08-18T10:45:31.690721,1700,0x46,PUCCH,,,,,,,,,,,,,,,,,,1,-inf,"0.000,",,,,,,,,,1787049931.690721,gnb2,post,post,,,
2026-08-18T10:45:32.679961,1720,0x46,PUCCH,,,,,,,,,,,,,,,,,,1,-inf,"0.000,",,,,,,,,,1787049932.679961,gnb2,post,post,,,
2026-08-18T10:45:33.402248,1740,0x46,PUCCH,,,,,,,,,,,,,,,,,,1,-inf,"0.000,",,,,,,,,,1787049933.402248,gnb2,post,post,,,
2026-08-18T10:45:34.683022,1760,0x46,PUCCH,,,,,,,,,,,,,,,,,,1,-inf,"0.000,",,,,,,,,,1787049934.683022,gnb2,post,post,,,
2026-08-18T10:45:35.656911,1780,0x46,PUCCH,,,,,,,,,,,,,,,,,,1,-inf,"0.000,",,,,,,,,,1787049935.656911,gnb2,post,post,,,
2026-08-18T10:45:36.978914,1800,0x46,PUCCH,,,,,,,,,,,,,,,,,,1,-inf,"0.000,",,,,,,,,,1787049936.978914,gnb2,post,post,,,
2026-08-18T10:45:37.028175,1801,0x46,PUCCH,,,,,,,,,,,,,,,,,,2,111.8,"1.000,",,,,,,,,,1787049937.028175,gnb2,post,post,,,
2026-08-18T10:45:38.041797,1820,0x46,PUCCH,,,,,,,,,,,,,,,,,,1,-inf,"0.000,",,,,,,,,,1787049938.041797,gnb2,post,post,,,
2026-08-18T10:45:39.137133,1860,0x46,PUCCH,,,,,,,,,,,,,,,,,,1,-inf,"0.000,",,,,,,,,,1787049939.137133,gnb2,post,post,,,
2026-08-18T10:45:40.046992,1880,0x46,PUCCH,,,,,,,,,,,,,,,,,,1,-inf,"0.000,",,,,,,,,,1787049940.046992,gnb2,post,post,,,
2026-08-18T10:45:41.718204,1920,0x46,PUCCH,,,,,,,,,,,,,,,,,,1,-inf,"0.000,",,,,,,,,,1787049941.718204,gnb2,post,post,,,
2026-08-18T10:45:42.680341,1940,0x46,PUCCH,,,,,,,,,,,,,,,,,,1,-inf,"0.000,",,,,,,,,,1787049942.680341,gnb2,post,post,,,
2026-08-18T10:45:43.506014,1960,0x46,PUCCH,,,,,,,,,,,,,,,,,,1,-inf,"0.000,",,,,,,,,,1787049943.506014,gnb2,post,post,,,
2026-08-18T10:45:44.706317,1980,0x46,PUCCH,,,,,,,,,,,,,,,,,,1,-inf,"0.000,",,,,,,,,,1787049944.706317,gnb2,post,post,,,
2026-08-18T10:45:45.644482,2000,0x46,PUCCH,,,,,,,,,,,,,,,,,,1,-inf,"0.000,",,,,,,,,,1787049945.644482,gnb2,post,post,,,
2026-08-18T10:45:46.433567,2020,0x46,PUCCH,,,,,,,,,,,,,,,,,,1,-inf,"0.000,",,,,,,,,,1787049946.433567,gnb2,post,post,,,
2026-08-18T10:45:47.297603,2040,0x46,PUCCH,,,,,,,,,,,,,,,,,,1,-inf,"0.000,",,,,,,,,,1787049947.297603,gnb2,post,post,,,
2026-08-18T10:45:48.199399,2060,0x46,PUCCH,,,,,,,,,,,,,,,,,,1,-inf,"0.000,",,,,,,,,,1787049948.199399,gnb2,post,post,,,
2026-08-18T10:45:49.369906,2080,0x46,PUCCH,,,,,,,,,,,,,,,,,,1,-inf,"0.000,",,,,,,,,,1787049949.369906,gnb2,post,post,,,
2026-08-18T10:45:50.601651,2100,0x46,PUCCH,,,,,,,,,,,,,,,,,,1,-inf,"0.000,",,,,,,,,,1787049950.601651,gnb2,post,post,,,
2026-08-18T10:45:51.589444,2120,0x46,PUCCH,,,,,,,,,,,,,,,,,,1,-inf,"0.000,",,,,,,,,,1787049951.589444,gnb2,post,post,,,
2026-08-18T10:45:52.567622,2140,0x46,PUCCH,,,,,,,,,,,,,,,,,,1,-inf,"0.000,",,,,,,,,,1787049952.567622,gnb2,post,post,,,
2026-08-18T10:45:53.572991,2160,0x46,PUCCH,,,,,,,,,,,,,,,,,,1,-inf,"0.000,",,,,,,,,,1787049953.572991,gnb2,post,post,,,
2026-08-18T10:45:54.448914,2180,0x46,PUCCH,,,,,,,,,,,,,,,,,,1,-inf,"0.000,",,,,,,,,,1787049954.448914,gnb2,post,post,,,
2026-08-18T10:45:55.574227,2200,0x46,PUCCH,,,,,,,,,,,,,,,,,,1,-inf,"0.000,",,,,,,,,,1787049955.574227,gnb2,post,post,,,
2026-08-18T10:45:56.443610,2220,0x46,PUCCH,,,,,,,,,,,,,,,,,,1,-inf,"0.000,",,,,,,,,,1787049956.443610,gnb2,post,post,,,
2026-08-18T10:45:57.356692,2240,0x46,PUCCH,,,,,,,,,,,,,,,,,,1,-inf,"0.000,",,,,,,,,,1787049957.356692,gnb2,post,post,,,
2026-08-18T10:45:58.017837,2260,0x46,PUCCH,,,,,,,,,,,,,,,,,,1,-inf,"0.000,",,,,,,,,,1787049958.017837,gnb2,post,post,,,
2026-08-18T10:45:59.364597,2280,0x46,PUCCH,,,,,,,,,,,,,,,,,,1,-inf,"0.000,",,,,,,,,,1787049959.364597,gnb2,post,post,,,
2026-08-18T10:46:00.275652,2300,0x46,PUCCH,,,,,,,,,,,,,,,,,,1,-inf,"0.000,",,,,,,,,,1787049960.275652,gnb2,post,post,,,
2026-08-18T10:46:01.282549,2320,0x46,PUCCH,,,,,,,,,,,,,,,,,,1,-inf,"0.000,",,,,,,,,,1787049961.282549,gnb2,post,post,,,
2026-08-18T10:46:02.101886,2340,0x46,PUCCH,,,,,,,,,,,,,,,,,,1,-inf,"0.000,",,,,,,,,,1787049962.101886,gnb2,post,post,,,
2026-08-18T10:46:03.466227,2380,0x46,PUCCH,,,,,,,,,,,,,,,,,,1,-inf,"0.000,",,,,,,,,,1787049963.466227,gnb2,post,post,,,
2026-08-18T10:46:04.173986,2400,0x46,PUCCH,,,,,,,,,,,,,,,,,,1,-inf,"0.000,",,,,,,,,,1787049964.173986,gnb2,post,post,,,
2026-08-18T10:46:05.367521,2420,0x46,PUCCH,,,,,,,,,,,,,,,,,,1,-inf,"0.000,",,,,,,,,,1787049965.367521,gnb2,post,post,,,
2026-08-18T10:46:06.323040,2440,0x46,PUCCH,,,,,,,,,,,,,,,,,,1,-inf,"0.000,",,,,,,,,,1787049966.323040,gnb2,post,post,,,
2026-08-18T10:46:07.038434,2460,0x46,PUCCH,,,,,,,,,,,,,,,,,,1,-inf,"0.000,",,,,,,,,,1787049967.038434,gnb2,post,post,,,
2026-08-18T10:46:08.602866,2500,0x46,PUCCH,,,,,,,,,,,,,,,,,,1,-inf,"0.000,",,,,,,,,,1787049968.602866,gnb2,post,post,,,
2026-08-18T10:46:09.327683,2520,0x46,PUCCH,,,,,,,,,,,,,,,,,,1,-inf,"0.000,",,,,,,,,,1787049969.327683,gnb2,post,post,,,
2026-08-18T10:46:10.120091,2540,0x46,PUCCH,,,,,,,,,,,,,,,,,,1,-inf,"0.000,",,,,,,,,,1787049970.120091,gnb2,post,post,,,
2026-08-18T10:46:11.050432,2560,0x46,PUCCH,,,,,,,,,,,,,,,,,,1,-inf,"0.000,",,,,,,,,,1787049971.050432,gnb2,post,post,,,
2026-08-18T10:46:12.578951,2600,0x46,PUCCH,,,,,,,,,,,,,,,,,,1,-inf,"0.000,",,,,,,,,,1787049972.578951,gnb2,post,post,,,
2026-08-18T10:46:13.939096,2620,0x46,PUCCH,,,,,,,,,,,,,,,,,,1,-inf,"0.000,",,,,,,,,,1787049973.939096,gnb2,post,post,,,
2026-08-18T10:46:14.932160,2640,0x46,PUCCH,,,,,,,,,,,,,,,,,,1,-inf,"0.000,",,,,,,,,,1787049974.932160,gnb2,post,post,,,
2026-08-18T10:46:16.081625,2660,0x46,PUCCH,,,,,,,,,,,,,,,,,,1,-inf,"0.000,",,,,,,,,,1787049976.081625,gnb2,post,post,,,
2026-08-18T10:46:17.898281,2700,0x46,PUCCH,,,,,,,,,,,,,,,,,,1,-inf,"0.000,",,,,,,,,,1787049977.898281,gnb2,post,post,,,
2026-08-18T10:46:18.827924,2720,0x46,PUCCH,,,,,,,,,,,,,,,,,,1,-inf,"0.000,",,,,,,,,,1787049978.827924,gnb2,post,post,,,
2026-08-18T10:46:19.502733,2740,0x46,PUCCH,,,,,,,,,,,,,,,,,,1,-inf,"0.000,",,,,,,,,,1787049979.502733,gnb2,post,post,,,
2026-08-18T10:46:20.462553,2760,0x46,PUCCH,,,,,,,,,,,,,,,,,,1,-inf,"0.000,",,,,,,,,,1787049980.462553,gnb2,post,post,,,
2026-08-18T10:46:21.322862,2780,0x46,PUCCH,,,,,,,,,,,,,,,,,,1,-inf,"0.000,",,,,,,,,,1787049981.322862,gnb2,post,post,,,
2026-08-18T10:46:22.486272,2800,0x46,PUCCH,,,,,,,,,,,,,,,,,,1,-inf,"0.000,",,,,,,,,,1787049982.486272,gnb2,post,post,,,
2026-08-18T10:46:23.497771,2820,0x46,PUCCH,,,,,,,,,,,,,,,,,,1,-inf,"0.000,",,,,,,,,,1787049983.497771,gnb2,post,post,,,
2026-08-18T10:46:24.278509,2840,0x46,PUCCH,,,,,,,,,,,,,,,,,,1,-inf,"0.000,",,,,,,,,,1787049984.278509,gnb2,post,post,,,
2026-08-18T10:46:25.382716,2860,0x46,PUCCH,,,,,,,,,,,,,,,,,,1,-inf,"0.000,",,,,,,,,,1787049985.382716,gnb2,post,post,,,
2026-08-18T10:46:26.294930,2880,0x46,PUCCH,,,,,,,,,,,,,,,,,,1,-inf,"0.000,",,,,,,,,,1787049986.294930,gnb2,post,post,,,
2026-08-18T10:46:27.483887,2900,0x46,PUCCH,,,,,,,,,,,,,,,,,,1,-inf,"0.000,",,,,,,,,,1787049987.483887,gnb2,post,post,,,
2026-08-18T10:46:28.465776,2920,0x46,PUCCH,,,,,,,,,,,,,,,,,,1,-inf,"0.000,",,,,,,,,,1787049988.465776,gnb2,post,post,,,
2026-08-18T10:46:29.111237,2940,0x46,PUCCH,,,,,,,,,,,,,,,,,,1,-inf,"0.000,",,,,,,,,,1787049989.111237,gnb2,post,post,,,
2026-08-18T10:46:30.529643,2980,0x46,PUCCH,,,,,,,,,,,,,,,,,,1,-inf,"0.000,",,,,,,,,,1787049990.529643,gnb2,post,post,,,
2026-08-18T10:46:31.393649,3000,0x46,PUCCH,,,,,,,,,,,,,,,,,,1,-inf,"0.000,",,,,,,,,,1787049991.393649,gnb2,post,post,,,
2026-08-18T10:46:32.228126,3020,0x46,PUCCH,,,,,,,,,,,,,,,,,,1,-inf,"0.000,",,,,,,,,,1787049992.228126,gnb2,post,post,,,
2026-08-18T10:46:33.182567,3040,0x46,PUCCH,,,,,,,,,,,,,,,,,,1,-inf,"0.000,",,,,,,,,,1787049993.182567,gnb2,post,post,,,
2026-08-18T10:46:34.016716,3060,0x46,PUCCH,,,,,,,,,,,,,,,,,,1,-inf,"0.000,",,,,,,,,,1787049994.016716,gnb2,post,post,,,
2026-08-18T10:46:35.741763,3100,0x46,PUCCH,,,,,,,,,,,,,,,,,,1,-inf,"0.000,",,,,,,,,,1787049995.741763,gnb2,post,post,,,
2026-08-18T10:46:36.685194,3120,0x46,PUCCH,,,,,,,,,,,,,,,,,,1,-inf,"0.000,",,,,,,,,,1787049996.685194,gnb2,post,post,,,
2026-08-18T10:46:37.521847,3140,0x46,PUCCH,,,,,,,,,,,,,,,,,,1,-inf,"0.000,",,,,,,,,,1787049997.521847,gnb2,post,post,,,
2026-08-18T10:46:38.402124,3160,0x46,PUCCH,,,,,,,,,,,,,,,,,,1,-inf,"0.000,",,,,,,,,,1787049998.402124,gnb2,post,post,,,
2026-08-18T10:46:39.203916,3180,0x46,PUCCH,,,,,,,,,,,,,,,,,,1,-inf,"0.000,",,,,,,,,,1787049999.203916,gnb2,post,post,,,
2026-08-18T10:46:40.189801,3200,0x46,PUCCH,,,,,,,,,,,,,,,,,,1,-inf,"0.000,",,,,,,,,,1787050000.189801,gnb2,post,post,,,
2026-08-18T10:46:41.308397,3220,0x46,PUCCH,,,,,,,,,,,,,,,,,,1,-inf,"0.000,",,,,,,,,,1787050001.308397,gnb2,post,post,,,
2026-08-18T10:46:42.456106,3240,0x46,PUCCH,,,,,,,,,,,,,,,,,,1,-inf,"0.000,",,,,,,,,,1787050002.456106,gnb2,post,post,,,
2026-08-18T10:46:43.444805,3260,0x46,PUCCH,,,,,,,,,,,,,,,,,,1,-inf,"0.000,",,,,,,,,,1787050003.444805,gnb2,post,post,,,
2026-08-18T10:46:44.445981,3280,0x46,PUCCH,,,,,,,,,,,,,,,,,,1,-inf,"0.000,",,,,,,,,,1787050004.445981,gnb2,post,post,,,
2026-08-18T10:46:45.429799,3300,0x46,PUCCH,,,,,,,,,,,,,,,,,,1,-inf,"0.000,",,,,,,,,,1787050005.429799,gnb2,post,post,,,
2026-08-18T10:46:46.120652,3320,0x46,PUCCH,,,,,,,,,,,,,,,,,,1,-inf,"0.000,",,,,,,,,,1787050006.120652,gnb2,post,post,,,
2026-08-18T10:46:47.323768,3340,0x46,PUCCH,,,,,,,,,,,,,,,,,,1,-inf,"0.000,",,,,,,,,,1787050007.323768,gnb2,post,post,,,
2026-08-18T10:46:48.237075,3360,0x46,PUCCH,,,,,,,,,,,,,,,,,,1,-inf,"0.000,",,,,,,,,,1787050008.237075,gnb2,post,post,,,
2026-08-18T10:46:49.716364,3400,0x46,PUCCH,,,,,,,,,,,,,,,,,,1,-inf,"0.000,",,,,,,,,,1787050009.716364,gnb2,post,post,,,
2026-08-18T10:46:50.510420,3420,0x46,PUCCH,,,,,,,,,,,,,,,,,,1,-inf,"0.000,",,,,,,,,,1787050010.510420,gnb2,post,post,,,
2026-08-18T10:46:51.570805,3440,0x46,PUCCH,,,,,,,,,,,,,,,,,,1,-inf,"0.000,",,,,,,,,,1787050011.570805,gnb2,post,post,,,
2026-08-18T10:46:52.674170,3460,0x46,PUCCH,,,,,,,,,,,,,,,,,,1,-inf,"0.000,",,,,,,,,,1787050012.674170,gnb2,post,post,,,
2026-08-18T10:46:53.649326,3480,0x46,PUCCH,,,,,,,,,,,,,,,,,,1,-inf,"0.000,",,,,,,,,,1787050013.649326,gnb2,post,post,,,
2026-08-18T10:46:54.434626,3500,0x46,PUCCH,,,,,,,,,,,,,,,,,,1,-inf,"0.000,",,,,,,,,,1787050014.434626,gnb2,post,post,,,
2026-08-18T10:46:55.368022,3520,0x46,PUCCH,,,,,,,,,,,,,,,,,,1,-inf,"0.000,",,,,,,,,,1787050015.368022,gnb2,post,post,,,
2026-08-18T10:46:56.156444,3540,0x46,PUCCH,,,,,,,,,,,,,,,,,,1,-inf,"0.000,",,,,,,,,,1787050016.156444,gnb2,post,post,,,
2026-08-18T10:46:57.733352,3580,0x46,PUCCH,,,,,,,,,,,,,,,,,,1,-inf,"0.000,",,,,,,,,,1787050017.733352,gnb2,post,post,,,
2026-08-18T10:46:58.635600,3600,0x46,PUCCH,,,,,,,,,,,,,,,,,,1,-inf,"0.000,",,,,,,,,,1787050018.635600,gnb2,post,post,,,
2026-08-18T10:46:59.842068,3620,0x46,PUCCH,,,,,,,,,,,,,,,,,,1,-inf,"0.000,",,,,,,,,,1787050019.842068,gnb2,post,post,,,
2026-08-18T10:47:00.897704,3640,0x46,PUCCH,,,,,,,,,,,,,,,,,,1,-inf,"0.000,",,,,,,,,,1787050020.897704,gnb2,post,post,,,
2026-08-18T10:47:01.962349,3660,0x46,PUCCH,,,,,,,,,,,,,,,,,,1,-inf,"0.000,",,,,,,,,,1787050021.962349,gnb2,post,post,,,
2026-08-18T10:47:02.774268,3680,0x46,PUCCH,,,,,,,,,,,,,,,,,,1,-inf,"0.000,",,,,,,,,,1787050022.774268,gnb2,post,post,,,
2026-08-18T10:47:03.662430,3700,0x46,PUCCH,,,,,,,,,,,,,,,,,,1,-inf,"0.000,",,,,,,,,,1787050023.662430,gnb2,post,post,,,
2026-08-18T10:47:04.315099,3720,0x46,PUCCH,,,,,,,,,,,,,,,,,,1,-inf,"0.000,",,,,,,,,,1787050024.315099,gnb2,post,post,,,
2026-08-18T10:47:05.972561,3760,0x46,PUCCH,,,,,,,,,,,,,,,,,,1,-inf,"0.000,",,,,,,,,,1787050025.972561,gnb2,post,post,,,
2026-08-18T10:47:06.004165,3761,0x46,PUCCH,,,,,,,,,,,,,,,,,,2,111.8,"1.000,",,,,,,,,,1787050026.004165,gnb2,post,post,,,
2026-08-18T10:47:07.774244,3800,0x46,PUCCH,,,,,,,,,,,,,,,,,,1,-inf,"0.000,",,,,,,,,,1787050027.774244,gnb2,post,post,,,
2026-08-18T10:47:08.570967,3820,0x46,PUCCH,,,,,,,,,,,,,,,,,,1,-inf,"0.000,",,,,,,,,,1787050028.570967,gnb2,post,post,,,
2026-08-18T10:47:09.373036,3840,0x46,PUCCH,,,,,,,,,,,,,,,,,,1,-inf,"0.000,",,,,,,,,,1787050029.373036,gnb2,post,post,,,
2026-08-18T10:47:10.385582,3860,0x46,PUCCH,,,,,,,,,,,,,,,,,,1,-inf,"0.000,",,,,,,,,,1787050030.385582,gnb2,post,post,,,
2026-08-18T10:47:11.753543,3880,0x46,PUCCH,,,,,,,,,,,,,,,,,,1,-inf,"0.000,",,,,,,,,,1787050031.753543,gnb2,post,post,,,
2026-08-18T10:47:12.828916,3900,0x46,PUCCH,,,,,,,,,,,,,,,,,,1,-inf,"0.000,",,,,,,,,,1787050032.828916,gnb2,post,post,,,
2026-08-18T10:47:13.631235,3920,0x46,PUCCH,,,,,,,,,,,,,,,,,,1,-inf,"0.000,",,,,,,,,,1787050033.631235,gnb2,post,post,,,
2026-08-18T10:47:14.396357,3940,0x46,PUCCH,,,,,,,,,,,,,,,,,,1,-inf,"0.000,",,,,,,,,,1787050034.396357,gnb2,post,post,,,
2026-08-18T10:47:15.388042,3960,0x46,PUCCH,,,,,,,,,,,,,,,,,,1,-inf,"0.000,",,,,,,,,,1787050035.388042,gnb2,post,post,,,
2026-08-18T10:47:16.407335,3980,0x46,PUCCH,,,,,,,,,,,,,,,,,,1,-inf,"0.000,",,,,,,,,,1787050036.407335,gnb2,post,post,,,
2026-08-18T10:47:17.527569,4000,0x46,PUCCH,,,,,,,,,,,,,,,,,,1,-inf,"0.000,",,,,,,,,,1787050037.527569,gnb2,post,post,,,
2026-08-18T10:47:18.683794,4020,0x46,PUCCH,,,,,,,,,,,,,,,,,,1,-inf,"0.000,",,,,,,,,,1787050038.683794,gnb2,post,post,,,
2026-08-18T10:47:19.491535,4040,0x46,PUCCH,,,,,,,,,,,,,,,,,,1,-inf,"0.000,",,,,,,,,,1787050039.491535,gnb2,post,post,,,
2026-08-18T10:47:20.477609,4060,0x46,PUCCH,,,,,,,,,,,,,,,,,,1,-inf,"0.000,",,,,,,,,,1787050040.477609,gnb2,post,post,,,
2026-08-18T10:47:21.266211,4080,0x46,PUCCH,,,,,,,,,,,,,,,,,,1,-inf,"0.000,",,,,,,,,,1787050041.266211,gnb2,post,post,,,
2026-08-18T10:47:22.038115,4100,0x46,PUCCH,,,,,,,,,,,,,,,,,,1,-inf,"0.000,",,,,,,,,,1787050042.038115,gnb2,post,post,,,
2026-08-18T10:47:23.010782,4120,0x46,PUCCH,,,,,,,,,,,,,,,,,,1,-inf,"0.000,",,,,,,,,,1787050043.010782,gnb2,post,post,,,
2026-08-18T10:47:24.001584,4140,0x46,PUCCH,,,,,,,,,,,,,,,,,,1,-inf,"0.000,",,,,,,,,,1787050044.001584,gnb2,post,post,,,
2026-08-18T10:47:25.604096,4180,0x46,PUCCH,,,,,,,,,,,,,,,,,,1,-inf,"0.000,",,,,,,,,,1787050045.604096,gnb2,post,post,,,
2026-08-18T10:47:26.432402,4200,0x46,PUCCH,,,,,,,,,,,,,,,,,,1,-inf,"0.000,",,,,,,,,,1787050046.432402,gnb2,post,post,,,
2026-08-18T10:47:27.158711,4220,0x46,PUCCH,,,,,,,,,,,,,,,,,,1,-inf,"0.000,",,,,,,,,,1787050047.158711,gnb2,post,post,,,
2026-08-18T10:47:28.681277,4260,0x46,PUCCH,,,,,,,,,,,,,,,,,,1,-inf,"0.000,",,,,,,,,,1787050048.681277,gnb2,post,post,,,
2026-08-18T10:47:29.697594,4280,0x46,PUCCH,,,,,,,,,,,,,,,,,,1,-inf,"0.000,",,,,,,,,,1787050049.697594,gnb2,post,post,,,
2026-08-18T10:47:30.531056,4300,0x46,PUCCH,,,,,,,,,,,,,,,,,,1,-inf,"0.000,",,,,,,,,,1787050050.531056,gnb2,post,post,,,
2026-08-18T10:47:31.571169,4320,0x46,PUCCH,,,,,,,,,,,,,,,,,,1,-inf,"0.000,",,,,,,,,,1787050051.571169,gnb2,post,post,,,
2026-08-18T10:47:32.490971,4340,0x46,PUCCH,,,,,,,,,,,,,,,,,,1,-inf,"0.000,",,,,,,,,,1787050052.490971,gnb2,post,post,,,
2026-08-18T10:47:33.557180,4360,0x46,PUCCH,,,,,,,,,,,,,,,,,,1,-inf,"0.000,",,,,,,,,,1787050053.557180,gnb2,post,post,,,
2026-08-18T10:47:34.533702,4380,0x46,PUCCH,,,,,,,,,,,,,,,,,,1,-inf,"0.000,",,,,,,,,,1787050054.533702,gnb2,post,post,,,
2026-08-18T10:47:35.366677,4400,0x46,PUCCH,,,,,,,,,,,,,,,,,,1,-inf,"0.000,",,,,,,,,,1787050055.366677,gnb2,post,post,,,
2026-08-18T10:47:36.144427,4420,0x46,PUCCH,,,,,,,,,,,,,,,,,,1,-inf,"0.000,",,,,,,,,,1787050056.144427,gnb2,post,post,,,
2026-08-18T10:47:37.608125,4460,0x46,PUCCH,,,,,,,,,,,,,,,,,,1,-inf,"0.000,",,,,,,,,,1787050057.608125,gnb2,post,post,,,
2026-08-18T10:47:38.293652,4480,0x46,PUCCH,,,,,,,,,,,,,,,,,,1,-inf,"0.000,",,,,,,,,,1787050058.293652,gnb2,post,post,,,
2026-08-18T10:47:39.259826,4500,0x46,PUCCH,,,,,,,,,,,,,,,,,,1,-inf,"0.000,",,,,,,,,,1787050059.259826,gnb2,post,post,,,
2026-08-18T10:47:40.009573,4520,0x46,PUCCH,,,,,,,,,,,,,,,,,,1,-inf,"0.000,",,,,,,,,,1787050060.009573,gnb2,post,post,,,
2026-08-18T10:47:41.798035,4560,0x46,PUCCH,,,,,,,,,,,,,,,,,,1,-inf,"0.000,",,,,,,,,,1787050061.798035,gnb2,post,post,,,
2026-08-18T10:47:42.707384,4580,0x46,PUCCH,,,,,,,,,,,,,,,,,,1,-inf,"0.000,",,,,,,,,,1787050062.707384,gnb2,post,post,,,
2026-08-18T10:47:43.582588,4600,0x46,PUCCH,,,,,,,,,,,,,,,,,,1,-inf,"0.000,",,,,,,,,,1787050063.582588,gnb2,post,post,,,
2026-08-18T10:47:44.611264,4620,0x46,PUCCH,,,,,,,,,,,,,,,,,,1,-inf,"0.000,",,,,,,,,,1787050064.611264,gnb2,post,post,,,
2026-08-18T10:47:45.554500,4640,0x46,PUCCH,,,,,,,,,,,,,,,,,,1,-inf,"0.000,",,,,,,,,,1787050065.554500,gnb2,post,post,,,
2026-08-18T10:47:46.797457,4660,0x46,PUCCH,,,,,,,,,,,,,,,,,,1,-inf,"0.000,",,,,,,,,,1787050066.797457,gnb2,post,post,,,
2026-08-18T10:47:47.835997,4680,0x46,PUCCH,,,,,,,,,,,,,,,,,,1,-inf,"0.000,",,,,,,,,,1787050067.835997,gnb2,post,post,,,
2026-08-18T10:47:48.703356,4700,0x46,PUCCH,,,,,,,,,,,,,,,,,,1,-inf,"0.000,",,,,,,,,,1787050068.703356,gnb2,post,post,,,
2026-08-18T10:47:49.724172,4720,0x46,PUCCH,,,,,,,,,,,,,,,,,,1,-inf,"0.000,",,,,,,,,,1787050069.724172,gnb2,post,post,,,
2026-08-18T10:47:50.521875,4740,0x46,PUCCH,,,,,,,,,,,,,,,,,,1,-inf,"0.000,",,,,,,,,,1787050070.521875,gnb2,post,post,,,
2026-08-18T10:47:51.449171,4760,0x46,PUCCH,,,,,,,,,,,,,,,,,,1,-inf,"0.000,",,,,,,,,,1787050071.449171,gnb2,post,post,,,
2026-08-18T10:47:52.582608,4780,0x46,PUCCH,,,,,,,,,,,,,,,,,,1,-inf,"0.000,",,,,,,,,,1787050072.582608,gnb2,post,post,,,
2026-08-18T10:47:53.289866,4800,0x46,PUCCH,,,,,,,,,,,,,,,,,,1,-inf,"0.000,",,,,,,,,,1787050073.289866,gnb2,post,post,,,
2026-08-18T10:47:54.657680,4840,0x46,PUCCH,,,,,,,,,,,,,,,,,,1,-inf,"0.000,",,,,,,,,,1787050074.657680,gnb2,post,post,,,
2026-08-18T10:47:55.341766,4860,0x46,PUCCH,,,,,,,,,,,,,,,,,,1,-inf,"0.000,",,,,,,,,,1787050075.341766,gnb2,post,post,,,
2026-08-18T10:47:56.698325,4900,0x46,PUCCH,,,,,,,,,,,,,,,,,,1,-inf,"0.000,",,,,,,,,,1787050076.698325,gnb2,post,post,,,
2026-08-18T10:47:57.451512,4920,0x46,PUCCH,,,,,,,,,,,,,,,,,,1,-inf,"0.000,",,,,,,,,,1787050077.451512,gnb2,post,post,,,
2026-08-18T10:47:58.117702,4940,0x46,PUCCH,,,,,,,,,,,,,,,,,,1,-inf,"0.000,",,,,,,,,,1787050078.117702,gnb2,post,post,,,
2026-08-18T10:47:59.635479,4980,0x46,PUCCH,,,,,,,,,,,,,,,,,,1,-inf,"0.000,",,,,,,,,,1787050079.635479,gnb2,post,post,,,
2026-08-18T10:48:00.343359,5000,0x46,PUCCH,,,,,,,,,,,,,,,,,,1,-inf,"0.000,",,,,,,,,,1787050080.343359,gnb2,post,post,,,
2026-08-18T10:48:01.370699,5020,0x46,PUCCH,,,,,,,,,,,,,,,,,,1,-inf,"0.000,",,,,,,,,,1787050081.370699,gnb2,post,post,,,
2026-08-18T10:48:02.228272,5040,0x46,PUCCH,,,,,,,,,,,,,,,,,,1,-inf,"0.000,",,,,,,,,,1787050082.228272,gnb2,post,post,,,
2026-08-18T10:48:03.514059,5080,0x46,PUCCH,,,,,,,,,,,,,,,,,,1,-inf,"0.000,",,,,,,,,,1787050083.514059,gnb2,post,post,,,
2026-08-18T10:48:04.163575,5100,0x46,PUCCH,,,,,,,,,,,,,,,,,,1,-inf,"0.000,",,,,,,,,,1787050084.163575,gnb2,post,post,,,
2026-08-18T10:48:05.098407,5120,0x46,PUCCH,,,,,,,,,,,,,,,,,,1,-inf,"0.000,",,,,,,,,,1787050085.098407,gnb2,post,post,,,
2026-08-18T10:48:06.157963,5140,0x46,PUCCH,,,,,,,,,,,,,,,,,,1,-inf,"0.000,",,,,,,,,,1787050086.157963,gnb2,post,post,,,
2026-08-18T10:48:07.809540,5160,0x46,PUCCH,,,,,,,,,,,,,,,,,,1,-inf,"0.000,",,,,,,,,,1787050087.809540,gnb2,post,post,,,
2026-08-18T10:48:08.623995,5180,0x46,PUCCH,,,,,,,,,,,,,,,,,,1,-inf,"0.000,",,,,,,,,,1787050088.623995,gnb2,post,post,,,
2026-08-18T10:48:09.595657,5200,0x46,PUCCH,,,,,,,,,,,,,,,,,,1,-inf,"0.000,",,,,,,,,,1787050089.595657,gnb2,post,post,,,
2026-08-18T10:48:10.294129,5220,0x46,PUCCH,,,,,,,,,,,,,,,,,,1,-inf,"0.000,",,,,,,,,,1787050090.294129,gnb2,post,post,,,
2026-08-18T10:48:11.698962,5260,0x46,PUCCH,,,,,,,,,,,,,,,,,,1,-inf,"0.000,",,,,,,,,,1787050091.698962,gnb2,post,post,,,
2026-08-18T10:48:12.935785,5280,0x46,PUCCH,,,,,,,,,,,,,,,,,,1,-inf,"0.000,",,,,,,,,,1787050092.935785,gnb2,post,post,,,
2026-08-18T10:48:13.016373,5281,0x46,PUCCH,,,,,,,,,,,,,,,,,,2,111.8,"1.000,",,,,,,,,,1787050093.016373,gnb2,post,post,,,
2026-08-18T10:48:14.724329,5320,0x46,PUCCH,,,,,,,,,,,,,,,,,,1,-inf,"0.000,",,,,,,,,,1787050094.724329,gnb2,post,post,,,
2026-08-18T10:48:15.655510,5340,0x46,PUCCH,,,,,,,,,,,,,,,,,,1,-inf,"0.000,",,,,,,,,,1787050095.655510,gnb2,post,post,,,
2026-08-18T10:48:16.409258,5360,0x46,PUCCH,,,,,,,,,,,,,,,,,,1,-inf,"0.000,",,,,,,,,,1787050096.409258,gnb2,post,post,,,
2026-08-18T10:48:17.159422,5380,0x46,PUCCH,,,,,,,,,,,,,,,,,,1,-inf,"0.000,",,,,,,,,,1787050097.159422,gnb2,post,post,,,
2026-08-18T10:48:18.524246,5420,0x46,PUCCH,,,,,,,,,,,,,,,,,,1,-inf,"0.000,",,,,,,,,,1787050098.524246,gnb2,post,post,,,
2026-08-18T10:48:19.307534,5440,0x46,PUCCH,,,,,,,,,,,,,,,,,,1,-inf,"0.000,",,,,,,,,,1787050099.307534,gnb2,post,post,,,
2026-08-18T10:48:20.132138,5460,0x46,PUCCH,,,,,,,,,,,,,,,,,,1,-inf,"0.000,",,,,,,,,,1787050100.132138,gnb2,post,post,,,
2026-08-18T10:48:21.142816,5480,0x46,PUCCH,,,,,,,,,,,,,,,,,,1,-inf,"0.000,",,,,,,,,,1787050101.142816,gnb2,post,post,,,
2026-08-18T10:48:22.595013,5520,0x46,PUCCH,,,,,,,,,,,,,,,,,,1,-inf,"0.000,",,,,,,,,,1787050102.595013,gnb2,post,post,,,
2026-08-18T10:48:23.389404,5540,0x46,PUCCH,,,,,,,,,,,,,,,,,,1,-inf,"0.000,",,,,,,,,,1787050103.389404,gnb2,post,post,,,
2026-08-18T10:48:24.383547,5560,0x46,PUCCH,,,,,,,,,,,,,,,,,,1,-inf,"0.000,",,,,,,,,,1787050104.383547,gnb2,post,post,,,
2026-08-18T10:48:25.045542,5580,0x46,PUCCH,,,,,,,,,,,,,,,,,,1,-inf,"0.000,",,,,,,,,,1787050105.045542,gnb2,post,post,,,
2026-08-18T10:48:26.637274,5620,0x46,PUCCH,,,,,,,,,,,,,,,,,,1,-inf,"0.000,",,,,,,,,,1787050106.637274,gnb2,post,post,,,
2026-08-18T10:48:27.412988,5640,0x46,PUCCH,,,,,,,,,,,,,,,,,,1,-inf,"0.000,",,,,,,,,,1787050107.412988,gnb2,post,post,,,
2026-08-18T10:48:28.239462,5660,0x46,PUCCH,,,,,,,,,,,,,,,,,,1,-inf,"0.000,",,,,,,,,,1787050108.239462,gnb2,post,post,,,
2026-08-18T10:48:29.447129,5700,0x46,PUCCH,,,,,,,,,,,,,,,,,,1,-inf,"0.000,",,,,,,,,,1787050109.447129,gnb2,post,post,,,
2026-08-18T10:48:30.051003,5720,0x46,PUCCH,,,,,,,,,,,,,,,,,,1,-inf,"0.000,",,,,,,,,,1787050110.051003,gnb2,post,post,,,
2026-08-18T10:48:31.493309,5760,0x46,PUCCH,,,,,,,,,,,,,,,,,,1,-inf,"0.000,",,,,,,,,,1787050111.493309,gnb2,post,post,,,
2026-08-18T10:48:32.490402,5780,0x46,PUCCH,,,,,,,,,,,,,,,,,,1,-inf,"0.000,",,,,,,,,,1787050112.490402,gnb2,post,post,,,
2026-08-18T10:48:33.450806,5800,0x46,PUCCH,,,,,,,,,,,,,,,,,,1,-inf,"0.000,",,,,,,,,,1787050113.450806,gnb2,post,post,,,
2026-08-18T10:48:34.077787,5820,0x46,PUCCH,,,,,,,,,,,,,,,,,,1,-inf,"0.000,",,,,,,,,,1787050114.077787,gnb2,post,post,,,
2026-08-18T10:48:35.281850,5860,0x46,PUCCH,,,,,,,,,,,,,,,,,,1,-inf,"0.000,",,,,,,,,,1787050115.281850,gnb2,post,post,,,
2026-08-18T10:48:36.409775,5900,0x46,PUCCH,,,,,,,,,,,,,,,,,,1,-inf,"0.000,",,,,,,,,,1787050116.409775,gnb2,post,post,,,
2026-08-18T10:48:37.049537,5920,0x46,PUCCH,,,,,,,,,,,,,,,,,,1,-inf,"0.000,",,,,,,,,,1787050117.049537,gnb2,post,post,,,
2026-08-18T10:48:38.227536,5960,0x46,PUCCH,,,,,,,,,,,,,,,,,,1,-inf,"0.000,",,,,,,,,,1787050118.227536,gnb2,post,post,,,
2026-08-18T10:48:39.401832,6000,0x46,PUCCH,,,,,,,,,,,,,,,,,,1,-inf,"0.000,",,,,,,,,,1787050119.401832,gnb2,post,post,,,
2026-08-18T10:48:40.240087,6020,0x46,PUCCH,,,,,,,,,,,,,,,,,,1,-inf,"0.000,",,,,,,,,,1787050120.240087,gnb2,post,post,,,
2026-08-18T10:48:41.647013,6060,0x46,PUCCH,,,,,,,,,,,,,,,,,,1,-inf,"0.000,",,,,,,,,,1787050121.647013,gnb2,post,post,,,
2026-08-18T10:48:42.241264,6080,0x46,PUCCH,,,,,,,,,,,,,,,,,,1,-inf,"0.000,",,,,,,,,,1787050122.241264,gnb2,post,post,,,
2026-08-18T10:48:43.822986,6120,0x46,PUCCH,,,,,,,,,,,,,,,,,,1,-inf,"0.000,",,,,,,,,,1787050123.822986,gnb2,post,post,,,
2026-08-18T10:48:44.684123,6140,0x46,PUCCH,,,,,,,,,,,,,,,,,,1,-inf,"0.000,",,,,,,,,,1787050124.684123,gnb2,post,post,,,
2026-08-18T10:48:45.652844,6160,0x46,PUCCH,,,,,,,,,,,,,,,,,,1,-inf,"0.000,",,,,,,,,,1787050125.652844,gnb2,post,post,,,
2026-08-18T10:48:46.359621,6180,0x46,PUCCH,,,,,,,,,,,,,,,,,,1,-inf,"0.000,",,,,,,,,,1787050126.359621,gnb2,post,post,,,
2026-08-18T10:48:47.501657,6220,0x46,PUCCH,,,,,,,,,,,,,,,,,,1,-inf,"0.000,",,,,,,,,,1787050127.501657,gnb2,post,post,,,
2026-08-18T10:48:48.185092,6240,0x46,PUCCH,,,,,,,,,,,,,,,,,,1,-inf,"0.000,",,,,,,,,,1787050128.185092,gnb2,post,post,,,
2026-08-18T10:48:49.021428,6260,0x46,PUCCH,,,,,,,,,,,,,,,,,,1,-inf,"0.000,",,,,,,,,,1787050129.021428,gnb2,post,post,,,
2026-08-18T10:48:50.381841,6300,0x46,PUCCH,,,,,,,,,,,,,,,,,,1,-inf,"0.000,",,,,,,,,,1787050130.381841,gnb2,post,post,,,
2026-08-18T10:48:51.054783,6320,0x46,PUCCH,,,,,,,,,,,,,,,,,,1,-inf,"0.000,",,,,,,,,,1787050131.054783,gnb2,post,post,,,
2026-08-18T10:48:52.693632,6360,0x46,PUCCH,,,,,,,,,,,,,,,,,,1,-inf,"0.000,",,,,,,,,,1787050132.693632,gnb2,post,post,,,
2026-08-18T10:48:53.704605,6380,0x46,PUCCH,,,,,,,,,,,,,,,,,,1,-inf,"0.000,",,,,,,,,,1787050133.704605,gnb2,post,post,,,
2026-08-18T10:48:54.442756,6400,0x46,PUCCH,,,,,,,,,,,,,,,,,,1,-inf,"0.000,",,,,,,,,,1787050134.442756,gnb2,post,post,,,
2026-08-18T10:48:55.256122,6420,0x46,PUCCH,,,,,,,,,,,,,,,,,,1,-inf,"0.000,",,,,,,,,,1787050135.256122,gnb2,post,post,,,
2026-08-18T10:48:56.837383,6460,0x46,PUCCH,,,,,,,,,,,,,,,,,,1,-inf,"0.000,",,,,,,,,,1787050136.837383,gnb2,post,post,,,
2026-08-18T10:48:58.110507,6480,0x46,PUCCH,,,,,,,,,,,,,,,,,,1,-inf,"0.000,",,,,,,,,,1787050138.110507,gnb2,post,post,,,
2026-08-18T10:48:59.016977,6500,0x46,PUCCH,,,,,,,,,,,,,,,,,,1,-inf,"0.000,",,,,,,,,,1787050139.016977,gnb2,post,post,,,
2026-08-18T10:49:00.727761,6540,0x46,PUCCH,,,,,,,,,,,,,,,,,,1,-inf,"0.000,",,,,,,,,,1787050140.727761,gnb2,post,post,,,
2026-08-18T10:49:01.459182,6560,0x46,PUCCH,,,,,,,,,,,,,,,,,,1,-inf,"0.000,",,,,,,,,,1787050141.459182,gnb2,post,post,,,
2026-08-18T10:49:02.266540,6580,0x46,PUCCH,,,,,,,,,,,,,,,,,,1,-inf,"0.000,",,,,,,,,,1787050142.266540,gnb2,post,post,,,
2026-08-18T10:49:03.010116,6600,0x46,PUCCH,,,,,,,,,,,,,,,,,,1,-inf,"0.000,",,,,,,,,,1787050143.010116,gnb2,post,post,,,
2026-08-18T10:49:04.542983,6640,0x46,PUCCH,,,,,,,,,,,,,,,,,,1,-inf,"0.000,",,,,,,,,,1787050144.542983,gnb2,post,post,,,
2026-08-18T10:49:05.295108,6660,0x46,PUCCH,,,,,,,,,,,,,,,,,,1,-inf,"0.000,",,,,,,,,,1787050145.295108,gnb2,post,post,,,
2026-08-18T10:49:06.000792,6681,0x46,PUCCH,,,,,,,,,,,,,,,,,,2,111.8,"1.000,",,,,,,,,,1787050146.000792,gnb2,post,post,,,
2026-08-18T10:49:07.349052,6720,0x46,PUCCH,,,,,,,,,,,,,,,,,,1,-inf,"0.000,",,,,,,,,,1787050147.349052,gnb2,post,post,,,
2026-08-18T10:49:08.111597,6740,0x46,PUCCH,,,,,,,,,,,,,,,,,,1,-inf,"0.000,",,,,,,,,,1787050148.111597,gnb2,post,post,,,
2026-08-18T10:49:09.453922,6780,0x46,PUCCH,,,,,,,,,,,,,,,,,,1,-inf,"0.000,",,,,,,,,,1787050149.453922,gnb2,post,post,,,
2026-08-18T10:49:10.289782,6800,0x46,PUCCH,,,,,,,,,,,,,,,,,,1,-inf,"0.000,",,,,,,,,,1787050150.289782,gnb2,post,post,,,
2026-08-18T10:49:11.767786,6840,0x46,PUCCH,,,,,,,,,,,,,,,,,,1,-inf,"0.000,",,,,,,,,,1787050151.767786,gnb2,post,post,,,
2026-08-18T10:49:12.815913,6860,0x46,PUCCH,,,,,,,,,,,,,,,,,,1,-inf,"0.000,",,,,,,,,,1787050152.815913,gnb2,post,post,,,
2026-08-18T10:49:14.083975,6880,0x46,PUCCH,,,,,,,,,,,,,,,,,,1,-inf,"0.000,",,,,,,,,,1787050154.083975,gnb2,post,post,,,
2026-08-18T10:49:15.153962,6900,0x46,PUCCH,,,,,,,,,,,,,,,,,,1,-inf,"0.000,",,,,,,,,,1787050155.153962,gnb2,post,post,,,
2026-08-18T10:49:16.027520,6920,0x46,PUCCH,,,,,,,,,,,,,,,,,,1,-inf,"0.000,",,,,,,,,,1787050156.027520,gnb2,post,post,,,
2026-08-18T10:49:17.573372,6960,0x46,PUCCH,,,,,,,,,,,,,,,,,,1,-inf,"0.000,",,,,,,,,,1787050157.573372,gnb2,post,post,,,
2026-08-18T10:49:18.401712,6980,0x46,PUCCH,,,,,,,,,,,,,,,,,,1,-inf,"0.000,",,,,,,,,,1787050158.401712,gnb2,post,post,,,
2026-08-18T10:49:19.392229,7000,0x46,PUCCH,,,,,,,,,,,,,,,,,,1,-inf,"0.000,",,,,,,,,,1787050159.392229,gnb2,post,post,,,
2026-08-18T10:49:20.131186,7020,0x46,PUCCH,,,,,,,,,,,,,,,,,,1,-inf,"0.000,",,,,,,,,,1787050160.131186,gnb2,post,post,,,
2026-08-18T10:49:21.588122,7060,0x46,PUCCH,,,,,,,,,,,,,,,,,,1,-inf,"0.000,",,,,,,,,,1787050161.588122,gnb2,post,post,,,
2026-08-18T10:49:22.379804,7080,0x46,PUCCH,,,,,,,,,,,,,,,,,,1,-inf,"0.000,",,,,,,,,,1787050162.379804,gnb2,post,post,,,
2026-08-18T10:49:23.285320,7100,0x46,PUCCH,,,,,,,,,,,,,,,,,,1,-inf,"0.000,",,,,,,,,,1787050163.285320,gnb2,post,post,,,
2026-08-18T10:49:24.025370,7120,0x46,PUCCH,,,,,,,,,,,,,,,,,,1,-inf,"0.000,",,,,,,,,,1787050164.025370,gnb2,post,post,,,
2026-08-18T10:49:25.634821,7160,0x46,PUCCH,,,,,,,,,,,,,,,,,,1,-inf,"0.000,",,,,,,,,,1787050165.634821,gnb2,post,post,,,
2026-08-18T10:49:26.292606,7180,0x46,PUCCH,,,,,,,,,,,,,,,,,,1,-inf,"0.000,",,,,,,,,,1787050166.292606,gnb2,post,post,,,
2026-08-18T10:49:27.288373,7200,0x46,PUCCH,,,,,,,,,,,,,,,,,,1,-inf,"0.000,",,,,,,,,,1787050167.288373,gnb2,post,post,,,
2026-08-18T10:49:28.633484,7240,0x46,PUCCH,,,,,,,,,,,,,,,,,,1,-inf,"0.000,",,,,,,,,,1787050168.633484,gnb2,post,post,,,
2026-08-18T10:49:29.399924,7260,0x46,PUCCH,,,,,,,,,,,,,,,,,,1,-inf,"0.000,",,,,,,,,,1787050169.399924,gnb2,post,post,,,
2026-08-18T10:49:30.100417,7280,0x46,PUCCH,,,,,,,,,,,,,,,,,,1,-inf,"0.000,",,,,,,,,,1787050170.100417,gnb2,post,post,,,
2026-08-18T10:49:31.569307,7320,0x46,PUCCH,,,,,,,,,,,,,,,,,,1,-inf,"0.000,",,,,,,,,,1787050171.569307,gnb2,post,post,,,
2026-08-18T10:49:32.235806,7340,0x46,PUCCH,,,,,,,,,,,,,,,,,,1,-inf,"0.000,",,,,,,,,,1787050172.235806,gnb2,post,post,,,
2026-08-18T10:49:33.026069,7361,0x46,PUCCH,,,,,,,,,,,,,,,,,,2,111.8,"1.000,",,,,,,,,,1787050173.026069,gnb2,post,post,,,
2026-08-18T10:49:34.438513,7400,0x46,PUCCH,,,,,,,,,,,,,,,,,,1,-inf,"0.000,",,,,,,,,,1787050174.438513,gnb2,post,post,,,
2026-08-18T10:49:35.381444,7420,0x46,PUCCH,,,,,,,,,,,,,,,,,,1,-inf,"0.000,",,,,,,,,,1787050175.381444,gnb2,post,post,,,
2026-08-18T10:49:36.314461,7440,0x46,PUCCH,,,,,,,,,,,,,,,,,,1,-inf,"0.000,",,,,,,,,,1787050176.314461,gnb2,post,post,,,
2026-08-18T10:49:37.225529,7460,0x46,PUCCH,,,,,,,,,,,,,,,,,,1,-inf,"0.000,",,,,,,,,,1787050177.225529,gnb2,post,post,,,
2026-08-18T10:49:38.317943,7480,0x46,PUCCH,,,,,,,,,,,,,,,,,,1,-inf,"0.000,",,,,,,,,,1787050178.317943,gnb2,post,post,,,
2026-08-18T10:49:39.000243,7500,0x46,PUCCH,,,,,,,,,,,,,,,,,,1,-inf,"0.000,",,,,,,,,,1787050179.000243,gnb2,post,post,,,
2026-08-18T10:49:40.576606,7540,0x46,PUCCH,,,,,,,,,,,,,,,,,,1,-inf,"0.000,",,,,,,,,,1787050180.576606,gnb2,post,post,,,
2026-08-18T10:49:41.457723,7560,0x46,PUCCH,,,,,,,,,,,,,,,,,,1,-inf,"0.000,",,,,,,,,,1787050181.457723,gnb2,post,post,,,
2026-08-18T10:49:42.328446,7580,0x46,PUCCH,,,,,,,,,,,,,,,,,,1,-inf,"0.000,",,,,,,,,,1787050182.328446,gnb2,post,post,,,
2026-08-18T10:49:43.025337,7600,0x46,PUCCH,,,,,,,,,,,,,,,,,,1,-inf,"0.000,",,,,,,,,,1787050183.025337,gnb2,post,post,,,
2026-08-18T10:49:44.388306,7640,0x46,PUCCH,,,,,,,,,,,,,,,,,,1,-inf,"0.000,",,,,,,,,,1787050184.388306,gnb2,post,post,,,
2026-08-18T10:49:45.155223,7660,0x46,PUCCH,,,,,,,,,,,,,,,,,,1,-inf,"0.000,",,,,,,,,,1787050185.155223,gnb2,post,post,,,
2026-08-18T10:49:46.057829,7681,0x46,PUCCH,,,,,,,,,,,,,,,,,,2,111.8,"1.000,",,,,,,,,,1787050186.057829,gnb2,post,post,,,
2026-08-18T10:49:47.497166,7720,0x46,PUCCH,,,,,,,,,,,,,,,,,,1,-inf,"0.000,",,,,,,,,,1787050187.497166,gnb2,post,post,,,
2026-08-18T10:49:48.202432,7740,0x46,PUCCH,,,,,,,,,,,,,,,,,,1,-inf,"0.000,",,,,,,,,,1787050188.202432,gnb2,post,post,,,
2026-08-18T10:49:49.785884,7780,0x46,PUCCH,,,,,,,,,,,,,,,,,,1,-inf,"0.000,",,,,,,,,,1787050189.785884,gnb2,post,post,,,
2026-08-18T10:49:50.811910,7800,0x46,PUCCH,,,,,,,,,,,,,,,,,,1,-inf,"0.000,",,,,,,,,,1787050190.811910,gnb2,post,post,,,
2026-08-18T10:49:51.778947,7820,0x46,PUCCH,,,,,,,,,,,,,,,,,,1,-inf,"0.000,",,,,,,,,,1787050191.778947,gnb2,post,post,,,
2026-08-18T10:49:52.551678,7840,0x46,PUCCH,,,,,,,,,,,,,,,,,,1,-inf,"0.000,",,,,,,,,,1787050192.551678,gnb2,post,post,,,
2026-08-18T10:49:53.630423,7860,0x46,PUCCH,,,,,,,,,,,,,,,,,,1,-inf,"0.000,",,,,,,,,,1787050193.630423,gnb2,post,post,,,
2026-08-18T10:49:54.327730,7880,0x46,PUCCH,,,,,,,,,,,,,,,,,,1,-inf,"0.000,",,,,,,,,,1787050194.327730,gnb2,post,post,,,
2026-08-18T10:49:55.311332,7900,0x46,PUCCH,,,,,,,,,,,,,,,,,,1,-inf,"0.000,",,,,,,,,,1787050195.311332,gnb2,post,post,,,
2026-08-18T10:49:56.070812,7920,0x46,PUCCH,,,,,,,,,,,,,,,,,,1,-inf,"0.000,",,,,,,,,,1787050196.070812,gnb2,post,post,,,
2026-08-18T10:49:57.025330,7940,0x46,PUCCH,,,,,,,,,,,,,,,,,,1,-inf,"0.000,",,,,,,,,,1787050197.025330,gnb2,post,post,,,
2026-08-18T10:49:58.583668,7980,0x46,PUCCH,,,,,,,,,,,,,,,,,,1,-inf,"0.000,",,,,,,,,,1787050198.583668,gnb2,post,post,,,
2026-08-18T10:49:59.430806,8000,0x46,PUCCH,,,,,,,,,,,,,,,,,,1,-inf,"0.000,",,,,,,,,,1787050199.430806,gnb2,post,post,,,
2026-08-18T10:50:00.179490,8020,0x46,PUCCH,,,,,,,,,,,,,,,,,,1,-inf,"0.000,",,,,,,,,,1787050200.179490,gnb2,post,post,,,
2026-08-18T10:50:01.461096,8060,0x46,PUCCH,,,,,,,,,,,,,,,,,,1,-inf,"0.000,",,,,,,,,,1787050201.461096,gnb2,post,post,,,
2026-08-18T10:50:02.149041,8080,0x46,PUCCH,,,,,,,,,,,,,,,,,,1,-inf,"0.000,",,,,,,,,,1787050202.149041,gnb2,post,post,,,
2026-08-18T10:50:03.086462,8100,0x46,PUCCH,,,,,,,,,,,,,,,,,,1,-inf,"0.000,",,,,,,,,,1787050203.086462,gnb2,post,post,,,
2026-08-18T10:50:04.616907,8140,0x46,PUCCH,,,,,,,,,,,,,,,,,,1,-inf,"0.000,",,,,,,,,,1787050204.616907,gnb2,post,post,,,
2026-08-18T10:50:05.416815,8160,0x46,PUCCH,,,,,,,,,,,,,,,,,,1,-inf,"0.000,",,,,,,,,,1787050205.416815,gnb2,post,post,,,
2026-08-18T10:50:06.366250,8180,0x46,PUCCH,,,,,,,,,,,,,,,,,,1,-inf,"0.000,",,,,,,,,,1787050206.366250,gnb2,post,post,,,
2026-08-18T10:50:07.210058,8200,0x46,PUCCH,,,,,,,,,,,,,,,,,,1,-inf,"0.000,",,,,,,,,,1787050207.210058,gnb2,post,post,,,
2026-08-18T10:50:09.265225,8240,0x46,PUCCH,,,,,,,,,,,,,,,,,,1,-inf,"0.000,",,,,,,,,,1787050209.265225,gnb2,post,post,,,
2026-08-18T10:50:10.153199,8260,0x46,PUCCH,,,,,,,,,,,,,,,,,,1,-inf,"0.000,",,,,,,,,,1787050210.153199,gnb2,post,post,,,
2026-08-18T10:50:11.623136,8300,0x46,PUCCH,,,,,,,,,,,,,,,,,,1,-inf,"0.000,",,,,,,,,,1787050211.623136,gnb2,post,post,,,
2026-08-18T10:50:12.325751,8320,0x46,PUCCH,,,,,,,,,,,,,,,,,,1,-inf,"0.000,",,,,,,,,,1787050212.325751,gnb2,post,post,,,
2026-08-18T10:50:13.576152,8360,0x46,PUCCH,,,,,,,,,,,,,,,,,,1,-inf,"0.000,",,,,,,,,,1787050213.576152,gnb2,post,post,,,
2026-08-18T10:50:14.383182,8380,0x46,PUCCH,,,,,,,,,,,,,,,,,,1,-inf,"0.000,",,,,,,,,,1787050214.383182,gnb2,post,post,,,
2026-08-18T10:50:15.085726,8400,0x46,PUCCH,,,,,,,,,,,,,,,,,,1,-inf,"0.000,",,,,,,,,,1787050215.085726,gnb2,post,post,,,
2026-08-18T10:50:16.568647,8440,0x46,PUCCH,,,,,,,,,,,,,,,,,,1,-inf,"0.000,",,,,,,,,,1787050216.568647,gnb2,post,post,,,
2026-08-18T10:50:17.308574,8460,0x46,PUCCH,,,,,,,,,,,,,,,,,,1,-inf,"0.000,",,,,,,,,,1787050217.308574,gnb2,post,post,,,
2026-08-18T10:50:18.070732,8480,0x46,PUCCH,,,,,,,,,,,,,,,,,,1,-inf,"0.000,",,,,,,,,,1787050218.070732,gnb2,post,post,,,
2026-08-18T10:50:19.123503,8520,0x46,PUCCH,,,,,,,,,,,,,,,,,,1,-inf,"0.000,",,,,,,,,,1787050219.123503,gnb2,post,post,,,
2026-08-18T10:50:20.195044,8560,0x46,PUCCH,,,,,,,,,,,,,,,,,,1,-inf,"0.000,",,,,,,,,,1787050220.195044,gnb2,post,post,,,
2026-08-18T10:50:21.433715,8600,0x46,PUCCH,,,,,,,,,,,,,,,,,,1,-inf,"0.000,",,,,,,,,,1787050221.433715,gnb2,post,post,,,
2026-08-18T10:50:22.184160,8620,0x46,PUCCH,,,,,,,,,,,,,,,,,,1,-inf,"0.000,",,,,,,,,,1787050222.184160,gnb2,post,post,,,
2026-08-18T10:50:23.046970,8640,0x46,PUCCH,,,,,,,,,,,,,,,,,,1,-inf,"0.000,",,,,,,,,,1787050223.046970,gnb2,post,post,,,
2026-08-18T10:50:24.174853,8660,0x46,PUCCH,,,,,,,,,,,,,,,,,,1,-inf,"0.000,",,,,,,,,,1787050224.174853,gnb2,post,post,,,
2026-08-18T10:50:25.078894,8680,0x46,PUCCH,,,,,,,,,,,,,,,,,,1,-inf,"0.000,",,,,,,,,,1787050225.078894,gnb2,post,post,,,
2026-08-18T10:50:26.695321,8720,0x46,PUCCH,,,,,,,,,,,,,,,,,,1,-inf,"0.000,",,,,,,,,,1787050226.695321,gnb2,post,post,,,
2026-08-18T10:50:27.734815,8740,0x46,PUCCH,,,,,,,,,,,,,,,,,,1,-inf,"0.000,",,,,,,,,,1787050227.734815,gnb2,post,post,,,
2026-08-18T10:50:28.583034,8760,0x46,PUCCH,,,,,,,,,,,,,,,,,,1,-inf,"0.000,",,,,,,,,,1787050228.583034,gnb2,post,post,,,
2026-08-18T10:50:29.453537,8780,0x46,PUCCH,,,,,,,,,,,,,,,,,,1,-inf,"0.000,",,,,,,,,,1787050229.453537,gnb2,post,post,,,
2026-08-18T10:50:30.072875,8800,0x46,PUCCH,,,,,,,,,,,,,,,,,,1,-inf,"0.000,",,,,,,,,,1787050230.072875,gnb2,post,post,,,
2026-08-18T10:50:31.635209,8840,0x46,PUCCH,,,,,,,,,,,,,,,,,,1,-inf,"0.000,",,,,,,,,,1787050231.635209,gnb2,post,post,,,
2026-08-18T10:50:32.608696,8860,0x46,PUCCH,,,,,,,,,,,,,,,,,,1,-inf,"0.000,",,,,,,,,,1787050232.608696,gnb2,post,post,,,
2026-08-18T10:50:33.246591,8880,0x46,PUCCH,,,,,,,,,,,,,,,,,,1,-inf,"0.000,",,,,,,,,,1787050233.246591,gnb2,post,post,,,
2026-08-18T10:50:34.728829,8920,0x46,PUCCH,,,,,,,,,,,,,,,,,,1,-inf,"0.000,",,,,,,,,,1787050234.728829,gnb2,post,post,,,
2026-08-18T10:50:35.430991,8940,0x46,PUCCH,,,,,,,,,,,,,,,,,,1,-inf,"0.000,",,,,,,,,,1787050235.430991,gnb2,post,post,,,
2026-08-18T10:50:36.270494,8960,0x46,PUCCH,,,,,,,,,,,,,,,,,,1,-inf,"0.000,",,,,,,,,,1787050236.270494,gnb2,post,post,,,
2026-08-18T10:50:37.852563,9000,0x46,PUCCH,,,,,,,,,,,,,,,,,,1,-inf,"0.000,",,,,,,,,,1787050237.852563,gnb2,post,post,,,
2026-08-18T10:50:38.709385,9020,0x46,PUCCH,,,,,,,,,,,,,,,,,,1,-inf,"0.000,",,,,,,,,,1787050238.709385,gnb2,post,post,,,
2026-08-18T10:50:39.482262,9040,0x46,PUCCH,,,,,,,,,,,,,,,,,,1,-inf,"0.000,",,,,,,,,,1787050239.482262,gnb2,post,post,,,
2026-08-18T10:50:40.258232,9060,0x46,PUCCH,,,,,,,,,,,,,,,,,,1,-inf,"0.000,",,,,,,,,,1787050240.258232,gnb2,post,post,,,
2026-08-18T10:50:41.028731,9081,0x46,PUCCH,,,,,,,,,,,,,,,,,,2,111.8,"1.000,",,,,,,,,,1787050241.028731,gnb2,post,post,,,
2026-08-18T10:50:42.457125,9120,0x46,PUCCH,,,,,,,,,,,,,,,,,,1,-inf,"0.000,",,,,,,,,,1787050242.457125,gnb2,post,post,,,
2026-08-18T10:50:43.326764,9140,0x46,PUCCH,,,,,,,,,,,,,,,,,,1,-inf,"0.000,",,,,,,,,,1787050243.326764,gnb2,post,post,,,
2026-08-18T10:50:44.184450,9160,0x46,PUCCH,,,,,,,,,,,,,,,,,,1,-inf,"0.000,",,,,,,,,,1787050244.184450,gnb2,post,post,,,
2026-08-18T10:50:45.476747,9200,0x46,PUCCH,,,,,,,,,,,,,,,,,,1,-inf,"0.000,",,,,,,,,,1787050245.476747,gnb2,post,post,,,
2026-08-18T10:50:46.029949,9220,0x46,PUCCH,,,,,,,,,,,,,,,,,,1,-inf,"0.000,",,,,,,,,,1787050246.029949,gnb2,post,post,,,
2026-08-18T10:50:47.303346,9260,0x46,PUCCH,,,,,,,,,,,,,,,,,,1,-inf,"0.000,",,,,,,,,,1787050247.303346,gnb2,post,post,,,
2026-08-18T10:50:48.443294,9280,0x46,PUCCH,,,,,,,,,,,,,,,,,,1,-inf,"0.000,",,,,,,,,,1787050248.443294,gnb2,post,post,,,
2026-08-18T10:50:49.036963,9300,0x46,PUCCH,,,,,,,,,,,,,,,,,,1,-inf,"0.000,",,,,,,,,,1787050249.036963,gnb2,post,post,,,
2026-08-18T10:50:50.410566,9340,0x46,PUCCH,,,,,,,,,,,,,,,,,,1,-inf,"0.000,",,,,,,,,,1787050250.410566,gnb2,post,post,,,
2026-08-18T10:50:51.274104,9360,0x46,PUCCH,,,,,,,,,,,,,,,,,,1,-inf,"0.000,",,,,,,,,,1787050251.274104,gnb2,post,post,,,
2026-08-18T10:50:52.165717,9380,0x46,PUCCH,,,,,,,,,,,,,,,,,,1,-inf,"0.000,",,,,,,,,,1787050252.165717,gnb2,post,post,,,
2026-08-18T10:50:53.794164,9420,0x46,PUCCH,,,,,,,,,,,,,,,,,,1,-inf,"0.000,",,,,,,,,,1787050253.794164,gnb2,post,post,,,
2026-08-18T10:50:54.545364,9440,0x46,PUCCH,,,,,,,,,,,,,,,,,,1,-inf,"0.000,",,,,,,,,,1787050254.545364,gnb2,post,post,,,
2026-08-18T10:50:55.265763,9460,0x46,PUCCH,,,,,,,,,,,,,,,,,,1,-inf,"0.000,",,,,,,,,,1787050255.265763,gnb2,post,post,,,
2026-08-18T10:50:56.018805,9481,0x46,PUCCH,,,,,,,,,,,,,,,,,,2,111.8,"1.000,",,,,,,,,,1787050256.018805,gnb2,post,post,,,
2026-08-18T10:50:57.436788,9520,0x46,PUCCH,,,,,,,,,,,,,,,,,,1,-inf,"0.000,",,,,,,,,,1787050257.436788,gnb2,post,post,,,
2026-08-18T10:50:58.175957,9540,0x46,PUCCH,,,,,,,,,,,,,,,,,,1,-inf,"0.000,",,,,,,,,,1787050258.175957,gnb2,post,post,,,
2026-08-18T10:50:59.551615,9580,0x46,PUCCH,,,,,,,,,,,,,,,,,,1,-inf,"0.000,",,,,,,,,,1787050259.551615,gnb2,post,post,,,
2026-08-18T10:51:00.353834,9600,0x46,PUCCH,,,,,,,,,,,,,,,,,,1,-inf,"0.000,",,,,,,,,,1787050260.353834,gnb2,post,post,,,
2026-08-18T10:51:01.247941,9620,0x46,PUCCH,,,,,,,,,,,,,,,,,,1,-inf,"0.000,",,,,,,,,,1787050261.247941,gnb2,post,post,,,
2026-08-18T10:51:02.172177,9640,0x46,PUCCH,,,,,,,,,,,,,,,,,,1,-inf,"0.000,",,,,,,,,,1787050262.172177,gnb2,post,post,,,
2026-08-18T10:51:03.232908,9660,0x46,PUCCH,,,,,,,,,,,,,,,,,,1,-inf,"0.000,",,,,,,,,,1787050263.232908,gnb2,post,post,,,
2026-08-18T10:51:04.014739,9680,0x46,PUCCH,,,,,,,,,,,,,,,,,,1,-inf,"0.000,",,,,,,,,,1787050264.014739,gnb2,post,post,,,
2026-08-18T10:51:05.594127,9720,0x46,PUCCH,,,,,,,,,,,,,,,,,,1,-inf,"0.000,",,,,,,,,,1787050265.594127,gnb2,post,post,,,
2026-08-18T10:51:06.510031,9740,0x46,PUCCH,,,,,,,,,,,,,,,,,,1,-inf,"0.000,",,,,,,,,,1787050266.510031,gnb2,post,post,,,
2026-08-18T10:51:07.247968,9760,0x46,PUCCH,,,,,,,,,,,,,,,,,,1,-inf,"0.000,",,,,,,,,,1787050267.247968,gnb2,post,post,,,
2026-08-18T10:51:08.040421,9780,0x46,PUCCH,,,,,,,,,,,,,,,,,,1,-inf,"0.000,",,,,,,,,,1787050268.040421,gnb2,post,post,,,
2026-08-18T10:51:09.329923,9820,0x46,PUCCH,,,,,,,,,,,,,,,,,,1,-inf,"0.000,",,,,,,,,,1787050269.329923,gnb2,post,post,,,
2026-08-18T10:51:10.157607,9840,0x46,PUCCH,,,,,,,,,,,,,,,,,,1,-inf,"0.000,",,,,,,,,,1787050270.157607,gnb2,post,post,,,
2026-08-18T10:51:11.212865,9860,0x46,PUCCH,,,,,,,,,,,,,,,,,,1,-inf,"0.000,",,,,,,,,,1787050271.212865,gnb2,post,post,,,
2026-08-18T10:51:12.008542,9881,0x46,PUCCH,,,,,,,,,,,,,,,,,,2,111.8,"1.000,",,,,,,,,,1787050272.008542,gnb2,post,post,,,
2026-08-18T10:51:13.607830,9920,0x46,PUCCH,,,,,,,,,,,,,,,,,,1,-inf,"0.000,",,,,,,,,,1787050273.607830,gnb2,post,post,,,
2026-08-18T10:51:14.330160,9940,0x46,PUCCH,,,,,,,,,,,,,,,,,,1,-inf,"0.000,",,,,,,,,,1787050274.330160,gnb2,post,post,,,
2026-08-18T10:51:15.160488,9960,0x46,PUCCH,,,,,,,,,,,,,,,,,,1,-inf,"0.000,",,,,,,,,,1787050275.160488,gnb2,post,post,,,
2026-08-18T10:51:16.090425,9980,0x46,PUCCH,,,,,,,,,,,,,,,,,,1,-inf,"0.000,",,,,,,,,,1787050276.090425,gnb2,post,post,,,
2026-08-18T10:51:17.095338,10000,0x46,PUCCH,,,,,,,,,,,,,,,,,,1,-inf,"0.000,",,,,,,,,,1787050277.095338,gnb2,post,post,,,
2026-08-18T10:51:18.804191,10040,0x46,PUCCH,,,,,,,,,,,,,,,,,,1,-inf,"0.000,",,,,,,,,,1787050278.804191,gnb2,post,post,,,
2026-08-18T10:51:19.668428,10060,0x46,PUCCH,,,,,,,,,,,,,,,,,,1,-inf,"0.000,",,,,,,,,,1787050279.668428,gnb2,post,post,,,
2026-08-18T10:51:20.845380,10080,0x46,PUCCH,,,,,,,,,,,,,,,,,,1,-inf,"0.000,",,,,,,,,,1787050280.845380,gnb2,post,post,,,
2026-08-18T10:51:21.668341,10100,0x46,PUCCH,,,,,,,,,,,,,,,,,,1,-inf,"0.000,",,,,,,,,,1787050281.668341,gnb2,post,post,,,
2026-08-18T10:51:22.579827,10120,0x46,PUCCH,,,,,,,,,,,,,,,,,,1,-inf,"0.000,",,,,,,,,,1787050282.579827,gnb2,post,post,,,
2026-08-18T10:51:24.102454,10140,0x46,PUCCH,,,,,,,,,,,,,,,,,,1,-inf,"0.000,",,,,,,,,,1787050284.102454,gnb2,post,post,,,
2026-08-18T10:51:25.016469,10161,0x46,PUCCH,,,,,,,,,,,,,,,,,,2,111.8,"1.000,",,,,,,,,,1787050285.016469,gnb2,post,post,,,
2026-08-18T10:51:26.493961,10200,0x46,PUCCH,,,,,,,,,,,,,,,,,,1,-inf,"0.000,",,,,,,,,,1787050286.493961,gnb2,post,post,,,
2026-08-18T10:51:27.144719,10220,0x46,PUCCH,,,,,,,,,,,,,,,,,,1,-inf,"0.000,",,,,,,,,,1787050287.144719,gnb2,post,post,,,
2026-08-18T10:51:28.777302,20,0x46,PUCCH,,,,,,,,,,,,,,,,,,1,-inf,"0.000,",,,,,,,,,1787050288.777302,gnb2,post,post,,,
2026-08-18T10:51:29.544377,40,0x46,PUCCH,,,,,,,,,,,,,,,,,,1,-inf,"0.000,",,,,,,,,,1787050289.544377,gnb2,post,post,,,
2026-08-18T10:51:30.345475,60,0x46,PUCCH,,,,,,,,,,,,,,,,,,1,-inf,"0.000,",,,,,,,,,1787050290.345475,gnb2,post,post,,,
2026-08-18T10:51:31.207077,80,0x46,PUCCH,,,,,,,,,,,,,,,,,,1,-inf,"0.000,",,,,,,,,,1787050291.207077,gnb2,post,post,,,
2026-08-18T10:51:32.751689,120,0x46,PUCCH,,,,,,,,,,,,,,,,,,1,-inf,"0.000,",,,,,,,,,1787050292.751689,gnb2,post,post,,,
2026-08-18T10:51:33.664084,140,0x46,PUCCH,,,,,,,,,,,,,,,,,,1,-inf,"0.000,",,,,,,,,,1787050293.664084,gnb2,post,post,,,
2026-08-18T10:51:34.351486,160,0x46,PUCCH,,,,,,,,,,,,,,,,,,1,-inf,"0.000,",,,,,,,,,1787050294.351486,gnb2,post,post,,,
2026-08-18T10:51:35.324509,180,0x46,PUCCH,,,,,,,,,,,,,,,,,,1,-inf,"0.000,",,,,,,,,,1787050295.324509,gnb2,post,post,,,
2026-08-18T10:51:36.406883,200,0x46,PUCCH,,,,,,,,,,,,,,,,,,1,-inf,"0.000,",,,,,,,,,1787050296.406883,gnb2,post,post,,,
2026-08-18T10:51:37.497486,220,0x46,PUCCH,,,,,,,,,,,,,,,,,,1,-inf,"0.000,",,,,,,,,,1787050297.497486,gnb2,post,post,,,
2026-08-18T10:51:38.103572,240,0x46,PUCCH,,,,,,,,,,,,,,,,,,1,-inf,"0.000,",,,,,,,,,1787050298.103572,gnb2,post,post,,,
2026-08-18T10:51:39.842638,280,0x46,PUCCH,,,,,,,,,,,,,,,,,,1,-inf,"0.000,",,,,,,,,,1787050299.842638,gnb2,post,post,,,
2026-08-18T10:51:40.594663,300,0x46,PUCCH,,,,,,,,,,,,,,,,,,1,-inf,"0.000,",,,,,,,,,1787050300.594663,gnb2,post,post,,,
2026-08-18T10:51:41.297310,320,0x46,PUCCH,,,,,,,,,,,,,,,,,,1,-inf,"0.000,",,,,,,,,,1787050301.297310,gnb2,post,post,,,
2026-08-18T10:51:42.525651,340,0x46,PUCCH,,,,,,,,,,,,,,,,,,1,-inf,"0.000,",,,,,,,,,1787050302.525651,gnb2,post,post,,,
2026-08-18T10:51:43.225277,360,0x46,PUCCH,,,,,,,,,,,,,,,,,,1,-inf,"0.000,",,,,,,,,,1787050303.225277,gnb2,post,post,,,
2026-08-18T10:51:44.273467,400,0x46,PUCCH,,,,,,,,,,,,,,,,,,1,-inf,"0.000,",,,,,,,,,1787050304.273467,gnb2,post,post,,,
2026-08-18T10:51:45.781789,440,0x46,PUCCH,,,,,,,,,,,,,,,,,,1,-inf,"0.000,",,,,,,,,,1787050305.781789,gnb2,post,post,,,
2026-08-18T10:51:46.588257,460,0x46,PUCCH,,,,,,,,,,,,,,,,,,1,-inf,"0.000,",,,,,,,,,1787050306.588257,gnb2,post,post,,,
2026-08-18T10:51:47.457794,480,0x46,PUCCH,,,,,,,,,,,,,,,,,,1,-inf,"0.000,",,,,,,,,,1787050307.457794,gnb2,post,post,,,
2026-08-18T10:51:48.344717,500,0x46,PUCCH,,,,,,,,,,,,,,,,,,1,-inf,"0.000,",,,,,,,,,1787050308.344717,gnb2,post,post,,,
2026-08-18T10:51:49.126810,520,0x46,PUCCH,,,,,,,,,,,,,,,,,,1,-inf,"0.000,",,,,,,,,,1787050309.126810,gnb2,post,post,,,
2026-08-18T10:51:50.053599,540,0x46,PUCCH,,,,,,,,,,,,,,,,,,1,-inf,"0.000,",,,,,,,,,1787050310.053599,gnb2,post,post,,,
2026-08-18T10:51:51.086508,560,0x46,PUCCH,,,,,,,,,,,,,,,,,,1,-inf,"0.000,",,,,,,,,,1787050311.086508,gnb2,post,post,,,
2026-08-18T10:51:52.149009,580,0x46,PUCCH,,,,,,,,,,,,,,,,,,1,-inf,"0.000,",,,,,,,,,1787050312.149009,gnb2,post,post,,,
2026-08-18T10:51:53.008480,601,0x46,PUCCH,,,,,,,,,,,,,,,,,,2,111.8,"1.000,",,,,,,,,,1787050313.008480,gnb2,post,post,,,
2026-08-18T10:51:54.783544,640,0x46,PUCCH,,,,,,,,,,,,,,,,,,1,-inf,"0.000,",,,,,,,,,1787050314.783544,gnb2,post,post,,,
2026-08-18T10:51:55.548709,660,0x46,PUCCH,,,,,,,,,,,,,,,,,,1,-inf,"0.000,",,,,,,,,,1787050315.548709,gnb2,post,post,,,
2026-08-18T10:51:56.344420,680,0x46,PUCCH,,,,,,,,,,,,,,,,,,1,-inf,"0.000,",,,,,,,,,1787050316.344420,gnb2,post,post,,,
2026-08-18T10:51:57.241232,700,0x46,PUCCH,,,,,,,,,,,,,,,,,,1,-inf,"0.000,",,,,,,,,,1787050317.241232,gnb2,post,post,,,
2026-08-18T10:51:58.048795,720,0x46,PUCCH,,,,,,,,,,,,,,,,,,1,-inf,"0.000,",,,,,,,,,1787050318.048795,gnb2,post,post,,,
2026-08-18T10:51:59.568313,760,0x46,PUCCH,,,,,,,,,,,,,,,,,,1,-inf,"0.000,",,,,,,,,,1787050319.568313,gnb2,post,post,,,
2026-08-18T10:52:00.284619,780,0x46,PUCCH,,,,,,,,,,,,,,,,,,1,-inf,"0.000,",,,,,,,,,1787050320.284619,gnb2,post,post,,,
2026-08-18T10:52:01.045332,800,0x46,PUCCH,,,,,,,,,,,,,,,,,,1,-inf,"0.000,",,,,,,,,,1787050321.045332,gnb2,post,post,,,
2026-08-18T10:52:02.735386,840,0x46,PUCCH,,,,,,,,,,,,,,,,,,1,-inf,"0.000,",,,,,,,,,1787050322.735386,gnb2,post,post,,,
2026-08-18T10:52:03.651528,860,0x46,PUCCH,,,,,,,,,,,,,,,,,,1,-inf,"0.000,",,,,,,,,,1787050323.651528,gnb2,post,post,,,
2026-08-18T10:52:04.473928,880,0x46,PUCCH,,,,,,,,,,,,,,,,,,1,-inf,"0.000,",,,,,,,,,1787050324.473928,gnb2,post,post,,,
2026-08-18T10:52:05.287847,900,0x46,PUCCH,,,,,,,,,,,,,,,,,,1,-inf,"0.000,",,,,,,,,,1787050325.287847,gnb2,post,post,,,
2026-08-18T10:52:06.013808,921,0x46,PUCCH,,,,,,,,,,,,,,,,,,2,111.8,"1.000,",,,,,,,,,1787050326.013808,gnb2,post,post,,,
2026-08-18T10:52:07.502022,960,0x46,PUCCH,,,,,,,,,,,,,,,,,,1,-inf,"0.000,",,,,,,,,,1787050327.502022,gnb2,post,post,,,
2026-08-18T10:52:08.160874,980,0x46,PUCCH,,,,,,,,,,,,,,,,,,1,-inf,"0.000,",,,,,,,,,1787050328.160874,gnb2,post,post,,,
2026-08-18T10:52:09.062581,1000,0x46,PUCCH,,,,,,,,,,,,,,,,,,1,-inf,"0.000,",,,,,,,,,1787050329.062581,gnb2,post,post,,,
2026-08-18T10:52:10.521625,1040,0x46,PUCCH,,,,,,,,,,,,,,,,,,1,-inf,"0.000,",,,,,,,,,1787050330.521625,gnb2,post,post,,,
2026-08-18T10:52:11.372406,1060,0x46,PUCCH,,,,,,,,,,,,,,,,,,1,-inf,"0.000,",,,,,,,,,1787050331.372406,gnb2,post,post,,,
2026-08-18T10:52:12.318257,1080,0x46,PUCCH,,,,,,,,,,,,,,,,,,1,-inf,"0.000,",,,,,,,,,1787050332.318257,gnb2,post,post,,,
2026-08-18T10:52:13.285202,1100,0x46,PUCCH,,,,,,,,,,,,,,,,,,1,-inf,"0.000,",,,,,,,,,1787050333.285202,gnb2,post,post,,,
2026-08-18T10:52:14.607005,1140,0x46,PUCCH,,,,,,,,,,,,,,,,,,1,-inf,"0.000,",,,,,,,,,1787050334.607005,gnb2,post,post,,,
2026-08-18T10:52:15.159641,1160,0x46,PUCCH,,,,,,,,,,,,,,,,,,1,-inf,"0.000,",,,,,,,,,1787050335.159641,gnb2,post,post,,,
2026-08-18T10:52:16.762799,1200,0x46,PUCCH,,,,,,,,,,,,,,,,,,1,-inf,"0.000,",,,,,,,,,1787050336.762799,gnb2,post,post,,,
2026-08-18T10:52:17.560801,1220,0x46,PUCCH,,,,,,,,,,,,,,,,,,1,-inf,"0.000,",,,,,,,,,1787050337.560801,gnb2,post,post,,,
2026-08-18T10:52:18.192818,1240,0x46,PUCCH,,,,,,,,,,,,,,,,,,1,-inf,"0.000,",,,,,,,,,1787050338.192818,gnb2,post,post,,,
2026-08-18T10:52:19.650675,1280,0x46,PUCCH,,,,,,,,,,,,,,,,,,1,-inf,"0.000,",,,,,,,,,1787050339.650675,gnb2,post,post,,,
2026-08-18T10:52:20.328746,1300,0x46,PUCCH,,,,,,,,,,,,,,,,,,1,-inf,"0.000,",,,,,,,,,1787050340.328746,gnb2,post,post,,,
2026-08-18T10:52:21.116063,1320,0x46,PUCCH,,,,,,,,,,,,,,,,,,1,-inf,"0.000,",,,,,,,,,1787050341.116063,gnb2,post,post,,,
2026-08-18T10:52:22.665851,1360,0x46,PUCCH,,,,,,,,,,,,,,,,,,1,-inf,"0.000,",,,,,,,,,1787050342.665851,gnb2,post,post,,,
2026-08-18T10:52:24.089868,1380,0x46,PUCCH,,,,,,,,,,,,,,,,,,1,-inf,"0.000,",,,,,,,,,1787050344.089868,gnb2,post,post,,,
2026-08-18T10:52:25.827695,1420,0x46,PUCCH,,,,,,,,,,,,,,,,,,1,-inf,"0.000,",,,,,,,,,1787050345.827695,gnb2,post,post,,,
2026-08-18T10:52:26.829502,1440,0x46,PUCCH,,,,,,,,,,,,,,,,,,1,-inf,"0.000,",,,,,,,,,1787050346.829502,gnb2,post,post,,,
2026-08-18T10:52:27.634831,1460,0x46,PUCCH,,,,,,,,,,,,,,,,,,1,-inf,"0.000,",,,,,,,,,1787050347.634831,gnb2,post,post,,,
2026-08-18T10:52:28.421981,1480,0x46,PUCCH,,,,,,,,,,,,,,,,,,1,-inf,"0.000,",,,,,,,,,1787050348.421981,gnb2,post,post,,,
2026-08-18T10:52:29.004518,1500,0x46,PUCCH,,,,,,,,,,,,,,,,,,1,-inf,"0.000,",,,,,,,,,1787050349.004518,gnb2,post,post,,,
2026-08-18T10:52:30.774792,1540,0x46,PUCCH,,,,,,,,,,,,,,,,,,1,-inf,"0.000,",,,,,,,,,1787050350.774792,gnb2,post,post,,,
2026-08-18T10:52:31.515854,1560,0x46,PUCCH,,,,,,,,,,,,,,,,,,1,-inf,"0.000,",,,,,,,,,1787050351.515854,gnb2,post,post,,,
2026-08-18T10:52:32.179078,1580,0x46,PUCCH,,,,,,,,,,,,,,,,,,1,-inf,"0.000,",,,,,,,,,1787050352.179078,gnb2,post,post,,,
2026-08-18T10:52:33.646629,1620,0x46,PUCCH,,,,,,,,,,,,,,,,,,1,-inf,"0.000,",,,,,,,,,1787050353.646629,gnb2,post,post,,,
2026-08-18T10:52:34.266190,1640,0x46,PUCCH,,,,,,,,,,,,,,,,,,1,-inf,"0.000,",,,,,,,,,1787050354.266190,gnb2,post,post,,,
2026-08-18T10:52:35.563061,1680,0x46,PUCCH,,,,,,,,,,,,,,,,,,1,-inf,"0.000,",,,,,,,,,1787050355.563061,gnb2,post,post,,,
2026-08-18T10:52:36.239935,1700,0x46,PUCCH,,,,,,,,,,,,,,,,,,1,-inf,"0.000,",,,,,,,,,1787050356.239935,gnb2,post,post,,,
2026-08-18T10:52:37.760161,1740,0x46,PUCCH,,,,,,,,,,,,,,,,,,1,-inf,"0.000,",,,,,,,,,1787050357.760161,gnb2,post,post,,,
2026-08-18T10:52:38.285697,1760,0x46,PUCCH,,,,,,,,,,,,,,,,,,1,-inf,"0.000,",,,,,,,,,1787050358.285697,gnb2,post,post,,,
2026-08-18T10:52:39.425157,1800,0x46,PUCCH,,,,,,,,,,,,,,,,,,1,-inf,"0.000,",,,,,,,,,1787050359.425157,gnb2,post,post,,,
2026-08-18T10:52:40.025359,1820,0x46,PUCCH,,,,,,,,,,,,,,,,,,1,-inf,"0.000,",,,,,,,,,1787050360.025359,gnb2,post,post,,,
2026-08-18T10:52:41.098760,1860,0x46,PUCCH,,,,,,,,,,,,,,,,,,1,-inf,"0.000,",,,,,,,,,1787050361.098760,gnb2,post,post,,,
2026-08-18T10:52:42.720745,1900,0x46,PUCCH,,,,,,,,,,,,,,,,,,1,-inf,"0.000,",,,,,,,,,1787050362.720745,gnb2,post,post,,,
2026-08-18T10:52:43.380455,1920,0x46,PUCCH,,,,,,,,,,,,,,,,,,1,-inf,"0.000,",,,,,,,,,1787050363.380455,gnb2,post,post,,,
2026-08-18T10:52:44.010670,1940,0x46,PUCCH,,,,,,,,,,,,,,,,,,1,-inf,"0.000,",,,,,,,,,1787050364.010670,gnb2,post,post,,,
2026-08-18T10:52:45.012599,1960,0x46,PUCCH,,,,,,,,,,,,,,,,,,1,-inf,"0.000,",,,,,,,,,1787050365.012599,gnb2,post,post,,,
2026-08-18T10:52:46.208775,1980,0x46,PUCCH,,,,,,,,,,,,,,,,,,1,-inf,"0.000,",,,,,,,,,1787050366.208775,gnb2,post,post,,,
2026-08-18T10:52:47.558147,2020,0x46,PUCCH,,,,,,,,,,,,,,,,,,1,-inf,"0.000,",,,,,,,,,1787050367.558147,gnb2,post,post,,,
2026-08-18T10:52:48.353466,2040,0x46,PUCCH,,,,,,,,,,,,,,,,,,1,-inf,"0.000,",,,,,,,,,1787050368.353466,gnb2,post,post,,,
2026-08-18T10:52:49.138471,2060,0x46,PUCCH,,,,,,,,,,,,,,,,,,1,-inf,"0.000,",,,,,,,,,1787050369.138471,gnb2,post,post,,,
2026-08-18T10:52:50.043864,2080,0x46,PUCCH,,,,,,,,,,,,,,,,,,1,-inf,"0.000,",,,,,,,,,1787050370.043864,gnb2,post,post,,,
2026-08-18T10:52:51.680050,2120,0x46,PUCCH,,,,,,,,,,,,,,,,,,1,-inf,"0.000,",,,,,,,,,1787050371.680050,gnb2,post,post,,,
2026-08-18T10:52:52.637322,2140,0x46,PUCCH,,,,,,,,,,,,,,,,,,1,-inf,"0.000,",,,,,,,,,1787050372.637322,gnb2,post,post,,,
2026-08-18T10:52:53.359508,2160,0x46,PUCCH,,,,,,,,,,,,,,,,,,1,-inf,"0.000,",,,,,,,,,1787050373.359508,gnb2,post,post,,,
2026-08-18T10:52:54.104358,2180,0x46,PUCCH,,,,,,,,,,,,,,,,,,1,-inf,"0.000,",,,,,,,,,1787050374.104358,gnb2,post,post,,,
2026-08-18T10:52:55.579599,2220,0x46,PUCCH,,,,,,,,,,,,,,,,,,1,-inf,"0.000,",,,,,,,,,1787050375.579599,gnb2,post,post,,,
2026-08-18T10:52:56.452463,2240,0x46,PUCCH,,,,,,,,,,,,,,,,,,1,-inf,"0.000,",,,,,,,,,1787050376.452463,gnb2,post,post,,,
2026-08-18T10:52:57.393403,2260,0x46,PUCCH,,,,,,,,,,,,,,,,,,1,-inf,"0.000,",,,,,,,,,1787050377.393403,gnb2,post,post,,,
2026-08-18T10:52:58.250498,2280,0x46,PUCCH,,,,,,,,,,,,,,,,,,1,-inf,"0.000,",,,,,,,,,1787050378.250498,gnb2,post,post,,,
2026-08-18T10:52:59.320221,2300,0x46,PUCCH,,,,,,,,,,,,,,,,,,1,-inf,"0.000,",,,,,,,,,1787050379.320221,gnb2,post,post,,,
2026-08-18T10:53:00.267079,2320,0x46,PUCCH,,,,,,,,,,,,,,,,,,1,-inf,"0.000,",,,,,,,,,1787050380.267079,gnb2,post,post,,,
2026-08-18T10:53:01.035726,2340,0x46,PUCCH,,,,,,,,,,,,,,,,,,1,-inf,"0.000,",,,,,,,,,1787050381.035726,gnb2,post,post,,,
2026-08-18T10:53:02.456070,2380,0x46,PUCCH,,,,,,,,,,,,,,,,,,1,-inf,"0.000,",,,,,,,,,1787050382.456070,gnb2,post,post,,,
2026-08-18T10:53:03.240081,2400,0x46,PUCCH,,,,,,,,,,,,,,,,,,1,-inf,"0.000,",,,,,,,,,1787050383.240081,gnb2,post,post,,,
2026-08-18T10:53:04.099328,2420,0x46,PUCCH,,,,,,,,,,,,,,,,,,1,-inf,"0.000,",,,,,,,,,1787050384.099328,gnb2,post,post,,,
2026-08-18T10:53:05.462349,2460,0x46,PUCCH,,,,,,,,,,,,,,,,,,1,-inf,"0.000,",,,,,,,,,1787050385.462349,gnb2,post,post,,,
2026-08-18T10:53:06.224740,2480,0x46,PUCCH,,,,,,,,,,,,,,,,,,1,-inf,"0.000,",,,,,,,,,1787050386.224740,gnb2,post,post,,,
2026-08-18T10:53:07.195501,2500,0x46,PUCCH,,,,,,,,,,,,,,,,,,1,-inf,"0.000,",,,,,,,,,1787050387.195501,gnb2,post,post,,,
2026-08-18T10:53:08.441898,2520,0x46,PUCCH,,,,,,,,,,,,,,,,,,1,-inf,"0.000,",,,,,,,,,1787050388.441898,gnb2,post,post,,,
2026-08-18T10:53:09.305291,2540,0x46,PUCCH,,,,,,,,,,,,,,,,,,1,-inf,"0.000,",,,,,,,,,1787050389.305291,gnb2,post,post,,,
2026-08-18T10:53:10.159211,2560,0x46,PUCCH,,,,,,,,,,,,,,,,,,1,-inf,"0.000,",,,,,,,,,1787050390.159211,gnb2,post,post,,,
2026-08-18T10:53:11.073999,2580,0x46,PUCCH,,,,,,,,,,,,,,,,,,1,-inf,"0.000,",,,,,,,,,1787050391.073999,gnb2,post,post,,,
2026-08-18T10:53:12.041431,2601,0x46,PUCCH,,,,,,,,,,,,,,,,,,2,111.8,"1.000,",,,,,,,,,1787050392.041431,gnb2,post,post,,,
2026-08-18T10:53:13.676980,2640,0x46,PUCCH,,,,,,,,,,,,,,,,,,1,-inf,"0.000,",,,,,,,,,1787050393.676980,gnb2,post,post,,,
2026-08-18T10:53:14.156825,2660,0x46,PUCCH,,,,,,,,,,,,,,,,,,1,-inf,"0.000,",,,,,,,,,1787050394.156825,gnb2,post,post,,,
2026-08-18T10:53:15.166764,2700,0x46,PUCCH,,,,,,,,,,,,,,,,,,1,-inf,"0.000,",,,,,,,,,1787050395.166764,gnb2,post,post,,,
2026-08-18T10:53:16.179194,2740,0x46,PUCCH,,,,,,,,,,,,,,,,,,1,-inf,"0.000,",,,,,,,,,1787050396.179194,gnb2,post,post,,,
2026-08-18T10:53:17.447066,2780,0x46,PUCCH,,,,,,,,,,,,,,,,,,1,-inf,"0.000,",,,,,,,,,1787050397.447066,gnb2,post,post,,,
2026-08-18T10:53:18.135621,2800,0x46,PUCCH,,,,,,,,,,,,,,,,,,1,-inf,"0.000,",,,,,,,,,1787050398.135621,gnb2,post,post,,,
2026-08-18T10:53:19.557466,2840,0x46,PUCCH,,,,,,,,,,,,,,,,,,1,-inf,"0.000,",,,,,,,,,1787050399.557466,gnb2,post,post,,,
2026-08-18T10:53:20.296795,2860,0x46,PUCCH,,,,,,,,,,,,,,,,,,1,-inf,"0.000,",,,,,,,,,1787050400.296795,gnb2,post,post,,,
2026-08-18T10:53:21.062184,2881,0x46,PUCCH,,,,,,,,,,,,,,,,,,2,111.8,"1.000,",,,,,,,,,1787050401.062184,gnb2,post,post,,,
2026-08-18T10:53:22.600746,2920,0x46,PUCCH,,,,,,,,,,,,,,,,,,1,-inf,"0.000,",,,,,,,,,1787050402.600746,gnb2,post,post,,,
2026-08-18T10:53:23.432826,2940,0x46,PUCCH,,,,,,,,,,,,,,,,,,1,-inf,"0.000,",,,,,,,,,1787050403.432826,gnb2,post,post,,,
2026-08-18T10:53:24.362302,2960,0x46,PUCCH,,,,,,,,,,,,,,,,,,1,-inf,"0.000,",,,,,,,,,1787050404.362302,gnb2,post,post,,,
2026-08-18T10:53:25.250344,2980,0x46,PUCCH,,,,,,,,,,,,,,,,,,1,-inf,"0.000,",,,,,,,,,1787050405.250344,gnb2,post,post,,,
2026-08-18T10:53:26.332832,3000,0x46,PUCCH,,,,,,,,,,,,,,,,,,1,-inf,"0.000,",,,,,,,,,1787050406.332832,gnb2,post,post,,,
2026-08-18T10:53:27.328364,3020,0x46,PUCCH,,,,,,,,,,,,,,,,,,1,-inf,"0.000,",,,,,,,,,1787050407.328364,gnb2,post,post,,,
2026-08-18T10:53:28.573055,3060,0x46,PUCCH,,,,,,,,,,,,,,,,,,1,-inf,"0.000,",,,,,,,,,1787050408.573055,gnb2,post,post,,,
2026-08-18T10:53:29.279622,3080,0x46,PUCCH,,,,,,,,,,,,,,,,,,1,-inf,"0.000,",,,,,,,,,1787050409.279622,gnb2,post,post,,,
2026-08-18T10:53:30.513985,3100,0x46,PUCCH,,,,,,,,,,,,,,,,,,1,-inf,"0.000,",,,,,,,,,1787050410.513985,gnb2,post,post,,,
2026-08-18T10:53:31.380607,3120,0x46,PUCCH,,,,,,,,,,,,,,,,,,1,-inf,"0.000,",,,,,,,,,1787050411.380607,gnb2,post,post,,,
2026-08-18T10:53:32.096103,3140,0x46,PUCCH,,,,,,,,,,,,,,,,,,1,-inf,"0.000,",,,,,,,,,1787050412.096103,gnb2,post,post,,,
2026-08-18T10:53:33.062636,3160,0x46,PUCCH,,,,,,,,,,,,,,,,,,1,-inf,"0.000,",,,,,,,,,1787050413.062636,gnb2,post,post,,,
2026-08-18T10:53:34.670591,3200,0x46,PUCCH,,,,,,,,,,,,,,,,,,1,-inf,"0.000,",,,,,,,,,1787050414.670591,gnb2,post,post,,,
2026-08-18T10:53:35.495763,3220,0x46,PUCCH,,,,,,,,,,,,,,,,,,1,-inf,"0.000,",,,,,,,,,1787050415.495763,gnb2,post,post,,,
2026-08-18T10:53:36.176284,3240,0x46,PUCCH,,,,,,,,,,,,,,,,,,1,-inf,"0.000,",,,,,,,,,1787050416.176284,gnb2,post,post,,,
2026-08-18T10:53:37.217043,3260,0x46,PUCCH,,,,,,,,,,,,,,,,,,1,-inf,"0.000,",,,,,,,,,1787050417.217043,gnb2,post,post,,,
2026-08-18T10:53:38.451551,3280,0x46,PUCCH,,,,,,,,,,,,,,,,,,1,-inf,"0.000,",,,,,,,,,1787050418.451551,gnb2,post,post,,,
2026-08-18T10:53:39.185900,3300,0x46,PUCCH,,,,,,,,,,,,,,,,,,1,-inf,"0.000,",,,,,,,,,1787050419.185900,gnb2,post,post,,,
2026-08-18T10:53:40.292867,3320,0x46,PUCCH,,,,,,,,,,,,,,,,,,1,-inf,"0.000,",,,,,,,,,1787050420.292867,gnb2,post,post,,,
2026-08-18T10:53:41.073277,3340,0x46,PUCCH,,,,,,,,,,,,,,,,,,1,-inf,"0.000,",,,,,,,,,1787050421.073277,gnb2,post,post,,,
2026-08-18T10:53:42.650473,3360,0x46,PUCCH,,,,,,,,,,,,,,,,,,1,-inf,"0.000,",,,,,,,,,1787050422.650473,gnb2,post,post,,,
2026-08-18T10:53:43.920073,3380,0x46,PUCCH,,,,,,,,,,,,,,,,,,1,-inf,"0.000,",,,,,,,,,1787050423.920073,gnb2,post,post,,,
2026-08-18T10:53:44.729484,3400,0x46,PUCCH,,,,,,,,,,,,,,,,,,1,-inf,"0.000,",,,,,,,,,1787050424.729484,gnb2,post,post,,,
2026-08-18T10:53:45.580206,3420,0x46,PUCCH,,,,,,,,,,,,,,,,,,1,-inf,"0.000,",,,,,,,,,1787050425.580206,gnb2,post,post,,,
2026-08-18T10:53:46.463357,3440,0x46,PUCCH,,,,,,,,,,,,,,,,,,1,-inf,"0.000,",,,,,,,,,1787050426.463357,gnb2,post,post,,,
2026-08-18T10:53:47.772792,3460,0x46,PUCCH,,,,,,,,,,,,,,,,,,1,-inf,"0.000,",,,,,,,,,1787050427.772792,gnb2,post,post,,,
2026-08-18T10:53:48.669011,3480,0x46,PUCCH,,,,,,,,,,,,,,,,,,1,-inf,"0.000,",,,,,,,,,1787050428.669011,gnb2,post,post,,,
2026-08-18T10:53:49.414572,3500,0x46,PUCCH,,,,,,,,,,,,,,,,,,1,-inf,"0.000,",,,,,,,,,1787050429.414572,gnb2,post,post,,,
2026-08-18T10:53:50.144963,3520,0x46,PUCCH,,,,,,,,,,,,,,,,,,1,-inf,"0.000,",,,,,,,,,1787050430.144963,gnb2,post,post,,,
2026-08-18T10:53:51.851084,3560,0x46,PUCCH,,,,,,,,,,,,,,,,,,1,-inf,"0.000,",,,,,,,,,1787050431.851084,gnb2,post,post,,,
2026-08-18T10:53:52.689295,3580,0x46,PUCCH,,,,,,,,,,,,,,,,,,1,-inf,"0.000,",,,,,,,,,1787050432.689295,gnb2,post,post,,,
2026-08-18T10:53:53.454295,3600,0x46,PUCCH,,,,,,,,,,,,,,,,,,1,-inf,"0.000,",,,,,,,,,1787050433.454295,gnb2,post,post,,,
2026-08-18T10:53:54.222764,3620,0x46,PUCCH,,,,,,,,,,,,,,,,,,1,-inf,"0.000,",,,,,,,,,1787050434.222764,gnb2,post,post,,,
2026-08-18T10:53:55.002205,3640,0x46,PUCCH,,,,,,,,,,,,,,,,,,1,-inf,"0.000,",,,,,,,,,1787050435.002205,gnb2,post,post,,,
2026-08-18T10:53:56.208006,3660,0x46,PUCCH,,,,,,,,,,,,,,,,,,1,-inf,"0.000,",,,,,,,,,1787050436.208006,gnb2,post,post,,,
2026-08-18T10:53:57.071838,3680,0x46,PUCCH,,,,,,,,,,,,,,,,,,1,-inf,"0.000,",,,,,,,,,1787050437.071838,gnb2,post,post,,,
2026-08-18T10:53:58.662777,3720,0x46,PUCCH,,,,,,,,,,,,,,,,,,1,-inf,"0.000,",,,,,,,,,1787050438.662777,gnb2,post,post,,,
2026-08-18T10:53:59.414671,3740,0x46,PUCCH,,,,,,,,,,,,,,,,,,1,-inf,"0.000,",,,,,,,,,1787050439.414671,gnb2,post,post,,,
2026-08-18T10:54:00.111056,3760,0x46,PUCCH,,,,,,,,,,,,,,,,,,1,-inf,"0.000,",,,,,,,,,1787050440.111056,gnb2,post,post,,,
2026-08-18T10:54:01.545391,3800,0x46,PUCCH,,,,,,,,,,,,,,,,,,1,-inf,"0.000,",,,,,,,,,1787050441.545391,gnb2,post,post,,,
2026-08-18T10:54:02.256582,3820,0x46,PUCCH,,,,,,,,,,,,,,,,,,1,-inf,"0.000,",,,,,,,,,1787050442.256582,gnb2,post,post,,,
2026-08-18T10:54:03.594173,3840,0x46,PUCCH,,,,,,,,,,,,,,,,,,1,-inf,"0.000,",,,,,,,,,1787050443.594173,gnb2,post,post,,,
2026-08-18T10:54:04.507373,3860,0x46,PUCCH,,,,,,,,,,,,,,,,,,1,-inf,"0.000,",,,,,,,,,1787050444.507373,gnb2,post,post,,,
2026-08-18T10:54:05.504042,3880,0x46,PUCCH,,,,,,,,,,,,,,,,,,1,-inf,"0.000,",,,,,,,,,1787050445.504042,gnb2,post,post,,,
2026-08-18T10:54:06.250363,3900,0x46,PUCCH,,,,,,,,,,,,,,,,,,1,-inf,"0.000,",,,,,,,,,1787050446.250363,gnb2,post,post,,,
2026-08-18T10:54:07.073800,3920,0x46,PUCCH,,,,,,,,,,,,,,,,,,1,-inf,"0.000,",,,,,,,,,1787050447.073800,gnb2,post,post,,,
2026-08-18T10:54:08.481436,3960,0x46,PUCCH,,,,,,,,,,,,,,,,,,1,-inf,"0.000,",,,,,,,,,1787050448.481436,gnb2,post,post,,,
2026-08-18T10:54:09.288163,3980,0x46,PUCCH,,,,,,,,,,,,,,,,,,1,-inf,"0.000,",,,,,,,,,1787050449.288163,gnb2,post,post,,,
2026-08-18T10:54:10.839262,4020,0x46,PUCCH,,,,,,,,,,,,,,,,,,1,-inf,"0.000,",,,,,,,,,1787050450.839262,gnb2,post,post,,,
2026-08-18T10:54:11.691065,4040,0x46,PUCCH,,,,,,,,,,,,,,,,,,1,-inf,"0.000,",,,,,,,,,1787050451.691065,gnb2,post,post,,,
2026-08-18T10:54:12.688834,4060,0x46,PUCCH,,,,,,,,,,,,,,,,,,1,-inf,"0.000,",,,,,,,,,1787050452.688834,gnb2,post,post,,,
2026-08-18T10:54:13.953998,4080,0x46,PUCCH,,,,,,,,,,,,,,,,,,1,-inf,"0.000,",,,,,,,,,1787050453.953998,gnb2,post,post,,,
2026-08-18T10:54:14.010526,4081,0x46,PUCCH,,,,,,,,,,,,,,,,,,2,111.8,"1.000,",,,,,,,,,1787050454.010526,gnb2,post,post,,,
2026-08-18T10:54:15.982451,4120,0x46,PUCCH,,,,,,,,,,,,,,,,,,1,-inf,"0.000,",,,,,,,,,1787050455.982451,gnb2,post,post,,,
2026-08-18T10:54:16.052714,4121,0x46,PUCCH,,,,,,,,,,,,,,,,,,2,111.8,"1.000,",,,,,,,,,1787050456.052714,gnb2,post,post,,,
2026-08-18T10:54:18.043530,4160,0x46,PUCCH,,,,,,,,,,,,,,,,,,1,-inf,"0.000,",,,,,,,,,1787050458.043530,gnb2,post,post,,,
2026-08-18T10:54:19.589969,4200,0x46,PUCCH,,,,,,,,,,,,,,,,,,1,-inf,"0.000,",,,,,,,,,1787050459.589969,gnb2,post,post,,,
2026-08-18T10:54:20.469886,4220,0x46,PUCCH,,,,,,,,,,,,,,,,,,1,-inf,"0.000,",,,,,,,,,1787050460.469886,gnb2,post,post,,,
2026-08-18T10:54:21.285861,4240,0x46,PUCCH,,,,,,,,,,,,,,,,,,1,-inf,"0.000,",,,,,,,,,1787050461.285861,gnb2,post,post,,,
2026-08-18T10:54:22.139873,4260,0x46,PUCCH,,,,,,,,,,,,,,,,,,1,-inf,"0.000,",,,,,,,,,1787050462.139873,gnb2,post,post,,,
2026-08-18T10:54:23.816660,4300,0x46,PUCCH,,,,,,,,,,,,,,,,,,1,-inf,"0.000,",,,,,,,,,1787050463.816660,gnb2,post,post,,,
2026-08-18T10:54:24.633050,4320,0x46,PUCCH,,,,,,,,,,,,,,,,,,1,-inf,"0.000,",,,,,,,,,1787050464.633050,gnb2,post,post,,,
2026-08-18T10:54:25.890511,4340,0x46,PUCCH,,,,,,,,,,,,,,,,,,1,-inf,"0.000,",,,,,,,,,1787050465.890511,gnb2,post,post,,,
2026-08-18T10:54:26.882440,4360,0x46,PUCCH,,,,,,,,,,,,,,,,,,1,-inf,"0.000,",,,,,,,,,1787050466.882440,gnb2,post,post,,,
2026-08-18T10:54:27.772368,4380,0x46,PUCCH,,,,,,,,,,,,,,,,,,1,-inf,"0.000,",,,,,,,,,1787050467.772368,gnb2,post,post,,,
2026-08-18T10:54:28.537676,4400,0x46,PUCCH,,,,,,,,,,,,,,,,,,1,-inf,"0.000,",,,,,,,,,1787050468.537676,gnb2,post,post,,,
2026-08-18T10:54:29.230630,4420,0x46,PUCCH,,,,,,,,,,,,,,,,,,1,-inf,"0.000,",,,,,,,,,1787050469.230630,gnb2,post,post,,,
2026-08-18T10:54:30.078626,4440,0x46,PUCCH,,,,,,,,,,,,,,,,,,1,-inf,"0.000,",,,,,,,,,1787050470.078626,gnb2,post,post,,,
2026-08-18T10:54:32.420192,4480,0x46,PUCCH,,,,,,,,,,,,,,,,,,1,-inf,"0.000,",,,,,,,,,1787050472.420192,gnb2,post,post,,,
2026-08-18T10:54:33.165212,4500,0x46,PUCCH,,,,,,,,,,,,,,,,,,1,-inf,"0.000,",,,,,,,,,1787050473.165212,gnb2,post,post,,,
2026-08-18T10:54:34.497039,4520,0x46,PUCCH,,,,,,,,,,,,,,,,,,1,-inf,"0.000,",,,,,,,,,1787050474.497039,gnb2,post,post,,,
2026-08-18T10:54:35.166092,4540,0x46,PUCCH,,,,,,,,,,,,,,,,,,1,-inf,"0.000,",,,,,,,,,1787050475.166092,gnb2,post,post,,,
2026-08-18T10:54:36.739444,4580,0x46,PUCCH,,,,,,,,,,,,,,,,,,1,-inf,"0.000,",,,,,,,,,1787050476.739444,gnb2,post,post,,,
2026-08-18T10:54:37.717224,4600,0x46,PUCCH,,,,,,,,,,,,,,,,,,1,-inf,"0.000,",,,,,,,,,1787050477.717224,gnb2,post,post,,,
2026-08-18T10:54:38.881851,4620,0x46,PUCCH,,,,,,,,,,,,,,,,,,1,-inf,"0.000,",,,,,,,,,1787050478.881851,gnb2,post,post,,,
2026-08-18T10:54:39.768397,4640,0x46,PUCCH,,,,,,,,,,,,,,,,,,1,-inf,"0.000,",,,,,,,,,1787050479.768397,gnb2,post,post,,,
2026-08-18T10:54:40.448129,4660,0x46,PUCCH,,,,,,,,,,,,,,,,,,1,-inf,"0.000,",,,,,,,,,1787050480.448129,gnb2,post,post,,,
2026-08-18T10:54:41.187824,4680,0x46,PUCCH,,,,,,,,,,,,,,,,,,1,-inf,"0.000,",,,,,,,,,1787050481.187824,gnb2,post,post,,,
2026-08-18T10:54:42.646857,4720,0x46,PUCCH,,,,,,,,,,,,,,,,,,1,-inf,"0.000,",,,,,,,,,1787050482.646857,gnb2,post,post,,,
2026-08-18T10:54:43.406318,4740,0x46,PUCCH,,,,,,,,,,,,,,,,,,1,-inf,"0.000,",,,,,,,,,1787050483.406318,gnb2,post,post,,,
2026-08-18T10:54:44.133934,4760,0x46,PUCCH,,,,,,,,,,,,,,,,,,1,-inf,"0.000,",,,,,,,,,1787050484.133934,gnb2,post,post,,,
2026-08-18T10:54:45.430065,4800,0x46,PUCCH,,,,,,,,,,,,,,,,,,1,-inf,"0.000,",,,,,,,,,1787050485.430065,gnb2,post,post,,,
2026-08-18T10:54:46.154772,4820,0x46,PUCCH,,,,,,,,,,,,,,,,,,1,-inf,"0.000,",,,,,,,,,1787050486.154772,gnb2,post,post,,,
2026-08-18T10:54:47.058747,4840,0x46,PUCCH,,,,,,,,,,,,,,,,,,1,-inf,"0.000,",,,,,,,,,1787050487.058747,gnb2,post,post,,,
2026-08-18T10:54:48.119628,4860,0x46,PUCCH,,,,,,,,,,,,,,,,,,1,-inf,"0.000,",,,,,,,,,1787050488.119628,gnb2,post,post,,,
2026-08-18T10:54:49.450088,4900,0x46,PUCCH,,,,,,,,,,,,,,,,,,1,-inf,"0.000,",,,,,,,,,1787050489.450088,gnb2,post,post,,,
2026-08-18T10:54:50.079483,4920,0x46,PUCCH,,,,,,,,,,,,,,,,,,1,-inf,"0.000,",,,,,,,,,1787050490.079483,gnb2,post,post,,,
2026-08-18T10:54:51.328700,4960,0x46,PUCCH,,,,,,,,,,,,,,,,,,1,-inf,"0.000,",,,,,,,,,1787050491.328700,gnb2,post,post,,,
2026-08-18T10:54:52.206760,4980,0x46,PUCCH,,,,,,,,,,,,,,,,,,1,-inf,"0.000,",,,,,,,,,1787050492.206760,gnb2,post,post,,,
2026-08-18T10:54:53.538262,5020,0x46,PUCCH,,,,,,,,,,,,,,,,,,1,-inf,"0.000,",,,,,,,,,1787050493.538262,gnb2,post,post,,,
2026-08-18T10:54:54.393036,5040,0x46,PUCCH,,,,,,,,,,,,,,,,,,1,-inf,"0.000,",,,,,,,,,1787050494.393036,gnb2,post,post,,,
2026-08-18T10:54:55.513676,5060,0x46,PUCCH,,,,,,,,,,,,,,,,,,1,-inf,"0.000,",,,,,,,,,1787050495.513676,gnb2,post,post,,,
2026-08-18T10:54:56.492573,5080,0x46,PUCCH,,,,,,,,,,,,,,,,,,1,-inf,"0.000,",,,,,,,,,1787050496.492573,gnb2,post,post,,,
2026-08-18T10:54:57.522144,5100,0x46,PUCCH,,,,,,,,,,,,,,,,,,1,-inf,"0.000,",,,,,,,,,1787050497.522144,gnb2,post,post,,,
2026-08-18T10:54:58.251102,5120,0x46,PUCCH,,,,,,,,,,,,,,,,,,1,-inf,"0.000,",,,,,,,,,1787050498.251102,gnb2,post,post,,,
2026-08-18T10:54:59.238189,5140,0x46,PUCCH,,,,,,,,,,,,,,,,,,1,-inf,"0.000,",,,,,,,,,1787050499.238189,gnb2,post,post,,,
2026-08-18T10:55:00.167071,5160,0x46,PUCCH,,,,,,,,,,,,,,,,,,1,-inf,"0.000,",,,,,,,,,1787050500.167071,gnb2,post,post,,,
2026-08-18T10:55:01.222160,5180,0x46,PUCCH,,,,,,,,,,,,,,,,,,1,-inf,"0.000,",,,,,,,,,1787050501.222160,gnb2,post,post,,,
2026-08-18T10:55:02.007232,5201,0x46,PUCCH,,,,,,,,,,,,,,,,,,2,111.8,"1.000,",,,,,,,,,1787050502.007232,gnb2,post,post,,,
2026-08-18T10:55:03.717493,5240,0x46,PUCCH,,,,,,,,,,,,,,,,,,1,-inf,"0.000,",,,,,,,,,1787050503.717493,gnb2,post,post,,,
2026-08-18T10:55:04.392949,5260,0x46,PUCCH,,,,,,,,,,,,,,,,,,1,-inf,"0.000,",,,,,,,,,1787050504.392949,gnb2,post,post,,,
2026-08-18T10:55:05.677872,5280,0x46,PUCCH,,,,,,,,,,,,,,,,,,1,-inf,"0.000,",,,,,,,,,1787050505.677872,gnb2,post,post,,,
2026-08-18T10:55:06.596321,5300,0x46,PUCCH,,,,,,,,,,,,,,,,,,1,-inf,"0.000,",,,,,,,,,1787050506.596321,gnb2,post,post,,,
2026-08-18T10:55:07.370079,5320,0x46,PUCCH,,,,,,,,,,,,,,,,,,1,-inf,"0.000,",,,,,,,,,1787050507.370079,gnb2,post,post,,,
2026-08-18T10:55:08.072285,5340,0x46,PUCCH,,,,,,,,,,,,,,,,,,1,-inf,"0.000,",,,,,,,,,1787050508.072285,gnb2,post,post,,,
2026-08-18T10:55:10.030993,5380,0x46,PUCCH,,,,,,,,,,,,,,,,,,1,-inf,"0.000,",,,,,,,,,1787050510.030993,gnb2,post,post,,,
2026-08-18T10:55:11.765556,5420,0x46,PUCCH,,,,,,,,,,,,,,,,,,1,-inf,"0.000,",,,,,,,,,1787050511.765556,gnb2,post,post,,,
2026-08-18T10:55:12.435913,5440,0x46,PUCCH,,,,,,,,,,,,,,,,,,1,-inf,"0.000,",,,,,,,,,1787050512.435913,gnb2,post,post,,,
2026-08-18T10:55:13.640481,5480,0x46,PUCCH,,,,,,,,,,,,,,,,,,1,-inf,"0.000,",,,,,,,,,1787050513.640481,gnb2,post,post,,,
2026-08-18T10:55:14.547624,5500,0x46,PUCCH,,,,,,,,,,,,,,,,,,1,-inf,"0.000,",,,,,,,,,1787050514.547624,gnb2,post,post,,,
2026-08-18T10:55:15.486933,5520,0x46,PUCCH,,,,,,,,,,,,,,,,,,1,-inf,"0.000,",,,,,,,,,1787050515.486933,gnb2,post,post,,,
2026-08-18T10:55:16.260839,5540,0x46,PUCCH,,,,,,,,,,,,,,,,,,1,-inf,"0.000,",,,,,,,,,1787050516.260839,gnb2,post,post,,,
2026-08-18T10:55:17.127842,5560,0x46,PUCCH,,,,,,,,,,,,,,,,,,1,-inf,"0.000,",,,,,,,,,1787050517.127842,gnb2,post,post,,,
2026-08-18T10:55:18.029002,5580,0x46,PUCCH,,,,,,,,,,,,,,,,,,1,-inf,"0.000,",,,,,,,,,1787050518.029002,gnb2,post,post,,,
2026-08-18T10:55:19.512189,5620,0x46,PUCCH,,,,,,,,,,,,,,,,,,1,-inf,"0.000,",,,,,,,,,1787050519.512189,gnb2,post,post,,,
2026-08-18T10:55:20.147310,5640,0x46,PUCCH,,,,,,,,,,,,,,,,,,1,-inf,"0.000,",,,,,,,,,1787050520.147310,gnb2,post,post,,,
2026-08-18T10:55:21.610860,5680,0x46,PUCCH,,,,,,,,,,,,,,,,,,1,-inf,"0.000,",,,,,,,,,1787050521.610860,gnb2,post,post,,,
2026-08-18T10:55:22.314948,5700,0x46,PUCCH,,,,,,,,,,,,,,,,,,1,-inf,"0.000,",,,,,,,,,1787050522.314948,gnb2,post,post,,,
2026-08-18T10:55:23.050053,5720,0x46,PUCCH,,,,,,,,,,,,,,,,,,1,-inf,"0.000,",,,,,,,,,1787050523.050053,gnb2,post,post,,,
2026-08-18T10:55:24.262315,5760,0x46,PUCCH,,,,,,,,,,,,,,,,,,1,-inf,"0.000,",,,,,,,,,1787050524.262315,gnb2,post,post,,,
2026-08-18T10:55:25.583805,5800,0x46,PUCCH,,,,,,,,,,,,,,,,,,1,-inf,"0.000,",,,,,,,,,1787050525.583805,gnb2,post,post,,,
2026-08-18T10:55:26.318466,5820,0x46,PUCCH,,,,,,,,,,,,,,,,,,1,-inf,"0.000,",,,,,,,,,1787050526.318466,gnb2,post,post,,,
2026-08-18T10:55:27.039603,5840,0x46,PUCCH,,,,,,,,,,,,,,,,,,1,-inf,"0.000,",,,,,,,,,1787050527.039603,gnb2,post,post,,,
2026-08-18T10:55:28.643363,5880,0x46,PUCCH,,,,,,,,,,,,,,,,,,1,-inf,"0.000,",,,,,,,,,1787050528.643363,gnb2,post,post,,,
2026-08-18T10:55:29.474699,5900,0x46,PUCCH,,,,,,,,,,,,,,,,,,1,-inf,"0.000,",,,,,,,,,1787050529.474699,gnb2,post,post,,,
2026-08-18T10:55:30.112892,5920,0x46,PUCCH,,,,,,,,,,,,,,,,,,1,-inf,"0.000,",,,,,,,,,1787050530.112892,gnb2,post,post,,,
2026-08-18T10:55:31.792491,5960,0x46,PUCCH,,,,,,,,,,,,,,,,,,1,-inf,"0.000,",,,,,,,,,1787050531.792491,gnb2,post,post,,,
2026-08-18T10:55:32.580127,5980,0x46,PUCCH,,,,,,,,,,,,,,,,,,1,-inf,"0.000,",,,,,,,,,1787050532.580127,gnb2,post,post,,,
2026-08-18T10:55:33.526056,6000,0x46,PUCCH,,,,,,,,,,,,,,,,,,1,-inf,"0.000,",,,,,,,,,1787050533.526056,gnb2,post,post,,,
2026-08-18T10:55:34.125254,6020,0x46,PUCCH,,,,,,,,,,,,,,,,,,1,-inf,"0.000,",,,,,,,,,1787050534.125254,gnb2,post,post,,,
2026-08-18T10:55:35.336547,6060,0x46,PUCCH,,,,,,,,,,,,,,,,,,1,-inf,"0.000,",,,,,,,,,1787050535.336547,gnb2,post,post,,,
2026-08-18T10:55:36.118430,6080,0x46,PUCCH,,,,,,,,,,,,,,,,,,1,-inf,"0.000,",,,,,,,,,1787050536.118430,gnb2,post,post,,,
2026-08-18T10:55:37.710019,6120,0x46,PUCCH,,,,,,,,,,,,,,,,,,1,-inf,"0.000,",,,,,,,,,1787050537.710019,gnb2,post,post,,,
2026-08-18T10:55:38.427099,6140,0x46,PUCCH,,,,,,,,,,,,,,,,,,1,-inf,"0.000,",,,,,,,,,1787050538.427099,gnb2,post,post,,,
2026-08-18T10:55:39.101713,6160,0x46,PUCCH,,,,,,,,,,,,,,,,,,1,-inf,"0.000,",,,,,,,,,1787050539.101713,gnb2,post,post,,,
2026-08-18T10:55:40.550288,6200,0x46,PUCCH,,,,,,,,,,,,,,,,,,1,-inf,"0.000,",,,,,,,,,1787050540.550288,gnb2,post,post,,,
2026-08-18T10:55:41.275796,6220,0x46,PUCCH,,,,,,,,,,,,,,,,,,1,-inf,"0.000,",,,,,,,,,1787050541.275796,gnb2,post,post,,,
2026-08-18T10:55:42.024280,6240,0x46,PUCCH,,,,,,,,,,,,,,,,,,1,-inf,"0.000,",,,,,,,,,1787050542.024280,gnb2,post,post,,,
2026-08-18T10:55:43.385910,6280,0x46,PUCCH,,,,,,,,,,,,,,,,,,1,-inf,"0.000,",,,,,,,,,1787050543.385910,gnb2,post,post,,,
2026-08-18T10:55:44.978015,6320,0x46,PUCCH,,,,,,,,,,,,,,,,,,1,-inf,"0.000,",,,,,,,,,1787050544.978015,gnb2,post,post,,,
2026-08-18T10:55:45.020338,6321,0x46,PUCCH,,,,,,,,,,,,,,,,,,2,111.8,"1.000,",,,,,,,,,1787050545.020338,gnb2,post,post,,,
2026-08-18T10:55:46.635863,6360,0x46,PUCCH,,,,,,,,,,,,,,,,,,1,-inf,"0.000,",,,,,,,,,1787050546.635863,gnb2,post,post,,,
2026-08-18T10:55:47.344836,6380,0x46,PUCCH,,,,,,,,,,,,,,,,,,1,-inf,"0.000,",,,,,,,,,1787050547.344836,gnb2,post,post,,,
2026-08-18T10:55:48.124240,6400,0x46,PUCCH,,,,,,,,,,,,,,,,,,1,-inf,"0.000,",,,,,,,,,1787050548.124240,gnb2,post,post,,,
2026-08-18T10:55:49.669731,6440,0x46,PUCCH,,,,,,,,,,,,,,,,,,1,-inf,"0.000,",,,,,,,,,1787050549.669731,gnb2,post,post,,,
2026-08-18T10:55:50.463138,6460,0x46,PUCCH,,,,,,,,,,,,,,,,,,1,-inf,"0.000,",,,,,,,,,1787050550.463138,gnb2,post,post,,,
2026-08-18T10:55:51.277716,6480,0x46,PUCCH,,,,,,,,,,,,,,,,,,1,-inf,"0.000,",,,,,,,,,1787050551.277716,gnb2,post,post,,,
2026-08-18T10:55:52.074305,6500,0x46,PUCCH,,,,,,,,,,,,,,,,,,1,-inf,"0.000,",,,,,,,,,1787050552.074305,gnb2,post,post,,,
2026-08-18T10:55:53.848105,6540,0x46,PUCCH,,,,,,,,,,,,,,,,,,1,-inf,"0.000,",,,,,,,,,1787050553.848105,gnb2,post,post,,,
2026-08-18T10:55:54.740409,6560,0x46,PUCCH,,,,,,,,,,,,,,,,,,1,-inf,"0.000,",,,,,,,,,1787050554.740409,gnb2,post,post,,,
2026-08-18T10:55:55.719647,6580,0x46,PUCCH,,,,,,,,,,,,,,,,,,1,-inf,"0.000,",,,,,,,,,1787050555.719647,gnb2,post,post,,,
2026-08-18T10:55:56.529241,6600,0x46,PUCCH,,,,,,,,,,,,,,,,,,1,-inf,"0.000,",,,,,,,,,1787050556.529241,gnb2,post,post,,,
2026-08-18T10:55:57.170115,6620,0x46,PUCCH,,,,,,,,,,,,,,,,,,1,-inf,"0.000,",,,,,,,,,1787050557.170115,gnb2,post,post,,,
2026-08-18T10:55:58.462773,6660,0x46,PUCCH,,,,,,,,,,,,,,,,,,1,-inf,"0.000,",,,,,,,,,1787050558.462773,gnb2,post,post,,,
2026-08-18T10:55:59.568491,6680,0x46,PUCCH,,,,,,,,,,,,,,,,,,1,-inf,"0.000,",,,,,,,,,1787050559.568491,gnb2,post,post,,,
2026-08-18T10:56:00.469351,6700,0x46,PUCCH,,,,,,,,,,,,,,,,,,1,-inf,"0.000,",,,,,,,,,1787050560.469351,gnb2,post,post,,,
2026-08-18T10:56:01.161852,6720,0x46,PUCCH,,,,,,,,,,,,,,,,,,1,-inf,"0.000,",,,,,,,,,1787050561.161852,gnb2,post,post,,,
2026-08-18T10:56:02.421901,6760,0x46,PUCCH,,,,,,,,,,,,,,,,,,1,-inf,"0.000,",,,,,,,,,1787050562.421901,gnb2,post,post,,,
2026-08-18T10:56:03.155610,6780,0x46,PUCCH,,,,,,,,,,,,,,,,,,1,-inf,"0.000,",,,,,,,,,1787050563.155610,gnb2,post,post,,,
2026-08-18T10:56:04.340986,6820,0x46,PUCCH,,,,,,,,,,,,,,,,,,1,-inf,"0.000,",,,,,,,,,1787050564.340986,gnb2,post,post,,,
2026-08-18T10:56:05.093837,6840,0x46,PUCCH,,,,,,,,,,,,,,,,,,1,-inf,"0.000,",,,,,,,,,1787050565.093837,gnb2,post,post,,,
2026-08-18T10:56:06.505847,6880,0x46,PUCCH,,,,,,,,,,,,,,,,,,1,-inf,"0.000,",,,,,,,,,1787050566.505847,gnb2,post,post,,,
2026-08-18T10:56:07.504149,6920,0x46,PUCCH,,,,,,,,,,,,,,,,,,1,-inf,"0.000,",,,,,,,,,1787050567.504149,gnb2,post,post,,,
2026-08-18T10:56:08.240243,6940,0x46,PUCCH,,,,,,,,,,,,,,,,,,1,-inf,"0.000,",,,,,,,,,1787050568.240243,gnb2,post,post,,,
2026-08-18T10:56:09.107716,6960,0x46,PUCCH,,,,,,,,,,,,,,,,,,1,-inf,"0.000,",,,,,,,,,1787050569.107716,gnb2,post,post,,,
2026-08-18T10:56:10.858181,7000,0x46,PUCCH,,,,,,,,,,,,,,,,,,1,-inf,"0.000,",,,,,,,,,1787050570.858181,gnb2,post,post,,,
2026-08-18T10:56:11.711054,7020,0x46,PUCCH,,,,,,,,,,,,,,,,,,1,-inf,"0.000,",,,,,,,,,1787050571.711054,gnb2,post,post,,,
2026-08-18T10:56:12.337299,7040,0x46,PUCCH,,,,,,,,,,,,,,,,,,1,-inf,"0.000,",,,,,,,,,1787050572.337299,gnb2,post,post,,,
2026-08-18T10:56:13.094469,7060,0x46,PUCCH,,,,,,,,,,,,,,,,,,1,-inf,"0.000,",,,,,,,,,1787050573.094469,gnb2,post,post,,,
2026-08-18T10:56:14.525616,7100,0x46,PUCCH,,,,,,,,,,,,,,,,,,1,-inf,"0.000,",,,,,,,,,1787050574.525616,gnb2,post,post,,,
2026-08-18T10:56:15.301535,7120,0x46,PUCCH,,,,,,,,,,,,,,,,,,1,-inf,"0.000,",,,,,,,,,1787050575.301535,gnb2,post,post,,,
2026-08-18T10:56:16.120612,7140,0x46,PUCCH,,,,,,,,,,,,,,,,,,1,-inf,"0.000,",,,,,,,,,1787050576.120612,gnb2,post,post,,,
2026-08-18T10:56:18.282585,7180,0x46,PUCCH,,,,,,,,,,,,,,,,,,1,-inf,"0.000,",,,,,,,,,1787050578.282585,gnb2,post,post,,,
2026-08-18T10:56:19.204479,7200,0x46,PUCCH,,,,,,,,,,,,,,,,,,1,-inf,"0.000,",,,,,,,,,1787050579.204479,gnb2,post,post,,,
2026-08-18T10:56:20.023633,7220,0x46,PUCCH,,,,,,,,,,,,,,,,,,1,-inf,"0.000,",,,,,,,,,1787050580.023633,gnb2,post,post,,,
2026-08-18T10:56:21.714701,7260,0x46,PUCCH,,,,,,,,,,,,,,,,,,1,-inf,"0.000,",,,,,,,,,1787050581.714701,gnb2,post,post,,,
2026-08-18T10:56:22.879951,7280,0x46,PUCCH,,,,,,,,,,,,,,,,,,1,-inf,"0.000,",,,,,,,,,1787050582.879951,gnb2,post,post,,,
2026-08-18T10:56:23.517446,7300,0x46,PUCCH,,,,,,,,,,,,,,,,,,1,-inf,"0.000,",,,,,,,,,1787050583.517446,gnb2,post,post,,,
2026-08-18T10:56:24.208488,7320,0x46,PUCCH,,,,,,,,,,,,,,,,,,1,-inf,"0.000,",,,,,,,,,1787050584.208488,gnb2,post,post,,,
2026-08-18T10:56:25.509327,7360,0x46,PUCCH,,,,,,,,,,,,,,,,,,1,-inf,"0.000,",,,,,,,,,1787050585.509327,gnb2,post,post,,,
2026-08-18T10:56:26.425063,7380,0x46,PUCCH,,,,,,,,,,,,,,,,,,1,-inf,"0.000,",,,,,,,,,1787050586.425063,gnb2,post,post,,,
2026-08-18T10:56:27.234750,7400,0x46,PUCCH,,,,,,,,,,,,,,,,,,1,-inf,"0.000,",,,,,,,,,1787050587.234750,gnb2,post,post,,,
2026-08-18T10:56:28.255789,7420,0x46,PUCCH,,,,,,,,,,,,,,,,,,1,-inf,"0.000,",,,,,,,,,1787050588.255789,gnb2,post,post,,,
2026-08-18T10:56:29.156444,7440,0x46,PUCCH,,,,,,,,,,,,,,,,,,1,-inf,"0.000,",,,,,,,,,1787050589.156444,gnb2,post,post,,,
2026-08-18T10:56:30.057750,7460,0x46,PUCCH,,,,,,,,,,,,,,,,,,1,-inf,"0.000,",,,,,,,,,1787050590.057750,gnb2,post,post,,,
2026-08-18T10:56:31.014138,7481,0x46,PUCCH,,,,,,,,,,,,,,,,,,2,111.8,"1.000,",,,,,,,,,1787050591.014138,gnb2,post,post,,,
2026-08-18T10:56:32.598920,7520,0x46,PUCCH,,,,,,,,,,,,,,,,,,1,-inf,"0.000,",,,,,,,,,1787050592.598920,gnb2,post,post,,,
2026-08-18T10:56:33.262583,7540,0x46,PUCCH,,,,,,,,,,,,,,,,,,1,-inf,"0.000,",,,,,,,,,1787050593.262583,gnb2,post,post,,,
2026-08-18T10:56:34.194971,7560,0x46,PUCCH,,,,,,,,,,,,,,,,,,1,-inf,"0.000,",,,,,,,,,1787050594.194971,gnb2,post,post,,,
2026-08-18T10:56:35.070049,7580,0x46,PUCCH,,,,,,,,,,,,,,,,,,1,-inf,"0.000,",,,,,,,,,1787050595.070049,gnb2,post,post,,,
2026-08-18T10:56:36.072056,7600,0x46,PUCCH,,,,,,,,,,,,,,,,,,1,-inf,"0.000,",,,,,,,,,1787050596.072056,gnb2,post,post,,,
2026-08-18T10:56:37.512313,7640,0x46,PUCCH,,,,,,,,,,,,,,,,,,1,-inf,"0.000,",,,,,,,,,1787050597.512313,gnb2,post,post,,,
2026-08-18T10:56:38.278932,7660,0x46,PUCCH,,,,,,,,,,,,,,,,,,1,-inf,"0.000,",,,,,,,,,1787050598.278932,gnb2,post,post,,,
2026-08-18T10:56:39.129711,7680,0x46,PUCCH,,,,,,,,,,,,,,,,,,1,-inf,"0.000,",,,,,,,,,1787050599.129711,gnb2,post,post,,,
2026-08-18T10:56:41.011873,7720,0x46,PUCCH,,,,,,,,,,,,,,,,,,1,-inf,"0.000,",,,,,,,,,1787050601.011873,gnb2,post,post,,,
2026-08-18T10:56:42.546117,7760,0x46,PUCCH,,,,,,,,,,,,,,,,,,1,-inf,"0.000,",,,,,,,,,1787050602.546117,gnb2,post,post,,,
2026-08-18T10:56:43.548517,7780,0x46,PUCCH,,,,,,,,,,,,,,,,,,1,-inf,"0.000,",,,,,,,,,1787050603.548517,gnb2,post,post,,,
2026-08-18T10:56:44.463041,7800,0x46,PUCCH,,,,,,,,,,,,,,,,,,1,-inf,"0.000,",,,,,,,,,1787050604.463041,gnb2,post,post,,,
2026-08-18T10:56:45.379757,7820,0x46,PUCCH,,,,,,,,,,,,,,,,,,1,-inf,"0.000,",,,,,,,,,1787050605.379757,gnb2,post,post,,,
2026-08-18T10:56:46.105366,7840,0x46,PUCCH,,,,,,,,,,,,,,,,,,1,-inf,"0.000,",,,,,,,,,1787050606.105366,gnb2,post,post,,,
2026-08-18T10:56:47.497589,7880,0x46,PUCCH,,,,,,,,,,,,,,,,,,1,-inf,"0.000,",,,,,,,,,1787050607.497589,gnb2,post,post,,,
2026-08-18T10:56:48.188812,7900,0x46,PUCCH,,,,,,,,,,,,,,,,,,1,-inf,"0.000,",,,,,,,,,1787050608.188812,gnb2,post,post,,,
2026-08-18T10:56:49.437272,7920,0x46,PUCCH,,,,,,,,,,,,,,,,,,1,-inf,"0.000,",,,,,,,,,1787050609.437272,gnb2,post,post,,,
2026-08-18T10:56:50.200752,7940,0x46,PUCCH,,,,,,,,,,,,,,,,,,1,-inf,"0.000,",,,,,,,,,1787050610.200752,gnb2,post,post,,,
2026-08-18T10:56:51.744662,7980,0x46,PUCCH,,,,,,,,,,,,,,,,,,1,-inf,"0.000,",,,,,,,,,1787050611.744662,gnb2,post,post,,,
2026-08-18T10:56:52.426418,8000,0x46,PUCCH,,,,,,,,,,,,,,,,,,1,-inf,"0.000,",,,,,,,,,1787050612.426418,gnb2,post,post,,,
2026-08-18T10:56:53.320233,8020,0x46,PUCCH,,,,,,,,,,,,,,,,,,1,-inf,"0.000,",,,,,,,,,1787050613.320233,gnb2,post,post,,,
2026-08-18T10:56:54.250401,8040,0x46,PUCCH,,,,,,,,,,,,,,,,,,1,-inf,"0.000,",,,,,,,,,1787050614.250401,gnb2,post,post,,,
2026-08-18T10:56:56.112276,8080,0x46,PUCCH,,,,,,,,,,,,,,,,,,1,-inf,"0.000,",,,,,,,,,1787050616.112276,gnb2,post,post,,,
2026-08-18T10:56:57.177732,8100,0x46,PUCCH,,,,,,,,,,,,,,,,,,1,-inf,"0.000,",,,,,,,,,1787050617.177732,gnb2,post,post,,,
2026-08-18T10:56:58.905474,8140,0x46,PUCCH,,,,,,,,,,,,,,,,,,1,-inf,"0.000,",,,,,,,,,1787050618.905474,gnb2,post,post,,,
2026-08-18T10:56:59.651212,8160,0x46,PUCCH,,,,,,,,,,,,,,,,,,1,-inf,"0.000,",,,,,,,,,1787050619.651212,gnb2,post,post,,,
2026-08-18T10:57:00.273677,8180,0x46,PUCCH,,,,,,,,,,,,,,,,,,1,-inf,"0.000,",,,,,,,,,1787050620.273677,gnb2,post,post,,,
2026-08-18T10:57:01.005559,8200,0x46,PUCCH,,,,,,,,,,,,,,,,,,1,-inf,"0.000,",,,,,,,,,1787050621.005559,gnb2,post,post,,,
2026-08-18T10:57:02.506271,8240,0x46,PUCCH,,,,,,,,,,,,,,,,,,1,-inf,"0.000,",,,,,,,,,1787050622.506271,gnb2,post,post,,,
2026-08-18T10:57:03.480103,8260,0x46,PUCCH,,,,,,,,,,,,,,,,,,1,-inf,"0.000,",,,,,,,,,1787050623.480103,gnb2,post,post,,,
2026-08-18T10:57:04.340936,8280,0x46,PUCCH,,,,,,,,,,,,,,,,,,1,-inf,"0.000,",,,,,,,,,1787050624.340936,gnb2,post,post,,,
2026-08-18T10:57:05.623765,8300,0x46,PUCCH,,,,,,,,,,,,,,,,,,1,-inf,"0.000,",,,,,,,,,1787050625.623765,gnb2,post,post,,,
2026-08-18T10:57:06.738839,8320,0x46,PUCCH,,,,,,,,,,,,,,,,,,1,-inf,"0.000,",,,,,,,,,1787050626.738839,gnb2,post,post,,,
2026-08-18T10:57:07.905535,8340,0x46,PUCCH,,,,,,,,,,,,,,,,,,1,-inf,"0.000,",,,,,,,,,1787050627.905535,gnb2,post,post,,,
2026-08-18T10:57:08.510546,8360,0x46,PUCCH,,,,,,,,,,,,,,,,,,1,-inf,"0.000,",,,,,,,,,1787050628.510546,gnb2,post,post,,,
2026-08-18T10:57:09.310504,8380,0x46,PUCCH,,,,,,,,,,,,,,,,,,1,-inf,"0.000,",,,,,,,,,1787050629.310504,gnb2,post,post,,,
2026-08-18T10:57:10.227152,8400,0x46,PUCCH,,,,,,,,,,,,,,,,,,1,-inf,"0.000,",,,,,,,,,1787050630.227152,gnb2,post,post,,,
2026-08-18T10:57:11.124776,8420,0x46,PUCCH,,,,,,,,,,,,,,,,,,1,-inf,"0.000,",,,,,,,,,1787050631.124776,gnb2,post,post,,,
2026-08-18T10:57:12.030040,8440,0x46,PUCCH,,,,,,,,,,,,,,,,,,1,-inf,"0.000,",,,,,,,,,1787050632.030040,gnb2,post,post,,,
2026-08-18T10:57:13.058930,8460,0x46,PUCCH,,,,,,,,,,,,,,,,,,1,-inf,"0.000,",,,,,,,,,1787050633.058930,gnb2,post,post,,,
2026-08-18T10:57:14.495175,8500,0x46,PUCCH,,,,,,,,,,,,,,,,,,1,-inf,"0.000,",,,,,,,,,1787050634.495175,gnb2,post,post,,,
2026-08-18T10:57:15.219329,8520,0x46,PUCCH,,,,,,,,,,,,,,,,,,1,-inf,"0.000,",,,,,,,,,1787050635.219329,gnb2,post,post,,,
2026-08-18T10:57:16.179394,8540,0x46,PUCCH,,,,,,,,,,,,,,,,,,1,-inf,"0.000,",,,,,,,,,1787050636.179394,gnb2,post,post,,,
2026-08-18T10:57:17.060392,8560,0x46,PUCCH,,,,,,,,,,,,,,,,,,1,-inf,"0.000,",,,,,,,,,1787050637.060392,gnb2,post,post,,,
2026-08-18T10:57:19.111834,8600,0x46,PUCCH,,,,,,,,,,,,,,,,,,1,-inf,"0.000,",,,,,,,,,1787050639.111834,gnb2,post,post,,,
2026-08-18T10:57:20.382808,8620,0x46,PUCCH,,,,,,,,,,,,,,,,,,1,-inf,"0.000,",,,,,,,,,1787050640.382808,gnb2,post,post,,,
2026-08-18T10:57:21.139693,8640,0x46,PUCCH,,,,,,,,,,,,,,,,,,1,-inf,"0.000,",,,,,,,,,1787050641.139693,gnb2,post,post,,,
2026-08-18T10:57:22.527253,8680,0x46,PUCCH,,,,,,,,,,,,,,,,,,1,-inf,"0.000,",,,,,,,,,1787050642.527253,gnb2,post,post,,,
2026-08-18T10:57:23.446485,8700,0x46,PUCCH,,,,,,,,,,,,,,,,,,1,-inf,"0.000,",,,,,,,,,1787050643.446485,gnb2,post,post,,,
2026-08-18T10:57:24.380277,8720,0x46,PUCCH,,,,,,,,,,,,,,,,,,1,-inf,"0.000,",,,,,,,,,1787050644.380277,gnb2,post,post,,,
2026-08-18T10:57:25.075421,8740,0x46,PUCCH,,,,,,,,,,,,,,,,,,1,-inf,"0.000,",,,,,,,,,1787050645.075421,gnb2,post,post,,,
2026-08-18T10:57:26.447256,8780,0x46,PUCCH,,,,,,,,,,,,,,,,,,1,-inf,"0.000,",,,,,,,,,1787050646.447256,gnb2,post,post,,,
2026-08-18T10:57:27.331782,8800,0x46,PUCCH,,,,,,,,,,,,,,,,,,1,-inf,"0.000,",,,,,,,,,1787050647.331782,gnb2,post,post,,,
2026-08-18T10:57:28.024875,8820,0x46,PUCCH,,,,,,,,,,,,,,,,,,1,-inf,"0.000,",,,,,,,,,1787050648.024875,gnb2,post,post,,,
2026-08-18T10:57:29.169602,8860,0x46,PUCCH,,,,,,,,,,,,,,,,,,1,-inf,"0.000,",,,,,,,,,1787050649.169602,gnb2,post,post,,,
2026-08-18T10:57:30.699284,8900,0x46,PUCCH,,,,,,,,,,,,,,,,,,1,-inf,"0.000,",,,,,,,,,1787050650.699284,gnb2,post,post,,,
2026-08-18T10:57:31.319647,8920,0x46,PUCCH,,,,,,,,,,,,,,,,,,1,-inf,"0.000,",,,,,,,,,1787050651.319647,gnb2,post,post,,,
2026-08-18T10:57:32.036598,8940,0x46,PUCCH,,,,,,,,,,,,,,,,,,1,-inf,"0.000,",,,,,,,,,1787050652.036598,gnb2,post,post,,,
2026-08-18T10:57:33.434276,8980,0x46,PUCCH,,,,,,,,,,,,,,,,,,1,-inf,"0.000,",,,,,,,,,1787050653.434276,gnb2,post,post,,,
2026-08-18T10:57:34.034453,9000,0x46,PUCCH,,,,,,,,,,,,,,,,,,1,-inf,"0.000,",,,,,,,,,1787050654.034453,gnb2,post,post,,,
2026-08-18T10:57:35.299005,9040,0x46,PUCCH,,,,,,,,,,,,,,,,,,1,-inf,"0.000,",,,,,,,,,1787050655.299005,gnb2,post,post,,,
2026-08-18T10:57:36.049109,9060,0x46,PUCCH,,,,,,,,,,,,,,,,,,1,-inf,"0.000,",,,,,,,,,1787050656.049109,gnb2,post,post,,,
2026-08-18T10:57:37.299451,9100,0x46,PUCCH,,,,,,,,,,,,,,,,,,1,-inf,"0.000,",,,,,,,,,1787050657.299451,gnb2,post,post,,,
2026-08-18T10:57:38.015735,9121,0x46,PUCCH,,,,,,,,,,,,,,,,,,2,111.8,"1.000,",,,,,,,,,1787050658.015735,gnb2,post,post,,,
2026-08-18T10:57:39.266224,9160,0x46,PUCCH,,,,,,,,,,,,,,,,,,1,-inf,"0.000,",,,,,,,,,1787050659.266224,gnb2,post,post,,,
2026-08-18T10:57:40.769617,9200,0x46,PUCCH,,,,,,,,,,,,,,,,,,1,-inf,"0.000,",,,,,,,,,1787050660.769617,gnb2,post,post,,,
2026-08-18T10:57:41.579511,9220,0x46,PUCCH,,,,,,,,,,,,,,,,,,1,-inf,"0.000,",,,,,,,,,1787050661.579511,gnb2,post,post,,,
2026-08-18T10:57:42.817246,9240,0x46,PUCCH,,,,,,,,,,,,,,,,,,1,-inf,"0.000,",,,,,,,,,1787050662.817246,gnb2,post,post,,,
2026-08-18T10:57:43.569488,9260,0x46,PUCCH,,,,,,,,,,,,,,,,,,1,-inf,"0.000,",,,,,,,,,1787050663.569488,gnb2,post,post,,,
2026-08-18T10:57:44.363102,9280,0x46,PUCCH,,,,,,,,,,,,,,,,,,1,-inf,"0.000,",,,,,,,,,1787050664.363102,gnb2,post,post,,,
2026-08-18T10:57:45.417160,9300,0x46,PUCCH,,,,,,,,,,,,,,,,,,1,-inf,"0.000,",,,,,,,,,1787050665.417160,gnb2,post,post,,,
2026-08-18T10:57:46.124634,9320,0x46,PUCCH,,,,,,,,,,,,,,,,,,1,-inf,"0.000,",,,,,,,,,1787050666.124634,gnb2,post,post,,,
2026-08-18T10:57:47.649467,9360,0x46,PUCCH,,,,,,,,,,,,,,,,,,1,-inf,"0.000,",,,,,,,,,1787050667.649467,gnb2,post,post,,,
2026-08-18T10:57:48.383215,9380,0x46,PUCCH,,,,,,,,,,,,,,,,,,1,-inf,"0.000,",,,,,,,,,1787050668.383215,gnb2,post,post,,,
2026-08-18T10:57:49.146111,9400,0x46,PUCCH,,,,,,,,,,,,,,,,,,1,-inf,"0.000,",,,,,,,,,1787050669.146111,gnb2,post,post,,,
2026-08-18T10:57:50.472669,9440,0x46,PUCCH,,,,,,,,,,,,,,,,,,1,-inf,"0.000,",,,,,,,,,1787050670.472669,gnb2,post,post,,,
2026-08-18T10:57:51.332502,9460,0x46,PUCCH,,,,,,,,,,,,,,,,,,1,-inf,"0.000,",,,,,,,,,1787050671.332502,gnb2,post,post,,,
2026-08-18T10:57:52.050414,9481,0x46,PUCCH,,,,,,,,,,,,,,,,,,2,111.8,"1.000,",,,,,,,,,1787050672.050414,gnb2,post,post,,,
2026-08-18T10:57:53.612994,9520,0x46,PUCCH,,,,,,,,,,,,,,,,,,1,-inf,"0.000,",,,,,,,,,1787050673.612994,gnb2,post,post,,,
2026-08-18T10:57:54.218371,9540,0x46,PUCCH,,,,,,,,,,,,,,,,,,1,-inf,"0.000,",,,,,,,,,1787050674.218371,gnb2,post,post,,,
2026-08-18T10:57:55.723450,9580,0x46,PUCCH,,,,,,,,,,,,,,,,,,1,-inf,"0.000,",,,,,,,,,1787050675.723450,gnb2,post,post,,,
2026-08-18T10:57:56.226260,9600,0x46,PUCCH,,,,,,,,,,,,,,,,,,1,-inf,"0.000,",,,,,,,,,1787050676.226260,gnb2,post,post,,,
2026-08-18T10:57:57.916420,9640,0x46,PUCCH,,,,,,,,,,,,,,,,,,1,-inf,"0.000,",,,,,,,,,1787050677.916420,gnb2,post,post,,,
2026-08-18T10:57:58.838246,9660,0x46,PUCCH,,,,,,,,,,,,,,,,,,1,-inf,"0.000,",,,,,,,,,1787050678.838246,gnb2,post,post,,,
2026-08-18T10:57:59.636530,9680,0x46,PUCCH,,,,,,,,,,,,,,,,,,1,-inf,"0.000,",,,,,,,,,1787050679.636530,gnb2,post,post,,,
2026-08-18T10:58:00.474953,9700,0x46,PUCCH,,,,,,,,,,,,,,,,,,1,-inf,"0.000,",,,,,,,,,1787050680.474953,gnb2,post,post,,,
2026-08-18T10:58:01.301580,9720,0x46,PUCCH,,,,,,,,,,,,,,,,,,1,-inf,"0.000,",,,,,,,,,1787050681.301580,gnb2,post,post,,,
2026-08-18T10:58:02.129172,9740,0x46,PUCCH,,,,,,,,,,,,,,,,,,1,-inf,"0.000,",,,,,,,,,1787050682.129172,gnb2,post,post,,,
2026-08-18T10:58:03.126388,9760,0x46,PUCCH,,,,,,,,,,,,,,,,,,1,-inf,"0.000,",,,,,,,,,1787050683.126388,gnb2,post,post,,,
2026-08-18T10:58:04.527331,9800,0x46,PUCCH,,,,,,,,,,,,,,,,,,1,-inf,"0.000,",,,,,,,,,1787050684.527331,gnb2,post,post,,,
2026-08-18T10:58:05.364012,9820,0x46,PUCCH,,,,,,,,,,,,,,,,,,1,-inf,"0.000,",,,,,,,,,1787050685.364012,gnb2,post,post,,,
2026-08-18T10:58:06.000151,9841,0x46,PUCCH,,,,,,,,,,,,,,,,,,2,111.8,"1.000,",,,,,,,,,1787050686.000151,gnb2,post,post,,,
2026-08-18T10:58:07.107322,9880,0x46,PUCCH,,,,,,,,,,,,,,,,,,1,-inf,"0.000,",,,,,,,,,1787050687.107322,gnb2,post,post,,,
2026-08-18T10:58:08.409587,9920,0x46,PUCCH,,,,,,,,,,,,,,,,,,1,-inf,"0.000,",,,,,,,,,1787050688.409587,gnb2,post,post,,,
2026-08-18T10:58:09.130496,9940,0x46,PUCCH,,,,,,,,,,,,,,,,,,1,-inf,"0.000,",,,,,,,,,1787050689.130496,gnb2,post,post,,,
2026-08-18T10:58:10.738843,9980,0x46,PUCCH,,,,,,,,,,,,,,,,,,1,-inf,"0.000,",,,,,,,,,1787050690.738843,gnb2,post,post,,,
2026-08-18T10:58:11.613950,10000,0x46,PUCCH,,,,,,,,,,,,,,,,,,1,-inf,"0.000,",,,,,,,,,1787050691.613950,gnb2,post,post,,,
2026-08-18T10:58:12.490156,10020,0x46,PUCCH,,,,,,,,,,,,,,,,,,1,-inf,"0.000,",,,,,,,,,1787050692.490156,gnb2,post,post,,,
2026-08-18T10:58:13.325845,10040,0x46,PUCCH,,,,,,,,,,,,,,,,,,1,-inf,"0.000,",,,,,,,,,1787050693.325845,gnb2,post,post,,,
2026-08-18T10:58:14.190719,10060,0x46,PUCCH,,,,,,,,,,,,,,,,,,1,-inf,"0.000,",,,,,,,,,1787050694.190719,gnb2,post,post,,,
2026-08-18T10:58:15.055301,10080,0x46,PUCCH,,,,,,,,,,,,,,,,,,1,-inf,"0.000,",,,,,,,,,1787050695.055301,gnb2,post,post,,,
2026-08-18T10:58:16.640317,10120,0x46,PUCCH,,,,,,,,,,,,,,,,,,1,-inf,"0.000,",,,,,,,,,1787050696.640317,gnb2,post,post,,,
2026-08-18T10:58:17.669262,10140,0x46,PUCCH,,,,,,,,,,,,,,,,,,1,-inf,"0.000,",,,,,,,,,1787050697.669262,gnb2,post,post,,,
2026-08-18T10:58:18.371542,10160,0x46,PUCCH,,,,,,,,,,,,,,,,,,1,-inf,"0.000,",,,,,,,,,1787050698.371542,gnb2,post,post,,,
2026-08-18T10:58:19.112079,10180,0x46,PUCCH,,,,,,,,,,,,,,,,,,1,-inf,"0.000,",,,,,,,,,1787050699.112079,gnb2,post,post,,,
2026-08-18T10:58:20.518688,10220,0x46,PUCCH,,,,,,,,,,,,,,,,,,1,-inf,"0.000,",,,,,,,,,1787050700.518688,gnb2,post,post,,,
2026-08-18T10:58:21.240674,0,0x46,PUCCH,,,,,,,,,,,,,,,,,,1,-inf,"0.000,",,,,,,,,,1787050701.240674,gnb2,post,post,,,
2026-08-18T10:58:22.662380,40,0x46,PUCCH,,,,,,,,,,,,,,,,,,1,-inf,"0.000,",,,,,,,,,1787050702.662380,gnb2,post,post,,,
2026-08-18T10:58:23.313697,60,0x46,PUCCH,,,,,,,,,,,,,,,,,,1,-inf,"0.000,",,,,,,,,,1787050703.313697,gnb2,post,post,,,
2026-08-18T10:58:24.075278,80,0x46,PUCCH,,,,,,,,,,,,,,,,,,1,-inf,"0.000,",,,,,,,,,1787050704.075278,gnb2,post,post,,,
2026-08-18T10:58:25.646826,120,0x46,PUCCH,,,,,,,,,,,,,,,,,,1,-inf,"0.000,",,,,,,,,,1787050705.646826,gnb2,post,post,,,
2026-08-18T10:58:26.628938,140,0x46,PUCCH,,,,,,,,,,,,,,,,,,1,-inf,"0.000,",,,,,,,,,1787050706.628938,gnb2,post,post,,,
2026-08-18T10:58:27.378298,160,0x46,PUCCH,,,,,,,,,,,,,,,,,,1,-inf,"0.000,",,,,,,,,,1787050707.378298,gnb2,post,post,,,
2026-08-18T10:58:28.160380,180,0x46,PUCCH,,,,,,,,,,,,,,,,,,1,-inf,"0.000,",,,,,,,,,1787050708.160380,gnb2,post,post,,,
2026-08-18T10:58:29.051828,200,0x46,PUCCH,,,,,,,,,,,,,,,,,,1,-inf,"0.000,",,,,,,,,,1787050709.051828,gnb2,post,post,,,
2026-08-18T10:58:30.690573,240,0x46,PUCCH,,,,,,,,,,,,,,,,,,1,-inf,"0.000,",,,,,,,,,1787050710.690573,gnb2,post,post,,,
2026-08-18T10:58:31.371087,260,0x46,PUCCH,,,,,,,,,,,,,,,,,,1,-inf,"0.000,",,,,,,,,,1787050711.371087,gnb2,post,post,,,
2026-08-18T10:58:32.114721,280,0x46,PUCCH,,,,,,,,,,,,,,,,,,1,-inf,"0.000,",,,,,,,,,1787050712.114721,gnb2,post,post,,,
2026-08-18T10:58:33.210643,300,0x46,PUCCH,,,,,,,,,,,,,,,,,,1,-inf,"0.000,",,,,,,,,,1787050713.210643,gnb2,post,post,,,
2026-08-18T10:58:34.669934,340,0x46,PUCCH,,,,,,,,,,,,,,,,,,1,-inf,"0.000,",,,,,,,,,1787050714.669934,gnb2,post,post,,,
2026-08-18T10:58:35.253597,360,0x46,PUCCH,,,,,,,,,,,,,,,,,,1,-inf,"0.000,",,,,,,,,,1787050715.253597,gnb2,post,post,,,
2026-08-18T10:58:36.622168,400,0x46,PUCCH,,,,,,,,,,,,,,,,,,1,-inf,"0.000,",,,,,,,,,1787050716.622168,gnb2,post,post,,,
2026-08-18T10:58:37.312443,420,0x46,PUCCH,,,,,,,,,,,,,,,,,,1,-inf,"0.000,",,,,,,,,,1787050717.312443,gnb2,post,post,,,
2026-08-18T10:58:38.306576,440,0x46,PUCCH,,,,,,,,,,,,,,,,,,1,-inf,"0.000,",,,,,,,,,1787050718.306576,gnb2,post,post,,,
2026-08-18T10:58:39.021375,460,0x46,PUCCH,,,,,,,,,,,,,,,,,,1,-inf,"0.000,",,,,,,,,,1787050719.021375,gnb2,post,post,,,
2026-08-18T10:58:40.501368,500,0x46,PUCCH,,,,,,,,,,,,,,,,,,1,-inf,"0.000,",,,,,,,,,1787050720.501368,gnb2,post,post,,,
2026-08-18T10:58:41.422711,520,0x46,PUCCH,,,,,,,,,,,,,,,,,,1,-inf,"0.000,",,,,,,,,,1787050721.422711,gnb2,post,post,,,
2026-08-18T10:58:42.520639,540,0x46,PUCCH,,,,,,,,,,,,,,,,,,1,-inf,"0.000,",,,,,,,,,1787050722.520639,gnb2,post,post,,,
2026-08-18T10:58:43.222431,560,0x46,PUCCH,,,,,,,,,,,,,,,,,,1,-inf,"0.000,",,,,,,,,,1787050723.222431,gnb2,post,post,,,
2026-08-18T10:58:44.687576,600,0x46,PUCCH,,,,,,,,,,,,,,,,,,1,-inf,"0.000,",,,,,,,,,1787050724.687576,gnb2,post,post,,,
2026-08-18T10:58:45.396524,620,0x46,PUCCH,,,,,,,,,,,,,,,,,,1,-inf,"0.000,",,,,,,,,,1787050725.396524,gnb2,post,post,,,
2026-08-18T10:58:46.013332,641,0x46,PUCCH,,,,,,,,,,,,,,,,,,2,111.8,"1.000,",,,,,,,,,1787050726.013332,gnb2,post,post,,,
2026-08-18T10:58:47.949828,680,0x46,PUCCH,,,,,,,,,,,,,,,,,,1,-inf,"0.000,",,,,,,,,,1787050727.949828,gnb2,post,post,,,
2026-08-18T10:58:48.028597,681,0x46,PUCCH,,,,,,,,,,,,,,,,,,2,111.8,"1.000,",,,,,,,,,1787050728.028597,gnb2,post,post,,,
2026-08-18T10:58:49.482840,720,0x46,PUCCH,,,,,,,,,,,,,,,,,,1,-inf,"0.000,",,,,,,,,,1787050729.482840,gnb2,post,post,,,
2026-08-18T10:58:50.156452,740,0x46,PUCCH,,,,,,,,,,,,,,,,,,1,-inf,"0.000,",,,,,,,,,1787050730.156452,gnb2,post,post,,,
2026-08-18T10:58:51.622311,780,0x46,PUCCH,,,,,,,,,,,,,,,,,,1,-inf,"0.000,",,,,,,,,,1787050731.622311,gnb2,post,post,,,
2026-08-18T10:58:52.496689,800,0x46,PUCCH,,,,,,,,,,,,,,,,,,1,-inf,"0.000,",,,,,,,,,1787050732.496689,gnb2,post,post,,,
2026-08-18T10:58:53.287620,820,0x46,PUCCH,,,,,,,,,,,,,,,,,,1,-inf,"0.000,",,,,,,,,,1787050733.287620,gnb2,post,post,,,
2026-08-18T10:58:54.023057,840,0x46,PUCCH,,,,,,,,,,,,,,,,,,1,-inf,"0.000,",,,,,,,,,1787050734.023057,gnb2,post,post,,,
2026-08-18T10:58:55.527361,880,0x46,PUCCH,,,,,,,,,,,,,,,,,,1,-inf,"0.000,",,,,,,,,,1787050735.527361,gnb2,post,post,,,
2026-08-18T10:58:56.159276,900,0x46,PUCCH,,,,,,,,,,,,,,,,,,1,-inf,"0.000,",,,,,,,,,1787050736.159276,gnb2,post,post,,,
2026-08-18T10:58:57.162630,920,0x46,PUCCH,,,,,,,,,,,,,,,,,,1,-inf,"0.000,",,,,,,,,,1787050737.162630,gnb2,post,post,,,
2026-08-18T10:58:58.623210,960,0x46,PUCCH,,,,,,,,,,,,,,,,,,1,-inf,"0.000,",,,,,,,,,1787050738.623210,gnb2,post,post,,,
2026-08-18T10:58:59.415494,980,0x46,PUCCH,,,,,,,,,,,,,,,,,,1,-inf,"0.000,",,,,,,,,,1787050739.415494,gnb2,post,post,,,
2026-08-18T10:59:00.043279,1000,0x46,PUCCH,,,,,,,,,,,,,,,,,,1,-inf,"0.000,",,,,,,,,,1787050740.043279,gnb2,post,post,,,
2026-08-18T10:59:01.294876,1040,0x46,PUCCH,,,,,,,,,,,,,,,,,,1,-inf,"0.000,",,,,,,,,,1787050741.294876,gnb2,post,post,,,
2026-08-18T10:59:02.073378,1060,0x46,PUCCH,,,,,,,,,,,,,,,,,,1,-inf,"0.000,",,,,,,,,,1787050742.073378,gnb2,post,post,,,
2026-08-18T10:59:03.528778,1100,0x46,PUCCH,,,,,,,,,,,,,,,,,,1,-inf,"0.000,",,,,,,,,,1787050743.528778,gnb2,post,post,,,
2026-08-18T10:59:04.164103,1120,0x46,PUCCH,,,,,,,,,,,,,,,,,,1,-inf,"0.000,",,,,,,,,,1787050744.164103,gnb2,post,post,,,
2026-08-18T10:59:06.011775,1160,0x46,PUCCH,,,,,,,,,,,,,,,,,,1,-inf,"0.000,",,,,,,,,,1787050746.011775,gnb2,post,post,,,
2026-08-18T10:59:07.054905,1180,0x46,PUCCH,,,,,,,,,,,,,,,,,,1,-inf,"0.000,",,,,,,,,,1787050747.054905,gnb2,post,post,,,
2026-08-18T10:59:08.469802,1220,0x46,PUCCH,,,,,,,,,,,,,,,,,,1,-inf,"0.000,",,,,,,,,,1787050748.469802,gnb2,post,post,,,
2026-08-18T10:59:09.248244,1240,0x46,PUCCH,,,,,,,,,,,,,,,,,,1,-inf,"0.000,",,,,,,,,,1787050749.248244,gnb2,post,post,,,
2026-08-18T10:59:10.726235,1280,0x46,PUCCH,,,,,,,,,,,,,,,,,,1,-inf,"0.000,",,,,,,,,,1787050750.726235,gnb2,post,post,,,
2026-08-18T10:59:11.452172,1300,0x46,PUCCH,,,,,,,,,,,,,,,,,,1,-inf,"0.000,",,,,,,,,,1787050751.452172,gnb2,post,post,,,
2026-08-18T10:59:12.005681,1320,0x46,PUCCH,,,,,,,,,,,,,,,,,,1,-inf,"0.000,",,,,,,,,,1787050752.005681,gnb2,post,post,,,
2026-08-18T10:59:13.645062,1360,0x46,PUCCH,,,,,,,,,,,,,,,,,,1,-inf,"0.000,",,,,,,,,,1787050753.645062,gnb2,post,post,,,
2026-08-18T10:59:14.459003,1380,0x46,PUCCH,,,,,,,,,,,,,,,,,,1,-inf,"0.000,",,,,,,,,,1787050754.459003,gnb2,post,post,,,
2026-08-18T10:59:15.402235,1400,0x46,PUCCH,,,,,,,,,,,,,,,,,,1,-inf,"0.000,",,,,,,,,,1787050755.402235,gnb2,post,post,,,
2026-08-18T10:59:16.280505,1420,0x46,PUCCH,,,,,,,,,,,,,,,,,,1,-inf,"0.000,",,,,,,,,,1787050756.280505,gnb2,post,post,,,
2026-08-18T10:59:17.074920,1440,0x46,PUCCH,,,,,,,,,,,,,,,,,,1,-inf,"0.000,",,,,,,,,,1787050757.074920,gnb2,post,post,,,
2026-08-18T10:59:18.065176,1460,0x46,PUCCH,,,,,,,,,,,,,,,,,,1,-inf,"0.000,",,,,,,,,,1787050758.065176,gnb2,post,post,,,
2026-08-18T10:59:19.830065,1500,0x46,PUCCH,,,,,,,,,,,,,,,,,,1,-inf,"0.000,",,,,,,,,,1787050759.830065,gnb2,post,post,,,
2026-08-18T10:59:20.595695,1520,0x46,PUCCH,,,,,,,,,,,,,,,,,,1,-inf,"0.000,",,,,,,,,,1787050760.595695,gnb2,post,post,,,
2026-08-18T10:59:21.524105,1540,0x46,PUCCH,,,,,,,,,,,,,,,,,,1,-inf,"0.000,",,,,,,,,,1787050761.524105,gnb2,post,post,,,
2026-08-18T10:59:22.420685,1560,0x46,PUCCH,,,,,,,,,,,,,,,,,,1,-inf,"0.000,",,,,,,,,,1787050762.420685,gnb2,post,post,,,
2026-08-18T10:59:23.378977,1580,0x46,PUCCH,,,,,,,,,,,,,,,,,,1,-inf,"0.000,",,,,,,,,,1787050763.378977,gnb2,post,post,,,
2026-08-18T10:59:24.030049,1600,0x46,PUCCH,,,,,,,,,,,,,,,,,,1,-inf,"0.000,",,,,,,,,,1787050764.030049,gnb2,post,post,,,
2026-08-18T10:59:25.406484,1640,0x46,PUCCH,,,,,,,,,,,,,,,,,,1,-inf,"0.000,",,,,,,,,,1787050765.406484,gnb2,post,post,,,
2026-08-18T10:59:26.375954,1660,0x46,PUCCH,,,,,,,,,,,,,,,,,,1,-inf,"0.000,",,,,,,,,,1787050766.375954,gnb2,post,post,,,
2026-08-18T10:59:27.132131,1680,0x46,PUCCH,,,,,,,,,,,,,,,,,,1,-inf,"0.000,",,,,,,,,,1787050767.132131,gnb2,post,post,,,
2026-08-18T10:59:28.099151,1700,0x46,PUCCH,,,,,,,,,,,,,,,,,,1,-inf,"0.000,",,,,,,,,,1787050768.099151,gnb2,post,post,,,
2026-08-18T10:59:29.544985,1740,0x46,PUCCH,,,,,,,,,,,,,,,,,,1,-inf,"0.000,",,,,,,,,,1787050769.544985,gnb2,post,post,,,
2026-08-18T10:59:30.273498,1760,0x46,PUCCH,,,,,,,,,,,,,,,,,,1,-inf,"0.000,",,,,,,,,,1787050770.273498,gnb2,post,post,,,
2026-08-18T10:59:31.288402,1780,0x46,PUCCH,,,,,,,,,,,,,,,,,,1,-inf,"0.000,",,,,,,,,,1787050771.288402,gnb2,post,post,,,
2026-08-18T10:59:32.744101,1820,0x46,PUCCH,,,,,,,,,,,,,,,,,,1,-inf,"0.000,",,,,,,,,,1787050772.744101,gnb2,post,post,,,
2026-08-18T10:59:33.710061,1840,0x46,PUCCH,,,,,,,,,,,,,,,,,,1,-inf,"0.000,",,,,,,,,,1787050773.710061,gnb2,post,post,,,
2026-08-18T10:59:34.423119,1860,0x46,PUCCH,,,,,,,,,,,,,,,,,,1,-inf,"0.000,",,,,,,,,,1787050774.423119,gnb2,post,post,,,
2026-08-18T10:59:35.196948,1880,0x46,PUCCH,,,,,,,,,,,,,,,,,,1,-inf,"0.000,",,,,,,,,,1787050775.196948,gnb2,post,post,,,
2026-08-18T10:59:36.841075,1920,0x46,PUCCH,,,,,,,,,,,,,,,,,,1,-inf,"0.000,",,,,,,,,,1787050776.841075,gnb2,post,post,,,
2026-08-18T10:59:37.988797,1940,0x46,PUCCH,,,,,,,,,,,,,,,,,,1,-inf,"0.000,",,,,,,,,,1787050777.988797,gnb2,post,post,,,
2026-08-18T10:59:38.864010,1960,0x46,PUCCH,,,,,,,,,,,,,,,,,,1,-inf,"0.000,",,,,,,,,,1787050778.864010,gnb2,post,post,,,
2026-08-18T10:59:39.734674,1980,0x46,PUCCH,,,,,,,,,,,,,,,,,,1,-inf,"0.000,",,,,,,,,,1787050779.734674,gnb2,post,post,,,
2026-08-18T10:59:40.843243,2000,0x46,PUCCH,,,,,,,,,,,,,,,,,,1,-inf,"0.000,",,,,,,,,,1787050780.843243,gnb2,post,post,,,
2026-08-18T10:59:41.932506,2020,0x46,PUCCH,,,,,,,,,,,,,,,,,,1,-inf,"0.000,",,,,,,,,,1787050781.932506,gnb2,post,post,,,
2026-08-18T10:59:42.730310,2040,0x46,PUCCH,,,,,,,,,,,,,,,,,,1,-inf,"0.000,",,,,,,,,,1787050782.730310,gnb2,post,post,,,
2026-08-18T10:59:43.450154,2060,0x46,PUCCH,,,,,,,,,,,,,,,,,,1,-inf,"0.000,",,,,,,,,,1787050783.450154,gnb2,post,post,,,
2026-08-18T10:59:44.696799,2080,0x46,PUCCH,,,,,,,,,,,,,,,,,,1,-inf,"0.000,",,,,,,,,,1787050784.696799,gnb2,post,post,,,
2026-08-18T10:59:45.728503,2100,0x46,PUCCH,,,,,,,,,,,,,,,,,,1,-inf,"0.000,",,,,,,,,,1787050785.728503,gnb2,post,post,,,
2026-08-18T10:59:46.661807,2120,0x46,PUCCH,,,,,,,,,,,,,,,,,,1,-inf,"0.000,",,,,,,,,,1787050786.661807,gnb2,post,post,,,
2026-08-18T10:59:47.470767,2140,0x46,PUCCH,,,,,,,,,,,,,,,,,,1,-inf,"0.000,",,,,,,,,,1787050787.470767,gnb2,post,post,,,
2026-08-18T10:59:48.408306,2160,0x46,PUCCH,,,,,,,,,,,,,,,,,,1,-inf,"0.000,",,,,,,,,,1787050788.408306,gnb2,post,post,,,
2026-08-18T10:59:49.012614,2180,0x46,PUCCH,,,,,,,,,,,,,,,,,,1,-inf,"0.000,",,,,,,,,,1787050789.012614,gnb2,post,post,,,
2026-08-18T10:59:50.586740,2220,0x46,PUCCH,,,,,,,,,,,,,,,,,,1,-inf,"0.000,",,,,,,,,,1787050790.586740,gnb2,post,post,,,
2026-08-18T10:59:51.583232,2240,0x46,PUCCH,,,,,,,,,,,,,,,,,,1,-inf,"0.000,",,,,,,,,,1787050791.583232,gnb2,post,post,,,
2026-08-18T10:59:52.253863,2260,0x46,PUCCH,,,,,,,,,,,,,,,,,,1,-inf,"0.000,",,,,,,,,,1787050792.253863,gnb2,post,post,,,
2026-08-18T10:59:53.226924,2280,0x46,PUCCH,,,,,,,,,,,,,,,,,,1,-inf,"0.000,",,,,,,,,,1787050793.226924,gnb2,post,post,,,
2026-08-18T10:59:54.025404,2300,0x46,PUCCH,,,,,,,,,,,,,,,,,,1,-inf,"0.000,",,,,,,,,,1787050794.025404,gnb2,post,post,,,
2026-08-18T10:59:55.043167,2320,0x46,PUCCH,,,,,,,,,,,,,,,,,,1,-inf,"0.000,",,,,,,,,,1787050795.043167,gnb2,post,post,,,
2026-08-18T10:59:56.696335,2360,0x46,PUCCH,,,,,,,,,,,,,,,,,,1,-inf,"0.000,",,,,,,,,,1787050796.696335,gnb2,post,post,,,
2026-08-18T10:59:57.514516,2380,0x46,PUCCH,,,,,,,,,,,,,,,,,,1,-inf,"0.000,",,,,,,,,,1787050797.514516,gnb2,post,post,,,
2026-08-18T10:59:58.721182,2400,0x46,PUCCH,,,,,,,,,,,,,,,,,,1,-inf,"0.000,",,,,,,,,,1787050798.721182,gnb2,post,post,,,
2026-08-18T10:59:59.668290,2420,0x46,PUCCH,,,,,,,,,,,,,,,,,,1,-inf,"0.000,",,,,,,,,,1787050799.668290,gnb2,post,post,,,
2026-08-18T11:00:01.052436,2440,0x46,PUCCH,,,,,,,,,,,,,,,,,,1,-inf,"0.000,",,,,,,,,,1787050801.052436,gnb2,post,post,,,
2026-08-18T11:00:02.035333,2460,0x46,PUCCH,,,,,,,,,,,,,,,,,,1,-inf,"0.000,",,,,,,,,,1787050802.035333,gnb2,post,post,,,
2026-08-18T11:00:03.725826,2500,0x46,PUCCH,,,,,,,,,,,,,,,,,,1,-inf,"0.000,",,,,,,,,,1787050803.725826,gnb2,post,post,,,
2026-08-18T11:00:04.798485,2520,0x46,PUCCH,,,,,,,,,,,,,,,,,,1,-inf,"0.000,",,,,,,,,,1787050804.798485,gnb2,post,post,,,
2026-08-18T11:00:05.808619,2540,0x46,PUCCH,,,,,,,,,,,,,,,,,,1,-inf,"0.000,",,,,,,,,,1787050805.808619,gnb2,post,post,,,
2026-08-18T11:00:06.746242,2560,0x46,PUCCH,,,,,,,,,,,,,,,,,,1,-inf,"0.000,",,,,,,,,,1787050806.746242,gnb2,post,post,,,
2026-08-18T11:00:07.606163,2580,0x46,PUCCH,,,,,,,,,,,,,,,,,,1,-inf,"0.000,",,,,,,,,,1787050807.606163,gnb2,post,post,,,
2026-08-18T11:00:09.030512,2600,0x46,PUCCH,,,,,,,,,,,,,,,,,,1,-inf,"0.000,",,,,,,,,,1787050809.030512,gnb2,post,post,,,
2026-08-18T11:00:10.482589,2640,0x46,PUCCH,,,,,,,,,,,,,,,,,,1,-inf,"0.000,",,,,,,,,,1787050810.482589,gnb2,post,post,,,
2026-08-18T11:00:11.268264,2660,0x46,PUCCH,,,,,,,,,,,,,,,,,,1,-inf,"0.000,",,,,,,,,,1787050811.268264,gnb2,post,post,,,
2026-08-18T11:00:12.374505,2680,0x46,PUCCH,,,,,,,,,,,,,,,,,,1,-inf,"0.000,",,,,,,,,,1787050812.374505,gnb2,post,post,,,
2026-08-18T11:00:13.078467,2700,0x46,PUCCH,,,,,,,,,,,,,,,,,,1,-inf,"0.000,",,,,,,,,,1787050813.078467,gnb2,post,post,,,
2026-08-18T11:00:14.484507,2740,0x46,PUCCH,,,,,,,,,,,,,,,,,,1,-inf,"0.000,",,,,,,,,,1787050814.484507,gnb2,post,post,,,
2026-08-18T11:00:15.344030,2760,0x46,PUCCH,,,,,,,,,,,,,,,,,,1,-inf,"0.000,",,,,,,,,,1787050815.344030,gnb2,post,post,,,
2026-08-18T11:00:16.245954,2780,0x46,PUCCH,,,,,,,,,,,,,,,,,,1,-inf,"0.000,",,,,,,,,,1787050816.245954,gnb2,post,post,,,
2026-08-18T11:00:17.027729,2801,0x46,PUCCH,,,,,,,,,,,,,,,,,,2,111.8,"1.000,",,,,,,,,,1787050817.027729,gnb2,post,post,,,
2026-08-18T11:00:18.758855,2840,0x46,PUCCH,,,,,,,,,,,,,,,,,,1,-inf,"0.000,",,,,,,,,,1787050818.758855,gnb2,post,post,,,
2026-08-18T11:00:19.565197,2860,0x46,PUCCH,,,,,,,,,,,,,,,,,,1,-inf,"0.000,",,,,,,,,,1787050819.565197,gnb2,post,post,,,
2026-08-18T11:00:20.733864,2880,0x46,PUCCH,,,,,,,,,,,,,,,,,,1,-inf,"0.000,",,,,,,,,,1787050820.733864,gnb2,post,post,,,
2026-08-18T11:00:21.958638,2900,0x46,PUCCH,,,,,,,,,,,,,,,,,,1,-inf,"0.000,",,,,,,,,,1787050821.958638,gnb2,post,post,,,
2026-08-18T11:00:22.945217,2920,0x46,PUCCH,,,,,,,,,,,,,,,,,,1,-inf,"0.000,",,,,,,,,,1787050822.945217,gnb2,post,post,,,
2026-08-18T11:00:23.974588,2940,0x46,PUCCH,,,,,,,,,,,,,,,,,,1,-inf,"0.000,",,,,,,,,,1787050823.974588,gnb2,post,post,,,
2026-08-18T11:00:24.827112,2960,0x46,PUCCH,,,,,,,,,,,,,,,,,,1,-inf,"0.000,",,,,,,,,,1787050824.827112,gnb2,post,post,,,
2026-08-18T11:00:25.709810,2980,0x46,PUCCH,,,,,,,,,,,,,,,,,,1,-inf,"0.000,",,,,,,,,,1787050825.709810,gnb2,post,post,,,
2026-08-18T11:00:26.907863,3000,0x46,PUCCH,,,,,,,,,,,,,,,,,,1,-inf,"0.000,",,,,,,,,,1787050826.907863,gnb2,post,post,,,
2026-08-18T11:00:28.008934,3020,0x46,PUCCH,,,,,,,,,,,,,,,,,,1,-inf,"0.000,",,,,,,,,,1787050828.008934,gnb2,post,post,,,
2026-08-18T11:00:29.093174,3040,0x46,PUCCH,,,,,,,,,,,,,,,,,,1,-inf,"0.000,",,,,,,,,,1787050829.093174,gnb2,post,post,,,
2026-08-18T11:00:30.004154,3060,0x46,PUCCH,,,,,,,,,,,,,,,,,,1,-inf,"0.000,",,,,,,,,,1787050830.004154,gnb2,post,post,,,
2026-08-18T11:00:31.032647,3081,0x46,PUCCH,,,,,,,,,,,,,,,,,,2,111.8,"1.000,",,,,,,,,,1787050831.032647,gnb2,post,post,,,
2026-08-18T11:00:32.024032,3100,0x46,PUCCH,,,,,,,,,,,,,,,,,,1,-inf,"0.000,",,,,,,,,,1787050832.024032,gnb2,post,post,,,
2026-08-18T11:00:33.251984,3120,0x46,PUCCH,,,,,,,,,,,,,,,,,,1,-inf,"0.000,",,,,,,,,,1787050833.251984,gnb2,post,post,,,
2026-08-18T11:00:34.168245,3140,0x46,PUCCH,,,,,,,,,,,,,,,,,,1,-inf,"0.000,",,,,,,,,,1787050834.168245,gnb2,post,post,,,
2026-08-18T11:00:35.281169,3160,0x46,PUCCH,,,,,,,,,,,,,,,,,,1,-inf,"0.000,",,,,,,,,,1787050835.281169,gnb2,post,post,,,
2026-08-18T11:00:36.249793,3180,0x46,PUCCH,,,,,,,,,,,,,,,,,,1,-inf,"0.000,",,,,,,,,,1787050836.249793,gnb2,post,post,,,
2026-08-18T11:00:37.192323,3200,0x46,PUCCH,,,,,,,,,,,,,,,,,,1,-inf,"0.000,",,,,,,,,,1787050837.192323,gnb2,post,post,,,
2026-08-18T11:00:38.194737,3220,0x46,PUCCH,,,,,,,,,,,,,,,,,,1,-inf,"0.000,",,,,,,,,,1787050838.194737,gnb2,post,post,,,
2026-08-18T11:00:39.224275,3240,0x46,PUCCH,,,,,,,,,,,,,,,,,,1,-inf,"0.000,",,,,,,,,,1787050839.224275,gnb2,post,post,,,
2026-08-18T11:00:40.229351,3260,0x46,PUCCH,,,,,,,,,,,,,,,,,,1,-inf,"0.000,",,,,,,,,,1787050840.229351,gnb2,post,post,,,
2026-08-18T11:00:41.082384,3280,0x46,PUCCH,,,,,,,,,,,,,,,,,,1,-inf,"0.000,",,,,,,,,,1787050841.082384,gnb2,post,post,,,
2026-08-18T11:00:42.393539,3320,0x46,PUCCH,,,,,,,,,,,,,,,,,,1,-inf,"0.000,",,,,,,,,,1787050842.393539,gnb2,post,post,,,
2026-08-18T11:00:43.624720,3340,0x46,PUCCH,,,,,,,,,,,,,,,,,,1,-inf,"0.000,",,,,,,,,,1787050843.624720,gnb2,post,post,,,
2026-08-18T11:00:44.521656,3360,0x46,PUCCH,,,,,,,,,,,,,,,,,,1,-inf,"0.000,",,,,,,,,,1787050844.521656,gnb2,post,post,,,
2026-08-18T11:00:45.286966,3380,0x46,PUCCH,,,,,,,,,,,,,,,,,,1,-inf,"0.000,",,,,,,,,,1787050845.286966,gnb2,post,post,,,
2026-08-18T11:00:46.062200,3400,0x46,PUCCH,,,,,,,,,,,,,,,,,,1,-inf,"0.000,",,,,,,,,,1787050846.062200,gnb2,post,post,,,
2026-08-18T11:00:47.064630,3420,0x46,PUCCH,,,,,,,,,,,,,,,,,,1,-inf,"0.000,",,,,,,,,,1787050847.064630,gnb2,post,post,,,
2026-08-18T11:00:48.522856,3460,0x46,PUCCH,,,,,,,,,,,,,,,,,,1,-inf,"0.000,",,,,,,,,,1787050848.522856,gnb2,post,post,,,
2026-08-18T11:00:49.209198,3480,0x46,PUCCH,,,,,,,,,,,,,,,,,,1,-inf,"0.000,",,,,,,,,,1787050849.209198,gnb2,post,post,,,
2026-08-18T11:00:50.793367,3520,0x46,PUCCH,,,,,,,,,,,,,,,,,,1,-inf,"0.000,",,,,,,,,,1787050850.793367,gnb2,post,post,,,
2026-08-18T11:00:51.965348,3540,0x46,PUCCH,,,,,,,,,,,,,,,,,,1,-inf,"0.000,",,,,,,,,,1787050851.965348,gnb2,post,post,,,
2026-08-18T11:00:53.058467,3560,0x46,PUCCH,,,,,,,,,,,,,,,,,,1,-inf,"0.000,",,,,,,,,,1787050853.058467,gnb2,post,post,,,
2026-08-18T11:00:54.995637,3600,0x46,PUCCH,,,,,,,,,,,,,,,,,,1,-inf,"0.000,",,,,,,,,,1787050854.995637,gnb2,post,post,,,
2026-08-18T11:00:55.065213,3601,0x46,PUCCH,,,,,,,,,,,,,,,,,,2,111.8,"1.000,",,,,,,,,,1787050855.065213,gnb2,post,post,,,
2026-08-18T11:00:56.684365,3640,0x46,PUCCH,,,,,,,,,,,,,,,,,,1,-inf,"0.000,",,,,,,,,,1787050856.684365,gnb2,post,post,,,
2026-08-18T11:00:57.592032,3660,0x46,PUCCH,,,,,,,,,,,,,,,,,,1,-inf,"0.000,",,,,,,,,,1787050857.592032,gnb2,post,post,,,
2026-08-18T11:00:58.828169,3680,0x46,PUCCH,,,,,,,,,,,,,,,,,,1,-inf,"0.000,",,,,,,,,,1787050858.828169,gnb2,post,post,,,
2026-08-18T11:00:59.828109,3700,0x46,PUCCH,,,,,,,,,,,,,,,,,,1,-inf,"0.000,",,,,,,,,,1787050859.828109,gnb2,post,post,,,
2026-08-18T11:01:00.722489,3720,0x46,PUCCH,,,,,,,,,,,,,,,,,,1,-inf,"0.000,",,,,,,,,,1787050860.722489,gnb2,post,post,,,
2026-08-18T11:01:01.713844,3740,0x46,PUCCH,,,,,,,,,,,,,,,,,,1,-inf,"0.000,",,,,,,,,,1787050861.713844,gnb2,post,post,,,
2026-08-18T11:01:02.587965,3760,0x46,PUCCH,,,,,,,,,,,,,,,,,,1,-inf,"0.000,",,,,,,,,,1787050862.587965,gnb2,post,post,,,
2026-08-18T11:01:03.305396,3780,0x46,PUCCH,,,,,,,,,,,,,,,,,,1,-inf,"0.000,",,,,,,,,,1787050863.305396,gnb2,post,post,,,
2026-08-18T11:01:04.128101,3800,0x46,PUCCH,,,,,,,,,,,,,,,,,,1,-inf,"0.000,",,,,,,,,,1787050864.128101,gnb2,post,post,,,
2026-08-18T11:01:05.046637,3820,0x46,PUCCH,,,,,,,,,,,,,,,,,,1,-inf,"0.000,",,,,,,,,,1787050865.046637,gnb2,post,post,,,
2026-08-18T11:01:06.676630,3860,0x46,PUCCH,,,,,,,,,,,,,,,,,,1,-inf,"0.000,",,,,,,,,,1787050866.676630,gnb2,post,post,,,
2026-08-18T11:01:07.613516,3880,0x46,PUCCH,,,,,,,,,,,,,,,,,,1,-inf,"0.000,",,,,,,,,,1787050867.613516,gnb2,post,post,,,
2026-08-18T11:01:08.489770,3900,0x46,PUCCH,,,,,,,,,,,,,,,,,,1,-inf,"0.000,",,,,,,,,,1787050868.489770,gnb2,post,post,,,
2026-08-18T11:01:09.453616,3920,0x46,PUCCH,,,,,,,,,,,,,,,,,,1,-inf,"0.000,",,,,,,,,,1787050869.453616,gnb2,post,post,,,
2026-08-18T11:01:10.593976,3940,0x46,PUCCH,,,,,,,,,,,,,,,,,,1,-inf,"0.000,",,,,,,,,,1787050870.593976,gnb2,post,post,,,
2026-08-18T11:01:11.532063,3960,0x46,PUCCH,,,,,,,,,,,,,,,,,,1,-inf,"0.000,",,,,,,,,,1787050871.532063,gnb2,post,post,,,
2026-08-18T11:01:12.514569,3980,0x46,PUCCH,,,,,,,,,,,,,,,,,,1,-inf,"0.000,",,,,,,,,,1787050872.514569,gnb2,post,post,,,
2026-08-18T11:01:13.579099,4000,0x46,PUCCH,,,,,,,,,,,,,,,,,,1,-inf,"0.000,",,,,,,,,,1787050873.579099,gnb2,post,post,,,
2026-08-18T11:01:14.601416,4020,0x46,PUCCH,,,,,,,,,,,,,,,,,,1,-inf,"0.000,",,,,,,,,,1787050874.601416,gnb2,post,post,,,
2026-08-18T11:01:15.571592,4040,0x46,PUCCH,,,,,,,,,,,,,,,,,,1,-inf,"0.000,",,,,,,,,,1787050875.571592,gnb2,post,post,,,
2026-08-18T11:01:16.667132,4060,0x46,PUCCH,,,,,,,,,,,,,,,,,,1,-inf,"0.000,",,,,,,,,,1787050876.667132,gnb2,post,post,,,
2026-08-18T11:01:17.443274,4080,0x46,PUCCH,,,,,,,,,,,,,,,,,,1,-inf,"0.000,",,,,,,,,,1787050877.443274,gnb2,post,post,,,
2026-08-18T11:01:18.380621,4100,0x46,PUCCH,,,,,,,,,,,,,,,,,,1,-inf,"0.000,",,,,,,,,,1787050878.380621,gnb2,post,post,,,
2026-08-18T11:01:19.364202,4120,0x46,PUCCH,,,,,,,,,,,,,,,,,,1,-inf,"0.000,",,,,,,,,,1787050879.364202,gnb2,post,post,,,
2026-08-18T11:01:20.374170,4140,0x46,PUCCH,,,,,,,,,,,,,,,,,,1,-inf,"0.000,",,,,,,,,,1787050880.374170,gnb2,post,post,,,
2026-08-18T11:01:21.046378,4160,0x46,PUCCH,,,,,,,,,,,,,,,,,,1,-inf,"0.000,",,,,,,,,,1787050881.046378,gnb2,post,post,,,
2026-08-18T11:01:22.600898,4200,0x46,PUCCH,,,,,,,,,,,,,,,,,,1,-inf,"0.000,",,,,,,,,,1787050882.600898,gnb2,post,post,,,
2026-08-18T11:01:23.573886,4220,0x46,PUCCH,,,,,,,,,,,,,,,,,,1,-inf,"0.000,",,,,,,,,,1787050883.573886,gnb2,post,post,,,
2026-08-18T11:01:24.307320,4240,0x46,PUCCH,,,,,,,,,,,,,,,,,,1,-inf,"0.000,",,,,,,,,,1787050884.307320,gnb2,post,post,,,
2026-08-18T11:01:25.076161,4260,0x46,PUCCH,,,,,,,,,,,,,,,,,,1,-inf,"0.000,",,,,,,,,,1787050885.076161,gnb2,post,post,,,
2026-08-18T11:01:26.920234,4300,0x46,PUCCH,,,,,,,,,,,,,,,,,,1,-inf,"0.000,",,,,,,,,,1787050886.920234,gnb2,post,post,,,
2026-08-18T11:01:27.926415,4320,0x46,PUCCH,,,,,,,,,,,,,,,,,,1,-inf,"0.000,",,,,,,,,,1787050887.926415,gnb2,post,post,,,
2026-08-18T11:01:28.594158,4340,0x46,PUCCH,,,,,,,,,,,,,,,,,,1,-inf,"0.000,",,,,,,,,,1787050888.594158,gnb2,post,post,,,
2026-08-18T11:01:29.741530,4360,0x46,PUCCH,,,,,,,,,,,,,,,,,,1,-inf,"0.000,",,,,,,,,,1787050889.741530,gnb2,post,post,,,
2026-08-18T11:01:30.690431,4380,0x46,PUCCH,,,,,,,,,,,,,,,,,,1,-inf,"0.000,",,,,,,,,,1787050890.690431,gnb2,post,post,,,
2026-08-18T11:01:31.664266,4400,0x46,PUCCH,,,,,,,,,,,,,,,,,,1,-inf,"0.000,",,,,,,,,,1787050891.664266,gnb2,post,post,,,
2026-08-18T11:01:32.702353,4420,0x46,PUCCH,,,,,,,,,,,,,,,,,,1,-inf,"0.000,",,,,,,,,,1787050892.702353,gnb2,post,post,,,
2026-08-18T11:01:33.606113,4440,0x46,PUCCH,,,,,,,,,,,,,,,,,,1,-inf,"0.000,",,,,,,,,,1787050893.606113,gnb2,post,post,,,
2026-08-18T11:01:34.617343,4460,0x46,PUCCH,,,,,,,,,,,,,,,,,,1,-inf,"0.000,",,,,,,,,,1787050894.617343,gnb2,post,post,,,
2026-08-18T11:01:35.325315,4480,0x46,PUCCH,,,,,,,,,,,,,,,,,,1,-inf,"0.000,",,,,,,,,,1787050895.325315,gnb2,post,post,,,
2026-08-18T11:01:36.504245,4500,0x46,PUCCH,,,,,,,,,,,,,,,,,,1,-inf,"0.000,",,,,,,,,,1787050896.504245,gnb2,post,post,,,
2026-08-18T11:01:37.476088,4520,0x46,PUCCH,,,,,,,,,,,,,,,,,,1,-inf,"0.000,",,,,,,,,,1787050897.476088,gnb2,post,post,,,
2026-08-18T11:01:38.275383,4540,0x46,PUCCH,,,,,,,,,,,,,,,,,,1,-inf,"0.000,",,,,,,,,,1787050898.275383,gnb2,post,post,,,
2026-08-18T11:01:39.749410,4580,0x46,PUCCH,,,,,,,,,,,,,,,,,,1,-inf,"0.000,",,,,,,,,,1787050899.749410,gnb2,post,post,,,
2026-08-18T11:01:40.592015,4600,0x46,PUCCH,,,,,,,,,,,,,,,,,,1,-inf,"0.000,",,,,,,,,,1787050900.592015,gnb2,post,post,,,
2026-08-18T11:01:41.429870,4620,0x46,PUCCH,,,,,,,,,,,,,,,,,,1,-inf,"0.000,",,,,,,,,,1787050901.429870,gnb2,post,post,,,
2026-08-18T11:01:42.345791,4640,0x46,PUCCH,,,,,,,,,,,,,,,,,,1,-inf,"0.000,",,,,,,,,,1787050902.345791,gnb2,post,post,,,
2026-08-18T11:01:43.177541,4660,0x46,PUCCH,,,,,,,,,,,,,,,,,,1,-inf,"0.000,",,,,,,,,,1787050903.177541,gnb2,post,post,,,
2026-08-18T11:01:44.061035,4681,0x46,PUCCH,,,,,,,,,,,,,,,,,,2,111.8,"1.000,",,,,,,,,,1787050904.061035,gnb2,post,post,,,
2026-08-18T11:01:45.741979,4720,0x46,PUCCH,,,,,,,,,,,,,,,,,,1,-inf,"0.000,",,,,,,,,,1787050905.741979,gnb2,post,post,,,
2026-08-18T11:01:46.511084,4740,0x46,PUCCH,,,,,,,,,,,,,,,,,,1,-inf,"0.000,",,,,,,,,,1787050906.511084,gnb2,post,post,,,
2026-08-18T11:01:47.324018,4760,0x46,PUCCH,,,,,,,,,,,,,,,,,,1,-inf,"0.000,",,,,,,,,,1787050907.324018,gnb2,post,post,,,
2026-08-18T11:01:48.208806,4780,0x46,PUCCH,,,,,,,,,,,,,,,,,,1,-inf,"0.000,",,,,,,,,,1787050908.208806,gnb2,post,post,,,
2026-08-18T11:01:49.124802,4800,0x46,PUCCH,,,,,,,,,,,,,,,,,,1,-inf,"0.000,",,,,,,,,,1787050909.124802,gnb2,post,post,,,
2026-08-18T11:01:50.733551,4840,0x46,PUCCH,,,,,,,,,,,,,,,,,,1,-inf,"0.000,",,,,,,,,,1787050910.733551,gnb2,post,post,,,
2026-08-18T11:01:51.855086,4860,0x46,PUCCH,,,,,,,,,,,,,,,,,,1,-inf,"0.000,",,,,,,,,,1787050911.855086,gnb2,post,post,,,
2026-08-18T11:01:52.957786,4880,0x46,PUCCH,,,,,,,,,,,,,,,,,,1,-inf,"0.000,",,,,,,,,,1787050912.957786,gnb2,post,post,,,
2026-08-18T11:01:53.008900,4881,0x46,PUCCH,,,,,,,,,,,,,,,,,,2,111.8,"1.000,",,,,,,,,,1787050913.008900,gnb2,post,post,,,
2026-08-18T11:01:54.964280,4920,0x46,PUCCH,,,,,,,,,,,,,,,,,,1,-inf,"0.000,",,,,,,,,,1787050914.964280,gnb2,post,post,,,
2026-08-18T11:01:55.025334,4921,0x46,PUCCH,,,,,,,,,,,,,,,,,,2,111.8,"1.000,",,,,,,,,,1787050915.025334,gnb2,post,post,,,
2026-08-18T11:01:56.861417,4960,0x46,PUCCH,,,,,,,,,,,,,,,,,,1,-inf,"0.000,",,,,,,,,,1787050916.861417,gnb2,post,post,,,
2026-08-18T11:01:57.719744,4980,0x46,PUCCH,,,,,,,,,,,,,,,,,,1,-inf,"0.000,",,,,,,,,,1787050917.719744,gnb2,post,post,,,
2026-08-18T11:01:58.393993,5000,0x46,PUCCH,,,,,,,,,,,,,,,,,,1,-inf,"0.000,",,,,,,,,,1787050918.393993,gnb2,post,post,,,
2026-08-18T11:01:59.085096,5020,0x46,PUCCH,,,,,,,,,,,,,,,,,,1,-inf,"0.000,",,,,,,,,,1787050919.085096,gnb2,post,post,,,
2026-08-18T11:02:00.005322,5041,0x46,PUCCH,,,,,,,,,,,,,,,,,,2,111.8,"1.000,",,,,,,,,,1787050920.005322,gnb2,post,post,,,
2026-08-18T11:02:01.851914,5080,0x46,PUCCH,,,,,,,,,,,,,,,,,,1,-inf,"0.000,",,,,,,,,,1787050921.851914,gnb2,post,post,,,
2026-08-18T11:02:03.040899,5100,0x46,PUCCH,,,,,,,,,,,,,,,,,,1,-inf,"0.000,",,,,,,,,,1787050923.040899,gnb2,post,post,,,
2026-08-18T11:02:04.028905,5120,0x46,PUCCH,,,,,,,,,,,,,,,,,,1,-inf,"0.000,",,,,,,,,,1787050924.028905,gnb2,post,post,,,
2026-08-18T11:02:05.021949,5140,0x46,PUCCH,,,,,,,,,,,,,,,,,,1,-inf,"0.000,",,,,,,,,,1787050925.021949,gnb2,post,post,,,
2026-08-18T11:02:06.713459,5180,0x46,PUCCH,,,,,,,,,,,,,,,,,,1,-inf,"0.000,",,,,,,,,,1787050926.713459,gnb2,post,post,,,
2026-08-18T11:02:07.640929,5200,0x46,PUCCH,,,,,,,,,,,,,,,,,,1,-inf,"0.000,",,,,,,,,,1787050927.640929,gnb2,post,post,,,
2026-08-18T11:02:08.495613,5220,0x46,PUCCH,,,,,,,,,,,,,,,,,,1,-inf,"0.000,",,,,,,,,,1787050928.495613,gnb2,post,post,,,
2026-08-18T11:02:09.210272,5240,0x46,PUCCH,,,,,,,,,,,,,,,,,,1,-inf,"0.000,",,,,,,,,,1787050929.210272,gnb2,post,post,,,
2026-08-18T11:02:10.009026,5260,0x46,PUCCH,,,,,,,,,,,,,,,,,,1,-inf,"0.000,",,,,,,,,,1787050930.009026,gnb2,post,post,,,
2026-08-18T11:02:11.607249,5300,0x46,PUCCH,,,,,,,,,,,,,,,,,,1,-inf,"0.000,",,,,,,,,,1787050931.607249,gnb2,post,post,,,
2026-08-18T11:02:12.398022,5320,0x46,PUCCH,,,,,,,,,,,,,,,,,,1,-inf,"0.000,",,,,,,,,,1787050932.398022,gnb2,post,post,,,
2026-08-18T11:02:13.408351,5340,0x46,PUCCH,,,,,,,,,,,,,,,,,,1,-inf,"0.000,",,,,,,,,,1787050933.408351,gnb2,post,post,,,
2026-08-18T11:02:14.893849,5360,0x46,PUCCH,,,,,,,,,,,,,,,,,,1,-inf,"0.000,",,,,,,,,,1787050934.893849,gnb2,post,post,,,
2026-08-18T11:02:16.040932,5380,0x46,PUCCH,,,,,,,,,,,,,,,,,,1,-inf,"0.000,",,,,,,,,,1787050936.040932,gnb2,post,post,,,
2026-08-18T11:02:17.416990,5420,0x46,PUCCH,,,,,,,,,,,,,,,,,,1,-inf,"0.000,",,,,,,,,,1787050937.416990,gnb2,post,post,,,
2026-08-18T11:02:18.071901,5440,0x46,PUCCH,,,,,,,,,,,,,,,,,,1,-inf,"0.000,",,,,,,,,,1787050938.071901,gnb2,post,post,,,
2026-08-18T11:02:19.898882,5480,0x46,PUCCH,,,,,,,,,,,,,,,,,,1,-inf,"0.000,",,,,,,,,,1787050939.898882,gnb2,post,post,,,
2026-08-18T11:02:20.997292,5500,0x46,PUCCH,,,,,,,,,,,,,,,,,,1,-inf,"0.000,",,,,,,,,,1787050940.997292,gnb2,post,post,,,
2026-08-18T11:02:21.861009,5520,0x46,PUCCH,,,,,,,,,,,,,,,,,,1,-inf,"0.000,",,,,,,,,,1787050941.861009,gnb2,post,post,,,
2026-08-18T11:02:22.544250,5540,0x46,PUCCH,,,,,,,,,,,,,,,,,,1,-inf,"0.000,",,,,,,,,,1787050942.544250,gnb2,post,post,,,
2026-08-18T11:02:23.254397,5560,0x46,PUCCH,,,,,,,,,,,,,,,,,,1,-inf,"0.000,",,,,,,,,,1787050943.254397,gnb2,post,post,,,
2026-08-18T11:02:24.230731,5580,0x46,PUCCH,,,,,,,,,,,,,,,,,,1,-inf,"0.000,",,,,,,,,,1787050944.230731,gnb2,post,post,,,
2026-08-18T11:02:25.870287,5620,0x46,PUCCH,,,,,,,,,,,,,,,,,,1,-inf,"0.000,",,,,,,,,,1787050945.870287,gnb2,post,post,,,
2026-08-18T11:02:27.187493,5640,0x46,PUCCH,,,,,,,,,,,,,,,,,,1,-inf,"0.000,",,,,,,,,,1787050947.187493,gnb2,post,post,,,
2026-08-18T11:02:28.241954,5660,0x46,PUCCH,,,,,,,,,,,,,,,,,,1,-inf,"0.000,",,,,,,,,,1787050948.241954,gnb2,post,post,,,
2026-08-18T11:02:29.456003,5680,0x46,PUCCH,,,,,,,,,,,,,,,,,,1,-inf,"0.000,",,,,,,,,,1787050949.456003,gnb2,post,post,,,
2026-08-18T11:02:31.036452,5700,0x46,PUCCH,,,,,,,,,,,,,,,,,,1,-inf,"0.000,",,,,,,,,,1787050951.036452,gnb2,post,post,,,
2026-08-18T11:02:32.132249,5720,0x46,PUCCH,,,,,,,,,,,,,,,,,,1,-inf,"0.000,",,,,,,,,,1787050952.132249,gnb2,post,post,,,
2026-08-18T11:02:33.392420,5760,0x46,PUCCH,,,,,,,,,,,,,,,,,,1,-inf,"0.000,",,,,,,,,,1787050953.392420,gnb2,post,post,,,
2026-08-18T11:02:34.085315,5780,0x46,PUCCH,,,,,,,,,,,,,,,,,,1,-inf,"0.000,",,,,,,,,,1787050954.085315,gnb2,post,post,,,
2026-08-18T11:02:35.686223,5820,0x46,PUCCH,,,,,,,,,,,,,,,,,,1,-inf,"0.000,",,,,,,,,,1787050955.686223,gnb2,post,post,,,
2026-08-18T11:02:36.849753,5840,0x46,PUCCH,,,,,,,,,,,,,,,,,,1,-inf,"0.000,",,,,,,,,,1787050956.849753,gnb2,post,post,,,
2026-08-18T11:02:37.677601,5860,0x46,PUCCH,,,,,,,,,,,,,,,,,,1,-inf,"0.000,",,,,,,,,,1787050957.677601,gnb2,post,post,,,
2026-08-18T11:02:38.502624,5880,0x46,PUCCH,,,,,,,,,,,,,,,,,,1,-inf,"0.000,",,,,,,,,,1787050958.502624,gnb2,post,post,,,
2026-08-18T11:02:40.194946,5900,0x46,PUCCH,,,,,,,,,,,,,,,,,,1,-inf,"0.000,",,,,,,,,,1787050960.194946,gnb2,post,post,,,
2026-08-18T11:02:41.506151,5920,0x46,PUCCH,,,,,,,,,,,,,,,,,,1,-inf,"0.000,",,,,,,,,,1787050961.506151,gnb2,post,post,,,
2026-08-18T11:02:42.787356,5940,0x46,PUCCH,,,,,,,,,,,,,,,,,,1,-inf,"0.000,",,,,,,,,,1787050962.787356,gnb2,post,post,,,
2026-08-18T11:02:43.706639,5960,0x46,PUCCH,,,,,,,,,,,,,,,,,,1,-inf,"0.000,",,,,,,,,,1787050963.706639,gnb2,post,post,,,
2026-08-18T11:02:44.702311,5980,0x46,PUCCH,,,,,,,,,,,,,,,,,,1,-inf,"0.000,",,,,,,,,,1787050964.702311,gnb2,post,post,,,
2026-08-18T11:02:45.627341,6000,0x46,PUCCH,,,,,,,,,,,,,,,,,,1,-inf,"0.000,",,,,,,,,,1787050965.627341,gnb2,post,post,,,
2026-08-18T11:02:46.451648,6020,0x46,PUCCH,,,,,,,,,,,,,,,,,,1,-inf,"0.000,",,,,,,,,,1787050966.451648,gnb2,post,post,,,
2026-08-18T11:02:47.581839,6040,0x46,PUCCH,,,,,,,,,,,,,,,,,,1,-inf,"0.000,",,,,,,,,,1787050967.581839,gnb2,post,post,,,
2026-08-18T11:02:48.699780,6060,0x46,PUCCH,,,,,,,,,,,,,,,,,,1,-inf,"0.000,",,,,,,,,,1787050968.699780,gnb2,post,post,,,
2026-08-18T11:02:49.671165,6080,0x46,PUCCH,,,,,,,,,,,,,,,,,,1,-inf,"0.000,",,,,,,,,,1787050969.671165,gnb2,post,post,,,
2026-08-18T11:02:50.556655,6100,0x46,PUCCH,,,,,,,,,,,,,,,,,,1,-inf,"0.000,",,,,,,,,,1787050970.556655,gnb2,post,post,,,
2026-08-18T11:02:51.572035,6120,0x46,PUCCH,,,,,,,,,,,,,,,,,,1,-inf,"0.000,",,,,,,,,,1787050971.572035,gnb2,post,post,,,
2026-08-18T11:02:52.422703,6140,0x46,PUCCH,,,,,,,,,,,,,,,,,,1,-inf,"0.000,",,,,,,,,,1787050972.422703,gnb2,post,post,,,
2026-08-18T11:02:53.441554,6160,0x46,PUCCH,,,,,,,,,,,,,,,,,,1,-inf,"0.000,",,,,,,,,,1787050973.441554,gnb2,post,post,,,
2026-08-18T11:02:54.475341,6180,0x46,PUCCH,,,,,,,,,,,,,,,,,,1,-inf,"0.000,",,,,,,,,,1787050974.475341,gnb2,post,post,,,
2026-08-18T11:02:55.320450,6200,0x46,PUCCH,,,,,,,,,,,,,,,,,,1,-inf,"0.000,",,,,,,,,,1787050975.320450,gnb2,post,post,,,
2026-08-18T11:02:56.259222,6220,0x46,PUCCH,,,,,,,,,,,,,,,,,,1,-inf,"0.000,",,,,,,,,,1787050976.259222,gnb2,post,post,,,
2026-08-18T11:02:57.283402,6240,0x46,PUCCH,,,,,,,,,,,,,,,,,,1,-inf,"0.000,",,,,,,,,,1787050977.283402,gnb2,post,post,,,
2026-08-18T11:02:58.119636,6260,0x46,PUCCH,,,,,,,,,,,,,,,,,,1,-inf,"0.000,",,,,,,,,,1787050978.119636,gnb2,post,post,,,
2026-08-18T11:02:59.743928,6300,0x46,PUCCH,,,,,,,,,,,,,,,,,,1,-inf,"0.000,",,,,,,,,,1787050979.743928,gnb2,post,post,,,
2026-08-18T11:03:00.661933,6320,0x46,PUCCH,,,,,,,,,,,,,,,,,,1,-inf,"0.000,",,,,,,,,,1787050980.661933,gnb2,post,post,,,
2026-08-18T11:03:01.820525,6340,0x46,PUCCH,,,,,,,,,,,,,,,,,,1,-inf,"0.000,",,,,,,,,,1787050981.820525,gnb2,post,post,,,
2026-08-18T11:03:02.784956,6360,0x46,PUCCH,,,,,,,,,,,,,,,,,,1,-inf,"0.000,",,,,,,,,,1787050982.784956,gnb2,post,post,,,
2026-08-18T11:03:03.594218,6380,0x46,PUCCH,,,,,,,,,,,,,,,,,,1,-inf,"0.000,",,,,,,,,,1787050983.594218,gnb2,post,post,,,
2026-08-18T11:03:04.496735,6400,0x46,PUCCH,,,,,,,,,,,,,,,,,,1,-inf,"0.000,",,,,,,,,,1787050984.496735,gnb2,post,post,,,
2026-08-18T11:03:05.494523,6420,0x46,PUCCH,,,,,,,,,,,,,,,,,,1,-inf,"0.000,",,,,,,,,,1787050985.494523,gnb2,post,post,,,
2026-08-18T11:03:06.598610,6440,0x46,PUCCH,,,,,,,,,,,,,,,,,,1,-inf,"0.000,",,,,,,,,,1787050986.598610,gnb2,post,post,,,
2026-08-18T11:03:07.340423,6460,0x46,PUCCH,,,,,,,,,,,,,,,,,,1,-inf,"0.000,",,,,,,,,,1787050987.340423,gnb2,post,post,,,
2026-08-18T11:03:08.094351,6480,0x46,PUCCH,,,,,,,,,,,,,,,,,,1,-inf,"0.000,",,,,,,,,,1787050988.094351,gnb2,post,post,,,
2026-08-18T11:03:09.163542,6500,0x46,PUCCH,,,,,,,,,,,,,,,,,,1,-inf,"0.000,",,,,,,,,,1787050989.163542,gnb2,post,post,,,
2026-08-18T11:03:10.012358,6520,0x46,PUCCH,,,,,,,,,,,,,,,,,,1,-inf,"0.000,",,,,,,,,,1787050990.012358,gnb2,post,post,,,
2026-08-18T11:03:11.923380,6560,0x46,PUCCH,,,,,,,,,,,,,,,,,,1,-inf,"0.000,",,,,,,,,,1787050991.923380,gnb2,post,post,,,
2026-08-18T11:03:12.646332,6580,0x46,PUCCH,,,,,,,,,,,,,,,,,,1,-inf,"0.000,",,,,,,,,,1787050992.646332,gnb2,post,post,,,
2026-08-18T11:03:13.600154,6600,0x46,PUCCH,,,,,,,,,,,,,,,,,,1,-inf,"0.000,",,,,,,,,,1787050993.600154,gnb2,post,post,,,
2026-08-18T11:03:14.841482,6620,0x46,PUCCH,,,,,,,,,,,,,,,,,,1,-inf,"0.000,",,,,,,,,,1787050994.841482,gnb2,post,post,,,
2026-08-18T11:03:16.034851,6640,0x46,PUCCH,,,,,,,,,,,,,,,,,,1,-inf,"0.000,",,,,,,,,,1787050996.034851,gnb2,post,post,,,
2026-08-18T11:03:17.396739,6660,0x46,PUCCH,,,,,,,,,,,,,,,,,,1,-inf,"0.000,",,,,,,,,,1787050997.396739,gnb2,post,post,,,
2026-08-18T11:03:18.505813,6680,0x46,PUCCH,,,,,,,,,,,,,,,,,,1,-inf,"0.000,",,,,,,,,,1787050998.505813,gnb2,post,post,,,
2026-08-18T11:03:19.375321,6700,0x46,PUCCH,,,,,,,,,,,,,,,,,,1,-inf,"0.000,",,,,,,,,,1787050999.375321,gnb2,post,post,,,
2026-08-18T11:03:20.499639,6720,0x46,PUCCH,,,,,,,,,,,,,,,,,,1,-inf,"0.000,",,,,,,,,,1787051000.499639,gnb2,post,post,,,
2026-08-18T11:03:21.436313,6740,0x46,PUCCH,,,,,,,,,,,,,,,,,,1,-inf,"0.000,",,,,,,,,,1787051001.436313,gnb2,post,post,,,
2026-08-18T11:03:22.985536,6760,0x46,PUCCH,,,,,,,,,,,,,,,,,,1,-inf,"0.000,",,,,,,,,,1787051002.985536,gnb2,post,post,,,
2026-08-18T11:03:23.033958,6761,0x46,PUCCH,,,,,,,,,,,,,,,,,,2,111.8,"1.000,",,,,,,,,,1787051003.033958,gnb2,post,post,,,
2026-08-18T11:03:24.531092,6800,0x46,PUCCH,,,,,,,,,,,,,,,,,,1,-inf,"0.000,",,,,,,,,,1787051004.531092,gnb2,post,post,,,
2026-08-18T11:03:26.087014,6820,0x46,PUCCH,,,,,,,,,,,,,,,,,,1,-inf,"0.000,",,,,,,,,,1787051006.087014,gnb2,post,post,,,
2026-08-18T11:03:27.840024,6860,0x46,PUCCH,,,,,,,,,,,,,,,,,,1,-inf,"0.000,",,,,,,,,,1787051007.840024,gnb2,post,post,,,
2026-08-18T11:03:28.567051,6880,0x46,PUCCH,,,,,,,,,,,,,,,,,,1,-inf,"0.000,",,,,,,,,,1787051008.567051,gnb2,post,post,,,
2026-08-18T11:03:29.325833,6900,0x46,PUCCH,,,,,,,,,,,,,,,,,,1,-inf,"0.000,",,,,,,,,,1787051009.325833,gnb2,post,post,,,
2026-08-18T11:03:30.310904,6920,0x46,PUCCH,,,,,,,,,,,,,,,,,,1,-inf,"0.000,",,,,,,,,,1787051010.310904,gnb2,post,post,,,
2026-08-18T11:03:31.445417,6940,0x46,PUCCH,,,,,,,,,,,,,,,,,,1,-inf,"0.000,",,,,,,,,,1787051011.445417,gnb2,post,post,,,
2026-08-18T11:03:32.151247,6960,0x46,PUCCH,,,,,,,,,,,,,,,,,,1,-inf,"0.000,",,,,,,,,,1787051012.151247,gnb2,post,post,,,
2026-08-18T11:03:33.055488,6980,0x46,PUCCH,,,,,,,,,,,,,,,,,,1,-inf,"0.000,",,,,,,,,,1787051013.055488,gnb2,post,post,,,
2026-08-18T11:03:34.572174,7000,0x46,PUCCH,,,,,,,,,,,,,,,,,,1,-inf,"0.000,",,,,,,,,,1787051014.572174,gnb2,post,post,,,
2026-08-18T11:03:35.675552,7020,0x46,PUCCH,,,,,,,,,,,,,,,,,,1,-inf,"0.000,",,,,,,,,,1787051015.675552,gnb2,post,post,,,
2026-08-18T11:03:36.882977,7040,0x46,PUCCH,,,,,,,,,,,,,,,,,,1,-inf,"0.000,",,,,,,,,,1787051016.882977,gnb2,post,post,,,
2026-08-18T11:03:37.880239,7060,0x46,PUCCH,,,,,,,,,,,,,,,,,,1,-inf,"0.000,",,,,,,,,,1787051017.880239,gnb2,post,post,,,
2026-08-18T11:03:38.624944,7080,0x46,PUCCH,,,,,,,,,,,,,,,,,,1,-inf,"0.000,",,,,,,,,,1787051018.624944,gnb2,post,post,,,
2026-08-18T11:03:39.439806,7100,0x46,PUCCH,,,,,,,,,,,,,,,,,,1,-inf,"0.000,",,,,,,,,,1787051019.439806,gnb2,post,post,,,
2026-08-18T11:03:40.205491,7120,0x46,PUCCH,,,,,,,,,,,,,,,,,,1,-inf,"0.000,",,,,,,,,,1787051020.205491,gnb2,post,post,,,
2026-08-18T11:03:41.597294,7160,0x46,PUCCH,,,,,,,,,,,,,,,,,,1,-inf,"0.000,",,,,,,,,,1787051021.597294,gnb2,post,post,,,
2026-08-18T11:03:42.515030,7180,0x46,PUCCH,,,,,,,,,,,,,,,,,,1,-inf,"0.000,",,,,,,,,,1787051022.515030,gnb2,post,post,,,
2026-08-18T11:03:43.328524,7200,0x46,PUCCH,,,,,,,,,,,,,,,,,,1,-inf,"0.000,",,,,,,,,,1787051023.328524,gnb2,post,post,,,
2026-08-18T11:03:44.144671,7220,0x46,PUCCH,,,,,,,,,,,,,,,,,,1,-inf,"0.000,",,,,,,,,,1787051024.144671,gnb2,post,post,,,
2026-08-18T11:03:45.629781,7260,0x46,PUCCH,,,,,,,,,,,,,,,,,,1,-inf,"0.000,",,,,,,,,,1787051025.629781,gnb2,post,post,,,
2026-08-18T11:03:46.295370,7280,0x46,PUCCH,,,,,,,,,,,,,,,,,,1,-inf,"0.000,",,,,,,,,,1787051026.295370,gnb2,post,post,,,
2026-08-18T11:03:47.754923,7320,0x46,PUCCH,,,,,,,,,,,,,,,,,,1,-inf,"0.000,",,,,,,,,,1787051027.754923,gnb2,post,post,,,
2026-08-18T11:03:48.711606,7340,0x46,PUCCH,,,,,,,,,,,,,,,,,,1,-inf,"0.000,",,,,,,,,,1787051028.711606,gnb2,post,post,,,
2026-08-18T11:03:49.662035,7360,0x46,PUCCH,,,,,,,,,,,,,,,,,,1,-inf,"0.000,",,,,,,,,,1787051029.662035,gnb2,post,post,,,
2026-08-18T11:03:50.769793,7380,0x46,PUCCH,,,,,,,,,,,,,,,,,,1,-inf,"0.000,",,,,,,,,,1787051030.769793,gnb2,post,post,,,
2026-08-18T11:03:51.769771,7400,0x46,PUCCH,,,,,,,,,,,,,,,,,,1,-inf,"0.000,",,,,,,,,,1787051031.769771,gnb2,post,post,,,
2026-08-18T11:03:53.035349,7420,0x46,PUCCH,,,,,,,,,,,,,,,,,,1,-inf,"0.000,",,,,,,,,,1787051033.035349,gnb2,post,post,,,
2026-08-18T11:03:54.255450,7440,0x46,PUCCH,,,,,,,,,,,,,,,,,,1,-inf,"0.000,",,,,,,,,,1787051034.255450,gnb2,post,post,,,
2026-08-18T11:03:55.650681,7480,0x46,PUCCH,,,,,,,,,,,,,,,,,,1,-inf,"0.000,",,,,,,,,,1787051035.650681,gnb2,post,post,,,
2026-08-18T11:03:56.504809,7500,0x46,PUCCH,,,,,,,,,,,,,,,,,,1,-inf,"0.000,",,,,,,,,,1787051036.504809,gnb2,post,post,,,
2026-08-18T11:03:57.671326,7520,0x46,PUCCH,,,,,,,,,,,,,,,,,,1,-inf,"0.000,",,,,,,,,,1787051037.671326,gnb2,post,post,,,
2026-08-18T11:03:58.839773,7540,0x46,PUCCH,,,,,,,,,,,,,,,,,,1,-inf,"0.000,",,,,,,,,,1787051038.839773,gnb2,post,post,,,
2026-08-18T11:03:59.699353,7560,0x46,PUCCH,,,,,,,,,,,,,,,,,,1,-inf,"0.000,",,,,,,,,,1787051039.699353,gnb2,post,post,,,
2026-08-18T11:04:00.387843,7580,0x46,PUCCH,,,,,,,,,,,,,,,,,,1,-inf,"0.000,",,,,,,,,,1787051040.387843,gnb2,post,post,,,
2026-08-18T11:04:01.256227,7600,0x46,PUCCH,,,,,,,,,,,,,,,,,,1,-inf,"0.000,",,,,,,,,,1787051041.256227,gnb2,post,post,,,
2026-08-18T11:04:02.430449,7620,0x46,PUCCH,,,,,,,,,,,,,,,,,,1,-inf,"0.000,",,,,,,,,,1787051042.430449,gnb2,post,post,,,
2026-08-18T11:04:03.444174,7640,0x46,PUCCH,,,,,,,,,,,,,,,,,,1,-inf,"0.000,",,,,,,,,,1787051043.444174,gnb2,post,post,,,
2026-08-18T11:04:04.314497,7660,0x46,PUCCH,,,,,,,,,,,,,,,,,,1,-inf,"0.000,",,,,,,,,,1787051044.314497,gnb2,post,post,,,
2026-08-18T11:04:05.299097,7680,0x46,PUCCH,,,,,,,,,,,,,,,,,,1,-inf,"0.000,",,,,,,,,,1787051045.299097,gnb2,post,post,,,
2026-08-18T11:04:06.244526,7700,0x46,PUCCH,,,,,,,,,,,,,,,,,,1,-inf,"0.000,",,,,,,,,,1787051046.244526,gnb2,post,post,,,
2026-08-18T11:04:07.135616,7720,0x46,PUCCH,,,,,,,,,,,,,,,,,,1,-inf,"0.000,",,,,,,,,,1787051047.135616,gnb2,post,post,,,
2026-08-18T11:04:08.413203,7760,0x46,PUCCH,,,,,,,,,,,,,,,,,,1,-inf,"0.000,",,,,,,,,,1787051048.413203,gnb2,post,post,,,
2026-08-18T11:04:09.148559,7780,0x46,PUCCH,,,,,,,,,,,,,,,,,,1,-inf,"0.000,",,,,,,,,,1787051049.148559,gnb2,post,post,,,
2026-08-18T11:04:10.023060,7800,0x46,PUCCH,,,,,,,,,,,,,,,,,,1,-inf,"0.000,",,,,,,,,,1787051050.023060,gnb2,post,post,,,
2026-08-18T11:04:11.643979,7860,0x46,PUCCH,,,,,,,,,,,,,,,,,,1,-inf,"0.000,",,,,,,,,,1787051051.643979,gnb2,post,post,,,
2026-08-18T11:04:12.214147,7880,0x46,PUCCH,,,,,,,,,,,,,,,,,,1,-inf,"0.000,",,,,,,,,,1787051052.214147,gnb2,post,post,,,
2026-08-18T11:04:13.726521,7920,0x46,PUCCH,,,,,,,,,,,,,,,,,,1,-inf,"0.000,",,,,,,,,,1787051053.726521,gnb2,post,post,,,
2026-08-18T11:04:14.511671,7940,0x46,PUCCH,,,,,,,,,,,,,,,,,,1,-inf,"0.000,",,,,,,,,,1787051054.511671,gnb2,post,post,,,
2026-08-18T11:04:15.223099,7960,0x46,PUCCH,,,,,,,,,,,,,,,,,,1,-inf,"0.000,",,,,,,,,,1787051055.223099,gnb2,post,post,,,
2026-08-18T11:04:16.681272,8000,0x46,PUCCH,,,,,,,,,,,,,,,,,,1,-inf,"0.000,",,,,,,,,,1787051056.681272,gnb2,post,post,,,
2026-08-18T11:04:17.515278,8020,0x46,PUCCH,,,,,,,,,,,,,,,,,,1,-inf,"0.000,",,,,,,,,,1787051057.515278,gnb2,post,post,,,
2026-08-18T11:04:18.416667,8040,0x46,PUCCH,,,,,,,,,,,,,,,,,,1,-inf,"0.000,",,,,,,,,,1787051058.416667,gnb2,post,post,,,
2026-08-18T11:04:19.461717,8060,0x46,PUCCH,,,,,,,,,,,,,,,,,,1,-inf,"0.000,",,,,,,,,,1787051059.461717,gnb2,post,post,,,
2026-08-18T11:04:20.178212,8080,0x46,PUCCH,,,,,,,,,,,,,,,,,,1,-inf,"0.000,",,,,,,,,,1787051060.178212,gnb2,post,post,,,
2026-08-18T11:04:21.584110,8120,0x46,PUCCH,,,,,,,,,,,,,,,,,,1,-inf,"0.000,",,,,,,,,,1787051061.584110,gnb2,post,post,,,
2026-08-18T11:04:22.477235,8140,0x46,PUCCH,,,,,,,,,,,,,,,,,,1,-inf,"0.000,",,,,,,,,,1787051062.477235,gnb2,post,post,,,
2026-08-18T11:04:23.225626,8160,0x46,PUCCH,,,,,,,,,,,,,,,,,,1,-inf,"0.000,",,,,,,,,,1787051063.225626,gnb2,post,post,,,
2026-08-18T11:04:24.037796,8180,0x46,PUCCH,,,,,,,,,,,,,,,,,,1,-inf,"0.000,",,,,,,,,,1787051064.037796,gnb2,post,post,,,
2026-08-18T11:04:25.399958,8220,0x46,PUCCH,,,,,,,,,,,,,,,,,,1,-inf,"0.000,",,,,,,,,,1787051065.399958,gnb2,post,post,,,
2026-08-18T11:04:26.004388,8241,0x46,PUCCH,,,,,,,,,,,,,,,,,,2,111.8,"1.000,",,,,,,,,,1787051066.004388,gnb2,post,post,,,
2026-08-18T11:04:27.615404,8280,0x46,PUCCH,,,,,,,,,,,,,,,,,,1,-inf,"0.000,",,,,,,,,,1787051067.615404,gnb2,post,post,,,
2026-08-18T11:04:28.295583,8300,0x46,PUCCH,,,,,,,,,,,,,,,,,,1,-inf,"0.000,",,,,,,,,,1787051068.295583,gnb2,post,post,,,
2026-08-18T11:04:29.614342,8340,0x46,PUCCH,,,,,,,,,,,,,,,,,,1,-inf,"0.000,",,,,,,,,,1787051069.614342,gnb2,post,post,,,
2026-08-18T11:04:30.223241,8360,0x46,PUCCH,,,,,,,,,,,,,,,,,,1,-inf,"0.000,",,,,,,,,,1787051070.223241,gnb2,post,post,,,
2026-08-18T11:04:31.882228,8400,0x46,PUCCH,,,,,,,,,,,,,,,,,,1,-inf,"0.000,",,,,,,,,,1787051071.882228,gnb2,post,post,,,
2026-08-18T11:04:32.918398,8420,0x46,PUCCH,,,,,,,,,,,,,,,,,,1,-inf,"0.000,",,,,,,,,,1787051072.918398,gnb2,post,post,,,
2026-08-18T11:04:34.157183,8440,0x46,PUCCH,,,,,,,,,,,,,,,,,,1,-inf,"0.000,",,,,,,,,,1787051074.157183,gnb2,post,post,,,
2026-08-18T11:04:35.716016,8480,0x46,PUCCH,,,,,,,,,,,,,,,,,,1,-inf,"0.000,",,,,,,,,,1787051075.716016,gnb2,post,post,,,
2026-08-18T11:04:36.456935,8500,0x46,PUCCH,,,,,,,,,,,,,,,,,,1,-inf,"0.000,",,,,,,,,,1787051076.456935,gnb2,post,post,,,
2026-08-18T11:04:37.186119,8520,0x46,PUCCH,,,,,,,,,,,,,,,,,,1,-inf,"0.000,",,,,,,,,,1787051077.186119,gnb2,post,post,,,
2026-08-18T11:04:38.418775,8540,0x46,PUCCH,,,,,,,,,,,,,,,,,,1,-inf,"0.000,",,,,,,,,,1787051078.418775,gnb2,post,post,,,
2026-08-18T11:04:39.657294,8560,0x46,PUCCH,,,,,,,,,,,,,,,,,,1,-inf,"0.000,",,,,,,,,,1787051079.657294,gnb2,post,post,,,
2026-08-18T11:04:40.334955,8580,0x46,PUCCH,,,,,,,,,,,,,,,,,,1,-inf,"0.000,",,,,,,,,,1787051080.334955,gnb2,post,post,,,
2026-08-18T11:04:41.160301,8600,0x46,PUCCH,,,,,,,,,,,,,,,,,,1,-inf,"0.000,",,,,,,,,,1787051081.160301,gnb2,post,post,,,
2026-08-18T11:04:42.626437,8640,0x46,PUCCH,,,,,,,,,,,,,,,,,,1,-inf,"0.000,",,,,,,,,,1787051082.626437,gnb2,post,post,,,
2026-08-18T11:04:43.439914,8660,0x46,PUCCH,,,,,,,,,,,,,,,,,,1,-inf,"0.000,",,,,,,,,,1787051083.439914,gnb2,post,post,,,
2026-08-18T11:04:44.376697,8680,0x46,PUCCH,,,,,,,,,,,,,,,,,,1,-inf,"0.000,",,,,,,,,,1787051084.376697,gnb2,post,post,,,
2026-08-18T11:04:45.056748,8700,0x46,PUCCH,,,,,,,,,,,,,,,,,,1,-inf,"0.000,",,,,,,,,,1787051085.056748,gnb2,post,post,,,
2026-08-18T11:04:46.528800,8740,0x46,PUCCH,,,,,,,,,,,,,,,,,,1,-inf,"0.000,",,,,,,,,,1787051086.528800,gnb2,post,post,,,
2026-08-18T11:04:47.212062,8760,0x46,PUCCH,,,,,,,,,,,,,,,,,,1,-inf,"0.000,",,,,,,,,,1787051087.212062,gnb2,post,post,,,
2026-08-18T11:04:48.885799,8800,0x46,PUCCH,,,,,,,,,,,,,,,,,,1,-inf,"0.000,",,,,,,,,,1787051088.885799,gnb2,post,post,,,
2026-08-18T11:04:50.506424,8820,0x46,PUCCH,,,,,,,,,,,,,,,,,,1,-inf,"0.000,",,,,,,,,,1787051090.506424,gnb2,post,post,,,
2026-08-18T11:04:51.502059,8840,0x46,PUCCH,,,,,,,,,,,,,,,,,,1,-inf,"0.000,",,,,,,,,,1787051091.502059,gnb2,post,post,,,
2026-08-18T11:04:52.206509,8860,0x46,PUCCH,,,,,,,,,,,,,,,,,,1,-inf,"0.000,",,,,,,,,,1787051092.206509,gnb2,post,post,,,
2026-08-18T11:04:53.525878,8900,0x46,PUCCH,,,,,,,,,,,,,,,,,,1,-inf,"0.000,",,,,,,,,,1787051093.525878,gnb2,post,post,,,
2026-08-18T11:04:54.416540,8920,0x46,PUCCH,,,,,,,,,,,,,,,,,,1,-inf,"0.000,",,,,,,,,,1787051094.416540,gnb2,post,post,,,
2026-08-18T11:04:55.129352,8940,0x46,PUCCH,,,,,,,,,,,,,,,,,,1,-inf,"0.000,",,,,,,,,,1787051095.129352,gnb2,post,post,,,
2026-08-18T11:04:56.565326,8980,0x46,PUCCH,,,,,,,,,,,,,,,,,,1,-inf,"0.000,",,,,,,,,,1787051096.565326,gnb2,post,post,,,
2026-08-18T11:04:57.342884,9000,0x46,PUCCH,,,,,,,,,,,,,,,,,,1,-inf,"0.000,",,,,,,,,,1787051097.342884,gnb2,post,post,,,
2026-08-18T11:04:58.425927,9020,0x46,PUCCH,,,,,,,,,,,,,,,,,,1,-inf,"0.000,",,,,,,,,,1787051098.425927,gnb2,post,post,,,
2026-08-18T11:04:59.345566,9040,0x46,PUCCH,,,,,,,,,,,,,,,,,,1,-inf,"0.000,",,,,,,,,,1787051099.345566,gnb2,post,post,,,
2026-08-18T11:05:00.474681,9060,0x46,PUCCH,,,,,,,,,,,,,,,,,,1,-inf,"0.000,",,,,,,,,,1787051100.474681,gnb2,post,post,,,
2026-08-18T11:05:01.469515,9080,0x46,PUCCH,,,,,,,,,,,,,,,,,,1,-inf,"0.000,",,,,,,,,,1787051101.469515,gnb2,post,post,,,
2026-08-18T11:05:02.252591,9100,0x46,PUCCH,,,,,,,,,,,,,,,,,,1,-inf,"0.000,",,,,,,,,,1787051102.252591,gnb2,post,post,,,
2026-08-18T11:05:03.008449,9121,0x46,PUCCH,,,,,,,,,,,,,,,,,,2,111.8,"1.000,",,,,,,,,,1787051103.008449,gnb2,post,post,,,
2026-08-18T11:05:04.370876,9160,0x46,PUCCH,,,,,,,,,,,,,,,,,,1,-inf,"0.000,",,,,,,,,,1787051104.370876,gnb2,post,post,,,
2026-08-18T11:05:05.440012,9180,0x46,PUCCH,,,,,,,,,,,,,,,,,,1,-inf,"0.000,",,,,,,,,,1787051105.440012,gnb2,post,post,,,
2026-08-18T11:05:06.130471,9200,0x46,PUCCH,,,,,,,,,,,,,,,,,,1,-inf,"0.000,",,,,,,,,,1787051106.130471,gnb2,post,post,,,
2026-08-18T11:05:07.219427,9220,0x46,PUCCH,,,,,,,,,,,,,,,,,,1,-inf,"0.000,",,,,,,,,,1787051107.219427,gnb2,post,post,,,
2026-08-18T11:05:08.195968,9240,0x46,PUCCH,,,,,,,,,,,,,,,,,,1,-inf,"0.000,",,,,,,,,,1787051108.195968,gnb2,post,post,,,
2026-08-18T11:05:09.041091,9260,0x46,PUCCH,,,,,,,,,,,,,,,,,,1,-inf,"0.000,",,,,,,,,,1787051109.041091,gnb2,post,post,,,
2026-08-18T11:05:10.689929,9300,0x46,PUCCH,,,,,,,,,,,,,,,,,,1,-inf,"0.000,",,,,,,,,,1787051110.689929,gnb2,post,post,,,
2026-08-18T11:05:11.610177,9320,0x46,PUCCH,,,,,,,,,,,,,,,,,,1,-inf,"0.000,",,,,,,,,,1787051111.610177,gnb2,post,post,,,
2026-08-18T11:05:12.792888,9340,0x46,PUCCH,,,,,,,,,,,,,,,,,,1,-inf,"0.000,",,,,,,,,,1787051112.792888,gnb2,post,post,,,
2026-08-18T11:05:13.775176,9360,0x46,PUCCH,,,,,,,,,,,,,,,,,,1,-inf,"0.000,",,,,,,,,,1787051113.775176,gnb2,post,post,,,
2026-08-18T11:05:14.779494,9380,0x46,PUCCH,,,,,,,,,,,,,,,,,,1,-inf,"0.000,",,,,,,,,,1787051114.779494,gnb2,post,post,,,
2026-08-18T11:05:15.505412,9400,0x46,PUCCH,,,,,,,,,,,,,,,,,,1,-inf,"0.000,",,,,,,,,,1787051115.505412,gnb2,post,post,,,
2026-08-18T11:05:16.423424,9420,0x46,PUCCH,,,,,,,,,,,,,,,,,,1,-inf,"0.000,",,,,,,,,,1787051116.423424,gnb2,post,post,,,
2026-08-18T11:05:17.144823,9440,0x46,PUCCH,,,,,,,,,,,,,,,,,,1,-inf,"0.000,",,,,,,,,,1787051117.144823,gnb2,post,post,,,
2026-08-18T11:05:18.744314,9480,0x46,PUCCH,,,,,,,,,,,,,,,,,,1,-inf,"0.000,",,,,,,,,,1787051118.744314,gnb2,post,post,,,
2026-08-18T11:05:19.441985,9500,0x46,PUCCH,,,,,,,,,,,,,,,,,,1,-inf,"0.000,",,,,,,,,,1787051119.441985,gnb2,post,post,,,
2026-08-18T11:05:20.254905,9520,0x46,PUCCH,,,,,,,,,,,,,,,,,,1,-inf,"0.000,",,,,,,,,,1787051120.254905,gnb2,post,post,,,
2026-08-18T11:05:21.975992,9560,0x46,PUCCH,,,,,,,,,,,,,,,,,,1,-inf,"0.000,",,,,,,,,,1787051121.975992,gnb2,post,post,,,
2026-08-18T11:05:22.005541,9561,0x46,PUCCH,,,,,,,,,,,,,,,,,,2,111.8,"1.000,",,,,,,,,,1787051122.005541,gnb2,post,post,,,
2026-08-18T11:05:23.437057,9600,0x46,PUCCH,,,,,,,,,,,,,,,,,,1,-inf,"0.000,",,,,,,,,,1787051123.437057,gnb2,post,post,,,
2026-08-18T11:05:24.297315,9620,0x46,PUCCH,,,,,,,,,,,,,,,,,,1,-inf,"0.000,",,,,,,,,,1787051124.297315,gnb2,post,post,,,
2026-08-18T11:05:25.650205,9640,0x46,PUCCH,,,,,,,,,,,,,,,,,,1,-inf,"0.000,",,,,,,,,,1787051125.650205,gnb2,post,post,,,
2026-08-18T11:05:26.477931,9660,0x46,PUCCH,,,,,,,,,,,,,,,,,,1,-inf,"0.000,",,,,,,,,,1787051126.477931,gnb2,post,post,,,
2026-08-18T11:05:27.225848,9680,0x46,PUCCH,,,,,,,,,,,,,,,,,,1,-inf,"0.000,",,,,,,,,,1787051127.225848,gnb2,post,post,,,
2026-08-18T11:05:28.989195,9720,0x46,PUCCH,,,,,,,,,,,,,,,,,,1,-inf,"0.000,",,,,,,,,,1787051128.989195,gnb2,post,post,,,
2026-08-18T11:05:29.050913,9721,0x46,PUCCH,,,,,,,,,,,,,,,,,,2,111.8,"1.000,",,,,,,,,,1787051129.050913,gnb2,post,post,,,
2026-08-18T11:05:31.125775,9760,0x46,PUCCH,,,,,,,,,,,,,,,,,,1,-inf,"0.000,",,,,,,,,,1787051131.125775,gnb2,post,post,,,
2026-08-18T11:05:32.784697,9800,0x46,PUCCH,,,,,,,,,,,,,,,,,,1,-inf,"0.000,",,,,,,,,,1787051132.784697,gnb2,post,post,,,
2026-08-18T11:05:33.814367,9820,0x46,PUCCH,,,,,,,,,,,,,,,,,,1,-inf,"0.000,",,,,,,,,,1787051133.814367,gnb2,post,post,,,
2026-08-18T11:05:34.726328,9840,0x46,PUCCH,,,,,,,,,,,,,,,,,,1,-inf,"0.000,",,,,,,,,,1787051134.726328,gnb2,post,post,,,
2026-08-18T11:05:35.496364,9860,0x46,PUCCH,,,,,,,,,,,,,,,,,,1,-inf,"0.000,",,,,,,,,,1787051135.496364,gnb2,post,post,,,
2026-08-18T11:05:36.373447,9880,0x46,PUCCH,,,,,,,,,,,,,,,,,,1,-inf,"0.000,",,,,,,,,,1787051136.373447,gnb2,post,post,,,
2026-08-18T11:05:37.524086,9900,0x46,PUCCH,,,,,,,,,,,,,,,,,,1,-inf,"0.000,",,,,,,,,,1787051137.524086,gnb2,post,post,,,
2026-08-18T11:05:38.247354,9920,0x46,PUCCH,,,,,,,,,,,,,,,,,,1,-inf,"0.000,",,,,,,,,,1787051138.247354,gnb2,post,post,,,
2026-08-18T11:05:39.009595,9940,0x46,PUCCH,,,,,,,,,,,,,,,,,,1,-inf,"0.000,",,,,,,,,,1787051139.009595,gnb2,post,post,,,
2026-08-18T11:05:40.476835,9980,0x46,PUCCH,,,,,,,,,,,,,,,,,,1,-inf,"0.000,",,,,,,,,,1787051140.476835,gnb2,post,post,,,
2026-08-18T11:05:41.589689,10000,0x46,PUCCH,,,,,,,,,,,,,,,,,,1,-inf,"0.000,",,,,,,,,,1787051141.589689,gnb2,post,post,,,
2026-08-18T11:05:42.334192,10020,0x46,PUCCH,,,,,,,,,,,,,,,,,,1,-inf,"0.000,",,,,,,,,,1787051142.334192,gnb2,post,post,,,
2026-08-18T11:05:43.016234,10040,0x46,PUCCH,,,,,,,,,,,,,,,,,,1,-inf,"0.000,",,,,,,,,,1787051143.016234,gnb2,post,post,,,
2026-08-18T11:05:44.720512,10080,0x46,PUCCH,,,,,,,,,,,,,,,,,,1,-inf,"0.000,",,,,,,,,,1787051144.720512,gnb2,post,post,,,
2026-08-18T11:05:45.792753,10100,0x46,PUCCH,,,,,,,,,,,,,,,,,,1,-inf,"0.000,",,,,,,,,,1787051145.792753,gnb2,post,post,,,
2026-08-18T11:05:46.904245,10120,0x46,PUCCH,,,,,,,,,,,,,,,,,,1,-inf,"0.000,",,,,,,,,,1787051146.904245,gnb2,post,post,,,
2026-08-18T11:05:47.752797,10140,0x46,PUCCH,,,,,,,,,,,,,,,,,,1,-inf,"0.000,",,,,,,,,,1787051147.752797,gnb2,post,post,,,
2026-08-18T11:05:48.689305,10160,0x46,PUCCH,,,,,,,,,,,,,,,,,,1,-inf,"0.000,",,,,,,,,,1787051148.689305,gnb2,post,post,,,
2026-08-18T11:05:49.679278,10180,0x46,PUCCH,,,,,,,,,,,,,,,,,,1,-inf,"0.000,",,,,,,,,,1787051149.679278,gnb2,post,post,,,
2026-08-18T11:05:50.842582,10200,0x46,PUCCH,,,,,,,,,,,,,,,,,,1,-inf,"0.000,",,,,,,,,,1787051150.842582,gnb2,post,post,,,
2026-08-18T11:05:52.518974,10220,0x46,PUCCH,,,,,,,,,,,,,,,,,,1,-inf,"0.000,",,,,,,,,,1787051152.518974,gnb2,post,post,,,
2026-08-18T11:05:53.348201,0,0x46,PUCCH,,,,,,,,,,,,,,,,,,1,-inf,"0.000,",,,,,,,,,1787051153.348201,gnb2,post,post,,,
2026-08-18T11:05:54.093860,20,0x46,PUCCH,,,,,,,,,,,,,,,,,,1,-inf,"0.000,",,,,,,,,,1787051154.093860,gnb2,post,post,,,
2026-08-18T11:05:55.395166,60,0x46,PUCCH,,,,,,,,,,,,,,,,,,1,-inf,"0.000,",,,,,,,,,1787051155.395166,gnb2,post,post,,,
2026-08-18T11:05:56.165002,80,0x46,PUCCH,,,,,,,,,,,,,,,,,,1,-inf,"0.000,",,,,,,,,,1787051156.165002,gnb2,post,post,,,
2026-08-18T11:05:57.614054,120,0x46,PUCCH,,,,,,,,,,,,,,,,,,1,-inf,"0.000,",,,,,,,,,1787051157.614054,gnb2,post,post,,,
2026-08-18T11:05:58.381150,140,0x46,PUCCH,,,,,,,,,,,,,,,,,,1,-inf,"0.000,",,,,,,,,,1787051158.381150,gnb2,post,post,,,
2026-08-18T11:05:59.076196,160,0x46,PUCCH,,,,,,,,,,,,,,,,,,1,-inf,"0.000,",,,,,,,,,1787051159.076196,gnb2,post,post,,,
2026-08-18T11:06:00.826217,200,0x46,PUCCH,,,,,,,,,,,,,,,,,,1,-inf,"0.000,",,,,,,,,,1787051160.826217,gnb2,post,post,,,
2026-08-18T11:06:01.894798,220,0x46,PUCCH,,,,,,,,,,,,,,,,,,1,-inf,"0.000,",,,,,,,,,1787051161.894798,gnb2,post,post,,,
2026-08-18T11:06:02.878060,240,0x46,PUCCH,,,,,,,,,,,,,,,,,,1,-inf,"0.000,",,,,,,,,,1787051162.878060,gnb2,post,post,,,
2026-08-18T11:06:03.829773,260,0x46,PUCCH,,,,,,,,,,,,,,,,,,1,-inf,"0.000,",,,,,,,,,1787051163.829773,gnb2,post,post,,,
2026-08-18T11:06:04.741374,280,0x46,PUCCH,,,,,,,,,,,,,,,,,,1,-inf,"0.000,",,,,,,,,,1787051164.741374,gnb2,post,post,,,
2026-08-18T11:06:05.688795,300,0x46,PUCCH,,,,,,,,,,,,,,,,,,1,-inf,"0.000,",,,,,,,,,1787051165.688795,gnb2,post,post,,,
2026-08-18T11:06:06.366574,320,0x46,PUCCH,,,,,,,,,,,,,,,,,,1,-inf,"0.000,",,,,,,,,,1787051166.366574,gnb2,post,post,,,
2026-08-18T11:06:07.162732,340,0x46,PUCCH,,,,,,,,,,,,,,,,,,1,-inf,"0.000,",,,,,,,,,1787051167.162732,gnb2,post,post,,,
2026-08-18T11:06:08.191979,360,0x46,PUCCH,,,,,,,,,,,,,,,,,,1,-inf,"0.000,",,,,,,,,,1787051168.191979,gnb2,post,post,,,
2026-08-18T11:06:09.619257,400,0x46,PUCCH,,,,,,,,,,,,,,,,,,1,-inf,"0.000,",,,,,,,,,1787051169.619257,gnb2,post,post,,,
2026-08-18T11:06:10.449708,420,0x46,PUCCH,,,,,,,,,,,,,,,,,,1,-inf,"0.000,",,,,,,,,,1787051170.449708,gnb2,post,post,,,
2026-08-18T11:06:11.336584,440,0x46,PUCCH,,,,,,,,,,,,,,,,,,1,-inf,"0.000,",,,,,,,,,1787051171.336584,gnb2,post,post,,,
2026-08-18T11:06:12.199803,460,0x46,PUCCH,,,,,,,,,,,,,,,,,,1,-inf,"0.000,",,,,,,,,,1787051172.199803,gnb2,post,post,,,
2026-08-18T11:06:13.032671,480,0x46,PUCCH,,,,,,,,,,,,,,,,,,1,-inf,"0.000,",,,,,,,,,1787051173.032671,gnb2,post,post,,,
2026-08-18T11:06:14.110886,500,0x46,PUCCH,,,,,,,,,,,,,,,,,,1,-inf,"0.000,",,,,,,,,,1787051174.110886,gnb2,post,post,,,
2026-08-18T11:06:15.041450,521,0x46,PUCCH,,,,,,,,,,,,,,,,,,2,111.8,"1.000,",,,,,,,,,1787051175.041450,gnb2,post,post,,,
2026-08-18T11:06:17.033142,560,0x46,PUCCH,,,,,,,,,,,,,,,,,,1,-inf,"0.000,",,,,,,,,,1787051177.033142,gnb2,post,post,,,
2026-08-18T11:06:18.470333,600,0x46,PUCCH,,,,,,,,,,,,,,,,,,1,-inf,"0.000,",,,,,,,,,1787051178.470333,gnb2,post,post,,,
2026-08-18T11:06:19.161129,620,0x46,PUCCH,,,,,,,,,,,,,,,,,,1,-inf,"0.000,",,,,,,,,,1787051179.161129,gnb2,post,post,,,
2026-08-18T11:06:20.055597,640,0x46,PUCCH,,,,,,,,,,,,,,,,,,1,-inf,"0.000,",,,,,,,,,1787051180.055597,gnb2,post,post,,,
2026-08-18T11:06:21.253194,660,0x46,PUCCH,,,,,,,,,,,,,,,,,,1,-inf,"0.000,",,,,,,,,,1787051181.253194,gnb2,post,post,,,
2026-08-18T11:06:22.054479,680,0x46,PUCCH,,,,,,,,,,,,,,,,,,1,-inf,"0.000,",,,,,,,,,1787051182.054479,gnb2,post,post,,,
2026-08-18T11:06:24.120228,720,0x46,PUCCH,,,,,,,,,,,,,,,,,,1,-inf,"0.000,",,,,,,,,,1787051184.120228,gnb2,post,post,,,
2026-08-18T11:06:26.032850,760,0x46,PUCCH,,,,,,,,,,,,,,,,,,1,-inf,"0.000,",,,,,,,,,1787051186.032850,gnb2,post,post,,,
2026-08-18T11:06:27.044195,780,0x46,PUCCH,,,,,,,,,,,,,,,,,,1,-inf,"0.000,",,,,,,,,,1787051187.044195,gnb2,post,post,,,
2026-08-18T11:06:28.029777,800,0x46,PUCCH,,,,,,,,,,,,,,,,,,1,-inf,"0.000,",,,,,,,,,1787051188.029777,gnb2,post,post,,,
2026-08-18T11:06:29.305596,840,0x46,PUCCH,,,,,,,,,,,,,,,,,,1,-inf,"0.000,",,,,,,,,,1787051189.305596,gnb2,post,post,,,
2026-08-18T11:06:30.141983,860,0x46,PUCCH,,,,,,,,,,,,,,,,,,1,-inf,"0.000,",,,,,,,,,1787051190.141983,gnb2,post,post,,,
2026-08-18T11:06:31.008858,880,0x46,PUCCH,,,,,,,,,,,,,,,,,,1,-inf,"0.000,",,,,,,,,,1787051191.008858,gnb2,post,post,,,
2026-08-18T11:06:32.211383,900,0x46,PUCCH,,,,,,,,,,,,,,,,,,1,-inf,"0.000,",,,,,,,,,1787051192.211383,gnb2,post,post,,,
2026-08-18T11:06:33.012033,921,0x46,PUCCH,,,,,,,,,,,,,,,,,,2,111.8,"1.000,",,,,,,,,,1787051193.012033,gnb2,post,post,,,
2026-08-18T11:06:34.519732,960,0x46,PUCCH,,,,,,,,,,,,,,,,,,1,-inf,"0.000,",,,,,,,,,1787051194.519732,gnb2,post,post,,,
2026-08-18T11:06:35.541179,980,0x46,PUCCH,,,,,,,,,,,,,,,,,,1,-inf,"0.000,",,,,,,,,,1787051195.541179,gnb2,post,post,,,
2026-08-18T11:06:36.573061,1000,0x46,PUCCH,,,,,,,,,,,,,,,,,,1,-inf,"0.000,",,,,,,,,,1787051196.573061,gnb2,post,post,,,
2026-08-18T11:06:37.676480,1020,0x46,PUCCH,,,,,,,,,,,,,,,,,,1,-inf,"0.000,",,,,,,,,,1787051197.676480,gnb2,post,post,,,
2026-08-18T11:06:38.497111,1040,0x46,PUCCH,,,,,,,,,,,,,,,,,,1,-inf,"0.000,",,,,,,,,,1787051198.497111,gnb2,post,post,,,
2026-08-18T11:06:39.351635,1060,0x46,PUCCH,,,,,,,,,,,,,,,,,,1,-inf,"0.000,",,,,,,,,,1787051199.351635,gnb2,post,post,,,
2026-08-18T11:06:40.124507,1080,0x46,PUCCH,,,,,,,,,,,,,,,,,,1,-inf,"0.000,",,,,,,,,,1787051200.124507,gnb2,post,post,,,
2026-08-18T11:06:41.593322,1120,0x46,PUCCH,,,,,,,,,,,,,,,,,,1,-inf,"0.000,",,,,,,,,,1787051201.593322,gnb2,post,post,,,
2026-08-18T11:06:42.314323,1140,0x46,PUCCH,,,,,,,,,,,,,,,,,,1,-inf,"0.000,",,,,,,,,,1787051202.314323,gnb2,post,post,,,
2026-08-18T11:06:43.140684,1160,0x46,PUCCH,,,,,,,,,,,,,,,,,,1,-inf,"0.000,",,,,,,,,,1787051203.140684,gnb2,post,post,,,
2026-08-18T11:06:44.273731,1180,0x46,PUCCH,,,,,,,,,,,,,,,,,,1,-inf,"0.000,",,,,,,,,,1787051204.273731,gnb2,post,post,,,
2026-08-18T11:06:45.212339,1200,0x46,PUCCH,,,,,,,,,,,,,,,,,,1,-inf,"0.000,",,,,,,,,,1787051205.212339,gnb2,post,post,,,
2026-08-18T11:06:46.354756,1220,0x46,PUCCH,,,,,,,,,,,,,,,,,,1,-inf,"0.000,",,,,,,,,,1787051206.354756,gnb2,post,post,,,
2026-08-18T11:06:47.334913,1240,0x46,PUCCH,,,,,,,,,,,,,,,,,,1,-inf,"0.000,",,,,,,,,,1787051207.334913,gnb2,post,post,,,
2026-08-18T11:06:48.498383,1260,0x46,PUCCH,,,,,,,,,,,,,,,,,,1,-inf,"0.000,",,,,,,,,,1787051208.498383,gnb2,post,post,,,
2026-08-18T11:06:49.417849,1280,0x46,PUCCH,,,,,,,,,,,,,,,,,,1,-inf,"0.000,",,,,,,,,,1787051209.417849,gnb2,post,post,,,
2026-08-18T11:06:50.285121,1300,0x46,PUCCH,,,,,,,,,,,,,,,,,,1,-inf,"0.000,",,,,,,,,,1787051210.285121,gnb2,post,post,,,
2026-08-18T11:06:51.032295,1320,0x46,PUCCH,,,,,,,,,,,,,,,,,,1,-inf,"0.000,",,,,,,,,,1787051211.032295,gnb2,post,post,,,
2026-08-18T11:06:52.436772,1360,0x46,PUCCH,,,,,,,,,,,,,,,,,,1,-inf,"0.000,",,,,,,,,,1787051212.436772,gnb2,post,post,,,
2026-08-18T11:06:53.574492,1380,0x46,PUCCH,,,,,,,,,,,,,,,,,,1,-inf,"0.000,",,,,,,,,,1787051213.574492,gnb2,post,post,,,
2026-08-18T11:06:54.522399,1400,0x46,PUCCH,,,,,,,,,,,,,,,,,,1,-inf,"0.000,",,,,,,,,,1787051214.522399,gnb2,post,post,,,
2026-08-18T11:06:55.322318,1420,0x46,PUCCH,,,,,,,,,,,,,,,,,,1,-inf,"0.000,",,,,,,,,,1787051215.322318,gnb2,post,post,,,
2026-08-18T11:06:56.554379,1440,0x46,PUCCH,,,,,,,,,,,,,,,,,,1,-inf,"0.000,",,,,,,,,,1787051216.554379,gnb2,post,post,,,
2026-08-18T11:06:57.371313,1460,0x46,PUCCH,,,,,,,,,,,,,,,,,,1,-inf,"0.000,",,,,,,,,,1787051217.371313,gnb2,post,post,,,
2026-08-18T11:06:58.664342,1480,0x46,PUCCH,,,,,,,,,,,,,,,,,,1,-inf,"0.000,",,,,,,,,,1787051218.664342,gnb2,post,post,,,
2026-08-18T11:06:59.588705,1500,0x46,PUCCH,,,,,,,,,,,,,,,,,,1,-inf,"0.000,",,,,,,,,,1787051219.588705,gnb2,post,post,,,
2026-08-18T11:07:00.526256,1520,0x46,PUCCH,,,,,,,,,,,,,,,,,,1,-inf,"0.000,",,,,,,,,,1787051220.526256,gnb2,post,post,,,
2026-08-18T11:07:01.621408,1540,0x46,PUCCH,,,,,,,,,,,,,,,,,,1,-inf,"0.000,",,,,,,,,,1787051221.621408,gnb2,post,post,,,
2026-08-18T11:07:02.492523,1560,0x46,PUCCH,,,,,,,,,,,,,,,,,,1,-inf,"0.000,",,,,,,,,,1787051222.492523,gnb2,post,post,,,
2026-08-18T11:07:03.396387,1580,0x46,PUCCH,,,,,,,,,,,,,,,,,,1,-inf,"0.000,",,,,,,,,,1787051223.396387,gnb2,post,post,,,
2026-08-18T11:07:04.198783,1600,0x46,PUCCH,,,,,,,,,,,,,,,,,,1,-inf,"0.000,",,,,,,,,,1787051224.198783,gnb2,post,post,,,
2026-08-18T11:07:05.709521,1640,0x46,PUCCH,,,,,,,,,,,,,,,,,,1,-inf,"0.000,",,,,,,,,,1787051225.709521,gnb2,post,post,,,
2026-08-18T11:07:06.610118,1660,0x46,PUCCH,,,,,,,,,,,,,,,,,,1,-inf,"0.000,",,,,,,,,,1787051226.610118,gnb2,post,post,,,
2026-08-18T11:07:07.607424,1680,0x46,PUCCH,,,,,,,,,,,,,,,,,,1,-inf,"0.000,",,,,,,,,,1787051227.607424,gnb2,post,post,,,
2026-08-18T11:07:08.425588,1700,0x46,PUCCH,,,,,,,,,,,,,,,,,,1,-inf,"0.000,",,,,,,,,,1787051228.425588,gnb2,post,post,,,
2026-08-18T11:07:09.273756,1720,0x46,PUCCH,,,,,,,,,,,,,,,,,,1,-inf,"0.000,",,,,,,,,,1787051229.273756,gnb2,post,post,,,
2026-08-18T11:07:10.603865,1740,0x46,PUCCH,,,,,,,,,,,,,,,,,,1,-inf,"0.000,",,,,,,,,,1787051230.603865,gnb2,post,post,,,
2026-08-18T11:07:11.445193,1760,0x46,PUCCH,,,,,,,,,,,,,,,,,,1,-inf,"0.000,",,,,,,,,,1787051231.445193,gnb2,post,post,,,
2026-08-18T11:07:12.302510,1780,0x46,PUCCH,,,,,,,,,,,,,,,,,,1,-inf,"0.000,",,,,,,,,,1787051232.302510,gnb2,post,post,,,
2026-08-18T11:07:13.023743,1800,0x46,PUCCH,,,,,,,,,,,,,,,,,,1,-inf,"0.000,",,,,,,,,,1787051233.023743,gnb2,post,post,,,
2026-08-18T11:07:14.057306,1820,0x46,PUCCH,,,,,,,,,,,,,,,,,,1,-inf,"0.000,",,,,,,,,,1787051234.057306,gnb2,post,post,,,
2026-08-18T11:07:15.004680,1840,0x46,PUCCH,,,,,,,,,,,,,,,,,,1,-inf,"0.000,",,,,,,,,,1787051235.004680,gnb2,post,post,,,
2026-08-18T11:07:16.876737,1880,0x46,PUCCH,,,,,,,,,,,,,,,,,,1,-inf,"0.000,",,,,,,,,,1787051236.876737,gnb2,post,post,,,
2026-08-18T11:07:17.704837,1900,0x46,PUCCH,,,,,,,,,,,,,,,,,,1,-inf,"0.000,",,,,,,,,,1787051237.704837,gnb2,post,post,,,
2026-08-18T11:07:18.519886,1920,0x46,PUCCH,,,,,,,,,,,,,,,,,,1,-inf,"0.000,",,,,,,,,,1787051238.519886,gnb2,post,post,,,
2026-08-18T11:07:19.447807,1940,0x46,PUCCH,,,,,,,,,,,,,,,,,,1,-inf,"0.000,",,,,,,,,,1787051239.447807,gnb2,post,post,,,
2026-08-18T11:07:20.383016,1960,0x46,PUCCH,,,,,,,,,,,,,,,,,,1,-inf,"0.000,",,,,,,,,,1787051240.383016,gnb2,post,post,,,
2026-08-18T11:07:21.161714,1980,0x46,PUCCH,,,,,,,,,,,,,,,,,,1,-inf,"0.000,",,,,,,,,,1787051241.161714,gnb2,post,post,,,
2026-08-18T11:07:22.343954,2000,0x46,PUCCH,,,,,,,,,,,,,,,,,,1,-inf,"0.000,",,,,,,,,,1787051242.343954,gnb2,post,post,,,
2026-08-18T11:07:23.332074,2020,0x46,PUCCH,,,,,,,,,,,,,,,,,,1,-inf,"0.000,",,,,,,,,,1787051243.332074,gnb2,post,post,,,
2026-08-18T11:07:24.533452,2040,0x46,PUCCH,,,,,,,,,,,,,,,,,,1,-inf,"0.000,",,,,,,,,,1787051244.533452,gnb2,post,post,,,
2026-08-18T11:07:25.417420,2060,0x46,PUCCH,,,,,,,,,,,,,,,,,,1,-inf,"0.000,",,,,,,,,,1787051245.417420,gnb2,post,post,,,
2026-08-18T11:07:26.156799,2080,0x46,PUCCH,,,,,,,,,,,,,,,,,,1,-inf,"0.000,",,,,,,,,,1787051246.156799,gnb2,post,post,,,
2026-08-18T11:07:28.103883,2120,0x46,PUCCH,,,,,,,,,,,,,,,,,,1,-inf,"0.000,",,,,,,,,,1787051248.103883,gnb2,post,post,,,
2026-08-18T11:07:29.073837,2140,0x46,PUCCH,,,,,,,,,,,,,,,,,,1,-inf,"0.000,",,,,,,,,,1787051249.073837,gnb2,post,post,,,
2026-08-18T11:07:30.248414,2160,0x46,PUCCH,,,,,,,,,,,,,,,,,,1,-inf,"0.000,",,,,,,,,,1787051250.248414,gnb2,post,post,,,
2026-08-18T11:07:31.346250,2180,0x46,PUCCH,,,,,,,,,,,,,,,,,,1,-inf,"0.000,",,,,,,,,,1787051251.346250,gnb2,post,post,,,
2026-08-18T11:07:32.490457,2200,0x46,PUCCH,,,,,,,,,,,,,,,,,,1,-inf,"0.000,",,,,,,,,,1787051252.490457,gnb2,post,post,,,
2026-08-18T11:07:33.581667,2220,0x46,PUCCH,,,,,,,,,,,,,,,,,,1,-inf,"0.000,",,,,,,,,,1787051253.581667,gnb2,post,post,,,
2026-08-18T11:07:34.364113,2240,0x46,PUCCH,,,,,,,,,,,,,,,,,,1,-inf,"0.000,",,,,,,,,,1787051254.364113,gnb2,post,post,,,
2026-08-18T11:07:35.062834,2260,0x46,PUCCH,,,,,,,,,,,,,,,,,,1,-inf,"0.000,",,,,,,,,,1787051255.062834,gnb2,post,post,,,
2026-08-18T11:07:36.971406,2300,0x46,PUCCH,,,,,,,,,,,,,,,,,,1,-inf,"0.000,",,,,,,,,,1787051256.971406,gnb2,post,post,,,
2026-08-18T11:07:37.752389,2320,0x46,PUCCH,,,,,,,,,,,,,,,,,,1,-inf,"0.000,",,,,,,,,,1787051257.752389,gnb2,post,post,,,
2026-08-18T11:07:38.383594,2340,0x46,PUCCH,,,,,,,,,,,,,,,,,,1,-inf,"0.000,",,,,,,,,,1787051258.383594,gnb2,post,post,,,
2026-08-18T11:07:39.986114,2380,0x46,PUCCH,,,,,,,,,,,,,,,,,,1,-inf,"0.000,",,,,,,,,,1787051259.986114,gnb2,post,post,,,
2026-08-18T11:07:40.870192,2400,0x46,PUCCH,,,,,,,,,,,,,,,,,,1,-inf,"0.000,",,,,,,,,,1787051260.870192,gnb2,post,post,,,
2026-08-18T11:07:42.068759,2420,0x46,PUCCH,,,,,,,,,,,,,,,,,,1,-inf,"0.000,",,,,,,,,,1787051262.068759,gnb2,post,post,,,
2026-08-18T11:07:43.686735,2460,0x46,PUCCH,,,,,,,,,,,,,,,,,,1,-inf,"0.000,",,,,,,,,,1787051263.686735,gnb2,post,post,,,
2026-08-18T11:07:44.413433,2480,0x46,PUCCH,,,,,,,,,,,,,,,,,,1,-inf,"0.000,",,,,,,,,,1787051264.413433,gnb2,post,post,,,
2026-08-18T11:07:45.267808,2500,0x46,PUCCH,,,,,,,,,,,,,,,,,,1,-inf,"0.000,",,,,,,,,,1787051265.267808,gnb2,post,post,,,
2026-08-18T11:07:46.025027,2520,0x46,PUCCH,,,,,,,,,,,,,,,,,,1,-inf,"0.000,",,,,,,,,,1787051266.025027,gnb2,post,post,,,
2026-08-18T11:07:47.970484,2560,0x46,PUCCH,,,,,,,,,,,,,,,,,,1,-inf,"0.000,",,,,,,,,,1787051267.970484,gnb2,post,post,,,
2026-08-18T11:07:48.002848,2561,0x46,PUCCH,,,,,,,,,,,,,,,,,,2,111.8,"1.000,",,,,,,,,,1787051268.002848,gnb2,post,post,,,
2026-08-18T11:07:49.462303,2600,0x46,PUCCH,,,,,,,,,,,,,,,,,,1,-inf,"0.000,",,,,,,,,,1787051269.462303,gnb2,post,post,,,
2026-08-18T11:07:50.473261,2620,0x46,PUCCH,,,,,,,,,,,,,,,,,,1,-inf,"0.000,",,,,,,,,,1787051270.473261,gnb2,post,post,,,
2026-08-18T11:07:51.300771,2640,0x46,PUCCH,,,,,,,,,,,,,,,,,,1,-inf,"0.000,",,,,,,,,,1787051271.300771,gnb2,post,post,,,
2026-08-18T11:07:52.067652,2660,0x46,PUCCH,,,,,,,,,,,,,,,,,,1,-inf,"0.000,",,,,,,,,,1787051272.067652,gnb2,post,post,,,
2026-08-18T11:07:53.000816,2680,0x46,PUCCH,,,,,,,,,,,,,,,,,,1,-inf,"0.000,",,,,,,,,,1787051273.000816,gnb2,post,post,,,
2026-08-18T11:07:55.015854,2720,0x46,PUCCH,,,,,,,,,,,,,,,,,,1,-inf,"0.000,",,,,,,,,,1787051275.015854,gnb2,post,post,,,
2026-08-18T11:07:56.053993,2740,0x46,PUCCH,,,,,,,,,,,,,,,,,,1,-inf,"0.000,",,,,,,,,,1787051276.053993,gnb2,post,post,,,
2026-08-18T11:07:57.512143,2780,0x46,PUCCH,,,,,,,,,,,,,,,,,,1,-inf,"0.000,",,,,,,,,,1787051277.512143,gnb2,post,post,,,
2026-08-18T11:07:58.756608,2800,0x46,PUCCH,,,,,,,,,,,,,,,,,,1,-inf,"0.000,",,,,,,,,,1787051278.756608,gnb2,post,post,,,
2026-08-18T11:07:59.806242,2820,0x46,PUCCH,,,,,,,,,,,,,,,,,,1,-inf,"0.000,",,,,,,,,,1787051279.806242,gnb2,post,post,,,
2026-08-18T11:08:00.524783,2840,0x46,PUCCH,,,,,,,,,,,,,,,,,,1,-inf,"0.000,",,,,,,,,,1787051280.524783,gnb2,post,post,,,
2026-08-18T11:08:01.418398,2860,0x46,PUCCH,,,,,,,,,,,,,,,,,,1,-inf,"0.000,",,,,,,,,,1787051281.418398,gnb2,post,post,,,
2026-08-18T11:08:02.397988,2880,0x46,PUCCH,,,,,,,,,,,,,,,,,,1,-inf,"0.000,",,,,,,,,,1787051282.397988,gnb2,post,post,,,
2026-08-18T11:08:03.335722,2900,0x46,PUCCH,,,,,,,,,,,,,,,,,,1,-inf,"0.000,",,,,,,,,,1787051283.335722,gnb2,post,post,,,
2026-08-18T11:08:04.392098,2920,0x46,PUCCH,,,,,,,,,,,,,,,,,,1,-inf,"0.000,",,,,,,,,,1787051284.392098,gnb2,post,post,,,
2026-08-18T11:08:05.171953,2940,0x46,PUCCH,,,,,,,,,,,,,,,,,,1,-inf,"0.000,",,,,,,,,,1787051285.171953,gnb2,post,post,,,
2026-08-18T11:08:07.109855,2980,0x46,PUCCH,,,,,,,,,,,,,,,,,,1,-inf,"0.000,",,,,,,,,,1787051287.109855,gnb2,post,post,,,
2026-08-18T11:08:08.710200,3020,0x46,PUCCH,,,,,,,,,,,,,,,,,,1,-inf,"0.000,",,,,,,,,,1787051288.710200,gnb2,post,post,,,
2026-08-18T11:08:09.627402,3040,0x46,PUCCH,,,,,,,,,,,,,,,,,,1,-inf,"0.000,",,,,,,,,,1787051289.627402,gnb2,post,post,,,
2026-08-18T11:08:10.473812,3060,0x46,PUCCH,,,,,,,,,,,,,,,,,,1,-inf,"0.000,",,,,,,,,,1787051290.473812,gnb2,post,post,,,
2026-08-18T11:08:11.287984,3080,0x46,PUCCH,,,,,,,,,,,,,,,,,,1,-inf,"0.000,",,,,,,,,,1787051291.287984,gnb2,post,post,,,
2026-08-18T11:08:12.275787,3100,0x46,PUCCH,,,,,,,,,,,,,,,,,,1,-inf,"0.000,",,,,,,,,,1787051292.275787,gnb2,post,post,,,
2026-08-18T11:08:13.154328,3120,0x46,PUCCH,,,,,,,,,,,,,,,,,,1,-inf,"0.000,",,,,,,,,,1787051293.154328,gnb2,post,post,,,
2026-08-18T11:08:15.045403,3160,0x46,PUCCH,,,,,,,,,,,,,,,,,,1,-inf,"0.000,",,,,,,,,,1787051295.045403,gnb2,post,post,,,
2026-08-18T11:08:16.062044,3180,0x46,PUCCH,,,,,,,,,,,,,,,,,,1,-inf,"0.000,",,,,,,,,,1787051296.062044,gnb2,post,post,,,
2026-08-18T11:08:17.876823,3220,0x46,PUCCH,,,,,,,,,,,,,,,,,,1,-inf,"0.000,",,,,,,,,,1787051297.876823,gnb2,post,post,,,
2026-08-18T11:08:18.726296,3240,0x46,PUCCH,,,,,,,,,,,,,,,,,,1,-inf,"0.000,",,,,,,,,,1787051298.726296,gnb2,post,post,,,
2026-08-18T11:08:19.616542,3260,0x46,PUCCH,,,,,,,,,,,,,,,,,,1,-inf,"0.000,",,,,,,,,,1787051299.616542,gnb2,post,post,,,
2026-08-18T11:08:20.467497,3280,0x46,PUCCH,,,,,,,,,,,,,,,,,,1,-inf,"0.000,",,,,,,,,,1787051300.467497,gnb2,post,post,,,
2026-08-18T11:08:21.434496,3300,0x46,PUCCH,,,,,,,,,,,,,,,,,,1,-inf,"0.000,",,,,,,,,,1787051301.434496,gnb2,post,post,,,
2026-08-18T11:08:22.411106,3320,0x46,PUCCH,,,,,,,,,,,,,,,,,,1,-inf,"0.000,",,,,,,,,,1787051302.411106,gnb2,post,post,,,
2026-08-18T11:08:23.305444,3340,0x46,PUCCH,,,,,,,,,,,,,,,,,,1,-inf,"0.000,",,,,,,,,,1787051303.305444,gnb2,post,post,,,
2026-08-18T11:08:24.449251,3360,0x46,PUCCH,,,,,,,,,,,,,,,,,,1,-inf,"0.000,",,,,,,,,,1787051304.449251,gnb2,post,post,,,
2026-08-18T11:08:25.335639,3380,0x46,PUCCH,,,,,,,,,,,,,,,,,,1,-inf,"0.000,",,,,,,,,,1787051305.335639,gnb2,post,post,,,
2026-08-18T11:08:26.146364,3400,0x46,PUCCH,,,,,,,,,,,,,,,,,,1,-inf,"0.000,",,,,,,,,,1787051306.146364,gnb2,post,post,,,
2026-08-18T11:08:27.286922,3420,0x46,PUCCH,,,,,,,,,,,,,,,,,,1,-inf,"0.000,",,,,,,,,,1787051307.286922,gnb2,post,post,,,
2026-08-18T11:08:28.124580,3440,0x46,PUCCH,,,,,,,,,,,,,,,,,,1,-inf,"0.000,",,,,,,,,,1787051308.124580,gnb2,post,post,,,
2026-08-18T11:08:29.851367,3480,0x46,PUCCH,,,,,,,,,,,,,,,,,,1,-inf,"0.000,",,,,,,,,,1787051309.851367,gnb2,post,post,,,
2026-08-18T11:08:30.857107,3500,0x46,PUCCH,,,,,,,,,,,,,,,,,,1,-inf,"0.000,",,,,,,,,,1787051310.857107,gnb2,post,post,,,
2026-08-18T11:08:31.920387,3520,0x46,PUCCH,,,,,,,,,,,,,,,,,,1,-inf,"0.000,",,,,,,,,,1787051311.920387,gnb2,post,post,,,
2026-08-18T11:08:32.984544,3540,0x46,PUCCH,,,,,,,,,,,,,,,,,,1,-inf,"0.000,",,,,,,,,,1787051312.984544,gnb2,post,post,,,
2026-08-18T11:08:34.034588,3560,0x46,PUCCH,,,,,,,,,,,,,,,,,,1,-inf,"0.000,",,,,,,,,,1787051314.034588,gnb2,post,post,,,
2026-08-18T11:08:35.027550,3580,0x46,PUCCH,,,,,,,,,,,,,,,,,,1,-inf,"0.000,",,,,,,,,,1787051315.027550,gnb2,post,post,,,
2026-08-18T11:08:36.446355,3600,0x46,PUCCH,,,,,,,,,,,,,,,,,,1,-inf,"0.000,",,,,,,,,,1787051316.446355,gnb2,post,post,,,
2026-08-18T11:08:37.701934,3620,0x46,PUCCH,,,,,,,,,,,,,,,,,,1,-inf,"0.000,",,,,,,,,,1787051317.701934,gnb2,post,post,,,
2026-08-18T11:08:38.763364,3640,0x46,PUCCH,,,,,,,,,,,,,,,,,,1,-inf,"0.000,",,,,,,,,,1787051318.763364,gnb2,post,post,,,
2026-08-18T11:08:39.893347,3660,0x46,PUCCH,,,,,,,,,,,,,,,,,,1,-inf,"0.000,",,,,,,,,,1787051319.893347,gnb2,post,post,,,
2026-08-18T11:08:40.797212,3680,0x46,PUCCH,,,,,,,,,,,,,,,,,,1,-inf,"0.000,",,,,,,,,,1787051320.797212,gnb2,post,post,,,
2026-08-18T11:08:41.656940,3700,0x46,PUCCH,,,,,,,,,,,,,,,,,,1,-inf,"0.000,",,,,,,,,,1787051321.656940,gnb2,post,post,,,
2026-08-18T11:08:42.420752,3720,0x46,PUCCH,,,,,,,,,,,,,,,,,,1,-inf,"0.000,",,,,,,,,,1787051322.420752,gnb2,post,post,,,
2026-08-18T11:08:43.431524,3740,0x46,PUCCH,,,,,,,,,,,,,,,,,,1,-inf,"0.000,",,,,,,,,,1787051323.431524,gnb2,post,post,,,
2026-08-18T11:08:44.284946,3760,0x46,PUCCH,,,,,,,,,,,,,,,,,,1,-inf,"0.000,",,,,,,,,,1787051324.284946,gnb2,post,post,,,
2026-08-18T11:08:45.065389,3780,0x46,PUCCH,,,,,,,,,,,,,,,,,,1,-inf,"0.000,",,,,,,,,,1787051325.065389,gnb2,post,post,,,
2026-08-18T11:08:46.004840,3801,0x46,PUCCH,,,,,,,,,,,,,,,,,,2,111.8,"1.000,",,,,,,,,,1787051326.004840,gnb2,post,post,,,
2026-08-18T11:08:47.015834,3820,0x46,PUCCH,,,,,,,,,,,,,,,,,,1,-inf,"0.000,",,,,,,,,,1787051327.015834,gnb2,post,post,,,
2026-08-18T11:08:48.088081,3840,0x46,PUCCH,,,,,,,,,,,,,,,,,,1,-inf,"0.000,",,,,,,,,,1787051328.088081,gnb2,post,post,,,
2026-08-18T11:08:49.331316,3860,0x46,PUCCH,,,,,,,,,,,,,,,,,,1,-inf,"0.000,",,,,,,,,,1787051329.331316,gnb2,post,post,,,
2026-08-18T11:08:50.320308,3880,0x46,PUCCH,,,,,,,,,,,,,,,,,,1,-inf,"0.000,",,,,,,,,,1787051330.320308,gnb2,post,post,,,
2026-08-18T11:08:51.181881,3900,0x46,PUCCH,,,,,,,,,,,,,,,,,,1,-inf,"0.000,",,,,,,,,,1787051331.181881,gnb2,post,post,,,
2026-08-18T11:08:52.238977,3920,0x46,PUCCH,,,,,,,,,,,,,,,,,,1,-inf,"0.000,",,,,,,,,,1787051332.238977,gnb2,post,post,,,
2026-08-18T11:08:53.433315,3940,0x46,PUCCH,,,,,,,,,,,,,,,,,,1,-inf,"0.000,",,,,,,,,,1787051333.433315,gnb2,post,post,,,
2026-08-18T11:08:55.013349,3960,0x46,PUCCH,,,,,,,,,,,,,,,,,,1,-inf,"0.000,",,,,,,,,,1787051335.013349,gnb2,post,post,,,
2026-08-18T11:08:56.141004,3980,0x46,PUCCH,,,,,,,,,,,,,,,,,,1,-inf,"0.000,",,,,,,,,,1787051336.141004,gnb2,post,post,,,
2026-08-18T11:08:57.096513,4000,0x46,PUCCH,,,,,,,,,,,,,,,,,,1,-inf,"0.000,",,,,,,,,,1787051337.096513,gnb2,post,post,,,
2026-08-18T11:08:58.674529,4040,0x46,PUCCH,,,,,,,,,,,,,,,,,,1,-inf,"0.000,",,,,,,,,,1787051338.674529,gnb2,post,post,,,
2026-08-18T11:08:59.820900,4060,0x46,PUCCH,,,,,,,,,,,,,,,,,,1,-inf,"0.000,",,,,,,,,,1787051339.820900,gnb2,post,post,,,
2026-08-18T11:09:00.929943,4080,0x46,PUCCH,,,,,,,,,,,,,,,,,,1,-inf,"0.000,",,,,,,,,,1787051340.929943,gnb2,post,post,,,
2026-08-18T11:09:01.031789,4081,0x46,PUCCH,,,,,,,,,,,,,,,,,,2,111.8,"1.000,",,,,,,,,,1787051341.031789,gnb2,post,post,,,
2026-08-18T11:09:02.119027,4100,0x46,PUCCH,,,,,,,,,,,,,,,,,,1,-inf,"0.000,",,,,,,,,,1787051342.119027,gnb2,post,post,,,
2026-08-18T11:09:03.992118,4140,0x46,PUCCH,,,,,,,,,,,,,,,,,,1,-inf,"0.000,",,,,,,,,,1787051343.992118,gnb2,post,post,,,
2026-08-18T11:09:05.182412,4160,0x46,PUCCH,,,,,,,,,,,,,,,,,,1,-inf,"0.000,",,,,,,,,,1787051345.182412,gnb2,post,post,,,
2026-08-18T11:09:06.303073,4180,0x46,PUCCH,,,,,,,,,,,,,,,,,,1,-inf,"0.000,",,,,,,,,,1787051346.303073,gnb2,post,post,,,
2026-08-18T11:09:07.501702,4200,0x46,PUCCH,,,,,,,,,,,,,,,,,,1,-inf,"0.000,",,,,,,,,,1787051347.501702,gnb2,post,post,,,
2026-08-18T11:09:08.956208,4220,0x46,PUCCH,,,,,,,,,,,,,,,,,,1,-inf,"0.000,",,,,,,,,,1787051348.956208,gnb2,post,post,,,
2026-08-18T11:09:10.133214,4240,0x46,PUCCH,,,,,,,,,,,,,,,,,,1,-inf,"0.000,",,,,,,,,,1787051350.133214,gnb2,post,post,,,
2026-08-18T11:09:11.589022,4280,0x46,PUCCH,,,,,,,,,,,,,,,,,,1,-inf,"0.000,",,,,,,,,,1787051351.589022,gnb2,post,post,,,
2026-08-18T11:09:12.383928,4300,0x46,PUCCH,,,,,,,,,,,,,,,,,,1,-inf,"0.000,",,,,,,,,,1787051352.383928,gnb2,post,post,,,
2026-08-18T11:09:13.448015,4320,0x46,PUCCH,,,,,,,,,,,,,,,,,,1,-inf,"0.000,",,,,,,,,,1787051353.448015,gnb2,post,post,,,
2026-08-18T11:09:14.493231,4340,0x46,PUCCH,,,,,,,,,,,,,,,,,,1,-inf,"0.000,",,,,,,,,,1787051354.493231,gnb2,post,post,,,
2026-08-18T11:09:15.320907,4360,0x46,PUCCH,,,,,,,,,,,,,,,,,,1,-inf,"0.000,",,,,,,,,,1787051355.320907,gnb2,post,post,,,
2026-08-18T11:09:16.244366,4380,0x46,PUCCH,,,,,,,,,,,,,,,,,,1,-inf,"0.000,",,,,,,,,,1787051356.244366,gnb2,post,post,,,
2026-08-18T11:09:17.710837,4400,0x46,PUCCH,,,,,,,,,,,,,,,,,,1,-inf,"0.000,",,,,,,,,,1787051357.710837,gnb2,post,post,,,
2026-08-18T11:09:18.585183,4420,0x46,PUCCH,,,,,,,,,,,,,,,,,,1,-inf,"0.000,",,,,,,,,,1787051358.585183,gnb2,post,post,,,
2026-08-18T11:09:19.558077,4440,0x46,PUCCH,,,,,,,,,,,,,,,,,,1,-inf,"0.000,",,,,,,,,,1787051359.558077,gnb2,post,post,,,
2026-08-18T11:09:20.563827,4460,0x46,PUCCH,,,,,,,,,,,,,,,,,,1,-inf,"0.000,",,,,,,,,,1787051360.563827,gnb2,post,post,,,
2026-08-18T11:09:21.715616,4480,0x46,PUCCH,,,,,,,,,,,,,,,,,,1,-inf,"0.000,",,,,,,,,,1787051361.715616,gnb2,post,post,,,
2026-08-18T11:09:23.166831,4500,0x46,PUCCH,,,,,,,,,,,,,,,,,,1,-inf,"0.000,",,,,,,,,,1787051363.166831,gnb2,post,post,,,
2026-08-18T11:09:24.104662,4520,0x46,PUCCH,,,,,,,,,,,,,,,,,,1,-inf,"0.000,",,,,,,,,,1787051364.104662,gnb2,post,post,,,
2026-08-18T11:09:25.236618,4540,0x46,PUCCH,,,,,,,,,,,,,,,,,,1,-inf,"0.000,",,,,,,,,,1787051365.236618,gnb2,post,post,,,
2026-08-18T11:09:26.278146,4560,0x46,PUCCH,,,,,,,,,,,,,,,,,,1,-inf,"0.000,",,,,,,,,,1787051366.278146,gnb2,post,post,,,
2026-08-18T11:09:27.097025,4580,0x46,PUCCH,,,,,,,,,,,,,,,,,,1,-inf,"0.000,",,,,,,,,,1787051367.097025,gnb2,post,post,,,
2026-08-18T11:09:28.741131,4620,0x46,PUCCH,,,,,,,,,,,,,,,,,,1,-inf,"0.000,",,,,,,,,,1787051368.741131,gnb2,post,post,,,
2026-08-18T11:09:29.857231,4640,0x46,PUCCH,,,,,,,,,,,,,,,,,,1,-inf,"0.000,",,,,,,,,,1787051369.857231,gnb2,post,post,,,
2026-08-18T11:09:31.185705,4660,0x46,PUCCH,,,,,,,,,,,,,,,,,,1,-inf,"0.000,",,,,,,,,,1787051371.185705,gnb2,post,post,,,
2026-08-18T11:09:32.160273,4680,0x46,PUCCH,,,,,,,,,,,,,,,,,,1,-inf,"0.000,",,,,,,,,,1787051372.160273,gnb2,post,post,,,
2026-08-18T11:09:34.020788,4720,0x46,PUCCH,,,,,,,,,,,,,,,,,,1,-inf,"0.000,",,,,,,,,,1787051374.020788,gnb2,post,post,,,
2026-08-18T11:09:35.100744,4740,0x46,PUCCH,,,,,,,,,,,,,,,,,,1,-inf,"0.000,",,,,,,,,,1787051375.100744,gnb2,post,post,,,
2026-08-18T11:09:36.054096,4760,0x46,PUCCH,,,,,,,,,,,,,,,,,,1,-inf,"0.000,",,,,,,,,,1787051376.054096,gnb2,post,post,,,
2026-08-18T11:09:37.938804,4800,0x46,PUCCH,,,,,,,,,,,,,,,,,,1,-inf,"0.000,",,,,,,,,,1787051377.938804,gnb2,post,post,,,
2026-08-18T11:09:38.649020,4820,0x46,PUCCH,,,,,,,,,,,,,,,,,,1,-inf,"0.000,",,,,,,,,,1787051378.649020,gnb2,post,post,,,
2026-08-18T11:09:39.375551,4840,0x46,PUCCH,,,,,,,,,,,,,,,,,,1,-inf,"0.000,",,,,,,,,,1787051379.375551,gnb2,post,post,,,
2026-08-18T11:09:40.535445,4860,0x46,PUCCH,,,,,,,,,,,,,,,,,,1,-inf,"0.000,",,,,,,,,,1787051380.535445,gnb2,post,post,,,
2026-08-18T11:09:41.762016,4880,0x46,PUCCH,,,,,,,,,,,,,,,,,,1,-inf,"0.000,",,,,,,,,,1787051381.762016,gnb2,post,post,,,
2026-08-18T11:09:42.638816,4900,0x46,PUCCH,,,,,,,,,,,,,,,,,,1,-inf,"0.000,",,,,,,,,,1787051382.638816,gnb2,post,post,,,
2026-08-18T11:09:43.536619,4920,0x46,PUCCH,,,,,,,,,,,,,,,,,,1,-inf,"0.000,",,,,,,,,,1787051383.536619,gnb2,post,post,,,
2026-08-18T11:09:44.617730,4940,0x46,PUCCH,,,,,,,,,,,,,,,,,,1,-inf,"0.000,",,,,,,,,,1787051384.617730,gnb2,post,post,,,
2026-08-18T11:09:45.416990,4960,0x46,PUCCH,,,,,,,,,,,,,,,,,,1,-inf,"0.000,",,,,,,,,,1787051385.416990,gnb2,post,post,,,
2026-08-18T11:09:46.025511,4980,0x46,PUCCH,,,,,,,,,,,,,,,,,,1,-inf,"0.000,",,,,,,,,,1787051386.025511,gnb2,post,post,,,
2026-08-18T11:09:47.841125,5020,0x46,PUCCH,,,,,,,,,,,,,,,,,,1,-inf,"0.000,",,,,,,,,,1787051387.841125,gnb2,post,post,,,
2026-08-18T11:09:48.821453,5040,0x46,PUCCH,,,,,,,,,,,,,,,,,,1,-inf,"0.000,",,,,,,,,,1787051388.821453,gnb2,post,post,,,
2026-08-18T11:09:49.896755,5060,0x46,PUCCH,,,,,,,,,,,,,,,,,,1,-inf,"0.000,",,,,,,,,,1787051389.896755,gnb2,post,post,,,
2026-08-18T11:09:50.963916,5080,0x46,PUCCH,,,,,,,,,,,,,,,,,,1,-inf,"0.000,",,,,,,,,,1787051390.963916,gnb2,post,post,,,
2026-08-18T11:09:51.000239,5081,0x46,PUCCH,,,,,,,,,,,,,,,,,,2,111.8,"1.000,",,,,,,,,,1787051391.000239,gnb2,post,post,,,
2026-08-18T11:09:52.923525,5120,0x46,PUCCH,,,,,,,,,,,,,,,,,,1,-inf,"0.000,",,,,,,,,,1787051392.923525,gnb2,post,post,,,
2026-08-18T11:09:53.868212,5140,0x46,PUCCH,,,,,,,,,,,,,,,,,,1,-inf,"0.000,",,,,,,,,,1787051393.868212,gnb2,post,post,,,
2026-08-18T11:09:54.719811,5160,0x46,PUCCH,,,,,,,,,,,,,,,,,,1,-inf,"0.000,",,,,,,,,,1787051394.719811,gnb2,post,post,,,
2026-08-18T11:09:55.695396,5180,0x46,PUCCH,,,,,,,,,,,,,,,,,,1,-inf,"0.000,",,,,,,,,,1787051395.695396,gnb2,post,post,,,
2026-08-18T11:09:56.615105,5200,0x46,PUCCH,,,,,,,,,,,,,,,,,,1,-inf,"0.000,",,,,,,,,,1787051396.615105,gnb2,post,post,,,
2026-08-18T11:09:57.928436,5220,0x46,PUCCH,,,,,,,,,,,,,,,,,,1,-inf,"0.000,",,,,,,,,,1787051397.928436,gnb2,post,post,,,
2026-08-18T11:09:59.276424,5240,0x46,PUCCH,,,,,,,,,,,,,,,,,,1,-inf,"0.000,",,,,,,,,,1787051399.276424,gnb2,post,post,,,
2026-08-18T11:10:00.297755,5260,0x46,PUCCH,,,,,,,,,,,,,,,,,,1,-inf,"0.000,",,,,,,,,,1787051400.297755,gnb2,post,post,,,
2026-08-18T11:10:01.321056,5280,0x46,PUCCH,,,,,,,,,,,,,,,,,,1,-inf,"0.000,",,,,,,,,,1787051401.321056,gnb2,post,post,,,
2026-08-18T11:10:02.485435,5300,0x46,PUCCH,,,,,,,,,,,,,,,,,,1,-inf,"0.000,",,,,,,,,,1787051402.485435,gnb2,post,post,,,
2026-08-18T11:10:03.833165,5320,0x46,PUCCH,,,,,,,,,,,,,,,,,,1,-inf,"0.000,",,,,,,,,,1787051403.833165,gnb2,post,post,,,
2026-08-18T11:10:04.977821,5340,0x46,PUCCH,,,,,,,,,,,,,,,,,,1,-inf,"0.000,",,,,,,,,,1787051404.977821,gnb2,post,post,,,
2026-08-18T11:10:05.852333,5360,0x46,PUCCH,,,,,,,,,,,,,,,,,,1,-inf,"0.000,",,,,,,,,,1787051405.852333,gnb2,post,post,,,
2026-08-18T11:10:06.773753,5380,0x46,PUCCH,,,,,,,,,,,,,,,,,,1,-inf,"0.000,",,,,,,,,,1787051406.773753,gnb2,post,post,,,
2026-08-18T11:10:07.731527,5400,0x46,PUCCH,,,,,,,,,,,,,,,,,,1,-inf,"0.000,",,,,,,,,,1787051407.731527,gnb2,post,post,,,
2026-08-18T11:10:08.934970,5420,0x46,PUCCH,,,,,,,,,,,,,,,,,,1,-inf,"0.000,",,,,,,,,,1787051408.934970,gnb2,post,post,,,
2026-08-18T11:10:10.093055,5440,0x46,PUCCH,,,,,,,,,,,,,,,,,,1,-inf,"0.000,",,,,,,,,,1787051410.093055,gnb2,post,post,,,
2026-08-18T11:10:12.032939,5480,0x46,PUCCH,,,,,,,,,,,,,,,,,,1,-inf,"0.000,",,,,,,,,,1787051412.032939,gnb2,post,post,,,
2026-08-18T11:10:13.037954,5500,0x46,PUCCH,,,,,,,,,,,,,,,,,,1,-inf,"0.000,",,,,,,,,,1787051413.037954,gnb2,post,post,,,
2026-08-18T11:10:14.988624,5540,0x46,PUCCH,,,,,,,,,,,,,,,,,,1,-inf,"0.000,",,,,,,,,,1787051414.988624,gnb2,post,post,,,
2026-08-18T11:10:15.868967,5560,0x46,PUCCH,,,,,,,,,,,,,,,,,,1,-inf,"0.000,",,,,,,,,,1787051415.868967,gnb2,post,post,,,
2026-08-18T11:10:16.829303,5580,0x46,PUCCH,,,,,,,,,,,,,,,,,,1,-inf,"0.000,",,,,,,,,,1787051416.829303,gnb2,post,post,,,
2026-08-18T11:10:17.679018,5600,0x46,PUCCH,,,,,,,,,,,,,,,,,,1,-inf,"0.000,",,,,,,,,,1787051417.679018,gnb2,post,post,,,
2026-08-18T11:10:18.423361,5620,0x46,PUCCH,,,,,,,,,,,,,,,,,,1,-inf,"0.000,",,,,,,,,,1787051418.423361,gnb2,post,post,,,
2026-08-18T11:10:19.242158,5640,0x46,PUCCH,,,,,,,,,,,,,,,,,,1,-inf,"0.000,",,,,,,,,,1787051419.242158,gnb2,post,post,,,
2026-08-18T11:10:20.100021,5660,0x46,PUCCH,,,,,,,,,,,,,,,,,,1,-inf,"0.000,",,,,,,,,,1787051420.100021,gnb2,post,post,,,
2026-08-18T11:10:21.047228,5680,0x46,PUCCH,,,,,,,,,,,,,,,,,,1,-inf,"0.000,",,,,,,,,,1787051421.047228,gnb2,post,post,,,
2026-08-18T11:10:22.961641,5720,0x46,PUCCH,,,,,,,,,,,,,,,,,,1,-inf,"0.000,",,,,,,,,,1787051422.961641,gnb2,post,post,,,
2026-08-18T11:10:24.471191,5740,0x46,PUCCH,,,,,,,,,,,,,,,,,,1,-inf,"0.000,",,,,,,,,,1787051424.471191,gnb2,post,post,,,
2026-08-18T11:10:25.441619,5760,0x46,PUCCH,,,,,,,,,,,,,,,,,,1,-inf,"0.000,",,,,,,,,,1787051425.441619,gnb2,post,post,,,
2026-08-18T11:10:26.342963,5780,0x46,PUCCH,,,,,,,,,,,,,,,,,,1,-inf,"0.000,",,,,,,,,,1787051426.342963,gnb2,post,post,,,
2026-08-18T11:10:27.136633,5800,0x46,PUCCH,,,,,,,,,,,,,,,,,,1,-inf,"0.000,",,,,,,,,,1787051427.136633,gnb2,post,post,,,
2026-08-18T11:10:28.091541,5820,0x46,PUCCH,,,,,,,,,,,,,,,,,,1,-inf,"0.000,",,,,,,,,,1787051428.091541,gnb2,post,post,,,
2026-08-18T11:10:29.411227,5840,0x46,PUCCH,,,,,,,,,,,,,,,,,,1,-inf,"0.000,",,,,,,,,,1787051429.411227,gnb2,post,post,,,
2026-08-18T11:10:30.448772,5860,0x46,PUCCH,,,,,,,,,,,,,,,,,,1,-inf,"0.000,",,,,,,,,,1787051430.448772,gnb2,post,post,,,
2026-08-18T11:10:31.429119,5880,0x46,PUCCH,,,,,,,,,,,,,,,,,,1,-inf,"0.000,",,,,,,,,,1787051431.429119,gnb2,post,post,,,
2026-08-18T11:10:32.522621,5900,0x46,PUCCH,,,,,,,,,,,,,,,,,,1,-inf,"0.000,",,,,,,,,,1787051432.522621,gnb2,post,post,,,
2026-08-18T11:10:33.354346,5920,0x46,PUCCH,,,,,,,,,,,,,,,,,,1,-inf,"0.000,",,,,,,,,,1787051433.354346,gnb2,post,post,,,
2026-08-18T11:10:34.335737,5940,0x46,PUCCH,,,,,,,,,,,,,,,,,,1,-inf,"0.000,",,,,,,,,,1787051434.335737,gnb2,post,post,,,
2026-08-18T11:10:35.586073,5960,0x46,PUCCH,,,,,,,,,,,,,,,,,,1,-inf,"0.000,",,,,,,,,,1787051435.586073,gnb2,post,post,,,
2026-08-18T11:10:36.792718,5980,0x46,PUCCH,,,,,,,,,,,,,,,,,,1,-inf,"0.000,",,,,,,,,,1787051436.792718,gnb2,post,post,,,
2026-08-18T11:10:37.811453,6000,0x46,PUCCH,,,,,,,,,,,,,,,,,,1,-inf,"0.000,",,,,,,,,,1787051437.811453,gnb2,post,post,,,
2026-08-18T11:10:38.947144,6020,0x46,PUCCH,,,,,,,,,,,,,,,,,,1,-inf,"0.000,",,,,,,,,,1787051438.947144,gnb2,post,post,,,
2026-08-18T11:10:39.879577,6040,0x46,PUCCH,,,,,,,,,,,,,,,,,,1,-inf,"0.000,",,,,,,,,,1787051439.879577,gnb2,post,post,,,
2026-08-18T11:10:40.816692,6060,0x46,PUCCH,,,,,,,,,,,,,,,,,,1,-inf,"0.000,",,,,,,,,,1787051440.816692,gnb2,post,post,,,
2026-08-18T11:10:41.897228,6080,0x46,PUCCH,,,,,,,,,,,,,,,,,,1,-inf,"0.000,",,,,,,,,,1787051441.897228,gnb2,post,post,,,
2026-08-18T11:10:42.893005,6100,0x46,PUCCH,,,,,,,,,,,,,,,,,,1,-inf,"0.000,",,,,,,,,,1787051442.893005,gnb2,post,post,,,
2026-08-18T11:10:44.430980,6120,0x46,PUCCH,,,,,,,,,,,,,,,,,,1,-inf,"0.000,",,,,,,,,,1787051444.430980,gnb2,post,post,,,
2026-08-18T11:10:45.558152,6140,0x46,PUCCH,,,,,,,,,,,,,,,,,,1,-inf,"0.000,",,,,,,,,,1787051445.558152,gnb2,post,post,,,
2026-08-18T11:10:46.768966,6160,0x46,PUCCH,,,,,,,,,,,,,,,,,,1,-inf,"0.000,",,,,,,,,,1787051446.768966,gnb2,post,post,,,
2026-08-18T11:10:48.007040,6180,0x46,PUCCH,,,,,,,,,,,,,,,,,,1,-inf,"0.000,",,,,,,,,,1787051448.007040,gnb2,post,post,,,
2026-08-18T11:10:49.335699,6200,0x46,PUCCH,,,,,,,,,,,,,,,,,,1,-inf,"0.000,",,,,,,,,,1787051449.335699,gnb2,post,post,,,
2026-08-18T11:10:50.323461,6220,0x46,PUCCH,,,,,,,,,,,,,,,,,,1,-inf,"0.000,",,,,,,,,,1787051450.323461,gnb2,post,post,,,
2026-08-18T11:10:51.124312,6240,0x46,PUCCH,,,,,,,,,,,,,,,,,,1,-inf,"0.000,",,,,,,,,,1787051451.124312,gnb2,post,post,,,
2026-08-18T11:10:53.405891,6280,0x46,PUCCH,,,,,,,,,,,,,,,,,,1,-inf,"0.000,",,,,,,,,,1787051453.405891,gnb2,post,post,,,
2026-08-18T11:10:54.705047,6300,0x46,PUCCH,,,,,,,,,,,,,,,,,,1,-inf,"0.000,",,,,,,,,,1787051454.705047,gnb2,post,post,,,
2026-08-18T11:10:55.917046,6320,0x46,PUCCH,,,,,,,,,,,,,,,,,,1,-inf,"0.000,",,,,,,,,,1787051455.917046,gnb2,post,post,,,
2026-08-18T11:10:57.224727,6340,0x46,PUCCH,,,,,,,,,,,,,,,,,,1,-inf,"0.000,",,,,,,,,,1787051457.224727,gnb2,post,post,,,
2026-08-18T11:10:58.292922,6360,0x46,PUCCH,,,,,,,,,,,,,,,,,,1,-inf,"0.000,",,,,,,,,,1787051458.292922,gnb2,post,post,,,
2026-08-18T11:10:59.336015,6380,0x46,PUCCH,,,,,,,,,,,,,,,,,,1,-inf,"0.000,",,,,,,,,,1787051459.336015,gnb2,post,post,,,
2026-08-18T11:11:00.225839,6400,0x46,PUCCH,,,,,,,,,,,,,,,,,,1,-inf,"0.000,",,,,,,,,,1787051460.225839,gnb2,post,post,,,
2026-08-18T11:11:01.332152,6420,0x46,PUCCH,,,,,,,,,,,,,,,,,,1,-inf,"0.000,",,,,,,,,,1787051461.332152,gnb2,post,post,,,
2026-08-18T11:11:02.540858,6440,0x46,PUCCH,,,,,,,,,,,,,,,,,,1,-inf,"0.000,",,,,,,,,,1787051462.540858,gnb2,post,post,,,
2026-08-18T11:11:03.499478,6460,0x46,PUCCH,,,,,,,,,,,,,,,,,,1,-inf,"0.000,",,,,,,,,,1787051463.499478,gnb2,post,post,,,
2026-08-18T11:11:05.210151,6480,0x46,PUCCH,,,,,,,,,,,,,,,,,,1,-inf,"0.000,",,,,,,,,,1787051465.210151,gnb2,post,post,,,
2026-08-18T11:11:06.110061,6500,0x46,PUCCH,,,,,,,,,,,,,,,,,,1,-inf,"0.000,",,,,,,,,,1787051466.110061,gnb2,post,post,,,
2026-08-18T11:11:08.251116,6540,0x46,PUCCH,,,,,,,,,,,,,,,,,,1,-inf,"0.000,",,,,,,,,,1787051468.251116,gnb2,post,post,,,
2026-08-18T11:11:09.287361,6560,0x46,PUCCH,,,,,,,,,,,,,,,,,,1,-inf,"0.000,",,,,,,,,,1787051469.287361,gnb2,post,post,,,
2026-08-18T11:11:10.405881,6580,0x46,PUCCH,,,,,,,,,,,,,,,,,,1,-inf,"0.000,",,,,,,,,,1787051470.405881,gnb2,post,post,,,
2026-08-18T11:11:11.533582,6600,0x46,PUCCH,,,,,,,,,,,,,,,,,,1,-inf,"0.000,",,,,,,,,,1787051471.533582,gnb2,post,post,,,
2026-08-18T11:11:13.113631,6620,0x46,PUCCH,,,,,,,,,,,,,,,,,,1,-inf,"0.000,",,,,,,,,,1787051473.113631,gnb2,post,post,,,
2026-08-18T11:11:14.330753,6640,0x46,PUCCH,,,,,,,,,,,,,,,,,,1,-inf,"0.000,",,,,,,,,,1787051474.330753,gnb2,post,post,,,
2026-08-18T11:11:15.426703,6660,0x46,PUCCH,,,,,,,,,,,,,,,,,,1,-inf,"0.000,",,,,,,,,,1787051475.426703,gnb2,post,post,,,
2026-08-18T11:11:16.791037,6680,0x46,PUCCH,,,,,,,,,,,,,,,,,,1,-inf,"0.000,",,,,,,,,,1787051476.791037,gnb2,post,post,,,
2026-08-18T11:11:17.928244,6700,0x46,PUCCH,,,,,,,,,,,,,,,,,,1,-inf,"0.000,",,,,,,,,,1787051477.928244,gnb2,post,post,,,
2026-08-18T11:11:19.412213,6720,0x46,PUCCH,,,,,,,,,,,,,,,,,,1,-inf,"0.000,",,,,,,,,,1787051479.412213,gnb2,post,post,,,
2026-08-18T11:11:21.068557,6740,0x46,PUCCH,,,,,,,,,,,,,,,,,,1,-inf,"0.000,",,,,,,,,,1787051481.068557,gnb2,post,post,,,
2026-08-18T11:11:22.045002,6761,0x46,PUCCH,,,,,,,,,,,,,,,,,,2,111.8,"1.000,",,,,,,,,,1787051482.045002,gnb2,post,post,,,
2026-08-18T11:11:23.282888,6780,0x46,PUCCH,,,,,,,,,,,,,,,,,,1,-inf,"0.000,",,,,,,,,,1787051483.282888,gnb2,post,post,,,
2026-08-18T11:11:24.270385,6800,0x46,PUCCH,,,,,,,,,,,,,,,,,,1,-inf,"0.000,",,,,,,,,,1787051484.270385,gnb2,post,post,,,
2026-08-18T11:11:25.565893,6820,0x46,PUCCH,,,,,,,,,,,,,,,,,,1,-inf,"0.000,",,,,,,,,,1787051485.565893,gnb2,post,post,,,
2026-08-18T11:11:26.768737,6840,0x46,PUCCH,,,,,,,,,,,,,,,,,,1,-inf,"0.000,",,,,,,,,,1787051486.768737,gnb2,post,post,,,
2026-08-18T11:11:27.610971,6860,0x46,PUCCH,,,,,,,,,,,,,,,,,,1,-inf,"0.000,",,,,,,,,,1787051487.610971,gnb2,post,post,,,
2026-08-18T11:11:28.531628,6880,0x46,PUCCH,,,,,,,,,,,,,,,,,,1,-inf,"0.000,",,,,,,,,,1787051488.531628,gnb2,post,post,,,
2026-08-18T11:11:29.462015,6900,0x46,PUCCH,,,,,,,,,,,,,,,,,,1,-inf,"0.000,",,,,,,,,,1787051489.462015,gnb2,post,post,,,
2026-08-18T11:11:30.562817,6920,0x46,PUCCH,,,,,,,,,,,,,,,,,,1,-inf,"0.000,",,,,,,,,,1787051490.562817,gnb2,post,post,,,
2026-08-18T11:11:31.635055,6940,0x46,PUCCH,,,,,,,,,,,,,,,,,,1,-inf,"0.000,",,,,,,,,,1787051491.635055,gnb2,post,post,,,
2026-08-18T11:11:32.719866,6960,0x46,PUCCH,,,,,,,,,,,,,,,,,,1,-inf,"0.000,",,,,,,,,,1787051492.719866,gnb2,post,post,,,
2026-08-18T11:11:33.734745,6980,0x46,PUCCH,,,,,,,,,,,,,,,,,,1,-inf,"0.000,",,,,,,,,,1787051493.734745,gnb2,post,post,,,
2026-08-18T11:11:35.088461,7000,0x46,PUCCH,,,,,,,,,,,,,,,,,,1,-inf,"0.000,",,,,,,,,,1787051495.088461,gnb2,post,post,,,
2026-08-18T11:11:37.255456,7040,0x46,PUCCH,,,,,,,,,,,,,,,,,,1,-inf,"0.000,",,,,,,,,,1787051497.255456,gnb2,post,post,,,
2026-08-18T11:11:38.741587,7060,0x46,PUCCH,,,,,,,,,,,,,,,,,,1,-inf,"0.000,",,,,,,,,,1787051498.741587,gnb2,post,post,,,
2026-08-18T11:11:39.772888,7080,0x46,PUCCH,,,,,,,,,,,,,,,,,,1,-inf,"0.000,",,,,,,,,,1787051499.772888,gnb2,post,post,,,
2026-08-18T11:11:40.795801,7100,0x46,PUCCH,,,,,,,,,,,,,,,,,,1,-inf,"0.000,",,,,,,,,,1787051500.795801,gnb2,post,post,,,
2026-08-18T11:11:41.634936,7120,0x46,PUCCH,,,,,,,,,,,,,,,,,,1,-inf,"0.000,",,,,,,,,,1787051501.634936,gnb2,post,post,,,
2026-08-18T11:11:42.749273,7140,0x46,PUCCH,,,,,,,,,,,,,,,,,,1,-inf,"0.000,",,,,,,,,,1787051502.749273,gnb2,post,post,,,
2026-08-18T11:11:43.747928,7160,0x46,PUCCH,,,,,,,,,,,,,,,,,,1,-inf,"0.000,",,,,,,,,,1787051503.747928,gnb2,post,post,,,
2026-08-18T11:11:44.641506,7180,0x46,PUCCH,,,,,,,,,,,,,,,,,,1,-inf,"0.000,",,,,,,,,,1787051504.641506,gnb2,post,post,,,
2026-08-18T11:11:45.851499,7200,0x46,PUCCH,,,,,,,,,,,,,,,,,,1,-inf,"0.000,",,,,,,,,,1787051505.851499,gnb2,post,post,,,
2026-08-18T11:11:46.856407,7220,0x46,PUCCH,,,,,,,,,,,,,,,,,,1,-inf,"0.000,",,,,,,,,,1787051506.856407,gnb2,post,post,,,
2026-08-18T11:11:47.728353,7240,0x46,PUCCH,,,,,,,,,,,,,,,,,,1,-inf,"0.000,",,,,,,,,,1787051507.728353,gnb2,post,post,,,
2026-08-18T11:11:48.824889,7260,0x46,PUCCH,,,,,,,,,,,,,,,,,,1,-inf,"0.000,",,,,,,,,,1787051508.824889,gnb2,post,post,,,
2026-08-18T11:11:49.882133,7280,0x46,PUCCH,,,,,,,,,,,,,,,,,,1,-inf,"0.000,",,,,,,,,,1787051509.882133,gnb2,post,post,,,
2026-08-18T11:11:51.230137,7300,0x46,PUCCH,,,,,,,,,,,,,,,,,,1,-inf,"0.000,",,,,,,,,,1787051511.230137,gnb2,post,post,,,
2026-08-18T11:11:52.313329,7320,0x46,PUCCH,,,,,,,,,,,,,,,,,,1,-inf,"0.000,",,,,,,,,,1787051512.313329,gnb2,post,post,,,
2026-08-18T11:11:53.271281,7340,0x46,PUCCH,,,,,,,,,,,,,,,,,,1,-inf,"0.000,",,,,,,,,,1787051513.271281,gnb2,post,post,,,
2026-08-18T11:11:54.238925,7360,0x46,PUCCH,,,,,,,,,,,,,,,,,,1,-inf,"0.000,",,,,,,,,,1787051514.238925,gnb2,post,post,,,
2026-08-18T11:11:55.076076,7380,0x46,PUCCH,,,,,,,,,,,,,,,,,,1,-inf,"0.000,",,,,,,,,,1787051515.076076,gnb2,post,post,,,
2026-08-18T11:11:56.015931,7400,0x46,PUCCH,,,,,,,,,,,,,,,,,,1,-inf,"0.000,",,,,,,,,,1787051516.015931,gnb2,post,post,,,
2026-08-18T11:11:57.043411,7420,0x46,PUCCH,,,,,,,,,,,,,,,,,,1,-inf,"0.000,",,,,,,,,,1787051517.043411,gnb2,post,post,,,
2026-08-18T11:11:58.010348,7441,0x46,PUCCH,,,,,,,,,,,,,,,,,,2,111.8,"1.000,",,,,,,,,,1787051518.010348,gnb2,post,post,,,
2026-08-18T11:11:59.776084,7480,0x46,PUCCH,,,,,,,,,,,,,,,,,,1,-inf,"0.000,",,,,,,,,,1787051519.776084,gnb2,post,post,,,
2026-08-18T11:12:00.802414,7500,0x46,PUCCH,,,,,,,,,,,,,,,,,,1,-inf,"0.000,",,,,,,,,,1787051520.802414,gnb2,post,post,,,
2026-08-18T11:12:01.931845,7520,0x46,PUCCH,,,,,,,,,,,,,,,,,,1,-inf,"0.000,",,,,,,,,,1787051521.931845,gnb2,post,post,,,
2026-08-18T11:12:03.024987,7540,0x46,PUCCH,,,,,,,,,,,,,,,,,,1,-inf,"0.000,",,,,,,,,,1787051523.024987,gnb2,post,post,,,
2026-08-18T11:12:04.629231,7580,0x46,PUCCH,,,,,,,,,,,,,,,,,,1,-inf,"0.000,",,,,,,,,,1787051524.629231,gnb2,post,post,,,
2026-08-18T11:12:05.547107,7600,0x46,PUCCH,,,,,,,,,,,,,,,,,,1,-inf,"0.000,",,,,,,,,,1787051525.547107,gnb2,post,post,,,
2026-08-18T11:12:06.988105,7620,0x46,PUCCH,,,,,,,,,,,,,,,,,,1,-inf,"0.000,",,,,,,,,,1787051526.988105,gnb2,post,post,,,
2026-08-18T11:12:07.937919,7640,0x46,PUCCH,,,,,,,,,,,,,,,,,,1,-inf,"0.000,",,,,,,,,,1787051527.937919,gnb2,post,post,,,
2026-08-18T11:12:09.014782,7660,0x46,PUCCH,,,,,,,,,,,,,,,,,,1,-inf,"0.000,",,,,,,,,,1787051529.014782,gnb2,post,post,,,
2026-08-18T11:12:10.737362,7700,0x46,PUCCH,,,,,,,,,,,,,,,,,,1,-inf,"0.000,",,,,,,,,,1787051530.737362,gnb2,post,post,,,
2026-08-18T11:12:11.561091,7720,0x46,PUCCH,,,,,,,,,,,,,,,,,,1,-inf,"0.000,",,,,,,,,,1787051531.561091,gnb2,post,post,,,
2026-08-18T11:12:12.260054,7740,0x46,PUCCH,,,,,,,,,,,,,,,,,,1,-inf,"0.000,",,,,,,,,,1787051532.260054,gnb2,post,post,,,
2026-08-18T11:12:13.357555,7760,0x46,PUCCH,,,,,,,,,,,,,,,,,,1,-inf,"0.000,",,,,,,,,,1787051533.357555,gnb2,post,post,,,
2026-08-18T11:12:14.173385,7780,0x46,PUCCH,,,,,,,,,,,,,,,,,,1,-inf,"0.000,",,,,,,,,,1787051534.173385,gnb2,post,post,,,
2026-08-18T11:12:15.032865,7800,0x46,PUCCH,,,,,,,,,,,,,,,,,,1,-inf,"0.000,",,,,,,,,,1787051535.032865,gnb2,post,post,,,
2026-08-18T11:12:16.505010,7840,0x46,PUCCH,,,,,,,,,,,,,,,,,,1,-inf,"0.000,",,,,,,,,,1787051536.505010,gnb2,post,post,,,
2026-08-18T11:12:17.368914,7860,0x46,PUCCH,,,,,,,,,,,,,,,,,,1,-inf,"0.000,",,,,,,,,,1787051537.368914,gnb2,post,post,,,
2026-08-18T11:12:18.549587,7880,0x46,PUCCH,,,,,,,,,,,,,,,,,,1,-inf,"0.000,",,,,,,,,,1787051538.549587,gnb2,post,post,,,
2026-08-18T11:12:19.652057,7900,0x46,PUCCH,,,,,,,,,,,,,,,,,,1,-inf,"0.000,",,,,,,,,,1787051539.652057,gnb2,post,post,,,
2026-08-18T11:12:20.639673,7920,0x46,PUCCH,,,,,,,,,,,,,,,,,,1,-inf,"0.000,",,,,,,,,,1787051540.639673,gnb2,post,post,,,
2026-08-18T11:12:21.547067,7940,0x46,PUCCH,,,,,,,,,,,,,,,,,,1,-inf,"0.000,",,,,,,,,,1787051541.547067,gnb2,post,post,,,
2026-08-18T11:12:22.523670,7960,0x46,PUCCH,,,,,,,,,,,,,,,,,,1,-inf,"0.000,",,,,,,,,,1787051542.523670,gnb2,post,post,,,
2026-08-18T11:12:23.368385,7980,0x46,PUCCH,,,,,,,,,,,,,,,,,,1,-inf,"0.000,",,,,,,,,,1787051543.368385,gnb2,post,post,,,
2026-08-18T11:12:24.186159,8000,0x46,PUCCH,,,,,,,,,,,,,,,,,,1,-inf,"0.000,",,,,,,,,,1787051544.186159,gnb2,post,post,,,
2026-08-18T11:12:25.066699,8020,0x46,PUCCH,,,,,,,,,,,,,,,,,,1,-inf,"0.000,",,,,,,,,,1787051545.066699,gnb2,post,post,,,
2026-08-18T11:12:26.484656,8060,0x46,PUCCH,,,,,,,,,,,,,,,,,,1,-inf,"0.000,",,,,,,,,,1787051546.484656,gnb2,post,post,,,
2026-08-18T11:12:27.333838,8080,0x46,PUCCH,,,,,,,,,,,,,,,,,,1,-inf,"0.000,",,,,,,,,,1787051547.333838,gnb2,post,post,,,
2026-08-18T11:12:28.184575,8100,0x46,PUCCH,,,,,,,,,,,,,,,,,,1,-inf,"0.000,",,,,,,,,,1787051548.184575,gnb2,post,post,,,
2026-08-18T11:12:29.082753,8120,0x46,PUCCH,,,,,,,,,,,,,,,,,,1,-inf,"0.000,",,,,,,,,,1787051549.082753,gnb2,post,post,,,
2026-08-18T11:12:30.733840,8160,0x46,PUCCH,,,,,,,,,,,,,,,,,,1,-inf,"0.000,",,,,,,,,,1787051550.733840,gnb2,post,post,,,
2026-08-18T11:12:31.395738,8180,0x46,PUCCH,,,,,,,,,,,,,,,,,,1,-inf,"0.000,",,,,,,,,,1787051551.395738,gnb2,post,post,,,
2026-08-18T11:12:32.099899,8200,0x46,PUCCH,,,,,,,,,,,,,,,,,,1,-inf,"0.000,",,,,,,,,,1787051552.099899,gnb2,post,post,,,
2026-08-18T11:12:33.667988,8240,0x46,PUCCH,,,,,,,,,,,,,,,,,,1,-inf,"0.000,",,,,,,,,,1787051553.667988,gnb2,post,post,,,
2026-08-18T11:12:34.602546,8260,0x46,PUCCH,,,,,,,,,,,,,,,,,,1,-inf,"0.000,",,,,,,,,,1787051554.602546,gnb2,post,post,,,
2026-08-18T11:12:35.327469,8280,0x46,PUCCH,,,,,,,,,,,,,,,,,,1,-inf,"0.000,",,,,,,,,,1787051555.327469,gnb2,post,post,,,
2026-08-18T11:12:36.222761,8300,0x46,PUCCH,,,,,,,,,,,,,,,,,,1,-inf,"0.000,",,,,,,,,,1787051556.222761,gnb2,post,post,,,
2026-08-18T11:12:37.032353,8321,0x46,PUCCH,,,,,,,,,,,,,,,,,,2,111.8,"1.000,",,,,,,,,,1787051557.032353,gnb2,post,post,,,
2026-08-18T11:12:38.602592,8360,0x46,PUCCH,,,,,,,,,,,,,,,,,,1,-inf,"0.000,",,,,,,,,,1787051558.602592,gnb2,post,post,,,
2026-08-18T11:12:39.472303,8380,0x46,PUCCH,,,,,,,,,,,,,,,,,,1,-inf,"0.000,",,,,,,,,,1787051559.472303,gnb2,post,post,,,
2026-08-18T11:12:40.188041,8400,0x46,PUCCH,,,,,,,,,,,,,,,,,,1,-inf,"0.000,",,,,,,,,,1787051560.188041,gnb2,post,post,,,
2026-08-18T11:12:41.004594,8420,0x46,PUCCH,,,,,,,,,,,,,,,,,,1,-inf,"0.000,",,,,,,,,,1787051561.004594,gnb2,post,post,,,
2026-08-18T11:12:42.711714,8460,0x46,PUCCH,,,,,,,,,,,,,,,,,,1,-inf,"0.000,",,,,,,,,,1787051562.711714,gnb2,post,post,,,
2026-08-18T11:12:43.435949,8480,0x46,PUCCH,,,,,,,,,,,,,,,,,,1,-inf,"0.000,",,,,,,,,,1787051563.435949,gnb2,post,post,,,
2026-08-18T11:12:44.994783,8500,0x46,PUCCH,,,,,,,,,,,,,,,,,,1,-inf,"0.000,",,,,,,,,,1787051564.994783,gnb2,post,post,,,
2026-08-18T11:12:45.826442,8520,0x46,PUCCH,,,,,,,,,,,,,,,,,,1,-inf,"0.000,",,,,,,,,,1787051565.826442,gnb2,post,post,,,
2026-08-18T11:12:46.500784,8540,0x46,PUCCH,,,,,,,,,,,,,,,,,,1,-inf,"0.000,",,,,,,,,,1787051566.500784,gnb2,post,post,,,
2026-08-18T11:12:47.495989,8560,0x46,PUCCH,,,,,,,,,,,,,,,,,,1,-inf,"0.000,",,,,,,,,,1787051567.495989,gnb2,post,post,,,
2026-08-18T11:12:48.264386,8580,0x46,PUCCH,,,,,,,,,,,,,,,,,,1,-inf,"0.000,",,,,,,,,,1787051568.264386,gnb2,post,post,,,
2026-08-18T11:12:49.023885,8601,0x46,PUCCH,,,,,,,,,,,,,,,,,,2,111.8,"1.000,",,,,,,,,,1787051569.023885,gnb2,post,post,,,
2026-08-18T11:12:50.735614,8640,0x46,PUCCH,,,,,,,,,,,,,,,,,,1,-inf,"0.000,",,,,,,,,,1787051570.735614,gnb2,post,post,,,
2026-08-18T11:12:51.745412,8660,0x46,PUCCH,,,,,,,,,,,,,,,,,,1,-inf,"0.000,",,,,,,,,,1787051571.745412,gnb2,post,post,,,
2026-08-18T11:12:52.628383,8680,0x46,PUCCH,,,,,,,,,,,,,,,,,,1,-inf,"0.000,",,,,,,,,,1787051572.628383,gnb2,post,post,,,
2026-08-18T11:12:53.269811,8700,0x46,PUCCH,,,,,,,,,,,,,,,,,,1,-inf,"0.000,",,,,,,,,,1787051573.269811,gnb2,post,post,,,
2026-08-18T11:12:54.036373,8721,0x46,PUCCH,,,,,,,,,,,,,,,,,,2,111.8,"1.000,",,,,,,,,,1787051574.036373,gnb2,post,post,,,
2026-08-18T11:12:55.459194,8760,0x46,PUCCH,,,,,,,,,,,,,,,,,,1,-inf,"0.000,",,,,,,,,,1787051575.459194,gnb2,post,post,,,
2026-08-18T11:12:56.363056,8780,0x46,PUCCH,,,,,,,,,,,,,,,,,,1,-inf,"0.000,",,,,,,,,,1787051576.363056,gnb2,post,post,,,
2026-08-18T11:12:57.247179,8800,0x46,PUCCH,,,,,,,,,,,,,,,,,,1,-inf,"0.000,",,,,,,,,,1787051577.247179,gnb2,post,post,,,
2026-08-18T11:12:58.088851,8820,0x46,PUCCH,,,,,,,,,,,,,,,,,,1,-inf,"0.000,",,,,,,,,,1787051578.088851,gnb2,post,post,,,
2026-08-18T11:12:59.629881,8860,0x46,PUCCH,,,,,,,,,,,,,,,,,,1,-inf,"0.000,",,,,,,,,,1787051579.629881,gnb2,post,post,,,
2026-08-18T11:13:00.607656,8880,0x46,PUCCH,,,,,,,,,,,,,,,,,,1,-inf,"0.000,",,,,,,,,,1787051580.607656,gnb2,post,post,,,
2026-08-18T11:13:01.359609,8900,0x46,PUCCH,,,,,,,,,,,,,,,,,,1,-inf,"0.000,",,,,,,,,,1787051581.359609,gnb2,post,post,,,
2026-08-18T11:13:02.187372,8920,0x46,PUCCH,,,,,,,,,,,,,,,,,,1,-inf,"0.000,",,,,,,,,,1787051582.187372,gnb2,post,post,,,
2026-08-18T11:13:03.117419,8940,0x46,PUCCH,,,,,,,,,,,,,,,,,,1,-inf,"0.000,",,,,,,,,,1787051583.117419,gnb2,post,post,,,
2026-08-18T11:13:04.512886,8980,0x46,PUCCH,,,,,,,,,,,,,,,,,,1,-inf,"0.000,",,,,,,,,,1787051584.512886,gnb2,post,post,,,
2026-08-18T11:13:05.583421,9000,0x46,PUCCH,,,,,,,,,,,,,,,,,,1,-inf,"0.000,",,,,,,,,,1787051585.583421,gnb2,post,post,,,
2026-08-18T11:13:06.459377,9020,0x46,PUCCH,,,,,,,,,,,,,,,,,,1,-inf,"0.000,",,,,,,,,,1787051586.459377,gnb2,post,post,,,
2026-08-18T11:13:07.390043,9040,0x46,PUCCH,,,,,,,,,,,,,,,,,,1,-inf,"0.000,",,,,,,,,,1787051587.390043,gnb2,post,post,,,
2026-08-18T11:13:08.230424,9060,0x46,PUCCH,,,,,,,,,,,,,,,,,,1,-inf,"0.000,",,,,,,,,,1787051588.230424,gnb2,post,post,,,
2026-08-18T11:13:09.126036,9080,0x46,PUCCH,,,,,,,,,,,,,,,,,,1,-inf,"0.000,",,,,,,,,,1787051589.126036,gnb2,post,post,,,
2026-08-18T11:13:10.680044,9120,0x46,PUCCH,,,,,,,,,,,,,,,,,,1,-inf,"0.000,",,,,,,,,,1787051590.680044,gnb2,post,post,,,
2026-08-18T11:13:11.786618,9140,0x46,PUCCH,,,,,,,,,,,,,,,,,,1,-inf,"0.000,",,,,,,,,,1787051591.786618,gnb2,post,post,,,
2026-08-18T11:13:13.368189,9160,0x46,PUCCH,,,,,,,,,,,,,,,,,,1,-inf,"0.000,",,,,,,,,,1787051593.368189,gnb2,post,post,,,
2026-08-18T11:13:14.445372,9180,0x46,PUCCH,,,,,,,,,,,,,,,,,,1,-inf,"0.000,",,,,,,,,,1787051594.445372,gnb2,post,post,,,
2026-08-18T11:13:15.573735,9200,0x46,PUCCH,,,,,,,,,,,,,,,,,,1,-inf,"0.000,",,,,,,,,,1787051595.573735,gnb2,post,post,,,
2026-08-18T11:13:16.798708,9220,0x46,PUCCH,,,,,,,,,,,,,,,,,,1,-inf,"0.000,",,,,,,,,,1787051596.798708,gnb2,post,post,,,
2026-08-18T11:13:17.650687,9240,0x46,PUCCH,,,,,,,,,,,,,,,,,,1,-inf,"0.000,",,,,,,,,,1787051597.650687,gnb2,post,post,,,
2026-08-18T11:13:18.618473,9260,0x46,PUCCH,,,,,,,,,,,,,,,,,,1,-inf,"0.000,",,,,,,,,,1787051598.618473,gnb2,post,post,,,
2026-08-18T11:13:19.510975,9280,0x46,PUCCH,,,,,,,,,,,,,,,,,,1,-inf,"0.000,",,,,,,,,,1787051599.510975,gnb2,post,post,,,
2026-08-18T11:13:20.407790,9300,0x46,PUCCH,,,,,,,,,,,,,,,,,,1,-inf,"0.000,",,,,,,,,,1787051600.407790,gnb2,post,post,,,
2026-08-18T11:13:21.286388,9320,0x46,PUCCH,,,,,,,,,,,,,,,,,,1,-inf,"0.000,",,,,,,,,,1787051601.286388,gnb2,post,post,,,
2026-08-18T11:13:22.012725,9340,0x46,PUCCH,,,,,,,,,,,,,,,,,,1,-inf,"0.000,",,,,,,,,,1787051602.012725,gnb2,post,post,,,
2026-08-18T11:13:23.562770,9380,0x46,PUCCH,,,,,,,,,,,,,,,,,,1,-inf,"0.000,",,,,,,,,,1787051603.562770,gnb2,post,post,,,
2026-08-18T11:13:24.371082,9400,0x46,PUCCH,,,,,,,,,,,,,,,,,,1,-inf,"0.000,",,,,,,,,,1787051604.371082,gnb2,post,post,,,
2026-08-18T11:13:25.148575,9420,0x46,PUCCH,,,,,,,,,,,,,,,,,,1,-inf,"0.000,",,,,,,,,,1787051605.148575,gnb2,post,post,,,
2026-08-18T11:13:26.579062,9460,0x46,PUCCH,,,,,,,,,,,,,,,,,,1,-inf,"0.000,",,,,,,,,,1787051606.579062,gnb2,post,post,,,
2026-08-18T11:13:27.357970,9480,0x46,PUCCH,,,,,,,,,,,,,,,,,,1,-inf,"0.000,",,,,,,,,,1787051607.357970,gnb2,post,post,,,
2026-08-18T11:13:28.308192,9500,0x46,PUCCH,,,,,,,,,,,,,,,,,,1,-inf,"0.000,",,,,,,,,,1787051608.308192,gnb2,post,post,,,
2026-08-18T11:13:29.251290,9520,0x46,PUCCH,,,,,,,,,,,,,,,,,,1,-inf,"0.000,",,,,,,,,,1787051609.251290,gnb2,post,post,,,
2026-08-18T11:13:30.166605,9540,0x46,PUCCH,,,,,,,,,,,,,,,,,,1,-inf,"0.000,",,,,,,,,,1787051610.166605,gnb2,post,post,,,
2026-08-18T11:13:31.058995,9560,0x46,PUCCH,,,,,,,,,,,,,,,,,,1,-inf,"0.000,",,,,,,,,,1787051611.058995,gnb2,post,post,,,
2026-08-18T11:13:32.729769,9600,0x46,PUCCH,,,,,,,,,,,,,,,,,,1,-inf,"0.000,",,,,,,,,,1787051612.729769,gnb2,post,post,,,
2026-08-18T11:13:33.280176,9620,0x46,PUCCH,,,,,,,,,,,,,,,,,,1,-inf,"0.000,",,,,,,,,,1787051613.280176,gnb2,post,post,,,
2026-08-18T11:13:34.073110,9640,0x46,PUCCH,,,,,,,,,,,,,,,,,,1,-inf,"0.000,",,,,,,,,,1787051614.073110,gnb2,post,post,,,
2026-08-18T11:13:35.858436,9680,0x46,PUCCH,,,,,,,,,,,,,,,,,,1,-inf,"0.000,",,,,,,,,,1787051615.858436,gnb2,post,post,,,
2026-08-18T11:13:37.046847,9700,0x46,PUCCH,,,,,,,,,,,,,,,,,,1,-inf,"0.000,",,,,,,,,,1787051617.046847,gnb2,post,post,,,
2026-08-18T11:13:38.037393,9720,0x46,PUCCH,,,,,,,,,,,,,,,,,,1,-inf,"0.000,",,,,,,,,,1787051618.037393,gnb2,post,post,,,
2026-08-18T11:13:39.756220,9760,0x46,PUCCH,,,,,,,,,,,,,,,,,,1,-inf,"0.000,",,,,,,,,,1787051619.756220,gnb2,post,post,,,
2026-08-18T11:13:40.426713,9780,0x46,PUCCH,,,,,,,,,,,,,,,,,,1,-inf,"0.000,",,,,,,,,,1787051620.426713,gnb2,post,post,,,
2026-08-18T11:13:41.323428,9800,0x46,PUCCH,,,,,,,,,,,,,,,,,,1,-inf,"0.000,",,,,,,,,,1787051621.323428,gnb2,post,post,,,
2026-08-18T11:13:42.227139,9820,0x46,PUCCH,,,,,,,,,,,,,,,,,,1,-inf,"0.000,",,,,,,,,,1787051622.227139,gnb2,post,post,,,
2026-08-18T11:13:43.170498,9840,0x46,PUCCH,,,,,,,,,,,,,,,,,,1,-inf,"0.000,",,,,,,,,,1787051623.170498,gnb2,post,post,,,
2026-08-18T11:13:44.128077,9860,0x46,PUCCH,,,,,,,,,,,,,,,,,,1,-inf,"0.000,",,,,,,,,,1787051624.128077,gnb2,post,post,,,
2026-08-18T11:13:45.244279,9880,0x46,PUCCH,,,,,,,,,,,,,,,,,,1,-inf,"0.000,",,,,,,,,,1787051625.244279,gnb2,post,post,,,
2026-08-18T11:13:46.223512,9900,0x46,PUCCH,,,,,,,,,,,,,,,,,,1,-inf,"0.000,",,,,,,,,,1787051626.223512,gnb2,post,post,,,
2026-08-18T11:13:47.004589,9921,0x46,PUCCH,,,,,,,,,,,,,,,,,,2,111.8,"1.000,",,,,,,,,,1787051627.004589,gnb2,post,post,,,
2026-08-18T11:13:48.553172,9960,0x46,PUCCH,,,,,,,,,,,,,,,,,,1,-inf,"0.000,",,,,,,,,,1787051628.553172,gnb2,post,post,,,
2026-08-18T11:13:49.629434,9980,0x46,PUCCH,,,,,,,,,,,,,,,,,,1,-inf,"0.000,",,,,,,,,,1787051629.629434,gnb2,post,post,,,
2026-08-18T11:13:50.735021,10000,0x46,PUCCH,,,,,,,,,,,,,,,,,,1,-inf,"0.000,",,,,,,,,,1787051630.735021,gnb2,post,post,,,
2026-08-18T11:13:51.581630,10020,0x46,PUCCH,,,,,,,,,,,,,,,,,,1,-inf,"0.000,",,,,,,,,,1787051631.581630,gnb2,post,post,,,
2026-08-18T11:13:52.600495,10040,0x46,PUCCH,,,,,,,,,,,,,,,,,,1,-inf,"0.000,",,,,,,,,,1787051632.600495,gnb2,post,post,,,
2026-08-18T11:13:53.575509,10060,0x46,PUCCH,,,,,,,,,,,,,,,,,,1,-inf,"0.000,",,,,,,,,,1787051633.575509,gnb2,post,post,,,
2026-08-18T11:13:54.382525,10080,0x46,PUCCH,,,,,,,,,,,,,,,,,,1,-inf,"0.000,",,,,,,,,,1787051634.382525,gnb2,post,post,,,
2026-08-18T11:13:55.141961,10100,0x46,PUCCH,,,,,,,,,,,,,,,,,,1,-inf,"0.000,",,,,,,,,,1787051635.141961,gnb2,post,post,,,
2026-08-18T11:13:56.039799,10121,0x46,PUCCH,,,,,,,,,,,,,,,,,,2,111.8,"1.000,",,,,,,,,,1787051636.039799,gnb2,post,post,,,
2026-08-18T11:13:57.408597,10160,0x46,PUCCH,,,,,,,,,,,,,,,,,,1,-inf,"0.000,",,,,,,,,,1787051637.408597,gnb2,post,post,,,
2026-08-18T11:13:58.270698,10180,0x46,PUCCH,,,,,,,,,,,,,,,,,,1,-inf,"0.000,",,,,,,,,,1787051638.270698,gnb2,post,post,,,
2026-08-18T11:13:59.215602,10200,0x46,PUCCH,,,,,,,,,,,,,,,,,,1,-inf,"0.000,",,,,,,,,,1787051639.215602,gnb2,post,post,,,
2026-08-18T11:14:00.268847,10220,0x46,PUCCH,,,,,,,,,,,,,,,,,,1,-inf,"0.000,",,,,,,,,,1787051640.268847,gnb2,post,post,,,
2026-08-18T11:14:01.028950,0,0x46,PUCCH,,,,,,,,,,,,,,,,,,1,-inf,"0.000,",,,,,,,,,1787051641.028950,gnb2,post,post,,,
2026-08-18T11:14:02.668202,40,0x46,PUCCH,,,,,,,,,,,,,,,,,,1,-inf,"0.000,",,,,,,,,,1787051642.668202,gnb2,post,post,,,
2026-08-18T11:14:04.325724,60,0x46,PUCCH,,,,,,,,,,,,,,,,,,1,-inf,"0.000,",,,,,,,,,1787051644.325724,gnb2,post,post,,,
2026-08-18T11:14:05.326719,80,0x46,PUCCH,,,,,,,,,,,,,,,,,,1,-inf,"0.000,",,,,,,,,,1787051645.326719,gnb2,post,post,,,
2026-08-18T11:14:06.607539,100,0x46,PUCCH,,,,,,,,,,,,,,,,,,1,-inf,"0.000,",,,,,,,,,1787051646.607539,gnb2,post,post,,,
2026-08-18T11:14:07.633640,120,0x46,PUCCH,,,,,,,,,,,,,,,,,,1,-inf,"0.000,",,,,,,,,,1787051647.633640,gnb2,post,post,,,
2026-08-18T11:14:08.514476,140,0x46,PUCCH,,,,,,,,,,,,,,,,,,1,-inf,"0.000,",,,,,,,,,1787051648.514476,gnb2,post,post,,,
2026-08-18T11:14:09.502228,160,0x46,PUCCH,,,,,,,,,,,,,,,,,,1,-inf,"0.000,",,,,,,,,,1787051649.502228,gnb2,post,post,,,
2026-08-18T11:14:10.243868,180,0x46,PUCCH,,,,,,,,,,,,,,,,,,1,-inf,"0.000,",,,,,,,,,1787051650.243868,gnb2,post,post,,,
2026-08-18T11:14:11.266794,200,0x46,PUCCH,,,,,,,,,,,,,,,,,,1,-inf,"0.000,",,,,,,,,,1787051651.266794,gnb2,post,post,,,
2026-08-18T11:14:13.170970,240,0x46,PUCCH,,,,,,,,,,,,,,,,,,1,-inf,"0.000,",,,,,,,,,1787051653.170970,gnb2,post,post,,,
2026-08-18T11:14:14.102814,260,0x46,PUCCH,,,,,,,,,,,,,,,,,,1,-inf,"0.000,",,,,,,,,,1787051654.102814,gnb2,post,post,,,
2026-08-18T11:14:15.369679,280,0x46,PUCCH,,,,,,,,,,,,,,,,,,1,-inf,"0.000,",,,,,,,,,1787051655.369679,gnb2,post,post,,,
2026-08-18T11:14:16.429305,300,0x46,PUCCH,,,,,,,,,,,,,,,,,,1,-inf,"0.000,",,,,,,,,,1787051656.429305,gnb2,post,post,,,
2026-08-18T11:14:17.532272,320,0x46,PUCCH,,,,,,,,,,,,,,,,,,1,-inf,"0.000,",,,,,,,,,1787051657.532272,gnb2,post,post,,,
2026-08-18T11:14:18.432746,340,0x46,PUCCH,,,,,,,,,,,,,,,,,,1,-inf,"0.000,",,,,,,,,,1787051658.432746,gnb2,post,post,,,
2026-08-18T11:14:19.262170,360,0x46,PUCCH,,,,,,,,,,,,,,,,,,1,-inf,"0.000,",,,,,,,,,1787051659.262170,gnb2,post,post,,,
2026-08-18T11:14:20.341581,380,0x46,PUCCH,,,,,,,,,,,,,,,,,,1,-inf,"0.000,",,,,,,,,,1787051660.341581,gnb2,post,post,,,
2026-08-18T11:14:21.015671,400,0x46,PUCCH,,,,,,,,,,,,,,,,,,1,-inf,"0.000,",,,,,,,,,1787051661.015671,gnb2,post,post,,,
2026-08-18T11:14:22.731076,440,0x46,PUCCH,,,,,,,,,,,,,,,,,,1,-inf,"0.000,",,,,,,,,,1787051662.731076,gnb2,post,post,,,
2026-08-18T11:14:23.504586,460,0x46,PUCCH,,,,,,,,,,,,,,,,,,1,-inf,"0.000,",,,,,,,,,1787051663.504586,gnb2,post,post,,,
2026-08-18T11:14:24.693422,480,0x46,PUCCH,,,,,,,,,,,,,,,,,,1,-inf,"0.000,",,,,,,,,,1787051664.693422,gnb2,post,post,,,
2026-08-18T11:14:25.399233,500,0x46,PUCCH,,,,,,,,,,,,,,,,,,1,-inf,"0.000,",,,,,,,,,1787051665.399233,gnb2,post,post,,,
2026-08-18T11:14:26.036524,520,0x46,PUCCH,,,,,,,,,,,,,,,,,,1,-inf,"0.000,",,,,,,,,,1787051666.036524,gnb2,post,post,,,
2026-08-18T11:14:27.685028,560,0x46,PUCCH,,,,,,,,,,,,,,,,,,1,-inf,"0.000,",,,,,,,,,1787051667.685028,gnb2,post,post,,,
2026-08-18T11:14:28.512490,580,0x46,PUCCH,,,,,,,,,,,,,,,,,,1,-inf,"0.000,",,,,,,,,,1787051668.512490,gnb2,post,post,,,
2026-08-18T11:14:29.353930,600,0x46,PUCCH,,,,,,,,,,,,,,,,,,1,-inf,"0.000,",,,,,,,,,1787051669.353930,gnb2,post,post,,,
2026-08-18T11:14:30.663489,620,0x46,PUCCH,,,,,,,,,,,,,,,,,,1,-inf,"0.000,",,,,,,,,,1787051670.663489,gnb2,post,post,,,
2026-08-18T11:14:32.002127,640,0x46,PUCCH,,,,,,,,,,,,,,,,,,1,-inf,"0.000,",,,,,,,,,1787051672.002127,gnb2,post,post,,,
2026-08-18T11:14:34.040347,680,0x46,PUCCH,,,,,,,,,,,,,,,,,,1,-inf,"0.000,",,,,,,,,,1787051674.040347,gnb2,post,post,,,
2026-08-18T11:14:35.607308,720,0x46,PUCCH,,,,,,,,,,,,,,,,,,1,-inf,"0.000,",,,,,,,,,1787051675.607308,gnb2,post,post,,,
2026-08-18T11:14:36.880534,740,0x46,PUCCH,,,,,,,,,,,,,,,,,,1,-inf,"0.000,",,,,,,,,,1787051676.880534,gnb2,post,post,,,
2026-08-18T11:14:37.761185,760,0x46,PUCCH,,,,,,,,,,,,,,,,,,1,-inf,"0.000,",,,,,,,,,1787051677.761185,gnb2,post,post,,,
2026-08-18T11:14:38.439515,780,0x46,PUCCH,,,,,,,,,,,,,,,,,,1,-inf,"0.000,",,,,,,,,,1787051678.439515,gnb2,post,post,,,
2026-08-18T11:14:39.303911,800,0x46,PUCCH,,,,,,,,,,,,,,,,,,1,-inf,"0.000,",,,,,,,,,1787051679.303911,gnb2,post,post,,,
2026-08-18T11:14:40.185285,820,0x46,PUCCH,,,,,,,,,,,,,,,,,,1,-inf,"0.000,",,,,,,,,,1787051680.185285,gnb2,post,post,,,
2026-08-18T11:14:41.133726,840,0x46,PUCCH,,,,,,,,,,,,,,,,,,1,-inf,"0.000,",,,,,,,,,1787051681.133726,gnb2,post,post,,,
2026-08-18T11:14:42.564698,880,0x46,PUCCH,,,,,,,,,,,,,,,,,,1,-inf,"0.000,",,,,,,,,,1787051682.564698,gnb2,post,post,,,
2026-08-18T11:14:43.566222,900,0x46,PUCCH,,,,,,,,,,,,,,,,,,1,-inf,"0.000,",,,,,,,,,1787051683.566222,gnb2,post,post,,,
2026-08-18T11:14:44.348535,920,0x46,PUCCH,,,,,,,,,,,,,,,,,,1,-inf,"0.000,",,,,,,,,,1787051684.348535,gnb2,post,post,,,
2026-08-18T11:14:45.027512,940,0x46,PUCCH,,,,,,,,,,,,,,,,,,1,-inf,"0.000,",,,,,,,,,1787051685.027512,gnb2,post,post,,,
2026-08-18T11:14:46.084289,960,0x46,PUCCH,,,,,,,,,,,,,,,,,,1,-inf,"0.000,",,,,,,,,,1787051686.084289,gnb2,post,post,,,
2026-08-18T11:14:47.604093,1000,0x46,PUCCH,,,,,,,,,,,,,,,,,,1,-inf,"0.000,",,,,,,,,,1787051687.604093,gnb2,post,post,,,
2026-08-18T11:14:48.228248,1020,0x46,PUCCH,,,,,,,,,,,,,,,,,,1,-inf,"0.000,",,,,,,,,,1787051688.228248,gnb2,post,post,,,
2026-08-18T11:14:49.222349,1040,0x46,PUCCH,,,,,,,,,,,,,,,,,,1,-inf,"0.000,",,,,,,,,,1787051689.222349,gnb2,post,post,,,
2026-08-18T11:14:50.828790,1080,0x46,PUCCH,,,,,,,,,,,,,,,,,,1,-inf,"0.000,",,,,,,,,,1787051690.828790,gnb2,post,post,,,
2026-08-18T11:14:51.536152,1100,0x46,PUCCH,,,,,,,,,,,,,,,,,,1,-inf,"0.000,",,,,,,,,,1787051691.536152,gnb2,post,post,,,
2026-08-18T11:14:52.284565,1120,0x46,PUCCH,,,,,,,,,,,,,,,,,,1,-inf,"0.000,",,,,,,,,,1787051692.284565,gnb2,post,post,,,
2026-08-18T11:14:53.222004,1140,0x46,PUCCH,,,,,,,,,,,,,,,,,,1,-inf,"0.000,",,,,,,,,,1787051693.222004,gnb2,post,post,,,
2026-08-18T11:14:54.001558,1160,0x46,PUCCH,,,,,,,,,,,,,,,,,,1,-inf,"0.000,",,,,,,,,,1787051694.001558,gnb2,post,post,,,
2026-08-18T11:14:55.637130,1200,0x46,PUCCH,,,,,,,,,,,,,,,,,,1,-inf,"0.000,",,,,,,,,,1787051695.637130,gnb2,post,post,,,
2026-08-18T11:14:56.346074,1220,0x46,PUCCH,,,,,,,,,,,,,,,,,,1,-inf,"0.000,",,,,,,,,,1787051696.346074,gnb2,post,post,,,
2026-08-18T11:14:57.014684,1241,0x46,PUCCH,,,,,,,,,,,,,,,,,,2,111.8,"1.000,",,,,,,,,,1787051697.014684,gnb2,post,post,,,
2026-08-18T11:14:58.492062,1280,0x46,PUCCH,,,,,,,,,,,,,,,,,,1,-inf,"0.000,",,,,,,,,,1787051698.492062,gnb2,post,post,,,
2026-08-18T11:14:59.335186,1300,0x46,PUCCH,,,,,,,,,,,,,,,,,,1,-inf,"0.000,",,,,,,,,,1787051699.335186,gnb2,post,post,,,
2026-08-18T11:15:00.004861,1320,0x46,PUCCH,,,,,,,,,,,,,,,,,,1,-inf,"0.000,",,,,,,,,,1787051700.004861,gnb2,post,post,,,
2026-08-18T11:15:02.002148,1360,0x46,PUCCH,,,,,,,,,,,,,,,,,,1,-inf,"0.000,",,,,,,,,,1787051702.002148,gnb2,post,post,,,
2026-08-18T11:15:04.137109,1400,0x46,PUCCH,,,,,,,,,,,,,,,,,,1,-inf,"0.000,",,,,,,,,,1787051704.137109,gnb2,post,post,,,
2026-08-18T11:15:05.028712,1420,0x46,PUCCH,,,,,,,,,,,,,,,,,,1,-inf,"0.000,",,,,,,,,,1787051705.028712,gnb2,post,post,,,
2026-08-18T11:15:06.745434,1460,0x46,PUCCH,,,,,,,,,,,,,,,,,,1,-inf,"0.000,",,,,,,,,,1787051706.745434,gnb2,post,post,,,
2026-08-18T11:15:07.529581,1480,0x46,PUCCH,,,,,,,,,,,,,,,,,,1,-inf,"0.000,",,,,,,,,,1787051707.529581,gnb2,post,post,,,
2026-08-18T11:15:08.178188,1500,0x46,PUCCH,,,,,,,,,,,,,,,,,,1,-inf,"0.000,",,,,,,,,,1787051708.178188,gnb2,post,post,,,
2026-08-18T11:15:09.005596,1521,0x46,PUCCH,,,,,,,,,,,,,,,,,,2,111.8,"1.000,",,,,,,,,,1787051709.005596,gnb2,post,post,,,
2026-08-18T11:15:10.507839,1560,0x46,PUCCH,,,,,,,,,,,,,,,,,,1,-inf,"0.000,",,,,,,,,,1787051710.507839,gnb2,post,post,,,
2026-08-18T11:15:11.191705,1580,0x46,PUCCH,,,,,,,,,,,,,,,,,,1,-inf,"0.000,",,,,,,,,,1787051711.191705,gnb2,post,post,,,
2026-08-18T11:15:12.544434,1620,0x46,PUCCH,,,,,,,,,,,,,,,,,,1,-inf,"0.000,",,,,,,,,,1787051712.544434,gnb2,post,post,,,
2026-08-18T11:15:13.339463,1640,0x46,PUCCH,,,,,,,,,,,,,,,,,,1,-inf,"0.000,",,,,,,,,,1787051713.339463,gnb2,post,post,,,
2026-08-18T11:15:14.465783,1660,0x46,PUCCH,,,,,,,,,,,,,,,,,,1,-inf,"0.000,",,,,,,,,,1787051714.465783,gnb2,post,post,,,
2026-08-18T11:15:15.155766,1680,0x46,PUCCH,,,,,,,,,,,,,,,,,,1,-inf,"0.000,",,,,,,,,,1787051715.155766,gnb2,post,post,,,
2026-08-18T11:15:16.432174,1700,0x46,PUCCH,,,,,,,,,,,,,,,,,,1,-inf,"0.000,",,,,,,,,,1787051716.432174,gnb2,post,post,,,
2026-08-18T11:15:17.314834,1720,0x46,PUCCH,,,,,,,,,,,,,,,,,,1,-inf,"0.000,",,,,,,,,,1787051717.314834,gnb2,post,post,,,
2026-08-18T11:15:18.210122,1740,0x46,PUCCH,,,,,,,,,,,,,,,,,,1,-inf,"0.000,",,,,,,,,,1787051718.210122,gnb2,post,post,,,
2026-08-18T11:15:19.696671,1780,0x46,PUCCH,,,,,,,,,,,,,,,,,,1,-inf,"0.000,",,,,,,,,,1787051719.696671,gnb2,post,post,,,
2026-08-18T11:15:20.557729,1800,0x46,PUCCH,,,,,,,,,,,,,,,,,,1,-inf,"0.000,",,,,,,,,,1787051720.557729,gnb2,post,post,,,
2026-08-18T11:15:21.322619,1820,0x46,PUCCH,,,,,,,,,,,,,,,,,,1,-inf,"0.000,",,,,,,,,,1787051721.322619,gnb2,post,post,,,
2026-08-18T11:15:22.205864,1840,0x46,PUCCH,,,,,,,,,,,,,,,,,,1,-inf,"0.000,",,,,,,,,,1787051722.205864,gnb2,post,post,,,
2026-08-18T11:15:23.549106,1880,0x46,PUCCH,,,,,,,,,,,,,,,,,,1,-inf,"0.000,",,,,,,,,,1787051723.549106,gnb2,post,post,,,
2026-08-18T11:15:24.572770,1900,0x46,PUCCH,,,,,,,,,,,,,,,,,,1,-inf,"0.000,",,,,,,,,,1787051724.572770,gnb2,post,post,,,
2026-08-18T11:15:25.551296,1920,0x46,PUCCH,,,,,,,,,,,,,,,,,,1,-inf,"0.000,",,,,,,,,,1787051725.551296,gnb2,post,post,,,
2026-08-18T11:15:26.294730,1940,0x46,PUCCH,,,,,,,,,,,,,,,,,,1,-inf,"0.000,",,,,,,,,,1787051726.294730,gnb2,post,post,,,
2026-08-18T11:15:27.725820,1980,0x46,PUCCH,,,,,,,,,,,,,,,,,,1,-inf,"0.000,",,,,,,,,,1787051727.725820,gnb2,post,post,,,
2026-08-18T11:15:28.414525,2000,0x46,PUCCH,,,,,,,,,,,,,,,,,,1,-inf,"0.000,",,,,,,,,,1787051728.414525,gnb2,post,post,,,
2026-08-18T11:15:29.002707,2020,0x46,PUCCH,,,,,,,,,,,,,,,,,,1,-inf,"0.000,",,,,,,,,,1787051729.002707,gnb2,post,post,,,
2026-08-18T11:15:30.024940,2040,0x46,PUCCH,,,,,,,,,,,,,,,,,,1,-inf,"0.000,",,,,,,,,,1787051730.024940,gnb2,post,post,,,
2026-08-18T11:15:31.876358,2080,0x46,PUCCH,,,,,,,,,,,,,,,,,,1,-inf,"0.000,",,,,,,,,,1787051731.876358,gnb2,post,post,,,
2026-08-18T11:15:32.597412,2100,0x46,PUCCH,,,,,,,,,,,,,,,,,,1,-inf,"0.000,",,,,,,,,,1787051732.597412,gnb2,post,post,,,
2026-08-18T11:15:33.303267,2120,0x46,PUCCH,,,,,,,,,,,,,,,,,,1,-inf,"0.000,",,,,,,,,,1787051733.303267,gnb2,post,post,,,
2026-08-18T11:15:34.101283,2140,0x46,PUCCH,,,,,,,,,,,,,,,,,,1,-inf,"0.000,",,,,,,,,,1787051734.101283,gnb2,post,post,,,
2026-08-18T11:15:35.113658,2160,0x46,PUCCH,,,,,,,,,,,,,,,,,,1,-inf,"0.000,",,,,,,,,,1787051735.113658,gnb2,post,post,,,
2026-08-18T11:15:36.973729,2200,0x46,PUCCH,,,,,,,,,,,,,,,,,,1,-inf,"0.000,",,,,,,,,,1787051736.973729,gnb2,post,post,,,
2026-08-18T11:15:37.037161,2201,0x46,PUCCH,,,,,,,,,,,,,,,,,,2,111.8,"1.000,",,,,,,,,,1787051737.037161,gnb2,post,post,,,
2026-08-18T11:15:38.797238,2240,0x46,PUCCH,,,,,,,,,,,,,,,,,,1,-inf,"0.000,",,,,,,,,,1787051738.797238,gnb2,post,post,,,
2026-08-18T11:15:39.930651,2260,0x46,PUCCH,,,,,,,,,,,,,,,,,,1,-inf,"0.000,",,,,,,,,,1787051739.930651,gnb2,post,post,,,
2026-08-18T11:15:40.817290,2280,0x46,PUCCH,,,,,,,,,,,,,,,,,,1,-inf,"0.000,",,,,,,,,,1787051740.817290,gnb2,post,post,,,
2026-08-18T11:15:41.667543,2300,0x46,PUCCH,,,,,,,,,,,,,,,,,,1,-inf,"0.000,",,,,,,,,,1787051741.667543,gnb2,post,post,,,
2026-08-18T11:15:42.489814,2320,0x46,PUCCH,,,,,,,,,,,,,,,,,,1,-inf,"0.000,",,,,,,,,,1787051742.489814,gnb2,post,post,,,
2026-08-18T11:15:43.215349,2340,0x46,PUCCH,,,,,,,,,,,,,,,,,,1,-inf,"0.000,",,,,,,,,,1787051743.215349,gnb2,post,post,,,
2026-08-18T11:15:44.647239,2380,0x46,PUCCH,,,,,,,,,,,,,,,,,,1,-inf,"0.000,",,,,,,,,,1787051744.647239,gnb2,post,post,,,
2026-08-18T11:15:45.611348,2400,0x46,PUCCH,,,,,,,,,,,,,,,,,,1,-inf,"0.000,",,,,,,,,,1787051745.611348,gnb2,post,post,,,
2026-08-18T11:15:46.539615,2420,0x46,PUCCH,,,,,,,,,,,,,,,,,,1,-inf,"0.000,",,,,,,,,,1787051746.539615,gnb2,post,post,,,
2026-08-18T11:15:47.200049,2440,0x46,PUCCH,,,,,,,,,,,,,,,,,,1,-inf,"0.000,",,,,,,,,,1787051747.200049,gnb2,post,post,,,
2026-08-18T11:15:48.621125,2480,0x46,PUCCH,,,,,,,,,,,,,,,,,,1,-inf,"0.000,",,,,,,,,,1787051748.621125,gnb2,post,post,,,
2026-08-18T11:15:49.451153,2500,0x46,PUCCH,,,,,,,,,,,,,,,,,,1,-inf,"0.000,",,,,,,,,,1787051749.451153,gnb2,post,post,,,
2026-08-18T11:15:50.183099,2520,0x46,PUCCH,,,,,,,,,,,,,,,,,,1,-inf,"0.000,",,,,,,,,,1787051750.183099,gnb2,post,post,,,
2026-08-18T11:15:51.916859,2560,0x46,PUCCH,,,,,,,,,,,,,,,,,,1,-inf,"0.000,",,,,,,,,,1787051751.916859,gnb2,post,post,,,
2026-08-18T11:15:53.163928,2580,0x46,PUCCH,,,,,,,,,,,,,,,,,,1,-inf,"0.000,",,,,,,,,,1787051753.163928,gnb2,post,post,,,
2026-08-18T11:15:54.032507,2601,0x46,PUCCH,,,,,,,,,,,,,,,,,,2,111.8,"1.000,",,,,,,,,,1787051754.032507,gnb2,post,post,,,
2026-08-18T11:15:55.537402,2640,0x46,PUCCH,,,,,,,,,,,,,,,,,,1,-inf,"0.000,",,,,,,,,,1787051755.537402,gnb2,post,post,,,
2026-08-18T11:15:56.188425,2660,0x46,PUCCH,,,,,,,,,,,,,,,,,,1,-inf,"0.000,",,,,,,,,,1787051756.188425,gnb2,post,post,,,
2026-08-18T11:15:57.758931,2700,0x46,PUCCH,,,,,,,,,,,,,,,,,,1,-inf,"0.000,",,,,,,,,,1787051757.758931,gnb2,post,post,,,
2026-08-18T11:15:58.503516,2720,0x46,PUCCH,,,,,,,,,,,,,,,,,,1,-inf,"0.000,",,,,,,,,,1787051758.503516,gnb2,post,post,,,
2026-08-18T11:15:59.622781,2740,0x46,PUCCH,,,,,,,,,,,,,,,,,,1,-inf,"0.000,",,,,,,,,,1787051759.622781,gnb2,post,post,,,
2026-08-18T11:16:00.684097,2760,0x46,PUCCH,,,,,,,,,,,,,,,,,,1,-inf,"0.000,",,,,,,,,,1787051760.684097,gnb2,post,post,,,
2026-08-18T11:16:01.677919,2780,0x46,PUCCH,,,,,,,,,,,,,,,,,,1,-inf,"0.000,",,,,,,,,,1787051761.677919,gnb2,post,post,,,
2026-08-18T11:16:02.917833,2800,0x46,PUCCH,,,,,,,,,,,,,,,,,,1,-inf,"0.000,",,,,,,,,,1787051762.917833,gnb2,post,post,,,
2026-08-18T11:16:03.717943,2820,0x46,PUCCH,,,,,,,,,,,,,,,,,,1,-inf,"0.000,",,,,,,,,,1787051763.717943,gnb2,post,post,,,
2026-08-18T11:16:04.754335,2840,0x46,PUCCH,,,,,,,,,,,,,,,,,,1,-inf,"0.000,",,,,,,,,,1787051764.754335,gnb2,post,post,,,
2026-08-18T11:16:06.097328,2860,0x46,PUCCH,,,,,,,,,,,,,,,,,,1,-inf,"0.000,",,,,,,,,,1787051766.097328,gnb2,post,post,,,
2026-08-18T11:16:07.028438,2880,0x46,PUCCH,,,,,,,,,,,,,,,,,,1,-inf,"0.000,",,,,,,,,,1787051767.028438,gnb2,post,post,,,
2026-08-18T11:16:08.312180,2920,0x46,PUCCH,,,,,,,,,,,,,,,,,,1,-inf,"0.000,",,,,,,,,,1787051768.312180,gnb2,post,post,,,
2026-08-18T11:16:09.166324,2940,0x46,PUCCH,,,,,,,,,,,,,,,,,,1,-inf,"0.000,",,,,,,,,,1787051769.166324,gnb2,post,post,,,
2026-08-18T11:16:10.067988,2960,0x46,PUCCH,,,,,,,,,,,,,,,,,,1,-inf,"0.000,",,,,,,,,,1787051770.067988,gnb2,post,post,,,
2026-08-18T11:16:11.746004,3000,0x46,PUCCH,,,,,,,,,,,,,,,,,,1,-inf,"0.000,",,,,,,,,,1787051771.746004,gnb2,post,post,,,
2026-08-18T11:16:12.536395,3020,0x46,PUCCH,,,,,,,,,,,,,,,,,,1,-inf,"0.000,",,,,,,,,,1787051772.536395,gnb2,post,post,,,
2026-08-18T11:16:13.322120,3040,0x46,PUCCH,,,,,,,,,,,,,,,,,,1,-inf,"0.000,",,,,,,,,,1787051773.322120,gnb2,post,post,,,
2026-08-18T11:16:14.886672,3080,0x46,PUCCH,,,,,,,,,,,,,,,,,,1,-inf,"0.000,",,,,,,,,,1787051774.886672,gnb2,post,post,,,
2026-08-18T11:16:15.852355,3100,0x46,PUCCH,,,,,,,,,,,,,,,,,,1,-inf,"0.000,",,,,,,,,,1787051775.852355,gnb2,post,post,,,
2026-08-18T11:16:16.746919,3120,0x46,PUCCH,,,,,,,,,,,,,,,,,,1,-inf,"0.000,",,,,,,,,,1787051776.746919,gnb2,post,post,,,
2026-08-18T11:16:17.753722,3140,0x46,PUCCH,,,,,,,,,,,,,,,,,,1,-inf,"0.000,",,,,,,,,,1787051777.753722,gnb2,post,post,,,
2026-08-18T11:16:18.610444,3160,0x46,PUCCH,,,,,,,,,,,,,,,,,,1,-inf,"0.000,",,,,,,,,,1787051778.610444,gnb2,post,post,,,
2026-08-18T11:16:19.868693,3180,0x46,PUCCH,,,,,,,,,,,,,,,,,,1,-inf,"0.000,",,,,,,,,,1787051779.868693,gnb2,post,post,,,
2026-08-18T11:16:20.756730,3200,0x46,PUCCH,,,,,,,,,,,,,,,,,,1,-inf,"0.000,",,,,,,,,,1787051780.756730,gnb2,post,post,,,
2026-08-18T11:16:21.794358,3220,0x46,PUCCH,,,,,,,,,,,,,,,,,,1,-inf,"0.000,",,,,,,,,,1787051781.794358,gnb2,post,post,,,
2026-08-18T11:16:22.808989,3240,0x46,PUCCH,,,,,,,,,,,,,,,,,,1,-inf,"0.000,",,,,,,,,,1787051782.808989,gnb2,post,post,,,
2026-08-18T11:16:23.679912,3260,0x46,PUCCH,,,,,,,,,,,,,,,,,,1,-inf,"0.000,",,,,,,,,,1787051783.679912,gnb2,post,post,,,
2026-08-18T11:16:24.357848,3280,0x46,PUCCH,,,,,,,,,,,,,,,,,,1,-inf,"0.000,",,,,,,,,,1787051784.357848,gnb2,post,post,,,
2026-08-18T11:16:25.193087,3300,0x46,PUCCH,,,,,,,,,,,,,,,,,,1,-inf,"0.000,",,,,,,,,,1787051785.193087,gnb2,post,post,,,
2026-08-18T11:16:26.594372,3340,0x46,PUCCH,,,,,,,,,,,,,,,,,,1,-inf,"0.000,",,,,,,,,,1787051786.594372,gnb2,post,post,,,
2026-08-18T11:16:27.479897,3360,0x46,PUCCH,,,,,,,,,,,,,,,,,,1,-inf,"0.000,",,,,,,,,,1787051787.479897,gnb2,post,post,,,
2026-08-18T11:16:28.343528,3380,0x46,PUCCH,,,,,,,,,,,,,,,,,,1,-inf,"0.000,",,,,,,,,,1787051788.343528,gnb2,post,post,,,
2026-08-18T11:16:29.014289,3401,0x46,PUCCH,,,,,,,,,,,,,,,,,,2,111.8,"1.000,",,,,,,,,,1787051789.014289,gnb2,post,post,,,
2026-08-18T11:16:30.553255,3440,0x46,PUCCH,,,,,,,,,,,,,,,,,,1,-inf,"0.000,",,,,,,,,,1787051790.553255,gnb2,post,post,,,
2026-08-18T11:16:31.645958,3460,0x46,PUCCH,,,,,,,,,,,,,,,,,,1,-inf,"0.000,",,,,,,,,,1787051791.645958,gnb2,post,post,,,
2026-08-18T11:16:32.454013,3480,0x46,PUCCH,,,,,,,,,,,,,,,,,,1,-inf,"0.000,",,,,,,,,,1787051792.454013,gnb2,post,post,,,
2026-08-18T11:16:33.106041,3500,0x46,PUCCH,,,,,,,,,,,,,,,,,,1,-inf,"0.000,",,,,,,,,,1787051793.106041,gnb2,post,post,,,
2026-08-18T11:16:34.101371,3521,0x46,PUCCH,,,,,,,,,,,,,,,,,,2,111.8,"1.000,",,,,,,,,,1787051794.101371,gnb2,post,post,,,
2026-08-18T11:16:35.192447,3540,0x46,PUCCH,,,,,,,,,,,,,,,,,,1,-inf,"0.000,",,,,,,,,,1787051795.192447,gnb2,post,post,,,
2026-08-18T11:16:36.027835,3560,0x46,PUCCH,,,,,,,,,,,,,,,,,,1,-inf,"0.000,",,,,,,,,,1787051796.027835,gnb2,post,post,,,
2026-08-18T11:16:37.714506,3600,0x46,PUCCH,,,,,,,,,,,,,,,,,,1,-inf,"0.000,",,,,,,,,,1787051797.714506,gnb2,post,post,,,
2026-08-18T11:16:38.694196,3620,0x46,PUCCH,,,,,,,,,,,,,,,,,,1,-inf,"0.000,",,,,,,,,,1787051798.694196,gnb2,post,post,,,
2026-08-18T11:16:39.458361,3640,0x46,PUCCH,,,,,,,,,,,,,,,,,,1,-inf,"0.000,",,,,,,,,,1787051799.458361,gnb2,post,post,,,
2026-08-18T11:16:40.341683,3660,0x46,PUCCH,,,,,,,,,,,,,,,,,,1,-inf,"0.000,",,,,,,,,,1787051800.341683,gnb2,post,post,,,
2026-08-18T11:16:41.079328,3680,0x46,PUCCH,,,,,,,,,,,,,,,,,,1,-inf,"0.000,",,,,,,,,,1787051801.079328,gnb2,post,post,,,
2026-08-18T11:16:42.680700,3720,0x46,PUCCH,,,,,,,,,,,,,,,,,,1,-inf,"0.000,",,,,,,,,,1787051802.680700,gnb2,post,post,,,
2026-08-18T11:16:43.289529,3740,0x46,PUCCH,,,,,,,,,,,,,,,,,,1,-inf,"0.000,",,,,,,,,,1787051803.289529,gnb2,post,post,,,
2026-08-18T11:16:44.576684,3780,0x46,PUCCH,,,,,,,,,,,,,,,,,,1,-inf,"0.000,",,,,,,,,,1787051804.576684,gnb2,post,post,,,
2026-08-18T11:16:45.382978,3800,0x46,PUCCH,,,,,,,,,,,,,,,,,,1,-inf,"0.000,",,,,,,,,,1787051805.382978,gnb2,post,post,,,
2026-08-18T11:16:46.026352,3820,0x46,PUCCH,,,,,,,,,,,,,,,,,,1,-inf,"0.000,",,,,,,,,,1787051806.026352,gnb2,post,post,,,
2026-08-18T11:16:47.464262,3860,0x46,PUCCH,,,,,,,,,,,,,,,,,,1,-inf,"0.000,",,,,,,,,,1787051807.464262,gnb2,post,post,,,
2026-08-18T11:16:48.152775,3880,0x46,PUCCH,,,,,,,,,,,,,,,,,,1,-inf,"0.000,",,,,,,,,,1787051808.152775,gnb2,post,post,,,
2026-08-18T11:16:49.071521,3900,0x46,PUCCH,,,,,,,,,,,,,,,,,,1,-inf,"0.000,",,,,,,,,,1787051809.071521,gnb2,post,post,,,
2026-08-18T11:16:50.475777,3940,0x46,PUCCH,,,,,,,,,,,,,,,,,,1,-inf,"0.000,",,,,,,,,,1787051810.475777,gnb2,post,post,,,
2026-08-18T11:16:51.211347,3960,0x46,PUCCH,,,,,,,,,,,,,,,,,,1,-inf,"0.000,",,,,,,,,,1787051811.211347,gnb2,post,post,,,
2026-08-18T11:16:52.125072,3980,0x46,PUCCH,,,,,,,,,,,,,,,,,,1,-inf,"0.000,",,,,,,,,,1787051812.125072,gnb2,post,post,,,
2026-08-18T11:16:53.000788,4001,0x46,PUCCH,,,,,,,,,,,,,,,,,,2,111.8,"1.000,",,,,,,,,,1787051813.000788,gnb2,post,post,,,
2026-08-18T11:16:54.170426,4020,0x46,PUCCH,,,,,,,,,,,,,,,,,,1,-inf,"0.000,",,,,,,,,,1787051814.170426,gnb2,post,post,,,
2026-08-18T11:16:55.790232,4060,0x46,PUCCH,,,,,,,,,,,,,,,,,,1,-inf,"0.000,",,,,,,,,,1787051815.790232,gnb2,post,post,,,
2026-08-18T11:16:56.603564,4080,0x46,PUCCH,,,,,,,,,,,,,,,,,,1,-inf,"0.000,",,,,,,,,,1787051816.603564,gnb2,post,post,,,
2026-08-18T11:16:57.473009,4100,0x46,PUCCH,,,,,,,,,,,,,,,,,,1,-inf,"0.000,",,,,,,,,,1787051817.473009,gnb2,post,post,,,
2026-08-18T11:16:58.226571,4120,0x46,PUCCH,,,,,,,,,,,,,,,,,,1,-inf,"0.000,",,,,,,,,,1787051818.226571,gnb2,post,post,,,
2026-08-18T11:16:59.290415,4140,0x46,PUCCH,,,,,,,,,,,,,,,,,,1,-inf,"0.000,",,,,,,,,,1787051819.290415,gnb2,post,post,,,
2026-08-18T11:17:00.242760,4160,0x46,PUCCH,,,,,,,,,,,,,,,,,,1,-inf,"0.000,",,,,,,,,,1787051820.242760,gnb2,post,post,,,
2026-08-18T11:17:01.016770,4180,0x46,PUCCH,,,,,,,,,,,,,,,,,,1,-inf,"0.000,",,,,,,,,,1787051821.016770,gnb2,post,post,,,
2026-08-18T11:17:02.017104,4200,0x46,PUCCH,,,,,,,,,,,,,,,,,,1,-inf,"0.000,",,,,,,,,,1787051822.017104,gnb2,post,post,,,
2026-08-18T11:17:03.739493,4240,0x46,PUCCH,,,,,,,,,,,,,,,,,,1,-inf,"0.000,",,,,,,,,,1787051823.739493,gnb2,post,post,,,
2026-08-18T11:17:04.571031,4260,0x46,PUCCH,,,,,,,,,,,,,,,,,,1,-inf,"0.000,",,,,,,,,,1787051824.571031,gnb2,post,post,,,
2026-08-18T11:17:05.543683,4280,0x46,PUCCH,,,,,,,,,,,,,,,,,,1,-inf,"0.000,",,,,,,,,,1787051825.543683,gnb2,post,post,,,
2026-08-18T11:17:06.194624,4300,0x46,PUCCH,,,,,,,,,,,,,,,,,,1,-inf,"0.000,",,,,,,,,,1787051826.194624,gnb2,post,post,,,
2026-08-18T11:17:07.114081,4320,0x46,PUCCH,,,,,,,,,,,,,,,,,,1,-inf,"0.000,",,,,,,,,,1787051827.114081,gnb2,post,post,,,
2026-08-18T11:17:08.553767,4360,0x46,PUCCH,,,,,,,,,,,,,,,,,,1,-inf,"0.000,",,,,,,,,,1787051828.553767,gnb2,post,post,,,
2026-08-18T11:17:09.187664,4380,0x46,PUCCH,,,,,,,,,,,,,,,,,,1,-inf,"0.000,",,,,,,,,,1787051829.187664,gnb2,post,post,,,
2026-08-18T11:17:10.020905,4401,0x46,PUCCH,,,,,,,,,,,,,,,,,,2,111.8,"1.000,",,,,,,,,,1787051830.020905,gnb2,post,post,,,
2026-08-18T11:17:11.385148,4440,0x46,PUCCH,,,,,,,,,,,,,,,,,,1,-inf,"0.000,",,,,,,,,,1787051831.385148,gnb2,post,post,,,
2026-08-18T11:17:12.188603,4460,0x46,PUCCH,,,,,,,,,,,,,,,,,,1,-inf,"0.000,",,,,,,,,,1787051832.188603,gnb2,post,post,,,
2026-08-18T11:17:13.730137,4500,0x46,PUCCH,,,,,,,,,,,,,,,,,,1,-inf,"0.000,",,,,,,,,,1787051833.730137,gnb2,post,post,,,
2026-08-18T11:17:14.568444,4520,0x46,PUCCH,,,,,,,,,,,,,,,,,,1,-inf,"0.000,",,,,,,,,,1787051834.568444,gnb2,post,post,,,
2026-08-18T11:17:15.334389,4540,0x46,PUCCH,,,,,,,,,,,,,,,,,,1,-inf,"0.000,",,,,,,,,,1787051835.334389,gnb2,post,post,,,
2026-08-18T11:17:16.082965,4560,0x46,PUCCH,,,,,,,,,,,,,,,,,,1,-inf,"0.000,",,,,,,,,,1787051836.082965,gnb2,post,post,,,
2026-08-18T11:17:17.768217,4600,0x46,PUCCH,,,,,,,,,,,,,,,,,,1,-inf,"0.000,",,,,,,,,,1787051837.768217,gnb2,post,post,,,
2026-08-18T11:17:18.733146,4620,0x46,PUCCH,,,,,,,,,,,,,,,,,,1,-inf,"0.000,",,,,,,,,,1787051838.733146,gnb2,post,post,,,
2026-08-18T11:17:19.837139,4640,0x46,PUCCH,,,,,,,,,,,,,,,,,,1,-inf,"0.000,",,,,,,,,,1787051839.837139,gnb2,post,post,,,
2026-08-18T11:17:20.525021,4660,0x46,PUCCH,,,,,,,,,,,,,,,,,,1,-inf,"0.000,",,,,,,,,,1787051840.525021,gnb2,post,post,,,
2026-08-18T11:17:21.487636,4680,0x46,PUCCH,,,,,,,,,,,,,,,,,,1,-inf,"0.000,",,,,,,,,,1787051841.487636,gnb2,post,post,,,
2026-08-18T11:17:22.338436,4700,0x46,PUCCH,,,,,,,,,,,,,,,,,,1,-inf,"0.000,",,,,,,,,,1787051842.338436,gnb2,post,post,,,
2026-08-18T11:17:23.131139,4720,0x46,PUCCH,,,,,,,,,,,,,,,,,,1,-inf,"0.000,",,,,,,,,,1787051843.131139,gnb2,post,post,,,
2026-08-18T11:17:24.673624,4760,0x46,PUCCH,,,,,,,,,,,,,,,,,,1,-inf,"0.000,",,,,,,,,,1787051844.673624,gnb2,post,post,,,
2026-08-18T11:17:25.446575,4780,0x46,PUCCH,,,,,,,,,,,,,,,,,,1,-inf,"0.000,",,,,,,,,,1787051845.446575,gnb2,post,post,,,
2026-08-18T11:17:26.269074,4800,0x46,PUCCH,,,,,,,,,,,,,,,,,,1,-inf,"0.000,",,,,,,,,,1787051846.269074,gnb2,post,post,,,
2026-08-18T11:17:27.059539,4820,0x46,PUCCH,,,,,,,,,,,,,,,,,,1,-inf,"0.000,",,,,,,,,,1787051847.059539,gnb2,post,post,,,
2026-08-18T11:17:28.351825,4860,0x46,PUCCH,,,,,,,,,,,,,,,,,,1,-inf,"0.000,",,,,,,,,,1787051848.351825,gnb2,post,post,,,
2026-08-18T11:17:29.208714,4880,0x46,PUCCH,,,,,,,,,,,,,,,,,,1,-inf,"0.000,",,,,,,,,,1787051849.208714,gnb2,post,post,,,
2026-08-18T11:17:30.468061,4920,0x46,PUCCH,,,,,,,,,,,,,,,,,,1,-inf,"0.000,",,,,,,,,,1787051850.468061,gnb2,post,post,,,
2026-08-18T11:17:31.206821,4940,0x46,PUCCH,,,,,,,,,,,,,,,,,,1,-inf,"0.000,",,,,,,,,,1787051851.206821,gnb2,post,post,,,
2026-08-18T11:17:32.178323,4960,0x46,PUCCH,,,,,,,,,,,,,,,,,,1,-inf,"0.000,",,,,,,,,,1787051852.178323,gnb2,post,post,,,
2026-08-18T11:17:33.259154,4980,0x46,PUCCH,,,,,,,,,,,,,,,,,,1,-inf,"0.000,",,,,,,,,,1787051853.259154,gnb2,post,post,,,
2026-08-18T11:17:34.255966,5000,0x46,PUCCH,,,,,,,,,,,,,,,,,,1,-inf,"0.000,",,,,,,,,,1787051854.255966,gnb2,post,post,,,
2026-08-18T11:17:35.212946,5020,0x46,PUCCH,,,,,,,,,,,,,,,,,,1,-inf,"0.000,",,,,,,,,,1787051855.212946,gnb2,post,post,,,
2026-08-18T11:17:36.348996,5040,0x46,PUCCH,,,,,,,,,,,,,,,,,,1,-inf,"0.000,",,,,,,,,,1787051856.348996,gnb2,post,post,,,
2026-08-18T11:17:37.320866,5060,0x46,PUCCH,,,,,,,,,,,,,,,,,,1,-inf,"0.000,",,,,,,,,,1787051857.320866,gnb2,post,post,,,
2026-08-18T11:17:38.214942,5080,0x46,PUCCH,,,,,,,,,,,,,,,,,,1,-inf,"0.000,",,,,,,,,,1787051858.214942,gnb2,post,post,,,
2026-08-18T11:17:39.058882,5100,0x46,PUCCH,,,,,,,,,,,,,,,,,,1,-inf,"0.000,",,,,,,,,,1787051859.058882,gnb2,post,post,,,
2026-08-18T11:17:40.746699,5140,0x46,PUCCH,,,,,,,,,,,,,,,,,,1,-inf,"0.000,",,,,,,,,,1787051860.746699,gnb2,post,post,,,
2026-08-18T11:17:41.508224,5160,0x46,PUCCH,,,,,,,,,,,,,,,,,,1,-inf,"0.000,",,,,,,,,,1787051861.508224,gnb2,post,post,,,
2026-08-18T11:17:42.376872,5180,0x46,PUCCH,,,,,,,,,,,,,,,,,,1,-inf,"0.000,",,,,,,,,,1787051862.376872,gnb2,post,post,,,
2026-08-18T11:17:43.379687,5200,0x46,PUCCH,,,,,,,,,,,,,,,,,,1,-inf,"0.000,",,,,,,,,,1787051863.379687,gnb2,post,post,,,
2026-08-18T11:17:44.112786,5220,0x46,PUCCH,,,,,,,,,,,,,,,,,,1,-inf,"0.000,",,,,,,,,,1787051864.112786,gnb2,post,post,,,
2026-08-18T11:17:45.189336,5240,0x46,PUCCH,,,,,,,,,,,,,,,,,,1,-inf,"0.000,",,,,,,,,,1787051865.189336,gnb2,post,post,,,
2026-08-18T11:17:46.107984,5260,0x46,PUCCH,,,,,,,,,,,,,,,,,,1,-inf,"0.000,",,,,,,,,,1787051866.107984,gnb2,post,post,,,
2026-08-18T11:17:47.102808,5280,0x46,PUCCH,,,,,,,,,,,,,,,,,,1,-inf,"0.000,",,,,,,,,,1787051867.102808,gnb2,post,post,,,
2026-08-18T11:17:48.100136,5300,0x46,PUCCH,,,,,,,,,,,,,,,,,,1,-inf,"0.000,",,,,,,,,,1787051868.100136,gnb2,post,post,,,
2026-08-18T11:17:49.046297,5320,0x46,PUCCH,,,,,,,,,,,,,,,,,,1,-inf,"0.000,",,,,,,,,,1787051869.046297,gnb2,post,post,,,
2026-08-18T11:17:50.372676,5360,0x46,PUCCH,,,,,,,,,,,,,,,,,,1,-inf,"0.000,",,,,,,,,,1787051870.372676,gnb2,post,post,,,
2026-08-18T11:17:51.209226,5380,0x46,PUCCH,,,,,,,,,,,,,,,,,,1,-inf,"0.000,",,,,,,,,,1787051871.209226,gnb2,post,post,,,
2026-08-18T11:17:52.050732,5400,0x46,PUCCH,,,,,,,,,,,,,,,,,,1,-inf,"0.000,",,,,,,,,,1787051872.050732,gnb2,post,post,,,
2026-08-18T11:17:53.364535,5440,0x46,PUCCH,,,,,,,,,,,,,,,,,,1,-inf,"0.000,",,,,,,,,,1787051873.364535,gnb2,post,post,,,
2026-08-18T11:17:54.268006,5460,0x46,PUCCH,,,,,,,,,,,,,,,,,,1,-inf,"0.000,",,,,,,,,,1787051874.268006,gnb2,post,post,,,
2026-08-18T11:17:55.602297,5500,0x46,PUCCH,,,,,,,,,,,,,,,,,,1,-inf,"0.000,",,,,,,,,,1787051875.602297,gnb2,post,post,,,
2026-08-18T11:17:56.213605,5520,0x46,PUCCH,,,,,,,,,,,,,,,,,,1,-inf,"0.000,",,,,,,,,,1787051876.213605,gnb2,post,post,,,
2026-08-18T11:17:57.625535,5560,0x46,PUCCH,,,,,,,,,,,,,,,,,,1,-inf,"0.000,",,,,,,,,,1787051877.625535,gnb2,post,post,,,
2026-08-18T11:17:58.452615,5580,0x46,PUCCH,,,,,,,,,,,,,,,,,,1,-inf,"0.000,",,,,,,,,,1787051878.452615,gnb2,post,post,,,
2026-08-18T11:17:59.208143,5600,0x46,PUCCH,,,,,,,,,,,,,,,,,,1,-inf,"0.000,",,,,,,,,,1787051879.208143,gnb2,post,post,,,
2026-08-18T11:18:00.813126,5640,0x46,PUCCH,,,,,,,,,,,,,,,,,,1,-inf,"0.000,",,,,,,,,,1787051880.813126,gnb2,post,post,,,
2026-08-18T11:18:01.640943,5660,0x46,PUCCH,,,,,,,,,,,,,,,,,,1,-inf,"0.000,",,,,,,,,,1787051881.640943,gnb2,post,post,,,
2026-08-18T11:18:02.486218,5680,0x46,PUCCH,,,,,,,,,,,,,,,,,,1,-inf,"0.000,",,,,,,,,,1787051882.486218,gnb2,post,post,,,
2026-08-18T11:18:03.305777,5700,0x46,PUCCH,,,,,,,,,,,,,,,,,,1,-inf,"0.000,",,,,,,,,,1787051883.305777,gnb2,post,post,,,
2026-08-18T11:18:04.033545,5721,0x46,PUCCH,,,,,,,,,,,,,,,,,,2,111.8,"1.000,",,,,,,,,,1787051884.033545,gnb2,post,post,,,
2026-08-18T11:18:05.620095,5760,0x46,PUCCH,,,,,,,,,,,,,,,,,,1,-inf,"0.000,",,,,,,,,,1787051885.620095,gnb2,post,post,,,
2026-08-18T11:18:06.310499,5780,0x46,PUCCH,,,,,,,,,,,,,,,,,,1,-inf,"0.000,",,,,,,,,,1787051886.310499,gnb2,post,post,,,
2026-08-18T11:18:07.504765,5800,0x46,PUCCH,,,,,,,,,,,,,,,,,,1,-inf,"0.000,",,,,,,,,,1787051887.504765,gnb2,post,post,,,
2026-08-18T11:18:08.176994,5820,0x46,PUCCH,,,,,,,,,,,,,,,,,,1,-inf,"0.000,",,,,,,,,,1787051888.176994,gnb2,post,post,,,
2026-08-18T11:18:09.480367,5860,0x46,PUCCH,,,,,,,,,,,,,,,,,,1,-inf,"0.000,",,,,,,,,,1787051889.480367,gnb2,post,post,,,
2026-08-18T11:18:10.581836,5880,0x46,PUCCH,,,,,,,,,,,,,,,,,,1,-inf,"0.000,",,,,,,,,,1787051890.581836,gnb2,post,post,,,
2026-08-18T11:18:11.534255,5900,0x46,PUCCH,,,,,,,,,,,,,,,,,,1,-inf,"0.000,",,,,,,,,,1787051891.534255,gnb2,post,post,,,
2026-08-18T11:18:12.293139,5920,0x46,PUCCH,,,,,,,,,,,,,,,,,,1,-inf,"0.000,",,,,,,,,,1787051892.293139,gnb2,post,post,,,
2026-08-18T11:18:13.784697,5960,0x46,PUCCH,,,,,,,,,,,,,,,,,,1,-inf,"0.000,",,,,,,,,,1787051893.784697,gnb2,post,post,,,
2026-08-18T11:18:14.726063,5980,0x46,PUCCH,,,,,,,,,,,,,,,,,,1,-inf,"0.000,",,,,,,,,,1787051894.726063,gnb2,post,post,,,
2026-08-18T11:18:15.417372,6000,0x46,PUCCH,,,,,,,,,,,,,,,,,,1,-inf,"0.000,",,,,,,,,,1787051895.417372,gnb2,post,post,,,
2026-08-18T11:18:16.161810,6020,0x46,PUCCH,,,,,,,,,,,,,,,,,,1,-inf,"0.000,",,,,,,,,,1787051896.161810,gnb2,post,post,,,
2026-08-18T11:18:17.687856,6060,0x46,PUCCH,,,,,,,,,,,,,,,,,,1,-inf,"0.000,",,,,,,,,,1787051897.687856,gnb2,post,post,,,
2026-08-18T11:18:18.403020,6080,0x46,PUCCH,,,,,,,,,,,,,,,,,,1,-inf,"0.000,",,,,,,,,,1787051898.403020,gnb2,post,post,,,
2026-08-18T11:18:19.152655,6100,0x46,PUCCH,,,,,,,,,,,,,,,,,,1,-inf,"0.000,",,,,,,,,,1787051899.152655,gnb2,post,post,,,
2026-08-18T11:18:20.384888,6120,0x46,PUCCH,,,,,,,,,,,,,,,,,,1,-inf,"0.000,",,,,,,,,,1787051900.384888,gnb2,post,post,,,
2026-08-18T11:18:21.172144,6140,0x46,PUCCH,,,,,,,,,,,,,,,,,,1,-inf,"0.000,",,,,,,,,,1787051901.172144,gnb2,post,post,,,
2026-08-18T11:18:22.683309,6180,0x46,PUCCH,,,,,,,,,,,,,,,,,,1,-inf,"0.000,",,,,,,,,,1787051902.683309,gnb2,post,post,,,
2026-08-18T11:18:23.583019,6200,0x46,PUCCH,,,,,,,,,,,,,,,,,,1,-inf,"0.000,",,,,,,,,,1787051903.583019,gnb2,post,post,,,
2026-08-18T11:18:24.274783,6220,0x46,PUCCH,,,,,,,,,,,,,,,,,,1,-inf,"0.000,",,,,,,,,,1787051904.274783,gnb2,post,post,,,
2026-08-18T11:18:25.082291,6240,0x46,PUCCH,,,,,,,,,,,,,,,,,,1,-inf,"0.000,",,,,,,,,,1787051905.082291,gnb2,post,post,,,
2026-08-18T11:18:26.686045,6280,0x46,PUCCH,,,,,,,,,,,,,,,,,,1,-inf,"0.000,",,,,,,,,,1787051906.686045,gnb2,post,post,,,
2026-08-18T11:18:27.285251,6300,0x46,PUCCH,,,,,,,,,,,,,,,,,,1,-inf,"0.000,",,,,,,,,,1787051907.285251,gnb2,post,post,,,
2026-08-18T11:18:28.544486,6340,0x46,PUCCH,,,,,,,,,,,,,,,,,,1,-inf,"0.000,",,,,,,,,,1787051908.544486,gnb2,post,post,,,
2026-08-18T11:18:29.357848,6360,0x46,PUCCH,,,,,,,,,,,,,,,,,,1,-inf,"0.000,",,,,,,,,,1787051909.357848,gnb2,post,post,,,
2026-08-18T11:18:30.550480,6380,0x46,PUCCH,,,,,,,,,,,,,,,,,,1,-inf,"0.000,",,,,,,,,,1787051910.550480,gnb2,post,post,,,
2026-08-18T11:18:31.187247,6400,0x46,PUCCH,,,,,,,,,,,,,,,,,,1,-inf,"0.000,",,,,,,,,,1787051911.187247,gnb2,post,post,,,
2026-08-18T11:18:32.414180,6440,0x46,PUCCH,,,,,,,,,,,,,,,,,,1,-inf,"0.000,",,,,,,,,,1787051912.414180,gnb2,post,post,,,
2026-08-18T11:18:33.580662,6480,0x46,PUCCH,,,,,,,,,,,,,,,,,,1,-inf,"0.000,",,,,,,,,,1787051913.580662,gnb2,post,post,,,
2026-08-18T11:18:34.439305,6500,0x46,PUCCH,,,,,,,,,,,,,,,,,,1,-inf,"0.000,",,,,,,,,,1787051914.439305,gnb2,post,post,,,
2026-08-18T11:18:35.245648,6520,0x46,PUCCH,,,,,,,,,,,,,,,,,,1,-inf,"0.000,",,,,,,,,,1787051915.245648,gnb2,post,post,,,
2026-08-18T11:18:36.384605,6560,0x46,PUCCH,,,,,,,,,,,,,,,,,,1,-inf,"0.000,",,,,,,,,,1787051916.384605,gnb2,post,post,,,
2026-08-18T11:18:37.036326,6580,0x46,PUCCH,,,,,,,,,,,,,,,,,,1,-inf,"0.000,",,,,,,,,,1787051917.036326,gnb2,post,post,,,
2026-08-18T11:18:38.389766,6620,0x46,PUCCH,,,,,,,,,,,,,,,,,,1,-inf,"0.000,",,,,,,,,,1787051918.389766,gnb2,post,post,,,
2026-08-18T11:18:39.548206,6640,0x46,PUCCH,,,,,,,,,,,,,,,,,,1,-inf,"0.000,",,,,,,,,,1787051919.548206,gnb2,post,post,,,
2026-08-18T11:18:40.414534,6660,0x46,PUCCH,,,,,,,,,,,,,,,,,,1,-inf,"0.000,",,,,,,,,,1787051920.414534,gnb2,post,post,,,
2026-08-18T11:18:41.124436,6680,0x46,PUCCH,,,,,,,,,,,,,,,,,,1,-inf,"0.000,",,,,,,,,,1787051921.124436,gnb2,post,post,,,
2026-08-18T11:18:42.645020,6720,0x46,PUCCH,,,,,,,,,,,,,,,,,,1,-inf,"0.000,",,,,,,,,,1787051922.645020,gnb2,post,post,,,
2026-08-18T11:18:43.403531,6740,0x46,PUCCH,,,,,,,,,,,,,,,,,,1,-inf,"0.000,",,,,,,,,,1787051923.403531,gnb2,post,post,,,
2026-08-18T11:18:44.180652,6760,0x46,PUCCH,,,,,,,,,,,,,,,,,,1,-inf,"0.000,",,,,,,,,,1787051924.180652,gnb2,post,post,,,
2026-08-18T11:18:45.326605,6780,0x46,PUCCH,,,,,,,,,,,,,,,,,,1,-inf,"0.000,",,,,,,,,,1787051925.326605,gnb2,post,post,,,
2026-08-18T11:18:46.129261,6800,0x46,PUCCH,,,,,,,,,,,,,,,,,,1,-inf,"0.000,",,,,,,,,,1787051926.129261,gnb2,post,post,,,
2026-08-18T11:18:47.441563,6840,0x46,PUCCH,,,,,,,,,,,,,,,,,,1,-inf,"0.000,",,,,,,,,,1787051927.441563,gnb2,post,post,,,
2026-08-18T11:18:48.181180,6860,0x46,PUCCH,,,,,,,,,,,,,,,,,,1,-inf,"0.000,",,,,,,,,,1787051928.181180,gnb2,post,post,,,
2026-08-18T11:18:49.427146,6900,0x46,PUCCH,,,,,,,,,,,,,,,,,,1,-inf,"0.000,",,,,,,,,,1787051929.427146,gnb2,post,post,,,
2026-08-18T11:18:50.030167,6920,0x46,PUCCH,,,,,,,,,,,,,,,,,,1,-inf,"0.000,",,,,,,,,,1787051930.030167,gnb2,post,post,,,
2026-08-18T11:18:51.552545,6960,0x46,PUCCH,,,,,,,,,,,,,,,,,,1,-inf,"0.000,",,,,,,,,,1787051931.552545,gnb2,post,post,,,
2026-08-18T11:18:52.346991,6980,0x46,PUCCH,,,,,,,,,,,,,,,,,,1,-inf,"0.000,",,,,,,,,,1787051932.346991,gnb2,post,post,,,
2026-08-18T11:18:53.249991,7000,0x46,PUCCH,,,,,,,,,,,,,,,,,,1,-inf,"0.000,",,,,,,,,,1787051933.249991,gnb2,post,post,,,
2026-08-18T11:18:54.522678,7040,0x46,PUCCH,,,,,,,,,,,,,,,,,,1,-inf,"0.000,",,,,,,,,,1787051934.522678,gnb2,post,post,,,
2026-08-18T11:18:55.309073,7060,0x46,PUCCH,,,,,,,,,,,,,,,,,,1,-inf,"0.000,",,,,,,,,,1787051935.309073,gnb2,post,post,,,
2026-08-18T11:18:56.114456,7080,0x46,PUCCH,,,,,,,,,,,,,,,,,,1,-inf,"0.000,",,,,,,,,,1787051936.114456,gnb2,post,post,,,
2026-08-18T11:18:57.167961,7120,0x46,PUCCH,,,,,,,,,,,,,,,,,,1,-inf,"0.000,",,,,,,,,,1787051937.167961,gnb2,post,post,,,
2026-08-18T11:18:58.542111,7160,0x46,PUCCH,,,,,,,,,,,,,,,,,,1,-inf,"0.000,",,,,,,,,,1787051938.542111,gnb2,post,post,,,
2026-08-18T11:18:59.299727,7180,0x46,PUCCH,,,,,,,,,,,,,,,,,,1,-inf,"0.000,",,,,,,,,,1787051939.299727,gnb2,post,post,,,
2026-08-18T11:19:00.064309,7200,0x46,PUCCH,,,,,,,,,,,,,,,,,,1,-inf,"0.000,",,,,,,,,,1787051940.064309,gnb2,post,post,,,
2026-08-18T11:19:01.099601,7220,0x46,PUCCH,,,,,,,,,,,,,,,,,,1,-inf,"0.000,",,,,,,,,,1787051941.099601,gnb2,post,post,,,
2026-08-18T11:19:02.860834,7260,0x46,PUCCH,,,,,,,,,,,,,,,,,,1,-inf,"0.000,",,,,,,,,,1787051942.860834,gnb2,post,post,,,
2026-08-18T11:19:03.711218,7280,0x46,PUCCH,,,,,,,,,,,,,,,,,,1,-inf,"0.000,",,,,,,,,,1787051943.711218,gnb2,post,post,,,
2026-08-18T11:19:04.617211,7300,0x46,PUCCH,,,,,,,,,,,,,,,,,,1,-inf,"0.000,",,,,,,,,,1787051944.617211,gnb2,post,post,,,
2026-08-18T11:19:05.479967,7320,0x46,PUCCH,,,,,,,,,,,,,,,,,,1,-inf,"0.000,",,,,,,,,,1787051945.479967,gnb2,post,post,,,
2026-08-18T11:19:06.209798,7340,0x46,PUCCH,,,,,,,,,,,,,,,,,,1,-inf,"0.000,",,,,,,,,,1787051946.209798,gnb2,post,post,,,
2026-08-18T11:19:07.093123,7360,0x46,PUCCH,,,,,,,,,,,,,,,,,,1,-inf,"0.000,",,,,,,,,,1787051947.093123,gnb2,post,post,,,
2026-08-18T11:19:08.404527,7400,0x46,PUCCH,,,,,,,,,,,,,,,,,,1,-inf,"0.000,",,,,,,,,,1787051948.404527,gnb2,post,post,,,
2026-08-18T11:19:09.581572,7440,0x46,PUCCH,,,,,,,,,,,,,,,,,,1,-inf,"0.000,",,,,,,,,,1787051949.581572,gnb2,post,post,,,
2026-08-18T11:19:10.766508,7460,0x46,PUCCH,,,,,,,,,,,,,,,,,,1,-inf,"0.000,",,,,,,,,,1787051950.766508,gnb2,post,post,,,
2026-08-18T11:19:11.512832,7480,0x46,PUCCH,,,,,,,,,,,,,,,,,,1,-inf,"0.000,",,,,,,,,,1787051951.512832,gnb2,post,post,,,
2026-08-18T11:19:12.129071,7500,0x46,PUCCH,,,,,,,,,,,,,,,,,,1,-inf,"0.000,",,,,,,,,,1787051952.129071,gnb2,post,post,,,
2026-08-18T11:19:13.543019,7540,0x46,PUCCH,,,,,,,,,,,,,,,,,,1,-inf,"0.000,",,,,,,,,,1787051953.543019,gnb2,post,post,,,
2026-08-18T11:19:14.390054,7560,0x46,PUCCH,,,,,,,,,,,,,,,,,,1,-inf,"0.000,",,,,,,,,,1787051954.390054,gnb2,post,post,,,
2026-08-18T11:19:15.707428,7580,0x46,PUCCH,,,,,,,,,,,,,,,,,,1,-inf,"0.000,",,,,,,,,,1787051955.707428,gnb2,post,post,,,
2026-08-18T11:19:16.777172,7600,0x46,PUCCH,,,,,,,,,,,,,,,,,,1,-inf,"0.000,",,,,,,,,,1787051956.777172,gnb2,post,post,,,
2026-08-18T11:19:17.493163,7620,0x46,PUCCH,,,,,,,,,,,,,,,,,,1,-inf,"0.000,",,,,,,,,,1787051957.493163,gnb2,post,post,,,
2026-08-18T11:19:18.161161,7640,0x46,PUCCH,,,,,,,,,,,,,,,,,,1,-inf,"0.000,",,,,,,,,,1787051958.161161,gnb2,post,post,,,
2026-08-18T11:19:19.527156,7680,0x46,PUCCH,,,,,,,,,,,,,,,,,,1,-inf,"0.000,",,,,,,,,,1787051959.527156,gnb2,post,post,,,
2026-08-18T11:19:20.260656,7700,0x46,PUCCH,,,,,,,,,,,,,,,,,,1,-inf,"0.000,",,,,,,,,,1787051960.260656,gnb2,post,post,,,
2026-08-18T11:19:21.067060,7720,0x46,PUCCH,,,,,,,,,,,,,,,,,,1,-inf,"0.000,",,,,,,,,,1787051961.067060,gnb2,post,post,,,
2026-08-18T11:19:22.312303,7760,0x46,PUCCH,,,,,,,,,,,,,,,,,,1,-inf,"0.000,",,,,,,,,,1787051962.312303,gnb2,post,post,,,
2026-08-18T11:19:23.896320,7800,0x46,PUCCH,,,,,,,,,,,,,,,,,,1,-inf,"0.000,",,,,,,,,,1787051963.896320,gnb2,post,post,,,
2026-08-18T11:19:24.824973,7820,0x46,PUCCH,,,,,,,,,,,,,,,,,,1,-inf,"0.000,",,,,,,,,,1787051964.824973,gnb2,post,post,,,
2026-08-18T11:19:25.752842,7840,0x46,PUCCH,,,,,,,,,,,,,,,,,,1,-inf,"0.000,",,,,,,,,,1787051965.752842,gnb2,post,post,,,
2026-08-18T11:19:26.429823,7860,0x46,PUCCH,,,,,,,,,,,,,,,,,,1,-inf,"0.000,",,,,,,,,,1787051966.429823,gnb2,post,post,,,
2026-08-18T11:19:27.006087,7880,0x46,PUCCH,,,,,,,,,,,,,,,,,,1,-inf,"0.000,",,,,,,,,,1787051967.006087,gnb2,post,post,,,
2026-08-18T11:19:28.242546,7920,0x46,PUCCH,,,,,,,,,,,,,,,,,,1,-inf,"0.000,",,,,,,,,,1787051968.242546,gnb2,post,post,,,
2026-08-18T11:19:29.047058,7940,0x46,PUCCH,,,,,,,,,,,,,,,,,,1,-inf,"0.000,",,,,,,,,,1787051969.047058,gnb2,post,post,,,
2026-08-18T11:19:30.061560,7960,0x46,PUCCH,,,,,,,,,,,,,,,,,,1,-inf,"0.000,",,,,,,,,,1787051970.061560,gnb2,post,post,,,
2026-08-18T11:19:31.001594,7980,0x46,PUCCH,,,,,,,,,,,,,,,,,,1,-inf,"0.000,",,,,,,,,,1787051971.001594,gnb2,post,post,,,
2026-08-18T11:19:32.607387,8020,0x46,PUCCH,,,,,,,,,,,,,,,,,,1,-inf,"0.000,",,,,,,,,,1787051972.607387,gnb2,post,post,,,
2026-08-18T11:19:33.609336,8040,0x46,PUCCH,,,,,,,,,,,,,,,,,,1,-inf,"0.000,",,,,,,,,,1787051973.609336,gnb2,post,post,,,
2026-08-18T11:19:34.452880,8060,0x46,PUCCH,,,,,,,,,,,,,,,,,,1,-inf,"0.000,",,,,,,,,,1787051974.452880,gnb2,post,post,,,
2026-08-18T11:19:35.148873,8080,0x46,PUCCH,,,,,,,,,,,,,,,,,,1,-inf,"0.000,",,,,,,,,,1787051975.148873,gnb2,post,post,,,
2026-08-18T11:19:36.449978,8120,0x46,PUCCH,,,,,,,,,,,,,,,,,,1,-inf,"0.000,",,,,,,,,,1787051976.449978,gnb2,post,post,,,
2026-08-18T11:19:37.473626,8160,0x46,PUCCH,,,,,,,,,,,,,,,,,,1,-inf,"0.000,",,,,,,,,,1787051977.473626,gnb2,post,post,,,
2026-08-18T11:19:38.240464,8180,0x46,PUCCH,,,,,,,,,,,,,,,,,,1,-inf,"0.000,",,,,,,,,,1787051978.240464,gnb2,post,post,,,
2026-08-18T11:19:39.615047,8220,0x46,PUCCH,,,,,,,,,,,,,,,,,,1,-inf,"0.000,",,,,,,,,,1787051979.615047,gnb2,post,post,,,
2026-08-18T11:19:40.346704,8240,0x46,PUCCH,,,,,,,,,,,,,,,,,,1,-inf,"0.000,",,,,,,,,,1787051980.346704,gnb2,post,post,,,
2026-08-18T11:19:41.230067,8260,0x46,PUCCH,,,,,,,,,,,,,,,,,,1,-inf,"0.000,",,,,,,,,,1787051981.230067,gnb2,post,post,,,
2026-08-18T11:19:42.017937,8281,0x46,PUCCH,,,,,,,,,,,,,,,,,,2,111.8,"1.000,",,,,,,,,,1787051982.017937,gnb2,post,post,,,
2026-08-18T11:19:43.391761,8320,0x46,PUCCH,,,,,,,,,,,,,,,,,,1,-inf,"0.000,",,,,,,,,,1787051983.391761,gnb2,post,post,,,
2026-08-18T11:19:44.288516,8340,0x46,PUCCH,,,,,,,,,,,,,,,,,,1,-inf,"0.000,",,,,,,,,,1787051984.288516,gnb2,post,post,,,
2026-08-18T11:19:45.039859,8360,0x46,PUCCH,,,,,,,,,,,,,,,,,,1,-inf,"0.000,",,,,,,,,,1787051985.039859,gnb2,post,post,,,
2026-08-18T11:19:46.214616,8380,0x46,PUCCH,,,,,,,,,,,,,,,,,,1,-inf,"0.000,",,,,,,,,,1787051986.214616,gnb2,post,post,,,
2026-08-18T11:19:47.802918,8420,0x46,PUCCH,,,,,,,,,,,,,,,,,,1,-inf,"0.000,",,,,,,,,,1787051987.802918,gnb2,post,post,,,
2026-08-18T11:19:48.894327,8440,0x46,PUCCH,,,,,,,,,,,,,,,,,,1,-inf,"0.000,",,,,,,,,,1787051988.894327,gnb2,post,post,,,
2026-08-18T11:19:49.632647,8460,0x46,PUCCH,,,,,,,,,,,,,,,,,,1,-inf,"0.000,",,,,,,,,,1787051989.632647,gnb2,post,post,,,
2026-08-18T11:19:50.582231,8480,0x46,PUCCH,,,,,,,,,,,,,,,,,,1,-inf,"0.000,",,,,,,,,,1787051990.582231,gnb2,post,post,,,
2026-08-18T11:19:51.347927,8500,0x46,PUCCH,,,,,,,,,,,,,,,,,,1,-inf,"0.000,",,,,,,,,,1787051991.347927,gnb2,post,post,,,
2026-08-18T11:19:52.545044,8520,0x46,PUCCH,,,,,,,,,,,,,,,,,,1,-inf,"0.000,",,,,,,,,,1787051992.545044,gnb2,post,post,,,
2026-08-18T11:19:53.378589,8540,0x46,PUCCH,,,,,,,,,,,,,,,,,,1,-inf,"0.000,",,,,,,,,,1787051993.378589,gnb2,post,post,,,
2026-08-18T11:19:54.294281,8560,0x46,PUCCH,,,,,,,,,,,,,,,,,,1,-inf,"0.000,",,,,,,,,,1787051994.294281,gnb2,post,post,,,
2026-08-18T11:19:55.107578,8580,0x46,PUCCH,,,,,,,,,,,,,,,,,,1,-inf,"0.000,",,,,,,,,,1787051995.107578,gnb2,post,post,,,
2026-08-18T11:19:56.642780,8620,0x46,PUCCH,,,,,,,,,,,,,,,,,,1,-inf,"0.000,",,,,,,,,,1787051996.642780,gnb2,post,post,,,
2026-08-18T11:19:57.844858,8640,0x46,PUCCH,,,,,,,,,,,,,,,,,,1,-inf,"0.000,",,,,,,,,,1787051997.844858,gnb2,post,post,,,
2026-08-18T11:19:58.741417,8660,0x46,PUCCH,,,,,,,,,,,,,,,,,,1,-inf,"0.000,",,,,,,,,,1787051998.741417,gnb2,post,post,,,
2026-08-18T11:20:00.025940,8680,0x46,PUCCH,,,,,,,,,,,,,,,,,,1,-inf,"0.000,",,,,,,,,,1787052000.025940,gnb2,post,post,,,
2026-08-18T11:20:01.066059,8700,0x46,PUCCH,,,,,,,,,,,,,,,,,,1,-inf,"0.000,",,,,,,,,,1787052001.066059,gnb2,post,post,,,
2026-08-18T11:20:02.888054,8740,0x46,PUCCH,,,,,,,,,,,,,,,,,,1,-inf,"0.000,",,,,,,,,,1787052002.888054,gnb2,post,post,,,
2026-08-18T11:20:03.595881,8760,0x46,PUCCH,,,,,,,,,,,,,,,,,,1,-inf,"0.000,",,,,,,,,,1787052003.595881,gnb2,post,post,,,
2026-08-18T11:20:04.420501,8780,0x46,PUCCH,,,,,,,,,,,,,,,,,,1,-inf,"0.000,",,,,,,,,,1787052004.420501,gnb2,post,post,,,
2026-08-18T11:20:05.592297,8800,0x46,PUCCH,,,,,,,,,,,,,,,,,,1,-inf,"0.000,",,,,,,,,,1787052005.592297,gnb2,post,post,,,
2026-08-18T11:20:06.420619,8820,0x46,PUCCH,,,,,,,,,,,,,,,,,,1,-inf,"0.000,",,,,,,,,,1787052006.420619,gnb2,post,post,,,
2026-08-18T11:20:07.157507,8840,0x46,PUCCH,,,,,,,,,,,,,,,,,,1,-inf,"0.000,",,,,,,,,,1787052007.157507,gnb2,post,post,,,
2026-08-18T11:20:08.458367,8880,0x46,PUCCH,,,,,,,,,,,,,,,,,,1,-inf,"0.000,",,,,,,,,,1787052008.458367,gnb2,post,post,,,
2026-08-18T11:20:09.261031,8900,0x46,PUCCH,,,,,,,,,,,,,,,,,,1,-inf,"0.000,",,,,,,,,,1787052009.261031,gnb2,post,post,,,
2026-08-18T11:20:10.074783,8920,0x46,PUCCH,,,,,,,,,,,,,,,,,,1,-inf,"0.000,",,,,,,,,,1787052010.074783,gnb2,post,post,,,
2026-08-18T11:20:11.174424,8940,0x46,PUCCH,,,,,,,,,,,,,,,,,,1,-inf,"0.000,",,,,,,,,,1787052011.174424,gnb2,post,post,,,
2026-08-18T11:20:12.325777,8960,0x46,PUCCH,,,,,,,,,,,,,,,,,,1,-inf,"0.000,",,,,,,,,,1787052012.325777,gnb2,post,post,,,
2026-08-18T11:20:13.215773,8980,0x46,PUCCH,,,,,,,,,,,,,,,,,,1,-inf,"0.000,",,,,,,,,,1787052013.215773,gnb2,post,post,,,
2026-08-18T11:20:14.091987,9000,0x46,PUCCH,,,,,,,,,,,,,,,,,,1,-inf,"0.000,",,,,,,,,,1787052014.091987,gnb2,post,post,,,
2026-08-18T11:20:15.177315,9020,0x46,PUCCH,,,,,,,,,,,,,,,,,,1,-inf,"0.000,",,,,,,,,,1787052015.177315,gnb2,post,post,,,
2026-08-18T11:20:16.193004,9040,0x46,PUCCH,,,,,,,,,,,,,,,,,,1,-inf,"0.000,",,,,,,,,,1787052016.193004,gnb2,post,post,,,
2026-08-18T11:20:17.714224,9080,0x46,PUCCH,,,,,,,,,,,,,,,,,,1,-inf,"0.000,",,,,,,,,,1787052017.714224,gnb2,post,post,,,
2026-08-18T11:20:18.404773,9100,0x46,PUCCH,,,,,,,,,,,,,,,,,,1,-inf,"0.000,",,,,,,,,,1787052018.404773,gnb2,post,post,,,
2026-08-18T11:20:19.048960,9120,0x46,PUCCH,,,,,,,,,,,,,,,,,,1,-inf,"0.000,",,,,,,,,,1787052019.048960,gnb2,post,post,,,
2026-08-18T11:20:20.115078,9140,0x46,PUCCH,,,,,,,,,,,,,,,,,,1,-inf,"0.000,",,,,,,,,,1787052020.115078,gnb2,post,post,,,
2026-08-18T11:20:21.022636,9161,0x46,PUCCH,,,,,,,,,,,,,,,,,,2,111.8,"1.000,",,,,,,,,,1787052021.022636,gnb2,post,post,,,
2026-08-18T11:20:22.482084,9200,0x46,PUCCH,,,,,,,,,,,,,,,,,,1,-inf,"0.000,",,,,,,,,,1787052022.482084,gnb2,post,post,,,
2026-08-18T11:20:23.214641,9220,0x46,PUCCH,,,,,,,,,,,,,,,,,,1,-inf,"0.000,",,,,,,,,,1787052023.214641,gnb2,post,post,,,
2026-08-18T11:20:24.658429,9260,0x46,PUCCH,,,,,,,,,,,,,,,,,,1,-inf,"0.000,",,,,,,,,,1787052024.658429,gnb2,post,post,,,
2026-08-18T11:20:25.499077,9280,0x46,PUCCH,,,,,,,,,,,,,,,,,,1,-inf,"0.000,",,,,,,,,,1787052025.499077,gnb2,post,post,,,
2026-08-18T11:20:26.166624,9300,0x46,PUCCH,,,,,,,,,,,,,,,,,,1,-inf,"0.000,",,,,,,,,,1787052026.166624,gnb2,post,post,,,
2026-08-18T11:20:27.013215,9321,0x46,PUCCH,,,,,,,,,,,,,,,,,,2,111.8,"1.000,",,,,,,,,,1787052027.013215,gnb2,post,post,,,
2026-08-18T11:20:28.905908,9360,0x46,PUCCH,,,,,,,,,,,,,,,,,,1,-inf,"0.000,",,,,,,,,,1787052028.905908,gnb2,post,post,,,
2026-08-18T11:20:29.558864,9380,0x46,PUCCH,,,,,,,,,,,,,,,,,,1,-inf,"0.000,",,,,,,,,,1787052029.558864,gnb2,post,post,,,
2026-08-18T11:20:30.595353,9400,0x46,PUCCH,,,,,,,,,,,,,,,,,,1,-inf,"0.000,",,,,,,,,,1787052030.595353,gnb2,post,post,,,
2026-08-18T11:20:31.409629,9420,0x46,PUCCH,,,,,,,,,,,,,,,,,,1,-inf,"0.000,",,,,,,,,,1787052031.409629,gnb2,post,post,,,
2026-08-18T11:20:32.096373,9440,0x46,PUCCH,,,,,,,,,,,,,,,,,,1,-inf,"0.000,",,,,,,,,,1787052032.096373,gnb2,post,post,,,
2026-08-18T11:20:34.031017,9480,0x46,PUCCH,,,,,,,,,,,,,,,,,,1,-inf,"0.000,",,,,,,,,,1787052034.031017,gnb2,post,post,,,
2026-08-18T11:20:35.071681,9500,0x46,PUCCH,,,,,,,,,,,,,,,,,,1,-inf,"0.000,",,,,,,,,,1787052035.071681,gnb2,post,post,,,
2026-08-18T11:20:36.679161,9540,0x46,PUCCH,,,,,,,,,,,,,,,,,,1,-inf,"0.000,",,,,,,,,,1787052036.679161,gnb2,post,post,,,
2026-08-18T11:20:37.629113,9560,0x46,PUCCH,,,,,,,,,,,,,,,,,,1,-inf,"0.000,",,,,,,,,,1787052037.629113,gnb2,post,post,,,
2026-08-18T11:20:38.472289,9580,0x46,PUCCH,,,,,,,,,,,,,,,,,,1,-inf,"0.000,",,,,,,,,,1787052038.472289,gnb2,post,post,,,
2026-08-18T11:20:39.228169,9600,0x46,PUCCH,,,,,,,,,,,,,,,,,,1,-inf,"0.000,",,,,,,,,,1787052039.228169,gnb2,post,post,,,
2026-08-18T11:20:40.560020,9620,0x46,PUCCH,,,,,,,,,,,,,,,,,,1,-inf,"0.000,",,,,,,,,,1787052040.560020,gnb2,post,post,,,
2026-08-18T11:20:41.552969,9640,0x46,PUCCH,,,,,,,,,,,,,,,,,,1,-inf,"0.000,",,,,,,,,,1787052041.552969,gnb2,post,post,,,
2026-08-18T11:20:42.418618,9660,0x46,PUCCH,,,,,,,,,,,,,,,,,,1,-inf,"0.000,",,,,,,,,,1787052042.418618,gnb2,post,post,,,
2026-08-18T11:20:43.109598,9680,0x46,PUCCH,,,,,,,,,,,,,,,,,,1,-inf,"0.000,",,,,,,,,,1787052043.109598,gnb2,post,post,,,
2026-08-18T11:20:44.160520,9700,0x46,PUCCH,,,,,,,,,,,,,,,,,,1,-inf,"0.000,",,,,,,,,,1787052044.160520,gnb2,post,post,,,
2026-08-18T11:20:45.490017,9740,0x46,PUCCH,,,,,,,,,,,,,,,,,,1,-inf,"0.000,",,,,,,,,,1787052045.490017,gnb2,post,post,,,
2026-08-18T11:20:46.075746,9760,0x46,PUCCH,,,,,,,,,,,,,,,,,,1,-inf,"0.000,",,,,,,,,,1787052046.075746,gnb2,post,post,,,
2026-08-18T11:20:47.818595,9800,0x46,PUCCH,,,,,,,,,,,,,,,,,,1,-inf,"0.000,",,,,,,,,,1787052047.818595,gnb2,post,post,,,
2026-08-18T11:20:48.898286,9820,0x46,PUCCH,,,,,,,,,,,,,,,,,,1,-inf,"0.000,",,,,,,,,,1787052048.898286,gnb2,post,post,,,
2026-08-18T11:20:50.118411,9840,0x46,PUCCH,,,,,,,,,,,,,,,,,,1,-inf,"0.000,",,,,,,,,,1787052050.118411,gnb2,post,post,,,
2026-08-18T11:20:51.824927,9880,0x46,PUCCH,,,,,,,,,,,,,,,,,,1,-inf,"0.000,",,,,,,,,,1787052051.824927,gnb2,post,post,,,
2026-08-18T11:20:52.790755,9900,0x46,PUCCH,,,,,,,,,,,,,,,,,,1,-inf,"0.000,",,,,,,,,,1787052052.790755,gnb2,post,post,,,
2026-08-18T11:20:53.483590,9920,0x46,PUCCH,,,,,,,,,,,,,,,,,,1,-inf,"0.000,",,,,,,,,,1787052053.483590,gnb2,post,post,,,
2026-08-18T11:20:54.006889,9940,0x46,PUCCH,,,,,,,,,,,,,,,,,,1,-inf,"0.000,",,,,,,,,,1787052054.006889,gnb2,post,post,,,
2026-08-18T11:20:55.159678,9960,0x46,PUCCH,,,,,,,,,,,,,,,,,,1,-inf,"0.000,",,,,,,,,,1787052055.159678,gnb2,post,post,,,
2026-08-18T11:20:56.575770,9980,0x46,PUCCH,,,,,,,,,,,,,,,,,,1,-inf,"0.000,",,,,,,,,,1787052056.575770,gnb2,post,post,,,
2026-08-18T11:20:57.916467,10000,0x46,PUCCH,,,,,,,,,,,,,,,,,,1,-inf,"0.000,",,,,,,,,,1787052057.916467,gnb2,post,post,,,
2026-08-18T11:20:58.659550,10020,0x46,PUCCH,,,,,,,,,,,,,,,,,,1,-inf,"0.000,",,,,,,,,,1787052058.659550,gnb2,post,post,,,
2026-08-18T11:20:59.372810,10040,0x46,PUCCH,,,,,,,,,,,,,,,,,,1,-inf,"0.000,",,,,,,,,,1787052059.372810,gnb2,post,post,,,
2026-08-18T11:21:00.315913,10060,0x46,PUCCH,,,,,,,,,,,,,,,,,,1,-inf,"0.000,",,,,,,,,,1787052060.315913,gnb2,post,post,,,
2026-08-18T11:21:01.080449,10080,0x46,PUCCH,,,,,,,,,,,,,,,,,,1,-inf,"0.000,",,,,,,,,,1787052061.080449,gnb2,post,post,,,
2026-08-18T11:21:02.075976,10100,0x46,PUCCH,,,,,,,,,,,,,,,,,,1,-inf,"0.000,",,,,,,,,,1787052062.075976,gnb2,post,post,,,
2026-08-18T11:21:03.003359,10121,0x46,PUCCH,,,,,,,,,,,,,,,,,,2,111.8,"1.000,",,,,,,,,,1787052063.003359,gnb2,post,post,,,
2026-08-18T11:21:04.305681,10160,0x46,PUCCH,,,,,,,,,,,,,,,,,,1,-inf,"0.000,",,,,,,,,,1787052064.305681,gnb2,post,post,,,
2026-08-18T11:21:05.295779,10180,0x46,PUCCH,,,,,,,,,,,,,,,,,,1,-inf,"0.000,",,,,,,,,,1787052065.295779,gnb2,post,post,,,
2026-08-18T11:21:06.656811,10220,0x46,PUCCH,,,,,,,,,,,,,,,,,,1,-inf,"0.000,",,,,,,,,,1787052066.656811,gnb2,post,post,,,
2026-08-18T11:21:07.426120,0,0x46,PUCCH,,,,,,,,,,,,,,,,,,1,-inf,"0.000,",,,,,,,,,1787052067.426120,gnb2,post,post,,,
2026-08-18T11:21:08.521245,40,0x46,PUCCH,,,,,,,,,,,,,,,,,,1,-inf,"0.000,",,,,,,,,,1787052068.521245,gnb2,post,post,,,
2026-08-18T11:21:09.802651,60,0x46,PUCCH,,,,,,,,,,,,,,,,,,1,-inf,"0.000,",,,,,,,,,1787052069.802651,gnb2,post,post,,,
2026-08-18T11:21:10.511338,80,0x46,PUCCH,,,,,,,,,,,,,,,,,,1,-inf,"0.000,",,,,,,,,,1787052070.511338,gnb2,post,post,,,
2026-08-18T11:21:11.414386,100,0x46,PUCCH,,,,,,,,,,,,,,,,,,1,-inf,"0.000,",,,,,,,,,1787052071.414386,gnb2,post,post,,,
2026-08-18T11:21:12.179222,120,0x46,PUCCH,,,,,,,,,,,,,,,,,,1,-inf,"0.000,",,,,,,,,,1787052072.179222,gnb2,post,post,,,
2026-08-18T11:21:13.515496,160,0x46,PUCCH,,,,,,,,,,,,,,,,,,1,-inf,"0.000,",,,,,,,,,1787052073.515496,gnb2,post,post,,,
2026-08-18T11:21:14.327179,180,0x46,PUCCH,,,,,,,,,,,,,,,,,,1,-inf,"0.000,",,,,,,,,,1787052074.327179,gnb2,post,post,,,
2026-08-18T11:21:15.195859,200,0x46,PUCCH,,,,,,,,,,,,,,,,,,1,-inf,"0.000,",,,,,,,,,1787052075.195859,gnb2,post,post,,,
2026-08-18T11:21:16.219217,220,0x46,PUCCH,,,,,,,,,,,,,,,,,,1,-inf,"0.000,",,,,,,,,,1787052076.219217,gnb2,post,post,,,
2026-08-18T11:21:17.718735,260,0x46,PUCCH,,,,,,,,,,,,,,,,,,1,-inf,"0.000,",,,,,,,,,1787052077.718735,gnb2,post,post,,,
2026-08-18T11:21:18.455385,280,0x46,PUCCH,,,,,,,,,,,,,,,,,,1,-inf,"0.000,",,,,,,,,,1787052078.455385,gnb2,post,post,,,
2026-08-18T11:21:19.091375,300,0x46,PUCCH,,,,,,,,,,,,,,,,,,1,-inf,"0.000,",,,,,,,,,1787052079.091375,gnb2,post,post,,,
2026-08-18T11:21:20.621576,340,0x46,PUCCH,,,,,,,,,,,,,,,,,,1,-inf,"0.000,",,,,,,,,,1787052080.621576,gnb2,post,post,,,
2026-08-18T11:21:21.340607,360,0x46,PUCCH,,,,,,,,,,,,,,,,,,1,-inf,"0.000,",,,,,,,,,1787052081.340607,gnb2,post,post,,,
2026-08-18T11:21:22.840963,400,0x46,PUCCH,,,,,,,,,,,,,,,,,,1,-inf,"0.000,",,,,,,,,,1787052082.840963,gnb2,post,post,,,
2026-08-18T11:21:23.659683,420,0x46,PUCCH,,,,,,,,,,,,,,,,,,1,-inf,"0.000,",,,,,,,,,1787052083.659683,gnb2,post,post,,,
2026-08-18T11:21:24.444513,440,0x46,PUCCH,,,,,,,,,,,,,,,,,,1,-inf,"0.000,",,,,,,,,,1787052084.444513,gnb2,post,post,,,
2026-08-18T11:21:25.435505,460,0x46,PUCCH,,,,,,,,,,,,,,,,,,1,-inf,"0.000,",,,,,,,,,1787052085.435505,gnb2,post,post,,,
2026-08-18T11:21:26.105713,480,0x46,PUCCH,,,,,,,,,,,,,,,,,,1,-inf,"0.000,",,,,,,,,,1787052086.105713,gnb2,post,post,,,
2026-08-18T11:21:27.059415,500,0x46,PUCCH,,,,,,,,,,,,,,,,,,1,-inf,"0.000,",,,,,,,,,1787052087.059415,gnb2,post,post,,,
2026-08-18T11:21:28.518767,540,0x46,PUCCH,,,,,,,,,,,,,,,,,,1,-inf,"0.000,",,,,,,,,,1787052088.518767,gnb2,post,post,,,
2026-08-18T11:21:29.102654,560,0x46,PUCCH,,,,,,,,,,,,,,,,,,1,-inf,"0.000,",,,,,,,,,1787052089.102654,gnb2,post,post,,,
2026-08-18T11:21:30.640560,600,0x46,PUCCH,,,,,,,,,,,,,,,,,,1,-inf,"0.000,",,,,,,,,,1787052090.640560,gnb2,post,post,,,
2026-08-18T11:21:31.544399,620,0x46,PUCCH,,,,,,,,,,,,,,,,,,1,-inf,"0.000,",,,,,,,,,1787052091.544399,gnb2,post,post,,,
2026-08-18T11:21:32.429549,640,0x46,PUCCH,,,,,,,,,,,,,,,,,,1,-inf,"0.000,",,,,,,,,,1787052092.429549,gnb2,post,post,,,
2026-08-18T11:21:33.137680,660,0x46,PUCCH,,,,,,,,,,,,,,,,,,1,-inf,"0.000,",,,,,,,,,1787052093.137680,gnb2,post,post,,,
2026-08-18T11:21:34.947304,700,0x46,PUCCH,,,,,,,,,,,,,,,,,,1,-inf,"0.000,",,,,,,,,,1787052094.947304,gnb2,post,post,,,
2026-08-18T11:21:35.852750,720,0x46,PUCCH,,,,,,,,,,,,,,,,,,1,-inf,"0.000,",,,,,,,,,1787052095.852750,gnb2,post,post,,,
2026-08-18T11:21:36.861052,740,0x46,PUCCH,,,,,,,,,,,,,,,,,,1,-inf,"0.000,",,,,,,,,,1787052096.861052,gnb2,post,post,,,
2026-08-18T11:21:37.764652,760,0x46,PUCCH,,,,,,,,,,,,,,,,,,1,-inf,"0.000,",,,,,,,,,1787052097.764652,gnb2,post,post,,,
2026-08-18T11:21:38.737692,780,0x46,PUCCH,,,,,,,,,,,,,,,,,,1,-inf,"0.000,",,,,,,,,,1787052098.737692,gnb2,post,post,,,
2026-08-18T11:21:39.713312,800,0x46,PUCCH,,,,,,,,,,,,,,,,,,1,-inf,"0.000,",,,,,,,,,1787052099.713312,gnb2,post,post,,,
2026-08-18T11:21:40.400008,820,0x46,PUCCH,,,,,,,,,,,,,,,,,,1,-inf,"0.000,",,,,,,,,,1787052100.400008,gnb2,post,post,,,
2026-08-18T11:21:41.002105,840,0x46,PUCCH,,,,,,,,,,,,,,,,,,1,-inf,"0.000,",,,,,,,,,1787052101.002105,gnb2,post,post,,,
2026-08-18T11:21:42.130799,860,0x46,PUCCH,,,,,,,,,,,,,,,,,,1,-inf,"0.000,",,,,,,,,,1787052102.130799,gnb2,post,post,,,
2026-08-18T11:21:43.125619,880,0x46,PUCCH,,,,,,,,,,,,,,,,,,1,-inf,"0.000,",,,,,,,,,1787052103.125619,gnb2,post,post,,,
2026-08-18T11:21:44.050606,900,0x46,PUCCH,,,,,,,,,,,,,,,,,,1,-inf,"0.000,",,,,,,,,,1787052104.050606,gnb2,post,post,,,
2026-08-18T11:21:45.656890,940,0x46,PUCCH,,,,,,,,,,,,,,,,,,1,-inf,"0.000,",,,,,,,,,1787052105.656890,gnb2,post,post,,,
2026-08-18T11:21:46.560570,960,0x46,PUCCH,,,,,,,,,,,,,,,,,,1,-inf,"0.000,",,,,,,,,,1787052106.560570,gnb2,post,post,,,
2026-08-18T11:21:47.225153,980,0x46,PUCCH,,,,,,,,,,,,,,,,,,1,-inf,"0.000,",,,,,,,,,1787052107.225153,gnb2,post,post,,,
2026-08-18T11:21:48.735766,1020,0x46,PUCCH,,,,,,,,,,,,,,,,,,1,-inf,"0.000,",,,,,,,,,1787052108.735766,gnb2,post,post,,,
2026-08-18T11:21:49.523825,1040,0x46,PUCCH,,,,,,,,,,,,,,,,,,1,-inf,"0.000,",,,,,,,,,1787052109.523825,gnb2,post,post,,,
2026-08-18T11:21:50.337880,1060,0x46,PUCCH,,,,,,,,,,,,,,,,,,1,-inf,"0.000,",,,,,,,,,1787052110.337880,gnb2,post,post,,,
2026-08-18T11:21:51.289754,1080,0x46,PUCCH,,,,,,,,,,,,,,,,,,1,-inf,"0.000,",,,,,,,,,1787052111.289754,gnb2,post,post,,,
2026-08-18T11:21:52.203908,1100,0x46,PUCCH,,,,,,,,,,,,,,,,,,1,-inf,"0.000,",,,,,,,,,1787052112.203908,gnb2,post,post,,,
2026-08-18T11:21:53.740872,1140,0x46,PUCCH,,,,,,,,,,,,,,,,,,1,-inf,"0.000,",,,,,,,,,1787052113.740872,gnb2,post,post,,,
2026-08-18T11:21:54.393076,1160,0x46,PUCCH,,,,,,,,,,,,,,,,,,1,-inf,"0.000,",,,,,,,,,1787052114.393076,gnb2,post,post,,,
2026-08-18T11:21:55.254824,1180,0x46,PUCCH,,,,,,,,,,,,,,,,,,1,-inf,"0.000,",,,,,,,,,1787052115.254824,gnb2,post,post,,,
2026-08-18T11:21:56.043686,1200,0x46,PUCCH,,,,,,,,,,,,,,,,,,1,-inf,"0.000,",,,,,,,,,1787052116.043686,gnb2,post,post,,,
2026-08-18T11:21:57.299627,1240,0x46,PUCCH,,,,,,,,,,,,,,,,,,1,-inf,"0.000,",,,,,,,,,1787052117.299627,gnb2,post,post,,,
2026-08-18T11:21:58.021893,1260,0x46,PUCCH,,,,,,,,,,,,,,,,,,1,-inf,"0.000,",,,,,,,,,1787052118.021893,gnb2,post,post,,,
2026-08-18T11:21:59.049447,1280,0x46,PUCCH,,,,,,,,,,,,,,,,,,1,-inf,"0.000,",,,,,,,,,1787052119.049447,gnb2,post,post,,,
2026-08-18T11:22:00.922380,1320,0x46,PUCCH,,,,,,,,,,,,,,,,,,1,-inf,"0.000,",,,,,,,,,1787052120.922380,gnb2,post,post,,,
2026-08-18T11:22:02.219497,1340,0x46,PUCCH,,,,,,,,,,,,,,,,,,1,-inf,"0.000,",,,,,,,,,1787052122.219497,gnb2,post,post,,,
2026-08-18T11:22:03.029857,1360,0x46,PUCCH,,,,,,,,,,,,,,,,,,1,-inf,"0.000,",,,,,,,,,1787052123.029857,gnb2,post,post,,,
2026-08-18T11:22:04.681976,1400,0x46,PUCCH,,,,,,,,,,,,,,,,,,1,-inf,"0.000,",,,,,,,,,1787052124.681976,gnb2,post,post,,,
2026-08-18T11:22:05.742243,1420,0x46,PUCCH,,,,,,,,,,,,,,,,,,1,-inf,"0.000,",,,,,,,,,1787052125.742243,gnb2,post,post,,,
2026-08-18T11:22:06.493802,1440,0x46,PUCCH,,,,,,,,,,,,,,,,,,1,-inf,"0.000,",,,,,,,,,1787052126.493802,gnb2,post,post,,,
2026-08-18T11:22:07.399364,1460,0x46,PUCCH,,,,,,,,,,,,,,,,,,1,-inf,"0.000,",,,,,,,,,1787052127.399364,gnb2,post,post,,,
2026-08-18T11:22:08.192354,1480,0x46,PUCCH,,,,,,,,,,,,,,,,,,1,-inf,"0.000,",,,,,,,,,1787052128.192354,gnb2,post,post,,,
2026-08-18T11:22:09.481123,1520,0x46,PUCCH,,,,,,,,,,,,,,,,,,1,-inf,"0.000,",,,,,,,,,1787052129.481123,gnb2,post,post,,,
2026-08-18T11:22:10.166573,1540,0x46,PUCCH,,,,,,,,,,,,,,,,,,1,-inf,"0.000,",,,,,,,,,1787052130.166573,gnb2,post,post,,,
2026-08-18T11:22:11.707325,1580,0x46,PUCCH,,,,,,,,,,,,,,,,,,1,-inf,"0.000,",,,,,,,,,1787052131.707325,gnb2,post,post,,,
2026-08-18T11:22:12.420687,1600,0x46,PUCCH,,,,,,,,,,,,,,,,,,1,-inf,"0.000,",,,,,,,,,1787052132.420687,gnb2,post,post,,,
2026-08-18T11:22:13.071580,1620,0x46,PUCCH,,,,,,,,,,,,,,,,,,1,-inf,"0.000,",,,,,,,,,1787052133.071580,gnb2,post,post,,,
2026-08-18T11:22:14.736814,1660,0x46,PUCCH,,,,,,,,,,,,,,,,,,1,-inf,"0.000,",,,,,,,,,1787052134.736814,gnb2,post,post,,,
2026-08-18T11:22:15.624077,1680,0x46,PUCCH,,,,,,,,,,,,,,,,,,1,-inf,"0.000,",,,,,,,,,1787052135.624077,gnb2,post,post,,,
2026-08-18T11:22:16.613458,1700,0x46,PUCCH,,,,,,,,,,,,,,,,,,1,-inf,"0.000,",,,,,,,,,1787052136.613458,gnb2,post,post,,,
2026-08-18T11:22:17.531394,1720,0x46,PUCCH,,,,,,,,,,,,,,,,,,1,-inf,"0.000,",,,,,,,,,1787052137.531394,gnb2,post,post,,,
2026-08-18T11:22:18.357661,1740,0x46,PUCCH,,,,,,,,,,,,,,,,,,1,-inf,"0.000,",,,,,,,,,1787052138.357661,gnb2,post,post,,,
2026-08-18T11:22:19.486370,1760,0x46,PUCCH,,,,,,,,,,,,,,,,,,1,-inf,"0.000,",,,,,,,,,1787052139.486370,gnb2,post,post,,,
2026-08-18T11:22:20.561273,1780,0x46,PUCCH,,,,,,,,,,,,,,,,,,1,-inf,"0.000,",,,,,,,,,1787052140.561273,gnb2,post,post,,,
2026-08-18T11:22:21.260693,1800,0x46,PUCCH,,,,,,,,,,,,,,,,,,1,-inf,"0.000,",,,,,,,,,1787052141.260693,gnb2,post,post,,,
2026-08-18T11:22:22.374761,1820,0x46,PUCCH,,,,,,,,,,,,,,,,,,1,-inf,"0.000,",,,,,,,,,1787052142.374761,gnb2,post,post,,,
2026-08-18T11:22:23.252937,1840,0x46,PUCCH,,,,,,,,,,,,,,,,,,1,-inf,"0.000,",,,,,,,,,1787052143.252937,gnb2,post,post,,,
2026-08-18T11:22:24.056312,1860,0x46,PUCCH,,,,,,,,,,,,,,,,,,1,-inf,"0.000,",,,,,,,,,1787052144.056312,gnb2,post,post,,,
2026-08-18T11:22:25.198837,1880,0x46,PUCCH,,,,,,,,,,,,,,,,,,1,-inf,"0.000,",,,,,,,,,1787052145.198837,gnb2,post,post,,,
2026-08-18T11:22:26.051194,1900,0x46,PUCCH,,,,,,,,,,,,,,,,,,1,-inf,"0.000,",,,,,,,,,1787052146.051194,gnb2,post,post,,,
2026-08-18T11:22:27.458851,1940,0x46,PUCCH,,,,,,,,,,,,,,,,,,1,-inf,"0.000,",,,,,,,,,1787052147.458851,gnb2,post,post,,,
2026-08-18T11:22:28.505589,1960,0x46,PUCCH,,,,,,,,,,,,,,,,,,1,-inf,"0.000,",,,,,,,,,1787052148.505589,gnb2,post,post,,,
2026-08-18T11:22:29.443783,1980,0x46,PUCCH,,,,,,,,,,,,,,,,,,1,-inf,"0.000,",,,,,,,,,1787052149.443783,gnb2,post,post,,,
2026-08-18T11:22:30.418467,2000,0x46,PUCCH,,,,,,,,,,,,,,,,,,1,-inf,"0.000,",,,,,,,,,1787052150.418467,gnb2,post,post,,,
2026-08-18T11:22:31.286597,2020,0x46,PUCCH,,,,,,,,,,,,,,,,,,1,-inf,"0.000,",,,,,,,,,1787052151.286597,gnb2,post,post,,,
2026-08-18T11:22:32.037172,2040,0x46,PUCCH,,,,,,,,,,,,,,,,,,1,-inf,"0.000,",,,,,,,,,1787052152.037172,gnb2,post,post,,,
2026-08-18T11:22:33.690573,2080,0x46,PUCCH,,,,,,,,,,,,,,,,,,1,-inf,"0.000,",,,,,,,,,1787052153.690573,gnb2,post,post,,,
2026-08-18T11:22:34.383405,2100,0x46,PUCCH,,,,,,,,,,,,,,,,,,1,-inf,"0.000,",,,,,,,,,1787052154.383405,gnb2,post,post,,,
2026-08-18T11:22:35.005077,2120,0x46,PUCCH,,,,,,,,,,,,,,,,,,1,-inf,"0.000,",,,,,,,,,1787052155.005077,gnb2,post,post,,,
2026-08-18T11:22:36.621716,2160,0x46,PUCCH,,,,,,,,,,,,,,,,,,1,-inf,"0.000,",,,,,,,,,1787052156.621716,gnb2,post,post,,,
2026-08-18T11:22:37.533642,2180,0x46,PUCCH,,,,,,,,,,,,,,,,,,1,-inf,"0.000,",,,,,,,,,1787052157.533642,gnb2,post,post,,,
2026-08-18T11:22:39.423672,2200,0x46,PUCCH,,,,,,,,,,,,,,,,,,1,-inf,"0.000,",,,,,,,,,1787052159.423672,gnb2,post,post,,,
2026-08-18T11:22:40.352731,2220,0x46,PUCCH,,,,,,,,,,,,,,,,,,1,-inf,"0.000,",,,,,,,,,1787052160.352731,gnb2,post,post,,,
2026-08-18T11:22:41.219693,2240,0x46,PUCCH,,,,,,,,,,,,,,,,,,1,-inf,"0.000,",,,,,,,,,1787052161.219693,gnb2,post,post,,,
2026-08-18T11:22:42.015024,2260,0x46,PUCCH,,,,,,,,,,,,,,,,,,1,-inf,"0.000,",,,,,,,,,1787052162.015024,gnb2,post,post,,,
2026-08-18T11:22:43.187413,2280,0x46,PUCCH,,,,,,,,,,,,,,,,,,1,-inf,"0.000,",,,,,,,,,1787052163.187413,gnb2,post,post,,,
2026-08-18T11:22:44.403372,2320,0x46,PUCCH,,,,,,,,,,,,,,,,,,1,-inf,"0.000,",,,,,,,,,1787052164.403372,gnb2,post,post,,,
2026-08-18T11:22:45.224502,2340,0x46,PUCCH,,,,,,,,,,,,,,,,,,1,-inf,"0.000,",,,,,,,,,1787052165.224502,gnb2,post,post,,,
2026-08-18T11:22:46.068600,2360,0x46,PUCCH,,,,,,,,,,,,,,,,,,1,-inf,"0.000,",,,,,,,,,1787052166.068600,gnb2,post,post,,,
2026-08-18T11:22:47.049645,2380,0x46,PUCCH,,,,,,,,,,,,,,,,,,1,-inf,"0.000,",,,,,,,,,1787052167.049645,gnb2,post,post,,,
2026-08-18T11:22:48.045396,2400,0x46,PUCCH,,,,,,,,,,,,,,,,,,1,-inf,"0.000,",,,,,,,,,1787052168.045396,gnb2,post,post,,,
2026-08-18T11:22:49.753691,2440,0x46,PUCCH,,,,,,,,,,,,,,,,,,1,-inf,"0.000,",,,,,,,,,1787052169.753691,gnb2,post,post,,,
2026-08-18T11:22:50.476921,2460,0x46,PUCCH,,,,,,,,,,,,,,,,,,1,-inf,"0.000,",,,,,,,,,1787052170.476921,gnb2,post,post,,,
2026-08-18T11:22:51.203417,2480,0x46,PUCCH,,,,,,,,,,,,,,,,,,1,-inf,"0.000,",,,,,,,,,1787052171.203417,gnb2,post,post,,,
2026-08-18T11:22:52.012608,2500,0x46,PUCCH,,,,,,,,,,,,,,,,,,1,-inf,"0.000,",,,,,,,,,1787052172.012608,gnb2,post,post,,,
2026-08-18T11:22:53.043954,2520,0x46,PUCCH,,,,,,,,,,,,,,,,,,1,-inf,"0.000,",,,,,,,,,1787052173.043954,gnb2,post,post,,,
2026-08-18T11:22:54.328723,2560,0x46,PUCCH,,,,,,,,,,,,,,,,,,1,-inf,"0.000,",,,,,,,,,1787052174.328723,gnb2,post,post,,,
2026-08-18T11:22:55.697358,2600,0x46,PUCCH,,,,,,,,,,,,,,,,,,1,-inf,"0.000,",,,,,,,,,1787052175.697358,gnb2,post,post,,,
2026-08-18T11:22:56.479990,2620,0x46,PUCCH,,,,,,,,,,,,,,,,,,1,-inf,"0.000,",,,,,,,,,1787052176.479990,gnb2,post,post,,,
2026-08-18T11:22:57.082937,2640,0x46,PUCCH,,,,,,,,,,,,,,,,,,1,-inf,"0.000,",,,,,,,,,1787052177.082937,gnb2,post,post,,,
2026-08-18T11:22:58.337182,2680,0x46,PUCCH,,,,,,,,,,,,,,,,,,1,-inf,"0.000,",,,,,,,,,1787052178.337182,gnb2,post,post,,,
2026-08-18T11:22:59.446323,2700,0x46,PUCCH,,,,,,,,,,,,,,,,,,1,-inf,"0.000,",,,,,,,,,1787052179.446323,gnb2,post,post,,,
2026-08-18T11:23:00.509176,2720,0x46,PUCCH,,,,,,,,,,,,,,,,,,1,-inf,"0.000,",,,,,,,,,1787052180.509176,gnb2,post,post,,,
2026-08-18T11:23:01.654533,2740,0x46,PUCCH,,,,,,,,,,,,,,,,,,1,-inf,"0.000,",,,,,,,,,1787052181.654533,gnb2,post,post,,,
2026-08-18T11:23:02.551153,2760,0x46,PUCCH,,,,,,,,,,,,,,,,,,1,-inf,"0.000,",,,,,,,,,1787052182.551153,gnb2,post,post,,,
2026-08-18T11:23:03.407542,2780,0x46,PUCCH,,,,,,,,,,,,,,,,,,1,-inf,"0.000,",,,,,,,,,1787052183.407542,gnb2,post,post,,,
2026-08-18T11:23:04.086305,2800,0x46,PUCCH,,,,,,,,,,,,,,,,,,1,-inf,"0.000,",,,,,,,,,1787052184.086305,gnb2,post,post,,,
2026-08-18T11:23:05.834666,2840,0x46,PUCCH,,,,,,,,,,,,,,,,,,1,-inf,"0.000,",,,,,,,,,1787052185.834666,gnb2,post,post,,,
2026-08-18T11:23:06.677884,2860,0x46,PUCCH,,,,,,,,,,,,,,,,,,1,-inf,"0.000,",,,,,,,,,1787052186.677884,gnb2,post,post,,,
2026-08-18T11:23:07.323923,2880,0x46,PUCCH,,,,,,,,,,,,,,,,,,1,-inf,"0.000,",,,,,,,,,1787052187.323923,gnb2,post,post,,,
2026-08-18T11:23:08.224956,2900,0x46,PUCCH,,,,,,,,,,,,,,,,,,1,-inf,"0.000,",,,,,,,,,1787052188.224956,gnb2,post,post,,,
2026-08-18T11:23:09.064076,2920,0x46,PUCCH,,,,,,,,,,,,,,,,,,1,-inf,"0.000,",,,,,,,,,1787052189.064076,gnb2,post,post,,,
2026-08-18T11:23:10.623703,2960,0x46,PUCCH,,,,,,,,,,,,,,,,,,1,-inf,"0.000,",,,,,,,,,1787052190.623703,gnb2,post,post,,,
2026-08-18T11:23:11.343787,2980,0x46,PUCCH,,,,,,,,,,,,,,,,,,1,-inf,"0.000,",,,,,,,,,1787052191.343787,gnb2,post,post,,,
2026-08-18T11:23:12.380334,3000,0x46,PUCCH,,,,,,,,,,,,,,,,,,1,-inf,"0.000,",,,,,,,,,1787052192.380334,gnb2,post,post,,,
2026-08-18T11:23:13.036388,3020,0x46,PUCCH,,,,,,,,,,,,,,,,,,1,-inf,"0.000,",,,,,,,,,1787052193.036388,gnb2,post,post,,,
2026-08-18T11:23:14.877180,3060,0x46,PUCCH,,,,,,,,,,,,,,,,,,1,-inf,"0.000,",,,,,,,,,1787052194.877180,gnb2,post,post,,,
2026-08-18T11:23:15.979851,3080,0x46,PUCCH,,,,,,,,,,,,,,,,,,1,-inf,"0.000,",,,,,,,,,1787052195.979851,gnb2,post,post,,,
2026-08-18T11:23:16.036784,3081,0x46,PUCCH,,,,,,,,,,,,,,,,,,2,111.8,"1.000,",,,,,,,,,1787052196.036784,gnb2,post,post,,,
2026-08-18T11:23:17.061300,3100,0x46,PUCCH,,,,,,,,,,,,,,,,,,1,-inf,"0.000,",,,,,,,,,1787052197.061300,gnb2,post,post,,,
2026-08-18T11:23:18.957226,3140,0x46,PUCCH,,,,,,,,,,,,,,,,,,1,-inf,"0.000,",,,,,,,,,1787052198.957226,gnb2,post,post,,,
2026-08-18T11:23:20.097287,3160,0x46,PUCCH,,,,,,,,,,,,,,,,,,1,-inf,"0.000,",,,,,,,,,1787052200.097287,gnb2,post,post,,,
2026-08-18T11:23:21.814866,3200,0x46,PUCCH,,,,,,,,,,,,,,,,,,1,-inf,"0.000,",,,,,,,,,1787052201.814866,gnb2,post,post,,,
2026-08-18T11:23:22.848429,3220,0x46,PUCCH,,,,,,,,,,,,,,,,,,1,-inf,"0.000,",,,,,,,,,1787052202.848429,gnb2,post,post,,,
2026-08-18T11:23:23.612956,3240,0x46,PUCCH,,,,,,,,,,,,,,,,,,1,-inf,"0.000,",,,,,,,,,1787052203.612956,gnb2,post,post,,,
2026-08-18T11:23:24.611665,3260,0x46,PUCCH,,,,,,,,,,,,,,,,,,1,-inf,"0.000,",,,,,,,,,1787052204.611665,gnb2,post,post,,,
2026-08-18T11:23:25.467246,3280,0x46,PUCCH,,,,,,,,,,,,,,,,,,1,-inf,"0.000,",,,,,,,,,1787052205.467246,gnb2,post,post,,,
2026-08-18T11:23:26.188151,3300,0x46,PUCCH,,,,,,,,,,,,,,,,,,1,-inf,"0.000,",,,,,,,,,1787052206.188151,gnb2,post,post,,,
2026-08-18T11:23:27.004223,3320,0x46,PUCCH,,,,,,,,,,,,,,,,,,1,-inf,"0.000,",,,,,,,,,1787052207.004223,gnb2,post,post,,,
2026-08-18T11:23:28.659614,3360,0x46,PUCCH,,,,,,,,,,,,,,,,,,1,-inf,"0.000,",,,,,,,,,1787052208.659614,gnb2,post,post,,,
2026-08-18T11:23:29.366212,3380,0x46,PUCCH,,,,,,,,,,,,,,,,,,1,-inf,"0.000,",,,,,,,,,1787052209.366212,gnb2,post,post,,,
2026-08-18T11:23:30.212895,3400,0x46,PUCCH,,,,,,,,,,,,,,,,,,1,-inf,"0.000,",,,,,,,,,1787052210.212895,gnb2,post,post,,,
2026-08-18T11:23:31.290822,3420,0x46,PUCCH,,,,,,,,,,,,,,,,,,1,-inf,"0.000,",,,,,,,,,1787052211.290822,gnb2,post,post,,,
2026-08-18T11:23:32.084960,3440,0x46,PUCCH,,,,,,,,,,,,,,,,,,1,-inf,"0.000,",,,,,,,,,1787052212.084960,gnb2,post,post,,,
2026-08-18T11:23:33.625583,3480,0x46,PUCCH,,,,,,,,,,,,,,,,,,1,-inf,"0.000,",,,,,,,,,1787052213.625583,gnb2,post,post,,,
2026-08-18T11:23:34.291291,3500,0x46,PUCCH,,,,,,,,,,,,,,,,,,1,-inf,"0.000,",,,,,,,,,1787052214.291291,gnb2,post,post,,,
2026-08-18T11:23:35.216131,3520,0x46,PUCCH,,,,,,,,,,,,,,,,,,1,-inf,"0.000,",,,,,,,,,1787052215.216131,gnb2,post,post,,,
2026-08-18T11:23:36.061615,3540,0x46,PUCCH,,,,,,,,,,,,,,,,,,1,-inf,"0.000,",,,,,,,,,1787052216.061615,gnb2,post,post,,,
2026-08-18T11:23:37.305295,3560,0x46,PUCCH,,,,,,,,,,,,,,,,,,1,-inf,"0.000,",,,,,,,,,1787052217.305295,gnb2,post,post,,,
2026-08-18T11:23:38.615919,3580,0x46,PUCCH,,,,,,,,,,,,,,,,,,1,-inf,"0.000,",,,,,,,,,1787052218.615919,gnb2,post,post,,,
2026-08-18T11:23:39.467305,3600,0x46,PUCCH,,,,,,,,,,,,,,,,,,1,-inf,"0.000,",,,,,,,,,1787052219.467305,gnb2,post,post,,,
2026-08-18T11:23:40.333069,3620,0x46,PUCCH,,,,,,,,,,,,,,,,,,1,-inf,"0.000,",,,,,,,,,1787052220.333069,gnb2,post,post,,,
2026-08-18T11:23:41.558737,3640,0x46,PUCCH,,,,,,,,,,,,,,,,,,1,-inf,"0.000,",,,,,,,,,1787052221.558737,gnb2,post,post,,,
2026-08-18T11:23:43.334344,3660,0x46,PUCCH,,,,,,,,,,,,,,,,,,1,-inf,"0.000,",,,,,,,,,1787052223.334344,gnb2,post,post,,,
2026-08-18T11:23:44.861271,3680,0x46,PUCCH,,,,,,,,,,,,,,,,,,1,-inf,"0.000,",,,,,,,,,1787052224.861271,gnb2,post,post,,,
2026-08-18T11:23:45.763591,3700,0x46,PUCCH,,,,,,,,,,,,,,,,,,1,-inf,"0.000,",,,,,,,,,1787052225.763591,gnb2,post,post,,,
2026-08-18T11:23:46.377990,3720,0x46,PUCCH,,,,,,,,,,,,,,,,,,1,-inf,"0.000,",,,,,,,,,1787052226.377990,gnb2,post,post,,,
2026-08-18T11:23:47.077970,3740,0x46,PUCCH,,,,,,,,,,,,,,,,,,1,-inf,"0.000,",,,,,,,,,1787052227.077970,gnb2,post,post,,,
2026-08-18T11:23:48.712274,3780,0x46,PUCCH,,,,,,,,,,,,,,,,,,1,-inf,"0.000,",,,,,,,,,1787052228.712274,gnb2,post,post,,,
2026-08-18T11:23:49.563877,3800,0x46,PUCCH,,,,,,,,,,,,,,,,,,1,-inf,"0.000,",,,,,,,,,1787052229.563877,gnb2,post,post,,,
2026-08-18T11:23:50.415816,3820,0x46,PUCCH,,,,,,,,,,,,,,,,,,1,-inf,"0.000,",,,,,,,,,1787052230.415816,gnb2,post,post,,,
2026-08-18T11:23:51.690060,3840,0x46,PUCCH,,,,,,,,,,,,,,,,,,1,-inf,"0.000,",,,,,,,,,1787052231.690060,gnb2,post,post,,,
2026-08-18T11:23:52.922643,3860,0x46,PUCCH,,,,,,,,,,,,,,,,,,1,-inf,"0.000,",,,,,,,,,1787052232.922643,gnb2,post,post,,,
2026-08-18T11:23:53.829393,3880,0x46,PUCCH,,,,,,,,,,,,,,,,,,1,-inf,"0.000,",,,,,,,,,1787052233.829393,gnb2,post,post,,,
2026-08-18T11:23:54.622462,3900,0x46,PUCCH,,,,,,,,,,,,,,,,,,1,-inf,"0.000,",,,,,,,,,1787052234.622462,gnb2,post,post,,,
2026-08-18T11:23:55.615160,3920,0x46,PUCCH,,,,,,,,,,,,,,,,,,1,-inf,"0.000,",,,,,,,,,1787052235.615160,gnb2,post,post,,,
2026-08-18T11:23:56.502630,3940,0x46,PUCCH,,,,,,,,,,,,,,,,,,1,-inf,"0.000,",,,,,,,,,1787052236.502630,gnb2,post,post,,,
2026-08-18T11:23:58.088484,3960,0x46,PUCCH,,,,,,,,,,,,,,,,,,1,-inf,"0.000,",,,,,,,,,1787052238.088484,gnb2,post,post,,,
2026-08-18T11:23:59.078658,3980,0x46,PUCCH,,,,,,,,,,,,,,,,,,1,-inf,"0.000,",,,,,,,,,1787052239.078658,gnb2,post,post,,,
2026-08-18T11:24:01.403198,4020,0x46,PUCCH,,,,,,,,,,,,,,,,,,1,-inf,"0.000,",,,,,,,,,1787052241.403198,gnb2,post,post,,,
2026-08-18T11:24:03.045862,4040,0x46,PUCCH,,,,,,,,,,,,,,,,,,1,-inf,"0.000,",,,,,,,,,1787052243.045862,gnb2,post,post,,,
2026-08-18T11:24:04.831504,4080,0x46,PUCCH,,,,,,,,,,,,,,,,,,1,-inf,"0.000,",,,,,,,,,1787052244.831504,gnb2,post,post,,,
2026-08-18T11:24:05.647575,4100,0x46,PUCCH,,,,,,,,,,,,,,,,,,1,-inf,"0.000,",,,,,,,,,1787052245.647575,gnb2,post,post,,,
2026-08-18T11:24:06.550275,4120,0x46,PUCCH,,,,,,,,,,,,,,,,,,1,-inf,"0.000,",,,,,,,,,1787052246.550275,gnb2,post,post,,,
2026-08-18T11:24:07.582616,4140,0x46,PUCCH,,,,,,,,,,,,,,,,,,1,-inf,"0.000,",,,,,,,,,1787052247.582616,gnb2,post,post,,,
2026-08-18T11:24:08.640515,4160,0x46,PUCCH,,,,,,,,,,,,,,,,,,1,-inf,"0.000,",,,,,,,,,1787052248.640515,gnb2,post,post,,,
2026-08-18T11:24:09.488816,4180,0x46,PUCCH,,,,,,,,,,,,,,,,,,1,-inf,"0.000,",,,,,,,,,1787052249.488816,gnb2,post,post,,,
2026-08-18T11:24:10.603302,4200,0x46,PUCCH,,,,,,,,,,,,,,,,,,1,-inf,"0.000,",,,,,,,,,1787052250.603302,gnb2,post,post,,,
2026-08-18T11:24:11.556603,4220,0x46,PUCCH,,,,,,,,,,,,,,,,,,1,-inf,"0.000,",,,,,,,,,1787052251.556603,gnb2,post,post,,,
2026-08-18T11:24:12.342558,4240,0x46,PUCCH,,,,,,,,,,,,,,,,,,1,-inf,"0.000,",,,,,,,,,1787052252.342558,gnb2,post,post,,,
2026-08-18T11:24:13.191980,4260,0x46,PUCCH,,,,,,,,,,,,,,,,,,1,-inf,"0.000,",,,,,,,,,1787052253.191980,gnb2,post,post,,,
2026-08-18T11:24:14.108084,4280,0x46,PUCCH,,,,,,,,,,,,,,,,,,1,-inf,"0.000,",,,,,,,,,1787052254.108084,gnb2,post,post,,,
2026-08-18T11:24:15.338305,4300,0x46,PUCCH,,,,,,,,,,,,,,,,,,1,-inf,"0.000,",,,,,,,,,1787052255.338305,gnb2,post,post,,,
2026-08-18T11:24:16.594591,4320,0x46,PUCCH,,,,,,,,,,,,,,,,,,1,-inf,"0.000,",,,,,,,,,1787052256.594591,gnb2,post,post,,,
2026-08-18T11:24:17.249125,4340,0x46,PUCCH,,,,,,,,,,,,,,,,,,1,-inf,"0.000,",,,,,,,,,1787052257.249125,gnb2,post,post,,,
2026-08-18T11:24:18.133916,4360,0x46,PUCCH,,,,,,,,,,,,,,,,,,1,-inf,"0.000,",,,,,,,,,1787052258.133916,gnb2,post,post,,,
2026-08-18T11:24:20.070708,4400,0x46,PUCCH,,,,,,,,,,,,,,,,,,1,-inf,"0.000,",,,,,,,,,1787052260.070708,gnb2,post,post,,,
2026-08-18T11:24:21.761683,4440,0x46,PUCCH,,,,,,,,,,,,,,,,,,1,-inf,"0.000,",,,,,,,,,1787052261.761683,gnb2,post,post,,,
2026-08-18T11:24:22.472610,4460,0x46,PUCCH,,,,,,,,,,,,,,,,,,1,-inf,"0.000,",,,,,,,,,1787052262.472610,gnb2,post,post,,,
2026-08-18T11:24:23.480599,4480,0x46,PUCCH,,,,,,,,,,,,,,,,,,1,-inf,"0.000,",,,,,,,,,1787052263.480599,gnb2,post,post,,,
2026-08-18T11:24:24.337892,4500,0x46,PUCCH,,,,,,,,,,,,,,,,,,1,-inf,"0.000,",,,,,,,,,1787052264.337892,gnb2,post,post,,,
2026-08-18T11:24:25.125007,4520,0x46,PUCCH,,,,,,,,,,,,,,,,,,1,-inf,"0.000,",,,,,,,,,1787052265.125007,gnb2,post,post,,,
2026-08-18T11:24:26.697889,4560,0x46,PUCCH,,,,,,,,,,,,,,,,,,1,-inf,"0.000,",,,,,,,,,1787052266.697889,gnb2,post,post,,,
2026-08-18T11:24:27.402193,4580,0x46,PUCCH,,,,,,,,,,,,,,,,,,1,-inf,"0.000,",,,,,,,,,1787052267.402193,gnb2,post,post,,,
2026-08-18T11:24:28.234018,4600,0x46,PUCCH,,,,,,,,,,,,,,,,,,1,-inf,"0.000,",,,,,,,,,1787052268.234018,gnb2,post,post,,,
2026-08-18T11:24:29.149214,4620,0x46,PUCCH,,,,,,,,,,,,,,,,,,1,-inf,"0.000,",,,,,,,,,1787052269.149214,gnb2,post,post,,,
2026-08-18T11:24:30.561211,4660,0x46,PUCCH,,,,,,,,,,,,,,,,,,1,-inf,"0.000,",,,,,,,,,1787052270.561211,gnb2,post,post,,,
2026-08-18T11:24:31.422904,4680,0x46,PUCCH,,,,,,,,,,,,,,,,,,1,-inf,"0.000,",,,,,,,,,1787052271.422904,gnb2,post,post,,,
2026-08-18T11:24:32.074715,4700,0x46,PUCCH,,,,,,,,,,,,,,,,,,1,-inf,"0.000,",,,,,,,,,1787052272.074715,gnb2,post,post,,,
2026-08-18T11:24:33.016618,4721,0x46,PUCCH,,,,,,,,,,,,,,,,,,2,111.8,"1.000,",,,,,,,,,1787052273.016618,gnb2,post,post,,,
2026-08-18T11:24:34.716477,4760,0x46,PUCCH,,,,,,,,,,,,,,,,,,1,-inf,"0.000,",,,,,,,,,1787052274.716477,gnb2,post,post,,,
2026-08-18T11:24:36.136962,4780,0x46,PUCCH,,,,,,,,,,,,,,,,,,1,-inf,"0.000,",,,,,,,,,1787052276.136962,gnb2,post,post,,,
2026-08-18T11:24:37.031193,4801,0x46,PUCCH,,,,,,,,,,,,,,,,,,2,111.8,"1.000,",,,,,,,,,1787052277.031193,gnb2,post,post,,,
2026-08-18T11:24:38.903241,4840,0x46,PUCCH,,,,,,,,,,,,,,,,,,1,-inf,"0.000,",,,,,,,,,1787052278.903241,gnb2,post,post,,,
2026-08-18T11:24:39.776370,4860,0x46,PUCCH,,,,,,,,,,,,,,,,,,1,-inf,"0.000,",,,,,,,,,1787052279.776370,gnb2,post,post,,,
2026-08-18T11:24:40.763361,4880,0x46,PUCCH,,,,,,,,,,,,,,,,,,1,-inf,"0.000,",,,,,,,,,1787052280.763361,gnb2,post,post,,,
2026-08-18T11:24:41.819374,4900,0x46,PUCCH,,,,,,,,,,,,,,,,,,1,-inf,"0.000,",,,,,,,,,1787052281.819374,gnb2,post,post,,,
2026-08-18T11:24:42.660849,4920,0x46,PUCCH,,,,,,,,,,,,,,,,,,1,-inf,"0.000,",,,,,,,,,1787052282.660849,gnb2,post,post,,,
2026-08-18T11:24:43.368139,4940,0x46,PUCCH,,,,,,,,,,,,,,,,,,1,-inf,"0.000,",,,,,,,,,1787052283.368139,gnb2,post,post,,,
2026-08-18T11:24:44.013964,4961,0x46,PUCCH,,,,,,,,,,,,,,,,,,2,111.8,"1.000,",,,,,,,,,1787052284.013964,gnb2,post,post,,,
2026-08-18T11:24:45.935156,5000,0x46,PUCCH,,,,,,,,,,,,,,,,,,1,-inf,"0.000,",,,,,,,,,1787052285.935156,gnb2,post,post,,,
2026-08-18T11:24:47.138306,5020,0x46,PUCCH,,,,,,,,,,,,,,,,,,1,-inf,"0.000,",,,,,,,,,1787052287.138306,gnb2,post,post,,,
2026-08-18T11:24:48.453734,5040,0x46,PUCCH,,,,,,,,,,,,,,,,,,1,-inf,"0.000,",,,,,,,,,1787052288.453734,gnb2,post,post,,,
2026-08-18T11:24:50.108977,5060,0x46,PUCCH,,,,,,,,,,,,,,,,,,1,-inf,"0.000,",,,,,,,,,1787052290.108977,gnb2,post,post,,,
2026-08-18T11:24:51.052139,5080,0x46,PUCCH,,,,,,,,,,,,,,,,,,1,-inf,"0.000,",,,,,,,,,1787052291.052139,gnb2,post,post,,,
2026-08-18T11:24:52.519123,5120,0x46,PUCCH,,,,,,,,,,,,,,,,,,1,-inf,"0.000,",,,,,,,,,1787052292.519123,gnb2,post,post,,,
2026-08-18T11:24:53.336617,5140,0x46,PUCCH,,,,,,,,,,,,,,,,,,1,-inf,"0.000,",,,,,,,,,1787052293.336617,gnb2,post,post,,,
2026-08-18T11:24:54.122811,5160,0x46,PUCCH,,,,,,,,,,,,,,,,,,1,-inf,"0.000,",,,,,,,,,1787052294.122811,gnb2,post,post,,,
2026-08-18T11:24:55.122754,5180,0x46,PUCCH,,,,,,,,,,,,,,,,,,1,-inf,"0.000,",,,,,,,,,1787052295.122754,gnb2,post,post,,,
2026-08-18T11:24:56.018357,5200,0x46,PUCCH,,,,,,,,,,,,,,,,,,1,-inf,"0.000,",,,,,,,,,1787052296.018357,gnb2,post,post,,,
2026-08-18T11:24:57.136172,5220,0x46,PUCCH,,,,,,,,,,,,,,,,,,1,-inf,"0.000,",,,,,,,,,1787052297.136172,gnb2,post,post,,,
2026-08-18T11:24:58.033691,5240,0x46,PUCCH,,,,,,,,,,,,,,,,,,1,-inf,"0.000,",,,,,,,,,1787052298.033691,gnb2,post,post,,,
2026-08-18T11:24:59.785746,5280,0x46,PUCCH,,,,,,,,,,,,,,,,,,1,-inf,"0.000,",,,,,,,,,1787052299.785746,gnb2,post,post,,,
2026-08-18T11:25:00.492791,5300,0x46,PUCCH,,,,,,,,,,,,,,,,,,1,-inf,"0.000,",,,,,,,,,1787052300.492791,gnb2,post,post,,,
2026-08-18T11:25:01.284073,5320,0x46,PUCCH,,,,,,,,,,,,,,,,,,1,-inf,"0.000,",,,,,,,,,1787052301.284073,gnb2,post,post,,,
2026-08-18T11:25:02.128486,5340,0x46,PUCCH,,,,,,,,,,,,,,,,,,1,-inf,"0.000,",,,,,,,,,1787052302.128486,gnb2,post,post,,,
2026-08-18T11:25:03.917390,5380,0x46,PUCCH,,,,,,,,,,,,,,,,,,1,-inf,"0.000,",,,,,,,,,1787052303.917390,gnb2,post,post,,,
2026-08-18T11:25:04.643590,5400,0x46,PUCCH,,,,,,,,,,,,,,,,,,1,-inf,"0.000,",,,,,,,,,1787052304.643590,gnb2,post,post,,,
2026-08-18T11:25:05.719900,5420,0x46,PUCCH,,,,,,,,,,,,,,,,,,1,-inf,"0.000,",,,,,,,,,1787052305.719900,gnb2,post,post,,,
2026-08-18T11:25:06.679147,5440,0x46,PUCCH,,,,,,,,,,,,,,,,,,1,-inf,"0.000,",,,,,,,,,1787052306.679147,gnb2,post,post,,,
2026-08-18T11:25:07.399059,5460,0x46,PUCCH,,,,,,,,,,,,,,,,,,1,-inf,"0.000,",,,,,,,,,1787052307.399059,gnb2,post,post,,,
2026-08-18T11:25:08.201675,5480,0x46,PUCCH,,,,,,,,,,,,,,,,,,1,-inf,"0.000,",,,,,,,,,1787052308.201675,gnb2,post,post,,,
2026-08-18T11:25:09.017754,5500,0x46,PUCCH,,,,,,,,,,,,,,,,,,1,-inf,"0.000,",,,,,,,,,1787052309.017754,gnb2,post,post,,,
2026-08-18T11:25:10.601615,5540,0x46,PUCCH,,,,,,,,,,,,,,,,,,1,-inf,"0.000,",,,,,,,,,1787052310.601615,gnb2,post,post,,,
2026-08-18T11:25:11.390247,5560,0x46,PUCCH,,,,,,,,,,,,,,,,,,1,-inf,"0.000,",,,,,,,,,1787052311.390247,gnb2,post,post,,,
2026-08-18T11:25:12.268416,5580,0x46,PUCCH,,,,,,,,,,,,,,,,,,1,-inf,"0.000,",,,,,,,,,1787052312.268416,gnb2,post,post,,,
2026-08-18T11:25:13.211085,5600,0x46,PUCCH,,,,,,,,,,,,,,,,,,1,-inf,"0.000,",,,,,,,,,1787052313.211085,gnb2,post,post,,,
2026-08-18T11:25:14.011901,5620,0x46,PUCCH,,,,,,,,,,,,,,,,,,1,-inf,"0.000,",,,,,,,,,1787052314.011901,gnb2,post,post,,,
2026-08-18T11:25:15.388134,5660,0x46,PUCCH,,,,,,,,,,,,,,,,,,1,-inf,"0.000,",,,,,,,,,1787052315.388134,gnb2,post,post,,,
2026-08-18T11:25:16.033729,5681,0x46,PUCCH,,,,,,,,,,,,,,,,,,2,111.8,"1.000,",,,,,,,,,1787052316.033729,gnb2,post,post,,,
2026-08-18T11:25:17.017075,5700,0x46,PUCCH,,,,,,,,,,,,,,,,,,1,-inf,"0.000,",,,,,,,,,1787052317.017075,gnb2,post,post,,,
2026-08-18T11:25:18.740870,5740,0x46,PUCCH,,,,,,,,,,,,,,,,,,1,-inf,"0.000,",,,,,,,,,1787052318.740870,gnb2,post,post,,,
2026-08-18T11:25:19.596822,5760,0x46,PUCCH,,,,,,,,,,,,,,,,,,1,-inf,"0.000,",,,,,,,,,1787052319.596822,gnb2,post,post,,,
2026-08-18T11:25:20.392279,5780,0x46,PUCCH,,,,,,,,,,,,,,,,,,1,-inf,"0.000,",,,,,,,,,1787052320.392279,gnb2,post,post,,,
2026-08-18T11:25:21.469337,5800,0x46,PUCCH,,,,,,,,,,,,,,,,,,1,-inf,"0.000,",,,,,,,,,1787052321.469337,gnb2,post,post,,,
2026-08-18T11:25:22.490675,5820,0x46,PUCCH,,,,,,,,,,,,,,,,,,1,-inf,"0.000,",,,,,,,,,1787052322.490675,gnb2,post,post,,,
2026-08-18T11:25:23.454966,5840,0x46,PUCCH,,,,,,,,,,,,,,,,,,1,-inf,"0.000,",,,,,,,,,1787052323.454966,gnb2,post,post,,,
2026-08-18T11:25:24.222268,5860,0x46,PUCCH,,,,,,,,,,,,,,,,,,1,-inf,"0.000,",,,,,,,,,1787052324.222268,gnb2,post,post,,,
2026-08-18T11:25:25.217194,5880,0x46,PUCCH,,,,,,,,,,,,,,,,,,1,-inf,"0.000,",,,,,,,,,1787052325.217194,gnb2,post,post,,,
2026-08-18T11:25:26.208734,5900,0x46,PUCCH,,,,,,,,,,,,,,,,,,1,-inf,"0.000,",,,,,,,,,1787052326.208734,gnb2,post,post,,,
2026-08-18T11:25:27.106964,5920,0x46,PUCCH,,,,,,,,,,,,,,,,,,1,-inf,"0.000,",,,,,,,,,1787052327.106964,gnb2,post,post,,,
2026-08-18T11:25:28.994191,5960,0x46,PUCCH,,,,,,,,,,,,,,,,,,1,-inf,"0.000,",,,,,,,,,1787052328.994191,gnb2,post,post,,,
2026-08-18T11:25:29.036344,5961,0x46,PUCCH,,,,,,,,,,,,,,,,,,2,111.8,"1.000,",,,,,,,,,1787052329.036344,gnb2,post,post,,,
2026-08-18T11:25:30.968017,6000,0x46,PUCCH,,,,,,,,,,,,,,,,,,1,-inf,"0.000,",,,,,,,,,1787052330.968017,gnb2,post,post,,,
2026-08-18T11:25:31.026705,6001,0x46,PUCCH,,,,,,,,,,,,,,,,,,2,111.8,"1.000,",,,,,,,,,1787052331.026705,gnb2,post,post,,,
2026-08-18T11:25:32.742268,6040,0x46,PUCCH,,,,,,,,,,,,,,,,,,1,-inf,"0.000,",,,,,,,,,1787052332.742268,gnb2,post,post,,,
2026-08-18T11:25:33.823334,6060,0x46,PUCCH,,,,,,,,,,,,,,,,,,1,-inf,"0.000,",,,,,,,,,1787052333.823334,gnb2,post,post,,,
2026-08-18T11:25:34.911203,6080,0x46,PUCCH,,,,,,,,,,,,,,,,,,1,-inf,"0.000,",,,,,,,,,1787052334.911203,gnb2,post,post,,,
2026-08-18T11:25:35.792082,6100,0x46,PUCCH,,,,,,,,,,,,,,,,,,1,-inf,"0.000,",,,,,,,,,1787052335.792082,gnb2,post,post,,,
2026-08-18T11:25:36.445394,6120,0x46,PUCCH,,,,,,,,,,,,,,,,,,1,-inf,"0.000,",,,,,,,,,1787052336.445394,gnb2,post,post,,,
2026-08-18T11:25:37.166224,6140,0x46,PUCCH,,,,,,,,,,,,,,,,,,1,-inf,"0.000,",,,,,,,,,1787052337.166224,gnb2,post,post,,,
2026-08-18T11:25:38.800187,6180,0x46,PUCCH,,,,,,,,,,,,,,,,,,1,-inf,"0.000,",,,,,,,,,1787052338.800187,gnb2,post,post,,,
2026-08-18T11:25:39.653110,6200,0x46,PUCCH,,,,,,,,,,,,,,,,,,1,-inf,"0.000,",,,,,,,,,1787052339.653110,gnb2,post,post,,,
2026-08-18T11:25:40.483794,6220,0x46,PUCCH,,,,,,,,,,,,,,,,,,1,-inf,"0.000,",,,,,,,,,1787052340.483794,gnb2,post,post,,,
2026-08-18T11:25:41.311573,6240,0x46,PUCCH,,,,,,,,,,,,,,,,,,1,-inf,"0.000,",,,,,,,,,1787052341.311573,gnb2,post,post,,,
2026-08-18T11:25:42.017883,6260,0x46,PUCCH,,,,,,,,,,,,,,,,,,1,-inf,"0.000,",,,,,,,,,1787052342.017883,gnb2,post,post,,,
2026-08-18T11:25:43.668257,6300,0x46,PUCCH,,,,,,,,,,,,,,,,,,1,-inf,"0.000,",,,,,,,,,1787052343.668257,gnb2,post,post,,,
2026-08-18T11:25:44.290694,6320,0x46,PUCCH,,,,,,,,,,,,,,,,,,1,-inf,"0.000,",,,,,,,,,1787052344.290694,gnb2,post,post,,,
2026-08-18T11:25:45.610871,6340,0x46,PUCCH,,,,,,,,,,,,,,,,,,1,-inf,"0.000,",,,,,,,,,1787052345.610871,gnb2,post,post,,,
2026-08-18T11:25:46.685153,6360,0x46,PUCCH,,,,,,,,,,,,,,,,,,1,-inf,"0.000,",,,,,,,,,1787052346.685153,gnb2,post,post,,,
2026-08-18T11:25:47.660006,6380,0x46,PUCCH,,,,,,,,,,,,,,,,,,1,-inf,"0.000,",,,,,,,,,1787052347.660006,gnb2,post,post,,,
2026-08-18T11:25:48.496575,6400,0x46,PUCCH,,,,,,,,,,,,,,,,,,1,-inf,"0.000,",,,,,,,,,1787052348.496575,gnb2,post,post,,,
2026-08-18T11:25:49.608876,6420,0x46,PUCCH,,,,,,,,,,,,,,,,,,1,-inf,"0.000,",,,,,,,,,1787052349.608876,gnb2,post,post,,,
2026-08-18T11:25:50.679301,6440,0x46,PUCCH,,,,,,,,,,,,,,,,,,1,-inf,"0.000,",,,,,,,,,1787052350.679301,gnb2,post,post,,,
2026-08-18T11:25:51.500167,6460,0x46,PUCCH,,,,,,,,,,,,,,,,,,1,-inf,"0.000,",,,,,,,,,1787052351.500167,gnb2,post,post,,,
2026-08-18T11:25:52.249674,6480,0x46,PUCCH,,,,,,,,,,,,,,,,,,1,-inf,"0.000,",,,,,,,,,1787052352.249674,gnb2,post,post,,,
2026-08-18T11:25:53.079004,6500,0x46,PUCCH,,,,,,,,,,,,,,,,,,1,-inf,"0.000,",,,,,,,,,1787052353.079004,gnb2,post,post,,,
2026-08-18T11:25:54.687546,6540,0x46,PUCCH,,,,,,,,,,,,,,,,,,1,-inf,"0.000,",,,,,,,,,1787052354.687546,gnb2,post,post,,,
2026-08-18T11:25:55.348279,6560,0x46,PUCCH,,,,,,,,,,,,,,,,,,1,-inf,"0.000,",,,,,,,,,1787052355.348279,gnb2,post,post,,,
2026-08-18T11:25:56.142810,6580,0x46,PUCCH,,,,,,,,,,,,,,,,,,1,-inf,"0.000,",,,,,,,,,1787052356.142810,gnb2,post,post,,,
2026-08-18T11:25:57.065068,6600,0x46,PUCCH,,,,,,,,,,,,,,,,,,1,-inf,"0.000,",,,,,,,,,1787052357.065068,gnb2,post,post,,,
2026-08-18T11:25:58.489257,6640,0x46,PUCCH,,,,,,,,,,,,,,,,,,1,-inf,"0.000,",,,,,,,,,1787052358.489257,gnb2,post,post,,,
2026-08-18T11:25:59.163097,6660,0x46,PUCCH,,,,,,,,,,,,,,,,,,1,-inf,"0.000,",,,,,,,,,1787052359.163097,gnb2,post,post,,,
2026-08-18T11:26:00.803302,6700,0x46,PUCCH,,,,,,,,,,,,,,,,,,1,-inf,"0.000,",,,,,,,,,1787052360.803302,gnb2,post,post,,,
2026-08-18T11:26:01.463255,6720,0x46,PUCCH,,,,,,,,,,,,,,,,,,1,-inf,"0.000,",,,,,,,,,1787052361.463255,gnb2,post,post,,,
2026-08-18T11:26:02.217733,6740,0x46,PUCCH,,,,,,,,,,,,,,,,,,1,-inf,"0.000,",,,,,,,,,1787052362.217733,gnb2,post,post,,,
2026-08-18T11:26:03.326316,6760,0x46,PUCCH,,,,,,,,,,,,,,,,,,1,-inf,"0.000,",,,,,,,,,1787052363.326316,gnb2,post,post,,,
2026-08-18T11:26:04.314113,6780,0x46,PUCCH,,,,,,,,,,,,,,,,,,1,-inf,"0.000,",,,,,,,,,1787052364.314113,gnb2,post,post,,,
2026-08-18T11:26:05.052547,6800,0x46,PUCCH,,,,,,,,,,,,,,,,,,1,-inf,"0.000,",,,,,,,,,1787052365.052547,gnb2,post,post,,,
2026-08-18T11:26:06.598843,6840,0x46,PUCCH,,,,,,,,,,,,,,,,,,1,-inf,"0.000,",,,,,,,,,1787052366.598843,gnb2,post,post,,,
2026-08-18T11:26:07.216043,6860,0x46,PUCCH,,,,,,,,,,,,,,,,,,1,-inf,"0.000,",,,,,,,,,1787052367.216043,gnb2,post,post,,,
2026-08-18T11:26:08.023955,6881,0x46,PUCCH,,,,,,,,,,,,,,,,,,2,111.8,"1.000,",,,,,,,,,1787052368.023955,gnb2,post,post,,,
2026-08-18T11:26:09.537698,6920,0x46,PUCCH,,,,,,,,,,,,,,,,,,1,-inf,"0.000,",,,,,,,,,1787052369.537698,gnb2,post,post,,,
2026-08-18T11:26:10.477523,6940,0x46,PUCCH,,,,,,,,,,,,,,,,,,1,-inf,"0.000,",,,,,,,,,1787052370.477523,gnb2,post,post,,,
2026-08-18T11:26:11.421291,6960,0x46,PUCCH,,,,,,,,,,,,,,,,,,1,-inf,"0.000,",,,,,,,,,1787052371.421291,gnb2,post,post,,,
2026-08-18T11:26:12.195146,6980,0x46,PUCCH,,,,,,,,,,,,,,,,,,1,-inf,"0.000,",,,,,,,,,1787052372.195146,gnb2,post,post,,,
2026-08-18T11:26:13.777981,7020,0x46,PUCCH,,,,,,,,,,,,,,,,,,1,-inf,"0.000,",,,,,,,,,1787052373.777981,gnb2,post,post,,,
2026-08-18T11:26:14.647359,7040,0x46,PUCCH,,,,,,,,,,,,,,,,,,1,-inf,"0.000,",,,,,,,,,1787052374.647359,gnb2,post,post,,,
2026-08-18T11:26:15.392817,7060,0x46,PUCCH,,,,,,,,,,,,,,,,,,1,-inf,"0.000,",,,,,,,,,1787052375.392817,gnb2,post,post,,,
2026-08-18T11:26:16.346655,7080,0x46,PUCCH,,,,,,,,,,,,,,,,,,1,-inf,"0.000,",,,,,,,,,1787052376.346655,gnb2,post,post,,,
2026-08-18T11:26:17.189886,7100,0x46,PUCCH,,,,,,,,,,,,,,,,,,1,-inf,"0.000,",,,,,,,,,1787052377.189886,gnb2,post,post,,,
2026-08-18T11:26:18.031423,7120,0x46,PUCCH,,,,,,,,,,,,,,,,,,1,-inf,"0.000,",,,,,,,,,1787052378.031423,gnb2,post,post,,,
2026-08-18T11:26:19.568588,7160,0x46,PUCCH,,,,,,,,,,,,,,,,,,1,-inf,"0.000,",,,,,,,,,1787052379.568588,gnb2,post,post,,,
2026-08-18T11:26:20.503039,7180,0x46,PUCCH,,,,,,,,,,,,,,,,,,1,-inf,"0.000,",,,,,,,,,1787052380.503039,gnb2,post,post,,,
2026-08-18T11:26:21.231590,7200,0x46,PUCCH,,,,,,,,,,,,,,,,,,1,-inf,"0.000,",,,,,,,,,1787052381.231590,gnb2,post,post,,,
2026-08-18T11:26:22.515408,7240,0x46,PUCCH,,,,,,,,,,,,,,,,,,1,-inf,"0.000,",,,,,,,,,1787052382.515408,gnb2,post,post,,,
2026-08-18T11:26:23.238005,7260,0x46,PUCCH,,,,,,,,,,,,,,,,,,1,-inf,"0.000,",,,,,,,,,1787052383.238005,gnb2,post,post,,,
2026-08-18T11:26:24.634725,7300,0x46,PUCCH,,,,,,,,,,,,,,,,,,1,-inf,"0.000,",,,,,,,,,1787052384.634725,gnb2,post,post,,,
2026-08-18T11:26:25.310029,7320,0x46,PUCCH,,,,,,,,,,,,,,,,,,1,-inf,"0.000,",,,,,,,,,1787052385.310029,gnb2,post,post,,,
2026-08-18T11:26:26.497723,7360,0x46,PUCCH,,,,,,,,,,,,,,,,,,1,-inf,"0.000,",,,,,,,,,1787052386.497723,gnb2,post,post,,,
2026-08-18T11:26:27.297773,7380,0x46,PUCCH,,,,,,,,,,,,,,,,,,1,-inf,"0.000,",,,,,,,,,1787052387.297773,gnb2,post,post,,,
2026-08-18T11:26:28.201633,7400,0x46,PUCCH,,,,,,,,,,,,,,,,,,1,-inf,"0.000,",,,,,,,,,1787052388.201633,gnb2,post,post,,,
2026-08-18T11:26:29.074930,7420,0x46,PUCCH,,,,,,,,,,,,,,,,,,1,-inf,"0.000,",,,,,,,,,1787052389.074930,gnb2,post,post,,,
2026-08-18T11:26:30.601057,7460,0x46,PUCCH,,,,,,,,,,,,,,,,,,1,-inf,"0.000,",,,,,,,,,1787052390.601057,gnb2,post,post,,,
2026-08-18T11:26:31.399931,7480,0x46,PUCCH,,,,,,,,,,,,,,,,,,1,-inf,"0.000,",,,,,,,,,1787052391.399931,gnb2,post,post,,,
2026-08-18T11:26:32.032747,7500,0x46,PUCCH,,,,,,,,,,,,,,,,,,1,-inf,"0.000,",,,,,,,,,1787052392.032747,gnb2,post,post,,,
2026-08-18T11:26:33.626752,7540,0x46,PUCCH,,,,,,,,,,,,,,,,,,1,-inf,"0.000,",,,,,,,,,1787052393.626752,gnb2,post,post,,,
2026-08-18T11:26:34.552076,7560,0x46,PUCCH,,,,,,,,,,,,,,,,,,1,-inf,"0.000,",,,,,,,,,1787052394.552076,gnb2,post,post,,,
2026-08-18T11:26:35.191777,7580,0x46,PUCCH,,,,,,,,,,,,,,,,,,1,-inf,"0.000,",,,,,,,,,1787052395.191777,gnb2,post,post,,,
2026-08-18T11:26:36.612572,7620,0x46,PUCCH,,,,,,,,,,,,,,,,,,1,-inf,"0.000,",,,,,,,,,1787052396.612572,gnb2,post,post,,,
2026-08-18T11:26:37.344827,7640,0x46,PUCCH,,,,,,,,,,,,,,,,,,1,-inf,"0.000,",,,,,,,,,1787052397.344827,gnb2,post,post,,,
2026-08-18T11:26:38.186508,7660,0x46,PUCCH,,,,,,,,,,,,,,,,,,1,-inf,"0.000,",,,,,,,,,1787052398.186508,gnb2,post,post,,,
2026-08-18T11:26:39.165856,7680,0x46,PUCCH,,,,,,,,,,,,,,,,,,1,-inf,"0.000,",,,,,,,,,1787052399.165856,gnb2,post,post,,,
2026-08-18T11:26:40.718157,7720,0x46,PUCCH,,,,,,,,,,,,,,,,,,1,-inf,"0.000,",,,,,,,,,1787052400.718157,gnb2,post,post,,,
2026-08-18T11:26:41.384379,7740,0x46,PUCCH,,,,,,,,,,,,,,,,,,1,-inf,"0.000,",,,,,,,,,1787052401.384379,gnb2,post,post,,,
2026-08-18T11:26:42.180904,7760,0x46,PUCCH,,,,,,,,,,,,,,,,,,1,-inf,"0.000,",,,,,,,,,1787052402.180904,gnb2,post,post,,,
2026-08-18T11:26:43.937658,7800,0x46,PUCCH,,,,,,,,,,,,,,,,,,1,-inf,"0.000,",,,,,,,,,1787052403.937658,gnb2,post,post,,,
2026-08-18T11:26:44.666689,7820,0x46,PUCCH,,,,,,,,,,,,,,,,,,1,-inf,"0.000,",,,,,,,,,1787052404.666689,gnb2,post,post,,,
2026-08-18T11:26:45.396107,7840,0x46,PUCCH,,,,,,,,,,,,,,,,,,1,-inf,"0.000,",,,,,,,,,1787052405.396107,gnb2,post,post,,,
2026-08-18T11:26:46.223000,7860,0x46,PUCCH,,,,,,,,,,,,,,,,,,1,-inf,"0.000,",,,,,,,,,1787052406.223000,gnb2,post,post,,,
2026-08-18T11:26:47.391392,7900,0x46,PUCCH,,,,,,,,,,,,,,,,,,1,-inf,"0.000,",,,,,,,,,1787052407.391392,gnb2,post,post,,,
2026-08-18T11:26:48.007347,7921,0x46,PUCCH,,,,,,,,,,,,,,,,,,2,111.8,"1.000,",,,,,,,,,1787052408.007347,gnb2,post,post,,,
2026-08-18T11:26:49.293147,7960,0x46,PUCCH,,,,,,,,,,,,,,,,,,1,-inf,"0.000,",,,,,,,,,1787052409.293147,gnb2,post,post,,,
2026-08-18T11:26:50.685062,8000,0x46,PUCCH,,,,,,,,,,,,,,,,,,1,-inf,"0.000,",,,,,,,,,1787052410.685062,gnb2,post,post,,,
2026-08-18T11:26:51.386837,8020,0x46,PUCCH,,,,,,,,,,,,,,,,,,1,-inf,"0.000,",,,,,,,,,1787052411.386837,gnb2,post,post,,,
2026-08-18T11:26:52.565818,8040,0x46,PUCCH,,,,,,,,,,,,,,,,,,1,-inf,"0.000,",,,,,,,,,1787052412.565818,gnb2,post,post,,,
2026-08-18T11:26:53.676793,8060,0x46,PUCCH,,,,,,,,,,,,,,,,,,1,-inf,"0.000,",,,,,,,,,1787052413.676793,gnb2,post,post,,,
2026-08-18T11:26:54.354875,8080,0x46,PUCCH,,,,,,,,,,,,,,,,,,1,-inf,"0.000,",,,,,,,,,1787052414.354875,gnb2,post,post,,,
2026-08-18T11:26:55.107529,8100,0x46,PUCCH,,,,,,,,,,,,,,,,,,1,-inf,"0.000,",,,,,,,,,1787052415.107529,gnb2,post,post,,,
2026-08-18T11:26:56.509820,8140,0x46,PUCCH,,,,,,,,,,,,,,,,,,1,-inf,"0.000,",,,,,,,,,1787052416.509820,gnb2,post,post,,,
2026-08-18T11:26:57.149891,8160,0x46,PUCCH,,,,,,,,,,,,,,,,,,1,-inf,"0.000,",,,,,,,,,1787052417.149891,gnb2,post,post,,,
2026-08-18T11:26:59.069353,8200,0x46,PUCCH,,,,,,,,,,,,,,,,,,1,-inf,"0.000,",,,,,,,,,1787052419.069353,gnb2,post,post,,,
2026-08-18T11:27:00.748146,8240,0x46,PUCCH,,,,,,,,,,,,,,,,,,1,-inf,"0.000,",,,,,,,,,1787052420.748146,gnb2,post,post,,,
2026-08-18T11:27:01.652530,8260,0x46,PUCCH,,,,,,,,,,,,,,,,,,1,-inf,"0.000,",,,,,,,,,1787052421.652530,gnb2,post,post,,,
2026-08-18T11:27:02.419888,8280,0x46,PUCCH,,,,,,,,,,,,,,,,,,1,-inf,"0.000,",,,,,,,,,1787052422.419888,gnb2,post,post,,,
2026-08-18T11:27:03.189779,8300,0x46,PUCCH,,,,,,,,,,,,,,,,,,1,-inf,"0.000,",,,,,,,,,1787052423.189779,gnb2,post,post,,,
2026-08-18T11:27:04.378013,8320,0x46,PUCCH,,,,,,,,,,,,,,,,,,1,-inf,"0.000,",,,,,,,,,1787052424.378013,gnb2,post,post,,,
2026-08-18T11:27:05.123446,8340,0x46,PUCCH,,,,,,,,,,,,,,,,,,1,-inf,"0.000,",,,,,,,,,1787052425.123446,gnb2,post,post,,,
2026-08-18T11:27:06.004265,8361,0x46,PUCCH,,,,,,,,,,,,,,,,,,2,111.8,"1.000,",,,,,,,,,1787052426.004265,gnb2,post,post,,,
2026-08-18T11:27:07.618359,8400,0x46,PUCCH,,,,,,,,,,,,,,,,,,1,-inf,"0.000,",,,,,,,,,1787052427.618359,gnb2,post,post,,,
2026-08-18T11:27:08.523448,8420,0x46,PUCCH,,,,,,,,,,,,,,,,,,1,-inf,"0.000,",,,,,,,,,1787052428.523448,gnb2,post,post,,,
2026-08-18T11:27:09.323356,8440,0x46,PUCCH,,,,,,,,,,,,,,,,,,1,-inf,"0.000,",,,,,,,,,1787052429.323356,gnb2,post,post,,,
2026-08-18T11:27:10.374347,8460,0x46,PUCCH,,,,,,,,,,,,,,,,,,1,-inf,"0.000,",,,,,,,,,1787052430.374347,gnb2,post,post,,,
2026-08-18T11:27:11.221611,8480,0x46,PUCCH,,,,,,,,,,,,,,,,,,1,-inf,"0.000,",,,,,,,,,1787052431.221611,gnb2,post,post,,,
2026-08-18T11:27:12.086628,8500,0x46,PUCCH,,,,,,,,,,,,,,,,,,1,-inf,"0.000,",,,,,,,,,1787052432.086628,gnb2,post,post,,,
2026-08-18T11:27:13.165403,8520,0x46,PUCCH,,,,,,,,,,,,,,,,,,1,-inf,"0.000,",,,,,,,,,1787052433.165403,gnb2,post,post,,,
2026-08-18T11:27:14.169779,8540,0x46,PUCCH,,,,,,,,,,,,,,,,,,1,-inf,"0.000,",,,,,,,,,1787052434.169779,gnb2,post,post,,,
2026-08-18T11:27:15.001656,8561,0x46,PUCCH,,,,,,,,,,,,,,,,,,2,111.8,"1.000,",,,,,,,,,1787052435.001656,gnb2,post,post,,,
2026-08-18T11:27:16.293289,8600,0x46,PUCCH,,,,,,,,,,,,,,,,,,1,-inf,"0.000,",,,,,,,,,1787052436.293289,gnb2,post,post,,,
2026-08-18T11:27:17.227373,8620,0x46,PUCCH,,,,,,,,,,,,,,,,,,1,-inf,"0.000,",,,,,,,,,1787052437.227373,gnb2,post,post,,,
2026-08-18T11:27:18.192437,8640,0x46,PUCCH,,,,,,,,,,,,,,,,,,1,-inf,"0.000,",,,,,,,,,1787052438.192437,gnb2,post,post,,,
2026-08-18T11:27:19.027830,8660,0x46,PUCCH,,,,,,,,,,,,,,,,,,1,-inf,"0.000,",,,,,,,,,1787052439.027830,gnb2,post,post,,,
2026-08-18T11:27:20.378530,8700,0x46,PUCCH,,,,,,,,,,,,,,,,,,1,-inf,"0.000,",,,,,,,,,1787052440.378530,gnb2,post,post,,,
2026-08-18T11:27:21.033744,8720,0x46,PUCCH,,,,,,,,,,,,,,,,,,1,-inf,"0.000,",,,,,,,,,1787052441.033744,gnb2,post,post,,,
2026-08-18T11:27:22.676409,8760,0x46,PUCCH,,,,,,,,,,,,,,,,,,1,-inf,"0.000,",,,,,,,,,1787052442.676409,gnb2,post,post,,,
2026-08-18T11:27:23.481629,8780,0x46,PUCCH,,,,,,,,,,,,,,,,,,1,-inf,"0.000,",,,,,,,,,1787052443.481629,gnb2,post,post,,,
2026-08-18T11:27:24.542214,8800,0x46,PUCCH,,,,,,,,,,,,,,,,,,1,-inf,"0.000,",,,,,,,,,1787052444.542214,gnb2,post,post,,,
2026-08-18T11:27:25.338073,8820,0x46,PUCCH,,,,,,,,,,,,,,,,,,1,-inf,"0.000,",,,,,,,,,1787052445.338073,gnb2,post,post,,,
2026-08-18T11:27:26.152337,8840,0x46,PUCCH,,,,,,,,,,,,,,,,,,1,-inf,"0.000,",,,,,,,,,1787052446.152337,gnb2,post,post,,,
2026-08-18T11:27:27.917904,8880,0x46,PUCCH,,,,,,,,,,,,,,,,,,1,-inf,"0.000,",,,,,,,,,1787052447.917904,gnb2,post,post,,,
2026-08-18T11:27:28.841688,8900,0x46,PUCCH,,,,,,,,,,,,,,,,,,1,-inf,"0.000,",,,,,,,,,1787052448.841688,gnb2,post,post,,,
2026-08-18T11:27:29.844155,8920,0x46,PUCCH,,,,,,,,,,,,,,,,,,1,-inf,"0.000,",,,,,,,,,1787052449.844155,gnb2,post,post,,,
2026-08-18T11:27:30.769261,8940,0x46,PUCCH,,,,,,,,,,,,,,,,,,1,-inf,"0.000,",,,,,,,,,1787052450.769261,gnb2,post,post,,,
2026-08-18T11:27:31.436868,8960,0x46,PUCCH,,,,,,,,,,,,,,,,,,1,-inf,"0.000,",,,,,,,,,1787052451.436868,gnb2,post,post,,,
2026-08-18T11:27:32.157838,8980,0x46,PUCCH,,,,,,,,,,,,,,,,,,1,-inf,"0.000,",,,,,,,,,1787052452.157838,gnb2,post,post,,,
2026-08-18T11:27:33.732870,9020,0x46,PUCCH,,,,,,,,,,,,,,,,,,1,-inf,"0.000,",,,,,,,,,1787052453.732870,gnb2,post,post,,,
2026-08-18T11:27:34.780712,9040,0x46,PUCCH,,,,,,,,,,,,,,,,,,1,-inf,"0.000,",,,,,,,,,1787052454.780712,gnb2,post,post,,,
2026-08-18T11:27:35.056637,9041,0x46,PUCCH,,,,,,,,,,,,,,,,,,2,111.8,"1.000,",,,,,,,,,1787052455.056637,gnb2,post,post,,,
2026-08-18T11:27:36.852491,9080,0x46,PUCCH,,,,,,,,,,,,,,,,,,1,-inf,"0.000,",,,,,,,,,1787052456.852491,gnb2,post,post,,,
2026-08-18T11:27:37.675813,9100,0x46,PUCCH,,,,,,,,,,,,,,,,,,1,-inf,"0.000,",,,,,,,,,1787052457.675813,gnb2,post,post,,,
2026-08-18T11:27:38.711627,9120,0x46,PUCCH,,,,,,,,,,,,,,,,,,1,-inf,"0.000,",,,,,,,,,1787052458.711627,gnb2,post,post,,,
2026-08-18T11:27:39.769144,9140,0x46,PUCCH,,,,,,,,,,,,,,,,,,1,-inf,"0.000,",,,,,,,,,1787052459.769144,gnb2,post,post,,,
2026-08-18T11:27:40.610358,9160,0x46,PUCCH,,,,,,,,,,,,,,,,,,1,-inf,"0.000,",,,,,,,,,1787052460.610358,gnb2,post,post,,,
2026-08-18T11:27:41.506015,9180,0x46,PUCCH,,,,,,,,,,,,,,,,,,1,-inf,"0.000,",,,,,,,,,1787052461.506015,gnb2,post,post,,,
2026-08-18T11:27:42.222880,9200,0x46,PUCCH,,,,,,,,,,,,,,,,,,1,-inf,"0.000,",,,,,,,,,1787052462.222880,gnb2,post,post,,,
2026-08-18T11:27:43.354818,9220,0x46,PUCCH,,,,,,,,,,,,,,,,,,1,-inf,"0.000,",,,,,,,,,1787052463.354818,gnb2,post,post,,,
2026-08-18T11:27:44.324807,9240,0x46,PUCCH,,,,,,,,,,,,,,,,,,1,-inf,"0.000,",,,,,,,,,1787052464.324807,gnb2,post,post,,,
2026-08-18T11:27:45.364814,9260,0x46,PUCCH,,,,,,,,,,,,,,,,,,1,-inf,"0.000,",,,,,,,,,1787052465.364814,gnb2,post,post,,,
2026-08-18T11:27:46.266140,9280,0x46,PUCCH,,,,,,,,,,,,,,,,,,1,-inf,"0.000,",,,,,,,,,1787052466.266140,gnb2,post,post,,,
2026-08-18T11:27:47.032400,9300,0x46,PUCCH,,,,,,,,,,,,,,,,,,1,-inf,"0.000,",,,,,,,,,1787052467.032400,gnb2,post,post,,,
2026-08-18T11:27:48.910681,9340,0x46,PUCCH,,,,,,,,,,,,,,,,,,1,-inf,"0.000,",,,,,,,,,1787052468.910681,gnb2,post,post,,,
2026-08-18T11:27:49.961889,9360,0x46,PUCCH,,,,,,,,,,,,,,,,,,1,-inf,"0.000,",,,,,,,,,1787052469.961889,gnb2,post,post,,,
2026-08-18T11:27:50.014288,9361,0x46,PUCCH,,,,,,,,,,,,,,,,,,2,111.8,"1.000,",,,,,,,,,1787052470.014288,gnb2,post,post,,,
2026-08-18T11:27:51.518321,9400,0x46,PUCCH,,,,,,,,,,,,,,,,,,1,-inf,"0.000,",,,,,,,,,1787052471.518321,gnb2,post,post,,,
2026-08-18T11:27:52.631330,9420,0x46,PUCCH,,,,,,,,,,,,,,,,,,1,-inf,"0.000,",,,,,,,,,1787052472.631330,gnb2,post,post,,,
2026-08-18T11:27:53.465165,9440,0x46,PUCCH,,,,,,,,,,,,,,,,,,1,-inf,"0.000,",,,,,,,,,1787052473.465165,gnb2,post,post,,,
2026-08-18T11:27:54.172498,9460,0x46,PUCCH,,,,,,,,,,,,,,,,,,1,-inf,"0.000,",,,,,,,,,1787052474.172498,gnb2,post,post,,,
2026-08-18T11:27:55.008635,9481,0x46,PUCCH,,,,,,,,,,,,,,,,,,2,111.8,"1.000,",,,,,,,,,1787052475.008635,gnb2,post,post,,,
2026-08-18T11:27:56.597912,9520,0x46,PUCCH,,,,,,,,,,,,,,,,,,1,-inf,"0.000,",,,,,,,,,1787052476.597912,gnb2,post,post,,,
2026-08-18T11:27:57.587689,9540,0x46,PUCCH,,,,,,,,,,,,,,,,,,1,-inf,"0.000,",,,,,,,,,1787052477.587689,gnb2,post,post,,,
2026-08-18T11:27:58.540974,9560,0x46,PUCCH,,,,,,,,,,,,,,,,,,1,-inf,"0.000,",,,,,,,,,1787052478.540974,gnb2,post,post,,,
2026-08-18T11:27:59.577887,9580,0x46,PUCCH,,,,,,,,,,,,,,,,,,1,-inf,"0.000,",,,,,,,,,1787052479.577887,gnb2,post,post,,,
2026-08-18T11:28:00.546865,9600,0x46,PUCCH,,,,,,,,,,,,,,,,,,1,-inf,"0.000,",,,,,,,,,1787052480.546865,gnb2,post,post,,,
2026-08-18T11:28:01.659493,9620,0x46,PUCCH,,,,,,,,,,,,,,,,,,1,-inf,"0.000,",,,,,,,,,1787052481.659493,gnb2,post,post,,,
2026-08-18T11:28:02.441346,9640,0x46,PUCCH,,,,,,,,,,,,,,,,,,1,-inf,"0.000,",,,,,,,,,1787052482.441346,gnb2,post,post,,,
2026-08-18T11:28:03.487811,9660,0x46,PUCCH,,,,,,,,,,,,,,,,,,1,-inf,"0.000,",,,,,,,,,1787052483.487811,gnb2,post,post,,,
2026-08-18T11:28:04.552756,9680,0x46,PUCCH,,,,,,,,,,,,,,,,,,1,-inf,"0.000,",,,,,,,,,1787052484.552756,gnb2,post,post,,,
2026-08-18T11:28:05.328131,9700,0x46,PUCCH,,,,,,,,,,,,,,,,,,1,-inf,"0.000,",,,,,,,,,1787052485.328131,gnb2,post,post,,,
2026-08-18T11:28:06.237206,9720,0x46,PUCCH,,,,,,,,,,,,,,,,,,1,-inf,"0.000,",,,,,,,,,1787052486.237206,gnb2,post,post,,,
2026-08-18T11:28:07.394726,9740,0x46,PUCCH,,,,,,,,,,,,,,,,,,1,-inf,"0.000,",,,,,,,,,1787052487.394726,gnb2,post,post,,,
2026-08-18T11:28:08.327223,9760,0x46,PUCCH,,,,,,,,,,,,,,,,,,1,-inf,"0.000,",,,,,,,,,1787052488.327223,gnb2,post,post,,,
2026-08-18T11:28:09.317247,9780,0x46,PUCCH,,,,,,,,,,,,,,,,,,1,-inf,"0.000,",,,,,,,,,1787052489.317247,gnb2,post,post,,,
2026-08-18T11:28:10.232744,9800,0x46,PUCCH,,,,,,,,,,,,,,,,,,1,-inf,"0.000,",,,,,,,,,1787052490.232744,gnb2,post,post,,,
2026-08-18T11:28:11.953334,9840,0x46,PUCCH,,,,,,,,,,,,,,,,,,1,-inf,"0.000,",,,,,,,,,1787052491.953334,gnb2,post,post,,,
2026-08-18T11:28:12.036100,9841,0x46,PUCCH,,,,,,,,,,,,,,,,,,2,111.8,"1.000,",,,,,,,,,1787052492.036100,gnb2,post,post,,,
2026-08-18T11:28:13.819547,9880,0x46,PUCCH,,,,,,,,,,,,,,,,,,1,-inf,"0.000,",,,,,,,,,1787052493.819547,gnb2,post,post,,,
2026-08-18T11:28:14.782230,9900,0x46,PUCCH,,,,,,,,,,,,,,,,,,1,-inf,"0.000,",,,,,,,,,1787052494.782230,gnb2,post,post,,,
2026-08-18T11:28:15.482718,9920,0x46,PUCCH,,,,,,,,,,,,,,,,,,1,-inf,"0.000,",,,,,,,,,1787052495.482718,gnb2,post,post,,,
2026-08-18T11:28:16.210817,9940,0x46,PUCCH,,,,,,,,,,,,,,,,,,1,-inf,"0.000,",,,,,,,,,1787052496.210817,gnb2,post,post,,,
2026-08-18T11:28:17.924711,9980,0x46,PUCCH,,,,,,,,,,,,,,,,,,1,-inf,"0.000,",,,,,,,,,1787052497.924711,gnb2,post,post,,,
2026-08-18T11:28:18.712194,10000,0x46,PUCCH,,,,,,,,,,,,,,,,,,1,-inf,"0.000,",,,,,,,,,1787052498.712194,gnb2,post,post,,,
2026-08-18T11:28:19.831791,10020,0x46,PUCCH,,,,,,,,,,,,,,,,,,1,-inf,"0.000,",,,,,,,,,1787052499.831791,gnb2,post,post,,,
2026-08-18T11:28:21.104112,10040,0x46,PUCCH,,,,,,,,,,,,,,,,,,1,-inf,"0.000,",,,,,,,,,1787052501.104112,gnb2,post,post,,,
2026-08-18T11:28:23.001330,10080,0x46,PUCCH,,,,,,,,,,,,,,,,,,1,-inf,"0.000,",,,,,,,,,1787052503.001330,gnb2,post,post,,,
2026-08-18T11:28:24.024560,10100,0x46,PUCCH,,,,,,,,,,,,,,,,,,1,-inf,"0.000,",,,,,,,,,1787052504.024560,gnb2,post,post,,,
2026-08-18T11:28:25.203164,10120,0x46,PUCCH,,,,,,,,,,,,,,,,,,1,-inf,"0.000,",,,,,,,,,1787052505.203164,gnb2,post,post,,,
2026-08-18T11:28:26.110609,10140,0x46,PUCCH,,,,,,,,,,,,,,,,,,1,-inf,"0.000,",,,,,,,,,1787052506.110609,gnb2,post,post,,,
2026-08-18T11:28:27.908265,10180,0x46,PUCCH,,,,,,,,,,,,,,,,,,1,-inf,"0.000,",,,,,,,,,1787052507.908265,gnb2,post,post,,,
2026-08-18T11:28:28.719556,10200,0x46,PUCCH,,,,,,,,,,,,,,,,,,1,-inf,"0.000,",,,,,,,,,1787052508.719556,gnb2,post,post,,,
2026-08-18T11:28:29.367883,10220,0x46,PUCCH,,,,,,,,,,,,,,,,,,1,-inf,"0.000,",,,,,,,,,1787052509.367883,gnb2,post,post,,,
2026-08-18T11:28:30.212958,0,0x46,PUCCH,,,,,,,,,,,,,,,,,,1,-inf,"0.000,",,,,,,,,,1787052510.212958,gnb2,post,post,,,
2026-08-18T11:28:31.257480,20,0x46,PUCCH,,,,,,,,,,,,,,,,,,1,-inf,"0.000,",,,,,,,,,1787052511.257480,gnb2,post,post,,,
2026-08-18T11:28:32.090277,40,0x46,PUCCH,,,,,,,,,,,,,,,,,,1,-inf,"0.000,",,,,,,,,,1787052512.090277,gnb2,post,post,,,
2026-08-18T11:28:33.251496,60,0x46,PUCCH,,,,,,,,,,,,,,,,,,1,-inf,"0.000,",,,,,,,,,1787052513.251496,gnb2,post,post,,,
2026-08-18T11:28:34.192114,80,0x46,PUCCH,,,,,,,,,,,,,,,,,,1,-inf,"0.000,",,,,,,,,,1787052514.192114,gnb2,post,post,,,
2026-08-18T11:28:35.903521,120,0x46,PUCCH,,,,,,,,,,,,,,,,,,1,-inf,"0.000,",,,,,,,,,1787052515.903521,gnb2,post,post,,,
2026-08-18T11:28:36.575605,140,0x46,PUCCH,,,,,,,,,,,,,,,,,,1,-inf,"0.000,",,,,,,,,,1787052516.575605,gnb2,post,post,,,
2026-08-18T11:28:37.212726,160,0x46,PUCCH,,,,,,,,,,,,,,,,,,1,-inf,"0.000,",,,,,,,,,1787052517.212726,gnb2,post,post,,,
2026-08-18T11:28:38.002289,180,0x46,PUCCH,,,,,,,,,,,,,,,,,,1,-inf,"0.000,",,,,,,,,,1787052518.002289,gnb2,post,post,,,
2026-08-18T11:28:39.002375,201,0x46,PUCCH,,,,,,,,,,,,,,,,,,2,111.8,"1.000,",,,,,,,,,1787052519.002375,gnb2,post,post,,,
2026-08-18T11:28:40.612650,240,0x46,PUCCH,,,,,,,,,,,,,,,,,,1,-inf,"0.000,",,,,,,,,,1787052520.612650,gnb2,post,post,,,
2026-08-18T11:28:41.208276,260,0x46,PUCCH,,,,,,,,,,,,,,,,,,1,-inf,"0.000,",,,,,,,,,1787052521.208276,gnb2,post,post,,,
2026-08-18T11:28:42.007593,281,0x46,PUCCH,,,,,,,,,,,,,,,,,,2,111.8,"1.000,",,,,,,,,,1787052522.007593,gnb2,post,post,,,
2026-08-18T11:28:43.453747,320,0x46,PUCCH,,,,,,,,,,,,,,,,,,1,-inf,"0.000,",,,,,,,,,1787052523.453747,gnb2,post,post,,,
2026-08-18T11:28:44.103241,340,0x46,PUCCH,,,,,,,,,,,,,,,,,,1,-inf,"0.000,",,,,,,,,,1787052524.103241,gnb2,post,post,,,
2026-08-18T11:28:45.554456,380,0x46,PUCCH,,,,,,,,,,,,,,,,,,1,-inf,"0.000,",,,,,,,,,1787052525.554456,gnb2,post,post,,,
2026-08-18T11:28:46.229192,400,0x46,PUCCH,,,,,,,,,,,,,,,,,,1,-inf,"0.000,",,,,,,,,,1787052526.229192,gnb2,post,post,,,
2026-08-18T11:28:47.045969,420,0x46,PUCCH,,,,,,,,,,,,,,,,,,1,-inf,"0.000,",,,,,,,,,1787052527.045969,gnb2,post,post,,,
2026-08-18T11:28:48.283082,440,0x46,PUCCH,,,,,,,,,,,,,,,,,,1,-inf,"0.000,",,,,,,,,,1787052528.283082,gnb2,post,post,,,
2026-08-18T11:28:49.602175,460,0x46,PUCCH,,,,,,,,,,,,,,,,,,1,-inf,"0.000,",,,,,,,,,1787052529.602175,gnb2,post,post,,,
2026-08-18T11:28:50.329842,480,0x46,PUCCH,,,,,,,,,,,,,,,,,,1,-inf,"0.000,",,,,,,,,,1787052530.329842,gnb2,post,post,,,
2026-08-18T11:28:51.043829,500,0x46,PUCCH,,,,,,,,,,,,,,,,,,1,-inf,"0.000,",,,,,,,,,1787052531.043829,gnb2,post,post,,,
2026-08-18T11:28:52.566871,540,0x46,PUCCH,,,,,,,,,,,,,,,,,,1,-inf,"0.000,",,,,,,,,,1787052532.566871,gnb2,post,post,,,
2026-08-18T11:28:53.360928,560,0x46,PUCCH,,,,,,,,,,,,,,,,,,1,-inf,"0.000,",,,,,,,,,1787052533.360928,gnb2,post,post,,,
2026-08-18T11:28:54.106811,580,0x46,PUCCH,,,,,,,,,,,,,,,,,,1,-inf,"0.000,",,,,,,,,,1787052534.106811,gnb2,post,post,,,
2026-08-18T11:28:55.565453,620,0x46,PUCCH,,,,,,,,,,,,,,,,,,1,-inf,"0.000,",,,,,,,,,1787052535.565453,gnb2,post,post,,,
2026-08-18T11:28:56.260299,640,0x46,PUCCH,,,,,,,,,,,,,,,,,,1,-inf,"0.000,",,,,,,,,,1787052536.260299,gnb2,post,post,,,
2026-08-18T11:28:57.725006,680,0x46,PUCCH,,,,,,,,,,,,,,,,,,1,-inf,"0.000,",,,,,,,,,1787052537.725006,gnb2,post,post,,,
2026-08-18T11:28:58.627177,700,0x46,PUCCH,,,,,,,,,,,,,,,,,,1,-inf,"0.000,",,,,,,,,,1787052538.627177,gnb2,post,post,,,
2026-08-18T11:28:59.422762,720,0x46,PUCCH,,,,,,,,,,,,,,,,,,1,-inf,"0.000,",,,,,,,,,1787052539.422762,gnb2,post,post,,,
2026-08-18T11:29:00.375602,740,0x46,PUCCH,,,,,,,,,,,,,,,,,,1,-inf,"0.000,",,,,,,,,,1787052540.375602,gnb2,post,post,,,
2026-08-18T11:29:01.201458,760,0x46,PUCCH,,,,,,,,,,,,,,,,,,1,-inf,"0.000,",,,,,,,,,1787052541.201458,gnb2,post,post,,,
2026-08-18T11:29:03.151825,800,0x46,PUCCH,,,,,,,,,,,,,,,,,,1,-inf,"0.000,",,,,,,,,,1787052543.151825,gnb2,post,post,,,
2026-08-18T11:29:04.051460,820,0x46,PUCCH,,,,,,,,,,,,,,,,,,1,-inf,"0.000,",,,,,,,,,1787052544.051460,gnb2,post,post,,,
2026-08-18T11:29:05.726494,860,0x46,PUCCH,,,,,,,,,,,,,,,,,,1,-inf,"0.000,",,,,,,,,,1787052545.726494,gnb2,post,post,,,
2026-08-18T11:29:06.551318,880,0x46,PUCCH,,,,,,,,,,,,,,,,,,1,-inf,"0.000,",,,,,,,,,1787052546.551318,gnb2,post,post,,,
2026-08-18T11:29:07.179926,900,0x46,PUCCH,,,,,,,,,,,,,,,,,,1,-inf,"0.000,",,,,,,,,,1787052547.179926,gnb2,post,post,,,
2026-08-18T11:29:08.893130,940,0x46,PUCCH,,,,,,,,,,,,,,,,,,1,-inf,"0.000,",,,,,,,,,1787052548.893130,gnb2,post,post,,,
2026-08-18T11:29:09.792903,960,0x46,PUCCH,,,,,,,,,,,,,,,,,,1,-inf,"0.000,",,,,,,,,,1787052549.792903,gnb2,post,post,,,
2026-08-18T11:29:10.716627,980,0x46,PUCCH,,,,,,,,,,,,,,,,,,1,-inf,"0.000,",,,,,,,,,1787052550.716627,gnb2,post,post,,,
2026-08-18T11:29:11.600626,1000,0x46,PUCCH,,,,,,,,,,,,,,,,,,1,-inf,"0.000,",,,,,,,,,1787052551.600626,gnb2,post,post,,,
2026-08-18T11:29:12.511688,1020,0x46,PUCCH,,,,,,,,,,,,,,,,,,1,-inf,"0.000,",,,,,,,,,1787052552.511688,gnb2,post,post,,,
2026-08-18T11:29:13.239987,1040,0x46,PUCCH,,,,,,,,,,,,,,,,,,1,-inf,"0.000,",,,,,,,,,1787052553.239987,gnb2,post,post,,,
2026-08-18T11:29:14.578058,1080,0x46,PUCCH,,,,,,,,,,,,,,,,,,1,-inf,"0.000,",,,,,,,,,1787052554.578058,gnb2,post,post,,,
2026-08-18T11:29:15.482114,1100,0x46,PUCCH,,,,,,,,,,,,,,,,,,1,-inf,"0.000,",,,,,,,,,1787052555.482114,gnb2,post,post,,,
2026-08-18T11:29:16.306949,1120,0x46,PUCCH,,,,,,,,,,,,,,,,,,1,-inf,"0.000,",,,,,,,,,1787052556.306949,gnb2,post,post,,,
2026-08-18T11:29:17.037397,1140,0x46,PUCCH,,,,,,,,,,,,,,,,,,1,-inf,"0.000,",,,,,,,,,1787052557.037397,gnb2,post,post,,,
2026-08-18T11:29:18.597463,1180,0x46,PUCCH,,,,,,,,,,,,,,,,,,1,-inf,"0.000,",,,,,,,,,1787052558.597463,gnb2,post,post,,,
2026-08-18T11:29:19.325235,1200,0x46,PUCCH,,,,,,,,,,,,,,,,,,1,-inf,"0.000,",,,,,,,,,1787052559.325235,gnb2,post,post,,,
2026-08-18T11:29:20.581291,1240,0x46,PUCCH,,,,,,,,,,,,,,,,,,1,-inf,"0.000,",,,,,,,,,1787052560.581291,gnb2,post,post,,,
2026-08-18T11:29:21.283815,1260,0x46,PUCCH,,,,,,,,,,,,,,,,,,1,-inf,"0.000,",,,,,,,,,1787052561.283815,gnb2,post,post,,,
2026-08-18T11:29:22.624289,1300,0x46,PUCCH,,,,,,,,,,,,,,,,,,1,-inf,"0.000,",,,,,,,,,1787052562.624289,gnb2,post,post,,,
2026-08-18T11:29:23.373977,1320,0x46,PUCCH,,,,,,,,,,,,,,,,,,1,-inf,"0.000,",,,,,,,,,1787052563.373977,gnb2,post,post,,,
2026-08-18T11:29:24.216221,1340,0x46,PUCCH,,,,,,,,,,,,,,,,,,1,-inf,"0.000,",,,,,,,,,1787052564.216221,gnb2,post,post,,,
2026-08-18T11:29:25.504566,1380,0x46,PUCCH,,,,,,,,,,,,,,,,,,1,-inf,"0.000,",,,,,,,,,1787052565.504566,gnb2,post,post,,,
2026-08-18T11:29:26.077563,1400,0x46,PUCCH,,,,,,,,,,,,,,,,,,1,-inf,"0.000,",,,,,,,,,1787052566.077563,gnb2,post,post,,,
2026-08-18T11:29:27.428871,1440,0x46,PUCCH,,,,,,,,,,,,,,,,,,1,-inf,"0.000,",,,,,,,,,1787052567.428871,gnb2,post,post,,,
2026-08-18T11:29:28.154999,1460,0x46,PUCCH,,,,,,,,,,,,,,,,,,1,-inf,"0.000,",,,,,,,,,1787052568.154999,gnb2,post,post,,,
2026-08-18T11:29:29.456677,1500,0x46,PUCCH,,,,,,,,,,,,,,,,,,1,-inf,"0.000,",,,,,,,,,1787052569.456677,gnb2,post,post,,,
2026-08-18T11:29:30.012237,1521,0x46,PUCCH,,,,,,,,,,,,,,,,,,2,111.8,"1.000,",,,,,,,,,1787052570.012237,gnb2,post,post,,,
2026-08-18T11:29:31.806321,1560,0x46,PUCCH,,,,,,,,,,,,,,,,,,1,-inf,"0.000,",,,,,,,,,1787052571.806321,gnb2,post,post,,,
2026-08-18T11:29:32.662379,1580,0x46,PUCCH,,,,,,,,,,,,,,,,,,1,-inf,"0.000,",,,,,,,,,1787052572.662379,gnb2,post,post,,,
2026-08-18T11:29:33.596287,1600,0x46,PUCCH,,,,,,,,,,,,,,,,,,1,-inf,"0.000,",,,,,,,,,1787052573.596287,gnb2,post,post,,,
2026-08-18T11:29:34.169128,1620,0x46,PUCCH,,,,,,,,,,,,,,,,,,1,-inf,"0.000,",,,,,,,,,1787052574.169128,gnb2,post,post,,,
2026-08-18T11:29:35.583113,1660,0x46,PUCCH,,,,,,,,,,,,,,,,,,1,-inf,"0.000,",,,,,,,,,1787052575.583113,gnb2,post,post,,,
2026-08-18T11:29:37.146814,1680,0x46,PUCCH,,,,,,,,,,,,,,,,,,1,-inf,"0.000,",,,,,,,,,1787052577.146814,gnb2,post,post,,,
2026-08-18T11:29:38.041622,1700,0x46,PUCCH,,,,,,,,,,,,,,,,,,1,-inf,"0.000,",,,,,,,,,1787052578.041622,gnb2,post,post,,,
2026-08-18T11:29:39.910253,1740,0x46,PUCCH,,,,,,,,,,,,,,,,,,1,-inf,"0.000,",,,,,,,,,1787052579.910253,gnb2,post,post,,,
2026-08-18T11:29:40.506010,1760,0x46,PUCCH,,,,,,,,,,,,,,,,,,1,-inf,"0.000,",,,,,,,,,1787052580.506010,gnb2,post,post,,,
2026-08-18T11:29:41.197409,1780,0x46,PUCCH,,,,,,,,,,,,,,,,,,1,-inf,"0.000,",,,,,,,,,1787052581.197409,gnb2,post,post,,,
2026-08-18T11:29:42.703056,1820,0x46,PUCCH,,,,,,,,,,,,,,,,,,1,-inf,"0.000,",,,,,,,,,1787052582.703056,gnb2,post,post,,,
2026-08-18T11:29:43.459771,1840,0x46,PUCCH,,,,,,,,,,,,,,,,,,1,-inf,"0.000,",,,,,,,,,1787052583.459771,gnb2,post,post,,,
2026-08-18T11:29:44.297128,1860,0x46,PUCCH,,,,,,,,,,,,,,,,,,1,-inf,"0.000,",,,,,,,,,1787052584.297128,gnb2,post,post,,,
2026-08-18T11:29:45.597797,1900,0x46,PUCCH,,,,,,,,,,,,,,,,,,1,-inf,"0.000,",,,,,,,,,1787052585.597797,gnb2,post,post,,,
2026-08-18T11:29:46.439639,1920,0x46,PUCCH,,,,,,,,,,,,,,,,,,1,-inf,"0.000,",,,,,,,,,1787052586.439639,gnb2,post,post,,,
2026-08-18T11:29:47.507033,1940,0x46,PUCCH,,,,,,,,,,,,,,,,,,1,-inf,"0.000,",,,,,,,,,1787052587.507033,gnb2,post,post,,,
2026-08-18T11:29:48.201169,1960,0x46,PUCCH,,,,,,,,,,,,,,,,,,1,-inf,"0.000,",,,,,,,,,1787052588.201169,gnb2,post,post,,,
2026-08-18T11:29:49.252520,2000,0x46,PUCCH,,,,,,,,,,,,,,,,,,1,-inf,"0.000,",,,,,,,,,1787052589.252520,gnb2,post,post,,,
2026-08-18T11:29:50.048385,2020,0x46,PUCCH,,,,,,,,,,,,,,,,,,1,-inf,"0.000,",,,,,,,,,1787052590.048385,gnb2,post,post,,,
2026-08-18T11:29:51.538228,2060,0x46,PUCCH,,,,,,,,,,,,,,,,,,1,-inf,"0.000,",,,,,,,,,1787052591.538228,gnb2,post,post,,,
2026-08-18T11:29:52.324541,2080,0x46,PUCCH,,,,,,,,,,,,,,,,,,1,-inf,"0.000,",,,,,,,,,1787052592.324541,gnb2,post,post,,,
2026-08-18T11:29:53.049133,2100,0x46,PUCCH,,,,,,,,,,,,,,,,,,1,-inf,"0.000,",,,,,,,,,1787052593.049133,gnb2,post,post,,,
2026-08-18T11:29:54.616308,2140,0x46,PUCCH,,,,,,,,,,,,,,,,,,1,-inf,"0.000,",,,,,,,,,1787052594.616308,gnb2,post,post,,,
2026-08-18T11:29:55.297809,2160,0x46,PUCCH,,,,,,,,,,,,,,,,,,1,-inf,"0.000,",,,,,,,,,1787052595.297809,gnb2,post,post,,,
2026-08-18T11:29:56.110309,2180,0x46,PUCCH,,,,,,,,,,,,,,,,,,1,-inf,"0.000,",,,,,,,,,1787052596.110309,gnb2,post,post,,,
2026-08-18T11:29:57.209955,2201,0x46,PUCCH,,,,,,,,,,,,,,,,,,2,111.8,"1.000,",,,,,,,,,1787052597.209955,gnb2,post,post,,,
2026-08-18T11:29:58.258350,2220,0x46,PUCCH,,,,,,,,,,,,,,,,,,1,-inf,"0.000,",,,,,,,,,1787052598.258350,gnb2,post,post,,,
2026-08-18T11:29:59.735202,2260,0x46,PUCCH,,,,,,,,,,,,,,,,,,1,-inf,"0.000,",,,,,,,,,1787052599.735202,gnb2,post,post,,,
2026-08-18T11:30:00.493860,2280,0x46,PUCCH,,,,,,,,,,,,,,,,,,1,-inf,"0.000,",,,,,,,,,1787052600.493860,gnb2,post,post,,,
2026-08-18T11:30:01.324127,2300,0x46,PUCCH,,,,,,,,,,,,,,,,,,1,-inf,"0.000,",,,,,,,,,1787052601.324127,gnb2,post,post,,,
2026-08-18T11:30:02.038228,2320,0x46,PUCCH,,,,,,,,,,,,,,,,,,1,-inf,"0.000,",,,,,,,,,1787052602.038228,gnb2,post,post,,,
2026-08-18T11:30:03.030205,2340,0x46,PUCCH,,,,,,,,,,,,,,,,,,1,-inf,"0.000,",,,,,,,,,1787052603.030205,gnb2,post,post,,,
2026-08-18T11:30:04.442306,2380,0x46,PUCCH,,,,,,,,,,,,,,,,,,1,-inf,"0.000,",,,,,,,,,1787052604.442306,gnb2,post,post,,,
2026-08-18T11:30:05.143294,2400,0x46,PUCCH,,,,,,,,,,,,,,,,,,1,-inf,"0.000,",,,,,,,,,1787052605.143294,gnb2,post,post,,,
2026-08-18T11:30:06.132772,2420,0x46,PUCCH,,,,,,,,,,,,,,,,,,1,-inf,"0.000,",,,,,,,,,1787052606.132772,gnb2,post,post,,,
2026-08-18T11:30:07.624372,2460,0x46,PUCCH,,,,,,,,,,,,,,,,,,1,-inf,"0.000,",,,,,,,,,1787052607.624372,gnb2,post,post,,,
2026-08-18T11:30:08.373086,2480,0x46,PUCCH,,,,,,,,,,,,,,,,,,1,-inf,"0.000,",,,,,,,,,1787052608.373086,gnb2,post,post,,,
2026-08-18T11:30:09.055564,2500,0x46,PUCCH,,,,,,,,,,,,,,,,,,1,-inf,"0.000,",,,,,,,,,1787052609.055564,gnb2,post,post,,,
2026-08-18T11:30:10.382779,2540,0x46,PUCCH,,,,,,,,,,,,,,,,,,1,-inf,"0.000,",,,,,,,,,1787052610.382779,gnb2,post,post,,,
2026-08-18T11:30:11.035052,2560,0x46,PUCCH,,,,,,,,,,,,,,,,,,1,-inf,"0.000,",,,,,,,,,1787052611.035052,gnb2,post,post,,,
2026-08-18T11:30:12.815300,2600,0x46,PUCCH,,,,,,,,,,,,,,,,,,1,-inf,"0.000,",,,,,,,,,1787052612.815300,gnb2,post,post,,,
2026-08-18T11:30:13.492986,2620,0x46,PUCCH,,,,,,,,,,,,,,,,,,1,-inf,"0.000,",,,,,,,,,1787052613.492986,gnb2,post,post,,,
2026-08-18T11:30:14.198675,2640,0x46,PUCCH,,,,,,,,,,,,,,,,,,1,-inf,"0.000,",,,,,,,,,1787052614.198675,gnb2,post,post,,,
2026-08-18T11:30:15.068435,2660,0x46,PUCCH,,,,,,,,,,,,,,,,,,1,-inf,"0.000,",,,,,,,,,1787052615.068435,gnb2,post,post,,,
2026-08-18T11:30:16.267252,2680,0x46,PUCCH,,,,,,,,,,,,,,,,,,1,-inf,"0.000,",,,,,,,,,1787052616.267252,gnb2,post,post,,,
2026-08-18T11:30:17.267278,2700,0x46,PUCCH,,,,,,,,,,,,,,,,,,1,-inf,"0.000,",,,,,,,,,1787052617.267278,gnb2,post,post,,,
2026-08-18T11:30:18.004355,2720,0x46,PUCCH,,,,,,,,,,,,,,,,,,1,-inf,"0.000,",,,,,,,,,1787052618.004355,gnb2,post,post,,,
2026-08-18T11:30:19.545946,2760,0x46,PUCCH,,,,,,,,,,,,,,,,,,1,-inf,"0.000,",,,,,,,,,1787052619.545946,gnb2,post,post,,,
2026-08-18T11:30:20.486561,2780,0x46,PUCCH,,,,,,,,,,,,,,,,,,1,-inf,"0.000,",,,,,,,,,1787052620.486561,gnb2,post,post,,,
2026-08-18T11:30:21.488516,2800,0x46,PUCCH,,,,,,,,,,,,,,,,,,1,-inf,"0.000,",,,,,,,,,1787052621.488516,gnb2,post,post,,,
2026-08-18T11:30:22.476667,2820,0x46,PUCCH,,,,,,,,,,,,,,,,,,1,-inf,"0.000,",,,,,,,,,1787052622.476667,gnb2,post,post,,,
2026-08-18T11:30:23.613142,2840,0x46,PUCCH,,,,,,,,,,,,,,,,,,1,-inf,"0.000,",,,,,,,,,1787052623.613142,gnb2,post,post,,,
2026-08-18T11:30:24.369425,2860,0x46,PUCCH,,,,,,,,,,,,,,,,,,1,-inf,"0.000,",,,,,,,,,1787052624.369425,gnb2,post,post,,,
2026-08-18T11:30:25.189149,2880,0x46,PUCCH,,,,,,,,,,,,,,,,,,1,-inf,"0.000,",,,,,,,,,1787052625.189149,gnb2,post,post,,,
2026-08-18T11:30:26.510583,2920,0x46,PUCCH,,,,,,,,,,,,,,,,,,1,-inf,"0.000,",,,,,,,,,1787052626.510583,gnb2,post,post,,,
2026-08-18T11:30:27.250668,2940,0x46,PUCCH,,,,,,,,,,,,,,,,,,1,-inf,"0.000,",,,,,,,,,1787052627.250668,gnb2,post,post,,,
2026-08-18T11:30:28.150689,2960,0x46,PUCCH,,,,,,,,,,,,,,,,,,1,-inf,"0.000,",,,,,,,,,1787052628.150689,gnb2,post,post,,,
2026-08-18T11:30:29.043164,2980,0x46,PUCCH,,,,,,,,,,,,,,,,,,1,-inf,"0.000,",,,,,,,,,1787052629.043164,gnb2,post,post,,,
2026-08-18T11:30:30.068459,3000,0x46,PUCCH,,,,,,,,,,,,,,,,,,1,-inf,"0.000,",,,,,,,,,1787052630.068459,gnb2,post,post,,,
2026-08-18T11:30:31.638502,3040,0x46,PUCCH,,,,,,,,,,,,,,,,,,1,-inf,"0.000,",,,,,,,,,1787052631.638502,gnb2,post,post,,,
2026-08-18T11:30:32.508293,3060,0x46,PUCCH,,,,,,,,,,,,,,,,,,1,-inf,"0.000,",,,,,,,,,1787052632.508293,gnb2,post,post,,,
2026-08-18T11:30:33.142975,3080,0x46,PUCCH,,,,,,,,,,,,,,,,,,1,-inf,"0.000,",,,,,,,,,1787052633.142975,gnb2,post,post,,,
2026-08-18T11:30:34.888869,3120,0x46,PUCCH,,,,,,,,,,,,,,,,,,1,-inf,"0.000,",,,,,,,,,1787052634.888869,gnb2,post,post,,,
2026-08-18T11:30:35.667071,3140,0x46,PUCCH,,,,,,,,,,,,,,,,,,1,-inf,"0.000,",,,,,,,,,1787052635.667071,gnb2,post,post,,,
2026-08-18T11:30:36.194755,3160,0x46,PUCCH,,,,,,,,,,,,,,,,,,1,-inf,"0.000,",,,,,,,,,1787052636.194755,gnb2,post,post,,,
2026-08-18T11:30:37.226346,3200,0x46,PUCCH,,,,,,,,,,,,,,,,,,1,-inf,"0.000,",,,,,,,,,1787052637.226346,gnb2,post,post,,,
2026-08-18T11:30:38.952661,3240,0x46,PUCCH,,,,,,,,,,,,,,,,,,1,-inf,"0.000,",,,,,,,,,1787052638.952661,gnb2,post,post,,,
2026-08-18T11:30:39.001437,3241,0x46,PUCCH,,,,,,,,,,,,,,,,,,2,111.8,"1.000,",,,,,,,,,1787052639.001437,gnb2,post,post,,,
2026-08-18T11:30:40.974420,3280,0x46,PUCCH,,,,,,,,,,,,,,,,,,1,-inf,"0.000,",,,,,,,,,1787052640.974420,gnb2,post,post,,,
2026-08-18T11:30:41.004553,3281,0x46,PUCCH,,,,,,,,,,,,,,,,,,2,111.8,"1.000,",,,,,,,,,1787052641.004553,gnb2,post,post,,,
2026-08-18T11:30:42.724441,3320,0x46,PUCCH,,,,,,,,,,,,,,,,,,1,-inf,"0.000,",,,,,,,,,1787052642.724441,gnb2,post,post,,,
2026-08-18T11:30:43.560751,3340,0x46,PUCCH,,,,,,,,,,,,,,,,,,1,-inf,"0.000,",,,,,,,,,1787052643.560751,gnb2,post,post,,,
2026-08-18T11:30:44.233089,3360,0x46,PUCCH,,,,,,,,,,,,,,,,,,1,-inf,"0.000,",,,,,,,,,1787052644.233089,gnb2,post,post,,,
2026-08-18T11:30:45.030088,3380,0x46,PUCCH,,,,,,,,,,,,,,,,,,1,-inf,"0.000,",,,,,,,,,1787052645.030088,gnb2,post,post,,,
2026-08-18T11:30:46.927719,3420,0x46,PUCCH,,,,,,,,,,,,,,,,,,1,-inf,"0.000,",,,,,,,,,1787052646.927719,gnb2,post,post,,,
2026-08-18T11:30:47.539800,3440,0x46,PUCCH,,,,,,,,,,,,,,,,,,1,-inf,"0.000,",,,,,,,,,1787052647.539800,gnb2,post,post,,,
2026-08-18T11:30:48.621706,3460,0x46,PUCCH,,,,,,,,,,,,,,,,,,1,-inf,"0.000,",,,,,,,,,1787052648.621706,gnb2,post,post,,,
2026-08-18T11:30:49.486384,3480,0x46,PUCCH,,,,,,,,,,,,,,,,,,1,-inf,"0.000,",,,,,,,,,1787052649.486384,gnb2,post,post,,,
2026-08-18T11:30:50.375390,3500,0x46,PUCCH,,,,,,,,,,,,,,,,,,1,-inf,"0.000,",,,,,,,,,1787052650.375390,gnb2,post,post,,,
2026-08-18T11:30:51.007108,3521,0x46,PUCCH,,,,,,,,,,,,,,,,,,2,111.8,"1.000,",,,,,,,,,1787052651.007108,gnb2,post,post,,,
2026-08-18T11:30:52.238790,3560,0x46,PUCCH,,,,,,,,,,,,,,,,,,1,-inf,"0.000,",,,,,,,,,1787052652.238790,gnb2,post,post,,,
2026-08-18T11:30:53.664230,3600,0x46,PUCCH,,,,,,,,,,,,,,,,,,1,-inf,"0.000,",,,,,,,,,1787052653.664230,gnb2,post,post,,,
2026-08-18T11:30:54.405418,3620,0x46,PUCCH,,,,,,,,,,,,,,,,,,1,-inf,"0.000,",,,,,,,,,1787052654.405418,gnb2,post,post,,,
2026-08-18T11:30:55.327398,3640,0x46,PUCCH,,,,,,,,,,,,,,,,,,1,-inf,"0.000,",,,,,,,,,1787052655.327398,gnb2,post,post,,,
2026-08-18T11:30:56.124075,3660,0x46,PUCCH,,,,,,,,,,,,,,,,,,1,-inf,"0.000,",,,,,,,,,1787052656.124075,gnb2,post,post,,,
2026-08-18T11:30:57.577226,3700,0x46,PUCCH,,,,,,,,,,,,,,,,,,1,-inf,"0.000,",,,,,,,,,1787052657.577226,gnb2,post,post,,,
2026-08-18T11:30:58.377432,3720,0x46,PUCCH,,,,,,,,,,,,,,,,,,1,-inf,"0.000,",,,,,,,,,1787052658.377432,gnb2,post,post,,,
2026-08-18T11:30:59.202834,3740,0x46,PUCCH,,,,,,,,,,,,,,,,,,1,-inf,"0.000,",,,,,,,,,1787052659.202834,gnb2,post,post,,,
2026-08-18T11:31:00.606945,3780,0x46,PUCCH,,,,,,,,,,,,,,,,,,1,-inf,"0.000,",,,,,,,,,1787052660.606945,gnb2,post,post,,,
2026-08-18T11:31:01.306247,3800,0x46,PUCCH,,,,,,,,,,,,,,,,,,1,-inf,"0.000,",,,,,,,,,1787052661.306247,gnb2,post,post,,,
2026-08-18T11:31:02.148582,3820,0x46,PUCCH,,,,,,,,,,,,,,,,,,1,-inf,"0.000,",,,,,,,,,1787052662.148582,gnb2,post,post,,,
2026-08-18T11:31:03.185400,3840,0x46,PUCCH,,,,,,,,,,,,,,,,,,1,-inf,"0.000,",,,,,,,,,1787052663.185400,gnb2,post,post,,,
2026-08-18T11:31:04.744740,3880,0x46,PUCCH,,,,,,,,,,,,,,,,,,1,-inf,"0.000,",,,,,,,,,1787052664.744740,gnb2,post,post,,,
2026-08-18T11:31:05.439692,3900,0x46,PUCCH,,,,,,,,,,,,,,,,,,1,-inf,"0.000,",,,,,,,,,1787052665.439692,gnb2,post,post,,,
2026-08-18T11:31:06.149303,3920,0x46,PUCCH,,,,,,,,,,,,,,,,,,1,-inf,"0.000,",,,,,,,,,1787052666.149303,gnb2,post,post,,,
2026-08-18T11:31:07.096439,3940,0x46,PUCCH,,,,,,,,,,,,,,,,,,1,-inf,"0.000,",,,,,,,,,1787052667.096439,gnb2,post,post,,,
2026-08-18T11:31:08.006295,3960,0x46,PUCCH,,,,,,,,,,,,,,,,,,1,-inf,"0.000,",,,,,,,,,1787052668.006295,gnb2,post,post,,,
2026-08-18T11:31:09.117149,4000,0x46,PUCCH,,,,,,,,,,,,,,,,,,1,-inf,"0.000,",,,,,,,,,1787052669.117149,gnb2,post,post,,,
2026-08-18T11:31:10.661979,4040,0x46,PUCCH,,,,,,,,,,,,,,,,,,1,-inf,"0.000,",,,,,,,,,1787052670.661979,gnb2,post,post,,,
2026-08-18T11:31:11.302297,4060,0x46,PUCCH,,,,,,,,,,,,,,,,,,1,-inf,"0.000,",,,,,,,,,1787052671.302297,gnb2,post,post,,,
2026-08-18T11:31:12.057935,4080,0x46,PUCCH,,,,,,,,,,,,,,,,,,1,-inf,"0.000,",,,,,,,,,1787052672.057935,gnb2,post,post,,,
2026-08-18T11:31:14.021462,4120,0x46,PUCCH,,,,,,,,,,,,,,,,,,1,-inf,"0.000,",,,,,,,,,1787052674.021462,gnb2,post,post,,,
2026-08-18T11:31:15.132407,4140,0x46,PUCCH,,,,,,,,,,,,,,,,,,1,-inf,"0.000,",,,,,,,,,1787052675.132407,gnb2,post,post,,,
2026-08-18T11:31:16.018021,4161,0x46,PUCCH,,,,,,,,,,,,,,,,,,2,111.8,"1.000,",,,,,,,,,1787052676.018021,gnb2,post,post,,,
2026-08-18T11:31:17.856967,4200,0x46,PUCCH,,,,,,,,,,,,,,,,,,1,-inf,"0.000,",,,,,,,,,1787052677.856967,gnb2,post,post,,,
2026-08-18T11:31:19.142560,4220,0x46,PUCCH,,,,,,,,,,,,,,,,,,1,-inf,"0.000,",,,,,,,,,1787052679.142560,gnb2,post,post,,,
2026-08-18T11:31:20.751445,4260,0x46,PUCCH,,,,,,,,,,,,,,,,,,1,-inf,"0.000,",,,,,,,,,1787052680.751445,gnb2,post,post,,,
2026-08-18T11:31:21.543207,4280,0x46,PUCCH,,,,,,,,,,,,,,,,,,1,-inf,"0.000,",,,,,,,,,1787052681.543207,gnb2,post,post,,,
2026-08-18T11:31:22.267154,4300,0x46,PUCCH,,,,,,,,,,,,,,,,,,1,-inf,"0.000,",,,,,,,,,1787052682.267154,gnb2,post,post,,,
2026-08-18T11:31:23.222075,4320,0x46,PUCCH,,,,,,,,,,,,,,,,,,1,-inf,"0.000,",,,,,,,,,1787052683.222075,gnb2,post,post,,,
2026-08-18T11:31:24.060600,4340,0x46,PUCCH,,,,,,,,,,,,,,,,,,1,-inf,"0.000,",,,,,,,,,1787052684.060600,gnb2,post,post,,,
2026-08-18T11:31:25.412912,4380,0x46,PUCCH,,,,,,,,,,,,,,,,,,1,-inf,"0.000,",,,,,,,,,1787052685.412912,gnb2,post,post,,,
2026-08-18T11:31:26.130670,4400,0x46,PUCCH,,,,,,,,,,,,,,,,,,1,-inf,"0.000,",,,,,,,,,1787052686.130670,gnb2,post,post,,,
2026-08-18T11:31:27.385845,4440,0x46,PUCCH,,,,,,,,,,,,,,,,,,1,-inf,"0.000,",,,,,,,,,1787052687.385845,gnb2,post,post,,,
2026-08-18T11:31:28.087785,4460,0x46,PUCCH,,,,,,,,,,,,,,,,,,1,-inf,"0.000,",,,,,,,,,1787052688.087785,gnb2,post,post,,,
2026-08-18T11:31:29.206009,4481,0x46,PUCCH,,,,,,,,,,,,,,,,,,2,111.8,"1.000,",,,,,,,,,1787052689.206009,gnb2,post,post,,,
2026-08-18T11:31:30.483499,4520,0x46,PUCCH,,,,,,,,,,,,,,,,,,1,-inf,"0.000,",,,,,,,,,1787052690.483499,gnb2,post,post,,,
2026-08-18T11:31:31.123553,4540,0x46,PUCCH,,,,,,,,,,,,,,,,,,1,-inf,"0.000,",,,,,,,,,1787052691.123553,gnb2,post,post,,,
2026-08-18T11:31:32.507367,4580,0x46,PUCCH,,,,,,,,,,,,,,,,,,1,-inf,"0.000,",,,,,,,,,1787052692.507367,gnb2,post,post,,,
2026-08-18T11:31:33.306657,4600,0x46,PUCCH,,,,,,,,,,,,,,,,,,1,-inf,"0.000,",,,,,,,,,1787052693.306657,gnb2,post,post,,,
2026-08-18T11:31:34.125428,4620,0x46,PUCCH,,,,,,,,,,,,,,,,,,1,-inf,"0.000,",,,,,,,,,1787052694.125428,gnb2,post,post,,,
2026-08-18T11:31:35.484538,4660,0x46,PUCCH,,,,,,,,,,,,,,,,,,1,-inf,"0.000,",,,,,,,,,1787052695.484538,gnb2,post,post,,,
2026-08-18T11:31:36.161284,4680,0x46,PUCCH,,,,,,,,,,,,,,,,,,1,-inf,"0.000,",,,,,,,,,1787052696.161284,gnb2,post,post,,,
2026-08-18T11:31:37.153301,4700,0x46,PUCCH,,,,,,,,,,,,,,,,,,1,-inf,"0.000,",,,,,,,,,1787052697.153301,gnb2,post,post,,,
2026-08-18T11:31:38.436117,4740,0x46,PUCCH,,,,,,,,,,,,,,,,,,1,-inf,"0.000,",,,,,,,,,1787052698.436117,gnb2,post,post,,,
2026-08-18T11:31:39.001121,4760,0x46,PUCCH,,,,,,,,,,,,,,,,,,1,-inf,"0.000,",,,,,,,,,1787052699.001121,gnb2,post,post,,,
2026-08-18T11:31:40.184672,4800,0x46,PUCCH,,,,,,,,,,,,,,,,,,1,-inf,"0.000,",,,,,,,,,1787052700.184672,gnb2,post,post,,,
2026-08-18T11:31:41.775582,4840,0x46,PUCCH,,,,,,,,,,,,,,,,,,1,-inf,"0.000,",,,,,,,,,1787052701.775582,gnb2,post,post,,,
2026-08-18T11:31:42.506404,4860,0x46,PUCCH,,,,,,,,,,,,,,,,,,1,-inf,"0.000,",,,,,,,,,1787052702.506404,gnb2,post,post,,,
2026-08-18T11:31:43.212996,4880,0x46,PUCCH,,,,,,,,,,,,,,,,,,1,-inf,"0.000,",,,,,,,,,1787052703.212996,gnb2,post,post,,,
2026-08-18T11:31:44.670412,4920,0x46,PUCCH,,,,,,,,,,,,,,,,,,1,-inf,"0.000,",,,,,,,,,1787052704.670412,gnb2,post,post,,,
2026-08-18T11:31:45.317764,4940,0x46,PUCCH,,,,,,,,,,,,,,,,,,1,-inf,"0.000,",,,,,,,,,1787052705.317764,gnb2,post,post,,,
2026-08-18T11:31:46.003608,4960,0x46,PUCCH,,,,,,,,,,,,,,,,,,1,-inf,"0.000,",,,,,,,,,1787052706.003608,gnb2,post,post,,,
2026-08-18T11:31:47.347601,5000,0x46,PUCCH,,,,,,,,,,,,,,,,,,1,-inf,"0.000,",,,,,,,,,1787052707.347601,gnb2,post,post,,,
2026-08-18T11:31:48.040015,5020,0x46,PUCCH,,,,,,,,,,,,,,,,,,1,-inf,"0.000,",,,,,,,,,1787052708.040015,gnb2,post,post,,,
2026-08-18T11:31:49.534763,5060,0x46,PUCCH,,,,,,,,,,,,,,,,,,1,-inf,"0.000,",,,,,,,,,1787052709.534763,gnb2,post,post,,,
2026-08-18T11:31:50.403986,5080,0x46,PUCCH,,,,,,,,,,,,,,,,,,1,-inf,"0.000,",,,,,,,,,1787052710.403986,gnb2,post,post,,,
2026-08-18T11:31:51.299802,5100,0x46,PUCCH,,,,,,,,,,,,,,,,,,1,-inf,"0.000,",,,,,,,,,1787052711.299802,gnb2,post,post,,,
2026-08-18T11:31:52.022819,5120,0x46,PUCCH,,,,,,,,,,,,,,,,,,1,-inf,"0.000,",,,,,,,,,1787052712.022819,gnb2,post,post,,,
2026-08-18T11:31:53.426094,5160,0x46,PUCCH,,,,,,,,,,,,,,,,,,1,-inf,"0.000,",,,,,,,,,1787052713.426094,gnb2,post,post,,,
2026-08-18T11:31:54.309152,5180,0x46,PUCCH,,,,,,,,,,,,,,,,,,1,-inf,"0.000,",,,,,,,,,1787052714.309152,gnb2,post,post,,,
2026-08-18T11:31:55.219506,5200,0x46,PUCCH,,,,,,,,,,,,,,,,,,1,-inf,"0.000,",,,,,,,,,1787052715.219506,gnb2,post,post,,,
2026-08-18T11:31:56.613240,5240,0x46,PUCCH,,,,,,,,,,,,,,,,,,1,-inf,"0.000,",,,,,,,,,1787052716.613240,gnb2,post,post,,,
2026-08-18T11:31:57.126313,5260,0x46,PUCCH,,,,,,,,,,,,,,,,,,1,-inf,"0.000,",,,,,,,,,1787052717.126313,gnb2,post,post,,,
2026-08-18T11:31:58.520806,5300,0x46,PUCCH,,,,,,,,,,,,,,,,,,1,-inf,"0.000,",,,,,,,,,1787052718.520806,gnb2,post,post,,,
2026-08-18T11:31:59.358857,5320,0x46,PUCCH,,,,,,,,,,,,,,,,,,1,-inf,"0.000,",,,,,,,,,1787052719.358857,gnb2,post,post,,,
2026-08-18T11:32:00.801632,5360,0x46,PUCCH,,,,,,,,,,,,,,,,,,1,-inf,"0.000,",,,,,,,,,1787052720.801632,gnb2,post,post,,,
2026-08-18T11:32:01.415609,5380,0x46,PUCCH,,,,,,,,,,,,,,,,,,1,-inf,"0.000,",,,,,,,,,1787052721.415609,gnb2,post,post,,,
2026-08-18T11:32:02.137314,5400,0x46,PUCCH,,,,,,,,,,,,,,,,,,1,-inf,"0.000,",,,,,,,,,1787052722.137314,gnb2,post,post,,,
2026-08-18T11:32:03.581461,5440,0x46,PUCCH,,,,,,,,,,,,,,,,,,1,-inf,"0.000,",,,,,,,,,1787052723.581461,gnb2,post,post,,,
2026-08-18T11:32:04.543484,5460,0x46,PUCCH,,,,,,,,,,,,,,,,,,1,-inf,"0.000,",,,,,,,,,1787052724.543484,gnb2,post,post,,,
2026-08-18T11:32:05.239744,5480,0x46,PUCCH,,,,,,,,,,,,,,,,,,1,-inf,"0.000,",,,,,,,,,1787052725.239744,gnb2,post,post,,,
2026-08-18T11:32:06.869459,5520,0x46,PUCCH,,,,,,,,,,,,,,,,,,1,-inf,"0.000,",,,,,,,,,1787052726.869459,gnb2,post,post,,,
2026-08-18T11:32:07.626944,5540,0x46,PUCCH,,,,,,,,,,,,,,,,,,1,-inf,"0.000,",,,,,,,,,1787052727.626944,gnb2,post,post,,,
2026-08-18T11:32:08.390036,5560,0x46,PUCCH,,,,,,,,,,,,,,,,,,1,-inf,"0.000,",,,,,,,,,1787052728.390036,gnb2,post,post,,,
2026-08-18T11:32:09.026006,5580,0x46,PUCCH,,,,,,,,,,,,,,,,,,1,-inf,"0.000,",,,,,,,,,1787052729.026006,gnb2,post,post,,,
2026-08-18T11:32:10.528443,5620,0x46,PUCCH,,,,,,,,,,,,,,,,,,1,-inf,"0.000,",,,,,,,,,1787052730.528443,gnb2,post,post,,,
2026-08-18T11:32:11.143584,5640,0x46,PUCCH,,,,,,,,,,,,,,,,,,1,-inf,"0.000,",,,,,,,,,1787052731.143584,gnb2,post,post,,,
2026-08-18T11:32:12.757857,5680,0x46,PUCCH,,,,,,,,,,,,,,,,,,1,-inf,"0.000,",,,,,,,,,1787052732.757857,gnb2,post,post,,,
2026-08-18T11:32:13.417922,5700,0x46,PUCCH,,,,,,,,,,,,,,,,,,1,-inf,"0.000,",,,,,,,,,1787052733.417922,gnb2,post,post,,,
2026-08-18T11:32:14.192412,5720,0x46,PUCCH,,,,,,,,,,,,,,,,,,1,-inf,"0.000,",,,,,,,,,1787052734.192412,gnb2,post,post,,,
2026-08-18T11:32:15.523468,5760,0x46,PUCCH,,,,,,,,,,,,,,,,,,1,-inf,"0.000,",,,,,,,,,1787052735.523468,gnb2,post,post,,,
2026-08-18T11:32:16.474732,5780,0x46,PUCCH,,,,,,,,,,,,,,,,,,1,-inf,"0.000,",,,,,,,,,1787052736.474732,gnb2,post,post,,,
2026-08-18T11:32:17.363581,5800,0x46,PUCCH,,,,,,,,,,,,,,,,,,1,-inf,"0.000,",,,,,,,,,1787052737.363581,gnb2,post,post,,,
2026-08-18T11:32:18.153347,5820,0x46,PUCCH,,,,,,,,,,,,,,,,,,1,-inf,"0.000,",,,,,,,,,1787052738.153347,gnb2,post,post,,,
2026-08-18T11:32:19.447112,5860,0x46,PUCCH,,,,,,,,,,,,,,,,,,1,-inf,"0.000,",,,,,,,,,1787052739.447112,gnb2,post,post,,,
2026-08-18T11:32:20.180936,5880,0x46,PUCCH,,,,,,,,,,,,,,,,,,1,-inf,"0.000,",,,,,,,,,1787052740.180936,gnb2,post,post,,,
2026-08-18T11:32:21.357870,5920,0x46,PUCCH,,,,,,,,,,,,,,,,,,1,-inf,"0.000,",,,,,,,,,1787052741.357870,gnb2,post,post,,,
2026-08-18T11:32:22.412898,5960,0x46,PUCCH,,,,,,,,,,,,,,,,,,1,-inf,"0.000,",,,,,,,,,1787052742.412898,gnb2,post,post,,,
2026-08-18T11:32:23.162091,5980,0x46,PUCCH,,,,,,,,,,,,,,,,,,1,-inf,"0.000,",,,,,,,,,1787052743.162091,gnb2,post,post,,,
2026-08-18T11:32:24.460453,6020,0x46,PUCCH,,,,,,,,,,,,,,,,,,1,-inf,"0.000,",,,,,,,,,1787052744.460453,gnb2,post,post,,,
2026-08-18T11:32:25.309621,6040,0x46,PUCCH,,,,,,,,,,,,,,,,,,1,-inf,"0.000,",,,,,,,,,1787052745.309621,gnb2,post,post,,,
2026-08-18T11:32:26.201907,6060,0x46,PUCCH,,,,,,,,,,,,,,,,,,1,-inf,"0.000,",,,,,,,,,1787052746.201907,gnb2,post,post,,,
2026-08-18T11:32:27.121729,6080,0x46,PUCCH,,,,,,,,,,,,,,,,,,1,-inf,"0.000,",,,,,,,,,1787052747.121729,gnb2,post,post,,,
2026-08-18T11:32:28.660353,6120,0x46,PUCCH,,,,,,,,,,,,,,,,,,1,-inf,"0.000,",,,,,,,,,1787052748.660353,gnb2,post,post,,,
2026-08-18T11:32:29.403490,6140,0x46,PUCCH,,,,,,,,,,,,,,,,,,1,-inf,"0.000,",,,,,,,,,1787052749.403490,gnb2,post,post,,,
2026-08-18T11:32:30.104029,6160,0x46,PUCCH,,,,,,,,,,,,,,,,,,1,-inf,"0.000,",,,,,,,,,1787052750.104029,gnb2,post,post,,,
2026-08-18T11:32:31.111840,6180,0x46,PUCCH,,,,,,,,,,,,,,,,,,1,-inf,"0.000,",,,,,,,,,1787052751.111840,gnb2,post,post,,,
2026-08-18T11:32:32.142838,6200,0x46,PUCCH,,,,,,,,,,,,,,,,,,1,-inf,"0.000,",,,,,,,,,1787052752.142838,gnb2,post,post,,,
2026-08-18T11:32:33.079828,6220,0x46,PUCCH,,,,,,,,,,,,,,,,,,1,-inf,"0.000,",,,,,,,,,1787052753.079828,gnb2,post,post,,,
2026-08-18T11:32:34.457754,6260,0x46,PUCCH,,,,,,,,,,,,,,,,,,1,-inf,"0.000,",,,,,,,,,1787052754.457754,gnb2,post,post,,,
2026-08-18T11:32:35.195867,6280,0x46,PUCCH,,,,,,,,,,,,,,,,,,1,-inf,"0.000,",,,,,,,,,1787052755.195867,gnb2,post,post,,,
2026-08-18T11:32:36.643816,6320,0x46,PUCCH,,,,,,,,,,,,,,,,,,1,-inf,"0.000,",,,,,,,,,1787052756.643816,gnb2,post,post,,,
2026-08-18T11:32:37.325684,6340,0x46,PUCCH,,,,,,,,,,,,,,,,,,1,-inf,"0.000,",,,,,,,,,1787052757.325684,gnb2,post,post,,,
2026-08-18T11:32:38.153584,6360,0x46,PUCCH,,,,,,,,,,,,,,,,,,1,-inf,"0.000,",,,,,,,,,1787052758.153584,gnb2,post,post,,,
2026-08-18T11:32:39.096367,6380,0x46,PUCCH,,,,,,,,,,,,,,,,,,1,-inf,"0.000,",,,,,,,,,1787052759.096367,gnb2,post,post,,,
2026-08-18T11:32:40.754125,6420,0x46,PUCCH,,,,,,,,,,,,,,,,,,1,-inf,"0.000,",,,,,,,,,1787052760.754125,gnb2,post,post,,,
2026-08-18T11:32:41.340581,6440,0x46,PUCCH,,,,,,,,,,,,,,,,,,1,-inf,"0.000,",,,,,,,,,1787052761.340581,gnb2,post,post,,,
2026-08-18T11:32:42.062824,6460,0x46,PUCCH,,,,,,,,,,,,,,,,,,1,-inf,"0.000,",,,,,,,,,1787052762.062824,gnb2,post,post,,,
2026-08-18T11:32:43.431514,6500,0x46,PUCCH,,,,,,,,,,,,,,,,,,1,-inf,"0.000,",,,,,,,,,1787052763.431514,gnb2,post,post,,,
2026-08-18T11:32:44.512080,6540,0x46,PUCCH,,,,,,,,,,,,,,,,,,1,-inf,"0.000,",,,,,,,,,1787052764.512080,gnb2,post,post,,,
2026-08-18T11:32:45.286301,6560,0x46,PUCCH,,,,,,,,,,,,,,,,,,1,-inf,"0.000,",,,,,,,,,1787052765.286301,gnb2,post,post,,,
2026-08-18T11:32:46.038062,6580,0x46,PUCCH,,,,,,,,,,,,,,,,,,1,-inf,"0.000,",,,,,,,,,1787052766.038062,gnb2,post,post,,,
2026-08-18T11:32:47.576993,6620,0x46,PUCCH,,,,,,,,,,,,,,,,,,1,-inf,"0.000,",,,,,,,,,1787052767.576993,gnb2,post,post,,,
2026-08-18T11:32:48.226657,6640,0x46,PUCCH,,,,,,,,,,,,,,,,,,1,-inf,"0.000,",,,,,,,,,1787052768.226657,gnb2,post,post,,,
2026-08-18T11:32:49.424893,6680,0x46,PUCCH,,,,,,,,,,,,,,,,,,1,-inf,"0.000,",,,,,,,,,1787052769.424893,gnb2,post,post,,,
2026-08-18T11:32:50.008256,6700,0x46,PUCCH,,,,,,,,,,,,,,,,,,1,-inf,"0.000,",,,,,,,,,1787052770.008256,gnb2,post,post,,,
2026-08-18T11:32:51.344916,6740,0x46,PUCCH,,,,,,,,,,,,,,,,,,1,-inf,"0.000,",,,,,,,,,1787052771.344916,gnb2,post,post,,,
2026-08-18T11:32:52.732968,6780,0x46,PUCCH,,,,,,,,,,,,,,,,,,1,-inf,"0.000,",,,,,,,,,1787052772.732968,gnb2,post,post,,,
2026-08-18T11:32:53.459861,6800,0x46,PUCCH,,,,,,,,,,,,,,,,,,1,-inf,"0.000,",,,,,,,,,1787052773.459861,gnb2,post,post,,,
2026-08-18T11:32:54.048829,6820,0x46,PUCCH,,,,,,,,,,,,,,,,,,1,-inf,"0.000,",,,,,,,,,1787052774.048829,gnb2,post,post,,,
2026-08-18T11:32:55.497114,6860,0x46,PUCCH,,,,,,,,,,,,,,,,,,1,-inf,"0.000,",,,,,,,,,1787052775.497114,gnb2,post,post,,,
2026-08-18T11:32:56.073600,6880,0x46,PUCCH,,,,,,,,,,,,,,,,,,1,-inf,"0.000,",,,,,,,,,1787052776.073600,gnb2,post,post,,,
2026-08-18T11:32:57.280724,6920,0x46,PUCCH,,,,,,,,,,,,,,,,,,1,-inf,"0.000,",,,,,,,,,1787052777.280724,gnb2,post,post,,,
2026-08-18T11:32:58.625257,6960,0x46,PUCCH,,,,,,,,,,,,,,,,,,1,-inf,"0.000,",,,,,,,,,1787052778.625257,gnb2,post,post,,,
2026-08-18T11:32:59.224660,6980,0x46,PUCCH,,,,,,,,,,,,,,,,,,1,-inf,"0.000,",,,,,,,,,1787052779.224660,gnb2,post,post,,,
2026-08-18T11:33:00.021182,7001,0x46,PUCCH,,,,,,,,,,,,,,,,,,2,111.8,"1.000,",,,,,,,,,1787052780.021182,gnb2,post,post,,,
2026-08-18T11:33:01.749323,7040,0x46,PUCCH,,,,,,,,,,,,,,,,,,1,-inf,"0.000,",,,,,,,,,1787052781.749323,gnb2,post,post,,,
2026-08-18T11:33:02.866513,7060,0x46,PUCCH,,,,,,,,,,,,,,,,,,1,-inf,"0.000,",,,,,,,,,1787052782.866513,gnb2,post,post,,,
2026-08-18T11:33:03.893490,7080,0x46,PUCCH,,,,,,,,,,,,,,,,,,1,-inf,"0.000,",,,,,,,,,1787052783.893490,gnb2,post,post,,,
2026-08-18T11:33:04.615398,7100,0x46,PUCCH,,,,,,,,,,,,,,,,,,1,-inf,"0.000,",,,,,,,,,1787052784.615398,gnb2,post,post,,,
2026-08-18T11:33:05.335355,7120,0x46,PUCCH,,,,,,,,,,,,,,,,,,1,-inf,"0.000,",,,,,,,,,1787052785.335355,gnb2,post,post,,,
2026-08-18T11:33:06.145768,7140,0x46,PUCCH,,,,,,,,,,,,,,,,,,1,-inf,"0.000,",,,,,,,,,1787052786.145768,gnb2,post,post,,,
2026-08-18T11:33:07.613264,7180,0x46,PUCCH,,,,,,,,,,,,,,,,,,1,-inf,"0.000,",,,,,,,,,1787052787.613264,gnb2,post,post,,,
2026-08-18T11:33:08.252303,7200,0x46,PUCCH,,,,,,,,,,,,,,,,,,1,-inf,"0.000,",,,,,,,,,1787052788.252303,gnb2,post,post,,,
2026-08-18T11:33:09.634346,7240,0x46,PUCCH,,,,,,,,,,,,,,,,,,1,-inf,"0.000,",,,,,,,,,1787052789.634346,gnb2,post,post,,,
2026-08-18T11:33:10.391358,7260,0x46,PUCCH,,,,,,,,,,,,,,,,,,1,-inf,"0.000,",,,,,,,,,1787052790.391358,gnb2,post,post,,,
2026-08-18T11:33:11.060116,7280,0x46,PUCCH,,,,,,,,,,,,,,,,,,1,-inf,"0.000,",,,,,,,,,1787052791.060116,gnb2,post,post,,,
2026-08-18T11:33:12.476100,7320,0x46,PUCCH,,,,,,,,,,,,,,,,,,1,-inf,"0.000,",,,,,,,,,1787052792.476100,gnb2,post,post,,,
2026-08-18T11:33:13.130598,7340,0x46,PUCCH,,,,,,,,,,,,,,,,,,1,-inf,"0.000,",,,,,,,,,1787052793.130598,gnb2,post,post,,,
2026-08-18T11:33:14.552439,7380,0x46,PUCCH,,,,,,,,,,,,,,,,,,1,-inf,"0.000,",,,,,,,,,1787052794.552439,gnb2,post,post,,,
2026-08-18T11:33:15.356512,7400,0x46,PUCCH,,,,,,,,,,,,,,,,,,1,-inf,"0.000,",,,,,,,,,1787052795.356512,gnb2,post,post,,,
2026-08-18T11:33:16.171030,7420,0x46,PUCCH,,,,,,,,,,,,,,,,,,1,-inf,"0.000,",,,,,,,,,1787052796.171030,gnb2,post,post,,,
2026-08-18T11:33:17.638692,7460,0x46,PUCCH,,,,,,,,,,,,,,,,,,1,-inf,"0.000,",,,,,,,,,1787052797.638692,gnb2,post,post,,,
2026-08-18T11:33:18.456831,7480,0x46,PUCCH,,,,,,,,,,,,,,,,,,1,-inf,"0.000,",,,,,,,,,1787052798.456831,gnb2,post,post,,,
2026-08-18T11:33:19.116529,7500,0x46,PUCCH,,,,,,,,,,,,,,,,,,1,-inf,"0.000,",,,,,,,,,1787052799.116529,gnb2,post,post,,,
2026-08-18T11:33:20.443241,7540,0x46,PUCCH,,,,,,,,,,,,,,,,,,1,-inf,"0.000,",,,,,,,,,1787052800.443241,gnb2,post,post,,,
2026-08-18T11:33:21.012006,7560,0x46,PUCCH,,,,,,,,,,,,,,,,,,1,-inf,"0.000,",,,,,,,,,1787052801.012006,gnb2,post,post,,,
2026-08-18T11:33:22.381638,7600,0x46,PUCCH,,,,,,,,,,,,,,,,,,1,-inf,"0.000,",,,,,,,,,1787052802.381638,gnb2,post,post,,,
2026-08-18T11:33:23.255494,7620,0x46,PUCCH,,,,,,,,,,,,,,,,,,1,-inf,"0.000,",,,,,,,,,1787052803.255494,gnb2,post,post,,,
2026-08-18T11:33:24.097551,7640,0x46,PUCCH,,,,,,,,,,,,,,,,,,1,-inf,"0.000,",,,,,,,,,1787052804.097551,gnb2,post,post,,,
2026-08-18T11:33:25.022867,7660,0x46,PUCCH,,,,,,,,,,,,,,,,,,1,-inf,"0.000,",,,,,,,,,1787052805.022867,gnb2,post,post,,,
2026-08-18T11:33:26.603150,7700,0x46,PUCCH,,,,,,,,,,,,,,,,,,1,-inf,"0.000,",,,,,,,,,1787052806.603150,gnb2,post,post,,,
2026-08-18T11:33:27.302529,7720,0x46,PUCCH,,,,,,,,,,,,,,,,,,1,-inf,"0.000,",,,,,,,,,1787052807.302529,gnb2,post,post,,,
2026-08-18T11:33:28.690003,7760,0x46,PUCCH,,,,,,,,,,,,,,,,,,1,-inf,"0.000,",,,,,,,,,1787052808.690003,gnb2,post,post,,,
2026-08-18T11:33:29.298978,7780,0x46,PUCCH,,,,,,,,,,,,,,,,,,1,-inf,"0.000,",,,,,,,,,1787052809.298978,gnb2,post,post,,,
2026-08-18T11:33:30.035425,7800,0x46,PUCCH,,,,,,,,,,,,,,,,,,1,-inf,"0.000,",,,,,,,,,1787052810.035425,gnb2,post,post,,,
2026-08-18T11:33:31.548528,7840,0x46,PUCCH,,,,,,,,,,,,,,,,,,1,-inf,"0.000,",,,,,,,,,1787052811.548528,gnb2,post,post,,,
2026-08-18T11:33:32.274726,7860,0x46,PUCCH,,,,,,,,,,,,,,,,,,1,-inf,"0.000,",,,,,,,,,1787052812.274726,gnb2,post,post,,,
2026-08-18T11:33:33.010959,7880,0x46,PUCCH,,,,,,,,,,,,,,,,,,1,-inf,"0.000,",,,,,,,,,1787052813.010959,gnb2,post,post,,,
2026-08-18T11:33:34.352297,7920,0x46,PUCCH,,,,,,,,,,,,,,,,,,1,-inf,"0.000,",,,,,,,,,1787052814.352297,gnb2,post,post,,,
2026-08-18T11:33:35.145773,7940,0x46,PUCCH,,,,,,,,,,,,,,,,,,1,-inf,"0.000,",,,,,,,,,1787052815.145773,gnb2,post,post,,,
2026-08-18T11:33:36.386022,7980,0x46,PUCCH,,,,,,,,,,,,,,,,,,1,-inf,"0.000,",,,,,,,,,1787052816.386022,gnb2,post,post,,,
2026-08-18T11:33:37.373731,8000,0x46,PUCCH,,,,,,,,,,,,,,,,,,1,-inf,"0.000,",,,,,,,,,1787052817.373731,gnb2,post,post,,,
2026-08-18T11:33:38.126083,8020,0x46,PUCCH,,,,,,,,,,,,,,,,,,1,-inf,"0.000,",,,,,,,,,1787052818.126083,gnb2,post,post,,,
2026-08-18T11:33:39.311456,8060,0x46,PUCCH,,,,,,,,,,,,,,,,,,1,-inf,"0.000,",,,,,,,,,1787052819.311456,gnb2,post,post,,,
2026-08-18T11:33:40.824452,8100,0x46,PUCCH,,,,,,,,,,,,,,,,,,1,-inf,"0.000,",,,,,,,,,1787052820.824452,gnb2,post,post,,,
2026-08-18T11:33:41.592559,8120,0x46,PUCCH,,,,,,,,,,,,,,,,,,1,-inf,"0.000,",,,,,,,,,1787052821.592559,gnb2,post,post,,,
2026-08-18T11:33:42.232921,8140,0x46,PUCCH,,,,,,,,,,,,,,,,,,1,-inf,"0.000,",,,,,,,,,1787052822.232921,gnb2,post,post,,,
2026-08-18T11:33:43.667156,8180,0x46,PUCCH,,,,,,,,,,,,,,,,,,1,-inf,"0.000,",,,,,,,,,1787052823.667156,gnb2,post,post,,,
2026-08-18T11:33:44.446158,8200,0x46,PUCCH,,,,,,,,,,,,,,,,,,1,-inf,"0.000,",,,,,,,,,1787052824.446158,gnb2,post,post,,,
2026-08-18T11:33:45.112077,8220,0x46,PUCCH,,,,,,,,,,,,,,,,,,1,-inf,"0.000,",,,,,,,,,1787052825.112077,gnb2,post,post,,,
2026-08-18T11:33:46.447785,8260,0x46,PUCCH,,,,,,,,,,,,,,,,,,1,-inf,"0.000,",,,,,,,,,1787052826.447785,gnb2,post,post,,,
2026-08-18T11:33:47.101290,8280,0x46,PUCCH,,,,,,,,,,,,,,,,,,1,-inf,"0.000,",,,,,,,,,1787052827.101290,gnb2,post,post,,,
2026-08-18T11:33:48.528258,8320,0x46,PUCCH,,,,,,,,,,,,,,,,,,1,-inf,"0.000,",,,,,,,,,1787052828.528258,gnb2,post,post,,,
2026-08-18T11:33:49.282379,8340,0x46,PUCCH,,,,,,,,,,,,,,,,,,1,-inf,"0.000,",,,,,,,,,1787052829.282379,gnb2,post,post,,,
2026-08-18T11:33:50.043676,8360,0x46,PUCCH,,,,,,,,,,,,,,,,,,1,-inf,"0.000,",,,,,,,,,1787052830.043676,gnb2,post,post,,,
2026-08-18T11:33:51.325969,8400,0x46,PUCCH,,,,,,,,,,,,,,,,,,1,-inf,"0.000,",,,,,,,,,1787052831.325969,gnb2,post,post,,,
2026-08-18T11:33:52.145803,8420,0x46,PUCCH,,,,,,,,,,,,,,,,,,1,-inf,"0.000,",,,,,,,,,1787052832.145803,gnb2,post,post,,,
2026-08-18T11:33:53.432091,8460,0x46,PUCCH,,,,,,,,,,,,,,,,,,1,-inf,"0.000,",,,,,,,,,1787052833.432091,gnb2,post,post,,,
2026-08-18T11:33:54.178558,8480,0x46,PUCCH,,,,,,,,,,,,,,,,,,1,-inf,"0.000,",,,,,,,,,1787052834.178558,gnb2,post,post,,,
2026-08-18T11:33:55.421604,8520,0x46,PUCCH,,,,,,,,,,,,,,,,,,1,-inf,"0.000,",,,,,,,,,1787052835.421604,gnb2,post,post,,,
2026-08-18T11:33:56.073947,8540,0x46,PUCCH,,,,,,,,,,,,,,,,,,1,-inf,"0.000,",,,,,,,,,1787052836.073947,gnb2,post,post,,,
2026-08-18T11:33:57.545848,8580,0x46,PUCCH,,,,,,,,,,,,,,,,,,1,-inf,"0.000,",,,,,,,,,1787052837.545848,gnb2,post,post,,,
2026-08-18T11:33:58.601844,8600,0x46,PUCCH,,,,,,,,,,,,,,,,,,1,-inf,"0.000,",,,,,,,,,1787052838.601844,gnb2,post,post,,,
2026-08-18T11:33:59.473827,8620,0x46,PUCCH,,,,,,,,,,,,,,,,,,1,-inf,"0.000,",,,,,,,,,1787052839.473827,gnb2,post,post,,,
2026-08-18T11:34:00.327592,8640,0x46,PUCCH,,,,,,,,,,,,,,,,,,1,-inf,"0.000,",,,,,,,,,1787052840.327592,gnb2,post,post,,,
2026-08-18T11:34:01.148334,8660,0x46,PUCCH,,,,,,,,,,,,,,,,,,1,-inf,"0.000,",,,,,,,,,1787052841.148334,gnb2,post,post,,,
2026-08-18T11:34:02.688870,8700,0x46,PUCCH,,,,,,,,,,,,,,,,,,1,-inf,"0.000,",,,,,,,,,1787052842.688870,gnb2,post,post,,,
2026-08-18T11:34:03.237777,8720,0x46,PUCCH,,,,,,,,,,,,,,,,,,1,-inf,"0.000,",,,,,,,,,1787052843.237777,gnb2,post,post,,,
2026-08-18T11:34:04.829915,8760,0x46,PUCCH,,,,,,,,,,,,,,,,,,1,-inf,"0.000,",,,,,,,,,1787052844.829915,gnb2,post,post,,,
2026-08-18T11:34:05.483981,8780,0x46,PUCCH,,,,,,,,,,,,,,,,,,1,-inf,"0.000,",,,,,,,,,1787052845.483981,gnb2,post,post,,,
2026-08-18T11:34:06.103934,8800,0x46,PUCCH,,,,,,,,,,,,,,,,,,1,-inf,"0.000,",,,,,,,,,1787052846.103934,gnb2,post,post,,,
2026-08-18T11:34:07.697730,8840,0x46,PUCCH,,,,,,,,,,,,,,,,,,1,-inf,"0.000,",,,,,,,,,1787052847.697730,gnb2,post,post,,,
2026-08-18T11:34:08.538242,8860,0x46,PUCCH,,,,,,,,,,,,,,,,,,1,-inf,"0.000,",,,,,,,,,1787052848.538242,gnb2,post,post,,,
2026-08-18T11:34:09.229051,8880,0x46,PUCCH,,,,,,,,,,,,,,,,,,1,-inf,"0.000,",,,,,,,,,1787052849.229051,gnb2,post,post,,,
2026-08-18T11:34:10.758702,8920,0x46,PUCCH,,,,,,,,,,,,,,,,,,1,-inf,"0.000,",,,,,,,,,1787052850.758702,gnb2,post,post,,,
2026-08-18T11:34:11.391293,8940,0x46,PUCCH,,,,,,,,,,,,,,,,,,1,-inf,"0.000,",,,,,,,,,1787052851.391293,gnb2,post,post,,,
2026-08-18T11:34:12.413473,8960,0x46,PUCCH,,,,,,,,,,,,,,,,,,1,-inf,"0.000,",,,,,,,,,1787052852.413473,gnb2,post,post,,,
2026-08-18T11:34:13.148795,8980,0x46,PUCCH,,,,,,,,,,,,,,,,,,1,-inf,"0.000,",,,,,,,,,1787052853.148795,gnb2,post,post,,,
2026-08-18T11:34:14.025909,9001,0x46,PUCCH,,,,,,,,,,,,,,,,,,2,111.8,"1.000,",,,,,,,,,1787052854.025909,gnb2,post,post,,,
2026-08-18T11:34:15.479025,9040,0x46,PUCCH,,,,,,,,,,,,,,,,,,1,-inf,"0.000,",,,,,,,,,1787052855.479025,gnb2,post,post,,,
2026-08-18T11:34:16.022898,9060,0x46,PUCCH,,,,,,,,,,,,,,,,,,1,-inf,"0.000,",,,,,,,,,1787052856.022898,gnb2,post,post,,,
2026-08-18T11:34:17.401039,9100,0x46,PUCCH,,,,,,,,,,,,,,,,,,1,-inf,"0.000,",,,,,,,,,1787052857.401039,gnb2,post,post,,,
2026-08-18T11:34:18.100819,9120,0x46,PUCCH,,,,,,,,,,,,,,,,,,1,-inf,"0.000,",,,,,,,,,1787052858.100819,gnb2,post,post,,,
2026-08-18T11:34:19.368832,9160,0x46,PUCCH,,,,,,,,,,,,,,,,,,1,-inf,"0.000,",,,,,,,,,1787052859.368832,gnb2,post,post,,,
2026-08-18T11:34:20.049571,9180,0x46,PUCCH,,,,,,,,,,,,,,,,,,1,-inf,"0.000,",,,,,,,,,1787052860.049571,gnb2,post,post,,,
2026-08-18T11:34:21.754766,9220,0x46,PUCCH,,,,,,,,,,,,,,,,,,1,-inf,"0.000,",,,,,,,,,1787052861.754766,gnb2,post,post,,,
2026-08-18T11:34:22.578452,9240,0x46,PUCCH,,,,,,,,,,,,,,,,,,1,-inf,"0.000,",,,,,,,,,1787052862.578452,gnb2,post,post,,,
2026-08-18T11:34:23.437561,9260,0x46,PUCCH,,,,,,,,,,,,,,,,,,1,-inf,"0.000,",,,,,,,,,1787052863.437561,gnb2,post,post,,,
2026-08-18T11:34:24.485560,9280,0x46,PUCCH,,,,,,,,,,,,,,,,,,1,-inf,"0.000,",,,,,,,,,1787052864.485560,gnb2,post,post,,,
2026-08-18T11:34:25.248632,9300,0x46,PUCCH,,,,,,,,,,,,,,,,,,1,-inf,"0.000,",,,,,,,,,1787052865.248632,gnb2,post,post,,,
2026-08-18T11:34:26.560149,9340,0x46,PUCCH,,,,,,,,,,,,,,,,,,1,-inf,"0.000,",,,,,,,,,1787052866.560149,gnb2,post,post,,,
2026-08-18T11:34:27.144879,9360,0x46,PUCCH,,,,,,,,,,,,,,,,,,1,-inf,"0.000,",,,,,,,,,1787052867.144879,gnb2,post,post,,,
2026-08-18T11:34:28.358889,9400,0x46,PUCCH,,,,,,,,,,,,,,,,,,1,-inf,"0.000,",,,,,,,,,1787052868.358889,gnb2,post,post,,,
2026-08-18T11:34:29.035218,9420,0x46,PUCCH,,,,,,,,,,,,,,,,,,1,-inf,"0.000,",,,,,,,,,1787052869.035218,gnb2,post,post,,,
2026-08-18T11:34:30.220815,9460,0x46,PUCCH,,,,,,,,,,,,,,,,,,1,-inf,"0.000,",,,,,,,,,1787052870.220815,gnb2,post,post,,,
2026-08-18T11:34:31.218269,9500,0x46,PUCCH,,,,,,,,,,,,,,,,,,1,-inf,"0.000,",,,,,,,,,1787052871.218269,gnb2,post,post,,,
2026-08-18T11:34:32.419814,9540,0x46,PUCCH,,,,,,,,,,,,,,,,,,1,-inf,"0.000,",,,,,,,,,1787052872.419814,gnb2,post,post,,,
2026-08-18T11:34:33.300231,9560,0x46,PUCCH,,,,,,,,,,,,,,,,,,1,-inf,"0.000,",,,,,,,,,1787052873.300231,gnb2,post,post,,,
2026-08-18T11:34:34.633668,9600,0x46,PUCCH,,,,,,,,,,,,,,,,,,1,-inf,"0.000,",,,,,,,,,1787052874.633668,gnb2,post,post,,,
2026-08-18T11:34:35.217098,9620,0x46,PUCCH,,,,,,,,,,,,,,,,,,1,-inf,"0.000,",,,,,,,,,1787052875.217098,gnb2,post,post,,,
2026-08-18T11:34:36.763375,9660,0x46,PUCCH,,,,,,,,,,,,,,,,,,1,-inf,"0.000,",,,,,,,,,1787052876.763375,gnb2,post,post,,,
2026-08-18T11:34:37.784261,9680,0x46,PUCCH,,,,,,,,,,,,,,,,,,1,-inf,"0.000,",,,,,,,,,1787052877.784261,gnb2,post,post,,,
2026-08-18T11:34:38.439287,9700,0x46,PUCCH,,,,,,,,,,,,,,,,,,1,-inf,"0.000,",,,,,,,,,1787052878.439287,gnb2,post,post,,,
2026-08-18T11:34:39.132179,9720,0x46,PUCCH,,,,,,,,,,,,,,,,,,1,-inf,"0.000,",,,,,,,,,1787052879.132179,gnb2,post,post,,,
2026-08-18T11:34:40.063343,9740,0x46,PUCCH,,,,,,,,,,,,,,,,,,1,-inf,"0.000,",,,,,,,,,1787052880.063343,gnb2,post,post,,,
2026-08-18T11:34:41.600990,9780,0x46,PUCCH,,,,,,,,,,,,,,,,,,1,-inf,"0.000,",,,,,,,,,1787052881.600990,gnb2,post,post,,,
2026-08-18T11:34:42.410134,9800,0x46,PUCCH,,,,,,,,,,,,,,,,,,1,-inf,"0.000,",,,,,,,,,1787052882.410134,gnb2,post,post,,,
2026-08-18T11:34:43.399425,9820,0x46,PUCCH,,,,,,,,,,,,,,,,,,1,-inf,"0.000,",,,,,,,,,1787052883.399425,gnb2,post,post,,,
2026-08-18T11:34:44.462599,9840,0x46,PUCCH,,,,,,,,,,,,,,,,,,1,-inf,"0.000,",,,,,,,,,1787052884.462599,gnb2,post,post,,,
2026-08-18T11:34:45.318504,9860,0x46,PUCCH,,,,,,,,,,,,,,,,,,1,-inf,"0.000,",,,,,,,,,1787052885.318504,gnb2,post,post,,,
2026-08-18T11:34:46.366389,9900,0x46,PUCCH,,,,,,,,,,,,,,,,,,1,-inf,"0.000,",,,,,,,,,1787052886.366389,gnb2,post,post,,,
2026-08-18T11:34:47.409777,9940,0x46,PUCCH,,,,,,,,,,,,,,,,,,1,-inf,"0.000,",,,,,,,,,1787052887.409777,gnb2,post,post,,,
2026-08-18T11:34:48.292099,9960,0x46,PUCCH,,,,,,,,,,,,,,,,,,1,-inf,"0.000,",,,,,,,,,1787052888.292099,gnb2,post,post,,,
2026-08-18T11:34:49.092597,9980,0x46,PUCCH,,,,,,,,,,,,,,,,,,1,-inf,"0.000,",,,,,,,,,1787052889.092597,gnb2,post,post,,,
2026-08-18T11:34:50.814033,10020,0x46,PUCCH,,,,,,,,,,,,,,,,,,1,-inf,"0.000,",,,,,,,,,1787052890.814033,gnb2,post,post,,,
2026-08-18T11:34:51.713944,10040,0x46,PUCCH,,,,,,,,,,,,,,,,,,1,-inf,"0.000,",,,,,,,,,1787052891.713944,gnb2,post,post,,,
2026-08-18T11:34:52.566057,10060,0x46,PUCCH,,,,,,,,,,,,,,,,,,1,-inf,"0.000,",,,,,,,,,1787052892.566057,gnb2,post,post,,,
2026-08-18T11:34:53.749002,10080,0x46,PUCCH,,,,,,,,,,,,,,,,,,1,-inf,"0.000,",,,,,,,,,1787052893.749002,gnb2,post,post,,,
2026-08-18T11:34:54.600086,10100,0x46,PUCCH,,,,,,,,,,,,,,,,,,1,-inf,"0.000,",,,,,,,,,1787052894.600086,gnb2,post,post,,,
2026-08-18T11:34:55.269041,10120,0x46,PUCCH,,,,,,,,,,,,,,,,,,1,-inf,"0.000,",,,,,,,,,1787052895.269041,gnb2,post,post,,,
2026-08-18T11:34:56.055237,10140,0x46,PUCCH,,,,,,,,,,,,,,,,,,1,-inf,"0.000,",,,,,,,,,1787052896.055237,gnb2,post,post,,,
2026-08-18T11:34:57.446404,10180,0x46,PUCCH,,,,,,,,,,,,,,,,,,1,-inf,"0.000,",,,,,,,,,1787052897.446404,gnb2,post,post,,,
2026-08-18T11:34:58.419671,10200,0x46,PUCCH,,,,,,,,,,,,,,,,,,1,-inf,"0.000,",,,,,,,,,1787052898.419671,gnb2,post,post,,,
2026-08-18T11:34:59.138961,10220,0x46,PUCCH,,,,,,,,,,,,,,,,,,1,-inf,"0.000,",,,,,,,,,1787052899.138961,gnb2,post,post,,,
2026-08-18T11:35:00.676499,20,0x46,PUCCH,,,,,,,,,,,,,,,,,,1,-inf,"0.000,",,,,,,,,,1787052900.676499,gnb2,post,post,,,
2026-08-18T11:35:01.625937,40,0x46,PUCCH,,,,,,,,,,,,,,,,,,1,-inf,"0.000,",,,,,,,,,1787052901.625937,gnb2,post,post,,,
2026-08-18T11:35:02.236697,60,0x46,PUCCH,,,,,,,,,,,,,,,,,,1,-inf,"0.000,",,,,,,,,,1787052902.236697,gnb2,post,post,,,
2026-08-18T11:35:03.072948,80,0x46,PUCCH,,,,,,,,,,,,,,,,,,1,-inf,"0.000,",,,,,,,,,1787052903.072948,gnb2,post,post,,,
2026-08-18T11:35:04.446364,120,0x46,PUCCH,,,,,,,,,,,,,,,,,,1,-inf,"0.000,",,,,,,,,,1787052904.446364,gnb2,post,post,,,
2026-08-18T11:35:05.157445,140,0x46,PUCCH,,,,,,,,,,,,,,,,,,1,-inf,"0.000,",,,,,,,,,1787052905.157445,gnb2,post,post,,,
2026-08-18T11:35:06.504324,180,0x46,PUCCH,,,,,,,,,,,,,,,,,,1,-inf,"0.000,",,,,,,,,,1787052906.504324,gnb2,post,post,,,
2026-08-18T11:35:07.311086,200,0x46,PUCCH,,,,,,,,,,,,,,,,,,1,-inf,"0.000,",,,,,,,,,1787052907.311086,gnb2,post,post,,,
2026-08-18T11:35:08.005329,220,0x46,PUCCH,,,,,,,,,,,,,,,,,,1,-inf,"0.000,",,,,,,,,,1787052908.005329,gnb2,post,post,,,
2026-08-18T11:35:09.307543,260,0x46,PUCCH,,,,,,,,,,,,,,,,,,1,-inf,"0.000,",,,,,,,,,1787052909.307543,gnb2,post,post,,,
2026-08-18T11:35:10.000453,280,0x46,PUCCH,,,,,,,,,,,,,,,,,,1,-inf,"0.000,",,,,,,,,,1787052910.000453,gnb2,post,post,,,
2026-08-18T11:35:11.399419,320,0x46,PUCCH,,,,,,,,,,,,,,,,,,1,-inf,"0.000,",,,,,,,,,1787052911.399419,gnb2,post,post,,,
2026-08-18T11:35:12.055144,340,0x46,PUCCH,,,,,,,,,,,,,,,,,,1,-inf,"0.000,",,,,,,,,,1787052912.055144,gnb2,post,post,,,
2026-08-18T11:35:13.323295,380,0x46,PUCCH,,,,,,,,,,,,,,,,,,1,-inf,"0.000,",,,,,,,,,1787052913.323295,gnb2,post,post,,,
2026-08-18T11:35:14.250121,420,0x46,PUCCH,,,,,,,,,,,,,,,,,,1,-inf,"0.000,",,,,,,,,,1787052914.250121,gnb2,post,post,,,
2026-08-18T11:35:15.382305,460,0x46,PUCCH,,,,,,,,,,,,,,,,,,1,-inf,"0.000,",,,,,,,,,1787052915.382305,gnb2,post,post,,,
2026-08-18T11:35:16.037060,480,0x46,PUCCH,,,,,,,,,,,,,,,,,,1,-inf,"0.000,",,,,,,,,,1787052916.037060,gnb2,post,post,,,
2026-08-18T11:35:17.725092,520,0x46,PUCCH,,,,,,,,,,,,,,,,,,1,-inf,"0.000,",,,,,,,,,1787052917.725092,gnb2,post,post,,,
2026-08-18T11:35:18.503606,540,0x46,PUCCH,,,,,,,,,,,,,,,,,,1,-inf,"0.000,",,,,,,,,,1787052918.503606,gnb2,post,post,,,
2026-08-18T11:35:19.161954,560,0x46,PUCCH,,,,,,,,,,,,,,,,,,1,-inf,"0.000,",,,,,,,,,1787052919.161954,gnb2,post,post,,,
2026-08-18T11:35:20.001632,580,0x46,PUCCH,,,,,,,,,,,,,,,,,,1,-inf,"0.000,",,,,,,,,,1787052920.001632,gnb2,post,post,,,
2026-08-18T11:35:21.773264,620,0x46,PUCCH,,,,,,,,,,,,,,,,,,1,-inf,"0.000,",,,,,,,,,1787052921.773264,gnb2,post,post,,,
2026-08-18T11:35:22.632402,640,0x46,PUCCH,,,,,,,,,,,,,,,,,,1,-inf,"0.000,",,,,,,,,,1787052922.632402,gnb2,post,post,,,
2026-08-18T11:35:23.558928,660,0x46,PUCCH,,,,,,,,,,,,,,,,,,1,-inf,"0.000,",,,,,,,,,1787052923.558928,gnb2,post,post,,,
2026-08-18T11:35:24.223453,680,0x46,PUCCH,,,,,,,,,,,,,,,,,,1,-inf,"0.000,",,,,,,,,,1787052924.223453,gnb2,post,post,,,
2026-08-18T11:35:25.426151,720,0x46,PUCCH,,,,,,,,,,,,,,,,,,1,-inf,"0.000,",,,,,,,,,1787052925.426151,gnb2,post,post,,,
2026-08-18T11:35:26.175429,740,0x46,PUCCH,,,,,,,,,,,,,,,,,,1,-inf,"0.000,",,,,,,,,,1787052926.175429,gnb2,post,post,,,
2026-08-18T11:35:27.238445,760,0x46,PUCCH,,,,,,,,,,,,,,,,,,1,-inf,"0.000,",,,,,,,,,1787052927.238445,gnb2,post,post,,,
2026-08-18T11:35:28.190821,780,0x46,PUCCH,,,,,,,,,,,,,,,,,,1,-inf,"0.000,",,,,,,,,,1787052928.190821,gnb2,post,post,,,
2026-08-18T11:35:29.245115,800,0x46,PUCCH,,,,,,,,,,,,,,,,,,1,-inf,"0.000,",,,,,,,,,1787052929.245115,gnb2,post,post,,,
2026-08-18T11:35:30.647236,840,0x46,PUCCH,,,,,,,,,,,,,,,,,,1,-inf,"0.000,",,,,,,,,,1787052930.647236,gnb2,post,post,,,
2026-08-18T11:35:31.483247,860,0x46,PUCCH,,,,,,,,,,,,,,,,,,1,-inf,"0.000,",,,,,,,,,1787052931.483247,gnb2,post,post,,,
2026-08-18T11:35:32.164693,880,0x46,PUCCH,,,,,,,,,,,,,,,,,,1,-inf,"0.000,",,,,,,,,,1787052932.164693,gnb2,post,post,,,
2026-08-18T11:35:33.018856,900,0x46,PUCCH,,,,,,,,,,,,,,,,,,1,-inf,"0.000,",,,,,,,,,1787052933.018856,gnb2,post,post,,,
2026-08-18T11:35:34.702762,940,0x46,PUCCH,,,,,,,,,,,,,,,,,,1,-inf,"0.000,",,,,,,,,,1787052934.702762,gnb2,post,post,,,
2026-08-18T11:35:35.841178,960,0x46,PUCCH,,,,,,,,,,,,,,,,,,1,-inf,"0.000,",,,,,,,,,1787052935.841178,gnb2,post,post,,,
2026-08-18T11:35:36.948040,980,0x46,PUCCH,,,,,,,,,,,,,,,,,,1,-inf,"0.000,",,,,,,,,,1787052936.948040,gnb2,post,post,,,
2026-08-18T11:35:37.821980,1000,0x46,PUCCH,,,,,,,,,,,,,,,,,,1,-inf,"0.000,",,,,,,,,,1787052937.821980,gnb2,post,post,,,
2026-08-18T11:35:38.551116,1020,0x46,PUCCH,,,,,,,,,,,,,,,,,,1,-inf,"0.000,",,,,,,,,,1787052938.551116,gnb2,post,post,,,
2026-08-18T11:35:39.254246,1040,0x46,PUCCH,,,,,,,,,,,,,,,,,,1,-inf,"0.000,",,,,,,,,,1787052939.254246,gnb2,post,post,,,
2026-08-18T11:35:40.030595,1060,0x46,PUCCH,,,,,,,,,,,,,,,,,,1,-inf,"0.000,",,,,,,,,,1787052940.030595,gnb2,post,post,,,
2026-08-18T11:35:41.005078,1081,0x46,PUCCH,,,,,,,,,,,,,,,,,,2,111.8,"1.000,",,,,,,,,,1787052941.005078,gnb2,post,post,,,
2026-08-18T11:35:42.297633,1120,0x46,PUCCH,,,,,,,,,,,,,,,,,,1,-inf,"0.000,",,,,,,,,,1787052942.297633,gnb2,post,post,,,
2026-08-18T11:35:43.008428,1140,0x46,PUCCH,,,,,,,,,,,,,,,,,,1,-inf,"0.000,",,,,,,,,,1787052943.008428,gnb2,post,post,,,
2026-08-18T11:35:44.028564,1161,0x46,PUCCH,,,,,,,,,,,,,,,,,,2,111.8,"1.000,",,,,,,,,,1787052944.028564,gnb2,post,post,,,
2026-08-18T11:35:45.456585,1200,0x46,PUCCH,,,,,,,,,,,,,,,,,,1,-inf,"0.000,",,,,,,,,,1787052945.456585,gnb2,post,post,,,
2026-08-18T11:35:46.076528,1220,0x46,PUCCH,,,,,,,,,,,,,,,,,,1,-inf,"0.000,",,,,,,,,,1787052946.076528,gnb2,post,post,,,
2026-08-18T11:35:47.484304,1260,0x46,PUCCH,,,,,,,,,,,,,,,,,,1,-inf,"0.000,",,,,,,,,,1787052947.484304,gnb2,post,post,,,
2026-08-18T11:35:48.198658,1280,0x46,PUCCH,,,,,,,,,,,,,,,,,,1,-inf,"0.000,",,,,,,,,,1787052948.198658,gnb2,post,post,,,
2026-08-18T11:35:49.389483,1320,0x46,PUCCH,,,,,,,,,,,,,,,,,,1,-inf,"0.000,",,,,,,,,,1787052949.389483,gnb2,post,post,,,
2026-08-18T11:35:50.696262,1360,0x46,PUCCH,,,,,,,,,,,,,,,,,,1,-inf,"0.000,",,,,,,,,,1787052950.696262,gnb2,post,post,,,
2026-08-18T11:35:51.447215,1380,0x46,PUCCH,,,,,,,,,,,,,,,,,,1,-inf,"0.000,",,,,,,,,,1787052951.447215,gnb2,post,post,,,
2026-08-18T11:35:52.078876,1400,0x46,PUCCH,,,,,,,,,,,,,,,,,,1,-inf,"0.000,",,,,,,,,,1787052952.078876,gnb2,post,post,,,
2026-08-18T11:35:53.351535,1440,0x46,PUCCH,,,,,,,,,,,,,,,,,,1,-inf,"0.000,",,,,,,,,,1787052953.351535,gnb2,post,post,,,
2026-08-18T11:35:54.070525,1460,0x46,PUCCH,,,,,,,,,,,,,,,,,,1,-inf,"0.000,",,,,,,,,,1787052954.070525,gnb2,post,post,,,
2026-08-18T11:35:55.891171,1500,0x46,PUCCH,,,,,,,,,,,,,,,,,,1,-inf,"0.000,",,,,,,,,,1787052955.891171,gnb2,post,post,,,
2026-08-18T11:35:56.800150,1520,0x46,PUCCH,,,,,,,,,,,,,,,,,,1,-inf,"0.000,",,,,,,,,,1787052956.800150,gnb2,post,post,,,
2026-08-18T11:35:57.536350,1540,0x46,PUCCH,,,,,,,,,,,,,,,,,,1,-inf,"0.000,",,,,,,,,,1787052957.536350,gnb2,post,post,,,
2026-08-18T11:35:58.400107,1560,0x46,PUCCH,,,,,,,,,,,,,,,,,,1,-inf,"0.000,",,,,,,,,,1787052958.400107,gnb2,post,post,,,
2026-08-18T11:35:59.122459,1580,0x46,PUCCH,,,,,,,,,,,,,,,,,,1,-inf,"0.000,",,,,,,,,,1787052959.122459,gnb2,post,post,,,
2026-08-18T11:36:00.734051,1620,0x46,PUCCH,,,,,,,,,,,,,,,,,,1,-inf,"0.000,",,,,,,,,,1787052960.734051,gnb2,post,post,,,
2026-08-18T11:36:01.426884,1640,0x46,PUCCH,,,,,,,,,,,,,,,,,,1,-inf,"0.000,",,,,,,,,,1787052961.426884,gnb2,post,post,,,
2026-08-18T11:36:02.157808,1660,0x46,PUCCH,,,,,,,,,,,,,,,,,,1,-inf,"0.000,",,,,,,,,,1787052962.157808,gnb2,post,post,,,
2026-08-18T11:36:03.588057,1700,0x46,PUCCH,,,,,,,,,,,,,,,,,,1,-inf,"0.000,",,,,,,,,,1787052963.588057,gnb2,post,post,,,
2026-08-18T11:36:04.350309,1720,0x46,PUCCH,,,,,,,,,,,,,,,,,,1,-inf,"0.000,",,,,,,,,,1787052964.350309,gnb2,post,post,,,
2026-08-18T11:36:05.525529,1760,0x46,PUCCH,,,,,,,,,,,,,,,,,,1,-inf,"0.000,",,,,,,,,,1787052965.525529,gnb2,post,post,,,
2026-08-18T11:36:06.541270,1780,0x46,PUCCH,,,,,,,,,,,,,,,,,,1,-inf,"0.000,",,,,,,,,,1787052966.541270,gnb2,post,post,,,
2026-08-18T11:36:07.319080,1800,0x46,PUCCH,,,,,,,,,,,,,,,,,,1,-inf,"0.000,",,,,,,,,,1787052967.319080,gnb2,post,post,,,
2026-08-18T11:36:08.330280,1820,0x46,PUCCH,,,,,,,,,,,,,,,,,,1,-inf,"0.000,",,,,,,,,,1787052968.330280,gnb2,post,post,,,
2026-08-18T11:36:09.095718,1840,0x46,PUCCH,,,,,,,,,,,,,,,,,,1,-inf,"0.000,",,,,,,,,,1787052969.095718,gnb2,post,post,,,
2026-08-18T11:36:10.483815,1880,0x46,PUCCH,,,,,,,,,,,,,,,,,,1,-inf,"0.000,",,,,,,,,,1787052970.483815,gnb2,post,post,,,
2026-08-18T11:36:11.317621,1900,0x46,PUCCH,,,,,,,,,,,,,,,,,,1,-inf,"0.000,",,,,,,,,,1787052971.317621,gnb2,post,post,,,
2026-08-18T11:36:12.019136,1921,0x46,PUCCH,,,,,,,,,,,,,,,,,,2,111.8,"1.000,",,,,,,,,,1787052972.019136,gnb2,post,post,,,
2026-08-18T11:36:13.201273,1960,0x46,PUCCH,,,,,,,,,,,,,,,,,,1,-inf,"0.000,",,,,,,,,,1787052973.201273,gnb2,post,post,,,
2026-08-18T11:36:14.099338,1980,0x46,PUCCH,,,,,,,,,,,,,,,,,,1,-inf,"0.000,",,,,,,,,,1787052974.099338,gnb2,post,post,,,
2026-08-18T11:36:15.569976,2020,0x46,PUCCH,,,,,,,,,,,,,,,,,,1,-inf,"0.000,",,,,,,,,,1787052975.569976,gnb2,post,post,,,
2026-08-18T11:36:16.447469,2040,0x46,PUCCH,,,,,,,,,,,,,,,,,,1,-inf,"0.000,",,,,,,,,,1787052976.447469,gnb2,post,post,,,
2026-08-18T11:36:17.281799,2060,0x46,PUCCH,,,,,,,,,,,,,,,,,,1,-inf,"0.000,",,,,,,,,,1787052977.281799,gnb2,post,post,,,
2026-08-18T11:36:18.214920,2080,0x46,PUCCH,,,,,,,,,,,,,,,,,,1,-inf,"0.000,",,,,,,,,,1787052978.214920,gnb2,post,post,,,
2026-08-18T11:36:19.455452,2120,0x46,PUCCH,,,,,,,,,,,,,,,,,,1,-inf,"0.000,",,,,,,,,,1787052979.455452,gnb2,post,post,,,
2026-08-18T11:36:20.425026,2140,0x46,PUCCH,,,,,,,,,,,,,,,,,,1,-inf,"0.000,",,,,,,,,,1787052980.425026,gnb2,post,post,,,
2026-08-18T11:36:21.174129,2160,0x46,PUCCH,,,,,,,,,,,,,,,,,,1,-inf,"0.000,",,,,,,,,,1787052981.174129,gnb2,post,post,,,
2026-08-18T11:36:22.629703,2200,0x46,PUCCH,,,,,,,,,,,,,,,,,,1,-inf,"0.000,",,,,,,,,,1787052982.629703,gnb2,post,post,,,
2026-08-18T11:36:23.431312,2220,0x46,PUCCH,,,,,,,,,,,,,,,,,,1,-inf,"0.000,",,,,,,,,,1787052983.431312,gnb2,post,post,,,
2026-08-18T11:36:24.133305,2240,0x46,PUCCH,,,,,,,,,,,,,,,,,,1,-inf,"0.000,",,,,,,,,,1787052984.133305,gnb2,post,post,,,
2026-08-18T11:36:25.811828,2280,0x46,PUCCH,,,,,,,,,,,,,,,,,,1,-inf,"0.000,",,,,,,,,,1787052985.811828,gnb2,post,post,,,
2026-08-18T11:36:26.723969,2300,0x46,PUCCH,,,,,,,,,,,,,,,,,,1,-inf,"0.000,",,,,,,,,,1787052986.723969,gnb2,post,post,,,
2026-08-18T11:36:27.453074,2320,0x46,PUCCH,,,,,,,,,,,,,,,,,,1,-inf,"0.000,",,,,,,,,,1787052987.453074,gnb2,post,post,,,
2026-08-18T11:36:28.145023,2340,0x46,PUCCH,,,,,,,,,,,,,,,,,,1,-inf,"0.000,",,,,,,,,,1787052988.145023,gnb2,post,post,,,
2026-08-18T11:36:29.022822,2360,0x46,PUCCH,,,,,,,,,,,,,,,,,,1,-inf,"0.000,",,,,,,,,,1787052989.022822,gnb2,post,post,,,
2026-08-18T11:36:30.545074,2400,0x46,PUCCH,,,,,,,,,,,,,,,,,,1,-inf,"0.000,",,,,,,,,,1787052990.545074,gnb2,post,post,,,
2026-08-18T11:36:31.144905,2420,0x46,PUCCH,,,,,,,,,,,,,,,,,,1,-inf,"0.000,",,,,,,,,,1787052991.144905,gnb2,post,post,,,
2026-08-18T11:36:32.109817,2440,0x46,PUCCH,,,,,,,,,,,,,,,,,,1,-inf,"0.000,",,,,,,,,,1787052992.109817,gnb2,post,post,,,
2026-08-18T11:36:33.060003,2460,0x46,PUCCH,,,,,,,,,,,,,,,,,,1,-inf,"0.000,",,,,,,,,,1787052993.060003,gnb2,post,post,,,
2026-08-18T11:36:34.785056,2500,0x46,PUCCH,,,,,,,,,,,,,,,,,,1,-inf,"0.000,",,,,,,,,,1787052994.785056,gnb2,post,post,,,
2026-08-18T11:36:35.416053,2520,0x46,PUCCH,,,,,,,,,,,,,,,,,,1,-inf,"0.000,",,,,,,,,,1787052995.416053,gnb2,post,post,,,
2026-08-18T11:36:36.106381,2540,0x46,PUCCH,,,,,,,,,,,,,,,,,,1,-inf,"0.000,",,,,,,,,,1787052996.106381,gnb2,post,post,,,
2026-08-18T11:36:37.590948,2580,0x46,PUCCH,,,,,,,,,,,,,,,,,,1,-inf,"0.000,",,,,,,,,,1787052997.590948,gnb2,post,post,,,
2026-08-18T11:36:38.231775,2600,0x46,PUCCH,,,,,,,,,,,,,,,,,,1,-inf,"0.000,",,,,,,,,,1787052998.231775,gnb2,post,post,,,
2026-08-18T11:36:39.763913,2640,0x46,PUCCH,,,,,,,,,,,,,,,,,,1,-inf,"0.000,",,,,,,,,,1787052999.763913,gnb2,post,post,,,
2026-08-18T11:36:40.491600,2660,0x46,PUCCH,,,,,,,,,,,,,,,,,,1,-inf,"0.000,",,,,,,,,,1787053000.491600,gnb2,post,post,,,
2026-08-18T11:36:41.174914,2680,0x46,PUCCH,,,,,,,,,,,,,,,,,,1,-inf,"0.000,",,,,,,,,,1787053001.174914,gnb2,post,post,,,
2026-08-18T11:36:42.281137,2700,0x46,PUCCH,,,,,,,,,,,,,,,,,,1,-inf,"0.000,",,,,,,,,,1787053002.281137,gnb2,post,post,,,
2026-08-18T11:36:43.622619,2740,0x46,PUCCH,,,,,,,,,,,,,,,,,,1,-inf,"0.000,",,,,,,,,,1787053003.622619,gnb2,post,post,,,
2026-08-18T11:36:44.379482,2760,0x46,PUCCH,,,,,,,,,,,,,,,,,,1,-inf,"0.000,",,,,,,,,,1787053004.379482,gnb2,post,post,,,
2026-08-18T11:36:45.067264,2780,0x46,PUCCH,,,,,,,,,,,,,,,,,,1,-inf,"0.000,",,,,,,,,,1787053005.067264,gnb2,post,post,,,
2026-08-18T11:36:46.295668,2820,0x46,PUCCH,,,,,,,,,,,,,,,,,,1,-inf,"0.000,",,,,,,,,,1787053006.295668,gnb2,post,post,,,
2026-08-18T11:36:47.802383,2860,0x46,PUCCH,,,,,,,,,,,,,,,,,,1,-inf,"0.000,",,,,,,,,,1787053007.802383,gnb2,post,post,,,
2026-08-18T11:36:48.817964,2880,0x46,PUCCH,,,,,,,,,,,,,,,,,,1,-inf,"0.000,",,,,,,,,,1787053008.817964,gnb2,post,post,,,
2026-08-18T11:36:49.770635,2900,0x46,PUCCH,,,,,,,,,,,,,,,,,,1,-inf,"0.000,",,,,,,,,,1787053009.770635,gnb2,post,post,,,
2026-08-18T11:36:50.816115,2920,0x46,PUCCH,,,,,,,,,,,,,,,,,,1,-inf,"0.000,",,,,,,,,,1787053010.816115,gnb2,post,post,,,
2026-08-18T11:36:51.716131,2940,0x46,PUCCH,,,,,,,,,,,,,,,,,,1,-inf,"0.000,",,,,,,,,,1787053011.716131,gnb2,post,post,,,
2026-08-18T11:36:52.822811,2960,0x46,PUCCH,,,,,,,,,,,,,,,,,,1,-inf,"0.000,",,,,,,,,,1787053012.822811,gnb2,post,post,,,
2026-08-18T11:36:53.787532,2980,0x46,PUCCH,,,,,,,,,,,,,,,,,,1,-inf,"0.000,",,,,,,,,,1787053013.787532,gnb2,post,post,,,
2026-08-18T11:36:54.647707,3000,0x46,PUCCH,,,,,,,,,,,,,,,,,,1,-inf,"0.000,",,,,,,,,,1787053014.647707,gnb2,post,post,,,
2026-08-18T11:36:55.349767,3020,0x46,PUCCH,,,,,,,,,,,,,,,,,,1,-inf,"0.000,",,,,,,,,,1787053015.349767,gnb2,post,post,,,
2026-08-18T11:36:56.212513,3040,0x46,PUCCH,,,,,,,,,,,,,,,,,,1,-inf,"0.000,",,,,,,,,,1787053016.212513,gnb2,post,post,,,
2026-08-18T11:36:57.609664,3080,0x46,PUCCH,,,,,,,,,,,,,,,,,,1,-inf,"0.000,",,,,,,,,,1787053017.609664,gnb2,post,post,,,
2026-08-18T11:36:58.346272,3100,0x46,PUCCH,,,,,,,,,,,,,,,,,,1,-inf,"0.000,",,,,,,,,,1787053018.346272,gnb2,post,post,,,
2026-08-18T11:36:59.181365,3120,0x46,PUCCH,,,,,,,,,,,,,,,,,,1,-inf,"0.000,",,,,,,,,,1787053019.181365,gnb2,post,post,,,
2026-08-18T11:37:00.349983,3160,0x46,PUCCH,,,,,,,,,,,,,,,,,,1,-inf,"0.000,",,,,,,,,,1787053020.349983,gnb2,post,post,,,
2026-08-18T11:37:01.573538,3200,0x46,PUCCH,,,,,,,,,,,,,,,,,,1,-inf,"0.000,",,,,,,,,,1787053021.573538,gnb2,post,post,,,
2026-08-18T11:37:02.274705,3220,0x46,PUCCH,,,,,,,,,,,,,,,,,,1,-inf,"0.000,",,,,,,,,,1787053022.274705,gnb2,post,post,,,
2026-08-18T11:37:03.648760,3260,0x46,PUCCH,,,,,,,,,,,,,,,,,,1,-inf,"0.000,",,,,,,,,,1787053023.648760,gnb2,post,post,,,
2026-08-18T11:37:04.780233,3280,0x46,PUCCH,,,,,,,,,,,,,,,,,,1,-inf,"0.000,",,,,,,,,,1787053024.780233,gnb2,post,post,,,
2026-08-18T11:37:05.489642,3300,0x46,PUCCH,,,,,,,,,,,,,,,,,,1,-inf,"0.000,",,,,,,,,,1787053025.489642,gnb2,post,post,,,
2026-08-18T11:37:06.386012,3320,0x46,PUCCH,,,,,,,,,,,,,,,,,,1,-inf,"0.000,",,,,,,,,,1787053026.386012,gnb2,post,post,,,
2026-08-18T11:37:07.163903,3340,0x46,PUCCH,,,,,,,,,,,,,,,,,,1,-inf,"0.000,",,,,,,,,,1787053027.163903,gnb2,post,post,,,
2026-08-18T11:37:08.087776,3360,0x46,PUCCH,,,,,,,,,,,,,,,,,,1,-inf,"0.000,",,,,,,,,,1787053028.087776,gnb2,post,post,,,
2026-08-18T11:37:09.075697,3380,0x46,PUCCH,,,,,,,,,,,,,,,,,,1,-inf,"0.000,",,,,,,,,,1787053029.075697,gnb2,post,post,,,
2026-08-18T11:37:10.364035,3420,0x46,PUCCH,,,,,,,,,,,,,,,,,,1,-inf,"0.000,",,,,,,,,,1787053030.364035,gnb2,post,post,,,
2026-08-18T11:37:11.554913,3460,0x46,PUCCH,,,,,,,,,,,,,,,,,,1,-inf,"0.000,",,,,,,,,,1787053031.554913,gnb2,post,post,,,
2026-08-18T11:37:12.517210,3480,0x46,PUCCH,,,,,,,,,,,,,,,,,,1,-inf,"0.000,",,,,,,,,,1787053032.517210,gnb2,post,post,,,
2026-08-18T11:37:13.300237,3500,0x46,PUCCH,,,,,,,,,,,,,,,,,,1,-inf,"0.000,",,,,,,,,,1787053033.300237,gnb2,post,post,,,
2026-08-18T11:37:14.796914,3540,0x46,PUCCH,,,,,,,,,,,,,,,,,,1,-inf,"0.000,",,,,,,,,,1787053034.796914,gnb2,post,post,,,
2026-08-18T11:37:15.684109,3560,0x46,PUCCH,,,,,,,,,,,,,,,,,,1,-inf,"0.000,",,,,,,,,,1787053035.684109,gnb2,post,post,,,
2026-08-18T11:37:16.353087,3580,0x46,PUCCH,,,,,,,,,,,,,,,,,,1,-inf,"0.000,",,,,,,,,,1787053036.353087,gnb2,post,post,,,
2026-08-18T11:37:17.452547,3620,0x46,PUCCH,,,,,,,,,,,,,,,,,,1,-inf,"0.000,",,,,,,,,,1787053037.452547,gnb2,post,post,,,
2026-08-18T11:37:18.093611,3640,0x46,PUCCH,,,,,,,,,,,,,,,,,,1,-inf,"0.000,",,,,,,,,,1787053038.093611,gnb2,post,post,,,
2026-08-18T11:37:19.749678,3680,0x46,PUCCH,,,,,,,,,,,,,,,,,,1,-inf,"0.000,",,,,,,,,,1787053039.749678,gnb2,post,post,,,
2026-08-18T11:37:20.652103,3700,0x46,PUCCH,,,,,,,,,,,,,,,,,,1,-inf,"0.000,",,,,,,,,,1787053040.652103,gnb2,post,post,,,
2026-08-18T11:37:21.509834,3720,0x46,PUCCH,,,,,,,,,,,,,,,,,,1,-inf,"0.000,",,,,,,,,,1787053041.509834,gnb2,post,post,,,
2026-08-18T11:37:22.157137,3740,0x46,PUCCH,,,,,,,,,,,,,,,,,,1,-inf,"0.000,",,,,,,,,,1787053042.157137,gnb2,post,post,,,
2026-08-18T11:37:23.565924,3780,0x46,PUCCH,,,,,,,,,,,,,,,,,,1,-inf,"0.000,",,,,,,,,,1787053043.565924,gnb2,post,post,,,
2026-08-18T11:37:24.247217,3800,0x46,PUCCH,,,,,,,,,,,,,,,,,,1,-inf,"0.000,",,,,,,,,,1787053044.247217,gnb2,post,post,,,
2026-08-18T11:37:25.778242,3840,0x46,PUCCH,,,,,,,,,,,,,,,,,,1,-inf,"0.000,",,,,,,,,,1787053045.778242,gnb2,post,post,,,
2026-08-18T11:37:26.390601,3860,0x46,PUCCH,,,,,,,,,,,,,,,,,,1,-inf,"0.000,",,,,,,,,,1787053046.390601,gnb2,post,post,,,
2026-08-18T11:37:27.071917,3880,0x46,PUCCH,,,,,,,,,,,,,,,,,,1,-inf,"0.000,",,,,,,,,,1787053047.071917,gnb2,post,post,,,
2026-08-18T11:37:28.026688,3900,0x46,PUCCH,,,,,,,,,,,,,,,,,,1,-inf,"0.000,",,,,,,,,,1787053048.026688,gnb2,post,post,,,
2026-08-18T11:37:29.355999,3940,0x46,PUCCH,,,,,,,,,,,,,,,,,,1,-inf,"0.000,",,,,,,,,,1787053049.355999,gnb2,post,post,,,
2026-08-18T11:37:30.094412,3960,0x46,PUCCH,,,,,,,,,,,,,,,,,,1,-inf,"0.000,",,,,,,,,,1787053050.094412,gnb2,post,post,,,
2026-08-18T11:37:31.708144,4000,0x46,PUCCH,,,,,,,,,,,,,,,,,,1,-inf,"0.000,",,,,,,,,,1787053051.708144,gnb2,post,post,,,
2026-08-18T11:37:32.487087,4020,0x46,PUCCH,,,,,,,,,,,,,,,,,,1,-inf,"0.000,",,,,,,,,,1787053052.487087,gnb2,post,post,,,
2026-08-18T11:37:33.197066,4040,0x46,PUCCH,,,,,,,,,,,,,,,,,,1,-inf,"0.000,",,,,,,,,,1787053053.197066,gnb2,post,post,,,
2026-08-18T11:37:34.350936,4080,0x46,PUCCH,,,,,,,,,,,,,,,,,,1,-inf,"0.000,",,,,,,,,,1787053054.350936,gnb2,post,post,,,
2026-08-18T11:37:35.506681,4120,0x46,PUCCH,,,,,,,,,,,,,,,,,,1,-inf,"0.000,",,,,,,,,,1787053055.506681,gnb2,post,post,,,
2026-08-18T11:37:36.248775,4140,0x46,PUCCH,,,,,,,,,,,,,,,,,,1,-inf,"0.000,",,,,,,,,,1787053056.248775,gnb2,post,post,,,
2026-08-18T11:37:37.039427,4160,0x46,PUCCH,,,,,,,,,,,,,,,,,,1,-inf,"0.000,",,,,,,,,,1787053057.039427,gnb2,post,post,,,
2026-08-18T11:37:38.354282,4200,0x46,PUCCH,,,,,,,,,,,,,,,,,,1,-inf,"0.000,",,,,,,,,,1787053058.354282,gnb2,post,post,,,
2026-08-18T11:37:39.355749,4220,0x46,PUCCH,,,,,,,,,,,,,,,,,,1,-inf,"0.000,",,,,,,,,,1787053059.355749,gnb2,post,post,,,
2026-08-18T11:37:40.252762,4240,0x46,PUCCH,,,,,,,,,,,,,,,,,,1,-inf,"0.000,",,,,,,,,,1787053060.252762,gnb2,post,post,,,
2026-08-18T11:37:41.170045,4260,0x46,PUCCH,,,,,,,,,,,,,,,,,,1,-inf,"0.000,",,,,,,,,,1787053061.170045,gnb2,post,post,,,
2026-08-18T11:37:42.010689,4281,0x46,PUCCH,,,,,,,,,,,,,,,,,,2,111.8,"1.000,",,,,,,,,,1787053062.010689,gnb2,post,post,,,
2026-08-18T11:37:43.392200,4320,0x46,PUCCH,,,,,,,,,,,,,,,,,,1,-inf,"0.000,",,,,,,,,,1787053063.392200,gnb2,post,post,,,
2026-08-18T11:37:44.286507,4340,0x46,PUCCH,,,,,,,,,,,,,,,,,,1,-inf,"0.000,",,,,,,,,,1787053064.286507,gnb2,post,post,,,
2026-08-18T11:37:45.090207,4360,0x46,PUCCH,,,,,,,,,,,,,,,,,,1,-inf,"0.000,",,,,,,,,,1787053065.090207,gnb2,post,post,,,
2026-08-18T11:37:46.883951,4400,0x46,PUCCH,,,,,,,,,,,,,,,,,,1,-inf,"0.000,",,,,,,,,,1787053066.883951,gnb2,post,post,,,
2026-08-18T11:37:47.613534,4420,0x46,PUCCH,,,,,,,,,,,,,,,,,,1,-inf,"0.000,",,,,,,,,,1787053067.613534,gnb2,post,post,,,
2026-08-18T11:37:48.701835,4440,0x46,PUCCH,,,,,,,,,,,,,,,,,,1,-inf,"0.000,",,,,,,,,,1787053068.701835,gnb2,post,post,,,
2026-08-18T11:37:49.457137,4460,0x46,PUCCH,,,,,,,,,,,,,,,,,,1,-inf,"0.000,",,,,,,,,,1787053069.457137,gnb2,post,post,,,
2026-08-18T11:37:50.341284,4480,0x46,PUCCH,,,,,,,,,,,,,,,,,,1,-inf,"0.000,",,,,,,,,,1787053070.341284,gnb2,post,post,,,
2026-08-18T11:37:51.709180,4520,0x46,PUCCH,,,,,,,,,,,,,,,,,,1,-inf,"0.000,",,,,,,,,,1787053071.709180,gnb2,post,post,,,
2026-08-18T11:37:52.380908,4540,0x46,PUCCH,,,,,,,,,,,,,,,,,,1,-inf,"0.000,",,,,,,,,,1787053072.380908,gnb2,post,post,,,
2026-08-18T11:37:53.123903,4560,0x46,PUCCH,,,,,,,,,,,,,,,,,,1,-inf,"0.000,",,,,,,,,,1787053073.123903,gnb2,post,post,,,
2026-08-18T11:37:54.796871,4600,0x46,PUCCH,,,,,,,,,,,,,,,,,,1,-inf,"0.000,",,,,,,,,,1787053074.796871,gnb2,post,post,,,
2026-08-18T11:37:55.987729,4620,0x46,PUCCH,,,,,,,,,,,,,,,,,,1,-inf,"0.000,",,,,,,,,,1787053075.987729,gnb2,post,post,,,
2026-08-18T11:37:56.747482,4640,0x46,PUCCH,,,,,,,,,,,,,,,,,,1,-inf,"0.000,",,,,,,,,,1787053076.747482,gnb2,post,post,,,
2026-08-18T11:37:57.363053,4660,0x46,PUCCH,,,,,,,,,,,,,,,,,,1,-inf,"0.000,",,,,,,,,,1787053077.363053,gnb2,post,post,,,
2026-08-18T11:37:58.004498,4681,0x46,PUCCH,,,,,,,,,,,,,,,,,,2,111.8,"1.000,",,,,,,,,,1787053078.004498,gnb2,post,post,,,
2026-08-18T11:37:59.024256,4700,0x46,PUCCH,,,,,,,,,,,,,,,,,,1,-inf,"0.000,",,,,,,,,,1787053079.024256,gnb2,post,post,,,
2026-08-18T11:38:00.448661,4740,0x46,PUCCH,,,,,,,,,,,,,,,,,,1,-inf,"0.000,",,,,,,,,,1787053080.448661,gnb2,post,post,,,
2026-08-18T11:38:01.313188,4760,0x46,PUCCH,,,,,,,,,,,,,,,,,,1,-inf,"0.000,",,,,,,,,,1787053081.313188,gnb2,post,post,,,
2026-08-18T11:38:02.312186,4780,0x46,PUCCH,,,,,,,,,,,,,,,,,,1,-inf,"0.000,",,,,,,,,,1787053082.312186,gnb2,post,post,,,
2026-08-18T11:38:03.053399,4800,0x46,PUCCH,,,,,,,,,,,,,,,,,,1,-inf,"0.000,",,,,,,,,,1787053083.053399,gnb2,post,post,,,
2026-08-18T11:38:04.370876,4840,0x46,PUCCH,,,,,,,,,,,,,,,,,,1,-inf,"0.000,",,,,,,,,,1787053084.370876,gnb2,post,post,,,
2026-08-18T11:38:05.261154,4860,0x46,PUCCH,,,,,,,,,,,,,,,,,,1,-inf,"0.000,",,,,,,,,,1787053085.261154,gnb2,post,post,,,
2026-08-18T11:38:06.141483,4880,0x46,PUCCH,,,,,,,,,,,,,,,,,,1,-inf,"0.000,",,,,,,,,,1787053086.141483,gnb2,post,post,,,
2026-08-18T11:38:07.671995,4920,0x46,PUCCH,,,,,,,,,,,,,,,,,,1,-inf,"0.000,",,,,,,,,,1787053087.671995,gnb2,post,post,,,
2026-08-18T11:38:08.338839,4940,0x46,PUCCH,,,,,,,,,,,,,,,,,,1,-inf,"0.000,",,,,,,,,,1787053088.338839,gnb2,post,post,,,
2026-08-18T11:38:09.244704,4960,0x46,PUCCH,,,,,,,,,,,,,,,,,,1,-inf,"0.000,",,,,,,,,,1787053089.244704,gnb2,post,post,,,
2026-08-18T11:38:10.806765,5000,0x46,PUCCH,,,,,,,,,,,,,,,,,,1,-inf,"0.000,",,,,,,,,,1787053090.806765,gnb2,post,post,,,
2026-08-18T11:38:11.726226,5020,0x46,PUCCH,,,,,,,,,,,,,,,,,,1,-inf,"0.000,",,,,,,,,,1787053091.726226,gnb2,post,post,,,
2026-08-18T11:38:13.029588,5040,0x46,PUCCH,,,,,,,,,,,,,,,,,,1,-inf,"0.000,",,,,,,,,,1787053093.029588,gnb2,post,post,,,
2026-08-18T11:38:14.747977,5080,0x46,PUCCH,,,,,,,,,,,,,,,,,,1,-inf,"0.000,",,,,,,,,,1787053094.747977,gnb2,post,post,,,
2026-08-18T11:38:15.725937,5100,0x46,PUCCH,,,,,,,,,,,,,,,,,,1,-inf,"0.000,",,,,,,,,,1787053095.725937,gnb2,post,post,,,
2026-08-18T11:38:16.739423,5120,0x46,PUCCH,,,,,,,,,,,,,,,,,,1,-inf,"0.000,",,,,,,,,,1787053096.739423,gnb2,post,post,,,
2026-08-18T11:38:17.528885,5140,0x46,PUCCH,,,,,,,,,,,,,,,,,,1,-inf,"0.000,",,,,,,,,,1787053097.528885,gnb2,post,post,,,
2026-08-18T11:38:18.325523,5160,0x46,PUCCH,,,,,,,,,,,,,,,,,,1,-inf,"0.000,",,,,,,,,,1787053098.325523,gnb2,post,post,,,
2026-08-18T11:38:19.150388,5180,0x46,PUCCH,,,,,,,,,,,,,,,,,,1,-inf,"0.000,",,,,,,,,,1787053099.150388,gnb2,post,post,,,
2026-08-18T11:38:20.017460,5200,0x46,PUCCH,,,,,,,,,,,,,,,,,,1,-inf,"0.000,",,,,,,,,,1787053100.017460,gnb2,post,post,,,
2026-08-18T11:38:21.543393,5240,0x46,PUCCH,,,,,,,,,,,,,,,,,,1,-inf,"0.000,",,,,,,,,,1787053101.543393,gnb2,post,post,,,
2026-08-18T11:38:22.268620,5260,0x46,PUCCH,,,,,,,,,,,,,,,,,,1,-inf,"0.000,",,,,,,,,,1787053102.268620,gnb2,post,post,,,
2026-08-18T11:38:23.063526,5280,0x46,PUCCH,,,,,,,,,,,,,,,,,,1,-inf,"0.000,",,,,,,,,,1787053103.063526,gnb2,post,post,,,
2026-08-18T11:38:24.694729,5320,0x46,PUCCH,,,,,,,,,,,,,,,,,,1,-inf,"0.000,",,,,,,,,,1787053104.694729,gnb2,post,post,,,
2026-08-18T11:38:25.403710,5340,0x46,PUCCH,,,,,,,,,,,,,,,,,,1,-inf,"0.000,",,,,,,,,,1787053105.403710,gnb2,post,post,,,
2026-08-18T11:38:26.150148,5360,0x46,PUCCH,,,,,,,,,,,,,,,,,,1,-inf,"0.000,",,,,,,,,,1787053106.150148,gnb2,post,post,,,
2026-08-18T11:38:27.746898,5400,0x46,PUCCH,,,,,,,,,,,,,,,,,,1,-inf,"0.000,",,,,,,,,,1787053107.746898,gnb2,post,post,,,
2026-08-18T11:38:28.554774,5420,0x46,PUCCH,,,,,,,,,,,,,,,,,,1,-inf,"0.000,",,,,,,,,,1787053108.554774,gnb2,post,post,,,
2026-08-18T11:38:29.360294,5440,0x46,PUCCH,,,,,,,,,,,,,,,,,,1,-inf,"0.000,",,,,,,,,,1787053109.360294,gnb2,post,post,,,
2026-08-18T11:38:30.428884,5460,0x46,PUCCH,,,,,,,,,,,,,,,,,,1,-inf,"0.000,",,,,,,,,,1787053110.428884,gnb2,post,post,,,
2026-08-18T11:38:31.483814,5480,0x46,PUCCH,,,,,,,,,,,,,,,,,,1,-inf,"0.000,",,,,,,,,,1787053111.483814,gnb2,post,post,,,
2026-08-18T11:38:32.274879,5500,0x46,PUCCH,,,,,,,,,,,,,,,,,,1,-inf,"0.000,",,,,,,,,,1787053112.274879,gnb2,post,post,,,
2026-08-18T11:38:33.452958,5520,0x46,PUCCH,,,,,,,,,,,,,,,,,,1,-inf,"0.000,",,,,,,,,,1787053113.452958,gnb2,post,post,,,
2026-08-18T11:38:34.187854,5540,0x46,PUCCH,,,,,,,,,,,,,,,,,,1,-inf,"0.000,",,,,,,,,,1787053114.187854,gnb2,post,post,,,
2026-08-18T11:38:35.031205,5560,0x46,PUCCH,,,,,,,,,,,,,,,,,,1,-inf,"0.000,",,,,,,,,,1787053115.031205,gnb2,post,post,,,
2026-08-18T11:38:37.124201,5600,0x46,PUCCH,,,,,,,,,,,,,,,,,,1,-inf,"0.000,",,,,,,,,,1787053117.124201,gnb2,post,post,,,
2026-08-18T11:38:38.668350,5640,0x46,PUCCH,,,,,,,,,,,,,,,,,,1,-inf,"0.000,",,,,,,,,,1787053118.668350,gnb2,post,post,,,
2026-08-18T11:38:39.550314,5660,0x46,PUCCH,,,,,,,,,,,,,,,,,,1,-inf,"0.000,",,,,,,,,,1787053119.550314,gnb2,post,post,,,
2026-08-18T11:38:40.641913,5680,0x46,PUCCH,,,,,,,,,,,,,,,,,,1,-inf,"0.000,",,,,,,,,,1787053120.641913,gnb2,post,post,,,
2026-08-18T11:38:41.461348,5700,0x46,PUCCH,,,,,,,,,,,,,,,,,,1,-inf,"0.000,",,,,,,,,,1787053121.461348,gnb2,post,post,,,
2026-08-18T11:38:42.249272,5720,0x46,PUCCH,,,,,,,,,,,,,,,,,,1,-inf,"0.000,",,,,,,,,,1787053122.249272,gnb2,post,post,,,
2026-08-18T11:38:43.614174,5760,0x46,PUCCH,,,,,,,,,,,,,,,,,,1,-inf,"0.000,",,,,,,,,,1787053123.614174,gnb2,post,post,,,
2026-08-18T11:38:44.456354,5780,0x46,PUCCH,,,,,,,,,,,,,,,,,,1,-inf,"0.000,",,,,,,,,,1787053124.456354,gnb2,post,post,,,
2026-08-18T11:38:45.145057,5800,0x46,PUCCH,,,,,,,,,,,,,,,,,,1,-inf,"0.000,",,,,,,,,,1787053125.145057,gnb2,post,post,,,
2026-08-18T11:38:46.121755,5820,0x46,PUCCH,,,,,,,,,,,,,,,,,,1,-inf,"0.000,",,,,,,,,,1787053126.121755,gnb2,post,post,,,
2026-08-18T11:38:47.414046,5860,0x46,PUCCH,,,,,,,,,,,,,,,,,,1,-inf,"0.000,",,,,,,,,,1787053127.414046,gnb2,post,post,,,
2026-08-18T11:38:48.799003,5880,0x46,PUCCH,,,,,,,,,,,,,,,,,,1,-inf,"0.000,",,,,,,,,,1787053128.799003,gnb2,post,post,,,
2026-08-18T11:38:49.845988,5900,0x46,PUCCH,,,,,,,,,,,,,,,,,,1,-inf,"0.000,",,,,,,,,,1787053129.845988,gnb2,post,post,,,
2026-08-18T11:38:50.681596,5920,0x46,PUCCH,,,,,,,,,,,,,,,,,,1,-inf,"0.000,",,,,,,,,,1787053130.681596,gnb2,post,post,,,
2026-08-18T11:38:51.455969,5940,0x46,PUCCH,,,,,,,,,,,,,,,,,,1,-inf,"0.000,",,,,,,,,,1787053131.455969,gnb2,post,post,,,
2026-08-18T11:38:52.244879,5960,0x46,PUCCH,,,,,,,,,,,,,,,,,,1,-inf,"0.000,",,,,,,,,,1787053132.244879,gnb2,post,post,,,
2026-08-18T11:38:53.713504,6000,0x46,PUCCH,,,,,,,,,,,,,,,,,,1,-inf,"0.000,",,,,,,,,,1787053133.713504,gnb2,post,post,,,
2026-08-18T11:38:54.422570,6020,0x46,PUCCH,,,,,,,,,,,,,,,,,,1,-inf,"0.000,",,,,,,,,,1787053134.422570,gnb2,post,post,,,
2026-08-18T11:38:55.130702,6040,0x46,PUCCH,,,,,,,,,,,,,,,,,,1,-inf,"0.000,",,,,,,,,,1787053135.130702,gnb2,post,post,,,
2026-08-18T11:38:56.647909,6080,0x46,PUCCH,,,,,,,,,,,,,,,,,,1,-inf,"0.000,",,,,,,,,,1787053136.647909,gnb2,post,post,,,
2026-08-18T11:38:57.340075,6100,0x46,PUCCH,,,,,,,,,,,,,,,,,,1,-inf,"0.000,",,,,,,,,,1787053137.340075,gnb2,post,post,,,
2026-08-18T11:38:58.449867,6120,0x46,PUCCH,,,,,,,,,,,,,,,,,,1,-inf,"0.000,",,,,,,,,,1787053138.449867,gnb2,post,post,,,
2026-08-18T11:38:59.217414,6140,0x46,PUCCH,,,,,,,,,,,,,,,,,,1,-inf,"0.000,",,,,,,,,,1787053139.217414,gnb2,post,post,,,
2026-08-18T11:39:00.096097,6160,0x46,PUCCH,,,,,,,,,,,,,,,,,,1,-inf,"0.000,",,,,,,,,,1787053140.096097,gnb2,post,post,,,
2026-08-18T11:39:01.543165,6200,0x46,PUCCH,,,,,,,,,,,,,,,,,,1,-inf,"0.000,",,,,,,,,,1787053141.543165,gnb2,post,post,,,
2026-08-18T11:39:02.104346,6220,0x46,PUCCH,,,,,,,,,,,,,,,,,,1,-inf,"0.000,",,,,,,,,,1787053142.104346,gnb2,post,post,,,
2026-08-18T11:39:03.248931,6240,0x46,PUCCH,,,,,,,,,,,,,,,,,,1,-inf,"0.000,",,,,,,,,,1787053143.248931,gnb2,post,post,,,
2026-08-18T11:39:04.180514,6260,0x46,PUCCH,,,,,,,,,,,,,,,,,,1,-inf,"0.000,",,,,,,,,,1787053144.180514,gnb2,post,post,,,
2026-08-18T11:39:05.075346,6280,0x46,PUCCH,,,,,,,,,,,,,,,,,,1,-inf,"0.000,",,,,,,,,,1787053145.075346,gnb2,post,post,,,
2026-08-18T11:39:06.612556,6320,0x46,PUCCH,,,,,,,,,,,,,,,,,,1,-inf,"0.000,",,,,,,,,,1787053146.612556,gnb2,post,post,,,
2026-08-18T11:39:07.285337,6340,0x46,PUCCH,,,,,,,,,,,,,,,,,,1,-inf,"0.000,",,,,,,,,,1787053147.285337,gnb2,post,post,,,
2026-08-18T11:39:08.197343,6360,0x46,PUCCH,,,,,,,,,,,,,,,,,,1,-inf,"0.000,",,,,,,,,,1787053148.197343,gnb2,post,post,,,
2026-08-18T11:39:09.804289,6400,0x46,PUCCH,,,,,,,,,,,,,,,,,,1,-inf,"0.000,",,,,,,,,,1787053149.804289,gnb2,post,post,,,
2026-08-18T11:39:10.516820,6420,0x46,PUCCH,,,,,,,,,,,,,,,,,,1,-inf,"0.000,",,,,,,,,,1787053150.516820,gnb2,post,post,,,
2026-08-18T11:39:11.295615,6440,0x46,PUCCH,,,,,,,,,,,,,,,,,,1,-inf,"0.000,",,,,,,,,,1787053151.295615,gnb2,post,post,,,
2026-08-18T11:39:12.021122,6460,0x46,PUCCH,,,,,,,,,,,,,,,,,,1,-inf,"0.000,",,,,,,,,,1787053152.021122,gnb2,post,post,,,
2026-08-18T11:39:13.532035,6500,0x46,PUCCH,,,,,,,,,,,,,,,,,,1,-inf,"0.000,",,,,,,,,,1787053153.532035,gnb2,post,post,,,
2026-08-18T11:39:14.538055,6520,0x46,PUCCH,,,,,,,,,,,,,,,,,,1,-inf,"0.000,",,,,,,,,,1787053154.538055,gnb2,post,post,,,
2026-08-18T11:39:15.374074,6540,0x46,PUCCH,,,,,,,,,,,,,,,,,,1,-inf,"0.000,",,,,,,,,,1787053155.374074,gnb2,post,post,,,
2026-08-18T11:39:16.215446,6560,0x46,PUCCH,,,,,,,,,,,,,,,,,,1,-inf,"0.000,",,,,,,,,,1787053156.215446,gnb2,post,post,,,
2026-08-18T11:39:17.124550,6580,0x46,PUCCH,,,,,,,,,,,,,,,,,,1,-inf,"0.000,",,,,,,,,,1787053157.124550,gnb2,post,post,,,
2026-08-18T11:39:18.741991,6620,0x46,PUCCH,,,,,,,,,,,,,,,,,,1,-inf,"0.000,",,,,,,,,,1787053158.741991,gnb2,post,post,,,
2026-08-18T11:39:19.576234,6640,0x46,PUCCH,,,,,,,,,,,,,,,,,,1,-inf,"0.000,",,,,,,,,,1787053159.576234,gnb2,post,post,,,
2026-08-18T11:39:20.212979,6660,0x46,PUCCH,,,,,,,,,,,,,,,,,,1,-inf,"0.000,",,,,,,,,,1787053160.212979,gnb2,post,post,,,
2026-08-18T11:39:21.281125,6680,0x46,PUCCH,,,,,,,,,,,,,,,,,,1,-inf,"0.000,",,,,,,,,,1787053161.281125,gnb2,post,post,,,
2026-08-18T11:39:22.702717,6720,0x46,PUCCH,,,,,,,,,,,,,,,,,,1,-inf,"0.000,",,,,,,,,,1787053162.702717,gnb2,post,post,,,
2026-08-18T11:39:23.489002,6740,0x46,PUCCH,,,,,,,,,,,,,,,,,,1,-inf,"0.000,",,,,,,,,,1787053163.489002,gnb2,post,post,,,
2026-08-18T11:39:24.192512,6760,0x46,PUCCH,,,,,,,,,,,,,,,,,,1,-inf,"0.000,",,,,,,,,,1787053164.192512,gnb2,post,post,,,
2026-08-18T11:39:25.940685,6800,0x46,PUCCH,,,,,,,,,,,,,,,,,,1,-inf,"0.000,",,,,,,,,,1787053165.940685,gnb2,post,post,,,
2026-08-18T11:39:26.723352,6820,0x46,PUCCH,,,,,,,,,,,,,,,,,,1,-inf,"0.000,",,,,,,,,,1787053166.723352,gnb2,post,post,,,
2026-08-18T11:39:27.490602,6840,0x46,PUCCH,,,,,,,,,,,,,,,,,,1,-inf,"0.000,",,,,,,,,,1787053167.490602,gnb2,post,post,,,
2026-08-18T11:39:28.148155,6860,0x46,PUCCH,,,,,,,,,,,,,,,,,,1,-inf,"0.000,",,,,,,,,,1787053168.148155,gnb2,post,post,,,
2026-08-18T11:39:29.481219,6900,0x46,PUCCH,,,,,,,,,,,,,,,,,,1,-inf,"0.000,",,,,,,,,,1787053169.481219,gnb2,post,post,,,
2026-08-18T11:39:30.135635,6920,0x46,PUCCH,,,,,,,,,,,,,,,,,,1,-inf,"0.000,",,,,,,,,,1787053170.135635,gnb2,post,post,,,
2026-08-18T11:39:31.520930,6960,0x46,PUCCH,,,,,,,,,,,,,,,,,,1,-inf,"0.000,",,,,,,,,,1787053171.520930,gnb2,post,post,,,
2026-08-18T11:39:32.373051,6980,0x46,PUCCH,,,,,,,,,,,,,,,,,,1,-inf,"0.000,",,,,,,,,,1787053172.373051,gnb2,post,post,,,
2026-08-18T11:39:33.185990,7000,0x46,PUCCH,,,,,,,,,,,,,,,,,,1,-inf,"0.000,",,,,,,,,,1787053173.185990,gnb2,post,post,,,
2026-08-18T11:39:34.569672,7040,0x46,PUCCH,,,,,,,,,,,,,,,,,,1,-inf,"0.000,",,,,,,,,,1787053174.569672,gnb2,post,post,,,
2026-08-18T11:39:35.955529,7060,0x46,PUCCH,,,,,,,,,,,,,,,,,,1,-inf,"0.000,",,,,,,,,,1787053175.955529,gnb2,post,post,,,
2026-08-18T11:39:36.676653,7080,0x46,PUCCH,,,,,,,,,,,,,,,,,,1,-inf,"0.000,",,,,,,,,,1787053176.676653,gnb2,post,post,,,
2026-08-18T11:39:37.438178,7100,0x46,PUCCH,,,,,,,,,,,,,,,,,,1,-inf,"0.000,",,,,,,,,,1787053177.438178,gnb2,post,post,,,
2026-08-18T11:39:38.217703,7120,0x46,PUCCH,,,,,,,,,,,,,,,,,,1,-inf,"0.000,",,,,,,,,,1787053178.217703,gnb2,post,post,,,
2026-08-18T11:39:39.553616,7160,0x46,PUCCH,,,,,,,,,,,,,,,,,,1,-inf,"0.000,",,,,,,,,,1787053179.553616,gnb2,post,post,,,
2026-08-18T11:39:40.540022,7180,0x46,PUCCH,,,,,,,,,,,,,,,,,,1,-inf,"0.000,",,,,,,,,,1787053180.540022,gnb2,post,post,,,
2026-08-18T11:39:41.374707,7200,0x46,PUCCH,,,,,,,,,,,,,,,,,,1,-inf,"0.000,",,,,,,,,,1787053181.374707,gnb2,post,post,,,
2026-08-18T11:39:42.277717,7220,0x46,PUCCH,,,,,,,,,,,,,,,,,,1,-inf,"0.000,",,,,,,,,,1787053182.277717,gnb2,post,post,,,
2026-08-18T11:39:43.126959,7240,0x46,PUCCH,,,,,,,,,,,,,,,,,,1,-inf,"0.000,",,,,,,,,,1787053183.126959,gnb2,post,post,,,
2026-08-18T11:39:44.739852,7280,0x46,PUCCH,,,,,,,,,,,,,,,,,,1,-inf,"0.000,",,,,,,,,,1787053184.739852,gnb2,post,post,,,
2026-08-18T11:39:45.461343,7300,0x46,PUCCH,,,,,,,,,,,,,,,,,,1,-inf,"0.000,",,,,,,,,,1787053185.461343,gnb2,post,post,,,
2026-08-18T11:39:46.282904,7320,0x46,PUCCH,,,,,,,,,,,,,,,,,,1,-inf,"0.000,",,,,,,,,,1787053186.282904,gnb2,post,post,,,
2026-08-18T11:39:47.188466,7340,0x46,PUCCH,,,,,,,,,,,,,,,,,,1,-inf,"0.000,",,,,,,,,,1787053187.188466,gnb2,post,post,,,
2026-08-18T11:39:48.051094,7360,0x46,PUCCH,,,,,,,,,,,,,,,,,,1,-inf,"0.000,",,,,,,,,,1787053188.051094,gnb2,post,post,,,
2026-08-18T11:39:49.757162,7400,0x46,PUCCH,,,,,,,,,,,,,,,,,,1,-inf,"0.000,",,,,,,,,,1787053189.757162,gnb2,post,post,,,
2026-08-18T11:39:50.467240,7420,0x46,PUCCH,,,,,,,,,,,,,,,,,,1,-inf,"0.000,",,,,,,,,,1787053190.467240,gnb2,post,post,,,
2026-08-18T11:39:51.161600,7440,0x46,PUCCH,,,,,,,,,,,,,,,,,,1,-inf,"0.000,",,,,,,,,,1787053191.161600,gnb2,post,post,,,
2026-08-18T11:39:52.508570,7480,0x46,PUCCH,,,,,,,,,,,,,,,,,,1,-inf,"0.000,",,,,,,,,,1787053192.508570,gnb2,post,post,,,
2026-08-18T11:39:53.337594,7500,0x46,PUCCH,,,,,,,,,,,,,,,,,,1,-inf,"0.000,",,,,,,,,,1787053193.337594,gnb2,post,post,,,
2026-08-18T11:39:54.123162,7520,0x46,PUCCH,,,,,,,,,,,,,,,,,,1,-inf,"0.000,",,,,,,,,,1787053194.123162,gnb2,post,post,,,
2026-08-18T11:39:55.527773,7560,0x46,PUCCH,,,,,,,,,,,,,,,,,,1,-inf,"0.000,",,,,,,,,,1787053195.527773,gnb2,post,post,,,
2026-08-18T11:39:56.436291,7580,0x46,PUCCH,,,,,,,,,,,,,,,,,,1,-inf,"0.000,",,,,,,,,,1787053196.436291,gnb2,post,post,,,
2026-08-18T11:39:57.193458,7600,0x46,PUCCH,,,,,,,,,,,,,,,,,,1,-inf,"0.000,",,,,,,,,,1787053197.193458,gnb2,post,post,,,
2026-08-18T11:39:58.392680,7640,0x46,PUCCH,,,,,,,,,,,,,,,,,,1,-inf,"0.000,",,,,,,,,,1787053198.392680,gnb2,post,post,,,
2026-08-18T11:39:59.106384,7660,0x46,PUCCH,,,,,,,,,,,,,,,,,,1,-inf,"0.000,",,,,,,,,,1787053199.106384,gnb2,post,post,,,
2026-08-18T11:40:00.671774,7700,0x46,PUCCH,,,,,,,,,,,,,,,,,,1,-inf,"0.000,",,,,,,,,,1787053200.671774,gnb2,post,post,,,
2026-08-18T11:40:01.471355,7720,0x46,PUCCH,,,,,,,,,,,,,,,,,,1,-inf,"0.000,",,,,,,,,,1787053201.471355,gnb2,post,post,,,
2026-08-18T11:40:02.631613,7740,0x46,PUCCH,,,,,,,,,,,,,,,,,,1,-inf,"0.000,",,,,,,,,,1787053202.631613,gnb2,post,post,,,
2026-08-18T11:40:03.503190,7760,0x46,PUCCH,,,,,,,,,,,,,,,,,,1,-inf,"0.000,",,,,,,,,,1787053203.503190,gnb2,post,post,,,
2026-08-18T11:40:04.428897,7780,0x46,PUCCH,,,,,,,,,,,,,,,,,,1,-inf,"0.000,",,,,,,,,,1787053204.428897,gnb2,post,post,,,
2026-08-18T11:40:05.327853,7800,0x46,PUCCH,,,,,,,,,,,,,,,,,,1,-inf,"0.000,",,,,,,,,,1787053205.327853,gnb2,post,post,,,
2026-08-18T11:40:06.121989,7820,0x46,PUCCH,,,,,,,,,,,,,,,,,,1,-inf,"0.000,",,,,,,,,,1787053206.121989,gnb2,post,post,,,
2026-08-18T11:40:07.465159,7860,0x46,PUCCH,,,,,,,,,,,,,,,,,,1,-inf,"0.000,",,,,,,,,,1787053207.465159,gnb2,post,post,,,
2026-08-18T11:40:08.163370,7880,0x46,PUCCH,,,,,,,,,,,,,,,,,,1,-inf,"0.000,",,,,,,,,,1787053208.163370,gnb2,post,post,,,
2026-08-18T11:40:09.732020,7920,0x46,PUCCH,,,,,,,,,,,,,,,,,,1,-inf,"0.000,",,,,,,,,,1787053209.732020,gnb2,post,post,,,
2026-08-18T11:40:10.482794,7940,0x46,PUCCH,,,,,,,,,,,,,,,,,,1,-inf,"0.000,",,,,,,,,,1787053210.482794,gnb2,post,post,,,
2026-08-18T11:40:11.269628,7960,0x46,PUCCH,,,,,,,,,,,,,,,,,,1,-inf,"0.000,",,,,,,,,,1787053211.269628,gnb2,post,post,,,
2026-08-18T11:40:12.211054,7980,0x46,PUCCH,,,,,,,,,,,,,,,,,,1,-inf,"0.000,",,,,,,,,,1787053212.211054,gnb2,post,post,,,
2026-08-18T11:40:13.423742,8000,0x46,PUCCH,,,,,,,,,,,,,,,,,,1,-inf,"0.000,",,,,,,,,,1787053213.423742,gnb2,post,post,,,
2026-08-18T11:40:14.369237,8020,0x46,PUCCH,,,,,,,,,,,,,,,,,,1,-inf,"0.000,",,,,,,,,,1787053214.369237,gnb2,post,post,,,
2026-08-18T11:40:15.270569,8040,0x46,PUCCH,,,,,,,,,,,,,,,,,,1,-inf,"0.000,",,,,,,,,,1787053215.270569,gnb2,post,post,,,
2026-08-18T11:40:16.396711,8060,0x46,PUCCH,,,,,,,,,,,,,,,,,,1,-inf,"0.000,",,,,,,,,,1787053216.396711,gnb2,post,post,,,
2026-08-18T11:40:17.267655,8080,0x46,PUCCH,,,,,,,,,,,,,,,,,,1,-inf,"0.000,",,,,,,,,,1787053217.267655,gnb2,post,post,,,
2026-08-18T11:40:18.543904,8100,0x46,PUCCH,,,,,,,,,,,,,,,,,,1,-inf,"0.000,",,,,,,,,,1787053218.543904,gnb2,post,post,,,
2026-08-18T11:40:19.465416,8120,0x46,PUCCH,,,,,,,,,,,,,,,,,,1,-inf,"0.000,",,,,,,,,,1787053219.465416,gnb2,post,post,,,
2026-08-18T11:40:20.272687,8140,0x46,PUCCH,,,,,,,,,,,,,,,,,,1,-inf,"0.000,",,,,,,,,,1787053220.272687,gnb2,post,post,,,
2026-08-18T11:40:21.425064,8160,0x46,PUCCH,,,,,,,,,,,,,,,,,,1,-inf,"0.000,",,,,,,,,,1787053221.425064,gnb2,post,post,,,
2026-08-18T11:40:22.555954,8180,0x46,PUCCH,,,,,,,,,,,,,,,,,,1,-inf,"0.000,",,,,,,,,,1787053222.555954,gnb2,post,post,,,
2026-08-18T11:40:23.354770,8200,0x46,PUCCH,,,,,,,,,,,,,,,,,,1,-inf,"0.000,",,,,,,,,,1787053223.354770,gnb2,post,post,,,
2026-08-18T11:40:24.091184,8220,0x46,PUCCH,,,,,,,,,,,,,,,,,,1,-inf,"0.000,",,,,,,,,,1787053224.091184,gnb2,post,post,,,
2026-08-18T11:40:25.230438,8240,0x46,PUCCH,,,,,,,,,,,,,,,,,,1,-inf,"0.000,",,,,,,,,,1787053225.230438,gnb2,post,post,,,
2026-08-18T11:40:26.240393,8260,0x46,PUCCH,,,,,,,,,,,,,,,,,,1,-inf,"0.000,",,,,,,,,,1787053226.240393,gnb2,post,post,,,
2026-08-18T11:40:27.867627,8300,0x46,PUCCH,,,,,,,,,,,,,,,,,,1,-inf,"0.000,",,,,,,,,,1787053227.867627,gnb2,post,post,,,
2026-08-18T11:40:28.985680,8320,0x46,PUCCH,,,,,,,,,,,,,,,,,,1,-inf,"0.000,",,,,,,,,,1787053228.985680,gnb2,post,post,,,
2026-08-18T11:40:29.036917,8321,0x46,PUCCH,,,,,,,,,,,,,,,,,,2,111.8,"1.000,",,,,,,,,,1787053229.036917,gnb2,post,post,,,
2026-08-18T11:40:30.025806,8340,0x46,PUCCH,,,,,,,,,,,,,,,,,,1,-inf,"0.000,",,,,,,,,,1787053230.025806,gnb2,post,post,,,
2026-08-18T11:40:31.766530,8380,0x46,PUCCH,,,,,,,,,,,,,,,,,,1,-inf,"0.000,",,,,,,,,,1787053231.766530,gnb2,post,post,,,
2026-08-18T11:40:32.662843,8400,0x46,PUCCH,,,,,,,,,,,,,,,,,,1,-inf,"0.000,",,,,,,,,,1787053232.662843,gnb2,post,post,,,
2026-08-18T11:40:33.491634,8420,0x46,PUCCH,,,,,,,,,,,,,,,,,,1,-inf,"0.000,",,,,,,,,,1787053233.491634,gnb2,post,post,,,
2026-08-18T11:40:34.552926,8440,0x46,PUCCH,,,,,,,,,,,,,,,,,,1,-inf,"0.000,",,,,,,,,,1787053234.552926,gnb2,post,post,,,
2026-08-18T11:40:35.821771,8460,0x46,PUCCH,,,,,,,,,,,,,,,,,,1,-inf,"0.000,",,,,,,,,,1787053235.821771,gnb2,post,post,,,
2026-08-18T11:40:36.839421,8480,0x46,PUCCH,,,,,,,,,,,,,,,,,,1,-inf,"0.000,",,,,,,,,,1787053236.839421,gnb2,post,post,,,
2026-08-18T11:40:37.853345,8500,0x46,PUCCH,,,,,,,,,,,,,,,,,,1,-inf,"0.000,",,,,,,,,,1787053237.853345,gnb2,post,post,,,
2026-08-18T11:40:38.787071,8520,0x46,PUCCH,,,,,,,,,,,,,,,,,,1,-inf,"0.000,",,,,,,,,,1787053238.787071,gnb2,post,post,,,
2026-08-18T11:40:40.087885,8540,0x46,PUCCH,,,,,,,,,,,,,,,,,,1,-inf,"0.000,",,,,,,,,,1787053240.087885,gnb2,post,post,,,
2026-08-18T11:40:41.892097,8580,0x46,PUCCH,,,,,,,,,,,,,,,,,,1,-inf,"0.000,",,,,,,,,,1787053241.892097,gnb2,post,post,,,
2026-08-18T11:40:42.914656,8600,0x46,PUCCH,,,,,,,,,,,,,,,,,,1,-inf,"0.000,",,,,,,,,,1787053242.914656,gnb2,post,post,,,
2026-08-18T11:40:44.003683,8620,0x46,PUCCH,,,,,,,,,,,,,,,,,,1,-inf,"0.000,",,,,,,,,,1787053244.003683,gnb2,post,post,,,
2026-08-18T11:40:45.103564,8640,0x46,PUCCH,,,,,,,,,,,,,,,,,,1,-inf,"0.000,",,,,,,,,,1787053245.103564,gnb2,post,post,,,
2026-08-18T11:40:46.759328,8680,0x46,PUCCH,,,,,,,,,,,,,,,,,,1,-inf,"0.000,",,,,,,,,,1787053246.759328,gnb2,post,post,,,
2026-08-18T11:40:47.596764,8700,0x46,PUCCH,,,,,,,,,,,,,,,,,,1,-inf,"0.000,",,,,,,,,,1787053247.596764,gnb2,post,post,,,
2026-08-18T11:40:48.525766,8720,0x46,PUCCH,,,,,,,,,,,,,,,,,,1,-inf,"0.000,",,,,,,,,,1787053248.525766,gnb2,post,post,,,
2026-08-18T11:40:49.501645,8740,0x46,PUCCH,,,,,,,,,,,,,,,,,,1,-inf,"0.000,",,,,,,,,,1787053249.501645,gnb2,post,post,,,
2026-08-18T11:40:50.274827,8760,0x46,PUCCH,,,,,,,,,,,,,,,,,,1,-inf,"0.000,",,,,,,,,,1787053250.274827,gnb2,post,post,,,
2026-08-18T11:40:51.059305,8780,0x46,PUCCH,,,,,,,,,,,,,,,,,,1,-inf,"0.000,",,,,,,,,,1787053251.059305,gnb2,post,post,,,
2026-08-18T11:40:52.810199,8820,0x46,PUCCH,,,,,,,,,,,,,,,,,,1,-inf,"0.000,",,,,,,,,,1787053252.810199,gnb2,post,post,,,
2026-08-18T11:40:53.619023,8840,0x46,PUCCH,,,,,,,,,,,,,,,,,,1,-inf,"0.000,",,,,,,,,,1787053253.619023,gnb2,post,post,,,
2026-08-18T11:40:54.410980,8860,0x46,PUCCH,,,,,,,,,,,,,,,,,,1,-inf,"0.000,",,,,,,,,,1787053254.410980,gnb2,post,post,,,
2026-08-18T11:40:55.199840,8880,0x46,PUCCH,,,,,,,,,,,,,,,,,,1,-inf,"0.000,",,,,,,,,,1787053255.199840,gnb2,post,post,,,
2026-08-18T11:40:57.076660,8920,0x46,PUCCH,,,,,,,,,,,,,,,,,,1,-inf,"0.000,",,,,,,,,,1787053257.076660,gnb2,post,post,,,
2026-08-18T11:40:58.283419,8940,0x46,PUCCH,,,,,,,,,,,,,,,,,,1,-inf,"0.000,",,,,,,,,,1787053258.283419,gnb2,post,post,,,
2026-08-18T11:40:59.393229,8960,0x46,PUCCH,,,,,,,,,,,,,,,,,,1,-inf,"0.000,",,,,,,,,,1787053259.393229,gnb2,post,post,,,
2026-08-18T11:41:00.240822,8980,0x46,PUCCH,,,,,,,,,,,,,,,,,,1,-inf,"0.000,",,,,,,,,,1787053260.240822,gnb2,post,post,,,
2026-08-18T11:41:01.115488,9000,0x46,PUCCH,,,,,,,,,,,,,,,,,,1,-inf,"0.000,",,,,,,,,,1787053261.115488,gnb2,post,post,,,
2026-08-18T11:41:02.569705,9020,0x46,PUCCH,,,,,,,,,,,,,,,,,,1,-inf,"0.000,",,,,,,,,,1787053262.569705,gnb2,post,post,,,
2026-08-18T11:41:03.705329,9040,0x46,PUCCH,,,,,,,,,,,,,,,,,,1,-inf,"0.000,",,,,,,,,,1787053263.705329,gnb2,post,post,,,
2026-08-18T11:41:04.534862,9060,0x46,PUCCH,,,,,,,,,,,,,,,,,,1,-inf,"0.000,",,,,,,,,,1787053264.534862,gnb2,post,post,,,
2026-08-18T11:41:05.543803,9080,0x46,PUCCH,,,,,,,,,,,,,,,,,,1,-inf,"0.000,",,,,,,,,,1787053265.543803,gnb2,post,post,,,
2026-08-18T11:41:06.208802,9100,0x46,PUCCH,,,,,,,,,,,,,,,,,,1,-inf,"0.000,",,,,,,,,,1787053266.208802,gnb2,post,post,,,
2026-08-18T11:41:07.416147,9120,0x46,PUCCH,,,,,,,,,,,,,,,,,,1,-inf,"0.000,",,,,,,,,,1787053267.416147,gnb2,post,post,,,
2026-08-18T11:41:09.287389,9140,0x46,PUCCH,,,,,,,,,,,,,,,,,,1,-inf,"0.000,",,,,,,,,,1787053269.287389,gnb2,post,post,,,
2026-08-18T11:41:10.457799,9160,0x46,PUCCH,,,,,,,,,,,,,,,,,,1,-inf,"0.000,",,,,,,,,,1787053270.457799,gnb2,post,post,,,
2026-08-18T11:41:11.315567,9180,0x46,PUCCH,,,,,,,,,,,,,,,,,,1,-inf,"0.000,",,,,,,,,,1787053271.315567,gnb2,post,post,,,
2026-08-18T11:41:12.075160,9200,0x46,PUCCH,,,,,,,,,,,,,,,,,,1,-inf,"0.000,",,,,,,,,,1787053272.075160,gnb2,post,post,,,
2026-08-18T11:41:13.666450,9240,0x46,PUCCH,,,,,,,,,,,,,,,,,,1,-inf,"0.000,",,,,,,,,,1787053273.666450,gnb2,post,post,,,
2026-08-18T11:41:14.712908,9260,0x46,PUCCH,,,,,,,,,,,,,,,,,,1,-inf,"0.000,",,,,,,,,,1787053274.712908,gnb2,post,post,,,
2026-08-18T11:41:15.610471,9280,0x46,PUCCH,,,,,,,,,,,,,,,,,,1,-inf,"0.000,",,,,,,,,,1787053275.610471,gnb2,post,post,,,
2026-08-18T11:41:16.785338,9300,0x46,PUCCH,,,,,,,,,,,,,,,,,,1,-inf,"0.000,",,,,,,,,,1787053276.785338,gnb2,post,post,,,
2026-08-18T11:41:17.721911,9320,0x46,PUCCH,,,,,,,,,,,,,,,,,,1,-inf,"0.000,",,,,,,,,,1787053277.721911,gnb2,post,post,,,
2026-08-18T11:41:18.513705,9340,0x46,PUCCH,,,,,,,,,,,,,,,,,,1,-inf,"0.000,",,,,,,,,,1787053278.513705,gnb2,post,post,,,
2026-08-18T11:41:19.221048,9360,0x46,PUCCH,,,,,,,,,,,,,,,,,,1,-inf,"0.000,",,,,,,,,,1787053279.221048,gnb2,post,post,,,
2026-08-18T11:41:20.057295,9380,0x46,PUCCH,,,,,,,,,,,,,,,,,,1,-inf,"0.000,",,,,,,,,,1787053280.057295,gnb2,post,post,,,
2026-08-18T11:41:21.094610,9400,0x46,PUCCH,,,,,,,,,,,,,,,,,,1,-inf,"0.000,",,,,,,,,,1787053281.094610,gnb2,post,post,,,
2026-08-18T11:41:22.042038,9420,0x46,PUCCH,,,,,,,,,,,,,,,,,,1,-inf,"0.000,",,,,,,,,,1787053282.042038,gnb2,post,post,,,
2026-08-18T11:41:23.404917,9460,0x46,PUCCH,,,,,,,,,,,,,,,,,,1,-inf,"0.000,",,,,,,,,,1787053283.404917,gnb2,post,post,,,
2026-08-18T11:41:24.019556,9480,0x46,PUCCH,,,,,,,,,,,,,,,,,,1,-inf,"0.000,",,,,,,,,,1787053284.019556,gnb2,post,post,,,
2026-08-18T11:41:25.813234,9520,0x46,PUCCH,,,,,,,,,,,,,,,,,,1,-inf,"0.000,",,,,,,,,,1787053285.813234,gnb2,post,post,,,
2026-08-18T11:41:26.904979,9540,0x46,PUCCH,,,,,,,,,,,,,,,,,,1,-inf,"0.000,",,,,,,,,,1787053286.904979,gnb2,post,post,,,
2026-08-18T11:41:27.914536,9560,0x46,PUCCH,,,,,,,,,,,,,,,,,,1,-inf,"0.000,",,,,,,,,,1787053287.914536,gnb2,post,post,,,
2026-08-18T11:41:28.705660,9580,0x46,PUCCH,,,,,,,,,,,,,,,,,,1,-inf,"0.000,",,,,,,,,,1787053288.705660,gnb2,post,post,,,
2026-08-18T11:41:29.610582,9600,0x46,PUCCH,,,,,,,,,,,,,,,,,,1,-inf,"0.000,",,,,,,,,,1787053289.610582,gnb2,post,post,,,
2026-08-18T11:41:30.329789,9620,0x46,PUCCH,,,,,,,,,,,,,,,,,,1,-inf,"0.000,",,,,,,,,,1787053290.329789,gnb2,post,post,,,
2026-08-18T11:41:31.096664,9640,0x46,PUCCH,,,,,,,,,,,,,,,,,,1,-inf,"0.000,",,,,,,,,,1787053291.096664,gnb2,post,post,,,
2026-08-18T11:41:32.229842,9660,0x46,PUCCH,,,,,,,,,,,,,,,,,,1,-inf,"0.000,",,,,,,,,,1787053292.229842,gnb2,post,post,,,
2026-08-18T11:41:33.232544,9680,0x46,PUCCH,,,,,,,,,,,,,,,,,,1,-inf,"0.000,",,,,,,,,,1787053293.232544,gnb2,post,post,,,
2026-08-18T11:41:34.153023,9700,0x46,PUCCH,,,,,,,,,,,,,,,,,,1,-inf,"0.000,",,,,,,,,,1787053294.153023,gnb2,post,post,,,
2026-08-18T11:41:35.730716,9740,0x46,PUCCH,,,,,,,,,,,,,,,,,,1,-inf,"0.000,",,,,,,,,,1787053295.730716,gnb2,post,post,,,
2026-08-18T11:41:36.903032,9760,0x46,PUCCH,,,,,,,,,,,,,,,,,,1,-inf,"0.000,",,,,,,,,,1787053296.903032,gnb2,post,post,,,
2026-08-18T11:41:37.767466,9780,0x46,PUCCH,,,,,,,,,,,,,,,,,,1,-inf,"0.000,",,,,,,,,,1787053297.767466,gnb2,post,post,,,
2026-08-18T11:41:38.742643,9800,0x46,PUCCH,,,,,,,,,,,,,,,,,,1,-inf,"0.000,",,,,,,,,,1787053298.742643,gnb2,post,post,,,
2026-08-18T11:41:39.606569,9820,0x46,PUCCH,,,,,,,,,,,,,,,,,,1,-inf,"0.000,",,,,,,,,,1787053299.606569,gnb2,post,post,,,
2026-08-18T11:41:40.558319,9840,0x46,PUCCH,,,,,,,,,,,,,,,,,,1,-inf,"0.000,",,,,,,,,,1787053300.558319,gnb2,post,post,,,
2026-08-18T11:41:41.356290,9860,0x46,PUCCH,,,,,,,,,,,,,,,,,,1,-inf,"0.000,",,,,,,,,,1787053301.356290,gnb2,post,post,,,
2026-08-18T11:41:42.450302,9880,0x46,PUCCH,,,,,,,,,,,,,,,,,,1,-inf,"0.000,",,,,,,,,,1787053302.450302,gnb2,post,post,,,
2026-08-18T11:41:43.435944,9900,0x46,PUCCH,,,,,,,,,,,,,,,,,,1,-inf,"0.000,",,,,,,,,,1787053303.435944,gnb2,post,post,,,
2026-08-18T11:41:44.414110,9920,0x46,PUCCH,,,,,,,,,,,,,,,,,,1,-inf,"0.000,",,,,,,,,,1787053304.414110,gnb2,post,post,,,
2026-08-18T11:41:45.593684,9940,0x46,PUCCH,,,,,,,,,,,,,,,,,,1,-inf,"0.000,",,,,,,,,,1787053305.593684,gnb2,post,post,,,
2026-08-18T11:41:46.627800,9960,0x46,PUCCH,,,,,,,,,,,,,,,,,,1,-inf,"0.000,",,,,,,,,,1787053306.627800,gnb2,post,post,,,
2026-08-18T11:41:47.549312,9980,0x46,PUCCH,,,,,,,,,,,,,,,,,,1,-inf,"0.000,",,,,,,,,,1787053307.549312,gnb2,post,post,,,
2026-08-18T11:41:48.461383,10000,0x46,PUCCH,,,,,,,,,,,,,,,,,,1,-inf,"0.000,",,,,,,,,,1787053308.461383,gnb2,post,post,,,
2026-08-18T11:41:49.407006,10020,0x46,PUCCH,,,,,,,,,,,,,,,,,,1,-inf,"0.000,",,,,,,,,,1787053309.407006,gnb2,post,post,,,
2026-08-18T11:41:50.696902,10040,0x46,PUCCH,,,,,,,,,,,,,,,,,,1,-inf,"0.000,",,,,,,,,,1787053310.696902,gnb2,post,post,,,
2026-08-18T11:41:51.777273,10060,0x46,PUCCH,,,,,,,,,,,,,,,,,,1,-inf,"0.000,",,,,,,,,,1787053311.777273,gnb2,post,post,,,
2026-08-18T11:41:52.784315,10080,0x46,PUCCH,,,,,,,,,,,,,,,,,,1,-inf,"0.000,",,,,,,,,,1787053312.784315,gnb2,post,post,,,
2026-08-18T11:41:53.799758,10100,0x46,PUCCH,,,,,,,,,,,,,,,,,,1,-inf,"0.000,",,,,,,,,,1787053313.799758,gnb2,post,post,,,
2026-08-18T11:41:54.758957,10120,0x46,PUCCH,,,,,,,,,,,,,,,,,,1,-inf,"0.000,",,,,,,,,,1787053314.758957,gnb2,post,post,,,
2026-08-18T11:41:56.461236,10140,0x46,PUCCH,,,,,,,,,,,,,,,,,,1,-inf,"0.000,",,,,,,,,,1787053316.461236,gnb2,post,post,,,
2026-08-18T11:41:57.584654,10160,0x46,PUCCH,,,,,,,,,,,,,,,,,,1,-inf,"0.000,",,,,,,,,,1787053317.584654,gnb2,post,post,,,
2026-08-18T11:41:58.734590,10180,0x46,PUCCH,,,,,,,,,,,,,,,,,,1,-inf,"0.000,",,,,,,,,,1787053318.734590,gnb2,post,post,,,
2026-08-18T11:41:59.696261,10200,0x46,PUCCH,,,,,,,,,,,,,,,,,,1,-inf,"0.000,",,,,,,,,,1787053319.696261,gnb2,post,post,,,
2026-08-18T11:42:01.249524,10220,0x46,PUCCH,,,,,,,,,,,,,,,,,,1,-inf,"0.000,",,,,,,,,,1787053321.249524,gnb2,post,post,,,
2026-08-18T11:42:02.087446,0,0x46,PUCCH,,,,,,,,,,,,,,,,,,1,-inf,"0.000,",,,,,,,,,1787053322.087446,gnb2,post,post,,,
2026-08-18T11:42:03.073719,20,0x46,PUCCH,,,,,,,,,,,,,,,,,,1,-inf,"0.000,",,,,,,,,,1787053323.073719,gnb2,post,post,,,
2026-08-18T11:42:04.825936,60,0x46,PUCCH,,,,,,,,,,,,,,,,,,1,-inf,"0.000,",,,,,,,,,1787053324.825936,gnb2,post,post,,,
2026-08-18T11:42:05.946786,80,0x46,PUCCH,,,,,,,,,,,,,,,,,,1,-inf,"0.000,",,,,,,,,,1787053325.946786,gnb2,post,post,,,
2026-08-18T11:42:06.976095,100,0x46,PUCCH,,,,,,,,,,,,,,,,,,1,-inf,"0.000,",,,,,,,,,1787053326.976095,gnb2,post,post,,,
2026-08-18T11:42:07.860333,120,0x46,PUCCH,,,,,,,,,,,,,,,,,,1,-inf,"0.000,",,,,,,,,,1787053327.860333,gnb2,post,post,,,
2026-08-18T11:42:08.720478,140,0x46,PUCCH,,,,,,,,,,,,,,,,,,1,-inf,"0.000,",,,,,,,,,1787053328.720478,gnb2,post,post,,,
2026-08-18T11:42:09.519299,160,0x46,PUCCH,,,,,,,,,,,,,,,,,,1,-inf,"0.000,",,,,,,,,,1787053329.519299,gnb2,post,post,,,
2026-08-18T11:42:10.538266,180,0x46,PUCCH,,,,,,,,,,,,,,,,,,1,-inf,"0.000,",,,,,,,,,1787053330.538266,gnb2,post,post,,,
2026-08-18T11:42:11.469937,200,0x46,PUCCH,,,,,,,,,,,,,,,,,,1,-inf,"0.000,",,,,,,,,,1787053331.469937,gnb2,post,post,,,
2026-08-18T11:42:12.216458,220,0x46,PUCCH,,,,,,,,,,,,,,,,,,1,-inf,"0.000,",,,,,,,,,1787053332.216458,gnb2,post,post,,,
2026-08-18T11:42:13.200855,240,0x46,PUCCH,,,,,,,,,,,,,,,,,,1,-inf,"0.000,",,,,,,,,,1787053333.200855,gnb2,post,post,,,
2026-08-18T11:42:14.696909,280,0x46,PUCCH,,,,,,,,,,,,,,,,,,1,-inf,"0.000,",,,,,,,,,1787053334.696909,gnb2,post,post,,,
2026-08-18T11:42:15.544590,300,0x46,PUCCH,,,,,,,,,,,,,,,,,,1,-inf,"0.000,",,,,,,,,,1787053335.544590,gnb2,post,post,,,
2026-08-18T11:42:16.258490,320,0x46,PUCCH,,,,,,,,,,,,,,,,,,1,-inf,"0.000,",,,,,,,,,1787053336.258490,gnb2,post,post,,,
2026-08-18T11:42:17.198538,340,0x46,PUCCH,,,,,,,,,,,,,,,,,,1,-inf,"0.000,",,,,,,,,,1787053337.198538,gnb2,post,post,,,
2026-08-18T11:42:18.721050,360,0x46,PUCCH,,,,,,,,,,,,,,,,,,1,-inf,"0.000,",,,,,,,,,1787053338.721050,gnb2,post,post,,,
2026-08-18T11:42:19.637328,380,0x46,PUCCH,,,,,,,,,,,,,,,,,,1,-inf,"0.000,",,,,,,,,,1787053339.637328,gnb2,post,post,,,
2026-08-18T11:42:21.111083,400,0x46,PUCCH,,,,,,,,,,,,,,,,,,1,-inf,"0.000,",,,,,,,,,1787053341.111083,gnb2,post,post,,,
2026-08-18T11:42:22.247809,420,0x46,PUCCH,,,,,,,,,,,,,,,,,,1,-inf,"0.000,",,,,,,,,,1787053342.247809,gnb2,post,post,,,
2026-08-18T11:42:23.661244,440,0x46,PUCCH,,,,,,,,,,,,,,,,,,1,-inf,"0.000,",,,,,,,,,1787053343.661244,gnb2,post,post,,,
2026-08-18T11:42:24.920667,460,0x46,PUCCH,,,,,,,,,,,,,,,,,,1,-inf,"0.000,",,,,,,,,,1787053344.920667,gnb2,post,post,,,
2026-08-18T11:42:25.806561,480,0x46,PUCCH,,,,,,,,,,,,,,,,,,1,-inf,"0.000,",,,,,,,,,1787053345.806561,gnb2,post,post,,,
2026-08-18T11:42:26.559535,500,0x46,PUCCH,,,,,,,,,,,,,,,,,,1,-inf,"0.000,",,,,,,,,,1787053346.559535,gnb2,post,post,,,
2026-08-18T11:42:27.425872,520,0x46,PUCCH,,,,,,,,,,,,,,,,,,1,-inf,"0.000,",,,,,,,,,1787053347.425872,gnb2,post,post,,,
2026-08-18T11:42:28.537167,540,0x46,PUCCH,,,,,,,,,,,,,,,,,,1,-inf,"0.000,",,,,,,,,,1787053348.537167,gnb2,post,post,,,
2026-08-18T11:42:29.467172,560,0x46,PUCCH,,,,,,,,,,,,,,,,,,1,-inf,"0.000,",,,,,,,,,1787053349.467172,gnb2,post,post,,,
2026-08-18T11:42:30.418693,580,0x46,PUCCH,,,,,,,,,,,,,,,,,,1,-inf,"0.000,",,,,,,,,,1787053350.418693,gnb2,post,post,,,
2026-08-18T11:42:31.390138,600,0x46,PUCCH,,,,,,,,,,,,,,,,,,1,-inf,"0.000,",,,,,,,,,1787053351.390138,gnb2,post,post,,,
2026-08-18T11:42:32.113192,620,0x46,PUCCH,,,,,,,,,,,,,,,,,,1,-inf,"0.000,",,,,,,,,,1787053352.113192,gnb2,post,post,,,
2026-08-18T11:42:33.043772,640,0x46,PUCCH,,,,,,,,,,,,,,,,,,1,-inf,"0.000,",,,,,,,,,1787053353.043772,gnb2,post,post,,,
2026-08-18T11:42:34.014677,660,0x46,PUCCH,,,,,,,,,,,,,,,,,,1,-inf,"0.000,",,,,,,,,,1787053354.014677,gnb2,post,post,,,
2026-08-18T11:42:35.599265,700,0x46,PUCCH,,,,,,,,,,,,,,,,,,1,-inf,"0.000,",,,,,,,,,1787053355.599265,gnb2,post,post,,,
2026-08-18T11:42:36.477896,720,0x46,PUCCH,,,,,,,,,,,,,,,,,,1,-inf,"0.000,",,,,,,,,,1787053356.477896,gnb2,post,post,,,
2026-08-18T11:42:37.482810,740,0x46,PUCCH,,,,,,,,,,,,,,,,,,1,-inf,"0.000,",,,,,,,,,1787053357.482810,gnb2,post,post,,,
2026-08-18T11:42:38.593066,760,0x46,PUCCH,,,,,,,,,,,,,,,,,,1,-inf,"0.000,",,,,,,,,,1787053358.593066,gnb2,post,post,,,
2026-08-18T11:42:39.466461,780,0x46,PUCCH,,,,,,,,,,,,,,,,,,1,-inf,"0.000,",,,,,,,,,1787053359.466461,gnb2,post,post,,,
2026-08-18T11:42:40.317232,800,0x46,PUCCH,,,,,,,,,,,,,,,,,,1,-inf,"0.000,",,,,,,,,,1787053360.317232,gnb2,post,post,,,
2026-08-18T11:42:41.567028,820,0x46,PUCCH,,,,,,,,,,,,,,,,,,1,-inf,"0.000,",,,,,,,,,1787053361.567028,gnb2,post,post,,,
2026-08-18T11:42:42.870384,840,0x46,PUCCH,,,,,,,,,,,,,,,,,,1,-inf,"0.000,",,,,,,,,,1787053362.870384,gnb2,post,post,,,
2026-08-18T11:42:43.992959,860,0x46,PUCCH,,,,,,,,,,,,,,,,,,1,-inf,"0.000,",,,,,,,,,1787053363.992959,gnb2,post,post,,,
2026-08-18T11:42:44.775575,880,0x46,PUCCH,,,,,,,,,,,,,,,,,,1,-inf,"0.000,",,,,,,,,,1787053364.775575,gnb2,post,post,,,
2026-08-18T11:42:45.710615,900,0x46,PUCCH,,,,,,,,,,,,,,,,,,1,-inf,"0.000,",,,,,,,,,1787053365.710615,gnb2,post,post,,,
2026-08-18T11:42:46.831896,920,0x46,PUCCH,,,,,,,,,,,,,,,,,,1,-inf,"0.000,",,,,,,,,,1787053366.831896,gnb2,post,post,,,
2026-08-18T11:42:47.792124,940,0x46,PUCCH,,,,,,,,,,,,,,,,,,1,-inf,"0.000,",,,,,,,,,1787053367.792124,gnb2,post,post,,,
2026-08-18T11:42:48.692024,960,0x46,PUCCH,,,,,,,,,,,,,,,,,,1,-inf,"0.000,",,,,,,,,,1787053368.692024,gnb2,post,post,,,
2026-08-18T11:42:49.618697,980,0x46,PUCCH,,,,,,,,,,,,,,,,,,1,-inf,"0.000,",,,,,,,,,1787053369.618697,gnb2,post,post,,,
2026-08-18T11:42:50.539135,1000,0x46,PUCCH,,,,,,,,,,,,,,,,,,1,-inf,"0.000,",,,,,,,,,1787053370.539135,gnb2,post,post,,,
2026-08-18T11:42:51.516758,1020,0x46,PUCCH,,,,,,,,,,,,,,,,,,1,-inf,"0.000,",,,,,,,,,1787053371.516758,gnb2,post,post,,,
2026-08-18T11:42:52.278754,1040,0x46,PUCCH,,,,,,,,,,,,,,,,,,1,-inf,"0.000,",,,,,,,,,1787053372.278754,gnb2,post,post,,,
2026-08-18T11:42:53.330000,1060,0x46,PUCCH,,,,,,,,,,,,,,,,,,1,-inf,"0.000,",,,,,,,,,1787053373.330000,gnb2,post,post,,,
2026-08-18T11:42:54.383916,1080,0x46,PUCCH,,,,,,,,,,,,,,,,,,1,-inf,"0.000,",,,,,,,,,1787053374.383916,gnb2,post,post,,,
2026-08-18T11:42:55.505014,1100,0x46,PUCCH,,,,,,,,,,,,,,,,,,1,-inf,"0.000,",,,,,,,,,1787053375.505014,gnb2,post,post,,,
2026-08-18T11:42:56.520276,1120,0x46,PUCCH,,,,,,,,,,,,,,,,,,1,-inf,"0.000,",,,,,,,,,1787053376.520276,gnb2,post,post,,,
2026-08-18T11:42:57.508379,1140,0x46,PUCCH,,,,,,,,,,,,,,,,,,1,-inf,"0.000,",,,,,,,,,1787053377.508379,gnb2,post,post,,,
2026-08-18T11:42:58.405611,1160,0x46,PUCCH,,,,,,,,,,,,,,,,,,1,-inf,"0.000,",,,,,,,,,1787053378.405611,gnb2,post,post,,,
2026-08-18T11:42:59.405020,1180,0x46,PUCCH,,,,,,,,,,,,,,,,,,1,-inf,"0.000,",,,,,,,,,1787053379.405020,gnb2,post,post,,,
2026-08-18T11:43:00.494303,1200,0x46,PUCCH,,,,,,,,,,,,,,,,,,1,-inf,"0.000,",,,,,,,,,1787053380.494303,gnb2,post,post,,,
2026-08-18T11:43:01.568060,1220,0x46,PUCCH,,,,,,,,,,,,,,,,,,1,-inf,"0.000,",,,,,,,,,1787053381.568060,gnb2,post,post,,,
2026-08-18T11:43:02.671095,1240,0x46,PUCCH,,,,,,,,,,,,,,,,,,1,-inf,"0.000,",,,,,,,,,1787053382.671095,gnb2,post,post,,,
2026-08-18T11:43:03.801999,1260,0x46,PUCCH,,,,,,,,,,,,,,,,,,1,-inf,"0.000,",,,,,,,,,1787053383.801999,gnb2,post,post,,,
2026-08-18T11:43:05.075491,1280,0x46,PUCCH,,,,,,,,,,,,,,,,,,1,-inf,"0.000,",,,,,,,,,1787053385.075491,gnb2,post,post,,,
2026-08-18T11:43:06.186642,1300,0x46,PUCCH,,,,,,,,,,,,,,,,,,1,-inf,"0.000,",,,,,,,,,1787053386.186642,gnb2,post,post,,,
2026-08-18T11:43:07.107275,1320,0x46,PUCCH,,,,,,,,,,,,,,,,,,1,-inf,"0.000,",,,,,,,,,1787053387.107275,gnb2,post,post,,,
2026-08-18T11:43:08.091833,1340,0x46,PUCCH,,,,,,,,,,,,,,,,,,1,-inf,"0.000,",,,,,,,,,1787053388.091833,gnb2,post,post,,,
2026-08-18T11:43:09.569012,1360,0x46,PUCCH,,,,,,,,,,,,,,,,,,1,-inf,"0.000,",,,,,,,,,1787053389.569012,gnb2,post,post,,,
2026-08-18T11:43:11.136992,1380,0x46,PUCCH,,,,,,,,,,,,,,,,,,1,-inf,"0.000,",,,,,,,,,1787053391.136992,gnb2,post,post,,,
2026-08-18T11:43:12.201031,1400,0x46,PUCCH,,,,,,,,,,,,,,,,,,1,-inf,"0.000,",,,,,,,,,1787053392.201031,gnb2,post,post,,,
2026-08-18T11:43:13.517773,1420,0x46,PUCCH,,,,,,,,,,,,,,,,,,1,-inf,"0.000,",,,,,,,,,1787053393.517773,gnb2,post,post,,,
2026-08-18T11:43:14.514184,1440,0x46,PUCCH,,,,,,,,,,,,,,,,,,1,-inf,"0.000,",,,,,,,,,1787053394.514184,gnb2,post,post,,,
2026-08-18T11:43:15.428581,1460,0x46,PUCCH,,,,,,,,,,,,,,,,,,1,-inf,"0.000,",,,,,,,,,1787053395.428581,gnb2,post,post,,,
2026-08-18T11:43:16.391556,1480,0x46,PUCCH,,,,,,,,,,,,,,,,,,1,-inf,"0.000,",,,,,,,,,1787053396.391556,gnb2,post,post,,,
2026-08-18T11:43:17.498738,1500,0x46,PUCCH,,,,,,,,,,,,,,,,,,1,-inf,"0.000,",,,,,,,,,1787053397.498738,gnb2,post,post,,,
2026-08-18T11:43:18.598430,1520,0x46,PUCCH,,,,,,,,,,,,,,,,,,1,-inf,"0.000,",,,,,,,,,1787053398.598430,gnb2,post,post,,,
2026-08-18T11:43:19.747510,1540,0x46,PUCCH,,,,,,,,,,,,,,,,,,1,-inf,"0.000,",,,,,,,,,1787053399.747510,gnb2,post,post,,,
2026-08-18T11:43:20.836711,1560,0x46,PUCCH,,,,,,,,,,,,,,,,,,1,-inf,"0.000,",,,,,,,,,1787053400.836711,gnb2,post,post,,,
2026-08-18T11:43:21.743545,1580,0x46,PUCCH,,,,,,,,,,,,,,,,,,1,-inf,"0.000,",,,,,,,,,1787053401.743545,gnb2,post,post,,,
2026-08-18T11:43:22.470399,1600,0x46,PUCCH,,,,,,,,,,,,,,,,,,1,-inf,"0.000,",,,,,,,,,1787053402.470399,gnb2,post,post,,,
2026-08-18T11:43:23.597519,1620,0x46,PUCCH,,,,,,,,,,,,,,,,,,1,-inf,"0.000,",,,,,,,,,1787053403.597519,gnb2,post,post,,,
2026-08-18T11:43:24.751371,1640,0x46,PUCCH,,,,,,,,,,,,,,,,,,1,-inf,"0.000,",,,,,,,,,1787053404.751371,gnb2,post,post,,,
2026-08-18T11:43:25.663386,1660,0x46,PUCCH,,,,,,,,,,,,,,,,,,1,-inf,"0.000,",,,,,,,,,1787053405.663386,gnb2,post,post,,,
2026-08-18T11:43:26.468582,1680,0x46,PUCCH,,,,,,,,,,,,,,,,,,1,-inf,"0.000,",,,,,,,,,1787053406.468582,gnb2,post,post,,,
2026-08-18T11:43:27.587501,1700,0x46,PUCCH,,,,,,,,,,,,,,,,,,1,-inf,"0.000,",,,,,,,,,1787053407.587501,gnb2,post,post,,,
2026-08-18T11:43:29.027475,1720,0x46,PUCCH,,,,,,,,,,,,,,,,,,1,-inf,"0.000,",,,,,,,,,1787053409.027475,gnb2,post,post,,,
2026-08-18T11:43:30.257498,1740,0x46,PUCCH,,,,,,,,,,,,,,,,,,1,-inf,"0.000,",,,,,,,,,1787053410.257498,gnb2,post,post,,,
2026-08-18T11:43:31.472500,1760,0x46,PUCCH,,,,,,,,,,,,,,,,,,1,-inf,"0.000,",,,,,,,,,1787053411.472500,gnb2,post,post,,,
2026-08-18T11:43:32.250421,1780,0x46,PUCCH,,,,,,,,,,,,,,,,,,1,-inf,"0.000,",,,,,,,,,1787053412.250421,gnb2,post,post,,,
2026-08-18T11:43:33.162076,1800,0x46,PUCCH,,,,,,,,,,,,,,,,,,1,-inf,"0.000,",,,,,,,,,1787053413.162076,gnb2,post,post,,,
2026-08-18T11:43:34.264902,1820,0x46,PUCCH,,,,,,,,,,,,,,,,,,1,-inf,"0.000,",,,,,,,,,1787053414.264902,gnb2,post,post,,,
2026-08-18T11:43:35.308092,1840,0x46,PUCCH,,,,,,,,,,,,,,,,,,1,-inf,"0.000,",,,,,,,,,1787053415.308092,gnb2,post,post,,,
2026-08-18T11:43:36.292705,1860,0x46,PUCCH,,,,,,,,,,,,,,,,,,1,-inf,"0.000,",,,,,,,,,1787053416.292705,gnb2,post,post,,,
2026-08-18T11:43:37.210682,1880,0x46,PUCCH,,,,,,,,,,,,,,,,,,1,-inf,"0.000,",,,,,,,,,1787053417.210682,gnb2,post,post,,,
2026-08-18T11:43:38.119250,1900,0x46,PUCCH,,,,,,,,,,,,,,,,,,1,-inf,"0.000,",,,,,,,,,1787053418.119250,gnb2,post,post,,,
2026-08-18T11:43:39.713678,1920,0x46,PUCCH,,,,,,,,,,,,,,,,,,1,-inf,"0.000,",,,,,,,,,1787053419.713678,gnb2,post,post,,,
2026-08-18T11:43:40.785128,1940,0x46,PUCCH,,,,,,,,,,,,,,,,,,1,-inf,"0.000,",,,,,,,,,1787053420.785128,gnb2,post,post,,,
2026-08-18T11:43:41.866696,1960,0x46,PUCCH,,,,,,,,,,,,,,,,,,1,-inf,"0.000,",,,,,,,,,1787053421.866696,gnb2,post,post,,,
2026-08-18T11:43:42.964136,1980,0x46,PUCCH,,,,,,,,,,,,,,,,,,1,-inf,"0.000,",,,,,,,,,1787053422.964136,gnb2,post,post,,,
2026-08-18T11:43:44.077269,2000,0x46,PUCCH,,,,,,,,,,,,,,,,,,1,-inf,"0.000,",,,,,,,,,1787053424.077269,gnb2,post,post,,,
2026-08-18T11:43:45.362927,2020,0x46,PUCCH,,,,,,,,,,,,,,,,,,1,-inf,"0.000,",,,,,,,,,1787053425.362927,gnb2,post,post,,,
2026-08-18T11:43:46.486062,2040,0x46,PUCCH,,,,,,,,,,,,,,,,,,1,-inf,"0.000,",,,,,,,,,1787053426.486062,gnb2,post,post,,,
2026-08-18T11:43:47.460982,2060,0x46,PUCCH,,,,,,,,,,,,,,,,,,1,-inf,"0.000,",,,,,,,,,1787053427.460982,gnb2,post,post,,,
2026-08-18T11:43:48.288661,2080,0x46,PUCCH,,,,,,,,,,,,,,,,,,1,-inf,"0.000,",,,,,,,,,1787053428.288661,gnb2,post,post,,,
2026-08-18T11:43:49.142957,2100,0x46,PUCCH,,,,,,,,,,,,,,,,,,1,-inf,"0.000,",,,,,,,,,1787053429.142957,gnb2,post,post,,,
2026-08-18T11:43:50.651959,2140,0x46,PUCCH,,,,,,,,,,,,,,,,,,1,-inf,"0.000,",,,,,,,,,1787053430.651959,gnb2,post,post,,,
2026-08-18T11:43:51.586690,2160,0x46,PUCCH,,,,,,,,,,,,,,,,,,1,-inf,"0.000,",,,,,,,,,1787053431.586690,gnb2,post,post,,,
2026-08-18T11:43:52.844329,2180,0x46,PUCCH,,,,,,,,,,,,,,,,,,1,-inf,"0.000,",,,,,,,,,1787053432.844329,gnb2,post,post,,,
2026-08-18T11:43:54.060585,2200,0x46,PUCCH,,,,,,,,,,,,,,,,,,1,-inf,"0.000,",,,,,,,,,1787053434.060585,gnb2,post,post,,,
2026-08-18T11:43:55.768315,2240,0x46,PUCCH,,,,,,,,,,,,,,,,,,1,-inf,"0.000,",,,,,,,,,1787053435.768315,gnb2,post,post,,,
2026-08-18T11:43:56.505670,2260,0x46,PUCCH,,,,,,,,,,,,,,,,,,1,-inf,"0.000,",,,,,,,,,1787053436.505670,gnb2,post,post,,,
2026-08-18T11:43:57.523496,2280,0x46,PUCCH,,,,,,,,,,,,,,,,,,1,-inf,"0.000,",,,,,,,,,1787053437.523496,gnb2,post,post,,,
2026-08-18T11:43:58.404786,2300,0x46,PUCCH,,,,,,,,,,,,,,,,,,1,-inf,"0.000,",,,,,,,,,1787053438.404786,gnb2,post,post,,,
2026-08-18T11:43:59.217316,2320,0x46,PUCCH,,,,,,,,,,,,,,,,,,1,-inf,"0.000,",,,,,,,,,1787053439.217316,gnb2,post,post,,,
2026-08-18T11:44:00.776505,2360,0x46,PUCCH,,,,,,,,,,,,,,,,,,1,-inf,"0.000,",,,,,,,,,1787053440.776505,gnb2,post,post,,,
2026-08-18T11:44:01.589496,2380,0x46,PUCCH,,,,,,,,,,,,,,,,,,1,-inf,"0.000,",,,,,,,,,1787053441.589496,gnb2,post,post,,,
2026-08-18T11:44:02.343528,2400,0x46,PUCCH,,,,,,,,,,,,,,,,,,1,-inf,"0.000,",,,,,,,,,1787053442.343528,gnb2,post,post,,,
2026-08-18T11:44:03.344612,2420,0x46,PUCCH,,,,,,,,,,,,,,,,,,1,-inf,"0.000,",,,,,,,,,1787053443.344612,gnb2,post,post,,,
2026-08-18T11:44:04.474870,2440,0x46,PUCCH,,,,,,,,,,,,,,,,,,1,-inf,"0.000,",,,,,,,,,1787053444.474870,gnb2,post,post,,,
2026-08-18T11:44:05.452493,2460,0x46,PUCCH,,,,,,,,,,,,,,,,,,1,-inf,"0.000,",,,,,,,,,1787053445.452493,gnb2,post,post,,,
2026-08-18T11:44:06.507889,2480,0x46,PUCCH,,,,,,,,,,,,,,,,,,1,-inf,"0.000,",,,,,,,,,1787053446.507889,gnb2,post,post,,,
2026-08-18T11:44:07.360660,2500,0x46,PUCCH,,,,,,,,,,,,,,,,,,1,-inf,"0.000,",,,,,,,,,1787053447.360660,gnb2,post,post,,,
2026-08-18T11:44:08.379113,2520,0x46,PUCCH,,,,,,,,,,,,,,,,,,1,-inf,"0.000,",,,,,,,,,1787053448.379113,gnb2,post,post,,,
2026-08-18T11:44:09.525708,2540,0x46,PUCCH,,,,,,,,,,,,,,,,,,1,-inf,"0.000,",,,,,,,,,1787053449.525708,gnb2,post,post,,,
2026-08-18T11:44:10.281953,2560,0x46,PUCCH,,,,,,,,,,,,,,,,,,1,-inf,"0.000,",,,,,,,,,1787053450.281953,gnb2,post,post,,,
2026-08-18T11:44:11.200123,2580,0x46,PUCCH,,,,,,,,,,,,,,,,,,1,-inf,"0.000,",,,,,,,,,1787053451.200123,gnb2,post,post,,,
2026-08-18T11:44:12.106544,2600,0x46,PUCCH,,,,,,,,,,,,,,,,,,1,-inf,"0.000,",,,,,,,,,1787053452.106544,gnb2,post,post,,,
2026-08-18T11:44:13.763649,2640,0x46,PUCCH,,,,,,,,,,,,,,,,,,1,-inf,"0.000,",,,,,,,,,1787053453.763649,gnb2,post,post,,,
2026-08-18T11:44:14.489449,2660,0x46,PUCCH,,,,,,,,,,,,,,,,,,1,-inf,"0.000,",,,,,,,,,1787053454.489449,gnb2,post,post,,,
2026-08-18T11:44:15.517662,2680,0x46,PUCCH,,,,,,,,,,,,,,,,,,1,-inf,"0.000,",,,,,,,,,1787053455.517662,gnb2,post,post,,,
2026-08-18T11:44:16.545614,2700,0x46,PUCCH,,,,,,,,,,,,,,,,,,1,-inf,"0.000,",,,,,,,,,1787053456.545614,gnb2,post,post,,,
2026-08-18T11:44:17.345792,2720,0x46,PUCCH,,,,,,,,,,,,,,,,,,1,-inf,"0.000,",,,,,,,,,1787053457.345792,gnb2,post,post,,,
2026-08-18T11:44:18.619950,2760,0x46,PUCCH,,,,,,,,,,,,,,,,,,1,-inf,"0.000,",,,,,,,,,1787053458.619950,gnb2,post,post,,,
2026-08-18T11:44:19.366339,2780,0x46,PUCCH,,,,,,,,,,,,,,,,,,1,-inf,"0.000,",,,,,,,,,1787053459.366339,gnb2,post,post,,,
2026-08-18T11:44:20.074768,2800,0x46,PUCCH,,,,,,,,,,,,,,,,,,1,-inf,"0.000,",,,,,,,,,1787053460.074768,gnb2,post,post,,,
2026-08-18T11:44:21.004945,2820,0x46,PUCCH,,,,,,,,,,,,,,,,,,1,-inf,"0.000,",,,,,,,,,1787053461.004945,gnb2,post,post,,,
2026-08-18T11:44:22.735790,2860,0x46,PUCCH,,,,,,,,,,,,,,,,,,1,-inf,"0.000,",,,,,,,,,1787053462.735790,gnb2,post,post,,,
2026-08-18T11:44:23.598874,2880,0x46,PUCCH,,,,,,,,,,,,,,,,,,1,-inf,"0.000,",,,,,,,,,1787053463.598874,gnb2,post,post,,,
2026-08-18T11:44:24.576515,2900,0x46,PUCCH,,,,,,,,,,,,,,,,,,1,-inf,"0.000,",,,,,,,,,1787053464.576515,gnb2,post,post,,,
2026-08-18T11:44:25.268390,2920,0x46,PUCCH,,,,,,,,,,,,,,,,,,1,-inf,"0.000,",,,,,,,,,1787053465.268390,gnb2,post,post,,,
2026-08-18T11:44:26.516483,2940,0x46,PUCCH,,,,,,,,,,,,,,,,,,1,-inf,"0.000,",,,,,,,,,1787053466.516483,gnb2,post,post,,,
2026-08-18T11:44:27.327463,2960,0x46,PUCCH,,,,,,,,,,,,,,,,,,1,-inf,"0.000,",,,,,,,,,1787053467.327463,gnb2,post,post,,,
2026-08-18T11:44:28.223122,2980,0x46,PUCCH,,,,,,,,,,,,,,,,,,1,-inf,"0.000,",,,,,,,,,1787053468.223122,gnb2,post,post,,,
2026-08-18T11:44:29.074526,3000,0x46,PUCCH,,,,,,,,,,,,,,,,,,1,-inf,"0.000,",,,,,,,,,1787053469.074526,gnb2,post,post,,,
2026-08-18T11:44:30.539511,3040,0x46,PUCCH,,,,,,,,,,,,,,,,,,1,-inf,"0.000,",,,,,,,,,1787053470.539511,gnb2,post,post,,,
2026-08-18T11:44:31.359118,3060,0x46,PUCCH,,,,,,,,,,,,,,,,,,1,-inf,"0.000,",,,,,,,,,1787053471.359118,gnb2,post,post,,,
2026-08-18T11:44:32.132984,3080,0x46,PUCCH,,,,,,,,,,,,,,,,,,1,-inf,"0.000,",,,,,,,,,1787053472.132984,gnb2,post,post,,,
2026-08-18T11:44:33.432261,3100,0x46,PUCCH,,,,,,,,,,,,,,,,,,1,-inf,"0.000,",,,,,,,,,1787053473.432261,gnb2,post,post,,,
2026-08-18T11:44:34.374641,3120,0x46,PUCCH,,,,,,,,,,,,,,,,,,1,-inf,"0.000,",,,,,,,,,1787053474.374641,gnb2,post,post,,,
2026-08-18T11:44:35.839528,3140,0x46,PUCCH,,,,,,,,,,,,,,,,,,1,-inf,"0.000,",,,,,,,,,1787053475.839528,gnb2,post,post,,,
2026-08-18T11:44:36.688479,3160,0x46,PUCCH,,,,,,,,,,,,,,,,,,1,-inf,"0.000,",,,,,,,,,1787053476.688479,gnb2,post,post,,,
2026-08-18T11:44:37.573075,3180,0x46,PUCCH,,,,,,,,,,,,,,,,,,1,-inf,"0.000,",,,,,,,,,1787053477.573075,gnb2,post,post,,,
2026-08-18T11:44:38.320063,3200,0x46,PUCCH,,,,,,,,,,,,,,,,,,1,-inf,"0.000,",,,,,,,,,1787053478.320063,gnb2,post,post,,,
2026-08-18T11:44:39.119553,3220,0x46,PUCCH,,,,,,,,,,,,,,,,,,1,-inf,"0.000,",,,,,,,,,1787053479.119553,gnb2,post,post,,,
2026-08-18T11:44:40.704560,3260,0x46,PUCCH,,,,,,,,,,,,,,,,,,1,-inf,"0.000,",,,,,,,,,1787053480.704560,gnb2,post,post,,,
2026-08-18T11:44:41.565229,3280,0x46,PUCCH,,,,,,,,,,,,,,,,,,1,-inf,"0.000,",,,,,,,,,1787053481.565229,gnb2,post,post,,,
2026-08-18T11:44:42.482648,3300,0x46,PUCCH,,,,,,,,,,,,,,,,,,1,-inf,"0.000,",,,,,,,,,1787053482.482648,gnb2,post,post,,,
2026-08-18T11:44:43.418786,3320,0x46,PUCCH,,,,,,,,,,,,,,,,,,1,-inf,"0.000,",,,,,,,,,1787053483.418786,gnb2,post,post,,,
2026-08-18T11:44:44.245786,3340,0x46,PUCCH,,,,,,,,,,,,,,,,,,1,-inf,"0.000,",,,,,,,,,1787053484.245786,gnb2,post,post,,,
2026-08-18T11:44:45.023706,3360,0x46,PUCCH,,,,,,,,,,,,,,,,,,1,-inf,"0.000,",,,,,,,,,1787053485.023706,gnb2,post,post,,,
2026-08-18T11:44:46.684691,3400,0x46,PUCCH,,,,,,,,,,,,,,,,,,1,-inf,"0.000,",,,,,,,,,1787053486.684691,gnb2,post,post,,,
2026-08-18T11:44:47.506028,3420,0x46,PUCCH,,,,,,,,,,,,,,,,,,1,-inf,"0.000,",,,,,,,,,1787053487.506028,gnb2,post,post,,,
2026-08-18T11:44:48.600840,3440,0x46,PUCCH,,,,,,,,,,,,,,,,,,1,-inf,"0.000,",,,,,,,,,1787053488.600840,gnb2,post,post,,,
2026-08-18T11:44:49.500455,3460,0x46,PUCCH,,,,,,,,,,,,,,,,,,1,-inf,"0.000,",,,,,,,,,1787053489.500455,gnb2,post,post,,,
2026-08-18T11:44:50.508375,3480,0x46,PUCCH,,,,,,,,,,,,,,,,,,1,-inf,"0.000,",,,,,,,,,1787053490.508375,gnb2,post,post,,,
2026-08-18T11:44:51.492213,3500,0x46,PUCCH,,,,,,,,,,,,,,,,,,1,-inf,"0.000,",,,,,,,,,1787053491.492213,gnb2,post,post,,,
2026-08-18T11:44:52.536237,3520,0x46,PUCCH,,,,,,,,,,,,,,,,,,1,-inf,"0.000,",,,,,,,,,1787053492.536237,gnb2,post,post,,,
2026-08-18T11:44:53.642687,3540,0x46,PUCCH,,,,,,,,,,,,,,,,,,1,-inf,"0.000,",,,,,,,,,1787053493.642687,gnb2,post,post,,,
2026-08-18T11:44:54.573950,3560,0x46,PUCCH,,,,,,,,,,,,,,,,,,1,-inf,"0.000,",,,,,,,,,1787053494.573950,gnb2,post,post,,,
2026-08-18T11:44:55.422175,3580,0x46,PUCCH,,,,,,,,,,,,,,,,,,1,-inf,"0.000,",,,,,,,,,1787053495.422175,gnb2,post,post,,,
2026-08-18T11:44:56.393193,3600,0x46,PUCCH,,,,,,,,,,,,,,,,,,1,-inf,"0.000,",,,,,,,,,1787053496.393193,gnb2,post,post,,,
2026-08-18T11:44:57.204974,3620,0x46,PUCCH,,,,,,,,,,,,,,,,,,1,-inf,"0.000,",,,,,,,,,1787053497.204974,gnb2,post,post,,,
2026-08-18T11:44:58.017954,3640,0x46,PUCCH,,,,,,,,,,,,,,,,,,1,-inf,"0.000,",,,,,,,,,1787053498.017954,gnb2,post,post,,,
2026-08-18T11:44:59.649952,3680,0x46,PUCCH,,,,,,,,,,,,,,,,,,1,-inf,"0.000,",,,,,,,,,1787053499.649952,gnb2,post,post,,,
2026-08-18T11:45:00.442310,3700,0x46,PUCCH,,,,,,,,,,,,,,,,,,1,-inf,"0.000,",,,,,,,,,1787053500.442310,gnb2,post,post,,,
2026-08-18T11:45:01.237210,3720,0x46,PUCCH,,,,,,,,,,,,,,,,,,1,-inf,"0.000,",,,,,,,,,1787053501.237210,gnb2,post,post,,,
2026-08-18T11:45:02.813559,3760,0x46,PUCCH,,,,,,,,,,,,,,,,,,1,-inf,"0.000,",,,,,,,,,1787053502.813559,gnb2,post,post,,,
2026-08-18T11:45:03.523383,3780,0x46,PUCCH,,,,,,,,,,,,,,,,,,1,-inf,"0.000,",,,,,,,,,1787053503.523383,gnb2,post,post,,,
2026-08-18T11:45:04.449410,3800,0x46,PUCCH,,,,,,,,,,,,,,,,,,1,-inf,"0.000,",,,,,,,,,1787053504.449410,gnb2,post,post,,,
2026-08-18T11:45:05.497033,3820,0x46,PUCCH,,,,,,,,,,,,,,,,,,1,-inf,"0.000,",,,,,,,,,1787053505.497033,gnb2,post,post,,,
2026-08-18T11:45:06.308763,3840,0x46,PUCCH,,,,,,,,,,,,,,,,,,1,-inf,"0.000,",,,,,,,,,1787053506.308763,gnb2,post,post,,,
2026-08-18T11:45:07.427137,3860,0x46,PUCCH,,,,,,,,,,,,,,,,,,1,-inf,"0.000,",,,,,,,,,1787053507.427137,gnb2,post,post,,,
2026-08-18T11:45:08.473020,3880,0x46,PUCCH,,,,,,,,,,,,,,,,,,1,-inf,"0.000,",,,,,,,,,1787053508.473020,gnb2,post,post,,,
2026-08-18T11:45:09.437474,3900,0x46,PUCCH,,,,,,,,,,,,,,,,,,1,-inf,"0.000,",,,,,,,,,1787053509.437474,gnb2,post,post,,,
2026-08-18T11:45:10.358737,3920,0x46,PUCCH,,,,,,,,,,,,,,,,,,1,-inf,"0.000,",,,,,,,,,1787053510.358737,gnb2,post,post,,,
2026-08-18T11:45:11.367817,3940,0x46,PUCCH,,,,,,,,,,,,,,,,,,1,-inf,"0.000,",,,,,,,,,1787053511.367817,gnb2,post,post,,,
2026-08-18T11:45:12.602698,3960,0x46,PUCCH,,,,,,,,,,,,,,,,,,1,-inf,"0.000,",,,,,,,,,1787053512.602698,gnb2,post,post,,,
2026-08-18T11:45:13.610286,3980,0x46,PUCCH,,,,,,,,,,,,,,,,,,1,-inf,"0.000,",,,,,,,,,1787053513.610286,gnb2,post,post,,,
2026-08-18T11:45:14.479949,4000,0x46,PUCCH,,,,,,,,,,,,,,,,,,1,-inf,"0.000,",,,,,,,,,1787053514.479949,gnb2,post,post,,,
2026-08-18T11:45:15.236582,4020,0x46,PUCCH,,,,,,,,,,,,,,,,,,1,-inf,"0.000,",,,,,,,,,1787053515.236582,gnb2,post,post,,,
2026-08-18T11:45:16.032567,4041,0x46,PUCCH,,,,,,,,,,,,,,,,,,2,111.8,"1.000,",,,,,,,,,1787053516.032567,gnb2,post,post,,,
2026-08-18T11:45:17.503150,4080,0x46,PUCCH,,,,,,,,,,,,,,,,,,1,-inf,"0.000,",,,,,,,,,1787053517.503150,gnb2,post,post,,,
2026-08-18T11:45:18.272861,4100,0x46,PUCCH,,,,,,,,,,,,,,,,,,1,-inf,"0.000,",,,,,,,,,1787053518.272861,gnb2,post,post,,,
2026-08-18T11:45:19.166695,4120,0x46,PUCCH,,,,,,,,,,,,,,,,,,1,-inf,"0.000,",,,,,,,,,1787053519.166695,gnb2,post,post,,,
2026-08-18T11:45:20.586535,4160,0x46,PUCCH,,,,,,,,,,,,,,,,,,1,-inf,"0.000,",,,,,,,,,1787053520.586535,gnb2,post,post,,,
2026-08-18T11:45:21.489792,4180,0x46,PUCCH,,,,,,,,,,,,,,,,,,1,-inf,"0.000,",,,,,,,,,1787053521.489792,gnb2,post,post,,,
2026-08-18T11:45:22.147375,4200,0x46,PUCCH,,,,,,,,,,,,,,,,,,1,-inf,"0.000,",,,,,,,,,1787053522.147375,gnb2,post,post,,,
2026-08-18T11:45:23.089509,4220,0x46,PUCCH,,,,,,,,,,,,,,,,,,1,-inf,"0.000,",,,,,,,,,1787053523.089509,gnb2,post,post,,,
2026-08-18T11:45:24.553709,4260,0x46,PUCCH,,,,,,,,,,,,,,,,,,1,-inf,"0.000,",,,,,,,,,1787053524.553709,gnb2,post,post,,,
2026-08-18T11:45:25.493541,4280,0x46,PUCCH,,,,,,,,,,,,,,,,,,1,-inf,"0.000,",,,,,,,,,1787053525.493541,gnb2,post,post,,,
2026-08-18T11:45:26.204366,4300,0x46,PUCCH,,,,,,,,,,,,,,,,,,1,-inf,"0.000,",,,,,,,,,1787053526.204366,gnb2,post,post,,,
2026-08-18T11:45:27.716318,4340,0x46,PUCCH,,,,,,,,,,,,,,,,,,1,-inf,"0.000,",,,,,,,,,1787053527.716318,gnb2,post,post,,,
2026-08-18T11:45:28.509480,4360,0x46,PUCCH,,,,,,,,,,,,,,,,,,1,-inf,"0.000,",,,,,,,,,1787053528.509480,gnb2,post,post,,,
2026-08-18T11:45:29.512077,4380,0x46,PUCCH,,,,,,,,,,,,,,,,,,1,-inf,"0.000,",,,,,,,,,1787053529.512077,gnb2,post,post,,,
2026-08-18T11:45:30.114161,4400,0x46,PUCCH,,,,,,,,,,,,,,,,,,1,-inf,"0.000,",,,,,,,,,1787053530.114161,gnb2,post,post,,,
2026-08-18T11:45:31.459624,4440,0x46,PUCCH,,,,,,,,,,,,,,,,,,1,-inf,"0.000,",,,,,,,,,1787053531.459624,gnb2,post,post,,,
2026-08-18T11:45:32.408402,4460,0x46,PUCCH,,,,,,,,,,,,,,,,,,1,-inf,"0.000,",,,,,,,,,1787053532.408402,gnb2,post,post,,,
2026-08-18T11:45:33.164703,4480,0x46,PUCCH,,,,,,,,,,,,,,,,,,1,-inf,"0.000,",,,,,,,,,1787053533.164703,gnb2,post,post,,,
2026-08-18T11:45:34.605716,4520,0x46,PUCCH,,,,,,,,,,,,,,,,,,1,-inf,"0.000,",,,,,,,,,1787053534.605716,gnb2,post,post,,,
2026-08-18T11:45:35.450533,4540,0x46,PUCCH,,,,,,,,,,,,,,,,,,1,-inf,"0.000,",,,,,,,,,1787053535.450533,gnb2,post,post,,,
2026-08-18T11:45:36.350130,4560,0x46,PUCCH,,,,,,,,,,,,,,,,,,1,-inf,"0.000,",,,,,,,,,1787053536.350130,gnb2,post,post,,,
2026-08-18T11:45:37.317728,4580,0x46,PUCCH,,,,,,,,,,,,,,,,,,1,-inf,"0.000,",,,,,,,,,1787053537.317728,gnb2,post,post,,,
2026-08-18T11:45:38.220848,4600,0x46,PUCCH,,,,,,,,,,,,,,,,,,1,-inf,"0.000,",,,,,,,,,1787053538.220848,gnb2,post,post,,,
2026-08-18T11:45:39.037846,4620,0x46,PUCCH,,,,,,,,,,,,,,,,,,1,-inf,"0.000,",,,,,,,,,1787053539.037846,gnb2,post,post,,,
2026-08-18T11:45:40.647061,4660,0x46,PUCCH,,,,,,,,,,,,,,,,,,1,-inf,"0.000,",,,,,,,,,1787053540.647061,gnb2,post,post,,,
2026-08-18T11:45:41.335380,4680,0x46,PUCCH,,,,,,,,,,,,,,,,,,1,-inf,"0.000,",,,,,,,,,1787053541.335380,gnb2,post,post,,,
2026-08-18T11:45:42.107120,4700,0x46,PUCCH,,,,,,,,,,,,,,,,,,1,-inf,"0.000,",,,,,,,,,1787053542.107120,gnb2,post,post,,,
2026-08-18T11:45:43.069611,4720,0x46,PUCCH,,,,,,,,,,,,,,,,,,1,-inf,"0.000,",,,,,,,,,1787053543.069611,gnb2,post,post,,,
2026-08-18T11:45:44.606288,4760,0x46,PUCCH,,,,,,,,,,,,,,,,,,1,-inf,"0.000,",,,,,,,,,1787053544.606288,gnb2,post,post,,,
2026-08-18T11:45:45.374474,4780,0x46,PUCCH,,,,,,,,,,,,,,,,,,1,-inf,"0.000,",,,,,,,,,1787053545.374474,gnb2,post,post,,,
2026-08-18T11:45:46.081734,4800,0x46,PUCCH,,,,,,,,,,,,,,,,,,1,-inf,"0.000,",,,,,,,,,1787053546.081734,gnb2,post,post,,,
2026-08-18T11:45:47.330803,4840,0x46,PUCCH,,,,,,,,,,,,,,,,,,1,-inf,"0.000,",,,,,,,,,1787053547.330803,gnb2,post,post,,,
2026-08-18T11:45:48.083344,4860,0x46,PUCCH,,,,,,,,,,,,,,,,,,1,-inf,"0.000,",,,,,,,,,1787053548.083344,gnb2,post,post,,,
2026-08-18T11:45:49.662569,4900,0x46,PUCCH,,,,,,,,,,,,,,,,,,1,-inf,"0.000,",,,,,,,,,1787053549.662569,gnb2,post,post,,,
2026-08-18T11:45:50.430452,4920,0x46,PUCCH,,,,,,,,,,,,,,,,,,1,-inf,"0.000,",,,,,,,,,1787053550.430452,gnb2,post,post,,,
2026-08-18T11:45:51.116416,4940,0x46,PUCCH,,,,,,,,,,,,,,,,,,1,-inf,"0.000,",,,,,,,,,1787053551.116416,gnb2,post,post,,,
2026-08-18T11:45:52.509740,4980,0x46,PUCCH,,,,,,,,,,,,,,,,,,1,-inf,"0.000,",,,,,,,,,1787053552.509740,gnb2,post,post,,,
2026-08-18T11:45:53.300671,5000,0x46,PUCCH,,,,,,,,,,,,,,,,,,1,-inf,"0.000,",,,,,,,,,1787053553.300671,gnb2,post,post,,,
2026-08-18T11:45:54.355016,5020,0x46,PUCCH,,,,,,,,,,,,,,,,,,1,-inf,"0.000,",,,,,,,,,1787053554.355016,gnb2,post,post,,,
2026-08-18T11:45:55.057303,5040,0x46,PUCCH,,,,,,,,,,,,,,,,,,1,-inf,"0.000,",,,,,,,,,1787053555.057303,gnb2,post,post,,,
2026-08-18T11:45:56.586084,5080,0x46,PUCCH,,,,,,,,,,,,,,,,,,1,-inf,"0.000,",,,,,,,,,1787053556.586084,gnb2,post,post,,,
2026-08-18T11:45:57.428040,5100,0x46,PUCCH,,,,,,,,,,,,,,,,,,1,-inf,"0.000,",,,,,,,,,1787053557.428040,gnb2,post,post,,,
2026-08-18T11:45:58.210029,5120,0x46,PUCCH,,,,,,,,,,,,,,,,,,1,-inf,"0.000,",,,,,,,,,1787053558.210029,gnb2,post,post,,,
2026-08-18T11:45:59.011865,5140,0x46,PUCCH,,,,,,,,,,,,,,,,,,1,-inf,"0.000,",,,,,,,,,1787053559.011865,gnb2,post,post,,,
2026-08-18T11:46:00.764795,5180,0x46,PUCCH,,,,,,,,,,,,,,,,,,1,-inf,"0.000,",,,,,,,,,1787053560.764795,gnb2,post,post,,,
2026-08-18T11:46:01.622894,5200,0x46,PUCCH,,,,,,,,,,,,,,,,,,1,-inf,"0.000,",,,,,,,,,1787053561.622894,gnb2,post,post,,,
2026-08-18T11:46:02.244198,5220,0x46,PUCCH,,,,,,,,,,,,,,,,,,1,-inf,"0.000,",,,,,,,,,1787053562.244198,gnb2,post,post,,,
2026-08-18T11:46:03.149071,5241,0x46,PUCCH,,,,,,,,,,,,,,,,,,2,111.8,"1.000,",,,,,,,,,1787053563.149071,gnb2,post,post,,,
2026-08-18T11:46:04.028275,5260,0x46,PUCCH,,,,,,,,,,,,,,,,,,1,-inf,"0.000,",,,,,,,,,1787053564.028275,gnb2,post,post,,,
2026-08-18T11:46:05.669326,5300,0x46,PUCCH,,,,,,,,,,,,,,,,,,1,-inf,"0.000,",,,,,,,,,1787053565.669326,gnb2,post,post,,,
2026-08-18T11:46:06.411509,5320,0x46,PUCCH,,,,,,,,,,,,,,,,,,1,-inf,"0.000,",,,,,,,,,1787053566.411509,gnb2,post,post,,,
2026-08-18T11:46:07.248183,5340,0x46,PUCCH,,,,,,,,,,,,,,,,,,1,-inf,"0.000,",,,,,,,,,1787053567.248183,gnb2,post,post,,,
2026-08-18T11:46:08.136818,5360,0x46,PUCCH,,,,,,,,,,,,,,,,,,1,-inf,"0.000,",,,,,,,,,1787053568.136818,gnb2,post,post,,,
2026-08-18T11:46:09.406437,5400,0x46,PUCCH,,,,,,,,,,,,,,,,,,1,-inf,"0.000,",,,,,,,,,1787053569.406437,gnb2,post,post,,,
2026-08-18T11:46:10.114577,5420,0x46,PUCCH,,,,,,,,,,,,,,,,,,1,-inf,"0.000,",,,,,,,,,1787053570.114577,gnb2,post,post,,,
2026-08-18T11:46:11.505681,5460,0x46,PUCCH,,,,,,,,,,,,,,,,,,1,-inf,"0.000,",,,,,,,,,1787053571.505681,gnb2,post,post,,,
2026-08-18T11:46:12.402589,5480,0x46,PUCCH,,,,,,,,,,,,,,,,,,1,-inf,"0.000,",,,,,,,,,1787053572.402589,gnb2,post,post,,,
2026-08-18T11:46:13.435627,5500,0x46,PUCCH,,,,,,,,,,,,,,,,,,1,-inf,"0.000,",,,,,,,,,1787053573.435627,gnb2,post,post,,,
2026-08-18T11:46:14.291886,5520,0x46,PUCCH,,,,,,,,,,,,,,,,,,1,-inf,"0.000,",,,,,,,,,1787053574.291886,gnb2,post,post,,,
2026-08-18T11:46:15.111898,5540,0x46,PUCCH,,,,,,,,,,,,,,,,,,1,-inf,"0.000,",,,,,,,,,1787053575.111898,gnb2,post,post,,,
2026-08-18T11:46:16.618923,5580,0x46,PUCCH,,,,,,,,,,,,,,,,,,1,-inf,"0.000,",,,,,,,,,1787053576.618923,gnb2,post,post,,,
2026-08-18T11:46:17.325622,5600,0x46,PUCCH,,,,,,,,,,,,,,,,,,1,-inf,"0.000,",,,,,,,,,1787053577.325622,gnb2,post,post,,,
2026-08-18T11:46:18.146590,5620,0x46,PUCCH,,,,,,,,,,,,,,,,,,1,-inf,"0.000,",,,,,,,,,1787053578.146590,gnb2,post,post,,,
2026-08-18T11:46:19.696704,5660,0x46,PUCCH,,,,,,,,,,,,,,,,,,1,-inf,"0.000,",,,,,,,,,1787053579.696704,gnb2,post,post,,,
2026-08-18T11:46:20.514138,5680,0x46,PUCCH,,,,,,,,,,,,,,,,,,1,-inf,"0.000,",,,,,,,,,1787053580.514138,gnb2,post,post,,,
2026-08-18T11:46:21.387317,5700,0x46,PUCCH,,,,,,,,,,,,,,,,,,1,-inf,"0.000,",,,,,,,,,1787053581.387317,gnb2,post,post,,,
2026-08-18T11:46:22.225884,5720,0x46,PUCCH,,,,,,,,,,,,,,,,,,1,-inf,"0.000,",,,,,,,,,1787053582.225884,gnb2,post,post,,,
2026-08-18T11:46:24.049554,5760,0x46,PUCCH,,,,,,,,,,,,,,,,,,1,-inf,"0.000,",,,,,,,,,1787053584.049554,gnb2,post,post,,,
2026-08-18T11:46:25.073383,5780,0x46,PUCCH,,,,,,,,,,,,,,,,,,1,-inf,"0.000,",,,,,,,,,1787053585.073383,gnb2,post,post,,,
2026-08-18T11:46:26.084773,5800,0x46,PUCCH,,,,,,,,,,,,,,,,,,1,-inf,"0.000,",,,,,,,,,1787053586.084773,gnb2,post,post,,,
2026-08-18T11:46:27.065967,5820,0x46,PUCCH,,,,,,,,,,,,,,,,,,1,-inf,"0.000,",,,,,,,,,1787053587.065967,gnb2,post,post,,,
2026-08-18T11:46:28.639815,5860,0x46,PUCCH,,,,,,,,,,,,,,,,,,1,-inf,"0.000,",,,,,,,,,1787053588.639815,gnb2,post,post,,,
2026-08-18T11:46:29.409791,5880,0x46,PUCCH,,,,,,,,,,,,,,,,,,1,-inf,"0.000,",,,,,,,,,1787053589.409791,gnb2,post,post,,,
2026-08-18T11:46:30.368874,5900,0x46,PUCCH,,,,,,,,,,,,,,,,,,1,-inf,"0.000,",,,,,,,,,1787053590.368874,gnb2,post,post,,,
2026-08-18T11:46:31.442984,5920,0x46,PUCCH,,,,,,,,,,,,,,,,,,1,-inf,"0.000,",,,,,,,,,1787053591.442984,gnb2,post,post,,,
2026-08-18T11:46:32.510596,5940,0x46,PUCCH,,,,,,,,,,,,,,,,,,1,-inf,"0.000,",,,,,,,,,1787053592.510596,gnb2,post,post,,,
2026-08-18T11:46:33.517943,5960,0x46,PUCCH,,,,,,,,,,,,,,,,,,1,-inf,"0.000,",,,,,,,,,1787053593.517943,gnb2,post,post,,,
2026-08-18T11:46:34.540443,5980,0x46,PUCCH,,,,,,,,,,,,,,,,,,1,-inf,"0.000,",,,,,,,,,1787053594.540443,gnb2,post,post,,,
2026-08-18T11:46:35.114728,6000,0x46,PUCCH,,,,,,,,,,,,,,,,,,1,-inf,"0.000,",,,,,,,,,1787053595.114728,gnb2,post,post,,,
2026-08-18T11:46:36.089163,6020,0x46,PUCCH,,,,,,,,,,,,,,,,,,1,-inf,"0.000,",,,,,,,,,1787053596.089163,gnb2,post,post,,,
2026-08-18T11:46:37.098268,6040,0x46,PUCCH,,,,,,,,,,,,,,,,,,1,-inf,"0.000,",,,,,,,,,1787053597.098268,gnb2,post,post,,,
2026-08-18T11:46:38.035270,6060,0x46,PUCCH,,,,,,,,,,,,,,,,,,1,-inf,"0.000,",,,,,,,,,1787053598.035270,gnb2,post,post,,,
2026-08-18T11:46:39.734188,6100,0x46,PUCCH,,,,,,,,,,,,,,,,,,1,-inf,"0.000,",,,,,,,,,1787053599.734188,gnb2,post,post,,,
2026-08-18T11:46:40.456993,6120,0x46,PUCCH,,,,,,,,,,,,,,,,,,1,-inf,"0.000,",,,,,,,,,1787053600.456993,gnb2,post,post,,,
2026-08-18T11:46:41.551445,6140,0x46,PUCCH,,,,,,,,,,,,,,,,,,1,-inf,"0.000,",,,,,,,,,1787053601.551445,gnb2,post,post,,,
2026-08-18T11:46:42.431316,6160,0x46,PUCCH,,,,,,,,,,,,,,,,,,1,-inf,"0.000,",,,,,,,,,1787053602.431316,gnb2,post,post,,,
2026-08-18T11:46:43.275863,6180,0x46,PUCCH,,,,,,,,,,,,,,,,,,1,-inf,"0.000,",,,,,,,,,1787053603.275863,gnb2,post,post,,,
2026-08-18T11:46:44.138544,6200,0x46,PUCCH,,,,,,,,,,,,,,,,,,1,-inf,"0.000,",,,,,,,,,1787053604.138544,gnb2,post,post,,,
2026-08-18T11:46:45.087959,6220,0x46,PUCCH,,,,,,,,,,,,,,,,,,1,-inf,"0.000,",,,,,,,,,1787053605.087959,gnb2,post,post,,,
2026-08-18T11:46:46.029963,6241,0x46,PUCCH,,,,,,,,,,,,,,,,,,2,111.8,"1.000,",,,,,,,,,1787053606.029963,gnb2,post,post,,,
2026-08-18T11:46:47.748038,6280,0x46,PUCCH,,,,,,,,,,,,,,,,,,1,-inf,"0.000,",,,,,,,,,1787053607.748038,gnb2,post,post,,,
2026-08-18T11:46:48.818363,6300,0x46,PUCCH,,,,,,,,,,,,,,,,,,1,-inf,"0.000,",,,,,,,,,1787053608.818363,gnb2,post,post,,,
2026-08-18T11:46:49.545088,6320,0x46,PUCCH,,,,,,,,,,,,,,,,,,1,-inf,"0.000,",,,,,,,,,1787053609.545088,gnb2,post,post,,,
2026-08-18T11:46:50.480152,6340,0x46,PUCCH,,,,,,,,,,,,,,,,,,1,-inf,"0.000,",,,,,,,,,1787053610.480152,gnb2,post,post,,,
2026-08-18T11:46:51.253332,6360,0x46,PUCCH,,,,,,,,,,,,,,,,,,1,-inf,"0.000,",,,,,,,,,1787053611.253332,gnb2,post,post,,,
2026-08-18T11:46:52.240898,6380,0x46,PUCCH,,,,,,,,,,,,,,,,,,1,-inf,"0.000,",,,,,,,,,1787053612.240898,gnb2,post,post,,,
2026-08-18T11:46:53.098587,6400,0x46,PUCCH,,,,,,,,,,,,,,,,,,1,-inf,"0.000,",,,,,,,,,1787053613.098587,gnb2,post,post,,,
2026-08-18T11:46:54.703337,6440,0x46,PUCCH,,,,,,,,,,,,,,,,,,1,-inf,"0.000,",,,,,,,,,1787053614.703337,gnb2,post,post,,,
2026-08-18T11:46:55.338945,6460,0x46,PUCCH,,,,,,,,,,,,,,,,,,1,-inf,"0.000,",,,,,,,,,1787053615.338945,gnb2,post,post,,,
2026-08-18T11:46:56.015042,6481,0x46,PUCCH,,,,,,,,,,,,,,,,,,2,111.8,"1.000,",,,,,,,,,1787053616.015042,gnb2,post,post,,,
2026-08-18T11:46:57.423999,6520,0x46,PUCCH,,,,,,,,,,,,,,,,,,1,-inf,"0.000,",,,,,,,,,1787053617.423999,gnb2,post,post,,,
2026-08-18T11:46:58.290398,6540,0x46,PUCCH,,,,,,,,,,,,,,,,,,1,-inf,"0.000,",,,,,,,,,1787053618.290398,gnb2,post,post,,,
2026-08-18T11:46:59.046557,6560,0x46,PUCCH,,,,,,,,,,,,,,,,,,1,-inf,"0.000,",,,,,,,,,1787053619.046557,gnb2,post,post,,,
2026-08-18T11:47:00.415665,6600,0x46,PUCCH,,,,,,,,,,,,,,,,,,1,-inf,"0.000,",,,,,,,,,1787053620.415665,gnb2,post,post,,,
2026-08-18T11:47:01.438859,6620,0x46,PUCCH,,,,,,,,,,,,,,,,,,1,-inf,"0.000,",,,,,,,,,1787053621.438859,gnb2,post,post,,,
2026-08-18T11:47:02.382754,6640,0x46,PUCCH,,,,,,,,,,,,,,,,,,1,-inf,"0.000,",,,,,,,,,1787053622.382754,gnb2,post,post,,,
2026-08-18T11:47:03.178699,6660,0x46,PUCCH,,,,,,,,,,,,,,,,,,1,-inf,"0.000,",,,,,,,,,1787053623.178699,gnb2,post,post,,,
2026-08-18T11:47:04.861030,6700,0x46,PUCCH,,,,,,,,,,,,,,,,,,1,-inf,"0.000,",,,,,,,,,1787053624.861030,gnb2,post,post,,,
2026-08-18T11:47:05.725345,6720,0x46,PUCCH,,,,,,,,,,,,,,,,,,1,-inf,"0.000,",,,,,,,,,1787053625.725345,gnb2,post,post,,,
2026-08-18T11:47:06.483566,6740,0x46,PUCCH,,,,,,,,,,,,,,,,,,1,-inf,"0.000,",,,,,,,,,1787053626.483566,gnb2,post,post,,,
2026-08-18T11:47:07.236714,6760,0x46,PUCCH,,,,,,,,,,,,,,,,,,1,-inf,"0.000,",,,,,,,,,1787053627.236714,gnb2,post,post,,,
2026-08-18T11:47:08.322540,6780,0x46,PUCCH,,,,,,,,,,,,,,,,,,1,-inf,"0.000,",,,,,,,,,1787053628.322540,gnb2,post,post,,,
2026-08-18T11:47:09.455466,6800,0x46,PUCCH,,,,,,,,,,,,,,,,,,1,-inf,"0.000,",,,,,,,,,1787053629.455466,gnb2,post,post,,,
2026-08-18T11:47:10.424544,6820,0x46,PUCCH,,,,,,,,,,,,,,,,,,1,-inf,"0.000,",,,,,,,,,1787053630.424544,gnb2,post,post,,,
2026-08-18T11:47:11.196418,6840,0x46,PUCCH,,,,,,,,,,,,,,,,,,1,-inf,"0.000,",,,,,,,,,1787053631.196418,gnb2,post,post,,,
2026-08-18T11:47:12.099528,6860,0x46,PUCCH,,,,,,,,,,,,,,,,,,1,-inf,"0.000,",,,,,,,,,1787053632.099528,gnb2,post,post,,,
2026-08-18T11:47:13.612074,6900,0x46,PUCCH,,,,,,,,,,,,,,,,,,1,-inf,"0.000,",,,,,,,,,1787053633.612074,gnb2,post,post,,,
2026-08-18T11:47:14.642520,6920,0x46,PUCCH,,,,,,,,,,,,,,,,,,1,-inf,"0.000,",,,,,,,,,1787053634.642520,gnb2,post,post,,,
2026-08-18T11:47:15.708900,6940,0x46,PUCCH,,,,,,,,,,,,,,,,,,1,-inf,"0.000,",,,,,,,,,1787053635.708900,gnb2,post,post,,,
2026-08-18T11:47:16.555057,6960,0x46,PUCCH,,,,,,,,,,,,,,,,,,1,-inf,"0.000,",,,,,,,,,1787053636.555057,gnb2,post,post,,,
2026-08-18T11:47:17.472092,6980,0x46,PUCCH,,,,,,,,,,,,,,,,,,1,-inf,"0.000,",,,,,,,,,1787053637.472092,gnb2,post,post,,,
2026-08-18T11:47:18.508548,7000,0x46,PUCCH,,,,,,,,,,,,,,,,,,1,-inf,"0.000,",,,,,,,,,1787053638.508548,gnb2,post,post,,,
2026-08-18T11:47:19.194870,7020,0x46,PUCCH,,,,,,,,,,,,,,,,,,1,-inf,"0.000,",,,,,,,,,1787053639.194870,gnb2,post,post,,,
2026-08-18T11:47:20.202851,7040,0x46,PUCCH,,,,,,,,,,,,,,,,,,1,-inf,"0.000,",,,,,,,,,1787053640.202851,gnb2,post,post,,,
2026-08-18T11:47:21.146677,7060,0x46,PUCCH,,,,,,,,,,,,,,,,,,1,-inf,"0.000,",,,,,,,,,1787053641.146677,gnb2,post,post,,,
2026-08-18T11:47:22.976441,7100,0x46,PUCCH,,,,,,,,,,,,,,,,,,1,-inf,"0.000,",,,,,,,,,1787053642.976441,gnb2,post,post,,,
2026-08-18T11:47:24.143815,7120,0x46,PUCCH,,,,,,,,,,,,,,,,,,1,-inf,"0.000,",,,,,,,,,1787053644.143815,gnb2,post,post,,,
2026-08-18T11:47:25.162216,7140,0x46,PUCCH,,,,,,,,,,,,,,,,,,1,-inf,"0.000,",,,,,,,,,1787053645.162216,gnb2,post,post,,,
2026-08-18T11:47:26.145861,7160,0x46,PUCCH,,,,,,,,,,,,,,,,,,1,-inf,"0.000,",,,,,,,,,1787053646.145861,gnb2,post,post,,,
2026-08-18T11:47:27.152875,7180,0x46,PUCCH,,,,,,,,,,,,,,,,,,1,-inf,"0.000,",,,,,,,,,1787053647.152875,gnb2,post,post,,,
2026-08-18T11:47:28.622469,7220,0x46,PUCCH,,,,,,,,,,,,,,,,,,1,-inf,"0.000,",,,,,,,,,1787053648.622469,gnb2,post,post,,,
2026-08-18T11:47:29.575998,7240,0x46,PUCCH,,,,,,,,,,,,,,,,,,1,-inf,"0.000,",,,,,,,,,1787053649.575998,gnb2,post,post,,,
2026-08-18T11:47:30.470292,7260,0x46,PUCCH,,,,,,,,,,,,,,,,,,1,-inf,"0.000,",,,,,,,,,1787053650.470292,gnb2,post,post,,,
2026-08-18T11:47:31.205024,7280,0x46,PUCCH,,,,,,,,,,,,,,,,,,1,-inf,"0.000,",,,,,,,,,1787053651.205024,gnb2,post,post,,,
2026-08-18T11:47:32.051616,7300,0x46,PUCCH,,,,,,,,,,,,,,,,,,1,-inf,"0.000,",,,,,,,,,1787053652.051616,gnb2,post,post,,,
2026-08-18T11:47:33.911249,7340,0x46,PUCCH,,,,,,,,,,,,,,,,,,1,-inf,"0.000,",,,,,,,,,1787053653.911249,gnb2,post,post,,,
2026-08-18T11:47:34.764704,7360,0x46,PUCCH,,,,,,,,,,,,,,,,,,1,-inf,"0.000,",,,,,,,,,1787053654.764704,gnb2,post,post,,,
2026-08-18T11:47:35.837233,7380,0x46,PUCCH,,,,,,,,,,,,,,,,,,1,-inf,"0.000,",,,,,,,,,1787053655.837233,gnb2,post,post,,,
2026-08-18T11:47:36.814238,7400,0x46,PUCCH,,,,,,,,,,,,,,,,,,1,-inf,"0.000,",,,,,,,,,1787053656.814238,gnb2,post,post,,,
2026-08-18T11:47:37.687302,7420,0x46,PUCCH,,,,,,,,,,,,,,,,,,1,-inf,"0.000,",,,,,,,,,1787053657.687302,gnb2,post,post,,,
2026-08-18T11:47:38.550187,7440,0x46,PUCCH,,,,,,,,,,,,,,,,,,1,-inf,"0.000,",,,,,,,,,1787053658.550187,gnb2,post,post,,,
2026-08-18T11:47:39.423087,7460,0x46,PUCCH,,,,,,,,,,,,,,,,,,1,-inf,"0.000,",,,,,,,,,1787053659.423087,gnb2,post,post,,,
2026-08-18T11:47:40.327952,7480,0x46,PUCCH,,,,,,,,,,,,,,,,,,1,-inf,"0.000,",,,,,,,,,1787053660.327952,gnb2,post,post,,,
2026-08-18T11:47:41.083027,7500,0x46,PUCCH,,,,,,,,,,,,,,,,,,1,-inf,"0.000,",,,,,,,,,1787053661.083027,gnb2,post,post,,,
2026-08-18T11:47:42.779783,7540,0x46,PUCCH,,,,,,,,,,,,,,,,,,1,-inf,"0.000,",,,,,,,,,1787053662.779783,gnb2,post,post,,,
2026-08-18T11:47:43.786923,7560,0x46,PUCCH,,,,,,,,,,,,,,,,,,1,-inf,"0.000,",,,,,,,,,1787053663.786923,gnb2,post,post,,,
2026-08-18T11:47:44.505388,7580,0x46,PUCCH,,,,,,,,,,,,,,,,,,1,-inf,"0.000,",,,,,,,,,1787053664.505388,gnb2,post,post,,,
2026-08-18T11:47:45.246988,7600,0x46,PUCCH,,,,,,,,,,,,,,,,,,1,-inf,"0.000,",,,,,,,,,1787053665.246988,gnb2,post,post,,,
2026-08-18T11:47:46.321962,7620,0x46,PUCCH,,,,,,,,,,,,,,,,,,1,-inf,"0.000,",,,,,,,,,1787053666.321962,gnb2,post,post,,,
2026-08-18T11:47:48.014844,7640,0x46,PUCCH,,,,,,,,,,,,,,,,,,1,-inf,"0.000,",,,,,,,,,1787053668.014844,gnb2,post,post,,,
2026-08-18T11:47:49.032794,7660,0x46,PUCCH,,,,,,,,,,,,,,,,,,1,-inf,"0.000,",,,,,,,,,1787053669.032794,gnb2,post,post,,,
2026-08-18T11:47:50.004927,7681,0x46,PUCCH,,,,,,,,,,,,,,,,,,2,111.8,"1.000,",,,,,,,,,1787053670.004927,gnb2,post,post,,,
2026-08-18T11:47:51.231735,7720,0x46,PUCCH,,,,,,,,,,,,,,,,,,1,-inf,"0.000,",,,,,,,,,1787053671.231735,gnb2,post,post,,,
2026-08-18T11:47:52.899968,7760,0x46,PUCCH,,,,,,,,,,,,,,,,,,1,-inf,"0.000,",,,,,,,,,1787053672.899968,gnb2,post,post,,,
2026-08-18T11:47:53.806799,7780,0x46,PUCCH,,,,,,,,,,,,,,,,,,1,-inf,"0.000,",,,,,,,,,1787053673.806799,gnb2,post,post,,,
2026-08-18T11:47:54.570823,7800,0x46,PUCCH,,,,,,,,,,,,,,,,,,1,-inf,"0.000,",,,,,,,,,1787053674.570823,gnb2,post,post,,,
2026-08-18T11:47:55.281395,7820,0x46,PUCCH,,,,,,,,,,,,,,,,,,1,-inf,"0.000,",,,,,,,,,1787053675.281395,gnb2,post,post,,,
2026-08-18T11:47:56.048070,7840,0x46,PUCCH,,,,,,,,,,,,,,,,,,1,-inf,"0.000,",,,,,,,,,1787053676.048070,gnb2,post,post,,,
2026-08-18T11:47:57.494987,7880,0x46,PUCCH,,,,,,,,,,,,,,,,,,1,-inf,"0.000,",,,,,,,,,1787053677.494987,gnb2,post,post,,,
2026-08-18T11:47:58.183727,7900,0x46,PUCCH,,,,,,,,,,,,,,,,,,1,-inf,"0.000,",,,,,,,,,1787053678.183727,gnb2,post,post,,,
2026-08-18T11:47:59.298068,7920,0x46,PUCCH,,,,,,,,,,,,,,,,,,1,-inf,"0.000,",,,,,,,,,1787053679.298068,gnb2,post,post,,,
2026-08-18T11:48:00.235909,7940,0x46,PUCCH,,,,,,,,,,,,,,,,,,1,-inf,"0.000,",,,,,,,,,1787053680.235909,gnb2,post,post,,,
2026-08-18T11:48:01.580231,7980,0x46,PUCCH,,,,,,,,,,,,,,,,,,1,-inf,"0.000,",,,,,,,,,1787053681.580231,gnb2,post,post,,,
2026-08-18T11:48:02.367990,8000,0x46,PUCCH,,,,,,,,,,,,,,,,,,1,-inf,"0.000,",,,,,,,,,1787053682.367990,gnb2,post,post,,,
