epoch_s,datetime_utc,gnb,handover_phase,gnb_pkg0_watts,gnb_total_watts,nof_ues,timestamp,node_cpu_user_pct,node_cpu_sys_pct,node_cpu_iowait_pct,node_cpu_irq_pct,node_cpu_softirq_pct,node_cpu_idle_pct,node_mem_total_MB,node_mem_used_MB,node_mem_free_MB,node_mem_avail_MB,node_swap_used_MB,node_load1,node_load5,node_load15,node_intr_per_s,node_ctxt_per_s,node_softirq_NET_RX_per_s,node_softirq_NET_TX_per_s,node_softirq_TIMER_per_s,node_softirq_SCHED_per_s,node_softirq_TASKLET_per_s,node_softirq_RCU_per_s,node_net_rx_bytes_s,node_net_tx_bytes_s,node_net_rx_pkts_s,node_net_tx_pkts_s,node_net_rx_drop_total,node_net_tx_drop_total,node_temp_core_max_C,node_cpu_freq_max_hz,node_rapl_package_uj_delta,node_cpu0_pct,node_cpu1_pct,node_cpu2_pct,node_cpu3_pct,node_cpu4_pct,node_cpu5_pct,node_cpu6_pct,node_cpu7_pct,node_cpu8_pct,node_cpu9_pct,node_cpu10_pct,node_cpu11_pct,node_cpu12_pct,node_cpu13_pct,node_cpu14_pct,node_cpu15_pct,node_cpu16_pct,node_cpu17_pct,node_cpu18_pct,node_cpu19_pct,node_cpu20_pct,node_cpu21_pct,node_cpu22_pct,node_cpu23_pct,node_cpu24_pct,node_cpu25_pct,node_cpu26_pct,node_cpu27_pct,node_cpu28_pct,node_cpu29_pct,node_cpu30_pct,node_cpu31_pct,proc_pid,proc_name,proc_cpu_user_pct,proc_cpu_sys_pct,proc_cpu_total_pct,proc_utime_s_delta,proc_stime_s_delta,proc_rss_kB,proc_vsz_kB,proc_vmhwm_kB,proc_threads,proc_vol_ctxsw_s,proc_nonvol_ctxsw_s,proc_schedrun_ns,proc_schedwait_ns,proc_schedrun_count,proc_open_fds
1787024005.000,2026-08-18T03:33:25.000Z,gnb1,pre,22.39,46.206,50,2026-08-18T03:33:25,11.79,17.02,0.0,0.0,3.6,67.59,64297.0,40974.4,590.0,23322.6,48.8,13.15,13.76,13.68,699481,1596452,55568,6352,600,7982,6489,4142,2006,306,24,3,1937231,0,68.0,1798028,0,41.21,25.62,36.99,22.58,35.09,26.99,38.33,26.71,39.56,24.05,34.68,18.52,33.73,23.03,43.82,21.38,44.32,26.54,44.38,25.77,42.26,24.05,45.25,24.53,44.63,26.22,45.25,21.76,43.18,19.51,38.73,18.4,110735,enb_ue50.conf,15.98,16.48,32.46,0.32,0.33,855588,1666488,855588,15,138.4,20.5,2817988155070,1139760320820,258704198,-1
1787024008.000,2026-08-18T03:33:28.000Z,gnb1,pre,22.39,46.206,50,2026-08-18T03:33:28,11.89,17.28,0.0,0.0,3.52,67.31,64297.0,40971.4,592.9,23325.6,48.8,13.7,13.86,13.71,669139,1526913,53188,6150,593,7667,6203,4337,1719,410,24,3,1937233,0,68.0,1698145,0,36.21,25.94,38.46,26.73,36.05,26.94,33.48,30.45,33.04,26.42,32.61,25.23,33.91,22.87,42.67,23.29,41.67,26.64,44.07,26.73,45.23,25.7,44.77,28.32,43.51,26.64,46.94,20.36,43.04,17.57,39.66,21.43,110735,enb_ue50.conf,9.22,13.83,23.05,0.26,0.39,855588,1666488,855588,15,99.7,13.5,2817992173053,1139761718050,258704517,-1
1787024011.000,2026-08-18T03:33:31.000Z,gnb1,pre,22.39,46.206,50,2026-08-18T03:33:31,12.27,18.1,0.0,0.0,3.95,65.68,64297.0,40972.3,592.0,23324.7,48.8,14.2,13.96,13.75,671921,1521063,53115,6063,586,7635,6268,4236,943,0,13,0,1937234,0,69.0,2397288,0,37.12,29.17,39.92,32.58,35.96,27.31,37.82,26.85,37.07,30.53,35.34,22.57,37.23,26.24,43.83,25.45,46.56,27.01,44.21,26.85,48.18,26.17,48.62,25.36,45.19,26.07,47.33,20.85,46.09,23.01,38.1,21.52,110735,enb_ue50.conf,8.86,15.59,24.45,0.25,0.44,855588,1666488,855588,15,100.3,16.3,2817996055194,1139763893703,258704846,-1
1787024013.000,2026-08-18T03:33:33.000Z,gnb1,pre,22.39,46.206,50,2026-08-18T03:33:33,12.11,17.87,0.0,0.0,3.59,66.42,64297.0,40972.0,592.3,23325.0,48.8,14.2,13.96,13.75,676050,1525940,53157,5988,568,7622,6288,4244,6108,0,91,0,1937236,0,67.0,1698146,0,39.75,29.36,40.74,24.07,39.92,25.34,38.14,24.77,37.34,22.01,36.05,22.61,39.09,24.45,41.99,21.82,46.69,27.11,47.6,24.31,47.97,26.46,46.31,25.89,47.37,25.23,47.76,17.83,46.99,19.57,37.99,18.83,110735,enb_ue50.conf,7.35,15.05,22.4,0.21,0.43,855588,1666488,855588,15,99.4,12.3,2817999964166,1139765529024,258705165,-1
1787024016.000,2026-08-18T03:33:36.000Z,gnb1,pre,22.39,46.206,50,2026-08-18T03:33:36,11.74,17.48,0.0,0.0,3.56,67.23,64297.0,40972.9,591.4,23324.1,48.8,13.78,13.88,13.72,674615,1531088,53120,6124,578,7646,6206,4312,3415,0,53,0,1937237,0,69.0,1698135,0,37.39,25.68,38.56,24.31,38.62,25.0,35.29,24.2,36.55,25.34,35.04,21.97,34.65,22.47,44.9,23.77,45.45,30.74,44.07,25.68,44.3,24.88,47.6,23.96,46.4,23.85,46.53,17.33,45.75,18.53,39.15,19.3,110735,enb_ue50.conf,8.43,14.76,23.19,0.24,0.42,855588,1666488,855588,15,99.4,11.6,2818003691096,1139767260609,258705481,-1
1787024019.000,2026-08-18T03:33:39.000Z,gnb1,pre,22.39,46.206,50,2026-08-18T03:33:39,11.9,17.55,0.0,0.0,3.6,66.95,64297.0,40971.4,592.9,23325.6,48.8,13.78,13.88,13.72,671868,1529438,53259,5992,587,7661,6190,4225,2084,25,32,0,1937238,0,68.0,1698140,0,39.67,25.35,39.92,28.0,38.49,25.93,32.89,23.92,36.55,25.81,33.19,21.43,39.27,22.32,43.57,21.13,45.97,27.48,44.86,26.48,42.8,25.81,44.67,23.81,44.35,26.7,48.21,17.7,45.49,19.74,40.98,19.37,110735,enb_ue50.conf,8.44,15.12,23.56,0.24,0.43,855588,1666488,855588,15,99.2,12.0,2818007191372,1139768765936,258705797,-1
1787024022.000,2026-08-18T03:33:42.000Z,gnb1,pre,22.39,46.206,50,2026-08-18T03:33:42,11.23,17.38,0.0,0.0,3.75,67.64,64297.0,40973.7,590.6,23323.3,48.8,13.72,13.87,13.72,676293,1530603,53070,6147,594,7595,6204,4262,1078,0,17,0,1937240,0,70.0,1798026,0,39.24,24.65,39.26,25.11,34.35,24.42,37.29,25.11,37.07,26.01,33.76,22.71,39.15,20.81,41.48,23.89,48.63,25.69,41.23,23.72,44.77,25.45,45.71,24.66,46.59,24.2,46.53,17.18,42.92,16.96,39.22,16.51,110735,enb_ue50.conf,9.15,14.42,23.57,0.26,0.41,855588,1666488,855588,15,98.8,16.5,2818010787074,1139770049293,258706125,-1
1787024025.000,2026-08-18T03:33:45.000Z,gnb1,pre,22.39,46.206,50,2026-08-18T03:33:45,12.01,17.18,0.0,0.0,3.84,66.96,64297.0,40971.1,593.1,23325.9,48.8,13.72,13.87,13.72,673285,1526625,53118,6077,585,7567,6265,4224,1799,0,26,0,1937241,0,67.0,1698150,0,39.57,26.73,38.7,24.42,38.93,24.88,36.48,24.3,37.07,25.23,35.59,22.87,35.53,19.63,43.7,22.48,46.72,27.6,44.73,24.31,46.12,22.49,43.59,24.41,46.5,33.04,47.37,20.43,43.64,20.0,37.33,20.26,110735,enb_ue50.conf,8.48,15.2,23.68,0.24,0.43,855588,1666488,855588,15,99.0,14.5,2818014636553,1139771860855,258706446,-1
1787024028.000,2026-08-18T03:33:48.000Z,gnb1,pre,22.39,46.206,50,2026-08-18T03:33:48,11.9,17.8,0.0,0.0,3.62,66.68,64297.0,40970.0,594.1,23327.0,48.8,13.02,13.72,13.67,672219,1527514,53303,6043,573,7708,6279,4199,1513,55,23,1,1937243,0,68.0,1698135,0,38.82,29.6,38.36,25.12,37.71,27.27,35.09,24.17,36.64,26.94,35.19,23.01,37.5,23.29,42.8,24.31,46.12,25.81,43.04,25.58,43.4,26.15,46.37,23.58,46.09,26.94,46.77,18.5,45.23,20.27,39.24,26.73,110735,enb_ue50.conf,10.65,12.78,23.43,0.3,0.36,855588,1666488,855588,15,100.1,13.1,2818018408812,1139773417663,258706765,-1
1787024030.000,2026-08-18T03:33:50.000Z,gnb1,pre,22.39,46.206,50,2026-08-18T03:33:50,11.54,17.19,0.0,0.0,3.61,67.67,64297.0,40971.7,592.4,23325.3,48.8,12.94,13.69,13.66,677766,1531267,53203,5952,570,7553,6210,4354,4852,0,39,0,1937244,0,68.0,2397372,0,42.92,24.32,39.83,18.75,38.72,22.73,41.53,22.73,39.5,20.28,36.86,18.67,35.59,22.03,43.64,24.55,44.73,25.44,43.78,20.09,46.06,21.1,45.87,22.83,46.89,25.0,47.97,17.45,47.35,15.18,37.99,21.03,110735,enb_ue50.conf,9.49,13.71,23.2,0.27,0.39,855588,1666488,855588,15,99.5,16.5,2818021933805,1139775206853,258707095,-1
1787024033.000,2026-08-18T03:33:53.000Z,gnb1,pre,22.39,46.206,50,2026-08-18T03:33:53,11.52,16.96,0.0,0.0,3.57,67.95,64297.0,40970.2,593.9,23326.8,48.8,12.94,13.69,13.66,675171,1536479,53059,6104,584,7675,6333,4293,2091,23,32,0,1937245,0,69.0,1698148,0,36.48,24.31,35.09,23.64,35.96,24.77,35.5,25.78,38.4,18.88,35.56,21.78,36.75,17.65,43.57,22.79,46.43,20.48,42.06,24.66,45.04,23.5,47.01,25.23,43.46,20.09,48.63,19.66,45.93,17.95,40.08,24.09,110735,enb_ue50.conf,9.51,13.73,23.24,0.27,0.39,855588,1666488,855588,15,98.2,9.5,2818025435414,1139776560394,258707401,-1
1787024036.000,2026-08-18T03:33:56.000Z,gnb1,pre,22.39,46.206,50,2026-08-18T03:33:56,11.8,16.94,0.0,0.0,3.52,67.74,64297.0,40972.8,591.2,23324.2,48.8,13.27,13.74,13.68,675574,1535488,53113,6073,562,7522,6364,4202,2504,0,35,0,1937247,0,69.0,2397381,0,38.03,25.58,37.12,22.22,40.16,21.13,38.56,24.09,37.97,12.89,39.43,22.12,36.8,19.09,42.67,23.11,46.53,26.27,42.42,25.0,46.31,20.95,44.68,22.17,44.77,19.57,46.91,22.27,45.27,19.48,41.18,24.88,110735,enb_ue50.conf,10.33,13.18,23.51,0.29,0.37,855588,1666488,855588,15,100.8,14.2,2818029824134,1139778450643,258707724,-1
1787024039.000,2026-08-18T03:33:59.000Z,gnb1,pre,22.39,46.206,50,2026-08-18T03:33:59,11.78,17.45,0.0,0.0,3.71,67.06,64297.0,40972.0,591.9,23325.0,48.8,13.27,13.74,13.68,671737,1530504,53158,6044,600,7545,6294,4237,1364,0,20,0,1937248,0,68.0,2397343,0,34.07,24.19,39.51,29.02,35.78,29.87,34.36,22.38,37.24,20.09,35.44,23.56,32.44,20.98,46.83,24.77,46.25,25.34,43.39,23.15,44.4,28.44,44.44,25.23,46.85,23.11,46.75,22.65,46.8,17.7,39.58,25.0,110735,enb_ue50.conf,8.44,15.11,23.55,0.24,0.43,855588,1666488,855588,15,98.8,14.4,2818033537616,1139780045609,258708046,-1
1787024042.000,2026-08-18T03:34:02.000Z,gnb1,pre,22.39,46.206,50,2026-08-18T03:34:02,11.94,17.23,0.0,0.0,3.68,67.14,64297.0,40969.7,594.2,23327.3,48.8,13.24,13.73,13.67,670836,1530821,53130,6039,579,7546,6275,4246,2209,0,33,0,1937250,0,68.0,1698133,0,39.33,24.41,36.91,25.23,37.5,26.22,37.18,29.28,31.65,18.88,37.86,22.61,37.71,17.21,45.23,22.17,49.41,26.48,46.37,23.94,49.21,23.04,45.15,23.0,45.93,19.46,46.47,18.58,46.34,17.7,41.0,24.66,110735,enb_ue50.conf,10.25,13.43,23.68,0.29,0.38,855588,1666488,855588,15,99.6,11.0,2818037193961,1139781621745,258708359,-1
1787024045.000,2026-08-18T03:34:05.000Z,gnb1,pre,22.39,46.206,50,2026-08-18T03:34:05,11.98,17.81,0.0,0.0,3.72,66.49,64297.0,40971.2,592.6,23325.8,48.8,13.24,13.73,13.67,668900,1522072,53225,6038,565,7611,6275,4258,2041,0,27,0,1937251,0,68.0,1698142,0,36.4,25.47,39.58,27.15,38.14,25.23,40.41,26.27,35.68,17.05,33.19,20.19,36.12,24.89,43.7,24.29,44.44,25.58,47.39,28.9,45.99,26.39,47.35,25.23,44.3,23.98,47.37,21.93,47.2,21.93,38.89,27.06,110735,enb_ue50.conf,9.19,14.49,23.68,0.26,0.41,855588,1666488,855588,15,98.6,13.4,2818040894462,1139783799707,258708676,-1
1787024047.000,2026-08-18T03:34:07.000Z,gnb1,pre,22.39,46.206,50,2026-08-18T03:34:07,11.99,17.54,0.0,0.0,3.84,66.63,64297.0,40970.3,593.5,23326.7,48.8,13.3,13.74,13.68,669400,1524534,53172,6101,578,7613,6274,4252,1172,0,18,0,1937252,0,69.0,1698143,0,38.91,29.46,36.68,23.67,35.93,26.27,36.84,26.39,37.55,19.91,38.43,19.14,39.17,22.73,42.42,26.05,45.87,27.31,43.83,31.14,42.61,25.58,46.25,26.39,44.77,23.18,49.41,20.72,48.0,17.89,37.66,24.17,110735,enb_ue50.conf,8.89,14.94,23.83,0.25,0.42,855588,1666488,855588,15,99.6,11.7,2818044667012,1139785109846,258708989,-1
1787024050.000,2026-08-18T03:34:10.000Z,gnb1,pre,22.39,46.206,50,2026-08-18T03:34:10,11.4,17.6,0.0,0.0,3.76,67.24,64297.0,40969.6,594.2,23327.4,48.8,13.3,13.74,13.68,671389,1527773,53090,6063,570,7649,6203,4112,1952,0,26,0,1937254,0,69.0,2397403,0,37.55,27.03,37.99,25.91,37.29,26.27,34.53,26.79,35.22,20.0,34.91,23.35,37.93,24.23,45.78,26.7,44.87,25.35,44.64,27.57,43.78,25.46,43.97,21.15,45.42,20.45,47.76,21.12,46.03,19.82,36.96,25.0,110735,enb_ue50.conf,9.92,14.17,24.09,0.28,0.4,855588,1666488,855588,15,98.8,12.4,2818048294461,1139786607111,258709303,-1
1787024053.000,2026-08-18T03:34:13.000Z,gnb1,pre,22.39,46.206,50,2026-08-18T03:34:13,11.62,17.11,0.0,0.0,3.7,67.57,64297.0,40969.3,594.5,23327.7,48.8,13.92,13.86,13.72,672659,1528703,53290,6078,573,7588,6236,4136,3273,23,51,0,1937255,0,69.0,2397319,0,37.72,24.64,38.16,23.58,36.32,27.03,36.56,25.45,36.24,19.28,36.32,21.72,35.84,24.0,40.36,24.88,45.45,26.27,44.21,24.42,46.67,26.27,46.89,23.83,45.87,20.19,45.22,14.88,45.34,18.42,39.13,25.57,110735,enb_ue50.conf,8.96,15.41,24.37,0.25,0.43,855588,1666488,855588,15,99.6,15.8,2818052099489,1139788041045,258709625,-1
1787024056.000,2026-08-18T03:34:16.000Z,gnb1,pre,22.39,46.206,50,2026-08-18T03:34:16,11.65,17.49,0.01,0.0,3.73,67.12,64297.0,40970.6,593.1,23326.4,48.8,13.53,13.78,13.69,670171,1524155,53174,6037,573,7609,6238,4219,1943,0,30,0,1937257,0,68.0,2397340,0,37.18,27.06,37.61,25.94,38.66,26.05,34.65,28.7,35.11,18.72,34.76,25.78,34.65,24.09,40.18,26.61,43.78,25.47,45.49,24.88,45.64,29.77,44.54,23.08,45.42,24.44,45.42,20.63,44.86,21.78,36.56,24.53,110735,enb_ue50.conf,9.24,14.22,23.46,0.26,0.4,855588,1666488,855588,15,99.5,12.1,2818055816763,1139789484969,258709939,-1
1787024059.000,2026-08-18T03:34:19.000Z,gnb1,pre,22.39,46.206,50,2026-08-18T03:34:19,11.74,17.23,0.0,0.0,3.69,67.34,64297.0,40969.9,593.7,23327.1,48.8,13.53,13.78,13.69,674233,1531552,53082,5990,567,7529,6275,4239,1035,23,16,0,1937258,0,68.0,1698141,0,37.66,27.27,37.66,22.49,38.2,26.29,39.17,25.0,34.65,17.03,34.21,19.91,35.68,22.83,45.42,23.94,47.08,30.26,45.87,24.65,46.47,24.88,44.44,23.74,45.19,19.09,47.33,17.75,45.45,19.73,39.3,25.35,110735,enb_ue50.conf,11.38,12.8,24.18,0.32,0.36,855588,1666488,855588,15,99.2,8.9,2818059447434,1139792024367,258710243,-1
1787024061.000,2026-08-18T03:34:21.000Z,gnb1,pre,22.39,46.206,50,2026-08-18T03:34:21,12.16,17.48,0.0,0.0,3.59,66.77,64297.0,40969.6,594.0,23327.4,48.8,13.48,13.76,13.69,670258,1527938,53197,6028,586,7666,6241,4281,1354,0,21,0,1937259,0,69.0,1698138,0,36.84,27.06,36.8,24.65,37.87,25.35,38.24,24.07,36.12,19.47,35.06,24.0,35.65,21.97,44.26,26.03,45.76,24.17,45.87,26.27,47.77,24.06,48.0,26.03,45.15,23.89,48.19,21.98,45.42,22.47,37.72,25.69,110735,enb_ue50.conf,11.73,12.44,24.17,0.33,0.35,855588,1666488,855588,15,100.3,7.8,2818063062771,1139793215960,258710547,-1
1787024064.000,2026-08-18T03:34:24.000Z,gnb1,pre,22.39,46.206,50,2026-08-18T03:34:24,11.51,16.94,0.0,0.0,3.63,67.91,64297.0,40972.4,591.1,23324.6,48.8,13.48,13.76,13.69,671624,1529540,53083,6086,595,7659,6266,4292,1842,23,27,0,1937261,0,68.0,2397291,0,38.4,25.0,37.18,24.65,34.51,23.11,36.21,22.83,35.4,18.14,36.4,17.43,36.24,20.28,42.98,23.5,46.09,24.07,44.81,23.83,45.87,23.26,44.07,29.82,44.12,21.27,46.28,20.34,47.15,20.78,35.43,25.79,110735,enb_ue50.conf,9.54,13.78,23.32,0.27,0.39,855588,1666488,855588,15,98.9,12.0,2818066839593,1139794529126,258710861,-1
1787024067.000,2026-08-18T03:34:27.000Z,gnb1,pre,22.39,46.206,50,2026-08-18T03:34:27,11.77,17.51,0.0,0.0,3.52,67.21,64297.0,40970.5,592.9,23326.5,48.8,13.21,13.7,13.67,676057,1533921,53318,6090,566,7599,6233,4323,2948,0,41,0,1937262,0,70.0,2397350,0,38.89,26.91,40.59,24.2,35.68,24.55,36.4,20.83,37.23,15.56,34.36,20.69,37.87,19.72,45.45,25.0,44.73,25.11,45.68,24.66,46.25,24.09,47.76,28.19,44.68,22.17,49.42,18.49,45.0,21.52,42.56,24.31,110735,enb_ue50.conf,9.21,13.47,22.68,0.26,0.38,855588,1666488,855588,15,98.9,15.2,2818070525364,1139796159571,258711183,-1
1787024070.000,2026-08-18T03:34:30.000Z,gnb1,pre,22.39,46.206,50,2026-08-18T03:34:30,11.14,17.15,0.0,0.0,3.44,68.27,64297.0,40970.2,593.1,23326.8,48.8,13.21,13.7,13.67,674030,1535355,53198,6049,582,7605,6216,4294,1289,0,16,0,1937264,0,68.0,1798027,0,38.36,23.11,35.96,24.77,36.24,27.63,37.71,23.74,35.09,16.0,35.06,17.41,33.48,23.74,43.53,25.45,46.34,25.11,43.64,24.07,45.15,24.09,46.34,21.7,45.04,22.81,43.23,16.81,44.58,17.86,38.33,23.72,110735,enb_ue50.conf,7.83,14.6,22.43,0.22,0.41,855588,1666488,855588,15,99.0,20.3,2818074413614,1139797620715,258711518,-1
1787024073.000,2026-08-18T03:34:33.000Z,gnb1,pre,22.39,46.206,50,2026-08-18T03:34:33,11.59,17.83,0.0,0.0,3.58,67.0,64297.0,40970.6,592.8,23326.4,48.8,14.71,14.0,13.76,672371,1528194,53279,6068,566,7592,6205,4177,2791,0,43,0,1937265,0,69.0,2203748,0,35.11,28.83,37.61,29.03,37.71,23.92,38.75,25.12,34.67,18.18,34.33,21.3,33.03,21.66,44.81,27.06,45.15,28.51,45.04,26.36,44.73,26.39,46.31,24.88,47.15,23.42,46.72,18.64,44.3,19.82,40.08,25.46,110735,enb_ue50.conf,8.93,13.58,22.51,0.25,0.38,855588,1666488,855588,15,101.5,12.2,2818078483566,1139798828575,258711836,-1
1787024076.000,2026-08-18T03:34:36.000Z,gnb1,pre,22.39,46.206,50,2026-08-18T03:34:36,11.79,17.37,0.0,0.0,3.67,67.17,64297.0,40970.2,593.2,23326.8,48.8,14.33,13.94,13.74,678193,1532282,53126,6184,572,7583,6239,4153,1992,0,31,0,1937266,0,68.0,1798022,0,39.66,26.7,38.3,24.89,39.67,24.07,38.24,23.53,36.48,16.74,36.44,21.59,37.23,18.14,44.96,22.83,45.19,24.19,44.17,21.96,49.01,24.55,47.6,23.87,45.04,20.52,49.81,21.1,45.23,15.72,40.51,28.57,110735,enb_ue50.conf,8.07,14.39,22.46,0.23,0.41,855588,1666488,855588,15,98.3,13.0,2818082374441,1139800271867,258712153,-1
1787024078.000,2026-08-18T03:34:38.000Z,gnb1,pre,22.39,46.206,50,2026-08-18T03:34:38,11.86,17.44,0.0,0.0,3.83,66.87,64297.0,40971.4,591.8,23325.6,48.8,14.33,13.94,13.74,669808,1525962,53050,6196,564,7611,6330,4246,2518,0,38,0,1937268,0,69.0,1698148,0,35.24,28.18,36.8,26.73,39.09,25.59,34.38,25.93,32.11,25.0,35.17,23.04,34.93,22.58,44.44,24.29,44.81,26.17,43.4,26.05,47.01,24.76,46.96,27.48,43.98,24.55,46.09,20.63,44.54,27.47,36.0,26.27,110735,enb_ue50.conf,8.52,14.56,23.08,0.24,0.41,855588,1666488,855588,15,99.8,15.6,2818086390213,1139801936490,258712478,-1
1787024081.000,2026-08-18T03:34:41.000Z,gnb1,pre,22.39,46.206,50,2026-08-18T03:34:41,11.79,17.67,0.0,0.0,3.8,66.73,64297.0,40970.6,592.6,23326.4,48.8,13.99,13.87,13.72,668169,1524607,53269,6071,585,7683,6345,4109,1254,0,18,0,1937269,0,68.0,1698150,0,36.21,30.57,36.75,26.82,34.76,24.17,35.78,24.64,37.07,18.47,33.33,28.76,37.29,23.53,43.4,29.2,46.72,23.67,43.7,27.15,44.17,23.92,48.0,24.29,46.94,24.44,46.28,20.8,44.58,23.04,37.87,25.0,110735,enb_ue50.conf,8.12,14.48,22.6,0.23,0.41,855588,1666488,855588,15,99.2,8.5,2818090537252,1139803514210,258712783,-1
1787024084.000,2026-08-18T03:34:44.000Z,gnb1,pre,22.39,46.206,50,2026-08-18T03:34:44,11.7,17.67,0.0,0.0,3.93,66.71,64297.0,40970.2,592.9,23326.8,48.8,13.99,13.87,13.72,671624,1528630,53207,6117,570,7556,6272,4288,965,0,15,0,1937271,0,68.0,2397318,0,38.14,25.23,37.87,25.93,37.29,25.79,38.59,28.64,36.91,16.59,34.62,24.0,35.34,20.0,43.93,29.52,46.09,26.94,45.93,25.81,46.94,25.23,45.9,23.22,46.77,19.91,48.43,21.49,44.07,19.55,39.24,28.57,110735,enb_ue50.conf,9.2,13.45,22.65,0.26,0.38,855588,1666488,855588,15,99.4,12.0,2818094309672,1139805484163,258713098,-1
1787024087.000,2026-08-18T03:34:47.000Z,gnb1,pre,22.39,46.206,50,2026-08-18T03:34:47,11.5,17.04,0.0,0.0,3.6,67.87,64297.0,40971.2,591.9,23325.8,48.8,14.31,13.94,13.75,677706,1534297,53119,6094,577,7562,6323,4244,4030,23,61,0,1937272,0,68.0,1798024,0,38.7,23.85,39.66,22.43,38.14,21.4,40.25,20.83,36.52,15.18,36.48,22.55,38.72,19.2,43.29,26.15,46.5,23.15,45.64,24.89,46.31,24.66,46.72,18.4,45.38,21.49,46.22,18.99,44.73,15.42,40.68,24.55,110735,enb_ue50.conf,9.54,12.37,21.91,0.27,0.35,855588,1666488,855588,15,99.3,13.4,2818097923510,1139806991570,258713417,-1
1787024090.000,2026-08-18T03:34:50.000Z,gnb1,pre,22.39,46.206,50,2026-08-18T03:34:50,11.65,17.34,0.0,0.0,3.74,67.27,64297.0,40970.5,592.5,23326.5,48.8,14.31,13.94,13.75,678463,1534127,53079,6025,567,7523,6265,4223,1741,23,27,0,1937273,0,69.0,1798027,0,36.68,22.9,39.08,23.39,40.82,24.22,36.48,23.04,36.52,16.52,38.68,20.55,39.58,20.91,44.35,24.43,46.34,22.17,45.27,26.55,47.77,23.53,46.31,21.8,47.22,20.0,47.15,15.45,46.09,18.58,40.25,27.85,110735,enb_ue50.conf,7.8,13.82,21.62,0.22,0.39,855588,1666488,855588,15,99.3,12.4,2818101358272,1139808167302,258713732,-1
1787024092.000,2026-08-18T03:34:52.000Z,gnb1,pre,22.39,46.206,50,2026-08-18T03:34:52,11.56,17.48,0.0,0.0,3.43,67.54,64297.0,40970.0,592.9,23327.0,48.8,13.96,13.88,13.73,677698,1533060,53085,6057,583,7611,6266,4268,935,0,14,0,1937275,0,69.0,1798019,0,38.2,26.7,40.25,27.65,38.56,26.01,37.55,26.55,36.21,16.29,35.59,22.12,37.55,21.17,42.55,22.22,45.93,24.3,44.35,23.15,46.31,23.18,44.12,25.0,44.58,21.97,46.96,16.74,46.12,17.41,38.2,24.09,110735,enb_ue50.conf,8.13,14.85,22.98,0.23,0.42,855588,1666488,855588,15,99.7,16.6,2818105054656,1139809380825,258714060,-1
1787024095.000,2026-08-18T03:34:55.000Z,gnb1,pre,22.39,46.206,50,2026-08-18T03:34:55,12.04,17.52,0.0,0.0,3.57,66.87,64297.0,40971.0,591.8,23326.0,48.8,14.93,14.08,13.79,668174,1521433,53149,6132,571,7644,6260,4217,3096,0,47,0,1937276,0,69.0,1598254,0,36.97,25.37,36.09,27.52,37.08,25.24,32.59,25.94,35.74,19.63,35.95,21.9,34.21,25.57,42.13,22.77,42.31,30.0,42.62,30.05,46.64,27.98,45.75,26.07,44.9,27.03,45.27,22.02,43.98,21.3,36.68,26.42,110735,enb_ue50.conf,10.27,12.74,23.01,0.29,0.36,855588,1666488,855588,15,99.5,12.0,2818109312766,1139810560824,258714376,-1
1787024098.000,2026-08-18T03:34:58.000Z,gnb1,pre,22.39,46.206,50,2026-08-18T03:34:58,12.4,18.36,0.0,0.0,3.78,65.46,64297.0,40971.0,591.8,23326.0,48.8,14.93,14.08,13.79,668884,1515924,52964,6015,561,7648,6246,4218,2138,0,26,0,1937278,0,69.0,1698138,0,40.08,28.5,37.61,28.44,36.21,27.01,38.59,26.89,35.22,22.27,34.87,25.57,39.92,26.58,44.49,29.95,45.83,27.01,43.93,25.84,46.53,29.17,45.64,29.68,45.71,26.48,47.37,22.97,45.49,21.2,39.75,27.73,110735,enb_ue50.conf,9.54,13.78,23.32,0.27,0.39,855588,1666488,855588,15,100.0,14.8,2818113104751,1139811825789,258714701,-1
1787024101.000,2026-08-18T03:35:01.000Z,gnb1,pre,22.39,46.206,50,2026-08-18T03:35:01,11.99,18.32,0.0,0.0,3.83,65.86,64297.0,40969.4,593.3,23327.6,48.8,14.45,13.99,13.77,670296,1520494,53190,6019,577,7634,6250,4191,1833,0,27,0,1937279,0,69.0,2397366,0,38.63,27.98,39.17,26.51,40.08,26.58,37.97,25.69,34.07,21.33,33.33,21.27,37.97,26.11,46.09,25.0,47.76,26.29,45.93,27.65,48.0,31.25,45.68,25.35,46.99,24.32,47.15,21.3,44.77,22.57,40.42,26.73,110735,enb_ue50.conf,9.12,13.33,22.45,0.26,0.38,855588,1666488,855588,15,99.0,10.9,2818116807456,1139813216199,258715014,-1
1787024104.000,2026-08-18T03:35:04.000Z,gnb1,pre,22.39,46.206,50,2026-08-18T03:35:04,11.91,18.09,0.0,0.0,3.56,66.45,64297.0,40971.7,591.0,23325.3,48.8,14.45,13.99,13.77,674731,1521412,52967,6084,570,7536,6225,4239,1590,0,19,0,1937280,0,69.0,1698135,0,39.66,24.06,38.72,23.7,39.66,21.74,39.57,23.08,40.33,18.58,35.06,23.58,37.39,23.77,45.76,27.88,47.3,26.94,44.68,27.03,46.22,25.7,47.54,26.05,42.92,22.77,47.54,18.3,45.3,24.23,40.85,26.58,110735,enb_ue50.conf,8.48,14.13,22.61,0.24,0.4,855588,1666488,855588,15,99.3,12.7,2818120371802,1139814747192,258715331,-1
1787024107.000,2026-08-18T03:35:07.000Z,gnb1,pre,22.39,46.206,50,2026-08-18T03:35:07,11.83,17.18,0.0,0.0,3.34,67.64,64297.0,40970.0,592.6,23327.0,48.8,14.18,13.94,13.75,680058,1531899,53214,6012,586,7637,6186,4343,2177,0,32,0,1937282,0,70.0,1798021,0,40.34,23.15,38.89,21.9,38.72,23.15,38.56,23.18,38.49,17.37,33.03,21.08,37.61,24.43,45.04,25.89,44.26,23.15,45.9,25.34,45.83,21.43,46.72,24.09,45.9,17.27,45.53,20.94,43.1,19.31,40.0,22.79,110735,enb_ue50.conf,7.42,14.85,22.27,0.21,0.42,855588,1666488,855588,15,99.3,9.9,2818123853841,1139816348511,258715640,-1
1787024109.000,2026-08-18T03:35:09.000Z,gnb1,pre,22.39,46.206,50,2026-08-18T03:35:09,11.4,17.55,0.0,0.0,3.72,67.33,64297.0,40969.0,593.6,23328.0,48.8,14.18,13.94,13.75,677178,1530055,53216,6086,584,7609,6277,4310,2823,47,41,1,1937283,0,70.0,1698141,0,39.75,27.6,39.58,26.46,36.21,23.85,37.13,23.11,39.18,17.86,36.55,21.62,35.93,22.32,45.49,26.82,45.0,29.2,44.86,23.36,44.44,23.61,45.19,25.0,44.4,20.28,45.19,20.26,43.64,20.0,39.91,20.75,110735,enb_ue50.conf,9.17,12.7,21.87,0.26,0.36,855588,1666488,855588,15,99.1,10.6,2818127345925,1139817798881,258715951,-1
1787024112.000,2026-08-18T03:35:12.000Z,gnb1,pre,22.39,46.206,50,2026-08-18T03:35:12,11.73,17.43,0.0,0.0,3.6,67.24,64297.0,40969.1,593.4,23327.9,48.8,14.24,13.96,13.76,671759,1530623,53134,6042,591,7648,6294,4334,2765,0,43,0,1937285,0,69.0,1698144,0,36.91,23.36,40.65,22.86,37.18,23.26,37.13,22.79,37.45,18.78,35.19,21.15,34.93,24.22,44.44,24.66,46.4,30.14,45.75,23.47,46.15,23.72,45.0,24.2,46.15,23.35,47.79,17.26,45.42,21.24,37.83,23.36,110735,enb_ue50.conf,7.78,14.5,22.28,0.22,0.41,855588,1666488,855588,15,99.0,9.5,2818130873511,1139819087084,258716258,-1
1787024115.000,2026-08-18T03:35:15.000Z,gnb1,pre,22.39,46.206,50,2026-08-18T03:35:15,12.15,17.52,0.0,0.0,3.67,66.66,64297.0,40969.4,593.1,23327.6,48.8,14.24,13.96,13.76,670904,1528621,53042,6056,573,7697,6300,4253,1215,23,19,0,1937286,0,69.0,1698142,0,39.06,24.07,38.5,23.33,39.68,24.54,37.29,26.24,34.67,20.96,35.78,20.81,37.93,21.17,47.13,24.77,46.28,30.18,44.92,26.94,46.37,23.81,45.61,22.86,43.91,24.23,50.19,20.78,46.72,17.86,42.19,24.07,110735,enb_ue50.conf,9.95,12.79,22.74,0.28,0.36,855588,1666488,855588,15,100.2,13.5,2818134541958,1139821183893,258716578,-1
1787024118.000,2026-08-18T03:35:18.000Z,gnb1,pre,22.39,46.206,50,2026-08-18T03:35:18,12.16,17.35,0.0,0.0,3.41,67.08,64297.0,40972.6,589.8,23324.4,48.8,13.9,13.89,13.74,674380,1528534,53184,6061,568,7681,6223,4171,2429,23,38,0,1937287,0,68.0,2397383,0,39.83,22.69,38.98,22.12,35.68,22.83,40.33,24.66,39.08,19.31,36.32,23.08,38.2,18.06,43.88,22.83,46.44,23.98,46.53,30.74,45.61,23.87,47.37,24.09,45.19,23.04,49.0,20.56,46.09,19.57,37.89,24.11,110735,enb_ue50.conf,6.01,15.55,21.56,0.17,0.44,855588,1666488,855588,15,98.6,14.1,2818138032481,1139822292579,258716897,-1
1787024121.000,2026-08-18T03:35:21.000Z,gnb1,pre,22.39,46.206,50,2026-08-18T03:35:21,11.83,16.69,0.0,0.0,3.48,67.99,64297.0,40969.9,592.5,23327.1,48.8,14.55,14.03,13.78,667926,1532124,53247,6088,574,7628,6241,4193,2227,23,32,0,1937289,0,68.0,2397372,0,35.96,24.54,34.39,23.72,35.62,24.54,37.02,26.36,33.19,17.27,32.6,22.27,37.02,25.89,41.95,23.26,44.3,23.47,43.64,24.19,42.67,27.23,43.93,25.69,43.39,25.22,43.97,26.13,45.23,19.38,36.32,23.36,110735,enb_ue50.conf,7.84,14.61,22.45,0.22,0.41,855588,1666488,855588,15,99.4,11.0,2818141638620,1139824248810,258717207,-1
1787024124.000,2026-08-18T03:35:24.000Z,gnb1,pre,22.39,46.206,50,2026-08-18T03:35:24,11.45,17.16,0.0,0.0,3.77,67.62,64297.0,40969.6,592.7,23327.4,48.8,14.55,14.03,13.78,674008,1530387,53133,6095,566,7668,6304,4248,1711,0,25,0,1937290,0,68.0,1698145,0,38.1,25.45,41.0,21.7,36.68,22.79,38.56,24.09,37.02,16.38,38.43,24.09,36.28,18.43,42.36,20.48,44.87,25.23,46.25,25.0,43.91,23.5,44.73,23.64,45.23,19.56,48.18,23.61,47.37,21.89,37.17,22.27,110735,enb_ue50.conf,8.88,13.15,22.03,0.25,0.37,855588,1666488,855588,15,99.1,16.3,2818145295984,1139825918403,258717532,-1
1787024126.000,2026-08-18T03:35:26.000Z,gnb1,pre,22.39,46.206,50,2026-08-18T03:35:26,11.8,17.45,0.0,0.0,3.82,66.93,64297.0,40971.4,590.9,23325.6,48.8,14.75,14.08,13.8,674259,1527197,53108,6080,572,7654,6297,4322,2262,23,34,0,1937292,0,69.0,1798023,0,39.57,26.73,37.33,22.64,37.23,25.0,38.91,22.69,35.96,20.54,37.55,23.47,36.12,22.67,45.19,24.54,46.25,25.57,46.03,24.77,45.15,25.11,46.75,21.23,46.06,21.0,47.52,26.01,44.02,17.86,41.6,24.42,110735,enb_ue50.conf,9.64,12.49,22.13,0.27,0.35,855588,1666488,855588,15,99.9,16.4,2818148889267,1139827707607,258717857,-1
1787024129.000,2026-08-18T03:35:29.000Z,gnb1,pre,22.39,46.206,50,2026-08-18T03:35:29,11.9,16.69,0.0,0.0,3.39,68.01,64297.0,40969.8,592.4,23327.2,48.8,14.75,14.08,13.8,675029,1533218,53188,6075,573,7562,6155,4296,2369,0,36,0,1937293,0,69.0,1798021,0,37.39,23.96,37.02,25.0,39.26,23.15,37.77,22.33,36.09,15.0,36.44,21.66,36.12,18.18,46.28,26.03,44.16,21.05,43.39,22.9,47.81,23.26,45.19,20.38,45.42,22.57,45.83,23.42,42.36,18.22,40.0,22.02,110735,enb_ue50.conf,8.88,13.14,22.02,0.25,0.37,855588,1666488,855588,15,99.4,16.3,2818152598066,1139829071286,258718184,-1
1787024132.000,2026-08-18T03:35:32.000Z,gnb1,pre,22.39,46.206,50,2026-08-18T03:35:32,11.83,17.66,0.0,0.0,3.59,66.92,64297.0,40971.7,590.5,23325.3,48.8,14.85,14.11,13.81,672153,1527850,53040,6066,581,7601,6229,4225,1203,0,19,0,1937294,0,69.0,2397336,0,39.83,30.0,36.24,24.19,37.71,26.03,37.5,26.15,34.8,18.58,34.75,23.81,36.71,20.37,44.63,24.54,44.58,29.13,44.4,23.83,44.07,22.54,45.53,26.36,44.9,22.97,47.6,25.46,43.93,17.94,40.25,26.24,110735,enb_ue50.conf,8.5,13.82,22.32,0.24,0.39,855588,1666488,855588,15,99.2,15.9,2818156261614,1139830718992,258718509,-1
1787024135.000,2026-08-18T03:35:35.000Z,gnb1,pre,22.39,46.206,50,2026-08-18T03:35:35,11.38,17.16,0.0,0.0,3.55,67.91,64297.0,40969.4,592.7,23327.6,48.8,14.85,14.11,13.81,675627,1533734,53098,6175,582,7638,6152,4316,2076,0,32,0,1937296,0,69.0,1798025,0,39.83,24.2,38.1,24.55,36.24,28.82,36.28,22.42,38.96,16.02,35.81,21.2,37.23,19.82,46.03,20.93,43.48,21.05,44.3,24.31,45.71,21.92,47.33,24.34,45.76,20.8,47.33,23.66,42.61,15.79,42.26,21.5,110735,enb_ue50.conf,9.95,12.44,22.39,0.28,0.35,855588,1666488,855588,15,99.2,17.8,2818160207368,1139833030980,258718838,-1
1787024138.000,2026-08-18T03:35:38.000Z,gnb1,pre,22.39,46.206,50,2026-08-18T03:35:38,11.36,18.04,0.0,0.0,3.56,67.05,64297.0,40970.7,591.2,23326.3,48.8,14.94,14.14,13.82,676199,1529483,53082,6141,578,7663,6269,4244,2591,23,40,0,1937297,0,69.0,1698140,0,40.83,25.45,38.2,27.11,38.75,25.33,36.64,26.7,37.66,22.17,37.66,24.43,35.68,21.97,45.15,18.14,45.34,25.35,43.1,23.58,43.53,30.09,45.68,20.98,46.96,21.66,46.25,24.77,45.42,15.14,43.44,17.54,110735,enb_ue50.conf,11.02,11.73,22.75,0.31,0.33,855588,1666488,855588,15,99.2,14.9,2818164214058,1139834719265,258719159,-1
1787024140.000,2026-08-18T03:35:40.000Z,gnb1,pre,22.39,46.206,50,2026-08-18T03:35:40,11.96,17.63,0.0,0.0,3.68,66.73,64297.0,40969.7,592.2,23327.3,48.8,15.27,14.22,13.85,670660,1524256,53231,6137,592,7664,6264,4236,2880,0,45,0,1937298,0,69.0,1698137,0,38.79,24.53,38.1,24.66,36.96,24.19,39.67,24.3,37.61,26.13,36.86,25.46,35.24,21.92,44.3,18.55,48.19,23.56,44.96,23.96,47.37,25.35,42.86,29.73,46.06,24.06,47.35,24.77,44.49,17.73,39.57,22.48,110735,enb_ue50.conf,6.77,15.69,22.46,0.19,0.44,855588,1666488,855588,15,100.5,15.7,2818168153109,1139836700286,258719485,-1
1787024143.000,2026-08-18T03:35:43.000Z,gnb1,pre,22.39,46.206,50,2026-08-18T03:35:43,11.68,16.9,0.01,0.0,3.61,67.79,64297.0,40968.3,593.6,23328.7,48.8,15.27,14.22,13.85,669084,1531131,53194,6037,575,7600,6253,4208,1723,0,24,0,1937300,0,68.0,1698142,0,38.46,24.2,37.29,27.31,36.21,29.02,36.36,25.68,36.02,21.7,34.05,23.72,34.2,18.47,43.27,18.42,45.49,23.5,44.44,21.36,45.93,26.67,44.81,25.11,45.93,26.01,44.49,22.9,43.04,18.38,35.65,22.32,110735,enb_ue50.conf,8.81,13.04,21.85,0.25,0.37,855588,1666488,855588,15,98.7,10.9,2818171607542,1139837817846,258719796,-1
1787024146.000,2026-08-18T03:35:46.000Z,gnb1,pre,22.39,46.206,50,2026-08-18T03:35:46,12.17,17.77,0.0,0.0,3.82,66.25,64297.0,40969.9,592.0,23327.1,48.8,14.92,14.17,13.84,666036,1521240,53102,6018,580,7601,6193,4268,1168,0,18,0,1937301,0,68.0,1598254,0,36.64,28.04,36.8,25.36,38.84,27.06,36.36,26.51,36.6,25.58,34.62,25.0,36.48,27.48,43.67,21.33,44.21,28.51,42.24,29.41,45.68,25.82,45.64,26.17,45.49,25.47,47.6,24.04,45.68,20.63,39.34,25.11,110735,enb_ue50.conf,10.3,13.14,23.44,0.29,0.37,855588,1666488,855588,15,100.1,10.7,2818175398337,1139839316334,258720108,-1
1787024149.000,2026-08-18T03:35:49.000Z,gnb1,pre,22.39,46.206,50,2026-08-18T03:35:49,12.09,17.75,0.0,0.0,3.95,66.22,64297.0,40968.7,593.1,23328.3,48.8,14.92,14.17,13.84,669301,1518062,53064,5967,573,7622,6235,4214,2593,0,40,0,1937303,0,70.0,2397385,0,36.84,25.93,36.96,29.36,39.5,25.0,37.66,29.52,38.4,25.93,34.48,23.94,36.36,18.18,46.53,20.7,45.42,26.61,45.9,25.23,50.19,24.88,46.75,25.81,44.87,26.82,49.2,22.86,45.61,15.89,39.13,23.53,110735,enb_ue50.conf,7.04,16.89,23.93,0.2,0.48,855588,1666488,855588,15,98.5,13.4,2818179127291,1139841324652,258720426,-1
1787024152.000,2026-08-18T03:35:52.000Z,gnb1,pre,22.39,46.206,50,2026-08-18T03:35:52,11.74,16.97,0.0,0.0,3.73,67.57,64297.0,40971.2,590.6,23325.8,48.8,14.85,14.17,13.84,675996,1532972,53140,5975,573,7628,6242,4291,3669,0,19,0,1937304,0,69.0,1698128,0,37.77,23.26,36.8,21.9,35.84,28.07,38.75,21.96,37.07,23.5,36.17,26.7,35.93,22.07,44.26,18.38,45.49,23.85,43.83,23.96,47.37,24.77,45.31,25.45,45.71,24.2,44.49,22.12,43.46,19.57,38.82,19.91,110735,enb_ue50.conf,7.82,15.28,23.1,0.22,0.43,855588,1666488,855588,15,100.9,11.7,2818182624870,1139842727977,258720743,-1
1787024155.000,2026-08-18T03:35:55.000Z,gnb1,pre,22.39,46.206,50,2026-08-18T03:35:55,12.06,17.97,0.0,0.0,3.81,66.16,64297.0,40969.3,592.3,23327.7,48.8,14.85,14.17,13.84,671833,1521112,53331,6118,570,7632,6240,4348,1777,0,26,0,1937306,0,69.0,2397371,0,38.2,24.2,37.87,25.23,39.26,27.35,38.84,26.91,39.33,26.13,34.75,23.94,36.6,23.21,43.75,20.35,46.8,29.09,45.34,26.46,47.15,23.11,44.86,25.35,46.12,23.11,48.22,24.42,47.2,20.87,40.51,22.07,110735,enb_ue50.conf,7.34,15.38,22.72,0.21,0.44,855588,1666488,855588,15,98.2,12.9,2818186334498,1139844245236,258721061,-1
1787024157.000,2026-08-18T03:35:57.000Z,gnb1,pre,22.39,46.206,50,2026-08-18T03:35:57,11.71,17.91,0.0,0.0,3.73,66.64,64297.0,40970.4,591.1,23326.6,48.8,14.7,14.15,13.83,672226,1524582,53157,6037,582,7603,6219,4313,1651,0,24,0,1937307,0,68.0,1698132,0,40.51,27.23,38.46,24.42,37.07,23.11,35.96,30.22,37.55,25.78,36.97,23.47,37.12,22.12,48.02,20.51,46.28,20.87,45.23,23.11,46.53,28.32,45.9,23.96,48.4,23.96,47.33,25.23,45.0,17.33,37.78,19.91,110735,enb_ue50.conf,11.32,12.03,23.35,0.32,0.34,855588,1666488,855588,15,98.4,12.4,2818190015705,1139846271872,258721374,-1
1787024160.000,2026-08-18T03:36:00.000Z,gnb1,pre,22.39,46.206,50,2026-08-18T03:36:00,12.06,17.44,0.0,0.0,3.77,66.73,64297.0,40969.4,592.1,23327.6,48.8,14.7,14.15,13.83,670392,1525337,53238,6111,568,7654,6204,4300,1277,0,18,0,1937308,0,68.0,1798021,0,40.08,25.69,37.33,24.19,37.93,21.53,38.1,24.66,37.66,25.11,35.5,23.29,38.63,20.91,46.72,17.35,47.76,27.35,46.5,23.58,45.99,23.83,47.13,25.56,45.99,23.61,46.61,28.11,46.5,19.74,39.11,19.16,110735,enb_ue50.conf,8.22,15.0,23.22,0.23,0.42,855588,1666488,855588,15,100.7,13.2,2818193847471,1139847587814,258721693,-1
1787024163.000,2026-08-18T03:36:03.000Z,gnb1,pre,22.39,46.206,50,2026-08-18T03:36:03,11.72,17.57,0.0,0.0,3.74,66.97,64297.0,40969.7,591.8,23327.3,48.8,14.0,14.01,13.79,666936,1526083,53026,6061,566,7592,6220,4200,859,0,13,0,1937310,0,69.0,1698188,0,37.18,28.57,35.68,27.43,37.82,23.61,38.75,23.39,34.8,23.96,34.89,22.94,36.21,22.12,44.9,20.94,45.27,25.23,47.04,21.26,46.72,25.11,45.42,24.89,44.81,23.72,48.63,25.0,44.96,24.32,36.84,20.09,110735,enb_ue50.conf,8.47,14.82,23.29,0.24,0.42,855588,1666488,855588,15,98.8,14.5,2818197616504,1139848731436,258722014,-1
1787024166.000,2026-08-18T03:36:06.000Z,gnb1,pre,22.39,46.206,50,2026-08-18T03:36:06,11.88,17.91,0.0,0.0,3.75,66.46,64297.0,40969.0,592.5,23328.0,48.8,13.52,13.91,13.76,669771,1525338,53074,6000,595,7673,6299,4298,1460,0,23,0,1937311,0,69.0,2397313,0,39.83,26.46,39.15,24.77,38.24,22.9,38.75,24.77,34.51,24.42,35.32,28.51,39.17,23.85,43.83,16.89,48.02,25.11,45.0,25.35,46.31,24.77,46.12,23.72,45.64,27.56,46.89,23.26,45.99,24.77,40.76,19.18,110735,enb_ue50.conf,8.87,14.55,23.42,0.25,0.41,855588,1666488,855588,15,99.0,13.1,2818201219796,1139850436559,258722330,-1
1787024169.000,2026-08-18T03:36:09.000Z,gnb1,pre,22.39,46.206,50,2026-08-18T03:36:09,12.02,17.13,0.0,0.0,3.89,66.96,64297.0,40971.0,590.4,23326.0,48.8,13.52,13.91,13.76,675334,1529689,53082,6085,561,7576,6230,4168,1932,0,30,0,1937312,0,68.0,1698137,0,38.1,25.12,40.09,23.72,40.5,25.35,36.56,23.0,37.55,21.27,35.59,24.42,37.29,20.95,45.04,20.52,45.0,24.65,45.15,23.26,48.4,23.96,44.87,23.11,44.73,22.84,48.81,21.53,46.75,21.43,40.5,20.55,110735,enb_ue50.conf,7.87,16.45,24.32,0.22,0.46,855588,1666488,855588,15,100.5,11.4,2818204687701,1139852243358,258722643,-1
1787024172.000,2026-08-18T03:36:12.000Z,gnb1,pre,22.39,46.206,50,2026-08-18T03:36:12,11.71,17.44,0.0,0.0,3.73,67.12,64297.0,40970.5,590.6,23326.5,48.8,14.04,14.01,13.79,671022,1529293,53125,6359,572,7605,6706,4155,2595,0,40,0,1937314,0,68.0,2397334,0,37.0,23.19,41.46,24.3,37.61,26.03,36.36,24.88,38.82,24.11,34.63,22.9,35.06,25.91,44.35,17.78,44.77,24.42,45.68,25.35,46.77,25.46,47.13,21.05,46.06,17.18,47.13,23.04,46.18,24.77,37.99,20.0,110735,enb_ue50.conf,10.3,15.62,25.92,0.29,0.44,855588,1666488,855588,15,99.4,11.0,2818208100748,1139853415981,258722954,-1
1787024174.000,2026-08-18T03:36:14.000Z,gnb1,pre,22.39,46.206,50,2026-08-18T03:36:14,11.88,17.03,0.0,0.0,3.62,67.47,64297.0,40969.8,591.0,23327.2,48.8,14.04,14.01,13.79,671295,1530260,53108,6990,558,7623,7641,4293,818,0,13,0,1937315,0,69.0,1798023,0,35.59,27.31,37.17,25.0,38.75,27.48,38.75,25.99,36.68,20.36,36.32,23.29,34.91,20.83,44.3,17.11,47.15,23.26,46.99,21.4,46.64,23.42,45.61,23.87,43.48,17.7,49.21,21.96,43.44,24.09,37.44,22.22,110735,enb_ue50.conf,13.05,13.76,26.81,0.37,0.39,855588,1666488,855588,15,98.8,8.1,2818211650041,1139854546765,258723257,-1
1787024177.000,2026-08-18T03:36:17.000Z,gnb1,pre,22.39,46.206,50,2026-08-18T03:36:17,11.97,17.25,0.0,0.0,3.61,67.16,64297.0,40970.7,589.6,23326.3,48.8,13.56,13.91,13.76,672128,1533410,53375,7865,535,7661,9540,4297,1527,0,24,0,1937317,0,69.0,1798026,0,39.06,21.96,40.74,25.0,38.4,25.11,38.33,24.32,34.93,21.78,35.78,24.2,38.49,23.96,46.03,18.53,46.25,28.05,45.23,23.98,45.15,23.61,45.8,22.94,43.59,18.42,46.22,21.8,44.35,23.96,40.6,23.28,110735,enb_ue50.conf,14.18,13.83,28.01,0.4,0.39,855588,1666488,855588,15,99.3,15.2,2818215205234,1139856064345,258723580,-1
1787024180.000,2026-08-18T03:36:20.000Z,gnb1,pre,22.39,46.206,50,2026-08-18T03:36:20,11.77,17.35,0.0,0.0,3.8,67.08,64297.0,40971.9,588.0,23325.1,48.8,13.56,13.91,13.76,671990,1530371,54070,9334,377,7726,11149,4353,1272,0,20,0,1937318,0,69.0,1798025,0,37.23,25.0,39.32,26.01,35.09,25.45,36.21,25.45,37.29,24.78,36.6,22.62,34.96,23.29,44.07,17.94,46.03,30.84,45.42,24.55,44.68,24.66,44.26,24.89,44.35,21.4,46.99,24.57,44.4,25.33,38.16,24.35,110735,enb_ue50.conf,12.41,13.12,25.53,0.35,0.37,855588,1666488,855588,15,100.0,15.6,2818218953950,1139857864820,258723906,-1
1787024183.000,2026-08-18T03:36:23.000Z,gnb1,pre,22.39,46.206,50,2026-08-18T03:36:23,11.95,18.05,0.0,0.0,4.17,65.83,64297.0,40970.4,588.9,23326.6,48.8,13.35,13.86,13.75,673525,1529617,53998,9480,425,7603,10905,4354,1229,0,18,0,1937319,0,69.0,1698146,0,37.12,27.8,39.24,24.77,37.97,24.88,37.34,25.23,36.91,21.92,38.52,31.14,38.03,25.11,45.68,21.93,47.81,27.06,45.68,24.89,49.8,23.11,47.22,24.77,48.19,20.09,47.79,26.13,46.75,24.88,38.96,22.37,110735,enb_ue50.conf,13.81,12.4,26.21,0.39,0.35,855588,1666488,855588,15,99.2,7.4,2818222327405,1139858941806,258724207,-1
1787024186.000,2026-08-18T03:36:26.000Z,gnb1,pre,22.39,46.206,50,2026-08-18T03:36:26,12.18,17.83,0.0,0.0,3.76,66.23,64297.0,40969.9,588.9,23327.1,48.8,12.92,13.77,13.72,670766,1528264,54165,9726,392,7719,11016,4261,1237,0,18,0,1937321,0,70.0,1798021,0,37.13,29.15,39.83,24.29,36.17,27.6,34.63,27.44,36.67,23.64,33.62,24.06,38.17,23.22,43.7,22.22,46.56,25.35,48.24,27.73,44.96,26.58,47.2,27.75,46.46,19.55,44.77,27.48,45.27,26.03,37.23,21.96,110735,enb_ue50.conf,11.0,15.26,26.26,0.31,0.43,855588,1666488,855588,15,98.6,13.5,2818226189611,1139860261833,258724523,-1
1787024188.000,2026-08-18T03:36:28.000Z,gnb1,pre,22.39,46.206,50,2026-08-18T03:36:28,11.72,16.79,0.0,0.0,3.94,67.54,64297.0,40971.0,587.4,23326.0,48.8,12.92,13.77,13.72,672493,1532515,54376,9879,403,7651,11084,4294,1786,0,26,0,1937322,0,70.0,1798086,0,34.4,26.01,37.72,28.11,34.51,26.22,35.81,22.94,34.07,19.91,36.52,25.23,36.73,22.94,45.57,15.67,45.96,23.5,46.44,22.58,47.76,23.5,47.11,23.04,45.9,18.75,46.47,23.83,45.57,24.43,38.16,20.64,110735,enb_ue50.conf,11.07,16.06,27.13,0.31,0.45,855588,1666488,855588,15,100.0,16.1,2818229922580,1139861721854,258724848,-1
1787024191.000,2026-08-18T03:36:31.000Z,gnb1,pre,22.39,46.206,50,2026-08-18T03:36:31,11.92,16.57,0.0,0.0,3.88,67.64,64297.0,40971.3,586.7,23325.7,48.8,13.25,13.82,13.73,674560,1535939,54249,9942,405,7662,10998,4278,1231,0,19,0,1937324,0,69.0,1798030,0,33.64,28.44,38.89,23.72,36.86,23.58,35.65,26.79,34.36,20.0,33.78,27.85,37.61,22.67,44.58,18.22,46.5,24.88,45.38,25.68,44.02,24.06,45.15,24.2,45.53,20.0,45.23,23.74,44.77,20.18,38.2,20.64,110735,enb_ue50.conf,13.86,13.15,27.01,0.39,0.37,855588,1666488,855588,15,98.8,12.8,2818233612217,1139863201039,258725162,-1
1787024194.000,2026-08-18T03:36:34.000Z,gnb1,pre,22.39,46.206,50,2026-08-18T03:36:34,11.73,17.22,0.0,0.0,3.82,67.24,64297.0,40967.4,590.1,23329.6,48.8,13.25,13.82,13.73,677233,1532344,54213,9888,373,7688,11117,4200,1661,23,25,0,1937325,0,69.0,1698143,0,36.96,26.39,37.83,21.57,37.87,24.54,35.53,22.64,37.23,22.27,35.68,23.72,36.16,21.3,44.54,19.03,46.69,25.35,45.11,24.77,47.52,23.11,46.22,23.61,46.53,23.56,48.19,27.03,45.61,17.81,37.55,20.74,110735,enb_ue50.conf,12.51,14.65,27.16,0.35,0.41,855588,1666488,855588,15,100.1,11.1,2818237183243,1139864470365,258725473,-1
1787024197.000,2026-08-18T03:36:37.000Z,gnb1,pre,22.39,46.206,50,2026-08-18T03:36:37,11.78,17.33,0.0,0.0,4.06,66.84,64297.0,40968.1,589.2,23328.9,48.8,13.71,13.91,13.76,678250,1534030,54248,9847,420,7677,11061,4379,934,0,15,0,1937326,0,68.0,1798028,0,39.66,23.85,40.93,24.55,38.03,21.76,39.5,26.22,38.2,20.47,39.33,21.56,38.79,20.83,44.92,17.62,46.56,23.53,45.57,22.37,48.15,23.53,48.39,23.32,48.81,20.55,47.98,23.85,45.15,23.53,38.7,19.27,110735,enb_ue50.conf,12.08,12.79,24.87,0.34,0.36,855588,1666488,855588,15,99.8,17.8,2818240934455,1139865981756,258725804,-1
1787024200.000,2026-08-18T03:36:40.000Z,gnb1,pre,22.39,46.206,50,2026-08-18T03:36:40,11.57,17.02,0.0,0.0,3.67,67.74,64297.0,40969.4,587.6,23327.6,48.8,13.71,13.91,13.76,677940,1538864,53948,9839,415,7651,10943,4176,1504,47,19,1,1937328,0,68.0,1798024,0,37.39,27.68,36.96,23.87,37.02,22.87,36.32,21.5,36.75,24.44,37.71,20.64,35.4,21.36,45.71,18.03,45.68,23.56,43.59,23.66,47.15,19.91,45.71,22.58,46.56,21.36,46.72,22.52,45.68,22.67,40.08,21.59,110735,enb_ue50.conf,12.73,12.02,24.75,0.36,0.34,855588,1666488,855588,15,98.3,12.7,2818244467720,1139867678418,258726118,-1
1787024202.000,2026-08-18T03:36:42.000Z,gnb1,pre,22.39,46.206,50,2026-08-18T03:36:42,11.53,17.41,0.0,0.0,3.81,67.24,64297.0,40966.5,590.3,23330.5,48.8,13.98,13.96,13.78,679176,1541373,53712,9428,488,7634,10860,4351,1667,0,21,0,1937329,0,69.0,1798027,0,39.32,23.74,38.98,18.45,35.93,21.66,35.93,26.79,37.34,22.48,38.11,25.88,36.36,21.4,46.15,16.38,48.81,21.96,45.27,23.64,44.12,22.79,46.72,22.02,46.53,24.77,48.83,23.39,44.54,23.85,38.79,19.46,110735,enb_ue50.conf,10.7,14.98,25.68,0.3,0.42,855588,1666488,855588,15,101.3,14.6,2818247940350,1139869701713,258726443,-1
1787024205.000,2026-08-18T03:36:45.000Z,gnb1,pre,22.39,46.206,50,2026-08-18T03:36:45,11.86,16.99,0.01,0.0,3.93,67.2,64297.0,40969.9,586.7,23327.1,48.8,13.98,13.96,13.78,677918,1540811,54019,9540,455,7650,10969,4316,3349,1767,30,6,1937331,0,70.0,1798026,0,43.03,24.23,37.71,20.18,36.86,23.35,38.84,23.35,37.61,23.35,37.08,22.12,38.78,23.58,45.27,18.83,46.37,20.09,46.37,23.35,45.49,21.27,49.03,24.02,46.59,21.62,46.99,23.04,45.97,23.08,38.89,18.47,110735,enb_ue50.conf,8.38,14.67,23.05,0.24,0.42,855588,1666488,855588,15,98.5,14.7,2818252205477,1139871170258,258726767,-1
1787024208.000,2026-08-18T03:36:48.000Z,gnb1,pre,22.39,46.206,50,2026-08-18T03:36:48,11.55,17.22,0.0,0.0,3.81,67.42,64297.0,40972.8,583.3,23324.2,48.8,13.82,13.93,13.77,671311,1537958,53771,9347,496,7651,10921,4272,1528,554,18,5,1937332,0,69.0,1698145,0,38.78,23.96,33.63,23.39,35.86,23.11,36.44,21.13,38.08,21.86,40.08,23.29,36.05,22.58,44.86,20.09,45.53,23.15,45.75,23.53,45.04,21.43,45.31,21.33,45.71,24.55,45.04,26.22,42.8,25.78,37.34,25.11,110735,enb_ue50.conf,10.64,13.48,24.12,0.3,0.38,855588,1666488,855588,15,99.0,16.7,2818255841520,1139873245534,258727093,-1
1787024211.000,2026-08-18T03:36:51.000Z,gnb1,pre,22.39,46.206,50,2026-08-18T03:36:51,11.67,16.88,0.0,0.0,4.0,67.45,64297.0,40959.2,619.5,23337.8,48.8,13.19,13.79,13.73,675746,1534393,53733,9779,483,7720,11005,4408,3046,79,43,1,1937333,0,69.0,1698143,0,37.28,24.31,39.48,21.96,37.61,22.37,38.98,24.66,34.68,20.74,40.0,19.72,40.0,24.22,47.97,16.52,46.5,24.66,43.48,22.58,43.72,24.89,46.5,21.76,45.99,19.05,47.56,25.55,43.93,23.64,37.84,21.78,110735,enb_ue50.conf,9.24,14.57,23.81,0.26,0.41,855588,1666488,855588,15,99.5,13.5,2818259407890,1139874783806,258727411,-1
1787024214.000,2026-08-18T03:36:54.000Z,gnb1,pre,22.39,46.206,50,2026-08-18T03:36:54,11.73,16.82,0.0,0.0,3.65,67.8,64297.0,40968.0,611.3,23329.0,48.8,13.19,13.79,13.73,675591,1535944,53604,9445,499,7692,10874,4266,1647,0,23,0,1937335,0,69.0,1698137,0,36.68,22.07,37.44,22.97,35.65,22.83,35.93,22.58,37.18,21.86,38.89,23.98,37.45,22.17,45.83,17.32,43.88,21.33,45.23,21.76,45.38,20.47,47.58,23.29,44.58,23.53,45.64,25.34,43.88,24.22,40.43,20.98,110735,enb_ue50.conf,11.01,14.57,25.58,0.31,0.41,855588,1666488,855588,15,99.8,11.0,2818262866153,1139877193080,258727723,-1
1787024217.000,2026-08-18T03:36:57.000Z,gnb1,pre,22.39,46.206,50,2026-08-18T03:36:57,11.81,17.38,0.0,0.0,3.85,66.96,64297.0,40971.1,608.1,23325.9,48.8,12.85,13.71,13.7,674887,1529035,53603,9468,478,7625,10962,4232,1925,35,25,0,1937336,0,69.0,1798029,0,38.72,22.27,38.46,22.97,38.46,27.07,37.23,21.76,38.46,26.64,37.18,24.77,39.22,20.48,45.38,19.92,47.13,25.11,46.15,21.66,48.19,20.75,46.5,23.64,46.94,21.5,46.91,23.29,47.04,24.77,37.67,16.2,110735,enb_ue50.conf,13.46,14.52,27.98,0.38,0.41,855588,1666488,855588,15,100.2,14.9,2818266732345,1139879338396,258728048,-1
1787024219.000,2026-08-18T03:36:59.000Z,gnb1,pre,22.39,46.206,50,2026-08-18T03:36:59,11.69,16.88,0.0,0.0,3.96,67.47,64297.0,40971.0,608.2,23326.0,48.8,12.85,13.71,13.7,675902,1530291,53578,9557,470,7602,11038,4285,1054,0,16,0,1937338,0,69.0,1798022,0,38.82,23.26,37.97,17.98,36.36,24.78,35.47,24.09,38.43,25.56,33.62,21.56,33.48,25.22,46.0,18.78,44.81,26.55,44.17,20.45,46.28,21.86,46.15,26.99,44.49,23.5,50.39,23.64,41.99,22.33,40.42,21.24,110735,enb_ue50.conf,15.75,13.65,29.4,0.45,0.39,855588,1666488,855588,15,98.3,14.0,2818270300770,1139880888947,258728369,-1
1787024222.000,2026-08-18T03:37:02.000Z,gnb1,pre,22.39,46.206,50,2026-08-18T03:37:02,11.59,17.13,0.0,0.0,3.72,67.56,64297.0,40970.9,607.6,23326.1,48.8,12.47,13.62,13.67,673394,1529891,53835,9908,448,7760,11248,4286,1498,0,23,0,1937339,0,68.0,1897914,0,36.75,24.06,37.61,21.33,34.6,24.42,35.19,24.65,39.83,24.88,35.39,25.11,37.08,19.81,43.46,16.29,45.87,25.58,43.98,22.02,42.39,26.91,46.18,23.83,43.57,25.0,46.03,25.45,43.62,24.31,38.26,20.0,110735,enb_ue50.conf,14.88,14.17,29.05,0.42,0.4,855588,1666488,855588,15,100.3,9.9,2818273806714,1139882005725,258728680,-1
1787024225.000,2026-08-18T03:37:05.000Z,gnb1,pre,22.39,46.206,50,2026-08-18T03:37:05,11.04,16.78,0.0,0.0,3.78,68.39,64297.0,40969.3,609.2,23327.7,48.8,12.47,13.62,13.67,677869,1532859,53751,9833,397,7698,11247,4334,1323,0,21,0,1937340,0,69.0,1897913,0,34.22,22.87,37.89,19.23,38.49,19.82,38.03,22.87,38.1,23.61,34.82,23.28,36.97,22.91,45.83,15.02,47.95,22.67,46.03,19.65,46.25,21.05,48.18,21.56,46.89,17.89,46.89,19.91,44.35,21.97,38.43,17.12,110735,enb_ue50.conf,12.94,14.69,27.63,0.37,0.42,855588,1666488,855588,15,99.3,13.6,2818277430411,1139883959439,258729003,-1
1787024228.000,2026-08-18T03:37:08.000Z,gnb1,pre,22.39,46.206,50,2026-08-18T03:37:08,11.36,17.13,0.0,0.0,3.75,67.76,64297.0,40968.1,610.0,23328.9,48.8,13.55,13.82,13.74,674853,1530765,53841,9861,444,7604,11020,4290,1533,0,21,0,1937342,0,70.0,1798027,0,41.73,19.72,39.51,19.2,35.4,18.81,38.49,21.82,37.77,19.35,37.77,23.79,38.03,22.87,45.38,21.83,46.8,22.32,46.22,21.52,45.87,22.32,45.45,21.17,44.73,18.98,47.15,23.21,45.68,24.0,39.92,22.32,110735,enb_ue50.conf,14.4,14.05,28.45,0.41,0.4,855588,1666488,855588,15,99.1,15.8,2818280805308,1139885276138,258729330,-1
1787024231.000,2026-08-18T03:37:11.000Z,gnb1,pre,22.39,46.206,50,2026-08-18T03:37:11,11.76,16.36,0.0,0.0,3.78,68.1,64297.0,40969.1,608.4,23327.9,48.8,13.43,13.79,13.73,671839,1534062,53755,9897,414,7668,11144,4255,1025,0,16,0,1937343,0,69.0,2397342,0,39.17,25.0,35.4,22.17,38.49,21.0,34.93,23.45,38.84,19.55,37.24,22.67,35.56,18.45,42.06,19.09,44.49,26.67,45.04,20.28,45.15,22.42,46.12,22.52,47.62,20.81,46.94,22.52,46.53,17.43,36.12,22.32,110735,enb_ue50.conf,14.82,13.06,27.88,0.42,0.37,855588,1666488,855588,15,99.2,11.6,2818284243552,1139887238736,258729644,-1
1787024234.000,2026-08-18T03:37:14.000Z,gnb1,pre,22.39,46.206,50,2026-08-18T03:37:14,11.82,16.48,0.0,0.0,3.9,67.8,64297.0,40968.5,608.6,23328.5,48.8,13.43,13.79,13.73,674411,1534070,53840,10189,396,7674,11134,4200,1158,0,18,0,1937345,0,69.0,1698146,0,38.72,26.72,38.2,16.89,37.18,24.44,36.36,22.87,39.5,22.47,37.82,26.32,38.82,16.36,43.5,20.19,45.3,22.94,45.49,18.34,48.19,23.83,46.5,22.52,47.33,20.28,47.13,22.33,45.64,18.35,34.2,22.97,110735,enb_ue50.conf,14.16,13.45,27.61,0.4,0.38,855588,1666488,855588,15,99.5,12.7,2818288054040,1139889258505,258729961,-1
1787024236.000,2026-08-18T03:37:16.000Z,gnb1,pre,22.39,46.206,50,2026-08-18T03:37:16,11.95,17.3,0.0,0.0,3.57,67.18,64297.0,40967.5,609.3,23329.5,48.8,13.63,13.83,13.74,676548,1531198,53997,10212,404,7631,11098,4269,1822,0,24,0,1937346,0,68.0,1698152,0,38.08,30.7,37.87,20.35,37.39,20.43,36.48,26.67,35.9,23.81,36.86,24.66,37.02,21.46,43.15,25.0,45.75,25.0,45.71,20.17,45.64,20.83,46.56,23.36,45.08,19.81,48.03,25.11,43.28,24.89,37.71,25.23,110735,enb_ue50.conf,14.47,11.29,25.76,0.41,0.32,855588,1666488,855588,15,97.7,14.5,2818291909729,1139890489313,258730279,-1
1787024239.000,2026-08-18T03:37:19.000Z,gnb1,pre,22.39,46.206,50,2026-08-18T03:37:19,12.23,16.86,0.0,0.0,3.94,66.97,64297.0,40967.7,608.9,23329.3,48.8,13.63,13.83,13.74,677287,1531382,53841,10388,367,7583,11136,4216,2362,0,25,0,1937347,0,69.0,2397334,0,37.0,23.61,39.57,25.88,37.23,17.17,36.24,21.15,37.23,24.44,38.98,23.92,37.05,23.89,45.57,24.42,46.47,23.15,47.33,18.34,48.16,19.21,47.33,25.58,45.38,23.26,46.67,25.12,47.13,21.4,39.66,27.03,110735,enb_ue50.conf,17.97,8.27,26.24,0.5,0.23,855588,1666488,855588,15,101.0,11.1,2818295573034,1139891846836,258730591,-1
1787024242.000,2026-08-18T03:37:22.000Z,gnb1,pre,22.39,46.206,50,2026-08-18T03:37:22,11.64,16.56,0.0,0.0,3.43,68.37,64297.0,40969.2,607.1,23327.8,48.8,13.9,13.88,13.76,674658,1539084,54045,10243,392,7673,11148,4247,1298,0,18,0,1937349,0,69.0,1897916,0,35.37,29.09,37.45,23.38,35.98,17.26,36.05,24.2,33.19,23.11,34.76,23.98,35.71,20.96,42.56,22.73,46.99,23.39,44.17,20.89,46.12,20.09,43.88,22.75,41.56,23.29,44.81,23.98,42.68,22.22,37.24,22.73,110735,enb_ue50.conf,13.45,12.75,26.2,0.38,0.36,855588,1666488,855588,15,98.8,12.0,2818299273799,1139893241685,258730904,-1
1787024245.000,2026-08-18T03:37:25.000Z,gnb1,pre,22.39,46.206,50,2026-08-18T03:37:25,11.5,16.97,0.0,0.0,3.92,67.61,64297.0,40969.6,606.4,23327.4,48.8,13.9,13.88,13.76,675659,1532030,54003,10138,400,7629,11175,4188,1279,0,19,0,1937350,0,69.0,1698146,0,38.1,23.61,37.33,21.15,37.93,17.75,35.11,24.55,37.34,21.43,36.36,24.2,37.66,19.03,44.4,23.15,45.3,24.89,44.3,20.64,45.73,19.82,49.0,23.26,46.69,24.23,47.33,24.88,45.19,20.27,39.75,24.66,110735,enb_ue50.conf,14.59,11.74,26.33,0.41,0.33,855588,1666488,855588,15,98.2,13.9,2818303050791,1139894841633,258731219,-1
1787024248.000,2026-08-18T03:37:28.000Z,gnb1,pre,22.39,46.206,50,2026-08-18T03:37:28,11.68,17.16,0.0,0.0,3.84,67.32,64297.0,40971.9,603.5,23325.1,48.8,13.83,13.87,13.75,675663,1533638,53958,10100,370,7731,11146,4341,1771,0,26,0,1937351,0,70.0,1798021,0,36.16,25.79,39.22,20.64,34.84,16.29,36.73,24.3,36.52,20.18,37.5,24.07,38.46,21.15,44.07,24.42,46.69,25.79,46.67,22.02,45.02,25.45,46.86,22.86,44.44,23.53,48.35,23.72,46.03,24.12,38.2,21.8,110735,enb_ue50.conf,13.04,14.12,27.16,0.36,0.39,855588,1666488,855588,15,101.0,11.6,2818307036604,1139895937494,258731530,-1
1787024250.000,2026-08-18T03:37:30.000Z,gnb1,pre,22.39,46.206,50,2026-08-18T03:37:30,11.92,16.95,0.0,0.0,3.73,67.39,64297.0,40970.7,604.4,23326.3,48.8,13.84,13.87,13.75,678031,1528409,54000,10073,371,7657,11067,4326,1586,0,22,0,1937353,0,69.0,1897909,0,38.46,26.55,37.39,18.55,35.68,16.59,37.87,22.54,35.56,23.71,38.03,29.82,37.83,22.03,47.18,27.63,46.91,22.9,45.83,22.47,46.28,20.91,44.16,23.72,44.49,23.21,47.33,20.75,45.42,21.56,39.22,22.27,110735,enb_ue50.conf,13.82,12.4,26.22,0.39,0.35,855588,1666488,855588,15,98.2,12.4,2818310767894,1139897426937,258731842,-1
1787024253.000,2026-08-18T03:37:33.000Z,gnb1,pre,22.39,46.206,50,2026-08-18T03:37:33,11.08,16.44,0.01,0.0,3.42,69.04,64297.0,40970.6,604.0,23326.4,48.8,13.84,13.87,13.75,681438,1543658,54078,10384,384,7694,11142,4191,1488,23,21,0,1937354,0,69.0,1897911,0,38.5,23.08,37.39,17.18,37.83,14.47,39.83,20.55,34.84,16.37,36.91,21.43,37.72,18.7,44.44,20.91,43.11,21.2,45.49,19.91,48.79,21.65,45.53,22.32,45.61,19.21,43.23,20.36,44.92,17.78,38.26,27.19,110735,enb_ue50.conf,15.42,10.76,26.18,0.43,0.3,855588,1666488,855588,15,100.4,15.1,2818314404038,1139899080995,258732164,-1
1787024256.000,2026-08-18T03:37:36.000Z,gnb1,pre,22.39,46.206,50,2026-08-18T03:37:36,11.39,16.96,0.0,0.0,3.54,68.11,64297.0,40969.8,604.7,23327.2,48.8,13.78,13.86,13.75,676216,1543600,54004,10112,404,7701,10819,4178,1984,0,31,0,1937356,0,70.0,1698145,0,37.39,24.66,36.91,22.98,35.19,14.89,36.17,23.98,37.24,19.2,36.67,22.94,36.8,20.35,43.33,23.11,47.01,25.23,44.86,25.99,44.17,18.06,45.71,23.5,44.44,22.12,45.75,23.29,45.08,19.46,39.08,24.12,110735,enb_ue50.conf,13.14,11.72,24.86,0.37,0.33,855588,1666488,855588,15,100.1,12.4,2818318337716,1139901288289,258732481,-1
1787024259.000,2026-08-18T03:37:39.000Z,gnb1,pre,22.39,46.206,50,2026-08-18T03:37:39,11.91,17.61,0.0,0.0,3.93,66.55,64297.0,40971.6,602.5,23325.4,48.8,13.78,13.86,13.75,668923,1524128,53756,9254,487,7728,10163,4174,1404,45,22,1,1937357,0,69.0,1598253,0,35.9,32.74,35.9,26.76,37.9,18.47,34.6,27.31,37.6,21.03,35.8,26.85,35.62,22.73,43.85,28.9,46.03,26.05,42.68,25.82,44.94,25.33,44.21,26.07,44.03,25.0,46.0,28.57,42.92,24.54,36.86,24.88,110735,enb_ue50.conf,9.86,14.44,24.3,0.28,0.41,855588,1666488,855588,15,99.7,16.9,2818322740804,1139903320388,258732812,-1
1787024262.000,2026-08-18T03:37:42.000Z,gnb1,pre,22.39,46.206,50,2026-08-18T03:37:42,12.14,18.19,0.0,0.0,4.0,65.66,64297.0,40970.7,603.4,23326.3,48.8,13.79,13.86,13.75,671157,1519926,53662,9258,483,7645,10076,4184,1927,0,30,0,1937358,0,69.0,2397352,0,38.56,27.27,38.2,26.94,38.84,16.06,36.97,24.06,37.61,22.22,36.36,26.7,39.08,21.72,45.93,26.91,46.31,26.85,46.8,29.15,47.98,21.86,46.56,29.52,48.81,24.55,48.58,27.27,46.37,23.26,35.87,30.18,110735,enb_ue50.conf,9.49,13.36,22.85,0.27,0.38,855588,1666488,855588,15,98.4,15.8,2818326981748,1139905287788,258733137,-1
1787024265.000,2026-08-18T03:37:45.000Z,gnb1,pre,22.39,46.206,50,2026-08-18T03:37:45,12.13,17.35,0.0,0.0,3.91,66.61,64297.0,40970.2,603.9,23326.8,48.8,13.79,13.86,13.75,673182,1528101,53633,9155,485,7666,10095,4174,1180,0,18,0,1937360,0,68.0,2133044,0,35.81,24.41,40.17,22.75,36.97,18.88,37.02,24.77,39.17,18.81,38.33,24.89,39.66,20.36,46.77,23.36,44.07,27.48,46.5,27.03,46.09,19.72,45.42,23.94,46.28,22.48,48.81,29.41,46.72,23.04,42.04,23.0,110735,enb_ue50.conf,9.56,13.1,22.66,0.27,0.37,855588,1666488,855588,15,99.9,11.3,2818330947670,1139907092774,258733451,-1
1787024267.000,2026-08-18T03:37:47.000Z,gnb1,pre,22.39,46.206,50,2026-08-18T03:37:47,12.06,17.81,0.0,0.0,4.0,66.13,64297.0,40968.4,605.6,23328.6,48.8,13.65,13.83,13.74,669496,1521558,53584,8998,479,7702,10058,4207,1541,0,24,0,1937361,0,69.0,1598263,0,40.08,27.93,36.56,26.03,36.05,19.38,37.13,25.93,37.02,22.03,34.78,24.17,39.67,21.0,46.37,25.58,46.5,23.7,44.35,23.58,47.58,30.9,45.9,25.7,46.09,22.73,45.87,25.7,47.2,24.2,38.96,30.57,110735,enb_ue50.conf,9.52,13.4,22.92,0.27,0.38,855588,1666488,855588,15,99.4,15.9,2818335273843,1139909577159,258733778,-1
1787024270.000,2026-08-18T03:37:50.000Z,gnb1,pre,22.39,46.206,50,2026-08-18T03:37:50,11.78,17.06,0.0,0.0,3.81,67.34,64297.0,40970.9,603.0,23326.1,48.8,13.65,13.83,13.74,675038,1528943,53439,9003,496,7675,10037,4248,2001,209,26,0,1937363,0,70.0,1798024,0,36.32,24.07,38.46,22.54,39.17,18.26,37.87,22.83,37.71,17.73,36.52,24.89,40.0,18.39,45.0,23.18,42.13,26.34,46.56,24.31,44.96,20.61,46.69,27.15,46.53,21.3,47.33,26.11,46.03,21.62,39.32,22.94,110735,enb_ue50.conf,9.15,13.02,22.17,0.26,0.37,855588,1666488,855588,15,98.9,19.7,2818339342059,1139911636962,258734115,-1
1787024273.000,2026-08-18T03:37:53.000Z,gnb1,pre,22.39,46.206,50,2026-08-18T03:37:53,11.79,16.56,0.0,0.0,3.57,68.07,64297.0,40969.2,604.6,23327.8,48.8,13.28,13.75,13.72,675828,1538802,53316,8923,503,7612,10091,4243,3977,0,24,0,1937364,0,70.0,2397364,0,36.75,23.39,40.5,24.11,38.08,17.02,34.67,22.12,35.19,18.38,36.48,25.91,38.75,17.78,46.12,24.22,44.17,25.0,46.12,21.76,46.12,18.97,46.75,22.94,43.8,18.1,46.06,22.37,46.77,20.63,36.73,21.6,110735,enb_ue50.conf,8.15,13.47,21.62,0.23,0.38,855588,1666488,855588,15,99.3,20.2,2818343409619,1139913862705,258734452,-1
1787024276.000,2026-08-18T03:37:56.000Z,gnb1,pre,22.39,46.206,50,2026-08-18T03:37:56,11.54,16.43,0.0,0.0,3.64,68.39,64297.0,40970.2,603.5,23326.8,48.8,13.58,13.8,13.73,675927,1544270,53521,9196,487,7529,9972,4208,1430,0,21,0,1937365,0,69.0,1897917,0,37.71,26.2,35.86,22.57,36.68,16.53,37.34,23.11,36.93,20.59,35.04,20.74,35.74,18.38,44.07,22.62,46.34,23.77,43.9,24.23,46.28,19.66,45.19,25.11,44.67,18.55,46.59,23.89,42.02,18.47,39.48,25.0,110735,enb_ue50.conf,9.55,12.38,21.93,0.27,0.35,855588,1666488,855588,15,99.8,16.6,2818347312504,1139916099478,258734781,-1
1787024279.000,2026-08-18T03:37:59.000Z,gnb1,pre,22.39,46.206,50,2026-08-18T03:37:59,11.59,17.48,0.0,0.0,3.65,67.29,64297.0,40968.5,605.0,23328.5,48.8,13.58,13.8,13.73,675379,1531217,53641,9009,505,7602,10062,4377,1090,23,17,0,1937367,0,68.0,1698144,0,40.24,27.75,40.96,23.87,37.13,19.13,35.68,21.26,36.6,19.56,38.36,26.13,35.78,21.15,44.67,24.42,44.54,23.11,44.67,22.58,45.23,23.04,45.87,22.86,45.34,20.55,48.43,23.58,42.8,21.66,39.75,24.42,110735,enb_ue50.conf,12.73,12.37,25.1,0.36,0.35,855588,1666488,855588,15,100.4,21.6,2818351622707,1139917858135,258735126,-1
1787024282.000,2026-08-18T03:38:02.000Z,gnb1,pre,22.39,46.206,50,2026-08-18T03:38:02,11.9,17.0,0.0,0.0,3.68,67.42,64297.0,40972.5,600.7,23324.5,48.8,12.97,13.67,13.69,676978,1533371,53824,9612,421,7634,10949,4269,2266,0,34,0,1937368,0,69.0,1798025,0,40.08,24.31,38.27,16.59,39.02,17.9,36.86,23.77,35.32,21.33,38.17,23.39,37.71,19.64,44.94,23.42,48.03,24.66,45.64,20.18,46.77,18.83,45.64,25.78,47.45,21.2,45.87,25.45,45.97,22.42,38.2,25.66,110735,enb_ue50.conf,13.61,11.52,25.13,0.39,0.33,855588,1666488,855588,15,97.7,14.7,2818355520015,1139919353649,258735448,-1
1787024284.000,2026-08-18T03:38:04.000Z,gnb1,pre,22.39,46.206,50,2026-08-18T03:38:04,11.86,17.42,0.0,0.0,3.62,67.1,64297.0,40970.8,602.0,23326.2,48.8,12.97,13.67,13.69,677830,1530569,54210,10297,361,7626,10987,4284,1844,0,29,0,1937370,0,69.0,1698147,0,41.0,23.72,36.0,23.66,39.24,18.97,36.44,21.7,38.46,19.73,39.58,26.03,37.72,20.54,42.74,21.96,47.3,24.31,45.38,22.22,45.99,20.09,47.08,23.39,46.91,23.89,46.84,20.87,45.8,24.12,39.5,29.65,110735,enb_ue50.conf,11.02,12.44,23.46,0.31,0.35,855588,1666488,855588,15,99.1,12.8,2818359648398,1139921155943,258735763,-1
1787024287.000,2026-08-18T03:38:07.000Z,gnb1,pre,22.39,46.206,50,2026-08-18T03:38:07,11.65,16.3,0.0,0.0,3.69,68.35,64297.0,40970.4,602.1,23326.6,48.8,13.05,13.68,13.69,679585,1539684,54168,10189,382,7679,10989,4205,1830,0,28,0,1937371,0,69.0,1798031,0,37.83,25.22,38.16,20.98,37.23,17.37,37.12,21.72,36.8,18.22,35.71,24.55,35.14,18.53,42.86,23.56,46.69,23.39,45.06,21.97,47.08,18.97,46.84,26.99,44.16,19.73,48.99,22.22,43.97,19.82,39.57,20.09,110735,enb_ue50.conf,9.97,12.11,22.08,0.28,0.34,855588,1666488,855588,15,99.0,15.0,2818363502643,1139922561707,258736083,-1
1787024290.000,2026-08-18T03:38:10.000Z,gnb1,pre,22.39,46.206,50,2026-08-18T03:38:10,11.58,15.99,0.0,0.0,3.6,68.83,64297.0,40971.1,601.2,23325.9,48.8,13.05,13.68,13.69,674143,1544333,53709,9549,510,7687,10426,4272,1741,25,27,0,1937372,0,70.0,1798024,0,36.75,23.74,36.68,26.05,35.47,16.74,34.93,22.69,34.22,18.94,33.33,24.32,35.56,15.21,44.44,22.07,45.71,24.43,44.35,24.66,44.73,20.54,43.88,23.85,44.35,20.45,43.04,23.29,41.78,23.81,35.96,23.5,110735,enb_ue50.conf,9.65,12.86,22.51,0.27,0.36,855588,1666488,855588,15,100.0,17.9,2818367501625,1139924264067,258736413,-1
1787024293.000,2026-08-18T03:38:13.000Z,gnb1,pre,22.39,46.206,50,2026-08-18T03:38:13,11.63,16.54,0.0,0.0,3.77,68.06,64297.0,40968.5,603.9,23328.5,48.8,13.13,13.68,13.7,676837,1543575,53385,9440,509,7710,10344,4275,1603,0,25,0,1937374,0,68.0,2397366,0,38.24,24.78,36.73,23.26,34.51,18.7,37.02,24.77,33.92,21.13,37.18,22.37,37.12,13.45,44.4,21.86,45.0,19.57,46.03,28.51,45.93,19.2,47.13,21.7,42.06,24.77,48.41,25.45,44.54,17.41,38.03,24.2,110735,enb_ue50.conf,8.54,12.81,21.35,0.24,0.36,855588,1666488,855588,15,98.9,14.2,2818371307418,1139925722669,258736731,-1
1787024296.000,2026-08-18T03:38:16.000Z,gnb1,pre,22.39,46.206,50,2026-08-18T03:38:16,11.47,17.32,0.0,0.0,3.66,67.54,64297.0,40970.3,601.8,23326.7,48.8,13.68,13.79,13.73,677650,1537159,53461,9716,457,7602,10424,4236,1533,0,24,0,1937375,0,69.0,2397426,0,37.39,21.33,38.36,26.34,36.8,15.93,39.5,22.33,36.48,23.72,38.03,23.5,39.83,19.21,46.47,25.68,45.38,15.11,45.0,23.5,46.44,20.18,47.15,25.47,43.64,26.24,46.41,21.33,46.89,17.86,38.05,28.57,110735,enb_ue50.conf,8.92,12.85,21.77,0.25,0.36,855588,1666488,855588,15,100.6,10.3,2818375199029,1139927147779,258737042,-1
1787024298.000,2026-08-18T03:38:18.000Z,gnb1,pre,22.39,46.206,50,2026-08-18T03:38:18,12.01,17.18,0.0,0.0,3.98,66.83,64297.0,40969.6,602.4,23327.4,48.8,13.68,13.79,13.73,677305,1532874,53400,9557,497,7671,10392,4263,1622,0,24,0,1937377,0,69.0,1698151,0,39.09,18.22,38.56,25.23,36.64,19.38,35.22,26.39,36.05,24.65,37.66,27.39,39.84,19.47,45.97,26.01,45.68,16.52,45.68,27.23,48.03,19.27,46.56,26.91,44.63,20.39,48.63,25.45,48.45,18.1,40.25,26.24,110735,enb_ue50.conf,9.17,13.4,22.57,0.26,0.38,855588,1666488,855588,15,99.1,20.1,2818379221568,1139929248277,258737380,-1
1787024301.000,2026-08-18T03:38:21.000Z,gnb1,pre,22.39,46.206,50,2026-08-18T03:38:21,12.01,17.75,0.0,0.0,3.95,66.29,64297.0,40970.4,601.6,23326.6,48.8,14.1,13.87,13.76,674409,1525832,53356,9190,467,7615,10477,4239,1202,0,17,0,1937378,0,69.0,1598259,0,39.84,24.66,38.4,27.48,38.78,21.65,36.6,24.41,36.71,25.7,35.86,25.23,35.09,23.21,44.86,23.83,47.6,18.1,45.31,25.7,48.24,23.45,43.88,26.05,44.44,25.47,46.56,28.38,47.04,22.42,39.5,30.63,110735,enb_ue50.conf,7.42,15.9,23.32,0.21,0.45,855588,1666488,855588,15,100.3,16.6,2818383290502,1139930905253,258737711,-1
1787024304.000,2026-08-18T03:38:24.000Z,gnb1,pre,22.39,46.206,50,2026-08-18T03:38:24,12.17,17.79,0.0,0.0,3.88,66.15,64297.0,40971.1,600.8,23325.9,48.8,14.1,13.87,13.76,674885,1523720,53386,9402,495,7627,10452,4247,1640,0,24,0,1937379,0,69.0,1698149,0,40.91,28.07,39.42,26.75,37.61,19.13,36.21,24.19,38.24,24.41,36.75,25.69,37.97,22.22,47.18,25.11,48.81,20.26,47.01,25.56,46.5,19.37,47.56,26.94,47.81,28.89,47.13,25.57,44.12,20.36,39.66,22.49,110735,enb_ue50.conf,9.11,13.67,22.78,0.26,0.39,855588,1666488,855588,15,97.4,12.6,2818387280426,1139932568293,258738025,-1
1787024307.000,2026-08-18T03:38:27.000Z,gnb1,pre,22.39,46.206,50,2026-08-18T03:38:27,11.75,17.22,0.0,0.0,3.8,67.23,64297.0,40970.6,601.3,23326.4,48.8,13.62,13.78,13.73,671182,1526094,53284,9379,494,7708,10356,4276,1945,0,30,0,1937381,0,69.0,2397369,0,35.37,28.51,36.8,24.88,36.44,21.68,33.78,25.82,35.06,26.76,34.89,31.98,32.43,23.61,42.06,25.94,44.58,20.09,44.4,23.67,42.42,21.82,45.27,25.0,44.44,27.1,44.81,24.76,43.04,23.08,38.08,27.31,110735,enb_ue50.conf,11.06,11.77,22.83,0.31,0.33,855588,1666488,855588,15,100.6,14.3,2818391222842,1139934599451,258738347,-1
1787024310.000,2026-08-18T03:38:30.000Z,gnb1,pre,22.39,46.206,50,2026-08-18T03:38:30,11.93,17.28,0.0,0.0,3.84,66.94,64297.0,40970.1,601.7,23326.9,48.8,13.62,13.78,13.73,674706,1525599,53330,9377,475,7575,10334,4242,1682,0,26,0,1937382,0,68.0,1698151,0,38.56,26.41,36.56,26.79,35.96,17.33,38.91,24.65,40.16,24.77,35.96,28.64,37.83,23.87,41.08,24.42,45.11,19.03,44.92,25.11,46.69,19.37,45.57,27.6,47.11,24.3,47.74,25.45,47.56,20.98,35.9,24.88,110735,enb_ue50.conf,10.59,12.71,23.3,0.3,0.36,855588,1666488,855588,15,98.1,10.6,2818394982396,1139936199241,258738655,-1
1787024313.000,2026-08-18T03:38:33.000Z,gnb1,pre,22.39,46.206,50,2026-08-18T03:38:33,11.26,17.41,0.0,0.0,3.53,67.8,64297.0,40971.2,600.6,23325.8,48.8,13.25,13.7,13.7,680192,1534378,53388,8994,469,7650,10389,4247,1339,0,18,0,1937384,0,69.0,2397424,0,40.74,19.82,38.79,22.07,38.26,20.78,38.1,22.48,38.36,24.55,37.23,23.64,36.32,22.32,45.38,19.63,45.38,16.67,45.61,22.33,46.67,20.0,47.95,22.94,46.25,21.43,46.84,22.33,45.57,18.02,41.39,21.59,110735,enb_ue50.conf,8.22,14.3,22.52,0.23,0.4,855588,1666488,855588,15,99.0,13.6,2818398530504,1139937672283,258738970,-1
1787024315.000,2026-08-18T03:38:35.000Z,gnb1,pre,22.39,46.206,50,2026-08-18T03:38:35,11.8,16.89,0.0,0.0,3.71,67.6,64297.0,40969.7,602.0,23327.3,48.8,13.25,13.7,13.7,675553,1534179,53478,9278,495,7622,10405,4218,1927,0,27,0,1937385,0,69.0,1698143,0,39.33,23.32,37.61,24.41,37.55,20.61,34.96,25.35,34.53,21.74,38.91,25.57,36.16,21.82,43.1,21.72,44.96,17.78,45.08,24.06,46.12,16.59,45.87,27.23,44.96,23.58,49.41,26.91,43.23,18.26,38.63,21.24,110735,enb_ue50.conf,8.24,14.69,22.93,0.23,0.41,855588,1666488,855588,15,101.1,13.3,2818402660688,1139939686382,258739289,-1
1787024318.000,2026-08-18T03:38:38.000Z,gnb1,pre,22.39,46.206,50,2026-08-18T03:38:38,11.77,16.71,0.0,0.0,3.74,67.78,64297.0,40970.6,601.0,23326.4,48.8,13.23,13.69,13.7,681643,1534444,53310,9346,478,7556,10359,4241,1452,0,19,0,1937386,0,70.0,1798025,0,38.56,20.36,38.3,26.01,38.1,16.38,39.66,21.96,38.36,28.05,37.55,22.48,38.72,19.63,43.78,23.25,46.69,19.92,43.29,22.07,46.89,19.48,47.54,22.07,46.28,23.04,45.61,22.33,47.79,19.73,37.13,17.86,110735,enb_ue50.conf,10.6,12.02,22.62,0.3,0.34,855588,1666488,855588,15,98.6,12.7,2818406178062,1139941389185,258739604,-1
1787024321.000,2026-08-18T03:38:41.000Z,gnb1,pre,22.39,46.206,50,2026-08-18T03:38:41,11.46,16.78,0.01,0.0,3.78,67.97,64297.0,40970.0,601.6,23327.0,48.8,13.53,13.74,13.72,685232,1537559,53300,9046,491,7591,10316,4209,1553,0,24,0,1937388,0,69.0,1798025,0,40.17,18.94,39.74,22.33,37.28,17.6,36.89,22.69,38.26,24.66,37.66,22.73,38.6,20.98,41.88,23.38,48.16,14.89,46.69,22.22,48.16,19.21,48.18,23.04,47.35,21.6,45.73,23.32,46.03,18.22,38.56,19.57,110735,enb_ue50.conf,8.53,14.57,23.1,0.24,0.41,855588,1666488,855588,15,99.5,19.9,2818410052768,1139942889223,258739940,-1
1787024324.000,2026-08-18T03:38:44.000Z,gnb1,pre,22.39,46.206,50,2026-08-18T03:38:44,11.03,16.63,0.0,0.0,3.65,68.69,64297.0,40970.8,600.8,23326.2,48.8,13.53,13.74,13.72,682569,1540411,53568,9230,479,7667,10713,4213,1330,0,18,0,1937389,0,68.0,1798031,0,36.68,19.65,39.06,19.07,35.84,17.17,34.82,26.7,37.39,23.42,36.36,22.58,37.0,19.73,42.31,22.17,46.67,15.95,46.06,21.1,46.03,19.13,48.02,23.08,45.15,20.74,46.89,23.74,46.94,15.32,37.0,18.78,110735,enb_ue50.conf,10.3,13.5,23.8,0.29,0.38,855588,1666488,855588,15,99.4,19.2,2818413728500,1139944136274,258740274,-1
1787024327.000,2026-08-18T03:38:47.000Z,gnb1,pre,22.39,46.206,50,2026-08-18T03:38:47,11.43,15.99,0.0,0.0,3.83,68.74,64297.0,40968.2,603.1,23328.8,48.8,12.93,13.61,13.67,681420,1537339,53902,10207,374,7680,11107,4335,1296,0,20,0,1937390,0,69.0,2397386,0,37.12,21.08,36.4,20.63,34.51,20.43,34.22,21.33,37.97,23.5,33.63,22.58,37.66,23.35,41.3,19.91,48.22,19.74,42.17,25.78,45.27,20.7,45.31,21.43,46.34,22.79,42.61,21.4,46.99,22.32,35.71,18.39,110735,enb_ue50.conf,12.77,10.64,23.41,0.36,0.3,855588,1666488,855588,15,100.0,16.3,2818417868269,1139946096142,258740602,-1
1787024330.000,2026-08-18T03:38:50.000Z,gnb1,pre,22.39,46.206,50,2026-08-18T03:38:50,12.2,17.33,0.0,0.0,3.75,66.72,64297.0,40970.4,600.8,23326.6,48.8,12.93,13.61,13.67,674190,1531113,53828,9710,427,7655,10984,4295,1229,0,18,0,1937392,0,69.0,1698148,0,36.21,25.68,34.78,23.94,36.97,22.84,36.29,25.24,39.67,26.82,37.34,28.38,37.45,22.42,43.51,24.09,43.64,23.91,43.15,25.0,44.81,23.35,48.05,27.19,45.45,29.22,46.59,24.64,42.86,20.7,39.92,22.87,110735,enb_ue50.conf,10.24,12.71,22.95,0.29,0.36,855588,1666488,855588,15,98.5,13.1,2818421940505,1139947613969,258740918,-1
1787024332.000,2026-08-18T03:38:52.000Z,gnb1,pre,22.39,46.206,50,2026-08-18T03:38:52,11.94,18.12,0.0,0.0,3.95,66.0,64297.0,40970.0,601.0,23327.0,48.8,13.17,13.65,13.69,676719,1522190,53879,10035,412,7629,10977,4159,1500,0,22,0,1937393,0,68.0,1698142,0,38.63,23.85,36.12,26.73,36.09,24.44,37.18,25.73,38.2,29.22,36.96,28.57,39.24,23.11,46.96,23.36,47.74,20.72,43.64,27.85,46.25,22.97,45.34,28.9,46.47,27.78,47.3,27.91,46.69,24.66,36.61,20.19,110735,enb_ue50.conf,10.68,12.81,23.49,0.3,0.36,855588,1666488,855588,15,98.9,16.7,2818426123204,1139949911252,258741243,-1
1787024335.000,2026-08-18T03:38:55.000Z,gnb1,pre,22.39,46.206,50,2026-08-18T03:38:55,11.8,16.82,0.0,0.0,4.2,67.18,64297.0,40971.0,599.9,23326.0,48.8,13.17,13.65,13.69,677598,1533566,53925,10277,432,7667,10983,4175,1215,0,18,0,1937395,0,69.0,1798019,0,37.77,20.85,35.96,30.14,38.43,19.27,35.02,27.65,36.05,27.1,37.34,24.04,34.38,25.0,44.21,20.95,48.63,20.0,43.22,24.64,45.42,22.48,44.53,23.79,46.12,23.79,46.72,26.76,43.83,20.64,36.4,22.73,110735,enb_ue50.conf,8.93,15.0,23.93,0.25,0.42,855588,1666488,855588,15,100.0,13.6,2818429933258,1139951400053,258741561,-1
1787024338.000,2026-08-18T03:38:58.000Z,gnb1,pre,22.39,46.206,50,2026-08-18T03:38:58,12.25,17.93,0.0,0.0,4.11,65.71,64297.0,40970.5,600.2,23326.5,48.8,12.84,13.57,13.66,673450,1521225,53860,9857,430,7652,11017,4349,1622,0,22,0,1937396,0,69.0,1698129,0,38.53,24.65,39.57,27.06,37.87,18.78,35.32,26.54,37.93,26.42,35.09,28.11,37.07,28.12,48.21,25.69,46.91,23.45,46.75,28.44,47.77,22.27,46.43,26.19,47.79,25.71,46.69,26.07,43.83,23.04,40.59,23.98,110735,enb_ue50.conf,10.65,12.78,23.43,0.3,0.36,855588,1666488,855588,15,100.1,19.9,2818434233442,1139953392419,258741899,-1
1787024341.000,2026-08-18T03:39:01.000Z,gnb1,pre,22.39,46.206,50,2026-08-18T03:39:01,11.89,17.46,0.0,0.0,3.96,66.68,64297.0,40971.0,599.6,23326.0,48.8,12.85,13.56,13.66,673291,1527960,53971,10009,439,7615,10999,4236,1513,0,24,0,1937397,0,67.0,1798020,0,36.52,24.22,38.24,24.53,33.04,21.43,34.63,27.52,38.4,25.12,35.34,26.51,37.71,27.95,43.85,23.11,45.42,16.89,44.81,22.97,48.43,23.56,46.15,27.4,48.0,31.36,45.38,25.35,48.44,20.37,37.71,21.1,110735,enb_ue50.conf,9.16,13.75,22.91,0.26,0.39,855588,1666488,855588,15,99.0,15.5,2818438200828,1139955144411,258742224,-1
1787024344.000,2026-08-18T03:39:04.000Z,gnb1,pre,22.39,46.206,50,2026-08-18T03:39:04,11.73,17.01,0.0,0.0,3.85,67.41,64297.0,40970.9,599.6,23326.1,48.8,12.85,13.56,13.66,676962,1533658,53952,10173,419,7626,11021,4207,1277,0,18,0,1937399,0,68.0,1698140,0,39.08,21.88,38.4,27.52,38.24,19.74,35.56,23.94,38.2,26.61,36.21,22.38,36.96,22.22,41.25,23.42,46.67,16.52,45.23,22.27,47.97,17.37,46.06,27.6,46.5,24.06,47.97,23.83,44.96,21.52,38.37,19.18,110735,enb_ue50.conf,9.56,12.75,22.31,0.27,0.36,855588,1666488,855588,15,98.8,15.9,2818442301319,1139956768186,258742548,-1
1787024346.000,2026-08-18T03:39:06.000Z,gnb1,pre,22.39,46.206,50,2026-08-18T03:39:06,11.64,17.57,0.0,0.0,4.15,66.64,64297.0,40969.5,600.9,23327.5,48.8,12.54,13.49,13.63,680561,1528714,53842,10078,420,7694,10979,4210,944,0,15,0,1937400,0,69.0,1798032,0,39.66,23.42,41.0,23.15,36.73,19.56,37.99,24.19,37.72,25.91,34.55,23.61,40.08,24.44,42.67,22.37,47.54,21.98,46.72,21.43,48.79,20.98,48.37,30.36,47.95,23.58,48.58,24.41,47.72,20.18,37.0,21.93,110735,enb_ue50.conf,10.31,12.44,22.75,0.29,0.35,855588,1666488,855588,15,99.2,16.4,2818446279479,1139959336132,258742873,-1
1787024349.000,2026-08-18T03:39:09.000Z,gnb1,pre,22.39,46.206,50,2026-08-18T03:39:09,11.18,17.31,0.0,0.0,3.52,67.99,64297.0,40970.6,599.7,23326.4,48.8,12.54,13.49,13.63,678342,1536849,53817,9794,423,7722,10988,4347,1575,0,25,0,1937402,0,70.0,1798018,0,36.52,24.66,35.43,18.3,37.5,23.14,35.22,24.29,37.18,24.64,33.04,26.73,35.24,21.27,44.17,24.09,45.0,17.89,43.64,23.32,47.18,22.94,44.4,23.92,44.96,24.65,47.79,21.95,43.46,20.7,37.66,20.0,110735,enb_ue50.conf,8.91,13.54,22.45,0.25,0.38,855588,1666488,855588,15,99.8,22.1,2818450320796,1139961159569,258743215,-1
1787024352.000,2026-08-18T03:39:12.000Z,gnb1,pre,22.39,46.206,50,2026-08-18T03:39:12,11.54,17.74,0.0,0.0,3.88,66.84,64297.0,40968.2,602.0,23328.8,48.8,12.18,13.4,13.6,678138,1529569,53800,9759,432,7674,10949,4232,1551,0,24,0,1937403,0,69.0,1698150,0,36.68,21.76,37.83,23.04,36.48,19.91,36.48,26.94,36.4,25.93,36.48,24.54,37.72,24.77,45.45,22.37,48.4,20.78,44.02,23.36,48.82,26.84,44.58,26.27,46.91,28.18,46.94,25.69,45.34,21.17,37.0,22.12,110735,enb_ue50.conf,9.23,13.48,22.71,0.26,0.38,855588,1666488,855588,15,99.0,13.1,2818454263092,1139962754628,258743531,-1
1787024355.000,2026-08-18T03:39:15.000Z,gnb1,pre,22.39,46.206,50,2026-08-18T03:39:15,11.71,17.11,0.0,0.0,3.73,67.44,64297.0,40971.4,598.6,23325.6,48.8,12.18,13.4,13.6,678577,1533748,53937,10284,418,7632,10991,4273,1398,23,22,0,1937404,0,69.0,1698141,0,37.97,22.62,34.82,26.73,37.07,21.89,34.8,26.27,36.09,26.82,36.64,25.23,38.72,24.78,41.41,22.42,46.15,17.78,42.92,23.61,47.79,20.89,44.02,25.0,43.88,24.88,47.58,26.58,46.53,19.63,38.98,21.59,110735,enb_ue50.conf,9.98,13.19,23.17,0.28,0.37,855588,1666488,855588,15,100.5,11.8,2818458112004,1139964143566,258743846,-1
1787024358.000,2026-08-18T03:39:18.000Z,gnb1,pre,22.39,46.206,50,2026-08-18T03:39:18,12.05,17.62,0.0,0.0,3.86,66.48,64297.0,40969.4,600.5,23327.6,48.8,11.92,13.32,13.58,673233,1526116,53845,10013,418,7673,11033,4190,1361,0,17,0,1937406,0,70.0,1698146,0,36.05,25.23,37.87,26.17,36.4,23.38,37.29,23.83,37.18,27.27,34.76,27.31,33.48,22.43,45.19,22.22,46.94,20.54,44.96,28.77,45.87,22.77,44.96,30.84,45.61,24.64,47.79,27.52,46.56,20.91,38.4,25.96,110735,enb_ue50.conf,7.39,14.77,22.16,0.21,0.42,855588,1666488,855588,15,97.8,14.8,2818462143176,1139966672610,258744166,-1
1787024360.000,2026-08-18T03:39:20.000Z,gnb1,pre,22.39,46.206,50,2026-08-18T03:39:20,11.8,17.16,0.0,0.0,3.78,67.26,64297.0,40969.6,600.2,23327.4,48.8,11.92,13.32,13.58,674895,1535244,53835,10161,414,7673,10984,4183,1527,23,22,0,1937407,0,69.0,1698149,0,37.66,26.13,35.71,26.51,39.51,21.08,37.23,22.75,35.96,23.19,34.65,26.76,36.91,19.55,45.64,23.04,46.94,20.45,46.28,25.35,49.6,22.62,46.03,23.36,43.04,24.06,45.34,23.67,44.77,20.0,37.55,22.02,110735,enb_ue50.conf,7.91,14.75,22.66,0.22,0.41,855588,1666488,855588,15,100.0,17.3,2818466278936,1139968661255,258744492,-1
1787024363.000,2026-08-18T03:39:23.000Z,gnb1,pre,22.39,46.206,50,2026-08-18T03:39:23,11.96,17.08,0.0,0.0,3.81,67.14,64297.0,40970.1,599.6,23326.9,48.8,12.73,13.47,13.62,678157,1534068,53882,10010,400,7680,10970,4266,1421,0,21,0,1937409,0,69.0,2397368,0,35.87,21.27,38.89,25.68,38.03,19.74,40.33,22.27,36.56,26.01,36.96,25.99,36.84,24.77,45.19,23.79,46.89,20.09,44.92,24.07,46.22,20.44,49.21,20.55,46.44,24.2,47.76,28.12,45.15,22.12,38.16,18.92,110735,enb_ue50.conf,9.61,13.17,22.78,0.27,0.37,855588,1666488,855588,15,99.6,15.3,2818469885433,1139970294941,258744815,-1
1787024366.000,2026-08-18T03:39:26.000Z,gnb1,pre,22.39,46.206,50,2026-08-18T03:39:26,11.72,16.61,0.0,0.0,3.62,68.05,64297.0,40970.4,599.2,23326.6,48.8,13.39,13.59,13.66,676943,1539563,53694,10181,429,7624,10889,4227,1403,0,22,0,1937410,0,69.0,2397335,0,39.42,21.65,38.82,22.79,36.05,19.48,37.76,22.58,37.55,27.06,35.19,23.47,37.5,21.7,43.98,24.56,43.1,13.9,45.27,24.2,46.28,20.8,45.45,20.56,44.49,21.96,44.35,23.96,44.86,24.89,37.45,19.91,110735,enb_ue50.conf,9.58,13.49,23.07,0.27,0.38,855588,1666488,855588,15,99.4,10.6,2818473427848,1139971572458,258745125,-1
1787024369.000,2026-08-18T03:39:29.000Z,gnb1,pre,22.39,46.206,50,2026-08-18T03:39:29,11.89,16.86,0.0,0.0,3.9,67.34,64297.0,40968.8,600.6,23328.2,48.8,13.39,13.59,13.66,676467,1535123,53745,10455,443,7654,10932,4142,842,0,13,0,1937411,0,68.0,2397351,0,39.32,24.34,38.89,24.43,38.3,17.62,37.39,23.18,36.96,28.38,32.6,24.66,38.96,23.39,46.5,20.27,49.21,18.14,45.38,22.69,47.33,20.18,47.13,20.0,47.98,23.5,45.56,24.42,45.53,21.7,39.39,16.29,110735,enb_ue50.conf,9.23,14.2,23.43,0.26,0.4,855588,1666488,855588,15,99.4,15.3,2818477075944,1139973578606,258745448,-1
1787024372.000,2026-08-18T03:39:32.000Z,gnb1,pre,22.39,46.206,50,2026-08-18T03:39:32,11.28,17.31,0.0,0.0,3.75,67.67,64297.0,40969.4,600.0,23327.6,48.8,13.36,13.58,13.66,678677,1538289,53803,10165,438,7715,10917,4237,1505,0,23,0,1937413,0,70.0,1798026,0,35.84,19.64,37.99,23.64,38.4,18.26,36.91,24.0,37.87,25.99,34.08,23.29,38.36,24.2,45.19,22.42,46.47,16.67,45.64,23.29,46.5,22.22,47.62,21.0,46.69,20.19,47.81,23.96,45.8,24.2,39.83,17.27,110735,enb_ue50.conf,8.53,13.87,22.4,0.24,0.39,855588,1666488,855588,15,99.2,16.4,2818480573481,1139974856688,258745773,-1
1787024375.000,2026-08-18T03:39:35.000Z,gnb1,pre,22.39,46.206,50,2026-08-18T03:39:35,11.55,16.81,0.0,0.0,3.59,68.05,64297.0,40969.5,599.8,23327.5,48.8,13.36,13.58,13.66,678700,1539180,53710,9493,488,7693,10873,4300,1050,23,16,0,1937414,0,69.0,1798024,0,34.96,23.35,38.3,24.43,34.8,17.98,34.65,20.66,36.96,25.11,37.82,22.54,38.36,24.88,44.77,20.18,45.68,19.31,43.46,23.85,48.21,18.83,44.73,21.0,44.81,24.07,47.18,22.54,46.5,25.22,37.99,18.02,110735,enb_ue50.conf,10.33,11.76,22.09,0.29,0.33,855588,1666488,855588,15,99.4,12.1,2818484007319,1139976555621,258746086,-1
1787024377.000,2026-08-18T03:39:37.000Z,gnb1,pre,22.39,46.206,50,2026-08-18T03:39:37,11.53,17.21,0.0,0.0,3.73,67.52,64297.0,40968.0,601.2,23329.0,48.8,13.89,13.69,13.69,675194,1537773,53661,9506,456,7650,10942,4179,1596,0,25,0,1937416,0,70.0,1798023,0,39.08,19.81,40.98,23.47,33.63,18.5,37.29,21.3,37.5,24.06,36.05,29.78,36.91,26.99,42.8,21.92,46.31,20.35,45.0,22.64,45.71,21.3,45.49,22.67,44.63,24.06,45.23,24.09,44.54,24.77,40.25,19.46,110735,enb_ue50.conf,8.89,13.16,22.05,0.25,0.37,855588,1666488,855588,15,99.6,13.2,2818487524159,1139978352300,258746403,-1
1787024380.000,2026-08-18T03:39:40.000Z,gnb1,pre,22.39,46.206,50,2026-08-18T03:39:40,11.71,17.35,0.0,0.0,3.95,66.99,64297.0,40969.4,599.8,23327.6,48.8,13.89,13.69,13.69,672031,1531825,53477,9740,435,7616,10883,4202,1104,25,17,0,1937417,0,69.0,1698138,0,33.48,26.2,38.49,25.12,36.29,19.48,36.82,27.83,35.9,24.65,34.76,25.23,36.09,24.65,43.04,24.09,45.9,18.47,46.12,24.06,47.41,20.8,45.68,24.09,47.01,27.48,45.93,23.56,45.49,29.03,36.8,21.72,110735,enb_ue50.conf,8.88,13.14,22.02,0.25,0.37,855588,1666488,855588,15,99.8,12.4,2818491224826,1139979677087,258746719,-1
1787024383.000,2026-08-18T03:39:43.000Z,gnb1,pre,22.39,46.206,50,2026-08-18T03:39:43,11.56,17.74,0.0,0.0,3.87,66.82,64297.0,40970.2,599.0,23326.8,48.8,15.26,13.98,13.79,676106,1528123,53463,9929,465,7636,10874,4308,1185,0,18,0,1937418,0,69.0,1798026,0,36.96,21.76,38.3,26.79,39.75,18.58,36.6,25.0,38.46,23.72,35.81,28.18,37.5,20.39,45.42,21.1,45.38,21.79,43.78,24.77,48.59,21.4,47.41,25.44,44.73,26.58,46.25,24.55,47.37,25.45,40.08,21.83,110735,enb_ue50.conf,7.77,14.14,21.91,0.22,0.4,855588,1666488,855588,15,98.2,16.6,2818495045132,1139981907925,258747044,-1
1787024386.000,2026-08-18T03:39:46.000Z,gnb1,pre,22.39,46.206,50,2026-08-18T03:39:46,10.96,16.25,0.0,0.0,3.77,69.02,64297.0,40968.5,600.6,23328.5,48.8,15.0,13.94,13.78,682484,1541193,53471,9908,455,7574,10860,4216,1461,56,21,1,1937420,0,69.0,1798031,0,38.39,18.03,40.34,20.64,37.72,17.95,36.32,17.13,37.22,21.5,36.49,21.56,37.67,21.0,45.96,17.12,46.78,13.98,42.92,22.77,47.03,14.91,46.86,22.51,45.65,21.5,47.7,21.82,46.19,23.79,39.38,15.49,110735,enb_ue50.conf,8.98,12.21,21.19,0.25,0.34,855588,1666488,855588,15,99.1,11.8,2818498467636,1139982922639,258747353,-1
1787024389.000,2026-08-18T03:39:49.000Z,gnb1,pre,22.39,46.206,50,2026-08-18T03:39:49,11.16,16.38,0.0,0.0,3.67,68.79,64297.0,40968.7,600.3,23328.3,48.8,15.0,13.94,13.78,678375,1542850,53460,9981,468,7659,10846,4293,1358,0,20,0,1937421,0,69.0,2397310,0,38.82,20.63,35.27,22.83,34.8,14.09,37.82,21.3,37.61,24.41,33.78,23.39,36.68,23.29,43.51,18.43,46.34,19.23,45.49,21.6,45.9,18.3,44.58,21.62,43.83,23.64,44.92,22.94,44.77,22.22,38.1,17.7,110735,enb_ue50.conf,6.81,15.06,21.87,0.19,0.42,855588,1666488,855588,15,100.0,15.1,2818501920040,1139984175205,258747674,-1
1787024391.000,2026-08-18T03:39:51.000Z,gnb1,pre,22.39,46.206,50,2026-08-18T03:39:51,10.93,17.13,0.0,0.0,3.69,68.25,64297.0,40968.1,600.9,23328.9,48.8,14.84,13.93,13.77,677607,1535997,53651,9652,440,7633,10890,4281,1101,23,17,0,1937422,0,69.0,1897908,0,37.93,20.81,35.11,21.53,37.45,19.3,35.22,22.69,34.96,23.36,33.92,23.83,35.22,21.26,43.1,26.87,45.42,18.7,44.63,24.42,44.96,19.09,45.68,20.93,44.35,25.91,46.37,23.94,45.49,24.77,35.81,19.56,110735,enb_ue50.conf,9.29,12.86,22.15,0.26,0.36,855588,1666488,855588,15,100.0,18.2,2818505997104,1139986140180,258748005,-1
1787024394.000,2026-08-18T03:39:54.000Z,gnb1,pre,22.39,46.206,50,2026-08-18T03:39:54,11.45,17.31,0.0,0.0,3.79,67.45,64297.0,40969.6,599.4,23327.4,48.8,14.84,13.93,13.77,678195,1533023,53553,9669,448,7676,10831,4147,4211,23,28,0,1937424,0,68.0,1698144,0,37.77,23.21,39.41,22.12,35.43,15.14,37.18,23.08,38.2,25.91,38.56,23.39,37.72,23.74,41.45,22.03,45.38,18.14,44.77,28.25,50.77,22.75,46.03,21.2,47.54,24.55,47.93,23.85,47.15,19.71,38.4,16.59,110735,enb_ue50.conf,8.52,13.85,22.37,0.24,0.39,855588,1666488,855588,15,99.4,17.0,2818509942725,1139988084421,258748333,-1
1787024397.000,2026-08-18T03:39:57.000Z,gnb1,pre,22.39,46.206,50,2026-08-18T03:39:57,11.79,17.01,0.0,0.0,3.87,67.34,64297.0,40969.7,599.2,23327.3,48.8,14.85,13.95,13.78,673996,1532986,53576,9223,439,7628,10883,4248,1911,23,30,0,1937425,0,70.0,1897915,0,37.82,20.28,40.25,25.79,36.82,18.67,36.71,22.73,36.24,23.0,35.78,25.11,35.32,26.36,43.98,22.87,44.67,18.97,46.56,26.58,46.59,21.97,45.23,24.31,44.96,27.43,48.22,24.88,42.39,23.47,39.67,17.67,110735,enb_ue50.conf,9.23,13.49,22.72,0.26,0.38,855588,1666488,855588,15,99.1,11.4,2818513249730,1139989609426,258748644,-1
1787024400.000,2026-08-18T03:40:00.000Z,gnb1,pre,22.39,46.206,50,2026-08-18T03:40:00,11.18,16.98,0.0,0.0,4.13,67.71,64297.0,40969.2,599.5,23327.8,48.8,14.85,13.95,13.78,676749,1533516,53487,9691,439,7545,10766,4304,1447,0,22,0,1937427,0,70.0,2397437,0,37.97,20.91,37.66,20.64,35.84,19.65,38.03,22.22,37.77,18.83,35.68,24.19,34.65,25.12,41.7,22.12,47.77,23.31,44.4,24.22,44.78,22.97,49.61,21.3,48.18,22.42,47.11,25.0,44.67,25.23,35.93,20.18,110735,enb_ue50.conf,7.48,15.31,22.79,0.21,0.43,855588,1666488,855588,15,100.0,13.5,2818516812629,1139991783378,258748963,-1
1787024403.000,2026-08-18T03:40:03.000Z,gnb1,pre,22.39,46.206,50,2026-08-18T03:40:03,11.67,17.43,0.0,0.0,3.55,67.35,64297.0,40968.5,600.3,23328.5,48.8,14.46,13.88,13.76,672125,1534251,53618,9761,465,7574,10576,4201,933,0,15,0,1937428,0,69.0,2397361,0,37.82,23.18,37.34,22.62,36.75,24.0,37.39,24.88,34.78,20.18,33.92,27.52,37.02,28.38,43.51,20.09,42.74,21.3,45.04,25.89,47.11,23.08,46.69,23.61,45.45,23.85,45.42,26.17,43.4,28.05,37.07,20.6,110735,enb_ue50.conf,8.52,12.78,21.3,0.24,0.36,855588,1666488,855588,15,99.4,12.4,2818520469779,1139993100671,258749278,-1
1787024405.000,2026-08-18T03:40:05.000Z,gnb1,pre,22.39,46.206,50,2026-08-18T03:40:05,12.28,17.11,0.01,0.0,3.85,66.74,64297.0,40969.0,599.7,23328.0,48.8,14.46,13.88,13.76,671578,1525060,53482,9509,473,7695,10566,4200,1250,0,19,0,1937429,0,70.0,1598258,0,33.92,24.55,37.55,21.13,36.86,20.09,35.22,26.39,38.14,24.88,35.47,26.51,35.81,27.65,44.4,25.11,44.07,22.08,43.22,24.65,45.83,22.38,46.09,25.46,48.02,23.83,48.43,25.94,44.77,25.47,41.43,24.11,110735,enb_ue50.conf,9.56,12.75,22.31,0.27,0.36,855588,1666488,855588,15,99.8,17.0,2818524280027,1139994652608,258749608,-1
1787024408.000,2026-08-18T03:40:08.000Z,gnb1,pre,22.39,46.206,50,2026-08-18T03:40:08,11.95,17.06,0.0,0.0,3.98,67.02,64297.0,40969.9,598.8,23327.1,48.8,14.27,13.85,13.75,675995,1529639,53467,9310,472,7625,10565,4210,1432,23,21,0,1937431,0,70.0,1798027,0,39.17,19.73,36.84,22.37,38.14,18.34,37.87,22.02,35.71,23.48,39.67,21.6,39.57,24.77,44.68,23.53,46.72,18.38,47.18,23.56,47.35,18.81,46.69,23.08,48.18,24.78,47.11,29.15,45.53,25.91,38.79,23.58,110735,enb_ue50.conf,8.46,13.04,21.5,0.24,0.37,855588,1666488,855588,15,98.4,17.6,2818527953509,1139996373545,258749937,-1
1787024411.000,2026-08-18T03:40:11.000Z,gnb1,pre,22.39,46.206,50,2026-08-18T03:40:11,11.76,17.69,0.0,0.0,3.67,66.88,64297.0,40969.6,598.9,23327.4,48.8,14.09,13.82,13.74,670361,1529111,53419,9490,465,7638,10536,4216,1470,0,23,0,1937432,0,70.0,1598284,0,36.97,23.53,36.21,25.78,35.04,21.27,35.95,23.92,35.5,23.18,35.17,29.96,36.17,30.23,40.95,23.47,44.58,20.26,43.28,28.63,45.49,23.47,47.66,28.57,45.71,27.03,46.31,28.64,42.62,27.4,36.09,21.96,110735,enb_ue50.conf,10.32,12.09,22.41,0.29,0.34,855588,1666488,855588,15,99.2,11.4,2818531559234,1139998172630,258750248,-1
1787024414.000,2026-08-18T03:40:14.000Z,gnb1,pre,22.39,46.206,50,2026-08-18T03:40:14,11.69,18.32,0.0,0.0,3.88,66.11,64297.0,40967.3,601.2,23329.7,48.8,14.09,13.82,13.74,675229,1523433,53385,9217,472,7656,10470,4132,958,23,15,0,1937434,0,70.0,2397378,0,37.23,22.43,40.17,22.48,38.98,21.93,37.97,23.94,38.03,19.18,36.64,28.96,39.32,26.73,46.47,21.9,45.34,24.44,46.44,26.24,46.25,23.0,45.83,24.42,47.33,21.3,48.37,28.83,47.97,25.7,41.35,23.89,110735,enb_ue50.conf,7.48,14.6,22.08,0.21,0.41,855588,1666488,855588,15,99.0,12.1,2818535164493,1140000578094,258750560,-1
1787024417.000,2026-08-18T03:40:17.000Z,gnb1,pre,22.39,46.206,50,2026-08-18T03:40:17,11.63,16.82,0.0,0.0,3.68,67.88,64297.0,40970.3,598.1,23326.7,48.8,13.68,13.74,13.71,680916,1535416,53460,9448,492,7689,10453,4286,1332,0,19,0,1937435,0,68.0,1798020,0,36.04,23.11,38.7,24.67,36.84,18.86,35.11,24.02,38.03,21.68,36.61,21.15,40.17,22.86,44.26,18.67,45.57,18.94,45.34,21.52,45.76,20.28,45.49,22.97,46.91,23.18,46.64,24.19,45.11,26.82,40.25,18.1,110735,enb_ue50.conf,8.94,12.52,21.46,0.25,0.35,855588,1666488,855588,15,100.9,17.5,2818538795210,1140002598803,258750891,-1
1787024420.000,2026-08-18T03:40:20.000Z,gnb1,pre,22.39,46.206,50,2026-08-18T03:40:20,11.26,17.27,0.0,0.0,3.89,67.59,64297.0,40968.8,599.6,23328.2,48.8,13.68,13.74,13.71,678585,1532482,53611,9502,490,7650,10390,4191,1389,0,17,0,1937436,0,70.0,1698150,0,37.55,21.92,38.82,22.97,35.22,21.15,35.22,22.67,37.29,22.07,36.71,25.46,36.64,29.41,43.98,17.39,48.03,19.91,45.27,21.33,48.41,23.18,45.68,22.97,45.27,25.33,47.15,21.84,44.35,24.42,37.34,17.57,110735,enb_ue50.conf,9.52,13.05,22.57,0.27,0.37,855588,1666488,855588,15,98.8,10.6,2818542386951,1140003952212,258751201,-1
1787024422.000,2026-08-18T03:40:22.000Z,gnb1,pre,22.39,46.206,50,2026-08-18T03:40:22,11.74,17.06,0.0,0.0,3.91,67.3,64297.0,40968.0,600.3,23329.0,48.8,13.46,13.69,13.7,672566,1531865,53511,9458,470,7609,10419,4170,2030,0,27,0,1937438,0,70.0,2397352,0,33.64,23.77,35.53,22.37,34.78,22.17,37.6,22.83,36.29,20.09,34.91,27.1,36.71,28.44,45.93,21.4,46.56,20.7,45.23,24.07,46.75,24.19,44.81,23.61,45.45,27.48,44.73,26.19,44.4,26.07,37.23,23.35,110735,enb_ue50.conf,8.17,14.21,22.38,0.23,0.4,855588,1666488,855588,15,99.1,10.7,2818546298449,1140005663120,258751510,-1
1787024425.000,2026-08-18T03:40:25.000Z,gnb1,pre,22.39,46.206,50,2026-08-18T03:40:25,11.9,17.93,0.0,0.0,4.31,65.86,64297.0,40967.9,600.4,23329.1,48.8,13.46,13.69,13.7,673351,1521178,53486,9356,476,7595,10360,4293,1599,0,25,0,1937439,0,69.0,1698135,0,36.52,26.17,37.34,22.69,37.55,21.23,35.78,24.66,37.61,25.0,35.09,28.37,37.45,25.24,45.97,22.37,48.19,23.64,44.63,29.63,49.22,27.65,48.83,25.0,46.31,25.12,48.4,26.92,43.7,29.49,36.96,22.27,110735,enb_ue50.conf,7.83,15.65,23.48,0.22,0.44,855588,1666488,855588,15,99.6,14.9,2818550136069,1140008202028,258751832,-1
1787024428.000,2026-08-18T03:40:28.000Z,gnb1,pre,22.39,46.206,50,2026-08-18T03:40:28,11.75,17.43,0.0,0.0,3.88,66.93,64297.0,40968.6,599.5,23328.4,48.8,13.35,13.66,13.69,680285,1529020,53363,9296,469,7573,10406,4168,1624,0,22,0,1937441,0,69.0,2397303,0,39.66,25.66,38.6,19.91,40.34,20.8,38.43,19.18,36.96,22.67,37.71,24.88,37.93,23.33,45.42,18.7,46.72,20.26,45.34,22.58,49.19,21.03,45.99,24.02,46.69,24.43,48.36,26.61,46.03,24.41,40.93,22.51,110735,enb_ue50.conf,9.24,14.21,23.45,0.26,0.4,855588,1666488,855588,15,98.8,15.3,2818553656745,1140009953463,258752153,-1
1787024431.000,2026-08-18T03:40:31.000Z,gnb1,pre,22.39,46.206,50,2026-08-18T03:40:31,11.79,17.36,0.0,0.0,3.65,67.2,64297.0,40969.2,598.9,23327.8,48.8,14.04,13.8,13.73,678832,1535641,53419,9442,497,7669,10363,4283,1217,0,19,0,1937442,0,70.0,1798026,0,40.25,22.27,40.59,20.63,37.39,24.55,36.8,21.3,37.97,19.73,38.56,23.22,38.43,24.19,45.15,15.52,44.44,19.74,46.06,20.28,48.16,24.31,49.0,24.67,44.21,22.83,49.2,26.94,46.69,25.45,38.86,19.3,110735,enb_ue50.conf,8.24,14.33,22.57,0.23,0.4,855588,1666488,855588,15,99.2,11.8,2818557191509,1140011638520,258752463,-1
1787024434.000,2026-08-18T03:40:34.000Z,gnb1,pre,22.39,46.206,50,2026-08-18T03:40:34,11.33,16.62,0.0,0.0,3.8,68.25,64297.0,40968.7,599.3,23328.3,48.8,14.04,13.8,13.73,679057,1536947,53295,9165,480,7624,10340,4250,1016,0,13,0,1937443,0,69.0,1698150,0,37.23,20.91,38.1,18.81,36.64,22.9,36.52,22.73,33.64,25.33,34.96,24.31,35.71,24.31,42.36,15.49,47.15,16.67,44.3,23.21,47.35,26.34,43.53,22.17,45.38,21.56,45.8,24.19,46.28,22.75,39.15,20.78,110735,enb_ue50.conf,8.6,13.97,22.57,0.24,0.39,855588,1666488,855588,15,99.9,14.0,2818560511487,1140012886388,258752781,-1
1787024436.000,2026-08-18T03:40:36.000Z,gnb1,pre,22.39,46.206,50,2026-08-18T03:40:36,11.63,17.64,0.0,0.0,3.88,66.85,64297.0,40967.0,601.0,23330.0,48.8,14.12,13.82,13.74,676740,1525807,53214,9205,482,7632,10326,4305,1407,0,22,0,1937445,0,69.0,1798023,0,37.39,23.29,35.84,22.77,36.96,26.48,35.56,24.54,38.2,24.35,35.22,26.03,36.04,24.3,45.15,15.6,45.19,20.18,44.73,26.87,49.4,23.81,49.4,22.79,45.99,23.5,44.64,25.7,46.47,26.61,41.42,23.66,110735,enb_ue50.conf,10.31,12.09,22.4,0.29,0.34,855588,1666488,855588,15,99.9,17.8,2818564638464,1140014166419,258753112,-1
1787024439.000,2026-08-18T03:40:39.000Z,gnb1,pre,22.39,46.206,50,2026-08-18T03:40:39,11.2,16.6,0.0,0.0,3.83,68.38,64297.0,40969.5,598.4,23327.5,48.8,14.12,13.82,13.74,678418,1535644,53372,9295,488,7723,10343,4282,2678,49,42,1,1937446,0,70.0,1698143,0,34.8,20.09,36.24,19.37,35.5,24.55,39.84,21.46,35.81,21.21,32.27,23.96,37.12,25.89,43.46,15.86,44.58,18.7,43.93,22.87,46.94,25.0,44.49,21.92,45.0,27.51,45.23,27.23,46.56,20.1,35.56,18.22,110735,enb_ue50.conf,8.15,13.82,21.97,0.23,0.39,855588,1666488,855588,15,98.9,14.2,2818568508647,1140015366970,258753431,-1
1787024442.000,2026-08-18T03:40:42.000Z,gnb1,pre,22.39,46.206,50,2026-08-18T03:40:42,11.83,17.38,0.0,0.0,3.66,67.13,64297.0,40968.7,599.2,23328.3,48.8,14.67,13.94,13.78,671387,1528463,53308,9522,470,7662,10350,4181,2781,0,43,0,1937447,0,70.0,1698136,0,36.21,23.18,39.09,27.27,34.78,27.23,33.33,25.36,36.36,25.0,36.29,25.94,36.21,25.35,44.63,19.03,44.63,18.83,42.98,24.77,45.15,31.44,43.59,27.27,45.68,22.69,44.12,23.79,45.87,23.56,37.77,22.12,110735,enb_ue50.conf,9.95,12.44,22.39,0.28,0.35,855588,1666488,855588,15,99.9,15.6,2818572527106,1140017311440,258753756,-1
1787024445.000,2026-08-18T03:40:45.000Z,gnb1,pre,22.39,46.206,50,2026-08-18T03:40:45,12.26,17.34,0.0,0.0,3.88,66.52,64297.0,40967.9,599.9,23329.1,48.8,14.67,13.94,13.78,674392,1527226,53262,9200,499,7665,10306,4382,1416,0,17,0,1937449,0,68.0,1698141,0,39.42,24.22,38.3,20.83,35.78,25.46,37.34,26.13,38.52,19.35,36.13,29.82,35.65,24.77,44.12,24.26,47.56,22.51,44.58,23.61,48.41,24.53,46.99,24.2,43.98,24.77,48.41,25.12,47.6,26.61,38.98,19.73,110735,enb_ue50.conf,9.54,13.43,22.97,0.27,0.38,855588,1666488,855588,15,98.6,12.7,2818576273694,1140020149120,258754071,-1
1787024448.000,2026-08-18T03:40:48.000Z,gnb1,pre,22.39,46.206,50,2026-08-18T03:40:48,11.68,17.06,0.0,0.0,3.54,67.72,64297.0,40967.5,600.3,23329.5,48.8,14.29,13.88,13.76,676282,1534118,53297,9373,499,7709,10287,4292,1512,0,22,0,1937450,0,68.0,2397369,0,38.72,23.35,39.57,22.32,33.48,23.22,37.87,21.7,35.11,20.09,36.21,28.9,37.0,24.31,39.91,22.27,44.1,20.51,45.83,23.18,44.08,22.75,47.35,23.53,45.38,24.23,47.11,25.0,44.59,23.61,36.36,21.21,110735,enb_ue50.conf,8.57,13.57,22.14,0.24,0.38,855588,1666488,855588,15,99.6,14.6,2818580034914,1140021662281,258754390,-1
1787024450.000,2026-08-18T03:40:50.000Z,gnb1,pre,22.39,46.206,50,2026-08-18T03:40:50,11.75,17.11,0.0,0.0,3.66,67.48,64297.0,40971.4,596.3,23325.6,48.8,14.29,13.88,13.76,676647,1531474,53436,9288,508,7704,10304,4373,1696,23,25,0,1937452,0,69.0,2397352,0,38.89,20.52,38.7,23.98,36.4,27.8,37.23,24.66,36.84,24.2,37.12,25.0,35.71,27.39,43.91,19.2,45.02,15.45,46.64,23.29,42.73,22.12,47.97,20.74,49.0,21.7,47.06,26.79,44.77,24.2,40.0,18.22,110735,enb_ue50.conf,8.2,15.32,23.52,0.23,0.43,855588,1666488,855588,15,99.8,9.6,2818583660884,1140023113077,258754698,-1
1787027898.000,2026-08-18T04:38:18.000Z,gnb2,post,12.549,23.37,1,2026-08-18T04:38:18,0.09,0.14,0.0,0.0,0.03,99.74,64297.0,2037.9,57980.0,62259.1,0.0,0.1,0.12,0.04,19030,33735,2489,0,61,720,244,85,2200,317,27,3,1944864,0,65.0,1742344,0,0.0,0.0,0.0,0.0,0.5,0.0,0.0,0.0,2.48,0.0,0.52,0.0,0.0,0.5,0.0,0.0,0.0,0.0,0.0,0.49,0.0,0.0,0.0,0.0,0.0,0.0,0.0,0.0,3.63,0.0,0.0,0.0,176952,enb_ue50_lb.conf,0.0,0.0,0.0,0.0,0.0,5564,11516,5564,1,0.0,0.0,8485923,0,4,-1
1787027898.000,2026-08-18T04:38:18.000Z,gnb2,post,12.549,23.37,1,2026-08-18T04:38:18,0.09,0.14,0.0,0.0,0.03,99.74,64297.0,2037.9,57980.0,62259.1,0.0,0.1,0.12,0.04,19030,33735,2489,0,61,720,244,85,2200,317,27,3,1944864,0,65.0,1742344,0,0.0,0.0,0.0,0.0,0.5,0.0,0.0,0.0,2.48,0.0,0.52,0.0,0.0,0.5,0.0,0.0,0.0,0.0,0.0,0.49,0.0,0.0,0.0,0.0,0.0,0.0,0.0,0.0,3.63,0.0,0.0,0.0,176953,enb_ue50_lb.conf,5.49,9.99,15.48,0.11,0.2,855584,1666612,855584,15,131.9,0.0,3896075504,731028,51690,-1
1787027901.000,2026-08-18T04:38:21.000Z,gnb2,post,12.549,23.37,1,2026-08-18T04:38:21,0.15,0.16,0.01,0.0,0.01,99.66,64297.0,2035.5,57982.5,62261.5,0.0,0.1,0.12,0.04,18732,33400,2229,0,90,793,198,281,1322,1102,20,4,1944865,0,64.0,2380148,0,0.0,0.0,0.0,0.0,0.37,0.0,0.0,0.0,1.87,0.0,0.39,0.37,0.0,1.13,0.0,0.37,0.0,1.12,0.0,0.0,0.37,0.0,0.0,0.0,0.37,0.0,0.0,0.37,5.02,0.0,0.0,0.0,176952,enb_ue50_lb.conf,0.0,0.0,0.0,0.0,0.0,5564,11516,5564,1,0.0,0.0,8485923,0,4,-1
1787027901.000,2026-08-18T04:38:21.000Z,gnb2,post,12.549,23.37,1,2026-08-18T04:38:21,0.15,0.16,0.01,0.0,0.01,99.66,64297.0,2035.5,57982.5,62261.5,0.0,0.1,0.12,0.04,18732,33400,2229,0,90,793,198,281,1322,1102,20,4,1944865,0,64.0,2380148,0,0.0,0.0,0.0,0.0,0.37,0.0,0.0,0.0,1.87,0.0,0.39,0.37,0.0,1.13,0.0,0.37,0.0,1.12,0.0,0.0,0.37,0.0,0.0,0.0,0.37,0.0,0.0,0.37,5.02,0.0,0.0,0.0,176953,enb_ue50_lb.conf,5.23,7.47,12.7,0.14,0.2,855584,1666612,855584,15,99.4,0.0,3901877525,742982,51956,-1
1787027904.000,2026-08-18T04:38:24.000Z,gnb2,post,12.549,23.37,1,2026-08-18T04:38:24,0.11,0.12,0.0,0.0,0.04,99.74,64297.0,2036.5,57981.5,62260.5,0.0,0.09,0.12,0.04,18730,33408,2335,0,77,732,208,199,1626,0,25,0,1944867,0,65.0,2268793,0,0.0,0.0,0.37,0.0,0.0,0.0,0.0,0.0,2.25,0.0,0.39,0.0,0.0,1.5,0.0,0.0,0.0,0.0,0.0,0.0,0.37,0.0,0.0,0.0,0.0,0.0,0.0,0.0,3.89,0.0,0.0,0.0,176952,enb_ue50_lb.conf,0.0,0.0,0.0,0.0,0.0,5564,11516,5564,1,0.0,0.0,8485923,0,4,-1
1787027904.000,2026-08-18T04:38:24.000Z,gnb2,post,12.549,23.37,1,2026-08-18T04:38:24,0.11,0.12,0.0,0.0,0.04,99.74,64297.0,2036.5,57981.5,62260.5,0.0,0.09,0.12,0.04,18730,33408,2335,0,77,732,208,199,1626,0,25,0,1944867,0,65.0,2268793,0,0.0,0.0,0.37,0.0,0.0,0.0,0.0,0.0,2.25,0.0,0.39,0.0,0.0,1.5,0.0,0.0,0.0,0.0,0.0,0.0,0.37,0.0,0.0,0.0,0.0,0.0,0.0,0.0,3.89,0.0,0.0,0.0,176953,enb_ue50_lb.conf,5.6,6.35,11.95,0.15,0.17,855584,1666612,855584,15,98.9,0.0,3907639329,742982,52221,-1
1787027906.000,2026-08-18T04:38:26.000Z,gnb2,post,12.549,23.37,1,2026-08-18T04:38:26,0.14,0.09,0.0,0.0,0.02,99.74,64297.0,2036.9,57981.1,62260.1,0.0,0.09,0.12,0.04,18500,33165,2096,0,77,717,193,191,1028,0,16,0,1944868,0,64.0,1566842,0,0.0,0.0,0.0,0.0,0.37,0.0,0.0,0.0,0.75,0.0,0.0,0.0,0.0,0.37,0.0,0.0,0.0,0.0,0.37,0.0,0.75,0.0,0.0,0.0,0.0,0.0,0.0,0.75,3.89,0.0,0.0,0.0,176952,enb_ue50_lb.conf,0.0,0.0,0.0,0.0,0.0,5564,11516,5564,1,0.0,0.0,8485923,0,4,-1
1787027906.000,2026-08-18T04:38:26.000Z,gnb2,post,12.549,23.37,1,2026-08-18T04:38:26,0.14,0.09,0.0,0.0,0.02,99.74,64297.0,2036.9,57981.1,62260.1,0.0,0.09,0.12,0.04,18500,33165,2096,0,77,717,193,191,1028,0,16,0,1944868,0,64.0,1566842,0,0.0,0.0,0.0,0.0,0.37,0.0,0.0,0.0,0.75,0.0,0.0,0.0,0.0,0.37,0.0,0.0,0.0,0.0,0.37,0.0,0.75,0.0,0.0,0.0,0.0,0.0,0.0,0.75,3.89,0.0,0.0,0.0,176953,enb_ue50_lb.conf,5.97,5.97,11.94,0.16,0.16,855584,1666612,855584,15,98.9,0.0,3913259445,742982,52486,-1
1787027909.000,2026-08-18T04:38:29.000Z,gnb2,post,12.549,23.37,1,2026-08-18T04:38:29,0.19,0.14,0.0,0.0,0.01,99.66,64297.0,2038.3,57979.7,62258.7,0.0,0.08,0.11,0.04,18592,33423,2172,0,78,715,212,197,1627,0,25,0,1944869,0,64.0,1295090,0,0.0,0.0,0.75,0.0,0.75,0.0,0.0,0.0,1.87,0.0,0.39,0.0,0.0,0.0,0.0,0.0,0.0,0.0,0.0,0.0,1.12,0.0,0.0,0.0,0.0,0.0,0.0,1.87,5.73,0.0,0.0,0.0,176952,enb_ue50_lb.conf,0.0,0.0,0.0,0.0,0.0,5564,11516,5564,1,0.0,0.0,8485923,0,4,-1
1787027909.000,2026-08-18T04:38:29.000Z,gnb2,post,12.549,23.37,1,2026-08-18T04:38:29,0.19,0.14,0.0,0.0,0.01,99.66,64297.0,2038.3,57979.7,62258.7,0.0,0.08,0.11,0.04,18592,33423,2172,0,78,715,212,197,1627,0,25,0,1944869,0,64.0,1295090,0,0.0,0.0,0.75,0.0,0.75,0.0,0.0,0.0,1.87,0.0,0.39,0.0,0.0,0.0,0.0,0.0,0.0,0.0,0.0,0.0,1.12,0.0,0.0,0.0,0.0,0.0,0.0,1.87,5.73,0.0,0.0,0.0,176953,enb_ue50_lb.conf,5.97,6.34,12.31,0.16,0.17,855584,1666612,855584,15,98.9,0.0,3918976118,742982,52751,-1
1787027912.000,2026-08-18T04:38:32.000Z,gnb2,post,12.549,23.37,1,2026-08-18T04:38:32,0.16,0.2,0.0,0.0,0.04,99.6,64297.0,2035.3,57982.7,62261.7,0.0,0.08,0.11,0.04,18501,33338,2093,0,74,714,210,201,1802,0,25,0,1944870,0,65.0,2317425,0,0.0,0.0,0.37,0.0,0.0,0.0,0.0,0.0,2.61,0.0,0.39,0.0,0.0,0.0,0.0,0.0,0.0,0.0,0.0,0.0,1.48,0.0,0.37,0.0,0.0,0.0,0.0,1.13,5.38,0.0,0.0,0.0,176952,enb_ue50_lb.conf,0.0,0.0,0.0,0.0,0.0,5564,11516,5564,1,0.0,0.0,8485923,0,4,-1
1787027912.000,2026-08-18T04:38:32.000Z,gnb2,post,12.549,23.37,1,2026-08-18T04:38:32,0.16,0.2,0.0,0.0,0.04,99.6,64297.0,2035.3,57982.7,62261.7,0.0,0.08,0.11,0.04,18501,33338,2093,0,74,714,210,201,1802,0,25,0,1944870,0,65.0,2317425,0,0.0,0.0,0.37,0.0,0.0,0.0,0.0,0.0,2.61,0.0,0.39,0.0,0.0,0.0,0.0,0.0,0.0,0.0,0.0,0.0,1.48,0.0,0.37,0.0,0.0,0.0,0.0,1.13,5.38,0.0,0.0,0.0,176953,enb_ue50_lb.conf,4.48,7.47,11.95,0.12,0.2,855584,1666612,855584,15,99.0,0.0,3924705252,742982,53016,-1
1787027914.000,2026-08-18T04:38:34.000Z,gnb2,post,12.549,23.37,1,2026-08-18T04:38:34,0.12,0.18,0.0,0.0,0.02,99.68,64297.0,2036.7,57981.3,62260.3,0.0,0.07,0.11,0.04,18561,33420,2146,0,79,720,228,206,1006,0,16,0,1944872,0,64.0,2350935,0,0.0,0.0,0.37,0.0,0.0,0.0,0.0,0.0,2.61,0.0,0.0,0.0,0.0,0.0,0.0,0.0,0.0,0.0,0.0,0.0,1.12,0.0,0.0,0.0,0.0,0.0,0.0,1.5,4.63,0.0,0.0,0.0,176952,enb_ue50_lb.conf,0.0,0.0,0.0,0.0,0.0,5564,11516,5564,1,0.0,0.0,8485923,0,4,-1
1787027914.000,2026-08-18T04:38:34.000Z,gnb2,post,12.549,23.37,1,2026-08-18T04:38:34,0.12,0.18,0.0,0.0,0.02,99.68,64297.0,2036.7,57981.3,62260.3,0.0,0.07,0.11,0.04,18561,33420,2146,0,79,720,228,206,1006,0,16,0,1944872,0,64.0,2350935,0,0.0,0.0,0.37,0.0,0.0,0.0,0.0,0.0,2.61,0.0,0.0,0.0,0.0,0.0,0.0,0.0,0.0,0.0,0.0,0.0,1.12,0.0,0.0,0.0,0.0,0.0,0.0,1.5,4.63,0.0,0.0,0.0,176953,enb_ue50_lb.conf,4.48,7.47,11.95,0.12,0.2,855584,1666612,855584,15,99.0,0.0,3929995570,770594,53281,-1
1787027917.000,2026-08-18T04:38:37.000Z,gnb2,post,12.549,23.37,1,2026-08-18T04:38:37,0.13,0.12,0.0,0.0,0.0,99.75,64297.0,2038.1,57979.9,62258.9,0.0,0.07,0.11,0.04,18762,33582,2329,0,82,716,244,192,1751,24,27,0,1944873,0,64.0,2358138,0,0.0,0.0,0.0,0.0,0.37,0.0,0.0,0.0,0.0,0.0,0.76,0.0,0.0,0.0,0.0,0.0,0.0,0.0,0.0,0.0,0.75,0.0,0.37,0.0,0.0,0.0,0.0,1.13,4.65,0.0,0.0,0.0,176952,enb_ue50_lb.conf,0.0,0.0,0.0,0.0,0.0,5564,11516,5564,1,0.0,0.0,8485923,0,4,-1
1787027917.000,2026-08-18T04:38:37.000Z,gnb2,post,12.549,23.37,1,2026-08-18T04:38:37,0.13,0.12,0.0,0.0,0.0,99.75,64297.0,2038.1,57979.9,62258.9,0.0,0.07,0.11,0.04,18762,33582,2329,0,82,716,244,192,1751,24,27,0,1944873,0,64.0,2358138,0,0.0,0.0,0.0,0.0,0.37,0.0,0.0,0.0,0.0,0.0,0.76,0.0,0.0,0.0,0.0,0.0,0.0,0.0,0.0,0.0,0.75,0.0,0.37,0.0,0.0,0.0,0.0,1.13,4.65,0.0,0.0,0.0,176953,enb_ue50_lb.conf,5.61,7.1,12.71,0.15,0.19,855584,1666612,855584,15,99.4,0.0,3932371889,770594,53547,-1
1787027920.000,2026-08-18T04:38:40.000Z,gnb2,post,12.549,23.37,1,2026-08-18T04:38:40,0.08,0.19,0.0,0.0,0.0,99.73,64297.0,2035.4,57982.6,62261.6,0.0,0.07,0.11,0.04,18487,33303,2092,0,78,709,202,196,982,0,15,0,1944874,0,64.0,1543919,0,0.0,0.0,0.0,0.0,0.0,0.0,0.0,0.0,0.0,0.0,2.23,0.0,0.0,0.0,0.0,0.0,0.0,0.0,0.0,0.0,0.37,0.0,0.37,0.0,0.0,0.0,0.0,1.13,4.26,0.0,0.0,0.0,176952,enb_ue50_lb.conf,0.0,0.0,0.0,0.0,0.0,5564,11516,5564,1,0.0,0.0,8485923,0,4,-1
1787027920.000,2026-08-18T04:38:40.000Z,gnb2,post,12.549,23.37,1,2026-08-18T04:38:40,0.08,0.19,0.0,0.0,0.0,99.73,64297.0,2035.4,57982.6,62261.6,0.0,0.07,0.11,0.04,18487,33303,2092,0,78,709,202,196,982,0,15,0,1944874,0,64.0,1543919,0,0.0,0.0,0.0,0.0,0.0,0.0,0.0,0.0,0.0,0.0,2.23,0.0,0.0,0.0,0.0,0.0,0.0,0.0,0.0,0.0,0.37,0.0,0.37,0.0,0.0,0.0,0.0,1.13,4.26,0.0,0.0,0.0,176953,enb_ue50_lb.conf,3.36,8.22,11.58,0.09,0.22,855584,1666612,855584,15,99.4,0.0,3935432740,770594,53813,-1
1787027922.000,2026-08-18T04:38:42.000Z,gnb2,post,12.549,23.37,1,2026-08-18T04:38:42,0.23,0.23,0.0,0.0,0.01,99.52,64297.0,2037.4,57980.5,62259.6,0.0,0.07,0.11,0.04,18993,33764,2265,0,111,966,243,391,6311,1908,76,7,1944876,0,64.0,2397114,0,0.37,0.37,0.0,0.0,0.75,1.87,0.0,1.12,0.75,0.0,0.76,0.37,0.0,0.37,0.0,0.37,0.0,0.0,0.38,0.0,0.37,0.0,0.37,0.37,0.0,0.0,0.0,1.88,5.38,0.0,0.0,0.0,176952,enb_ue50_lb.conf,0.0,0.0,0.0,0.0,0.0,5564,11516,5564,1,0.0,0.0,8485923,0,4,-1
1787027922.000,2026-08-18T04:38:42.000Z,gnb2,post,12.549,23.37,1,2026-08-18T04:38:42,0.23,0.23,0.0,0.0,0.01,99.52,64297.0,2037.4,57980.5,62259.6,0.0,0.07,0.11,0.04,18993,33764,2265,0,111,966,243,391,6311,1908,76,7,1944876,0,64.0,2397114,0,0.37,0.37,0.0,0.0,0.75,1.87,0.0,1.12,0.75,0.0,0.76,0.37,0.0,0.37,0.0,0.37,0.0,0.0,0.38,0.0,0.37,0.0,0.37,0.37,0.0,0.0,0.0,1.88,5.38,0.0,0.0,0.0,176953,enb_ue50_lb.conf,4.48,7.85,12.33,0.12,0.21,855584,1666612,855584,15,99.0,0.0,3939169574,770594,54078,-1
1787027925.000,2026-08-18T04:38:45.000Z,gnb2,post,12.549,23.37,1,2026-08-18T04:38:45,0.14,0.14,0.0,0.0,0.0,99.72,64297.0,2038.6,57979.3,62258.4,0.0,0.06,0.11,0.04,18635,33468,2195,0,92,723,219,211,3161,382,34,4,1944877,0,65.0,1710841,0,0.0,0.0,0.37,0.0,0.74,0.0,0.0,0.0,1.13,0.0,0.37,0.0,0.0,0.0,0.0,0.0,0.0,0.0,0.39,0.0,0.75,0.0,0.37,0.0,0.0,0.0,0.0,1.13,4.26,0.0,0.0,0.0,176952,enb_ue50_lb.conf,0.0,0.0,0.0,0.0,0.0,5564,11516,5564,1,0.0,0.0,8485923,0,4,-1
1787027925.000,2026-08-18T04:38:45.000Z,gnb2,post,12.549,23.37,1,2026-08-18T04:38:45,0.14,0.14,0.0,0.0,0.0,99.72,64297.0,2038.6,57979.3,62258.4,0.0,0.06,0.11,0.04,18635,33468,2195,0,92,723,219,211,3161,382,34,4,1944877,0,65.0,1710841,0,0.0,0.0,0.37,0.0,0.74,0.0,0.0,0.0,1.13,0.0,0.37,0.0,0.0,0.0,0.0,0.0,0.0,0.0,0.39,0.0,0.75,0.0,0.37,0.0,0.0,0.0,0.0,1.13,4.26,0.0,0.0,0.0,176953,enb_ue50_lb.conf,5.97,6.34,12.31,0.16,0.17,855584,1666612,855584,15,99.3,0.0,3944115518,770594,54344,-1
1787027928.000,2026-08-18T04:38:48.000Z,gnb2,post,12.549,23.37,1,2026-08-18T04:38:48,0.21,0.22,0.0,0.0,0.02,99.54,64297.0,2039.7,57978.3,62257.3,0.0,0.06,0.11,0.04,18918,33697,2289,0,118,873,234,404,989,0,12,0,1944878,0,65.0,2128730,0,0.0,0.37,0.37,0.37,0.0,1.12,0.0,0.0,1.87,0.0,0.37,0.0,0.38,0.0,0.0,0.0,0.0,0.37,0.0,0.0,0.37,0.0,0.37,0.0,0.0,0.0,0.0,2.24,6.46,0.0,0.0,0.0,176952,enb_ue50_lb.conf,0.0,0.0,0.0,0.0,0.0,5564,11516,5564,1,0.0,0.0,8485923,0,4,-1
1787027928.000,2026-08-18T04:38:48.000Z,gnb2,post,12.549,23.37,1,2026-08-18T04:38:48,0.21,0.22,0.0,0.0,0.02,99.54,64297.0,2039.7,57978.3,62257.3,0.0,0.06,0.11,0.04,18918,33697,2289,0,118,873,234,404,989,0,12,0,1944878,0,65.0,2128730,0,0.0,0.37,0.37,0.37,0.0,1.12,0.0,0.0,1.87,0.0,0.37,0.0,0.38,0.0,0.0,0.0,0.0,0.37,0.0,0.0,0.37,0.0,0.37,0.0,0.0,0.0,0.0,2.24,6.46,0.0,0.0,0.0,176953,enb_ue50_lb.conf,3.74,5.61,9.35,0.1,0.15,855584,1666612,855584,15,75.5,0.0,3948511006,770594,54546,-1
1787027930.000,2026-08-18T04:38:50.000Z,gnb2,post,12.549,23.37,1,2026-08-18T04:38:50,0.26,0.21,0.0,0.0,0.0,99.52,64297.0,2037.2,57980.7,62259.8,0.0,0.14,0.12,0.05,18898,33628,2300,0,77,871,228,212,1913,1952,24,11,1944879,0,64.0,2201144,0,2.45,0.0,0.49,0.0,0.0,0.49,0.0,0.0,2.44,0.0,0.51,0.0,0.0,0.0,0.97,0.0,0.0,0.0,0.0,0.0,0.49,0.0,1.46,0.0,0.49,0.0,0.0,1.96,4.57,0.0,0.0,0.0,176952,enb_ue50_lb.conf,0.0,0.0,0.0,0.0,0.0,5564,11516,5564,1,0.0,0.0,8485923,0,4,-1
1787027930.000,2026-08-18T04:38:50.000Z,gnb2,post,12.549,23.37,1,2026-08-18T04:38:50,0.26,0.21,0.0,0.0,0.0,99.52,64297.0,2037.2,57980.7,62259.8,0.0,0.14,0.12,0.05,18898,33628,2300,0,77,871,228,212,1913,1952,24,11,1944879,0,64.0,2201144,0,2.45,0.0,0.49,0.0,0.0,0.49,0.0,0.0,2.44,0.0,0.51,0.0,0.0,0.0,0.97,0.0,0.0,0.0,0.0,0.0,0.49,0.0,1.46,0.0,0.49,0.0,0.0,1.96,4.57,0.0,0.0,0.0,176953,enb_ue50_lb.conf,7.82,8.8,16.62,0.16,0.18,855584,1666612,855584,15,129.6,0.0,3954197053,770594,54811,-1
1787027932.000,2026-08-18T04:38:52.000Z,gnb2,post,12.549,23.37,1,2026-08-18T04:38:52,0.15,0.15,0.0,0.0,0.01,99.68,64297.0,2038.7,57979.2,62258.3,0.0,0.14,0.12,0.05,18698,33489,2235,0,85,717,224,195,1391,0,22,0,1944881,0,65.0,1882716,0,0.0,0.0,0.0,0.0,0.37,0.0,0.0,0.0,1.87,0.0,0.39,0.0,0.0,0.0,0.0,0.0,0.0,0.0,0.0,0.0,1.48,0.0,0.0,0.0,0.0,0.0,0.0,1.13,4.65,0.0,0.0,0.0,176952,enb_ue50_lb.conf,0.0,0.0,0.0,0.0,0.0,5564,11516,5564,1,0.0,0.0,8485923,0,4,-1
1787027932.000,2026-08-18T04:38:52.000Z,gnb2,post,12.549,23.37,1,2026-08-18T04:38:52,0.15,0.15,0.0,0.0,0.01,99.68,64297.0,2038.7,57979.2,62258.3,0.0,0.14,0.12,0.05,18698,33489,2235,0,85,717,224,195,1391,0,22,0,1944881,0,65.0,1882716,0,0.0,0.0,0.0,0.0,0.37,0.0,0.0,0.0,1.87,0.0,0.39,0.0,0.0,0.0,0.0,0.0,0.0,0.0,0.0,0.0,1.48,0.0,0.0,0.0,0.0,0.0,0.0,1.13,4.65,0.0,0.0,0.0,176953,enb_ue50_lb.conf,4.48,7.84,12.32,0.12,0.21,855584,1666612,855584,15,98.9,0.0,3959969273,770594,55076,-1
1787027935.000,2026-08-18T04:38:55.000Z,gnb2,post,12.549,23.37,1,2026-08-18T04:38:55,0.11,0.14,0.0,0.0,0.02,99.73,64297.0,2039.9,57978.1,62257.1,0.0,0.13,0.12,0.05,18541,33385,2143,0,83,708,209,193,1273,0,20,0,1944882,0,64.0,1201349,0,0.0,0.0,0.0,0.0,0.37,0.0,0.0,0.0,1.14,0.0,0.78,0.0,0.0,0.0,0.0,0.0,0.0,0.0,0.0,0.0,0.0,0.0,0.0,0.0,0.0,0.0,0.0,1.87,4.26,0.0,0.0,0.0,176952,enb_ue50_lb.conf,0.0,0.0,0.0,0.0,0.0,5564,11516,5564,1,0.0,0.0,8485923,0,4,-1
1787027935.000,2026-08-18T04:38:55.000Z,gnb2,post,12.549,23.37,1,2026-08-18T04:38:55,0.11,0.14,0.0,0.0,0.02,99.73,64297.0,2039.9,57978.1,62257.1,0.0,0.13,0.12,0.05,18541,33385,2143,0,83,708,209,193,1273,0,20,0,1944882,0,64.0,1201349,0,0.0,0.0,0.0,0.0,0.37,0.0,0.0,0.0,1.14,0.0,0.78,0.0,0.0,0.0,0.0,0.0,0.0,0.0,0.0,0.0,0.0,0.0,0.0,0.0,0.0,0.0,0.0,1.87,4.26,0.0,0.0,0.0,176953,enb_ue50_lb.conf,5.6,7.09,12.69,0.15,0.19,855584,1666612,855584,15,98.9,0.0,3965756265,770594,55341,-1
1787027938.000,2026-08-18T04:38:58.000Z,gnb2,post,12.549,23.37,1,2026-08-18T04:38:58,0.18,0.19,0.0,0.0,0.0,99.64,64297.0,2036.8,57981.1,62260.2,0.0,0.13,0.12,0.05,18570,33405,2159,0,70,711,212,194,1197,0,19,0,1944883,0,65.0,1741641,0,0.0,0.0,0.0,0.0,0.37,0.0,0.0,0.0,1.5,0.0,0.39,0.0,0.0,0.0,0.37,0.0,0.0,0.0,0.0,0.0,0.75,0.0,0.37,0.0,0.0,0.0,0.0,1.13,6.44,0.0,0.0,0.0,176952,enb_ue50_lb.conf,0.0,0.0,0.0,0.0,0.0,5564,11516,5564,1,0.0,0.0,8485923,0,4,-1
1787027938.000,2026-08-18T04:38:58.000Z,gnb2,post,12.549,23.37,1,2026-08-18T04:38:58,0.18,0.19,0.0,0.0,0.0,99.64,64297.0,2036.8,57981.1,62260.2,0.0,0.13,0.12,0.05,18570,33405,2159,0,70,711,212,194,1197,0,19,0,1944883,0,65.0,1741641,0,0.0,0.0,0.0,0.0,0.37,0.0,0.0,0.0,1.5,0.0,0.39,0.0,0.0,0.0,0.37,0.0,0.0,0.0,0.0,0.0,0.75,0.0,0.37,0.0,0.0,0.0,0.0,1.13,6.44,0.0,0.0,0.0,176953,enb_ue50_lb.conf,5.6,5.98,11.58,0.15,0.16,855584,1666612,855584,15,99.0,0.0,3971536858,770594,55606,-1
1787027940.000,2026-08-18T04:39:00.000Z,gnb2,post,12.549,23.37,1,2026-08-18T04:39:00,0.12,0.12,0.0,0.0,0.01,99.75,64297.0,2037.8,57980.1,62259.2,0.0,0.2,0.14,0.05,18762,33406,2319,0,80,719,206,210,1628,0,25,0,1944885,0,65.0,1210973,0,0.0,0.0,0.0,0.0,0.38,0.0,0.0,0.0,1.14,0.0,0.39,0.0,0.0,0.0,0.37,0.0,0.0,0.0,0.0,0.0,0.37,0.0,0.37,0.0,0.0,0.0,0.0,1.5,4.28,0.0,0.0,0.0,176952,enb_ue50_lb.conf,0.0,0.0,0.0,0.0,0.0,5564,11516,5564,1,0.0,0.0,8485923,0,4,-1
1787027940.000,2026-08-18T04:39:00.000Z,gnb2,post,12.549,23.37,1,2026-08-18T04:39:00,0.12,0.12,0.0,0.0,0.01,99.75,64297.0,2037.8,57980.1,62259.2,0.0,0.2,0.14,0.05,18762,33406,2319,0,80,719,206,210,1628,0,25,0,1944885,0,65.0,1210973,0,0.0,0.0,0.0,0.0,0.38,0.0,0.0,0.0,1.14,0.0,0.39,0.0,0.0,0.0,0.37,0.0,0.0,0.0,0.0,0.0,0.37,0.0,0.37,0.0,0.0,0.0,0.0,1.5,4.28,0.0,0.0,0.0,176953,enb_ue50_lb.conf,5.6,6.73,12.33,0.15,0.18,855584,1666612,855584,15,99.0,0.0,3977330348,770594,55871,-1
1787027943.000,2026-08-18T04:39:03.000Z,gnb2,post,12.549,23.37,1,2026-08-18T04:39:03,0.13,0.12,0.0,0.0,0.02,99.73,64297.0,2038.6,57979.3,62258.4,0.0,0.2,0.14,0.05,18647,33324,2232,0,72,713,226,191,1287,0,20,0,1944886,0,64.0,1688904,0,0.0,0.0,0.0,0.0,0.0,0.0,0.0,0.0,1.13,0.0,0.0,0.0,0.0,0.0,0.37,0.0,0.0,0.0,0.0,0.0,0.75,0.0,0.37,0.0,0.0,0.0,0.0,1.5,4.26,0.0,0.0,0.0,176952,enb_ue50_lb.conf,0.0,0.0,0.0,0.0,0.0,5564,11516,5564,1,0.0,0.0,8485923,0,4,-1
1787027943.000,2026-08-18T04:39:03.000Z,gnb2,post,12.549,23.37,1,2026-08-18T04:39:03,0.13,0.12,0.0,0.0,0.02,99.73,64297.0,2038.6,57979.3,62258.4,0.0,0.2,0.14,0.05,18647,33324,2232,0,72,713,226,191,1287,0,20,0,1944886,0,64.0,1688904,0,0.0,0.0,0.0,0.0,0.0,0.0,0.0,0.0,1.13,0.0,0.0,0.0,0.0,0.0,0.37,0.0,0.0,0.0,0.0,0.0,0.75,0.0,0.37,0.0,0.0,0.0,0.0,1.5,4.26,0.0,0.0,0.0,176953,enb_ue50_lb.conf,4.85,7.46,12.31,0.13,0.2,855584,1666612,855584,15,98.9,0.0,3983019060,770594,56136,-1
1787027946.000,2026-08-18T04:39:06.000Z,gnb2,post,12.549,23.37,1,2026-08-18T04:39:06,0.15,0.2,0.0,0.0,0.0,99.65,64297.0,2040.5,57977.5,62256.5,0.0,0.26,0.15,0.06,18863,33503,2401,0,81,756,231,198,1701,0,27,0,1944887,0,64.0,1694335,0,0.0,0.0,0.0,0.0,0.75,0.0,0.0,0.0,0.0,0.0,0.78,0.0,0.0,0.0,1.5,0.0,0.0,0.0,0.0,0.0,1.12,0.0,0.37,0.0,0.0,0.0,0.0,1.13,5.75,0.0,0.0,0.0,176952,enb_ue50_lb.conf,0.0,0.0,0.0,0.0,0.0,5564,11516,5564,1,0.0,0.0,8485923,0,4,-1
1787027946.000,2026-08-18T04:39:06.000Z,gnb2,post,12.549,23.37,1,2026-08-18T04:39:06,0.15,0.2,0.0,0.0,0.0,99.65,64297.0,2040.5,57977.5,62256.5,0.0,0.26,0.15,0.06,18863,33503,2401,0,81,756,231,198,1701,0,27,0,1944887,0,64.0,1694335,0,0.0,0.0,0.0,0.0,0.75,0.0,0.0,0.0,0.0,0.0,0.78,0.0,0.0,0.0,1.5,0.0,0.0,0.0,0.0,0.0,1.12,0.0,0.37,0.0,0.0,0.0,0.0,1.13,5.75,0.0,0.0,0.0,176953,enb_ue50_lb.conf,3.74,8.22,11.96,0.1,0.22,855584,1666612,855584,15,99.0,0.0,3988614535,778086,56401,-1
1787027949.000,2026-08-18T04:39:09.000Z,gnb2,post,12.549,23.37,1,2026-08-18T04:39:09,0.14,0.15,0.0,0.0,0.01,99.7,64297.0,2037.5,57980.4,62259.5,0.0,0.24,0.15,0.06,18567,33255,2138,0,78,722,207,196,1462,0,23,0,1944889,0,64.0,1978052,0,0.0,0.0,0.0,0.0,0.37,0.0,0.0,0.0,0.75,0.0,0.0,0.0,0.0,0.0,0.38,0.0,0.0,0.0,0.0,0.0,0.37,0.0,0.37,0.0,0.0,0.0,0.0,1.5,5.36,0.0,0.0,0.0,176952,enb_ue50_lb.conf,0.0,0.0,0.0,0.0,0.0,5564,11516,5564,1,0.0,0.0,8485923,0,4,-1
1787027949.000,2026-08-18T04:39:09.000Z,gnb2,post,12.549,23.37,1,2026-08-18T04:39:09,0.14,0.15,0.0,0.0,0.01,99.7,64297.0,2037.5,57980.4,62259.5,0.0,0.24,0.15,0.06,18567,33255,2138,0,78,722,207,196,1462,0,23,0,1944889,0,64.0,1978052,0,0.0,0.0,0.0,0.0,0.37,0.0,0.0,0.0,0.75,0.0,0.0,0.0,0.0,0.0,0.38,0.0,0.0,0.0,0.0,0.0,0.37,0.0,0.37,0.0,0.0,0.0,0.0,1.5,5.36,0.0,0.0,0.0,176953,enb_ue50_lb.conf,4.86,6.73,11.59,0.13,0.18,855584,1666612,855584,15,99.0,0.0,3994312466,788792,56666,-1
1787027951.000,2026-08-18T04:39:11.000Z,gnb2,post,12.549,23.37,1,2026-08-18T04:39:11,0.12,0.19,0.0,0.0,0.02,99.67,64297.0,2036.9,57981.0,62260.1,0.0,0.24,0.15,0.06,18232,32929,1844,0,86,699,166,202,1681,48,24,1,1944890,0,64.0,2391879,0,0.0,0.0,1.12,0.0,0.37,0.0,0.0,0.0,0.75,0.0,0.0,0.0,0.0,0.0,0.0,0.0,0.0,0.0,0.0,0.0,0.75,0.0,0.37,0.0,1.12,0.0,0.0,1.13,5.36,0.0,0.0,0.0,176952,enb_ue50_lb.conf,0.0,0.0,0.0,0.0,0.0,5564,11516,5564,1,0.0,0.0,8485923,0,4,-1
1787027951.000,2026-08-18T04:39:11.000Z,gnb2,post,12.549,23.37,1,2026-08-18T04:39:11,0.12,0.19,0.0,0.0,0.02,99.67,64297.0,2036.9,57981.0,62260.1,0.0,0.24,0.15,0.06,18232,32929,1844,0,86,699,166,202,1681,48,24,1,1944890,0,64.0,2391879,0,0.0,0.0,1.12,0.0,0.37,0.0,0.0,0.0,0.75,0.0,0.0,0.0,0.0,0.0,0.0,0.0,0.0,0.0,0.0,0.0,0.75,0.0,0.37,0.0,1.12,0.0,0.0,1.13,5.36,0.0,0.0,0.0,176953,enb_ue50_lb.conf,4.11,7.47,11.58,0.11,0.2,855584,1666612,855584,15,99.0,0.0,4000191625,801654,56931,-1
1787027954.000,2026-08-18T04:39:14.000Z,gnb2,post,12.549,23.37,1,2026-08-18T04:39:14,0.12,0.14,0.0,0.0,0.0,99.74,64297.0,2036.8,57981.1,62260.2,0.0,0.22,0.14,0.06,18383,33061,1960,0,91,721,164,189,1870,0,28,0,1944891,0,65.0,2199712,0,0.0,0.0,0.0,0.0,1.12,0.0,0.0,0.0,0.0,0.0,0.39,0.0,0.0,0.0,0.37,0.0,0.0,0.0,0.0,0.0,0.0,0.0,0.0,0.0,0.75,0.0,0.0,1.5,4.28,0.0,0.0,0.0,176952,enb_ue50_lb.conf,0.0,0.0,0.0,0.0,0.0,5564,11516,5564,1,0.0,0.0,8485923,0,4,-1
1787027954.000,2026-08-18T04:39:14.000Z,gnb2,post,12.549,23.37,1,2026-08-18T04:39:14,0.12,0.14,0.0,0.0,0.0,99.74,64297.0,2036.8,57981.1,62260.2,0.0,0.22,0.14,0.06,18383,33061,1960,0,91,721,164,189,1870,0,28,0,1944891,0,65.0,2199712,0,0.0,0.0,0.0,0.0,1.12,0.0,0.0,0.0,0.0,0.0,0.39,0.0,0.0,0.0,0.37,0.0,0.0,0.0,0.0,0.0,0.0,0.0,0.0,0.0,0.75,0.0,0.0,1.5,4.28,0.0,0.0,0.0,176953,enb_ue50_lb.conf,4.48,7.1,11.58,0.12,0.19,855584,1666612,855584,15,99.0,0.0,4005939263,801654,57195,-1
1787027957.000,2026-08-18T04:39:17.000Z,gnb2,post,12.549,23.37,1,2026-08-18T04:39:17,0.11,0.14,0.0,0.0,0.0,99.75,64297.0,2038.7,57979.2,62258.3,0.0,0.22,0.14,0.06,18855,33430,2436,0,69,719,235,196,1009,24,14,0,1944893,0,64.0,1711094,0,0.0,0.0,0.0,0.0,0.37,0.0,0.0,0.0,0.0,0.0,0.39,0.0,0.0,0.0,0.0,0.0,0.0,0.0,0.0,0.0,0.37,0.0,0.75,0.0,1.13,0.0,0.0,1.5,3.52,0.0,0.0,0.0,176952,enb_ue50_lb.conf,0.0,0.0,0.0,0.0,0.0,5564,11516,5564,1,0.0,0.0,8485923,0,4,-1
1787027957.000,2026-08-18T04:39:17.000Z,gnb2,post,12.549,23.37,1,2026-08-18T04:39:17,0.11,0.14,0.0,0.0,0.0,99.75,64297.0,2038.7,57979.2,62258.3,0.0,0.22,0.14,0.06,18855,33430,2436,0,69,719,235,196,1009,24,14,0,1944893,0,64.0,1711094,0,0.0,0.0,0.0,0.0,0.37,0.0,0.0,0.0,0.0,0.0,0.39,0.0,0.0,0.0,0.0,0.0,0.0,0.0,0.0,0.0,0.37,0.0,0.75,0.0,1.13,0.0,0.0,1.5,3.52,0.0,0.0,0.0,176953,enb_ue50_lb.conf,4.86,7.85,12.71,0.13,0.21,855584,1666612,855584,15,98.6,0.0,4011697254,808792,57460,-1
1787027959.000,2026-08-18T04:39:19.000Z,gnb2,post,12.549,23.37,1,2026-08-18T04:39:19,0.18,0.14,0.0,0.0,0.01,99.67,64297.0,2040.1,57977.8,62256.9,0.0,0.2,0.14,0.06,18812,33473,2398,0,73,713,213,200,1820,0,28,0,1944894,0,65.0,2310636,0,0.0,0.0,0.0,0.0,1.12,0.0,0.0,0.0,0.75,0.0,0.0,0.0,0.0,0.0,0.37,0.0,0.0,0.0,0.0,0.0,0.75,0.0,0.0,0.0,0.75,0.0,0.0,1.5,5.38,0.0,0.0,0.0,176952,enb_ue50_lb.conf,0.0,0.0,0.0,0.0,0.0,5564,11516,5564,1,0.0,0.0,8485923,0,4,-1
1787027959.000,2026-08-18T04:39:19.000Z,gnb2,post,12.549,23.37,1,2026-08-18T04:39:19,0.18,0.14,0.0,0.0,0.01,99.67,64297.0,2040.1,57977.8,62256.9,0.0,0.2,0.14,0.06,18812,33473,2398,0,73,713,213,200,1820,0,28,0,1944894,0,65.0,2310636,0,0.0,0.0,0.0,0.0,1.12,0.0,0.0,0.0,0.75,0.0,0.0,0.0,0.0,0.0,0.37,0.0,0.0,0.0,0.0,0.0,0.75,0.0,0.0,0.0,0.75,0.0,0.0,1.5,5.38,0.0,0.0,0.0,176953,enb_ue50_lb.conf,5.61,6.35,11.96,0.15,0.17,855584,1666612,855584,15,99.0,0.0,4017470467,808792,57725,-1
1787027962.000,2026-08-18T04:39:22.000Z,gnb2,post,12.549,23.37,1,2026-08-18T04:39:22,0.07,0.14,0.0,0.0,0.0,99.79,64297.0,2036.8,57981.1,62260.2,0.0,0.2,0.14,0.06,18544,33252,2128,0,78,713,202,197,2141,59,33,1,1944895,0,64.0,2074034,0,0.0,0.0,0.37,0.0,0.0,0.0,0.0,0.0,0.38,0.0,0.75,0.0,0.0,0.0,0.0,0.0,0.0,0.0,0.39,0.0,0.37,0.0,0.37,0.0,0.37,0.0,0.0,1.5,3.89,0.0,0.0,0.0,176952,enb_ue50_lb.conf,0.0,0.0,0.0,0.0,0.0,5564,11516,5564,1,0.0,0.0,8485923,0,4,-1
1787027962.000,2026-08-18T04:39:22.000Z,gnb2,post,12.549,23.37,1,2026-08-18T04:39:22,0.07,0.14,0.0,0.0,0.0,99.79,64297.0,2036.8,57981.1,62260.2,0.0,0.2,0.14,0.06,18544,33252,2128,0,78,713,202,197,2141,59,33,1,1944895,0,64.0,2074034,0,0.0,0.0,0.37,0.0,0.0,0.0,0.0,0.0,0.38,0.0,0.75,0.0,0.0,0.0,0.0,0.0,0.0,0.0,0.39,0.0,0.37,0.0,0.37,0.0,0.37,0.0,0.0,1.5,3.89,0.0,0.0,0.0,176953,enb_ue50_lb.conf,3.74,8.59,12.33,0.1,0.23,855584,1666612,855584,15,99.0,0.0,4022934199,808792,57990,-1
1787027965.000,2026-08-18T04:39:25.000Z,gnb2,post,12.549,23.37,1,2026-08-18T04:39:25,0.09,0.15,0.0,0.0,0.0,99.75,64297.0,2038.8,57979.1,62258.2,0.0,0.19,0.14,0.06,18918,33533,2482,0,72,725,240,198,1628,0,25,0,1944897,0,64.0,2069959,0,0.0,0.0,0.0,0.0,0.0,0.0,0.0,0.0,0.0,0.0,1.5,0.0,0.0,0.0,0.0,0.0,0.0,0.0,0.39,0.0,0.38,0.0,0.0,0.0,0.0,0.0,0.0,1.13,3.53,0.0,0.0,0.0,176952,enb_ue50_lb.conf,0.0,0.0,0.0,0.0,0.0,5564,11516,5564,1,0.0,0.0,8485923,0,4,-1
1787027965.000,2026-08-18T04:39:25.000Z,gnb2,post,12.549,23.37,1,2026-08-18T04:39:25,0.09,0.15,0.0,0.0,0.0,99.75,64297.0,2038.8,57979.1,62258.2,0.0,0.19,0.14,0.06,18918,33533,2482,0,72,725,240,198,1628,0,25,0,1944897,0,64.0,2069959,0,0.0,0.0,0.0,0.0,0.0,0.0,0.0,0.0,0.0,0.0,1.5,0.0,0.0,0.0,0.0,0.0,0.0,0.0,0.39,0.0,0.38,0.0,0.0,0.0,0.0,0.0,0.0,1.13,3.53,0.0,0.0,0.0,176953,enb_ue50_lb.conf,3.74,8.22,11.96,0.1,0.22,855584,1666612,855584,15,99.8,0.0,4025293119,808792,58257,-1
1787027967.000,2026-08-18T04:39:27.000Z,gnb2,post,12.549,23.37,1,2026-08-18T04:39:27,0.12,0.14,0.0,0.0,0.0,99.74,64297.0,2039.7,57978.2,62257.3,0.0,0.19,0.14,0.06,18699,33286,2236,0,77,717,212,198,1913,0,30,0,1944898,0,64.0,1291141,0,0.0,0.0,0.0,0.0,0.37,0.0,0.0,0.0,0.0,0.0,1.5,0.37,0.0,0.0,0.0,0.0,0.0,0.0,0.0,0.0,0.37,0.0,0.37,0.0,0.0,0.0,0.0,1.12,5.0,0.0,0.0,0.0,176952,enb_ue50_lb.conf,0.0,0.0,0.0,0.0,0.0,5564,11516,5564,1,0.0,0.0,8485923,0,4,-1
1787027967.000,2026-08-18T04:39:27.000Z,gnb2,post,12.549,23.37,1,2026-08-18T04:39:27,0.12,0.14,0.0,0.0,0.0,99.74,64297.0,2039.7,57978.2,62257.3,0.0,0.19,0.14,0.06,18699,33286,2236,0,77,717,212,198,1913,0,30,0,1944898,0,64.0,1291141,0,0.0,0.0,0.0,0.0,0.37,0.0,0.0,0.0,0.0,0.0,1.5,0.37,0.0,0.0,0.0,0.0,0.0,0.0,0.0,0.0,0.37,0.0,0.37,0.0,0.0,0.0,0.0,1.12,5.0,0.0,0.0,0.0,176953,enb_ue50_lb.conf,4.48,7.46,11.94,0.12,0.2,855584,1666612,855584,15,99.2,0.0,4027700367,816931,58523,-1
1787027970.000,2026-08-18T04:39:30.000Z,gnb2,post,12.549,23.37,1,2026-08-18T04:39:30,0.13,0.19,0.0,0.0,0.0,99.68,64297.0,2036.4,57981.4,62260.6,0.0,0.17,0.14,0.06,18756,33453,2312,0,74,757,210,199,1077,0,17,0,1944899,0,65.0,2376153,0,0.0,0.0,0.0,0.0,0.0,0.0,0.0,0.0,0.0,0.0,2.23,1.13,0.0,0.0,0.0,0.0,0.0,0.0,0.39,0.0,0.37,0.0,0.37,0.0,0.0,0.0,0.0,0.0,5.0,0.0,0.0,0.0,176952,enb_ue50_lb.conf,0.0,0.0,0.0,0.0,0.0,5564,11516,5564,1,0.0,0.0,8485923,0,4,-1
1787027970.000,2026-08-18T04:39:30.000Z,gnb2,post,12.549,23.37,1,2026-08-18T04:39:30,0.13,0.19,0.0,0.0,0.0,99.68,64297.0,2036.4,57981.4,62260.6,0.0,0.17,0.14,0.06,18756,33453,2312,0,74,757,210,199,1077,0,17,0,1944899,0,65.0,2376153,0,0.0,0.0,0.0,0.0,0.0,0.0,0.0,0.0,0.0,0.0,2.23,1.13,0.0,0.0,0.0,0.0,0.0,0.0,0.39,0.0,0.37,0.0,0.37,0.0,0.0,0.0,0.0,0.0,5.0,0.0,0.0,0.0,176953,enb_ue50_lb.conf,4.48,7.09,11.57,0.12,0.19,855584,1666612,855584,15,99.3,0.0,4030064842,828070,58789,-1
1787027973.000,2026-08-18T04:39:33.000Z,gnb2,post,12.549,23.37,1,2026-08-18T04:39:33,0.12,0.14,0.0,0.0,0.0,99.74,64297.0,2036.6,57981.2,62260.4,0.0,0.17,0.14,0.06,18318,33019,1922,0,88,720,169,189,3209,0,50,0,1944901,0,65.0,1928666,0,0.0,0.0,0.0,0.0,0.0,0.0,0.0,0.0,0.0,0.0,1.86,1.5,0.0,0.0,0.0,0.0,0.0,0.0,0.0,0.0,0.75,0.0,0.37,0.0,0.0,0.0,0.0,0.0,4.28,0.0,0.0,0.0,176952,enb_ue50_lb.conf,0.0,0.0,0.0,0.0,0.0,5564,11516,5564,1,0.0,0.0,8485923,0,4,-1
1787027973.000,2026-08-18T04:39:33.000Z,gnb2,post,12.549,23.37,1,2026-08-18T04:39:33,0.12,0.14,0.0,0.0,0.0,99.74,64297.0,2036.6,57981.2,62260.4,0.0,0.17,0.14,0.06,18318,33019,1922,0,88,720,169,189,3209,0,50,0,1944901,0,65.0,1928666,0,0.0,0.0,0.0,0.0,0.0,0.0,0.0,0.0,0.0,0.0,1.86,1.5,0.0,0.0,0.0,0.0,0.0,0.0,0.0,0.0,0.75,0.0,0.37,0.0,0.0,0.0,0.0,0.0,4.28,0.0,0.0,0.0,176953,enb_ue50_lb.conf,4.86,6.73,11.59,0.13,0.18,855584,1666612,855584,15,99.4,0.0,4032432098,837948,59055,-1
1787027975.000,2026-08-18T04:39:35.000Z,gnb2,post,12.549,23.37,1,2026-08-18T04:39:35,0.14,0.11,0.0,0.0,0.01,99.74,64297.0,2037.2,57980.7,62259.8,0.0,0.16,0.13,0.05,18420,33117,2024,0,89,740,184,212,2008,102,28,1,1944902,0,65.0,1201765,0,0.0,0.0,0.0,0.0,0.74,0.0,0.0,0.0,0.0,0.0,1.13,1.5,0.0,0.0,0.0,0.0,0.0,0.0,0.0,0.0,0.0,0.0,0.0,0.0,0.0,0.0,0.0,0.0,3.89,0.0,0.0,0.0,176952,enb_ue50_lb.conf,0.0,0.0,0.0,0.0,0.0,5564,11516,5564,1,0.0,0.0,8485923,0,4,-1
1787027975.000,2026-08-18T04:39:35.000Z,gnb2,post,12.549,23.37,1,2026-08-18T04:39:35,0.14,0.11,0.0,0.0,0.01,99.74,64297.0,2037.2,57980.7,62259.8,0.0,0.16,0.13,0.05,18420,33117,2024,0,89,740,184,212,2008,102,28,1,1944902,0,65.0,1201765,0,0.0,0.0,0.0,0.0,0.74,0.0,0.0,0.0,0.0,0.0,1.13,1.5,0.0,0.0,0.0,0.0,0.0,0.0,0.0,0.0,0.0,0.0,0.0,0.0,0.0,0.0,0.0,0.0,3.89,0.0,0.0,0.0,176953,enb_ue50_lb.conf,4.86,6.73,11.59,0.13,0.18,855584,1666612,855584,15,99.4,0.0,4034777425,837948,59321,-1
1787027978.000,2026-08-18T04:39:38.000Z,gnb2,post,12.549,23.37,1,2026-08-18T04:39:38,0.11,0.15,0.0,0.0,0.0,99.74,64297.0,2040.3,57977.6,62256.7,0.0,0.16,0.13,0.05,18020,32829,1624,0,90,721,121,204,1252,0,16,0,1944903,0,65.0,2328587,0,0.0,0.0,0.0,0.0,0.0,0.0,0.0,0.0,0.0,0.0,1.12,1.13,0.0,0.0,0.0,0.0,0.0,0.0,0.0,0.0,1.11,0.0,0.37,0.0,0.0,0.0,0.0,0.0,5.0,0.0,0.0,0.0,176952,enb_ue50_lb.conf,0.0,0.0,0.0,0.0,0.0,5564,11516,5564,1,0.0,0.0,8485923,0,4,-1
1787027978.000,2026-08-18T04:39:38.000Z,gnb2,post,12.549,23.37,1,2026-08-18T04:39:38,0.11,0.15,0.0,0.0,0.0,99.74,64297.0,2040.3,57977.6,62256.7,0.0,0.16,0.13,0.05,18020,32829,1624,0,90,721,121,204,1252,0,16,0,1944903,0,65.0,2328587,0,0.0,0.0,0.0,0.0,0.0,0.0,0.0,0.0,0.0,0.0,1.12,1.13,0.0,0.0,0.0,0.0,0.0,0.0,0.0,0.0,1.11,0.0,0.37,0.0,0.0,0.0,0.0,0.0,5.0,0.0,0.0,0.0,176953,enb_ue50_lb.conf,4.11,6.73,10.84,0.11,0.18,855584,1666612,855584,15,99.0,0.0,4040278767,837948,59586,-1
1787027981.000,2026-08-18T04:39:41.000Z,gnb2,post,12.549,23.37,1,2026-08-18T04:39:41,0.11,0.2,0.0,0.0,0.0,99.7,64297.0,2036.7,57981.2,62260.3,0.0,0.22,0.15,0.06,18428,33147,2023,0,81,741,197,220,2007,0,27,0,1944905,0,64.0,2096838,0,0.0,0.0,0.37,0.0,0.37,0.0,0.0,0.0,0.0,0.0,0.75,1.5,0.37,0.0,0.0,0.0,0.0,0.0,0.39,0.0,0.0,0.0,0.37,0.0,0.0,0.0,0.0,0.0,5.75,0.0,0.0,0.0,176952,enb_ue50_lb.conf,0.0,0.0,0.0,0.0,0.0,5564,11516,5564,1,0.0,0.0,8485923,0,4,-1
1787027981.000,2026-08-18T04:39:41.000Z,gnb2,post,12.549,23.37,1,2026-08-18T04:39:41,0.11,0.2,0.0,0.0,0.0,99.7,64297.0,2036.7,57981.2,62260.3,0.0,0.22,0.15,0.06,18428,33147,2023,0,81,741,197,220,2007,0,27,0,1944905,0,64.0,2096838,0,0.0,0.0,0.37,0.0,0.37,0.0,0.0,0.0,0.0,0.0,0.75,1.5,0.37,0.0,0.0,0.0,0.0,0.0,0.39,0.0,0.0,0.0,0.37,0.0,0.0,0.0,0.0,0.0,5.75,0.0,0.0,0.0,176953,enb_ue50_lb.conf,2.62,9.34,11.96,0.07,0.25,855584,1666612,855584,15,98.7,0.0,4046020952,837948,59850,-1
1787027983.000,2026-08-18T04:39:43.000Z,gnb2,post,12.549,23.37,1,2026-08-18T04:39:43,0.14,0.14,0.0,0.0,0.01,99.71,64297.0,2037.4,57980.5,62259.6,0.0,0.22,0.15,0.06,18776,33316,2356,0,83,755,223,200,1829,26,27,0,1944906,0,64.0,2310252,0,0.0,0.0,0.0,0.0,0.75,0.0,0.0,0.0,2.6,0.0,0.0,1.13,0.0,0.0,0.74,0.0,0.0,0.0,0.0,0.0,0.37,0.0,0.37,0.0,0.0,0.0,0.0,0.0,4.28,0.0,0.0,0.0,176952,enb_ue50_lb.conf,0.0,0.0,0.0,0.0,0.0,5564,11516,5564,1,0.0,0.0,8485923,0,4,-1
1787027983.000,2026-08-18T04:39:43.000Z,gnb2,post,12.549,23.37,1,2026-08-18T04:39:43,0.14,0.14,0.0,0.0,0.01,99.71,64297.0,2037.4,57980.5,62259.6,0.0,0.22,0.15,0.06,18776,33316,2356,0,83,755,223,200,1829,26,27,0,1944906,0,64.0,2310252,0,0.0,0.0,0.0,0.0,0.75,0.0,0.0,0.0,2.6,0.0,0.0,1.13,0.0,0.0,0.74,0.0,0.0,0.0,0.0,0.0,0.37,0.0,0.37,0.0,0.0,0.0,0.0,0.0,4.28,0.0,0.0,0.0,176953,enb_ue50_lb.conf,5.61,6.35,11.96,0.15,0.17,855584,1666612,855584,15,99.0,0.0,4051819889,850049,60115,-1
1787027986.000,2026-08-18T04:39:46.000Z,gnb2,post,12.549,23.37,1,2026-08-18T04:39:46,0.11,0.14,0.0,0.0,0.02,99.73,64297.0,2039.2,57978.6,62257.8,0.0,0.21,0.15,0.06,18940,33529,2515,0,74,746,232,206,1617,0,21,0,1944907,0,65.0,1564602,0,0.0,0.0,0.0,0.0,0.37,0.0,0.0,0.0,1.51,0.0,0.77,1.5,0.0,0.0,0.37,0.0,0.0,0.0,0.0,0.0,0.37,0.0,0.0,0.0,0.0,0.0,0.0,0.0,3.89,0.0,0.0,0.0,176952,enb_ue50_lb.conf,0.0,0.0,0.0,0.0,0.0,5564,11516,5564,1,0.0,0.0,8485923,0,4,-1
1787027986.000,2026-08-18T04:39:46.000Z,gnb2,post,12.549,23.37,1,2026-08-18T04:39:46,0.11,0.14,0.0,0.0,0.02,99.73,64297.0,2039.2,57978.6,62257.8,0.0,0.21,0.15,0.06,18940,33529,2515,0,74,746,232,206,1617,0,21,0,1944907,0,65.0,1564602,0,0.0,0.0,0.0,0.0,0.37,0.0,0.0,0.0,1.51,0.0,0.77,1.5,0.0,0.0,0.37,0.0,0.0,0.0,0.0,0.0,0.37,0.0,0.0,0.0,0.0,0.0,0.0,0.0,3.89,0.0,0.0,0.0,176953,enb_ue50_lb.conf,4.48,8.22,12.7,0.12,0.22,855584,1666612,855584,15,99.0,0.0,4057587729,850049,60380,-1
1787027989.000,2026-08-18T04:39:49.000Z,gnb2,post,12.549,23.37,1,2026-08-18T04:39:49,0.14,0.14,0.0,0.0,0.01,99.71,64297.0,2036.7,57981.1,62260.3,0.0,0.19,0.14,0.06,18883,33456,2473,0,74,731,224,198,1676,0,26,0,1944909,0,64.0,2152200,0,0.0,0.0,0.0,0.0,0.37,0.0,0.0,0.0,2.25,0.0,0.0,1.13,0.0,0.0,0.0,0.0,0.0,0.0,0.0,0.0,0.38,0.0,0.37,0.0,0.0,0.0,0.0,0.0,4.28,0.0,0.0,0.0,176952,enb_ue50_lb.conf,0.0,0.0,0.0,0.0,0.0,5564,11516,5564,1,0.0,0.0,8485923,0,4,-1
1787027989.000,2026-08-18T04:39:49.000Z,gnb2,post,12.549,23.37,1,2026-08-18T04:39:49,0.14,0.14,0.0,0.0,0.01,99.71,64297.0,2036.7,57981.1,62260.3,0.0,0.19,0.14,0.06,18883,33456,2473,0,74,731,224,198,1676,0,26,0,1944909,0,64.0,2152200,0,0.0,0.0,0.0,0.0,0.37,0.0,0.0,0.0,2.25,0.0,0.0,1.13,0.0,0.0,0.0,0.0,0.0,0.0,0.0,0.0,0.38,0.0,0.37,0.0,0.0,0.0,0.0,0.0,4.28,0.0,0.0,0.0,176953,enb_ue50_lb.conf,6.35,5.98,12.33,0.17,0.16,855584,1666612,855584,15,99.0,0.0,4063359421,850049,60645,-1
1787027991.000,2026-08-18T04:39:51.000Z,gnb2,post,12.549,23.37,1,2026-08-18T04:39:51,0.12,0.14,0.0,0.0,0.01,99.73,64297.0,2037.4,57980.5,62259.6,0.0,0.19,0.14,0.06,18769,33333,2369,0,81,742,217,206,1085,0,17,0,1944910,0,65.0,2202247,0,0.0,0.0,0.0,0.0,0.74,0.0,0.0,0.0,1.87,0.0,0.0,1.5,0.0,0.0,0.0,0.0,0.0,0.0,0.0,0.0,0.37,0.0,0.0,0.0,0.0,0.0,0.0,0.0,4.63,0.0,0.0,0.0,176952,enb_ue50_lb.conf,0.0,0.0,0.0,0.0,0.0,5564,11516,5564,1,0.0,0.0,8485923,0,4,-1
1787027991.000,2026-08-18T04:39:51.000Z,gnb2,post,12.549,23.37,1,2026-08-18T04:39:51,0.12,0.14,0.0,0.0,0.01,99.73,64297.0,2037.4,57980.5,62259.6,0.0,0.19,0.14,0.06,18769,33333,2369,0,81,742,217,206,1085,0,17,0,1944910,0,65.0,2202247,0,0.0,0.0,0.0,0.0,0.74,0.0,0.0,0.0,1.87,0.0,0.0,1.5,0.0,0.0,0.0,0.0,0.0,0.0,0.0,0.0,0.37,0.0,0.0,0.0,0.0,0.0,0.0,0.0,4.63,0.0,0.0,0.0,176953,enb_ue50_lb.conf,4.11,8.22,12.33,0.11,0.22,855584,1666612,855584,15,99.0,0.0,4069148444,850049,60910,-1
1787027994.000,2026-08-18T04:39:54.000Z,gnb2,post,12.549,23.37,1,2026-08-18T04:39:54,0.14,0.14,0.0,0.0,0.01,99.71,64297.0,2037.9,57979.9,62259.1,0.0,0.17,0.14,0.06,18686,33268,2252,0,82,763,204,198,1763,0,25,0,1944911,0,66.0,1240904,0,0.0,0.0,0.0,0.0,0.37,0.0,0.0,0.0,0.0,0.0,1.12,1.5,0.0,0.0,0.37,0.0,0.0,0.0,0.39,0.0,0.75,0.0,0.0,0.0,0.0,0.0,0.0,0.0,5.02,0.0,0.0,0.0,176952,enb_ue50_lb.conf,0.0,0.0,0.0,0.0,0.0,5564,11516,5564,1,0.0,0.0,8485923,0,4,-1
1787027994.000,2026-08-18T04:39:54.000Z,gnb2,post,12.549,23.37,1,2026-08-18T04:39:54,0.14,0.14,0.0,0.0,0.01,99.71,64297.0,2037.9,57979.9,62259.1,0.0,0.17,0.14,0.06,18686,33268,2252,0,82,763,204,198,1763,0,25,0,1944911,0,66.0,1240904,0,0.0,0.0,0.0,0.0,0.37,0.0,0.0,0.0,0.0,0.0,1.12,1.5,0.0,0.0,0.37,0.0,0.0,0.0,0.39,0.0,0.75,0.0,0.0,0.0,0.0,0.0,0.0,0.0,5.02,0.0,0.0,0.0,176953,enb_ue50_lb.conf,4.86,6.73,11.59,0.13,0.18,855584,1666612,855584,15,99.0,0.0,4074923206,850049,61175,-1
1787027997.000,2026-08-18T04:39:57.000Z,gnb2,post,12.549,23.37,1,2026-08-18T04:39:57,0.12,0.14,0.0,0.0,0.0,99.74,64297.0,2039.1,57978.7,62257.9,0.0,0.17,0.14,0.06,18801,33356,2380,0,81,750,224,192,1932,0,30,0,1944912,0,65.0,2131139,0,0.0,0.0,0.0,0.0,0.37,0.0,0.0,0.0,0.0,0.0,1.87,1.13,0.0,0.0,0.37,0.0,0.0,0.0,0.0,0.0,0.75,0.0,1.11,0.0,0.0,0.0,0.0,0.0,3.14,0.0,0.0,0.0,176952,enb_ue50_lb.conf,0.0,0.0,0.0,0.0,0.0,5564,11516,5564,1,0.0,0.0,8485923,0,4,-1
1787027997.000,2026-08-18T04:39:57.000Z,gnb2,post,12.549,23.37,1,2026-08-18T04:39:57,0.12,0.14,0.0,0.0,0.0,99.74,64297.0,2039.1,57978.7,62257.9,0.0,0.17,0.14,0.06,18801,33356,2380,0,81,750,224,192,1932,0,30,0,1944912,0,65.0,2131139,0,0.0,0.0,0.0,0.0,0.37,0.0,0.0,0.0,0.0,0.0,1.87,1.13,0.0,0.0,0.37,0.0,0.0,0.0,0.0,0.0,0.75,0.0,1.11,0.0,0.0,0.0,0.0,0.0,3.14,0.0,0.0,0.0,176953,enb_ue50_lb.conf,3.74,8.59,12.33,0.1,0.23,855584,1666612,855584,15,99.0,0.0,4080694978,850049,61440,-1
1787027999.000,2026-08-18T04:39:59.000Z,gnb2,post,12.549,23.37,1,2026-08-18T04:39:59,0.15,0.16,0.0,0.0,0.01,99.67,64297.0,2037.3,57980.6,62259.7,0.0,0.16,0.14,0.06,18914,33448,2508,0,72,746,243,198,1327,40,18,0,1944914,0,64.0,2200141,0,0.0,0.0,0.0,0.0,0.37,0.0,0.0,0.0,0.0,0.0,2.23,1.5,0.0,0.0,0.0,0.0,0.0,0.0,0.0,0.0,0.37,0.0,0.0,0.0,0.0,0.0,0.0,0.0,5.0,0.0,0.0,0.0,176952,enb_ue50_lb.conf,0.0,0.0,0.0,0.0,0.0,5564,11516,5564,1,0.0,0.0,8485923,0,4,-1
1787027999.000,2026-08-18T04:39:59.000Z,gnb2,post,12.549,23.37,1,2026-08-18T04:39:59,0.15,0.16,0.0,0.0,0.01,99.67,64297.0,2037.3,57980.6,62259.7,0.0,0.16,0.14,0.06,18914,33448,2508,0,72,746,243,198,1327,40,18,0,1944914,0,64.0,2200141,0,0.0,0.0,0.0,0.0,0.37,0.0,0.0,0.0,0.0,0.0,2.23,1.5,0.0,0.0,0.0,0.0,0.0,0.0,0.0,0.0,0.37,0.0,0.0,0.0,0.0,0.0,0.0,0.0,5.0,0.0,0.0,0.0,176953,enb_ue50_lb.conf,5.97,5.97,11.94,0.16,0.16,855584,1666612,855584,15,98.9,0.0,4086465578,850049,61705,-1
1787028002.000,2026-08-18T04:40:02.000Z,gnb2,post,12.549,23.37,1,2026-08-18T04:40:02,0.14,0.15,0.0,0.0,0.0,99.71,64297.0,2037.9,57979.9,62259.1,0.0,0.16,0.14,0.06,18851,33370,2404,0,76,761,225,200,1747,0,27,0,1944915,0,64.0,1419413,0,0.0,0.0,0.0,0.0,0.37,0.0,0.0,0.0,0.0,0.0,1.5,1.13,0.0,0.0,0.0,0.0,0.0,0.0,0.0,0.0,0.37,0.0,0.0,0.0,0.37,0.0,0.0,0.0,5.75,0.0,0.0,0.0,176952,enb_ue50_lb.conf,0.0,0.0,0.0,0.0,0.0,5564,11516,5564,1,0.0,0.0,8485923,0,4,-1
1787028002.000,2026-08-18T04:40:02.000Z,gnb2,post,12.549,23.37,1,2026-08-18T04:40:02,0.14,0.15,0.0,0.0,0.0,99.71,64297.0,2037.9,57979.9,62259.1,0.0,0.16,0.14,0.06,18851,33370,2404,0,76,761,225,200,1747,0,27,0,1944915,0,64.0,1419413,0,0.0,0.0,0.0,0.0,0.37,0.0,0.0,0.0,0.0,0.0,1.5,1.13,0.0,0.0,0.0,0.0,0.0,0.0,0.0,0.0,0.37,0.0,0.0,0.0,0.37,0.0,0.0,0.0,5.75,0.0,0.0,0.0,176953,enb_ue50_lb.conf,4.86,7.47,12.33,0.13,0.2,855584,1666612,855584,15,98.7,0.0,4092297800,862193,61969,-1
1787028005.000,2026-08-18T04:40:05.000Z,gnb2,post,12.549,23.37,1,2026-08-18T04:40:05,0.14,0.12,0.0,0.0,0.0,99.74,64297.0,2039.8,57978.1,62257.2,0.0,0.15,0.14,0.06,18968,33472,2520,0,77,763,237,197,1269,24,20,0,1944916,0,64.0,2383001,0,0.0,0.0,0.0,0.0,0.0,0.0,0.0,0.0,0.0,0.0,1.13,1.5,0.0,0.0,0.0,0.0,0.0,0.0,0.39,0.0,0.75,0.0,0.37,0.0,0.0,0.0,0.0,0.0,4.63,0.0,0.0,0.0,176952,enb_ue50_lb.conf,0.0,0.0,0.0,0.0,0.0,5564,11516,5564,1,0.0,0.0,8485923,0,4,-1
1787028005.000,2026-08-18T04:40:05.000Z,gnb2,post,12.549,23.37,1,2026-08-18T04:40:05,0.14,0.12,0.0,0.0,0.0,99.74,64297.0,2039.8,57978.1,62257.2,0.0,0.15,0.14,0.06,18968,33472,2520,0,77,763,237,197,1269,24,20,0,1944916,0,64.0,2383001,0,0.0,0.0,0.0,0.0,0.0,0.0,0.0,0.0,0.0,0.0,1.13,1.5,0.0,0.0,0.0,0.0,0.0,0.0,0.39,0.0,0.75,0.0,0.37,0.0,0.0,0.0,0.0,0.0,4.63,0.0,0.0,0.0,176953,enb_ue50_lb.conf,5.23,6.73,11.96,0.14,0.18,855584,1666612,855584,15,99.0,0.0,4098108265,862193,62234,-1
1787028007.000,2026-08-18T04:40:07.000Z,gnb2,post,12.549,23.37,1,2026-08-18T04:40:07,0.12,0.15,0.0,0.0,0.0,99.73,64297.0,2037.5,57980.4,62259.5,0.0,0.15,0.14,0.06,18925,33444,2496,0,75,762,247,197,1537,0,24,0,1944918,0,64.0,2345798,0,0.0,0.0,0.0,0.0,0.75,0.0,0.0,0.0,0.0,0.0,1.13,1.5,0.0,0.0,0.0,0.0,0.0,0.0,0.39,0.0,0.37,0.0,0.0,0.0,0.0,0.0,0.0,0.0,3.91,0.0,0.0,0.0,176952,enb_ue50_lb.conf,0.0,0.0,0.0,0.0,0.0,5564,11516,5564,1,0.0,0.0,8485923,0,4,-1
1787028007.000,2026-08-18T04:40:07.000Z,gnb2,post,12.549,23.37,1,2026-08-18T04:40:07,0.12,0.15,0.0,0.0,0.0,99.73,64297.0,2037.5,57980.4,62259.5,0.0,0.15,0.14,0.06,18925,33444,2496,0,75,762,247,197,1537,0,24,0,1944918,0,64.0,2345798,0,0.0,0.0,0.0,0.0,0.75,0.0,0.0,0.0,0.0,0.0,1.13,1.5,0.0,0.0,0.0,0.0,0.0,0.0,0.39,0.0,0.37,0.0,0.0,0.0,0.0,0.0,0.0,0.0,3.91,0.0,0.0,0.0,176953,enb_ue50_lb.conf,4.48,7.85,12.33,0.12,0.21,855584,1666612,855584,15,99.4,0.0,4103883920,862193,62500,-1
1787028010.000,2026-08-18T04:40:10.000Z,gnb2,post,12.549,23.37,1,2026-08-18T04:40:10,0.13,0.15,0.0,0.0,0.0,99.72,64297.0,2038.2,57979.7,62258.8,0.0,0.13,0.13,0.06,18774,33297,2317,0,75,743,223,203,1847,0,27,0,1944919,0,64.0,1775352,0,0.0,0.0,0.0,0.0,0.0,0.0,0.0,0.0,0.0,0.0,1.87,1.49,0.0,0.0,0.0,0.0,0.0,0.0,0.39,0.0,0.0,0.0,0.74,0.0,0.37,0.0,0.0,0.0,5.36,0.0,0.0,0.0,176952,enb_ue50_lb.conf,0.0,0.0,0.0,0.0,0.0,5564,11516,5564,1,0.0,0.0,8485923,0,4,-1
1787028010.000,2026-08-18T04:40:10.000Z,gnb2,post,12.549,23.37,1,2026-08-18T04:40:10,0.13,0.15,0.0,0.0,0.0,99.72,64297.0,2038.2,57979.7,62258.8,0.0,0.13,0.13,0.06,18774,33297,2317,0,75,743,223,203,1847,0,27,0,1944919,0,64.0,1775352,0,0.0,0.0,0.0,0.0,0.0,0.0,0.0,0.0,0.0,0.0,1.87,1.49,0.0,0.0,0.0,0.0,0.0,0.0,0.39,0.0,0.0,0.0,0.74,0.0,0.37,0.0,0.0,0.0,5.36,0.0,0.0,0.0,176953,enb_ue50_lb.conf,5.6,6.72,12.32,0.15,0.18,855584,1666612,855584,15,98.9,0.0,4109631910,862193,62765,-1
1787028013.000,2026-08-18T04:40:13.000Z,gnb2,post,12.549,23.37,1,2026-08-18T04:40:13,0.12,0.18,0.0,0.0,0.0,99.71,64297.0,2038.2,57979.6,62258.8,0.0,0.13,0.13,0.06,18631,33218,2187,0,87,758,179,204,1174,0,17,0,1944920,0,64.0,2334649,0,0.0,0.0,0.0,0.0,0.75,0.0,0.0,0.0,0.0,0.0,1.12,1.13,0.0,0.0,0.37,0.0,0.0,0.0,0.0,0.0,0.75,0.0,0.0,0.0,0.37,0.0,0.0,0.0,5.0,0.0,0.0,0.0,176952,enb_ue50_lb.conf,0.0,0.0,0.0,0.0,0.0,5564,11516,5564,1,0.0,0.0,8485923,0,4,-1
1787028013.000,2026-08-18T04:40:13.000Z,gnb2,post,12.549,23.37,1,2026-08-18T04:40:13,0.12,0.18,0.0,0.0,0.0,99.71,64297.0,2038.2,57979.6,62258.8,0.0,0.13,0.13,0.06,18631,33218,2187,0,87,758,179,204,1174,0,17,0,1944920,0,64.0,2334649,0,0.0,0.0,0.0,0.0,0.75,0.0,0.0,0.0,0.0,0.0,1.12,1.13,0.0,0.0,0.37,0.0,0.0,0.0,0.0,0.0,0.75,0.0,0.0,0.0,0.37,0.0,0.0,0.0,5.0,0.0,0.0,0.0,176953,enb_ue50_lb.conf,3.73,7.84,11.57,0.1,0.21,855584,1666612,855584,15,98.9,0.0,4115385874,862193,63030,-1
1787028015.000,2026-08-18T04:40:15.000Z,gnb2,post,12.549,23.37,1,2026-08-18T04:40:15,0.12,0.14,0.0,0.0,0.0,99.74,64297.0,2039.6,57978.2,62257.4,0.0,0.2,0.15,0.06,18797,33418,2367,0,75,756,205,199,1749,0,26,0,1944922,0,65.0,1677149,0,0.0,0.0,0.0,0.0,0.0,0.0,0.0,0.0,0.0,0.0,1.13,1.87,0.0,0.0,0.37,0.0,0.0,0.0,0.0,0.0,0.74,0.0,0.37,0.0,0.0,0.0,0.0,0.0,4.26,0.0,0.0,0.0,176952,enb_ue50_lb.conf,0.0,0.0,0.0,0.0,0.0,5564,11516,5564,1,0.0,0.0,8485923,0,4,-1
1787028015.000,2026-08-18T04:40:15.000Z,gnb2,post,12.549,23.37,1,2026-08-18T04:40:15,0.12,0.14,0.0,0.0,0.0,99.74,64297.0,2039.6,57978.2,62257.4,0.0,0.2,0.15,0.06,18797,33418,2367,0,75,756,205,199,1749,0,26,0,1944922,0,65.0,1677149,0,0.0,0.0,0.0,0.0,0.0,0.0,0.0,0.0,0.0,0.0,1.13,1.87,0.0,0.0,0.37,0.0,0.0,0.0,0.0,0.0,0.74,0.0,0.37,0.0,0.0,0.0,0.0,0.0,4.26,0.0,0.0,0.0,176953,enb_ue50_lb.conf,5.22,7.09,12.31,0.14,0.19,855584,1666612,855584,15,98.9,0.0,4121159907,862193,63295,-1
